pt1_cam1_X,pt1_cam1_Y,pt2_cam1_X,pt2_cam1_Y,pt3_cam1_X,pt3_cam1_Y
NaN,NaN,NaN,NaN,NaN,NaN
NaN,NaN,NaN,NaN,NaN,NaN
NaN,NaN,NaN,NaN,NaN,NaN
NaN,NaN,NaN,NaN,NaN,NaN
NaN,NaN,NaN,NaN,NaN,NaN
NaN,NaN,NaN,NaN,NaN,NaN
NaN,NaN,NaN,NaN,NaN,NaN
NaN,NaN,NaN,NaN,NaN,NaN
NaN,NaN,NaN,NaN,NaN,NaN
NaN,NaN,NaN,NaN,NaN,NaN
NaN,NaN,NaN,NaN,NaN,NaN
NaN,NaN,NaN,NaN,NaN,NaN
NaN,NaN,NaN,NaN,NaN,NaN
NaN,NaN,NaN,NaN,NaN,NaN
NaN,NaN,NaN,NaN,NaN,NaN
NaN,NaN,NaN,NaN,NaN,NaN
NaN,NaN,NaN,NaN,NaN,NaN
NaN,NaN,NaN,NaN,NaN,NaN
NaN,NaN,NaN,NaN,NaN,NaN
NaN,NaN,NaN,NaN,NaN,NaN
NaN,NaN,NaN,NaN,NaN,NaN
NaN,NaN,NaN,NaN,NaN,NaN
NaN,NaN,NaN,NaN,NaN,NaN
NaN,NaN,NaN,NaN,NaN,NaN
NaN,NaN,NaN,NaN,NaN,NaN
NaN,NaN,NaN,NaN,NaN,NaN
NaN,NaN,NaN,NaN,NaN,NaN
NaN,NaN,NaN,NaN,NaN,NaN
NaN,NaN,NaN,NaN,NaN,NaN
NaN,NaN,NaN,NaN,NaN,NaN
NaN,NaN,NaN,NaN,NaN,NaN
NaN,NaN,NaN,NaN,NaN,NaN
NaN,NaN,NaN,NaN,NaN,NaN
NaN,NaN,NaN,NaN,NaN,NaN
NaN,NaN,NaN,NaN,NaN,NaN
NaN,NaN,NaN,NaN,NaN,NaN
NaN,NaN,NaN,NaN,NaN,NaN
NaN,NaN,NaN,NaN,NaN,NaN
NaN,NaN,NaN,NaN,NaN,NaN
NaN,NaN,NaN,NaN,NaN,NaN
NaN,NaN,NaN,NaN,NaN,NaN
NaN,NaN,NaN,NaN,NaN,NaN
NaN,NaN,NaN,NaN,NaN,NaN
NaN,NaN,NaN,NaN,NaN,NaN
NaN,NaN,NaN,NaN,NaN,NaN
NaN,NaN,NaN,NaN,NaN,NaN
NaN,NaN,NaN,NaN,NaN,NaN
NaN,NaN,NaN,NaN,NaN,NaN
NaN,NaN,NaN,NaN,NaN,NaN
NaN,NaN,NaN,NaN,NaN,NaN
NaN,NaN,NaN,NaN,NaN,NaN
NaN,NaN,NaN,NaN,NaN,NaN
NaN,NaN,NaN,NaN,NaN,NaN
NaN,NaN,NaN,NaN,NaN,NaN
NaN,NaN,NaN,NaN,NaN,NaN
NaN,NaN,NaN,NaN,NaN,NaN
NaN,NaN,NaN,NaN,NaN,NaN
NaN,NaN,NaN,NaN,NaN,NaN
NaN,NaN,NaN,NaN,NaN,NaN
NaN,NaN,NaN,NaN,NaN,NaN
NaN,NaN,NaN,NaN,NaN,NaN
NaN,NaN,NaN,NaN,NaN,NaN
NaN,NaN,NaN,NaN,NaN,NaN
NaN,NaN,NaN,NaN,NaN,NaN
NaN,NaN,NaN,NaN,NaN,NaN
NaN,NaN,NaN,NaN,NaN,NaN
NaN,NaN,NaN,NaN,NaN,NaN
NaN,NaN,NaN,NaN,NaN,NaN
NaN,NaN,NaN,NaN,NaN,NaN
NaN,NaN,NaN,NaN,NaN,NaN
NaN,NaN,NaN,NaN,NaN,NaN
NaN,NaN,NaN,NaN,NaN,NaN
NaN,NaN,NaN,NaN,NaN,NaN
NaN,NaN,NaN,NaN,NaN,NaN
NaN,NaN,NaN,NaN,NaN,NaN
NaN,NaN,NaN,NaN,NaN,NaN
NaN,NaN,NaN,NaN,NaN,NaN
NaN,NaN,NaN,NaN,NaN,NaN
NaN,NaN,NaN,NaN,NaN,NaN
NaN,NaN,NaN,NaN,NaN,NaN
NaN,NaN,NaN,NaN,NaN,NaN
NaN,NaN,NaN,NaN,NaN,NaN
NaN,NaN,NaN,NaN,NaN,NaN
NaN,NaN,NaN,NaN,NaN,NaN
NaN,NaN,NaN,NaN,NaN,NaN
NaN,NaN,NaN,NaN,NaN,NaN
NaN,NaN,NaN,NaN,NaN,NaN
NaN,NaN,NaN,NaN,NaN,NaN
NaN,NaN,NaN,NaN,NaN,NaN
NaN,NaN,NaN,NaN,NaN,NaN
NaN,NaN,NaN,NaN,NaN,NaN
NaN,NaN,NaN,NaN,NaN,NaN
NaN,NaN,NaN,NaN,NaN,NaN
NaN,NaN,NaN,NaN,NaN,NaN
NaN,NaN,NaN,NaN,NaN,NaN
NaN,NaN,NaN,NaN,NaN,NaN
NaN,NaN,NaN,NaN,NaN,NaN
NaN,NaN,NaN,NaN,NaN,NaN
NaN,NaN,NaN,NaN,NaN,NaN
NaN,NaN,NaN,NaN,NaN,NaN
NaN,NaN,NaN,NaN,NaN,NaN
NaN,NaN,NaN,NaN,NaN,NaN
NaN,NaN,NaN,NaN,NaN,NaN
NaN,NaN,NaN,NaN,NaN,NaN
NaN,NaN,NaN,NaN,NaN,NaN
NaN,NaN,NaN,NaN,NaN,NaN
NaN,NaN,NaN,NaN,NaN,NaN
NaN,NaN,NaN,NaN,NaN,NaN
NaN,NaN,NaN,NaN,NaN,NaN
NaN,NaN,NaN,NaN,NaN,NaN
NaN,NaN,NaN,NaN,NaN,NaN
NaN,NaN,NaN,NaN,NaN,NaN
NaN,NaN,NaN,NaN,NaN,NaN
NaN,NaN,NaN,NaN,NaN,NaN
NaN,NaN,NaN,NaN,NaN,NaN
NaN,NaN,NaN,NaN,NaN,NaN
NaN,NaN,NaN,NaN,NaN,NaN
NaN,NaN,NaN,NaN,NaN,NaN
NaN,NaN,NaN,NaN,NaN,NaN
NaN,NaN,NaN,NaN,NaN,NaN
NaN,NaN,NaN,NaN,NaN,NaN
NaN,NaN,NaN,NaN,NaN,NaN
NaN,NaN,NaN,NaN,NaN,NaN
NaN,NaN,NaN,NaN,NaN,NaN
NaN,NaN,NaN,NaN,NaN,NaN
NaN,NaN,NaN,NaN,NaN,NaN
NaN,NaN,NaN,NaN,NaN,NaN
NaN,NaN,NaN,NaN,NaN,NaN
NaN,NaN,NaN,NaN,NaN,NaN
NaN,NaN,NaN,NaN,NaN,NaN
NaN,NaN,NaN,NaN,NaN,NaN
NaN,NaN,NaN,NaN,NaN,NaN
NaN,NaN,NaN,NaN,NaN,NaN
NaN,NaN,NaN,NaN,NaN,NaN
NaN,NaN,NaN,NaN,NaN,NaN
NaN,NaN,NaN,NaN,NaN,NaN
NaN,NaN,NaN,NaN,NaN,NaN
NaN,NaN,NaN,NaN,NaN,NaN
NaN,NaN,NaN,NaN,NaN,NaN
NaN,NaN,NaN,NaN,NaN,NaN
NaN,NaN,NaN,NaN,NaN,NaN
NaN,NaN,NaN,NaN,NaN,NaN
NaN,NaN,NaN,NaN,NaN,NaN
NaN,NaN,NaN,NaN,NaN,NaN
NaN,NaN,NaN,NaN,NaN,NaN
NaN,NaN,NaN,NaN,NaN,NaN
NaN,NaN,NaN,NaN,NaN,NaN
NaN,NaN,NaN,NaN,NaN,NaN
NaN,NaN,NaN,NaN,NaN,NaN
NaN,NaN,NaN,NaN,NaN,NaN
NaN,NaN,NaN,NaN,NaN,NaN
NaN,NaN,NaN,NaN,NaN,NaN
NaN,NaN,NaN,NaN,NaN,NaN
NaN,NaN,NaN,NaN,NaN,NaN
NaN,NaN,NaN,NaN,NaN,NaN
NaN,NaN,NaN,NaN,NaN,NaN
NaN,NaN,NaN,NaN,NaN,NaN
NaN,NaN,NaN,NaN,NaN,NaN
NaN,NaN,NaN,NaN,NaN,NaN
NaN,NaN,NaN,NaN,NaN,NaN
NaN,NaN,NaN,NaN,NaN,NaN
NaN,NaN,NaN,NaN,NaN,NaN
NaN,NaN,NaN,NaN,NaN,NaN
NaN,NaN,NaN,NaN,NaN,NaN
NaN,NaN,NaN,NaN,NaN,NaN
NaN,NaN,NaN,NaN,NaN,NaN
NaN,NaN,NaN,NaN,NaN,NaN
NaN,NaN,NaN,NaN,NaN,NaN
NaN,NaN,NaN,NaN,NaN,NaN
NaN,NaN,NaN,NaN,NaN,NaN
NaN,NaN,NaN,NaN,NaN,NaN
NaN,NaN,NaN,NaN,NaN,NaN
NaN,NaN,NaN,NaN,NaN,NaN
NaN,NaN,NaN,NaN,NaN,NaN
NaN,NaN,NaN,NaN,NaN,NaN
NaN,NaN,NaN,NaN,NaN,NaN
NaN,NaN,NaN,NaN,NaN,NaN
NaN,NaN,NaN,NaN,NaN,NaN
NaN,NaN,NaN,NaN,NaN,NaN
NaN,NaN,NaN,NaN,NaN,NaN
NaN,NaN,NaN,NaN,NaN,NaN
NaN,NaN,NaN,NaN,NaN,NaN
NaN,NaN,NaN,NaN,NaN,NaN
NaN,NaN,NaN,NaN,NaN,NaN
NaN,NaN,NaN,NaN,NaN,NaN
NaN,NaN,NaN,NaN,NaN,NaN
NaN,NaN,NaN,NaN,NaN,NaN
NaN,NaN,NaN,NaN,NaN,NaN
NaN,NaN,NaN,NaN,NaN,NaN
NaN,NaN,NaN,NaN,NaN,NaN
NaN,NaN,NaN,NaN,NaN,NaN
NaN,NaN,NaN,NaN,NaN,NaN
NaN,NaN,NaN,NaN,NaN,NaN
NaN,NaN,NaN,NaN,NaN,NaN
NaN,NaN,NaN,NaN,NaN,NaN
NaN,NaN,NaN,NaN,NaN,NaN
NaN,NaN,NaN,NaN,NaN,NaN
NaN,NaN,NaN,NaN,NaN,NaN
NaN,NaN,NaN,NaN,NaN,NaN
NaN,NaN,NaN,NaN,NaN,NaN
NaN,NaN,NaN,NaN,NaN,NaN
NaN,NaN,NaN,NaN,NaN,NaN
NaN,NaN,NaN,NaN,NaN,NaN
NaN,NaN,NaN,NaN,NaN,NaN
NaN,NaN,NaN,NaN,NaN,NaN
NaN,NaN,NaN,NaN,NaN,NaN
NaN,NaN,NaN,NaN,NaN,NaN
NaN,NaN,NaN,NaN,NaN,NaN
NaN,NaN,NaN,NaN,NaN,NaN
NaN,NaN,NaN,NaN,NaN,NaN
NaN,NaN,NaN,NaN,NaN,NaN
NaN,NaN,NaN,NaN,NaN,NaN
NaN,NaN,NaN,NaN,NaN,NaN
NaN,NaN,NaN,NaN,NaN,NaN
NaN,NaN,NaN,NaN,NaN,NaN
NaN,NaN,NaN,NaN,NaN,NaN
NaN,NaN,NaN,NaN,NaN,NaN
NaN,NaN,NaN,NaN,NaN,NaN
NaN,NaN,NaN,NaN,NaN,NaN
NaN,NaN,NaN,NaN,NaN,NaN
NaN,NaN,NaN,NaN,NaN,NaN
NaN,NaN,NaN,NaN,NaN,NaN
NaN,NaN,NaN,NaN,NaN,NaN
NaN,NaN,NaN,NaN,NaN,NaN
NaN,NaN,NaN,NaN,NaN,NaN
NaN,NaN,NaN,NaN,NaN,NaN
NaN,NaN,NaN,NaN,NaN,NaN
NaN,NaN,NaN,NaN,NaN,NaN
NaN,NaN,NaN,NaN,NaN,NaN
NaN,NaN,NaN,NaN,NaN,NaN
NaN,NaN,NaN,NaN,NaN,NaN
NaN,NaN,NaN,NaN,NaN,NaN
NaN,NaN,NaN,NaN,NaN,NaN
NaN,NaN,NaN,NaN,NaN,NaN
NaN,NaN,NaN,NaN,NaN,NaN
NaN,NaN,NaN,NaN,NaN,NaN
NaN,NaN,NaN,NaN,NaN,NaN
NaN,NaN,NaN,NaN,NaN,NaN
NaN,NaN,NaN,NaN,NaN,NaN
NaN,NaN,NaN,NaN,NaN,NaN
NaN,NaN,NaN,NaN,NaN,NaN
NaN,NaN,NaN,NaN,NaN,NaN
NaN,NaN,NaN,NaN,NaN,NaN
NaN,NaN,NaN,NaN,NaN,NaN
NaN,NaN,NaN,NaN,NaN,NaN
NaN,NaN,NaN,NaN,NaN,NaN
NaN,NaN,NaN,NaN,NaN,NaN
NaN,NaN,NaN,NaN,NaN,NaN
NaN,NaN,NaN,NaN,NaN,NaN
NaN,NaN,NaN,NaN,NaN,NaN
NaN,NaN,NaN,NaN,NaN,NaN
NaN,NaN,NaN,NaN,NaN,NaN
NaN,NaN,NaN,NaN,NaN,NaN
NaN,NaN,NaN,NaN,NaN,NaN
NaN,NaN,NaN,NaN,NaN,NaN
NaN,NaN,NaN,NaN,NaN,NaN
NaN,NaN,NaN,NaN,NaN,NaN
NaN,NaN,NaN,NaN,NaN,NaN
NaN,NaN,NaN,NaN,NaN,NaN
NaN,NaN,NaN,NaN,NaN,NaN
NaN,NaN,NaN,NaN,NaN,NaN
NaN,NaN,NaN,NaN,NaN,NaN
NaN,NaN,NaN,NaN,NaN,NaN
NaN,NaN,NaN,NaN,NaN,NaN
NaN,NaN,NaN,NaN,NaN,NaN
NaN,NaN,NaN,NaN,NaN,NaN
NaN,NaN,NaN,NaN,NaN,NaN
NaN,NaN,NaN,NaN,NaN,NaN
NaN,NaN,NaN,NaN,NaN,NaN
NaN,NaN,NaN,NaN,NaN,NaN
NaN,NaN,NaN,NaN,NaN,NaN
NaN,NaN,NaN,NaN,NaN,NaN
NaN,NaN,NaN,NaN,NaN,NaN
NaN,NaN,NaN,NaN,NaN,NaN
NaN,NaN,NaN,NaN,NaN,NaN
NaN,NaN,NaN,NaN,NaN,NaN
NaN,NaN,NaN,NaN,NaN,NaN
NaN,NaN,NaN,NaN,NaN,NaN
NaN,NaN,NaN,NaN,NaN,NaN
NaN,NaN,NaN,NaN,NaN,NaN
NaN,NaN,NaN,NaN,NaN,NaN
NaN,NaN,NaN,NaN,NaN,NaN
NaN,NaN,NaN,NaN,NaN,NaN
NaN,NaN,NaN,NaN,NaN,NaN
NaN,NaN,NaN,NaN,NaN,NaN
NaN,NaN,NaN,NaN,NaN,NaN
NaN,NaN,NaN,NaN,NaN,NaN
NaN,NaN,NaN,NaN,NaN,NaN
NaN,NaN,NaN,NaN,NaN,NaN
NaN,NaN,NaN,NaN,NaN,NaN
NaN,NaN,NaN,NaN,NaN,NaN
NaN,NaN,NaN,NaN,NaN,NaN
NaN,NaN,NaN,NaN,NaN,NaN
NaN,NaN,NaN,NaN,NaN,NaN
NaN,NaN,NaN,NaN,NaN,NaN
NaN,NaN,NaN,NaN,NaN,NaN
NaN,NaN,NaN,NaN,NaN,NaN
NaN,NaN,NaN,NaN,NaN,NaN
NaN,NaN,NaN,NaN,NaN,NaN
NaN,NaN,NaN,NaN,NaN,NaN
NaN,NaN,NaN,NaN,NaN,NaN
NaN,NaN,NaN,NaN,NaN,NaN
NaN,NaN,NaN,NaN,NaN,NaN
NaN,NaN,NaN,NaN,NaN,NaN
NaN,NaN,NaN,NaN,NaN,NaN
NaN,NaN,NaN,NaN,NaN,NaN
NaN,NaN,NaN,NaN,NaN,NaN
NaN,NaN,NaN,NaN,NaN,NaN
NaN,NaN,NaN,NaN,NaN,NaN
NaN,NaN,NaN,NaN,NaN,NaN
NaN,NaN,NaN,NaN,NaN,NaN
NaN,NaN,NaN,NaN,NaN,NaN
NaN,NaN,NaN,NaN,NaN,NaN
NaN,NaN,NaN,NaN,NaN,NaN
NaN,NaN,NaN,NaN,NaN,NaN
NaN,NaN,NaN,NaN,NaN,NaN
NaN,NaN,NaN,NaN,NaN,NaN
NaN,NaN,NaN,NaN,NaN,NaN
NaN,NaN,NaN,NaN,NaN,NaN
NaN,NaN,NaN,NaN,NaN,NaN
NaN,NaN,NaN,NaN,NaN,NaN
NaN,NaN,NaN,NaN,NaN,NaN
NaN,NaN,NaN,NaN,NaN,NaN
NaN,NaN,NaN,NaN,NaN,NaN
NaN,NaN,NaN,NaN,NaN,NaN
NaN,NaN,NaN,NaN,NaN,NaN
NaN,NaN,NaN,NaN,NaN,NaN
NaN,NaN,NaN,NaN,NaN,NaN
NaN,NaN,NaN,NaN,NaN,NaN
NaN,NaN,NaN,NaN,NaN,NaN
NaN,NaN,NaN,NaN,NaN,NaN
NaN,NaN,NaN,NaN,NaN,NaN
NaN,NaN,NaN,NaN,NaN,NaN
NaN,NaN,NaN,NaN,NaN,NaN
NaN,NaN,NaN,NaN,NaN,NaN
NaN,NaN,NaN,NaN,NaN,NaN
NaN,NaN,NaN,NaN,NaN,NaN
NaN,NaN,NaN,NaN,NaN,NaN
NaN,NaN,NaN,NaN,NaN,NaN
NaN,NaN,NaN,NaN,NaN,NaN
NaN,NaN,NaN,NaN,NaN,NaN
NaN,NaN,NaN,NaN,NaN,NaN
NaN,NaN,NaN,NaN,NaN,NaN
NaN,NaN,NaN,NaN,NaN,NaN
NaN,NaN,NaN,NaN,NaN,NaN
NaN,NaN,NaN,NaN,NaN,NaN
NaN,NaN,NaN,NaN,NaN,NaN
NaN,NaN,NaN,NaN,NaN,NaN
NaN,NaN,NaN,NaN,NaN,NaN
NaN,NaN,NaN,NaN,NaN,NaN
NaN,NaN,NaN,NaN,NaN,NaN
NaN,NaN,NaN,NaN,NaN,NaN
NaN,NaN,NaN,NaN,NaN,NaN
NaN,NaN,NaN,NaN,NaN,NaN
NaN,NaN,NaN,NaN,NaN,NaN
NaN,NaN,NaN,NaN,NaN,NaN
NaN,NaN,NaN,NaN,NaN,NaN
NaN,NaN,NaN,NaN,NaN,NaN
NaN,NaN,NaN,NaN,NaN,NaN
NaN,NaN,NaN,NaN,NaN,NaN
NaN,NaN,NaN,NaN,NaN,NaN
NaN,NaN,NaN,NaN,NaN,NaN
NaN,NaN,NaN,NaN,NaN,NaN
NaN,NaN,NaN,NaN,NaN,NaN
NaN,NaN,NaN,NaN,NaN,NaN
NaN,NaN,NaN,NaN,NaN,NaN
NaN,NaN,NaN,NaN,NaN,NaN
NaN,NaN,NaN,NaN,NaN,NaN
NaN,NaN,NaN,NaN,NaN,NaN
NaN,NaN,NaN,NaN,NaN,NaN
NaN,NaN,NaN,NaN,NaN,NaN
NaN,NaN,NaN,NaN,NaN,NaN
NaN,NaN,NaN,NaN,NaN,NaN
NaN,NaN,NaN,NaN,NaN,NaN
NaN,NaN,NaN,NaN,NaN,NaN
NaN,NaN,NaN,NaN,NaN,NaN
NaN,NaN,NaN,NaN,NaN,NaN
NaN,NaN,NaN,NaN,NaN,NaN
NaN,NaN,NaN,NaN,NaN,NaN
NaN,NaN,NaN,NaN,NaN,NaN
NaN,NaN,NaN,NaN,NaN,NaN
NaN,NaN,NaN,NaN,NaN,NaN
NaN,NaN,NaN,NaN,NaN,NaN
NaN,NaN,NaN,NaN,NaN,NaN
NaN,NaN,NaN,NaN,NaN,NaN
NaN,NaN,NaN,NaN,NaN,NaN
NaN,NaN,NaN,NaN,NaN,NaN
NaN,NaN,NaN,NaN,NaN,NaN
NaN,NaN,NaN,NaN,NaN,NaN
NaN,NaN,NaN,NaN,NaN,NaN
NaN,NaN,NaN,NaN,NaN,NaN
NaN,NaN,NaN,NaN,NaN,NaN
NaN,NaN,NaN,NaN,NaN,NaN
NaN,NaN,NaN,NaN,NaN,NaN
NaN,NaN,NaN,NaN,NaN,NaN
NaN,NaN,NaN,NaN,NaN,NaN
NaN,NaN,NaN,NaN,NaN,NaN
NaN,NaN,NaN,NaN,NaN,NaN
NaN,NaN,NaN,NaN,NaN,NaN
NaN,NaN,NaN,NaN,NaN,NaN
NaN,NaN,NaN,NaN,NaN,NaN
NaN,NaN,NaN,NaN,NaN,NaN
NaN,NaN,NaN,NaN,NaN,NaN
NaN,NaN,NaN,NaN,NaN,NaN
NaN,NaN,NaN,NaN,NaN,NaN
NaN,NaN,NaN,NaN,NaN,NaN
NaN,NaN,NaN,NaN,NaN,NaN
NaN,NaN,NaN,NaN,NaN,NaN
NaN,NaN,NaN,NaN,NaN,NaN
NaN,NaN,NaN,NaN,NaN,NaN
NaN,NaN,NaN,NaN,NaN,NaN
NaN,NaN,NaN,NaN,NaN,NaN
NaN,NaN,NaN,NaN,NaN,NaN
NaN,NaN,NaN,NaN,NaN,NaN
NaN,NaN,NaN,NaN,NaN,NaN
NaN,NaN,NaN,NaN,NaN,NaN
NaN,NaN,NaN,NaN,NaN,NaN
NaN,NaN,NaN,NaN,NaN,NaN
NaN,NaN,NaN,NaN,NaN,NaN
NaN,NaN,NaN,NaN,NaN,NaN
NaN,NaN,NaN,NaN,NaN,NaN
NaN,NaN,NaN,NaN,NaN,NaN
NaN,NaN,NaN,NaN,NaN,NaN
NaN,NaN,NaN,NaN,NaN,NaN
NaN,NaN,NaN,NaN,NaN,NaN
NaN,NaN,NaN,NaN,NaN,NaN
NaN,NaN,NaN,NaN,NaN,NaN
NaN,NaN,NaN,NaN,NaN,NaN
NaN,NaN,NaN,NaN,NaN,NaN
NaN,NaN,NaN,NaN,NaN,NaN
NaN,NaN,NaN,NaN,NaN,NaN
NaN,NaN,NaN,NaN,NaN,NaN
NaN,NaN,NaN,NaN,NaN,NaN
NaN,NaN,NaN,NaN,NaN,NaN
NaN,NaN,NaN,NaN,NaN,NaN
NaN,NaN,NaN,NaN,NaN,NaN
NaN,NaN,NaN,NaN,NaN,NaN
NaN,NaN,NaN,NaN,NaN,NaN
NaN,NaN,NaN,NaN,NaN,NaN
NaN,NaN,NaN,NaN,NaN,NaN
NaN,NaN,NaN,NaN,NaN,NaN
NaN,NaN,NaN,NaN,NaN,NaN
NaN,NaN,NaN,NaN,NaN,NaN
NaN,NaN,NaN,NaN,NaN,NaN
NaN,NaN,NaN,NaN,NaN,NaN
NaN,NaN,NaN,NaN,NaN,NaN
NaN,NaN,NaN,NaN,NaN,NaN
NaN,NaN,NaN,NaN,NaN,NaN
NaN,NaN,NaN,NaN,NaN,NaN
NaN,NaN,NaN,NaN,NaN,NaN
NaN,NaN,NaN,NaN,NaN,NaN
NaN,NaN,NaN,NaN,NaN,NaN
NaN,NaN,NaN,NaN,NaN,NaN
NaN,NaN,NaN,NaN,NaN,NaN
NaN,NaN,NaN,NaN,NaN,NaN
NaN,NaN,NaN,NaN,NaN,NaN
NaN,NaN,NaN,NaN,NaN,NaN
NaN,NaN,NaN,NaN,NaN,NaN
NaN,NaN,NaN,NaN,NaN,NaN
NaN,NaN,NaN,NaN,NaN,NaN
NaN,NaN,NaN,NaN,NaN,NaN
NaN,NaN,NaN,NaN,NaN,NaN
NaN,NaN,NaN,NaN,NaN,NaN
NaN,NaN,NaN,NaN,NaN,NaN
NaN,NaN,NaN,NaN,NaN,NaN
NaN,NaN,NaN,NaN,NaN,NaN
NaN,NaN,NaN,NaN,NaN,NaN
NaN,NaN,NaN,NaN,NaN,NaN
NaN,NaN,NaN,NaN,NaN,NaN
NaN,NaN,NaN,NaN,NaN,NaN
NaN,NaN,NaN,NaN,NaN,NaN
NaN,NaN,NaN,NaN,NaN,NaN
NaN,NaN,NaN,NaN,NaN,NaN
NaN,NaN,NaN,NaN,NaN,NaN
NaN,NaN,NaN,NaN,NaN,NaN
NaN,NaN,NaN,NaN,NaN,NaN
NaN,NaN,NaN,NaN,NaN,NaN
NaN,NaN,NaN,NaN,NaN,NaN
NaN,NaN,NaN,NaN,NaN,NaN
NaN,NaN,NaN,NaN,NaN,NaN
NaN,NaN,NaN,NaN,NaN,NaN
NaN,NaN,NaN,NaN,NaN,NaN
NaN,NaN,NaN,NaN,NaN,NaN
NaN,NaN,NaN,NaN,NaN,NaN
NaN,NaN,340.489243,290.764373,NaN,NaN
NaN,NaN,340.000000,291.000000,NaN,NaN
NaN,NaN,340.000000,291.000000,NaN,NaN
NaN,NaN,340.000000,291.000000,NaN,NaN
NaN,NaN,340.000000,291.020000,NaN,NaN
NaN,NaN,340.000000,291.010000,NaN,NaN
NaN,NaN,340.000000,291.010000,NaN,NaN
NaN,NaN,340.000000,291.010000,NaN,NaN
NaN,NaN,340.000000,291.010000,NaN,NaN
NaN,NaN,340.010000,291.000000,NaN,NaN
NaN,NaN,340.000000,291.010000,NaN,NaN
NaN,NaN,340.000000,291.010000,NaN,NaN
NaN,NaN,340.000000,291.000000,NaN,NaN
NaN,NaN,339.990000,291.000000,NaN,NaN
NaN,NaN,339.990000,291.000000,NaN,NaN
NaN,NaN,340.000000,291.000000,NaN,NaN
NaN,NaN,339.990000,291.000000,NaN,NaN
NaN,NaN,339.990000,290.990000,NaN,NaN
NaN,NaN,339.990000,291.000000,NaN,NaN
NaN,NaN,339.990000,291.000000,NaN,NaN
NaN,NaN,340.000000,291.000000,NaN,NaN
NaN,NaN,340.000000,291.010000,NaN,NaN
NaN,NaN,340.000000,291.000000,NaN,NaN
NaN,NaN,339.990000,291.000000,NaN,NaN
NaN,NaN,339.990000,291.010000,NaN,NaN
NaN,NaN,339.990000,291.000000,NaN,NaN
NaN,NaN,340.000000,291.020000,NaN,NaN
NaN,NaN,339.990000,291.030000,NaN,NaN
NaN,NaN,340.000000,291.020000,NaN,NaN
NaN,NaN,340.000000,291.010000,NaN,NaN
NaN,NaN,340.000000,291.010000,NaN,NaN
NaN,NaN,340.000000,291.020000,NaN,NaN
NaN,NaN,340.000000,291.030000,NaN,NaN
NaN,NaN,340.000000,291.020000,NaN,NaN
NaN,NaN,340.000000,291.000000,NaN,NaN
NaN,NaN,339.990000,291.020000,NaN,NaN
NaN,NaN,339.990000,291.020000,NaN,NaN
NaN,NaN,339.990000,291.020000,NaN,NaN
NaN,NaN,340.000000,291.010000,NaN,NaN
NaN,NaN,340.000000,291.030000,NaN,NaN
NaN,NaN,340.000000,291.020000,NaN,NaN
NaN,NaN,339.990000,291.020000,NaN,NaN
NaN,NaN,339.990000,291.020000,NaN,NaN
NaN,NaN,340.000000,291.010000,NaN,NaN
NaN,NaN,340.000000,291.020000,NaN,NaN
NaN,NaN,339.990000,291.020000,NaN,NaN
NaN,NaN,339.990000,291.020000,NaN,NaN
NaN,NaN,340.000000,291.020000,NaN,NaN
NaN,NaN,340.000000,291.020000,NaN,NaN
NaN,NaN,340.000000,291.010000,NaN,NaN
NaN,NaN,340.000000,291.020000,NaN,NaN
NaN,NaN,340.000000,291.010000,NaN,NaN
NaN,NaN,340.000000,291.030000,NaN,NaN
NaN,NaN,340.000000,291.020000,NaN,NaN
NaN,NaN,340.000000,291.030000,NaN,NaN
NaN,NaN,340.000000,291.020000,NaN,NaN
NaN,NaN,339.990000,291.020000,NaN,NaN
NaN,NaN,339.990000,291.030000,NaN,NaN
NaN,NaN,339.980000,291.030000,NaN,NaN
NaN,NaN,339.990000,291.030000,NaN,NaN
NaN,NaN,340.000000,291.020000,NaN,NaN
NaN,NaN,339.990000,291.030000,NaN,NaN
NaN,NaN,340.000000,291.030000,NaN,NaN
NaN,NaN,339.990000,291.030000,NaN,NaN
NaN,NaN,339.990000,291.030000,NaN,NaN
NaN,NaN,339.980000,291.030000,NaN,NaN
NaN,NaN,339.990000,291.040000,NaN,NaN
NaN,NaN,339.990000,291.030000,NaN,NaN
NaN,NaN,340.000000,291.030000,NaN,NaN
NaN,NaN,340.000000,291.030000,NaN,NaN
NaN,NaN,339.990000,291.030000,NaN,NaN
NaN,NaN,339.990000,291.030000,NaN,NaN
NaN,NaN,339.990000,291.030000,NaN,NaN
NaN,NaN,339.990000,291.030000,NaN,NaN
NaN,NaN,339.990000,291.030000,NaN,NaN
NaN,NaN,339.990000,291.040000,NaN,NaN
NaN,NaN,340.000000,291.040000,NaN,NaN
NaN,NaN,339.990000,291.030000,NaN,NaN
NaN,NaN,340.000000,291.030000,NaN,NaN
NaN,NaN,340.000000,291.030000,NaN,NaN
NaN,NaN,339.980000,291.030000,NaN,NaN
NaN,NaN,339.990000,291.050000,NaN,NaN
NaN,NaN,340.000000,291.050000,NaN,NaN
NaN,NaN,340.000000,291.040000,NaN,NaN
NaN,NaN,339.990000,291.050000,NaN,NaN
NaN,NaN,339.990000,291.040000,NaN,NaN
NaN,NaN,340.000000,291.060000,NaN,NaN
NaN,NaN,339.980000,291.050000,NaN,NaN
NaN,NaN,339.990000,291.050000,NaN,NaN
NaN,NaN,339.990000,291.050000,NaN,NaN
NaN,NaN,339.990000,291.050000,NaN,NaN
NaN,NaN,339.990000,291.050000,NaN,NaN
NaN,NaN,339.980000,291.040000,NaN,NaN
NaN,NaN,339.990000,291.040000,NaN,NaN
NaN,NaN,339.990000,291.050000,NaN,NaN
NaN,NaN,339.990000,291.050000,NaN,NaN
NaN,NaN,339.990000,291.050000,NaN,NaN
NaN,NaN,339.990000,291.060000,NaN,NaN
NaN,NaN,339.980000,291.060000,NaN,NaN
NaN,NaN,339.980000,291.060000,NaN,NaN
NaN,NaN,339.990000,291.060000,NaN,NaN
NaN,NaN,339.980000,291.050000,NaN,NaN
NaN,NaN,339.980000,291.060000,NaN,NaN
NaN,NaN,339.970000,291.070000,NaN,NaN
NaN,NaN,339.980000,291.070000,NaN,NaN
NaN,NaN,339.990000,291.070000,NaN,NaN
NaN,NaN,339.980000,291.060000,NaN,NaN
NaN,NaN,339.980000,291.070000,NaN,NaN
NaN,NaN,339.980000,291.060000,NaN,NaN
NaN,NaN,339.980000,291.070000,NaN,NaN
NaN,NaN,339.980000,291.060000,NaN,NaN
NaN,NaN,339.970000,291.070000,NaN,NaN
NaN,NaN,339.970000,291.060000,NaN,NaN
NaN,NaN,339.970000,291.070000,NaN,NaN
NaN,NaN,339.980000,291.070000,NaN,NaN
NaN,NaN,339.980000,291.070000,NaN,NaN
NaN,NaN,339.990000,291.070000,NaN,NaN
NaN,NaN,339.980000,291.070000,NaN,NaN
NaN,NaN,339.990000,291.060000,NaN,NaN
NaN,NaN,339.980000,291.060000,NaN,NaN
NaN,NaN,339.980000,291.070000,NaN,NaN
NaN,NaN,339.970000,291.070000,NaN,NaN
NaN,NaN,339.980000,291.080000,NaN,NaN
NaN,NaN,339.980000,291.070000,NaN,NaN
NaN,NaN,339.970000,291.070000,NaN,NaN
NaN,NaN,339.980000,291.080000,NaN,NaN
NaN,NaN,339.970000,291.090000,NaN,NaN
NaN,NaN,339.980000,291.080000,NaN,NaN
NaN,NaN,339.980000,291.080000,NaN,NaN
NaN,NaN,339.990000,291.070000,NaN,NaN
NaN,NaN,339.990000,291.070000,NaN,NaN
NaN,NaN,339.970000,291.090000,NaN,NaN
NaN,NaN,339.980000,291.080000,NaN,NaN
NaN,NaN,339.980000,291.080000,NaN,NaN
NaN,NaN,339.980000,291.090000,NaN,NaN
NaN,NaN,339.980000,291.100000,NaN,NaN
NaN,NaN,339.970000,291.090000,NaN,NaN
NaN,NaN,339.980000,291.080000,NaN,NaN
NaN,NaN,339.990000,291.090000,NaN,NaN
NaN,NaN,339.980000,291.080000,NaN,NaN
NaN,NaN,339.980000,291.090000,NaN,NaN
NaN,NaN,339.960000,291.080000,NaN,NaN
NaN,NaN,339.970000,291.090000,NaN,NaN
NaN,NaN,339.970000,291.090000,NaN,NaN
NaN,NaN,339.970000,291.100000,NaN,NaN
NaN,NaN,339.970000,291.100000,NaN,NaN
NaN,NaN,339.980000,291.100000,NaN,NaN
NaN,NaN,339.970000,291.090000,NaN,NaN
NaN,NaN,339.970000,291.080000,NaN,NaN
NaN,NaN,339.980000,291.080000,NaN,NaN
NaN,NaN,339.980000,291.090000,NaN,NaN
NaN,NaN,339.970000,291.090000,NaN,NaN
NaN,NaN,339.980000,291.090000,NaN,NaN
NaN,NaN,339.970000,291.090000,NaN,NaN
NaN,NaN,339.970000,291.090000,NaN,NaN
NaN,NaN,339.960000,291.100000,NaN,NaN
NaN,NaN,339.960000,291.090000,NaN,NaN
NaN,NaN,339.980000,291.090000,NaN,NaN
NaN,NaN,339.970000,291.090000,NaN,NaN
NaN,NaN,339.980000,291.100000,NaN,NaN
NaN,NaN,339.980000,291.100000,NaN,NaN
NaN,NaN,339.990000,291.090000,NaN,NaN
NaN,NaN,339.990000,291.090000,NaN,NaN
NaN,NaN,339.980000,291.120000,NaN,NaN
NaN,NaN,339.990000,291.110000,NaN,NaN
NaN,NaN,339.970000,291.100000,NaN,NaN
NaN,NaN,339.980000,291.100000,NaN,NaN
NaN,NaN,339.980000,291.100000,NaN,NaN
NaN,NaN,339.970000,291.110000,NaN,NaN
NaN,NaN,339.970000,291.110000,NaN,NaN
NaN,NaN,339.980000,291.090000,NaN,NaN
NaN,NaN,339.980000,291.100000,NaN,NaN
NaN,NaN,339.980000,291.090000,NaN,NaN
NaN,NaN,339.980000,291.100000,NaN,NaN
NaN,NaN,339.980000,291.100000,NaN,NaN
NaN,NaN,339.980000,291.100000,NaN,NaN
NaN,NaN,339.980000,291.110000,NaN,NaN
NaN,NaN,339.970000,291.110000,NaN,NaN
NaN,NaN,339.970000,291.100000,NaN,NaN
NaN,NaN,339.970000,291.100000,NaN,NaN
NaN,NaN,339.970000,291.100000,NaN,NaN
NaN,NaN,339.980000,291.100000,NaN,NaN
NaN,NaN,339.980000,291.100000,NaN,NaN
NaN,NaN,339.980000,291.100000,NaN,NaN
NaN,NaN,339.980000,291.100000,NaN,NaN
NaN,NaN,339.970000,291.090000,NaN,NaN
NaN,NaN,339.960000,291.090000,NaN,NaN
NaN,NaN,339.970000,291.100000,NaN,NaN
NaN,NaN,339.970000,291.090000,NaN,NaN
NaN,NaN,339.980000,291.090000,NaN,NaN
NaN,NaN,339.980000,291.100000,NaN,NaN
NaN,NaN,339.980000,291.100000,NaN,NaN
NaN,NaN,339.970000,291.100000,NaN,NaN
NaN,NaN,339.970000,291.110000,NaN,NaN
NaN,NaN,339.970000,291.110000,NaN,NaN
NaN,NaN,339.970000,291.110000,NaN,NaN
NaN,NaN,339.980000,291.110000,NaN,NaN
NaN,NaN,339.970000,291.100000,NaN,NaN
NaN,NaN,339.970000,291.100000,NaN,NaN
NaN,NaN,339.970000,291.090000,NaN,NaN
NaN,NaN,339.970000,291.090000,NaN,NaN
NaN,NaN,339.970000,291.100000,NaN,NaN
NaN,NaN,339.980000,291.090000,NaN,NaN
NaN,NaN,339.980000,291.090000,NaN,NaN
NaN,NaN,339.980000,291.100000,NaN,NaN
NaN,NaN,339.980000,291.090000,NaN,NaN
NaN,NaN,339.990000,291.080000,NaN,NaN
NaN,NaN,339.990000,291.100000,NaN,NaN
NaN,NaN,339.990000,291.110000,NaN,NaN
NaN,NaN,339.980000,291.110000,NaN,NaN
NaN,NaN,339.990000,291.100000,NaN,NaN
NaN,NaN,339.980000,291.120000,NaN,NaN
NaN,NaN,339.980000,291.110000,NaN,NaN
NaN,NaN,339.980000,291.110000,NaN,NaN
NaN,NaN,339.990000,291.100000,NaN,NaN
NaN,NaN,339.990000,291.110000,NaN,NaN
NaN,NaN,339.990000,291.110000,NaN,NaN
NaN,NaN,340.000000,291.090000,NaN,NaN
NaN,NaN,339.990000,291.100000,NaN,NaN
NaN,NaN,339.990000,291.110000,NaN,NaN
NaN,NaN,339.990000,291.120000,NaN,NaN
NaN,NaN,339.970000,291.090000,NaN,NaN
NaN,NaN,339.980000,291.080000,NaN,NaN
NaN,NaN,339.990000,291.090000,NaN,NaN
NaN,NaN,339.980000,291.100000,NaN,NaN
NaN,NaN,339.990000,291.080000,NaN,NaN
NaN,NaN,339.980000,291.070000,NaN,NaN
NaN,NaN,339.980000,291.070000,NaN,NaN
NaN,NaN,339.990000,291.080000,NaN,NaN
NaN,NaN,339.990000,291.080000,NaN,NaN
NaN,NaN,339.990000,291.070000,NaN,NaN
NaN,NaN,339.980000,291.080000,NaN,NaN
NaN,NaN,339.980000,291.080000,NaN,NaN
NaN,NaN,339.980000,291.080000,NaN,NaN
NaN,NaN,339.980000,291.080000,NaN,NaN
NaN,NaN,339.980000,291.080000,NaN,NaN
NaN,NaN,339.980000,291.080000,NaN,NaN
NaN,NaN,339.980000,291.090000,NaN,NaN
NaN,NaN,339.980000,291.070000,NaN,NaN
NaN,NaN,339.980000,291.090000,NaN,NaN
NaN,NaN,339.980000,291.070000,NaN,NaN
NaN,NaN,339.980000,291.070000,NaN,NaN
NaN,NaN,339.980000,291.080000,NaN,NaN
NaN,NaN,339.980000,291.080000,NaN,NaN
NaN,NaN,339.970000,291.090000,NaN,NaN
NaN,NaN,339.970000,291.080000,NaN,NaN
NaN,NaN,339.980000,291.080000,NaN,NaN
NaN,NaN,339.980000,291.060000,NaN,NaN
NaN,NaN,339.990000,291.070000,NaN,NaN
NaN,NaN,339.990000,291.070000,NaN,NaN
NaN,NaN,340.000000,291.060000,NaN,NaN
NaN,NaN,339.990000,291.070000,NaN,NaN
NaN,NaN,339.980000,291.060000,NaN,NaN
NaN,NaN,339.980000,291.060000,NaN,NaN
NaN,NaN,339.980000,291.050000,NaN,NaN
NaN,NaN,339.980000,291.060000,NaN,NaN
NaN,NaN,339.980000,291.060000,NaN,NaN
NaN,NaN,339.980000,291.060000,NaN,NaN
NaN,NaN,339.980000,291.060000,NaN,NaN
NaN,NaN,339.980000,291.060000,NaN,NaN
NaN,NaN,339.980000,291.050000,NaN,NaN
NaN,NaN,339.990000,291.060000,NaN,NaN
NaN,NaN,339.980000,291.060000,NaN,NaN
NaN,NaN,339.980000,291.050000,NaN,NaN
NaN,NaN,339.990000,291.070000,NaN,NaN
NaN,NaN,339.980000,291.050000,NaN,NaN
NaN,NaN,339.990000,291.080000,NaN,NaN
NaN,NaN,339.990000,291.060000,NaN,NaN
NaN,NaN,339.990000,291.050000,NaN,NaN
NaN,NaN,339.980000,291.050000,375.874677,334.004296
NaN,NaN,339.990000,291.040000,375.874677,334.004296
NaN,NaN,339.990000,291.050000,375.874677,334.004296
NaN,NaN,339.990000,291.040000,375.874677,334.004296
NaN,NaN,339.990000,291.050000,375.874677,334.004296
NaN,NaN,339.990000,291.040000,375.874677,334.004296
NaN,NaN,339.990000,291.050000,375.874677,334.004296
NaN,NaN,339.990000,291.050000,375.874677,334.004296
NaN,NaN,340.000000,291.050000,375.874677,334.004296
NaN,NaN,339.990000,291.050000,375.874677,334.004296
NaN,NaN,339.990000,291.030000,375.874677,334.004296
NaN,NaN,340.000000,291.030000,375.874677,334.004296
NaN,NaN,339.990000,291.050000,375.874677,334.004296
NaN,NaN,339.980000,291.030000,375.874677,334.004296
NaN,NaN,340.000000,291.030000,375.874677,334.004296
NaN,NaN,340.000000,291.030000,375.874677,334.004296
NaN,NaN,339.990000,291.040000,375.874677,334.004296
NaN,NaN,339.990000,291.030000,375.874677,334.004296
NaN,NaN,339.990000,291.030000,375.874677,334.004296
NaN,NaN,339.990000,291.030000,375.874677,334.004296
NaN,NaN,339.990000,291.020000,375.874677,334.004296
NaN,NaN,340.000000,291.020000,375.874677,334.004296
NaN,NaN,340.000000,291.020000,375.874677,334.004296
NaN,NaN,340.000000,291.030000,375.874677,334.004296
NaN,NaN,340.000000,291.020000,375.874677,334.004296
NaN,NaN,340.000000,291.030000,375.874677,334.004296
NaN,NaN,340.000000,291.020000,375.874677,334.004296
NaN,NaN,340.000000,291.030000,375.874677,334.004296
NaN,NaN,340.000000,291.030000,375.874677,334.004296
NaN,NaN,339.990000,291.030000,375.874677,334.004296
NaN,NaN,339.990000,291.030000,375.874677,334.004296
NaN,NaN,339.990000,291.030000,375.874677,334.004296
NaN,NaN,340.000000,291.030000,375.874677,334.004296
NaN,NaN,340.000000,291.030000,375.874677,334.004296
NaN,NaN,340.000000,291.030000,375.874677,334.004296
NaN,NaN,340.000000,291.020000,375.874677,334.004296
NaN,NaN,340.000000,291.020000,375.874677,334.004296
NaN,NaN,339.990000,291.020000,375.874677,334.004296
NaN,NaN,340.000000,291.030000,375.874677,334.004296
NaN,NaN,339.990000,291.020000,377.235655,333.676721
NaN,NaN,339.990000,291.020000,376.214921,334.004296
NaN,NaN,339.990000,291.020000,376.214921,334.004296
NaN,NaN,340.010000,291.020000,375.874677,334.331871
NaN,NaN,340.000000,291.010000,375.874677,334.331871
NaN,NaN,340.000000,291.010000,375.874677,334.331871
NaN,NaN,340.000000,291.020000,375.874677,334.331871
NaN,NaN,339.990000,291.010000,375.874677,334.331871
NaN,NaN,339.990000,291.010000,375.874677,334.331871
NaN,NaN,340.000000,291.010000,375.874677,334.331871
NaN,NaN,340.000000,291.010000,375.874677,334.331871
NaN,NaN,340.010000,291.010000,375.874677,334.331871
NaN,NaN,340.010000,291.010000,375.874677,334.331871
NaN,NaN,340.010000,291.010000,375.874677,334.331871
NaN,NaN,340.000000,291.000000,375.874677,334.331871
NaN,NaN,340.000000,290.990000,375.874677,334.331871
NaN,NaN,340.000000,291.010000,375.874677,334.331871
NaN,NaN,340.000000,291.000000,375.874677,334.331871
NaN,NaN,340.000000,291.000000,375.874677,334.331871
NaN,NaN,340.000000,290.990000,375.874677,334.331871
NaN,NaN,340.000000,291.000000,375.874677,334.331871
NaN,NaN,340.000000,290.990000,375.874677,334.331871
NaN,NaN,339.990000,291.000000,375.874677,334.331871
NaN,NaN,339.990000,291.000000,375.874677,334.331871
NaN,NaN,339.990000,291.000000,375.874677,334.331871
NaN,NaN,340.000000,291.000000,375.874677,334.331871
NaN,NaN,339.990000,290.990000,375.874677,334.331871
NaN,NaN,340.000000,291.010000,375.874677,334.331871
NaN,NaN,340.000000,291.000000,375.874677,334.331871
NaN,NaN,340.000000,290.990000,375.874677,334.331871
NaN,NaN,340.010000,290.980000,375.874677,334.331871
NaN,NaN,340.010000,290.990000,375.874677,334.331871
NaN,NaN,340.010000,290.980000,375.874677,334.331871
NaN,NaN,340.000000,291.000000,375.874677,334.331871
NaN,NaN,339.990000,290.990000,375.874677,334.331871
NaN,NaN,339.990000,290.990000,375.874677,334.331871
NaN,NaN,340.000000,291.000000,375.874677,334.331871
NaN,NaN,339.980000,291.000000,375.874677,334.331871
NaN,NaN,339.980000,291.000000,375.874677,334.331871
NaN,NaN,339.990000,291.000000,375.874677,334.331871
NaN,NaN,339.990000,290.990000,375.874677,334.331871
NaN,NaN,340.000000,290.990000,375.874677,334.331871
NaN,NaN,339.990000,290.990000,375.874677,334.331871
NaN,NaN,340.000000,291.000000,375.874677,334.331871
NaN,NaN,339.990000,290.990000,375.874677,334.331871
NaN,NaN,339.990000,290.980000,375.874677,334.331871
NaN,NaN,340.000000,290.980000,375.874677,334.331871
NaN,NaN,340.000000,290.980000,375.874677,334.331871
NaN,NaN,340.010000,291.000000,375.874677,334.331871
NaN,NaN,340.010000,290.990000,375.874677,334.331871
NaN,NaN,340.000000,290.990000,375.874677,334.331871
NaN,NaN,340.000000,290.990000,375.874677,334.331871
NaN,NaN,340.000000,290.980000,375.874677,334.331871
NaN,NaN,340.000000,290.990000,375.874677,334.331871
NaN,NaN,340.000000,290.990000,375.874677,334.331871
NaN,NaN,339.990000,290.980000,375.874677,334.331871
NaN,NaN,339.990000,290.980000,375.874677,334.331871
NaN,NaN,340.000000,290.990000,375.874677,334.331871
NaN,NaN,339.990000,290.980000,375.874677,334.331871
NaN,NaN,339.990000,290.980000,375.874677,334.331871
NaN,NaN,339.990000,290.980000,375.874677,334.331871
NaN,NaN,339.990000,290.980000,375.874677,334.331871
NaN,NaN,340.000000,290.980000,375.874677,334.331871
NaN,NaN,339.990000,290.970000,375.874677,334.331871
NaN,NaN,339.990000,290.970000,375.874677,334.331871
NaN,NaN,339.990000,290.990000,375.874677,334.331871
NaN,NaN,339.980000,290.990000,375.874677,334.331871
NaN,NaN,339.980000,290.980000,375.874677,334.331871
NaN,NaN,339.990000,290.960000,375.874677,334.331871
NaN,NaN,339.990000,290.970000,375.874677,334.331871
NaN,NaN,339.990000,290.970000,375.874677,334.331871
NaN,NaN,339.980000,290.980000,375.874677,334.331871
NaN,NaN,339.980000,290.980000,375.874677,334.331871
NaN,NaN,339.980000,290.980000,375.874677,334.331871
NaN,NaN,339.990000,290.960000,375.874677,334.331871
NaN,NaN,339.990000,290.960000,375.874677,334.331871
NaN,NaN,339.990000,290.960000,375.874677,334.331871
NaN,NaN,339.990000,290.970000,375.874677,334.331871
NaN,NaN,340.000000,290.980000,375.874677,334.331871
NaN,NaN,340.000000,290.980000,375.874677,334.331871
NaN,NaN,340.000000,290.980000,375.874677,334.331871
NaN,NaN,339.990000,290.980000,375.874677,334.331871
NaN,NaN,340.000000,290.970000,375.874677,334.331871
NaN,NaN,339.990000,290.960000,375.874677,334.331871
NaN,NaN,340.000000,290.970000,375.874677,334.331871
NaN,NaN,339.990000,290.980000,375.874677,334.331871
NaN,NaN,339.990000,290.970000,375.874677,334.331871
NaN,NaN,339.990000,290.970000,375.874677,334.331871
NaN,NaN,339.990000,290.970000,375.874677,334.331871
NaN,NaN,340.000000,290.970000,375.874677,334.331871
NaN,NaN,340.000000,290.970000,375.874677,334.331871
NaN,NaN,340.000000,290.980000,375.874677,334.331871
NaN,NaN,339.990000,290.980000,375.874677,334.331871
NaN,NaN,339.980000,290.960000,375.874677,334.331871
NaN,NaN,339.980000,290.960000,375.874677,334.331871
NaN,NaN,339.990000,290.960000,375.874677,334.331871
NaN,NaN,339.990000,290.960000,375.874677,334.331871
NaN,NaN,340.000000,290.960000,375.874677,334.331871
NaN,NaN,339.990000,290.970000,375.874677,334.331871
NaN,NaN,340.000000,290.960000,375.874677,334.331871
NaN,NaN,340.000000,290.960000,375.874677,334.331871
NaN,NaN,340.000000,290.970000,375.874677,334.331871
NaN,NaN,340.000000,290.970000,375.874677,334.331871
NaN,NaN,339.990000,290.960000,375.874677,334.331871
NaN,NaN,340.000000,290.970000,375.874677,334.331871
NaN,NaN,340.000000,290.960000,375.874677,334.331871
NaN,NaN,340.000000,290.960000,375.874677,334.331871
NaN,NaN,340.000000,290.950000,375.874677,334.331871
NaN,NaN,339.990000,290.960000,375.874677,334.331871
NaN,NaN,340.000000,290.970000,375.874677,334.331871
NaN,NaN,340.000000,290.950000,375.874677,334.331871
NaN,NaN,340.000000,290.950000,375.874677,334.331871
NaN,NaN,339.990000,290.950000,375.874677,334.331871
NaN,NaN,339.990000,290.950000,375.874677,334.331871
NaN,NaN,340.000000,290.950000,375.874677,334.331871
NaN,NaN,340.010000,290.950000,375.874677,334.331871
NaN,NaN,340.000000,290.960000,375.874677,334.331871
NaN,NaN,340.010000,290.970000,375.874677,334.331871
NaN,NaN,340.010000,290.970000,375.874677,334.331871
NaN,NaN,340.010000,290.960000,375.874677,334.331871
NaN,NaN,340.010000,290.950000,375.874677,334.331871
NaN,NaN,340.000000,290.960000,375.874677,334.331871
NaN,NaN,340.010000,290.960000,375.874677,334.331871
NaN,NaN,340.010000,291.000000,375.874677,334.331871
NaN,NaN,340.000000,290.980000,375.874677,334.331871
NaN,NaN,340.000000,290.980000,375.874677,334.331871
NaN,NaN,340.000000,290.980000,375.874677,334.331871
NaN,NaN,340.010000,290.980000,375.874677,334.331871
NaN,NaN,340.010000,290.970000,375.874677,334.331871
NaN,NaN,340.010000,290.970000,375.874677,334.331871
NaN,NaN,340.000000,290.970000,375.874677,334.331871
NaN,NaN,340.000000,290.970000,375.874677,334.331871
NaN,NaN,339.990000,290.970000,375.874677,334.331871
NaN,NaN,340.010000,290.960000,375.874677,334.331871
NaN,NaN,340.020000,290.960000,375.874677,334.331871
NaN,NaN,340.010000,290.970000,375.874677,334.331871
NaN,NaN,340.000000,290.970000,375.874677,334.331871
NaN,NaN,340.010000,290.970000,375.874677,334.331871
NaN,NaN,340.000000,290.960000,375.874677,334.331871
NaN,NaN,340.000000,290.940000,375.874677,334.331871
NaN,NaN,340.000000,290.940000,375.874677,334.331871
NaN,NaN,340.010000,290.930000,375.874677,334.331871
NaN,NaN,340.010000,290.940000,375.874677,334.331871
NaN,NaN,340.010000,290.950000,375.874677,334.331871
NaN,NaN,340.010000,290.950000,375.874677,334.331871
NaN,NaN,339.990000,290.960000,375.874677,334.331871
NaN,NaN,339.990000,290.950000,375.874677,334.331871
NaN,NaN,339.990000,290.950000,375.874677,334.331871
NaN,NaN,340.000000,290.950000,375.874677,334.331871
NaN,NaN,340.000000,290.950000,375.874677,334.331871
NaN,NaN,340.000000,290.950000,375.874677,334.331871
NaN,NaN,340.000000,290.950000,375.874677,334.659446
NaN,NaN,340.000000,290.940000,375.874677,334.659446
NaN,NaN,340.000000,290.960000,376.555166,335.314596
NaN,NaN,340.010000,290.950000,376.895410,335.969747
NaN,NaN,340.000000,290.940000,376.895410,335.969747
NaN,NaN,339.990000,290.940000,376.895410,335.969747
NaN,NaN,340.000000,290.950000,376.895410,335.969747
NaN,NaN,340.000000,290.950000,376.895410,335.969747
NaN,NaN,340.000000,290.950000,376.895410,335.969747
NaN,NaN,340.010000,290.950000,376.895410,335.969747
NaN,NaN,340.010000,290.950000,376.895410,335.969747
NaN,NaN,340.010000,290.950000,376.895410,335.969747
NaN,NaN,340.010000,290.940000,376.895410,335.969747
NaN,NaN,340.020000,290.940000,376.895410,335.969747
NaN,NaN,340.010000,290.950000,376.895410,335.969747
NaN,NaN,340.020000,290.950000,376.895410,335.969747
NaN,NaN,340.020000,290.940000,376.895410,335.969747
NaN,NaN,340.010000,290.960000,376.895410,335.969747
NaN,NaN,340.020000,290.960000,376.895410,335.969747
NaN,NaN,340.010000,290.960000,376.895410,335.969747
NaN,NaN,340.010000,290.970000,376.895410,335.969747
NaN,NaN,340.010000,290.970000,376.895410,335.969747
NaN,NaN,340.010000,290.950000,376.895410,335.969747
NaN,NaN,340.010000,290.950000,376.895410,335.969747
NaN,NaN,340.020000,290.950000,376.895410,335.969747
NaN,NaN,340.010000,290.940000,376.895410,335.969747
NaN,NaN,340.010000,290.950000,376.895410,335.969747
NaN,NaN,340.000000,290.930000,376.895410,335.969747
NaN,NaN,340.000000,290.950000,376.895410,335.969747
NaN,NaN,339.990000,290.950000,376.895410,335.969747
NaN,NaN,339.990000,290.950000,376.895410,335.969747
NaN,NaN,340.000000,290.960000,376.895410,335.969747
NaN,NaN,340.010000,290.940000,376.895410,335.969747
NaN,NaN,340.010000,290.940000,376.895410,335.969747
NaN,NaN,340.010000,290.950000,376.895410,335.969747
NaN,NaN,340.010000,290.940000,376.895410,335.969747
NaN,NaN,340.010000,290.940000,376.895410,335.969747
NaN,NaN,340.010000,290.930000,376.895410,335.969747
NaN,NaN,340.010000,290.930000,376.895410,335.969747
NaN,NaN,340.020000,290.920000,376.895410,335.969747
NaN,NaN,340.020000,290.930000,376.895410,335.969747
NaN,NaN,340.010000,290.930000,376.895410,335.969747
NaN,NaN,340.010000,290.930000,376.895410,335.969747
NaN,NaN,340.020000,290.930000,376.895410,335.969747
NaN,NaN,340.010000,290.930000,376.895410,335.969747
NaN,NaN,340.020000,290.930000,376.895410,335.969747
NaN,NaN,340.020000,290.930000,376.895410,335.969747
NaN,NaN,340.010000,290.940000,376.895410,335.969747
NaN,NaN,340.020000,290.950000,376.895410,335.969747
NaN,NaN,340.010000,290.950000,376.895410,335.969747
NaN,NaN,340.000000,290.940000,376.895410,335.969747
NaN,NaN,340.000000,290.930000,376.895410,335.969747
NaN,NaN,340.000000,290.930000,376.895410,335.969747
NaN,NaN,340.010000,290.940000,376.895410,335.969747
NaN,NaN,340.010000,290.930000,376.895410,335.969747
NaN,NaN,340.010000,290.940000,376.895410,335.969747
NaN,NaN,340.010000,290.950000,376.895410,335.969747
NaN,NaN,340.020000,290.960000,376.895410,335.969747
NaN,NaN,340.010000,290.950000,376.895410,335.969747
NaN,NaN,340.020000,290.940000,376.895410,335.969747
NaN,NaN,340.030000,290.950000,376.895410,336.624897
NaN,NaN,340.020000,290.960000,376.895410,337.607623
NaN,NaN,340.020000,290.960000,376.895410,337.607623
NaN,NaN,340.030000,290.980000,376.895410,337.607623
NaN,NaN,340.020000,290.970000,376.895410,337.607623
NaN,NaN,340.020000,290.980000,376.895410,337.607623
NaN,NaN,340.020000,290.970000,376.895410,337.607623
NaN,NaN,340.030000,290.970000,376.895410,337.607623
NaN,NaN,340.020000,290.980000,376.895410,337.607623
NaN,NaN,340.020000,290.980000,376.895410,337.607623
NaN,NaN,340.010000,290.990000,376.895410,337.607623
NaN,NaN,340.010000,290.990000,376.895410,337.607623
NaN,NaN,340.010000,291.000000,376.895410,337.607623
NaN,NaN,340.010000,291.010000,376.895410,337.607623
NaN,NaN,340.010000,291.020000,376.895410,337.607623
NaN,NaN,340.000000,291.030000,376.555166,337.935198
NaN,NaN,340.000000,291.030000,376.555166,337.935198
NaN,NaN,340.010000,291.020000,376.555166,337.935198
NaN,NaN,340.010000,291.040000,376.555166,337.935198
NaN,NaN,340.010000,291.050000,376.555166,337.935198
NaN,NaN,340.010000,291.060000,376.555166,337.935198
NaN,NaN,339.990000,291.080000,376.555166,337.935198
NaN,NaN,339.990000,291.100000,376.555166,337.935198
NaN,NaN,339.990000,291.130000,376.555166,337.935198
NaN,NaN,339.990000,291.150000,376.555166,337.935198
NaN,NaN,339.990000,291.170000,376.555166,337.935198
NaN,NaN,339.980000,291.200000,376.555166,337.935198
NaN,NaN,339.980000,291.230000,376.555166,337.935198
NaN,NaN,339.970000,291.280000,376.555166,337.935198
NaN,NaN,339.970000,291.300000,376.555166,337.935198
NaN,NaN,339.960000,291.330000,376.555166,337.935198
NaN,NaN,339.950000,291.390000,376.555166,337.935198
NaN,NaN,339.950000,291.530000,376.555166,337.935198
NaN,NaN,339.920000,291.710000,376.555166,337.935198
NaN,NaN,339.930000,291.760000,376.555166,337.935198
NaN,NaN,339.920000,291.800000,376.555166,337.935198
NaN,NaN,339.900000,291.870000,376.555166,337.935198
NaN,NaN,339.920000,291.910000,376.555166,337.935198
NaN,NaN,339.900000,291.980000,376.555166,337.935198
NaN,NaN,339.880000,292.030000,376.555166,337.935198
NaN,NaN,339.890000,292.080000,376.555166,337.935198
NaN,NaN,339.890000,292.140000,376.555166,337.935198
NaN,NaN,339.870000,292.220000,376.555166,337.935198
NaN,NaN,339.850000,292.310000,376.555166,337.935198
NaN,NaN,339.860000,292.410000,376.555166,337.935198
NaN,NaN,339.830000,292.730000,376.555166,337.935198
NaN,NaN,339.800000,292.870000,376.555166,337.935198
NaN,NaN,339.750000,293.090000,376.555166,337.935198
NaN,NaN,339.780000,293.250000,376.555166,337.935198
NaN,NaN,339.830000,293.550000,376.555166,337.935198
NaN,NaN,339.850000,293.970000,376.555166,337.935198
NaN,NaN,339.850000,294.180000,376.555166,337.935198
NaN,NaN,339.800000,294.320000,376.555166,337.935198
NaN,NaN,339.780000,294.410000,376.555166,337.935198
NaN,NaN,339.700000,294.740000,376.555166,337.935198
NaN,NaN,339.710000,294.830000,376.555166,337.935198
NaN,NaN,339.700000,294.910000,376.555166,337.935198
NaN,NaN,339.660000,294.990000,376.555166,337.935198
NaN,NaN,339.670000,295.050000,376.555166,337.935198
NaN,NaN,339.690000,295.080000,376.555166,337.935198
NaN,NaN,339.690000,295.120000,376.555166,337.935198
NaN,NaN,339.690000,295.180000,376.555166,337.935198
NaN,NaN,339.850000,295.310000,376.555166,337.935198
NaN,NaN,339.830000,295.420000,376.555166,338.917923
NaN,NaN,340.020000,295.920000,376.555166,338.917923
NaN,NaN,340.100000,296.120000,376.555166,338.917923
NaN,NaN,340.790000,296.780000,376.555166,338.917923
NaN,NaN,341.370000,297.180000,376.555166,338.917923
NaN,NaN,341.169732,296.005575,376.555166,338.917923
NaN,NaN,341.010000,296.010000,376.555166,338.917923
NaN,NaN,341.030000,296.070000,376.555166,338.917923
NaN,NaN,341.020000,296.140000,376.555166,338.917923
NaN,NaN,340.489243,298.953752,376.555166,338.917923
NaN,NaN,340.148999,299.281327,376.555166,338.917923
NaN,NaN,340.148999,299.608902,376.555166,338.917923
NaN,NaN,339.808754,299.608902,377.575899,339.573074
NaN,NaN,339.808754,299.608902,377.575899,339.573074
NaN,NaN,339.808754,299.608902,377.575899,339.573074
NaN,NaN,339.128265,301.901929,376.895410,340.555799
NaN,NaN,339.128265,302.229504,376.895410,340.555799
NaN,NaN,339.128265,302.229504,376.895410,340.555799
NaN,NaN,339.128265,302.229504,376.895410,340.555799
NaN,NaN,339.128265,304.194955,376.895410,340.555799
NaN,NaN,339.128265,304.194955,376.895410,340.555799
NaN,NaN,339.128265,304.194955,376.895410,340.555799
NaN,NaN,339.128265,304.522530,377.235655,341.538525
NaN,NaN,339.128265,305.177680,377.235655,341.538525
NaN,NaN,339.128265,305.505255,377.235655,342.848826
NaN,NaN,339.128265,305.505255,377.575899,344.159126
NaN,NaN,339.128265,305.505255,377.575899,344.159126
NaN,NaN,339.128265,306.160406,377.575899,344.159126
NaN,NaN,339.128265,307.798282,378.256388,345.141852
NaN,NaN,339.128265,310.418883,378.256388,345.797002
NaN,NaN,339.128265,310.418883,378.256388,347.107303
NaN,NaN,339.128265,310.418883,378.256388,347.434878
NaN,NaN,339.128265,311.074033,378.936877,348.417604
NaN,NaN,339.128265,311.074033,378.936877,349.400329
NaN,NaN,339.128265,311.074033,378.936877,349.400329
NaN,NaN,339.128265,311.074033,378.936877,350.383055
NaN,NaN,339.128265,311.401609,378.936877,350.383055
NaN,NaN,339.128265,311.729184,378.936877,350.383055
NaN,NaN,339.128265,311.729184,378.936877,351.038205
NaN,NaN,339.128265,313.367060,378.936877,351.038205
344.572178,314.677360,339.128265,314.022210,378.936877,351.693355
343.891689,314.022210,339.128265,314.677360,378.936877,352.348506
343.891689,314.022210,339.128265,315.004936,379.277122,353.986381
343.891689,314.022210,339.128265,315.004936,379.277122,354.313957
343.891689,314.022210,339.468510,315.987661,379.277122,354.641532
343.891689,313.694635,339.468510,316.970387,379.277122,354.641532
343.891689,313.694635,339.808754,318.608262,379.957611,354.969107
343.891689,313.694635,340.148999,319.918563,379.957611,355.296682
343.891689,313.694635,340.148999,319.918563,380.297856,355.624257
343.891689,313.694635,340.148999,321.556439,380.297856,355.951833
343.891689,313.694635,340.148999,321.556439,380.297856,355.951833
343.891689,313.694635,340.148999,322.211589,380.297856,356.606983
343.891689,313.694635,340.148999,322.539165,379.957611,357.589708
343.211200,313.039485,340.489243,322.539165,379.957611,358.244859
343.211200,313.039485,340.829488,323.849465,379.957611,359.227584
343.211200,313.039485,340.829488,323.849465,379.957611,359.227584
343.211200,313.039485,341.509977,326.470067,379.957611,359.227584
343.211200,313.039485,341.509977,326.470067,379.277122,359.882735
343.211200,312.711909,341.509977,326.470067,378.936877,360.210310
343.211200,311.401609,341.509977,326.470067,378.936877,361.520611
343.211200,310.746458,341.509977,326.470067,378.936877,361.520611
343.891689,309.763733,341.509977,326.470067,378.936877,361.520611
345.933156,309.436158,341.509977,326.470067,378.936877,361.520611
345.933156,309.436158,341.509977,326.470067,378.936877,361.520611
346.273401,309.436158,341.509977,327.125217,378.936877,361.520611
346.953890,309.436158,341.850221,328.107943,378.256388,362.830911
347.634379,309.436158,342.190466,330.728544,378.256388,362.830911
347.634379,309.436158,342.190466,332.038845,378.596633,363.813637
347.634379,309.436158,342.190466,332.038845,378.936877,367.089389
348.314868,309.436158,342.530711,332.693995,379.277122,367.416964
348.655112,309.436158,342.870955,332.693995,379.957611,369.709990
348.655112,309.436158,342.870955,332.693995,379.957611,369.709990
348.655112,309.436158,342.870955,332.693995,379.617367,371.347866
348.995357,309.108582,342.870955,332.693995,379.617367,371.347866
348.995357,309.108582,342.870955,332.693995,379.617367,371.347866
348.995357,309.108582,342.870955,332.693995,379.617367,371.347866
348.995357,309.108582,342.870955,332.693995,379.617367,371.347866
348.995357,309.108582,342.870955,332.693995,379.617367,371.347866
348.995357,309.108582,342.870955,332.693995,379.617367,371.347866
348.995357,309.108582,342.870955,332.693995,379.617367,371.347866
348.995357,309.108582,342.870955,332.693995,379.617367,371.347866
350.016091,309.108582,342.870955,332.693995,379.617367,371.347866
350.016091,309.436158,342.870955,332.693995,379.617367,371.347866
350.016091,309.763733,342.870955,332.693995,379.617367,371.347866
350.356335,309.763733,342.870955,332.693995,379.617367,371.347866
350.696580,310.091308,342.870955,332.693995,379.617367,371.347866
350.696580,310.091308,342.870955,332.693995,379.617367,371.347866
351.036824,310.418883,342.870955,332.693995,379.617367,371.347866
351.036824,310.418883,342.870955,332.693995,379.617367,371.347866
351.036824,310.418883,342.870955,332.693995,379.617367,371.347866
351.036824,310.418883,342.870955,332.693995,379.617367,371.347866
352.397803,310.746458,342.870955,332.693995,379.617367,371.347866
352.397803,310.746458,342.870955,332.693995,379.957611,373.313317
354.099025,312.384334,342.870955,332.693995,379.957611,373.313317
354.099025,312.384334,342.870955,332.693995,379.957611,374.296042
354.099025,312.384334,342.870955,335.642172,379.957611,374.296042
355.460003,312.711909,343.211200,337.935198,379.957611,374.296042
355.460003,312.711909,343.211200,337.935198,379.957611,374.296042
355.460003,312.711909,343.211200,337.935198,379.957611,374.296042
355.800248,312.711909,343.211200,337.935198,379.957611,374.296042
357.501471,313.039485,343.211200,337.935198,379.957611,374.296042
357.501471,313.039485,343.211200,337.935198,379.957611,374.623618
357.841715,313.039485,343.211200,337.935198,380.297856,376.261493
358.522204,314.349785,343.211200,337.935198,380.297856,376.589069
359.202694,314.677360,343.211200,337.935198,380.297856,378.226945
360.903916,315.660086,343.211200,337.935198,380.297856,378.226945
361.584405,315.660086,343.211200,337.935198,380.297856,377.899369
361.584405,315.660086,343.211200,337.935198,380.297856,377.899369
361.924650,315.660086,343.211200,337.935198,380.297856,377.899369
362.605139,315.987661,343.211200,337.935198,380.297856,377.899369
362.945384,315.987661,343.211200,337.935198,380.297856,377.899369
363.285628,315.987661,343.211200,337.935198,380.297856,377.899369
364.306362,315.987661,343.211200,337.935198,380.297856,377.899369
363.966117,315.660086,343.211200,337.935198,380.297856,377.899369
363.625873,315.660086,343.211200,337.935198,380.297856,377.899369
363.625873,315.660086,343.211200,337.935198,380.297856,377.899369
363.625873,315.660086,343.211200,337.935198,380.297856,377.899369
363.625873,315.660086,343.211200,337.935198,380.297856,377.899369
363.625873,315.660086,343.211200,337.935198,380.297856,377.899369
364.986851,315.660086,343.211200,337.935198,380.297856,377.899369
365.327095,315.332511,343.211200,337.935198,380.297856,378.226945
365.327095,315.332511,343.211200,337.935198,380.297856,378.226945
365.327095,315.332511,343.211200,337.935198,380.638100,380.519971
365.327095,315.332511,343.211200,337.935198,380.638100,380.519971
365.667340,315.004936,343.211200,337.935198,380.638100,380.519971
366.688074,314.349785,343.211200,337.935198,380.638100,380.847546
366.688074,314.349785,343.211200,337.935198,380.638100,381.175121
366.688074,315.004936,343.211200,337.935198,380.638100,382.157847
367.028318,315.004936,343.211200,337.935198,380.638100,382.812997
367.028318,315.004936,343.211200,337.935198,380.638100,382.812997
367.028318,315.004936,343.211200,337.935198,380.638100,383.468147
367.708807,315.004936,343.211200,337.935198,380.638100,383.468147
367.708807,315.004936,343.211200,337.935198,380.638100,384.123298
368.729541,315.004936,343.211200,337.935198,380.638100,384.123298
369.410030,314.677360,343.211200,337.935198,380.638100,384.123298
369.410030,314.677360,343.211200,337.935198,380.638100,384.450873
369.410030,314.677360,343.211200,337.935198,380.638100,384.778448
369.410030,314.677360,343.211200,337.935198,380.638100,384.778448
369.410030,314.677360,343.211200,337.935198,380.638100,384.778448
369.410030,314.677360,343.211200,337.935198,380.638100,384.778448
369.410030,314.677360,343.891689,337.935198,380.638100,384.778448
369.410030,315.004936,343.891689,337.935198,380.638100,384.778448
369.750275,316.315236,343.891689,337.935198,380.638100,384.778448
369.410030,317.297962,343.891689,337.935198,380.638100,384.778448
369.410030,318.280687,343.891689,337.935198,380.638100,384.778448
369.410030,318.608262,343.891689,337.935198,380.638100,384.778448
369.410030,318.608262,343.891689,337.935198,380.638100,384.778448
369.410030,318.608262,343.891689,337.935198,380.638100,384.778448
368.389296,318.935838,343.891689,337.935198,380.638100,384.778448
368.389296,318.935838,343.891689,337.935198,380.638100,384.778448
368.049052,319.263413,343.891689,337.935198,380.638100,384.778448
368.049052,319.590988,343.891689,337.935198,380.638100,384.778448
368.049052,319.918563,343.891689,337.935198,380.638100,384.778448
368.049052,319.918563,343.891689,338.590348,380.638100,384.778448
368.049052,319.918563,343.891689,338.590348,380.638100,384.778448
367.708807,319.918563,343.891689,338.590348,380.638100,384.778448
367.708807,320.246138,343.891689,338.590348,380.638100,384.778448
366.688074,320.901289,343.891689,338.590348,380.638100,384.778448
364.986851,321.556439,343.891689,338.590348,380.638100,384.778448
364.986851,321.556439,343.891689,338.590348,380.638100,384.778448
364.986851,321.556439,343.891689,338.590348,380.638100,384.778448
364.986851,321.556439,343.891689,338.590348,380.638100,384.778448
364.986851,321.556439,343.891689,338.590348,380.638100,384.778448
364.986851,321.556439,343.891689,338.590348,380.638100,384.778448
364.306362,322.866740,343.891689,338.590348,380.638100,384.778448
364.306362,322.866740,343.891689,338.590348,380.638100,384.778448
364.306362,322.866740,343.891689,338.590348,380.638100,384.778448
364.306362,322.866740,343.891689,338.590348,380.638100,384.778448
363.966117,322.866740,343.891689,338.590348,380.638100,384.778448
363.966117,322.866740,343.891689,338.590348,380.638100,384.778448
363.625873,322.866740,343.891689,338.590348,380.638100,384.778448
363.625873,322.866740,343.891689,338.590348,380.638100,385.106023
363.625873,322.866740,343.891689,338.590348,380.638100,385.106023
362.945384,323.194315,343.891689,338.590348,380.638100,385.106023
362.605139,323.194315,343.891689,338.590348,380.638100,385.106023
362.605139,323.194315,343.891689,338.590348,380.638100,385.106023
361.924650,323.849465,343.891689,338.590348,380.638100,385.106023
361.924650,323.849465,343.891689,338.590348,380.638100,385.106023
362.264895,321.556439,343.891689,338.590348,380.638100,385.106023
362.264895,321.556439,343.891689,338.590348,380.638100,385.106023
362.264895,321.556439,343.891689,338.590348,380.638100,385.106023
362.264895,321.556439,343.891689,338.590348,380.638100,385.106023
362.264895,321.556439,343.891689,338.590348,380.638100,385.106023
361.924650,321.556439,343.891689,338.590348,380.638100,385.106023
360.563672,322.211589,343.891689,338.590348,380.638100,385.106023
360.223427,322.866740,343.891689,338.590348,380.638100,385.106023
360.223427,322.866740,343.891689,338.590348,380.638100,385.106023
360.223427,322.866740,343.891689,338.590348,380.638100,385.106023
359.542938,322.539165,343.891689,337.935198,380.638100,385.106023
358.522204,323.521890,343.891689,337.935198,380.638100,384.778448
358.522204,323.521890,343.891689,337.935198,380.638100,384.778448
357.841715,323.849465,343.891689,337.935198,380.638100,385.106023
357.501471,323.849465,343.891689,337.935198,380.638100,384.778448
357.501471,323.849465,343.891689,337.935198,380.638100,384.778448
357.501471,323.849465,343.891689,337.935198,380.638100,384.778448
356.140493,324.177040,343.891689,337.935198,380.638100,384.778448
356.140493,324.177040,343.891689,337.607623,380.638100,384.778448
355.460003,325.487341,343.891689,337.280048,380.638100,384.778448
355.460003,325.487341,343.891689,336.952472,380.638100,384.778448
355.460003,325.487341,343.891689,336.952472,380.638100,384.778448
354.439270,326.142492,343.891689,336.952472,380.638100,384.778448
354.439270,326.142492,343.891689,336.952472,380.638100,384.778448
354.099025,326.797642,343.891689,336.952472,380.638100,384.778448
353.758781,327.125217,343.891689,336.952472,380.638100,384.778448
353.758781,326.797642,343.891689,336.952472,380.638100,384.778448
353.758781,327.125217,343.891689,336.952472,380.638100,384.778448
353.418536,327.125217,343.891689,336.952472,380.638100,384.778448
353.418536,327.452792,343.891689,336.952472,380.638100,384.778448
352.057558,328.107943,343.891689,336.952472,380.638100,384.778448
352.057558,328.435518,343.891689,336.952472,380.638100,384.778448
352.057558,328.435518,343.891689,336.952472,380.638100,384.778448
351.377069,328.435518,343.891689,336.952472,380.638100,385.106023
350.696580,329.418243,343.551444,336.952472,380.638100,385.106023
350.696580,329.418243,342.870955,336.952472,380.638100,385.433598
350.356335,329.745818,341.169732,336.952472,380.638100,385.106023
349.675846,330.400969,340.829488,336.952472,380.638100,384.778448
349.335602,330.728544,340.489243,336.952472,380.638100,385.106023
349.335602,331.056119,340.148999,336.952472,380.638100,385.433598
349.335602,331.056119,340.148999,336.952472,380.638100,385.106023
348.995357,330.728544,339.128265,336.952472,380.638100,384.778448
348.995357,330.728544,339.128265,336.952472,380.638100,385.106023
348.995357,330.728544,339.128265,336.952472,380.638100,384.778448
348.995357,330.728544,339.128265,336.952472,380.638100,384.778448
348.655112,331.056119,339.128265,336.952472,380.638100,384.778448
347.634379,332.038845,339.128265,336.952472,380.638100,384.778448
346.953890,332.693995,339.128265,336.952472,380.638100,384.778448
346.273401,332.693995,339.128265,336.952472,380.638100,384.778448
346.273401,332.693995,339.128265,336.952472,380.638100,384.778448
346.273401,332.693995,339.128265,336.952472,380.638100,384.778448
345.252667,333.349145,339.128265,336.952472,380.638100,384.778448
345.252667,333.349145,339.128265,336.952472,380.638100,384.778448
345.252667,333.349145,339.128265,336.952472,380.638100,384.778448
345.252667,333.349145,339.128265,336.952472,380.638100,384.778448
345.252667,333.349145,339.128265,336.952472,380.638100,384.778448
345.252667,333.349145,339.128265,336.952472,380.638100,384.778448
345.252667,333.349145,339.128265,336.952472,380.638100,384.778448
345.252667,333.349145,339.128265,336.952472,380.638100,384.778448
345.252667,333.349145,339.128265,336.952472,380.638100,384.778448
345.252667,333.349145,339.128265,336.952472,380.638100,384.778448
344.572178,333.676721,339.128265,336.952472,380.638100,384.778448
344.572178,333.676721,338.447776,336.624897,380.638100,384.778448
344.572178,333.676721,338.447776,336.624897,380.638100,384.450873
344.572178,333.676721,338.447776,336.624897,380.638100,384.123298
344.572178,333.676721,338.447776,336.624897,379.617367,382.485422
344.572178,333.676721,338.107531,336.297322,378.596633,382.485422
344.572178,333.676721,337.086798,335.314596,377.235655,382.485422
344.572178,333.676721,336.066064,334.659446,377.235655,382.485422
344.572178,333.676721,336.066064,334.659446,377.235655,382.485422
344.572178,333.676721,335.045330,333.676721,377.235655,382.485422
344.572178,333.676721,334.364841,333.021570,377.235655,381.175121
344.572178,333.676721,334.364841,333.021570,377.235655,381.175121
344.572178,333.676721,334.364841,333.021570,377.235655,381.175121
344.572178,333.676721,334.364841,333.021570,377.235655,380.847546
344.572178,333.676721,334.024597,332.693995,377.235655,380.847546
344.572178,333.676721,334.024597,332.693995,377.235655,380.847546
344.572178,333.676721,334.024597,332.693995,377.235655,380.847546
344.572178,333.676721,334.024597,332.693995,377.235655,380.847546
344.572178,333.676721,334.024597,332.693995,377.235655,380.847546
344.572178,333.676721,334.024597,332.366420,377.235655,380.847546
344.572178,333.676721,334.024597,331.056119,377.235655,380.847546
344.572178,333.676721,334.024597,330.400969,377.235655,380.847546
344.572178,333.676721,334.024597,329.745818,377.235655,380.847546
344.572178,333.676721,334.024597,329.745818,377.235655,379.864820
344.572178,333.676721,334.024597,329.745818,377.916144,379.209670
344.572178,333.676721,334.364841,328.763093,377.916144,379.209670
344.572178,333.676721,334.364841,328.107943,377.916144,379.209670
344.572178,333.676721,334.364841,327.125217,377.916144,379.209670
344.572178,333.676721,334.364841,327.125217,377.916144,379.209670
344.572178,333.676721,334.364841,326.470067,377.235655,378.554520
344.572178,333.676721,334.364841,326.470067,378.256388,378.226945
344.572178,333.676721,334.364841,326.470067,378.256388,378.226945
344.572178,333.676721,334.364841,326.470067,379.277122,376.916644
344.572178,333.676721,334.705086,325.159766,379.277122,376.589069
344.572178,333.676721,335.045330,324.177040,379.277122,375.933918
344.572178,333.676721,335.045330,324.177040,379.277122,374.296042
344.572178,333.676721,335.045330,324.177040,378.936877,373.968467
344.572178,333.676721,335.045330,324.177040,378.936877,372.985742
344.572178,333.676721,335.045330,323.849465,378.936877,372.658167
344.572178,333.676721,336.066064,322.539165,378.936877,372.003016
344.572178,333.676721,336.066064,321.884014,378.936877,371.347866
344.572178,333.676721,336.746553,319.918563,378.936877,370.365140
NaN,NaN,336.746553,319.918563,378.936877,370.365140
NaN,NaN,336.746553,319.918563,378.936877,370.365140
NaN,NaN,336.746553,319.918563,378.936877,370.365140
NaN,NaN,336.746553,319.918563,378.936877,369.054840
NaN,NaN,336.746553,319.918563,378.936877,369.054840
NaN,NaN,336.746553,319.918563,378.936877,369.054840
NaN,NaN,336.746553,319.918563,378.936877,369.054840
NaN,NaN,336.746553,319.918563,378.936877,369.054840
NaN,NaN,336.746553,319.918563,378.936877,367.416964
NaN,NaN,336.746553,319.918563,378.936877,367.416964
NaN,NaN,336.746553,318.935838,378.936877,367.416964
NaN,NaN,336.746553,318.935838,378.936877,367.416964
NaN,NaN,336.746553,318.935838,378.936877,367.416964
NaN,NaN,336.746553,318.935838,378.256388,366.761813
NaN,NaN,336.746553,318.935838,378.256388,366.761813
NaN,NaN,336.746553,318.935838,378.256388,366.761813
NaN,NaN,336.746553,318.280687,378.256388,366.761813
NaN,NaN,336.746553,318.280687,378.256388,366.761813
NaN,NaN,336.746553,318.280687,378.256388,366.434238
NaN,NaN,336.746553,318.280687,378.256388,366.106663
NaN,NaN,336.746553,318.280687,378.256388,366.106663
NaN,NaN,336.746553,318.280687,378.256388,366.106663
NaN,NaN,336.746553,318.280687,378.256388,366.106663
NaN,NaN,336.746553,318.280687,378.256388,366.106663
NaN,NaN,336.746553,318.280687,378.256388,365.451513
NaN,NaN,336.746553,318.280687,378.256388,365.451513
NaN,NaN,336.746553,318.280687,377.575899,364.468787
NaN,NaN,336.746553,318.280687,377.575899,364.141212
NaN,NaN,336.746553,318.280687,377.575899,363.158486
NaN,NaN,336.746553,318.280687,377.575899,362.503336
NaN,NaN,336.746553,318.280687,377.575899,362.175761
NaN,NaN,336.746553,318.280687,377.575899,361.193035
NaN,NaN,336.746553,318.280687,377.575899,360.865460
NaN,NaN,336.746553,318.280687,377.575899,359.882735
NaN,NaN,336.746553,318.280687,377.575899,359.555159
NaN,NaN,336.746553,318.280687,377.575899,359.227584
NaN,NaN,336.746553,318.280687,377.575899,358.900009
NaN,NaN,336.746553,318.280687,377.575899,358.900009
NaN,NaN,336.746553,318.280687,377.575899,358.900009
NaN,NaN,336.746553,318.280687,377.575899,358.900009
NaN,NaN,336.746553,318.280687,377.575899,358.900009
NaN,NaN,336.746553,318.280687,377.575899,358.900009
NaN,NaN,336.746553,318.280687,377.575899,358.900009
NaN,NaN,336.746553,318.280687,377.575899,358.900009
NaN,NaN,336.746553,318.280687,377.235655,357.917284
NaN,NaN,336.746553,318.280687,376.214921,354.969107
NaN,NaN,336.746553,318.280687,376.214921,354.969107
NaN,NaN,336.746553,318.280687,375.874677,354.641532
NaN,NaN,336.746553,318.280687,375.194187,353.986381
NaN,NaN,336.746553,318.280687,375.194187,353.986381
NaN,NaN,336.746553,318.280687,375.874677,353.003656
NaN,NaN,336.746553,318.280687,375.874677,352.676081
NaN,NaN,336.746553,318.280687,376.555166,352.348506
NaN,NaN,336.746553,318.280687,376.555166,352.348506
NaN,NaN,336.746553,318.280687,376.555166,352.348506
NaN,NaN,336.746553,318.280687,376.555166,351.038205
NaN,NaN,336.746553,318.280687,376.555166,351.038205
NaN,NaN,336.746553,318.280687,376.555166,351.038205
NaN,NaN,336.746553,318.280687,376.555166,351.038205
NaN,NaN,336.746553,318.280687,376.555166,351.038205
NaN,NaN,336.746553,318.280687,376.555166,350.383055
NaN,NaN,336.746553,318.280687,376.555166,350.055479
NaN,NaN,336.746553,318.280687,376.214921,350.055479
NaN,NaN,336.746553,318.280687,375.874677,349.400329
NaN,NaN,336.746553,318.280687,375.874677,349.072754
NaN,NaN,336.746553,318.280687,375.874677,349.072754
NaN,NaN,336.746553,318.280687,375.874677,349.072754
NaN,NaN,336.746553,318.280687,375.874677,349.072754
NaN,NaN,336.746553,318.280687,375.874677,349.400329
NaN,NaN,336.746553,318.280687,375.874677,349.400329
NaN,NaN,336.746553,318.280687,375.874677,349.400329
NaN,NaN,336.746553,318.280687,375.874677,349.400329
NaN,NaN,336.746553,318.280687,375.874677,349.400329
NaN,NaN,336.746553,318.280687,375.874677,348.417604
NaN,NaN,336.746553,318.280687,375.534432,347.762453
NaN,NaN,336.746553,318.280687,375.534432,347.762453
NaN,NaN,336.746553,318.280687,375.534432,347.762453
NaN,NaN,336.746553,318.280687,375.534432,347.762453
NaN,NaN,336.746553,318.280687,375.534432,347.762453
NaN,NaN,336.746553,318.280687,375.534432,347.762453
NaN,NaN,336.746553,318.280687,375.534432,347.762453
NaN,NaN,336.746553,318.280687,375.534432,347.762453
NaN,NaN,336.746553,318.280687,375.534432,347.762453
NaN,NaN,336.746553,318.280687,375.534432,347.762453
NaN,NaN,336.746553,318.280687,375.534432,347.762453
NaN,NaN,336.746553,318.280687,375.534432,347.762453
NaN,NaN,336.746553,318.280687,375.534432,347.762453
NaN,NaN,336.746553,318.280687,375.534432,347.762453
NaN,NaN,336.746553,318.280687,375.534432,347.762453
NaN,NaN,336.746553,318.280687,375.534432,347.762453
NaN,NaN,336.746553,318.280687,375.534432,348.090028
NaN,NaN,336.746553,318.280687,375.534432,348.090028
NaN,NaN,336.746553,318.280687,375.534432,348.090028
NaN,NaN,336.746553,318.280687,375.534432,348.090028
NaN,NaN,336.746553,318.280687,375.534432,348.090028
NaN,NaN,336.746553,318.280687,375.534432,348.090028
NaN,NaN,336.746553,318.280687,375.534432,348.090028
NaN,NaN,336.746553,318.280687,375.534432,348.090028
NaN,NaN,336.746553,317.297962,375.534432,347.107303
NaN,NaN,336.746553,315.987661,375.534432,347.107303
NaN,NaN,336.746553,315.004936,375.534432,347.107303
NaN,NaN,336.746553,314.349785,375.534432,345.469427
NaN,NaN,336.746553,313.694635,375.534432,344.814277
NaN,NaN,336.746553,313.694635,375.534432,344.814277
NaN,NaN,336.746553,313.694635,375.534432,344.814277
NaN,NaN,336.746553,313.694635,375.534432,344.814277
NaN,NaN,336.746553,313.694635,375.534432,344.159126
NaN,NaN,336.746553,313.694635,375.534432,344.159126
NaN,NaN,336.746553,313.694635,375.534432,344.159126
NaN,NaN,336.746553,313.694635,375.534432,344.159126
NaN,NaN,336.746553,313.694635,375.534432,344.159126
NaN,NaN,336.746553,313.694635,375.534432,344.159126
NaN,NaN,336.746553,313.694635,375.534432,344.159126
NaN,NaN,336.746553,313.694635,375.534432,344.159126
NaN,NaN,336.746553,313.694635,375.534432,344.159126
NaN,NaN,336.746553,313.694635,375.534432,344.159126
NaN,NaN,336.746553,313.694635,375.534432,344.159126
NaN,NaN,336.746553,313.694635,375.534432,344.159126
NaN,NaN,336.746553,313.694635,375.534432,344.159126
NaN,NaN,336.746553,313.694635,375.534432,344.159126
NaN,NaN,336.746553,313.694635,375.534432,344.159126
NaN,NaN,336.746553,313.694635,375.534432,344.159126
NaN,NaN,336.746553,313.694635,375.534432,344.159126
NaN,NaN,336.746553,313.694635,375.534432,344.159126
NaN,NaN,336.746553,313.694635,375.534432,344.159126
NaN,NaN,336.746553,313.694635,375.534432,344.159126
NaN,NaN,336.746553,313.694635,375.534432,344.159126
NaN,NaN,336.746553,313.694635,375.534432,344.159126
NaN,NaN,336.746553,313.694635,375.534432,344.159126
NaN,NaN,336.746553,313.694635,375.534432,344.159126
NaN,NaN,337.086798,312.711909,375.534432,344.159126
NaN,NaN,337.086798,312.711909,375.534432,344.159126
NaN,NaN,337.086798,312.711909,375.534432,344.159126
NaN,NaN,337.086798,312.711909,375.534432,344.159126
NaN,NaN,337.086798,312.711909,375.534432,344.159126
NaN,NaN,337.086798,312.711909,375.534432,344.159126
NaN,NaN,337.086798,312.711909,375.534432,344.159126
NaN,NaN,337.086798,312.711909,375.534432,344.159126
NaN,NaN,337.086798,312.711909,375.534432,344.159126
NaN,NaN,337.086798,312.711909,375.534432,344.159126
NaN,NaN,337.086798,312.711909,375.534432,344.159126
NaN,NaN,337.086798,312.711909,375.534432,344.159126
NaN,NaN,337.086798,312.711909,375.534432,344.159126
NaN,NaN,337.086798,312.711909,375.534432,344.159126
NaN,NaN,337.086798,312.711909,375.534432,344.159126
NaN,NaN,337.086798,312.711909,375.534432,344.159126
NaN,NaN,337.086798,312.711909,375.534432,344.159126
NaN,NaN,337.086798,312.711909,375.534432,344.159126
NaN,NaN,337.086798,312.711909,375.534432,344.159126
NaN,NaN,337.086798,312.711909,375.534432,344.159126
NaN,NaN,337.086798,312.711909,375.534432,344.159126
NaN,NaN,337.086798,312.711909,375.534432,344.159126
NaN,NaN,337.086798,312.711909,375.534432,344.159126
NaN,NaN,337.086798,312.711909,375.534432,344.159126
NaN,NaN,337.086798,312.711909,375.534432,344.159126
NaN,NaN,337.086798,312.711909,375.534432,344.159126
NaN,NaN,337.086798,312.711909,375.534432,344.159126
NaN,NaN,337.086798,312.711909,375.534432,344.159126
NaN,NaN,337.086798,312.711909,375.534432,344.159126
NaN,NaN,337.086798,312.711909,375.534432,344.159126
NaN,NaN,337.086798,312.711909,375.534432,344.159126
NaN,NaN,337.086798,312.711909,375.534432,344.159126
NaN,NaN,337.086798,312.711909,375.534432,344.159126
NaN,NaN,337.086798,312.711909,375.534432,344.159126
NaN,NaN,337.086798,312.711909,375.534432,344.159126
NaN,NaN,337.086798,312.711909,375.534432,344.159126
NaN,NaN,337.086798,312.711909,375.534432,344.159126
NaN,NaN,337.086798,312.711909,375.534432,344.159126
NaN,NaN,337.086798,312.711909,375.534432,344.159126
NaN,NaN,337.086798,312.711909,375.534432,344.159126
NaN,NaN,337.086798,312.711909,375.534432,344.159126
NaN,NaN,337.086798,312.711909,375.874677,343.831551
NaN,NaN,337.086798,312.711909,375.874677,343.831551
NaN,NaN,337.086798,312.711909,375.874677,343.831551
NaN,NaN,337.086798,312.711909,375.874677,343.831551
NaN,NaN,337.086798,312.711909,375.874677,343.831551
NaN,NaN,337.086798,312.711909,375.874677,343.176401
NaN,NaN,337.086798,312.711909,375.874677,343.176401
NaN,NaN,337.086798,312.711909,375.874677,343.176401
NaN,NaN,337.086798,312.711909,375.874677,343.176401
NaN,NaN,337.086798,312.711909,375.534432,342.848826
NaN,NaN,337.086798,312.711909,374.853943,341.866100
NaN,NaN,337.086798,312.711909,374.853943,341.866100
NaN,NaN,337.086798,312.711909,374.853943,341.866100
NaN,NaN,337.086798,312.711909,374.853943,341.866100
NaN,NaN,337.086798,312.711909,374.853943,341.866100
NaN,NaN,337.086798,312.711909,374.853943,341.866100
NaN,NaN,337.086798,312.711909,374.853943,341.866100
NaN,NaN,337.086798,312.711909,374.853943,341.866100
NaN,NaN,337.086798,312.711909,374.853943,341.866100
NaN,NaN,337.086798,312.711909,374.853943,341.866100
NaN,NaN,337.086798,312.711909,374.853943,341.866100
NaN,NaN,337.086798,312.711909,374.853943,341.866100
NaN,NaN,337.086798,312.711909,374.853943,341.866100
NaN,NaN,337.086798,312.711909,374.853943,341.866100
NaN,NaN,337.086798,312.711909,374.853943,341.866100
NaN,NaN,337.086798,312.711909,374.853943,341.866100
NaN,NaN,337.086798,312.711909,374.853943,341.866100
NaN,NaN,NaN,NaN,372.131986,338.262773
NaN,NaN,NaN,NaN,371.970000,337.970000
NaN,NaN,NaN,NaN,371.970000,337.950000
NaN,NaN,NaN,NaN,372.000000,338.050000
NaN,NaN,NaN,NaN,372.010000,338.070000
NaN,NaN,NaN,NaN,371.990000,338.090000
NaN,NaN,NaN,NaN,371.990000,338.120000
NaN,NaN,NaN,NaN,371.990000,338.130000
NaN,NaN,NaN,NaN,371.990000,338.140000
NaN,NaN,NaN,NaN,371.990000,338.160000
NaN,NaN,NaN,NaN,372.000000,338.170000
NaN,NaN,NaN,NaN,371.980000,338.190000
NaN,NaN,NaN,NaN,371.990000,338.200000
NaN,NaN,NaN,NaN,371.980000,338.210000
NaN,NaN,NaN,NaN,371.980000,338.230000
NaN,NaN,NaN,NaN,371.980000,338.250000
NaN,NaN,NaN,NaN,371.970000,338.280000
NaN,NaN,NaN,NaN,371.960000,338.280000
NaN,NaN,NaN,NaN,371.970000,338.290000
NaN,NaN,NaN,NaN,371.970000,338.300000
NaN,NaN,NaN,NaN,371.960000,338.310000
NaN,NaN,NaN,NaN,371.960000,338.310000
NaN,NaN,NaN,NaN,371.960000,338.320000
NaN,NaN,NaN,NaN,371.960000,338.330000
NaN,NaN,NaN,NaN,371.960000,338.330000
NaN,NaN,NaN,NaN,371.970000,338.330000
NaN,NaN,NaN,NaN,371.950000,338.330000
NaN,NaN,NaN,NaN,371.960000,338.350000
NaN,NaN,NaN,NaN,371.950000,338.320000
NaN,NaN,NaN,NaN,371.940000,338.330000
NaN,NaN,NaN,NaN,371.940000,338.320000
NaN,NaN,NaN,NaN,371.950000,338.310000
NaN,NaN,NaN,NaN,371.940000,338.320000
NaN,NaN,NaN,NaN,371.940000,338.340000
NaN,NaN,NaN,NaN,371.930000,338.330000
NaN,NaN,NaN,NaN,371.920000,338.340000
NaN,NaN,NaN,NaN,371.920000,338.330000
NaN,NaN,NaN,NaN,371.900000,338.330000
NaN,NaN,NaN,NaN,371.900000,338.340000
NaN,NaN,NaN,NaN,371.910000,338.350000
NaN,NaN,NaN,NaN,371.920000,338.360000
NaN,NaN,NaN,NaN,371.910000,338.360000
NaN,NaN,NaN,NaN,371.910000,338.340000
NaN,NaN,NaN,NaN,371.890000,338.350000
NaN,NaN,NaN,NaN,371.900000,338.370000
NaN,NaN,NaN,NaN,371.920000,338.350000
NaN,NaN,NaN,NaN,371.910000,338.350000
NaN,NaN,NaN,NaN,371.920000,338.350000
NaN,NaN,NaN,NaN,371.910000,338.350000
NaN,NaN,NaN,NaN,371.920000,338.340000
NaN,NaN,NaN,NaN,371.910000,338.350000
NaN,NaN,NaN,NaN,371.920000,338.350000
NaN,NaN,NaN,NaN,371.910000,338.350000
NaN,NaN,NaN,NaN,371.910000,338.360000
NaN,NaN,NaN,NaN,371.910000,338.370000
NaN,NaN,NaN,NaN,371.910000,338.370000
NaN,NaN,NaN,NaN,371.910000,338.390000
NaN,NaN,NaN,NaN,371.910000,338.400000
NaN,NaN,NaN,NaN,371.910000,338.380000
NaN,NaN,NaN,NaN,371.900000,338.380000
NaN,NaN,NaN,NaN,371.910000,338.420000
NaN,NaN,NaN,NaN,371.920000,338.400000
NaN,NaN,NaN,NaN,371.920000,338.420000
NaN,NaN,NaN,NaN,371.920000,338.440000
NaN,NaN,NaN,NaN,371.930000,338.440000
NaN,NaN,NaN,NaN,371.920000,338.440000
NaN,NaN,NaN,NaN,371.920000,338.450000
NaN,NaN,NaN,NaN,371.910000,338.450000
NaN,NaN,NaN,NaN,371.930000,338.480000
NaN,NaN,NaN,NaN,371.940000,338.720000
NaN,NaN,NaN,NaN,371.950000,338.740000
NaN,NaN,NaN,NaN,371.940000,338.760000
NaN,NaN,NaN,NaN,371.930000,338.770000
NaN,NaN,NaN,NaN,371.930000,338.800000
NaN,NaN,NaN,NaN,371.910000,338.840000
NaN,NaN,NaN,NaN,371.910000,338.860000
NaN,NaN,NaN,NaN,371.910000,338.900000
NaN,NaN,NaN,NaN,371.920000,338.910000
NaN,NaN,NaN,NaN,371.940000,338.930000
NaN,NaN,NaN,NaN,371.940000,338.970000
NaN,NaN,NaN,NaN,371.930000,339.000000
NaN,NaN,NaN,NaN,371.940000,339.050000
NaN,NaN,NaN,NaN,371.930000,339.060000
NaN,NaN,NaN,NaN,371.950000,339.090000
NaN,NaN,NaN,NaN,371.960000,339.110000
NaN,NaN,NaN,NaN,371.970000,339.150000
NaN,NaN,NaN,NaN,371.960000,339.190000
NaN,NaN,NaN,NaN,371.960000,339.250000
NaN,NaN,NaN,NaN,371.980000,339.260000
NaN,NaN,NaN,NaN,371.990000,339.320000
NaN,NaN,NaN,NaN,372.020000,339.410000
NaN,NaN,NaN,NaN,372.010000,339.430000
NaN,NaN,NaN,NaN,372.000000,339.470000
NaN,NaN,NaN,NaN,372.020000,339.770000
NaN,NaN,NaN,NaN,372.010000,339.730000
NaN,NaN,NaN,NaN,372.020000,339.780000
NaN,NaN,NaN,NaN,372.030000,339.810000
NaN,NaN,NaN,NaN,372.030000,339.830000
NaN,NaN,NaN,NaN,372.040000,339.860000
NaN,NaN,NaN,NaN,372.040000,339.870000
NaN,NaN,NaN,NaN,372.030000,339.890000
NaN,NaN,NaN,NaN,372.040000,339.890000
NaN,NaN,NaN,NaN,372.050000,339.920000
NaN,NaN,NaN,NaN,372.050000,339.910000
NaN,NaN,NaN,NaN,372.060000,339.930000
NaN,NaN,NaN,NaN,372.070000,339.940000
NaN,NaN,NaN,NaN,372.070000,339.970000
NaN,NaN,NaN,NaN,372.060000,339.980000
NaN,NaN,NaN,NaN,372.070000,339.990000
NaN,NaN,NaN,NaN,372.070000,339.990000
NaN,NaN,NaN,NaN,372.090000,339.960000
NaN,NaN,NaN,NaN,372.090000,339.980000
NaN,NaN,NaN,NaN,372.080000,340.000000
NaN,NaN,NaN,NaN,372.100000,340.000000
NaN,NaN,NaN,NaN,372.110000,340.000000
NaN,NaN,NaN,NaN,372.110000,340.010000
NaN,NaN,NaN,NaN,372.110000,340.030000
NaN,NaN,NaN,NaN,372.110000,340.000000
NaN,NaN,NaN,NaN,372.120000,340.010000
NaN,NaN,NaN,NaN,372.130000,340.030000
NaN,NaN,NaN,NaN,372.110000,340.050000
NaN,NaN,NaN,NaN,372.110000,340.050000
NaN,NaN,NaN,NaN,372.120000,340.080000
NaN,NaN,NaN,NaN,372.120000,340.100000
NaN,NaN,NaN,NaN,372.130000,340.110000
NaN,NaN,NaN,NaN,372.110000,340.140000
NaN,NaN,NaN,NaN,372.120000,340.130000
NaN,NaN,NaN,NaN,372.110000,340.150000
NaN,NaN,NaN,NaN,372.120000,340.160000
NaN,NaN,NaN,NaN,372.130000,340.160000
NaN,NaN,NaN,NaN,372.120000,340.180000
NaN,NaN,NaN,NaN,372.130000,340.160000
NaN,NaN,NaN,NaN,372.110000,340.170000
NaN,NaN,NaN,NaN,372.090000,340.140000
NaN,NaN,NaN,NaN,372.070000,340.150000
NaN,NaN,NaN,NaN,372.090000,340.130000
NaN,NaN,NaN,NaN,372.080000,340.110000
NaN,NaN,NaN,NaN,372.100000,340.100000
NaN,NaN,NaN,NaN,372.120000,340.110000
NaN,NaN,NaN,NaN,372.140000,340.110000
NaN,NaN,NaN,NaN,372.120000,340.120000
NaN,NaN,NaN,NaN,372.120000,340.090000
NaN,NaN,NaN,NaN,372.140000,340.080000
NaN,NaN,NaN,NaN,372.170000,340.120000
NaN,NaN,NaN,NaN,372.180000,340.140000
NaN,NaN,NaN,NaN,372.210000,340.130000
NaN,NaN,NaN,NaN,372.180000,340.130000
NaN,NaN,NaN,NaN,371.791742,338.262773
NaN,NaN,NaN,NaN,371.900000,337.940000
NaN,NaN,NaN,NaN,371.960000,337.980000
NaN,NaN,NaN,NaN,371.960000,338.060000
NaN,NaN,NaN,NaN,371.940000,338.070000
NaN,NaN,NaN,NaN,371.930000,338.090000
NaN,NaN,NaN,NaN,371.870000,338.100000
NaN,NaN,NaN,NaN,371.870000,338.120000
NaN,NaN,NaN,NaN,371.850000,338.140000
NaN,NaN,NaN,NaN,371.830000,338.160000
NaN,NaN,NaN,NaN,371.810000,338.180000
NaN,NaN,NaN,NaN,371.800000,338.200000
NaN,NaN,NaN,NaN,371.780000,338.210000
NaN,NaN,NaN,NaN,371.740000,338.240000
NaN,NaN,NaN,NaN,371.740000,338.300000
NaN,NaN,NaN,NaN,371.700000,338.360000
NaN,NaN,NaN,NaN,371.670000,338.420000
NaN,NaN,NaN,NaN,371.660000,338.480000
NaN,NaN,NaN,NaN,371.660000,338.710000
NaN,NaN,NaN,NaN,371.640000,338.690000
NaN,NaN,NaN,NaN,371.630000,338.690000
NaN,NaN,NaN,NaN,371.600000,338.710000
NaN,NaN,NaN,NaN,371.630000,338.710000
NaN,NaN,NaN,NaN,371.640000,338.690000
NaN,NaN,NaN,NaN,371.670000,338.720000
NaN,NaN,NaN,NaN,371.690000,338.710000
NaN,NaN,NaN,NaN,371.690000,338.700000
NaN,NaN,NaN,NaN,371.680000,338.680000
NaN,NaN,NaN,NaN,371.690000,338.690000
NaN,NaN,NaN,NaN,371.710000,338.690000
NaN,NaN,NaN,NaN,371.710000,338.700000
NaN,NaN,NaN,NaN,371.700000,338.700000
NaN,NaN,NaN,NaN,371.690000,338.690000
NaN,NaN,NaN,NaN,371.700000,338.640000
NaN,NaN,NaN,NaN,371.690000,338.620000
NaN,NaN,NaN,NaN,371.700000,338.630000
NaN,NaN,NaN,NaN,371.690000,338.620000
NaN,NaN,NaN,NaN,371.690000,338.580000
NaN,NaN,NaN,NaN,371.690000,338.580000
NaN,NaN,NaN,NaN,371.700000,338.580000
NaN,NaN,NaN,NaN,371.700000,338.610000
NaN,NaN,NaN,NaN,371.690000,338.600000
NaN,NaN,NaN,NaN,371.690000,338.590000
NaN,NaN,NaN,NaN,371.700000,338.610000
NaN,NaN,NaN,NaN,371.680000,338.590000
NaN,NaN,NaN,NaN,371.700000,338.560000
NaN,NaN,NaN,NaN,371.690000,338.600000
NaN,NaN,NaN,NaN,371.710000,338.610000
NaN,NaN,NaN,NaN,371.740000,338.610000
NaN,NaN,NaN,NaN,371.730000,338.610000
NaN,NaN,NaN,NaN,371.720000,338.650000
NaN,NaN,NaN,NaN,371.700000,338.640000
NaN,NaN,NaN,NaN,371.690000,338.630000
NaN,NaN,NaN,NaN,371.700000,338.630000
NaN,NaN,NaN,NaN,371.700000,338.630000
NaN,NaN,NaN,NaN,371.690000,338.650000
NaN,NaN,NaN,NaN,371.710000,338.680000
NaN,NaN,NaN,NaN,371.710000,338.700000
NaN,NaN,NaN,NaN,371.690000,338.690000
NaN,NaN,NaN,NaN,371.710000,338.720000
NaN,NaN,NaN,NaN,371.690000,338.720000
NaN,NaN,NaN,NaN,371.700000,338.740000
NaN,NaN,NaN,NaN,371.700000,338.740000
NaN,NaN,NaN,NaN,371.710000,338.810000
NaN,NaN,NaN,NaN,371.690000,338.790000
NaN,NaN,NaN,NaN,371.690000,338.810000
NaN,NaN,NaN,NaN,371.690000,338.840000
NaN,NaN,NaN,NaN,371.700000,338.870000
NaN,NaN,NaN,NaN,371.690000,338.890000
NaN,NaN,NaN,NaN,371.680000,338.900000
NaN,NaN,NaN,NaN,371.710000,338.950000
NaN,NaN,NaN,NaN,371.710000,338.950000
NaN,NaN,NaN,NaN,371.720000,338.950000
NaN,NaN,NaN,NaN,371.720000,338.930000
NaN,NaN,NaN,NaN,371.710000,338.950000
NaN,NaN,NaN,NaN,371.740000,338.960000
NaN,NaN,NaN,NaN,371.760000,338.970000
NaN,NaN,NaN,NaN,371.760000,338.990000
NaN,NaN,NaN,NaN,371.790000,339.080000
NaN,NaN,NaN,NaN,371.800000,339.110000
NaN,NaN,NaN,NaN,371.790000,339.140000
NaN,NaN,NaN,NaN,371.770000,339.150000
NaN,NaN,NaN,NaN,371.790000,339.180000
NaN,NaN,NaN,NaN,371.770000,339.180000
NaN,NaN,NaN,NaN,371.760000,339.180000
NaN,NaN,NaN,NaN,371.770000,339.220000
NaN,NaN,NaN,NaN,371.760000,339.290000
NaN,NaN,NaN,NaN,371.760000,339.320000
NaN,NaN,NaN,NaN,371.760000,339.380000
NaN,NaN,NaN,NaN,371.800000,339.430000
NaN,NaN,NaN,NaN,371.780000,339.510000
NaN,NaN,NaN,NaN,371.860000,339.730000
NaN,NaN,NaN,NaN,371.840000,339.780000
NaN,NaN,NaN,NaN,371.780000,339.890000
NaN,NaN,NaN,NaN,371.760000,339.880000
NaN,NaN,NaN,NaN,371.780000,339.980000
NaN,NaN,NaN,NaN,371.780000,340.020000
NaN,NaN,NaN,NaN,371.780000,340.040000
NaN,NaN,NaN,NaN,371.730000,340.120000
NaN,NaN,NaN,NaN,371.710000,340.180000
NaN,NaN,NaN,NaN,371.720000,340.230000
NaN,NaN,NaN,NaN,371.740000,340.250000
NaN,NaN,NaN,NaN,371.791742,339.573074
NaN,NaN,NaN,NaN,371.980000,340.020000
NaN,NaN,NaN,NaN,371.970000,340.070000
NaN,NaN,NaN,NaN,371.960000,340.120000
NaN,NaN,NaN,NaN,371.950000,340.160000
NaN,NaN,NaN,NaN,371.960000,340.210000
NaN,NaN,NaN,NaN,371.970000,340.310000
NaN,NaN,NaN,NaN,371.950000,340.350000
NaN,NaN,NaN,NaN,371.950000,340.420000
NaN,NaN,NaN,NaN,371.930000,340.450000
NaN,NaN,NaN,NaN,371.940000,340.480000
NaN,NaN,NaN,NaN,371.960000,340.650000
NaN,NaN,NaN,NaN,371.950000,340.690000
NaN,NaN,NaN,NaN,371.940000,340.700000
NaN,NaN,NaN,NaN,371.950000,340.680000
NaN,NaN,NaN,NaN,371.950000,340.700000
NaN,NaN,NaN,NaN,371.960000,340.730000
NaN,NaN,NaN,NaN,371.960000,340.760000
NaN,NaN,NaN,NaN,371.960000,340.760000
NaN,NaN,NaN,NaN,371.960000,340.750000
NaN,NaN,NaN,NaN,371.950000,340.770000
NaN,NaN,NaN,NaN,371.950000,340.810000
NaN,NaN,NaN,NaN,371.950000,340.820000
NaN,NaN,NaN,NaN,371.960000,340.810000
NaN,NaN,NaN,NaN,371.950000,340.780000
NaN,NaN,NaN,NaN,371.960000,340.810000
NaN,NaN,NaN,NaN,371.960000,340.820000
NaN,NaN,NaN,NaN,371.960000,340.820000
NaN,NaN,NaN,NaN,371.960000,340.840000
NaN,NaN,NaN,NaN,371.950000,340.860000
NaN,NaN,NaN,NaN,371.960000,340.850000
NaN,NaN,NaN,NaN,371.960000,340.890000
NaN,NaN,NaN,NaN,371.960000,340.890000
NaN,NaN,NaN,NaN,371.960000,340.900000
NaN,NaN,NaN,NaN,371.960000,340.890000
NaN,NaN,NaN,NaN,371.950000,340.910000
NaN,NaN,NaN,NaN,371.960000,340.930000
NaN,NaN,NaN,NaN,371.950000,340.890000
NaN,NaN,NaN,NaN,371.950000,340.910000
NaN,NaN,NaN,NaN,371.940000,340.930000
NaN,NaN,NaN,NaN,371.940000,340.940000
NaN,NaN,NaN,NaN,371.950000,340.970000
NaN,NaN,NaN,NaN,371.950000,340.980000
NaN,NaN,NaN,NaN,371.940000,340.970000
NaN,NaN,NaN,NaN,371.950000,341.010000
NaN,NaN,NaN,NaN,371.940000,341.040000
NaN,NaN,NaN,NaN,371.950000,341.060000
NaN,NaN,NaN,NaN,371.940000,341.070000
NaN,NaN,NaN,NaN,371.950000,341.060000
NaN,NaN,NaN,NaN,371.940000,341.090000
NaN,NaN,NaN,NaN,371.930000,341.090000
NaN,NaN,NaN,NaN,371.930000,341.150000
NaN,NaN,NaN,NaN,371.920000,341.150000
NaN,NaN,NaN,NaN,371.920000,341.210000
NaN,NaN,NaN,NaN,371.930000,341.220000
NaN,NaN,NaN,NaN,371.930000,341.260000
NaN,NaN,NaN,NaN,371.930000,341.270000
NaN,NaN,NaN,NaN,371.930000,341.310000
NaN,NaN,NaN,NaN,371.930000,341.270000
NaN,NaN,NaN,NaN,371.930000,341.320000
NaN,NaN,NaN,NaN,371.910000,341.350000
NaN,NaN,NaN,NaN,371.910000,341.350000
NaN,NaN,NaN,NaN,371.920000,341.330000
NaN,NaN,NaN,NaN,371.910000,341.390000
NaN,NaN,NaN,NaN,371.930000,341.430000
NaN,NaN,NaN,NaN,371.930000,341.440000
NaN,NaN,NaN,NaN,371.940000,341.450000
NaN,NaN,NaN,NaN,371.930000,341.420000
NaN,NaN,NaN,NaN,371.930000,341.390000
NaN,NaN,NaN,NaN,371.920000,341.370000
NaN,NaN,NaN,NaN,371.910000,341.390000
NaN,NaN,NaN,NaN,371.900000,341.380000
NaN,NaN,NaN,NaN,371.890000,341.440000
NaN,NaN,NaN,NaN,371.900000,341.520000
NaN,NaN,NaN,NaN,371.900000,341.710000
NaN,NaN,NaN,NaN,371.890000,341.710000
NaN,NaN,NaN,NaN,371.870000,341.780000
NaN,NaN,NaN,NaN,371.880000,341.770000
NaN,NaN,NaN,NaN,371.880000,341.750000
NaN,NaN,NaN,NaN,371.880000,341.750000
NaN,NaN,NaN,NaN,371.890000,341.770000
NaN,NaN,NaN,NaN,371.900000,341.790000
NaN,NaN,NaN,NaN,371.890000,341.780000
NaN,NaN,NaN,NaN,371.910000,341.780000
NaN,NaN,NaN,NaN,371.910000,341.800000
NaN,NaN,NaN,NaN,371.880000,341.820000
NaN,NaN,NaN,NaN,371.890000,341.830000
NaN,NaN,NaN,NaN,371.900000,341.840000
NaN,NaN,NaN,NaN,371.900000,341.870000
NaN,NaN,NaN,NaN,371.900000,341.880000
NaN,NaN,NaN,NaN,371.910000,341.900000
NaN,NaN,NaN,NaN,371.910000,341.920000
NaN,NaN,NaN,NaN,371.920000,341.940000
NaN,NaN,NaN,NaN,371.910000,341.960000
NaN,NaN,NaN,NaN,371.910000,341.980000
NaN,NaN,NaN,NaN,371.920000,342.000000
NaN,NaN,NaN,NaN,371.910000,342.050000
NaN,NaN,NaN,NaN,371.910000,342.040000
NaN,NaN,NaN,NaN,371.920000,342.060000
NaN,NaN,NaN,NaN,371.920000,342.060000
NaN,NaN,NaN,NaN,371.940000,342.080000
NaN,NaN,NaN,NaN,371.930000,342.090000
NaN,NaN,NaN,NaN,371.920000,342.150000
NaN,NaN,NaN,NaN,371.920000,342.200000
NaN,NaN,NaN,NaN,371.930000,342.230000
NaN,NaN,NaN,NaN,371.930000,342.250000
NaN,NaN,NaN,NaN,371.940000,342.270000
NaN,NaN,NaN,NaN,371.940000,342.340000
NaN,NaN,NaN,NaN,371.950000,342.370000
NaN,NaN,NaN,NaN,371.960000,342.390000
NaN,NaN,NaN,NaN,371.940000,342.440000
NaN,NaN,NaN,NaN,371.960000,342.430000
NaN,NaN,NaN,NaN,371.960000,342.470000
NaN,NaN,NaN,NaN,371.930000,342.730000
NaN,NaN,NaN,NaN,371.960000,342.730000
NaN,NaN,NaN,NaN,371.970000,342.760000
NaN,NaN,NaN,NaN,371.930000,342.810000
NaN,NaN,NaN,NaN,371.920000,342.830000
NaN,NaN,NaN,NaN,371.920000,342.840000
NaN,NaN,NaN,NaN,371.920000,342.890000
NaN,NaN,NaN,NaN,371.950000,342.900000
NaN,NaN,NaN,NaN,371.980000,342.900000
NaN,NaN,NaN,NaN,371.950000,342.930000
NaN,NaN,NaN,NaN,371.980000,342.950000
NaN,NaN,NaN,NaN,371.960000,343.000000
NaN,NaN,NaN,NaN,371.940000,343.040000
NaN,NaN,NaN,NaN,371.930000,343.110000
NaN,NaN,NaN,NaN,371.940000,343.070000
NaN,NaN,NaN,NaN,371.910000,343.190000
NaN,NaN,NaN,NaN,371.930000,343.200000
NaN,NaN,NaN,NaN,371.920000,343.210000
NaN,NaN,NaN,NaN,371.930000,343.220000
NaN,NaN,NaN,NaN,371.920000,343.270000
NaN,NaN,NaN,NaN,371.930000,343.280000
NaN,NaN,NaN,NaN,371.920000,343.380000
NaN,NaN,NaN,NaN,371.880000,343.430000
NaN,NaN,NaN,NaN,371.850000,343.460000
NaN,NaN,NaN,NaN,371.840000,343.490000
NaN,NaN,NaN,NaN,371.790000,343.740000
NaN,NaN,NaN,NaN,371.750000,343.830000
NaN,NaN,NaN,NaN,371.780000,343.810000
NaN,NaN,NaN,NaN,371.660000,343.930000
NaN,NaN,NaN,NaN,374.173454,344.486701
NaN,NaN,NaN,NaN,374.060000,344.130000
NaN,NaN,NaN,NaN,373.980000,344.030000
NaN,NaN,NaN,NaN,373.980000,344.050000
NaN,NaN,NaN,NaN,373.970000,344.060000
NaN,NaN,NaN,NaN,373.960000,344.070000
NaN,NaN,NaN,NaN,373.950000,344.090000
NaN,NaN,NaN,NaN,373.940000,344.100000
NaN,NaN,NaN,NaN,373.920000,344.110000
NaN,NaN,NaN,NaN,373.910000,344.120000
NaN,NaN,NaN,NaN,373.910000,344.140000
NaN,NaN,NaN,NaN,373.900000,344.150000
NaN,NaN,NaN,NaN,373.880000,344.170000
NaN,NaN,NaN,NaN,373.880000,344.170000
NaN,NaN,NaN,NaN,373.880000,344.190000
NaN,NaN,NaN,NaN,373.870000,344.200000
NaN,NaN,NaN,NaN,373.860000,344.220000
NaN,NaN,NaN,NaN,373.860000,344.230000
NaN,NaN,NaN,NaN,373.850000,344.230000
NaN,NaN,NaN,NaN,373.850000,344.230000
NaN,NaN,NaN,NaN,373.850000,344.240000
NaN,NaN,NaN,NaN,373.830000,344.240000
NaN,NaN,NaN,NaN,373.820000,344.260000
NaN,NaN,NaN,NaN,373.810000,344.270000
NaN,NaN,NaN,NaN,373.800000,344.280000
NaN,NaN,NaN,NaN,373.800000,344.300000
NaN,NaN,NaN,NaN,373.800000,344.300000
NaN,NaN,NaN,NaN,373.810000,344.330000
NaN,NaN,NaN,NaN,373.820000,344.370000
NaN,NaN,NaN,NaN,373.810000,344.390000
NaN,NaN,NaN,NaN,373.810000,344.450000
NaN,NaN,NaN,NaN,373.860000,344.700000
NaN,NaN,NaN,NaN,373.850000,344.740000
NaN,NaN,NaN,NaN,373.840000,344.740000
NaN,NaN,NaN,NaN,373.840000,344.780000
NaN,NaN,NaN,NaN,373.810000,344.830000
NaN,NaN,NaN,NaN,373.810000,344.870000
NaN,NaN,NaN,NaN,373.790000,344.910000
NaN,NaN,NaN,NaN,373.760000,344.950000
NaN,NaN,NaN,NaN,373.710000,344.990000
NaN,NaN,NaN,NaN,373.690000,345.030000
NaN,NaN,NaN,NaN,373.650000,345.100000
NaN,NaN,NaN,NaN,373.620000,345.190000
NaN,NaN,NaN,NaN,373.610000,345.290000
NaN,NaN,NaN,NaN,373.610000,345.450000
NaN,NaN,NaN,NaN,373.630000,345.780000
NaN,NaN,NaN,NaN,373.620000,345.830000
NaN,NaN,NaN,NaN,373.650000,345.910000
NaN,NaN,NaN,NaN,373.620000,345.950000
NaN,NaN,NaN,NaN,373.610000,346.020000
NaN,NaN,NaN,NaN,373.640000,346.050000
NaN,NaN,NaN,NaN,373.700000,346.120000
NaN,NaN,NaN,NaN,373.700000,346.210000
NaN,NaN,NaN,NaN,373.710000,346.310000
NaN,NaN,NaN,NaN,373.740000,346.450000
NaN,NaN,NaN,NaN,373.530000,346.910000
NaN,NaN,NaN,NaN,373.050000,347.080000
NaN,NaN,NaN,NaN,373.050000,347.180000
NaN,NaN,NaN,NaN,372.990000,347.320000
NaN,NaN,NaN,NaN,372.990000,347.570000
NaN,NaN,NaN,NaN,372.970000,347.860000
NaN,NaN,NaN,NaN,372.940000,347.970000
NaN,NaN,NaN,NaN,372.920000,348.200000
NaN,NaN,NaN,NaN,372.920000,348.480000
NaN,NaN,NaN,NaN,372.980000,348.810000
NaN,NaN,NaN,NaN,372.890000,348.970000
NaN,NaN,NaN,NaN,372.860000,349.120000
NaN,NaN,NaN,NaN,372.800000,349.280000
NaN,NaN,NaN,NaN,372.810000,349.510000
NaN,NaN,NaN,NaN,372.890000,349.910000
NaN,NaN,NaN,NaN,372.790000,349.960000
NaN,NaN,NaN,NaN,372.820000,350.160000
NaN,NaN,NaN,NaN,372.780000,350.230000
NaN,NaN,NaN,NaN,372.760000,350.370000
NaN,NaN,NaN,NaN,372.820000,350.600000
NaN,NaN,NaN,NaN,372.870000,350.990000
NaN,NaN,NaN,NaN,372.850000,351.090000
NaN,NaN,NaN,NaN,372.810000,351.220000
NaN,NaN,NaN,NaN,372.870000,351.430000
NaN,NaN,NaN,NaN,372.990000,351.870000
NaN,NaN,NaN,NaN,372.960000,351.990000
NaN,NaN,NaN,NaN,372.870000,352.130000
NaN,NaN,NaN,NaN,372.870000,352.260000
NaN,NaN,NaN,NaN,372.790000,352.410000
NaN,NaN,NaN,NaN,372.960000,352.900000
NaN,NaN,NaN,NaN,NaN,NaN
NaN,NaN,NaN,NaN,NaN,NaN
NaN,NaN,NaN,NaN,NaN,NaN
NaN,NaN,NaN,NaN,NaN,NaN
NaN,NaN,NaN,NaN,NaN,NaN
NaN,NaN,NaN,NaN,NaN,NaN
NaN,NaN,NaN,NaN,NaN,NaN
NaN,NaN,NaN,NaN,NaN,NaN
NaN,NaN,NaN,NaN,NaN,NaN
NaN,NaN,NaN,NaN,NaN,NaN
NaN,NaN,NaN,NaN,NaN,NaN
NaN,NaN,NaN,NaN,NaN,NaN
NaN,NaN,NaN,NaN,NaN,NaN
NaN,NaN,NaN,NaN,NaN,NaN
NaN,NaN,NaN,NaN,NaN,NaN
NaN,NaN,NaN,NaN,NaN,NaN
NaN,NaN,NaN,NaN,NaN,NaN
NaN,NaN,NaN,NaN,NaN,NaN
NaN,NaN,NaN,NaN,NaN,NaN
NaN,NaN,NaN,NaN,NaN,NaN
NaN,NaN,NaN,NaN,NaN,NaN
NaN,NaN,NaN,NaN,NaN,NaN
NaN,NaN,NaN,NaN,NaN,NaN
NaN,NaN,NaN,NaN,NaN,NaN
NaN,NaN,NaN,NaN,NaN,NaN
NaN,NaN,NaN,NaN,NaN,NaN
NaN,NaN,NaN,NaN,NaN,NaN
NaN,NaN,NaN,NaN,NaN,NaN
NaN,NaN,NaN,NaN,NaN,NaN
NaN,NaN,NaN,NaN,NaN,NaN
NaN,NaN,NaN,NaN,NaN,NaN
NaN,NaN,NaN,NaN,NaN,NaN
NaN,NaN,NaN,NaN,NaN,NaN
NaN,NaN,NaN,NaN,NaN,NaN
NaN,NaN,NaN,NaN,NaN,NaN
NaN,NaN,NaN,NaN,NaN,NaN
NaN,NaN,NaN,NaN,NaN,NaN
NaN,NaN,NaN,NaN,NaN,NaN
NaN,NaN,NaN,NaN,NaN,NaN
NaN,NaN,NaN,NaN,NaN,NaN
NaN,NaN,NaN,NaN,NaN,NaN
NaN,NaN,NaN,NaN,NaN,NaN
NaN,NaN,NaN,NaN,NaN,NaN
NaN,NaN,NaN,NaN,NaN,NaN
NaN,NaN,NaN,NaN,NaN,NaN
NaN,NaN,NaN,NaN,NaN,NaN
NaN,NaN,NaN,NaN,NaN,NaN
NaN,NaN,NaN,NaN,NaN,NaN
NaN,NaN,NaN,NaN,NaN,NaN
NaN,NaN,NaN,NaN,NaN,NaN
NaN,NaN,NaN,NaN,NaN,NaN
NaN,NaN,NaN,NaN,NaN,NaN
NaN,NaN,NaN,NaN,NaN,NaN
NaN,NaN,NaN,NaN,NaN,NaN
NaN,NaN,NaN,NaN,NaN,NaN
NaN,NaN,NaN,NaN,NaN,NaN
NaN,NaN,NaN,NaN,NaN,NaN
NaN,NaN,NaN,NaN,NaN,NaN
NaN,NaN,NaN,NaN,NaN,NaN
NaN,NaN,NaN,NaN,NaN,NaN
NaN,NaN,NaN,NaN,NaN,NaN
NaN,NaN,NaN,NaN,NaN,NaN
NaN,NaN,NaN,NaN,NaN,NaN
NaN,NaN,NaN,NaN,NaN,NaN
NaN,NaN,NaN,NaN,NaN,NaN
NaN,NaN,NaN,NaN,NaN,NaN
NaN,NaN,NaN,NaN,NaN,NaN
NaN,NaN,NaN,NaN,NaN,NaN
NaN,NaN,NaN,NaN,NaN,NaN
NaN,NaN,NaN,NaN,NaN,NaN
NaN,NaN,NaN,NaN,NaN,NaN
NaN,NaN,NaN,NaN,NaN,NaN
NaN,NaN,NaN,NaN,NaN,NaN
NaN,NaN,NaN,NaN,NaN,NaN
NaN,NaN,NaN,NaN,NaN,NaN
NaN,NaN,NaN,NaN,NaN,NaN
NaN,NaN,NaN,NaN,NaN,NaN
NaN,NaN,NaN,NaN,NaN,NaN
NaN,NaN,NaN,NaN,NaN,NaN
NaN,NaN,NaN,NaN,NaN,NaN
NaN,NaN,NaN,NaN,NaN,NaN
NaN,NaN,NaN,NaN,NaN,NaN
NaN,NaN,NaN,NaN,NaN,NaN
NaN,NaN,NaN,NaN,NaN,NaN
NaN,NaN,NaN,NaN,NaN,NaN
NaN,NaN,NaN,NaN,NaN,NaN
NaN,NaN,NaN,NaN,NaN,NaN
NaN,NaN,NaN,NaN,NaN,NaN
NaN,NaN,NaN,NaN,NaN,NaN
NaN,NaN,NaN,NaN,NaN,NaN
NaN,NaN,NaN,NaN,NaN,NaN
NaN,NaN,NaN,NaN,NaN,NaN
NaN,NaN,NaN,NaN,NaN,NaN
NaN,NaN,NaN,NaN,NaN,NaN
NaN,NaN,NaN,NaN,NaN,NaN
NaN,NaN,NaN,NaN,NaN,NaN
NaN,NaN,NaN,NaN,NaN,NaN
NaN,NaN,NaN,NaN,NaN,NaN
NaN,NaN,NaN,NaN,NaN,NaN
NaN,NaN,NaN,NaN,NaN,NaN
NaN,NaN,NaN,NaN,NaN,NaN
NaN,NaN,NaN,NaN,NaN,NaN
NaN,NaN,NaN,NaN,NaN,NaN
NaN,NaN,NaN,NaN,NaN,NaN
NaN,NaN,NaN,NaN,NaN,NaN
NaN,NaN,NaN,NaN,NaN,NaN
NaN,NaN,NaN,NaN,NaN,NaN
NaN,NaN,NaN,NaN,NaN,NaN
NaN,NaN,NaN,NaN,NaN,NaN
NaN,NaN,NaN,NaN,NaN,NaN
NaN,NaN,NaN,NaN,NaN,NaN
NaN,NaN,NaN,NaN,NaN,NaN
NaN,NaN,NaN,NaN,NaN,NaN
NaN,NaN,NaN,NaN,NaN,NaN
NaN,NaN,NaN,NaN,NaN,NaN
NaN,NaN,NaN,NaN,NaN,NaN
NaN,NaN,NaN,NaN,NaN,NaN
NaN,NaN,NaN,NaN,NaN,NaN
NaN,NaN,NaN,NaN,NaN,NaN
NaN,NaN,NaN,NaN,NaN,NaN
NaN,NaN,NaN,NaN,NaN,NaN
NaN,NaN,NaN,NaN,NaN,NaN
NaN,NaN,NaN,NaN,NaN,NaN
NaN,NaN,NaN,NaN,NaN,NaN
NaN,NaN,NaN,NaN,NaN,NaN
NaN,NaN,NaN,NaN,NaN,NaN
NaN,NaN,NaN,NaN,NaN,NaN
NaN,NaN,NaN,NaN,NaN,NaN
NaN,NaN,NaN,NaN,NaN,NaN
NaN,NaN,NaN,NaN,NaN,NaN
NaN,NaN,NaN,NaN,NaN,NaN
NaN,NaN,NaN,NaN,NaN,NaN
NaN,NaN,NaN,NaN,NaN,NaN
NaN,NaN,NaN,NaN,NaN,NaN
NaN,NaN,NaN,NaN,NaN,NaN
NaN,NaN,NaN,NaN,NaN,NaN
NaN,NaN,NaN,NaN,NaN,NaN
NaN,NaN,NaN,NaN,NaN,NaN
NaN,NaN,NaN,NaN,NaN,NaN
NaN,NaN,NaN,NaN,NaN,NaN
NaN,NaN,NaN,NaN,NaN,NaN
NaN,NaN,NaN,NaN,NaN,NaN
NaN,NaN,NaN,NaN,NaN,NaN
NaN,NaN,NaN,NaN,NaN,NaN
NaN,NaN,NaN,NaN,NaN,NaN
NaN,NaN,NaN,NaN,NaN,NaN
NaN,NaN,NaN,NaN,NaN,NaN
NaN,NaN,NaN,NaN,NaN,NaN
NaN,NaN,NaN,NaN,NaN,NaN
NaN,NaN,NaN,NaN,NaN,NaN
NaN,NaN,NaN,NaN,NaN,NaN
NaN,NaN,NaN,NaN,NaN,NaN
NaN,NaN,NaN,NaN,NaN,NaN
NaN,NaN,NaN,NaN,NaN,NaN
NaN,NaN,NaN,NaN,NaN,NaN
NaN,NaN,NaN,NaN,NaN,NaN
NaN,NaN,NaN,NaN,NaN,NaN
NaN,NaN,NaN,NaN,NaN,NaN
NaN,NaN,NaN,NaN,NaN,NaN
NaN,NaN,NaN,NaN,NaN,NaN
NaN,NaN,NaN,NaN,NaN,NaN
NaN,NaN,NaN,NaN,NaN,NaN
NaN,NaN,NaN,NaN,NaN,NaN
NaN,NaN,NaN,NaN,NaN,NaN
NaN,NaN,NaN,NaN,NaN,NaN
NaN,NaN,NaN,NaN,NaN,NaN
NaN,NaN,NaN,NaN,NaN,NaN
NaN,NaN,NaN,NaN,NaN,NaN
NaN,NaN,NaN,NaN,NaN,NaN
NaN,NaN,NaN,NaN,NaN,NaN
NaN,NaN,NaN,NaN,NaN,NaN
NaN,NaN,NaN,NaN,NaN,NaN
NaN,NaN,NaN,NaN,NaN,NaN
NaN,NaN,NaN,NaN,NaN,NaN
NaN,NaN,NaN,NaN,NaN,NaN
NaN,NaN,NaN,NaN,NaN,NaN
NaN,NaN,NaN,NaN,NaN,NaN
NaN,NaN,NaN,NaN,NaN,NaN
NaN,NaN,NaN,NaN,NaN,NaN
NaN,NaN,NaN,NaN,NaN,NaN
NaN,NaN,NaN,NaN,NaN,NaN
NaN,NaN,NaN,NaN,NaN,NaN
NaN,NaN,NaN,NaN,NaN,NaN
NaN,NaN,NaN,NaN,NaN,NaN
NaN,NaN,NaN,NaN,NaN,NaN
NaN,NaN,NaN,NaN,NaN,NaN
NaN,NaN,NaN,NaN,NaN,NaN
NaN,NaN,NaN,NaN,NaN,NaN
NaN,NaN,NaN,NaN,NaN,NaN
NaN,NaN,NaN,NaN,NaN,NaN
NaN,NaN,NaN,NaN,NaN,NaN
NaN,NaN,NaN,NaN,NaN,NaN
NaN,NaN,NaN,NaN,NaN,NaN
NaN,NaN,NaN,NaN,NaN,NaN
NaN,NaN,NaN,NaN,NaN,NaN
NaN,NaN,NaN,NaN,NaN,NaN
NaN,NaN,NaN,NaN,NaN,NaN
NaN,NaN,NaN,NaN,NaN,NaN
NaN,NaN,NaN,NaN,NaN,NaN
NaN,NaN,NaN,NaN,NaN,NaN
NaN,NaN,NaN,NaN,NaN,NaN
NaN,NaN,NaN,NaN,NaN,NaN
NaN,NaN,NaN,NaN,NaN,NaN
NaN,NaN,NaN,NaN,NaN,NaN
NaN,NaN,NaN,NaN,NaN,NaN
NaN,NaN,NaN,NaN,NaN,NaN
NaN,NaN,NaN,NaN,NaN,NaN
NaN,NaN,NaN,NaN,NaN,NaN
NaN,NaN,NaN,NaN,NaN,NaN
NaN,NaN,NaN,NaN,NaN,NaN
NaN,NaN,NaN,NaN,NaN,NaN
NaN,NaN,NaN,NaN,NaN,NaN
NaN,NaN,NaN,NaN,NaN,NaN
NaN,NaN,NaN,NaN,NaN,NaN
NaN,NaN,NaN,NaN,NaN,NaN
NaN,NaN,NaN,NaN,NaN,NaN
NaN,NaN,NaN,NaN,NaN,NaN
NaN,NaN,NaN,NaN,NaN,NaN
NaN,NaN,NaN,NaN,NaN,NaN
NaN,NaN,NaN,NaN,NaN,NaN
NaN,NaN,NaN,NaN,NaN,NaN
NaN,NaN,NaN,NaN,NaN,NaN
NaN,NaN,NaN,NaN,NaN,NaN
NaN,NaN,NaN,NaN,NaN,NaN
NaN,NaN,NaN,NaN,NaN,NaN
NaN,NaN,NaN,NaN,NaN,NaN
NaN,NaN,NaN,NaN,NaN,NaN
NaN,NaN,NaN,NaN,NaN,NaN
NaN,NaN,NaN,NaN,NaN,NaN
NaN,NaN,NaN,NaN,NaN,NaN
NaN,NaN,NaN,NaN,NaN,NaN
NaN,NaN,NaN,NaN,NaN,NaN
NaN,NaN,NaN,NaN,NaN,NaN
NaN,NaN,NaN,NaN,NaN,NaN
NaN,NaN,NaN,NaN,NaN,NaN
NaN,NaN,NaN,NaN,NaN,NaN
NaN,NaN,NaN,NaN,NaN,NaN
NaN,NaN,NaN,NaN,NaN,NaN
NaN,NaN,NaN,NaN,NaN,NaN
NaN,NaN,NaN,NaN,NaN,NaN
NaN,NaN,NaN,NaN,NaN,NaN
NaN,NaN,NaN,NaN,NaN,NaN
NaN,NaN,NaN,NaN,NaN,NaN
NaN,NaN,NaN,NaN,NaN,NaN
NaN,NaN,NaN,NaN,NaN,NaN
NaN,NaN,NaN,NaN,NaN,NaN
NaN,NaN,NaN,NaN,NaN,NaN
NaN,NaN,NaN,NaN,NaN,NaN
NaN,NaN,NaN,NaN,NaN,NaN
NaN,NaN,NaN,NaN,NaN,NaN
NaN,NaN,NaN,NaN,NaN,NaN
NaN,NaN,NaN,NaN,NaN,NaN
NaN,NaN,NaN,NaN,NaN,NaN
NaN,NaN,NaN,NaN,NaN,NaN
NaN,NaN,NaN,NaN,NaN,NaN
NaN,NaN,NaN,NaN,NaN,NaN
NaN,NaN,NaN,NaN,NaN,NaN
NaN,NaN,NaN,NaN,NaN,NaN
NaN,NaN,NaN,NaN,NaN,NaN
NaN,NaN,NaN,NaN,NaN,NaN
NaN,NaN,NaN,NaN,NaN,NaN
NaN,NaN,NaN,NaN,NaN,NaN
NaN,NaN,NaN,NaN,NaN,NaN
NaN,NaN,NaN,NaN,NaN,NaN
NaN,NaN,NaN,NaN,NaN,NaN
NaN,NaN,NaN,NaN,NaN,NaN
NaN,NaN,NaN,NaN,NaN,NaN
NaN,NaN,NaN,NaN,NaN,NaN
NaN,NaN,NaN,NaN,NaN,NaN
NaN,NaN,NaN,NaN,NaN,NaN
NaN,NaN,NaN,NaN,NaN,NaN
NaN,NaN,NaN,NaN,NaN,NaN
NaN,NaN,NaN,NaN,NaN,NaN
NaN,NaN,NaN,NaN,NaN,NaN
NaN,NaN,NaN,NaN,NaN,NaN
NaN,NaN,NaN,NaN,NaN,NaN
NaN,NaN,NaN,NaN,NaN,NaN
NaN,NaN,NaN,NaN,NaN,NaN
NaN,NaN,NaN,NaN,NaN,NaN
NaN,NaN,NaN,NaN,NaN,NaN
NaN,NaN,NaN,NaN,NaN,NaN
NaN,NaN,NaN,NaN,NaN,NaN
NaN,NaN,NaN,NaN,NaN,NaN
NaN,NaN,NaN,NaN,NaN,NaN
NaN,NaN,NaN,NaN,NaN,NaN
NaN,NaN,NaN,NaN,NaN,NaN
NaN,NaN,NaN,NaN,NaN,NaN
NaN,NaN,NaN,NaN,NaN,NaN
NaN,NaN,NaN,NaN,NaN,NaN
NaN,NaN,NaN,NaN,NaN,NaN
NaN,NaN,NaN,NaN,NaN,NaN
NaN,NaN,NaN,NaN,NaN,NaN
NaN,NaN,NaN,NaN,NaN,NaN
NaN,NaN,NaN,NaN,NaN,NaN
NaN,NaN,NaN,NaN,NaN,NaN
NaN,NaN,NaN,NaN,NaN,NaN
NaN,NaN,NaN,NaN,NaN,NaN
NaN,NaN,NaN,NaN,NaN,NaN
NaN,NaN,NaN,NaN,NaN,NaN
NaN,NaN,NaN,NaN,NaN,NaN
NaN,NaN,NaN,NaN,NaN,NaN
NaN,NaN,NaN,NaN,NaN,NaN
NaN,NaN,NaN,NaN,NaN,NaN
NaN,NaN,NaN,NaN,NaN,NaN
NaN,NaN,NaN,NaN,NaN,NaN
NaN,NaN,NaN,NaN,NaN,NaN
NaN,NaN,NaN,NaN,NaN,NaN
NaN,NaN,NaN,NaN,NaN,NaN
NaN,NaN,NaN,NaN,NaN,NaN
NaN,NaN,NaN,NaN,NaN,NaN
NaN,NaN,NaN,NaN,NaN,NaN
NaN,NaN,NaN,NaN,NaN,NaN
NaN,NaN,NaN,NaN,NaN,NaN
NaN,NaN,NaN,NaN,NaN,NaN
NaN,NaN,NaN,NaN,NaN,NaN
NaN,NaN,NaN,NaN,NaN,NaN
NaN,NaN,NaN,NaN,NaN,NaN
NaN,NaN,NaN,NaN,NaN,NaN
NaN,NaN,NaN,NaN,NaN,NaN
NaN,NaN,NaN,NaN,NaN,NaN
NaN,NaN,NaN,NaN,NaN,NaN
NaN,NaN,NaN,NaN,NaN,NaN
NaN,NaN,NaN,NaN,NaN,NaN
NaN,NaN,NaN,NaN,NaN,NaN
NaN,NaN,NaN,NaN,NaN,NaN
NaN,NaN,NaN,NaN,NaN,NaN
NaN,NaN,NaN,NaN,NaN,NaN
NaN,NaN,NaN,NaN,NaN,NaN
NaN,NaN,NaN,NaN,NaN,NaN
NaN,NaN,NaN,NaN,NaN,NaN
NaN,NaN,NaN,NaN,NaN,NaN
NaN,NaN,NaN,NaN,NaN,NaN
NaN,NaN,NaN,NaN,NaN,NaN
NaN,NaN,NaN,NaN,NaN,NaN
NaN,NaN,NaN,NaN,NaN,NaN
NaN,NaN,NaN,NaN,NaN,NaN
NaN,NaN,NaN,NaN,NaN,NaN
NaN,NaN,NaN,NaN,377.575899,322.539165
NaN,NaN,NaN,NaN,378.020000,323.010000
NaN,NaN,NaN,NaN,378.050000,323.010000
NaN,NaN,NaN,NaN,378.070000,323.010000
NaN,NaN,NaN,NaN,378.100000,323.020000
NaN,NaN,NaN,NaN,378.120000,323.030000
NaN,NaN,NaN,NaN,378.130000,323.040000
NaN,NaN,NaN,NaN,378.140000,323.050000
NaN,NaN,NaN,NaN,378.130000,323.060000
NaN,NaN,NaN,NaN,378.130000,323.080000
NaN,NaN,NaN,NaN,378.130000,323.090000
NaN,NaN,NaN,NaN,378.130000,323.090000
NaN,NaN,NaN,NaN,378.140000,323.100000
NaN,NaN,NaN,NaN,378.140000,323.100000
NaN,NaN,NaN,NaN,378.150000,323.090000
NaN,NaN,NaN,NaN,378.160000,323.100000
NaN,NaN,NaN,NaN,378.170000,323.120000
NaN,NaN,NaN,NaN,378.180000,323.150000
NaN,NaN,NaN,NaN,378.170000,323.160000
NaN,NaN,NaN,NaN,378.160000,323.190000
NaN,NaN,NaN,NaN,378.120000,323.210000
NaN,NaN,NaN,NaN,378.110000,323.220000
NaN,NaN,NaN,NaN,378.120000,323.240000
NaN,NaN,NaN,NaN,378.130000,323.230000
NaN,NaN,NaN,NaN,378.130000,323.220000
NaN,NaN,NaN,NaN,378.140000,323.210000
NaN,NaN,NaN,NaN,378.170000,323.190000
NaN,NaN,NaN,NaN,378.190000,323.160000
NaN,NaN,NaN,NaN,378.190000,323.140000
NaN,NaN,NaN,NaN,378.180000,323.130000
NaN,NaN,NaN,NaN,378.170000,323.160000
NaN,NaN,NaN,NaN,378.140000,323.190000
NaN,NaN,NaN,NaN,378.110000,323.230000
NaN,NaN,NaN,NaN,378.080000,323.260000
NaN,NaN,NaN,NaN,378.050000,323.280000
NaN,NaN,NaN,NaN,378.030000,323.300000
NaN,NaN,NaN,NaN,378.020000,323.270000
NaN,NaN,NaN,NaN,378.000000,323.260000
NaN,NaN,NaN,NaN,378.000000,323.230000
NaN,NaN,NaN,NaN,378.010000,323.210000
NaN,NaN,NaN,NaN,378.030000,323.190000
NaN,NaN,NaN,NaN,378.030000,323.170000
NaN,NaN,NaN,NaN,378.080000,323.180000
NaN,NaN,NaN,NaN,378.080000,323.160000
NaN,NaN,NaN,NaN,380.638100,333.676721
NaN,NaN,NaN,NaN,NaN,NaN
NaN,NaN,NaN,NaN,381.000000,334.200000
NaN,NaN,NaN,NaN,380.950000,334.130000
NaN,NaN,NaN,NaN,380.950000,334.000000
NaN,NaN,NaN,NaN,380.930000,333.990000
NaN,NaN,NaN,NaN,380.920000,333.970000
NaN,NaN,NaN,NaN,380.900000,333.960000
NaN,NaN,NaN,NaN,380.890000,333.940000
NaN,NaN,NaN,NaN,380.890000,333.930000
NaN,NaN,NaN,NaN,380.880000,333.920000
NaN,NaN,NaN,NaN,380.880000,333.900000
NaN,NaN,NaN,NaN,380.890000,333.890000
NaN,NaN,NaN,NaN,380.900000,333.880000
NaN,NaN,NaN,NaN,380.890000,333.860000
NaN,NaN,NaN,NaN,380.880000,333.870000
NaN,NaN,NaN,NaN,380.880000,333.890000
NaN,NaN,NaN,NaN,380.890000,333.890000
NaN,NaN,NaN,NaN,380.890000,333.900000
NaN,NaN,NaN,NaN,380.900000,333.900000
NaN,NaN,NaN,NaN,380.900000,333.910000
NaN,NaN,NaN,NaN,380.910000,333.920000
NaN,NaN,NaN,NaN,380.920000,333.920000
NaN,NaN,NaN,NaN,372.472231,329.418243
NaN,NaN,NaN,NaN,381.090000,333.730000
NaN,NaN,NaN,NaN,380.930000,334.130000
NaN,NaN,NaN,NaN,380.950000,334.090000
NaN,NaN,NaN,NaN,380.920000,333.930000
NaN,NaN,NaN,NaN,380.920000,333.920000
NaN,NaN,NaN,NaN,380.930000,333.910000
NaN,NaN,NaN,NaN,380.930000,333.910000
NaN,NaN,NaN,NaN,380.930000,333.900000
NaN,NaN,NaN,NaN,380.920000,333.890000
NaN,NaN,NaN,NaN,380.930000,333.890000
NaN,NaN,NaN,NaN,380.940000,333.890000
NaN,NaN,NaN,NaN,380.940000,333.890000
NaN,NaN,NaN,NaN,380.920000,333.890000
NaN,NaN,NaN,NaN,380.920000,333.880000
NaN,NaN,NaN,NaN,380.920000,333.880000
NaN,NaN,NaN,NaN,380.920000,333.880000
NaN,NaN,NaN,NaN,380.930000,333.880000
NaN,NaN,NaN,NaN,NaN,NaN
NaN,NaN,NaN,NaN,372.020000,328.990000
NaN,NaN,NaN,NaN,372.020000,328.980000
NaN,NaN,NaN,NaN,372.020000,328.970000
NaN,NaN,NaN,NaN,372.010000,328.960000
NaN,NaN,NaN,NaN,372.010000,328.950000
NaN,NaN,NaN,NaN,372.000000,328.930000
NaN,NaN,NaN,NaN,371.990000,328.910000
NaN,NaN,NaN,NaN,371.990000,328.900000
NaN,NaN,NaN,NaN,371.990000,328.890000
NaN,NaN,NaN,NaN,371.990000,328.890000
NaN,NaN,NaN,NaN,371.990000,328.880000
NaN,NaN,NaN,NaN,371.990000,328.900000
NaN,NaN,NaN,NaN,372.000000,328.890000
NaN,NaN,NaN,NaN,372.000000,328.890000
NaN,NaN,NaN,NaN,372.000000,328.890000
NaN,NaN,NaN,NaN,372.000000,328.880000
NaN,NaN,NaN,NaN,372.020000,328.870000
NaN,NaN,NaN,NaN,372.010000,328.880000
NaN,NaN,NaN,NaN,372.010000,328.880000
NaN,NaN,NaN,NaN,372.000000,328.870000
NaN,NaN,NaN,NaN,371.990000,328.860000
NaN,NaN,NaN,NaN,372.000000,328.860000
NaN,NaN,NaN,NaN,372.000000,328.870000
NaN,NaN,NaN,NaN,372.000000,328.860000
NaN,NaN,NaN,NaN,372.000000,328.860000
NaN,NaN,NaN,NaN,372.000000,328.860000
NaN,NaN,NaN,NaN,371.990000,328.870000
NaN,NaN,NaN,NaN,371.990000,328.870000
NaN,NaN,NaN,NaN,372.000000,328.870000
NaN,NaN,NaN,NaN,372.010000,328.870000
NaN,NaN,NaN,NaN,372.020000,328.880000
NaN,NaN,NaN,NaN,372.010000,328.880000
NaN,NaN,NaN,NaN,372.010000,328.880000
NaN,NaN,NaN,NaN,372.020000,328.880000
NaN,NaN,NaN,NaN,372.020000,328.890000
NaN,NaN,NaN,NaN,372.030000,328.880000
NaN,NaN,NaN,NaN,372.040000,328.880000
NaN,NaN,NaN,NaN,372.040000,328.890000
NaN,NaN,NaN,NaN,372.050000,328.890000
NaN,NaN,NaN,NaN,372.050000,328.890000
NaN,NaN,NaN,NaN,372.050000,328.890000
NaN,NaN,NaN,NaN,372.050000,328.890000
NaN,NaN,NaN,NaN,372.050000,328.900000
NaN,NaN,NaN,NaN,372.060000,328.900000
NaN,NaN,NaN,NaN,372.070000,328.900000
NaN,NaN,NaN,NaN,372.070000,328.900000
NaN,NaN,NaN,NaN,372.070000,328.910000
NaN,NaN,NaN,NaN,372.080000,328.910000
NaN,NaN,NaN,NaN,372.080000,328.920000
NaN,NaN,NaN,NaN,372.080000,328.920000
NaN,NaN,NaN,NaN,372.080000,328.930000
NaN,NaN,NaN,NaN,372.090000,328.930000
NaN,NaN,NaN,NaN,372.090000,328.940000
NaN,NaN,NaN,NaN,372.100000,328.940000
NaN,NaN,NaN,NaN,372.090000,328.950000
NaN,NaN,NaN,NaN,372.100000,328.950000
NaN,NaN,NaN,NaN,372.100000,328.950000
NaN,NaN,NaN,NaN,372.100000,328.960000
NaN,NaN,NaN,NaN,372.090000,328.970000
NaN,NaN,NaN,NaN,372.100000,328.970000
NaN,NaN,NaN,NaN,372.100000,328.970000
NaN,NaN,NaN,NaN,372.110000,328.980000
NaN,NaN,NaN,NaN,372.110000,328.980000
NaN,NaN,NaN,NaN,372.110000,328.980000
NaN,NaN,NaN,NaN,372.110000,328.980000
NaN,NaN,NaN,NaN,372.110000,328.980000
NaN,NaN,NaN,NaN,372.110000,328.980000
NaN,NaN,NaN,NaN,372.110000,328.970000
NaN,NaN,NaN,NaN,372.110000,328.970000
NaN,NaN,NaN,NaN,372.100000,328.980000
NaN,NaN,NaN,NaN,372.100000,328.980000
NaN,NaN,NaN,NaN,372.090000,328.980000
NaN,NaN,NaN,NaN,372.080000,328.980000
NaN,NaN,NaN,NaN,372.070000,328.990000
NaN,NaN,NaN,NaN,372.070000,329.000000
NaN,NaN,NaN,NaN,372.060000,329.000000
NaN,NaN,NaN,NaN,372.050000,329.000000
NaN,NaN,NaN,NaN,372.060000,329.020000
NaN,NaN,NaN,NaN,372.080000,329.010000
NaN,NaN,NaN,NaN,372.090000,328.970000
NaN,NaN,NaN,NaN,372.110000,328.930000
NaN,NaN,NaN,NaN,372.130000,328.920000
NaN,NaN,NaN,NaN,372.130000,328.930000
NaN,NaN,NaN,NaN,372.110000,328.960000
NaN,NaN,NaN,NaN,372.100000,328.970000
NaN,NaN,NaN,NaN,372.100000,328.970000
NaN,NaN,NaN,NaN,372.090000,328.980000
NaN,NaN,NaN,NaN,372.090000,328.980000
NaN,NaN,NaN,NaN,372.090000,328.990000
NaN,NaN,NaN,NaN,372.080000,328.990000
NaN,NaN,NaN,NaN,372.080000,328.990000
NaN,NaN,NaN,NaN,372.080000,329.000000
NaN,NaN,NaN,NaN,372.080000,329.000000
NaN,NaN,NaN,NaN,372.080000,329.000000
NaN,NaN,NaN,NaN,372.080000,329.000000
NaN,NaN,NaN,NaN,372.090000,329.000000
NaN,NaN,NaN,NaN,372.090000,329.000000
NaN,NaN,NaN,NaN,372.090000,329.000000
NaN,NaN,NaN,NaN,372.090000,329.000000
NaN,NaN,NaN,NaN,372.090000,328.990000
NaN,NaN,NaN,NaN,372.090000,329.000000
NaN,NaN,NaN,NaN,372.090000,329.000000
NaN,NaN,NaN,NaN,372.090000,329.010000
NaN,NaN,NaN,NaN,372.090000,329.010000
NaN,NaN,NaN,NaN,372.090000,329.010000
NaN,NaN,NaN,NaN,372.090000,329.000000
NaN,NaN,NaN,NaN,372.110000,329.000000
NaN,NaN,NaN,NaN,372.100000,329.000000
NaN,NaN,NaN,NaN,372.100000,329.010000
NaN,NaN,NaN,NaN,372.100000,329.000000
NaN,NaN,NaN,NaN,372.100000,329.010000
NaN,NaN,NaN,NaN,372.100000,329.010000
NaN,NaN,NaN,NaN,372.100000,329.010000
NaN,NaN,NaN,NaN,372.100000,329.010000
NaN,NaN,NaN,NaN,372.100000,329.020000
NaN,NaN,NaN,NaN,372.100000,329.010000
NaN,NaN,NaN,NaN,372.100000,329.010000
NaN,NaN,NaN,NaN,372.100000,329.010000
NaN,NaN,NaN,NaN,372.100000,329.000000
NaN,NaN,NaN,NaN,372.020000,329.020000
NaN,NaN,NaN,NaN,372.030000,329.020000
NaN,NaN,NaN,NaN,372.100000,329.010000
NaN,NaN,NaN,NaN,372.100000,329.010000
NaN,NaN,NaN,NaN,372.090000,329.010000
NaN,NaN,NaN,NaN,372.090000,329.010000
NaN,NaN,NaN,NaN,372.100000,329.010000
NaN,NaN,NaN,NaN,372.110000,329.010000
NaN,NaN,NaN,NaN,372.110000,329.010000
NaN,NaN,NaN,NaN,372.100000,329.010000
NaN,NaN,NaN,NaN,372.100000,329.010000
NaN,NaN,NaN,NaN,372.090000,329.010000
NaN,NaN,NaN,NaN,372.090000,329.010000
NaN,NaN,NaN,NaN,372.090000,329.010000
NaN,NaN,NaN,NaN,372.100000,329.010000
NaN,NaN,NaN,NaN,372.090000,329.010000
NaN,NaN,NaN,NaN,372.090000,329.010000
NaN,NaN,NaN,NaN,372.100000,329.010000
NaN,NaN,NaN,NaN,372.100000,329.010000
NaN,NaN,NaN,NaN,372.100000,329.010000
NaN,NaN,NaN,NaN,372.090000,329.000000
NaN,NaN,NaN,NaN,372.030000,329.000000
NaN,NaN,NaN,NaN,364.300000,333.570000
NaN,NaN,NaN,NaN,NaN,NaN
NaN,NaN,NaN,NaN,NaN,NaN
NaN,NaN,NaN,NaN,NaN,NaN
NaN,NaN,NaN,NaN,NaN,NaN
NaN,NaN,NaN,NaN,NaN,NaN
NaN,NaN,NaN,NaN,NaN,NaN
NaN,NaN,NaN,NaN,NaN,NaN
NaN,NaN,NaN,NaN,NaN,NaN
NaN,NaN,NaN,NaN,NaN,NaN
NaN,NaN,NaN,NaN,NaN,NaN
NaN,NaN,NaN,NaN,NaN,NaN
NaN,NaN,NaN,NaN,NaN,NaN
NaN,NaN,NaN,NaN,NaN,NaN
NaN,NaN,NaN,NaN,NaN,NaN
NaN,NaN,NaN,NaN,NaN,NaN
NaN,NaN,NaN,NaN,NaN,NaN
NaN,NaN,NaN,NaN,NaN,NaN
NaN,NaN,NaN,NaN,NaN,NaN
NaN,NaN,NaN,NaN,NaN,NaN
NaN,NaN,NaN,NaN,NaN,NaN
NaN,NaN,NaN,NaN,NaN,NaN
NaN,NaN,NaN,NaN,NaN,NaN
NaN,NaN,NaN,NaN,NaN,NaN
NaN,NaN,NaN,NaN,NaN,NaN
NaN,NaN,NaN,NaN,NaN,NaN
NaN,NaN,NaN,NaN,NaN,NaN
NaN,NaN,NaN,NaN,NaN,NaN
NaN,NaN,NaN,NaN,NaN,NaN
NaN,NaN,NaN,NaN,NaN,NaN
NaN,NaN,NaN,NaN,NaN,NaN
NaN,NaN,NaN,NaN,NaN,NaN
NaN,NaN,NaN,NaN,NaN,NaN
NaN,NaN,NaN,NaN,NaN,NaN
NaN,NaN,NaN,NaN,NaN,NaN
NaN,NaN,NaN,NaN,NaN,NaN
NaN,NaN,NaN,NaN,NaN,NaN
NaN,NaN,NaN,NaN,NaN,NaN
NaN,NaN,NaN,NaN,NaN,NaN
NaN,NaN,NaN,NaN,NaN,NaN
NaN,NaN,NaN,NaN,NaN,NaN
NaN,NaN,NaN,NaN,NaN,NaN
NaN,NaN,NaN,NaN,NaN,NaN
NaN,NaN,NaN,NaN,NaN,NaN
NaN,NaN,NaN,NaN,NaN,NaN
NaN,NaN,NaN,NaN,NaN,NaN
NaN,NaN,NaN,NaN,NaN,NaN
NaN,NaN,NaN,NaN,NaN,NaN
NaN,NaN,NaN,NaN,NaN,NaN
NaN,NaN,NaN,NaN,NaN,NaN
NaN,NaN,NaN,NaN,NaN,NaN
NaN,NaN,NaN,NaN,NaN,NaN
NaN,NaN,NaN,NaN,NaN,NaN
NaN,NaN,NaN,NaN,NaN,NaN
NaN,NaN,NaN,NaN,NaN,NaN
NaN,NaN,NaN,NaN,NaN,NaN
NaN,NaN,NaN,NaN,NaN,NaN
NaN,NaN,NaN,NaN,NaN,NaN
NaN,NaN,NaN,NaN,NaN,NaN
NaN,NaN,NaN,NaN,NaN,NaN
NaN,NaN,NaN,NaN,NaN,NaN
NaN,NaN,NaN,NaN,NaN,NaN
NaN,NaN,NaN,NaN,NaN,NaN
NaN,NaN,NaN,NaN,NaN,NaN
NaN,NaN,NaN,NaN,NaN,NaN
NaN,NaN,NaN,NaN,NaN,NaN
NaN,NaN,NaN,NaN,NaN,NaN
NaN,NaN,NaN,NaN,NaN,NaN
NaN,NaN,NaN,NaN,NaN,NaN
NaN,NaN,NaN,NaN,NaN,NaN
NaN,NaN,NaN,NaN,NaN,NaN
NaN,NaN,NaN,NaN,NaN,NaN
NaN,NaN,NaN,NaN,NaN,NaN
NaN,NaN,NaN,NaN,NaN,NaN
NaN,NaN,NaN,NaN,NaN,NaN
NaN,NaN,NaN,NaN,NaN,NaN
NaN,NaN,NaN,NaN,NaN,NaN
NaN,NaN,NaN,NaN,NaN,NaN
NaN,NaN,NaN,NaN,NaN,NaN
NaN,NaN,NaN,NaN,NaN,NaN
NaN,NaN,NaN,NaN,NaN,NaN
NaN,NaN,NaN,NaN,NaN,NaN
NaN,NaN,NaN,NaN,NaN,NaN
NaN,NaN,NaN,NaN,NaN,NaN
NaN,NaN,NaN,NaN,NaN,NaN
NaN,NaN,NaN,NaN,NaN,NaN
NaN,NaN,NaN,NaN,NaN,NaN
NaN,NaN,NaN,NaN,NaN,NaN
NaN,NaN,NaN,NaN,NaN,NaN
NaN,NaN,NaN,NaN,NaN,NaN
NaN,NaN,NaN,NaN,NaN,NaN
NaN,NaN,NaN,NaN,NaN,NaN
NaN,NaN,NaN,NaN,NaN,NaN
NaN,NaN,NaN,NaN,NaN,NaN
NaN,NaN,NaN,NaN,NaN,NaN
NaN,NaN,NaN,NaN,NaN,NaN
NaN,NaN,NaN,NaN,NaN,NaN
NaN,NaN,NaN,NaN,NaN,NaN
NaN,NaN,NaN,NaN,NaN,NaN
NaN,NaN,NaN,NaN,NaN,NaN
NaN,NaN,NaN,NaN,NaN,NaN
NaN,NaN,NaN,NaN,NaN,NaN
NaN,NaN,NaN,NaN,NaN,NaN
NaN,NaN,NaN,NaN,NaN,NaN
NaN,NaN,NaN,NaN,NaN,NaN
NaN,NaN,NaN,NaN,NaN,NaN
NaN,NaN,NaN,NaN,NaN,NaN
NaN,NaN,NaN,NaN,NaN,NaN
NaN,NaN,NaN,NaN,NaN,NaN
NaN,NaN,NaN,NaN,NaN,NaN
NaN,NaN,NaN,NaN,NaN,NaN
NaN,NaN,NaN,NaN,NaN,NaN
NaN,NaN,NaN,NaN,NaN,NaN
NaN,NaN,NaN,NaN,NaN,NaN
NaN,NaN,NaN,NaN,NaN,NaN
NaN,NaN,NaN,NaN,NaN,NaN
NaN,NaN,NaN,NaN,NaN,NaN
NaN,NaN,NaN,NaN,NaN,NaN
NaN,NaN,NaN,NaN,NaN,NaN
NaN,NaN,NaN,NaN,NaN,NaN
NaN,NaN,NaN,NaN,NaN,NaN
NaN,NaN,NaN,NaN,NaN,NaN
NaN,NaN,NaN,NaN,NaN,NaN
NaN,NaN,NaN,NaN,NaN,NaN
NaN,NaN,NaN,NaN,NaN,NaN
NaN,NaN,NaN,NaN,NaN,NaN
NaN,NaN,NaN,NaN,NaN,NaN
NaN,NaN,NaN,NaN,NaN,NaN
NaN,NaN,NaN,NaN,NaN,NaN
NaN,NaN,NaN,NaN,NaN,NaN
NaN,NaN,NaN,NaN,NaN,NaN
NaN,NaN,NaN,NaN,NaN,NaN
NaN,NaN,NaN,NaN,NaN,NaN
NaN,NaN,NaN,NaN,NaN,NaN
NaN,NaN,NaN,NaN,NaN,NaN
NaN,NaN,NaN,NaN,NaN,NaN
NaN,NaN,NaN,NaN,NaN,NaN
NaN,NaN,NaN,NaN,NaN,NaN
NaN,NaN,NaN,NaN,NaN,NaN
NaN,NaN,NaN,NaN,NaN,NaN
NaN,NaN,NaN,NaN,NaN,NaN
NaN,NaN,NaN,NaN,NaN,NaN
NaN,NaN,NaN,NaN,NaN,NaN
NaN,NaN,NaN,NaN,NaN,NaN
NaN,NaN,NaN,NaN,NaN,NaN
NaN,NaN,NaN,NaN,NaN,NaN
NaN,NaN,NaN,NaN,NaN,NaN
NaN,NaN,NaN,NaN,NaN,NaN
NaN,NaN,NaN,NaN,NaN,NaN
NaN,NaN,NaN,NaN,NaN,NaN
NaN,NaN,NaN,NaN,NaN,NaN
NaN,NaN,NaN,NaN,NaN,NaN
NaN,NaN,NaN,NaN,NaN,NaN
NaN,NaN,NaN,NaN,NaN,NaN
NaN,NaN,NaN,NaN,NaN,NaN
NaN,NaN,NaN,NaN,NaN,NaN
NaN,NaN,NaN,NaN,NaN,NaN
NaN,NaN,NaN,NaN,NaN,NaN
NaN,NaN,NaN,NaN,NaN,NaN
NaN,NaN,NaN,NaN,NaN,NaN
NaN,NaN,NaN,NaN,NaN,NaN
NaN,NaN,NaN,NaN,NaN,NaN
NaN,NaN,NaN,NaN,NaN,NaN
NaN,NaN,NaN,NaN,NaN,NaN
NaN,NaN,NaN,NaN,NaN,NaN
NaN,NaN,NaN,NaN,NaN,NaN
NaN,NaN,NaN,NaN,NaN,NaN
NaN,NaN,NaN,NaN,NaN,NaN
NaN,NaN,NaN,NaN,NaN,NaN
NaN,NaN,NaN,NaN,NaN,NaN
NaN,NaN,NaN,NaN,NaN,NaN
NaN,NaN,NaN,NaN,NaN,NaN
NaN,NaN,NaN,NaN,NaN,NaN
NaN,NaN,NaN,NaN,NaN,NaN
NaN,NaN,NaN,NaN,NaN,NaN
NaN,NaN,NaN,NaN,NaN,NaN
NaN,NaN,NaN,NaN,NaN,NaN
NaN,NaN,NaN,NaN,NaN,NaN
NaN,NaN,NaN,NaN,NaN,NaN
NaN,NaN,NaN,NaN,NaN,NaN
NaN,NaN,NaN,NaN,NaN,NaN
NaN,NaN,NaN,NaN,NaN,NaN
NaN,NaN,NaN,NaN,NaN,NaN
NaN,NaN,NaN,NaN,NaN,NaN
NaN,NaN,NaN,NaN,NaN,NaN
NaN,NaN,NaN,NaN,NaN,NaN
NaN,NaN,NaN,NaN,NaN,NaN
NaN,NaN,NaN,NaN,NaN,NaN
NaN,NaN,NaN,NaN,NaN,NaN
NaN,NaN,NaN,NaN,NaN,NaN
NaN,NaN,NaN,NaN,NaN,NaN
NaN,NaN,NaN,NaN,NaN,NaN
NaN,NaN,NaN,NaN,NaN,NaN
NaN,NaN,NaN,NaN,NaN,NaN
NaN,NaN,NaN,NaN,NaN,NaN
NaN,NaN,NaN,NaN,NaN,NaN
NaN,NaN,NaN,NaN,NaN,NaN
NaN,NaN,NaN,NaN,NaN,NaN
NaN,NaN,NaN,NaN,NaN,NaN
NaN,NaN,NaN,NaN,NaN,NaN
NaN,NaN,NaN,NaN,NaN,NaN
NaN,NaN,NaN,NaN,NaN,NaN
NaN,NaN,NaN,NaN,NaN,NaN
NaN,NaN,NaN,NaN,NaN,NaN
NaN,NaN,NaN,NaN,NaN,NaN
NaN,NaN,NaN,NaN,NaN,NaN
NaN,NaN,NaN,NaN,NaN,NaN
NaN,NaN,NaN,NaN,NaN,NaN
NaN,NaN,NaN,NaN,NaN,NaN
NaN,NaN,NaN,NaN,NaN,NaN
NaN,NaN,NaN,NaN,NaN,NaN
NaN,NaN,NaN,NaN,NaN,NaN
NaN,NaN,NaN,NaN,NaN,NaN
NaN,NaN,NaN,NaN,NaN,NaN
NaN,NaN,NaN,NaN,NaN,NaN
NaN,NaN,NaN,NaN,NaN,NaN
NaN,NaN,NaN,NaN,NaN,NaN
NaN,NaN,NaN,NaN,NaN,NaN
NaN,NaN,NaN,NaN,NaN,NaN
NaN,NaN,NaN,NaN,NaN,NaN
NaN,NaN,NaN,NaN,NaN,NaN
NaN,NaN,NaN,NaN,NaN,NaN
NaN,NaN,NaN,NaN,NaN,NaN
NaN,NaN,NaN,NaN,NaN,NaN
NaN,NaN,NaN,NaN,NaN,NaN
NaN,NaN,NaN,NaN,NaN,NaN
NaN,NaN,NaN,NaN,NaN,NaN
NaN,NaN,NaN,NaN,NaN,NaN
NaN,NaN,NaN,NaN,NaN,NaN
NaN,NaN,NaN,NaN,NaN,NaN
NaN,NaN,NaN,NaN,NaN,NaN
NaN,NaN,NaN,NaN,NaN,NaN
NaN,NaN,NaN,NaN,NaN,NaN
NaN,NaN,NaN,NaN,NaN,NaN
NaN,NaN,NaN,NaN,NaN,NaN
NaN,NaN,NaN,NaN,NaN,NaN
NaN,NaN,NaN,NaN,NaN,NaN
NaN,NaN,NaN,NaN,NaN,NaN
NaN,NaN,NaN,NaN,NaN,NaN
NaN,NaN,NaN,NaN,NaN,NaN
NaN,NaN,NaN,NaN,NaN,NaN
NaN,NaN,NaN,NaN,NaN,NaN
NaN,NaN,NaN,NaN,NaN,NaN
NaN,NaN,NaN,NaN,NaN,NaN
NaN,NaN,NaN,NaN,NaN,NaN
NaN,NaN,NaN,NaN,NaN,NaN
NaN,NaN,NaN,NaN,NaN,NaN
NaN,NaN,NaN,NaN,NaN,NaN
NaN,NaN,NaN,NaN,NaN,NaN
NaN,NaN,NaN,NaN,NaN,NaN
NaN,NaN,NaN,NaN,NaN,NaN
NaN,NaN,NaN,NaN,NaN,NaN
NaN,NaN,NaN,NaN,NaN,NaN
NaN,NaN,NaN,NaN,NaN,NaN
NaN,NaN,NaN,NaN,NaN,NaN
NaN,NaN,NaN,NaN,NaN,NaN
NaN,NaN,NaN,NaN,NaN,NaN
NaN,NaN,NaN,NaN,NaN,NaN
NaN,NaN,NaN,NaN,NaN,NaN
NaN,NaN,NaN,NaN,NaN,NaN
NaN,NaN,NaN,NaN,NaN,NaN
NaN,NaN,NaN,NaN,NaN,NaN
NaN,NaN,NaN,NaN,NaN,NaN
NaN,NaN,NaN,NaN,NaN,NaN
NaN,NaN,NaN,NaN,NaN,NaN
NaN,NaN,NaN,NaN,NaN,NaN
NaN,NaN,NaN,NaN,NaN,NaN
NaN,NaN,NaN,NaN,NaN,NaN
NaN,NaN,NaN,NaN,NaN,NaN
NaN,NaN,NaN,NaN,NaN,NaN
NaN,NaN,NaN,NaN,NaN,NaN
NaN,NaN,NaN,NaN,NaN,NaN
NaN,NaN,NaN,NaN,NaN,NaN
NaN,NaN,NaN,NaN,NaN,NaN
NaN,NaN,NaN,NaN,NaN,NaN
NaN,NaN,NaN,NaN,NaN,NaN
NaN,NaN,NaN,NaN,NaN,NaN
NaN,NaN,NaN,NaN,NaN,NaN
NaN,NaN,NaN,NaN,NaN,NaN
NaN,NaN,NaN,NaN,NaN,NaN
NaN,NaN,NaN,NaN,NaN,NaN
NaN,NaN,NaN,NaN,NaN,NaN
NaN,NaN,NaN,NaN,NaN,NaN
NaN,NaN,NaN,NaN,NaN,NaN
NaN,NaN,NaN,NaN,NaN,NaN
NaN,NaN,NaN,NaN,NaN,NaN
NaN,NaN,NaN,NaN,NaN,NaN
NaN,NaN,NaN,NaN,NaN,NaN
NaN,NaN,NaN,NaN,NaN,NaN
NaN,NaN,NaN,NaN,NaN,NaN
NaN,NaN,NaN,NaN,NaN,NaN
NaN,NaN,NaN,NaN,NaN,NaN
NaN,NaN,NaN,NaN,NaN,NaN
NaN,NaN,NaN,NaN,NaN,NaN
NaN,NaN,NaN,NaN,NaN,NaN
NaN,NaN,NaN,NaN,NaN,NaN
NaN,NaN,NaN,NaN,NaN,NaN
NaN,NaN,NaN,NaN,NaN,NaN
NaN,NaN,NaN,NaN,NaN,NaN
NaN,NaN,NaN,NaN,NaN,NaN
NaN,NaN,NaN,NaN,NaN,NaN
NaN,NaN,NaN,NaN,NaN,NaN
NaN,NaN,NaN,NaN,NaN,NaN
NaN,NaN,NaN,NaN,NaN,NaN
NaN,NaN,NaN,NaN,NaN,NaN
NaN,NaN,NaN,NaN,NaN,NaN
NaN,NaN,NaN,NaN,NaN,NaN
NaN,NaN,NaN,NaN,NaN,NaN
NaN,NaN,NaN,NaN,NaN,NaN
NaN,NaN,NaN,NaN,NaN,NaN
NaN,NaN,NaN,NaN,NaN,NaN
NaN,NaN,NaN,NaN,NaN,NaN
NaN,NaN,NaN,NaN,NaN,NaN
NaN,NaN,NaN,NaN,NaN,NaN
NaN,NaN,NaN,NaN,NaN,NaN
NaN,NaN,NaN,NaN,NaN,NaN
NaN,NaN,NaN,NaN,NaN,NaN
NaN,NaN,NaN,NaN,NaN,NaN
NaN,NaN,NaN,NaN,NaN,NaN
NaN,NaN,NaN,NaN,NaN,NaN
NaN,NaN,NaN,NaN,NaN,NaN
NaN,NaN,NaN,NaN,NaN,NaN
NaN,NaN,NaN,NaN,NaN,NaN
NaN,NaN,NaN,NaN,NaN,NaN
NaN,NaN,NaN,NaN,NaN,NaN
NaN,NaN,NaN,NaN,NaN,NaN
NaN,NaN,NaN,NaN,NaN,NaN
NaN,NaN,NaN,NaN,NaN,NaN
NaN,NaN,NaN,NaN,NaN,NaN
NaN,NaN,NaN,NaN,NaN,NaN
NaN,NaN,NaN,NaN,NaN,NaN
NaN,NaN,NaN,NaN,NaN,NaN
NaN,NaN,NaN,NaN,NaN,NaN
NaN,NaN,NaN,NaN,NaN,NaN
NaN,NaN,NaN,NaN,NaN,NaN
NaN,NaN,NaN,NaN,NaN,NaN
NaN,NaN,NaN,NaN,NaN,NaN
NaN,NaN,NaN,NaN,NaN,NaN
NaN,NaN,NaN,NaN,NaN,NaN
NaN,NaN,NaN,NaN,NaN,NaN
NaN,NaN,NaN,NaN,NaN,NaN
NaN,NaN,NaN,NaN,NaN,NaN
NaN,NaN,NaN,NaN,NaN,NaN
NaN,NaN,NaN,NaN,NaN,NaN
NaN,NaN,NaN,NaN,NaN,NaN
NaN,NaN,NaN,NaN,NaN,NaN
NaN,NaN,NaN,NaN,NaN,NaN
NaN,NaN,NaN,NaN,NaN,NaN
NaN,NaN,NaN,NaN,NaN,NaN
NaN,NaN,NaN,NaN,NaN,NaN
NaN,NaN,NaN,NaN,NaN,NaN
NaN,NaN,NaN,NaN,NaN,NaN
NaN,NaN,NaN,NaN,NaN,NaN
NaN,NaN,NaN,NaN,NaN,NaN
NaN,NaN,NaN,NaN,NaN,NaN
NaN,NaN,NaN,NaN,NaN,NaN
NaN,NaN,NaN,NaN,NaN,NaN
NaN,NaN,NaN,NaN,NaN,NaN
NaN,NaN,NaN,NaN,NaN,NaN
NaN,NaN,NaN,NaN,NaN,NaN
NaN,NaN,NaN,NaN,NaN,NaN
NaN,NaN,NaN,NaN,NaN,NaN
NaN,NaN,NaN,NaN,NaN,NaN
NaN,NaN,NaN,NaN,NaN,NaN
NaN,NaN,NaN,NaN,NaN,NaN
NaN,NaN,NaN,NaN,NaN,NaN
NaN,NaN,NaN,NaN,NaN,NaN
NaN,NaN,NaN,NaN,NaN,NaN
NaN,NaN,NaN,NaN,NaN,NaN
NaN,NaN,NaN,NaN,NaN,NaN
NaN,NaN,NaN,NaN,NaN,NaN
NaN,NaN,NaN,NaN,NaN,NaN
NaN,NaN,NaN,NaN,NaN,NaN
NaN,NaN,NaN,NaN,NaN,NaN
NaN,NaN,NaN,NaN,NaN,NaN
NaN,NaN,NaN,NaN,NaN,NaN
NaN,NaN,NaN,NaN,NaN,NaN
NaN,NaN,NaN,NaN,NaN,NaN
NaN,NaN,NaN,NaN,NaN,NaN
NaN,NaN,NaN,NaN,NaN,NaN
NaN,NaN,NaN,NaN,NaN,NaN
NaN,NaN,NaN,NaN,NaN,NaN
NaN,NaN,NaN,NaN,NaN,NaN
NaN,NaN,NaN,NaN,NaN,NaN
NaN,NaN,NaN,NaN,NaN,NaN
NaN,NaN,NaN,NaN,NaN,NaN
NaN,NaN,NaN,NaN,NaN,NaN
NaN,NaN,NaN,NaN,NaN,NaN
NaN,NaN,NaN,NaN,NaN,NaN
NaN,NaN,NaN,NaN,NaN,NaN
NaN,NaN,NaN,NaN,NaN,NaN
NaN,NaN,NaN,NaN,NaN,NaN
NaN,NaN,NaN,NaN,NaN,NaN
NaN,NaN,NaN,NaN,NaN,NaN
NaN,NaN,NaN,NaN,NaN,NaN
NaN,NaN,NaN,NaN,NaN,NaN
NaN,NaN,NaN,NaN,NaN,NaN
NaN,NaN,NaN,NaN,NaN,NaN
NaN,NaN,NaN,NaN,NaN,NaN
NaN,NaN,NaN,NaN,NaN,NaN
NaN,NaN,NaN,NaN,NaN,NaN
NaN,NaN,NaN,NaN,NaN,NaN
NaN,NaN,NaN,NaN,NaN,NaN
NaN,NaN,NaN,NaN,NaN,NaN
NaN,NaN,NaN,NaN,NaN,NaN
NaN,NaN,NaN,NaN,NaN,NaN
NaN,NaN,NaN,NaN,NaN,NaN
NaN,NaN,NaN,NaN,NaN,NaN
NaN,NaN,NaN,NaN,NaN,NaN
NaN,NaN,NaN,NaN,NaN,NaN
NaN,NaN,NaN,NaN,NaN,NaN
NaN,NaN,NaN,NaN,NaN,NaN
NaN,NaN,NaN,NaN,NaN,NaN
NaN,NaN,NaN,NaN,NaN,NaN
NaN,NaN,NaN,NaN,NaN,NaN
NaN,NaN,NaN,NaN,NaN,NaN
