pt1_cam1_X,pt1_cam1_Y,pt2_cam1_X,pt2_cam1_Y,pt3_cam1_X,pt3_cam1_Y
NaN,NaN,892.233778,133.716957,1039.690721,67.187679
NaN,NaN,892.240000,133.930000,1040.000000,66.990000
NaN,NaN,892.570000,133.900000,1040.000000,67.000000
NaN,NaN,893.000000,133.880000,1040.000000,67.000000
NaN,NaN,893.290000,133.800000,1039.990000,67.000000
NaN,NaN,893.820000,133.790000,1039.990000,67.000000
NaN,NaN,894.080000,133.740000,1039.980000,67.000000
NaN,NaN,894.640000,133.740000,1039.990000,67.000000
NaN,NaN,894.940000,133.710000,1039.980000,67.000000
NaN,NaN,895.270000,133.670000,1039.980000,67.000000
NaN,NaN,895.840000,133.750000,1039.970000,67.010000
NaN,NaN,896.160000,133.730000,1039.960000,67.000000
NaN,NaN,896.800000,133.810000,1039.960000,67.000000
NaN,NaN,897.070000,133.740000,1039.960000,66.990000
NaN,NaN,897.470000,133.730000,1039.950000,66.980000
NaN,NaN,898.070000,133.740000,1039.930000,66.980000
NaN,NaN,898.730000,133.800000,1039.920000,66.970000
NaN,NaN,899.060000,133.720000,1039.920000,66.980000
NaN,NaN,899.450000,133.670000,1039.920000,66.980000
NaN,NaN,900.050000,133.650000,1039.910000,66.970000
NaN,NaN,900.750000,133.660000,1039.900000,66.960000
NaN,NaN,901.020000,133.560000,1039.910000,66.960000
NaN,NaN,901.090000,132.650000,1039.890000,66.940000
NaN,NaN,901.190000,131.700000,1039.880000,66.940000
NaN,NaN,901.240000,130.740000,1039.870000,66.940000
NaN,NaN,901.330000,129.760000,1039.870000,66.930000
NaN,NaN,901.420000,128.750000,1039.860000,66.920000
NaN,NaN,901.820000,127.890000,1039.870000,66.920000
NaN,NaN,901.910000,126.930000,1039.860000,66.920000
NaN,NaN,902.010000,125.980000,1039.850000,66.920000
NaN,NaN,902.130000,124.990000,1039.840000,66.910000
NaN,NaN,902.240000,124.050000,1039.830000,66.910000
NaN,NaN,902.300000,123.110000,1039.830000,66.910000
NaN,NaN,902.430000,122.200000,1039.830000,66.910000
NaN,NaN,904.423552,121.428110,1039.840000,66.910000
NaN,NaN,904.240000,120.960000,1039.840000,66.910000
NaN,NaN,904.170000,120.440000,1039.840000,66.900000
NaN,NaN,904.340000,120.340000,1039.850000,66.890000
NaN,NaN,904.580000,120.250000,1039.840000,66.910000
NaN,NaN,905.130000,120.070000,1039.850000,66.890000
NaN,NaN,905.910000,119.870000,1039.860000,66.890000
NaN,NaN,906.630000,119.730000,1039.850000,66.900000
NaN,NaN,906.920000,119.600000,1039.850000,66.900000
NaN,NaN,907.040000,118.810000,1039.870000,66.900000
NaN,NaN,907.060000,118.000000,1039.860000,66.890000
NaN,NaN,907.090000,117.190000,1039.890000,66.900000
NaN,NaN,907.180000,116.470000,1039.880000,66.900000
NaN,NaN,907.610000,116.380000,1039.880000,66.900000
NaN,NaN,908.030000,116.250000,1039.880000,66.900000
NaN,NaN,908.420000,116.110000,1039.870000,66.900000
NaN,NaN,908.980000,115.960000,1039.880000,66.900000
NaN,NaN,909.660000,115.900000,1039.870000,66.900000
NaN,NaN,910.060000,115.800000,1039.870000,66.890000
NaN,NaN,910.650000,115.750000,1039.870000,66.900000
NaN,NaN,911.020000,115.660000,1039.880000,66.890000
NaN,NaN,911.490000,115.640000,1039.880000,66.890000
NaN,NaN,912.040000,115.510000,1039.890000,66.890000
NaN,NaN,912.680000,114.880000,1039.880000,66.900000
NaN,NaN,912.740000,114.010000,1039.890000,66.900000
NaN,NaN,912.830000,113.150000,1039.900000,66.900000
NaN,NaN,912.900000,112.300000,1039.900000,66.910000
NaN,NaN,913.860796,111.258029,1039.900000,66.900000
912.681141,110.834276,914.700000,110.470000,1039.910000,66.900000
912.681141,110.834276,915.370000,110.370000,1039.920000,66.910000
914.254015,110.834276,915.640000,110.240000,1039.920000,66.910000
915.040452,110.834276,915.810000,110.130000,1039.930000,66.900000
917.399763,110.834276,915.980000,110.040000,1039.930000,66.900000
918.972637,109.986769,916.140000,109.940000,1039.940000,66.890000
920.545511,109.563015,916.410000,109.820000,1039.940000,66.890000
920.938729,109.563015,917.120000,109.710000,1039.940000,66.890000
922.118385,109.563015,917.920000,109.660000,1039.940000,66.880000
922.118385,109.563015,918.720000,109.640000,1039.940000,66.880000
924.477696,109.139262,919.470000,109.620000,1039.940000,66.870000
926.050570,108.715509,919.710000,109.280000,1039.940000,66.870000
926.050570,108.715509,919.810000,108.720000,1039.950000,66.860000
927.623444,107.868002,919.930000,108.000000,1039.950000,66.830000
929.196318,107.444249,920.080000,107.360000,1039.970000,66.820000
931.555629,106.596742,920.330000,107.220000,1039.970000,66.830000
933.128503,105.749235,921.040000,107.140000,1039.950000,66.830000
933.521722,104.901728,921.820000,107.090000,1039.960000,66.830000
933.914940,104.901728,922.610000,107.050000,1039.950000,66.830000
933.914940,104.901728,922.830000,106.940000,1039.960000,66.830000
933.914940,104.901728,923.040000,106.820000,1039.960000,66.840000
933.914940,104.901728,923.260000,106.690000,1039.970000,66.830000
933.914940,104.901728,923.520000,106.590000,1039.970000,66.830000
935.094596,104.477975,924.160000,105.950000,1039.970000,66.830000
935.881033,104.054222,924.870000,105.310000,1039.980000,66.820000
938.633563,103.206715,925.680000,105.270000,1039.980000,66.820000
939.813218,102.782962,925.880000,105.140000,1039.980000,66.820000
942.172529,102.782962,926.100000,105.020000,1039.980000,66.810000
943.745403,102.359208,926.330000,104.960000,1040.000000,66.840000
943.745403,102.359208,927.100000,104.900000,1039.980000,66.830000
943.745403,102.359208,927.900000,104.830000,1040.000000,66.830000
946.104714,100.664195,928.720000,104.790000,1040.010000,66.820000
946.104714,100.664195,929.460000,104.770000,1040.010000,66.820000
946.104714,100.664195,929.740000,104.580000,1040.010000,66.840000
946.104714,100.664195,929.890000,103.910000,1040.030000,66.830000
946.104714,100.664195,929.980000,103.190000,1040.030000,66.840000
946.497933,100.664195,930.100000,102.730000,1040.030000,66.840000
948.070807,99.816688,930.300000,102.480000,1040.040000,66.840000
950.823337,98.545428,930.750000,102.280000,1040.040000,66.840000
951.609774,98.545428,931.340000,102.250000,1040.050000,66.840000
952.002992,98.121675,932.090000,102.210000,1040.060000,66.850000
953.182648,98.121675,932.890000,102.130000,1040.070000,66.860000
955.148740,97.697921,933.700000,102.100000,1040.090000,66.870000
955.935177,97.697921,934.530000,102.060000,1040.100000,66.880000
956.328396,97.697921,934.770000,101.930000,1040.110000,66.890000
959.867363,96.426661,934.950000,101.740000,1040.110000,66.890000
960.260581,96.426661,935.130000,101.560000,1040.120000,66.900000
961.833455,96.426661,935.350000,100.900000,1040.120000,66.890000
962.226674,96.426661,936.030000,100.220000,1040.130000,66.890000
962.226674,96.426661,936.820000,100.140000,1040.140000,66.890000
962.226674,96.426661,937.610000,100.090000,1040.150000,66.890000
962.226674,96.426661,937.840000,99.960000,1040.160000,66.890000
962.226674,96.426661,938.030000,99.820000,1040.190000,66.900000
962.226674,96.426661,938.250000,99.700000,1040.180000,66.900000
962.226674,96.426661,938.560000,99.580000,1040.180000,66.900000
962.226674,96.426661,939.210000,98.900000,1040.200000,66.910000
962.226674,96.426661,939.930000,98.240000,1040.230000,66.910000
962.226674,96.426661,940.740000,98.160000,1040.260000,66.930000
962.226674,96.426661,941.490000,98.100000,1040.310000,66.940000
963.799548,96.426661,941.760000,97.960000,1040.300000,66.950000
968.518170,96.002908,941.960000,97.830000,1040.300000,66.950000
969.304607,95.579155,942.190000,97.690000,1040.320000,66.950000
970.484262,95.155401,942.480000,97.550000,1040.380000,66.970000
972.450355,94.307894,943.150000,96.890000,1040.460000,66.970000
972.450355,94.307894,943.900000,96.210000,1040.850000,67.000000
972.450355,94.307894,944.710000,96.150000,1040.890000,67.030000
973.236792,94.307894,945.450000,96.110000,1040.920000,67.050000
973.630011,94.307894,945.710000,95.950000,1040.950000,67.050000
973.630011,94.307894,945.910000,95.800000,1040.960000,67.050000
974.023229,94.307894,946.090000,95.640000,1040.960000,67.040000
976.382540,93.884141,946.300000,94.920000,1040.960000,67.020000
979.135070,93.036634,946.990000,94.240000,1040.940000,67.000000
981.101162,92.612881,947.770000,94.190000,1040.950000,67.000000
981.494381,92.189128,948.540000,94.140000,1040.970000,66.980000
983.853692,91.341621,948.810000,94.000000,1040.950000,66.970000
985.819785,90.494114,949.000000,93.830000,1040.930000,66.970000
987.785877,89.646607,949.230000,93.710000,1040.920000,66.950000
988.965533,89.646607,949.560000,93.550000,1040.920000,66.960000
988.965533,89.646607,950.160000,92.860000,1040.910000,66.950000
988.965533,87.104087,950.880000,92.200000,1040.920000,66.950000
988.965533,87.104087,951.670000,92.150000,1040.930000,66.950000
988.965533,87.104087,951.880000,92.000000,1040.950000,66.970000
989.358751,87.104087,952.080000,91.860000,1040.950000,66.970000
993.684155,83.714060,952.340000,91.740000,1040.980000,66.980000
994.863811,83.290307,953.070000,91.660000,1040.990000,66.990000
994.863811,83.290307,953.900000,91.620000,1040.990000,66.980000
997.223122,82.442800,954.730000,91.660000,1040.990000,66.980000
997.223122,82.442800,955.390000,91.670000,1040.980000,66.960000
997.223122,82.442800,955.700000,91.420000,1040.970000,66.960000
997.616340,82.442800,955.830000,90.660000,1040.970000,66.950000
998.795996,82.019047,955.930000,89.890000,1040.970000,66.960000
998.795996,82.019047,956.050000,89.160000,1040.990000,66.960000
999.189214,82.019047,956.270000,88.620000,1040.990000,66.980000
999.189214,82.019047,956.700000,88.440000,1041.020000,67.000000
999.189214,82.019047,957.170000,88.340000,1041.030000,67.010000
999.189214,82.019047,957.930000,88.260000,1041.050000,67.010000
1001.548525,79.052773,958.710000,88.230000,1041.060000,67.020000
1001.548525,79.052773,958.890000,88.090000,1041.070000,67.030000
1003.514618,79.052773,959.060000,87.980000,1041.080000,67.030000
1003.907836,79.052773,959.270000,87.890000,1041.100000,67.040000
1004.694273,79.052773,959.650000,87.780000,1041.100000,67.050000
1005.480710,79.052773,960.190000,87.680000,1041.140000,67.070000
1007.840022,78.205267,960.940000,87.650000,1041.140000,67.070000
1011.378988,77.357760,961.770000,87.700000,1041.140000,67.060000
1012.165425,77.357760,962.470000,87.740000,1041.130000,67.050000
1014.524736,76.510253,962.680000,87.520000,1041.160000,67.080000
1014.917955,76.510253,962.770000,86.750000,1041.220000,67.110000
1015.311173,76.510253,962.830000,86.030000,1041.290000,67.110000
1016.884047,76.510253,962.900000,85.370000,1041.350000,67.130000
1016.884047,76.510253,963.060000,85.190000,1041.440000,67.140000
1016.884047,76.510253,963.260000,85.100000,1041.850000,67.120000
1016.884047,76.510253,963.680000,84.990000,1041.850000,67.140000
1018.456922,76.510253,964.090000,84.950000,1041.860000,67.130000
1018.456922,76.510253,964.310000,84.870000,1041.870000,67.120000
1018.456922,76.510253,964.930000,84.840000,1041.880000,67.130000
1020.029796,75.238993,965.080000,84.720000,1041.860000,67.120000
1020.029796,75.238993,965.270000,84.640000,1041.870000,67.110000
1020.029796,75.238993,965.590000,84.540000,1041.870000,67.120000
1020.029796,75.238993,965.970000,83.900000,1041.890000,67.110000
1020.029796,75.238993,966.040000,83.150000,1041.890000,67.100000
1020.029796,75.238993,966.100000,82.630000,1041.890000,67.110000
1022.389107,74.815240,966.350000,82.440000,1041.900000,67.110000
1022.782325,74.815240,966.840000,82.350000,1041.910000,67.110000
1022.782325,74.815240,966.980000,82.260000,1041.920000,67.120000
1023.568762,74.391486,967.160000,82.160000,1041.930000,67.130000
1025.141636,73.120226,967.340000,82.070000,1041.930000,67.130000
1025.928073,73.120226,967.830000,82.010000,1041.950000,67.130000
1027.107729,73.120226,967.950000,81.930000,1041.970000,67.140000
1027.500947,73.120226,968.070000,81.870000,1041.980000,67.150000
1027.894166,71.001459,968.250000,81.820000,1042.010000,67.150000
1028.287384,71.001459,968.400000,81.730000,1042.010000,67.170000
1029.073821,71.001459,968.880000,81.680000,1042.030000,67.190000
1029.467040,71.001459,968.990000,81.600000,1042.050000,67.190000
1029.860258,70.153953,969.090000,81.480000,1042.060000,67.230000
1029.860258,70.153953,969.110000,80.800000,1042.070000,67.220000
1030.253477,69.306446,969.090000,80.040000,1042.080000,67.230000
1030.253477,69.306446,969.010000,79.310000,1042.090000,67.250000
1030.646696,68.882693,969.070000,79.190000,1042.090000,67.240000
1031.039914,68.035186,969.230000,79.090000,1042.090000,67.240000
1031.039914,68.035186,969.390000,79.050000,1042.120000,67.260000
1031.039914,68.035186,969.610000,78.990000,1042.150000,67.270000
1031.039914,67.187679,969.690000,78.910000,1042.170000,67.260000
1031.039914,66.763926,969.790000,78.870000,1042.210000,67.260000
1031.039914,66.340173,969.890000,78.820000,1042.220000,67.290000
1031.039914,65.068912,969.940000,78.800000,1042.250000,67.280000
1031.039914,64.221406,969.980000,78.790000,1042.260000,67.300000
1031.039914,63.797652,970.010000,78.720000,1042.280000,67.330000
1031.039914,63.797652,970.120000,78.680000,1042.300000,67.320000
1031.039914,62.526392,970.180000,78.630000,1042.360000,67.290000
1031.039914,62.526392,970.220000,78.590000,1042.360000,67.310000
1031.039914,62.526392,970.220000,78.420000,1042.370000,67.320000
1031.039914,61.678886,970.080000,77.740000,1042.400000,67.290000
1031.039914,61.678886,969.820000,76.880000,1042.440000,67.300000
1031.039914,61.678886,969.610000,76.050000,1042.480000,67.290000
1031.039914,61.678886,969.430000,75.290000,1042.920000,67.210000
1031.039914,61.255132,969.390000,75.250000,1042.910000,67.230000
1031.039914,61.255132,969.430000,75.210000,1042.930000,67.230000
1031.039914,61.255132,969.420000,75.120000,1042.940000,67.240000
1031.039914,61.255132,969.370000,75.080000,1042.950000,67.240000
1031.039914,61.255132,969.340000,75.050000,1042.950000,67.250000
1031.039914,61.255132,969.310000,75.010000,1042.950000,67.260000
1031.039914,60.831379,969.210000,74.910000,1042.980000,67.290000
1031.039914,60.831379,968.518170,73.120226,1043.030000,67.310000
1031.039914,60.407625,968.820000,72.680000,1043.070000,67.290000
1031.039914,59.560119,968.890000,72.570000,1043.040000,67.310000
1030.646696,58.712612,968.830000,72.460000,1042.950000,67.270000
1030.253477,57.441352,968.760000,72.330000,1042.910000,67.260000
1030.253477,57.441352,968.720000,72.260000,1042.950000,67.210000
1030.253477,57.441352,968.670000,72.150000,1043.020000,67.170000
1030.253477,57.441352,968.610000,72.050000,1043.090000,67.180000
1029.073821,56.593845,968.610000,71.990000,1043.130000,67.210000
1028.680603,55.322585,968.600000,71.930000,1043.180000,67.260000
1028.680603,55.322585,968.560000,71.850000,1043.240000,67.360000
1028.680603,55.322585,968.530000,71.800000,1043.320000,67.390000
1028.680603,55.322585,968.240000,71.670000,1043.380000,67.470000
1028.680603,55.322585,968.200000,71.590000,1043.330000,68.130000
1028.680603,55.322585,968.190000,71.570000,1043.270000,68.920000
1028.680603,55.322585,968.190000,71.510000,1043.160000,69.660000
1028.680603,55.322585,968.080000,71.110000,1043.200000,69.770000
1028.680603,55.322585,968.070000,71.150000,1043.300000,69.800000
1028.680603,55.322585,968.100000,71.200000,1043.370000,69.780000
1028.680603,55.322585,968.090000,71.250000,1043.570000,69.720000
1028.680603,55.322585,968.100000,71.250000,1043.970000,69.780000
1028.680603,55.322585,968.050000,71.270000,1043.980000,69.740000
1028.680603,55.322585,968.030000,71.190000,1044.010000,69.740000
1028.680603,55.322585,968.020000,71.170000,1044.020000,69.700000
1028.680603,55.322585,967.980000,71.210000,1044.030000,69.720000
1027.894166,54.475078,968.000000,71.180000,1044.100000,69.760000
1027.894166,54.475078,968.010000,71.270000,1044.090000,69.750000
1027.894166,54.475078,968.030000,71.390000,1044.080000,69.780000
1027.894166,54.475078,967.990000,71.400000,1044.050000,69.830000
1027.107729,54.475078,967.980000,71.370000,1044.040000,69.840000
1025.928073,54.898832,967.960000,71.280000,1044.040000,69.840000
1023.961981,56.170092,967.900000,71.330000,1044.070000,69.870000
1022.389107,57.441352,967.870000,71.400000,1044.090000,69.850000
1020.816233,58.288859,967.830000,71.370000,1044.120000,69.800000
1020.029796,59.136365,967.790000,71.380000,1044.150000,69.760000
1018.456922,59.983872,967.730000,71.470000,1044.190000,69.780000
1017.670484,60.831379,967.890000,72.200000,1044.180000,69.820000
1016.490829,60.831379,968.000000,73.020000,1044.230000,69.820000
1016.097610,61.255132,968.190000,73.830000,1044.320000,69.820000
1015.311173,61.678886,966.552077,71.425213,1044.490000,69.760000
1014.524736,62.526392,966.780000,70.720000,1044.980000,69.840000
1013.738299,62.950146,966.930000,70.730000,1045.050000,69.840000
1013.345081,63.373899,966.970000,71.170000,1045.080000,69.830000
1012.558644,63.797652,966.960000,71.180000,1045.110000,69.840000
1010.985770,65.068912,966.950000,71.160000,1045.100000,69.850000
1009.019677,65.916419,966.910000,71.190000,1045.110000,69.870000
1007.053585,66.763926,966.890000,71.240000,1045.070000,69.880000
1003.907836,67.187679,966.790000,71.340000,1045.140000,69.850000
1003.907836,67.187679,966.710000,71.510000,1045.190000,69.850000
1003.907836,67.187679,966.760000,72.160000,1045.260000,69.820000
1003.907836,67.187679,966.780000,72.820000,1045.340000,69.860000
1002.728181,67.611433,966.790000,72.870000,1045.340000,69.910000
1001.155307,69.306446,966.780000,72.920000,1045.320000,70.010000
998.009559,69.730199,966.730000,72.950000,1045.280000,70.000000
997.616340,70.577706,966.670000,73.040000,1045.220000,69.950000
997.616340,70.577706,966.590000,73.150000,1045.260000,69.900000
996.436685,71.425213,966.570000,73.250000,1045.310000,69.890000
993.684155,72.272720,966.490000,73.340000,1045.380000,69.910000
993.684155,72.272720,966.140000,73.320000,1045.430000,69.890000
993.290936,72.272720,966.090000,73.450000,1045.510000,69.870000
992.111281,73.543980,966.100000,73.980000,1045.950000,69.760000
990.931625,73.967733,966.130000,74.040000,1045.980000,69.820000
989.751970,74.391486,966.080000,74.130000,1046.010000,69.840000
989.751970,74.391486,966.070000,74.130000,1046.020000,69.900000
986.999440,76.086500,966.070000,74.170000,1046.020000,69.930000
986.999440,76.086500,965.950000,74.250000,1046.010000,69.940000
986.213003,76.086500,965.830000,74.290000,1046.010000,69.950000
984.640129,76.934007,965.730000,74.290000,1046.000000,69.960000
984.640129,76.934007,965.550000,74.330000,1045.980000,69.940000
984.640129,76.934007,965.380000,74.720000,1045.970000,69.950000
982.674036,77.781513,965.130000,75.190000,1045.970000,69.940000
982.674036,77.781513,965.000000,75.820000,1045.970000,69.940000
980.707944,78.629020,963.799548,76.510253,1045.980000,69.940000
980.707944,78.629020,963.570000,77.100000,1045.980000,69.940000
980.707944,78.629020,963.510000,77.550000,1045.990000,69.940000
979.528288,79.476527,963.410000,77.640000,1045.970000,69.950000
978.348633,79.900280,963.370000,77.720000,1045.950000,69.950000
977.168977,80.324033,963.330000,77.750000,1045.960000,69.940000
976.382540,80.747787,963.280000,77.820000,1045.950000,69.940000
975.596103,80.747787,963.250000,77.890000,1045.940000,69.950000
975.202885,81.171540,963.260000,77.970000,1045.950000,69.950000
973.630011,82.442800,963.260000,78.060000,1045.960000,69.960000
973.236792,82.442800,963.220000,78.140000,1045.960000,69.960000
971.663918,82.442800,963.160000,78.220000,1045.970000,69.960000
971.663918,82.442800,963.120000,78.310000,1045.960000,69.970000
971.663918,82.442800,963.090000,78.380000,1045.970000,69.980000
971.663918,82.442800,963.050000,78.510000,1045.970000,69.970000
970.484262,82.866554,962.970000,78.800000,1045.980000,69.960000
970.484262,82.866554,962.900000,78.870000,1045.980000,69.970000
968.124951,83.290307,962.850000,78.960000,1045.970000,69.960000
967.731733,83.290307,962.790000,79.020000,1045.970000,69.970000
965.765640,83.714060,962.740000,79.090000,1045.980000,69.970000
965.765640,83.714060,962.670000,79.140000,1045.990000,69.970000
964.192766,83.714060,962.590000,79.210000,1045.990000,69.980000
964.192766,83.714060,962.480000,79.290000,1046.000000,69.980000
963.799548,83.714060,962.050000,79.460000,1046.010000,69.970000
963.799548,84.137814,961.930000,79.810000,1046.000000,69.980000
963.406329,84.137814,961.880000,79.900000,1046.010000,69.990000
962.619892,84.561567,961.810000,79.990000,1046.020000,70.010000
962.226674,84.985320,961.760000,80.070000,1046.040000,70.010000
962.226674,85.409074,961.690000,80.170000,1046.050000,70.020000
950.036900,84.561567,961.640000,80.290000,1046.050000,70.020000
NaN,NaN,961.530000,80.380000,1046.060000,70.030000
NaN,NaN,961.070000,80.630000,1046.090000,70.030000
NaN,NaN,960.970000,80.940000,1046.090000,70.040000
NaN,NaN,960.920000,81.040000,1046.090000,70.040000
NaN,NaN,960.840000,81.170000,1046.100000,70.060000
NaN,NaN,960.800000,81.240000,1046.110000,70.070000
NaN,NaN,960.740000,81.370000,1046.120000,70.080000
NaN,NaN,960.670000,81.500000,1046.140000,70.090000
NaN,NaN,960.510000,81.900000,1046.140000,70.100000
NaN,NaN,960.080000,82.060000,1046.160000,70.110000
NaN,NaN,960.010000,82.210000,1046.160000,70.140000
NaN,NaN,959.950000,82.330000,1046.160000,70.160000
NaN,NaN,959.890000,82.460000,1046.170000,70.170000
NaN,NaN,959.770000,82.870000,1046.160000,70.180000
NaN,NaN,959.700000,82.990000,1046.190000,70.190000
NaN,NaN,959.610000,83.120000,1046.200000,70.220000
NaN,NaN,959.520000,83.240000,1046.210000,70.220000
NaN,NaN,959.050000,83.460000,1046.220000,70.230000
NaN,NaN,958.980000,83.880000,1046.220000,70.240000
NaN,NaN,958.920000,84.010000,1046.250000,70.260000
NaN,NaN,958.810000,84.130000,1046.250000,70.280000
NaN,NaN,958.730000,84.320000,1046.270000,70.290000
NaN,NaN,958.620000,84.510000,1046.290000,70.320000
NaN,NaN,958.470000,84.930000,1046.280000,70.330000
NaN,NaN,958.040000,85.100000,1045.588999,70.153953
NaN,NaN,957.980000,85.280000,1045.890000,70.020000
NaN,NaN,957.900000,85.490000,1046.010000,70.020000
NaN,NaN,957.790000,85.940000,1046.020000,70.030000
NaN,NaN,957.720000,86.120000,1046.040000,70.040000
NaN,NaN,957.660000,86.310000,1046.050000,70.060000
NaN,NaN,957.510000,86.820000,1046.070000,70.070000
NaN,NaN,957.080000,87.000000,1046.070000,70.080000
NaN,NaN,956.980000,87.160000,1046.090000,70.100000
NaN,NaN,956.920000,87.390000,1046.090000,70.120000
NaN,NaN,956.800000,87.870000,1046.130000,70.150000
NaN,NaN,956.680000,88.000000,1046.140000,70.160000
NaN,NaN,956.560000,88.190000,1046.160000,70.180000
NaN,NaN,956.030000,88.310000,1046.170000,70.190000
NaN,NaN,955.910000,88.520000,1046.210000,70.210000
NaN,NaN,955.840000,89.010000,1046.220000,70.220000
NaN,NaN,955.720000,89.150000,1046.250000,70.230000
NaN,NaN,955.590000,89.320000,1046.270000,70.250000
NaN,NaN,955.060000,89.440000,1046.290000,70.270000
NaN,NaN,955.030000,90.080000,1046.330000,70.270000
NaN,NaN,954.950000,90.760000,1046.340000,70.300000
NaN,NaN,954.910000,90.950000,1046.340000,70.320000
NaN,NaN,954.850000,91.070000,1046.400000,70.320000
NaN,NaN,954.730000,91.210000,1046.450000,70.320000
NaN,NaN,954.650000,91.370000,1046.840000,70.300000
NaN,NaN,954.500000,92.030000,1046.870000,70.320000
NaN,NaN,953.980000,92.680000,1046.890000,70.320000
NaN,NaN,953.980000,92.830000,1046.900000,70.350000
NaN,NaN,953.880000,92.970000,1046.910000,70.380000
NaN,NaN,953.780000,93.130000,1046.920000,70.420000
NaN,NaN,953.610000,93.300000,1046.950000,70.420000
NaN,NaN,952.850000,93.050000,1046.940000,70.440000
NaN,NaN,952.060000,92.970000,1046.960000,70.470000
NaN,NaN,951.420000,93.250000,1046.970000,70.500000
NaN,NaN,951.260000,93.680000,1046.900000,71.030000
NaN,NaN,951.340000,93.960000,1046.920000,71.050000
NaN,NaN,951.250000,94.190000,1046.930000,71.060000
NaN,NaN,951.180000,94.480000,1046.950000,71.100000
NaN,NaN,951.190000,94.780000,1046.970000,71.130000
NaN,NaN,951.140000,95.050000,1046.990000,71.140000
NaN,NaN,951.090000,95.410000,1047.000000,71.180000
NaN,NaN,951.030000,95.870000,1047.010000,71.200000
NaN,NaN,951.010000,96.120000,1047.020000,71.210000
NaN,NaN,950.890000,96.650000,1047.030000,71.220000
NaN,NaN,950.860000,97.120000,1047.030000,71.260000
NaN,NaN,950.800000,97.760000,1047.040000,71.280000
NaN,NaN,950.770000,97.970000,1047.060000,71.290000
NaN,NaN,950.730000,98.130000,1047.080000,71.310000
NaN,NaN,950.620000,98.390000,1047.100000,71.330000
NaN,NaN,950.590000,98.910000,1047.100000,71.340000
NaN,NaN,950.470000,99.080000,1047.120000,71.360000
NaN,NaN,949.870000,99.450000,1046.768655,70.153953
NaN,NaN,949.340000,99.930000,1045.195781,71.001459
NaN,NaN,949.290000,100.120000,1044.900000,71.020000
NaN,NaN,949.140000,100.380000,1044.890000,71.030000
NaN,NaN,949.240000,100.850000,1045.040000,71.050000
NaN,NaN,949.240000,101.020000,1045.050000,71.060000
NaN,NaN,949.240000,101.230000,1045.060000,71.080000
NaN,NaN,948.464026,101.087948,1045.080000,71.100000
NaN,NaN,947.840000,101.160000,1045.090000,71.110000
NaN,NaN,947.430000,101.310000,1045.150000,71.120000
NaN,NaN,947.160000,101.500000,1045.160000,71.120000
NaN,NaN,947.140000,102.080000,1045.190000,71.140000
NaN,NaN,947.160000,102.850000,1045.200000,71.160000
NaN,NaN,947.190000,103.600000,1045.220000,71.180000
NaN,NaN,947.020000,103.810000,1045.250000,71.200000
NaN,NaN,946.820000,103.970000,1045.280000,71.200000
NaN,NaN,946.620000,104.100000,1045.290000,71.220000
NaN,NaN,946.000000,104.070000,1045.320000,71.240000
NaN,NaN,945.330000,104.020000,1045.330000,71.260000
NaN,NaN,945.130000,104.120000,1045.410000,71.280000
NaN,NaN,944.970000,104.180000,1045.410000,71.300000
NaN,NaN,944.820000,104.330000,1045.440000,71.320000
NaN,NaN,944.540000,104.360000,1045.470000,71.340000
NaN,NaN,944.130000,104.510000,1045.500000,71.360000
NaN,NaN,944.130000,105.370000,1045.770000,71.350000
NaN,NaN,944.160000,106.200000,1045.790000,71.350000
NaN,NaN,944.220000,107.080000,1045.810000,71.360000
NaN,NaN,944.380000,107.980000,1045.840000,71.390000
NaN,NaN,944.870000,109.000000,1045.850000,71.390000
NaN,NaN,944.950000,109.850000,1045.880000,71.430000
NaN,NaN,945.000000,110.650000,1045.910000,71.440000
NaN,NaN,944.820000,110.870000,1045.910000,71.480000
NaN,NaN,944.600000,111.000000,1045.850000,72.050000
NaN,NaN,944.080000,111.000000,1045.740000,72.660000
NaN,NaN,943.770000,111.080000,1045.780000,72.740000
NaN,NaN,943.120000,111.030000,1045.780000,72.740000
NaN,NaN,942.960000,111.200000,1045.790000,72.750000
NaN,NaN,942.720000,111.260000,1045.810000,72.770000
NaN,NaN,942.170000,111.300000,1045.850000,72.780000
NaN,NaN,942.090000,111.570000,1045.880000,72.800000
NaN,NaN,942.110000,112.400000,1045.890000,72.820000
NaN,NaN,942.130000,113.260000,1045.900000,72.830000
NaN,NaN,942.190000,114.110000,1045.930000,72.840000
NaN,NaN,942.270000,114.970000,1045.990000,72.870000
NaN,NaN,942.370000,115.840000,1046.010000,72.880000
NaN,NaN,942.630000,116.740000,1046.040000,72.890000
NaN,NaN,943.100000,117.770000,1046.050000,72.930000
NaN,NaN,943.430000,118.730000,1046.090000,72.930000
NaN,NaN,942.958966,120.156850,1046.100000,72.950000
NaN,NaN,943.070000,120.800000,1046.140000,72.970000
NaN,NaN,943.140000,121.610000,1046.160000,72.980000
NaN,NaN,943.020000,121.750000,1046.220000,72.990000
NaN,NaN,942.850000,121.920000,1046.220000,73.000000
NaN,NaN,942.660000,122.040000,1046.230000,73.020000
NaN,NaN,942.220000,122.080000,1046.270000,73.020000
NaN,NaN,942.050000,122.210000,1046.300000,73.030000
NaN,NaN,941.920000,122.410000,1046.330000,73.050000
NaN,NaN,942.010000,123.140000,1046.370000,73.070000
NaN,NaN,942.140000,123.960000,1046.410000,73.080000
NaN,NaN,942.270000,124.780000,1046.440000,73.090000
NaN,NaN,941.779311,126.936903,1046.500000,73.100000
NaN,NaN,941.386092,124.818137,1046.780000,73.080000
NaN,NaN,941.779311,127.784410,1046.790000,73.100000
NaN,NaN,941.779311,127.784410,1046.820000,73.120000
NaN,NaN,941.779311,129.479423,1046.890000,73.130000
NaN,NaN,941.386092,129.903177,1046.900000,73.130000
NaN,NaN,941.090000,130.790000,1046.920000,73.160000
NaN,NaN,941.779311,131.598190,1046.930000,73.180000
NaN,NaN,941.920000,132.090000,1046.950000,73.200000
NaN,NaN,941.990000,132.920000,1046.990000,73.220000
NaN,NaN,942.060000,133.800000,1047.010000,73.230000
NaN,NaN,942.160000,134.660000,1047.030000,73.250000
NaN,NaN,941.386092,136.259477,1047.050000,73.270000
NaN,NaN,941.190000,137.680000,1047.100000,73.300000
NaN,NaN,941.330000,138.730000,1047.080000,73.310000
NaN,NaN,941.410000,139.700000,1047.130000,73.340000
NaN,NaN,941.500000,140.710000,1047.150000,73.370000
NaN,NaN,941.830000,141.690000,1047.180000,73.380000
NaN,NaN,941.900000,142.620000,1044.802562,74.815240
NaN,NaN,941.900000,143.590000,1044.450000,75.680000
NaN,NaN,940.599655,143.887038,1044.630000,75.890000
NaN,NaN,940.890000,144.070000,1044.930000,75.620000
NaN,NaN,940.860000,144.110000,1045.050000,75.090000
NaN,NaN,940.820000,144.210000,1045.080000,75.110000
NaN,NaN,940.730000,144.240000,1045.100000,75.120000
NaN,NaN,940.670000,144.230000,1045.110000,75.130000
NaN,NaN,940.610000,144.230000,1045.180000,75.150000
NaN,NaN,940.490000,144.270000,1045.170000,75.180000
NaN,NaN,940.270000,144.310000,1045.170000,75.220000
NaN,NaN,940.230000,144.310000,1045.190000,75.240000
NaN,NaN,940.200000,144.360000,1045.230000,75.260000
NaN,NaN,940.090000,144.360000,1045.250000,75.270000
NaN,NaN,940.050000,144.380000,1045.270000,75.300000
NaN,NaN,939.940000,144.410000,1045.280000,75.320000
NaN,NaN,939.840000,144.400000,1045.330000,75.360000
NaN,NaN,939.740000,144.350000,1045.360000,75.340000
NaN,NaN,939.640000,144.440000,1045.380000,75.370000
NaN,NaN,939.790000,145.440000,1045.390000,75.390000
NaN,NaN,939.870000,146.470000,1045.400000,75.430000
NaN,NaN,939.910000,147.320000,1045.420000,75.440000
NaN,NaN,939.950000,148.170000,1045.440000,75.460000
NaN,NaN,939.940000,149.000000,1045.480000,75.510000
NaN,NaN,939.910000,149.820000,1045.680000,75.990000
NaN,NaN,939.870000,150.640000,1045.680000,76.000000
NaN,NaN,939.880000,150.690000,1045.710000,76.030000
NaN,NaN,939.800000,150.740000,1045.740000,76.040000
NaN,NaN,939.800000,150.770000,1045.770000,76.050000
NaN,NaN,939.750000,150.780000,1045.800000,76.050000
NaN,NaN,939.740000,150.800000,1045.790000,76.080000
NaN,NaN,939.720000,150.860000,1045.850000,76.110000
NaN,NaN,939.720000,150.890000,1045.850000,76.120000
NaN,NaN,939.630000,150.910000,1045.860000,76.130000
NaN,NaN,939.590000,150.900000,1045.890000,76.150000
NaN,NaN,939.530000,150.920000,1045.900000,76.150000
NaN,NaN,939.350000,150.960000,1045.930000,76.160000
NaN,NaN,939.380000,150.990000,1045.930000,76.180000
NaN,NaN,939.350000,151.000000,1045.950000,76.210000
NaN,NaN,939.250000,151.020000,1045.950000,76.230000
NaN,NaN,939.260000,151.030000,1045.950000,76.270000
NaN,NaN,939.240000,151.040000,1045.980000,76.290000
NaN,NaN,939.200000,151.060000,1046.000000,76.320000
NaN,NaN,939.200000,151.060000,1046.030000,76.350000
NaN,NaN,939.170000,151.080000,1046.040000,76.370000
NaN,NaN,939.130000,151.100000,1046.050000,76.370000
NaN,NaN,939.050000,151.130000,1046.060000,76.430000
NaN,NaN,939.050000,151.120000,1046.080000,76.470000
NaN,NaN,939.030000,151.110000,1045.980000,77.030000
NaN,NaN,939.000000,151.150000,1045.990000,77.050000
NaN,NaN,938.980000,151.140000,1046.010000,77.050000
NaN,NaN,938.930000,151.160000,1046.030000,77.060000
NaN,NaN,938.920000,151.150000,1046.040000,77.080000
NaN,NaN,938.930000,151.180000,1046.070000,77.090000
NaN,NaN,938.870000,151.190000,1046.090000,77.120000
NaN,NaN,938.850000,151.220000,1046.090000,77.150000
NaN,NaN,938.820000,151.190000,1046.110000,77.160000
NaN,NaN,938.820000,151.170000,1046.130000,77.160000
NaN,NaN,938.760000,151.170000,1046.150000,77.190000
NaN,NaN,938.710000,151.180000,1046.140000,77.190000
NaN,NaN,938.670000,151.230000,1046.170000,77.210000
NaN,NaN,938.590000,151.230000,1046.220000,77.270000
NaN,NaN,938.630000,151.220000,1046.240000,77.280000
NaN,NaN,938.540000,151.230000,1046.230000,77.300000
NaN,NaN,938.310000,151.200000,1046.250000,77.280000
NaN,NaN,938.300000,151.200000,1046.270000,77.320000
NaN,NaN,938.260000,151.200000,1046.290000,77.340000
NaN,NaN,938.270000,151.210000,1046.300000,77.360000
NaN,NaN,938.240000,151.200000,1046.330000,77.380000
NaN,NaN,938.190000,151.170000,1046.340000,77.430000
NaN,NaN,938.190000,151.190000,1046.370000,77.460000
NaN,NaN,938.200000,151.200000,1046.370000,77.490000
NaN,NaN,938.150000,151.180000,1046.290000,78.020000
NaN,NaN,938.150000,151.170000,1046.360000,78.040000
NaN,NaN,938.080000,151.170000,1046.360000,78.050000
NaN,NaN,938.080000,151.190000,1046.400000,78.060000
NaN,NaN,938.010000,151.190000,1046.440000,78.110000
NaN,NaN,938.040000,151.180000,1046.500000,78.120000
NaN,NaN,937.970000,151.180000,1046.820000,78.070000
NaN,NaN,937.990000,151.180000,1046.860000,78.100000
NaN,NaN,937.980000,151.190000,1046.890000,78.110000
NaN,NaN,937.980000,151.180000,1046.920000,78.130000
NaN,NaN,938.000000,151.180000,1046.930000,78.140000
NaN,NaN,937.970000,151.160000,1046.960000,78.170000
NaN,NaN,937.970000,151.140000,1047.010000,78.170000
NaN,NaN,937.970000,151.140000,1047.030000,78.190000
NaN,NaN,937.960000,151.130000,1047.050000,78.210000
NaN,NaN,937.960000,151.130000,1047.050000,78.240000
NaN,NaN,937.980000,151.130000,1047.090000,78.250000
NaN,NaN,937.990000,151.130000,1047.130000,78.260000
NaN,NaN,937.990000,151.120000,1047.150000,78.300000
NaN,NaN,938.010000,151.130000,1047.230000,78.320000
NaN,NaN,938.050000,151.090000,1047.220000,78.340000
NaN,NaN,938.020000,151.080000,1047.250000,78.390000
NaN,NaN,938.030000,151.070000,1047.290000,78.400000
NaN,NaN,938.030000,151.060000,1047.320000,78.470000
NaN,NaN,938.040000,151.060000,1047.220000,79.030000
NaN,NaN,938.070000,151.070000,1047.300000,79.050000
NaN,NaN,938.070000,151.070000,1047.300000,79.070000
NaN,NaN,938.070000,151.030000,1047.340000,79.090000
NaN,NaN,938.060000,151.030000,1047.380000,79.090000
NaN,NaN,938.080000,151.020000,1047.440000,79.140000
NaN,NaN,938.080000,151.010000,1047.440000,79.170000
NaN,NaN,938.130000,151.010000,1047.500000,79.170000
NaN,NaN,938.140000,151.000000,1047.870000,79.120000
NaN,NaN,938.150000,150.990000,1047.890000,79.140000
NaN,NaN,938.180000,151.010000,1047.980000,79.210000
NaN,NaN,938.180000,150.990000,1048.000000,79.210000
NaN,NaN,938.190000,150.970000,1048.010000,79.230000
NaN,NaN,938.220000,150.950000,1048.020000,79.250000
NaN,NaN,938.210000,150.960000,1048.060000,79.290000
NaN,NaN,938.220000,150.940000,1048.060000,79.310000
NaN,NaN,938.210000,150.950000,1048.080000,79.350000
NaN,NaN,938.230000,150.940000,1048.130000,79.360000
NaN,NaN,938.270000,150.950000,1048.160000,79.340000
NaN,NaN,938.260000,150.910000,1048.170000,79.410000
NaN,NaN,938.220000,150.890000,1048.210000,79.430000
NaN,NaN,938.260000,150.880000,1048.230000,79.450000
NaN,NaN,938.260000,150.880000,1048.260000,79.470000
NaN,NaN,938.240000,150.870000,1048.280000,79.530000
NaN,NaN,938.330000,150.880000,1048.200000,80.070000
NaN,NaN,938.310000,150.860000,1048.080000,80.730000
NaN,NaN,938.290000,150.860000,1048.120000,80.750000
NaN,NaN,938.350000,150.840000,1048.130000,80.780000
NaN,NaN,938.370000,150.840000,1048.150000,80.780000
NaN,NaN,938.350000,150.820000,1048.190000,80.810000
NaN,NaN,938.460000,150.820000,1048.220000,80.820000
NaN,NaN,938.700000,150.840000,1048.230000,80.850000
NaN,NaN,938.720000,150.810000,1048.280000,80.850000
NaN,NaN,938.730000,150.800000,1048.330000,80.870000
NaN,NaN,938.690000,150.810000,1048.360000,80.880000
NaN,NaN,938.740000,150.770000,1048.420000,80.920000
NaN,NaN,938.730000,150.780000,1048.460000,80.940000
NaN,NaN,938.750000,150.770000,1048.810000,80.920000
NaN,NaN,938.770000,150.780000,1048.830000,80.930000
NaN,NaN,938.770000,150.740000,1048.850000,80.960000
NaN,NaN,938.770000,150.750000,1048.870000,80.990000
NaN,NaN,938.770000,150.760000,1048.890000,80.990000
NaN,NaN,938.790000,150.760000,1048.900000,81.000000
NaN,NaN,938.820000,150.750000,1048.920000,81.020000
NaN,NaN,938.820000,150.750000,1048.950000,81.020000
NaN,NaN,938.820000,150.730000,1048.940000,81.040000
NaN,NaN,938.820000,150.730000,1048.960000,81.050000
NaN,NaN,938.800000,150.740000,1049.000000,81.090000
NaN,NaN,938.840000,150.740000,1049.010000,81.100000
NaN,NaN,938.840000,150.710000,1049.030000,81.130000
NaN,NaN,938.930000,150.720000,1049.040000,81.150000
NaN,NaN,938.990000,150.690000,1049.040000,81.160000
NaN,NaN,938.960000,150.700000,1049.050000,81.160000
NaN,NaN,938.900000,150.680000,1049.050000,81.170000
NaN,NaN,938.240344,146.429558,1049.060000,81.180000
NaN,NaN,937.410000,143.360000,1049.080000,81.260000
NaN,NaN,936.330000,140.490000,1049.100000,81.260000
NaN,NaN,937.847126,140.920764,1049.100000,81.280000
NaN,NaN,938.100000,141.020000,1049.120000,81.290000
NaN,NaN,938.130000,141.010000,1049.130000,81.290000
NaN,NaN,938.030000,140.970000,1049.150000,81.300000
NaN,NaN,938.060000,140.960000,1049.160000,81.320000
NaN,NaN,938.080000,140.960000,1049.170000,81.340000
NaN,NaN,938.070000,140.950000,1049.180000,81.360000
NaN,NaN,938.090000,140.950000,1049.200000,81.390000
NaN,NaN,938.140000,140.930000,1049.210000,81.400000
NaN,NaN,938.130000,140.910000,1049.240000,81.420000
NaN,NaN,938.160000,140.900000,1049.240000,81.440000
NaN,NaN,938.170000,140.900000,1049.290000,81.480000
NaN,NaN,938.190000,140.850000,1049.180000,82.060000
NaN,NaN,938.210000,140.880000,1049.070000,82.750000
NaN,NaN,938.210000,140.850000,1049.080000,82.750000
NaN,NaN,938.200000,140.820000,1049.100000,82.770000
NaN,NaN,938.200000,140.840000,1049.100000,82.760000
NaN,NaN,938.220000,140.830000,1049.120000,82.780000
NaN,NaN,938.210000,140.820000,1049.140000,82.790000
NaN,NaN,938.220000,140.800000,1049.160000,82.780000
NaN,NaN,938.250000,140.780000,1049.170000,82.800000
NaN,NaN,938.260000,140.790000,1049.180000,82.820000
NaN,NaN,938.270000,140.770000,1049.190000,82.840000
NaN,NaN,938.280000,140.790000,1049.200000,82.860000
NaN,NaN,938.290000,140.780000,1049.230000,82.880000
NaN,NaN,938.310000,140.790000,1049.240000,82.890000
NaN,NaN,938.310000,140.780000,1049.260000,82.890000
NaN,NaN,938.320000,140.740000,1049.260000,82.920000
NaN,NaN,938.390000,140.780000,1049.300000,82.960000
NaN,NaN,938.390000,140.760000,1049.330000,82.950000
NaN,NaN,938.430000,140.760000,1049.370000,82.960000
NaN,NaN,938.430000,140.780000,1049.380000,82.970000
NaN,NaN,938.400000,140.760000,1049.400000,83.000000
NaN,NaN,938.420000,140.740000,1049.420000,83.010000
NaN,NaN,938.420000,140.760000,1049.450000,83.020000
NaN,NaN,938.470000,140.760000,1049.510000,83.040000
NaN,NaN,938.750000,140.820000,1049.830000,82.990000
NaN,NaN,938.760000,140.820000,1049.850000,83.030000
NaN,NaN,938.750000,140.790000,1049.880000,83.040000
NaN,NaN,938.750000,140.790000,1049.910000,83.060000
NaN,NaN,938.740000,140.800000,1049.920000,83.060000
NaN,NaN,938.720000,140.770000,1049.920000,83.090000
NaN,NaN,938.750000,140.790000,1049.950000,83.100000
NaN,NaN,938.850000,140.810000,1050.000000,83.170000
NaN,NaN,938.800000,140.810000,1050.000000,83.170000
NaN,NaN,938.820000,140.780000,1050.020000,83.200000
NaN,NaN,938.820000,140.790000,1050.030000,83.200000
NaN,NaN,938.820000,140.800000,1050.040000,83.200000
NaN,NaN,938.850000,140.790000,1050.060000,83.230000
NaN,NaN,938.840000,140.800000,1050.070000,83.240000
NaN,NaN,938.810000,140.760000,1050.090000,83.270000
NaN,NaN,938.850000,140.770000,1050.110000,83.280000
NaN,NaN,938.880000,140.770000,1050.130000,83.300000
NaN,NaN,938.840000,140.770000,1050.150000,83.320000
NaN,NaN,938.850000,140.770000,1050.150000,83.340000
NaN,NaN,938.860000,140.780000,1050.180000,83.360000
NaN,NaN,938.840000,140.790000,1050.180000,83.390000
NaN,NaN,938.880000,140.780000,1050.190000,83.400000
NaN,NaN,938.880000,140.750000,1050.210000,83.480000
NaN,NaN,938.880000,140.760000,1050.090000,84.080000
NaN,NaN,938.870000,140.760000,1049.980000,84.720000
NaN,NaN,938.880000,140.760000,1049.990000,84.730000
NaN,NaN,938.880000,140.730000,1050.000000,84.730000
NaN,NaN,938.900000,140.750000,1050.020000,84.770000
NaN,NaN,938.880000,140.750000,1050.040000,84.790000
NaN,NaN,938.890000,140.770000,1050.070000,84.790000
NaN,NaN,938.920000,140.770000,1050.080000,84.840000
NaN,NaN,938.910000,140.760000,1050.110000,84.860000
NaN,NaN,938.910000,140.740000,1050.140000,84.890000
NaN,NaN,938.930000,140.750000,1050.160000,84.890000
NaN,NaN,938.930000,140.730000,1050.180000,84.910000
NaN,NaN,938.940000,140.740000,1050.200000,84.930000
NaN,NaN,938.920000,140.750000,1050.220000,84.950000
NaN,NaN,938.970000,140.740000,1050.280000,84.990000
NaN,NaN,938.910000,140.740000,1050.300000,85.020000
NaN,NaN,938.960000,140.710000,1050.300000,85.050000
NaN,NaN,938.960000,140.710000,1050.370000,85.070000
NaN,NaN,938.940000,140.700000,1050.400000,85.090000
NaN,NaN,938.980000,140.700000,1050.450000,85.130000
NaN,NaN,938.960000,140.690000,1050.530000,85.120000
NaN,NaN,938.940000,140.720000,1050.850000,85.080000
NaN,NaN,938.930000,140.710000,1050.880000,85.120000
NaN,NaN,938.960000,140.720000,1050.920000,85.160000
NaN,NaN,938.940000,140.700000,1050.920000,85.190000
NaN,NaN,938.960000,140.730000,1050.950000,85.210000
NaN,NaN,938.970000,140.700000,1050.980000,85.240000
NaN,NaN,938.970000,140.710000,1050.990000,85.250000
NaN,NaN,938.970000,140.680000,1051.030000,85.310000
NaN,NaN,939.000000,140.750000,1051.100000,85.320000
NaN,NaN,938.980000,140.750000,1051.120000,85.330000
NaN,NaN,938.980000,140.720000,1051.140000,85.360000
NaN,NaN,938.980000,140.720000,1051.170000,85.380000
NaN,NaN,938.980000,140.740000,1051.170000,85.390000
NaN,NaN,938.990000,140.760000,1051.190000,85.400000
NaN,NaN,938.980000,140.750000,1051.210000,85.440000
NaN,NaN,939.000000,140.770000,1051.230000,85.480000
NaN,NaN,938.990000,140.730000,1051.150000,86.070000
NaN,NaN,938.980000,140.740000,1051.040000,86.740000
NaN,NaN,938.980000,140.760000,1051.070000,86.770000
NaN,NaN,938.950000,140.730000,1051.080000,86.790000
NaN,NaN,938.960000,140.730000,1051.110000,86.800000
NaN,NaN,938.980000,140.750000,1051.120000,86.810000
NaN,NaN,938.970000,140.730000,1051.130000,86.830000
NaN,NaN,939.000000,140.750000,1051.160000,86.880000
NaN,NaN,938.970000,140.760000,1051.190000,86.880000
NaN,NaN,938.990000,140.760000,1051.200000,86.890000
NaN,NaN,938.990000,140.740000,1051.220000,86.930000
NaN,NaN,938.960000,140.780000,1051.230000,86.950000
NaN,NaN,938.970000,140.740000,1051.220000,86.970000
NaN,NaN,938.970000,140.750000,1051.240000,86.990000
NaN,NaN,938.960000,140.740000,1051.300000,87.010000
NaN,NaN,938.960000,140.750000,1051.320000,87.030000
NaN,NaN,938.940000,140.770000,1051.330000,87.040000
NaN,NaN,938.970000,140.780000,1051.360000,87.050000
NaN,NaN,938.990000,140.760000,1051.370000,87.080000
NaN,NaN,939.000000,140.780000,1051.400000,87.090000
NaN,NaN,938.980000,140.800000,1051.410000,87.130000
NaN,NaN,938.980000,140.790000,1051.420000,87.150000
NaN,NaN,938.990000,140.840000,1051.430000,87.210000
NaN,NaN,939.000000,140.840000,1051.460000,87.210000
NaN,NaN,939.020000,140.810000,1051.490000,87.230000
NaN,NaN,939.000000,140.830000,1051.840000,87.180000
NaN,NaN,939.000000,140.820000,1051.860000,87.210000
NaN,NaN,939.020000,140.840000,1051.880000,87.250000
NaN,NaN,939.010000,140.840000,1051.900000,87.240000
NaN,NaN,939.010000,140.830000,1051.940000,87.270000
NaN,NaN,939.020000,140.840000,1051.980000,87.290000
NaN,NaN,939.020000,140.840000,1051.960000,87.330000
NaN,NaN,939.030000,140.870000,1051.980000,87.370000
NaN,NaN,939.010000,140.850000,1051.980000,87.400000
NaN,NaN,939.020000,140.840000,1051.990000,87.410000
NaN,NaN,939.010000,140.850000,1052.000000,87.440000
NaN,NaN,939.000000,140.870000,1052.020000,87.440000
NaN,NaN,939.010000,140.900000,1052.070000,87.480000
NaN,NaN,939.010000,140.910000,1051.950000,88.070000
NaN,NaN,939.030000,140.900000,1051.800000,88.720000
NaN,NaN,939.020000,140.890000,1051.830000,88.720000
NaN,NaN,939.000000,140.920000,1051.840000,88.720000
NaN,NaN,939.040000,140.940000,1051.830000,88.740000
NaN,NaN,939.050000,140.940000,1051.850000,88.780000
NaN,NaN,939.000000,140.910000,1051.860000,88.780000
NaN,NaN,939.020000,140.930000,1051.860000,88.800000
NaN,NaN,939.020000,140.920000,1051.880000,88.820000
NaN,NaN,939.010000,140.940000,1051.870000,88.820000
NaN,NaN,939.020000,140.940000,1051.870000,88.830000
NaN,NaN,939.020000,140.930000,1051.890000,88.850000
NaN,NaN,939.000000,140.940000,1051.900000,88.860000
NaN,NaN,939.030000,140.950000,1051.890000,88.880000
NaN,NaN,939.070000,140.970000,1051.890000,88.890000
NaN,NaN,939.030000,140.980000,1051.870000,88.880000
NaN,NaN,939.050000,140.980000,1051.870000,88.910000
NaN,NaN,939.050000,140.980000,1051.860000,88.910000
NaN,NaN,939.070000,140.990000,1051.870000,88.910000
NaN,NaN,939.080000,141.000000,1051.870000,88.920000
NaN,NaN,939.070000,141.000000,1051.860000,88.910000
NaN,NaN,939.070000,140.990000,1051.860000,88.930000
NaN,NaN,939.060000,140.990000,1051.870000,88.940000
NaN,NaN,939.070000,141.030000,1051.870000,88.940000
NaN,NaN,939.090000,141.020000,1051.860000,88.940000
NaN,NaN,939.070000,141.010000,1051.870000,88.940000
NaN,NaN,939.050000,141.020000,1051.870000,88.950000
NaN,NaN,939.050000,141.050000,1051.840000,88.970000
NaN,NaN,939.070000,141.040000,1051.830000,88.970000
NaN,NaN,939.100000,141.060000,1051.870000,89.000000
NaN,NaN,939.120000,141.040000,1051.870000,88.990000
NaN,NaN,939.120000,141.040000,1051.860000,89.010000
NaN,NaN,939.130000,141.040000,1051.860000,89.010000
NaN,NaN,939.120000,141.040000,1051.860000,89.000000
NaN,NaN,939.120000,141.060000,1051.860000,89.000000
NaN,NaN,939.130000,141.070000,1051.850000,89.010000
NaN,NaN,939.100000,141.060000,1051.850000,89.030000
NaN,NaN,939.120000,141.080000,1051.870000,89.040000
NaN,NaN,939.120000,141.090000,1051.880000,89.050000
NaN,NaN,939.130000,141.100000,1051.900000,89.040000
NaN,NaN,939.160000,141.110000,1051.920000,89.050000
NaN,NaN,939.170000,141.100000,1051.870000,89.050000
NaN,NaN,939.150000,141.090000,1051.860000,89.060000
NaN,NaN,939.120000,141.090000,1051.860000,89.080000
NaN,NaN,939.150000,141.120000,1051.870000,89.130000
NaN,NaN,939.170000,141.110000,1051.840000,89.120000
NaN,NaN,939.180000,141.120000,1051.850000,89.140000
NaN,NaN,939.160000,141.130000,1051.840000,89.140000
NaN,NaN,939.150000,141.130000,1051.870000,89.130000
NaN,NaN,939.150000,141.140000,1051.870000,89.110000
NaN,NaN,939.160000,141.140000,1051.870000,89.120000
NaN,NaN,939.160000,141.170000,1051.880000,89.140000
NaN,NaN,939.120000,141.150000,1051.870000,89.150000
NaN,NaN,939.130000,141.150000,1051.860000,89.170000
NaN,NaN,939.150000,141.160000,1051.880000,89.150000
NaN,NaN,939.160000,141.180000,1051.890000,89.170000
NaN,NaN,939.160000,141.180000,1051.900000,89.170000
NaN,NaN,939.170000,141.190000,1051.890000,89.200000
NaN,NaN,939.160000,141.200000,1051.900000,89.210000
NaN,NaN,939.140000,141.200000,1051.940000,89.240000
NaN,NaN,939.100000,141.180000,1051.950000,89.220000
NaN,NaN,939.100000,141.190000,1051.930000,89.250000
NaN,NaN,939.130000,141.190000,1051.940000,89.260000
NaN,NaN,939.120000,141.190000,1051.940000,89.270000
NaN,NaN,939.150000,141.210000,1051.930000,89.300000
NaN,NaN,939.130000,141.220000,1051.950000,89.300000
NaN,NaN,939.140000,141.220000,1051.960000,89.320000
NaN,NaN,939.130000,141.260000,1051.960000,89.340000
NaN,NaN,939.130000,141.250000,1051.990000,89.320000
NaN,NaN,939.140000,141.270000,1052.000000,89.330000
NaN,NaN,939.100000,141.270000,1052.030000,89.350000
NaN,NaN,939.090000,141.230000,1052.050000,89.420000
NaN,NaN,939.080000,141.250000,1052.060000,89.490000
NaN,NaN,939.070000,141.240000,1051.980000,90.140000
NaN,NaN,939.080000,141.260000,1052.000000,90.910000
NaN,NaN,939.050000,141.240000,1051.970000,91.400000
NaN,NaN,939.040000,141.250000,1051.980000,91.450000
NaN,NaN,939.060000,141.260000,1052.030000,91.480000
NaN,NaN,938.990000,141.260000,1052.040000,91.570000
NaN,NaN,938.990000,141.280000,1052.100000,91.600000
NaN,NaN,939.020000,141.300000,1052.110000,91.640000
NaN,NaN,938.970000,141.270000,1052.080000,91.620000
NaN,NaN,938.980000,141.290000,1052.090000,91.660000
NaN,NaN,938.960000,141.280000,1052.110000,91.690000
NaN,NaN,938.940000,141.300000,1052.150000,91.730000
NaN,NaN,938.930000,141.270000,1052.200000,91.760000
NaN,NaN,938.940000,141.270000,1052.190000,91.770000
NaN,NaN,938.910000,141.290000,1052.210000,91.780000
NaN,NaN,938.920000,141.320000,1052.210000,91.800000
NaN,NaN,938.900000,141.310000,1052.250000,91.880000
NaN,NaN,940.599655,142.192024,1052.270000,91.870000
NaN,NaN,941.210000,142.530000,1052.270000,91.880000
NaN,NaN,941.240000,142.680000,1052.300000,91.930000
NaN,NaN,941.110000,142.670000,1052.280000,91.930000
NaN,NaN,941.100000,142.650000,1052.290000,91.940000
NaN,NaN,941.100000,142.670000,1052.360000,92.010000
NaN,NaN,941.140000,142.730000,1052.350000,92.020000
NaN,NaN,941.120000,142.770000,1052.380000,92.010000
NaN,NaN,941.090000,142.790000,1052.410000,92.030000
NaN,NaN,941.100000,142.850000,1052.440000,92.050000
NaN,NaN,941.110000,142.840000,1052.440000,92.070000
NaN,NaN,941.120000,142.880000,1052.450000,92.080000
NaN,NaN,941.100000,142.890000,1052.480000,92.080000
NaN,NaN,941.100000,142.910000,1052.860000,92.050000
NaN,NaN,941.120000,142.990000,1052.860000,92.100000
NaN,NaN,941.100000,143.010000,1052.870000,92.090000
NaN,NaN,941.090000,143.020000,1052.890000,92.110000
NaN,NaN,941.090000,143.060000,1052.910000,92.130000
NaN,NaN,941.090000,143.090000,1052.940000,92.160000
NaN,NaN,941.080000,143.090000,1052.950000,92.170000
NaN,NaN,941.090000,143.120000,1052.970000,92.170000
NaN,NaN,941.070000,143.120000,1052.980000,92.210000
NaN,NaN,941.080000,143.200000,1052.980000,92.210000
NaN,NaN,941.070000,143.200000,1053.010000,92.220000
NaN,NaN,941.070000,143.260000,1053.030000,92.280000
NaN,NaN,941.060000,143.290000,1053.060000,92.290000
NaN,NaN,941.070000,143.300000,1053.070000,92.280000
NaN,NaN,941.030000,143.380000,1053.090000,92.330000
NaN,NaN,941.030000,143.420000,1053.120000,92.330000
NaN,NaN,940.990000,143.440000,1053.170000,92.350000
NaN,NaN,941.020000,143.510000,1053.160000,92.350000
NaN,NaN,941.180000,144.200000,1053.170000,92.400000
NaN,NaN,941.410000,144.950000,1053.180000,92.420000
NaN,NaN,941.840000,145.750000,1053.200000,92.430000
NaN,NaN,942.020000,146.510000,1053.220000,92.450000
NaN,NaN,942.020000,146.530000,1053.240000,92.480000
NaN,NaN,941.980000,146.580000,1053.170000,93.110000
NaN,NaN,941.980000,146.630000,1053.070000,93.840000
NaN,NaN,941.960000,146.630000,1053.060000,94.250000
NaN,NaN,941.960000,146.670000,1053.070000,94.300000
NaN,NaN,941.930000,146.670000,1053.080000,93.860000
NaN,NaN,941.920000,146.720000,1053.120000,93.880000
NaN,NaN,941.930000,146.760000,1053.140000,93.910000
NaN,NaN,941.900000,146.770000,1053.170000,93.950000
NaN,NaN,941.890000,146.810000,1053.200000,93.960000
NaN,NaN,941.920000,146.850000,1053.180000,93.970000
NaN,NaN,941.910000,146.880000,1053.210000,93.990000
NaN,NaN,941.920000,146.890000,1053.220000,94.010000
NaN,NaN,941.850000,146.900000,1053.230000,94.020000
NaN,NaN,941.870000,146.960000,1053.270000,94.030000
NaN,NaN,941.860000,147.000000,1053.290000,94.080000
NaN,NaN,941.830000,147.030000,1053.300000,94.090000
NaN,NaN,941.850000,147.060000,1053.270000,94.140000
NaN,NaN,941.820000,147.090000,1053.280000,94.130000
NaN,NaN,941.810000,147.110000,1053.310000,94.130000
NaN,NaN,941.790000,147.110000,1053.340000,94.160000
NaN,NaN,941.770000,147.180000,1053.340000,94.190000
NaN,NaN,941.760000,147.220000,1053.380000,94.200000
NaN,NaN,941.750000,147.260000,1053.410000,94.230000
NaN,NaN,941.740000,147.300000,1053.480000,94.230000
NaN,NaN,941.730000,147.330000,1053.820000,94.210000
NaN,NaN,941.680000,147.340000,1053.840000,94.230000
NaN,NaN,941.670000,147.400000,1053.850000,94.260000
NaN,NaN,941.680000,147.470000,1053.820000,94.250000
NaN,NaN,941.850000,148.140000,1053.870000,94.260000
NaN,NaN,941.990000,148.910000,1053.900000,94.270000
NaN,NaN,942.140000,149.680000,1053.910000,94.310000
NaN,NaN,942.140000,149.720000,1053.920000,94.330000
NaN,NaN,942.130000,149.760000,1053.950000,94.350000
NaN,NaN,942.120000,149.800000,1053.970000,94.360000
NaN,NaN,942.130000,149.840000,1053.990000,94.360000
NaN,NaN,942.070000,149.850000,1054.000000,94.380000
NaN,NaN,942.070000,149.930000,1054.030000,94.380000
NaN,NaN,942.030000,149.940000,1054.040000,94.380000
NaN,NaN,942.030000,149.950000,1054.060000,94.430000
NaN,NaN,942.050000,149.970000,1054.060000,94.440000
NaN,NaN,942.020000,150.010000,1054.060000,94.530000
NaN,NaN,942.040000,150.060000,1053.990000,95.080000
NaN,NaN,942.040000,150.090000,1053.930000,95.720000
NaN,NaN,942.020000,150.130000,1053.990000,95.710000
NaN,NaN,942.010000,150.150000,1053.980000,95.750000
NaN,NaN,941.960000,150.180000,1053.970000,95.760000
NaN,NaN,941.960000,150.210000,1053.980000,95.780000
NaN,NaN,941.940000,150.250000,1053.980000,95.810000
NaN,NaN,941.940000,150.310000,1054.000000,95.820000
NaN,NaN,941.950000,150.340000,1054.010000,95.820000
NaN,NaN,941.900000,150.390000,1054.010000,95.870000
NaN,NaN,941.890000,150.510000,1054.030000,95.850000
NaN,NaN,942.020000,151.160000,1054.040000,95.870000
NaN,NaN,942.180000,151.930000,1054.090000,95.940000
NaN,NaN,942.420000,152.760000,1054.060000,95.920000
NaN,NaN,942.950000,153.690000,1054.060000,95.950000
NaN,NaN,943.220000,154.690000,1054.080000,95.960000
NaN,NaN,943.760000,155.690000,1054.100000,95.970000
NaN,NaN,943.920000,156.470000,1054.110000,95.990000
NaN,NaN,943.930000,156.590000,1054.120000,96.010000
NaN,NaN,943.930000,156.560000,1054.130000,96.020000
NaN,NaN,943.890000,156.600000,1054.160000,96.030000
NaN,NaN,943.910000,156.630000,1054.170000,96.070000
NaN,NaN,943.880000,156.640000,1054.190000,96.070000
NaN,NaN,943.880000,156.640000,1054.200000,96.090000
NaN,NaN,943.830000,156.650000,1054.190000,96.080000
NaN,NaN,943.790000,156.670000,1054.230000,96.100000
NaN,NaN,943.790000,156.650000,1054.250000,96.110000
NaN,NaN,943.810000,156.670000,1054.230000,96.080000
NaN,NaN,943.770000,156.680000,1054.230000,96.140000
NaN,NaN,943.750000,156.660000,1054.240000,96.130000
NaN,NaN,943.740000,156.680000,1054.210000,96.160000
NaN,NaN,943.700000,156.710000,1054.230000,96.170000
NaN,NaN,943.670000,156.740000,1054.240000,96.170000
NaN,NaN,943.650000,156.740000,1054.240000,96.190000
NaN,NaN,943.660000,156.760000,1054.240000,96.220000
NaN,NaN,943.640000,156.760000,1054.270000,96.240000
NaN,NaN,943.630000,156.760000,1054.280000,96.250000
NaN,NaN,943.630000,156.770000,1054.310000,96.240000
NaN,NaN,943.580000,156.770000,1054.340000,96.270000
NaN,NaN,943.540000,156.760000,1054.310000,96.250000
NaN,NaN,943.180000,156.620000,1054.330000,96.260000
NaN,NaN,943.180000,156.630000,1054.310000,96.260000
NaN,NaN,943.160000,156.650000,1054.380000,96.320000
NaN,NaN,943.140000,156.640000,1054.340000,96.330000
NaN,NaN,943.130000,156.640000,1054.370000,96.330000
NaN,NaN,943.110000,156.650000,1054.410000,96.340000
NaN,NaN,943.110000,156.650000,1054.430000,96.340000
NaN,NaN,943.100000,156.670000,1054.390000,96.320000
NaN,NaN,943.080000,156.680000,1054.430000,96.330000
NaN,NaN,943.080000,156.700000,1054.450000,96.360000
NaN,NaN,943.060000,156.690000,1054.440000,96.340000
NaN,NaN,943.060000,156.720000,1055.419462,95.579155
NaN,NaN,943.060000,156.760000,1055.170000,95.580000
NaN,NaN,943.070000,156.770000,1055.040000,95.600000
NaN,NaN,943.070000,156.790000,1055.010000,96.010000
NaN,NaN,943.070000,156.820000,1055.010000,96.030000
NaN,NaN,943.030000,156.850000,1055.010000,96.040000
NaN,NaN,943.030000,156.900000,1055.010000,96.030000
NaN,NaN,943.040000,156.910000,1055.010000,96.030000
NaN,NaN,943.050000,156.950000,1054.980000,96.010000
NaN,NaN,943.060000,156.950000,1054.980000,96.020000
NaN,NaN,943.060000,156.960000,1055.000000,96.030000
NaN,NaN,943.060000,156.970000,1055.010000,96.030000
NaN,NaN,943.030000,156.990000,1055.000000,96.030000
NaN,NaN,943.050000,157.020000,1055.000000,96.040000
NaN,NaN,943.030000,157.040000,1055.000000,96.050000
NaN,NaN,943.040000,157.090000,1055.000000,96.050000
NaN,NaN,943.050000,157.080000,1055.010000,96.050000
NaN,NaN,943.070000,157.120000,1055.000000,96.040000
NaN,NaN,943.050000,157.130000,1055.000000,96.040000
NaN,NaN,943.050000,157.150000,1055.000000,96.040000
NaN,NaN,943.030000,157.160000,1055.000000,96.050000
NaN,NaN,943.060000,157.150000,1054.990000,96.050000
NaN,NaN,943.070000,157.180000,1054.970000,96.070000
NaN,NaN,943.080000,157.210000,1054.970000,96.070000
NaN,NaN,943.040000,157.220000,1054.960000,96.060000
NaN,NaN,943.010000,157.210000,1054.960000,96.060000
NaN,NaN,943.010000,157.250000,1054.960000,96.070000
NaN,NaN,943.020000,157.270000,1054.960000,96.080000
NaN,NaN,943.060000,157.310000,1054.960000,96.100000
NaN,NaN,943.050000,157.310000,1054.960000,96.100000
NaN,NaN,943.070000,157.330000,1054.980000,96.110000
NaN,NaN,943.060000,157.340000,1054.960000,96.120000
NaN,NaN,943.080000,157.400000,1054.960000,96.130000
NaN,NaN,943.050000,157.400000,1054.960000,96.140000
NaN,NaN,943.050000,157.360000,1054.970000,96.150000
NaN,NaN,943.120000,157.410000,1054.970000,96.160000
NaN,NaN,943.060000,157.440000,1054.980000,96.190000
NaN,NaN,942.958966,159.142159,1054.980000,96.220000
NaN,NaN,943.120000,159.590000,1054.990000,96.220000
NaN,NaN,943.130000,159.620000,1055.000000,96.230000
NaN,NaN,943.130000,159.660000,1055.000000,96.270000
NaN,NaN,943.140000,159.670000,1055.020000,96.270000
NaN,NaN,943.190000,159.710000,1055.030000,96.300000
NaN,NaN,943.170000,159.740000,1055.060000,96.350000
NaN,NaN,943.180000,159.740000,1055.080000,96.350000
NaN,NaN,943.180000,159.770000,1055.100000,96.380000
NaN,NaN,943.220000,159.800000,1055.120000,96.410000
NaN,NaN,943.230000,159.800000,1055.140000,96.440000
NaN,NaN,943.240000,159.810000,1055.160000,96.500000
NaN,NaN,943.240000,159.820000,1055.140000,97.060000
NaN,NaN,943.260000,159.860000,1055.120000,97.680000
NaN,NaN,943.290000,159.860000,1055.170000,97.780000
NaN,NaN,943.280000,159.860000,1055.180000,97.780000
NaN,NaN,943.280000,159.880000,1055.200000,97.820000
NaN,NaN,943.280000,159.900000,1055.240000,97.860000
NaN,NaN,943.290000,159.900000,1055.260000,97.880000
NaN,NaN,943.300000,159.900000,1055.290000,97.880000
NaN,NaN,943.340000,159.900000,1055.320000,97.930000
NaN,NaN,943.350000,159.930000,1055.320000,97.950000
NaN,NaN,943.340000,159.930000,1055.350000,97.970000
NaN,NaN,943.350000,159.950000,1055.420000,98.020000
NaN,NaN,943.370000,159.940000,1055.450000,98.030000
NaN,NaN,943.400000,159.970000,1055.500000,98.070000
NaN,NaN,943.390000,159.970000,1055.760000,98.060000
NaN,NaN,943.400000,159.970000,1055.770000,98.080000
NaN,NaN,943.420000,159.980000,1055.820000,98.110000
NaN,NaN,943.410000,159.990000,1055.850000,98.150000
NaN,NaN,943.430000,160.000000,1055.880000,98.180000
NaN,NaN,943.420000,160.020000,1055.910000,98.210000
NaN,NaN,943.440000,160.020000,1055.930000,98.230000
NaN,NaN,943.460000,160.050000,1055.970000,98.290000
NaN,NaN,943.470000,160.070000,1055.990000,98.270000
NaN,NaN,943.450000,160.050000,1056.000000,98.320000
NaN,NaN,943.460000,160.060000,1056.060000,98.350000
NaN,NaN,943.580000,160.080000,1056.100000,98.380000
NaN,NaN,943.770000,160.190000,1056.110000,98.420000
NaN,NaN,943.800000,160.170000,1056.130000,98.430000
NaN,NaN,943.810000,160.210000,1056.140000,98.490000
NaN,NaN,943.810000,160.230000,1056.120000,99.100000
NaN,NaN,943.820000,160.210000,1056.100000,99.730000
NaN,NaN,943.810000,160.230000,1056.110000,99.760000
NaN,NaN,943.850000,160.270000,1056.170000,99.840000
NaN,NaN,943.830000,160.250000,1056.180000,99.850000
NaN,NaN,943.860000,160.280000,1056.210000,99.870000
NaN,NaN,943.850000,160.290000,1056.220000,99.880000
NaN,NaN,943.870000,160.320000,1056.260000,99.900000
NaN,NaN,943.880000,160.330000,1056.250000,99.970000
NaN,NaN,943.870000,160.330000,1056.270000,99.980000
NaN,NaN,943.880000,160.350000,1056.320000,100.010000
NaN,NaN,943.910000,160.360000,1056.350000,100.020000
NaN,NaN,943.910000,160.340000,1056.400000,100.040000
NaN,NaN,943.860000,160.340000,1056.440000,100.070000
NaN,NaN,943.880000,160.380000,1056.500000,100.080000
NaN,NaN,943.900000,160.380000,1056.770000,100.110000
NaN,NaN,943.900000,160.360000,1056.790000,100.140000
NaN,NaN,943.910000,160.410000,1056.830000,100.150000
NaN,NaN,943.960000,160.530000,1056.870000,100.210000
NaN,NaN,944.160000,161.180000,1056.900000,100.230000
NaN,NaN,944.380000,161.980000,1056.940000,100.270000
NaN,NaN,944.840000,162.810000,1056.960000,100.290000
NaN,NaN,945.100000,163.700000,1056.990000,100.320000
NaN,NaN,945.400000,164.730000,1057.010000,100.380000
NaN,NaN,945.920000,165.630000,1057.010000,100.430000
NaN,NaN,946.130000,166.510000,1057.040000,100.470000
NaN,NaN,946.160000,166.600000,1057.020000,101.050000
NaN,NaN,946.190000,166.570000,1056.970000,101.700000
NaN,NaN,946.190000,166.600000,1057.000000,101.710000
NaN,NaN,946.160000,166.610000,1057.020000,101.760000
NaN,NaN,946.150000,166.560000,1057.060000,101.810000
NaN,NaN,946.160000,166.580000,1057.090000,101.810000
NaN,NaN,946.160000,166.570000,1057.150000,101.850000
NaN,NaN,946.190000,166.630000,1057.200000,101.910000
NaN,NaN,946.150000,166.610000,1057.230000,101.910000
NaN,NaN,946.160000,166.560000,1057.260000,101.910000
NaN,NaN,946.140000,166.600000,1057.320000,101.940000
NaN,NaN,946.210000,166.640000,1057.350000,101.970000
NaN,NaN,946.220000,166.670000,1057.390000,101.980000
NaN,NaN,946.220000,166.680000,1057.470000,102.010000
NaN,NaN,946.200000,166.640000,1057.760000,102.030000
NaN,NaN,946.140000,166.620000,1057.780000,102.040000
NaN,NaN,946.200000,166.650000,1057.830000,102.080000
NaN,NaN,946.190000,166.640000,1057.910000,102.110000
NaN,NaN,946.180000,166.640000,1057.910000,102.130000
NaN,NaN,946.190000,166.670000,1057.950000,102.170000
NaN,NaN,946.160000,166.670000,1057.970000,102.190000
NaN,NaN,946.170000,166.650000,1058.010000,102.220000
NaN,NaN,946.170000,166.670000,1058.070000,102.290000
NaN,NaN,946.150000,166.670000,1058.110000,102.310000
NaN,NaN,946.150000,166.670000,1058.140000,102.320000
NaN,NaN,946.170000,166.660000,1058.150000,102.350000
NaN,NaN,946.160000,166.670000,1058.210000,102.390000
NaN,NaN,946.150000,166.680000,1058.220000,102.410000
NaN,NaN,946.200000,166.700000,1058.310000,102.440000
NaN,NaN,946.180000,166.710000,1058.320000,102.520000
NaN,NaN,946.170000,166.700000,1058.280000,103.070000
NaN,NaN,946.150000,166.700000,1058.240000,103.710000
NaN,NaN,946.140000,166.730000,1058.280000,103.720000
NaN,NaN,946.130000,166.680000,1058.310000,103.750000
NaN,NaN,946.140000,166.720000,1058.360000,103.800000
NaN,NaN,946.150000,166.710000,1058.390000,103.830000
NaN,NaN,946.130000,166.690000,1058.450000,103.850000
NaN,NaN,946.120000,166.750000,1058.760000,103.860000
NaN,NaN,946.130000,166.730000,1058.770000,103.880000
NaN,NaN,946.140000,166.770000,1058.800000,103.930000
NaN,NaN,946.130000,166.770000,1058.840000,103.930000
NaN,NaN,946.140000,166.760000,1058.870000,103.950000
NaN,NaN,946.160000,166.810000,1058.920000,103.990000
NaN,NaN,946.160000,166.810000,1058.950000,104.020000
NaN,NaN,946.150000,166.820000,1058.980000,104.050000
NaN,NaN,946.190000,166.840000,1059.010000,104.080000
NaN,NaN,946.150000,166.850000,1059.050000,104.100000
NaN,NaN,946.180000,166.860000,1059.050000,104.100000
NaN,NaN,946.170000,166.880000,1059.090000,104.150000
NaN,NaN,946.200000,166.910000,1059.190000,104.190000
NaN,NaN,946.240000,166.930000,1059.190000,104.210000
NaN,NaN,946.210000,166.930000,1059.220000,104.280000
NaN,NaN,946.210000,166.980000,1059.250000,104.340000
NaN,NaN,946.220000,166.990000,1059.300000,104.320000
NaN,NaN,946.230000,167.020000,1059.320000,104.360000
NaN,NaN,946.250000,167.030000,1059.400000,104.430000
NaN,NaN,946.210000,167.040000,1059.420000,104.460000
NaN,NaN,946.240000,167.070000,1059.440000,104.560000
NaN,NaN,946.250000,167.090000,1059.400000,105.080000
NaN,NaN,946.250000,167.100000,1059.350000,105.730000
NaN,NaN,946.300000,167.170000,1059.410000,105.780000
NaN,NaN,946.300000,167.160000,1059.450000,105.800000
NaN,NaN,946.300000,167.200000,1059.490000,105.830000
NaN,NaN,946.280000,167.220000,1059.790000,105.840000
NaN,NaN,946.360000,167.270000,1059.820000,105.870000
NaN,NaN,946.340000,167.280000,1059.880000,105.910000
NaN,NaN,946.330000,167.290000,1059.910000,105.940000
NaN,NaN,946.350000,167.290000,1059.970000,106.020000
NaN,NaN,946.370000,167.340000,1060.010000,106.040000
NaN,NaN,946.310000,167.320000,1060.030000,106.060000
NaN,NaN,946.310000,167.330000,1060.070000,106.100000
NaN,NaN,946.497933,167.617226,1060.110000,106.140000
NaN,NaN,946.080000,168.040000,1060.160000,106.200000
NaN,NaN,946.020000,168.060000,1060.270000,106.240000
NaN,NaN,946.020000,168.080000,1060.310000,106.280000
NaN,NaN,946.040000,168.090000,1060.370000,106.320000
NaN,NaN,946.030000,168.120000,1060.390000,106.380000
NaN,NaN,946.020000,168.180000,1060.450000,106.410000
NaN,NaN,946.030000,168.190000,1060.820000,106.430000
NaN,NaN,946.060000,168.220000,1060.830000,106.480000
NaN,NaN,946.070000,168.220000,1060.800000,107.070000
NaN,NaN,946.050000,168.260000,1060.770000,107.680000
NaN,NaN,946.030000,168.260000,1060.840000,107.770000
NaN,NaN,946.030000,168.290000,1060.870000,107.800000
NaN,NaN,946.040000,168.310000,1060.900000,107.830000
NaN,NaN,946.050000,168.350000,1060.930000,107.880000
NaN,NaN,946.060000,168.360000,1060.980000,107.950000
NaN,NaN,945.711496,168.040979,1061.050000,107.990000
NaN,NaN,945.870000,167.980000,1061.060000,108.040000
NaN,NaN,945.970000,168.030000,1061.130000,108.070000
NaN,NaN,945.980000,168.080000,1061.160000,108.100000
NaN,NaN,945.980000,168.110000,1061.180000,108.140000
NaN,NaN,946.000000,168.130000,1061.240000,108.230000
NaN,NaN,945.990000,168.160000,1061.280000,108.270000
NaN,NaN,945.970000,168.170000,1061.300000,108.310000
NaN,NaN,945.970000,168.200000,1061.340000,108.380000
NaN,NaN,945.980000,168.230000,1061.360000,108.420000
NaN,NaN,945.990000,168.260000,1061.490000,108.480000
NaN,NaN,945.970000,168.240000,1061.760000,109.030000
NaN,NaN,945.711496,168.040979,1061.800000,109.100000
NaN,NaN,946.020000,168.030000,1061.810000,109.130000
NaN,NaN,946.010000,168.070000,1061.840000,109.140000
NaN,NaN,946.040000,168.090000,1061.890000,109.180000
NaN,NaN,946.030000,168.100000,1061.920000,109.220000
NaN,NaN,946.030000,168.170000,1061.960000,109.260000
NaN,NaN,946.040000,168.180000,1062.010000,109.360000
NaN,NaN,948.070807,168.464733,1062.020000,109.400000
NaN,NaN,948.070807,169.312240,1062.040000,109.430000
NaN,NaN,948.090000,169.500000,1062.080000,109.470000
NaN,NaN,948.100000,169.530000,1062.100000,110.090000
NaN,NaN,948.130000,169.610000,1062.040000,110.730000
NaN,NaN,948.160000,169.710000,1062.070000,110.780000
NaN,NaN,948.200000,169.850000,1062.110000,110.840000
NaN,NaN,948.210000,169.850000,1062.140000,110.920000
NaN,NaN,948.220000,169.880000,1062.150000,110.930000
NaN,NaN,948.240000,169.930000,1062.190000,110.960000
NaN,NaN,948.210000,169.960000,1062.250000,110.990000
NaN,NaN,948.260000,169.970000,1062.250000,111.040000
NaN,NaN,948.240000,170.020000,1062.290000,111.080000
NaN,NaN,948.240000,170.050000,1062.340000,111.120000
NaN,NaN,948.220000,170.060000,1062.420000,111.180000
NaN,NaN,948.260000,170.100000,1062.440000,111.250000
NaN,NaN,948.250000,170.100000,1062.520000,111.280000
NaN,NaN,NaN,NaN,1062.790000,111.270000
NaN,NaN,NaN,NaN,1062.820000,111.310000
NaN,NaN,NaN,NaN,1062.830000,111.390000
NaN,NaN,NaN,NaN,1062.890000,111.460000
NaN,NaN,NaN,NaN,1062.880000,112.050000
NaN,NaN,NaN,NaN,1062.820000,112.700000
NaN,NaN,NaN,NaN,1062.840000,112.740000
NaN,NaN,NaN,NaN,1062.900000,112.820000
NaN,NaN,NaN,NaN,1062.910000,112.850000
NaN,NaN,NaN,NaN,1062.940000,112.890000
NaN,NaN,NaN,NaN,1063.010000,112.940000
NaN,NaN,NaN,NaN,1063.030000,112.970000
NaN,NaN,NaN,NaN,1063.070000,113.010000
NaN,NaN,NaN,NaN,1063.090000,113.080000
NaN,NaN,NaN,NaN,1063.160000,113.120000
NaN,NaN,NaN,NaN,1063.180000,113.160000
NaN,NaN,NaN,NaN,1063.220000,113.190000
NaN,NaN,NaN,NaN,1063.270000,113.240000
NaN,NaN,NaN,NaN,1063.280000,113.310000
NaN,NaN,NaN,NaN,1063.370000,113.360000
NaN,NaN,NaN,NaN,1063.460000,113.390000
NaN,NaN,NaN,NaN,1063.790000,113.410000
NaN,NaN,NaN,NaN,1063.790000,113.460000
NaN,NaN,NaN,NaN,1063.780000,114.100000
NaN,NaN,NaN,NaN,1063.760000,114.750000
NaN,NaN,NaN,NaN,1063.820000,114.790000
NaN,NaN,NaN,NaN,1063.830000,114.830000
NaN,NaN,NaN,NaN,1063.900000,114.890000
NaN,NaN,NaN,NaN,1063.950000,114.920000
NaN,NaN,NaN,NaN,1064.010000,114.970000
NaN,NaN,NaN,NaN,1064.040000,115.020000
NaN,NaN,NaN,NaN,1064.090000,115.060000
NaN,NaN,NaN,NaN,1064.110000,115.120000
NaN,NaN,NaN,NaN,1064.160000,115.150000
NaN,NaN,NaN,NaN,1064.250000,115.240000
NaN,NaN,NaN,NaN,1064.300000,115.270000
NaN,NaN,NaN,NaN,1064.340000,115.310000
NaN,NaN,NaN,NaN,1064.390000,115.420000
NaN,NaN,NaN,NaN,1064.360000,116.010000
NaN,NaN,NaN,NaN,1064.450000,116.050000
NaN,NaN,NaN,NaN,1064.750000,116.050000
NaN,NaN,NaN,NaN,1064.820000,116.120000
NaN,NaN,NaN,NaN,1064.870000,116.150000
NaN,NaN,NaN,NaN,1064.890000,116.190000
NaN,NaN,NaN,NaN,1064.950000,116.250000
NaN,NaN,NaN,NaN,1064.990000,116.280000
NaN,NaN,NaN,NaN,1065.060000,116.370000
NaN,NaN,NaN,NaN,1065.070000,116.400000
NaN,NaN,NaN,NaN,1065.100000,116.470000
NaN,NaN,NaN,NaN,1065.100000,117.130000
NaN,NaN,NaN,NaN,1065.060000,117.770000
NaN,NaN,NaN,NaN,1065.090000,117.810000
NaN,NaN,NaN,NaN,1065.120000,117.870000
NaN,NaN,NaN,NaN,1065.170000,117.920000
NaN,NaN,NaN,NaN,1065.240000,117.960000
NaN,NaN,NaN,NaN,1065.280000,118.000000
NaN,NaN,NaN,NaN,1065.350000,118.070000
NaN,NaN,NaN,NaN,1065.400000,118.090000
NaN,NaN,NaN,NaN,1065.480000,118.130000
NaN,NaN,NaN,NaN,1065.770000,118.130000
NaN,NaN,NaN,NaN,1065.800000,118.180000
NaN,NaN,NaN,NaN,1065.840000,118.210000
NaN,NaN,NaN,NaN,1065.880000,118.270000
NaN,NaN,NaN,NaN,1065.920000,118.310000
NaN,NaN,NaN,NaN,1065.990000,118.380000
NaN,NaN,NaN,NaN,1066.000000,118.440000
NaN,NaN,NaN,NaN,1065.980000,119.120000
NaN,NaN,NaN,NaN,1065.960000,119.790000
NaN,NaN,NaN,NaN,1065.980000,119.820000
NaN,NaN,NaN,NaN,1066.020000,119.890000
NaN,NaN,NaN,NaN,1066.060000,119.930000
NaN,NaN,NaN,NaN,1066.090000,119.960000
NaN,NaN,NaN,NaN,1066.140000,120.000000
NaN,NaN,NaN,NaN,1066.180000,120.080000
NaN,NaN,NaN,NaN,1066.220000,120.100000
NaN,NaN,NaN,NaN,1066.270000,120.150000
NaN,NaN,NaN,NaN,1066.290000,120.180000
NaN,NaN,NaN,NaN,1066.340000,120.250000
NaN,NaN,NaN,NaN,1066.370000,120.250000
NaN,NaN,NaN,NaN,1066.440000,120.300000
NaN,NaN,NaN,NaN,1066.770000,120.310000
NaN,NaN,NaN,NaN,1066.790000,120.380000
NaN,NaN,NaN,NaN,1066.860000,120.430000
NaN,NaN,NaN,NaN,1066.860000,120.470000
NaN,NaN,NaN,NaN,1066.860000,121.100000
NaN,NaN,NaN,NaN,1066.860000,121.780000
NaN,NaN,NaN,NaN,1066.870000,121.830000
NaN,NaN,NaN,NaN,1066.940000,121.900000
NaN,NaN,NaN,NaN,1066.960000,121.940000
NaN,NaN,NaN,NaN,1067.010000,122.010000
NaN,NaN,NaN,NaN,1067.060000,122.040000
NaN,NaN,NaN,NaN,1067.100000,122.100000
NaN,NaN,NaN,NaN,1067.130000,122.130000
NaN,NaN,NaN,NaN,1067.160000,122.160000
NaN,NaN,NaN,NaN,1067.280000,122.210000
NaN,NaN,NaN,NaN,1067.290000,122.280000
NaN,NaN,NaN,NaN,1067.340000,122.310000
NaN,NaN,NaN,NaN,1067.400000,122.380000
NaN,NaN,NaN,NaN,1067.410000,122.400000
NaN,NaN,NaN,NaN,1067.540000,122.490000
NaN,NaN,NaN,NaN,1067.730000,123.080000
NaN,NaN,NaN,NaN,1067.670000,123.770000
NaN,NaN,NaN,NaN,1067.740000,123.820000
NaN,NaN,NaN,NaN,1067.810000,123.860000
NaN,NaN,NaN,NaN,1067.850000,123.890000
NaN,NaN,NaN,NaN,1067.920000,123.970000
NaN,NaN,NaN,NaN,1067.950000,123.990000
NaN,NaN,NaN,NaN,1067.980000,123.990000
NaN,NaN,NaN,NaN,1068.040000,124.070000
NaN,NaN,NaN,NaN,1068.100000,124.110000
NaN,NaN,NaN,NaN,1068.140000,124.150000
NaN,NaN,NaN,NaN,1068.200000,124.210000
NaN,NaN,NaN,NaN,1068.230000,124.270000
NaN,NaN,NaN,NaN,1068.280000,124.310000
NaN,NaN,NaN,NaN,1068.320000,124.390000
NaN,NaN,NaN,NaN,1068.390000,124.490000
NaN,NaN,NaN,NaN,1068.350000,125.110000
NaN,NaN,NaN,NaN,1068.340000,125.760000
NaN,NaN,NaN,NaN,1068.390000,125.840000
NaN,NaN,NaN,NaN,1068.440000,125.910000
NaN,NaN,NaN,NaN,1068.520000,125.950000
NaN,NaN,NaN,NaN,1068.810000,125.950000
NaN,NaN,NaN,NaN,1068.850000,126.000000
NaN,NaN,NaN,NaN,1068.910000,126.050000
NaN,NaN,NaN,NaN,1068.980000,126.090000
NaN,NaN,NaN,NaN,1069.010000,126.170000
NaN,NaN,NaN,NaN,1069.050000,126.170000
NaN,NaN,NaN,NaN,1069.090000,126.260000
NaN,NaN,NaN,NaN,1069.120000,126.330000
NaN,NaN,NaN,NaN,1069.170000,126.390000
NaN,NaN,NaN,NaN,1069.220000,126.510000
NaN,NaN,NaN,NaN,1069.210000,127.040000
NaN,NaN,NaN,NaN,1069.240000,127.090000
NaN,NaN,NaN,NaN,1069.330000,127.190000
NaN,NaN,NaN,NaN,1069.360000,127.240000
NaN,NaN,NaN,NaN,1069.440000,127.280000
NaN,NaN,NaN,NaN,1069.720000,127.380000
NaN,NaN,NaN,NaN,1069.780000,127.460000
NaN,NaN,NaN,NaN,1069.790000,128.020000
NaN,NaN,NaN,NaN,1069.830000,128.100000
NaN,NaN,NaN,NaN,1069.900000,128.140000
NaN,NaN,NaN,NaN,1069.920000,128.200000
NaN,NaN,NaN,NaN,1069.950000,128.250000
NaN,NaN,NaN,NaN,1070.020000,128.320000
NaN,NaN,NaN,NaN,1070.050000,128.350000
NaN,NaN,NaN,NaN,1070.130000,128.560000
NaN,NaN,NaN,NaN,1070.110000,129.060000
NaN,NaN,NaN,NaN,1070.160000,129.100000
NaN,NaN,NaN,NaN,1070.210000,129.160000
NaN,NaN,NaN,NaN,1070.260000,129.260000
NaN,NaN,NaN,NaN,1070.290000,129.290000
NaN,NaN,NaN,NaN,1070.350000,129.360000
NaN,NaN,NaN,NaN,1070.390000,129.450000
NaN,NaN,NaN,NaN,1070.380000,130.010000
NaN,NaN,NaN,NaN,1070.420000,130.100000
NaN,NaN,NaN,NaN,1070.480000,130.110000
NaN,NaN,NaN,NaN,1070.770000,130.150000
NaN,NaN,NaN,NaN,1070.850000,130.210000
NaN,NaN,NaN,NaN,1070.890000,130.290000
NaN,NaN,NaN,NaN,1070.930000,130.390000
NaN,NaN,NaN,NaN,1070.960000,130.520000
NaN,NaN,NaN,NaN,1070.990000,131.010000
NaN,NaN,NaN,NaN,1071.020000,131.060000
NaN,NaN,NaN,NaN,1071.050000,131.110000
NaN,NaN,NaN,NaN,1071.090000,131.190000
NaN,NaN,NaN,NaN,1071.150000,131.250000
NaN,NaN,NaN,NaN,1071.170000,131.340000
NaN,NaN,NaN,NaN,1071.240000,131.370000
NaN,NaN,NaN,NaN,1071.290000,131.420000
NaN,NaN,NaN,NaN,1071.410000,131.420000
NaN,NaN,NaN,NaN,1071.710000,131.620000
NaN,NaN,NaN,NaN,1071.710000,132.100000
NaN,NaN,NaN,NaN,1071.660000,132.810000
NaN,NaN,NaN,NaN,1071.700000,132.870000
NaN,NaN,NaN,NaN,1071.770000,132.920000
NaN,NaN,NaN,NaN,1071.860000,132.980000
NaN,NaN,NaN,NaN,1071.900000,133.010000
NaN,NaN,NaN,NaN,1071.970000,133.060000
NaN,NaN,NaN,NaN,1071.980000,133.100000
NaN,NaN,NaN,NaN,1072.040000,133.160000
NaN,NaN,NaN,NaN,1072.070000,133.180000
NaN,NaN,NaN,NaN,1072.100000,133.240000
NaN,NaN,NaN,NaN,1072.150000,133.270000
NaN,NaN,NaN,NaN,1072.240000,133.350000
NaN,NaN,NaN,NaN,1072.270000,133.400000
NaN,NaN,NaN,NaN,1072.310000,133.420000
NaN,NaN,NaN,NaN,1072.380000,133.490000
NaN,NaN,NaN,NaN,1072.340000,134.180000
NaN,NaN,NaN,NaN,1072.300000,134.890000
NaN,NaN,NaN,NaN,1072.250000,135.470000
NaN,NaN,NaN,NaN,1072.310000,135.520000
NaN,NaN,NaN,NaN,1072.360000,135.600000
NaN,NaN,NaN,NaN,1072.400000,135.670000
NaN,NaN,NaN,NaN,1072.460000,135.760000
NaN,NaN,NaN,NaN,1072.750000,135.760000
NaN,NaN,NaN,NaN,1072.800000,135.800000
NaN,NaN,NaN,NaN,1072.830000,135.850000
NaN,NaN,NaN,NaN,1072.900000,135.910000
NaN,NaN,NaN,NaN,1072.960000,135.950000
NaN,NaN,NaN,NaN,1073.010000,136.050000
NaN,NaN,NaN,NaN,1073.050000,136.060000
NaN,NaN,NaN,NaN,1073.070000,136.090000
NaN,NaN,NaN,NaN,1073.100000,136.170000
NaN,NaN,NaN,NaN,1073.160000,136.200000
NaN,NaN,NaN,NaN,1073.200000,136.210000
NaN,NaN,NaN,NaN,1073.270000,136.310000
NaN,NaN,NaN,NaN,1073.300000,136.340000
NaN,NaN,NaN,NaN,1073.350000,136.380000
NaN,NaN,NaN,NaN,1073.360000,136.410000
NaN,NaN,NaN,NaN,1073.490000,136.480000
NaN,NaN,NaN,NaN,1073.710000,137.110000
NaN,NaN,NaN,NaN,1073.700000,137.820000
NaN,NaN,NaN,NaN,1073.760000,137.860000
NaN,NaN,NaN,NaN,1073.800000,137.940000
NaN,NaN,NaN,NaN,1073.900000,137.960000
NaN,NaN,NaN,NaN,1073.910000,137.970000
NaN,NaN,NaN,NaN,1073.950000,138.000000
NaN,NaN,NaN,NaN,1074.010000,138.040000
NaN,NaN,NaN,NaN,1074.070000,138.090000
NaN,NaN,NaN,NaN,1074.080000,138.130000
NaN,NaN,NaN,NaN,1074.110000,138.150000
NaN,NaN,NaN,NaN,1074.180000,138.230000
NaN,NaN,NaN,NaN,1074.220000,138.280000
NaN,NaN,NaN,NaN,1074.300000,138.320000
NaN,NaN,NaN,NaN,1074.300000,138.370000
NaN,NaN,NaN,NaN,1074.330000,138.430000
NaN,NaN,NaN,NaN,1074.390000,138.600000
NaN,NaN,NaN,NaN,1074.380000,139.100000
NaN,NaN,NaN,NaN,1074.360000,139.790000
NaN,NaN,NaN,NaN,1074.410000,139.840000
NaN,NaN,NaN,NaN,1074.470000,139.890000
NaN,NaN,NaN,NaN,1074.760000,139.890000
NaN,NaN,NaN,NaN,1074.810000,139.920000
NaN,NaN,NaN,NaN,1074.880000,139.970000
NaN,NaN,NaN,NaN,1074.930000,140.020000
NaN,NaN,NaN,NaN,1074.990000,140.070000
NaN,NaN,NaN,NaN,1075.050000,140.110000
NaN,NaN,NaN,NaN,1075.050000,140.150000
NaN,NaN,NaN,NaN,1075.090000,140.190000
NaN,NaN,NaN,NaN,1075.180000,140.260000
NaN,NaN,NaN,NaN,1075.200000,140.290000
NaN,NaN,NaN,NaN,1075.220000,140.420000
NaN,NaN,NaN,NaN,1075.180000,140.980000
NaN,NaN,NaN,NaN,1075.300000,141.020000
NaN,NaN,NaN,NaN,1075.330000,141.060000
NaN,NaN,NaN,NaN,1075.390000,141.110000
NaN,NaN,NaN,NaN,1075.450000,141.170000
NaN,NaN,NaN,NaN,1075.740000,141.280000
NaN,NaN,NaN,NaN,1075.780000,141.330000
NaN,NaN,NaN,NaN,1075.840000,141.390000
NaN,NaN,NaN,NaN,1075.910000,141.490000
NaN,NaN,NaN,NaN,1075.860000,141.990000
NaN,NaN,NaN,NaN,1075.930000,142.080000
NaN,NaN,NaN,NaN,1075.980000,142.130000
NaN,NaN,NaN,NaN,1076.030000,142.200000
NaN,NaN,NaN,NaN,1076.080000,142.260000
NaN,NaN,NaN,NaN,1076.160000,142.340000
NaN,NaN,NaN,NaN,1076.180000,142.370000
NaN,NaN,NaN,NaN,1076.230000,142.490000
NaN,NaN,NaN,NaN,1076.250000,143.000000
NaN,NaN,NaN,NaN,1076.270000,143.020000
NaN,NaN,NaN,NaN,1076.360000,143.070000
NaN,NaN,NaN,NaN,1076.440000,143.160000
NaN,NaN,NaN,NaN,1076.660000,143.260000
NaN,NaN,NaN,NaN,1076.690000,143.300000
NaN,NaN,NaN,NaN,1076.800000,143.380000
NaN,NaN,NaN,NaN,1076.840000,143.420000
NaN,NaN,NaN,NaN,1076.930000,143.560000
NaN,NaN,NaN,NaN,1076.900000,143.980000
NaN,NaN,NaN,NaN,1076.960000,144.060000
NaN,NaN,NaN,NaN,1077.040000,144.130000
NaN,NaN,NaN,NaN,1077.070000,144.160000
NaN,NaN,NaN,NaN,1077.180000,144.240000
NaN,NaN,NaN,NaN,1077.230000,144.280000
NaN,NaN,NaN,NaN,1077.350000,144.370000
NaN,NaN,NaN,NaN,1077.360000,144.440000
NaN,NaN,NaN,NaN,1077.360000,144.980000
NaN,NaN,NaN,NaN,1077.410000,145.020000
NaN,NaN,NaN,NaN,1077.550000,145.090000
NaN,NaN,NaN,NaN,1077.730000,145.160000
NaN,NaN,NaN,NaN,1077.810000,145.280000
NaN,NaN,NaN,NaN,1077.870000,145.350000
NaN,NaN,NaN,NaN,1077.990000,145.400000
NaN,NaN,NaN,NaN,1078.030000,145.440000
NaN,NaN,NaN,NaN,1078.120000,145.540000
NaN,NaN,NaN,NaN,1078.080000,145.980000
NaN,NaN,NaN,NaN,1078.170000,146.070000
NaN,NaN,NaN,NaN,1078.240000,146.130000
NaN,NaN,NaN,NaN,1078.270000,146.210000
NaN,NaN,NaN,NaN,1078.420000,146.260000
NaN,NaN,NaN,NaN,1078.610000,146.310000
NaN,NaN,NaN,NaN,1078.720000,146.380000
NaN,NaN,NaN,NaN,1078.760000,146.510000
NaN,NaN,NaN,NaN,1078.780000,147.030000
NaN,NaN,NaN,NaN,1078.860000,147.120000
NaN,NaN,NaN,NaN,1078.890000,147.180000
NaN,NaN,NaN,NaN,1078.990000,147.270000
NaN,NaN,NaN,NaN,1079.050000,147.300000
NaN,NaN,NaN,NaN,1079.180000,147.420000
NaN,NaN,NaN,NaN,1079.140000,147.920000
NaN,NaN,NaN,NaN,1079.220000,148.010000
NaN,NaN,NaN,NaN,1079.300000,148.050000
NaN,NaN,NaN,NaN,1079.430000,148.160000
NaN,NaN,NaN,NaN,1079.630000,148.190000
NaN,NaN,NaN,NaN,1079.760000,148.260000
NaN,NaN,NaN,NaN,1079.870000,148.340000
NaN,NaN,NaN,NaN,1079.920000,148.390000
NaN,NaN,NaN,NaN,1080.040000,148.490000
NaN,NaN,NaN,NaN,1080.030000,149.020000
NaN,NaN,NaN,NaN,1080.100000,149.070000
NaN,NaN,NaN,NaN,1080.150000,149.170000
NaN,NaN,NaN,NaN,1080.250000,149.240000
NaN,NaN,NaN,NaN,1080.370000,149.320000
NaN,NaN,NaN,NaN,1080.400000,149.420000
NaN,NaN,NaN,NaN,1080.340000,149.960000
NaN,NaN,NaN,NaN,1080.470000,150.010000
NaN,NaN,NaN,NaN,1080.700000,150.060000
NaN,NaN,NaN,NaN,1080.800000,150.170000
NaN,NaN,NaN,NaN,1080.830000,150.230000
NaN,NaN,NaN,NaN,1080.930000,150.270000
NaN,NaN,NaN,NaN,1080.980000,150.330000
NaN,NaN,NaN,NaN,1081.030000,150.390000
NaN,NaN,NaN,NaN,1081.100000,150.480000
NaN,NaN,NaN,NaN,1081.060000,151.020000
NaN,NaN,NaN,NaN,1081.130000,151.050000
NaN,NaN,NaN,NaN,1081.210000,151.130000
NaN,NaN,NaN,NaN,1081.340000,151.160000
NaN,NaN,NaN,NaN,1081.370000,151.260000
NaN,NaN,NaN,NaN,1081.400000,151.320000
NaN,NaN,NaN,NaN,1081.520000,151.430000
NaN,NaN,NaN,NaN,1081.620000,151.940000
NaN,NaN,NaN,NaN,1081.660000,151.970000
NaN,NaN,NaN,NaN,1081.730000,152.030000
NaN,NaN,NaN,NaN,1081.800000,152.070000
NaN,NaN,NaN,NaN,1081.870000,152.130000
NaN,NaN,NaN,NaN,1081.990000,152.200000
NaN,NaN,NaN,NaN,1082.010000,152.260000
NaN,NaN,NaN,NaN,1082.100000,152.290000
NaN,NaN,NaN,NaN,1082.240000,152.400000
NaN,NaN,NaN,NaN,1082.210000,152.500000
NaN,NaN,NaN,NaN,1082.200000,153.060000
NaN,NaN,NaN,NaN,1082.170000,153.680000
NaN,NaN,NaN,NaN,1082.220000,153.740000
NaN,NaN,NaN,NaN,1082.280000,153.800000
NaN,NaN,NaN,NaN,1082.380000,153.850000
NaN,NaN,NaN,NaN,1082.400000,153.910000
NaN,NaN,NaN,NaN,1082.500000,153.980000
NaN,NaN,NaN,NaN,1082.710000,154.050000
NaN,NaN,NaN,NaN,1082.750000,154.140000
NaN,NaN,NaN,NaN,1082.890000,154.190000
NaN,NaN,NaN,NaN,1082.940000,154.260000
NaN,NaN,NaN,NaN,1083.010000,154.400000
NaN,NaN,NaN,NaN,1082.960000,154.900000
NaN,NaN,NaN,NaN,1083.000000,154.970000
NaN,NaN,NaN,NaN,1083.030000,155.030000
NaN,NaN,NaN,NaN,1083.100000,155.080000
NaN,NaN,NaN,NaN,1083.210000,155.190000
NaN,NaN,NaN,NaN,1083.280000,155.220000
NaN,NaN,NaN,NaN,1083.400000,155.320000
NaN,NaN,NaN,NaN,1083.680000,155.460000
NaN,NaN,NaN,NaN,1083.590000,155.960000
NaN,NaN,NaN,NaN,1083.600000,156.030000
NaN,NaN,NaN,NaN,1083.690000,156.060000
NaN,NaN,NaN,NaN,1083.800000,156.130000
NaN,NaN,NaN,NaN,1083.860000,156.260000
NaN,NaN,NaN,NaN,1083.810000,156.290000
NaN,NaN,NaN,NaN,1083.890000,156.420000
NaN,NaN,NaN,NaN,1083.930000,156.920000
NaN,NaN,NaN,NaN,1084.010000,156.990000
NaN,NaN,NaN,NaN,1084.020000,157.060000
NaN,NaN,NaN,NaN,1084.100000,157.150000
NaN,NaN,NaN,NaN,1084.130000,157.220000
NaN,NaN,NaN,NaN,1084.220000,157.290000
NaN,NaN,NaN,NaN,1084.300000,157.400000
NaN,NaN,NaN,NaN,1084.270000,157.960000
NaN,NaN,NaN,NaN,1084.350000,157.990000
NaN,NaN,NaN,NaN,1084.420000,158.050000
NaN,NaN,NaN,NaN,1084.500000,158.120000
NaN,NaN,NaN,NaN,1084.760000,158.240000
NaN,NaN,NaN,NaN,1084.790000,158.290000
NaN,NaN,NaN,NaN,1084.930000,158.340000
NaN,NaN,NaN,NaN,1084.990000,158.360000
NaN,NaN,NaN,NaN,1085.060000,158.480000
NaN,NaN,NaN,NaN,1084.980000,159.140000
NaN,NaN,NaN,NaN,1084.960000,159.740000
NaN,NaN,NaN,NaN,1085.060000,159.790000
NaN,NaN,NaN,NaN,1085.100000,159.820000
NaN,NaN,NaN,NaN,1085.170000,159.930000
NaN,NaN,NaN,NaN,1085.240000,159.990000
NaN,NaN,NaN,NaN,1085.320000,160.040000
NaN,NaN,NaN,NaN,1085.370000,160.100000
NaN,NaN,NaN,NaN,1085.410000,160.160000
NaN,NaN,NaN,NaN,1085.520000,160.250000
NaN,NaN,NaN,NaN,1085.710000,160.330000
NaN,NaN,NaN,NaN,1086.090506,159.989666
NaN,NaN,NaN,NaN,1086.020000,160.030000
NaN,NaN,NaN,NaN,1086.090000,160.070000
NaN,NaN,NaN,NaN,1086.110000,160.110000
NaN,NaN,NaN,NaN,1086.160000,160.210000
NaN,NaN,NaN,NaN,1086.190000,160.320000
NaN,NaN,NaN,NaN,1086.250000,160.440000
NaN,NaN,NaN,NaN,1086.380000,160.940000
NaN,NaN,NaN,NaN,1086.450000,161.010000
NaN,NaN,NaN,NaN,1086.770000,161.100000
NaN,NaN,NaN,NaN,1086.810000,161.140000
NaN,NaN,NaN,NaN,1086.850000,161.240000
NaN,NaN,NaN,NaN,1086.860000,161.360000
NaN,NaN,NaN,NaN,1086.910000,161.530000
NaN,NaN,NaN,NaN,1087.020000,161.960000
NaN,NaN,NaN,NaN,1087.070000,162.020000
NaN,NaN,NaN,NaN,1087.120000,162.060000
NaN,NaN,NaN,NaN,1087.190000,162.120000
NaN,NaN,NaN,NaN,1087.280000,162.220000
NaN,NaN,NaN,NaN,1087.310000,162.300000
NaN,NaN,NaN,NaN,1087.400000,162.380000
NaN,NaN,NaN,NaN,1087.450000,162.460000
NaN,NaN,NaN,NaN,1087.750000,162.970000
NaN,NaN,NaN,NaN,1087.920000,163.010000
NaN,NaN,NaN,NaN,1087.910000,163.130000
NaN,NaN,NaN,NaN,1087.870000,163.240000
NaN,NaN,NaN,NaN,1087.910000,163.380000
NaN,NaN,NaN,NaN,1087.910000,163.950000
NaN,NaN,NaN,NaN,1087.920000,163.990000
NaN,NaN,NaN,NaN,1087.960000,164.050000
NaN,NaN,NaN,NaN,1087.950000,164.140000
NaN,NaN,NaN,NaN,1087.930000,164.220000
NaN,NaN,NaN,NaN,1087.930000,164.370000
NaN,NaN,NaN,NaN,1087.990000,164.900000
NaN,NaN,NaN,NaN,1088.020000,164.960000
NaN,NaN,NaN,NaN,1088.070000,165.010000
NaN,NaN,NaN,NaN,1088.100000,165.070000
NaN,NaN,NaN,NaN,1088.150000,165.140000
NaN,NaN,NaN,NaN,1088.200000,165.220000
NaN,NaN,NaN,NaN,1088.260000,165.360000
NaN,NaN,NaN,NaN,1088.290000,165.450000
NaN,NaN,NaN,NaN,1088.360000,165.950000
NaN,NaN,NaN,NaN,1088.400000,166.000000
NaN,NaN,NaN,NaN,1088.560000,166.080000
NaN,NaN,NaN,NaN,1088.770000,166.140000
NaN,NaN,NaN,NaN,1088.860000,166.240000
NaN,NaN,NaN,NaN,1088.890000,166.310000
NaN,NaN,NaN,NaN,1088.930000,166.400000
NaN,NaN,NaN,NaN,1088.990000,166.510000
NaN,NaN,NaN,NaN,1089.030000,166.960000
NaN,NaN,NaN,NaN,1089.070000,167.020000
NaN,NaN,NaN,NaN,1089.120000,167.070000
NaN,NaN,NaN,NaN,1089.190000,167.150000
NaN,NaN,NaN,NaN,1089.260000,167.250000
NaN,NaN,NaN,NaN,1089.290000,167.310000
NaN,NaN,NaN,NaN,1089.340000,167.410000
NaN,NaN,NaN,NaN,1089.430000,167.920000
NaN,NaN,NaN,NaN,1089.690000,168.010000
NaN,NaN,NaN,NaN,1089.730000,168.080000
NaN,NaN,NaN,NaN,1089.820000,168.160000
NaN,NaN,NaN,NaN,1089.850000,168.230000
NaN,NaN,NaN,NaN,1089.870000,168.310000
NaN,NaN,NaN,NaN,1089.930000,168.460000
NaN,NaN,NaN,NaN,1089.950000,168.930000
NaN,NaN,NaN,NaN,1090.010000,168.990000
NaN,NaN,NaN,NaN,1090.050000,169.030000
NaN,NaN,NaN,NaN,1090.090000,169.070000
NaN,NaN,NaN,NaN,1090.170000,169.150000
NaN,NaN,NaN,NaN,1090.210000,169.210000
NaN,NaN,NaN,NaN,1090.290000,169.270000
NaN,NaN,NaN,NaN,1090.340000,169.340000
NaN,NaN,NaN,NaN,1090.470000,169.400000
NaN,NaN,NaN,NaN,1090.640000,169.560000
NaN,NaN,NaN,NaN,1090.740000,170.030000
NaN,NaN,NaN,NaN,1090.790000,170.040000
NaN,NaN,NaN,NaN,1090.900000,170.150000
NaN,NaN,NaN,NaN,1090.950000,170.200000
NaN,NaN,NaN,NaN,1091.000000,170.290000
NaN,NaN,NaN,NaN,1091.030000,170.370000
NaN,NaN,NaN,NaN,1091.070000,170.510000
NaN,NaN,NaN,NaN,1091.110000,170.960000
NaN,NaN,NaN,NaN,1091.150000,171.000000
NaN,NaN,NaN,NaN,1091.210000,171.060000
NaN,NaN,NaN,NaN,1091.240000,171.150000
NaN,NaN,NaN,NaN,1091.330000,171.210000
NaN,NaN,NaN,NaN,1091.420000,171.250000
NaN,NaN,NaN,NaN,1091.640000,171.460000
NaN,NaN,NaN,NaN,1091.700000,171.910000
NaN,NaN,NaN,NaN,1091.780000,171.990000
NaN,NaN,NaN,NaN,1091.800000,172.020000
NaN,NaN,NaN,NaN,1091.900000,172.060000
NaN,NaN,NaN,NaN,1091.940000,172.090000
NaN,NaN,NaN,NaN,1092.010000,172.180000
NaN,NaN,NaN,NaN,1092.050000,172.230000
NaN,NaN,NaN,NaN,1092.150000,172.290000
NaN,NaN,NaN,NaN,1092.190000,172.360000
NaN,NaN,NaN,NaN,1092.270000,172.440000
NaN,NaN,NaN,NaN,NaN,NaN
NaN,NaN,NaN,NaN,NaN,NaN
NaN,NaN,NaN,NaN,NaN,NaN
NaN,NaN,NaN,NaN,NaN,NaN
NaN,NaN,NaN,NaN,NaN,NaN
NaN,NaN,NaN,NaN,NaN,NaN
NaN,NaN,NaN,NaN,NaN,NaN
NaN,NaN,NaN,NaN,NaN,NaN
NaN,NaN,NaN,NaN,NaN,NaN
NaN,NaN,NaN,NaN,NaN,NaN
NaN,NaN,NaN,NaN,NaN,NaN
NaN,NaN,NaN,NaN,NaN,NaN
NaN,NaN,NaN,NaN,NaN,NaN
NaN,NaN,NaN,NaN,NaN,NaN
NaN,NaN,NaN,NaN,NaN,NaN
NaN,NaN,NaN,NaN,NaN,NaN
NaN,NaN,NaN,NaN,NaN,NaN
NaN,NaN,NaN,NaN,NaN,NaN
NaN,NaN,NaN,NaN,NaN,NaN
NaN,NaN,NaN,NaN,NaN,NaN
NaN,NaN,NaN,NaN,NaN,NaN
NaN,NaN,NaN,NaN,NaN,NaN
NaN,NaN,NaN,NaN,NaN,NaN
NaN,NaN,NaN,NaN,NaN,NaN
NaN,NaN,NaN,NaN,NaN,NaN
NaN,NaN,NaN,NaN,NaN,NaN
NaN,NaN,NaN,NaN,NaN,NaN
NaN,NaN,NaN,NaN,NaN,NaN
NaN,NaN,NaN,NaN,NaN,NaN
NaN,NaN,NaN,NaN,NaN,NaN
NaN,NaN,NaN,NaN,NaN,NaN
NaN,NaN,NaN,NaN,NaN,NaN
NaN,NaN,NaN,NaN,NaN,NaN
NaN,NaN,NaN,NaN,NaN,NaN
NaN,NaN,NaN,NaN,NaN,NaN
NaN,NaN,NaN,NaN,NaN,NaN
NaN,NaN,NaN,NaN,NaN,NaN
NaN,NaN,NaN,NaN,NaN,NaN
NaN,NaN,NaN,NaN,NaN,NaN
NaN,NaN,NaN,NaN,NaN,NaN
NaN,NaN,NaN,NaN,NaN,NaN
NaN,NaN,NaN,NaN,NaN,NaN
NaN,NaN,NaN,NaN,NaN,NaN
NaN,NaN,NaN,NaN,NaN,NaN
NaN,NaN,NaN,NaN,NaN,NaN
NaN,NaN,NaN,NaN,NaN,NaN
NaN,NaN,NaN,NaN,NaN,NaN
NaN,NaN,NaN,NaN,NaN,NaN
NaN,NaN,NaN,NaN,NaN,NaN
NaN,NaN,NaN,NaN,NaN,NaN
NaN,NaN,NaN,NaN,NaN,NaN
NaN,NaN,NaN,NaN,NaN,NaN
NaN,NaN,NaN,NaN,NaN,NaN
NaN,NaN,NaN,NaN,NaN,NaN
NaN,NaN,NaN,NaN,NaN,NaN
NaN,NaN,NaN,NaN,NaN,NaN
NaN,NaN,NaN,NaN,NaN,NaN
NaN,NaN,NaN,NaN,NaN,NaN
NaN,NaN,NaN,NaN,NaN,NaN
NaN,NaN,NaN,NaN,NaN,NaN
NaN,NaN,NaN,NaN,NaN,NaN
NaN,NaN,NaN,NaN,NaN,NaN
NaN,NaN,NaN,NaN,NaN,NaN
NaN,NaN,NaN,NaN,NaN,NaN
NaN,NaN,NaN,NaN,NaN,NaN
NaN,NaN,NaN,NaN,NaN,NaN
NaN,NaN,NaN,NaN,NaN,NaN
NaN,NaN,NaN,NaN,NaN,NaN
NaN,NaN,NaN,NaN,NaN,NaN
NaN,NaN,NaN,NaN,NaN,NaN
NaN,NaN,NaN,NaN,NaN,NaN
NaN,NaN,NaN,NaN,NaN,NaN
NaN,NaN,NaN,NaN,NaN,NaN
NaN,NaN,NaN,NaN,NaN,NaN
NaN,NaN,NaN,NaN,NaN,NaN
NaN,NaN,NaN,NaN,NaN,NaN
NaN,NaN,NaN,NaN,NaN,NaN
NaN,NaN,NaN,NaN,NaN,NaN
NaN,NaN,NaN,NaN,NaN,NaN
NaN,NaN,NaN,NaN,NaN,NaN
NaN,NaN,NaN,NaN,NaN,NaN
NaN,NaN,NaN,NaN,NaN,NaN
NaN,NaN,NaN,NaN,NaN,NaN
NaN,NaN,NaN,NaN,NaN,NaN
NaN,NaN,NaN,NaN,NaN,NaN
NaN,NaN,NaN,NaN,NaN,NaN
NaN,NaN,NaN,NaN,NaN,NaN
NaN,NaN,NaN,NaN,NaN,NaN
NaN,NaN,NaN,NaN,NaN,NaN
NaN,NaN,NaN,NaN,NaN,NaN
NaN,NaN,NaN,NaN,NaN,NaN
NaN,NaN,NaN,NaN,NaN,NaN
NaN,NaN,NaN,NaN,NaN,NaN
NaN,NaN,NaN,NaN,NaN,NaN
NaN,NaN,NaN,NaN,NaN,NaN
NaN,NaN,NaN,NaN,NaN,NaN
NaN,NaN,NaN,NaN,NaN,NaN
NaN,NaN,NaN,NaN,NaN,NaN
NaN,NaN,NaN,NaN,NaN,NaN
NaN,NaN,NaN,NaN,NaN,NaN
NaN,NaN,NaN,NaN,NaN,NaN
NaN,NaN,NaN,NaN,NaN,NaN
NaN,NaN,NaN,NaN,NaN,NaN
NaN,NaN,NaN,NaN,NaN,NaN
NaN,NaN,NaN,NaN,NaN,NaN
NaN,NaN,NaN,NaN,NaN,NaN
NaN,NaN,NaN,NaN,NaN,NaN
NaN,NaN,NaN,NaN,NaN,NaN
NaN,NaN,NaN,NaN,NaN,NaN
NaN,NaN,NaN,NaN,NaN,NaN
NaN,NaN,NaN,NaN,NaN,NaN
NaN,NaN,NaN,NaN,NaN,NaN
NaN,NaN,NaN,NaN,NaN,NaN
NaN,NaN,NaN,NaN,NaN,NaN
NaN,NaN,NaN,NaN,NaN,NaN
NaN,NaN,NaN,NaN,NaN,NaN
NaN,NaN,NaN,NaN,NaN,NaN
NaN,NaN,NaN,NaN,NaN,NaN
NaN,NaN,NaN,NaN,NaN,NaN
NaN,NaN,NaN,NaN,NaN,NaN
NaN,NaN,NaN,NaN,NaN,NaN
NaN,NaN,NaN,NaN,NaN,NaN
NaN,NaN,NaN,NaN,NaN,NaN
NaN,NaN,NaN,NaN,NaN,NaN
NaN,NaN,NaN,NaN,NaN,NaN
NaN,NaN,NaN,NaN,NaN,NaN
NaN,NaN,NaN,NaN,NaN,NaN
NaN,NaN,NaN,NaN,NaN,NaN
NaN,NaN,NaN,NaN,NaN,NaN
NaN,NaN,NaN,NaN,NaN,NaN
NaN,NaN,NaN,NaN,NaN,NaN
NaN,NaN,NaN,NaN,NaN,NaN
NaN,NaN,NaN,NaN,NaN,NaN
NaN,NaN,NaN,NaN,NaN,NaN
NaN,NaN,NaN,NaN,NaN,NaN
NaN,NaN,NaN,NaN,NaN,NaN
NaN,NaN,NaN,NaN,NaN,NaN
NaN,NaN,NaN,NaN,NaN,NaN
NaN,NaN,NaN,NaN,NaN,NaN
NaN,NaN,NaN,NaN,NaN,NaN
NaN,NaN,NaN,NaN,NaN,NaN
NaN,NaN,NaN,NaN,NaN,NaN
NaN,NaN,NaN,NaN,NaN,NaN
NaN,NaN,NaN,NaN,NaN,NaN
NaN,NaN,NaN,NaN,NaN,NaN
NaN,NaN,NaN,NaN,NaN,NaN
NaN,NaN,NaN,NaN,NaN,NaN
NaN,NaN,NaN,NaN,NaN,NaN
NaN,NaN,NaN,NaN,NaN,NaN
NaN,NaN,NaN,NaN,NaN,NaN
NaN,NaN,NaN,NaN,NaN,NaN
NaN,NaN,NaN,NaN,NaN,NaN
NaN,NaN,NaN,NaN,NaN,NaN
NaN,NaN,NaN,NaN,NaN,NaN
NaN,NaN,NaN,NaN,NaN,NaN
NaN,NaN,NaN,NaN,NaN,NaN
NaN,NaN,NaN,NaN,NaN,NaN
NaN,NaN,NaN,NaN,NaN,NaN
NaN,NaN,NaN,NaN,NaN,NaN
NaN,NaN,NaN,NaN,NaN,NaN
NaN,NaN,NaN,NaN,NaN,NaN
NaN,NaN,NaN,NaN,NaN,NaN
NaN,NaN,NaN,NaN,NaN,NaN
NaN,NaN,NaN,NaN,NaN,NaN
NaN,NaN,NaN,NaN,NaN,NaN
NaN,NaN,NaN,NaN,NaN,NaN
NaN,NaN,NaN,NaN,NaN,NaN
NaN,NaN,NaN,NaN,NaN,NaN
NaN,NaN,NaN,NaN,NaN,NaN
NaN,NaN,NaN,NaN,NaN,NaN
NaN,NaN,NaN,NaN,NaN,NaN
NaN,NaN,NaN,NaN,NaN,NaN
NaN,NaN,NaN,NaN,NaN,NaN
NaN,NaN,NaN,NaN,NaN,NaN
NaN,NaN,NaN,NaN,NaN,NaN
NaN,NaN,NaN,NaN,NaN,NaN
NaN,NaN,NaN,NaN,NaN,NaN
NaN,NaN,NaN,NaN,NaN,NaN
NaN,NaN,NaN,NaN,NaN,NaN
NaN,NaN,NaN,NaN,NaN,NaN
NaN,NaN,NaN,NaN,NaN,NaN
NaN,NaN,NaN,NaN,NaN,NaN
NaN,NaN,NaN,NaN,NaN,NaN
NaN,NaN,NaN,NaN,NaN,NaN
NaN,NaN,NaN,NaN,NaN,NaN
NaN,NaN,NaN,NaN,NaN,NaN
NaN,NaN,NaN,NaN,NaN,NaN
NaN,NaN,NaN,NaN,NaN,NaN
NaN,NaN,NaN,NaN,NaN,NaN
NaN,NaN,NaN,NaN,NaN,NaN
NaN,NaN,NaN,NaN,NaN,NaN
NaN,NaN,NaN,NaN,NaN,NaN
NaN,NaN,NaN,NaN,NaN,NaN
NaN,NaN,NaN,NaN,NaN,NaN
NaN,NaN,NaN,NaN,NaN,NaN
NaN,NaN,NaN,NaN,NaN,NaN
NaN,NaN,NaN,NaN,NaN,NaN
NaN,NaN,NaN,NaN,NaN,NaN
NaN,NaN,NaN,NaN,NaN,NaN
NaN,NaN,NaN,NaN,NaN,NaN
NaN,NaN,NaN,NaN,NaN,NaN
NaN,NaN,NaN,NaN,NaN,NaN
NaN,NaN,NaN,NaN,NaN,NaN
NaN,NaN,NaN,NaN,NaN,NaN
NaN,NaN,NaN,NaN,NaN,NaN
NaN,NaN,NaN,NaN,NaN,NaN
NaN,NaN,NaN,NaN,NaN,NaN
NaN,NaN,NaN,NaN,NaN,NaN
NaN,NaN,NaN,NaN,NaN,NaN
NaN,NaN,NaN,NaN,NaN,NaN
NaN,NaN,NaN,NaN,NaN,NaN
NaN,NaN,NaN,NaN,NaN,NaN
NaN,NaN,NaN,NaN,NaN,NaN
NaN,NaN,NaN,NaN,NaN,NaN
NaN,NaN,NaN,NaN,NaN,NaN
NaN,NaN,NaN,NaN,NaN,NaN
NaN,NaN,NaN,NaN,NaN,NaN
NaN,NaN,NaN,NaN,NaN,NaN
NaN,NaN,NaN,NaN,NaN,NaN
NaN,NaN,NaN,NaN,NaN,NaN
NaN,NaN,NaN,NaN,NaN,NaN
NaN,NaN,NaN,NaN,NaN,NaN
NaN,NaN,NaN,NaN,NaN,NaN
NaN,NaN,NaN,NaN,NaN,NaN
NaN,NaN,NaN,NaN,NaN,NaN
NaN,NaN,NaN,NaN,NaN,NaN
NaN,NaN,NaN,NaN,NaN,NaN
NaN,NaN,NaN,NaN,NaN,NaN
NaN,NaN,NaN,NaN,NaN,NaN
NaN,NaN,NaN,NaN,NaN,NaN
NaN,NaN,NaN,NaN,NaN,NaN
NaN,NaN,NaN,NaN,NaN,NaN
NaN,NaN,NaN,NaN,NaN,NaN
NaN,NaN,NaN,NaN,NaN,NaN
NaN,NaN,NaN,NaN,NaN,NaN
NaN,NaN,NaN,NaN,NaN,NaN
NaN,NaN,NaN,NaN,NaN,NaN
NaN,NaN,NaN,NaN,NaN,NaN
NaN,NaN,NaN,NaN,NaN,NaN
NaN,NaN,NaN,NaN,NaN,NaN
NaN,NaN,NaN,NaN,NaN,NaN
NaN,NaN,NaN,NaN,NaN,NaN
NaN,NaN,NaN,NaN,NaN,NaN
NaN,NaN,NaN,NaN,NaN,NaN
NaN,NaN,NaN,NaN,NaN,NaN
NaN,NaN,NaN,NaN,NaN,NaN
NaN,NaN,NaN,NaN,NaN,NaN
NaN,NaN,NaN,NaN,NaN,NaN
NaN,NaN,NaN,NaN,NaN,NaN
NaN,NaN,NaN,NaN,NaN,NaN
NaN,NaN,NaN,NaN,NaN,NaN
NaN,NaN,NaN,NaN,NaN,NaN
NaN,NaN,NaN,NaN,NaN,NaN
NaN,NaN,NaN,NaN,NaN,NaN
NaN,NaN,NaN,NaN,NaN,NaN
NaN,NaN,NaN,NaN,NaN,NaN
NaN,NaN,NaN,NaN,NaN,NaN
NaN,NaN,NaN,NaN,NaN,NaN
NaN,NaN,NaN,NaN,NaN,NaN
NaN,NaN,NaN,NaN,NaN,NaN
NaN,NaN,NaN,NaN,NaN,NaN
NaN,NaN,NaN,NaN,NaN,NaN
NaN,NaN,NaN,NaN,NaN,NaN
NaN,NaN,NaN,NaN,NaN,NaN
NaN,NaN,NaN,NaN,NaN,NaN
NaN,NaN,NaN,NaN,NaN,NaN
NaN,NaN,NaN,NaN,NaN,NaN
NaN,NaN,NaN,NaN,NaN,NaN
NaN,NaN,NaN,NaN,NaN,NaN
NaN,NaN,NaN,NaN,NaN,NaN
NaN,NaN,NaN,NaN,NaN,NaN
NaN,NaN,NaN,NaN,NaN,NaN
NaN,NaN,NaN,NaN,NaN,NaN
NaN,NaN,NaN,NaN,NaN,NaN
NaN,NaN,NaN,NaN,NaN,NaN
NaN,NaN,NaN,NaN,NaN,NaN
NaN,NaN,NaN,NaN,NaN,NaN
NaN,NaN,NaN,NaN,NaN,NaN
NaN,NaN,NaN,NaN,NaN,NaN
NaN,NaN,NaN,NaN,NaN,NaN
NaN,NaN,NaN,NaN,NaN,NaN
NaN,NaN,NaN,NaN,NaN,NaN
NaN,NaN,NaN,NaN,NaN,NaN
NaN,NaN,NaN,NaN,NaN,NaN
NaN,NaN,NaN,NaN,NaN,NaN
NaN,NaN,NaN,NaN,NaN,NaN
NaN,NaN,NaN,NaN,NaN,NaN
NaN,NaN,NaN,NaN,NaN,NaN
NaN,NaN,NaN,NaN,NaN,NaN
NaN,NaN,NaN,NaN,NaN,NaN
NaN,NaN,NaN,NaN,NaN,NaN
NaN,NaN,NaN,NaN,NaN,NaN
NaN,NaN,NaN,NaN,NaN,NaN
NaN,NaN,NaN,NaN,NaN,NaN
NaN,NaN,NaN,NaN,NaN,NaN
NaN,NaN,NaN,NaN,NaN,NaN
NaN,NaN,NaN,NaN,NaN,NaN
NaN,NaN,NaN,NaN,NaN,NaN
NaN,NaN,NaN,NaN,NaN,NaN
NaN,NaN,NaN,NaN,NaN,NaN
NaN,NaN,NaN,NaN,NaN,NaN
NaN,NaN,NaN,NaN,NaN,NaN
NaN,NaN,NaN,NaN,NaN,NaN
NaN,NaN,NaN,NaN,NaN,NaN
NaN,NaN,NaN,NaN,NaN,NaN
NaN,NaN,NaN,NaN,NaN,NaN
NaN,NaN,NaN,NaN,NaN,NaN
NaN,NaN,NaN,NaN,NaN,NaN
NaN,NaN,NaN,NaN,NaN,NaN
NaN,NaN,NaN,NaN,NaN,NaN
NaN,NaN,NaN,NaN,NaN,NaN
NaN,NaN,NaN,NaN,NaN,NaN
NaN,NaN,NaN,NaN,NaN,NaN
NaN,NaN,NaN,NaN,NaN,NaN
NaN,NaN,NaN,NaN,NaN,NaN
NaN,NaN,NaN,NaN,NaN,NaN
NaN,NaN,NaN,NaN,NaN,NaN
NaN,NaN,NaN,NaN,NaN,NaN
NaN,NaN,NaN,NaN,NaN,NaN
NaN,NaN,NaN,NaN,NaN,NaN
NaN,NaN,NaN,NaN,NaN,NaN
NaN,NaN,NaN,NaN,NaN,NaN
NaN,NaN,NaN,NaN,NaN,NaN
NaN,NaN,NaN,NaN,NaN,NaN
NaN,NaN,NaN,NaN,NaN,NaN
NaN,NaN,NaN,NaN,NaN,NaN
NaN,NaN,NaN,NaN,NaN,NaN
NaN,NaN,NaN,NaN,NaN,NaN
NaN,NaN,NaN,NaN,NaN,NaN
NaN,NaN,NaN,NaN,NaN,NaN
NaN,NaN,NaN,NaN,NaN,NaN
NaN,NaN,NaN,NaN,NaN,NaN
NaN,NaN,NaN,NaN,NaN,NaN
NaN,NaN,NaN,NaN,NaN,NaN
NaN,NaN,NaN,NaN,NaN,NaN
NaN,NaN,NaN,NaN,NaN,NaN
NaN,NaN,NaN,NaN,NaN,NaN
NaN,NaN,NaN,NaN,NaN,NaN
NaN,NaN,NaN,NaN,NaN,NaN
NaN,NaN,NaN,NaN,NaN,NaN
NaN,NaN,NaN,NaN,NaN,NaN
NaN,NaN,NaN,NaN,NaN,NaN
NaN,NaN,NaN,NaN,NaN,NaN
NaN,NaN,NaN,NaN,NaN,NaN
NaN,NaN,NaN,NaN,NaN,NaN
NaN,NaN,NaN,NaN,NaN,NaN
NaN,NaN,NaN,NaN,NaN,NaN
NaN,NaN,NaN,NaN,NaN,NaN
NaN,NaN,NaN,NaN,NaN,NaN
NaN,NaN,NaN,NaN,NaN,NaN
NaN,NaN,NaN,NaN,NaN,NaN
NaN,NaN,NaN,NaN,NaN,NaN
NaN,NaN,NaN,NaN,NaN,NaN
NaN,NaN,NaN,NaN,NaN,NaN
NaN,NaN,NaN,NaN,NaN,NaN
NaN,NaN,NaN,NaN,NaN,NaN
NaN,NaN,NaN,NaN,NaN,NaN
NaN,NaN,NaN,NaN,NaN,NaN
NaN,NaN,NaN,NaN,NaN,NaN
NaN,NaN,NaN,NaN,NaN,NaN
NaN,NaN,NaN,NaN,NaN,NaN
NaN,NaN,NaN,NaN,NaN,NaN
NaN,NaN,NaN,NaN,NaN,NaN
NaN,NaN,NaN,NaN,NaN,NaN
NaN,NaN,NaN,NaN,NaN,NaN
NaN,NaN,NaN,NaN,NaN,NaN
NaN,NaN,NaN,NaN,NaN,NaN
NaN,NaN,NaN,NaN,NaN,NaN
NaN,NaN,NaN,NaN,NaN,NaN
NaN,NaN,NaN,NaN,NaN,NaN
NaN,NaN,NaN,NaN,NaN,NaN
NaN,NaN,NaN,NaN,NaN,NaN
NaN,NaN,NaN,NaN,NaN,NaN
NaN,NaN,NaN,NaN,NaN,NaN
NaN,NaN,NaN,NaN,NaN,NaN
NaN,NaN,NaN,NaN,NaN,NaN
NaN,NaN,NaN,NaN,NaN,NaN
NaN,NaN,NaN,NaN,NaN,NaN
NaN,NaN,NaN,NaN,NaN,NaN
NaN,NaN,NaN,NaN,NaN,NaN
NaN,NaN,NaN,NaN,NaN,NaN
NaN,NaN,NaN,NaN,NaN,NaN
NaN,NaN,NaN,NaN,NaN,NaN
NaN,NaN,NaN,NaN,NaN,NaN
NaN,NaN,NaN,NaN,NaN,NaN
NaN,NaN,NaN,NaN,NaN,NaN
NaN,NaN,NaN,NaN,NaN,NaN
NaN,NaN,NaN,NaN,NaN,NaN
NaN,NaN,NaN,NaN,NaN,NaN
NaN,NaN,NaN,NaN,NaN,NaN
NaN,NaN,NaN,NaN,NaN,NaN
NaN,NaN,NaN,NaN,NaN,NaN
NaN,NaN,NaN,NaN,NaN,NaN
NaN,NaN,NaN,NaN,NaN,NaN
NaN,NaN,NaN,NaN,NaN,NaN
NaN,NaN,NaN,NaN,NaN,NaN
NaN,NaN,NaN,NaN,NaN,NaN
NaN,NaN,NaN,NaN,NaN,NaN
NaN,NaN,NaN,NaN,NaN,NaN
NaN,NaN,NaN,NaN,NaN,NaN
NaN,NaN,NaN,NaN,NaN,NaN
NaN,NaN,NaN,NaN,NaN,NaN
NaN,NaN,NaN,NaN,NaN,NaN
NaN,NaN,NaN,NaN,NaN,NaN
NaN,NaN,NaN,NaN,NaN,NaN
NaN,NaN,NaN,NaN,NaN,NaN
NaN,NaN,NaN,NaN,NaN,NaN
NaN,NaN,NaN,NaN,NaN,NaN
NaN,NaN,NaN,NaN,NaN,NaN
NaN,NaN,NaN,NaN,NaN,NaN
NaN,NaN,NaN,NaN,NaN,NaN
NaN,NaN,NaN,NaN,NaN,NaN
NaN,NaN,NaN,NaN,NaN,NaN
NaN,NaN,NaN,NaN,NaN,NaN
NaN,NaN,NaN,NaN,NaN,NaN
NaN,NaN,NaN,NaN,NaN,NaN
NaN,NaN,NaN,NaN,NaN,NaN
NaN,NaN,NaN,NaN,NaN,NaN
NaN,NaN,NaN,NaN,NaN,NaN
NaN,NaN,NaN,NaN,NaN,NaN
NaN,NaN,NaN,NaN,NaN,NaN
NaN,NaN,NaN,NaN,NaN,NaN
NaN,NaN,NaN,NaN,NaN,NaN
NaN,NaN,NaN,NaN,NaN,NaN
NaN,NaN,NaN,NaN,NaN,NaN
NaN,NaN,NaN,NaN,NaN,NaN
NaN,NaN,NaN,NaN,NaN,NaN
NaN,NaN,NaN,NaN,NaN,NaN
NaN,NaN,NaN,NaN,NaN,NaN
NaN,NaN,NaN,NaN,NaN,NaN
NaN,NaN,NaN,NaN,NaN,NaN
NaN,NaN,NaN,NaN,NaN,NaN
NaN,NaN,NaN,NaN,NaN,NaN
NaN,NaN,NaN,NaN,NaN,NaN
NaN,NaN,NaN,NaN,NaN,NaN
NaN,NaN,NaN,NaN,NaN,NaN
NaN,NaN,NaN,NaN,NaN,NaN
NaN,NaN,NaN,NaN,NaN,NaN
NaN,NaN,NaN,NaN,NaN,NaN
NaN,NaN,NaN,NaN,NaN,NaN
NaN,NaN,NaN,NaN,NaN,NaN
NaN,NaN,NaN,NaN,NaN,NaN
NaN,NaN,NaN,NaN,NaN,NaN
NaN,NaN,NaN,NaN,NaN,NaN
NaN,NaN,NaN,NaN,NaN,NaN
NaN,NaN,NaN,NaN,NaN,NaN
NaN,NaN,NaN,NaN,NaN,NaN
NaN,NaN,NaN,NaN,NaN,NaN
NaN,NaN,NaN,NaN,NaN,NaN
NaN,NaN,NaN,NaN,NaN,NaN
NaN,NaN,NaN,NaN,NaN,NaN
NaN,NaN,NaN,NaN,NaN,NaN
NaN,NaN,NaN,NaN,NaN,NaN
NaN,NaN,NaN,NaN,NaN,NaN
NaN,NaN,NaN,NaN,NaN,NaN
NaN,NaN,NaN,NaN,NaN,NaN
NaN,NaN,NaN,NaN,NaN,NaN
NaN,NaN,NaN,NaN,NaN,NaN
NaN,NaN,NaN,NaN,NaN,NaN
NaN,NaN,NaN,NaN,NaN,NaN
NaN,NaN,NaN,NaN,NaN,NaN
NaN,NaN,NaN,NaN,NaN,NaN
NaN,NaN,NaN,NaN,NaN,NaN
NaN,NaN,NaN,NaN,NaN,NaN
NaN,NaN,NaN,NaN,NaN,NaN
NaN,NaN,NaN,NaN,NaN,NaN
NaN,NaN,NaN,NaN,NaN,NaN
NaN,NaN,NaN,NaN,NaN,NaN
NaN,NaN,NaN,NaN,NaN,NaN
NaN,NaN,NaN,NaN,NaN,NaN
NaN,NaN,NaN,NaN,NaN,NaN
NaN,NaN,NaN,NaN,NaN,NaN
NaN,NaN,NaN,NaN,NaN,NaN
NaN,NaN,NaN,NaN,NaN,NaN
NaN,NaN,NaN,NaN,NaN,NaN
NaN,NaN,NaN,NaN,NaN,NaN
NaN,NaN,NaN,NaN,NaN,NaN
NaN,NaN,NaN,NaN,NaN,NaN
NaN,NaN,NaN,NaN,NaN,NaN
NaN,NaN,NaN,NaN,NaN,NaN
NaN,NaN,NaN,NaN,NaN,NaN
NaN,NaN,NaN,NaN,NaN,NaN
NaN,NaN,NaN,NaN,NaN,NaN
NaN,NaN,NaN,NaN,NaN,NaN
NaN,NaN,NaN,NaN,NaN,NaN
NaN,NaN,NaN,NaN,NaN,NaN
NaN,NaN,NaN,NaN,NaN,NaN
NaN,NaN,NaN,NaN,NaN,NaN
NaN,NaN,NaN,NaN,NaN,NaN
NaN,NaN,NaN,NaN,NaN,NaN
NaN,NaN,NaN,NaN,NaN,NaN
NaN,NaN,NaN,NaN,NaN,NaN
NaN,NaN,NaN,NaN,NaN,NaN
NaN,NaN,NaN,NaN,NaN,NaN
NaN,NaN,NaN,NaN,NaN,NaN
NaN,NaN,NaN,NaN,NaN,NaN
NaN,NaN,NaN,NaN,NaN,NaN
NaN,NaN,NaN,NaN,NaN,NaN
NaN,NaN,NaN,NaN,NaN,NaN
NaN,NaN,NaN,NaN,NaN,NaN
NaN,NaN,NaN,NaN,NaN,NaN
NaN,NaN,NaN,NaN,NaN,NaN
NaN,NaN,NaN,NaN,NaN,NaN
NaN,NaN,NaN,NaN,NaN,NaN
NaN,NaN,NaN,NaN,NaN,NaN
NaN,NaN,NaN,NaN,NaN,NaN
NaN,NaN,NaN,NaN,NaN,NaN
NaN,NaN,NaN,NaN,NaN,NaN
NaN,NaN,NaN,NaN,NaN,NaN
NaN,NaN,NaN,NaN,NaN,NaN
NaN,NaN,NaN,NaN,NaN,NaN
NaN,NaN,NaN,NaN,NaN,NaN
NaN,NaN,NaN,NaN,NaN,NaN
NaN,NaN,NaN,NaN,NaN,NaN
NaN,NaN,NaN,NaN,NaN,NaN
NaN,NaN,NaN,NaN,NaN,NaN
NaN,NaN,NaN,NaN,NaN,NaN
NaN,NaN,NaN,NaN,NaN,NaN
NaN,NaN,NaN,NaN,NaN,NaN
NaN,NaN,NaN,NaN,NaN,NaN
NaN,NaN,NaN,NaN,NaN,NaN
NaN,NaN,NaN,NaN,NaN,NaN
NaN,NaN,NaN,NaN,NaN,NaN
NaN,NaN,NaN,NaN,NaN,NaN
NaN,NaN,NaN,NaN,NaN,NaN
NaN,NaN,NaN,NaN,NaN,NaN
NaN,NaN,NaN,NaN,NaN,NaN
NaN,NaN,NaN,NaN,NaN,NaN
NaN,NaN,NaN,NaN,NaN,NaN
NaN,NaN,NaN,NaN,NaN,NaN
NaN,NaN,NaN,NaN,NaN,NaN
NaN,NaN,NaN,NaN,NaN,NaN
NaN,NaN,NaN,NaN,NaN,NaN
NaN,NaN,NaN,NaN,NaN,NaN
NaN,NaN,NaN,NaN,NaN,NaN
NaN,NaN,NaN,NaN,NaN,NaN
NaN,NaN,NaN,NaN,NaN,NaN
NaN,NaN,NaN,NaN,NaN,NaN
NaN,NaN,NaN,NaN,NaN,NaN
NaN,NaN,NaN,NaN,NaN,NaN
NaN,NaN,NaN,NaN,NaN,NaN
NaN,NaN,NaN,NaN,NaN,NaN
NaN,NaN,NaN,NaN,NaN,NaN
NaN,NaN,NaN,NaN,NaN,NaN
NaN,NaN,NaN,NaN,NaN,NaN
NaN,NaN,NaN,NaN,NaN,NaN
NaN,NaN,NaN,NaN,NaN,NaN
NaN,NaN,NaN,NaN,NaN,NaN
NaN,NaN,NaN,NaN,NaN,NaN
NaN,NaN,NaN,NaN,NaN,NaN
NaN,NaN,NaN,NaN,NaN,NaN
NaN,NaN,NaN,NaN,NaN,NaN
NaN,NaN,NaN,NaN,NaN,NaN
NaN,NaN,NaN,NaN,NaN,NaN
NaN,NaN,NaN,NaN,NaN,NaN
NaN,NaN,NaN,NaN,NaN,NaN
NaN,NaN,NaN,NaN,NaN,NaN
NaN,NaN,NaN,NaN,NaN,NaN
NaN,NaN,NaN,NaN,NaN,NaN
NaN,NaN,NaN,NaN,NaN,NaN
NaN,NaN,NaN,NaN,NaN,NaN
NaN,NaN,NaN,NaN,NaN,NaN
NaN,NaN,NaN,NaN,NaN,NaN
NaN,NaN,NaN,NaN,NaN,NaN
NaN,NaN,NaN,NaN,NaN,NaN
NaN,NaN,NaN,NaN,NaN,NaN
NaN,NaN,NaN,NaN,NaN,NaN
NaN,NaN,NaN,NaN,NaN,NaN
NaN,NaN,NaN,NaN,NaN,NaN
NaN,NaN,NaN,NaN,NaN,NaN
NaN,NaN,NaN,NaN,NaN,NaN
NaN,NaN,NaN,NaN,NaN,NaN
NaN,NaN,NaN,NaN,NaN,NaN
NaN,NaN,NaN,NaN,NaN,NaN
NaN,NaN,NaN,NaN,NaN,NaN
NaN,NaN,NaN,NaN,NaN,NaN
NaN,NaN,NaN,NaN,NaN,NaN
NaN,NaN,NaN,NaN,NaN,NaN
NaN,NaN,NaN,NaN,NaN,NaN
NaN,NaN,NaN,NaN,NaN,NaN
NaN,NaN,NaN,NaN,NaN,NaN
NaN,NaN,NaN,NaN,NaN,NaN
NaN,NaN,NaN,NaN,NaN,NaN
NaN,NaN,NaN,NaN,NaN,NaN
NaN,NaN,NaN,NaN,NaN,NaN
NaN,NaN,NaN,NaN,NaN,NaN
NaN,NaN,NaN,NaN,NaN,NaN
NaN,NaN,NaN,NaN,NaN,NaN
NaN,NaN,NaN,NaN,NaN,NaN
NaN,NaN,NaN,NaN,NaN,NaN
NaN,NaN,NaN,NaN,NaN,NaN
NaN,NaN,NaN,NaN,NaN,NaN
NaN,NaN,NaN,NaN,NaN,NaN
NaN,NaN,NaN,NaN,NaN,NaN
NaN,NaN,NaN,NaN,NaN,NaN
NaN,NaN,NaN,NaN,NaN,NaN
NaN,NaN,NaN,NaN,NaN,NaN
NaN,NaN,NaN,NaN,NaN,NaN
NaN,NaN,NaN,NaN,NaN,NaN
NaN,NaN,NaN,NaN,NaN,NaN
NaN,NaN,NaN,NaN,NaN,NaN
NaN,NaN,NaN,NaN,NaN,NaN
NaN,NaN,NaN,NaN,NaN,NaN
NaN,NaN,NaN,NaN,NaN,NaN
NaN,NaN,NaN,NaN,NaN,NaN
NaN,NaN,NaN,NaN,NaN,NaN
NaN,NaN,NaN,NaN,NaN,NaN
NaN,NaN,NaN,NaN,NaN,NaN
NaN,NaN,NaN,NaN,NaN,NaN
NaN,NaN,NaN,NaN,NaN,NaN
NaN,NaN,NaN,NaN,NaN,NaN
NaN,NaN,NaN,NaN,NaN,NaN
NaN,NaN,NaN,NaN,NaN,NaN
NaN,NaN,NaN,NaN,NaN,NaN
NaN,NaN,NaN,NaN,NaN,NaN
NaN,NaN,NaN,NaN,NaN,NaN
NaN,NaN,NaN,NaN,NaN,NaN
NaN,NaN,NaN,NaN,NaN,NaN
NaN,NaN,NaN,NaN,NaN,NaN
NaN,NaN,NaN,NaN,NaN,NaN
NaN,NaN,NaN,NaN,NaN,NaN
NaN,NaN,NaN,NaN,NaN,NaN
NaN,NaN,NaN,NaN,NaN,NaN
NaN,NaN,NaN,NaN,NaN,NaN
NaN,NaN,NaN,NaN,NaN,NaN
NaN,NaN,NaN,NaN,NaN,NaN
NaN,NaN,NaN,NaN,NaN,NaN
NaN,NaN,NaN,NaN,NaN,NaN
NaN,NaN,NaN,NaN,NaN,NaN
NaN,NaN,NaN,NaN,NaN,NaN
NaN,NaN,NaN,NaN,NaN,NaN
NaN,NaN,NaN,NaN,NaN,NaN
NaN,NaN,NaN,NaN,NaN,NaN
NaN,NaN,NaN,NaN,NaN,NaN
NaN,NaN,NaN,NaN,NaN,NaN
NaN,NaN,NaN,NaN,NaN,NaN
NaN,NaN,NaN,NaN,NaN,NaN
NaN,NaN,NaN,NaN,NaN,NaN
NaN,NaN,NaN,NaN,NaN,NaN
NaN,NaN,NaN,NaN,NaN,NaN
NaN,NaN,NaN,NaN,NaN,NaN
NaN,NaN,NaN,NaN,NaN,NaN
NaN,NaN,NaN,NaN,NaN,NaN
NaN,NaN,NaN,NaN,NaN,NaN
NaN,NaN,NaN,NaN,NaN,NaN
NaN,NaN,NaN,NaN,NaN,NaN
NaN,NaN,NaN,NaN,NaN,NaN
NaN,NaN,NaN,NaN,NaN,NaN
NaN,NaN,NaN,NaN,NaN,NaN
NaN,NaN,NaN,NaN,NaN,NaN
NaN,NaN,NaN,NaN,NaN,NaN
NaN,NaN,NaN,NaN,NaN,NaN
NaN,NaN,NaN,NaN,NaN,NaN
NaN,NaN,NaN,NaN,NaN,NaN
NaN,NaN,NaN,NaN,NaN,NaN
NaN,NaN,NaN,NaN,NaN,NaN
NaN,NaN,NaN,NaN,NaN,NaN
NaN,NaN,NaN,NaN,NaN,NaN
NaN,NaN,NaN,NaN,NaN,NaN
NaN,NaN,NaN,NaN,NaN,NaN
NaN,NaN,NaN,NaN,NaN,NaN
NaN,NaN,NaN,NaN,NaN,NaN
NaN,NaN,NaN,NaN,NaN,NaN
NaN,NaN,NaN,NaN,NaN,NaN
NaN,NaN,NaN,NaN,NaN,NaN
NaN,NaN,NaN,NaN,NaN,NaN
NaN,NaN,NaN,NaN,NaN,NaN
NaN,NaN,NaN,NaN,NaN,NaN
NaN,NaN,NaN,NaN,NaN,NaN
NaN,NaN,NaN,NaN,NaN,NaN
NaN,NaN,NaN,NaN,NaN,NaN
NaN,NaN,NaN,NaN,NaN,NaN
NaN,NaN,NaN,NaN,NaN,NaN
NaN,NaN,NaN,NaN,NaN,NaN
NaN,NaN,NaN,NaN,NaN,NaN
NaN,NaN,NaN,NaN,NaN,NaN
NaN,NaN,NaN,NaN,NaN,NaN
NaN,NaN,NaN,NaN,NaN,NaN
NaN,NaN,NaN,NaN,NaN,NaN
NaN,NaN,NaN,NaN,NaN,NaN
NaN,NaN,NaN,NaN,NaN,NaN
NaN,NaN,NaN,NaN,NaN,NaN
NaN,NaN,NaN,NaN,NaN,NaN
NaN,NaN,NaN,NaN,NaN,NaN
NaN,NaN,NaN,NaN,NaN,NaN
NaN,NaN,NaN,NaN,NaN,NaN
NaN,NaN,NaN,NaN,NaN,NaN
NaN,NaN,NaN,NaN,NaN,NaN
NaN,NaN,NaN,NaN,NaN,NaN
NaN,NaN,NaN,NaN,NaN,NaN
NaN,NaN,NaN,NaN,NaN,NaN
NaN,NaN,NaN,NaN,NaN,NaN
NaN,NaN,NaN,NaN,NaN,NaN
NaN,NaN,NaN,NaN,NaN,NaN
NaN,NaN,NaN,NaN,NaN,NaN
NaN,NaN,NaN,NaN,NaN,NaN
NaN,NaN,NaN,NaN,NaN,NaN
NaN,NaN,NaN,NaN,NaN,NaN
NaN,NaN,NaN,NaN,NaN,NaN
NaN,NaN,NaN,NaN,NaN,NaN
NaN,NaN,NaN,NaN,NaN,NaN
NaN,NaN,NaN,NaN,NaN,NaN
NaN,NaN,NaN,NaN,NaN,NaN
NaN,NaN,NaN,NaN,NaN,NaN
NaN,NaN,NaN,NaN,NaN,NaN
NaN,NaN,NaN,NaN,NaN,NaN
NaN,NaN,NaN,NaN,NaN,NaN
NaN,NaN,NaN,NaN,NaN,NaN
NaN,NaN,NaN,NaN,NaN,NaN
NaN,NaN,NaN,NaN,NaN,NaN
NaN,NaN,NaN,NaN,NaN,NaN
NaN,NaN,NaN,NaN,NaN,NaN
NaN,NaN,NaN,NaN,NaN,NaN
NaN,NaN,NaN,NaN,NaN,NaN
NaN,NaN,NaN,NaN,NaN,NaN
NaN,NaN,NaN,NaN,NaN,NaN
NaN,NaN,NaN,NaN,NaN,NaN
NaN,NaN,NaN,NaN,NaN,NaN
NaN,NaN,NaN,NaN,NaN,NaN
NaN,NaN,NaN,NaN,NaN,NaN
NaN,NaN,NaN,NaN,NaN,NaN
NaN,NaN,NaN,NaN,NaN,NaN
NaN,NaN,NaN,NaN,NaN,NaN
NaN,NaN,NaN,NaN,NaN,NaN
NaN,NaN,NaN,NaN,NaN,NaN
NaN,NaN,NaN,NaN,NaN,NaN
NaN,NaN,NaN,NaN,NaN,NaN
NaN,NaN,NaN,NaN,NaN,NaN
NaN,NaN,NaN,NaN,NaN,NaN
NaN,NaN,NaN,NaN,NaN,NaN
NaN,NaN,NaN,NaN,NaN,NaN
NaN,NaN,NaN,NaN,NaN,NaN
NaN,NaN,NaN,NaN,NaN,NaN
NaN,NaN,NaN,NaN,NaN,NaN
NaN,NaN,NaN,NaN,NaN,NaN
NaN,NaN,NaN,NaN,NaN,NaN
NaN,NaN,NaN,NaN,NaN,NaN
NaN,NaN,NaN,NaN,NaN,NaN
NaN,NaN,NaN,NaN,NaN,NaN
NaN,NaN,NaN,NaN,NaN,NaN
NaN,NaN,NaN,NaN,NaN,NaN
NaN,NaN,NaN,NaN,NaN,NaN
NaN,NaN,NaN,NaN,NaN,NaN
NaN,NaN,NaN,NaN,NaN,NaN
NaN,NaN,NaN,NaN,NaN,NaN
NaN,NaN,NaN,NaN,NaN,NaN
NaN,NaN,NaN,NaN,NaN,NaN
NaN,NaN,NaN,NaN,NaN,NaN
NaN,NaN,NaN,NaN,NaN,NaN
NaN,NaN,NaN,NaN,NaN,NaN
NaN,NaN,NaN,NaN,NaN,NaN
NaN,NaN,NaN,NaN,NaN,NaN
NaN,NaN,NaN,NaN,NaN,NaN
NaN,NaN,NaN,NaN,NaN,NaN
NaN,NaN,NaN,NaN,NaN,NaN
NaN,NaN,NaN,NaN,NaN,NaN
NaN,NaN,NaN,NaN,NaN,NaN
NaN,NaN,NaN,NaN,NaN,NaN
NaN,NaN,NaN,NaN,NaN,NaN
NaN,NaN,NaN,NaN,NaN,NaN
NaN,NaN,NaN,NaN,NaN,NaN
NaN,NaN,NaN,NaN,NaN,NaN
NaN,NaN,NaN,NaN,NaN,NaN
NaN,NaN,NaN,NaN,NaN,NaN
NaN,NaN,NaN,NaN,NaN,NaN
NaN,NaN,NaN,NaN,NaN,NaN
NaN,NaN,NaN,NaN,NaN,NaN
NaN,NaN,NaN,NaN,NaN,NaN
NaN,NaN,NaN,NaN,NaN,NaN
NaN,NaN,NaN,NaN,NaN,NaN
NaN,NaN,NaN,NaN,NaN,NaN
NaN,NaN,NaN,NaN,NaN,NaN
NaN,NaN,NaN,NaN,NaN,NaN
NaN,NaN,NaN,NaN,NaN,NaN
NaN,NaN,NaN,NaN,NaN,NaN
NaN,NaN,NaN,NaN,NaN,NaN
NaN,NaN,NaN,NaN,NaN,NaN
NaN,NaN,NaN,NaN,NaN,NaN
NaN,NaN,NaN,NaN,NaN,NaN
NaN,NaN,NaN,NaN,NaN,NaN
NaN,NaN,NaN,NaN,NaN,NaN
NaN,NaN,NaN,NaN,NaN,NaN
NaN,NaN,NaN,NaN,NaN,NaN
NaN,NaN,NaN,NaN,NaN,NaN
NaN,NaN,NaN,NaN,NaN,NaN
NaN,NaN,NaN,NaN,NaN,NaN
NaN,NaN,NaN,NaN,NaN,NaN
NaN,NaN,NaN,NaN,NaN,NaN
NaN,NaN,NaN,NaN,NaN,NaN
NaN,NaN,NaN,NaN,NaN,NaN
NaN,NaN,NaN,NaN,NaN,NaN
NaN,NaN,NaN,NaN,NaN,NaN
NaN,NaN,NaN,NaN,NaN,NaN
NaN,NaN,NaN,NaN,NaN,NaN
NaN,NaN,NaN,NaN,NaN,NaN
NaN,NaN,NaN,NaN,NaN,NaN
NaN,NaN,NaN,NaN,NaN,NaN
NaN,NaN,NaN,NaN,NaN,NaN
NaN,NaN,NaN,NaN,NaN,NaN
NaN,NaN,NaN,NaN,NaN,NaN
NaN,NaN,NaN,NaN,NaN,NaN
NaN,NaN,NaN,NaN,NaN,NaN
NaN,NaN,NaN,NaN,NaN,NaN
NaN,NaN,NaN,NaN,NaN,NaN
NaN,NaN,NaN,NaN,NaN,NaN
NaN,NaN,NaN,NaN,NaN,NaN
NaN,NaN,NaN,NaN,NaN,NaN
NaN,NaN,NaN,NaN,NaN,NaN
NaN,NaN,NaN,NaN,NaN,NaN
NaN,NaN,NaN,NaN,NaN,NaN
NaN,NaN,NaN,NaN,NaN,NaN
NaN,NaN,NaN,NaN,NaN,NaN
NaN,NaN,NaN,NaN,NaN,NaN
NaN,NaN,NaN,NaN,NaN,NaN
NaN,NaN,NaN,NaN,NaN,NaN
NaN,NaN,NaN,NaN,NaN,NaN
NaN,NaN,NaN,NaN,NaN,NaN
NaN,NaN,NaN,NaN,NaN,NaN
NaN,NaN,NaN,NaN,NaN,NaN
NaN,NaN,NaN,NaN,NaN,NaN
NaN,NaN,NaN,NaN,NaN,NaN
NaN,NaN,NaN,NaN,NaN,NaN
NaN,NaN,NaN,NaN,NaN,NaN
NaN,NaN,NaN,NaN,NaN,NaN
NaN,NaN,NaN,NaN,NaN,NaN
NaN,NaN,NaN,NaN,NaN,NaN
NaN,NaN,NaN,NaN,NaN,NaN
NaN,NaN,NaN,NaN,NaN,NaN
NaN,NaN,NaN,NaN,NaN,NaN
NaN,NaN,NaN,NaN,NaN,NaN
NaN,NaN,NaN,NaN,NaN,NaN
NaN,NaN,NaN,NaN,NaN,NaN
NaN,NaN,NaN,NaN,NaN,NaN
NaN,NaN,NaN,NaN,NaN,NaN
NaN,NaN,NaN,NaN,NaN,NaN
NaN,NaN,NaN,NaN,NaN,NaN
NaN,NaN,NaN,NaN,NaN,NaN
NaN,NaN,NaN,NaN,NaN,NaN
NaN,NaN,NaN,NaN,NaN,NaN
NaN,NaN,NaN,NaN,NaN,NaN
NaN,NaN,NaN,NaN,NaN,NaN
NaN,NaN,NaN,NaN,NaN,NaN
NaN,NaN,NaN,NaN,NaN,NaN
NaN,NaN,NaN,NaN,NaN,NaN
NaN,NaN,NaN,NaN,NaN,NaN
NaN,NaN,NaN,NaN,NaN,NaN
NaN,NaN,NaN,NaN,NaN,NaN
NaN,NaN,NaN,NaN,NaN,NaN
NaN,NaN,NaN,NaN,NaN,NaN
NaN,NaN,NaN,NaN,NaN,NaN
NaN,NaN,NaN,NaN,NaN,NaN
NaN,NaN,NaN,NaN,NaN,NaN
NaN,NaN,NaN,NaN,NaN,NaN
NaN,NaN,NaN,NaN,NaN,NaN
NaN,NaN,NaN,NaN,NaN,NaN
NaN,NaN,NaN,NaN,NaN,NaN
NaN,NaN,NaN,NaN,NaN,NaN
NaN,NaN,NaN,NaN,NaN,NaN
NaN,NaN,NaN,NaN,NaN,NaN
NaN,NaN,NaN,NaN,NaN,NaN
NaN,NaN,NaN,NaN,NaN,NaN
NaN,NaN,NaN,NaN,NaN,NaN
NaN,NaN,NaN,NaN,NaN,NaN
NaN,NaN,NaN,NaN,NaN,NaN
NaN,NaN,NaN,NaN,NaN,NaN
NaN,NaN,NaN,NaN,NaN,NaN
NaN,NaN,NaN,NaN,NaN,NaN
NaN,NaN,NaN,NaN,NaN,NaN
NaN,NaN,NaN,NaN,NaN,NaN
NaN,NaN,NaN,NaN,NaN,NaN
NaN,NaN,NaN,NaN,NaN,NaN
NaN,NaN,NaN,NaN,NaN,NaN
NaN,NaN,NaN,NaN,NaN,NaN
NaN,NaN,NaN,NaN,NaN,NaN
NaN,NaN,NaN,NaN,NaN,NaN
NaN,NaN,NaN,NaN,NaN,NaN
NaN,NaN,NaN,NaN,NaN,NaN
NaN,NaN,NaN,NaN,NaN,NaN
NaN,NaN,NaN,NaN,NaN,NaN
NaN,NaN,NaN,NaN,NaN,NaN
NaN,NaN,NaN,NaN,NaN,NaN
NaN,NaN,NaN,NaN,NaN,NaN
NaN,NaN,NaN,NaN,NaN,NaN
NaN,NaN,NaN,NaN,NaN,NaN
NaN,NaN,NaN,NaN,NaN,NaN
NaN,NaN,NaN,NaN,NaN,NaN
NaN,NaN,NaN,NaN,NaN,NaN
NaN,NaN,NaN,NaN,NaN,NaN
NaN,NaN,NaN,NaN,NaN,NaN
NaN,NaN,NaN,NaN,NaN,NaN
NaN,NaN,NaN,NaN,NaN,NaN
NaN,NaN,NaN,NaN,NaN,NaN
NaN,NaN,NaN,NaN,NaN,NaN
NaN,NaN,NaN,NaN,NaN,NaN
NaN,NaN,NaN,NaN,NaN,NaN
NaN,NaN,NaN,NaN,NaN,NaN
NaN,NaN,NaN,NaN,NaN,NaN
NaN,NaN,NaN,NaN,NaN,NaN
NaN,NaN,NaN,NaN,NaN,NaN
NaN,NaN,NaN,NaN,NaN,NaN
NaN,NaN,NaN,NaN,NaN,NaN
NaN,NaN,NaN,NaN,NaN,NaN
NaN,NaN,NaN,NaN,NaN,NaN
NaN,NaN,NaN,NaN,NaN,NaN
NaN,NaN,NaN,NaN,NaN,NaN
NaN,NaN,NaN,NaN,NaN,NaN
NaN,NaN,NaN,NaN,NaN,NaN
NaN,NaN,NaN,NaN,NaN,NaN
NaN,NaN,NaN,NaN,NaN,NaN
NaN,NaN,NaN,NaN,NaN,NaN
NaN,NaN,NaN,NaN,NaN,NaN
NaN,NaN,NaN,NaN,NaN,NaN
NaN,NaN,NaN,NaN,NaN,NaN
NaN,NaN,NaN,NaN,NaN,NaN
NaN,NaN,NaN,NaN,NaN,NaN
NaN,NaN,NaN,NaN,NaN,NaN
NaN,NaN,NaN,NaN,NaN,NaN
NaN,NaN,NaN,NaN,NaN,NaN
NaN,NaN,NaN,NaN,NaN,NaN
NaN,NaN,NaN,NaN,NaN,NaN
NaN,NaN,NaN,NaN,NaN,NaN
NaN,NaN,NaN,NaN,NaN,NaN
NaN,NaN,NaN,NaN,NaN,NaN
NaN,NaN,NaN,NaN,NaN,NaN
NaN,NaN,NaN,NaN,NaN,NaN
NaN,NaN,NaN,NaN,NaN,NaN
NaN,NaN,NaN,NaN,NaN,NaN
NaN,NaN,NaN,NaN,NaN,NaN
NaN,NaN,NaN,NaN,NaN,NaN
NaN,NaN,NaN,NaN,NaN,NaN
NaN,NaN,NaN,NaN,NaN,NaN
NaN,NaN,NaN,NaN,NaN,NaN
NaN,NaN,NaN,NaN,NaN,NaN
NaN,NaN,NaN,NaN,NaN,NaN
NaN,NaN,NaN,NaN,NaN,NaN
NaN,NaN,NaN,NaN,NaN,NaN
NaN,NaN,NaN,NaN,NaN,NaN
NaN,NaN,NaN,NaN,NaN,NaN
NaN,NaN,NaN,NaN,NaN,NaN
NaN,NaN,NaN,NaN,NaN,NaN
NaN,NaN,NaN,NaN,NaN,NaN
NaN,NaN,NaN,NaN,NaN,NaN
NaN,NaN,NaN,NaN,NaN,NaN
NaN,NaN,NaN,NaN,NaN,NaN
NaN,NaN,NaN,NaN,NaN,NaN
NaN,NaN,NaN,NaN,NaN,NaN
NaN,NaN,NaN,NaN,NaN,NaN
NaN,NaN,NaN,NaN,NaN,NaN
NaN,NaN,NaN,NaN,NaN,NaN
NaN,NaN,NaN,NaN,NaN,NaN
NaN,NaN,NaN,NaN,NaN,NaN
NaN,NaN,NaN,NaN,NaN,NaN
NaN,NaN,NaN,NaN,NaN,NaN
NaN,NaN,NaN,NaN,NaN,NaN
NaN,NaN,NaN,NaN,NaN,NaN
NaN,NaN,NaN,NaN,NaN,NaN
NaN,NaN,NaN,NaN,NaN,NaN
NaN,NaN,NaN,NaN,NaN,NaN
NaN,NaN,NaN,NaN,NaN,NaN
NaN,NaN,NaN,NaN,NaN,NaN
NaN,NaN,NaN,NaN,NaN,NaN
NaN,NaN,NaN,NaN,NaN,NaN
NaN,NaN,NaN,NaN,NaN,NaN
NaN,NaN,NaN,NaN,NaN,NaN
NaN,NaN,NaN,NaN,NaN,NaN
NaN,NaN,NaN,NaN,NaN,NaN
NaN,NaN,NaN,NaN,NaN,NaN
NaN,NaN,NaN,NaN,NaN,NaN
NaN,NaN,NaN,NaN,NaN,NaN
NaN,NaN,NaN,NaN,NaN,NaN
NaN,NaN,NaN,NaN,NaN,NaN
NaN,NaN,NaN,NaN,NaN,NaN
NaN,NaN,NaN,NaN,NaN,NaN
NaN,NaN,NaN,NaN,NaN,NaN
NaN,NaN,NaN,NaN,NaN,NaN
NaN,NaN,NaN,NaN,NaN,NaN
NaN,NaN,NaN,NaN,NaN,NaN
NaN,NaN,NaN,NaN,NaN,NaN
NaN,NaN,NaN,NaN,NaN,NaN
NaN,NaN,NaN,NaN,NaN,NaN
NaN,NaN,NaN,NaN,NaN,NaN
NaN,NaN,NaN,NaN,NaN,NaN
NaN,NaN,NaN,NaN,NaN,NaN
NaN,NaN,NaN,NaN,NaN,NaN
NaN,NaN,NaN,NaN,NaN,NaN
NaN,NaN,NaN,NaN,NaN,NaN
NaN,NaN,NaN,NaN,NaN,NaN
NaN,NaN,NaN,NaN,NaN,NaN
NaN,NaN,NaN,NaN,NaN,NaN
NaN,NaN,NaN,NaN,NaN,NaN
NaN,NaN,NaN,NaN,NaN,NaN
NaN,NaN,NaN,NaN,NaN,NaN
NaN,NaN,NaN,NaN,NaN,NaN
NaN,NaN,NaN,NaN,NaN,NaN
NaN,NaN,NaN,NaN,NaN,NaN
NaN,NaN,NaN,NaN,NaN,NaN
NaN,NaN,NaN,NaN,NaN,NaN
NaN,NaN,NaN,NaN,NaN,NaN
NaN,NaN,NaN,NaN,NaN,NaN
NaN,NaN,NaN,NaN,NaN,NaN
NaN,NaN,NaN,NaN,NaN,NaN
NaN,NaN,NaN,NaN,NaN,NaN
NaN,NaN,NaN,NaN,NaN,NaN
NaN,NaN,NaN,NaN,NaN,NaN
NaN,NaN,NaN,NaN,NaN,NaN
NaN,NaN,NaN,NaN,NaN,NaN
NaN,NaN,NaN,NaN,NaN,NaN
NaN,NaN,NaN,NaN,NaN,NaN
NaN,NaN,NaN,NaN,NaN,NaN
NaN,NaN,NaN,NaN,NaN,NaN
NaN,NaN,NaN,NaN,NaN,NaN
NaN,NaN,NaN,NaN,NaN,NaN
NaN,NaN,NaN,NaN,NaN,NaN
NaN,NaN,NaN,NaN,NaN,NaN
NaN,NaN,NaN,NaN,NaN,NaN
NaN,NaN,NaN,NaN,NaN,NaN
NaN,NaN,NaN,NaN,NaN,NaN
NaN,NaN,NaN,NaN,NaN,NaN
NaN,NaN,NaN,NaN,NaN,NaN
NaN,NaN,NaN,NaN,NaN,NaN
NaN,NaN,NaN,NaN,NaN,NaN
NaN,NaN,NaN,NaN,NaN,NaN
NaN,NaN,NaN,NaN,NaN,NaN
NaN,NaN,NaN,NaN,NaN,NaN
NaN,NaN,NaN,NaN,NaN,NaN
NaN,NaN,NaN,NaN,NaN,NaN
NaN,NaN,NaN,NaN,NaN,NaN
NaN,NaN,NaN,NaN,NaN,NaN
NaN,NaN,NaN,NaN,NaN,NaN
NaN,NaN,NaN,NaN,NaN,NaN
NaN,NaN,NaN,NaN,NaN,NaN
NaN,NaN,NaN,NaN,NaN,NaN
NaN,NaN,NaN,NaN,NaN,NaN
NaN,NaN,NaN,NaN,NaN,NaN
NaN,NaN,NaN,NaN,NaN,NaN
NaN,NaN,NaN,NaN,NaN,NaN
NaN,NaN,NaN,NaN,NaN,NaN
NaN,NaN,NaN,NaN,NaN,NaN
NaN,NaN,NaN,NaN,NaN,NaN
NaN,NaN,NaN,NaN,NaN,NaN
NaN,NaN,NaN,NaN,NaN,NaN
NaN,NaN,NaN,NaN,NaN,NaN
NaN,NaN,NaN,NaN,NaN,NaN
NaN,NaN,NaN,NaN,NaN,NaN
NaN,NaN,NaN,NaN,NaN,NaN
NaN,NaN,NaN,NaN,NaN,NaN
NaN,NaN,NaN,NaN,NaN,NaN
NaN,NaN,NaN,NaN,NaN,NaN
NaN,NaN,NaN,NaN,NaN,NaN
NaN,NaN,NaN,NaN,NaN,NaN
NaN,NaN,NaN,NaN,NaN,NaN
NaN,NaN,NaN,NaN,NaN,NaN
NaN,NaN,NaN,NaN,NaN,NaN
NaN,NaN,NaN,NaN,NaN,NaN
NaN,NaN,NaN,NaN,NaN,NaN
NaN,NaN,NaN,NaN,NaN,NaN
NaN,NaN,NaN,NaN,NaN,NaN
NaN,NaN,NaN,NaN,NaN,NaN
NaN,NaN,NaN,NaN,NaN,NaN
NaN,NaN,NaN,NaN,NaN,NaN
NaN,NaN,NaN,NaN,NaN,NaN
NaN,NaN,NaN,NaN,NaN,NaN
NaN,NaN,NaN,NaN,NaN,NaN
NaN,NaN,NaN,NaN,NaN,NaN
NaN,NaN,NaN,NaN,NaN,NaN
NaN,NaN,NaN,NaN,NaN,NaN
NaN,NaN,NaN,NaN,NaN,NaN
NaN,NaN,NaN,NaN,NaN,NaN
NaN,NaN,NaN,NaN,NaN,NaN
NaN,NaN,NaN,NaN,NaN,NaN
NaN,NaN,NaN,NaN,NaN,NaN
NaN,NaN,NaN,NaN,NaN,NaN
NaN,NaN,NaN,NaN,NaN,NaN
NaN,NaN,NaN,NaN,NaN,NaN
NaN,NaN,NaN,NaN,NaN,NaN
NaN,NaN,NaN,NaN,NaN,NaN
NaN,NaN,NaN,NaN,NaN,NaN
NaN,NaN,NaN,NaN,NaN,NaN
NaN,NaN,NaN,NaN,NaN,NaN
NaN,NaN,NaN,NaN,NaN,NaN
NaN,NaN,NaN,NaN,NaN,NaN
NaN,NaN,NaN,NaN,NaN,NaN
NaN,NaN,NaN,NaN,NaN,NaN
NaN,NaN,NaN,NaN,NaN,NaN
NaN,NaN,NaN,NaN,NaN,NaN
NaN,NaN,NaN,NaN,NaN,NaN
NaN,NaN,NaN,NaN,NaN,NaN
NaN,NaN,NaN,NaN,NaN,NaN
NaN,NaN,NaN,NaN,NaN,NaN
NaN,NaN,NaN,NaN,NaN,NaN
NaN,NaN,NaN,NaN,NaN,NaN
NaN,NaN,NaN,NaN,NaN,NaN
NaN,NaN,NaN,NaN,NaN,NaN
NaN,NaN,NaN,NaN,NaN,NaN
NaN,NaN,NaN,NaN,NaN,NaN
NaN,NaN,NaN,NaN,NaN,NaN
NaN,NaN,NaN,NaN,NaN,NaN
NaN,NaN,NaN,NaN,NaN,NaN
NaN,NaN,NaN,NaN,NaN,NaN
NaN,NaN,NaN,NaN,NaN,NaN
NaN,NaN,NaN,NaN,NaN,NaN
NaN,NaN,NaN,NaN,NaN,NaN
NaN,NaN,NaN,NaN,NaN,NaN
NaN,NaN,NaN,NaN,NaN,NaN
NaN,NaN,NaN,NaN,NaN,NaN
NaN,NaN,NaN,NaN,NaN,NaN
NaN,NaN,NaN,NaN,NaN,NaN
NaN,NaN,NaN,NaN,NaN,NaN
NaN,NaN,NaN,NaN,NaN,NaN
NaN,NaN,NaN,NaN,NaN,NaN
NaN,NaN,NaN,NaN,NaN,NaN
NaN,NaN,NaN,NaN,NaN,NaN
NaN,NaN,NaN,NaN,NaN,NaN
NaN,NaN,NaN,NaN,NaN,NaN
NaN,NaN,NaN,NaN,NaN,NaN
NaN,NaN,NaN,NaN,NaN,NaN
NaN,NaN,NaN,NaN,NaN,NaN
NaN,NaN,NaN,NaN,NaN,NaN
NaN,NaN,NaN,NaN,NaN,NaN
NaN,NaN,NaN,NaN,NaN,NaN
NaN,NaN,NaN,NaN,NaN,NaN
NaN,NaN,NaN,NaN,NaN,NaN
NaN,NaN,NaN,NaN,NaN,NaN
NaN,NaN,NaN,NaN,NaN,NaN
NaN,NaN,NaN,NaN,NaN,NaN
NaN,NaN,NaN,NaN,NaN,NaN
NaN,NaN,NaN,NaN,NaN,NaN
NaN,NaN,NaN,NaN,NaN,NaN
NaN,NaN,NaN,NaN,NaN,NaN
NaN,NaN,NaN,NaN,NaN,NaN
NaN,NaN,NaN,NaN,NaN,NaN
NaN,NaN,NaN,NaN,NaN,NaN
NaN,NaN,NaN,NaN,NaN,NaN
NaN,NaN,NaN,NaN,NaN,NaN
NaN,NaN,NaN,NaN,NaN,NaN
NaN,NaN,NaN,NaN,NaN,NaN
NaN,NaN,NaN,NaN,NaN,NaN
NaN,NaN,NaN,NaN,NaN,NaN
NaN,NaN,NaN,NaN,NaN,NaN
NaN,NaN,NaN,NaN,NaN,NaN
NaN,NaN,NaN,NaN,NaN,NaN
NaN,NaN,NaN,NaN,NaN,NaN
NaN,NaN,NaN,NaN,NaN,NaN
NaN,NaN,NaN,NaN,NaN,NaN
NaN,NaN,NaN,NaN,NaN,NaN
NaN,NaN,NaN,NaN,NaN,NaN
NaN,NaN,NaN,NaN,NaN,NaN
NaN,NaN,NaN,NaN,NaN,NaN
NaN,NaN,NaN,NaN,NaN,NaN
NaN,NaN,NaN,NaN,NaN,NaN
NaN,NaN,NaN,NaN,NaN,NaN
NaN,NaN,NaN,NaN,NaN,NaN
NaN,NaN,NaN,NaN,NaN,NaN
NaN,NaN,NaN,NaN,NaN,NaN
NaN,NaN,NaN,NaN,NaN,NaN
NaN,NaN,NaN,NaN,NaN,NaN
NaN,NaN,NaN,NaN,NaN,NaN
NaN,NaN,NaN,NaN,NaN,NaN
NaN,NaN,NaN,NaN,NaN,NaN
NaN,NaN,NaN,NaN,NaN,NaN
NaN,NaN,NaN,NaN,NaN,NaN
NaN,NaN,NaN,NaN,NaN,NaN
NaN,NaN,NaN,NaN,NaN,NaN
NaN,NaN,NaN,NaN,NaN,NaN
NaN,NaN,NaN,NaN,NaN,NaN
NaN,NaN,NaN,NaN,NaN,NaN
NaN,NaN,NaN,NaN,NaN,NaN
NaN,NaN,NaN,NaN,NaN,NaN
NaN,NaN,NaN,NaN,NaN,NaN
NaN,NaN,NaN,NaN,NaN,NaN
NaN,NaN,NaN,NaN,NaN,NaN
NaN,NaN,NaN,NaN,NaN,NaN
NaN,NaN,NaN,NaN,NaN,NaN
NaN,NaN,NaN,NaN,NaN,NaN
NaN,NaN,NaN,NaN,NaN,NaN
NaN,NaN,NaN,NaN,NaN,NaN
NaN,NaN,NaN,NaN,NaN,NaN
NaN,NaN,NaN,NaN,NaN,NaN
NaN,NaN,NaN,NaN,NaN,NaN
NaN,NaN,NaN,NaN,NaN,NaN
NaN,NaN,NaN,NaN,NaN,NaN
NaN,NaN,NaN,NaN,NaN,NaN
NaN,NaN,NaN,NaN,NaN,NaN
NaN,NaN,NaN,NaN,NaN,NaN
NaN,NaN,NaN,NaN,NaN,NaN
NaN,NaN,NaN,NaN,NaN,NaN
NaN,NaN,NaN,NaN,NaN,NaN
NaN,NaN,NaN,NaN,NaN,NaN
NaN,NaN,NaN,NaN,NaN,NaN
NaN,NaN,NaN,NaN,NaN,NaN
NaN,NaN,NaN,NaN,NaN,NaN
NaN,NaN,NaN,NaN,NaN,NaN
NaN,NaN,NaN,NaN,NaN,NaN
NaN,NaN,NaN,NaN,NaN,NaN
NaN,NaN,NaN,NaN,NaN,NaN
NaN,NaN,NaN,NaN,NaN,NaN
NaN,NaN,NaN,NaN,NaN,NaN
NaN,NaN,NaN,NaN,NaN,NaN
NaN,NaN,NaN,NaN,NaN,NaN
NaN,NaN,NaN,NaN,NaN,NaN
NaN,NaN,NaN,NaN,NaN,NaN
NaN,NaN,NaN,NaN,NaN,NaN
NaN,NaN,NaN,NaN,NaN,NaN
NaN,NaN,NaN,NaN,NaN,NaN
NaN,NaN,NaN,NaN,NaN,NaN
NaN,NaN,NaN,NaN,NaN,NaN
NaN,NaN,NaN,NaN,NaN,NaN
NaN,NaN,NaN,NaN,NaN,NaN
NaN,NaN,NaN,NaN,NaN,NaN
NaN,NaN,NaN,NaN,NaN,NaN
NaN,NaN,NaN,NaN,NaN,NaN
NaN,NaN,NaN,NaN,NaN,NaN
NaN,NaN,NaN,NaN,NaN,NaN
NaN,NaN,NaN,NaN,NaN,NaN
NaN,NaN,NaN,NaN,NaN,NaN
NaN,NaN,NaN,NaN,NaN,NaN
NaN,NaN,NaN,NaN,NaN,NaN
NaN,NaN,NaN,NaN,NaN,NaN
NaN,NaN,NaN,NaN,NaN,NaN
NaN,NaN,NaN,NaN,NaN,NaN
NaN,NaN,NaN,NaN,NaN,NaN
NaN,NaN,NaN,NaN,NaN,NaN
NaN,NaN,NaN,NaN,NaN,NaN
NaN,NaN,NaN,NaN,NaN,NaN
NaN,NaN,NaN,NaN,NaN,NaN
NaN,NaN,NaN,NaN,NaN,NaN
NaN,NaN,NaN,NaN,NaN,NaN
NaN,NaN,NaN,NaN,NaN,NaN
NaN,NaN,NaN,NaN,NaN,NaN
NaN,NaN,NaN,NaN,NaN,NaN
NaN,NaN,NaN,NaN,NaN,NaN
NaN,NaN,NaN,NaN,NaN,NaN
NaN,NaN,NaN,NaN,NaN,NaN
NaN,NaN,NaN,NaN,NaN,NaN
NaN,NaN,NaN,NaN,NaN,NaN
NaN,NaN,NaN,NaN,NaN,NaN
NaN,NaN,NaN,NaN,NaN,NaN
NaN,NaN,NaN,NaN,NaN,NaN
NaN,NaN,NaN,NaN,NaN,NaN
NaN,NaN,NaN,NaN,NaN,NaN
NaN,NaN,NaN,NaN,NaN,NaN
NaN,NaN,NaN,NaN,NaN,NaN
NaN,NaN,NaN,NaN,NaN,NaN
NaN,NaN,NaN,NaN,NaN,NaN
NaN,NaN,NaN,NaN,NaN,NaN
NaN,NaN,NaN,NaN,NaN,NaN
NaN,NaN,NaN,NaN,NaN,NaN
NaN,NaN,NaN,NaN,NaN,NaN
NaN,NaN,NaN,NaN,NaN,NaN
NaN,NaN,NaN,NaN,NaN,NaN
NaN,NaN,NaN,NaN,NaN,NaN
NaN,NaN,NaN,NaN,NaN,NaN
NaN,NaN,NaN,NaN,NaN,NaN
NaN,NaN,NaN,NaN,NaN,NaN
NaN,NaN,NaN,NaN,NaN,NaN
NaN,NaN,NaN,NaN,NaN,NaN
NaN,NaN,NaN,NaN,NaN,NaN
NaN,NaN,NaN,NaN,NaN,NaN
NaN,NaN,NaN,NaN,NaN,NaN
NaN,NaN,NaN,NaN,NaN,NaN
NaN,NaN,NaN,NaN,NaN,NaN
NaN,NaN,NaN,NaN,NaN,NaN
NaN,NaN,NaN,NaN,NaN,NaN
NaN,NaN,NaN,NaN,NaN,NaN
NaN,NaN,NaN,NaN,NaN,NaN
NaN,NaN,NaN,NaN,NaN,NaN
NaN,NaN,NaN,NaN,NaN,NaN
NaN,NaN,NaN,NaN,NaN,NaN
NaN,NaN,NaN,NaN,NaN,NaN
NaN,NaN,NaN,NaN,NaN,NaN
NaN,NaN,NaN,NaN,NaN,NaN
NaN,NaN,NaN,NaN,NaN,NaN
NaN,NaN,NaN,NaN,NaN,NaN
NaN,NaN,NaN,NaN,NaN,NaN
NaN,NaN,NaN,NaN,NaN,NaN
NaN,NaN,NaN,NaN,NaN,NaN
NaN,NaN,NaN,NaN,NaN,NaN
NaN,NaN,NaN,NaN,NaN,NaN
NaN,NaN,NaN,NaN,NaN,NaN
NaN,NaN,NaN,NaN,NaN,NaN
NaN,NaN,NaN,NaN,NaN,NaN
NaN,NaN,NaN,NaN,NaN,NaN
NaN,NaN,NaN,NaN,NaN,NaN
NaN,NaN,NaN,NaN,NaN,NaN
NaN,NaN,NaN,NaN,NaN,NaN
NaN,NaN,NaN,NaN,NaN,NaN
NaN,NaN,NaN,NaN,NaN,NaN
NaN,NaN,NaN,NaN,NaN,NaN
NaN,NaN,NaN,NaN,NaN,NaN
NaN,NaN,NaN,NaN,NaN,NaN
NaN,NaN,NaN,NaN,NaN,NaN
NaN,NaN,NaN,NaN,NaN,NaN
NaN,NaN,NaN,NaN,NaN,NaN
NaN,NaN,NaN,NaN,NaN,NaN
NaN,NaN,NaN,NaN,NaN,NaN
NaN,NaN,NaN,NaN,NaN,NaN
NaN,NaN,NaN,NaN,NaN,NaN
NaN,NaN,NaN,NaN,NaN,NaN
NaN,NaN,NaN,NaN,NaN,NaN
