pt1_cam1_X,pt1_cam1_Y,pt2_cam1_X,pt2_cam1_Y,pt3_cam1_X,pt3_cam1_Y
NaN,NaN,NaN,NaN,NaN,NaN
NaN,NaN,NaN,NaN,NaN,NaN
NaN,NaN,NaN,NaN,NaN,NaN
NaN,NaN,NaN,NaN,NaN,NaN
NaN,NaN,NaN,NaN,NaN,NaN
NaN,NaN,NaN,NaN,NaN,NaN
NaN,NaN,NaN,NaN,NaN,NaN
NaN,NaN,NaN,NaN,NaN,NaN
NaN,NaN,NaN,NaN,NaN,NaN
NaN,NaN,NaN,NaN,NaN,NaN
NaN,NaN,NaN,NaN,NaN,NaN
NaN,NaN,NaN,NaN,NaN,NaN
NaN,NaN,NaN,NaN,NaN,NaN
NaN,NaN,NaN,NaN,NaN,NaN
NaN,NaN,NaN,NaN,NaN,NaN
NaN,NaN,NaN,NaN,NaN,NaN
NaN,NaN,NaN,NaN,NaN,NaN
NaN,NaN,NaN,NaN,NaN,NaN
NaN,NaN,NaN,NaN,NaN,NaN
NaN,NaN,NaN,NaN,NaN,NaN
NaN,NaN,NaN,NaN,NaN,NaN
NaN,NaN,NaN,NaN,NaN,NaN
NaN,NaN,NaN,NaN,NaN,NaN
NaN,NaN,NaN,NaN,NaN,NaN
NaN,NaN,NaN,NaN,NaN,NaN
NaN,NaN,NaN,NaN,NaN,NaN
NaN,NaN,NaN,NaN,NaN,NaN
NaN,NaN,NaN,NaN,NaN,NaN
NaN,NaN,NaN,NaN,NaN,NaN
NaN,NaN,NaN,NaN,NaN,NaN
NaN,NaN,NaN,NaN,NaN,NaN
NaN,NaN,NaN,NaN,NaN,NaN
NaN,NaN,NaN,NaN,NaN,NaN
NaN,NaN,NaN,NaN,NaN,NaN
NaN,NaN,NaN,NaN,NaN,NaN
NaN,NaN,NaN,NaN,NaN,NaN
NaN,NaN,NaN,NaN,NaN,NaN
NaN,NaN,NaN,NaN,NaN,NaN
NaN,NaN,NaN,NaN,NaN,NaN
NaN,NaN,NaN,NaN,NaN,NaN
NaN,NaN,NaN,NaN,NaN,NaN
NaN,NaN,NaN,NaN,NaN,NaN
NaN,NaN,NaN,NaN,NaN,NaN
NaN,NaN,NaN,NaN,NaN,NaN
NaN,NaN,NaN,NaN,NaN,NaN
NaN,NaN,NaN,NaN,NaN,NaN
NaN,NaN,NaN,NaN,NaN,NaN
NaN,NaN,NaN,NaN,NaN,NaN
NaN,NaN,NaN,NaN,NaN,NaN
NaN,NaN,NaN,NaN,NaN,NaN
NaN,NaN,NaN,NaN,NaN,NaN
NaN,NaN,NaN,NaN,NaN,NaN
NaN,NaN,NaN,NaN,NaN,NaN
NaN,NaN,NaN,NaN,NaN,NaN
NaN,NaN,NaN,NaN,NaN,NaN
NaN,NaN,NaN,NaN,NaN,NaN
NaN,NaN,NaN,NaN,NaN,NaN
NaN,NaN,NaN,NaN,NaN,NaN
NaN,NaN,NaN,NaN,NaN,NaN
NaN,NaN,NaN,NaN,NaN,NaN
NaN,NaN,NaN,NaN,NaN,NaN
NaN,NaN,NaN,NaN,NaN,NaN
NaN,NaN,NaN,NaN,NaN,NaN
NaN,NaN,NaN,NaN,NaN,NaN
NaN,NaN,NaN,NaN,NaN,NaN
NaN,NaN,NaN,NaN,NaN,NaN
NaN,NaN,NaN,NaN,NaN,NaN
NaN,NaN,NaN,NaN,NaN,NaN
NaN,NaN,NaN,NaN,NaN,NaN
NaN,NaN,NaN,NaN,NaN,NaN
NaN,NaN,NaN,NaN,NaN,NaN
NaN,NaN,NaN,NaN,NaN,NaN
NaN,NaN,NaN,NaN,NaN,NaN
NaN,NaN,NaN,NaN,NaN,NaN
NaN,NaN,NaN,NaN,NaN,NaN
NaN,NaN,NaN,NaN,NaN,NaN
NaN,NaN,NaN,NaN,NaN,NaN
NaN,NaN,NaN,NaN,NaN,NaN
NaN,NaN,NaN,NaN,NaN,NaN
NaN,NaN,NaN,NaN,NaN,NaN
NaN,NaN,NaN,NaN,NaN,NaN
NaN,NaN,NaN,NaN,NaN,NaN
NaN,NaN,NaN,NaN,NaN,NaN
NaN,NaN,NaN,NaN,NaN,NaN
NaN,NaN,NaN,NaN,NaN,NaN
NaN,NaN,NaN,NaN,NaN,NaN
NaN,NaN,NaN,NaN,NaN,NaN
NaN,NaN,NaN,NaN,NaN,NaN
NaN,NaN,NaN,NaN,NaN,NaN
NaN,NaN,NaN,NaN,NaN,NaN
NaN,NaN,NaN,NaN,NaN,NaN
NaN,NaN,NaN,NaN,NaN,NaN
NaN,NaN,NaN,NaN,NaN,NaN
NaN,NaN,NaN,NaN,NaN,NaN
NaN,NaN,NaN,NaN,NaN,NaN
NaN,NaN,NaN,NaN,NaN,NaN
NaN,NaN,NaN,NaN,NaN,NaN
NaN,NaN,NaN,NaN,NaN,NaN
NaN,NaN,NaN,NaN,NaN,NaN
NaN,NaN,NaN,NaN,NaN,NaN
NaN,NaN,NaN,NaN,NaN,NaN
NaN,NaN,NaN,NaN,NaN,NaN
NaN,NaN,NaN,NaN,NaN,NaN
NaN,NaN,NaN,NaN,NaN,NaN
NaN,NaN,NaN,NaN,NaN,NaN
NaN,NaN,NaN,NaN,NaN,NaN
NaN,NaN,NaN,NaN,NaN,NaN
NaN,NaN,NaN,NaN,NaN,NaN
NaN,NaN,NaN,NaN,NaN,NaN
NaN,NaN,NaN,NaN,NaN,NaN
NaN,NaN,NaN,NaN,NaN,NaN
NaN,NaN,NaN,NaN,NaN,NaN
NaN,NaN,NaN,NaN,NaN,NaN
NaN,NaN,NaN,NaN,NaN,NaN
NaN,NaN,NaN,NaN,NaN,NaN
NaN,NaN,NaN,NaN,NaN,NaN
NaN,NaN,NaN,NaN,NaN,NaN
NaN,NaN,NaN,NaN,NaN,NaN
NaN,NaN,NaN,NaN,NaN,NaN
NaN,NaN,NaN,NaN,NaN,NaN
NaN,NaN,NaN,NaN,NaN,NaN
NaN,NaN,NaN,NaN,NaN,NaN
NaN,NaN,NaN,NaN,NaN,NaN
NaN,NaN,NaN,NaN,NaN,NaN
NaN,NaN,NaN,NaN,NaN,NaN
NaN,NaN,NaN,NaN,NaN,NaN
NaN,NaN,NaN,NaN,NaN,NaN
NaN,NaN,NaN,NaN,NaN,NaN
NaN,NaN,NaN,NaN,NaN,NaN
NaN,NaN,NaN,NaN,NaN,NaN
NaN,NaN,NaN,NaN,NaN,NaN
NaN,NaN,NaN,NaN,NaN,NaN
NaN,NaN,NaN,NaN,NaN,NaN
NaN,NaN,NaN,NaN,NaN,NaN
NaN,NaN,NaN,NaN,NaN,NaN
NaN,NaN,NaN,NaN,NaN,NaN
NaN,NaN,NaN,NaN,NaN,NaN
NaN,NaN,NaN,NaN,NaN,NaN
NaN,NaN,NaN,NaN,NaN,NaN
NaN,NaN,NaN,NaN,NaN,NaN
NaN,NaN,NaN,NaN,NaN,NaN
NaN,NaN,NaN,NaN,NaN,NaN
NaN,NaN,NaN,NaN,NaN,NaN
NaN,NaN,NaN,NaN,NaN,NaN
NaN,NaN,NaN,NaN,NaN,NaN
NaN,NaN,NaN,NaN,NaN,NaN
NaN,NaN,NaN,NaN,NaN,NaN
NaN,NaN,NaN,NaN,NaN,NaN
NaN,NaN,NaN,NaN,NaN,NaN
NaN,NaN,NaN,NaN,NaN,NaN
NaN,NaN,NaN,NaN,NaN,NaN
NaN,NaN,NaN,NaN,NaN,NaN
NaN,NaN,NaN,NaN,NaN,NaN
NaN,NaN,NaN,NaN,NaN,NaN
NaN,NaN,NaN,NaN,NaN,NaN
NaN,NaN,NaN,NaN,NaN,NaN
NaN,NaN,NaN,NaN,NaN,NaN
NaN,NaN,NaN,NaN,NaN,NaN
NaN,NaN,NaN,NaN,NaN,NaN
NaN,NaN,NaN,NaN,NaN,NaN
NaN,NaN,NaN,NaN,NaN,NaN
NaN,NaN,NaN,NaN,NaN,NaN
NaN,NaN,NaN,NaN,NaN,NaN
NaN,NaN,NaN,NaN,NaN,NaN
NaN,NaN,NaN,NaN,NaN,NaN
NaN,NaN,NaN,NaN,NaN,NaN
NaN,NaN,NaN,NaN,NaN,NaN
NaN,NaN,NaN,NaN,NaN,NaN
NaN,NaN,NaN,NaN,NaN,NaN
NaN,NaN,NaN,NaN,NaN,NaN
NaN,NaN,NaN,NaN,NaN,NaN
NaN,NaN,NaN,NaN,NaN,NaN
NaN,NaN,NaN,NaN,NaN,NaN
NaN,NaN,NaN,NaN,NaN,NaN
NaN,NaN,NaN,NaN,NaN,NaN
NaN,NaN,NaN,NaN,NaN,NaN
NaN,NaN,NaN,NaN,NaN,NaN
NaN,NaN,NaN,NaN,NaN,NaN
NaN,NaN,NaN,NaN,NaN,NaN
NaN,NaN,NaN,NaN,NaN,NaN
NaN,NaN,NaN,NaN,NaN,NaN
NaN,NaN,NaN,NaN,NaN,NaN
NaN,NaN,NaN,NaN,NaN,NaN
NaN,NaN,NaN,NaN,NaN,NaN
NaN,NaN,NaN,NaN,NaN,NaN
NaN,NaN,NaN,NaN,NaN,NaN
NaN,NaN,NaN,NaN,NaN,NaN
NaN,NaN,NaN,NaN,NaN,NaN
NaN,NaN,NaN,NaN,NaN,NaN
NaN,NaN,NaN,NaN,NaN,NaN
NaN,NaN,NaN,NaN,NaN,NaN
NaN,NaN,NaN,NaN,NaN,NaN
NaN,NaN,NaN,NaN,NaN,NaN
NaN,NaN,NaN,NaN,NaN,NaN
NaN,NaN,NaN,NaN,NaN,NaN
NaN,NaN,NaN,NaN,NaN,NaN
NaN,NaN,NaN,NaN,NaN,NaN
NaN,NaN,NaN,NaN,NaN,NaN
NaN,NaN,NaN,NaN,NaN,NaN
NaN,NaN,NaN,NaN,NaN,NaN
NaN,NaN,NaN,NaN,NaN,NaN
NaN,NaN,NaN,NaN,NaN,NaN
NaN,NaN,NaN,NaN,NaN,NaN
NaN,NaN,NaN,NaN,NaN,NaN
NaN,NaN,NaN,NaN,NaN,NaN
NaN,NaN,NaN,NaN,NaN,NaN
NaN,NaN,NaN,NaN,NaN,NaN
NaN,NaN,NaN,NaN,NaN,NaN
NaN,NaN,NaN,NaN,NaN,NaN
NaN,NaN,NaN,NaN,NaN,NaN
NaN,NaN,NaN,NaN,NaN,NaN
NaN,NaN,NaN,NaN,NaN,NaN
NaN,NaN,NaN,NaN,NaN,NaN
NaN,NaN,NaN,NaN,NaN,NaN
NaN,NaN,NaN,NaN,NaN,NaN
NaN,NaN,NaN,NaN,NaN,NaN
NaN,NaN,NaN,NaN,NaN,NaN
NaN,NaN,NaN,NaN,NaN,NaN
NaN,NaN,NaN,NaN,NaN,NaN
NaN,NaN,NaN,NaN,NaN,NaN
NaN,NaN,NaN,NaN,NaN,NaN
NaN,NaN,NaN,NaN,NaN,NaN
NaN,NaN,NaN,NaN,NaN,NaN
NaN,NaN,NaN,NaN,NaN,NaN
NaN,NaN,NaN,NaN,NaN,NaN
NaN,NaN,NaN,NaN,NaN,NaN
NaN,NaN,NaN,NaN,NaN,NaN
NaN,NaN,NaN,NaN,NaN,NaN
NaN,NaN,NaN,NaN,NaN,NaN
NaN,NaN,NaN,NaN,NaN,NaN
NaN,NaN,NaN,NaN,NaN,NaN
NaN,NaN,NaN,NaN,NaN,NaN
NaN,NaN,NaN,NaN,NaN,NaN
NaN,NaN,NaN,NaN,NaN,NaN
NaN,NaN,NaN,NaN,NaN,NaN
NaN,NaN,NaN,NaN,NaN,NaN
NaN,NaN,NaN,NaN,NaN,NaN
NaN,NaN,NaN,NaN,NaN,NaN
NaN,NaN,NaN,NaN,NaN,NaN
NaN,NaN,NaN,NaN,NaN,NaN
NaN,NaN,NaN,NaN,NaN,NaN
NaN,NaN,NaN,NaN,NaN,NaN
NaN,NaN,NaN,NaN,NaN,NaN
NaN,NaN,NaN,NaN,NaN,NaN
NaN,NaN,NaN,NaN,NaN,NaN
NaN,NaN,NaN,NaN,NaN,NaN
NaN,NaN,NaN,NaN,NaN,NaN
NaN,NaN,NaN,NaN,NaN,NaN
NaN,NaN,NaN,NaN,NaN,NaN
NaN,NaN,NaN,NaN,NaN,NaN
NaN,NaN,NaN,NaN,NaN,NaN
NaN,NaN,NaN,NaN,NaN,NaN
NaN,NaN,NaN,NaN,NaN,NaN
NaN,NaN,NaN,NaN,NaN,NaN
NaN,NaN,NaN,NaN,NaN,NaN
NaN,NaN,NaN,NaN,NaN,NaN
NaN,NaN,NaN,NaN,NaN,NaN
NaN,NaN,NaN,NaN,NaN,NaN
NaN,NaN,NaN,NaN,NaN,NaN
NaN,NaN,NaN,NaN,NaN,NaN
NaN,NaN,NaN,NaN,NaN,NaN
NaN,NaN,NaN,NaN,NaN,NaN
NaN,NaN,NaN,NaN,NaN,NaN
NaN,NaN,NaN,NaN,NaN,NaN
NaN,NaN,NaN,NaN,NaN,NaN
NaN,NaN,NaN,NaN,NaN,NaN
NaN,NaN,NaN,NaN,NaN,NaN
NaN,NaN,NaN,NaN,NaN,NaN
NaN,NaN,NaN,NaN,NaN,NaN
NaN,NaN,NaN,NaN,NaN,NaN
NaN,NaN,NaN,NaN,NaN,NaN
NaN,NaN,NaN,NaN,NaN,NaN
NaN,NaN,NaN,NaN,NaN,NaN
NaN,NaN,NaN,NaN,NaN,NaN
NaN,NaN,NaN,NaN,NaN,NaN
NaN,NaN,NaN,NaN,NaN,NaN
NaN,NaN,NaN,NaN,NaN,NaN
NaN,NaN,NaN,NaN,NaN,NaN
NaN,NaN,NaN,NaN,NaN,NaN
NaN,NaN,NaN,NaN,NaN,NaN
NaN,NaN,NaN,NaN,NaN,NaN
NaN,NaN,NaN,NaN,NaN,NaN
NaN,NaN,NaN,NaN,NaN,NaN
NaN,NaN,NaN,NaN,NaN,NaN
NaN,NaN,NaN,NaN,NaN,NaN
NaN,NaN,NaN,NaN,NaN,NaN
NaN,NaN,NaN,NaN,NaN,NaN
NaN,NaN,NaN,NaN,NaN,NaN
NaN,NaN,NaN,NaN,NaN,NaN
NaN,NaN,NaN,NaN,NaN,NaN
NaN,NaN,NaN,NaN,NaN,NaN
NaN,NaN,NaN,NaN,NaN,NaN
NaN,NaN,NaN,NaN,NaN,NaN
NaN,NaN,NaN,NaN,NaN,NaN
NaN,NaN,NaN,NaN,NaN,NaN
NaN,NaN,NaN,NaN,NaN,NaN
NaN,NaN,NaN,NaN,NaN,NaN
NaN,NaN,NaN,NaN,NaN,NaN
NaN,NaN,NaN,NaN,NaN,NaN
NaN,NaN,NaN,NaN,NaN,NaN
NaN,NaN,NaN,NaN,NaN,NaN
NaN,NaN,NaN,NaN,NaN,NaN
NaN,NaN,NaN,NaN,NaN,NaN
NaN,NaN,NaN,NaN,NaN,NaN
NaN,NaN,NaN,NaN,NaN,NaN
NaN,NaN,NaN,NaN,NaN,NaN
NaN,NaN,NaN,NaN,NaN,NaN
NaN,NaN,NaN,NaN,NaN,NaN
NaN,NaN,NaN,NaN,NaN,NaN
NaN,NaN,NaN,NaN,NaN,NaN
NaN,NaN,NaN,NaN,NaN,NaN
NaN,NaN,NaN,NaN,NaN,NaN
NaN,NaN,NaN,NaN,NaN,NaN
NaN,NaN,NaN,NaN,NaN,NaN
NaN,NaN,NaN,NaN,NaN,NaN
NaN,NaN,NaN,NaN,NaN,NaN
NaN,NaN,NaN,NaN,NaN,NaN
NaN,NaN,NaN,NaN,NaN,NaN
NaN,NaN,NaN,NaN,NaN,NaN
NaN,NaN,NaN,NaN,NaN,NaN
NaN,NaN,NaN,NaN,NaN,NaN
NaN,NaN,NaN,NaN,NaN,NaN
NaN,NaN,NaN,NaN,NaN,NaN
NaN,NaN,NaN,NaN,NaN,NaN
NaN,NaN,NaN,NaN,NaN,NaN
NaN,NaN,NaN,NaN,NaN,NaN
NaN,NaN,NaN,NaN,NaN,NaN
NaN,NaN,NaN,NaN,NaN,NaN
NaN,NaN,NaN,NaN,NaN,NaN
NaN,NaN,NaN,NaN,NaN,NaN
NaN,NaN,NaN,NaN,NaN,NaN
NaN,NaN,NaN,NaN,NaN,NaN
NaN,NaN,NaN,NaN,NaN,NaN
NaN,NaN,NaN,NaN,NaN,NaN
NaN,NaN,NaN,NaN,NaN,NaN
NaN,NaN,NaN,NaN,NaN,NaN
NaN,NaN,NaN,NaN,NaN,NaN
NaN,NaN,NaN,NaN,NaN,NaN
NaN,NaN,NaN,NaN,NaN,NaN
NaN,NaN,NaN,NaN,NaN,NaN
NaN,NaN,NaN,NaN,NaN,NaN
NaN,NaN,NaN,NaN,NaN,NaN
NaN,NaN,NaN,NaN,NaN,NaN
NaN,NaN,NaN,NaN,NaN,NaN
NaN,NaN,NaN,NaN,NaN,NaN
NaN,NaN,NaN,NaN,NaN,NaN
NaN,NaN,NaN,NaN,NaN,NaN
NaN,NaN,NaN,NaN,NaN,NaN
NaN,NaN,NaN,NaN,NaN,NaN
NaN,NaN,NaN,NaN,NaN,NaN
NaN,NaN,NaN,NaN,NaN,NaN
NaN,NaN,NaN,NaN,NaN,NaN
NaN,NaN,NaN,NaN,NaN,NaN
NaN,NaN,NaN,NaN,NaN,NaN
NaN,NaN,NaN,NaN,NaN,NaN
NaN,NaN,NaN,NaN,NaN,NaN
NaN,NaN,NaN,NaN,NaN,NaN
NaN,NaN,NaN,NaN,NaN,NaN
NaN,NaN,NaN,NaN,NaN,NaN
NaN,NaN,NaN,NaN,NaN,NaN
NaN,NaN,NaN,NaN,NaN,NaN
NaN,NaN,NaN,NaN,NaN,NaN
NaN,NaN,NaN,NaN,NaN,NaN
NaN,NaN,NaN,NaN,NaN,NaN
NaN,NaN,NaN,NaN,NaN,NaN
NaN,NaN,NaN,NaN,NaN,NaN
NaN,NaN,NaN,NaN,NaN,NaN
NaN,NaN,NaN,NaN,NaN,NaN
NaN,NaN,NaN,NaN,NaN,NaN
NaN,NaN,NaN,NaN,NaN,NaN
NaN,NaN,NaN,NaN,NaN,NaN
NaN,NaN,NaN,NaN,NaN,NaN
NaN,NaN,NaN,NaN,NaN,NaN
NaN,NaN,NaN,NaN,NaN,NaN
NaN,NaN,NaN,NaN,NaN,NaN
NaN,NaN,NaN,NaN,NaN,NaN
NaN,NaN,NaN,NaN,NaN,NaN
NaN,NaN,NaN,NaN,NaN,NaN
NaN,NaN,NaN,NaN,NaN,NaN
NaN,NaN,NaN,NaN,NaN,NaN
NaN,NaN,NaN,NaN,NaN,NaN
NaN,NaN,NaN,NaN,NaN,NaN
NaN,NaN,NaN,NaN,NaN,NaN
NaN,NaN,NaN,NaN,NaN,NaN
NaN,NaN,NaN,NaN,NaN,NaN
NaN,NaN,NaN,NaN,NaN,NaN
NaN,NaN,NaN,NaN,NaN,NaN
NaN,NaN,NaN,NaN,NaN,NaN
NaN,NaN,NaN,NaN,NaN,NaN
NaN,NaN,NaN,NaN,NaN,NaN
NaN,NaN,NaN,NaN,NaN,NaN
NaN,NaN,NaN,NaN,NaN,NaN
NaN,NaN,NaN,NaN,NaN,NaN
NaN,NaN,NaN,NaN,NaN,NaN
NaN,NaN,NaN,NaN,NaN,NaN
NaN,NaN,NaN,NaN,NaN,NaN
NaN,NaN,NaN,NaN,NaN,NaN
NaN,NaN,NaN,NaN,NaN,NaN
NaN,NaN,NaN,NaN,NaN,NaN
NaN,NaN,NaN,NaN,NaN,NaN
NaN,NaN,NaN,NaN,NaN,NaN
NaN,NaN,NaN,NaN,NaN,NaN
NaN,NaN,NaN,NaN,NaN,NaN
NaN,NaN,NaN,NaN,NaN,NaN
NaN,NaN,NaN,NaN,NaN,NaN
NaN,NaN,NaN,NaN,NaN,NaN
NaN,NaN,NaN,NaN,NaN,NaN
NaN,NaN,NaN,NaN,NaN,NaN
NaN,NaN,NaN,NaN,NaN,NaN
NaN,NaN,NaN,NaN,NaN,NaN
NaN,NaN,NaN,NaN,NaN,NaN
NaN,NaN,NaN,NaN,NaN,NaN
NaN,NaN,NaN,NaN,NaN,NaN
NaN,NaN,NaN,NaN,NaN,NaN
NaN,NaN,NaN,NaN,NaN,NaN
NaN,NaN,NaN,NaN,NaN,NaN
NaN,NaN,NaN,NaN,NaN,NaN
NaN,NaN,NaN,NaN,NaN,NaN
NaN,NaN,NaN,NaN,NaN,NaN
NaN,NaN,NaN,NaN,NaN,NaN
NaN,NaN,NaN,NaN,NaN,NaN
NaN,NaN,NaN,NaN,NaN,NaN
NaN,NaN,NaN,NaN,NaN,NaN
NaN,NaN,NaN,NaN,NaN,NaN
NaN,NaN,NaN,NaN,NaN,NaN
NaN,NaN,NaN,NaN,NaN,NaN
NaN,NaN,NaN,NaN,NaN,NaN
NaN,NaN,NaN,NaN,NaN,NaN
NaN,NaN,NaN,NaN,NaN,NaN
NaN,NaN,NaN,NaN,NaN,NaN
NaN,NaN,NaN,NaN,NaN,NaN
NaN,NaN,NaN,NaN,NaN,NaN
NaN,NaN,NaN,NaN,NaN,NaN
NaN,NaN,NaN,NaN,NaN,NaN
NaN,NaN,NaN,NaN,NaN,NaN
NaN,NaN,NaN,NaN,NaN,NaN
NaN,NaN,NaN,NaN,NaN,NaN
NaN,NaN,NaN,NaN,NaN,NaN
NaN,NaN,NaN,NaN,NaN,NaN
NaN,NaN,NaN,NaN,NaN,NaN
NaN,NaN,NaN,NaN,NaN,NaN
NaN,NaN,NaN,NaN,NaN,NaN
NaN,NaN,NaN,NaN,NaN,NaN
NaN,NaN,NaN,NaN,NaN,NaN
NaN,NaN,NaN,NaN,NaN,NaN
NaN,NaN,NaN,NaN,NaN,NaN
NaN,NaN,NaN,NaN,NaN,NaN
NaN,NaN,NaN,NaN,NaN,NaN
NaN,NaN,NaN,NaN,NaN,NaN
NaN,NaN,NaN,NaN,NaN,NaN
NaN,NaN,NaN,NaN,NaN,NaN
NaN,NaN,NaN,NaN,NaN,NaN
NaN,NaN,NaN,NaN,NaN,NaN
NaN,NaN,NaN,NaN,NaN,NaN
NaN,NaN,NaN,NaN,NaN,NaN
NaN,NaN,NaN,NaN,NaN,NaN
NaN,NaN,NaN,NaN,NaN,NaN
NaN,NaN,NaN,NaN,NaN,NaN
NaN,NaN,NaN,NaN,NaN,NaN
NaN,NaN,NaN,NaN,NaN,NaN
NaN,NaN,NaN,NaN,NaN,NaN
NaN,NaN,NaN,NaN,NaN,NaN
NaN,NaN,NaN,NaN,NaN,NaN
NaN,NaN,NaN,NaN,NaN,NaN
NaN,NaN,NaN,NaN,NaN,NaN
NaN,NaN,NaN,NaN,NaN,NaN
NaN,NaN,NaN,NaN,NaN,NaN
NaN,NaN,NaN,NaN,NaN,NaN
NaN,NaN,NaN,NaN,NaN,NaN
NaN,NaN,NaN,NaN,NaN,NaN
NaN,NaN,NaN,NaN,NaN,NaN
NaN,NaN,NaN,NaN,NaN,NaN
NaN,NaN,NaN,NaN,NaN,NaN
NaN,NaN,NaN,NaN,NaN,NaN
NaN,NaN,NaN,NaN,NaN,NaN
NaN,NaN,NaN,NaN,NaN,NaN
NaN,NaN,NaN,NaN,NaN,NaN
NaN,NaN,NaN,NaN,NaN,NaN
NaN,NaN,NaN,NaN,NaN,NaN
NaN,NaN,NaN,NaN,NaN,NaN
NaN,NaN,NaN,NaN,NaN,NaN
NaN,NaN,NaN,NaN,NaN,NaN
NaN,NaN,NaN,NaN,NaN,NaN
NaN,NaN,NaN,NaN,NaN,NaN
NaN,NaN,NaN,NaN,NaN,NaN
NaN,NaN,NaN,NaN,NaN,NaN
NaN,NaN,NaN,NaN,NaN,NaN
NaN,NaN,NaN,NaN,NaN,NaN
NaN,NaN,NaN,NaN,NaN,NaN
NaN,NaN,NaN,NaN,NaN,NaN
NaN,NaN,NaN,NaN,NaN,NaN
NaN,NaN,NaN,NaN,NaN,NaN
NaN,NaN,NaN,NaN,NaN,NaN
NaN,NaN,NaN,NaN,NaN,NaN
NaN,NaN,NaN,NaN,NaN,NaN
NaN,NaN,NaN,NaN,NaN,NaN
NaN,NaN,NaN,NaN,NaN,NaN
NaN,NaN,NaN,NaN,NaN,NaN
NaN,NaN,NaN,NaN,NaN,NaN
NaN,NaN,NaN,NaN,NaN,NaN
NaN,NaN,NaN,NaN,NaN,NaN
NaN,NaN,NaN,NaN,NaN,NaN
NaN,NaN,NaN,NaN,NaN,NaN
NaN,NaN,NaN,NaN,NaN,NaN
NaN,NaN,NaN,NaN,NaN,NaN
NaN,NaN,NaN,NaN,NaN,NaN
NaN,NaN,NaN,NaN,NaN,NaN
NaN,NaN,NaN,NaN,NaN,NaN
NaN,NaN,NaN,NaN,NaN,NaN
NaN,NaN,NaN,NaN,NaN,NaN
NaN,NaN,NaN,NaN,NaN,NaN
NaN,NaN,NaN,NaN,NaN,NaN
NaN,NaN,NaN,NaN,NaN,NaN
NaN,NaN,NaN,NaN,NaN,NaN
NaN,NaN,NaN,NaN,NaN,NaN
NaN,NaN,NaN,NaN,NaN,NaN
NaN,NaN,NaN,NaN,NaN,NaN
NaN,NaN,NaN,NaN,NaN,NaN
NaN,NaN,NaN,NaN,NaN,NaN
NaN,NaN,NaN,NaN,NaN,NaN
NaN,NaN,NaN,NaN,NaN,NaN
NaN,NaN,NaN,NaN,NaN,NaN
NaN,NaN,NaN,NaN,NaN,NaN
NaN,NaN,NaN,NaN,NaN,NaN
NaN,NaN,NaN,NaN,NaN,NaN
NaN,NaN,NaN,NaN,NaN,NaN
NaN,NaN,NaN,NaN,NaN,NaN
NaN,NaN,NaN,NaN,NaN,NaN
NaN,NaN,NaN,NaN,NaN,NaN
NaN,NaN,NaN,NaN,NaN,NaN
NaN,NaN,NaN,NaN,NaN,NaN
NaN,NaN,NaN,NaN,NaN,NaN
NaN,NaN,NaN,NaN,NaN,NaN
NaN,NaN,NaN,NaN,NaN,NaN
NaN,NaN,NaN,NaN,NaN,NaN
NaN,NaN,NaN,NaN,NaN,NaN
NaN,NaN,NaN,NaN,NaN,NaN
NaN,NaN,NaN,NaN,NaN,NaN
NaN,NaN,NaN,NaN,NaN,NaN
NaN,NaN,NaN,NaN,NaN,NaN
NaN,NaN,NaN,NaN,NaN,NaN
NaN,NaN,NaN,NaN,NaN,NaN
NaN,NaN,NaN,NaN,NaN,NaN
NaN,NaN,NaN,NaN,NaN,NaN
NaN,NaN,NaN,NaN,NaN,NaN
NaN,NaN,NaN,NaN,NaN,NaN
NaN,NaN,NaN,NaN,NaN,NaN
NaN,NaN,NaN,NaN,NaN,NaN
NaN,NaN,NaN,NaN,NaN,NaN
NaN,NaN,NaN,NaN,NaN,NaN
NaN,NaN,NaN,NaN,NaN,NaN
NaN,NaN,NaN,NaN,NaN,NaN
NaN,NaN,NaN,NaN,NaN,NaN
NaN,NaN,NaN,NaN,NaN,NaN
NaN,NaN,NaN,NaN,NaN,NaN
NaN,NaN,NaN,NaN,NaN,NaN
NaN,NaN,NaN,NaN,NaN,NaN
NaN,NaN,NaN,NaN,NaN,NaN
NaN,NaN,NaN,NaN,NaN,NaN
NaN,NaN,NaN,NaN,NaN,NaN
NaN,NaN,NaN,NaN,NaN,NaN
NaN,NaN,NaN,NaN,NaN,NaN
NaN,NaN,NaN,NaN,NaN,NaN
NaN,NaN,NaN,NaN,NaN,NaN
NaN,NaN,NaN,NaN,NaN,NaN
NaN,NaN,NaN,NaN,NaN,NaN
NaN,NaN,NaN,NaN,NaN,NaN
NaN,NaN,NaN,NaN,NaN,NaN
NaN,NaN,NaN,NaN,NaN,NaN
NaN,NaN,NaN,NaN,NaN,NaN
NaN,NaN,NaN,NaN,NaN,NaN
NaN,NaN,NaN,NaN,NaN,NaN
NaN,NaN,NaN,NaN,NaN,NaN
NaN,NaN,NaN,NaN,NaN,NaN
NaN,NaN,NaN,NaN,NaN,NaN
NaN,NaN,NaN,NaN,NaN,NaN
NaN,NaN,NaN,NaN,NaN,NaN
NaN,NaN,NaN,NaN,NaN,NaN
NaN,NaN,NaN,NaN,NaN,NaN
NaN,NaN,NaN,NaN,NaN,NaN
NaN,NaN,NaN,NaN,NaN,NaN
NaN,NaN,NaN,NaN,NaN,NaN
NaN,NaN,NaN,NaN,NaN,NaN
NaN,NaN,NaN,NaN,NaN,NaN
NaN,NaN,NaN,NaN,NaN,NaN
NaN,NaN,NaN,NaN,NaN,NaN
NaN,NaN,NaN,NaN,NaN,NaN
NaN,NaN,NaN,NaN,NaN,NaN
NaN,NaN,NaN,NaN,NaN,NaN
NaN,NaN,NaN,NaN,NaN,NaN
NaN,NaN,NaN,NaN,NaN,NaN
NaN,NaN,NaN,NaN,NaN,NaN
NaN,NaN,NaN,NaN,NaN,NaN
NaN,NaN,NaN,NaN,NaN,NaN
NaN,NaN,NaN,NaN,NaN,NaN
NaN,NaN,NaN,NaN,NaN,NaN
NaN,NaN,NaN,NaN,NaN,NaN
NaN,NaN,NaN,NaN,NaN,NaN
NaN,NaN,NaN,NaN,NaN,NaN
NaN,NaN,NaN,NaN,NaN,NaN
NaN,NaN,NaN,NaN,NaN,NaN
NaN,NaN,NaN,NaN,NaN,NaN
NaN,NaN,NaN,NaN,NaN,NaN
NaN,NaN,NaN,NaN,NaN,NaN
NaN,NaN,NaN,NaN,NaN,NaN
NaN,NaN,NaN,NaN,NaN,NaN
NaN,NaN,NaN,NaN,NaN,NaN
NaN,NaN,NaN,NaN,NaN,NaN
NaN,NaN,NaN,NaN,NaN,NaN
NaN,NaN,NaN,NaN,NaN,NaN
NaN,NaN,NaN,NaN,NaN,NaN
NaN,NaN,NaN,NaN,NaN,NaN
NaN,NaN,NaN,NaN,NaN,NaN
NaN,NaN,NaN,NaN,NaN,NaN
NaN,NaN,NaN,NaN,NaN,NaN
NaN,NaN,NaN,NaN,NaN,NaN
NaN,NaN,NaN,NaN,NaN,NaN
NaN,NaN,NaN,NaN,NaN,NaN
NaN,NaN,NaN,NaN,NaN,NaN
NaN,NaN,NaN,NaN,NaN,NaN
NaN,NaN,NaN,NaN,NaN,NaN
NaN,NaN,NaN,NaN,NaN,NaN
NaN,NaN,NaN,NaN,NaN,NaN
NaN,NaN,NaN,NaN,NaN,NaN
NaN,NaN,NaN,NaN,NaN,NaN
NaN,NaN,NaN,NaN,NaN,NaN
NaN,NaN,NaN,NaN,NaN,NaN
NaN,NaN,NaN,NaN,NaN,NaN
NaN,NaN,NaN,NaN,NaN,NaN
NaN,NaN,NaN,NaN,NaN,NaN
NaN,NaN,NaN,NaN,NaN,NaN
NaN,NaN,NaN,NaN,NaN,NaN
NaN,NaN,NaN,NaN,NaN,NaN
NaN,NaN,NaN,NaN,NaN,NaN
NaN,NaN,NaN,NaN,NaN,NaN
NaN,NaN,NaN,NaN,NaN,NaN
NaN,NaN,NaN,NaN,NaN,NaN
NaN,NaN,NaN,NaN,NaN,NaN
NaN,NaN,NaN,NaN,NaN,NaN
NaN,NaN,NaN,NaN,NaN,NaN
NaN,NaN,NaN,NaN,NaN,NaN
NaN,NaN,NaN,NaN,NaN,NaN
NaN,NaN,NaN,NaN,NaN,NaN
NaN,NaN,NaN,NaN,NaN,NaN
NaN,NaN,NaN,NaN,NaN,NaN
NaN,NaN,NaN,NaN,NaN,NaN
NaN,NaN,NaN,NaN,NaN,NaN
NaN,NaN,NaN,NaN,NaN,NaN
NaN,NaN,NaN,NaN,NaN,NaN
NaN,NaN,NaN,NaN,NaN,NaN
NaN,NaN,NaN,NaN,NaN,NaN
NaN,NaN,NaN,NaN,NaN,NaN
NaN,NaN,NaN,NaN,NaN,NaN
NaN,NaN,NaN,NaN,NaN,NaN
NaN,NaN,NaN,NaN,NaN,NaN
NaN,NaN,NaN,NaN,NaN,NaN
NaN,NaN,NaN,NaN,NaN,NaN
NaN,NaN,NaN,NaN,NaN,NaN
NaN,NaN,NaN,NaN,NaN,NaN
NaN,NaN,NaN,NaN,NaN,NaN
NaN,NaN,NaN,NaN,NaN,NaN
NaN,NaN,NaN,NaN,NaN,NaN
NaN,NaN,NaN,NaN,NaN,NaN
NaN,NaN,NaN,NaN,NaN,NaN
NaN,NaN,NaN,NaN,NaN,NaN
NaN,NaN,NaN,NaN,NaN,NaN
NaN,NaN,NaN,NaN,NaN,NaN
NaN,NaN,NaN,NaN,NaN,NaN
NaN,NaN,NaN,NaN,NaN,NaN
NaN,NaN,NaN,NaN,NaN,NaN
NaN,NaN,NaN,NaN,NaN,NaN
NaN,NaN,NaN,NaN,NaN,NaN
NaN,NaN,NaN,NaN,NaN,NaN
NaN,NaN,NaN,NaN,NaN,NaN
NaN,NaN,NaN,NaN,NaN,NaN
NaN,NaN,NaN,NaN,NaN,NaN
NaN,NaN,NaN,NaN,NaN,NaN
NaN,NaN,NaN,NaN,NaN,NaN
NaN,NaN,NaN,NaN,NaN,NaN
NaN,NaN,NaN,NaN,NaN,NaN
NaN,NaN,NaN,NaN,NaN,NaN
NaN,NaN,NaN,NaN,NaN,NaN
NaN,NaN,NaN,NaN,NaN,NaN
NaN,NaN,NaN,NaN,NaN,NaN
NaN,NaN,NaN,NaN,NaN,NaN
NaN,NaN,NaN,NaN,NaN,NaN
NaN,NaN,NaN,NaN,NaN,NaN
NaN,NaN,NaN,NaN,NaN,NaN
NaN,NaN,NaN,NaN,NaN,NaN
NaN,NaN,NaN,NaN,NaN,NaN
NaN,NaN,NaN,NaN,NaN,NaN
NaN,NaN,NaN,NaN,NaN,NaN
NaN,NaN,NaN,NaN,NaN,NaN
NaN,NaN,NaN,NaN,NaN,NaN
NaN,NaN,NaN,NaN,NaN,NaN
NaN,NaN,NaN,NaN,NaN,NaN
NaN,NaN,NaN,NaN,NaN,NaN
NaN,NaN,NaN,NaN,NaN,NaN
NaN,NaN,NaN,NaN,NaN,NaN
NaN,NaN,NaN,NaN,NaN,NaN
NaN,NaN,NaN,NaN,NaN,NaN
NaN,NaN,NaN,NaN,NaN,NaN
NaN,NaN,NaN,NaN,NaN,NaN
NaN,NaN,NaN,NaN,NaN,NaN
NaN,NaN,NaN,NaN,NaN,NaN
NaN,NaN,NaN,NaN,NaN,NaN
NaN,NaN,NaN,NaN,NaN,NaN
NaN,NaN,NaN,NaN,NaN,NaN
NaN,NaN,NaN,NaN,NaN,NaN
NaN,NaN,NaN,NaN,NaN,NaN
NaN,NaN,NaN,NaN,NaN,NaN
NaN,NaN,NaN,NaN,NaN,NaN
NaN,NaN,NaN,NaN,NaN,NaN
NaN,NaN,NaN,NaN,NaN,NaN
NaN,NaN,NaN,NaN,NaN,NaN
NaN,NaN,NaN,NaN,NaN,NaN
NaN,NaN,NaN,NaN,NaN,NaN
NaN,NaN,NaN,NaN,NaN,NaN
NaN,NaN,NaN,NaN,NaN,NaN
NaN,NaN,NaN,NaN,NaN,NaN
NaN,NaN,NaN,NaN,NaN,NaN
NaN,NaN,NaN,NaN,NaN,NaN
NaN,NaN,NaN,NaN,NaN,NaN
NaN,NaN,NaN,NaN,NaN,NaN
NaN,NaN,NaN,NaN,NaN,NaN
NaN,NaN,NaN,NaN,NaN,NaN
NaN,NaN,NaN,NaN,NaN,NaN
NaN,NaN,NaN,NaN,NaN,NaN
NaN,NaN,NaN,NaN,NaN,NaN
NaN,NaN,NaN,NaN,NaN,NaN
NaN,NaN,NaN,NaN,NaN,NaN
NaN,NaN,NaN,NaN,NaN,NaN
NaN,NaN,NaN,NaN,NaN,NaN
NaN,NaN,NaN,NaN,NaN,NaN
NaN,NaN,NaN,NaN,NaN,NaN
NaN,NaN,NaN,NaN,NaN,NaN
NaN,NaN,NaN,NaN,NaN,NaN
NaN,NaN,NaN,NaN,NaN,NaN
NaN,NaN,NaN,NaN,NaN,NaN
NaN,NaN,NaN,NaN,NaN,NaN
NaN,NaN,NaN,NaN,NaN,NaN
NaN,NaN,NaN,NaN,NaN,NaN
NaN,NaN,NaN,NaN,NaN,NaN
NaN,NaN,NaN,NaN,NaN,NaN
NaN,NaN,NaN,NaN,NaN,NaN
NaN,NaN,NaN,NaN,NaN,NaN
NaN,NaN,NaN,NaN,NaN,NaN
NaN,NaN,NaN,NaN,NaN,NaN
NaN,NaN,NaN,NaN,NaN,NaN
NaN,NaN,NaN,NaN,NaN,NaN
NaN,NaN,NaN,NaN,718.984465,516.630778
NaN,NaN,NaN,NaN,719.000000,517.000000
NaN,NaN,NaN,NaN,719.000000,516.990000
NaN,NaN,NaN,NaN,719.010000,516.990000
NaN,NaN,NaN,NaN,719.000000,516.980000
NaN,NaN,NaN,NaN,719.000000,516.980000
NaN,NaN,NaN,NaN,719.000000,516.980000
NaN,NaN,NaN,NaN,719.000000,516.980000
NaN,NaN,NaN,NaN,719.000000,516.990000
NaN,NaN,NaN,NaN,719.000000,516.990000
NaN,NaN,NaN,NaN,719.000000,516.990000
NaN,NaN,NaN,NaN,719.000000,516.990000
NaN,NaN,NaN,NaN,719.010000,516.990000
NaN,NaN,NaN,NaN,719.010000,516.990000
NaN,NaN,NaN,NaN,719.010000,516.990000
NaN,NaN,NaN,NaN,719.010000,516.990000
NaN,NaN,NaN,NaN,719.010000,517.000000
NaN,NaN,NaN,NaN,719.010000,517.000000
NaN,NaN,NaN,NaN,719.010000,517.000000
NaN,NaN,NaN,NaN,719.020000,516.990000
NaN,NaN,NaN,NaN,719.020000,517.000000
NaN,NaN,NaN,NaN,719.020000,517.000000
NaN,NaN,NaN,NaN,719.020000,517.000000
NaN,NaN,NaN,NaN,719.030000,517.000000
NaN,NaN,NaN,NaN,719.020000,517.000000
NaN,NaN,NaN,NaN,719.020000,517.000000
NaN,NaN,NaN,NaN,719.030000,517.000000
NaN,NaN,NaN,NaN,719.030000,517.000000
NaN,NaN,NaN,NaN,719.040000,517.010000
NaN,NaN,NaN,NaN,719.040000,517.010000
NaN,NaN,NaN,NaN,719.050000,517.000000
NaN,NaN,NaN,NaN,719.050000,517.010000
NaN,NaN,NaN,NaN,719.060000,517.010000
NaN,NaN,NaN,NaN,719.060000,517.010000
NaN,NaN,NaN,NaN,719.060000,517.020000
NaN,NaN,NaN,NaN,719.060000,517.010000
NaN,NaN,NaN,NaN,719.070000,517.010000
NaN,NaN,NaN,NaN,719.080000,517.020000
NaN,NaN,NaN,NaN,719.090000,517.020000
NaN,NaN,NaN,NaN,719.090000,517.020000
NaN,NaN,NaN,NaN,719.100000,517.020000
NaN,NaN,NaN,NaN,719.100000,517.020000
NaN,NaN,NaN,NaN,719.100000,517.010000
NaN,NaN,NaN,NaN,719.100000,517.020000
NaN,NaN,NaN,NaN,719.110000,517.010000
NaN,NaN,NaN,NaN,719.130000,517.020000
NaN,NaN,NaN,NaN,719.120000,517.030000
NaN,NaN,NaN,NaN,719.130000,517.020000
NaN,NaN,NaN,NaN,719.130000,517.010000
NaN,NaN,NaN,NaN,719.130000,517.010000
NaN,NaN,NaN,NaN,719.140000,517.020000
NaN,NaN,NaN,NaN,719.140000,517.020000
NaN,NaN,NaN,NaN,719.150000,517.020000
NaN,NaN,NaN,NaN,719.160000,517.020000
NaN,NaN,NaN,NaN,719.160000,517.020000
NaN,NaN,NaN,NaN,719.170000,517.020000
NaN,NaN,NaN,NaN,719.170000,517.020000
NaN,NaN,NaN,NaN,719.180000,517.020000
NaN,NaN,NaN,NaN,719.190000,517.000000
NaN,NaN,NaN,NaN,719.200000,517.000000
NaN,NaN,NaN,NaN,719.230000,517.010000
NaN,NaN,NaN,NaN,719.230000,517.010000
NaN,NaN,NaN,NaN,719.230000,517.000000
NaN,NaN,NaN,NaN,719.230000,517.010000
NaN,NaN,NaN,NaN,719.230000,517.010000
NaN,NaN,NaN,NaN,719.230000,517.010000
NaN,NaN,NaN,NaN,719.240000,517.010000
NaN,NaN,NaN,NaN,719.250000,517.020000
NaN,NaN,NaN,NaN,719.260000,517.020000
NaN,NaN,NaN,NaN,719.260000,517.020000
NaN,NaN,NaN,NaN,719.260000,517.020000
NaN,NaN,NaN,NaN,719.270000,517.020000
NaN,NaN,NaN,NaN,719.270000,517.020000
NaN,NaN,NaN,NaN,719.280000,517.030000
NaN,NaN,NaN,NaN,719.280000,517.020000
NaN,NaN,NaN,NaN,719.310000,517.030000
NaN,NaN,NaN,NaN,719.300000,517.030000
NaN,NaN,NaN,NaN,719.320000,517.020000
NaN,NaN,NaN,NaN,719.320000,517.020000
NaN,NaN,NaN,NaN,719.320000,517.010000
NaN,NaN,NaN,NaN,719.340000,517.020000
NaN,NaN,NaN,NaN,719.350000,517.010000
NaN,NaN,NaN,NaN,719.350000,517.010000
NaN,NaN,NaN,NaN,719.350000,517.010000
NaN,NaN,NaN,NaN,719.370000,516.990000
NaN,NaN,NaN,NaN,719.390000,516.980000
NaN,NaN,NaN,NaN,719.400000,516.980000
NaN,NaN,NaN,NaN,719.410000,516.980000
NaN,NaN,NaN,NaN,719.410000,516.970000
NaN,NaN,NaN,NaN,719.420000,516.960000
NaN,NaN,NaN,NaN,719.420000,516.950000
NaN,NaN,NaN,NaN,719.410000,516.940000
NaN,NaN,NaN,NaN,719.420000,516.940000
NaN,NaN,NaN,NaN,719.420000,516.950000
NaN,NaN,NaN,NaN,719.430000,516.930000
NaN,NaN,NaN,NaN,719.420000,516.920000
NaN,NaN,NaN,NaN,719.430000,516.930000
NaN,NaN,NaN,NaN,719.440000,516.920000
NaN,NaN,NaN,NaN,719.440000,516.920000
NaN,NaN,NaN,NaN,719.450000,516.930000
NaN,NaN,NaN,NaN,719.450000,516.910000
NaN,NaN,NaN,NaN,719.450000,516.910000
NaN,NaN,NaN,NaN,719.450000,516.910000
NaN,NaN,NaN,NaN,719.470000,516.910000
NaN,NaN,NaN,NaN,719.480000,516.900000
NaN,NaN,NaN,NaN,719.540000,516.890000
NaN,NaN,NaN,NaN,720.180000,516.900000
NaN,NaN,NaN,NaN,720.930000,516.920000
NaN,NaN,NaN,NaN,721.640000,516.940000
NaN,NaN,NaN,NaN,721.660000,516.940000
NaN,NaN,NaN,NaN,721.680000,516.940000
NaN,NaN,NaN,NaN,721.680000,516.930000
NaN,NaN,NaN,NaN,721.670000,516.930000
NaN,NaN,NaN,NaN,721.680000,516.930000
NaN,NaN,NaN,NaN,721.690000,516.930000
NaN,NaN,NaN,NaN,721.700000,516.930000
NaN,NaN,NaN,NaN,721.700000,516.920000
NaN,NaN,NaN,NaN,721.730000,516.910000
NaN,NaN,NaN,NaN,721.720000,516.910000
NaN,NaN,NaN,NaN,721.720000,516.900000
NaN,NaN,NaN,NaN,721.750000,516.920000
NaN,NaN,NaN,NaN,721.750000,516.900000
NaN,NaN,NaN,NaN,721.750000,516.890000
NaN,NaN,NaN,NaN,721.760000,516.880000
NaN,NaN,NaN,NaN,721.770000,516.890000
NaN,NaN,NaN,NaN,721.770000,516.890000
NaN,NaN,NaN,NaN,721.780000,516.880000
NaN,NaN,NaN,NaN,721.790000,516.880000
NaN,NaN,NaN,NaN,721.790000,516.870000
NaN,NaN,NaN,NaN,721.800000,516.870000
NaN,NaN,NaN,NaN,721.790000,516.870000
NaN,NaN,NaN,NaN,721.810000,516.870000
NaN,NaN,NaN,NaN,721.800000,516.870000
NaN,NaN,NaN,NaN,721.810000,516.870000
NaN,NaN,NaN,NaN,721.820000,516.880000
NaN,NaN,NaN,NaN,721.830000,516.890000
NaN,NaN,NaN,NaN,721.840000,516.890000
NaN,NaN,NaN,NaN,721.850000,516.890000
NaN,NaN,NaN,NaN,721.850000,516.900000
NaN,NaN,NaN,NaN,721.860000,516.900000
NaN,NaN,NaN,NaN,721.860000,516.900000
NaN,NaN,NaN,NaN,721.860000,516.910000
NaN,NaN,NaN,NaN,721.860000,516.910000
NaN,NaN,NaN,NaN,721.880000,516.910000
NaN,NaN,NaN,NaN,721.880000,516.910000
NaN,NaN,NaN,NaN,721.890000,516.900000
NaN,NaN,NaN,NaN,721.890000,516.910000
NaN,NaN,NaN,NaN,721.890000,516.900000
NaN,NaN,NaN,NaN,721.910000,516.890000
NaN,NaN,NaN,NaN,721.910000,516.890000
NaN,NaN,NaN,NaN,721.930000,516.890000
NaN,NaN,NaN,NaN,721.930000,516.890000
NaN,NaN,NaN,NaN,721.930000,516.880000
NaN,NaN,NaN,NaN,721.930000,516.880000
NaN,NaN,NaN,NaN,721.940000,516.880000
NaN,NaN,NaN,NaN,721.950000,516.870000
NaN,NaN,NaN,NaN,721.970000,516.860000
NaN,NaN,NaN,NaN,721.970000,516.860000
NaN,NaN,NaN,NaN,721.980000,516.860000
NaN,NaN,NaN,NaN,721.980000,516.860000
NaN,NaN,NaN,NaN,722.000000,516.840000
NaN,NaN,NaN,NaN,722.010000,516.830000
NaN,NaN,NaN,NaN,722.010000,516.840000
NaN,NaN,NaN,NaN,722.020000,516.830000
NaN,NaN,NaN,NaN,722.020000,516.830000
NaN,NaN,NaN,NaN,722.060000,516.820000
NaN,NaN,NaN,NaN,722.060000,516.820000
NaN,NaN,NaN,NaN,722.060000,516.820000
NaN,NaN,NaN,NaN,722.070000,516.820000
NaN,NaN,NaN,NaN,722.070000,516.800000
NaN,NaN,NaN,NaN,722.080000,516.790000
NaN,NaN,NaN,NaN,722.090000,516.770000
NaN,NaN,NaN,NaN,722.090000,516.760000
NaN,NaN,NaN,NaN,722.090000,516.760000
NaN,NaN,NaN,NaN,722.110000,516.730000
NaN,NaN,NaN,NaN,722.120000,516.720000
NaN,NaN,NaN,NaN,722.120000,516.710000
NaN,NaN,NaN,NaN,722.130000,516.710000
NaN,NaN,NaN,NaN,722.130000,516.700000
NaN,NaN,NaN,NaN,722.130000,516.690000
NaN,NaN,NaN,NaN,722.180000,516.680000
NaN,NaN,NaN,NaN,722.170000,516.680000
NaN,NaN,NaN,NaN,722.180000,516.650000
NaN,NaN,NaN,NaN,722.180000,516.670000
NaN,NaN,NaN,NaN,722.190000,516.660000
NaN,NaN,NaN,NaN,722.190000,516.670000
NaN,NaN,NaN,NaN,722.200000,516.670000
NaN,NaN,NaN,NaN,722.210000,516.670000
NaN,NaN,NaN,NaN,722.210000,516.650000
NaN,NaN,NaN,NaN,722.210000,516.660000
NaN,NaN,NaN,NaN,722.220000,516.660000
NaN,NaN,NaN,NaN,722.210000,516.670000
NaN,NaN,NaN,NaN,722.220000,516.650000
NaN,NaN,NaN,NaN,722.220000,516.660000
NaN,NaN,NaN,NaN,722.220000,516.650000
NaN,NaN,NaN,NaN,722.230000,516.660000
NaN,NaN,NaN,NaN,722.230000,516.660000
NaN,NaN,NaN,NaN,722.230000,516.660000
NaN,NaN,NaN,NaN,722.220000,516.660000
NaN,NaN,NaN,NaN,722.230000,516.670000
NaN,NaN,NaN,NaN,722.240000,516.650000
NaN,NaN,NaN,NaN,722.240000,516.640000
NaN,NaN,NaN,NaN,722.250000,516.630000
NaN,NaN,NaN,NaN,722.250000,516.640000
NaN,NaN,NaN,NaN,722.250000,516.640000
NaN,NaN,NaN,NaN,722.260000,516.640000
NaN,NaN,NaN,NaN,722.260000,516.610000
NaN,NaN,NaN,NaN,722.250000,516.620000
NaN,NaN,NaN,NaN,722.250000,516.630000
NaN,NaN,NaN,NaN,722.270000,516.630000
NaN,NaN,NaN,NaN,722.280000,516.630000
NaN,NaN,NaN,NaN,722.270000,516.640000
NaN,NaN,NaN,NaN,722.270000,516.630000
NaN,NaN,NaN,NaN,722.280000,516.630000
NaN,NaN,NaN,NaN,722.280000,516.650000
NaN,NaN,NaN,NaN,722.300000,516.650000
NaN,NaN,NaN,NaN,722.300000,516.630000
NaN,NaN,NaN,NaN,722.310000,516.640000
NaN,NaN,NaN,NaN,722.310000,516.650000
NaN,NaN,NaN,NaN,722.330000,516.660000
NaN,NaN,NaN,NaN,722.350000,516.660000
NaN,NaN,NaN,NaN,722.350000,516.670000
NaN,NaN,NaN,NaN,722.360000,516.660000
NaN,NaN,NaN,NaN,722.370000,516.670000
NaN,NaN,NaN,NaN,722.360000,516.670000
NaN,NaN,NaN,NaN,722.360000,516.660000
NaN,NaN,NaN,NaN,722.360000,516.680000
NaN,NaN,NaN,NaN,722.350000,516.680000
NaN,NaN,NaN,NaN,722.360000,516.680000
NaN,NaN,NaN,NaN,721.961549,517.046974
NaN,NaN,NaN,NaN,722.000000,517.000000
NaN,NaN,NaN,NaN,722.010000,517.000000
NaN,NaN,711.754404,398.014713,722.020000,517.000000
NaN,NaN,712.010000,398.010000,722.020000,517.000000
NaN,NaN,712.010000,398.010000,722.030000,517.010000
NaN,NaN,712.020000,398.000000,722.030000,517.010000
NaN,NaN,712.010000,398.000000,722.040000,517.010000
NaN,NaN,712.020000,398.000000,722.060000,517.010000
NaN,NaN,712.020000,398.000000,722.060000,517.010000
NaN,NaN,712.010000,397.990000,722.060000,517.010000
NaN,NaN,712.020000,397.980000,722.070000,517.020000
NaN,NaN,712.010000,397.990000,722.070000,517.010000
NaN,NaN,712.020000,397.990000,722.070000,517.010000
NaN,NaN,712.020000,397.990000,722.080000,517.010000
NaN,NaN,712.020000,397.990000,722.090000,517.010000
NaN,NaN,712.020000,397.990000,722.090000,517.000000
NaN,NaN,712.020000,397.990000,722.100000,517.000000
NaN,NaN,712.030000,397.990000,722.100000,517.010000
NaN,NaN,712.020000,397.990000,722.110000,517.000000
NaN,NaN,712.030000,397.990000,722.110000,517.000000
NaN,NaN,712.030000,397.990000,722.120000,517.000000
NaN,NaN,712.030000,397.990000,722.130000,517.000000
NaN,NaN,712.030000,397.990000,722.140000,516.990000
NaN,NaN,712.020000,397.980000,722.140000,516.990000
NaN,NaN,712.030000,397.990000,722.140000,516.990000
NaN,NaN,712.030000,397.990000,722.170000,516.970000
NaN,NaN,712.030000,397.990000,722.170000,516.970000
NaN,NaN,712.020000,397.990000,722.170000,516.960000
NaN,NaN,712.010000,397.980000,722.180000,516.960000
NaN,NaN,712.030000,397.990000,722.180000,516.960000
NaN,NaN,712.030000,397.980000,722.180000,516.950000
NaN,NaN,712.030000,397.990000,722.190000,516.950000
NaN,NaN,712.030000,397.990000,722.190000,516.950000
NaN,NaN,712.030000,397.990000,722.200000,516.940000
NaN,NaN,712.020000,398.000000,722.200000,516.930000
NaN,NaN,712.020000,397.990000,722.200000,516.930000
NaN,NaN,712.030000,397.990000,722.210000,516.920000
NaN,NaN,712.030000,397.990000,722.210000,516.930000
NaN,NaN,712.030000,398.000000,722.220000,516.920000
NaN,NaN,712.030000,398.000000,722.220000,516.910000
NaN,NaN,712.040000,398.020000,722.230000,516.890000
NaN,NaN,712.030000,398.010000,722.230000,516.890000
NaN,NaN,712.040000,398.010000,722.230000,516.880000
NaN,NaN,712.040000,398.020000,722.230000,516.880000
NaN,NaN,712.030000,398.020000,722.230000,516.870000
NaN,NaN,712.030000,398.020000,722.250000,516.860000
NaN,NaN,712.030000,398.030000,722.250000,516.860000
NaN,NaN,712.030000,398.040000,722.250000,516.850000
NaN,NaN,712.040000,398.040000,722.250000,516.840000
NaN,NaN,712.040000,398.040000,722.260000,516.830000
NaN,NaN,712.050000,398.040000,722.270000,516.820000
NaN,NaN,712.050000,398.050000,722.270000,516.810000
NaN,NaN,712.060000,398.060000,722.280000,516.810000
NaN,NaN,712.070000,398.080000,722.280000,516.800000
NaN,NaN,712.080000,398.080000,722.280000,516.790000
NaN,NaN,712.090000,398.080000,722.280000,516.780000
NaN,NaN,712.090000,398.080000,722.290000,516.770000
NaN,NaN,712.100000,398.090000,722.280000,516.770000
NaN,NaN,712.110000,398.100000,722.280000,516.760000
NaN,NaN,712.120000,398.120000,722.290000,516.750000
NaN,NaN,712.120000,398.120000,722.290000,516.750000
NaN,NaN,712.130000,398.140000,722.300000,516.740000
NaN,NaN,712.140000,398.160000,722.300000,516.730000
NaN,NaN,712.150000,398.160000,722.300000,516.730000
NaN,NaN,712.170000,398.200000,722.300000,516.730000
NaN,NaN,712.200000,398.240000,722.310000,516.710000
NaN,NaN,712.200000,398.270000,722.310000,516.710000
NaN,NaN,712.220000,398.300000,722.310000,516.710000
NaN,NaN,712.230000,398.330000,722.310000,516.690000
NaN,NaN,712.250000,398.360000,722.320000,516.690000
NaN,NaN,712.280000,398.430000,722.310000,516.680000
NaN,NaN,712.300000,398.480000,722.310000,516.670000
NaN,NaN,712.480000,398.910000,722.310000,516.660000
NaN,NaN,712.970000,399.070000,722.310000,516.660000
NaN,NaN,713.000000,399.090000,722.320000,516.660000
NaN,NaN,713.010000,399.120000,722.320000,516.650000
NaN,NaN,713.050000,399.160000,722.320000,516.630000
NaN,NaN,713.050000,399.190000,722.320000,516.630000
NaN,NaN,713.090000,399.240000,722.320000,516.630000
NaN,NaN,713.110000,399.300000,722.330000,516.610000
NaN,NaN,713.150000,399.380000,722.330000,516.620000
NaN,NaN,713.180000,399.430000,722.330000,516.610000
NaN,NaN,713.220000,399.540000,722.330000,516.610000
NaN,NaN,713.390000,400.020000,722.340000,516.610000
NaN,NaN,713.950000,400.230000,722.340000,516.590000
NaN,NaN,713.990000,400.320000,725.789229,514.133597
NaN,NaN,714.010000,400.350000,727.430000,513.650000
NaN,NaN,714.030000,400.430000,726.930000,513.620000
NaN,NaN,714.220000,400.980000,726.760000,513.610000
NaN,NaN,714.280000,401.060000,726.750000,513.960000
NaN,NaN,714.300000,401.130000,726.750000,513.970000
NaN,NaN,714.320000,401.190000,726.760000,513.960000
NaN,NaN,714.350000,401.250000,726.770000,513.960000
NaN,NaN,714.350000,401.310000,726.780000,513.960000
NaN,NaN,714.390000,401.390000,726.780000,513.960000
NaN,NaN,714.520000,401.610000,726.780000,513.960000
NaN,NaN,715.290000,402.270000,726.780000,513.960000
NaN,NaN,716.050000,402.960000,726.780000,513.960000
NaN,NaN,716.650000,403.520000,726.800000,513.960000
NaN,NaN,716.720000,403.640000,726.800000,513.960000
NaN,NaN,716.830000,403.840000,726.820000,513.970000
NaN,NaN,716.870000,403.910000,726.820000,513.960000
NaN,NaN,716.940000,404.040000,726.830000,513.950000
NaN,NaN,717.000000,404.140000,726.830000,513.950000
NaN,NaN,717.030000,404.230000,726.820000,513.950000
NaN,NaN,717.080000,404.320000,726.830000,513.950000
NaN,NaN,717.160000,404.470000,726.840000,513.950000
NaN,NaN,717.290000,404.890000,726.840000,513.950000
NaN,NaN,717.420000,405.060000,726.850000,513.940000
NaN,NaN,717.870000,405.350000,726.850000,513.940000
NaN,NaN,717.970000,405.720000,726.860000,513.940000
NaN,NaN,718.040000,405.870000,726.860000,513.930000
NaN,NaN,718.070000,405.990000,726.860000,513.930000
NaN,NaN,718.110000,406.140000,726.870000,513.930000
NaN,NaN,718.160000,406.300000,726.870000,513.930000
NaN,NaN,718.200000,406.460000,726.890000,513.940000
NaN,NaN,718.320000,406.900000,726.890000,513.940000
NaN,NaN,718.360000,407.020000,726.880000,513.930000
NaN,NaN,718.420000,407.140000,726.890000,513.920000
NaN,NaN,718.460000,407.300000,726.890000,513.910000
NaN,NaN,718.900000,407.700000,726.890000,513.910000
NaN,NaN,719.010000,408.070000,726.900000,513.900000
NaN,NaN,719.020000,408.230000,726.910000,513.890000
NaN,NaN,719.040000,408.410000,726.910000,513.890000
NaN,NaN,719.160000,408.900000,726.920000,513.880000
NaN,NaN,719.210000,409.080000,726.930000,513.870000
NaN,NaN,719.230000,409.190000,726.940000,513.860000
NaN,NaN,719.240000,409.380000,726.940000,513.850000
NaN,NaN,719.360000,409.930000,726.950000,513.840000
NaN,NaN,719.420000,410.130000,726.950000,513.840000
NaN,NaN,719.390000,410.250000,726.960000,513.830000
NaN,NaN,719.390000,410.400000,726.960000,513.830000
NaN,NaN,719.560000,411.040000,726.970000,513.810000
NaN,NaN,720.000000,411.670000,726.980000,513.810000
NaN,NaN,720.000000,411.840000,726.980000,513.810000
NaN,NaN,720.010000,412.020000,726.990000,513.810000
NaN,NaN,719.980000,412.120000,726.990000,513.810000
NaN,NaN,720.020000,412.300000,726.990000,513.800000
NaN,NaN,719.980000,412.480000,727.000000,513.790000
NaN,NaN,720.120000,413.090000,727.010000,513.780000
NaN,NaN,720.150000,413.670000,727.010000,513.770000
NaN,NaN,720.150000,413.870000,727.020000,513.780000
NaN,NaN,720.140000,414.020000,727.020000,513.770000
NaN,NaN,720.130000,414.230000,727.030000,513.760000
NaN,NaN,720.130000,414.420000,727.030000,513.760000
NaN,NaN,720.210000,415.100000,727.040000,513.750000
NaN,NaN,720.260000,415.790000,727.050000,513.740000
NaN,NaN,720.260000,415.980000,727.040000,513.730000
NaN,NaN,720.250000,416.130000,727.050000,513.720000
NaN,NaN,720.260000,416.370000,727.060000,513.700000
NaN,NaN,720.300000,417.030000,727.060000,513.690000
NaN,NaN,720.320000,417.650000,727.050000,513.680000
NaN,NaN,720.390000,417.910000,727.060000,513.670000
NaN,NaN,720.400000,418.090000,727.060000,513.660000
NaN,NaN,719.835061,418.408352,727.060000,513.650000
NaN,NaN,719.870000,418.820000,727.060000,513.640000
NaN,NaN,720.070000,418.970000,727.070000,513.620000
NaN,NaN,720.090000,419.090000,727.070000,513.620000
NaN,NaN,720.130000,419.260000,727.080000,513.610000
NaN,NaN,720.150000,419.510000,727.070000,513.600000
NaN,NaN,720.150000,420.210000,727.090000,513.610000
NaN,NaN,720.160000,421.040000,727.080000,513.600000
NaN,NaN,720.170000,421.890000,727.090000,513.600000
NaN,NaN,720.180000,422.710000,727.090000,513.590000
NaN,NaN,720.160000,423.380000,727.090000,513.570000
NaN,NaN,720.180000,423.660000,727.100000,513.570000
NaN,NaN,720.180000,423.820000,727.100000,513.570000
NaN,NaN,720.190000,423.960000,727.100000,513.570000
NaN,NaN,720.200000,424.090000,727.100000,513.560000
NaN,NaN,720.220000,424.220000,727.100000,513.570000
NaN,NaN,720.240000,424.420000,727.110000,513.560000
NaN,NaN,720.280000,425.180000,727.110000,513.560000
NaN,NaN,720.260000,426.030000,727.110000,513.560000
NaN,NaN,720.270000,426.850000,727.110000,513.540000
NaN,NaN,720.240000,427.640000,727.110000,513.540000
NaN,NaN,720.290000,427.810000,727.120000,513.510000
NaN,NaN,720.300000,427.940000,727.140000,513.070000
NaN,NaN,720.340000,428.060000,727.140000,513.070000
NaN,NaN,720.370000,428.220000,727.140000,513.070000
NaN,NaN,720.380000,428.480000,727.150000,513.060000
NaN,NaN,720.400000,429.190000,727.160000,513.050000
NaN,NaN,720.380000,430.030000,727.170000,513.040000
NaN,NaN,720.390000,430.880000,727.170000,513.040000
NaN,NaN,720.370000,431.700000,727.180000,513.030000
NaN,NaN,720.420000,432.410000,727.170000,513.030000
NaN,NaN,720.430000,432.700000,727.180000,513.030000
NaN,NaN,720.480000,432.870000,727.190000,513.020000
NaN,NaN,720.930000,433.030000,727.200000,513.020000
NaN,NaN,720.950000,433.200000,727.200000,513.010000
NaN,NaN,720.980000,433.460000,727.210000,513.010000
NaN,NaN,721.000000,434.180000,727.220000,512.990000
NaN,NaN,721.030000,434.970000,727.210000,513.000000
NaN,NaN,721.080000,435.770000,727.220000,513.000000
NaN,NaN,721.170000,436.400000,727.220000,513.010000
NaN,NaN,721.140000,436.710000,727.230000,512.990000
NaN,NaN,721.160000,436.880000,727.220000,512.990000
NaN,NaN,721.170000,437.010000,727.240000,512.990000
NaN,NaN,721.200000,437.170000,727.240000,512.970000
NaN,NaN,721.220000,437.410000,727.230000,512.970000
NaN,NaN,721.260000,438.120000,727.230000,512.970000
NaN,NaN,721.290000,438.920000,727.240000,512.960000
NaN,NaN,721.380000,439.680000,727.240000,512.960000
NaN,NaN,721.390000,439.840000,727.250000,512.960000
NaN,NaN,721.410000,439.980000,727.260000,512.960000
NaN,NaN,721.440000,440.110000,727.260000,512.960000
NaN,NaN,721.961549,442.963959,727.280000,512.950000
NaN,NaN,722.020000,443.620000,727.280000,512.950000
NaN,NaN,722.060000,444.100000,727.290000,512.950000
NaN,NaN,722.090000,444.540000,727.310000,512.950000
NaN,NaN,722.100000,444.790000,727.310000,512.940000
NaN,NaN,722.140000,444.950000,727.310000,512.940000
NaN,NaN,722.170000,445.080000,727.310000,512.950000
NaN,NaN,722.200000,445.220000,727.310000,512.940000
NaN,NaN,722.240000,445.370000,727.310000,512.930000
729.191611,447.542122,722.260000,446.100000,727.310000,512.940000
728.341015,447.542122,722.280000,446.850000,727.320000,512.930000
728.341015,449.206909,722.290000,447.400000,727.330000,512.940000
728.341015,452.120286,722.330000,447.700000,727.320000,512.930000
728.341015,452.952680,722.370000,447.880000,727.340000,512.930000
728.341015,453.785073,722.410000,448.000000,727.330000,512.930000
728.341015,455.866057,722.450000,448.100000,727.400000,512.920000
728.341015,455.866057,722.480000,448.230000,727.390000,512.920000
728.341015,456.282254,722.960000,448.390000,727.390000,512.910000
728.766313,456.282254,722.970000,449.100000,727.410000,512.920000
728.766313,456.698450,722.960000,449.880000,727.420000,512.920000
728.766313,457.114647,722.970000,450.500000,727.420000,512.920000
728.766313,457.530844,722.990000,450.740000,727.410000,512.920000
728.766313,457.530844,723.010000,450.880000,727.410000,512.930000
728.341015,457.947040,723.030000,451.000000,727.410000,512.920000
728.341015,457.947040,723.050000,451.110000,727.420000,512.920000
728.341015,457.947040,723.060000,451.230000,727.440000,512.930000
728.341015,459.195631,723.060000,451.370000,727.440000,512.920000
728.341015,459.195631,723.070000,452.100000,727.440000,512.930000
728.766313,460.444221,723.070000,452.870000,727.440000,512.950000
729.191611,460.860417,723.070000,453.410000,727.430000,512.940000
729.191611,461.692811,723.080000,453.690000,727.470000,512.940000
729.191611,462.525204,723.090000,453.850000,727.440000,512.940000
729.191611,463.357598,723.110000,453.960000,727.430000,512.940000
729.191611,464.189991,723.120000,454.060000,727.470000,512.930000
729.191611,464.606188,723.130000,454.170000,727.470000,512.940000
729.191611,465.854778,723.130000,454.290000,727.450000,512.940000
729.191611,466.270975,723.130000,454.430000,727.470000,512.940000
729.191611,466.687171,723.140000,455.160000,727.470000,512.950000
729.191611,467.103368,723.150000,455.920000,727.490000,512.950000
729.191611,467.935762,723.140000,456.590000,728.400000,512.870000
729.191611,468.768155,723.140000,456.770000,729.300000,512.820000
729.191611,468.768155,723.150000,456.900000,730.160000,512.790000
729.191611,468.768155,723.150000,457.010000,731.000000,512.800000
729.191611,468.768155,723.150000,457.110000,731.850000,512.820000
729.191611,469.184352,723.160000,457.220000,732.660000,512.860000
729.191611,469.600548,723.150000,457.330000,732.650000,512.870000
729.191611,469.600548,723.150000,457.540000,732.660000,512.860000
729.191611,471.681532,723.160000,458.190000,732.660000,512.860000
729.191611,472.513926,723.150000,458.940000,732.680000,512.860000
729.191611,472.930122,723.150000,459.610000,732.680000,512.870000
729.191611,472.930122,723.140000,459.770000,732.690000,512.850000
728.766313,474.594909,723.130000,459.880000,732.680000,512.860000
728.766313,474.594909,723.130000,460.010000,732.680000,512.860000
728.766313,474.594909,723.120000,460.130000,732.700000,512.870000
728.766313,474.594909,723.110000,460.260000,732.700000,512.870000
728.766313,474.594909,723.100000,460.410000,732.720000,512.860000
728.766313,475.011106,723.090000,461.100000,732.730000,512.870000
728.766313,475.427303,723.080000,461.830000,732.720000,512.870000
729.191611,476.675893,723.090000,462.260000,732.740000,512.860000
729.191611,477.508286,723.080000,462.610000,732.740000,512.870000
729.191611,478.756876,723.070000,462.780000,732.760000,512.870000
729.191611,479.589270,723.040000,462.910000,732.760000,512.860000
729.191611,480.421663,723.030000,463.050000,732.760000,512.880000
729.191611,481.254057,723.000000,463.150000,732.780000,512.880000
729.191611,482.086450,723.000000,463.300000,732.790000,512.880000
729.191611,482.918843,722.980000,463.490000,732.800000,512.870000
729.191611,483.751237,722.990000,464.150000,732.800000,512.860000
728.766313,483.751237,723.000000,464.870000,732.810000,512.850000
728.766313,483.751237,723.030000,465.460000,732.820000,512.850000
728.766313,483.751237,723.000000,465.680000,732.820000,512.840000
728.766313,483.751237,722.980000,465.880000,732.830000,512.840000
728.766313,485.416024,722.950000,465.990000,732.840000,512.850000
728.766313,485.416024,722.930000,466.120000,732.840000,512.840000
728.766313,485.832220,722.900000,466.240000,732.850000,512.850000
728.766313,486.248417,722.880000,466.400000,732.860000,512.840000
728.766313,487.080811,722.910000,467.100000,732.880000,512.850000
728.766313,487.080811,722.930000,467.840000,732.880000,512.840000
728.766313,487.913204,722.940000,468.230000,732.880000,512.840000
728.766313,488.329401,722.930000,468.590000,732.880000,512.840000
728.766313,489.161794,722.900000,468.740000,732.890000,512.850000
728.766313,489.577991,722.870000,468.930000,732.890000,512.850000
728.341015,489.994188,722.830000,469.060000,732.890000,512.850000
728.341015,490.410384,722.810000,469.170000,732.900000,512.850000
728.341015,491.242778,722.760000,469.290000,732.900000,512.840000
727.915718,491.658975,722.750000,469.430000,732.910000,512.850000
727.915718,492.075171,722.750000,470.110000,732.910000,512.860000
727.490420,492.491368,722.790000,470.820000,732.920000,512.860000
727.490420,493.323761,722.810000,471.250000,732.920000,512.850000
727.490420,493.739958,722.760000,471.560000,732.920000,512.860000
726.639825,493.739958,722.720000,471.730000,732.920000,512.850000
726.639825,493.739958,722.670000,471.900000,732.940000,512.850000
726.639825,493.739958,722.610000,472.010000,732.950000,512.870000
726.639825,497.069532,722.570000,472.130000,732.950000,512.850000
726.639825,497.069532,722.490000,472.230000,732.950000,512.870000
726.639825,497.485729,722.070000,472.340000,732.950000,512.870000
726.639825,497.485729,722.030000,472.480000,732.950000,512.870000
726.639825,497.901925,722.030000,473.150000,732.960000,512.870000
726.639825,498.318122,722.040000,473.870000,732.960000,512.880000
726.639825,498.318122,722.040000,474.360000,732.970000,512.870000
726.639825,498.318122,721.980000,474.600000,732.970000,512.870000
726.639825,498.318122,721.920000,474.780000,732.980000,512.860000
727.065122,499.982909,721.870000,474.880000,732.980000,512.860000
727.065122,499.982909,721.810000,475.000000,732.980000,512.870000
727.065122,499.982909,721.760000,475.080000,732.980000,512.870000
727.065122,499.982909,721.680000,475.180000,732.990000,512.870000
727.065122,499.982909,721.620000,475.260000,733.010000,512.860000
727.065122,499.982909,721.510000,475.380000,733.000000,512.860000
727.065122,499.982909,721.070000,475.480000,733.010000,512.850000
727.065122,501.647696,721.050000,476.130000,733.010000,512.850000
727.065122,501.647696,721.050000,476.830000,733.010000,512.840000
727.065122,501.647696,721.040000,477.210000,733.020000,512.840000
727.065122,501.647696,720.990000,477.460000,733.010000,512.840000
726.639825,503.312483,720.920000,477.650000,733.020000,512.830000
726.214527,503.312483,720.850000,477.750000,733.020000,512.820000
726.214527,503.312483,720.770000,477.870000,733.040000,512.820000
726.214527,503.312483,720.680000,477.940000,733.040000,512.810000
726.214527,503.728679,720.580000,478.010000,733.040000,512.820000
726.214527,503.728679,720.070000,478.070000,733.040000,512.810000
726.214527,504.144876,720.010000,478.150000,733.050000,512.810000
726.214527,504.144876,719.940000,478.230000,733.060000,512.820000
725.789229,504.977270,719.850000,478.290000,733.070000,512.820000
725.789229,505.809663,719.780000,478.370000,733.070000,512.820000
725.789229,506.225860,719.680000,478.450000,733.080000,512.820000
725.363931,506.642056,719.620000,479.070000,733.080000,512.830000
724.938634,508.306843,719.600000,479.700000,733.090000,512.840000
724.938634,508.306843,719.450000,479.770000,733.100000,512.840000
723.662740,508.723040,718.980000,479.840000,733.100000,512.840000
722.812145,508.723040,718.880000,479.900000,733.110000,512.850000
722.386847,509.555433,718.780000,479.960000,733.110000,512.850000
721.110954,510.387827,718.660000,480.000000,733.110000,512.840000
721.110954,510.387827,718.570000,480.060000,733.110000,512.850000
720.260358,510.804024,718.050000,480.090000,733.110000,512.850000
719.835061,510.804024,717.950000,480.150000,733.110000,512.850000
719.409763,510.804024,717.860000,480.200000,733.110000,512.850000
718.984465,510.804024,717.760000,480.250000,733.120000,512.870000
718.133870,510.804024,717.640000,480.320000,733.110000,512.870000
717.283274,511.220220,717.480000,480.360000,733.120000,512.880000
717.283274,511.220220,717.020000,480.410000,733.120000,512.890000
716.432679,511.220220,716.920000,480.460000,733.120000,512.890000
716.007381,511.220220,716.840000,481.030000,733.130000,512.920000
715.582083,511.220220,716.730000,481.070000,733.130000,512.930000
715.156786,511.220220,716.610000,481.100000,733.140000,512.940000
715.156786,511.220220,716.080000,481.120000,733.140000,512.950000
715.156786,511.220220,715.980000,481.150000,733.140000,512.960000
715.156786,511.220220,715.920000,481.180000,733.140000,512.980000
715.156786,511.220220,715.800000,481.200000,733.140000,512.990000
715.156786,511.220220,715.720000,481.240000,733.160000,513.000000
715.156786,511.220220,715.600000,481.280000,733.170000,513.010000
715.156786,511.220220,715.100000,481.300000,733.180000,513.020000
715.156786,511.220220,715.030000,481.350000,733.180000,513.030000
715.156786,511.636417,714.950000,481.390000,733.180000,513.040000
715.156786,511.636417,714.880000,481.420000,733.200000,513.040000
715.156786,511.636417,714.810000,481.480000,733.200000,513.030000
715.156786,511.636417,714.710000,482.010000,733.210000,513.040000
715.156786,511.636417,714.650000,482.040000,733.210000,513.040000
715.156786,511.636417,714.570000,482.060000,733.220000,513.040000
715.156786,511.636417,714.090000,482.080000,733.230000,513.030000
715.156786,511.636417,714.030000,482.120000,733.220000,513.040000
715.156786,512.052614,713.950000,482.140000,733.230000,513.040000
715.156786,512.052614,713.920000,482.160000,733.250000,513.030000
715.156786,512.052614,713.850000,482.200000,733.260000,513.040000
715.156786,512.052614,713.810000,482.230000,733.280000,513.030000
715.156786,512.052614,713.720000,482.250000,733.280000,513.020000
715.156786,512.052614,713.660000,482.280000,733.290000,513.020000
715.156786,512.052614,713.610000,482.310000,733.290000,513.020000
714.731488,512.052614,713.490000,482.330000,733.310000,513.020000
714.731488,512.052614,713.100000,482.330000,733.280000,513.030000
714.731488,512.052614,713.040000,482.360000,733.290000,513.020000
714.731488,512.052614,713.020000,482.390000,733.290000,513.020000
714.731488,512.052614,712.990000,482.410000,733.300000,513.020000
714.731488,512.052614,712.950000,482.450000,733.310000,513.020000
714.731488,511.636417,712.930000,482.480000,733.300000,513.030000
714.731488,511.636417,712.910000,483.030000,733.310000,513.030000
714.731488,511.220220,712.880000,483.050000,733.330000,513.030000
714.731488,510.804024,712.870000,483.070000,733.330000,513.030000
714.731488,510.804024,712.850000,483.100000,733.320000,513.030000
714.731488,509.971630,712.820000,483.120000,733.320000,513.040000
714.731488,509.139237,712.800000,483.130000,733.340000,513.040000
714.731488,509.139237,712.790000,483.150000,733.350000,513.040000
714.731488,509.139237,712.780000,483.180000,733.340000,513.050000
714.731488,509.139237,712.740000,483.200000,733.340000,513.040000
714.731488,509.139237,712.730000,483.200000,733.350000,513.050000
714.731488,508.723040,712.720000,483.210000,733.340000,513.040000
714.731488,508.723040,712.690000,483.230000,733.320000,513.030000
714.731488,508.723040,712.700000,483.250000,733.310000,513.040000
714.731488,508.723040,712.690000,483.260000,733.310000,513.020000
714.731488,508.723040,712.700000,483.260000,733.310000,513.030000
714.731488,508.723040,712.680000,483.270000,733.310000,513.030000
714.731488,508.723040,712.670000,483.280000,733.310000,513.030000
714.731488,508.723040,712.680000,483.300000,733.320000,513.030000
714.731488,508.723040,712.680000,483.310000,733.320000,513.020000
714.731488,508.723040,712.650000,483.310000,733.310000,513.020000
714.731488,508.723040,712.650000,483.320000,733.330000,513.030000
714.731488,508.723040,712.650000,483.320000,733.350000,513.040000
714.731488,508.723040,712.650000,483.340000,733.340000,513.050000
714.731488,508.723040,712.640000,483.320000,733.330000,513.060000
714.731488,508.723040,712.650000,483.330000,733.330000,513.060000
714.731488,508.723040,712.650000,483.340000,733.340000,513.060000
714.731488,507.890647,712.660000,483.330000,733.340000,513.060000
714.731488,507.890647,712.660000,483.320000,733.340000,513.080000
714.731488,507.474450,712.660000,483.330000,733.350000,513.070000
714.731488,507.474450,712.690000,483.340000,733.350000,513.070000
714.731488,506.642056,712.710000,483.340000,733.360000,513.070000
714.731488,506.642056,712.700000,483.330000,733.360000,513.080000
714.731488,506.642056,712.720000,483.340000,733.370000,513.070000
714.731488,506.642056,712.730000,483.340000,733.370000,513.080000
714.731488,506.642056,712.760000,483.360000,733.380000,513.080000
714.731488,506.642056,712.780000,483.370000,733.380000,513.080000
714.731488,506.642056,712.800000,483.370000,733.390000,513.090000
714.731488,506.642056,712.830000,483.390000,733.380000,513.090000
714.731488,506.642056,712.870000,483.370000,733.390000,513.120000
714.731488,506.642056,712.900000,483.360000,733.390000,513.120000
714.731488,506.642056,712.920000,483.370000,733.400000,513.130000
714.731488,505.809663,712.940000,483.350000,733.400000,513.130000
714.731488,505.809663,712.970000,483.360000,733.400000,513.130000
714.731488,505.809663,712.990000,483.370000,733.380000,513.140000
714.731488,505.809663,713.020000,483.390000,733.390000,513.160000
714.731488,505.809663,713.030000,483.360000,733.370000,513.160000
714.731488,505.393466,713.040000,483.390000,733.390000,513.160000
714.731488,505.393466,713.060000,483.410000,733.400000,513.180000
714.731488,504.561073,713.070000,483.400000,733.390000,513.180000
714.731488,503.728679,713.100000,483.420000,733.410000,513.180000
714.731488,503.312483,713.110000,483.410000,733.410000,513.200000
714.731488,502.896286,713.150000,483.430000,733.390000,513.200000
715.582083,501.647696,713.160000,483.440000,733.400000,513.200000
715.582083,500.815302,713.220000,483.430000,733.420000,513.210000
715.582083,500.815302,713.250000,483.420000,733.410000,513.220000
715.582083,500.815302,713.260000,483.400000,733.410000,513.220000
715.582083,497.901925,713.290000,483.370000,733.410000,513.230000
715.582083,497.901925,713.310000,483.370000,733.430000,513.220000
715.582083,497.901925,713.320000,483.390000,733.430000,513.230000
715.582083,497.485729,713.330000,483.380000,733.430000,513.230000
715.582083,497.485729,713.350000,483.350000,733.420000,513.250000
715.582083,497.485729,713.380000,483.360000,733.440000,513.250000
715.582083,497.485729,713.390000,483.330000,733.440000,513.250000
715.582083,497.485729,713.440000,483.350000,733.470000,513.250000
715.582083,497.069532,713.480000,483.380000,733.460000,513.250000
715.582083,495.820942,713.950000,483.430000,733.460000,513.260000
716.007381,495.404745,713.960000,483.430000,733.470000,513.260000
716.007381,495.404745,713.980000,483.490000,733.470000,513.280000
716.007381,495.404745,713.970000,484.080000,733.480000,513.270000
716.007381,495.404745,713.950000,484.790000,733.480000,513.280000
716.007381,494.988548,713.950000,484.800000,733.490000,513.290000
716.432679,494.156155,713.980000,484.830000,733.490000,513.290000
716.857977,494.156155,713.990000,484.850000,733.530000,513.280000
716.857977,494.156155,714.010000,484.860000,734.330000,513.210000
716.857977,494.156155,714.020000,484.860000,735.250000,513.150000
716.857977,493.739958,714.030000,484.840000,736.180000,513.090000
717.283274,492.907565,714.070000,484.860000,737.090000,513.060000
717.283274,492.907565,714.090000,484.820000,737.980000,513.030000
717.283274,492.907565,714.120000,484.820000,738.870000,513.040000
717.283274,492.907565,714.130000,484.780000,739.680000,513.050000
717.283274,492.491368,714.160000,484.770000,740.360000,513.050000
717.708572,491.658975,714.170000,484.750000,740.350000,513.060000
717.708572,491.242778,714.180000,484.760000,739.700000,513.050000
718.133870,490.410384,714.190000,484.780000,738.890000,513.040000
718.559167,489.994188,714.230000,484.770000,738.020000,513.040000
718.559167,489.577991,714.270000,484.790000,737.100000,513.060000
718.559167,489.577991,714.290000,484.810000,736.200000,513.110000
718.559167,489.577991,714.270000,484.810000,735.300000,513.180000
718.559167,489.161794,714.290000,484.860000,734.360000,513.230000
718.559167,488.745598,714.300000,484.830000,733.570000,513.320000
718.984465,487.497007,714.330000,484.820000,733.590000,513.310000
718.984465,487.497007,714.350000,484.840000,733.590000,513.300000
718.984465,487.080811,714.380000,484.870000,734.380000,513.220000
719.409763,486.248417,714.400000,484.870000,735.310000,513.160000
719.409763,486.248417,714.380000,484.900000,736.220000,513.100000
719.409763,486.248417,714.410000,484.870000,737.130000,513.060000
719.409763,486.248417,714.410000,484.870000,738.060000,513.020000
719.409763,485.832220,715.582083,482.086450,738.940000,513.020000
719.409763,484.999827,716.020000,481.810000,739.800000,513.020000
719.409763,484.999827,716.130000,481.810000,740.600000,513.030000
719.409763,484.999827,716.070000,481.990000,740.600000,513.030000
719.409763,484.999827,716.090000,481.990000,740.600000,513.030000
719.409763,484.999827,716.110000,481.990000,740.610000,513.020000
719.409763,484.999827,716.120000,481.990000,740.620000,513.030000
720.260358,484.167434,716.130000,481.980000,740.630000,513.020000
720.260358,483.751237,716.160000,481.980000,740.640000,513.010000
720.260358,483.751237,716.170000,481.970000,740.630000,513.000000
720.260358,484.167434,716.180000,481.970000,740.640000,513.000000
720.260358,484.167434,716.200000,481.970000,740.630000,512.990000
720.260358,484.167434,716.220000,481.960000,740.650000,512.990000
720.260358,484.167434,716.230000,481.940000,740.650000,512.990000
720.260358,484.167434,716.260000,481.950000,740.660000,512.980000
720.260358,484.167434,716.260000,481.940000,740.660000,512.980000
720.260358,484.167434,716.300000,481.930000,740.670000,512.990000
720.260358,484.167434,716.310000,481.930000,740.680000,512.990000
720.260358,484.167434,716.300000,481.920000,740.680000,512.980000
720.260358,484.167434,716.310000,481.910000,740.690000,512.970000
720.260358,484.167434,716.310000,481.910000,740.690000,512.970000
720.260358,484.167434,716.320000,481.900000,740.690000,512.970000
720.260358,484.167434,716.320000,481.900000,740.700000,512.960000
720.260358,484.167434,716.330000,481.900000,740.700000,512.960000
720.260358,484.167434,716.350000,481.900000,740.700000,512.960000
720.260358,484.167434,716.360000,481.890000,740.700000,512.950000
720.260358,484.167434,716.360000,481.890000,740.720000,512.950000
720.260358,484.167434,716.370000,481.890000,740.710000,512.950000
720.260358,484.167434,716.380000,481.890000,740.710000,512.940000
720.260358,484.167434,716.390000,481.890000,740.710000,512.950000
720.260358,484.167434,716.400000,481.890000,740.720000,512.950000
720.260358,484.167434,716.410000,481.890000,740.730000,512.940000
720.260358,484.167434,716.420000,481.900000,740.720000,512.950000
720.260358,484.167434,716.410000,481.890000,740.720000,512.940000
720.260358,484.167434,716.410000,481.890000,740.730000,512.950000
720.685656,484.167434,716.410000,481.890000,740.720000,512.940000
720.685656,484.167434,716.420000,481.880000,740.730000,512.940000
720.685656,484.167434,716.410000,481.880000,740.730000,512.960000
NaN,NaN,716.420000,481.890000,740.740000,512.960000
NaN,NaN,716.420000,481.880000,740.740000,512.960000
NaN,NaN,716.410000,481.880000,740.740000,512.960000
NaN,NaN,716.420000,481.880000,740.750000,512.960000
NaN,NaN,716.410000,481.860000,740.750000,512.960000
NaN,NaN,716.400000,481.860000,740.760000,512.980000
NaN,NaN,716.390000,481.860000,740.760000,512.970000
NaN,NaN,716.370000,481.850000,740.760000,512.970000
NaN,NaN,716.360000,481.860000,740.780000,512.990000
NaN,NaN,716.350000,481.860000,740.770000,512.980000
NaN,NaN,716.340000,481.860000,740.760000,512.990000
NaN,NaN,716.330000,481.860000,740.770000,512.990000
NaN,NaN,716.310000,481.860000,740.770000,513.000000
NaN,NaN,716.310000,481.860000,740.770000,513.000000
NaN,NaN,716.310000,481.860000,740.770000,513.010000
NaN,NaN,716.310000,481.850000,740.780000,513.000000
NaN,NaN,716.310000,481.850000,740.770000,512.990000
NaN,NaN,716.320000,481.830000,740.770000,512.990000
NaN,NaN,716.300000,481.820000,740.780000,512.990000
NaN,NaN,716.290000,481.820000,740.780000,512.990000
NaN,NaN,716.280000,481.810000,740.770000,512.990000
NaN,NaN,716.260000,481.810000,740.770000,512.990000
NaN,NaN,716.260000,481.820000,740.780000,512.990000
NaN,NaN,716.230000,481.820000,740.800000,512.980000
NaN,NaN,716.240000,481.820000,740.800000,512.980000
NaN,NaN,716.240000,481.820000,740.790000,512.980000
NaN,NaN,716.230000,481.810000,740.800000,512.980000
NaN,NaN,716.230000,481.800000,740.800000,512.980000
NaN,NaN,716.210000,481.770000,740.810000,512.980000
NaN,NaN,716.190000,481.750000,740.810000,512.990000
NaN,NaN,716.180000,481.730000,740.810000,512.990000
NaN,NaN,716.170000,481.730000,740.820000,512.990000
NaN,NaN,716.150000,481.720000,740.820000,512.980000
NaN,NaN,716.140000,481.710000,740.820000,513.000000
NaN,NaN,716.130000,481.700000,740.830000,512.990000
NaN,NaN,716.110000,481.700000,740.840000,512.990000
NaN,NaN,716.070000,481.690000,740.850000,513.000000
NaN,NaN,716.040000,481.690000,740.850000,513.010000
NaN,NaN,716.010000,481.680000,740.860000,513.000000
NaN,NaN,715.980000,481.660000,740.850000,513.000000
NaN,NaN,715.940000,481.640000,740.860000,513.000000
NaN,NaN,715.910000,481.640000,740.870000,513.000000
NaN,NaN,715.880000,481.650000,740.870000,513.000000
NaN,NaN,715.850000,481.640000,740.870000,512.990000
NaN,NaN,715.830000,481.640000,740.880000,512.990000
NaN,NaN,715.810000,481.640000,740.880000,512.990000
NaN,NaN,715.780000,481.640000,740.890000,512.980000
NaN,NaN,715.760000,481.640000,740.900000,512.970000
NaN,NaN,715.720000,481.640000,740.900000,512.960000
NaN,NaN,715.730000,481.640000,740.920000,512.940000
NaN,NaN,715.690000,481.640000,740.920000,512.930000
NaN,NaN,715.670000,481.650000,740.940000,512.930000
NaN,NaN,715.660000,481.650000,740.940000,512.910000
NaN,NaN,715.620000,481.650000,740.960000,512.900000
NaN,NaN,715.620000,481.670000,740.960000,512.900000
NaN,NaN,715.600000,481.660000,740.960000,512.890000
NaN,NaN,715.580000,481.660000,740.970000,512.880000
NaN,NaN,715.580000,481.680000,740.970000,512.890000
NaN,NaN,715.530000,481.680000,740.980000,512.890000
NaN,NaN,715.140000,481.640000,740.980000,512.890000
NaN,NaN,715.130000,481.630000,740.990000,512.900000
NaN,NaN,715.090000,481.620000,741.000000,512.890000
NaN,NaN,715.070000,481.590000,741.010000,512.900000
NaN,NaN,715.030000,481.580000,741.020000,512.920000
NaN,NaN,715.000000,481.580000,741.030000,512.930000
NaN,NaN,714.930000,481.580000,741.030000,512.930000
NaN,NaN,714.880000,481.550000,741.040000,512.940000
NaN,NaN,718.559167,482.918843,741.040000,512.950000
NaN,NaN,719.310000,483.120000,741.060000,512.970000
NaN,NaN,719.260000,483.100000,741.070000,512.970000
NaN,NaN,718.930000,482.930000,741.070000,512.970000
NaN,NaN,718.910000,482.920000,741.070000,512.980000
NaN,NaN,718.900000,482.900000,741.080000,512.980000
NaN,NaN,718.910000,482.880000,741.090000,512.980000
NaN,NaN,718.910000,482.860000,741.100000,512.970000
NaN,NaN,718.900000,482.820000,741.100000,512.970000
NaN,NaN,718.880000,482.780000,741.090000,512.980000
NaN,NaN,718.870000,482.760000,741.100000,512.970000
NaN,NaN,718.850000,482.740000,741.110000,512.960000
NaN,NaN,718.840000,482.720000,741.120000,512.970000
NaN,NaN,718.840000,482.690000,741.130000,512.970000
NaN,NaN,718.860000,482.630000,741.130000,512.970000
NaN,NaN,718.860000,482.540000,741.140000,512.980000
NaN,NaN,718.910000,481.990000,741.140000,512.980000
NaN,NaN,718.930000,481.940000,741.140000,512.980000
NaN,NaN,718.940000,481.910000,741.140000,512.980000
NaN,NaN,718.960000,481.870000,741.150000,512.990000
NaN,NaN,718.980000,481.860000,741.150000,512.990000
NaN,NaN,718.990000,481.870000,741.160000,513.000000
NaN,NaN,718.990000,481.850000,741.160000,513.000000
NaN,NaN,718.990000,481.830000,741.160000,513.000000
NaN,NaN,718.990000,481.800000,741.170000,513.010000
NaN,NaN,719.010000,481.780000,741.180000,513.020000
NaN,NaN,719.030000,481.770000,741.180000,513.030000
NaN,NaN,719.030000,481.760000,741.180000,513.050000
NaN,NaN,719.040000,481.750000,741.180000,513.050000
NaN,NaN,719.050000,481.710000,741.180000,513.060000
NaN,NaN,719.060000,481.690000,741.180000,513.070000
NaN,NaN,719.090000,481.650000,741.190000,513.110000
NaN,NaN,719.100000,481.640000,741.190000,513.110000
NaN,NaN,719.100000,481.630000,741.190000,513.110000
NaN,NaN,719.120000,481.600000,741.200000,513.140000
NaN,NaN,719.130000,481.580000,741.180000,513.160000
NaN,NaN,719.130000,481.570000,741.180000,513.170000
NaN,NaN,719.140000,481.560000,741.200000,513.180000
NaN,NaN,719.140000,481.550000,741.200000,513.190000
NaN,NaN,719.160000,481.540000,741.190000,513.230000
NaN,NaN,719.160000,481.530000,741.200000,513.240000
NaN,NaN,719.170000,481.510000,741.200000,513.260000
NaN,NaN,719.170000,481.100000,741.190000,513.270000
NaN,NaN,719.170000,481.120000,741.200000,513.280000
NaN,NaN,719.180000,481.110000,741.190000,513.300000
NaN,NaN,719.180000,481.100000,741.190000,513.320000
NaN,NaN,719.210000,481.080000,741.180000,513.360000
NaN,NaN,719.200000,481.100000,741.190000,513.370000
NaN,NaN,719.220000,481.090000,741.180000,513.380000
NaN,NaN,719.210000,481.090000,741.180000,513.420000
NaN,NaN,719.220000,481.080000,741.180000,513.420000
NaN,NaN,719.240000,481.080000,741.180000,513.430000
NaN,NaN,719.220000,481.070000,741.180000,513.430000
NaN,NaN,719.230000,481.060000,741.190000,513.450000
NaN,NaN,719.240000,481.070000,741.180000,513.460000
NaN,NaN,719.250000,481.050000,741.180000,513.490000
NaN,NaN,719.250000,481.030000,741.220000,514.090000
NaN,NaN,719.250000,481.040000,740.249352,514.965991
NaN,NaN,719.250000,481.020000,739.160000,515.440000
NaN,NaN,719.250000,481.010000,738.973459,514.133597
NaN,NaN,719.260000,481.000000,738.980000,513.430000
NaN,NaN,719.270000,480.990000,738.980000,513.410000
NaN,NaN,719.290000,481.010000,738.980000,513.420000
NaN,NaN,719.280000,480.990000,738.980000,513.430000
NaN,NaN,719.290000,480.960000,738.980000,513.440000
NaN,NaN,719.300000,480.950000,738.980000,513.440000
NaN,NaN,719.310000,480.950000,738.980000,513.450000
NaN,NaN,719.300000,480.940000,738.980000,513.460000
NaN,NaN,719.310000,480.940000,738.980000,513.470000
NaN,NaN,719.310000,480.930000,738.980000,513.500000
NaN,NaN,719.300000,480.910000,739.010000,514.060000
NaN,NaN,719.300000,480.900000,739.030000,514.640000
NaN,NaN,719.310000,480.890000,739.030000,514.660000
NaN,NaN,719.310000,480.870000,739.030000,514.670000
NaN,NaN,719.320000,480.870000,739.030000,514.680000
NaN,NaN,719.320000,480.850000,739.030000,514.680000
NaN,NaN,719.310000,480.820000,739.040000,514.700000
NaN,NaN,719.320000,480.810000,739.040000,514.700000
NaN,NaN,719.330000,480.800000,739.040000,514.700000
NaN,NaN,719.330000,480.790000,739.040000,514.710000
NaN,NaN,719.350000,480.760000,739.050000,514.710000
NaN,NaN,719.330000,480.740000,739.050000,514.710000
NaN,NaN,719.330000,480.720000,739.050000,514.700000
NaN,NaN,719.350000,480.700000,739.060000,514.700000
NaN,NaN,719.340000,480.680000,739.060000,514.700000
NaN,NaN,719.360000,480.660000,739.060000,514.700000
NaN,NaN,719.340000,480.620000,739.070000,514.700000
NaN,NaN,719.350000,480.590000,739.070000,514.700000
NaN,NaN,719.350000,480.570000,739.070000,514.700000
NaN,NaN,719.350000,480.570000,739.080000,514.700000
NaN,NaN,719.370000,480.550000,739.080000,514.700000
NaN,NaN,719.360000,480.490000,739.100000,514.700000
NaN,NaN,719.310000,480.020000,739.090000,514.700000
NaN,NaN,719.300000,480.010000,739.090000,514.710000
NaN,NaN,719.300000,480.010000,739.100000,514.710000
NaN,NaN,719.330000,480.010000,739.100000,514.710000
NaN,NaN,719.320000,479.970000,739.110000,514.710000
NaN,NaN,719.320000,479.960000,739.110000,514.720000
NaN,NaN,719.320000,479.950000,739.110000,514.730000
NaN,NaN,719.340000,479.950000,739.110000,514.720000
NaN,NaN,719.340000,479.930000,739.120000,514.730000
NaN,NaN,719.340000,479.930000,739.120000,514.740000
NaN,NaN,719.350000,479.910000,739.120000,514.740000
NaN,NaN,719.350000,479.890000,739.130000,514.740000
NaN,NaN,719.350000,479.890000,739.130000,514.740000
NaN,NaN,719.360000,479.880000,739.130000,514.750000
NaN,NaN,719.350000,479.850000,739.130000,514.760000
NaN,NaN,719.380000,479.860000,739.130000,514.760000
NaN,NaN,719.390000,479.840000,739.130000,514.770000
NaN,NaN,719.380000,479.810000,739.140000,514.770000
NaN,NaN,719.380000,479.780000,739.140000,514.760000
NaN,NaN,719.380000,479.770000,739.140000,514.770000
NaN,NaN,719.380000,479.780000,739.150000,514.780000
NaN,NaN,719.370000,479.760000,739.150000,514.780000
NaN,NaN,719.390000,479.750000,739.150000,514.790000
NaN,NaN,719.380000,479.760000,739.150000,514.800000
NaN,NaN,719.380000,479.730000,739.150000,514.810000
NaN,NaN,719.380000,479.710000,739.150000,514.820000
NaN,NaN,719.380000,479.690000,739.150000,514.820000
NaN,NaN,719.380000,479.660000,739.150000,514.840000
NaN,NaN,719.380000,479.640000,739.150000,514.840000
NaN,NaN,719.400000,479.620000,739.160000,514.860000
NaN,NaN,719.420000,479.610000,739.160000,514.870000
NaN,NaN,719.430000,479.610000,739.160000,514.880000
NaN,NaN,719.410000,479.600000,739.160000,514.880000
NaN,NaN,719.450000,479.600000,739.160000,514.880000
NaN,NaN,719.440000,479.580000,739.160000,514.890000
NaN,NaN,719.430000,479.550000,739.160000,514.890000
NaN,NaN,719.430000,479.550000,739.160000,514.910000
NaN,NaN,719.430000,479.510000,739.160000,514.910000
NaN,NaN,719.350000,479.040000,739.170000,514.920000
NaN,NaN,719.360000,479.030000,739.170000,514.930000
NaN,NaN,719.360000,479.020000,739.170000,514.930000
NaN,NaN,719.360000,479.010000,739.160000,514.940000
NaN,NaN,719.370000,479.020000,739.160000,514.940000
NaN,NaN,719.380000,479.000000,739.170000,514.950000
NaN,NaN,719.410000,478.980000,739.170000,514.970000
NaN,NaN,719.430000,478.980000,739.170000,514.970000
NaN,NaN,719.420000,478.970000,739.170000,514.970000
NaN,NaN,719.430000,478.950000,739.170000,514.980000
NaN,NaN,719.420000,478.940000,739.170000,514.990000
NaN,NaN,719.410000,478.940000,739.170000,515.000000
NaN,NaN,719.440000,478.940000,739.170000,515.010000
NaN,NaN,719.430000,478.930000,739.170000,515.010000
NaN,NaN,719.440000,478.910000,739.170000,515.030000
NaN,NaN,719.490000,478.910000,739.170000,515.030000
NaN,NaN,720.170000,479.010000,739.170000,515.040000
NaN,NaN,720.920000,479.140000,739.170000,515.040000
NaN,NaN,721.700000,479.290000,739.170000,515.060000
NaN,NaN,721.710000,479.260000,739.180000,515.060000
NaN,NaN,721.720000,479.250000,739.180000,515.070000
NaN,NaN,721.740000,479.270000,739.180000,515.090000
NaN,NaN,721.740000,479.280000,739.180000,515.090000
NaN,NaN,721.760000,479.250000,739.190000,515.090000
NaN,NaN,721.750000,479.230000,739.190000,515.100000
NaN,NaN,721.770000,479.240000,739.190000,515.100000
NaN,NaN,721.760000,479.220000,739.190000,515.110000
NaN,NaN,721.760000,479.210000,739.190000,515.110000
NaN,NaN,721.760000,479.210000,739.190000,515.110000
NaN,NaN,721.770000,479.170000,739.200000,515.110000
NaN,NaN,721.780000,479.170000,739.200000,515.110000
NaN,NaN,721.780000,479.170000,739.200000,515.110000
NaN,NaN,721.790000,479.170000,739.200000,515.110000
NaN,NaN,721.800000,479.150000,739.200000,515.120000
NaN,NaN,721.800000,479.140000,739.210000,515.120000
NaN,NaN,721.790000,479.110000,739.210000,515.120000
NaN,NaN,721.810000,479.110000,739.200000,515.120000
NaN,NaN,721.820000,479.120000,739.200000,515.130000
NaN,NaN,721.820000,479.120000,739.210000,515.120000
NaN,NaN,721.820000,479.100000,739.210000,515.120000
NaN,NaN,721.830000,479.080000,739.210000,515.130000
NaN,NaN,721.830000,479.080000,739.210000,515.130000
NaN,NaN,721.830000,479.060000,739.210000,515.130000
NaN,NaN,721.840000,479.050000,739.210000,515.130000
NaN,NaN,721.840000,479.030000,739.210000,515.130000
NaN,NaN,721.860000,479.050000,739.220000,515.140000
NaN,NaN,721.860000,479.030000,739.220000,515.140000
NaN,NaN,721.860000,479.030000,739.210000,515.140000
NaN,NaN,721.870000,479.020000,739.220000,515.140000
NaN,NaN,721.870000,479.010000,739.220000,515.140000
NaN,NaN,721.870000,479.010000,739.220000,515.140000
NaN,NaN,721.870000,478.980000,739.210000,515.150000
NaN,NaN,721.890000,478.990000,739.210000,515.150000
NaN,NaN,721.900000,478.980000,739.220000,515.150000
NaN,NaN,721.900000,478.970000,739.220000,515.150000
NaN,NaN,721.910000,478.960000,739.220000,515.140000
NaN,NaN,721.910000,478.960000,739.220000,515.140000
NaN,NaN,721.920000,478.940000,739.220000,515.150000
NaN,NaN,721.910000,478.920000,739.210000,515.150000
NaN,NaN,721.910000,478.910000,739.220000,515.150000
NaN,NaN,721.910000,478.910000,739.220000,515.160000
NaN,NaN,721.930000,478.910000,739.220000,515.150000
NaN,NaN,721.930000,478.910000,739.220000,515.160000
NaN,NaN,721.940000,478.900000,739.220000,515.160000
NaN,NaN,721.940000,478.890000,739.220000,515.160000
NaN,NaN,721.920000,478.860000,739.210000,515.150000
NaN,NaN,721.970000,478.850000,739.220000,515.150000
NaN,NaN,721.970000,478.830000,739.220000,515.140000
NaN,NaN,721.970000,478.820000,739.230000,515.150000
NaN,NaN,721.970000,478.830000,739.230000,515.160000
NaN,NaN,721.970000,478.820000,739.220000,515.140000
NaN,NaN,721.960000,478.840000,739.220000,515.140000
NaN,NaN,721.960000,478.830000,739.230000,515.160000
NaN,NaN,721.980000,478.810000,739.230000,515.150000
NaN,NaN,721.990000,478.820000,739.230000,515.160000
NaN,NaN,721.980000,478.790000,739.230000,515.150000
NaN,NaN,721.980000,478.780000,739.240000,515.170000
NaN,NaN,722.000000,478.780000,739.230000,515.170000
NaN,NaN,722.000000,478.770000,739.230000,515.160000
NaN,NaN,722.010000,478.760000,739.230000,515.170000
NaN,NaN,722.000000,478.760000,739.230000,515.160000
NaN,NaN,722.000000,478.730000,739.230000,515.160000
NaN,NaN,722.010000,478.720000,739.230000,515.160000
NaN,NaN,722.020000,478.730000,739.230000,515.160000
NaN,NaN,722.020000,478.750000,739.230000,515.160000
NaN,NaN,722.030000,478.750000,739.240000,515.160000
NaN,NaN,722.030000,478.740000,739.230000,515.160000
NaN,NaN,722.040000,478.740000,739.230000,515.160000
NaN,NaN,722.040000,478.730000,739.240000,515.170000
NaN,NaN,722.050000,478.720000,739.240000,515.170000
NaN,NaN,722.050000,478.720000,739.240000,515.170000
NaN,NaN,722.050000,478.690000,739.240000,515.180000
NaN,NaN,722.060000,478.700000,739.240000,515.170000
NaN,NaN,722.070000,478.690000,739.240000,515.180000
NaN,NaN,722.070000,478.700000,739.240000,515.180000
NaN,NaN,722.060000,478.700000,739.240000,515.180000
NaN,NaN,722.070000,478.680000,739.240000,515.180000
NaN,NaN,722.090000,478.690000,739.240000,515.190000
NaN,NaN,722.090000,478.670000,739.240000,515.190000
NaN,NaN,722.080000,478.650000,739.230000,515.190000
NaN,NaN,722.090000,478.640000,739.240000,515.200000
NaN,NaN,722.100000,478.640000,739.230000,515.200000
NaN,NaN,722.090000,478.640000,739.240000,515.200000
NaN,NaN,722.100000,478.640000,739.240000,515.200000
NaN,NaN,722.100000,478.630000,739.220000,515.200000
NaN,NaN,722.100000,478.620000,739.230000,515.200000
NaN,NaN,722.110000,478.620000,739.230000,515.210000
NaN,NaN,722.120000,478.630000,739.230000,515.200000
NaN,NaN,722.120000,478.610000,739.230000,515.210000
NaN,NaN,722.130000,478.580000,739.230000,515.210000
NaN,NaN,722.140000,478.590000,739.240000,515.210000
NaN,NaN,722.160000,478.570000,739.240000,515.210000
NaN,NaN,722.150000,478.560000,739.230000,515.210000
NaN,NaN,722.170000,478.560000,739.240000,515.210000
NaN,NaN,722.160000,478.560000,739.240000,515.210000
NaN,NaN,722.170000,478.580000,739.240000,515.220000
NaN,NaN,722.160000,478.580000,739.240000,515.210000
NaN,NaN,722.160000,478.560000,739.240000,515.210000
NaN,NaN,722.190000,478.540000,739.240000,515.210000
NaN,NaN,722.190000,478.550000,739.240000,515.210000
NaN,NaN,722.180000,478.530000,739.240000,515.210000
NaN,NaN,722.190000,478.520000,739.250000,515.210000
NaN,NaN,722.190000,478.510000,739.240000,515.210000
NaN,NaN,722.130000,478.100000,739.240000,515.210000
NaN,NaN,722.140000,478.100000,739.240000,515.210000
NaN,NaN,722.140000,478.100000,739.240000,515.210000
NaN,NaN,722.170000,478.100000,739.250000,515.220000
NaN,NaN,722.160000,478.070000,739.240000,515.230000
NaN,NaN,722.160000,478.080000,739.240000,515.230000
NaN,NaN,722.160000,478.070000,739.240000,515.230000
NaN,NaN,722.170000,478.080000,739.240000,515.230000
NaN,NaN,722.170000,478.060000,739.240000,515.230000
NaN,NaN,722.180000,478.050000,739.240000,515.230000
NaN,NaN,722.210000,478.060000,739.250000,515.230000
NaN,NaN,722.210000,478.070000,739.250000,515.230000
NaN,NaN,722.220000,478.070000,739.250000,515.230000
NaN,NaN,722.220000,478.040000,739.250000,515.230000
NaN,NaN,722.210000,478.040000,739.250000,515.220000
NaN,NaN,722.220000,478.040000,739.250000,515.230000
NaN,NaN,722.210000,478.030000,739.240000,515.230000
NaN,NaN,722.210000,478.030000,739.250000,515.230000
NaN,NaN,722.200000,478.020000,739.250000,515.230000
NaN,NaN,722.220000,478.010000,739.250000,515.220000
NaN,NaN,722.230000,478.010000,739.250000,515.220000
NaN,NaN,722.220000,478.010000,739.250000,515.220000
NaN,NaN,722.220000,478.000000,739.250000,515.230000
NaN,NaN,722.220000,478.000000,739.250000,515.230000
NaN,NaN,722.220000,478.010000,739.250000,515.220000
NaN,NaN,722.230000,478.020000,739.250000,515.230000
NaN,NaN,722.240000,478.000000,739.250000,515.230000
NaN,NaN,722.230000,478.000000,739.250000,515.230000
NaN,NaN,722.240000,478.000000,739.250000,515.230000
NaN,NaN,722.240000,477.990000,739.250000,515.230000
NaN,NaN,722.250000,477.980000,739.260000,515.230000
NaN,NaN,722.240000,477.980000,739.260000,515.230000
NaN,NaN,722.260000,477.970000,739.260000,515.230000
NaN,NaN,722.250000,477.990000,739.240000,515.210000
NaN,NaN,722.260000,477.990000,739.240000,515.210000
NaN,NaN,722.260000,477.980000,739.240000,515.220000
NaN,NaN,722.270000,477.980000,739.240000,515.220000
NaN,NaN,722.280000,477.970000,739.240000,515.220000
NaN,NaN,722.270000,477.970000,739.240000,515.230000
NaN,NaN,722.270000,477.970000,739.240000,515.230000
NaN,NaN,722.280000,477.970000,739.240000,515.230000
NaN,NaN,722.260000,477.960000,739.250000,515.250000
NaN,NaN,722.260000,477.960000,739.250000,515.260000
NaN,NaN,722.260000,477.970000,739.240000,515.260000
NaN,NaN,722.270000,477.960000,739.240000,515.260000
NaN,NaN,722.270000,477.950000,739.250000,515.260000
NaN,NaN,722.280000,477.970000,739.240000,515.260000
NaN,NaN,722.290000,477.960000,739.250000,515.270000
NaN,NaN,722.280000,477.960000,739.240000,515.250000
NaN,NaN,722.260000,477.940000,739.240000,515.260000
NaN,NaN,722.270000,477.940000,739.240000,515.260000
NaN,NaN,722.290000,477.950000,739.240000,515.250000
NaN,NaN,722.290000,477.960000,739.240000,515.250000
NaN,NaN,722.270000,477.940000,739.240000,515.250000
NaN,NaN,722.270000,477.940000,739.240000,515.250000
NaN,NaN,722.280000,477.940000,739.240000,515.250000
NaN,NaN,722.260000,477.920000,739.250000,515.250000
NaN,NaN,722.260000,477.930000,739.250000,515.260000
NaN,NaN,722.250000,477.920000,739.240000,515.250000
NaN,NaN,722.250000,477.930000,739.250000,515.250000
NaN,NaN,722.250000,477.920000,739.250000,515.250000
NaN,NaN,722.260000,477.950000,739.250000,515.250000
NaN,NaN,722.270000,477.940000,739.250000,515.250000
NaN,NaN,722.260000,477.940000,739.240000,515.240000
NaN,NaN,722.270000,477.940000,739.240000,515.250000
NaN,NaN,722.260000,477.930000,739.240000,515.250000
NaN,NaN,722.270000,477.960000,739.240000,515.250000
NaN,NaN,722.260000,477.940000,739.240000,515.260000
NaN,NaN,722.260000,477.940000,739.240000,515.250000
NaN,NaN,722.250000,477.930000,739.240000,515.260000
NaN,NaN,722.250000,477.930000,739.240000,515.250000
NaN,NaN,722.260000,477.950000,739.240000,515.250000
NaN,NaN,722.250000,477.950000,739.240000,515.250000
NaN,NaN,722.240000,477.940000,739.240000,515.250000
NaN,NaN,722.230000,477.950000,739.240000,515.250000
NaN,NaN,722.240000,477.940000,739.240000,515.260000
NaN,NaN,722.240000,477.930000,739.240000,515.260000
NaN,NaN,722.240000,477.940000,739.240000,515.260000
NaN,NaN,722.230000,477.960000,739.250000,515.260000
NaN,NaN,722.230000,477.950000,739.240000,515.260000
NaN,NaN,722.220000,477.960000,739.240000,515.260000
NaN,NaN,722.200000,477.940000,739.240000,515.260000
NaN,NaN,722.220000,477.940000,739.250000,515.260000
NaN,NaN,722.210000,477.940000,739.250000,515.260000
NaN,NaN,722.210000,477.950000,739.250000,515.270000
NaN,NaN,722.210000,477.960000,739.250000,515.270000
NaN,NaN,722.200000,477.950000,739.250000,515.270000
NaN,NaN,722.200000,477.950000,739.250000,515.270000
NaN,NaN,722.190000,477.960000,739.250000,515.270000
NaN,NaN,722.200000,477.960000,739.240000,515.270000
NaN,NaN,722.200000,477.960000,739.250000,515.270000
NaN,NaN,722.200000,477.960000,739.250000,515.270000
NaN,NaN,722.190000,477.950000,739.240000,515.260000
NaN,NaN,722.220000,477.970000,739.230000,515.260000
NaN,NaN,722.200000,477.970000,739.230000,515.260000
NaN,NaN,722.200000,477.970000,739.240000,515.270000
NaN,NaN,722.180000,477.950000,739.240000,515.260000
NaN,NaN,722.170000,477.970000,739.230000,515.260000
NaN,NaN,722.190000,477.970000,739.230000,515.270000
NaN,NaN,722.200000,477.980000,739.230000,515.270000
NaN,NaN,722.170000,477.970000,739.230000,515.270000
NaN,NaN,722.180000,477.980000,739.230000,515.270000
NaN,NaN,722.180000,477.970000,739.230000,515.270000
NaN,NaN,722.180000,477.990000,739.230000,515.260000
NaN,NaN,722.170000,477.970000,739.230000,515.260000
NaN,NaN,722.160000,477.980000,739.240000,515.270000
NaN,NaN,722.170000,477.990000,739.240000,515.270000
NaN,NaN,722.160000,478.000000,739.230000,515.270000
NaN,NaN,722.150000,477.970000,739.250000,515.270000
NaN,NaN,NaN,NaN,739.250000,515.270000
NaN,NaN,NaN,NaN,739.240000,515.270000
NaN,NaN,NaN,NaN,739.240000,515.280000
NaN,NaN,NaN,NaN,739.250000,515.280000
NaN,NaN,NaN,NaN,739.250000,515.280000
NaN,NaN,NaN,NaN,739.240000,515.280000
NaN,NaN,NaN,NaN,739.250000,515.280000
NaN,NaN,NaN,NaN,739.240000,515.290000
NaN,NaN,NaN,NaN,739.250000,515.290000
NaN,NaN,NaN,NaN,739.250000,515.280000
NaN,NaN,NaN,NaN,739.240000,515.280000
NaN,NaN,NaN,NaN,739.250000,515.280000
NaN,NaN,NaN,NaN,739.250000,515.290000
NaN,NaN,NaN,NaN,739.250000,515.290000
NaN,NaN,NaN,NaN,739.240000,515.300000
NaN,NaN,NaN,NaN,739.240000,515.300000
NaN,NaN,NaN,NaN,739.240000,515.290000
NaN,NaN,NaN,NaN,739.230000,515.290000
NaN,NaN,NaN,NaN,739.240000,515.290000
NaN,NaN,NaN,NaN,739.230000,515.300000
NaN,NaN,NaN,NaN,739.230000,515.290000
NaN,NaN,NaN,NaN,739.230000,515.300000
NaN,NaN,NaN,NaN,739.230000,515.290000
NaN,NaN,NaN,NaN,739.230000,515.300000
NaN,NaN,NaN,NaN,739.230000,515.300000
NaN,NaN,NaN,NaN,739.230000,515.300000
NaN,NaN,NaN,NaN,739.230000,515.300000
NaN,NaN,NaN,NaN,739.230000,515.300000
NaN,NaN,NaN,NaN,739.240000,515.300000
NaN,NaN,NaN,NaN,739.230000,515.310000
NaN,NaN,NaN,NaN,739.240000,515.310000
NaN,NaN,NaN,NaN,739.240000,515.300000
NaN,NaN,NaN,NaN,739.240000,515.300000
NaN,NaN,NaN,NaN,739.240000,515.300000
NaN,NaN,NaN,NaN,739.240000,515.300000
NaN,NaN,NaN,NaN,739.240000,515.300000
NaN,NaN,NaN,NaN,739.240000,515.300000
NaN,NaN,NaN,NaN,739.240000,515.310000
NaN,NaN,NaN,NaN,739.240000,515.310000
NaN,NaN,NaN,NaN,739.240000,515.300000
NaN,NaN,NaN,NaN,739.240000,515.300000
NaN,NaN,NaN,NaN,739.240000,515.300000
NaN,NaN,NaN,NaN,739.240000,515.300000
NaN,NaN,NaN,NaN,739.240000,515.300000
NaN,NaN,NaN,NaN,739.230000,515.310000
NaN,NaN,NaN,NaN,739.230000,515.310000
NaN,NaN,NaN,NaN,739.230000,515.310000
NaN,NaN,NaN,NaN,739.230000,515.310000
NaN,NaN,NaN,NaN,739.230000,515.300000
NaN,NaN,NaN,NaN,739.230000,515.310000
NaN,NaN,NaN,NaN,NaN,NaN
NaN,NaN,NaN,NaN,NaN,NaN
NaN,NaN,NaN,NaN,NaN,NaN
NaN,NaN,NaN,NaN,NaN,NaN
NaN,NaN,NaN,NaN,NaN,NaN
NaN,NaN,NaN,NaN,NaN,NaN
NaN,NaN,NaN,NaN,NaN,NaN
NaN,NaN,NaN,NaN,NaN,NaN
NaN,NaN,NaN,NaN,NaN,NaN
NaN,NaN,NaN,NaN,NaN,NaN
NaN,NaN,NaN,NaN,NaN,NaN
NaN,NaN,NaN,NaN,NaN,NaN
NaN,NaN,NaN,NaN,NaN,NaN
NaN,NaN,NaN,NaN,NaN,NaN
NaN,NaN,NaN,NaN,NaN,NaN
NaN,NaN,NaN,NaN,NaN,NaN
NaN,NaN,NaN,NaN,NaN,NaN
NaN,NaN,NaN,NaN,NaN,NaN
NaN,NaN,NaN,NaN,NaN,NaN
NaN,NaN,NaN,NaN,NaN,NaN
NaN,NaN,NaN,NaN,NaN,NaN
NaN,NaN,NaN,NaN,NaN,NaN
NaN,NaN,NaN,NaN,NaN,NaN
NaN,NaN,NaN,NaN,NaN,NaN
NaN,NaN,NaN,NaN,NaN,NaN
NaN,NaN,NaN,NaN,NaN,NaN
NaN,NaN,NaN,NaN,NaN,NaN
NaN,NaN,NaN,NaN,NaN,NaN
NaN,NaN,NaN,NaN,NaN,NaN
NaN,NaN,NaN,NaN,NaN,NaN
NaN,NaN,NaN,NaN,NaN,NaN
NaN,NaN,NaN,NaN,NaN,NaN
NaN,NaN,NaN,NaN,NaN,NaN
NaN,NaN,NaN,NaN,NaN,NaN
NaN,NaN,NaN,NaN,NaN,NaN
NaN,NaN,NaN,NaN,NaN,NaN
NaN,NaN,NaN,NaN,NaN,NaN
NaN,NaN,NaN,NaN,NaN,NaN
NaN,NaN,NaN,NaN,NaN,NaN
NaN,NaN,NaN,NaN,NaN,NaN
NaN,NaN,NaN,NaN,NaN,NaN
NaN,NaN,NaN,NaN,NaN,NaN
NaN,NaN,NaN,NaN,NaN,NaN
NaN,NaN,NaN,NaN,NaN,NaN
NaN,NaN,NaN,NaN,NaN,NaN
NaN,NaN,NaN,NaN,NaN,NaN
NaN,NaN,NaN,NaN,NaN,NaN
NaN,NaN,NaN,NaN,NaN,NaN
NaN,NaN,NaN,NaN,NaN,NaN
NaN,NaN,NaN,NaN,NaN,NaN
NaN,NaN,NaN,NaN,NaN,NaN
NaN,NaN,NaN,NaN,NaN,NaN
NaN,NaN,NaN,NaN,NaN,NaN
NaN,NaN,NaN,NaN,NaN,NaN
NaN,NaN,NaN,NaN,NaN,NaN
NaN,NaN,NaN,NaN,NaN,NaN
NaN,NaN,NaN,NaN,NaN,NaN
NaN,NaN,NaN,NaN,NaN,NaN
NaN,NaN,NaN,NaN,NaN,NaN
NaN,NaN,NaN,NaN,NaN,NaN
NaN,NaN,NaN,NaN,NaN,NaN
NaN,NaN,NaN,NaN,NaN,NaN
NaN,NaN,NaN,NaN,NaN,NaN
NaN,NaN,NaN,NaN,NaN,NaN
NaN,NaN,NaN,NaN,NaN,NaN
NaN,NaN,NaN,NaN,NaN,NaN
NaN,NaN,NaN,NaN,NaN,NaN
NaN,NaN,NaN,NaN,NaN,NaN
NaN,NaN,NaN,NaN,NaN,NaN
NaN,NaN,NaN,NaN,NaN,NaN
NaN,NaN,NaN,NaN,NaN,NaN
NaN,NaN,NaN,NaN,NaN,NaN
NaN,NaN,NaN,NaN,NaN,NaN
NaN,NaN,NaN,NaN,NaN,NaN
NaN,NaN,NaN,NaN,NaN,NaN
NaN,NaN,NaN,NaN,NaN,NaN
NaN,NaN,NaN,NaN,NaN,NaN
NaN,NaN,NaN,NaN,NaN,NaN
NaN,NaN,NaN,NaN,NaN,NaN
NaN,NaN,NaN,NaN,NaN,NaN
NaN,NaN,NaN,NaN,NaN,NaN
NaN,NaN,NaN,NaN,NaN,NaN
NaN,NaN,NaN,NaN,NaN,NaN
NaN,NaN,NaN,NaN,NaN,NaN
NaN,NaN,NaN,NaN,NaN,NaN
NaN,NaN,NaN,NaN,NaN,NaN
NaN,NaN,NaN,NaN,NaN,NaN
NaN,NaN,NaN,NaN,NaN,NaN
NaN,NaN,NaN,NaN,NaN,NaN
NaN,NaN,NaN,NaN,NaN,NaN
NaN,NaN,NaN,NaN,NaN,NaN
NaN,NaN,NaN,NaN,NaN,NaN
NaN,NaN,NaN,NaN,NaN,NaN
NaN,NaN,NaN,NaN,NaN,NaN
NaN,NaN,NaN,NaN,NaN,NaN
NaN,NaN,NaN,NaN,NaN,NaN
NaN,NaN,NaN,NaN,NaN,NaN
NaN,NaN,NaN,NaN,NaN,NaN
NaN,NaN,NaN,NaN,NaN,NaN
NaN,NaN,NaN,NaN,NaN,NaN
NaN,NaN,NaN,NaN,NaN,NaN
NaN,NaN,NaN,NaN,NaN,NaN
NaN,NaN,NaN,NaN,NaN,NaN
NaN,NaN,NaN,NaN,NaN,NaN
NaN,NaN,NaN,NaN,NaN,NaN
NaN,NaN,NaN,NaN,NaN,NaN
NaN,NaN,NaN,NaN,NaN,NaN
NaN,NaN,NaN,NaN,NaN,NaN
NaN,NaN,NaN,NaN,NaN,NaN
NaN,NaN,NaN,NaN,NaN,NaN
NaN,NaN,NaN,NaN,NaN,NaN
NaN,NaN,NaN,NaN,NaN,NaN
NaN,NaN,NaN,NaN,NaN,NaN
NaN,NaN,NaN,NaN,NaN,NaN
NaN,NaN,NaN,NaN,NaN,NaN
NaN,NaN,NaN,NaN,NaN,NaN
NaN,NaN,NaN,NaN,NaN,NaN
NaN,NaN,NaN,NaN,NaN,NaN
NaN,NaN,NaN,NaN,NaN,NaN
NaN,NaN,NaN,NaN,NaN,NaN
NaN,NaN,NaN,NaN,NaN,NaN
NaN,NaN,NaN,NaN,NaN,NaN
NaN,NaN,NaN,NaN,NaN,NaN
NaN,NaN,NaN,NaN,NaN,NaN
NaN,NaN,NaN,NaN,NaN,NaN
NaN,NaN,NaN,NaN,NaN,NaN
NaN,NaN,NaN,NaN,NaN,NaN
NaN,NaN,NaN,NaN,NaN,NaN
NaN,NaN,NaN,NaN,NaN,NaN
NaN,NaN,NaN,NaN,NaN,NaN
NaN,NaN,NaN,NaN,NaN,NaN
NaN,NaN,NaN,NaN,NaN,NaN
NaN,NaN,NaN,NaN,NaN,NaN
NaN,NaN,NaN,NaN,NaN,NaN
NaN,NaN,NaN,NaN,NaN,NaN
NaN,NaN,NaN,NaN,NaN,NaN
NaN,NaN,NaN,NaN,NaN,NaN
NaN,NaN,NaN,NaN,NaN,NaN
NaN,NaN,NaN,NaN,NaN,NaN
NaN,NaN,NaN,NaN,NaN,NaN
NaN,NaN,NaN,NaN,NaN,NaN
NaN,NaN,NaN,NaN,NaN,NaN
NaN,NaN,NaN,NaN,NaN,NaN
NaN,NaN,NaN,NaN,NaN,NaN
NaN,NaN,NaN,NaN,NaN,NaN
NaN,NaN,NaN,NaN,NaN,NaN
NaN,NaN,NaN,NaN,NaN,NaN
NaN,NaN,NaN,NaN,NaN,NaN
NaN,NaN,NaN,NaN,NaN,NaN
NaN,NaN,NaN,NaN,NaN,NaN
NaN,NaN,NaN,NaN,NaN,NaN
NaN,NaN,NaN,NaN,NaN,NaN
NaN,NaN,NaN,NaN,NaN,NaN
NaN,NaN,NaN,NaN,NaN,NaN
NaN,NaN,NaN,NaN,NaN,NaN
NaN,NaN,NaN,NaN,NaN,NaN
NaN,NaN,NaN,NaN,NaN,NaN
NaN,NaN,NaN,NaN,NaN,NaN
NaN,NaN,NaN,NaN,NaN,NaN
NaN,NaN,NaN,NaN,NaN,NaN
NaN,NaN,NaN,NaN,NaN,NaN
NaN,NaN,NaN,NaN,NaN,NaN
NaN,NaN,NaN,NaN,NaN,NaN
NaN,NaN,NaN,NaN,NaN,NaN
NaN,NaN,NaN,NaN,NaN,NaN
NaN,NaN,NaN,NaN,NaN,NaN
NaN,NaN,NaN,NaN,NaN,NaN
NaN,NaN,NaN,NaN,NaN,NaN
NaN,NaN,NaN,NaN,NaN,NaN
NaN,NaN,NaN,NaN,NaN,NaN
NaN,NaN,NaN,NaN,NaN,NaN
NaN,NaN,NaN,NaN,NaN,NaN
NaN,NaN,NaN,NaN,NaN,NaN
NaN,NaN,NaN,NaN,NaN,NaN
NaN,NaN,NaN,NaN,NaN,NaN
NaN,NaN,NaN,NaN,NaN,NaN
NaN,NaN,NaN,NaN,NaN,NaN
NaN,NaN,NaN,NaN,NaN,NaN
NaN,NaN,NaN,NaN,NaN,NaN
NaN,NaN,NaN,NaN,NaN,NaN
NaN,NaN,NaN,NaN,NaN,NaN
NaN,NaN,NaN,NaN,NaN,NaN
NaN,NaN,NaN,NaN,NaN,NaN
NaN,NaN,NaN,NaN,NaN,NaN
NaN,NaN,NaN,NaN,NaN,NaN
NaN,NaN,NaN,NaN,NaN,NaN
NaN,NaN,NaN,NaN,NaN,NaN
NaN,NaN,NaN,NaN,NaN,NaN
NaN,NaN,NaN,NaN,NaN,NaN
NaN,NaN,NaN,NaN,NaN,NaN
NaN,NaN,NaN,NaN,NaN,NaN
NaN,NaN,NaN,NaN,NaN,NaN
NaN,NaN,NaN,NaN,NaN,NaN
NaN,NaN,NaN,NaN,NaN,NaN
NaN,NaN,NaN,NaN,NaN,NaN
NaN,NaN,NaN,NaN,NaN,NaN
NaN,NaN,NaN,NaN,NaN,NaN
NaN,NaN,NaN,NaN,NaN,NaN
NaN,NaN,NaN,NaN,NaN,NaN
NaN,NaN,NaN,NaN,NaN,NaN
NaN,NaN,NaN,NaN,NaN,NaN
NaN,NaN,NaN,NaN,NaN,NaN
NaN,NaN,NaN,NaN,NaN,NaN
NaN,NaN,NaN,NaN,NaN,NaN
NaN,NaN,NaN,NaN,NaN,NaN
NaN,NaN,NaN,NaN,NaN,NaN
NaN,NaN,NaN,NaN,NaN,NaN
NaN,NaN,NaN,NaN,NaN,NaN
NaN,NaN,NaN,NaN,NaN,NaN
NaN,NaN,NaN,NaN,NaN,NaN
NaN,NaN,NaN,NaN,NaN,NaN
NaN,NaN,NaN,NaN,NaN,NaN
NaN,NaN,NaN,NaN,NaN,NaN
NaN,NaN,NaN,NaN,NaN,NaN
NaN,NaN,NaN,NaN,NaN,NaN
NaN,NaN,NaN,NaN,NaN,NaN
NaN,NaN,NaN,NaN,NaN,NaN
NaN,NaN,NaN,NaN,NaN,NaN
NaN,NaN,NaN,NaN,NaN,NaN
NaN,NaN,NaN,NaN,NaN,NaN
NaN,NaN,NaN,NaN,NaN,NaN
NaN,NaN,NaN,NaN,NaN,NaN
NaN,NaN,NaN,NaN,NaN,NaN
NaN,NaN,NaN,NaN,NaN,NaN
NaN,NaN,NaN,NaN,NaN,NaN
NaN,NaN,NaN,NaN,NaN,NaN
NaN,NaN,NaN,NaN,NaN,NaN
NaN,NaN,NaN,NaN,NaN,NaN
NaN,NaN,NaN,NaN,NaN,NaN
NaN,NaN,NaN,NaN,NaN,NaN
NaN,NaN,NaN,NaN,NaN,NaN
NaN,NaN,NaN,NaN,NaN,NaN
NaN,NaN,NaN,NaN,NaN,NaN
NaN,NaN,NaN,NaN,NaN,NaN
NaN,NaN,NaN,NaN,NaN,NaN
NaN,NaN,NaN,NaN,NaN,NaN
NaN,NaN,NaN,NaN,NaN,NaN
NaN,NaN,NaN,NaN,NaN,NaN
NaN,NaN,NaN,NaN,NaN,NaN
NaN,NaN,NaN,NaN,NaN,NaN
NaN,NaN,NaN,NaN,NaN,NaN
NaN,NaN,NaN,NaN,NaN,NaN
NaN,NaN,NaN,NaN,NaN,NaN
NaN,NaN,NaN,NaN,NaN,NaN
NaN,NaN,NaN,NaN,NaN,NaN
NaN,NaN,NaN,NaN,NaN,NaN
NaN,NaN,NaN,NaN,NaN,NaN
NaN,NaN,NaN,NaN,NaN,NaN
NaN,NaN,NaN,NaN,NaN,NaN
NaN,NaN,NaN,NaN,NaN,NaN
NaN,NaN,NaN,NaN,NaN,NaN
NaN,NaN,NaN,NaN,NaN,NaN
NaN,NaN,NaN,NaN,NaN,NaN
NaN,NaN,NaN,NaN,NaN,NaN
NaN,NaN,NaN,NaN,NaN,NaN
NaN,NaN,NaN,NaN,NaN,NaN
NaN,NaN,NaN,NaN,NaN,NaN
NaN,NaN,NaN,NaN,NaN,NaN
NaN,NaN,NaN,NaN,NaN,NaN
NaN,NaN,NaN,NaN,NaN,NaN
NaN,NaN,NaN,NaN,NaN,NaN
NaN,NaN,NaN,NaN,NaN,NaN
NaN,NaN,NaN,NaN,NaN,NaN
NaN,NaN,NaN,NaN,NaN,NaN
NaN,NaN,NaN,NaN,NaN,NaN
NaN,NaN,NaN,NaN,NaN,NaN
NaN,NaN,NaN,NaN,NaN,NaN
NaN,NaN,NaN,NaN,NaN,NaN
NaN,NaN,NaN,NaN,NaN,NaN
NaN,NaN,NaN,NaN,NaN,NaN
NaN,NaN,NaN,NaN,NaN,NaN
NaN,NaN,NaN,NaN,NaN,NaN
NaN,NaN,NaN,NaN,NaN,NaN
NaN,NaN,NaN,NaN,NaN,NaN
NaN,NaN,NaN,NaN,NaN,NaN
NaN,NaN,NaN,NaN,NaN,NaN
NaN,NaN,NaN,NaN,NaN,NaN
NaN,NaN,NaN,NaN,NaN,NaN
NaN,NaN,NaN,NaN,NaN,NaN
NaN,NaN,NaN,NaN,NaN,NaN
NaN,NaN,NaN,NaN,NaN,NaN
NaN,NaN,NaN,NaN,NaN,NaN
NaN,NaN,NaN,NaN,NaN,NaN
NaN,NaN,NaN,NaN,NaN,NaN
NaN,NaN,NaN,NaN,NaN,NaN
NaN,NaN,NaN,NaN,NaN,NaN
NaN,NaN,NaN,NaN,NaN,NaN
NaN,NaN,NaN,NaN,NaN,NaN
NaN,NaN,NaN,NaN,NaN,NaN
NaN,NaN,NaN,NaN,NaN,NaN
NaN,NaN,NaN,NaN,NaN,NaN
NaN,NaN,NaN,NaN,NaN,NaN
NaN,NaN,NaN,NaN,NaN,NaN
NaN,NaN,NaN,NaN,NaN,NaN
NaN,NaN,NaN,NaN,NaN,NaN
NaN,NaN,NaN,NaN,NaN,NaN
NaN,NaN,NaN,NaN,NaN,NaN
NaN,NaN,NaN,NaN,NaN,NaN
NaN,NaN,NaN,NaN,NaN,NaN
NaN,NaN,NaN,NaN,NaN,NaN
NaN,NaN,NaN,NaN,NaN,NaN
NaN,NaN,NaN,NaN,NaN,NaN
NaN,NaN,NaN,NaN,NaN,NaN
NaN,NaN,NaN,NaN,NaN,NaN
NaN,NaN,NaN,NaN,NaN,NaN
NaN,NaN,NaN,NaN,NaN,NaN
NaN,NaN,NaN,NaN,NaN,NaN
NaN,NaN,NaN,NaN,NaN,NaN
NaN,NaN,NaN,NaN,NaN,NaN
NaN,NaN,NaN,NaN,NaN,NaN
NaN,NaN,NaN,NaN,NaN,NaN
NaN,NaN,NaN,NaN,NaN,NaN
NaN,NaN,NaN,NaN,NaN,NaN
NaN,NaN,NaN,NaN,NaN,NaN
NaN,NaN,NaN,NaN,NaN,NaN
NaN,NaN,NaN,NaN,NaN,NaN
NaN,NaN,NaN,NaN,NaN,NaN
NaN,NaN,NaN,NaN,NaN,NaN
NaN,NaN,NaN,NaN,NaN,NaN
NaN,NaN,NaN,NaN,NaN,NaN
NaN,NaN,NaN,NaN,NaN,NaN
NaN,NaN,NaN,NaN,NaN,NaN
NaN,NaN,NaN,NaN,NaN,NaN
NaN,NaN,NaN,NaN,NaN,NaN
NaN,NaN,NaN,NaN,NaN,NaN
NaN,NaN,NaN,NaN,NaN,NaN
NaN,NaN,NaN,NaN,NaN,NaN
NaN,NaN,NaN,NaN,NaN,NaN
NaN,NaN,NaN,NaN,NaN,NaN
NaN,NaN,NaN,NaN,NaN,NaN
NaN,NaN,NaN,NaN,NaN,NaN
NaN,NaN,NaN,NaN,NaN,NaN
NaN,NaN,NaN,NaN,NaN,NaN
NaN,NaN,NaN,NaN,NaN,NaN
NaN,NaN,NaN,NaN,NaN,NaN
NaN,NaN,NaN,NaN,NaN,NaN
NaN,NaN,NaN,NaN,NaN,NaN
NaN,NaN,NaN,NaN,NaN,NaN
NaN,NaN,NaN,NaN,NaN,NaN
NaN,NaN,NaN,NaN,NaN,NaN
NaN,NaN,NaN,NaN,NaN,NaN
NaN,NaN,NaN,NaN,NaN,NaN
NaN,NaN,NaN,NaN,NaN,NaN
NaN,NaN,NaN,NaN,NaN,NaN
NaN,NaN,NaN,NaN,NaN,NaN
NaN,NaN,NaN,NaN,NaN,NaN
NaN,NaN,NaN,NaN,NaN,NaN
NaN,NaN,NaN,NaN,NaN,NaN
NaN,NaN,NaN,NaN,NaN,NaN
NaN,NaN,NaN,NaN,NaN,NaN
NaN,NaN,NaN,NaN,NaN,NaN
NaN,NaN,NaN,NaN,NaN,NaN
NaN,NaN,NaN,NaN,NaN,NaN
NaN,NaN,NaN,NaN,NaN,NaN
NaN,NaN,NaN,NaN,NaN,NaN
NaN,NaN,NaN,NaN,NaN,NaN
NaN,NaN,NaN,NaN,NaN,NaN
NaN,NaN,NaN,NaN,NaN,NaN
NaN,NaN,NaN,NaN,NaN,NaN
NaN,NaN,NaN,NaN,NaN,NaN
NaN,NaN,NaN,NaN,NaN,NaN
NaN,NaN,NaN,NaN,NaN,NaN
NaN,NaN,NaN,NaN,NaN,NaN
NaN,NaN,NaN,NaN,NaN,NaN
NaN,NaN,NaN,NaN,NaN,NaN
NaN,NaN,NaN,NaN,NaN,NaN
NaN,NaN,NaN,NaN,NaN,NaN
NaN,NaN,NaN,NaN,NaN,NaN
NaN,NaN,NaN,NaN,NaN,NaN
NaN,NaN,NaN,NaN,NaN,NaN
NaN,NaN,NaN,NaN,NaN,NaN
NaN,NaN,NaN,NaN,NaN,NaN
NaN,NaN,NaN,NaN,NaN,NaN
NaN,NaN,NaN,NaN,NaN,NaN
NaN,NaN,NaN,NaN,NaN,NaN
NaN,NaN,NaN,NaN,NaN,NaN
NaN,NaN,NaN,NaN,NaN,NaN
NaN,NaN,NaN,NaN,NaN,NaN
NaN,NaN,NaN,NaN,NaN,NaN
NaN,NaN,NaN,NaN,NaN,NaN
NaN,NaN,NaN,NaN,NaN,NaN
NaN,NaN,NaN,NaN,NaN,NaN
NaN,NaN,NaN,NaN,NaN,NaN
NaN,NaN,NaN,NaN,NaN,NaN
NaN,NaN,NaN,NaN,NaN,NaN
NaN,NaN,NaN,NaN,NaN,NaN
NaN,NaN,NaN,NaN,NaN,NaN
NaN,NaN,NaN,NaN,NaN,NaN
NaN,NaN,NaN,NaN,NaN,NaN
NaN,NaN,NaN,NaN,NaN,NaN
NaN,NaN,NaN,NaN,NaN,NaN
NaN,NaN,NaN,NaN,NaN,NaN
NaN,NaN,NaN,NaN,NaN,NaN
NaN,NaN,NaN,NaN,NaN,NaN
NaN,NaN,NaN,NaN,NaN,NaN
NaN,NaN,NaN,NaN,NaN,NaN
NaN,NaN,NaN,NaN,NaN,NaN
NaN,NaN,NaN,NaN,NaN,NaN
NaN,NaN,NaN,NaN,NaN,NaN
NaN,NaN,NaN,NaN,NaN,NaN
NaN,NaN,NaN,NaN,NaN,NaN
NaN,NaN,NaN,NaN,NaN,NaN
NaN,NaN,NaN,NaN,NaN,NaN
NaN,NaN,NaN,NaN,NaN,NaN
NaN,NaN,NaN,NaN,NaN,NaN
NaN,NaN,NaN,NaN,NaN,NaN
NaN,NaN,NaN,NaN,NaN,NaN
NaN,NaN,NaN,NaN,NaN,NaN
NaN,NaN,NaN,NaN,NaN,NaN
NaN,NaN,NaN,NaN,NaN,NaN
NaN,NaN,NaN,NaN,NaN,NaN
NaN,NaN,NaN,NaN,NaN,NaN
NaN,NaN,NaN,NaN,NaN,NaN
NaN,NaN,NaN,NaN,NaN,NaN
NaN,NaN,NaN,NaN,NaN,NaN
NaN,NaN,NaN,NaN,NaN,NaN
NaN,NaN,NaN,NaN,NaN,NaN
NaN,NaN,NaN,NaN,NaN,NaN
NaN,NaN,NaN,NaN,NaN,NaN
NaN,NaN,NaN,NaN,NaN,NaN
NaN,NaN,NaN,NaN,NaN,NaN
NaN,NaN,NaN,NaN,NaN,NaN
NaN,NaN,NaN,NaN,NaN,NaN
NaN,NaN,NaN,NaN,NaN,NaN
NaN,NaN,NaN,NaN,NaN,NaN
NaN,NaN,NaN,NaN,NaN,NaN
NaN,NaN,NaN,NaN,NaN,NaN
NaN,NaN,NaN,NaN,NaN,NaN
NaN,NaN,NaN,NaN,NaN,NaN
NaN,NaN,NaN,NaN,NaN,NaN
NaN,NaN,NaN,NaN,NaN,NaN
NaN,NaN,NaN,NaN,NaN,NaN
NaN,NaN,NaN,NaN,NaN,NaN
NaN,NaN,NaN,NaN,NaN,NaN
NaN,NaN,NaN,NaN,NaN,NaN
NaN,NaN,NaN,NaN,NaN,NaN
NaN,NaN,NaN,NaN,NaN,NaN
NaN,NaN,NaN,NaN,NaN,NaN
NaN,NaN,NaN,NaN,NaN,NaN
NaN,NaN,NaN,NaN,NaN,NaN
NaN,NaN,NaN,NaN,NaN,NaN
NaN,NaN,NaN,NaN,NaN,NaN
NaN,NaN,NaN,NaN,NaN,NaN
NaN,NaN,NaN,NaN,NaN,NaN
NaN,NaN,NaN,NaN,NaN,NaN
NaN,NaN,NaN,NaN,NaN,NaN
NaN,NaN,NaN,NaN,NaN,NaN
NaN,NaN,NaN,NaN,NaN,NaN
NaN,NaN,NaN,NaN,NaN,NaN
NaN,NaN,NaN,NaN,NaN,NaN
NaN,NaN,NaN,NaN,NaN,NaN
NaN,NaN,NaN,NaN,NaN,NaN
NaN,NaN,NaN,NaN,NaN,NaN
NaN,NaN,NaN,NaN,NaN,NaN
NaN,NaN,NaN,NaN,NaN,NaN
NaN,NaN,NaN,NaN,NaN,NaN
NaN,NaN,NaN,NaN,NaN,NaN
NaN,NaN,NaN,NaN,NaN,NaN
NaN,NaN,NaN,NaN,NaN,NaN
NaN,NaN,NaN,NaN,NaN,NaN
NaN,NaN,NaN,NaN,NaN,NaN
NaN,NaN,NaN,NaN,NaN,NaN
NaN,NaN,NaN,NaN,NaN,NaN
NaN,NaN,NaN,NaN,NaN,NaN
NaN,NaN,NaN,NaN,NaN,NaN
NaN,NaN,NaN,NaN,NaN,NaN
NaN,NaN,NaN,NaN,NaN,NaN
NaN,NaN,NaN,NaN,NaN,NaN
NaN,NaN,NaN,NaN,NaN,NaN
NaN,NaN,NaN,NaN,NaN,NaN
NaN,NaN,NaN,NaN,NaN,NaN
NaN,NaN,NaN,NaN,NaN,NaN
NaN,NaN,NaN,NaN,NaN,NaN
NaN,NaN,NaN,NaN,NaN,NaN
NaN,NaN,NaN,NaN,NaN,NaN
NaN,NaN,NaN,NaN,NaN,NaN
NaN,NaN,NaN,NaN,NaN,NaN
NaN,NaN,NaN,NaN,NaN,NaN
NaN,NaN,NaN,NaN,NaN,NaN
NaN,NaN,NaN,NaN,NaN,NaN
NaN,NaN,NaN,NaN,NaN,NaN
NaN,NaN,NaN,NaN,NaN,NaN
NaN,NaN,NaN,NaN,NaN,NaN
NaN,NaN,NaN,NaN,NaN,NaN
NaN,NaN,NaN,NaN,NaN,NaN
NaN,NaN,NaN,NaN,NaN,NaN
NaN,NaN,NaN,NaN,NaN,NaN
NaN,NaN,NaN,NaN,NaN,NaN
NaN,NaN,NaN,NaN,NaN,NaN
NaN,NaN,NaN,NaN,NaN,NaN
NaN,NaN,NaN,NaN,NaN,NaN
NaN,NaN,NaN,NaN,NaN,NaN
NaN,NaN,NaN,NaN,NaN,NaN
NaN,NaN,NaN,NaN,NaN,NaN
NaN,NaN,NaN,NaN,NaN,NaN
NaN,NaN,NaN,NaN,NaN,NaN
NaN,NaN,NaN,NaN,NaN,NaN
NaN,NaN,NaN,NaN,NaN,NaN
NaN,NaN,NaN,NaN,NaN,NaN
NaN,NaN,NaN,NaN,NaN,NaN
NaN,NaN,NaN,NaN,NaN,NaN
NaN,NaN,NaN,NaN,NaN,NaN
NaN,NaN,NaN,NaN,NaN,NaN
NaN,NaN,NaN,NaN,NaN,NaN
NaN,NaN,NaN,NaN,NaN,NaN
NaN,NaN,NaN,NaN,NaN,NaN
NaN,NaN,NaN,NaN,NaN,NaN
NaN,NaN,NaN,NaN,NaN,NaN
NaN,NaN,NaN,NaN,NaN,NaN
NaN,NaN,NaN,NaN,NaN,NaN
NaN,NaN,NaN,NaN,NaN,NaN
NaN,NaN,NaN,NaN,NaN,NaN
NaN,NaN,NaN,NaN,NaN,NaN
NaN,NaN,NaN,NaN,NaN,NaN
NaN,NaN,NaN,NaN,NaN,NaN
NaN,NaN,NaN,NaN,NaN,NaN
NaN,NaN,NaN,NaN,NaN,NaN
NaN,NaN,NaN,NaN,NaN,NaN
NaN,NaN,NaN,NaN,NaN,NaN
NaN,NaN,NaN,NaN,NaN,NaN
NaN,NaN,NaN,NaN,NaN,NaN
NaN,NaN,NaN,NaN,NaN,NaN
NaN,NaN,NaN,NaN,NaN,NaN
NaN,NaN,NaN,NaN,NaN,NaN
NaN,NaN,NaN,NaN,NaN,NaN
NaN,NaN,NaN,NaN,NaN,NaN
NaN,NaN,NaN,NaN,NaN,NaN
NaN,NaN,NaN,NaN,NaN,NaN
NaN,NaN,NaN,NaN,NaN,NaN
NaN,NaN,NaN,NaN,NaN,NaN
NaN,NaN,NaN,NaN,NaN,NaN
NaN,NaN,NaN,NaN,NaN,NaN
NaN,NaN,NaN,NaN,NaN,NaN
NaN,NaN,NaN,NaN,NaN,NaN
NaN,NaN,NaN,NaN,NaN,NaN
NaN,NaN,NaN,NaN,NaN,NaN
NaN,NaN,NaN,NaN,NaN,NaN
NaN,NaN,NaN,NaN,NaN,NaN
NaN,NaN,NaN,NaN,NaN,NaN
NaN,NaN,NaN,NaN,NaN,NaN
NaN,NaN,NaN,NaN,NaN,NaN
NaN,NaN,NaN,NaN,NaN,NaN
NaN,NaN,NaN,NaN,NaN,NaN
NaN,NaN,NaN,NaN,NaN,NaN
NaN,NaN,NaN,NaN,NaN,NaN
NaN,NaN,NaN,NaN,NaN,NaN
NaN,NaN,NaN,NaN,NaN,NaN
NaN,NaN,NaN,NaN,NaN,NaN
NaN,NaN,NaN,NaN,NaN,NaN
NaN,NaN,NaN,NaN,NaN,NaN
NaN,NaN,NaN,NaN,NaN,NaN
NaN,NaN,NaN,NaN,NaN,NaN
NaN,NaN,NaN,NaN,NaN,NaN
NaN,NaN,NaN,NaN,NaN,NaN
NaN,NaN,NaN,NaN,NaN,NaN
NaN,NaN,NaN,NaN,NaN,NaN
NaN,NaN,NaN,NaN,NaN,NaN
NaN,NaN,NaN,NaN,NaN,NaN
NaN,NaN,NaN,NaN,NaN,NaN
NaN,NaN,NaN,NaN,NaN,NaN
NaN,NaN,NaN,NaN,NaN,NaN
NaN,NaN,NaN,NaN,NaN,NaN
NaN,NaN,NaN,NaN,NaN,NaN
NaN,NaN,NaN,NaN,NaN,NaN
NaN,NaN,NaN,NaN,NaN,NaN
NaN,NaN,NaN,NaN,NaN,NaN
NaN,NaN,NaN,NaN,NaN,NaN
NaN,NaN,NaN,NaN,NaN,NaN
NaN,NaN,NaN,NaN,NaN,NaN
NaN,NaN,NaN,NaN,NaN,NaN
NaN,NaN,NaN,NaN,NaN,NaN
NaN,NaN,NaN,NaN,NaN,NaN
NaN,NaN,NaN,NaN,NaN,NaN
NaN,NaN,NaN,NaN,NaN,NaN
NaN,NaN,NaN,NaN,NaN,NaN
NaN,NaN,NaN,NaN,NaN,NaN
NaN,NaN,NaN,NaN,NaN,NaN
NaN,NaN,NaN,NaN,NaN,NaN
NaN,NaN,NaN,NaN,NaN,NaN
NaN,NaN,NaN,NaN,NaN,NaN
NaN,NaN,NaN,NaN,NaN,NaN
NaN,NaN,NaN,NaN,NaN,NaN
NaN,NaN,NaN,NaN,NaN,NaN
NaN,NaN,NaN,NaN,NaN,NaN
NaN,NaN,NaN,NaN,NaN,NaN
NaN,NaN,NaN,NaN,NaN,NaN
NaN,NaN,NaN,NaN,NaN,NaN
NaN,NaN,NaN,NaN,NaN,NaN
NaN,NaN,NaN,NaN,NaN,NaN
NaN,NaN,NaN,NaN,NaN,NaN
NaN,NaN,NaN,NaN,NaN,NaN
NaN,NaN,NaN,NaN,NaN,NaN
NaN,NaN,NaN,NaN,NaN,NaN
NaN,NaN,NaN,NaN,NaN,NaN
NaN,NaN,NaN,NaN,NaN,NaN
NaN,NaN,NaN,NaN,NaN,NaN
NaN,NaN,NaN,NaN,NaN,NaN
NaN,NaN,NaN,NaN,NaN,NaN
NaN,NaN,NaN,NaN,NaN,NaN
NaN,NaN,NaN,NaN,NaN,NaN
NaN,NaN,NaN,NaN,NaN,NaN
NaN,NaN,NaN,NaN,NaN,NaN
NaN,NaN,NaN,NaN,NaN,NaN
NaN,NaN,NaN,NaN,NaN,NaN
NaN,NaN,NaN,NaN,NaN,NaN
NaN,NaN,NaN,NaN,NaN,NaN
NaN,NaN,NaN,NaN,NaN,NaN
NaN,NaN,NaN,NaN,NaN,NaN
NaN,NaN,NaN,NaN,NaN,NaN
NaN,NaN,NaN,NaN,NaN,NaN
NaN,NaN,NaN,NaN,NaN,NaN
NaN,NaN,NaN,NaN,NaN,NaN
NaN,NaN,NaN,NaN,NaN,NaN
NaN,NaN,NaN,NaN,NaN,NaN
NaN,NaN,NaN,NaN,NaN,NaN
NaN,NaN,NaN,NaN,NaN,NaN
NaN,NaN,NaN,NaN,NaN,NaN
NaN,NaN,NaN,NaN,NaN,NaN
NaN,NaN,NaN,NaN,NaN,NaN
NaN,NaN,NaN,NaN,NaN,NaN
NaN,NaN,NaN,NaN,NaN,NaN
NaN,NaN,NaN,NaN,NaN,NaN
NaN,NaN,NaN,NaN,NaN,NaN
NaN,NaN,NaN,NaN,NaN,NaN
NaN,NaN,NaN,NaN,NaN,NaN
NaN,NaN,NaN,NaN,NaN,NaN
NaN,NaN,NaN,NaN,NaN,NaN
NaN,NaN,NaN,NaN,NaN,NaN
NaN,NaN,NaN,NaN,NaN,NaN
NaN,NaN,NaN,NaN,NaN,NaN
NaN,NaN,NaN,NaN,NaN,NaN
NaN,NaN,NaN,NaN,NaN,NaN
NaN,NaN,NaN,NaN,NaN,NaN
NaN,NaN,NaN,NaN,NaN,NaN
NaN,NaN,NaN,NaN,NaN,NaN
NaN,NaN,NaN,NaN,NaN,NaN
NaN,NaN,NaN,NaN,NaN,NaN
NaN,NaN,NaN,NaN,NaN,NaN
NaN,NaN,NaN,NaN,NaN,NaN
NaN,NaN,NaN,NaN,NaN,NaN
NaN,NaN,NaN,NaN,NaN,NaN
NaN,NaN,NaN,NaN,NaN,NaN
NaN,NaN,NaN,NaN,NaN,NaN
NaN,NaN,NaN,NaN,NaN,NaN
NaN,NaN,NaN,NaN,NaN,NaN
NaN,NaN,NaN,NaN,NaN,NaN
NaN,NaN,NaN,NaN,NaN,NaN
NaN,NaN,NaN,NaN,NaN,NaN
NaN,NaN,NaN,NaN,NaN,NaN
NaN,NaN,NaN,NaN,NaN,NaN
NaN,NaN,NaN,NaN,NaN,NaN
NaN,NaN,NaN,NaN,NaN,NaN
NaN,NaN,NaN,NaN,NaN,NaN
NaN,NaN,NaN,NaN,NaN,NaN
NaN,NaN,NaN,NaN,NaN,NaN
NaN,NaN,NaN,NaN,NaN,NaN
NaN,NaN,NaN,NaN,NaN,NaN
NaN,NaN,NaN,NaN,NaN,NaN
NaN,NaN,NaN,NaN,NaN,NaN
NaN,NaN,NaN,NaN,NaN,NaN
NaN,NaN,NaN,NaN,NaN,NaN
NaN,NaN,NaN,NaN,NaN,NaN
NaN,NaN,NaN,NaN,NaN,NaN
NaN,NaN,NaN,NaN,NaN,NaN
NaN,NaN,NaN,NaN,NaN,NaN
NaN,NaN,NaN,NaN,NaN,NaN
NaN,NaN,NaN,NaN,NaN,NaN
NaN,NaN,NaN,NaN,NaN,NaN
NaN,NaN,NaN,NaN,NaN,NaN
NaN,NaN,NaN,NaN,NaN,NaN
NaN,NaN,NaN,NaN,NaN,NaN
NaN,NaN,NaN,NaN,NaN,NaN
NaN,NaN,NaN,NaN,NaN,NaN
NaN,NaN,NaN,NaN,NaN,NaN
NaN,NaN,NaN,NaN,NaN,NaN
NaN,NaN,NaN,NaN,NaN,NaN
NaN,NaN,NaN,NaN,NaN,NaN
NaN,NaN,NaN,NaN,NaN,NaN
NaN,NaN,NaN,NaN,NaN,NaN
NaN,NaN,NaN,NaN,NaN,NaN
NaN,NaN,NaN,NaN,NaN,NaN
NaN,NaN,NaN,NaN,NaN,NaN
NaN,NaN,NaN,NaN,NaN,NaN
NaN,NaN,NaN,NaN,NaN,NaN
NaN,NaN,NaN,NaN,NaN,NaN
NaN,NaN,NaN,NaN,NaN,NaN
NaN,NaN,NaN,NaN,NaN,NaN
NaN,NaN,NaN,NaN,NaN,NaN
NaN,NaN,NaN,NaN,NaN,NaN
NaN,NaN,NaN,NaN,NaN,NaN
NaN,NaN,NaN,NaN,NaN,NaN
NaN,NaN,NaN,NaN,NaN,NaN
NaN,NaN,NaN,NaN,NaN,NaN
NaN,NaN,NaN,NaN,NaN,NaN
NaN,NaN,NaN,NaN,NaN,NaN
NaN,NaN,NaN,NaN,NaN,NaN
NaN,NaN,NaN,NaN,NaN,NaN
NaN,NaN,NaN,NaN,NaN,NaN
NaN,NaN,NaN,NaN,NaN,NaN
NaN,NaN,NaN,NaN,NaN,NaN
NaN,NaN,NaN,NaN,NaN,NaN
NaN,NaN,NaN,NaN,NaN,NaN
NaN,NaN,NaN,NaN,NaN,NaN
NaN,NaN,NaN,NaN,NaN,NaN
NaN,NaN,NaN,NaN,NaN,NaN
NaN,NaN,NaN,NaN,NaN,NaN
NaN,NaN,NaN,NaN,NaN,NaN
NaN,NaN,NaN,NaN,NaN,NaN
NaN,NaN,NaN,NaN,NaN,NaN
NaN,NaN,NaN,NaN,NaN,NaN
NaN,NaN,NaN,NaN,NaN,NaN
NaN,NaN,NaN,NaN,NaN,NaN
NaN,NaN,NaN,NaN,NaN,NaN
NaN,NaN,NaN,NaN,NaN,NaN
NaN,NaN,NaN,NaN,NaN,NaN
NaN,NaN,NaN,NaN,NaN,NaN
NaN,NaN,NaN,NaN,NaN,NaN
NaN,NaN,NaN,NaN,NaN,NaN
NaN,NaN,NaN,NaN,NaN,NaN
NaN,NaN,NaN,NaN,NaN,NaN
NaN,NaN,NaN,NaN,NaN,NaN
NaN,NaN,NaN,NaN,NaN,NaN
NaN,NaN,NaN,NaN,NaN,NaN
NaN,NaN,NaN,NaN,NaN,NaN
NaN,NaN,NaN,NaN,NaN,NaN
NaN,NaN,NaN,NaN,NaN,NaN
NaN,NaN,NaN,NaN,NaN,NaN
NaN,NaN,NaN,NaN,NaN,NaN
NaN,NaN,NaN,NaN,NaN,NaN
NaN,NaN,NaN,NaN,NaN,NaN
NaN,NaN,NaN,NaN,NaN,NaN
NaN,NaN,NaN,NaN,NaN,NaN
NaN,NaN,NaN,NaN,NaN,NaN
NaN,NaN,NaN,NaN,NaN,NaN
NaN,NaN,NaN,NaN,NaN,NaN
NaN,NaN,NaN,NaN,NaN,NaN
NaN,NaN,NaN,NaN,NaN,NaN
NaN,NaN,NaN,NaN,NaN,NaN
NaN,NaN,NaN,NaN,NaN,NaN
NaN,NaN,NaN,NaN,NaN,NaN
NaN,NaN,NaN,NaN,NaN,NaN
NaN,NaN,NaN,NaN,NaN,NaN
NaN,NaN,NaN,NaN,NaN,NaN
NaN,NaN,NaN,NaN,NaN,NaN
NaN,NaN,NaN,NaN,NaN,NaN
NaN,NaN,NaN,NaN,NaN,NaN
NaN,NaN,NaN,NaN,NaN,NaN
NaN,NaN,NaN,NaN,NaN,NaN
NaN,NaN,NaN,NaN,NaN,NaN
NaN,NaN,NaN,NaN,NaN,NaN
NaN,NaN,NaN,NaN,NaN,NaN
NaN,NaN,NaN,NaN,NaN,NaN
NaN,NaN,NaN,NaN,NaN,NaN
NaN,NaN,NaN,NaN,NaN,NaN
NaN,NaN,NaN,NaN,NaN,NaN
NaN,NaN,NaN,NaN,NaN,NaN
NaN,NaN,NaN,NaN,NaN,NaN
NaN,NaN,NaN,NaN,NaN,NaN
NaN,NaN,NaN,NaN,NaN,NaN
NaN,NaN,NaN,NaN,NaN,NaN
NaN,NaN,NaN,NaN,NaN,NaN
NaN,NaN,NaN,NaN,NaN,NaN
NaN,NaN,NaN,NaN,NaN,NaN
NaN,NaN,NaN,NaN,NaN,NaN
NaN,NaN,NaN,NaN,NaN,NaN
NaN,NaN,NaN,NaN,NaN,NaN
NaN,NaN,NaN,NaN,NaN,NaN
NaN,NaN,NaN,NaN,NaN,NaN
NaN,NaN,NaN,NaN,NaN,NaN
NaN,NaN,NaN,NaN,NaN,NaN
NaN,NaN,NaN,NaN,NaN,NaN
NaN,NaN,NaN,NaN,NaN,NaN
NaN,NaN,NaN,NaN,NaN,NaN
NaN,NaN,NaN,NaN,NaN,NaN
NaN,NaN,NaN,NaN,NaN,NaN
NaN,NaN,NaN,NaN,NaN,NaN
NaN,NaN,NaN,NaN,NaN,NaN
NaN,NaN,NaN,NaN,NaN,NaN
NaN,NaN,NaN,NaN,NaN,NaN
NaN,NaN,NaN,NaN,NaN,NaN
NaN,NaN,NaN,NaN,NaN,NaN
NaN,NaN,NaN,NaN,NaN,NaN
NaN,NaN,NaN,NaN,NaN,NaN
NaN,NaN,NaN,NaN,NaN,NaN
NaN,NaN,NaN,NaN,NaN,NaN
NaN,NaN,NaN,NaN,NaN,NaN
NaN,NaN,NaN,NaN,NaN,NaN
NaN,NaN,NaN,NaN,NaN,NaN
NaN,NaN,NaN,NaN,NaN,NaN
NaN,NaN,NaN,NaN,NaN,NaN
NaN,NaN,NaN,NaN,NaN,NaN
NaN,NaN,NaN,NaN,NaN,NaN
NaN,NaN,NaN,NaN,NaN,NaN
NaN,NaN,NaN,NaN,NaN,NaN
NaN,NaN,NaN,NaN,NaN,NaN
NaN,NaN,NaN,NaN,NaN,NaN
NaN,NaN,NaN,NaN,NaN,NaN
NaN,NaN,NaN,NaN,NaN,NaN
NaN,NaN,NaN,NaN,NaN,NaN
NaN,NaN,NaN,NaN,NaN,NaN
NaN,NaN,NaN,NaN,NaN,NaN
NaN,NaN,NaN,NaN,NaN,NaN
NaN,NaN,NaN,NaN,NaN,NaN
NaN,NaN,NaN,NaN,NaN,NaN
NaN,NaN,NaN,NaN,NaN,NaN
NaN,NaN,NaN,NaN,NaN,NaN
NaN,NaN,NaN,NaN,NaN,NaN
NaN,NaN,NaN,NaN,NaN,NaN
NaN,NaN,NaN,NaN,NaN,NaN
NaN,NaN,NaN,NaN,NaN,NaN
NaN,NaN,NaN,NaN,NaN,NaN
NaN,NaN,NaN,NaN,NaN,NaN
NaN,NaN,NaN,NaN,NaN,NaN
NaN,NaN,NaN,NaN,NaN,NaN
NaN,NaN,NaN,NaN,NaN,NaN
NaN,NaN,NaN,NaN,NaN,NaN
NaN,NaN,NaN,NaN,NaN,NaN
NaN,NaN,NaN,NaN,NaN,NaN
NaN,NaN,NaN,NaN,NaN,NaN
NaN,NaN,NaN,NaN,NaN,NaN
NaN,NaN,NaN,NaN,NaN,NaN
NaN,NaN,NaN,NaN,NaN,NaN
NaN,NaN,NaN,NaN,NaN,NaN
NaN,NaN,NaN,NaN,NaN,NaN
NaN,NaN,NaN,NaN,NaN,NaN
NaN,NaN,NaN,NaN,NaN,NaN
NaN,NaN,NaN,NaN,NaN,NaN
NaN,NaN,NaN,NaN,NaN,NaN
NaN,NaN,NaN,NaN,NaN,NaN
NaN,NaN,NaN,NaN,NaN,NaN
NaN,NaN,NaN,NaN,NaN,NaN
NaN,NaN,NaN,NaN,NaN,NaN
NaN,NaN,NaN,NaN,NaN,NaN
NaN,NaN,NaN,NaN,NaN,NaN
NaN,NaN,NaN,NaN,NaN,NaN
NaN,NaN,NaN,NaN,NaN,NaN
NaN,NaN,NaN,NaN,NaN,NaN
NaN,NaN,NaN,NaN,NaN,NaN
NaN,NaN,NaN,NaN,NaN,NaN
NaN,NaN,NaN,NaN,NaN,NaN
NaN,NaN,NaN,NaN,NaN,NaN
NaN,NaN,NaN,NaN,NaN,NaN
NaN,NaN,NaN,NaN,NaN,NaN
NaN,NaN,NaN,NaN,NaN,NaN
NaN,NaN,NaN,NaN,NaN,NaN
NaN,NaN,NaN,NaN,NaN,NaN
NaN,NaN,NaN,NaN,NaN,NaN
NaN,NaN,NaN,NaN,NaN,NaN
NaN,NaN,NaN,NaN,NaN,NaN
NaN,NaN,NaN,NaN,NaN,NaN
NaN,NaN,NaN,NaN,NaN,NaN
NaN,NaN,NaN,NaN,NaN,NaN
NaN,NaN,NaN,NaN,NaN,NaN
NaN,NaN,NaN,NaN,NaN,NaN
NaN,NaN,NaN,NaN,NaN,NaN
NaN,NaN,NaN,NaN,NaN,NaN
NaN,NaN,NaN,NaN,NaN,NaN
NaN,NaN,NaN,NaN,NaN,NaN
NaN,NaN,NaN,NaN,NaN,NaN
NaN,NaN,NaN,NaN,NaN,NaN
NaN,NaN,NaN,NaN,NaN,NaN
NaN,NaN,NaN,NaN,NaN,NaN
NaN,NaN,NaN,NaN,NaN,NaN
NaN,NaN,NaN,NaN,NaN,NaN
NaN,NaN,NaN,NaN,NaN,NaN
NaN,NaN,NaN,NaN,NaN,NaN
NaN,NaN,NaN,NaN,NaN,NaN
NaN,NaN,NaN,NaN,NaN,NaN
NaN,NaN,NaN,NaN,NaN,NaN
NaN,NaN,NaN,NaN,NaN,NaN
NaN,NaN,NaN,NaN,NaN,NaN
NaN,NaN,NaN,NaN,NaN,NaN
NaN,NaN,NaN,NaN,NaN,NaN
NaN,NaN,NaN,NaN,NaN,NaN
NaN,NaN,NaN,NaN,NaN,NaN
NaN,NaN,NaN,NaN,NaN,NaN
NaN,NaN,NaN,NaN,NaN,NaN
NaN,NaN,NaN,NaN,NaN,NaN
NaN,NaN,NaN,NaN,NaN,NaN
NaN,NaN,NaN,NaN,NaN,NaN
NaN,NaN,NaN,NaN,NaN,NaN
NaN,NaN,NaN,NaN,NaN,NaN
NaN,NaN,NaN,NaN,NaN,NaN
NaN,NaN,NaN,NaN,NaN,NaN
NaN,NaN,NaN,NaN,NaN,NaN
NaN,NaN,NaN,NaN,NaN,NaN
NaN,NaN,NaN,NaN,NaN,NaN
NaN,NaN,NaN,NaN,NaN,NaN
NaN,NaN,NaN,NaN,NaN,NaN
NaN,NaN,NaN,NaN,NaN,NaN
NaN,NaN,NaN,NaN,NaN,NaN
NaN,NaN,NaN,NaN,NaN,NaN
NaN,NaN,NaN,NaN,NaN,NaN
NaN,NaN,NaN,NaN,NaN,NaN
NaN,NaN,NaN,NaN,NaN,NaN
NaN,NaN,NaN,NaN,NaN,NaN
NaN,NaN,NaN,NaN,NaN,NaN
NaN,NaN,NaN,NaN,NaN,NaN
NaN,NaN,NaN,NaN,NaN,NaN
NaN,NaN,NaN,NaN,NaN,NaN
NaN,NaN,NaN,NaN,NaN,NaN
NaN,NaN,NaN,NaN,NaN,NaN
NaN,NaN,NaN,NaN,NaN,NaN
NaN,NaN,NaN,NaN,NaN,NaN
NaN,NaN,NaN,NaN,NaN,NaN
NaN,NaN,NaN,NaN,NaN,NaN
NaN,NaN,NaN,NaN,NaN,NaN
NaN,NaN,NaN,NaN,NaN,NaN
NaN,NaN,NaN,NaN,NaN,NaN
NaN,NaN,NaN,NaN,NaN,NaN
NaN,NaN,NaN,NaN,NaN,NaN
NaN,NaN,NaN,NaN,NaN,NaN
NaN,NaN,NaN,NaN,NaN,NaN
NaN,NaN,NaN,NaN,NaN,NaN
NaN,NaN,NaN,NaN,NaN,NaN
NaN,NaN,NaN,NaN,NaN,NaN
NaN,NaN,NaN,NaN,NaN,NaN
NaN,NaN,NaN,NaN,NaN,NaN
NaN,NaN,NaN,NaN,NaN,NaN
NaN,NaN,NaN,NaN,NaN,NaN
NaN,NaN,NaN,NaN,NaN,NaN
NaN,NaN,NaN,NaN,NaN,NaN
NaN,NaN,NaN,NaN,NaN,NaN
NaN,NaN,NaN,NaN,NaN,NaN
NaN,NaN,NaN,NaN,NaN,NaN
NaN,NaN,NaN,NaN,NaN,NaN
NaN,NaN,NaN,NaN,NaN,NaN
NaN,NaN,NaN,NaN,NaN,NaN
NaN,NaN,NaN,NaN,NaN,NaN
NaN,NaN,NaN,NaN,NaN,NaN
NaN,NaN,NaN,NaN,NaN,NaN
NaN,NaN,NaN,NaN,NaN,NaN
NaN,NaN,NaN,NaN,NaN,NaN
NaN,NaN,NaN,NaN,NaN,NaN
NaN,NaN,NaN,NaN,NaN,NaN
NaN,NaN,NaN,NaN,NaN,NaN
NaN,NaN,NaN,NaN,NaN,NaN
NaN,NaN,NaN,NaN,NaN,NaN
NaN,NaN,NaN,NaN,NaN,NaN
NaN,NaN,NaN,NaN,NaN,NaN
NaN,NaN,NaN,NaN,NaN,NaN
NaN,NaN,NaN,NaN,NaN,NaN
NaN,NaN,NaN,NaN,NaN,NaN
NaN,NaN,NaN,NaN,NaN,NaN
NaN,NaN,NaN,NaN,NaN,NaN
NaN,NaN,NaN,NaN,NaN,NaN
NaN,NaN,NaN,NaN,NaN,NaN
NaN,NaN,NaN,NaN,NaN,NaN
NaN,NaN,NaN,NaN,NaN,NaN
NaN,NaN,NaN,NaN,NaN,NaN
NaN,NaN,NaN,NaN,NaN,NaN
NaN,NaN,NaN,NaN,NaN,NaN
NaN,NaN,NaN,NaN,NaN,NaN
NaN,NaN,NaN,NaN,NaN,NaN
NaN,NaN,NaN,NaN,NaN,NaN
NaN,NaN,NaN,NaN,NaN,NaN
NaN,NaN,NaN,NaN,NaN,NaN
NaN,NaN,NaN,NaN,NaN,NaN
NaN,NaN,NaN,NaN,NaN,NaN
NaN,NaN,NaN,NaN,NaN,NaN
NaN,NaN,NaN,NaN,NaN,NaN
NaN,NaN,NaN,NaN,NaN,NaN
NaN,NaN,NaN,NaN,NaN,NaN
NaN,NaN,NaN,NaN,NaN,NaN
NaN,NaN,NaN,NaN,NaN,NaN
NaN,NaN,NaN,NaN,NaN,NaN
NaN,NaN,NaN,NaN,NaN,NaN
NaN,NaN,NaN,NaN,NaN,NaN
NaN,NaN,NaN,NaN,NaN,NaN
NaN,NaN,NaN,NaN,NaN,NaN
NaN,NaN,NaN,NaN,NaN,NaN
NaN,NaN,NaN,NaN,NaN,NaN
NaN,NaN,NaN,NaN,NaN,NaN
NaN,NaN,NaN,NaN,NaN,NaN
NaN,NaN,NaN,NaN,NaN,NaN
NaN,NaN,NaN,NaN,NaN,NaN
NaN,NaN,NaN,NaN,NaN,NaN
NaN,NaN,NaN,NaN,NaN,NaN
NaN,NaN,NaN,NaN,NaN,NaN
NaN,NaN,NaN,NaN,NaN,NaN
NaN,NaN,NaN,NaN,NaN,NaN
NaN,NaN,NaN,NaN,NaN,NaN
NaN,NaN,NaN,NaN,NaN,NaN
NaN,NaN,NaN,NaN,NaN,NaN
NaN,NaN,NaN,NaN,NaN,NaN
NaN,NaN,NaN,NaN,NaN,NaN
NaN,NaN,NaN,NaN,NaN,NaN
NaN,NaN,NaN,NaN,NaN,NaN
NaN,NaN,NaN,NaN,NaN,NaN
NaN,NaN,NaN,NaN,NaN,NaN
NaN,NaN,NaN,NaN,NaN,NaN
NaN,NaN,NaN,NaN,NaN,NaN
NaN,NaN,NaN,NaN,NaN,NaN
NaN,NaN,NaN,NaN,NaN,NaN
NaN,NaN,NaN,NaN,NaN,NaN
NaN,NaN,NaN,NaN,NaN,NaN
NaN,NaN,NaN,NaN,NaN,NaN
NaN,NaN,NaN,NaN,NaN,NaN
NaN,NaN,NaN,NaN,NaN,NaN
NaN,NaN,NaN,NaN,NaN,NaN
NaN,NaN,NaN,NaN,NaN,NaN
NaN,NaN,NaN,NaN,NaN,NaN
NaN,NaN,NaN,NaN,NaN,NaN
NaN,NaN,NaN,NaN,NaN,NaN
NaN,NaN,NaN,NaN,NaN,NaN
NaN,NaN,NaN,NaN,NaN,NaN
NaN,NaN,NaN,NaN,NaN,NaN
NaN,NaN,NaN,NaN,NaN,NaN
NaN,NaN,NaN,NaN,NaN,NaN
NaN,NaN,NaN,NaN,NaN,NaN
NaN,NaN,NaN,NaN,NaN,NaN
NaN,NaN,NaN,NaN,NaN,NaN
NaN,NaN,NaN,NaN,NaN,NaN
NaN,NaN,NaN,NaN,NaN,NaN
NaN,NaN,NaN,NaN,NaN,NaN
NaN,NaN,NaN,NaN,NaN,NaN
NaN,NaN,NaN,NaN,NaN,NaN
NaN,NaN,NaN,NaN,NaN,NaN
NaN,NaN,NaN,NaN,NaN,NaN
NaN,NaN,NaN,NaN,NaN,NaN
NaN,NaN,NaN,NaN,NaN,NaN
NaN,NaN,NaN,NaN,NaN,NaN
NaN,NaN,NaN,NaN,NaN,NaN
NaN,NaN,NaN,NaN,NaN,NaN
NaN,NaN,NaN,NaN,NaN,NaN
NaN,NaN,NaN,NaN,NaN,NaN
NaN,NaN,NaN,NaN,NaN,NaN
NaN,NaN,NaN,NaN,NaN,NaN
NaN,NaN,NaN,NaN,NaN,NaN
NaN,NaN,NaN,NaN,NaN,NaN
