pt1_cam1_X,pt1_cam1_Y,pt2_cam1_X,pt2_cam1_Y,pt3_cam1_X,pt3_cam1_Y
NaN,NaN,NaN,NaN,NaN,NaN
NaN,NaN,NaN,NaN,NaN,NaN
NaN,NaN,NaN,NaN,NaN,NaN
NaN,NaN,NaN,NaN,NaN,NaN
NaN,NaN,NaN,NaN,NaN,NaN
NaN,NaN,NaN,NaN,NaN,NaN
NaN,NaN,NaN,NaN,NaN,NaN
NaN,NaN,NaN,NaN,NaN,NaN
NaN,NaN,NaN,NaN,NaN,NaN
NaN,NaN,NaN,NaN,NaN,NaN
NaN,NaN,NaN,NaN,NaN,NaN
NaN,NaN,NaN,NaN,NaN,NaN
NaN,NaN,NaN,NaN,NaN,NaN
NaN,NaN,NaN,NaN,NaN,NaN
NaN,NaN,NaN,NaN,NaN,NaN
NaN,NaN,NaN,NaN,NaN,NaN
NaN,NaN,NaN,NaN,NaN,NaN
NaN,NaN,NaN,NaN,NaN,NaN
NaN,NaN,NaN,NaN,NaN,NaN
NaN,NaN,NaN,NaN,NaN,NaN
NaN,NaN,NaN,NaN,NaN,NaN
NaN,NaN,NaN,NaN,NaN,NaN
NaN,NaN,NaN,NaN,NaN,NaN
NaN,NaN,NaN,NaN,NaN,NaN
NaN,NaN,NaN,NaN,NaN,NaN
NaN,NaN,NaN,NaN,NaN,NaN
NaN,NaN,NaN,NaN,NaN,NaN
NaN,NaN,NaN,NaN,NaN,NaN
NaN,NaN,NaN,NaN,NaN,NaN
NaN,NaN,NaN,NaN,NaN,NaN
NaN,NaN,NaN,NaN,NaN,NaN
NaN,NaN,NaN,NaN,NaN,NaN
NaN,NaN,NaN,NaN,NaN,NaN
NaN,NaN,NaN,NaN,NaN,NaN
NaN,NaN,NaN,NaN,NaN,NaN
NaN,NaN,NaN,NaN,NaN,NaN
NaN,NaN,NaN,NaN,NaN,NaN
NaN,NaN,NaN,NaN,NaN,NaN
NaN,NaN,NaN,NaN,NaN,NaN
NaN,NaN,NaN,NaN,NaN,NaN
NaN,NaN,NaN,NaN,NaN,NaN
NaN,NaN,NaN,NaN,NaN,NaN
NaN,NaN,NaN,NaN,NaN,NaN
NaN,NaN,NaN,NaN,NaN,NaN
NaN,NaN,NaN,NaN,NaN,NaN
NaN,NaN,NaN,NaN,NaN,NaN
NaN,NaN,NaN,NaN,NaN,NaN
NaN,NaN,NaN,NaN,NaN,NaN
NaN,NaN,NaN,NaN,NaN,NaN
NaN,NaN,NaN,NaN,NaN,NaN
NaN,NaN,NaN,NaN,NaN,NaN
NaN,NaN,NaN,NaN,NaN,NaN
NaN,NaN,NaN,NaN,NaN,NaN
NaN,NaN,NaN,NaN,NaN,NaN
NaN,NaN,NaN,NaN,NaN,NaN
NaN,NaN,NaN,NaN,NaN,NaN
NaN,NaN,NaN,NaN,NaN,NaN
NaN,NaN,NaN,NaN,NaN,NaN
NaN,NaN,NaN,NaN,NaN,NaN
NaN,NaN,NaN,NaN,NaN,NaN
NaN,NaN,NaN,NaN,NaN,NaN
NaN,NaN,NaN,NaN,NaN,NaN
NaN,NaN,NaN,NaN,NaN,NaN
NaN,NaN,NaN,NaN,NaN,NaN
NaN,NaN,NaN,NaN,NaN,NaN
NaN,NaN,NaN,NaN,NaN,NaN
NaN,NaN,NaN,NaN,NaN,NaN
NaN,NaN,NaN,NaN,NaN,NaN
NaN,NaN,NaN,NaN,NaN,NaN
NaN,NaN,NaN,NaN,NaN,NaN
NaN,NaN,NaN,NaN,NaN,NaN
NaN,NaN,NaN,NaN,NaN,NaN
NaN,NaN,NaN,NaN,NaN,NaN
NaN,NaN,NaN,NaN,NaN,NaN
NaN,NaN,NaN,NaN,NaN,NaN
NaN,NaN,NaN,NaN,NaN,NaN
NaN,NaN,NaN,NaN,NaN,NaN
NaN,NaN,NaN,NaN,NaN,NaN
NaN,NaN,NaN,NaN,NaN,NaN
NaN,NaN,NaN,NaN,NaN,NaN
NaN,NaN,NaN,NaN,NaN,NaN
NaN,NaN,NaN,NaN,NaN,NaN
NaN,NaN,NaN,NaN,NaN,NaN
NaN,NaN,NaN,NaN,NaN,NaN
NaN,NaN,NaN,NaN,NaN,NaN
NaN,NaN,NaN,NaN,NaN,NaN
NaN,NaN,NaN,NaN,NaN,NaN
NaN,NaN,NaN,NaN,NaN,NaN
NaN,NaN,NaN,NaN,NaN,NaN
NaN,NaN,NaN,NaN,NaN,NaN
NaN,NaN,NaN,NaN,NaN,NaN
NaN,NaN,NaN,NaN,NaN,NaN
NaN,NaN,NaN,NaN,NaN,NaN
NaN,NaN,NaN,NaN,NaN,NaN
NaN,NaN,NaN,NaN,NaN,NaN
NaN,NaN,NaN,NaN,NaN,NaN
NaN,NaN,NaN,NaN,NaN,NaN
NaN,NaN,NaN,NaN,NaN,NaN
NaN,NaN,NaN,NaN,NaN,NaN
NaN,NaN,NaN,NaN,NaN,NaN
NaN,NaN,NaN,NaN,NaN,NaN
NaN,NaN,NaN,NaN,NaN,NaN
NaN,NaN,NaN,NaN,NaN,NaN
NaN,NaN,NaN,NaN,NaN,NaN
NaN,NaN,NaN,NaN,NaN,NaN
NaN,NaN,NaN,NaN,NaN,NaN
NaN,NaN,NaN,NaN,NaN,NaN
NaN,NaN,NaN,NaN,NaN,NaN
NaN,NaN,NaN,NaN,NaN,NaN
NaN,NaN,NaN,NaN,NaN,NaN
NaN,NaN,NaN,NaN,NaN,NaN
NaN,NaN,NaN,NaN,NaN,NaN
NaN,NaN,NaN,NaN,NaN,NaN
NaN,NaN,NaN,NaN,NaN,NaN
NaN,NaN,NaN,NaN,NaN,NaN
NaN,NaN,NaN,NaN,NaN,NaN
NaN,NaN,NaN,NaN,NaN,NaN
NaN,NaN,NaN,NaN,NaN,NaN
NaN,NaN,NaN,NaN,NaN,NaN
NaN,NaN,NaN,NaN,NaN,NaN
NaN,NaN,NaN,NaN,NaN,NaN
NaN,NaN,NaN,NaN,NaN,NaN
NaN,NaN,NaN,NaN,NaN,NaN
NaN,NaN,NaN,NaN,NaN,NaN
NaN,NaN,NaN,NaN,NaN,NaN
NaN,NaN,NaN,NaN,NaN,NaN
NaN,NaN,NaN,NaN,NaN,NaN
NaN,NaN,NaN,NaN,NaN,NaN
NaN,NaN,NaN,NaN,NaN,NaN
NaN,NaN,NaN,NaN,NaN,NaN
NaN,NaN,NaN,NaN,NaN,NaN
NaN,NaN,NaN,NaN,NaN,NaN
NaN,NaN,NaN,NaN,NaN,NaN
NaN,NaN,NaN,NaN,NaN,NaN
NaN,NaN,NaN,NaN,NaN,NaN
NaN,NaN,NaN,NaN,NaN,NaN
NaN,NaN,NaN,NaN,NaN,NaN
NaN,NaN,NaN,NaN,NaN,NaN
NaN,NaN,NaN,NaN,NaN,NaN
NaN,NaN,NaN,NaN,NaN,NaN
NaN,NaN,NaN,NaN,NaN,NaN
NaN,NaN,NaN,NaN,NaN,NaN
NaN,NaN,NaN,NaN,NaN,NaN
NaN,NaN,NaN,NaN,NaN,NaN
NaN,NaN,NaN,NaN,NaN,NaN
NaN,NaN,NaN,NaN,NaN,NaN
NaN,NaN,NaN,NaN,NaN,NaN
NaN,NaN,NaN,NaN,NaN,NaN
NaN,NaN,NaN,NaN,NaN,NaN
NaN,NaN,NaN,NaN,NaN,NaN
NaN,NaN,NaN,NaN,NaN,NaN
NaN,NaN,NaN,NaN,NaN,NaN
NaN,NaN,NaN,NaN,NaN,NaN
NaN,NaN,NaN,NaN,NaN,NaN
NaN,NaN,NaN,NaN,NaN,NaN
NaN,NaN,NaN,NaN,NaN,NaN
NaN,NaN,NaN,NaN,NaN,NaN
NaN,NaN,NaN,NaN,NaN,NaN
NaN,NaN,NaN,NaN,NaN,NaN
NaN,NaN,NaN,NaN,NaN,NaN
NaN,NaN,NaN,NaN,NaN,NaN
NaN,NaN,NaN,NaN,NaN,NaN
NaN,NaN,NaN,NaN,NaN,NaN
NaN,NaN,NaN,NaN,NaN,NaN
NaN,NaN,NaN,NaN,NaN,NaN
NaN,NaN,NaN,NaN,NaN,NaN
NaN,NaN,NaN,NaN,NaN,NaN
NaN,NaN,NaN,NaN,NaN,NaN
NaN,NaN,NaN,NaN,NaN,NaN
NaN,NaN,NaN,NaN,NaN,NaN
NaN,NaN,NaN,NaN,NaN,NaN
NaN,NaN,NaN,NaN,NaN,NaN
NaN,NaN,NaN,NaN,NaN,NaN
NaN,NaN,NaN,NaN,NaN,NaN
NaN,NaN,NaN,NaN,NaN,NaN
NaN,NaN,NaN,NaN,NaN,NaN
NaN,NaN,NaN,NaN,NaN,NaN
NaN,NaN,NaN,NaN,NaN,NaN
NaN,NaN,NaN,NaN,NaN,NaN
NaN,NaN,NaN,NaN,NaN,NaN
NaN,NaN,NaN,NaN,NaN,NaN
NaN,NaN,NaN,NaN,NaN,NaN
NaN,NaN,NaN,NaN,NaN,NaN
NaN,NaN,NaN,NaN,NaN,NaN
NaN,NaN,NaN,NaN,NaN,NaN
NaN,NaN,NaN,NaN,NaN,NaN
NaN,NaN,NaN,NaN,NaN,NaN
NaN,NaN,NaN,NaN,NaN,NaN
NaN,NaN,NaN,NaN,NaN,NaN
NaN,NaN,NaN,NaN,NaN,NaN
NaN,NaN,NaN,NaN,NaN,NaN
NaN,NaN,NaN,NaN,NaN,NaN
NaN,NaN,NaN,NaN,NaN,NaN
NaN,NaN,NaN,NaN,NaN,NaN
NaN,NaN,NaN,NaN,NaN,NaN
NaN,NaN,NaN,NaN,NaN,NaN
NaN,NaN,NaN,NaN,NaN,NaN
NaN,NaN,NaN,NaN,NaN,NaN
NaN,NaN,NaN,NaN,NaN,NaN
NaN,NaN,NaN,NaN,NaN,NaN
NaN,NaN,NaN,NaN,NaN,NaN
NaN,NaN,NaN,NaN,NaN,NaN
NaN,NaN,NaN,NaN,NaN,NaN
NaN,NaN,NaN,NaN,NaN,NaN
NaN,NaN,NaN,NaN,NaN,NaN
NaN,NaN,NaN,NaN,NaN,NaN
NaN,NaN,NaN,NaN,NaN,NaN
NaN,NaN,NaN,NaN,NaN,NaN
NaN,NaN,NaN,NaN,NaN,NaN
NaN,NaN,NaN,NaN,NaN,NaN
NaN,NaN,NaN,NaN,NaN,NaN
NaN,NaN,NaN,NaN,NaN,NaN
NaN,NaN,NaN,NaN,NaN,NaN
NaN,NaN,NaN,NaN,NaN,NaN
NaN,NaN,NaN,NaN,NaN,NaN
NaN,NaN,NaN,NaN,NaN,NaN
NaN,NaN,NaN,NaN,NaN,NaN
NaN,NaN,NaN,NaN,NaN,NaN
NaN,NaN,NaN,NaN,NaN,NaN
NaN,NaN,NaN,NaN,NaN,NaN
NaN,NaN,NaN,NaN,NaN,NaN
NaN,NaN,NaN,NaN,NaN,NaN
NaN,NaN,NaN,NaN,NaN,NaN
NaN,NaN,NaN,NaN,NaN,NaN
NaN,NaN,NaN,NaN,NaN,NaN
NaN,NaN,NaN,NaN,NaN,NaN
NaN,NaN,NaN,NaN,NaN,NaN
NaN,NaN,NaN,NaN,NaN,NaN
NaN,NaN,NaN,NaN,NaN,NaN
NaN,NaN,NaN,NaN,NaN,NaN
NaN,NaN,NaN,NaN,NaN,NaN
NaN,NaN,NaN,NaN,NaN,NaN
NaN,NaN,NaN,NaN,NaN,NaN
NaN,NaN,NaN,NaN,NaN,NaN
NaN,NaN,NaN,NaN,NaN,NaN
NaN,NaN,NaN,NaN,NaN,NaN
NaN,NaN,NaN,NaN,NaN,NaN
NaN,NaN,NaN,NaN,NaN,NaN
NaN,NaN,NaN,NaN,NaN,NaN
NaN,NaN,NaN,NaN,NaN,NaN
NaN,NaN,NaN,NaN,NaN,NaN
NaN,NaN,NaN,NaN,NaN,NaN
NaN,NaN,NaN,NaN,NaN,NaN
NaN,NaN,NaN,NaN,NaN,NaN
NaN,NaN,NaN,NaN,NaN,NaN
NaN,NaN,NaN,NaN,NaN,NaN
NaN,NaN,NaN,NaN,NaN,NaN
NaN,NaN,NaN,NaN,NaN,NaN
NaN,NaN,NaN,NaN,NaN,NaN
NaN,NaN,NaN,NaN,NaN,NaN
NaN,NaN,NaN,NaN,NaN,NaN
NaN,NaN,NaN,NaN,NaN,NaN
NaN,NaN,NaN,NaN,NaN,NaN
NaN,NaN,NaN,NaN,NaN,NaN
NaN,NaN,NaN,NaN,NaN,NaN
NaN,NaN,NaN,NaN,NaN,NaN
NaN,NaN,NaN,NaN,NaN,NaN
NaN,NaN,NaN,NaN,NaN,NaN
NaN,NaN,NaN,NaN,NaN,NaN
NaN,NaN,NaN,NaN,NaN,NaN
NaN,NaN,NaN,NaN,NaN,NaN
NaN,NaN,NaN,NaN,NaN,NaN
NaN,NaN,NaN,NaN,NaN,NaN
NaN,NaN,NaN,NaN,NaN,NaN
NaN,NaN,NaN,NaN,NaN,NaN
NaN,NaN,NaN,NaN,NaN,NaN
NaN,NaN,NaN,NaN,NaN,NaN
NaN,NaN,NaN,NaN,NaN,NaN
NaN,NaN,NaN,NaN,NaN,NaN
NaN,NaN,NaN,NaN,NaN,NaN
NaN,NaN,NaN,NaN,NaN,NaN
NaN,NaN,NaN,NaN,NaN,NaN
NaN,NaN,NaN,NaN,NaN,NaN
NaN,NaN,NaN,NaN,NaN,NaN
NaN,NaN,NaN,NaN,NaN,NaN
NaN,NaN,NaN,NaN,NaN,NaN
NaN,NaN,NaN,NaN,NaN,NaN
NaN,NaN,NaN,NaN,NaN,NaN
NaN,NaN,NaN,NaN,NaN,NaN
NaN,NaN,NaN,NaN,NaN,NaN
NaN,NaN,NaN,NaN,NaN,NaN
NaN,NaN,NaN,NaN,NaN,NaN
NaN,NaN,NaN,NaN,NaN,NaN
NaN,NaN,NaN,NaN,NaN,NaN
NaN,NaN,NaN,NaN,NaN,NaN
NaN,NaN,NaN,NaN,NaN,NaN
NaN,NaN,NaN,NaN,NaN,NaN
NaN,NaN,NaN,NaN,NaN,NaN
NaN,NaN,NaN,NaN,NaN,NaN
NaN,NaN,NaN,NaN,NaN,NaN
NaN,NaN,NaN,NaN,NaN,NaN
NaN,NaN,NaN,NaN,NaN,NaN
NaN,NaN,NaN,NaN,NaN,NaN
NaN,NaN,NaN,NaN,NaN,NaN
NaN,NaN,NaN,NaN,NaN,NaN
NaN,NaN,NaN,NaN,NaN,NaN
NaN,NaN,NaN,NaN,NaN,NaN
NaN,NaN,NaN,NaN,NaN,NaN
NaN,NaN,NaN,NaN,NaN,NaN
NaN,NaN,NaN,NaN,NaN,NaN
NaN,NaN,NaN,NaN,NaN,NaN
NaN,NaN,NaN,NaN,NaN,NaN
NaN,NaN,NaN,NaN,NaN,NaN
NaN,NaN,NaN,NaN,NaN,NaN
NaN,NaN,NaN,NaN,NaN,NaN
NaN,NaN,NaN,NaN,NaN,NaN
NaN,NaN,NaN,NaN,NaN,NaN
NaN,NaN,NaN,NaN,NaN,NaN
NaN,NaN,NaN,NaN,NaN,NaN
NaN,NaN,NaN,NaN,NaN,NaN
NaN,NaN,NaN,NaN,NaN,NaN
NaN,NaN,NaN,NaN,NaN,NaN
NaN,NaN,NaN,NaN,NaN,NaN
NaN,NaN,NaN,NaN,NaN,NaN
NaN,NaN,NaN,NaN,NaN,NaN
NaN,NaN,NaN,NaN,NaN,NaN
NaN,NaN,NaN,NaN,NaN,NaN
NaN,NaN,NaN,NaN,NaN,NaN
NaN,NaN,NaN,NaN,NaN,NaN
NaN,NaN,NaN,NaN,NaN,NaN
NaN,NaN,NaN,NaN,NaN,NaN
NaN,NaN,NaN,NaN,NaN,NaN
NaN,NaN,NaN,NaN,NaN,NaN
NaN,NaN,NaN,NaN,NaN,NaN
NaN,NaN,NaN,NaN,NaN,NaN
NaN,NaN,NaN,NaN,NaN,NaN
NaN,NaN,NaN,NaN,NaN,NaN
NaN,NaN,NaN,NaN,NaN,NaN
NaN,NaN,NaN,NaN,NaN,NaN
NaN,NaN,NaN,NaN,NaN,NaN
NaN,NaN,NaN,NaN,NaN,NaN
NaN,NaN,NaN,NaN,NaN,NaN
NaN,NaN,NaN,NaN,NaN,NaN
NaN,NaN,NaN,NaN,NaN,NaN
NaN,NaN,NaN,NaN,NaN,NaN
NaN,NaN,NaN,NaN,NaN,NaN
NaN,NaN,NaN,NaN,NaN,NaN
NaN,NaN,NaN,NaN,NaN,NaN
NaN,NaN,NaN,NaN,NaN,NaN
NaN,NaN,NaN,NaN,NaN,NaN
NaN,NaN,NaN,NaN,NaN,NaN
NaN,NaN,NaN,NaN,NaN,NaN
NaN,NaN,NaN,NaN,NaN,NaN
NaN,NaN,NaN,NaN,NaN,NaN
NaN,NaN,NaN,NaN,NaN,NaN
NaN,NaN,NaN,NaN,NaN,NaN
NaN,NaN,NaN,NaN,NaN,NaN
NaN,NaN,NaN,NaN,NaN,NaN
NaN,NaN,NaN,NaN,NaN,NaN
NaN,NaN,NaN,NaN,NaN,NaN
NaN,NaN,NaN,NaN,NaN,NaN
NaN,NaN,NaN,NaN,NaN,NaN
NaN,NaN,NaN,NaN,NaN,NaN
NaN,NaN,NaN,NaN,NaN,NaN
NaN,NaN,NaN,NaN,NaN,NaN
NaN,NaN,NaN,NaN,NaN,NaN
NaN,NaN,NaN,NaN,NaN,NaN
NaN,NaN,NaN,NaN,NaN,NaN
NaN,NaN,NaN,NaN,NaN,NaN
NaN,NaN,NaN,NaN,NaN,NaN
NaN,NaN,NaN,NaN,NaN,NaN
NaN,NaN,NaN,NaN,NaN,NaN
NaN,NaN,NaN,NaN,NaN,NaN
NaN,NaN,NaN,NaN,NaN,NaN
NaN,NaN,NaN,NaN,NaN,NaN
NaN,NaN,NaN,NaN,NaN,NaN
NaN,NaN,NaN,NaN,NaN,NaN
NaN,NaN,NaN,NaN,NaN,NaN
NaN,NaN,NaN,NaN,NaN,NaN
NaN,NaN,NaN,NaN,NaN,NaN
NaN,NaN,NaN,NaN,NaN,NaN
NaN,NaN,NaN,NaN,NaN,NaN
NaN,NaN,NaN,NaN,NaN,NaN
NaN,NaN,NaN,NaN,NaN,NaN
NaN,NaN,NaN,NaN,NaN,NaN
NaN,NaN,NaN,NaN,NaN,NaN
NaN,NaN,NaN,NaN,NaN,NaN
NaN,NaN,NaN,NaN,NaN,NaN
NaN,NaN,NaN,NaN,NaN,NaN
NaN,NaN,NaN,NaN,NaN,NaN
NaN,NaN,NaN,NaN,NaN,NaN
NaN,NaN,NaN,NaN,NaN,NaN
NaN,NaN,NaN,NaN,NaN,NaN
NaN,NaN,NaN,NaN,NaN,NaN
NaN,NaN,NaN,NaN,NaN,NaN
NaN,NaN,NaN,NaN,NaN,NaN
NaN,NaN,NaN,NaN,NaN,NaN
NaN,NaN,NaN,NaN,NaN,NaN
NaN,NaN,NaN,NaN,NaN,NaN
NaN,NaN,NaN,NaN,NaN,NaN
NaN,NaN,NaN,NaN,NaN,NaN
NaN,NaN,NaN,NaN,NaN,NaN
NaN,NaN,NaN,NaN,NaN,NaN
NaN,NaN,NaN,NaN,NaN,NaN
NaN,NaN,NaN,NaN,NaN,NaN
NaN,NaN,NaN,NaN,NaN,NaN
NaN,NaN,NaN,NaN,NaN,NaN
NaN,NaN,NaN,NaN,NaN,NaN
NaN,NaN,NaN,NaN,NaN,NaN
NaN,NaN,NaN,NaN,NaN,NaN
NaN,NaN,NaN,NaN,NaN,NaN
NaN,NaN,NaN,NaN,NaN,NaN
NaN,NaN,NaN,NaN,NaN,NaN
NaN,NaN,NaN,NaN,NaN,NaN
NaN,NaN,NaN,NaN,NaN,NaN
NaN,NaN,NaN,NaN,NaN,NaN
NaN,NaN,NaN,NaN,NaN,NaN
NaN,NaN,NaN,NaN,NaN,NaN
NaN,NaN,NaN,NaN,NaN,NaN
NaN,NaN,NaN,NaN,NaN,NaN
NaN,NaN,NaN,NaN,NaN,NaN
NaN,NaN,NaN,NaN,NaN,NaN
NaN,NaN,NaN,NaN,NaN,NaN
NaN,NaN,NaN,NaN,NaN,NaN
NaN,NaN,NaN,NaN,NaN,NaN
NaN,NaN,NaN,NaN,NaN,NaN
NaN,NaN,NaN,NaN,NaN,NaN
NaN,NaN,NaN,NaN,NaN,NaN
NaN,NaN,NaN,NaN,NaN,NaN
NaN,NaN,NaN,NaN,NaN,NaN
NaN,NaN,NaN,NaN,NaN,NaN
NaN,NaN,NaN,NaN,NaN,NaN
NaN,NaN,NaN,NaN,NaN,NaN
NaN,NaN,NaN,NaN,NaN,NaN
NaN,NaN,NaN,NaN,NaN,NaN
NaN,NaN,NaN,NaN,NaN,NaN
NaN,NaN,NaN,NaN,NaN,NaN
NaN,NaN,NaN,NaN,NaN,NaN
NaN,NaN,NaN,NaN,NaN,NaN
NaN,NaN,NaN,NaN,NaN,NaN
NaN,NaN,NaN,NaN,NaN,NaN
NaN,NaN,NaN,NaN,NaN,NaN
NaN,NaN,NaN,NaN,NaN,NaN
NaN,NaN,NaN,NaN,NaN,NaN
NaN,NaN,NaN,NaN,NaN,NaN
NaN,NaN,NaN,NaN,NaN,NaN
NaN,NaN,NaN,NaN,NaN,NaN
NaN,NaN,NaN,NaN,NaN,NaN
NaN,NaN,NaN,NaN,NaN,NaN
NaN,NaN,NaN,NaN,NaN,NaN
NaN,NaN,NaN,NaN,NaN,NaN
NaN,NaN,NaN,NaN,NaN,NaN
NaN,NaN,NaN,NaN,NaN,NaN
NaN,NaN,NaN,NaN,NaN,NaN
NaN,NaN,NaN,NaN,NaN,NaN
NaN,NaN,NaN,NaN,NaN,NaN
NaN,NaN,NaN,NaN,NaN,NaN
NaN,NaN,NaN,NaN,963.985123,208.912731
NaN,NaN,NaN,NaN,964.020000,209.010000
NaN,NaN,NaN,NaN,964.010000,209.000000
NaN,NaN,NaN,NaN,964.000000,209.010000
NaN,NaN,NaN,NaN,964.010000,209.010000
NaN,NaN,NaN,NaN,964.000000,209.010000
NaN,NaN,NaN,NaN,964.000000,209.000000
NaN,NaN,NaN,NaN,964.020000,209.010000
NaN,NaN,NaN,NaN,964.010000,209.010000
NaN,NaN,NaN,NaN,964.030000,209.010000
NaN,NaN,NaN,NaN,964.020000,209.010000
NaN,NaN,NaN,NaN,964.020000,209.010000
NaN,NaN,NaN,NaN,964.020000,209.010000
NaN,NaN,NaN,NaN,964.000000,209.010000
NaN,NaN,NaN,NaN,964.010000,209.020000
NaN,NaN,NaN,NaN,964.020000,209.010000
NaN,NaN,NaN,NaN,964.010000,209.000000
NaN,NaN,NaN,NaN,964.020000,208.990000
NaN,NaN,NaN,NaN,964.040000,209.000000
NaN,NaN,NaN,NaN,964.030000,209.000000
NaN,NaN,NaN,NaN,964.040000,209.000000
NaN,NaN,NaN,NaN,964.040000,209.010000
NaN,NaN,NaN,NaN,964.020000,209.010000
NaN,NaN,NaN,NaN,964.030000,209.000000
NaN,NaN,NaN,NaN,964.040000,209.000000
NaN,NaN,NaN,NaN,964.020000,209.000000
NaN,NaN,NaN,NaN,964.020000,209.000000
NaN,NaN,NaN,NaN,964.030000,209.000000
NaN,NaN,NaN,NaN,964.020000,209.010000
NaN,NaN,NaN,NaN,964.040000,209.010000
NaN,NaN,NaN,NaN,964.020000,209.000000
NaN,NaN,NaN,NaN,964.030000,209.000000
NaN,NaN,NaN,NaN,964.020000,209.000000
NaN,NaN,NaN,NaN,964.030000,209.000000
NaN,NaN,NaN,NaN,964.050000,209.010000
NaN,NaN,NaN,NaN,964.030000,209.000000
NaN,NaN,NaN,NaN,964.030000,209.000000
NaN,NaN,NaN,NaN,964.030000,209.000000
NaN,NaN,NaN,NaN,964.020000,209.010000
NaN,NaN,NaN,NaN,964.030000,209.000000
NaN,NaN,NaN,NaN,964.030000,209.000000
NaN,NaN,NaN,NaN,964.030000,208.990000
NaN,NaN,NaN,NaN,964.040000,208.990000
NaN,NaN,NaN,NaN,964.040000,209.000000
NaN,NaN,NaN,NaN,964.020000,208.990000
NaN,NaN,NaN,NaN,964.040000,208.990000
NaN,NaN,NaN,NaN,964.030000,208.990000
NaN,NaN,NaN,NaN,964.020000,208.970000
NaN,NaN,NaN,NaN,964.060000,208.990000
NaN,NaN,NaN,NaN,964.050000,208.990000
NaN,NaN,NaN,NaN,964.040000,209.000000
NaN,NaN,NaN,NaN,964.040000,208.990000
NaN,NaN,NaN,NaN,964.020000,208.990000
NaN,NaN,NaN,NaN,964.020000,208.990000
NaN,NaN,NaN,NaN,964.030000,208.990000
NaN,NaN,NaN,NaN,964.020000,208.990000
NaN,NaN,NaN,NaN,964.050000,208.990000
NaN,NaN,NaN,NaN,964.000000,208.980000
NaN,NaN,NaN,NaN,964.020000,208.990000
NaN,NaN,NaN,NaN,964.020000,208.980000
NaN,NaN,NaN,NaN,964.010000,208.990000
NaN,NaN,NaN,NaN,964.010000,208.990000
NaN,NaN,NaN,NaN,964.020000,208.990000
NaN,NaN,NaN,NaN,964.060000,209.000000
NaN,NaN,NaN,NaN,964.050000,209.000000
NaN,NaN,NaN,NaN,964.040000,209.000000
NaN,NaN,NaN,NaN,964.030000,208.990000
NaN,NaN,NaN,NaN,964.030000,208.990000
NaN,NaN,NaN,NaN,964.030000,208.980000
NaN,NaN,NaN,NaN,964.030000,208.980000
NaN,NaN,NaN,NaN,964.020000,208.990000
NaN,NaN,NaN,NaN,964.030000,208.980000
NaN,NaN,NaN,NaN,964.030000,208.990000
NaN,NaN,NaN,NaN,964.030000,208.990000
NaN,NaN,NaN,NaN,964.030000,208.990000
NaN,NaN,NaN,NaN,964.010000,208.980000
NaN,NaN,NaN,NaN,964.020000,208.980000
NaN,NaN,NaN,NaN,964.020000,208.980000
NaN,NaN,NaN,NaN,963.990000,208.990000
NaN,NaN,NaN,NaN,964.010000,208.990000
NaN,NaN,NaN,NaN,964.040000,208.980000
NaN,NaN,NaN,NaN,964.020000,208.980000
NaN,NaN,NaN,NaN,964.020000,208.970000
NaN,NaN,NaN,NaN,964.020000,208.990000
NaN,NaN,NaN,NaN,964.030000,208.970000
NaN,NaN,NaN,NaN,964.020000,208.970000
NaN,NaN,NaN,NaN,964.040000,208.980000
NaN,NaN,NaN,NaN,964.040000,208.990000
NaN,NaN,NaN,NaN,964.030000,208.970000
NaN,NaN,NaN,NaN,964.030000,208.980000
NaN,NaN,NaN,NaN,964.060000,208.980000
NaN,NaN,NaN,NaN,964.040000,208.980000
NaN,NaN,NaN,NaN,964.040000,208.970000
NaN,NaN,NaN,NaN,964.020000,208.980000
NaN,NaN,NaN,NaN,963.990000,208.970000
NaN,NaN,NaN,NaN,964.000000,208.970000
NaN,NaN,NaN,NaN,964.020000,208.970000
NaN,NaN,NaN,NaN,964.040000,208.970000
NaN,NaN,NaN,NaN,964.020000,208.950000
NaN,NaN,NaN,NaN,964.010000,208.970000
NaN,NaN,NaN,NaN,964.020000,208.960000
NaN,NaN,NaN,NaN,964.030000,208.950000
NaN,NaN,NaN,NaN,964.050000,208.940000
NaN,NaN,NaN,NaN,964.020000,208.950000
NaN,NaN,NaN,NaN,964.020000,208.940000
NaN,NaN,NaN,NaN,964.030000,208.960000
NaN,NaN,NaN,NaN,964.030000,208.950000
NaN,NaN,NaN,NaN,964.030000,208.940000
NaN,NaN,NaN,NaN,964.070000,208.950000
NaN,NaN,NaN,NaN,964.060000,208.950000
NaN,NaN,NaN,NaN,964.030000,208.940000
NaN,NaN,NaN,NaN,964.040000,208.940000
NaN,NaN,NaN,NaN,964.030000,208.950000
NaN,NaN,NaN,NaN,964.040000,208.940000
NaN,NaN,NaN,NaN,964.050000,208.940000
NaN,NaN,NaN,NaN,964.060000,208.950000
NaN,NaN,NaN,NaN,964.070000,208.940000
NaN,NaN,NaN,NaN,964.060000,208.940000
NaN,NaN,NaN,NaN,964.050000,208.940000
NaN,NaN,NaN,NaN,964.060000,208.930000
NaN,NaN,NaN,NaN,964.060000,208.930000
NaN,NaN,NaN,NaN,964.080000,208.930000
NaN,NaN,NaN,NaN,964.060000,208.930000
NaN,NaN,NaN,NaN,964.100000,208.930000
NaN,NaN,NaN,NaN,964.100000,208.940000
NaN,NaN,NaN,NaN,964.090000,208.940000
NaN,NaN,NaN,NaN,964.110000,208.930000
NaN,NaN,NaN,NaN,964.100000,208.920000
NaN,NaN,NaN,NaN,964.090000,208.930000
NaN,NaN,NaN,NaN,964.110000,208.950000
NaN,NaN,NaN,NaN,964.120000,208.930000
NaN,NaN,NaN,NaN,964.120000,208.930000
NaN,NaN,NaN,NaN,964.130000,208.930000
NaN,NaN,NaN,NaN,964.130000,208.920000
NaN,NaN,NaN,NaN,964.140000,208.920000
NaN,NaN,NaN,NaN,964.130000,208.920000
NaN,NaN,NaN,NaN,964.130000,208.920000
NaN,NaN,NaN,NaN,964.110000,208.910000
NaN,NaN,NaN,NaN,964.150000,208.910000
NaN,NaN,NaN,NaN,964.150000,208.890000
NaN,NaN,NaN,NaN,964.130000,208.890000
NaN,NaN,NaN,NaN,964.130000,208.890000
NaN,NaN,NaN,NaN,964.120000,208.900000
NaN,NaN,NaN,NaN,964.150000,208.910000
NaN,NaN,NaN,NaN,964.200000,208.900000
NaN,NaN,NaN,NaN,964.200000,208.910000
NaN,NaN,NaN,NaN,964.210000,208.890000
NaN,NaN,NaN,NaN,964.190000,208.900000
NaN,NaN,NaN,NaN,964.200000,208.900000
NaN,NaN,NaN,NaN,964.200000,208.900000
NaN,NaN,NaN,NaN,964.190000,208.910000
NaN,NaN,NaN,NaN,964.200000,208.890000
NaN,NaN,NaN,NaN,964.210000,208.890000
NaN,NaN,NaN,NaN,964.220000,208.900000
NaN,NaN,NaN,NaN,964.220000,208.890000
NaN,NaN,NaN,NaN,964.200000,208.890000
NaN,NaN,NaN,NaN,964.210000,208.900000
NaN,NaN,NaN,NaN,964.230000,208.900000
NaN,NaN,NaN,NaN,964.230000,208.900000
NaN,NaN,NaN,NaN,964.230000,208.900000
NaN,NaN,NaN,NaN,964.240000,208.900000
NaN,NaN,NaN,NaN,964.250000,208.890000
NaN,NaN,NaN,NaN,964.250000,208.870000
NaN,NaN,NaN,NaN,964.250000,208.880000
NaN,NaN,NaN,NaN,964.240000,208.900000
NaN,NaN,NaN,NaN,964.250000,208.890000
NaN,NaN,NaN,NaN,964.270000,208.880000
NaN,NaN,NaN,NaN,964.280000,208.890000
NaN,NaN,NaN,NaN,964.280000,208.870000
NaN,NaN,NaN,NaN,964.280000,208.890000
NaN,NaN,NaN,NaN,964.290000,208.890000
NaN,NaN,NaN,NaN,964.300000,208.900000
NaN,NaN,NaN,NaN,964.290000,208.900000
NaN,NaN,NaN,NaN,964.280000,208.900000
NaN,NaN,NaN,NaN,964.290000,208.900000
NaN,NaN,NaN,NaN,964.300000,208.890000
NaN,NaN,NaN,NaN,964.330000,208.900000
NaN,NaN,NaN,NaN,964.320000,208.890000
NaN,NaN,NaN,NaN,964.340000,208.880000
NaN,NaN,NaN,NaN,964.340000,208.890000
NaN,NaN,NaN,NaN,964.340000,208.890000
NaN,NaN,NaN,NaN,964.330000,208.890000
NaN,NaN,NaN,NaN,964.330000,208.880000
NaN,NaN,NaN,NaN,964.350000,208.890000
NaN,NaN,NaN,NaN,964.350000,208.880000
NaN,NaN,NaN,NaN,964.390000,208.890000
NaN,NaN,NaN,NaN,964.370000,208.890000
NaN,NaN,NaN,NaN,964.370000,208.890000
NaN,NaN,NaN,NaN,964.370000,208.890000
NaN,NaN,NaN,NaN,964.370000,208.870000
NaN,NaN,NaN,NaN,964.370000,208.890000
NaN,NaN,NaN,NaN,964.420000,208.870000
NaN,NaN,NaN,NaN,964.400000,208.880000
NaN,NaN,NaN,NaN,964.440000,208.870000
NaN,NaN,NaN,NaN,964.430000,208.870000
NaN,NaN,NaN,NaN,964.400000,208.870000
NaN,NaN,NaN,NaN,964.410000,208.880000
NaN,NaN,NaN,NaN,964.400000,208.880000
NaN,NaN,NaN,NaN,964.430000,208.880000
NaN,NaN,NaN,NaN,964.450000,208.860000
NaN,NaN,NaN,NaN,964.400000,208.870000
NaN,NaN,NaN,NaN,964.410000,208.860000
NaN,NaN,NaN,NaN,964.410000,208.860000
NaN,NaN,NaN,NaN,964.420000,208.850000
NaN,NaN,NaN,NaN,964.430000,208.850000
NaN,NaN,NaN,NaN,964.420000,208.860000
NaN,NaN,NaN,NaN,962.509922,209.363006
NaN,NaN,NaN,NaN,962.870000,209.670000
NaN,NaN,NaN,NaN,963.050000,209.680000
NaN,NaN,NaN,NaN,963.070000,209.680000
NaN,NaN,NaN,NaN,963.060000,209.660000
NaN,NaN,NaN,NaN,963.060000,209.680000
NaN,NaN,NaN,NaN,963.070000,209.680000
NaN,NaN,NaN,NaN,963.080000,209.710000
NaN,NaN,NaN,NaN,963.080000,209.670000
NaN,NaN,NaN,NaN,963.090000,209.670000
NaN,NaN,NaN,NaN,963.090000,209.690000
NaN,NaN,NaN,NaN,963.100000,209.680000
NaN,NaN,NaN,NaN,963.120000,209.680000
NaN,NaN,NaN,NaN,963.120000,209.670000
NaN,NaN,NaN,NaN,963.110000,209.670000
NaN,NaN,NaN,NaN,963.110000,209.670000
NaN,NaN,NaN,NaN,963.130000,209.680000
NaN,NaN,NaN,NaN,963.130000,209.670000
NaN,NaN,NaN,NaN,963.110000,209.670000
NaN,NaN,NaN,NaN,963.130000,209.670000
NaN,NaN,NaN,NaN,963.130000,209.660000
NaN,NaN,NaN,NaN,963.130000,209.660000
NaN,NaN,NaN,NaN,963.130000,209.640000
NaN,NaN,NaN,NaN,963.140000,209.650000
NaN,NaN,NaN,NaN,963.150000,209.630000
NaN,NaN,NaN,NaN,963.160000,209.640000
NaN,NaN,NaN,NaN,963.140000,209.650000
NaN,NaN,NaN,NaN,963.180000,209.660000
NaN,NaN,NaN,NaN,963.180000,209.660000
NaN,NaN,NaN,NaN,963.180000,209.650000
NaN,NaN,NaN,NaN,963.140000,209.640000
NaN,NaN,NaN,NaN,963.150000,209.630000
NaN,NaN,NaN,NaN,963.140000,209.620000
NaN,NaN,NaN,NaN,963.150000,209.630000
NaN,NaN,NaN,NaN,963.160000,209.610000
NaN,NaN,NaN,NaN,963.170000,209.620000
NaN,NaN,NaN,NaN,963.180000,209.630000
NaN,NaN,NaN,NaN,963.210000,209.670000
NaN,NaN,NaN,NaN,963.170000,209.660000
NaN,NaN,NaN,NaN,963.190000,209.630000
NaN,NaN,NaN,NaN,963.210000,209.630000
NaN,NaN,NaN,NaN,963.180000,209.630000
NaN,NaN,NaN,NaN,963.190000,209.640000
NaN,NaN,NaN,NaN,963.190000,209.600000
NaN,NaN,NaN,NaN,963.200000,209.640000
NaN,NaN,NaN,NaN,963.210000,209.640000
NaN,NaN,NaN,NaN,963.210000,209.630000
NaN,NaN,NaN,NaN,963.230000,209.630000
NaN,NaN,NaN,NaN,963.230000,209.620000
NaN,NaN,NaN,NaN,963.230000,209.610000
NaN,NaN,NaN,NaN,963.230000,209.610000
NaN,NaN,NaN,NaN,963.240000,209.610000
NaN,NaN,NaN,NaN,963.270000,209.580000
NaN,NaN,NaN,NaN,963.230000,209.550000
NaN,NaN,NaN,NaN,963.220000,209.550000
NaN,NaN,NaN,NaN,963.230000,209.530000
NaN,NaN,NaN,NaN,963.230000,209.530000
NaN,NaN,NaN,NaN,963.220000,209.580000
NaN,NaN,NaN,NaN,963.230000,209.570000
NaN,NaN,NaN,NaN,963.230000,209.590000
NaN,NaN,NaN,NaN,963.250000,209.550000
NaN,NaN,NaN,NaN,963.230000,209.550000
NaN,NaN,NaN,NaN,963.270000,209.530000
NaN,NaN,NaN,NaN,963.260000,209.510000
NaN,NaN,NaN,NaN,963.210000,208.920000
NaN,NaN,NaN,NaN,963.180000,208.200000
NaN,NaN,NaN,NaN,963.170000,208.180000
NaN,NaN,NaN,NaN,963.180000,208.160000
NaN,NaN,NaN,NaN,963.190000,208.170000
NaN,NaN,NaN,NaN,963.200000,208.160000
NaN,NaN,NaN,NaN,963.190000,208.170000
NaN,NaN,NaN,NaN,963.220000,208.160000
NaN,NaN,NaN,NaN,963.220000,208.160000
NaN,NaN,NaN,NaN,963.220000,208.160000
NaN,NaN,NaN,NaN,963.230000,208.160000
NaN,NaN,NaN,NaN,963.220000,208.160000
NaN,NaN,NaN,NaN,963.210000,208.180000
NaN,NaN,NaN,NaN,963.210000,208.180000
NaN,NaN,NaN,NaN,963.200000,208.160000
NaN,NaN,NaN,NaN,963.230000,208.150000
NaN,NaN,NaN,NaN,963.240000,208.150000
NaN,NaN,NaN,NaN,963.240000,208.140000
NaN,NaN,NaN,NaN,963.240000,208.150000
NaN,NaN,NaN,NaN,963.240000,208.140000
NaN,NaN,NaN,NaN,963.250000,208.140000
NaN,NaN,NaN,NaN,963.270000,208.150000
NaN,NaN,NaN,NaN,963.260000,208.140000
NaN,NaN,NaN,NaN,963.250000,208.140000
NaN,NaN,NaN,NaN,963.240000,208.130000
NaN,NaN,NaN,NaN,963.260000,208.140000
NaN,NaN,NaN,NaN,963.270000,208.120000
NaN,NaN,NaN,NaN,963.270000,208.140000
NaN,NaN,NaN,NaN,963.270000,208.110000
NaN,NaN,NaN,NaN,963.270000,208.110000
NaN,NaN,NaN,NaN,963.260000,208.120000
NaN,NaN,NaN,NaN,963.270000,208.120000
NaN,NaN,NaN,NaN,963.260000,208.110000
NaN,NaN,NaN,NaN,963.270000,208.110000
NaN,NaN,NaN,NaN,963.310000,208.100000
NaN,NaN,NaN,NaN,963.310000,208.100000
NaN,NaN,NaN,NaN,963.300000,208.100000
NaN,NaN,NaN,NaN,963.320000,208.090000
NaN,NaN,NaN,NaN,963.350000,208.080000
NaN,NaN,NaN,NaN,963.310000,208.080000
NaN,NaN,NaN,NaN,963.320000,208.070000
NaN,NaN,NaN,NaN,963.330000,208.060000
NaN,NaN,NaN,NaN,963.310000,208.070000
NaN,NaN,NaN,NaN,963.300000,208.070000
NaN,NaN,NaN,NaN,963.300000,208.080000
NaN,NaN,NaN,NaN,963.310000,208.060000
NaN,NaN,NaN,NaN,963.340000,208.050000
NaN,NaN,NaN,NaN,963.360000,208.050000
NaN,NaN,NaN,NaN,963.390000,208.040000
NaN,NaN,NaN,NaN,963.400000,208.040000
NaN,NaN,NaN,NaN,963.390000,208.030000
NaN,NaN,NaN,NaN,963.380000,208.030000
NaN,NaN,NaN,NaN,963.400000,208.030000
NaN,NaN,NaN,NaN,963.420000,208.020000
NaN,NaN,NaN,NaN,963.420000,208.010000
NaN,NaN,NaN,NaN,963.410000,208.030000
NaN,NaN,NaN,NaN,963.400000,208.020000
NaN,NaN,NaN,NaN,963.390000,208.010000
NaN,NaN,NaN,NaN,963.400000,208.010000
NaN,NaN,NaN,NaN,963.400000,208.010000
NaN,NaN,NaN,NaN,963.410000,208.010000
NaN,NaN,NaN,NaN,963.410000,208.010000
NaN,NaN,NaN,NaN,963.440000,208.010000
NaN,NaN,NaN,NaN,963.450000,207.990000
NaN,NaN,NaN,NaN,963.470000,208.000000
NaN,NaN,NaN,NaN,963.470000,207.990000
NaN,NaN,NaN,NaN,963.440000,208.000000
NaN,NaN,NaN,NaN,963.450000,207.990000
NaN,NaN,NaN,NaN,963.450000,207.990000
NaN,NaN,NaN,NaN,963.440000,207.990000
NaN,NaN,NaN,NaN,963.460000,207.990000
NaN,NaN,NaN,NaN,963.490000,207.990000
NaN,NaN,NaN,NaN,963.830000,207.990000
NaN,NaN,NaN,NaN,963.790000,207.970000
NaN,NaN,NaN,NaN,963.810000,207.980000
NaN,NaN,NaN,NaN,963.820000,207.970000
NaN,NaN,NaN,NaN,963.840000,207.970000
NaN,NaN,NaN,NaN,963.860000,207.980000
NaN,NaN,NaN,NaN,963.840000,207.970000
NaN,NaN,NaN,NaN,963.840000,207.980000
NaN,NaN,NaN,NaN,963.840000,207.980000
NaN,NaN,NaN,NaN,963.860000,207.970000
NaN,NaN,NaN,NaN,963.860000,207.960000
NaN,NaN,NaN,NaN,963.820000,207.970000
NaN,NaN,NaN,NaN,963.840000,207.970000
NaN,NaN,NaN,NaN,963.840000,207.980000
NaN,NaN,NaN,NaN,963.860000,207.970000
NaN,NaN,NaN,NaN,963.870000,207.960000
NaN,NaN,NaN,NaN,963.860000,207.950000
NaN,NaN,NaN,NaN,963.870000,207.960000
NaN,NaN,NaN,NaN,963.880000,207.950000
NaN,NaN,NaN,NaN,963.900000,207.970000
NaN,NaN,NaN,NaN,963.850000,207.960000
NaN,NaN,NaN,NaN,963.880000,207.930000
NaN,NaN,NaN,NaN,963.860000,207.950000
NaN,NaN,NaN,NaN,963.880000,207.950000
NaN,NaN,NaN,NaN,963.900000,207.950000
NaN,NaN,NaN,NaN,963.870000,207.950000
NaN,NaN,NaN,NaN,963.880000,207.950000
NaN,NaN,NaN,NaN,963.870000,207.940000
NaN,NaN,NaN,NaN,963.880000,207.950000
NaN,NaN,NaN,NaN,963.880000,207.950000
NaN,NaN,NaN,NaN,963.880000,207.940000
NaN,NaN,NaN,NaN,963.880000,207.930000
NaN,NaN,NaN,NaN,963.890000,207.940000
NaN,NaN,NaN,NaN,963.900000,207.940000
NaN,NaN,NaN,NaN,963.900000,207.930000
NaN,NaN,NaN,NaN,963.910000,207.930000
NaN,NaN,NaN,NaN,963.930000,207.920000
NaN,NaN,NaN,NaN,963.910000,207.920000
NaN,NaN,NaN,NaN,963.900000,207.930000
NaN,NaN,NaN,NaN,963.920000,207.930000
NaN,NaN,NaN,NaN,963.890000,207.930000
NaN,NaN,NaN,NaN,963.910000,207.930000
NaN,NaN,NaN,NaN,963.910000,207.920000
NaN,NaN,NaN,NaN,963.910000,207.920000
NaN,NaN,NaN,NaN,963.920000,207.920000
NaN,NaN,NaN,NaN,963.910000,207.910000
NaN,NaN,NaN,NaN,963.910000,207.910000
NaN,NaN,NaN,NaN,963.950000,207.920000
NaN,NaN,NaN,NaN,963.930000,207.900000
NaN,NaN,NaN,NaN,963.950000,207.890000
NaN,NaN,NaN,NaN,963.930000,207.910000
NaN,NaN,NaN,NaN,963.940000,207.890000
NaN,NaN,NaN,NaN,963.960000,207.880000
NaN,NaN,NaN,NaN,963.950000,207.890000
NaN,NaN,NaN,NaN,963.950000,207.910000
NaN,NaN,NaN,NaN,963.950000,207.900000
NaN,NaN,NaN,NaN,963.950000,207.900000
NaN,NaN,NaN,NaN,963.940000,207.890000
NaN,NaN,NaN,NaN,963.960000,207.890000
NaN,NaN,NaN,NaN,963.940000,207.890000
NaN,NaN,NaN,NaN,963.930000,207.880000
NaN,NaN,NaN,NaN,963.950000,207.890000
NaN,NaN,NaN,NaN,963.980000,207.900000
NaN,NaN,NaN,NaN,963.950000,207.900000
NaN,NaN,NaN,NaN,963.970000,207.900000
NaN,NaN,NaN,NaN,963.980000,207.880000
NaN,NaN,NaN,NaN,963.960000,207.870000
NaN,NaN,NaN,NaN,963.960000,207.860000
NaN,NaN,NaN,NaN,963.970000,207.850000
NaN,NaN,NaN,NaN,963.980000,207.860000
NaN,NaN,NaN,NaN,963.970000,207.850000
NaN,NaN,NaN,NaN,964.000000,207.860000
NaN,NaN,NaN,NaN,963.980000,207.860000
NaN,NaN,NaN,NaN,963.970000,207.850000
NaN,NaN,NaN,NaN,963.960000,207.850000
NaN,NaN,NaN,NaN,963.980000,207.850000
NaN,NaN,NaN,NaN,963.980000,207.850000
NaN,NaN,NaN,NaN,963.970000,207.850000
NaN,NaN,NaN,NaN,963.970000,207.860000
NaN,NaN,NaN,NaN,963.990000,207.850000
NaN,NaN,NaN,NaN,963.980000,207.840000
NaN,NaN,NaN,NaN,963.990000,207.870000
NaN,NaN,NaN,NaN,963.990000,207.850000
NaN,NaN,NaN,NaN,963.980000,207.850000
NaN,NaN,NaN,NaN,964.020000,207.850000
NaN,NaN,NaN,NaN,963.990000,207.850000
NaN,NaN,NaN,NaN,964.010000,207.850000
NaN,NaN,NaN,NaN,964.010000,207.850000
NaN,NaN,NaN,NaN,963.990000,207.840000
NaN,NaN,NaN,NaN,964.000000,207.840000
NaN,NaN,NaN,NaN,963.980000,207.850000
NaN,NaN,NaN,NaN,964.020000,207.840000
NaN,NaN,NaN,NaN,964.000000,207.840000
NaN,NaN,NaN,NaN,963.990000,207.830000
NaN,NaN,NaN,NaN,964.020000,207.830000
NaN,NaN,NaN,NaN,963.990000,207.840000
NaN,NaN,NaN,NaN,963.970000,207.800000
NaN,NaN,NaN,NaN,963.990000,207.810000
NaN,NaN,NaN,NaN,963.980000,207.820000
NaN,NaN,NaN,NaN,964.000000,207.830000
NaN,NaN,NaN,NaN,963.990000,207.820000
NaN,NaN,NaN,NaN,964.010000,207.810000
NaN,NaN,NaN,NaN,963.970000,207.810000
NaN,NaN,NaN,NaN,963.980000,207.820000
NaN,NaN,NaN,NaN,964.010000,207.810000
NaN,NaN,NaN,NaN,964.000000,207.820000
NaN,NaN,NaN,NaN,964.020000,207.820000
NaN,NaN,NaN,NaN,964.000000,207.810000
NaN,NaN,NaN,NaN,963.990000,207.800000
NaN,NaN,NaN,NaN,964.000000,207.800000
NaN,NaN,NaN,NaN,964.030000,207.810000
NaN,NaN,NaN,NaN,964.000000,207.800000
NaN,NaN,NaN,NaN,964.000000,207.830000
NaN,NaN,NaN,NaN,964.010000,207.810000
NaN,NaN,NaN,NaN,964.010000,207.820000
NaN,NaN,NaN,NaN,964.010000,207.800000
NaN,NaN,NaN,NaN,964.020000,207.800000
NaN,NaN,NaN,NaN,964.010000,207.790000
NaN,NaN,NaN,NaN,964.040000,207.780000
NaN,NaN,NaN,NaN,964.030000,207.780000
NaN,NaN,NaN,NaN,964.040000,207.800000
NaN,NaN,NaN,NaN,964.040000,207.780000
NaN,NaN,NaN,NaN,964.030000,207.780000
NaN,NaN,NaN,NaN,964.030000,207.790000
NaN,NaN,NaN,NaN,964.030000,207.770000
NaN,NaN,NaN,NaN,964.040000,207.790000
NaN,NaN,NaN,NaN,964.050000,207.790000
NaN,NaN,NaN,NaN,964.030000,207.790000
NaN,NaN,NaN,NaN,964.030000,207.790000
NaN,NaN,NaN,NaN,964.020000,207.780000
NaN,NaN,NaN,NaN,964.040000,207.800000
NaN,NaN,NaN,NaN,964.030000,207.790000
NaN,NaN,NaN,NaN,964.040000,207.780000
NaN,NaN,NaN,NaN,964.050000,207.790000
NaN,NaN,NaN,NaN,964.050000,207.780000
NaN,NaN,NaN,NaN,964.050000,207.800000
NaN,NaN,NaN,NaN,964.070000,207.790000
NaN,NaN,NaN,NaN,964.070000,207.780000
NaN,NaN,NaN,NaN,964.070000,207.760000
NaN,NaN,NaN,NaN,964.080000,207.760000
NaN,NaN,NaN,NaN,964.080000,207.750000
NaN,NaN,NaN,NaN,964.080000,207.770000
NaN,NaN,NaN,NaN,964.080000,207.770000
NaN,NaN,NaN,NaN,964.060000,207.770000
NaN,NaN,NaN,NaN,964.090000,207.750000
NaN,NaN,NaN,NaN,964.080000,207.760000
NaN,NaN,NaN,NaN,964.090000,207.750000
NaN,NaN,NaN,NaN,964.080000,207.780000
NaN,NaN,NaN,NaN,964.080000,207.790000
NaN,NaN,NaN,NaN,964.080000,207.790000
NaN,NaN,NaN,NaN,964.090000,207.770000
NaN,NaN,NaN,NaN,964.090000,207.780000
NaN,NaN,NaN,NaN,964.060000,207.780000
NaN,NaN,NaN,NaN,964.070000,207.780000
NaN,NaN,NaN,NaN,964.080000,207.770000
NaN,NaN,NaN,NaN,964.090000,207.770000
NaN,NaN,NaN,NaN,964.070000,207.760000
NaN,NaN,NaN,NaN,964.080000,207.760000
NaN,NaN,NaN,NaN,964.080000,207.770000
NaN,NaN,NaN,NaN,964.070000,207.770000
NaN,NaN,NaN,NaN,964.080000,207.790000
NaN,NaN,NaN,NaN,964.100000,207.790000
NaN,NaN,NaN,NaN,964.070000,207.770000
NaN,NaN,NaN,NaN,964.140000,207.780000
NaN,NaN,NaN,NaN,964.110000,207.780000
NaN,NaN,NaN,NaN,964.100000,207.780000
NaN,NaN,NaN,NaN,964.100000,207.770000
NaN,NaN,NaN,NaN,964.080000,207.780000
NaN,NaN,NaN,NaN,964.080000,207.780000
NaN,NaN,NaN,NaN,964.060000,207.800000
NaN,NaN,NaN,NaN,964.090000,207.790000
NaN,NaN,NaN,NaN,964.070000,207.780000
NaN,NaN,NaN,NaN,964.080000,207.790000
NaN,NaN,NaN,NaN,964.070000,207.810000
NaN,NaN,NaN,NaN,964.100000,207.810000
NaN,NaN,NaN,NaN,964.070000,207.780000
NaN,NaN,NaN,NaN,964.080000,207.780000
NaN,NaN,NaN,NaN,964.070000,207.790000
NaN,NaN,NaN,NaN,964.100000,207.780000
NaN,NaN,NaN,NaN,964.100000,207.770000
NaN,NaN,NaN,NaN,964.070000,207.750000
NaN,NaN,NaN,NaN,964.070000,207.740000
NaN,NaN,NaN,NaN,964.060000,207.750000
NaN,NaN,NaN,NaN,964.060000,207.750000
NaN,NaN,NaN,NaN,964.050000,207.740000
NaN,NaN,NaN,NaN,964.060000,207.740000
NaN,NaN,NaN,NaN,964.080000,207.740000
NaN,NaN,NaN,NaN,964.070000,207.740000
NaN,NaN,NaN,NaN,964.050000,207.750000
NaN,NaN,NaN,NaN,964.070000,207.770000
NaN,NaN,NaN,NaN,964.080000,207.760000
NaN,NaN,NaN,NaN,964.090000,207.750000
NaN,NaN,NaN,NaN,964.080000,207.740000
NaN,NaN,NaN,NaN,964.080000,207.750000
NaN,NaN,NaN,NaN,964.090000,207.770000
NaN,NaN,NaN,NaN,964.080000,207.770000
NaN,NaN,NaN,NaN,964.060000,207.750000
NaN,NaN,NaN,NaN,964.050000,207.750000
NaN,NaN,NaN,NaN,964.050000,207.750000
NaN,NaN,NaN,NaN,964.080000,207.740000
NaN,NaN,NaN,NaN,964.080000,207.730000
NaN,NaN,NaN,NaN,964.100000,207.740000
NaN,NaN,NaN,NaN,964.080000,207.740000
NaN,NaN,NaN,NaN,964.040000,207.740000
NaN,NaN,NaN,NaN,964.100000,207.750000
NaN,NaN,NaN,NaN,964.070000,207.730000
NaN,NaN,NaN,NaN,964.080000,207.740000
NaN,NaN,NaN,NaN,964.090000,207.730000
NaN,NaN,NaN,NaN,964.100000,207.750000
NaN,NaN,NaN,NaN,964.050000,207.720000
NaN,NaN,NaN,NaN,964.070000,207.750000
NaN,NaN,NaN,NaN,964.080000,207.750000
NaN,NaN,NaN,NaN,964.090000,207.750000
NaN,NaN,NaN,NaN,964.110000,207.740000
NaN,NaN,NaN,NaN,964.110000,207.720000
NaN,NaN,NaN,NaN,964.130000,207.730000
NaN,NaN,NaN,NaN,964.090000,207.740000
NaN,NaN,NaN,NaN,964.110000,207.720000
NaN,NaN,NaN,NaN,964.100000,207.730000
NaN,NaN,NaN,NaN,964.100000,207.750000
NaN,NaN,NaN,NaN,964.080000,207.750000
NaN,NaN,NaN,NaN,964.476856,206.211080
NaN,NaN,NaN,NaN,964.120000,205.360000
NaN,NaN,NaN,NaN,963.900000,204.800000
NaN,NaN,NaN,NaN,963.920000,204.700000
NaN,NaN,NaN,NaN,963.950000,204.680000
NaN,NaN,NaN,NaN,963.990000,205.310000
NaN,NaN,NaN,NaN,964.030000,205.990000
NaN,NaN,NaN,NaN,964.070000,206.650000
NaN,NaN,NaN,NaN,964.070000,206.660000
NaN,NaN,NaN,NaN,964.070000,206.660000
NaN,NaN,NaN,NaN,964.110000,206.700000
NaN,NaN,NaN,NaN,964.080000,206.720000
NaN,NaN,NaN,NaN,964.080000,206.690000
NaN,NaN,NaN,NaN,964.100000,206.700000
NaN,NaN,NaN,NaN,964.110000,206.700000
NaN,NaN,NaN,NaN,964.100000,206.700000
NaN,NaN,NaN,NaN,964.100000,206.720000
NaN,NaN,NaN,NaN,964.110000,206.680000
NaN,NaN,NaN,NaN,964.110000,206.660000
NaN,NaN,NaN,NaN,964.110000,206.660000
NaN,NaN,NaN,NaN,964.090000,206.670000
NaN,NaN,NaN,NaN,964.090000,206.650000
NaN,NaN,NaN,NaN,964.110000,206.660000
NaN,NaN,NaN,NaN,964.100000,206.640000
NaN,NaN,NaN,NaN,964.090000,206.640000
NaN,NaN,NaN,NaN,964.110000,206.630000
NaN,NaN,NaN,NaN,964.110000,206.660000
NaN,NaN,NaN,NaN,964.090000,206.650000
NaN,NaN,NaN,NaN,964.110000,206.640000
NaN,NaN,NaN,NaN,964.100000,206.640000
NaN,NaN,NaN,NaN,964.110000,206.630000
NaN,NaN,NaN,NaN,964.120000,206.610000
NaN,NaN,NaN,NaN,964.120000,206.610000
NaN,NaN,NaN,NaN,964.130000,206.600000
NaN,NaN,NaN,NaN,964.120000,206.620000
NaN,NaN,NaN,NaN,964.110000,206.630000
NaN,NaN,NaN,NaN,964.120000,206.610000
NaN,NaN,NaN,NaN,964.110000,206.630000
NaN,NaN,NaN,NaN,964.110000,206.630000
NaN,NaN,NaN,NaN,964.150000,206.640000
NaN,NaN,NaN,NaN,964.130000,206.640000
NaN,NaN,NaN,NaN,964.150000,206.620000
NaN,NaN,NaN,NaN,964.100000,206.610000
NaN,NaN,NaN,NaN,964.120000,206.600000
NaN,NaN,NaN,NaN,964.120000,206.590000
NaN,NaN,NaN,NaN,964.140000,206.590000
NaN,NaN,NaN,NaN,964.140000,206.590000
NaN,NaN,NaN,NaN,964.150000,206.600000
NaN,NaN,NaN,NaN,964.100000,206.610000
NaN,NaN,NaN,NaN,964.100000,206.610000
NaN,NaN,NaN,NaN,964.160000,206.560000
NaN,NaN,NaN,NaN,964.120000,206.580000
NaN,NaN,NaN,NaN,964.150000,206.560000
NaN,NaN,NaN,NaN,964.160000,206.550000
NaN,NaN,NaN,NaN,964.140000,206.530000
NaN,NaN,NaN,NaN,964.160000,206.600000
NaN,NaN,NaN,NaN,964.140000,206.610000
NaN,NaN,NaN,NaN,964.140000,206.580000
NaN,NaN,NaN,NaN,964.130000,206.570000
NaN,NaN,NaN,NaN,964.130000,206.550000
NaN,NaN,NaN,NaN,964.120000,206.570000
NaN,NaN,NaN,NaN,964.120000,206.490000
NaN,NaN,NaN,NaN,964.060000,205.860000
NaN,NaN,NaN,NaN,964.000000,205.100000
NaN,NaN,NaN,NaN,963.980000,204.350000
NaN,NaN,NaN,NaN,963.990000,204.360000
NaN,NaN,NaN,NaN,963.980000,204.330000
NaN,NaN,NaN,NaN,963.990000,204.360000
NaN,NaN,NaN,NaN,963.970000,204.360000
NaN,NaN,NaN,NaN,963.950000,204.370000
NaN,NaN,NaN,NaN,963.970000,204.350000
NaN,NaN,NaN,NaN,963.980000,204.350000
NaN,NaN,NaN,NaN,963.940000,204.320000
NaN,NaN,NaN,NaN,963.970000,204.310000
NaN,NaN,NaN,NaN,963.970000,204.300000
NaN,NaN,NaN,NaN,963.970000,204.320000
NaN,NaN,NaN,NaN,963.960000,204.330000
NaN,NaN,NaN,NaN,963.950000,204.320000
NaN,NaN,NaN,NaN,963.950000,204.310000
NaN,NaN,NaN,NaN,963.970000,204.320000
NaN,NaN,NaN,NaN,963.980000,204.310000
NaN,NaN,NaN,NaN,963.980000,204.270000
NaN,NaN,NaN,NaN,963.970000,204.280000
NaN,NaN,NaN,NaN,963.950000,204.290000
NaN,NaN,NaN,NaN,963.950000,204.290000
NaN,NaN,NaN,NaN,963.940000,204.280000
NaN,NaN,NaN,NaN,963.950000,204.270000
NaN,NaN,NaN,NaN,963.940000,204.270000
NaN,NaN,NaN,NaN,963.960000,204.250000
NaN,NaN,NaN,NaN,963.910000,204.250000
NaN,NaN,NaN,NaN,963.910000,204.240000
NaN,NaN,NaN,NaN,963.940000,204.250000
NaN,NaN,NaN,NaN,963.870000,204.230000
NaN,NaN,NaN,NaN,963.920000,204.220000
NaN,NaN,NaN,NaN,963.920000,204.230000
NaN,NaN,NaN,NaN,963.900000,204.220000
NaN,NaN,NaN,NaN,963.940000,204.220000
NaN,NaN,NaN,NaN,963.880000,204.220000
NaN,NaN,NaN,NaN,963.910000,204.230000
NaN,NaN,NaN,NaN,963.940000,204.220000
NaN,NaN,NaN,NaN,963.980000,204.180000
NaN,NaN,NaN,NaN,963.940000,204.210000
NaN,NaN,NaN,NaN,963.940000,204.210000
NaN,NaN,NaN,NaN,963.930000,204.200000
NaN,NaN,NaN,NaN,963.930000,204.200000
NaN,NaN,NaN,NaN,963.930000,204.200000
NaN,NaN,NaN,NaN,963.910000,204.200000
NaN,NaN,NaN,NaN,963.940000,204.190000
NaN,NaN,NaN,NaN,963.930000,204.190000
NaN,NaN,NaN,NaN,963.940000,204.190000
NaN,NaN,NaN,NaN,963.930000,204.190000
NaN,NaN,NaN,NaN,963.920000,204.180000
NaN,NaN,NaN,NaN,963.940000,204.190000
NaN,NaN,NaN,NaN,963.950000,204.180000
NaN,NaN,NaN,NaN,963.940000,204.170000
NaN,NaN,NaN,NaN,963.910000,204.170000
NaN,NaN,NaN,NaN,963.920000,204.170000
NaN,NaN,NaN,NaN,963.940000,204.150000
NaN,NaN,NaN,NaN,963.950000,204.160000
NaN,NaN,NaN,NaN,963.940000,204.150000
NaN,NaN,NaN,NaN,963.950000,204.160000
NaN,NaN,NaN,NaN,963.930000,204.150000
NaN,NaN,NaN,NaN,963.930000,204.130000
NaN,NaN,NaN,NaN,963.920000,204.140000
NaN,NaN,NaN,NaN,963.940000,204.130000
NaN,NaN,NaN,NaN,963.930000,204.140000
NaN,NaN,NaN,NaN,963.920000,204.150000
NaN,NaN,NaN,NaN,963.920000,204.140000
NaN,NaN,NaN,NaN,963.930000,204.130000
NaN,NaN,NaN,NaN,963.930000,204.130000
NaN,NaN,NaN,NaN,963.890000,204.100000
NaN,NaN,NaN,NaN,963.880000,204.090000
NaN,NaN,NaN,NaN,963.890000,204.090000
NaN,NaN,NaN,NaN,963.890000,204.080000
NaN,NaN,NaN,NaN,963.910000,204.070000
NaN,NaN,NaN,NaN,963.910000,204.080000
NaN,NaN,NaN,NaN,963.920000,204.070000
NaN,NaN,NaN,NaN,963.880000,204.090000
NaN,NaN,NaN,NaN,963.880000,204.070000
NaN,NaN,NaN,NaN,963.880000,204.060000
NaN,NaN,NaN,NaN,963.880000,204.060000
NaN,NaN,NaN,NaN,963.890000,204.060000
NaN,NaN,NaN,NaN,963.880000,204.060000
NaN,NaN,NaN,NaN,963.900000,204.050000
NaN,NaN,NaN,NaN,963.900000,204.060000
NaN,NaN,NaN,NaN,963.910000,204.070000
NaN,NaN,NaN,NaN,963.880000,204.070000
NaN,NaN,NaN,NaN,963.900000,204.050000
NaN,NaN,NaN,NaN,963.930000,204.040000
NaN,NaN,NaN,NaN,963.920000,204.040000
NaN,NaN,NaN,NaN,963.920000,204.040000
NaN,NaN,NaN,NaN,963.920000,204.040000
NaN,NaN,NaN,NaN,963.900000,204.030000
NaN,NaN,NaN,NaN,963.920000,204.040000
NaN,NaN,NaN,NaN,963.950000,204.040000
NaN,NaN,NaN,NaN,963.920000,204.030000
NaN,NaN,NaN,NaN,963.940000,204.050000
NaN,NaN,NaN,NaN,963.940000,204.030000
NaN,NaN,NaN,NaN,963.940000,204.020000
NaN,NaN,NaN,NaN,963.950000,204.020000
NaN,NaN,NaN,NaN,963.890000,204.030000
NaN,NaN,NaN,NaN,963.910000,204.010000
NaN,NaN,NaN,NaN,963.930000,204.010000
NaN,NaN,NaN,NaN,963.950000,204.010000
NaN,NaN,NaN,NaN,963.940000,204.010000
NaN,NaN,NaN,NaN,963.930000,204.010000
NaN,NaN,NaN,NaN,963.940000,204.020000
NaN,NaN,NaN,NaN,963.930000,204.020000
NaN,NaN,NaN,NaN,963.930000,204.010000
NaN,NaN,NaN,NaN,963.940000,204.010000
NaN,NaN,NaN,NaN,963.970000,204.000000
NaN,NaN,NaN,NaN,963.910000,204.010000
NaN,NaN,NaN,NaN,963.950000,203.990000
NaN,NaN,NaN,NaN,963.950000,203.990000
NaN,NaN,NaN,NaN,963.930000,204.010000
NaN,NaN,NaN,NaN,963.940000,204.000000
NaN,NaN,NaN,NaN,963.970000,203.990000
NaN,NaN,NaN,NaN,963.950000,203.990000
NaN,NaN,NaN,NaN,963.960000,203.990000
NaN,NaN,NaN,NaN,963.960000,203.990000
NaN,NaN,NaN,NaN,963.950000,204.000000
NaN,NaN,NaN,NaN,963.970000,204.000000
NaN,NaN,NaN,NaN,963.970000,203.990000
NaN,NaN,NaN,NaN,963.950000,203.980000
NaN,NaN,NaN,NaN,963.950000,203.970000
NaN,NaN,NaN,NaN,963.940000,203.970000
NaN,NaN,NaN,NaN,963.960000,203.950000
NaN,NaN,NaN,NaN,963.960000,203.940000
NaN,NaN,NaN,NaN,963.960000,203.940000
NaN,NaN,NaN,NaN,963.960000,203.950000
NaN,NaN,NaN,NaN,963.920000,203.940000
NaN,NaN,NaN,NaN,963.950000,203.940000
NaN,NaN,NaN,NaN,963.970000,203.940000
NaN,NaN,NaN,NaN,963.960000,203.930000
NaN,NaN,NaN,NaN,964.010000,203.920000
NaN,NaN,NaN,NaN,963.990000,203.930000
NaN,NaN,NaN,NaN,963.970000,203.940000
NaN,NaN,NaN,NaN,963.970000,203.920000
NaN,NaN,NaN,NaN,963.960000,203.920000
NaN,NaN,NaN,NaN,963.950000,203.920000
NaN,NaN,NaN,NaN,963.960000,203.930000
NaN,NaN,NaN,NaN,963.970000,203.920000
NaN,NaN,NaN,NaN,963.960000,203.900000
NaN,NaN,NaN,NaN,963.950000,203.920000
NaN,NaN,NaN,NaN,963.930000,203.930000
NaN,NaN,NaN,NaN,963.930000,203.920000
NaN,NaN,NaN,NaN,963.930000,203.920000
NaN,NaN,NaN,NaN,963.930000,203.920000
NaN,NaN,NaN,NaN,963.950000,203.950000
NaN,NaN,NaN,NaN,963.950000,203.920000
NaN,NaN,NaN,NaN,963.930000,203.920000
NaN,NaN,NaN,NaN,963.940000,203.910000
NaN,NaN,NaN,NaN,963.940000,203.900000
NaN,NaN,NaN,NaN,963.910000,203.910000
NaN,NaN,NaN,NaN,963.910000,203.920000
NaN,NaN,NaN,NaN,963.920000,203.920000
NaN,NaN,NaN,NaN,963.930000,203.890000
NaN,NaN,NaN,NaN,963.920000,203.890000
NaN,NaN,NaN,NaN,963.910000,203.900000
NaN,NaN,NaN,NaN,963.910000,203.900000
NaN,NaN,NaN,NaN,963.940000,203.900000
NaN,NaN,NaN,NaN,963.940000,203.910000
NaN,NaN,NaN,NaN,963.920000,203.890000
NaN,NaN,NaN,NaN,963.900000,203.900000
NaN,NaN,NaN,NaN,963.920000,203.900000
NaN,NaN,NaN,NaN,963.920000,203.880000
NaN,NaN,NaN,NaN,963.920000,203.870000
NaN,NaN,NaN,NaN,963.910000,203.880000
NaN,NaN,NaN,NaN,963.930000,203.890000
NaN,NaN,NaN,NaN,963.900000,203.890000
NaN,NaN,NaN,NaN,963.910000,203.880000
NaN,NaN,NaN,NaN,963.890000,203.880000
NaN,NaN,NaN,NaN,963.930000,203.890000
NaN,NaN,NaN,NaN,963.910000,203.880000
NaN,NaN,NaN,NaN,963.920000,203.880000
NaN,NaN,NaN,NaN,963.910000,203.870000
NaN,NaN,NaN,NaN,963.920000,203.900000
NaN,NaN,NaN,NaN,963.910000,203.890000
NaN,NaN,NaN,NaN,963.900000,203.890000
NaN,NaN,NaN,NaN,963.900000,203.890000
NaN,NaN,NaN,NaN,963.910000,203.880000
NaN,NaN,NaN,NaN,963.890000,203.870000
NaN,NaN,NaN,NaN,963.900000,203.870000
NaN,NaN,NaN,NaN,963.890000,203.870000
NaN,NaN,NaN,NaN,963.880000,203.870000
NaN,NaN,NaN,NaN,963.850000,203.860000
NaN,NaN,NaN,NaN,963.890000,203.880000
NaN,NaN,NaN,NaN,963.900000,203.880000
NaN,NaN,NaN,NaN,963.870000,203.860000
NaN,NaN,NaN,NaN,963.900000,203.880000
NaN,NaN,NaN,NaN,963.920000,203.870000
NaN,NaN,NaN,NaN,963.900000,203.870000
NaN,NaN,NaN,NaN,963.880000,203.860000
NaN,NaN,NaN,NaN,963.870000,203.870000
NaN,NaN,NaN,NaN,963.870000,203.870000
NaN,NaN,NaN,NaN,963.860000,203.880000
NaN,NaN,NaN,NaN,963.860000,203.890000
NaN,NaN,NaN,NaN,963.890000,203.870000
NaN,NaN,NaN,NaN,963.860000,203.870000
NaN,NaN,NaN,NaN,963.870000,203.870000
NaN,NaN,NaN,NaN,963.880000,203.880000
NaN,NaN,NaN,NaN,963.860000,203.850000
NaN,NaN,NaN,NaN,963.860000,203.860000
NaN,NaN,NaN,NaN,963.850000,203.850000
NaN,NaN,NaN,NaN,963.860000,203.860000
NaN,NaN,NaN,NaN,963.880000,203.860000
NaN,NaN,NaN,NaN,963.870000,203.850000
NaN,NaN,NaN,NaN,963.850000,203.840000
NaN,NaN,NaN,NaN,963.850000,203.860000
NaN,NaN,NaN,NaN,963.840000,203.850000
NaN,NaN,NaN,NaN,963.840000,203.860000
NaN,NaN,NaN,NaN,963.840000,203.860000
NaN,NaN,NaN,NaN,963.870000,203.850000
NaN,NaN,NaN,NaN,963.880000,203.850000
NaN,NaN,NaN,NaN,963.870000,203.840000
NaN,NaN,NaN,NaN,963.860000,203.840000
NaN,NaN,NaN,NaN,963.840000,203.850000
NaN,NaN,NaN,NaN,963.830000,203.850000
NaN,NaN,NaN,NaN,963.830000,203.830000
NaN,NaN,NaN,NaN,963.820000,203.830000
NaN,NaN,NaN,NaN,963.800000,203.860000
NaN,NaN,NaN,NaN,963.800000,203.850000
NaN,NaN,NaN,NaN,963.830000,203.860000
NaN,NaN,NaN,NaN,963.820000,203.840000
NaN,NaN,NaN,NaN,963.820000,203.850000
NaN,NaN,NaN,NaN,963.780000,203.850000
NaN,NaN,NaN,NaN,963.800000,203.870000
NaN,NaN,NaN,NaN,963.800000,203.870000
NaN,NaN,NaN,NaN,963.820000,203.860000
NaN,NaN,NaN,NaN,963.780000,203.860000
NaN,NaN,NaN,NaN,963.820000,203.850000
NaN,NaN,NaN,NaN,963.800000,203.840000
NaN,NaN,NaN,NaN,963.800000,203.830000
NaN,NaN,NaN,NaN,963.770000,203.820000
NaN,NaN,NaN,NaN,963.790000,203.850000
NaN,NaN,NaN,NaN,963.830000,203.830000
NaN,NaN,NaN,NaN,963.790000,203.830000
NaN,NaN,NaN,NaN,963.800000,203.840000
NaN,NaN,NaN,NaN,963.800000,203.830000
NaN,NaN,NaN,NaN,963.760000,203.830000
NaN,NaN,NaN,NaN,963.760000,203.840000
NaN,NaN,NaN,NaN,963.750000,203.820000
NaN,NaN,NaN,NaN,963.780000,203.840000
NaN,NaN,NaN,NaN,963.760000,203.830000
NaN,NaN,NaN,NaN,963.750000,203.850000
NaN,NaN,NaN,NaN,963.770000,203.840000
NaN,NaN,NaN,NaN,963.750000,203.840000
NaN,NaN,NaN,NaN,963.760000,203.840000
NaN,NaN,NaN,NaN,963.780000,203.840000
NaN,NaN,NaN,NaN,963.760000,203.810000
NaN,NaN,NaN,NaN,963.810000,203.820000
NaN,NaN,NaN,NaN,963.770000,203.830000
NaN,NaN,NaN,NaN,963.780000,203.840000
NaN,NaN,NaN,NaN,963.770000,203.840000
NaN,NaN,NaN,NaN,963.750000,203.820000
NaN,NaN,NaN,NaN,963.740000,203.820000
NaN,NaN,NaN,NaN,963.760000,203.820000
NaN,NaN,NaN,NaN,963.760000,203.790000
NaN,NaN,NaN,NaN,963.760000,203.800000
NaN,NaN,NaN,NaN,963.760000,203.800000
NaN,NaN,NaN,NaN,963.750000,203.780000
NaN,NaN,NaN,NaN,963.740000,203.780000
NaN,NaN,NaN,NaN,963.710000,203.790000
NaN,NaN,NaN,NaN,963.740000,203.800000
NaN,NaN,NaN,NaN,963.780000,203.810000
NaN,NaN,NaN,NaN,963.780000,203.830000
NaN,NaN,NaN,NaN,963.740000,203.830000
NaN,NaN,NaN,NaN,963.780000,203.830000
NaN,NaN,NaN,NaN,963.730000,203.820000
NaN,NaN,NaN,NaN,963.750000,203.830000
NaN,NaN,NaN,NaN,963.730000,203.790000
NaN,NaN,NaN,NaN,963.780000,203.810000
NaN,NaN,NaN,NaN,963.760000,203.800000
NaN,NaN,NaN,NaN,963.740000,203.800000
NaN,NaN,NaN,NaN,963.760000,203.810000
NaN,NaN,NaN,NaN,963.750000,203.810000
NaN,NaN,NaN,NaN,963.800000,203.810000
NaN,NaN,NaN,NaN,963.820000,203.820000
NaN,NaN,NaN,NaN,963.810000,203.840000
NaN,NaN,NaN,NaN,963.790000,203.840000
NaN,NaN,NaN,NaN,963.790000,203.840000
NaN,NaN,NaN,NaN,963.790000,203.840000
NaN,NaN,NaN,NaN,963.800000,203.840000
NaN,NaN,NaN,NaN,963.800000,203.830000
NaN,NaN,NaN,NaN,963.800000,203.820000
NaN,NaN,NaN,NaN,963.800000,203.820000
NaN,NaN,NaN,NaN,963.810000,203.820000
NaN,NaN,NaN,NaN,963.800000,203.820000
NaN,NaN,NaN,NaN,963.800000,203.820000
NaN,NaN,NaN,NaN,963.770000,203.800000
NaN,NaN,NaN,NaN,963.760000,203.810000
NaN,NaN,NaN,NaN,963.790000,203.830000
NaN,NaN,NaN,NaN,963.770000,203.820000
NaN,NaN,NaN,NaN,963.780000,203.830000
NaN,NaN,NaN,NaN,963.790000,203.830000
NaN,NaN,NaN,NaN,963.730000,203.790000
NaN,NaN,NaN,NaN,963.780000,203.800000
NaN,NaN,NaN,NaN,963.760000,203.800000
NaN,NaN,NaN,NaN,963.760000,203.810000
NaN,NaN,NaN,NaN,963.810000,203.810000
NaN,NaN,NaN,NaN,963.800000,203.820000
NaN,NaN,NaN,NaN,963.830000,203.830000
NaN,NaN,NaN,NaN,963.800000,203.820000
NaN,NaN,NaN,NaN,963.780000,203.820000
NaN,NaN,NaN,NaN,963.730000,203.790000
NaN,NaN,NaN,NaN,963.780000,203.800000
NaN,NaN,NaN,NaN,963.790000,203.790000
NaN,NaN,NaN,NaN,963.780000,203.790000
NaN,NaN,NaN,NaN,963.780000,203.790000
NaN,NaN,NaN,NaN,963.810000,203.770000
NaN,NaN,NaN,NaN,963.780000,203.780000
NaN,NaN,NaN,NaN,963.790000,203.810000
NaN,NaN,NaN,NaN,963.830000,203.800000
NaN,NaN,NaN,NaN,963.830000,203.780000
NaN,NaN,NaN,NaN,963.820000,203.770000
NaN,NaN,NaN,NaN,963.840000,203.790000
NaN,NaN,NaN,NaN,963.830000,203.790000
NaN,NaN,NaN,NaN,963.810000,203.760000
NaN,NaN,NaN,NaN,963.830000,203.790000
NaN,NaN,NaN,NaN,963.770000,203.770000
NaN,NaN,NaN,NaN,963.780000,203.750000
NaN,NaN,NaN,NaN,963.800000,203.790000
NaN,NaN,NaN,NaN,963.760000,203.790000
NaN,NaN,NaN,NaN,963.770000,203.760000
NaN,NaN,NaN,NaN,963.800000,203.780000
NaN,NaN,NaN,NaN,963.800000,203.780000
NaN,NaN,NaN,NaN,963.830000,203.780000
NaN,NaN,NaN,NaN,963.790000,203.760000
NaN,NaN,NaN,NaN,963.800000,203.770000
NaN,NaN,NaN,NaN,963.790000,203.750000
NaN,NaN,NaN,NaN,963.760000,203.770000
NaN,NaN,NaN,NaN,963.740000,203.780000
NaN,NaN,NaN,NaN,963.760000,203.790000
NaN,NaN,NaN,NaN,963.780000,203.790000
NaN,NaN,NaN,NaN,963.750000,203.790000
NaN,NaN,NaN,NaN,963.770000,203.800000
NaN,NaN,NaN,NaN,963.750000,203.780000
NaN,NaN,NaN,NaN,963.740000,203.810000
NaN,NaN,NaN,NaN,963.770000,203.820000
NaN,NaN,NaN,NaN,963.810000,203.820000
NaN,NaN,NaN,NaN,963.730000,203.790000
NaN,NaN,NaN,NaN,963.790000,203.780000
NaN,NaN,NaN,NaN,963.790000,203.800000
NaN,NaN,NaN,NaN,963.810000,203.820000
NaN,NaN,NaN,NaN,963.770000,203.810000
NaN,NaN,NaN,NaN,963.780000,203.830000
NaN,NaN,NaN,NaN,963.730000,203.800000
NaN,NaN,NaN,NaN,963.730000,203.800000
NaN,NaN,NaN,NaN,963.720000,203.800000
NaN,NaN,NaN,NaN,963.740000,203.800000
NaN,NaN,NaN,NaN,963.750000,203.810000
NaN,NaN,NaN,NaN,963.720000,203.800000
NaN,NaN,NaN,NaN,963.740000,203.830000
NaN,NaN,NaN,NaN,963.780000,203.830000
NaN,NaN,NaN,NaN,963.780000,203.850000
NaN,NaN,NaN,NaN,963.720000,203.820000
NaN,NaN,NaN,NaN,963.740000,203.830000
NaN,NaN,NaN,NaN,963.700000,203.820000
NaN,NaN,NaN,NaN,963.760000,203.810000
NaN,NaN,NaN,NaN,963.740000,203.820000
NaN,NaN,NaN,NaN,963.720000,203.800000
NaN,NaN,NaN,NaN,963.700000,203.790000
NaN,NaN,NaN,NaN,963.730000,203.820000
NaN,NaN,NaN,NaN,963.740000,203.800000
NaN,NaN,NaN,NaN,963.730000,203.790000
NaN,NaN,NaN,NaN,963.780000,203.820000
NaN,NaN,NaN,NaN,963.770000,203.810000
NaN,NaN,NaN,NaN,963.720000,203.820000
NaN,NaN,NaN,NaN,963.720000,203.810000
NaN,NaN,NaN,NaN,963.650000,203.820000
NaN,NaN,NaN,NaN,963.600000,203.810000
NaN,NaN,NaN,NaN,963.750000,203.820000
NaN,NaN,NaN,NaN,963.670000,203.810000
NaN,NaN,NaN,NaN,963.680000,203.800000
NaN,NaN,NaN,NaN,963.680000,203.800000
NaN,NaN,NaN,NaN,963.690000,203.790000
NaN,NaN,NaN,NaN,964.476856,203.059154
NaN,NaN,NaN,NaN,964.476856,203.059154
NaN,NaN,NaN,NaN,964.476856,203.059154
NaN,NaN,NaN,NaN,964.476856,203.059154
NaN,NaN,NaN,NaN,964.476856,203.059154
NaN,NaN,NaN,NaN,964.476856,203.059154
NaN,NaN,NaN,NaN,964.476856,203.059154
NaN,NaN,NaN,NaN,964.476856,203.059154
NaN,NaN,NaN,NaN,964.476856,203.059154
NaN,NaN,NaN,NaN,964.476856,203.059154
NaN,NaN,NaN,NaN,964.476856,203.059154
NaN,NaN,NaN,NaN,964.476856,203.059154
NaN,NaN,NaN,NaN,964.476856,203.059154
NaN,NaN,NaN,NaN,964.476856,203.059154
NaN,NaN,NaN,NaN,964.476856,203.059154
NaN,NaN,NaN,NaN,964.476856,203.059154
NaN,NaN,NaN,NaN,964.476856,203.059154
NaN,NaN,NaN,NaN,964.476856,203.059154
NaN,NaN,NaN,NaN,964.476856,203.059154
NaN,NaN,NaN,NaN,964.476856,203.059154
NaN,NaN,NaN,NaN,964.476856,203.059154
NaN,NaN,NaN,NaN,964.476856,203.059154
NaN,NaN,NaN,NaN,964.476856,203.059154
NaN,NaN,NaN,NaN,964.476856,203.059154
NaN,NaN,NaN,NaN,964.476856,203.059154
NaN,NaN,NaN,NaN,964.476856,203.059154
NaN,NaN,NaN,NaN,964.476856,203.059154
NaN,NaN,NaN,NaN,964.476856,203.059154
NaN,NaN,NaN,NaN,964.476856,203.059154
NaN,NaN,NaN,NaN,964.476856,203.059154
NaN,NaN,NaN,NaN,964.476856,203.059154
NaN,NaN,NaN,NaN,964.476856,203.059154
NaN,NaN,NaN,NaN,964.476856,203.059154
NaN,NaN,NaN,NaN,964.476856,203.059154
NaN,NaN,NaN,NaN,964.476856,203.059154
NaN,NaN,NaN,NaN,964.476856,203.059154
NaN,NaN,NaN,NaN,964.476856,203.059154
NaN,NaN,NaN,NaN,964.476856,203.059154
NaN,NaN,NaN,NaN,964.476856,203.059154
NaN,NaN,NaN,NaN,964.476856,203.059154
NaN,NaN,NaN,NaN,964.476856,203.059154
NaN,NaN,NaN,NaN,964.476856,203.059154
NaN,NaN,NaN,NaN,964.476856,203.059154
NaN,NaN,NaN,NaN,964.476856,203.059154
NaN,NaN,NaN,NaN,964.476856,203.059154
NaN,NaN,NaN,NaN,964.476856,203.059154
NaN,NaN,NaN,NaN,964.476856,203.059154
NaN,NaN,NaN,NaN,964.476856,203.059154
NaN,NaN,NaN,NaN,964.476856,203.059154
NaN,NaN,NaN,NaN,964.476856,203.059154
NaN,NaN,NaN,NaN,964.476856,203.059154
NaN,NaN,NaN,NaN,964.476856,203.059154
NaN,NaN,NaN,NaN,964.476856,203.059154
NaN,NaN,NaN,NaN,964.476856,203.059154
NaN,NaN,NaN,NaN,964.476856,203.059154
NaN,NaN,NaN,NaN,964.476856,203.059154
NaN,NaN,NaN,NaN,964.476856,203.509429
NaN,NaN,NaN,NaN,964.476856,203.509429
NaN,NaN,NaN,NaN,964.476856,203.509429
NaN,NaN,NaN,NaN,964.476856,203.959704
NaN,NaN,NaN,NaN,964.476856,203.959704
NaN,NaN,NaN,NaN,964.476856,203.509429
NaN,NaN,NaN,NaN,964.476856,203.959704
NaN,NaN,NaN,NaN,964.476856,205.310529
NaN,NaN,NaN,NaN,964.476856,204.860254
NaN,NaN,NaN,NaN,964.476856,207.561905
NaN,NaN,NaN,NaN,964.476856,213.415482
NaN,NaN,NaN,NaN,964.476856,213.415482
NaN,NaN,NaN,NaN,964.476856,213.415482
NaN,NaN,NaN,NaN,964.476856,213.415482
NaN,NaN,NaN,NaN,964.476856,213.415482
NaN,NaN,NaN,NaN,964.476856,213.415482
NaN,NaN,NaN,NaN,964.476856,213.415482
NaN,NaN,NaN,NaN,964.476856,213.415482
NaN,NaN,NaN,NaN,964.476856,213.415482
NaN,NaN,NaN,NaN,964.476856,213.415482
NaN,NaN,NaN,NaN,964.476856,213.415482
NaN,NaN,NaN,NaN,965.460323,203.509429
NaN,NaN,NaN,NaN,965.460323,203.059154
NaN,NaN,NaN,NaN,965.460323,203.059154
NaN,NaN,NaN,NaN,965.460323,203.059154
NaN,NaN,NaN,NaN,965.460323,203.059154
NaN,NaN,NaN,NaN,965.460323,203.059154
NaN,NaN,NaN,NaN,965.460323,203.059154
NaN,NaN,NaN,NaN,965.460323,203.059154
NaN,NaN,NaN,NaN,965.460323,203.059154
NaN,NaN,NaN,NaN,965.460323,203.059154
NaN,NaN,NaN,NaN,965.460323,203.059154
NaN,NaN,NaN,NaN,965.460323,203.059154
NaN,NaN,NaN,NaN,965.460323,203.059154
NaN,NaN,NaN,NaN,965.460323,203.059154
NaN,NaN,NaN,NaN,965.460323,203.059154
NaN,NaN,NaN,NaN,965.460323,203.059154
NaN,NaN,NaN,NaN,965.460323,203.059154
NaN,NaN,NaN,NaN,965.460323,203.059154
NaN,NaN,NaN,NaN,965.460323,203.059154
NaN,NaN,NaN,NaN,965.460323,203.059154
NaN,NaN,NaN,NaN,965.460323,203.059154
NaN,NaN,NaN,NaN,965.460323,203.059154
NaN,NaN,NaN,NaN,965.460323,203.059154
NaN,NaN,NaN,NaN,965.460323,203.059154
NaN,NaN,NaN,NaN,965.460323,203.059154
NaN,NaN,NaN,NaN,965.460323,203.059154
NaN,NaN,NaN,NaN,965.460323,203.059154
NaN,NaN,NaN,NaN,965.460323,203.059154
NaN,NaN,NaN,NaN,965.460323,203.059154
NaN,NaN,NaN,NaN,965.460323,203.059154
NaN,NaN,NaN,NaN,965.460323,203.059154
NaN,NaN,NaN,NaN,965.460323,203.059154
NaN,NaN,NaN,NaN,965.460323,203.059154
NaN,NaN,NaN,NaN,965.460323,203.059154
NaN,NaN,NaN,NaN,965.460323,203.059154
NaN,NaN,NaN,NaN,965.460323,203.059154
NaN,NaN,NaN,NaN,965.460323,203.059154
NaN,NaN,NaN,NaN,965.460323,203.059154
NaN,NaN,NaN,NaN,965.460323,203.059154
NaN,NaN,NaN,NaN,965.460323,203.059154
NaN,NaN,NaN,NaN,965.460323,203.059154
NaN,NaN,NaN,NaN,965.460323,203.059154
NaN,NaN,NaN,NaN,965.460323,203.059154
NaN,NaN,NaN,NaN,965.460323,203.059154
NaN,NaN,NaN,NaN,965.460323,203.059154
NaN,NaN,NaN,NaN,965.460323,203.059154
NaN,NaN,NaN,NaN,965.460323,203.059154
NaN,NaN,NaN,NaN,965.460323,203.059154
NaN,NaN,NaN,NaN,965.460323,203.059154
NaN,NaN,NaN,NaN,965.460323,203.059154
NaN,NaN,NaN,NaN,965.460323,203.059154
NaN,NaN,NaN,NaN,965.460323,203.059154
NaN,NaN,NaN,NaN,965.460323,203.059154
NaN,NaN,NaN,NaN,965.460323,203.059154
NaN,NaN,NaN,NaN,965.460323,203.059154
NaN,NaN,NaN,NaN,965.460323,203.059154
NaN,NaN,NaN,NaN,965.460323,203.059154
NaN,NaN,NaN,NaN,965.460323,203.059154
NaN,NaN,NaN,NaN,965.460323,203.059154
NaN,NaN,NaN,NaN,965.460323,203.059154
NaN,NaN,NaN,NaN,965.460323,203.059154
NaN,NaN,NaN,NaN,965.460323,203.059154
NaN,NaN,NaN,NaN,965.460323,203.059154
NaN,NaN,NaN,NaN,965.460323,203.059154
NaN,NaN,NaN,NaN,965.460323,203.059154
NaN,NaN,NaN,NaN,965.460323,203.059154
NaN,NaN,NaN,NaN,965.460323,203.059154
NaN,NaN,NaN,NaN,965.460323,203.059154
NaN,NaN,NaN,NaN,965.460323,203.059154
NaN,NaN,NaN,NaN,965.460323,203.059154
NaN,NaN,NaN,NaN,965.460323,203.059154
NaN,NaN,NaN,NaN,965.460323,203.059154
NaN,NaN,NaN,NaN,965.460323,203.059154
NaN,NaN,NaN,NaN,965.460323,203.059154
NaN,NaN,NaN,NaN,965.460323,203.059154
NaN,NaN,NaN,NaN,965.460323,203.059154
NaN,NaN,NaN,NaN,965.460323,203.059154
NaN,NaN,NaN,NaN,965.460323,203.059154
NaN,NaN,NaN,NaN,965.460323,203.059154
NaN,NaN,NaN,NaN,965.460323,203.059154
NaN,NaN,NaN,NaN,965.460323,203.059154
NaN,NaN,NaN,NaN,965.460323,203.059154
NaN,NaN,NaN,NaN,965.460323,203.059154
NaN,NaN,NaN,NaN,965.460323,203.059154
NaN,NaN,NaN,NaN,965.460323,203.059154
NaN,NaN,NaN,NaN,965.460323,203.059154
NaN,NaN,NaN,NaN,965.460323,203.059154
NaN,NaN,NaN,NaN,965.460323,203.059154
NaN,NaN,NaN,NaN,965.460323,203.059154
NaN,NaN,NaN,NaN,965.460323,203.059154
NaN,NaN,NaN,NaN,965.460323,203.059154
NaN,NaN,NaN,NaN,965.460323,203.059154
NaN,NaN,NaN,NaN,965.460323,203.059154
NaN,NaN,NaN,NaN,965.460323,203.059154
NaN,NaN,NaN,NaN,965.460323,203.059154
NaN,NaN,NaN,NaN,965.460323,203.059154
NaN,NaN,NaN,NaN,965.460323,203.059154
NaN,NaN,NaN,NaN,965.460323,203.059154
NaN,NaN,NaN,NaN,965.460323,203.059154
NaN,NaN,NaN,NaN,965.460323,203.059154
NaN,NaN,NaN,NaN,965.460323,203.059154
NaN,NaN,NaN,NaN,965.460323,203.059154
NaN,NaN,NaN,NaN,965.460323,203.059154
NaN,NaN,NaN,NaN,965.460323,203.059154
NaN,NaN,NaN,NaN,965.460323,203.059154
NaN,NaN,NaN,NaN,965.460323,203.059154
NaN,NaN,NaN,NaN,965.460323,203.059154
NaN,NaN,NaN,NaN,965.460323,203.059154
NaN,NaN,NaN,NaN,965.460323,203.059154
NaN,NaN,NaN,NaN,965.460323,203.059154
NaN,NaN,NaN,NaN,965.460323,203.059154
NaN,NaN,NaN,NaN,965.460323,203.059154
NaN,NaN,NaN,NaN,965.460323,203.059154
NaN,NaN,NaN,NaN,965.460323,203.059154
NaN,NaN,NaN,NaN,965.460323,203.059154
NaN,NaN,NaN,NaN,965.460323,203.059154
NaN,NaN,NaN,NaN,965.460323,203.059154
NaN,NaN,NaN,NaN,965.460323,203.059154
NaN,NaN,NaN,NaN,965.460323,203.059154
NaN,NaN,NaN,NaN,965.460323,203.059154
NaN,NaN,NaN,NaN,965.460323,203.059154
NaN,NaN,NaN,NaN,965.460323,203.059154
NaN,NaN,NaN,NaN,965.460323,203.059154
NaN,NaN,NaN,NaN,965.460323,203.059154
NaN,NaN,NaN,NaN,965.460323,203.059154
NaN,NaN,NaN,NaN,965.460323,203.059154
NaN,NaN,NaN,NaN,965.460323,203.059154
NaN,NaN,NaN,NaN,965.460323,203.059154
NaN,NaN,NaN,NaN,965.460323,203.059154
NaN,NaN,NaN,NaN,965.460323,203.059154
NaN,NaN,NaN,NaN,965.460323,203.059154
NaN,NaN,NaN,NaN,965.460323,203.059154
NaN,NaN,NaN,NaN,965.460323,203.059154
NaN,NaN,NaN,NaN,965.460323,203.059154
NaN,NaN,NaN,NaN,965.460323,203.059154
NaN,NaN,NaN,NaN,965.460323,203.059154
NaN,NaN,NaN,NaN,965.460323,203.059154
NaN,NaN,NaN,NaN,965.460323,203.059154
NaN,NaN,NaN,NaN,965.460323,203.059154
NaN,NaN,NaN,NaN,965.460323,203.059154
NaN,NaN,NaN,NaN,965.460323,203.059154
NaN,NaN,NaN,NaN,965.460323,203.059154
NaN,NaN,NaN,NaN,965.460323,203.059154
NaN,NaN,NaN,NaN,965.460323,203.059154
NaN,NaN,NaN,NaN,965.460323,203.059154
NaN,NaN,NaN,NaN,965.460323,203.059154
NaN,NaN,NaN,NaN,965.460323,203.059154
NaN,NaN,NaN,NaN,965.460323,203.059154
NaN,NaN,NaN,NaN,965.460323,203.059154
NaN,NaN,NaN,NaN,965.460323,203.059154
NaN,NaN,NaN,NaN,965.460323,203.059154
NaN,NaN,NaN,NaN,965.460323,203.059154
NaN,NaN,NaN,NaN,965.460323,203.059154
NaN,NaN,NaN,NaN,965.460323,203.059154
NaN,NaN,NaN,NaN,965.460323,203.059154
NaN,NaN,NaN,NaN,965.460323,203.059154
NaN,NaN,NaN,NaN,965.460323,203.059154
NaN,NaN,NaN,NaN,965.460323,203.059154
NaN,NaN,NaN,NaN,965.460323,203.059154
NaN,NaN,NaN,NaN,965.460323,203.059154
NaN,NaN,NaN,NaN,965.460323,203.059154
NaN,NaN,NaN,NaN,965.460323,203.059154
NaN,NaN,NaN,NaN,965.460323,203.059154
NaN,NaN,NaN,NaN,965.460323,203.059154
NaN,NaN,NaN,NaN,965.460323,203.059154
NaN,NaN,NaN,NaN,965.460323,203.059154
NaN,NaN,NaN,NaN,965.460323,203.059154
NaN,NaN,NaN,NaN,965.460323,203.059154
NaN,NaN,NaN,NaN,965.460323,203.059154
NaN,NaN,NaN,NaN,965.460323,203.059154
NaN,NaN,NaN,NaN,965.460323,203.059154
NaN,NaN,NaN,NaN,965.460323,203.059154
NaN,NaN,NaN,NaN,965.460323,203.059154
NaN,NaN,NaN,NaN,965.460323,203.059154
NaN,NaN,NaN,NaN,965.460323,203.059154
NaN,NaN,NaN,NaN,965.952057,201.258053
NaN,NaN,NaN,NaN,965.980000,200.450000
NaN,NaN,NaN,NaN,965.980000,200.470000
NaN,NaN,NaN,NaN,965.970000,200.410000
NaN,NaN,NaN,NaN,965.970000,200.380000
NaN,NaN,NaN,NaN,965.960000,200.350000
NaN,NaN,NaN,NaN,965.970000,200.360000
NaN,NaN,NaN,NaN,965.940000,200.380000
NaN,NaN,NaN,NaN,965.960000,200.370000
NaN,NaN,NaN,NaN,965.940000,200.370000
NaN,NaN,NaN,NaN,965.950000,200.370000
NaN,NaN,NaN,NaN,965.980000,200.360000
NaN,NaN,NaN,NaN,965.940000,200.300000
NaN,NaN,NaN,NaN,965.950000,200.320000
NaN,NaN,NaN,NaN,965.940000,200.300000
NaN,NaN,NaN,NaN,965.950000,200.300000
NaN,NaN,NaN,NaN,965.950000,200.310000
NaN,NaN,NaN,NaN,965.960000,200.310000
NaN,NaN,NaN,NaN,965.950000,200.330000
NaN,NaN,NaN,NaN,965.940000,200.300000
NaN,NaN,NaN,NaN,965.940000,200.310000
NaN,NaN,NaN,NaN,965.930000,200.310000
NaN,NaN,NaN,NaN,965.930000,200.310000
NaN,NaN,NaN,NaN,965.900000,200.330000
NaN,NaN,NaN,NaN,965.900000,200.320000
NaN,NaN,NaN,NaN,965.910000,200.320000
NaN,NaN,NaN,NaN,965.920000,200.340000
NaN,NaN,NaN,NaN,965.910000,200.290000
NaN,NaN,NaN,NaN,965.920000,200.290000
NaN,NaN,NaN,NaN,965.920000,200.310000
NaN,NaN,NaN,NaN,965.910000,200.270000
NaN,NaN,NaN,NaN,965.910000,200.300000
NaN,NaN,NaN,NaN,965.930000,200.300000
NaN,NaN,NaN,NaN,965.900000,200.310000
NaN,NaN,NaN,NaN,965.910000,200.300000
NaN,NaN,NaN,NaN,965.890000,200.300000
NaN,NaN,NaN,NaN,965.900000,200.310000
NaN,NaN,NaN,NaN,965.900000,200.310000
NaN,NaN,NaN,NaN,965.900000,200.330000
NaN,NaN,NaN,NaN,965.920000,200.320000
NaN,NaN,NaN,NaN,965.930000,200.310000
NaN,NaN,NaN,NaN,965.910000,200.310000
NaN,NaN,NaN,NaN,965.870000,200.260000
NaN,NaN,NaN,NaN,965.890000,200.280000
NaN,NaN,NaN,NaN,965.890000,200.290000
NaN,NaN,NaN,NaN,965.890000,200.300000
NaN,NaN,NaN,NaN,965.900000,200.290000
NaN,NaN,NaN,NaN,965.910000,200.280000
NaN,NaN,NaN,NaN,965.910000,200.280000
NaN,NaN,NaN,NaN,965.920000,200.330000
NaN,NaN,NaN,NaN,965.900000,200.330000
NaN,NaN,NaN,NaN,965.920000,200.300000
NaN,NaN,NaN,NaN,965.920000,200.320000
NaN,NaN,NaN,NaN,965.920000,200.320000
NaN,NaN,NaN,NaN,965.920000,200.300000
NaN,NaN,NaN,NaN,965.920000,200.280000
NaN,NaN,NaN,NaN,965.930000,200.290000
NaN,NaN,NaN,NaN,965.910000,200.250000
NaN,NaN,NaN,NaN,965.910000,200.250000
NaN,NaN,NaN,NaN,965.920000,200.260000
NaN,NaN,NaN,NaN,965.910000,200.260000
NaN,NaN,NaN,NaN,965.910000,200.250000
NaN,NaN,NaN,NaN,965.910000,200.260000
NaN,NaN,NaN,NaN,965.910000,200.260000
NaN,NaN,NaN,NaN,965.890000,200.270000
NaN,NaN,NaN,NaN,965.880000,200.260000
NaN,NaN,NaN,NaN,965.880000,200.240000
NaN,NaN,NaN,NaN,965.910000,200.260000
NaN,NaN,NaN,NaN,965.890000,200.230000
NaN,NaN,NaN,NaN,965.880000,200.260000
NaN,NaN,NaN,NaN,965.900000,200.260000
NaN,NaN,NaN,NaN,965.910000,200.250000
NaN,NaN,NaN,NaN,965.920000,200.210000
NaN,NaN,NaN,NaN,965.900000,200.210000
NaN,NaN,NaN,NaN,965.900000,200.190000
NaN,NaN,NaN,NaN,965.900000,200.230000
NaN,NaN,NaN,NaN,965.910000,200.210000
NaN,NaN,NaN,NaN,965.900000,200.210000
NaN,NaN,NaN,NaN,965.880000,200.210000
NaN,NaN,NaN,NaN,965.900000,200.220000
NaN,NaN,NaN,NaN,965.900000,200.220000
NaN,NaN,NaN,NaN,965.910000,200.220000
NaN,NaN,NaN,NaN,965.910000,200.240000
NaN,NaN,NaN,NaN,965.890000,200.230000
NaN,NaN,NaN,NaN,965.880000,200.230000
NaN,NaN,NaN,NaN,965.890000,200.190000
NaN,NaN,NaN,NaN,965.900000,200.200000
NaN,NaN,NaN,NaN,965.910000,200.180000
NaN,NaN,NaN,NaN,965.910000,200.180000
NaN,NaN,NaN,NaN,965.900000,200.180000
NaN,NaN,NaN,NaN,965.880000,200.190000
NaN,NaN,NaN,NaN,965.920000,200.210000
NaN,NaN,NaN,NaN,965.900000,200.200000
NaN,NaN,NaN,NaN,965.890000,200.180000
NaN,NaN,NaN,NaN,965.900000,200.140000
NaN,NaN,NaN,NaN,965.890000,200.140000
NaN,NaN,NaN,NaN,965.910000,200.170000
NaN,NaN,NaN,NaN,965.910000,200.180000
NaN,NaN,NaN,NaN,965.910000,200.170000
NaN,NaN,NaN,NaN,965.900000,200.170000
NaN,NaN,NaN,NaN,965.910000,200.180000
NaN,NaN,NaN,NaN,965.890000,200.180000
NaN,NaN,NaN,NaN,965.910000,200.160000
NaN,NaN,NaN,NaN,965.910000,200.170000
NaN,NaN,NaN,NaN,965.920000,200.180000
NaN,NaN,NaN,NaN,965.910000,200.190000
NaN,NaN,NaN,NaN,965.910000,200.190000
NaN,NaN,NaN,NaN,965.910000,200.180000
NaN,NaN,NaN,NaN,965.890000,200.170000
NaN,NaN,NaN,NaN,965.910000,200.150000
NaN,NaN,NaN,NaN,965.900000,200.160000
NaN,NaN,NaN,NaN,965.900000,200.150000
NaN,NaN,NaN,NaN,965.890000,200.150000
NaN,NaN,NaN,NaN,965.890000,200.160000
NaN,NaN,NaN,NaN,965.880000,200.150000
NaN,NaN,NaN,NaN,965.880000,200.140000
NaN,NaN,NaN,NaN,965.870000,200.140000
NaN,NaN,NaN,NaN,965.900000,200.150000
NaN,NaN,NaN,NaN,965.900000,200.130000
NaN,NaN,NaN,NaN,965.890000,200.140000
NaN,NaN,NaN,NaN,965.880000,200.150000
NaN,NaN,NaN,NaN,965.890000,200.140000
NaN,NaN,NaN,NaN,965.860000,200.120000
NaN,NaN,NaN,NaN,965.870000,200.140000
NaN,NaN,NaN,NaN,965.850000,200.130000
NaN,NaN,NaN,NaN,965.860000,200.140000
NaN,NaN,NaN,NaN,965.870000,200.160000
NaN,NaN,NaN,NaN,965.880000,200.160000
NaN,NaN,NaN,NaN,965.890000,200.140000
NaN,NaN,NaN,NaN,965.890000,200.140000
NaN,NaN,NaN,NaN,965.880000,200.130000
NaN,NaN,NaN,NaN,965.880000,200.120000
NaN,NaN,NaN,NaN,965.870000,200.100000
NaN,NaN,NaN,NaN,965.890000,200.100000
NaN,NaN,NaN,NaN,965.870000,200.120000
NaN,NaN,NaN,NaN,965.870000,200.130000
NaN,NaN,NaN,NaN,965.860000,200.140000
NaN,NaN,NaN,NaN,965.850000,200.120000
NaN,NaN,NaN,NaN,965.860000,200.120000
NaN,NaN,NaN,NaN,965.860000,200.110000
NaN,NaN,NaN,NaN,965.840000,200.110000
NaN,NaN,NaN,NaN,965.860000,200.100000
NaN,NaN,NaN,NaN,965.810000,200.110000
NaN,NaN,NaN,NaN,965.850000,200.110000
NaN,NaN,NaN,NaN,965.860000,200.100000
NaN,NaN,NaN,NaN,965.830000,200.100000
NaN,NaN,NaN,NaN,965.810000,200.110000
NaN,NaN,NaN,NaN,965.850000,200.110000
NaN,NaN,NaN,NaN,965.850000,200.090000
NaN,NaN,NaN,NaN,965.860000,200.090000
NaN,NaN,NaN,NaN,965.860000,200.100000
NaN,NaN,1003.323804,185.948697,965.880000,200.120000
NaN,NaN,1003.010000,185.990000,965.880000,200.120000
NaN,NaN,1003.020000,185.980000,965.870000,200.100000
NaN,NaN,1003.020000,185.980000,965.860000,200.100000
NaN,NaN,1003.020000,185.990000,965.850000,200.110000
NaN,NaN,1003.030000,185.980000,965.850000,200.110000
NaN,NaN,1003.020000,185.980000,965.830000,200.110000
NaN,NaN,1003.030000,185.990000,965.850000,200.110000
NaN,NaN,1003.010000,185.980000,965.820000,200.120000
NaN,NaN,1003.020000,185.990000,965.830000,200.100000
NaN,NaN,1003.000000,185.990000,965.840000,200.100000
NaN,NaN,1002.980000,186.010000,965.870000,200.090000
NaN,NaN,1002.990000,185.990000,965.840000,200.090000
NaN,NaN,1003.000000,186.000000,965.810000,200.100000
NaN,NaN,1003.000000,186.010000,965.810000,200.110000
NaN,NaN,1003.000000,186.010000,965.830000,200.110000
NaN,NaN,1003.010000,186.020000,965.840000,200.100000
NaN,NaN,1002.970000,186.000000,965.860000,200.090000
NaN,NaN,1002.990000,186.010000,965.840000,200.110000
NaN,NaN,1003.010000,186.010000,965.820000,200.090000
NaN,NaN,1003.000000,186.020000,965.840000,200.100000
NaN,NaN,1003.010000,186.000000,965.860000,200.080000
NaN,NaN,1003.010000,186.020000,965.850000,200.090000
NaN,NaN,1003.010000,186.010000,965.840000,200.090000
NaN,NaN,1003.000000,186.000000,965.840000,200.100000
NaN,NaN,1003.020000,186.000000,965.840000,200.110000
NaN,NaN,1002.990000,186.010000,965.810000,200.090000
NaN,NaN,1003.000000,186.020000,965.810000,200.090000
NaN,NaN,1003.000000,186.000000,965.830000,200.080000
NaN,NaN,1003.000000,186.000000,965.820000,200.080000
NaN,NaN,1002.990000,186.010000,965.830000,200.080000
NaN,NaN,1003.020000,186.010000,965.830000,200.080000
NaN,NaN,1003.000000,186.010000,965.830000,200.090000
NaN,NaN,1003.010000,186.030000,965.820000,200.100000
NaN,NaN,1003.020000,186.030000,965.850000,200.070000
NaN,NaN,1003.010000,186.010000,965.810000,200.090000
NaN,NaN,1003.010000,186.000000,965.830000,200.080000
NaN,NaN,1002.990000,186.010000,965.840000,200.080000
NaN,NaN,1003.010000,186.010000,965.830000,200.080000
NaN,NaN,1003.010000,186.020000,965.830000,200.080000
NaN,NaN,1003.010000,186.010000,965.840000,200.080000
NaN,NaN,1003.010000,186.010000,965.830000,200.090000
NaN,NaN,1003.030000,186.000000,965.830000,200.080000
NaN,NaN,1003.010000,186.010000,965.820000,200.090000
NaN,NaN,1003.010000,186.010000,965.800000,200.090000
NaN,NaN,1003.030000,186.010000,965.820000,200.080000
NaN,NaN,1003.020000,186.000000,965.830000,200.080000
NaN,NaN,1003.020000,185.990000,965.850000,200.060000
NaN,NaN,1003.010000,186.000000,965.820000,200.080000
NaN,NaN,1003.010000,186.000000,965.820000,200.080000
NaN,NaN,1003.000000,186.010000,965.820000,200.070000
NaN,NaN,1003.000000,186.000000,965.820000,200.080000
NaN,NaN,1002.990000,186.020000,965.820000,200.080000
NaN,NaN,1002.990000,186.020000,965.840000,200.080000
NaN,NaN,1003.010000,186.010000,965.820000,200.090000
NaN,NaN,1003.020000,186.000000,965.830000,200.080000
NaN,NaN,1003.020000,186.000000,965.830000,200.050000
NaN,NaN,1003.010000,186.010000,965.800000,200.060000
NaN,NaN,1002.990000,186.010000,965.820000,200.080000
NaN,NaN,1002.990000,186.010000,965.830000,200.080000
NaN,NaN,1002.970000,186.000000,965.860000,200.080000
NaN,NaN,1002.980000,186.010000,965.850000,200.070000
NaN,NaN,1003.000000,186.020000,965.830000,200.090000
NaN,NaN,1002.990000,186.000000,965.860000,200.080000
NaN,NaN,1002.990000,185.990000,965.830000,200.080000
NaN,NaN,1003.010000,186.000000,965.840000,200.060000
NaN,NaN,1003.000000,186.010000,965.800000,200.040000
NaN,NaN,1002.990000,186.010000,965.850000,200.060000
NaN,NaN,1003.000000,186.030000,965.840000,200.060000
NaN,NaN,1003.000000,186.020000,965.850000,200.060000
NaN,NaN,1003.020000,186.020000,965.840000,200.060000
NaN,NaN,1002.990000,185.990000,965.860000,200.030000
NaN,NaN,1002.990000,185.990000,965.840000,200.030000
NaN,NaN,1003.010000,186.000000,965.830000,200.040000
NaN,NaN,1003.010000,185.990000,965.850000,200.050000
NaN,NaN,1002.980000,186.000000,965.850000,200.040000
NaN,NaN,1003.000000,186.010000,965.860000,200.040000
NaN,NaN,1003.010000,186.020000,965.870000,200.040000
NaN,NaN,1003.000000,186.000000,965.840000,200.050000
NaN,NaN,1002.990000,186.000000,965.850000,200.050000
NaN,NaN,1003.000000,186.000000,965.830000,200.030000
NaN,NaN,1003.000000,186.030000,965.830000,200.040000
NaN,NaN,1002.990000,186.020000,965.840000,200.030000
NaN,NaN,1002.990000,185.990000,965.820000,200.020000
NaN,NaN,1002.990000,185.990000,965.810000,200.010000
NaN,NaN,1003.010000,185.980000,965.810000,200.020000
NaN,NaN,1003.030000,186.010000,965.820000,200.010000
NaN,NaN,1003.000000,186.010000,965.850000,200.000000
NaN,NaN,1003.000000,186.020000,965.830000,200.010000
NaN,NaN,1003.000000,186.020000,965.820000,200.010000
NaN,NaN,1003.020000,186.020000,965.820000,200.010000
NaN,NaN,1003.020000,186.020000,965.860000,200.010000
NaN,NaN,1003.030000,186.010000,965.840000,200.000000
NaN,NaN,1003.020000,186.010000,965.840000,199.990000
NaN,NaN,1003.010000,186.010000,965.820000,199.980000
NaN,NaN,1003.020000,186.030000,965.820000,199.990000
NaN,NaN,1003.010000,186.010000,965.830000,200.000000
NaN,NaN,1003.020000,186.020000,965.840000,199.990000
NaN,NaN,1003.000000,186.010000,965.830000,199.980000
NaN,NaN,1002.990000,186.020000,965.820000,199.970000
NaN,NaN,1002.990000,186.030000,965.820000,199.980000
NaN,NaN,1003.020000,186.020000,965.810000,199.950000
NaN,NaN,1003.010000,186.020000,965.820000,199.950000
NaN,NaN,1003.010000,186.020000,965.800000,199.940000
NaN,NaN,1002.980000,185.980000,965.810000,199.960000
NaN,NaN,1003.000000,186.000000,965.800000,199.960000
NaN,NaN,1003.000000,186.010000,965.790000,199.950000
NaN,NaN,1002.970000,186.010000,965.800000,199.950000
NaN,NaN,1003.000000,186.020000,965.820000,199.950000
NaN,NaN,1002.980000,186.020000,965.830000,199.950000
NaN,NaN,1002.990000,186.010000,965.820000,199.960000
NaN,NaN,1003.000000,186.020000,965.810000,199.950000
NaN,NaN,1003.010000,186.010000,965.840000,199.940000
NaN,NaN,1003.000000,186.010000,965.840000,199.940000
NaN,NaN,1002.990000,186.020000,965.840000,199.940000
NaN,NaN,1003.000000,186.010000,965.830000,199.940000
NaN,NaN,1003.000000,186.030000,965.840000,199.920000
NaN,NaN,1003.000000,186.020000,965.850000,199.930000
NaN,NaN,1002.990000,186.030000,965.880000,199.950000
NaN,NaN,1003.000000,186.020000,965.850000,199.950000
NaN,NaN,1003.000000,186.020000,965.860000,199.930000
NaN,NaN,1002.990000,186.030000,965.850000,199.910000
NaN,NaN,1003.000000,186.030000,965.850000,199.900000
NaN,NaN,1003.000000,186.020000,965.870000,199.910000
NaN,NaN,1003.000000,186.000000,965.870000,199.920000
NaN,NaN,1002.990000,186.010000,965.890000,199.930000
NaN,NaN,1003.000000,186.020000,965.900000,199.910000
NaN,NaN,1002.990000,186.010000,965.880000,199.910000
NaN,NaN,1003.000000,186.010000,965.890000,199.910000
NaN,NaN,1003.010000,186.000000,965.890000,199.900000
NaN,NaN,1003.010000,186.020000,965.880000,199.900000
NaN,NaN,1003.010000,186.030000,965.890000,199.900000
NaN,NaN,1002.970000,186.020000,965.900000,199.890000
NaN,NaN,1002.960000,186.010000,965.920000,199.890000
NaN,NaN,1002.970000,186.010000,965.910000,199.890000
NaN,NaN,1002.950000,186.000000,965.890000,199.890000
NaN,NaN,1002.970000,186.020000,965.900000,199.900000
NaN,NaN,1002.980000,186.010000,965.900000,199.900000
NaN,NaN,1002.960000,186.020000,965.900000,199.900000
NaN,NaN,1002.960000,186.020000,965.900000,199.880000
NaN,NaN,1002.980000,186.020000,965.910000,199.870000
NaN,NaN,1002.980000,186.020000,965.930000,199.880000
NaN,NaN,1002.980000,186.010000,965.920000,199.870000
NaN,NaN,1002.970000,186.010000,965.910000,199.890000
NaN,NaN,1002.990000,186.030000,965.910000,199.880000
NaN,NaN,1002.970000,186.010000,965.890000,199.870000
NaN,NaN,1002.980000,186.040000,965.930000,199.830000
NaN,NaN,1002.970000,186.030000,965.940000,199.850000
NaN,NaN,1002.980000,186.030000,965.920000,199.850000
NaN,NaN,1002.980000,186.030000,965.920000,199.850000
NaN,NaN,1002.970000,186.030000,965.910000,199.840000
NaN,NaN,1002.970000,186.020000,965.930000,199.860000
NaN,NaN,1002.970000,186.010000,965.940000,199.840000
NaN,NaN,1002.950000,186.000000,965.960000,199.830000
NaN,NaN,1002.960000,186.010000,965.960000,199.850000
NaN,NaN,1002.990000,186.020000,965.960000,199.830000
NaN,NaN,1002.960000,186.000000,965.950000,199.830000
NaN,NaN,1002.970000,186.030000,965.950000,199.840000
NaN,NaN,1002.960000,186.030000,965.950000,199.830000
NaN,NaN,1002.930000,186.050000,965.930000,199.830000
NaN,NaN,1002.940000,186.040000,965.950000,199.820000
NaN,NaN,1002.960000,186.040000,965.930000,199.800000
NaN,NaN,1002.990000,186.030000,965.950000,199.820000
NaN,NaN,1002.990000,186.020000,965.940000,199.820000
NaN,NaN,1002.970000,186.020000,965.970000,199.810000
NaN,NaN,1002.970000,186.030000,965.980000,199.830000
NaN,NaN,1002.980000,186.030000,965.980000,199.840000
NaN,NaN,1002.960000,186.010000,965.970000,199.830000
NaN,NaN,1002.940000,186.030000,965.960000,199.790000
NaN,NaN,1002.950000,186.030000,965.950000,199.800000
NaN,NaN,1002.970000,186.030000,965.940000,199.790000
NaN,NaN,1002.960000,186.030000,965.940000,199.790000
NaN,NaN,1002.960000,186.030000,965.970000,199.800000
NaN,NaN,1002.960000,186.030000,965.990000,199.810000
NaN,NaN,1002.970000,186.030000,965.970000,199.800000
NaN,NaN,1002.960000,186.020000,965.980000,199.780000
NaN,NaN,1002.970000,186.010000,965.940000,199.770000
NaN,NaN,1002.960000,186.010000,965.950000,199.770000
NaN,NaN,1002.970000,186.040000,965.950000,199.780000
NaN,NaN,1002.960000,186.020000,965.930000,199.740000
NaN,NaN,1002.980000,186.020000,965.940000,199.780000
NaN,NaN,1002.970000,186.010000,965.950000,199.740000
NaN,NaN,1002.960000,186.030000,965.950000,199.750000
NaN,NaN,1002.980000,186.020000,965.960000,199.770000
NaN,NaN,1002.980000,186.010000,965.930000,199.750000
NaN,NaN,1002.980000,186.030000,965.920000,199.760000
NaN,NaN,1002.990000,186.030000,965.930000,199.750000
NaN,NaN,1002.950000,186.040000,965.930000,199.750000
NaN,NaN,1002.940000,186.040000,965.930000,199.740000
NaN,NaN,1002.940000,186.030000,965.910000,199.740000
NaN,NaN,1002.950000,186.030000,965.910000,199.750000
NaN,NaN,1002.940000,186.020000,965.930000,199.700000
NaN,NaN,1002.950000,186.040000,965.950000,199.730000
NaN,NaN,1002.950000,186.030000,965.910000,199.740000
NaN,NaN,1002.950000,186.030000,965.930000,199.750000
NaN,NaN,1002.960000,186.030000,965.930000,199.750000
NaN,NaN,1002.950000,186.040000,965.910000,199.750000
NaN,NaN,1002.940000,186.030000,965.910000,199.730000
NaN,NaN,1002.920000,186.020000,965.910000,199.740000
NaN,NaN,1002.920000,186.040000,965.910000,199.700000
NaN,NaN,1002.940000,186.030000,965.890000,199.730000
NaN,NaN,1002.930000,186.050000,965.910000,199.740000
NaN,NaN,1002.930000,186.040000,965.920000,199.730000
NaN,NaN,1002.930000,186.040000,965.930000,199.740000
NaN,NaN,1002.950000,186.040000,965.880000,199.700000
NaN,NaN,1002.950000,186.030000,965.890000,199.700000
NaN,NaN,1002.900000,186.070000,965.900000,199.710000
NaN,NaN,1002.930000,186.030000,965.880000,199.710000
NaN,NaN,1002.940000,186.030000,965.900000,199.710000
NaN,NaN,1002.940000,186.040000,965.910000,199.710000
NaN,NaN,1002.930000,186.050000,965.900000,199.700000
NaN,NaN,1002.940000,186.050000,965.870000,199.710000
NaN,NaN,1002.950000,186.050000,965.870000,199.690000
NaN,NaN,1002.960000,186.060000,965.860000,199.680000
NaN,NaN,1002.930000,186.050000,965.870000,199.700000
NaN,NaN,1002.910000,186.040000,965.890000,199.710000
NaN,NaN,1002.920000,186.040000,965.890000,199.720000
NaN,NaN,1002.900000,186.030000,965.900000,199.720000
NaN,NaN,1002.880000,186.030000,965.920000,199.720000
NaN,NaN,1002.880000,186.050000,965.890000,199.720000
NaN,NaN,1002.880000,186.050000,965.890000,199.710000
NaN,NaN,1002.930000,186.070000,965.900000,199.680000
NaN,NaN,1002.890000,186.050000,965.880000,199.680000
NaN,NaN,1002.890000,186.050000,965.910000,199.680000
NaN,NaN,1002.850000,186.070000,965.910000,199.690000
NaN,NaN,1002.850000,186.060000,965.910000,199.730000
NaN,NaN,1002.860000,186.060000,965.910000,199.720000
NaN,NaN,1002.840000,186.070000,965.900000,199.700000
NaN,NaN,1002.830000,186.050000,965.890000,199.700000
NaN,NaN,1002.840000,186.070000,965.910000,199.690000
NaN,NaN,1002.830000,186.070000,965.880000,199.680000
NaN,NaN,1002.820000,186.070000,965.920000,199.690000
NaN,NaN,1002.820000,186.070000,965.910000,199.700000
NaN,NaN,1002.810000,186.080000,965.900000,199.710000
NaN,NaN,1002.780000,186.090000,965.880000,199.670000
NaN,NaN,1002.790000,186.070000,965.900000,199.670000
NaN,NaN,1002.760000,186.070000,965.890000,199.690000
NaN,NaN,1002.750000,186.100000,965.890000,199.670000
NaN,NaN,1002.680000,186.120000,965.900000,199.680000
NaN,NaN,1002.690000,186.090000,965.910000,199.670000
NaN,NaN,1002.680000,186.100000,965.930000,199.700000
NaN,NaN,1002.680000,186.130000,965.930000,199.690000
NaN,NaN,1002.630000,186.120000,965.920000,199.670000
NaN,NaN,1002.610000,186.130000,965.880000,199.630000
NaN,NaN,1002.570000,186.150000,965.900000,199.630000
NaN,NaN,1002.600000,186.150000,965.890000,199.640000
NaN,NaN,1002.530000,186.150000,965.890000,199.580000
NaN,NaN,1002.150000,186.060000,965.870000,199.590000
NaN,NaN,1002.050000,186.060000,965.870000,199.600000
NaN,NaN,1002.030000,186.070000,965.890000,199.580000
NaN,NaN,1001.980000,186.060000,965.890000,199.590000
NaN,NaN,1001.920000,186.120000,965.880000,199.640000
NaN,NaN,1001.880000,186.120000,965.910000,199.630000
NaN,NaN,1001.880000,186.130000,965.890000,199.590000
NaN,NaN,1001.800000,186.150000,965.870000,199.580000
NaN,NaN,1001.820000,186.170000,965.880000,199.620000
NaN,NaN,1001.710000,186.190000,965.880000,199.620000
NaN,NaN,1001.690000,186.190000,965.880000,199.620000
NaN,NaN,1001.660000,186.200000,965.920000,199.610000
NaN,NaN,1001.610000,186.220000,965.930000,199.600000
NaN,NaN,1001.460000,186.250000,965.940000,199.620000
NaN,NaN,1000.890000,186.100000,965.920000,199.610000
NaN,NaN,1000.250000,185.910000,965.920000,199.600000
NaN,NaN,1000.120000,185.950000,965.910000,199.540000
NaN,NaN,1000.100000,185.950000,965.800000,198.800000
NaN,NaN,1000.010000,185.990000,965.710000,198.030000
NaN,NaN,1002.832071,186.849248,965.650000,197.210000
NaN,NaN,1003.890000,187.670000,965.670000,196.890000
NaN,NaN,1003.630000,187.600000,965.650000,196.920000
NaN,NaN,1003.470000,187.620000,965.650000,197.270000
NaN,NaN,1002.880000,187.540000,965.720000,197.990000
NaN,NaN,1002.160000,187.030000,965.800000,198.770000
NaN,NaN,1002.340337,187.299523,965.910000,199.590000
NaN,NaN,1001.940000,187.060000,965.910000,199.560000
NaN,NaN,1001.900000,187.130000,965.940000,199.550000
NaN,NaN,1001.830000,187.270000,965.950000,199.540000
NaN,NaN,1001.730000,187.350000,965.970000,199.580000
NaN,NaN,1000.373403,186.849248,965.960000,199.580000
NaN,NaN,999.389936,186.849248,965.940000,199.550000
NaN,NaN,999.389936,186.849248,965.930000,199.550000
NaN,NaN,999.389936,186.849248,965.920000,199.550000
NaN,NaN,998.898202,186.849248,965.920000,199.610000
NaN,NaN,998.940000,187.030000,965.950000,199.590000
NaN,NaN,998.870000,187.040000,965.950000,199.620000
NaN,NaN,998.830000,187.050000,965.920000,199.510000
NaN,NaN,998.820000,187.030000,965.830000,198.740000
NaN,NaN,998.740000,187.030000,965.690000,197.970000
NaN,NaN,998.710000,187.030000,965.660000,197.220000
NaN,NaN,995.947801,187.299523,965.650000,196.870000
NaN,NaN,995.947801,187.299523,965.700000,196.850000
NaN,NaN,995.456068,187.299523,965.680000,197.240000
NaN,NaN,995.456068,187.299523,965.720000,197.960000
NaN,NaN,995.456068,187.299523,965.810000,198.760000
NaN,NaN,995.456068,187.299523,965.960000,199.560000
NaN,NaN,993.489134,186.849248,965.930000,199.560000
NaN,NaN,992.505667,187.299523,965.940000,199.550000
NaN,NaN,991.030466,187.299523,965.920000,199.580000
NaN,NaN,991.030466,187.299523,965.930000,199.520000
NaN,NaN,991.030466,187.299523,965.790000,198.750000
NaN,NaN,991.030466,187.299523,965.740000,197.970000
NaN,NaN,991.030466,187.299523,965.740000,197.240000
NaN,NaN,991.030466,187.299523,965.710000,197.220000
NaN,NaN,991.030466,187.299523,965.700000,197.200000
NaN,NaN,991.030466,187.299523,965.670000,197.200000
NaN,NaN,991.030466,187.299523,965.700000,197.200000
NaN,NaN,990.538733,186.849248,965.700000,197.200000
NaN,NaN,989.555266,186.849248,965.690000,197.230000
NaN,NaN,988.571799,186.849248,965.680000,197.250000
NaN,NaN,988.571799,186.849248,965.710000,197.240000
NaN,NaN,988.571799,185.948697,965.730000,197.240000
NaN,NaN,988.571799,185.948697,965.690000,197.230000
NaN,NaN,988.571799,185.948697,965.690000,197.210000
NaN,NaN,988.571799,185.948697,965.710000,197.230000
NaN,NaN,988.571799,185.048147,965.740000,197.210000
NaN,NaN,988.571799,185.048147,965.690000,197.210000
NaN,NaN,988.571799,185.048147,965.700000,197.190000
NaN,NaN,988.571799,185.048147,965.700000,197.210000
NaN,NaN,988.571799,185.048147,965.740000,197.200000
978.245395,179.644845,987.588332,185.048147,965.750000,197.200000
978.245395,179.644845,987.588332,185.048147,965.730000,197.200000
977.261928,180.095120,987.588332,185.048147,965.720000,197.210000
977.261928,180.095120,987.588332,184.597872,965.730000,197.210000
977.261928,180.095120,987.588332,184.597872,965.740000,197.210000
976.770194,180.095120,987.588332,184.597872,965.770000,197.190000
976.770194,180.095120,987.588332,184.597872,965.760000,197.200000
975.786727,180.545396,987.588332,184.597872,965.750000,197.210000
975.294994,181.445946,987.588332,184.597872,965.730000,197.180000
975.294994,181.445946,987.588332,184.597872,965.750000,197.190000
974.803260,181.445946,987.588332,184.597872,965.770000,197.210000
973.819793,181.896221,987.588332,184.597872,965.730000,197.200000
973.328060,182.346496,987.588332,184.597872,965.740000,197.240000
972.836326,183.247047,987.588332,184.597872,965.750000,197.180000
971.852859,184.147597,987.588332,184.597872,965.820000,197.170000
971.852859,185.048147,987.588332,184.597872,965.830000,197.180000
971.361125,186.398973,987.588332,184.597872,965.830000,197.160000
970.869392,187.299523,987.588332,184.597872,965.850000,197.140000
970.869392,187.299523,987.588332,184.597872,965.850000,197.140000
970.869392,187.299523,987.588332,184.597872,965.860000,197.130000
970.869392,187.299523,987.588332,184.597872,966.935524,197.205576
969.885925,188.200073,987.588332,184.597872,966.935524,197.655852
968.902458,188.650348,987.588332,184.597872,966.935524,197.655852
968.902458,189.100624,987.588332,184.597872,963.493389,197.205576
968.902458,189.100624,987.588332,184.597872,963.493389,197.205576
967.918991,189.100624,987.588332,184.597872,963.493389,197.205576
966.443790,189.550899,987.588332,184.597872,963.493389,197.205576
966.443790,189.550899,987.588332,184.597872,963.493389,197.205576
964.968590,190.901724,987.588332,184.597872,963.493389,197.205576
964.968590,190.901724,987.588332,184.597872,963.493389,197.205576
964.968590,191.802275,987.588332,184.597872,963.493389,197.205576
964.968590,192.702825,987.588332,184.597872,963.493389,197.205576
964.968590,192.702825,987.588332,184.597872,963.493389,196.755301
964.968590,193.153100,987.588332,184.597872,963.493389,196.755301
964.968590,193.603375,987.588332,184.597872,963.493389,196.755301
964.968590,194.053650,987.588332,184.597872,963.493389,196.755301
964.476856,194.503926,987.588332,184.597872,963.493389,196.755301
963.985123,194.954201,987.588332,184.597872,963.493389,196.755301
963.493389,195.404476,987.588332,184.597872,963.493389,196.755301
963.001656,195.404476,987.588332,184.597872,963.493389,196.755301
962.509922,195.854751,987.588332,184.597872,963.493389,196.755301
962.018189,196.305026,987.588332,184.597872,963.493389,196.755301
961.526455,196.305026,987.588332,184.597872,961.034722,198.556402
961.526455,196.755301,987.588332,184.597872,959.559521,199.456952
961.034722,197.205576,987.588332,184.597872,959.559521,199.456952
961.034722,197.205576,987.588332,184.597872,959.067788,199.907227
960.542988,197.655852,987.588332,184.597872,958.576054,199.907227
959.559521,198.106127,987.588332,184.597872,958.576054,200.357503
959.067788,198.106127,987.588332,184.597872,958.576054,200.357503
959.067788,198.556402,987.588332,184.597872,958.576054,200.357503
958.576054,198.556402,986.604864,184.597872,958.576054,200.357503
958.576054,199.006677,984.637930,184.597872,958.576054,200.807778
956.609120,199.907227,984.637930,184.597872,957.592587,201.708328
956.609120,200.357503,983.654463,185.048147,956.609120,202.158603
955.625653,200.357503,982.670996,185.048147,956.609120,203.509429
955.133919,200.807778,982.179263,184.597872,956.609120,204.409979
955.133919,200.807778,982.179263,184.597872,956.609120,204.860254
954.642186,201.258053,982.179263,184.597872,956.609120,204.860254
954.150452,201.708328,981.195796,184.597872,956.609120,205.310529
954.150452,201.708328,980.704062,184.597872,956.609120,205.310529
954.150452,201.708328,980.704062,184.597872,956.117386,205.760805
954.150452,201.708328,980.704062,184.597872,956.117386,205.760805
954.150452,201.708328,980.704062,184.597872,956.117386,205.760805
954.150452,201.708328,980.704062,184.147597,955.625653,205.760805
954.150452,201.708328,980.704062,184.147597,955.625653,205.760805
954.150452,202.158603,980.704062,184.147597,955.625653,205.760805
953.658719,202.608878,980.704062,184.147597,955.133919,205.760805
952.675252,203.059154,980.704062,184.147597,954.150452,207.111630
952.675252,203.509429,980.704062,184.147597,953.658719,208.012180
951.691785,203.959704,980.704062,184.147597,953.658719,208.912731
951.691785,204.409979,980.704062,184.147597,953.658719,208.912731
951.691785,204.860254,980.704062,184.147597,953.658719,209.363006
951.200051,204.860254,980.704062,184.147597,953.658719,209.363006
950.708318,205.310529,980.704062,184.147597,953.658719,209.363006
949.233117,205.760805,980.704062,184.147597,953.658719,209.813281
948.741384,206.211080,980.704062,184.147597,955.133919,212.064657
948.249650,206.661355,980.704062,184.147597,955.133919,212.064657
948.249650,206.661355,980.704062,184.147597,955.133919,211.614382
948.249650,206.661355,980.704062,184.147597,955.133919,211.614382
948.249650,206.661355,980.704062,184.147597,955.133919,211.614382
948.249650,206.661355,980.704062,184.147597,955.133919,211.614382
948.249650,206.661355,980.704062,184.147597,955.133919,211.614382
948.249650,206.661355,980.704062,184.147597,955.133919,211.614382
948.249650,206.661355,980.704062,184.147597,955.133919,211.614382
948.249650,206.661355,980.704062,184.147597,955.133919,211.614382
948.249650,206.661355,980.704062,184.147597,955.133919,211.164106
947.757917,207.111630,980.704062,184.147597,955.133919,211.164106
947.757917,207.561905,980.704062,184.147597,955.133919,211.164106
947.757917,207.561905,980.704062,184.147597,955.133919,211.164106
947.757917,207.561905,978.737128,185.498422,955.133919,211.164106
948.249650,207.111630,978.880000,185.170000,955.133919,211.164106
948.741384,207.111630,979.030000,185.030000,955.133919,211.164106
948.741384,206.661355,979.030000,185.060000,955.133919,211.164106
950.216584,206.211080,979.040000,185.100000,955.133919,211.164106
951.200051,205.760805,979.020000,185.130000,955.133919,211.164106
953.166985,204.860254,979.020000,185.200000,955.133919,211.164106
954.642186,204.409979,979.040000,185.260000,955.133919,211.164106
956.117386,203.509429,979.010000,185.340000,955.625653,211.164106
956.117386,203.509429,979.050000,185.390000,956.117386,210.263556
956.609120,203.509429,979.040000,185.520000,957.100853,210.263556
956.609120,203.059154,979.090000,185.960000,957.100853,210.263556
957.100853,203.059154,979.070000,186.010000,958.084321,209.813281
958.084321,202.608878,979.050000,186.030000,958.084321,209.813281
958.084321,202.158603,979.040000,186.090000,958.576054,209.363006
958.576054,202.158603,979.040000,186.150000,959.559521,208.912731
959.067788,201.258053,979.010000,186.220000,959.559521,208.912731
960.542988,199.907227,979.020000,186.280000,959.559521,208.912731
961.034722,199.006677,979.020000,186.340000,960.051255,208.462455
961.526455,198.556402,979.000000,186.460000,961.034722,208.012180
961.526455,197.655852,979.050000,187.000000,961.526455,207.561905
961.526455,197.205576,979.020000,187.050000,962.509922,206.661355
963.001656,195.854751,978.970000,187.090000,963.001656,206.661355
963.985123,195.404476,978.930000,187.150000,964.968590,205.310529
964.968590,194.503926,978.910000,187.220000,965.952057,204.409979
965.460323,194.053650,981.195796,187.299523,966.935524,203.959704
965.460323,194.053650,981.510000,187.030000,966.935524,203.959704
965.460323,193.603375,981.670000,187.010000,966.935524,203.959704
965.460323,193.603375,981.195796,187.749798,966.935524,203.959704
966.443790,193.153100,981.150000,187.910000,966.935524,203.959704
967.918991,191.802275,981.195796,187.749798,966.935524,203.959704
969.394191,190.451449,981.170000,187.850000,967.918991,201.708328
969.394191,190.451449,981.350000,187.750000,969.394191,200.357503
969.885925,190.451449,981.520000,187.670000,970.377658,199.456952
970.377658,190.001174,982.080000,187.750000,971.361125,198.556402
970.869392,189.100624,982.640000,187.820000,971.361125,198.556402
971.852859,188.650348,982.670996,187.749798,973.328060,196.305026
972.344593,188.200073,983.170000,187.930000,974.803260,194.954201
972.836326,188.200073,983.540000,187.960000,975.786727,194.503926
972.836326,188.200073,983.790000,188.000000,976.278461,194.503926
972.836326,188.200073,983.820000,188.020000,976.278461,194.503926
972.836326,187.749798,983.810000,188.070000,976.770194,193.603375
972.836326,186.849248,983.680000,188.120000,976.770194,193.153100
972.836326,185.948697,983.750000,188.210000,976.770194,193.153100
972.836326,185.948697,983.710000,188.340000,977.261928,192.252550
972.836326,185.948697,983.800000,188.470000,977.753661,192.252550
972.836326,185.048147,983.920000,188.950000,977.753661,191.802275
972.836326,185.048147,983.970000,189.030000,978.737128,190.901724
973.819793,184.147597,984.637930,187.749798,980.212329,190.001174
974.311527,183.697322,985.210000,187.530000,980.704062,189.550899
974.311527,183.697322,985.720000,187.440000,981.687529,189.100624
974.311527,183.697322,985.790000,187.470000,982.670996,188.650348
974.311527,183.697322,985.920000,187.500000,983.162730,187.749798
975.294994,182.346496,986.050000,187.900000,984.146197,186.849248
976.278461,181.896221,986.180000,187.850000,987.588332,185.498422
976.278461,181.445946,986.270000,187.850000,989.555266,184.147597
977.753661,180.095120,986.350000,187.890000,992.013933,183.247047
978.245395,179.644845,986.450000,187.960000,992.997400,182.796771
979.720595,178.744295,986.850000,188.030000,994.472601,182.796771
981.195796,177.843745,986.970000,188.110000,996.439535,181.896221
981.195796,177.843745,987.140000,188.120000,996.931268,181.445946
981.195796,177.843745,987.290000,188.180000,996.931268,181.445946
981.195796,177.843745,987.490000,188.250000,996.931268,181.445946
981.195796,177.843745,987.920000,188.370000,997.423002,181.445946
981.195796,177.843745,988.040000,188.320000,997.914735,181.445946
981.195796,177.843745,988.170000,188.220000,997.914735,181.445946
NaN,NaN,988.330000,188.260000,997.914735,181.445946
NaN,NaN,988.470000,188.210000,997.914735,181.445946
NaN,NaN,988.920000,188.150000,997.914735,181.445946
NaN,NaN,989.070000,188.190000,997.914735,181.445946
NaN,NaN,989.240000,188.180000,997.914735,181.445946
NaN,NaN,989.400000,188.140000,997.914735,181.445946
NaN,NaN,989.820000,188.090000,997.914735,181.445946
NaN,NaN,989.950000,188.080000,997.914735,181.445946
NaN,NaN,990.100000,188.080000,997.914735,181.445946
NaN,NaN,990.260000,188.010000,997.914735,180.995671
NaN,NaN,990.530000,188.000000,997.914735,180.995671
NaN,NaN,990.800000,187.920000,997.914735,180.995671
NaN,NaN,990.990000,187.880000,997.914735,180.995671
NaN,NaN,991.160000,187.850000,997.914735,180.995671
NaN,NaN,991.340000,187.820000,997.914735,180.995671
NaN,NaN,992.013933,188.200073,997.914735,180.995671
NaN,NaN,992.330000,187.970000,997.914735,180.995671
NaN,NaN,992.500000,187.930000,997.914735,180.995671
NaN,NaN,992.680000,187.840000,997.914735,180.995671
NaN,NaN,992.780000,187.810000,997.914735,180.995671
NaN,NaN,992.920000,187.780000,997.914735,180.995671
NaN,NaN,993.030000,187.710000,997.914735,180.995671
NaN,NaN,993.120000,187.620000,997.914735,180.995671
NaN,NaN,993.270000,187.560000,997.914735,180.995671
NaN,NaN,993.340000,187.280000,997.914735,180.995671
NaN,NaN,993.500000,187.170000,997.914735,180.995671
NaN,NaN,994.030000,187.170000,997.914735,180.995671
NaN,NaN,994.140000,187.100000,997.914735,180.995671
NaN,NaN,994.300000,187.040000,997.914735,180.995671
NaN,NaN,994.420000,186.980000,997.914735,180.995671
NaN,NaN,994.980000,187.050000,997.914735,180.995671
NaN,NaN,995.060000,186.970000,997.914735,180.995671
NaN,NaN,995.130000,186.900000,997.914735,180.995671
NaN,NaN,995.230000,186.830000,997.914735,180.995671
NaN,NaN,995.300000,186.800000,997.914735,180.995671
NaN,NaN,995.390000,186.800000,997.914735,180.995671
NaN,NaN,995.440000,186.750000,997.914735,180.995671
NaN,NaN,995.560000,186.700000,997.914735,180.995671
NaN,NaN,996.070000,186.780000,997.914735,180.995671
NaN,NaN,996.110000,186.750000,997.914735,180.995671
NaN,NaN,996.150000,186.720000,997.914735,180.995671
NaN,NaN,996.180000,186.710000,997.914735,180.995671
NaN,NaN,996.220000,186.690000,997.914735,180.995671
NaN,NaN,996.320000,186.640000,997.914735,180.995671
NaN,NaN,996.370000,186.630000,997.914735,180.995671
NaN,NaN,996.400000,186.570000,997.914735,180.995671
NaN,NaN,996.510000,186.570000,997.914735,180.995671
NaN,NaN,996.970000,186.660000,997.914735,180.995671
NaN,NaN,997.040000,186.660000,997.914735,180.995671
NaN,NaN,997.050000,186.660000,997.914735,180.995671
NaN,NaN,997.080000,186.660000,997.914735,180.995671
NaN,NaN,997.090000,186.670000,997.914735,180.995671
NaN,NaN,997.160000,186.640000,997.914735,180.995671
NaN,NaN,997.190000,186.670000,997.914735,180.995671
NaN,NaN,997.230000,186.670000,997.914735,180.995671
NaN,NaN,997.300000,186.720000,997.914735,180.995671
NaN,NaN,997.330000,186.720000,997.914735,180.995671
NaN,NaN,997.360000,186.710000,997.914735,180.995671
NaN,NaN,997.400000,186.710000,997.914735,180.995671
NaN,NaN,997.460000,186.730000,997.914735,180.995671
NaN,NaN,997.880000,186.820000,997.914735,180.995671
NaN,NaN,997.870000,186.780000,997.914735,180.995671
NaN,NaN,997.860000,186.760000,997.914735,180.995671
NaN,NaN,997.860000,186.700000,997.914735,180.995671
NaN,NaN,997.880000,186.720000,997.914735,180.995671
NaN,NaN,997.910000,186.710000,NaN,NaN
NaN,NaN,997.920000,186.650000,NaN,NaN
NaN,NaN,997.910000,186.600000,NaN,NaN
NaN,NaN,997.910000,186.590000,NaN,NaN
NaN,NaN,997.910000,186.480000,NaN,NaN
NaN,NaN,997.930000,186.210000,NaN,NaN
NaN,NaN,997.980000,186.170000,NaN,NaN
NaN,NaN,998.000000,186.130000,NaN,NaN
NaN,NaN,998.100000,186.080000,NaN,NaN
NaN,NaN,998.140000,186.030000,NaN,NaN
NaN,NaN,998.180000,185.980000,NaN,NaN
NaN,NaN,998.240000,185.990000,NaN,NaN
NaN,NaN,998.360000,185.970000,NaN,NaN
NaN,NaN,998.480000,185.930000,NaN,NaN
NaN,NaN,999.020000,186.090000,NaN,NaN
NaN,NaN,999.100000,185.980000,NaN,NaN
NaN,NaN,999.170000,185.920000,NaN,NaN
NaN,NaN,1000.373403,188.200073,NaN,NaN
NaN,NaN,1000.500000,188.110000,NaN,NaN
NaN,NaN,1000.640000,187.920000,NaN,NaN
NaN,NaN,1000.670000,187.880000,NaN,NaN
NaN,NaN,1000.780000,187.830000,NaN,NaN
NaN,NaN,1000.840000,187.730000,NaN,NaN
NaN,NaN,1000.900000,187.680000,NaN,NaN
NaN,NaN,1000.960000,187.620000,NaN,NaN
NaN,NaN,1001.020000,187.520000,NaN,NaN
NaN,NaN,1001.010000,187.060000,NaN,NaN
NaN,NaN,1001.090000,186.990000,NaN,NaN
NaN,NaN,1001.160000,186.890000,NaN,NaN
NaN,NaN,1001.356870,188.200073,NaN,NaN
NaN,NaN,1001.720000,188.550000,NaN,NaN
NaN,NaN,1001.810000,188.470000,NaN,NaN
NaN,NaN,1001.850000,188.350000,NaN,NaN
NaN,NaN,1001.830000,187.860000,NaN,NaN
NaN,NaN,1001.790000,187.270000,NaN,NaN
NaN,NaN,1001.860000,187.200000,NaN,NaN
NaN,NaN,1001.940000,187.120000,NaN,NaN
NaN,NaN,1002.010000,187.040000,NaN,NaN
NaN,NaN,1002.070000,186.970000,NaN,NaN
NaN,NaN,1002.140000,186.910000,NaN,NaN
NaN,NaN,1002.210000,186.830000,NaN,NaN
NaN,NaN,1002.832071,188.200073,NaN,NaN
NaN,NaN,1003.160000,188.680000,NaN,NaN
NaN,NaN,1003.870000,188.780000,NaN,NaN
NaN,NaN,1004.540000,188.850000,NaN,NaN
NaN,NaN,1004.600000,188.820000,NaN,NaN
NaN,NaN,1004.650000,188.820000,NaN,NaN
NaN,NaN,1004.710000,188.790000,NaN,NaN
NaN,NaN,1004.740000,188.780000,NaN,NaN
NaN,NaN,1004.790000,188.750000,NaN,NaN
NaN,NaN,1004.830000,188.720000,NaN,NaN
NaN,NaN,1004.880000,188.700000,NaN,NaN
NaN,NaN,1004.910000,188.700000,NaN,NaN
NaN,NaN,1004.950000,188.700000,NaN,NaN
NaN,NaN,1004.980000,188.700000,NaN,NaN
NaN,NaN,1005.020000,188.670000,NaN,NaN
NaN,NaN,1005.050000,188.670000,NaN,NaN
NaN,NaN,1005.090000,188.640000,NaN,NaN
NaN,NaN,1005.110000,188.630000,NaN,NaN
NaN,NaN,1005.160000,188.600000,NaN,NaN
NaN,NaN,1005.220000,188.590000,NaN,NaN
NaN,NaN,1005.250000,188.590000,NaN,NaN
NaN,NaN,1005.300000,188.590000,NaN,NaN
NaN,NaN,1005.350000,188.580000,NaN,NaN
NaN,NaN,1008.241139,188.200073,NaN,NaN
NaN,NaN,1008.980000,188.000000,NaN,NaN
NaN,NaN,1009.290000,188.010000,NaN,NaN
NaN,NaN,1009.390000,188.010000,NaN,NaN
NaN,NaN,1009.490000,188.000000,NaN,NaN
NaN,NaN,1009.540000,188.000000,NaN,NaN
NaN,NaN,1009.580000,188.000000,NaN,NaN
NaN,NaN,1009.640000,187.990000,NaN,NaN
NaN,NaN,1009.650000,187.990000,NaN,NaN
NaN,NaN,1009.720000,188.010000,NaN,NaN
NaN,NaN,1009.720000,188.010000,NaN,NaN
NaN,NaN,1009.770000,188.010000,NaN,NaN
NaN,NaN,1009.790000,188.020000,NaN,NaN
NaN,NaN,1009.820000,188.010000,NaN,NaN
NaN,NaN,1009.860000,188.010000,NaN,NaN
NaN,NaN,1009.900000,188.020000,NaN,NaN
NaN,NaN,1009.940000,188.000000,NaN,NaN
NaN,NaN,1009.960000,188.000000,NaN,NaN
NaN,NaN,1010.010000,187.990000,NaN,NaN
NaN,NaN,1010.040000,188.000000,NaN,NaN
NaN,NaN,1010.080000,188.000000,NaN,NaN
NaN,NaN,1010.120000,188.000000,NaN,NaN
NaN,NaN,1010.170000,188.000000,NaN,NaN
NaN,NaN,1010.230000,188.000000,NaN,NaN
NaN,NaN,1010.260000,188.000000,NaN,NaN
NaN,NaN,1010.300000,187.990000,NaN,NaN
NaN,NaN,1010.350000,187.990000,NaN,NaN
NaN,NaN,1010.410000,187.990000,NaN,NaN
NaN,NaN,1010.450000,187.990000,NaN,NaN
NaN,NaN,1010.490000,187.990000,NaN,NaN
NaN,NaN,1011.260000,188.020000,NaN,NaN
NaN,NaN,1012.020000,188.040000,NaN,NaN
NaN,NaN,1012.810000,188.050000,NaN,NaN
NaN,NaN,1013.570000,188.040000,NaN,NaN
NaN,NaN,1013.610000,188.040000,NaN,NaN
NaN,NaN,1013.660000,188.040000,NaN,NaN
NaN,NaN,1013.720000,188.020000,NaN,NaN
NaN,NaN,1013.770000,188.040000,NaN,NaN
NaN,NaN,1013.820000,188.040000,NaN,NaN
NaN,NaN,1013.850000,188.050000,NaN,NaN
NaN,NaN,1013.900000,188.050000,NaN,NaN
NaN,NaN,1013.930000,188.060000,NaN,NaN
NaN,NaN,1013.970000,188.050000,NaN,NaN
NaN,NaN,1014.010000,188.030000,NaN,NaN
NaN,NaN,1014.060000,188.030000,NaN,NaN
NaN,NaN,1014.100000,188.030000,NaN,NaN
NaN,NaN,1014.140000,188.040000,NaN,NaN
NaN,NaN,1014.160000,188.040000,NaN,NaN
NaN,NaN,1014.220000,188.030000,NaN,NaN
NaN,NaN,1014.240000,188.030000,NaN,NaN
NaN,NaN,1014.290000,188.020000,NaN,NaN
NaN,NaN,1014.320000,188.020000,NaN,NaN
NaN,NaN,1014.370000,188.010000,NaN,NaN
NaN,NaN,1014.420000,188.020000,NaN,NaN
NaN,NaN,1014.420000,188.050000,NaN,NaN
NaN,NaN,1014.440000,188.030000,NaN,NaN
NaN,NaN,1014.520000,188.010000,NaN,NaN
NaN,NaN,1015.260000,188.020000,NaN,NaN
NaN,NaN,1016.050000,188.050000,NaN,NaN
NaN,NaN,1016.810000,188.030000,NaN,NaN
NaN,NaN,NaN,NaN,NaN,NaN
NaN,NaN,NaN,NaN,NaN,NaN
NaN,NaN,NaN,NaN,NaN,NaN
NaN,NaN,NaN,NaN,NaN,NaN
NaN,NaN,NaN,NaN,NaN,NaN
NaN,NaN,NaN,NaN,NaN,NaN
NaN,NaN,NaN,NaN,NaN,NaN
NaN,NaN,NaN,NaN,NaN,NaN
NaN,NaN,NaN,NaN,NaN,NaN
NaN,NaN,NaN,NaN,NaN,NaN
NaN,NaN,NaN,NaN,NaN,NaN
NaN,NaN,NaN,NaN,NaN,NaN
NaN,NaN,NaN,NaN,NaN,NaN
NaN,NaN,NaN,NaN,NaN,NaN
NaN,NaN,NaN,NaN,NaN,NaN
NaN,NaN,NaN,NaN,NaN,NaN
NaN,NaN,NaN,NaN,NaN,NaN
NaN,NaN,NaN,NaN,NaN,NaN
NaN,NaN,NaN,NaN,NaN,NaN
NaN,NaN,NaN,NaN,NaN,NaN
NaN,NaN,NaN,NaN,NaN,NaN
NaN,NaN,NaN,NaN,NaN,NaN
NaN,NaN,NaN,NaN,NaN,NaN
NaN,NaN,NaN,NaN,NaN,NaN
NaN,NaN,NaN,NaN,NaN,NaN
NaN,NaN,NaN,NaN,NaN,NaN
NaN,NaN,NaN,NaN,NaN,NaN
NaN,NaN,NaN,NaN,NaN,NaN
NaN,NaN,NaN,NaN,NaN,NaN
NaN,NaN,NaN,NaN,NaN,NaN
NaN,NaN,NaN,NaN,NaN,NaN
NaN,NaN,NaN,NaN,NaN,NaN
NaN,NaN,NaN,NaN,NaN,NaN
NaN,NaN,NaN,NaN,NaN,NaN
NaN,NaN,NaN,NaN,NaN,NaN
NaN,NaN,NaN,NaN,NaN,NaN
NaN,NaN,NaN,NaN,NaN,NaN
NaN,NaN,NaN,NaN,NaN,NaN
NaN,NaN,NaN,NaN,NaN,NaN
NaN,NaN,NaN,NaN,NaN,NaN
NaN,NaN,NaN,NaN,NaN,NaN
NaN,NaN,NaN,NaN,NaN,NaN
NaN,NaN,NaN,NaN,NaN,NaN
NaN,NaN,NaN,NaN,NaN,NaN
NaN,NaN,NaN,NaN,NaN,NaN
NaN,NaN,NaN,NaN,NaN,NaN
NaN,NaN,NaN,NaN,NaN,NaN
NaN,NaN,NaN,NaN,NaN,NaN
NaN,NaN,NaN,NaN,NaN,NaN
NaN,NaN,NaN,NaN,NaN,NaN
NaN,NaN,NaN,NaN,NaN,NaN
NaN,NaN,NaN,NaN,NaN,NaN
NaN,NaN,NaN,NaN,NaN,NaN
NaN,NaN,NaN,NaN,NaN,NaN
NaN,NaN,NaN,NaN,NaN,NaN
NaN,NaN,NaN,NaN,NaN,NaN
NaN,NaN,NaN,NaN,NaN,NaN
NaN,NaN,NaN,NaN,NaN,NaN
NaN,NaN,NaN,NaN,NaN,NaN
NaN,NaN,NaN,NaN,NaN,NaN
NaN,NaN,NaN,NaN,NaN,NaN
NaN,NaN,NaN,NaN,NaN,NaN
NaN,NaN,NaN,NaN,NaN,NaN
NaN,NaN,NaN,NaN,NaN,NaN
NaN,NaN,NaN,NaN,NaN,NaN
NaN,NaN,NaN,NaN,NaN,NaN
NaN,NaN,NaN,NaN,NaN,NaN
NaN,NaN,NaN,NaN,NaN,NaN
NaN,NaN,NaN,NaN,NaN,NaN
NaN,NaN,NaN,NaN,NaN,NaN
NaN,NaN,NaN,NaN,NaN,NaN
NaN,NaN,NaN,NaN,NaN,NaN
NaN,NaN,NaN,NaN,NaN,NaN
NaN,NaN,NaN,NaN,NaN,NaN
NaN,NaN,NaN,NaN,NaN,NaN
NaN,NaN,NaN,NaN,NaN,NaN
NaN,NaN,NaN,NaN,NaN,NaN
NaN,NaN,NaN,NaN,NaN,NaN
NaN,NaN,NaN,NaN,NaN,NaN
NaN,NaN,NaN,NaN,NaN,NaN
NaN,NaN,NaN,NaN,NaN,NaN
NaN,NaN,NaN,NaN,NaN,NaN
NaN,NaN,NaN,NaN,NaN,NaN
NaN,NaN,NaN,NaN,NaN,NaN
NaN,NaN,NaN,NaN,NaN,NaN
NaN,NaN,NaN,NaN,NaN,NaN
NaN,NaN,NaN,NaN,NaN,NaN
NaN,NaN,NaN,NaN,NaN,NaN
NaN,NaN,NaN,NaN,NaN,NaN
NaN,NaN,NaN,NaN,NaN,NaN
NaN,NaN,NaN,NaN,NaN,NaN
NaN,NaN,NaN,NaN,NaN,NaN
NaN,NaN,NaN,NaN,NaN,NaN
NaN,NaN,NaN,NaN,NaN,NaN
NaN,NaN,NaN,NaN,NaN,NaN
NaN,NaN,NaN,NaN,NaN,NaN
NaN,NaN,NaN,NaN,NaN,NaN
NaN,NaN,NaN,NaN,NaN,NaN
NaN,NaN,NaN,NaN,NaN,NaN
NaN,NaN,NaN,NaN,NaN,NaN
NaN,NaN,NaN,NaN,NaN,NaN
NaN,NaN,NaN,NaN,NaN,NaN
NaN,NaN,NaN,NaN,NaN,NaN
NaN,NaN,NaN,NaN,NaN,NaN
NaN,NaN,NaN,NaN,NaN,NaN
NaN,NaN,NaN,NaN,NaN,NaN
NaN,NaN,NaN,NaN,NaN,NaN
NaN,NaN,NaN,NaN,NaN,NaN
NaN,NaN,NaN,NaN,NaN,NaN
NaN,NaN,NaN,NaN,NaN,NaN
NaN,NaN,NaN,NaN,NaN,NaN
NaN,NaN,NaN,NaN,NaN,NaN
NaN,NaN,NaN,NaN,NaN,NaN
NaN,NaN,NaN,NaN,NaN,NaN
NaN,NaN,NaN,NaN,NaN,NaN
NaN,NaN,NaN,NaN,NaN,NaN
NaN,NaN,NaN,NaN,NaN,NaN
NaN,NaN,NaN,NaN,NaN,NaN
