pt1_cam1_X,pt1_cam1_Y,pt2_cam1_X,pt2_cam1_Y,pt3_cam1_X,pt3_cam1_Y
NaN,NaN,NaN,NaN,NaN,NaN
NaN,NaN,NaN,NaN,NaN,NaN
NaN,NaN,NaN,NaN,NaN,NaN
NaN,NaN,NaN,NaN,NaN,NaN
NaN,NaN,NaN,NaN,NaN,NaN
NaN,NaN,NaN,NaN,NaN,NaN
NaN,NaN,NaN,NaN,NaN,NaN
NaN,NaN,NaN,NaN,NaN,NaN
NaN,NaN,NaN,NaN,NaN,NaN
NaN,NaN,NaN,NaN,NaN,NaN
NaN,NaN,NaN,NaN,NaN,NaN
NaN,NaN,NaN,NaN,NaN,NaN
NaN,NaN,NaN,NaN,NaN,NaN
NaN,NaN,NaN,NaN,NaN,NaN
NaN,NaN,NaN,NaN,NaN,NaN
NaN,NaN,NaN,NaN,NaN,NaN
NaN,NaN,NaN,NaN,NaN,NaN
NaN,NaN,NaN,NaN,NaN,NaN
NaN,NaN,NaN,NaN,NaN,NaN
NaN,NaN,NaN,NaN,NaN,NaN
NaN,NaN,NaN,NaN,NaN,NaN
NaN,NaN,NaN,NaN,NaN,NaN
NaN,NaN,NaN,NaN,NaN,NaN
NaN,NaN,NaN,NaN,NaN,NaN
NaN,NaN,NaN,NaN,NaN,NaN
NaN,NaN,NaN,NaN,NaN,NaN
NaN,NaN,NaN,NaN,NaN,NaN
NaN,NaN,NaN,NaN,NaN,NaN
NaN,NaN,NaN,NaN,NaN,NaN
NaN,NaN,NaN,NaN,NaN,NaN
NaN,NaN,NaN,NaN,NaN,NaN
NaN,NaN,NaN,NaN,NaN,NaN
NaN,NaN,NaN,NaN,NaN,NaN
NaN,NaN,NaN,NaN,NaN,NaN
NaN,NaN,NaN,NaN,NaN,NaN
NaN,NaN,NaN,NaN,NaN,NaN
NaN,NaN,NaN,NaN,NaN,NaN
NaN,NaN,NaN,NaN,NaN,NaN
NaN,NaN,NaN,NaN,NaN,NaN
NaN,NaN,NaN,NaN,NaN,NaN
NaN,NaN,NaN,NaN,NaN,NaN
NaN,NaN,NaN,NaN,NaN,NaN
NaN,NaN,NaN,NaN,NaN,NaN
NaN,NaN,NaN,NaN,NaN,NaN
NaN,NaN,NaN,NaN,NaN,NaN
NaN,NaN,NaN,NaN,NaN,NaN
NaN,NaN,NaN,NaN,NaN,NaN
NaN,NaN,NaN,NaN,NaN,NaN
NaN,NaN,NaN,NaN,NaN,NaN
NaN,NaN,NaN,NaN,NaN,NaN
NaN,NaN,NaN,NaN,NaN,NaN
NaN,NaN,NaN,NaN,NaN,NaN
NaN,NaN,NaN,NaN,NaN,NaN
NaN,NaN,NaN,NaN,NaN,NaN
NaN,NaN,NaN,NaN,NaN,NaN
NaN,NaN,NaN,NaN,NaN,NaN
NaN,NaN,NaN,NaN,NaN,NaN
NaN,NaN,NaN,NaN,NaN,NaN
NaN,NaN,NaN,NaN,NaN,NaN
NaN,NaN,NaN,NaN,NaN,NaN
NaN,NaN,NaN,NaN,NaN,NaN
NaN,NaN,NaN,NaN,NaN,NaN
NaN,NaN,NaN,NaN,NaN,NaN
NaN,NaN,NaN,NaN,NaN,NaN
NaN,NaN,NaN,NaN,NaN,NaN
NaN,NaN,NaN,NaN,NaN,NaN
NaN,NaN,NaN,NaN,NaN,NaN
NaN,NaN,NaN,NaN,NaN,NaN
NaN,NaN,NaN,NaN,NaN,NaN
NaN,NaN,NaN,NaN,NaN,NaN
NaN,NaN,NaN,NaN,NaN,NaN
NaN,NaN,NaN,NaN,NaN,NaN
NaN,NaN,NaN,NaN,NaN,NaN
NaN,NaN,NaN,NaN,NaN,NaN
NaN,NaN,NaN,NaN,NaN,NaN
NaN,NaN,NaN,NaN,NaN,NaN
NaN,NaN,NaN,NaN,NaN,NaN
NaN,NaN,NaN,NaN,NaN,NaN
NaN,NaN,NaN,NaN,NaN,NaN
NaN,NaN,NaN,NaN,NaN,NaN
NaN,NaN,NaN,NaN,NaN,NaN
NaN,NaN,NaN,NaN,NaN,NaN
NaN,NaN,NaN,NaN,NaN,NaN
NaN,NaN,NaN,NaN,NaN,NaN
NaN,NaN,NaN,NaN,NaN,NaN
NaN,NaN,NaN,NaN,NaN,NaN
NaN,NaN,NaN,NaN,NaN,NaN
NaN,NaN,NaN,NaN,NaN,NaN
NaN,NaN,NaN,NaN,NaN,NaN
NaN,NaN,NaN,NaN,NaN,NaN
NaN,NaN,NaN,NaN,NaN,NaN
NaN,NaN,NaN,NaN,NaN,NaN
NaN,NaN,NaN,NaN,NaN,NaN
NaN,NaN,NaN,NaN,NaN,NaN
NaN,NaN,NaN,NaN,NaN,NaN
NaN,NaN,NaN,NaN,NaN,NaN
NaN,NaN,NaN,NaN,NaN,NaN
NaN,NaN,NaN,NaN,NaN,NaN
NaN,NaN,NaN,NaN,NaN,NaN
NaN,NaN,NaN,NaN,NaN,NaN
NaN,NaN,NaN,NaN,NaN,NaN
NaN,NaN,NaN,NaN,NaN,NaN
NaN,NaN,NaN,NaN,NaN,NaN
NaN,NaN,NaN,NaN,NaN,NaN
NaN,NaN,NaN,NaN,NaN,NaN
NaN,NaN,NaN,NaN,NaN,NaN
NaN,NaN,NaN,NaN,NaN,NaN
NaN,NaN,NaN,NaN,NaN,NaN
NaN,NaN,NaN,NaN,NaN,NaN
NaN,NaN,NaN,NaN,NaN,NaN
NaN,NaN,NaN,NaN,NaN,NaN
NaN,NaN,NaN,NaN,NaN,NaN
NaN,NaN,NaN,NaN,NaN,NaN
NaN,NaN,NaN,NaN,NaN,NaN
NaN,NaN,NaN,NaN,NaN,NaN
NaN,NaN,NaN,NaN,NaN,NaN
NaN,NaN,NaN,NaN,NaN,NaN
NaN,NaN,NaN,NaN,NaN,NaN
NaN,NaN,NaN,NaN,NaN,NaN
NaN,NaN,NaN,NaN,NaN,NaN
NaN,NaN,NaN,NaN,NaN,NaN
NaN,NaN,NaN,NaN,NaN,NaN
NaN,NaN,NaN,NaN,NaN,NaN
NaN,NaN,NaN,NaN,NaN,NaN
NaN,NaN,NaN,NaN,NaN,NaN
NaN,NaN,NaN,NaN,NaN,NaN
NaN,NaN,NaN,NaN,NaN,NaN
NaN,NaN,NaN,NaN,NaN,NaN
NaN,NaN,NaN,NaN,NaN,NaN
NaN,NaN,NaN,NaN,NaN,NaN
NaN,NaN,NaN,NaN,NaN,NaN
NaN,NaN,NaN,NaN,NaN,NaN
NaN,NaN,NaN,NaN,NaN,NaN
NaN,NaN,NaN,NaN,NaN,NaN
NaN,NaN,NaN,NaN,NaN,NaN
NaN,NaN,NaN,NaN,NaN,NaN
NaN,NaN,NaN,NaN,NaN,NaN
NaN,NaN,NaN,NaN,NaN,NaN
NaN,NaN,NaN,NaN,NaN,NaN
NaN,NaN,NaN,NaN,NaN,NaN
NaN,NaN,NaN,NaN,NaN,NaN
NaN,NaN,NaN,NaN,NaN,NaN
NaN,NaN,NaN,NaN,NaN,NaN
NaN,NaN,NaN,NaN,NaN,NaN
NaN,NaN,NaN,NaN,NaN,NaN
NaN,NaN,NaN,NaN,NaN,NaN
NaN,NaN,NaN,NaN,NaN,NaN
NaN,NaN,NaN,NaN,NaN,NaN
NaN,NaN,NaN,NaN,NaN,NaN
NaN,NaN,NaN,NaN,NaN,NaN
NaN,NaN,NaN,NaN,NaN,NaN
NaN,NaN,NaN,NaN,NaN,NaN
NaN,NaN,NaN,NaN,NaN,NaN
NaN,NaN,NaN,NaN,NaN,NaN
NaN,NaN,NaN,NaN,NaN,NaN
NaN,NaN,NaN,NaN,NaN,NaN
NaN,NaN,NaN,NaN,NaN,NaN
NaN,NaN,NaN,NaN,NaN,NaN
NaN,NaN,NaN,NaN,NaN,NaN
NaN,NaN,NaN,NaN,NaN,NaN
NaN,NaN,NaN,NaN,NaN,NaN
NaN,NaN,NaN,NaN,NaN,NaN
NaN,NaN,NaN,NaN,NaN,NaN
NaN,NaN,NaN,NaN,NaN,NaN
NaN,NaN,NaN,NaN,NaN,NaN
NaN,NaN,NaN,NaN,NaN,NaN
NaN,NaN,NaN,NaN,NaN,NaN
NaN,NaN,NaN,NaN,NaN,NaN
NaN,NaN,NaN,NaN,NaN,NaN
NaN,NaN,NaN,NaN,NaN,NaN
NaN,NaN,NaN,NaN,NaN,NaN
NaN,NaN,NaN,NaN,NaN,NaN
NaN,NaN,NaN,NaN,NaN,NaN
NaN,NaN,NaN,NaN,NaN,NaN
NaN,NaN,NaN,NaN,NaN,NaN
NaN,NaN,NaN,NaN,NaN,NaN
NaN,NaN,NaN,NaN,NaN,NaN
NaN,NaN,NaN,NaN,NaN,NaN
NaN,NaN,NaN,NaN,NaN,NaN
NaN,NaN,NaN,NaN,NaN,NaN
NaN,NaN,NaN,NaN,NaN,NaN
NaN,NaN,NaN,NaN,NaN,NaN
NaN,NaN,NaN,NaN,NaN,NaN
NaN,NaN,NaN,NaN,NaN,NaN
NaN,NaN,NaN,NaN,NaN,NaN
NaN,NaN,NaN,NaN,NaN,NaN
NaN,NaN,NaN,NaN,NaN,NaN
NaN,NaN,NaN,NaN,NaN,NaN
NaN,NaN,NaN,NaN,NaN,NaN
NaN,NaN,NaN,NaN,NaN,NaN
NaN,NaN,NaN,NaN,NaN,NaN
NaN,NaN,NaN,NaN,NaN,NaN
NaN,NaN,NaN,NaN,NaN,NaN
NaN,NaN,NaN,NaN,NaN,NaN
NaN,NaN,NaN,NaN,NaN,NaN
NaN,NaN,NaN,NaN,NaN,NaN
NaN,NaN,NaN,NaN,NaN,NaN
NaN,NaN,NaN,NaN,NaN,NaN
NaN,NaN,NaN,NaN,NaN,NaN
NaN,NaN,NaN,NaN,NaN,NaN
NaN,NaN,NaN,NaN,NaN,NaN
NaN,NaN,NaN,NaN,NaN,NaN
NaN,NaN,NaN,NaN,NaN,NaN
NaN,NaN,NaN,NaN,NaN,NaN
NaN,NaN,NaN,NaN,NaN,NaN
NaN,NaN,NaN,NaN,NaN,NaN
NaN,NaN,NaN,NaN,NaN,NaN
NaN,NaN,NaN,NaN,NaN,NaN
NaN,NaN,NaN,NaN,NaN,NaN
NaN,NaN,NaN,NaN,NaN,NaN
NaN,NaN,NaN,NaN,NaN,NaN
NaN,NaN,NaN,NaN,NaN,NaN
NaN,NaN,NaN,NaN,NaN,NaN
NaN,NaN,NaN,NaN,NaN,NaN
NaN,NaN,NaN,NaN,NaN,NaN
NaN,NaN,NaN,NaN,NaN,NaN
NaN,NaN,NaN,NaN,NaN,NaN
NaN,NaN,NaN,NaN,NaN,NaN
NaN,NaN,NaN,NaN,NaN,NaN
NaN,NaN,NaN,NaN,NaN,NaN
NaN,NaN,NaN,NaN,NaN,NaN
NaN,NaN,NaN,NaN,NaN,NaN
NaN,NaN,NaN,NaN,NaN,NaN
NaN,NaN,NaN,NaN,NaN,NaN
NaN,NaN,NaN,NaN,NaN,NaN
NaN,NaN,NaN,NaN,NaN,NaN
NaN,NaN,NaN,NaN,NaN,NaN
NaN,NaN,NaN,NaN,NaN,NaN
NaN,NaN,NaN,NaN,NaN,NaN
NaN,NaN,NaN,NaN,NaN,NaN
NaN,NaN,NaN,NaN,NaN,NaN
NaN,NaN,NaN,NaN,NaN,NaN
NaN,NaN,NaN,NaN,NaN,NaN
NaN,NaN,NaN,NaN,NaN,NaN
NaN,NaN,NaN,NaN,NaN,NaN
NaN,NaN,NaN,NaN,NaN,NaN
NaN,NaN,NaN,NaN,NaN,NaN
NaN,NaN,NaN,NaN,NaN,NaN
NaN,NaN,NaN,NaN,NaN,NaN
NaN,NaN,NaN,NaN,NaN,NaN
NaN,NaN,NaN,NaN,NaN,NaN
NaN,NaN,NaN,NaN,NaN,NaN
NaN,NaN,NaN,NaN,NaN,NaN
NaN,NaN,NaN,NaN,NaN,NaN
NaN,NaN,NaN,NaN,NaN,NaN
NaN,NaN,NaN,NaN,NaN,NaN
NaN,NaN,NaN,NaN,NaN,NaN
NaN,NaN,NaN,NaN,NaN,NaN
NaN,NaN,NaN,NaN,NaN,NaN
NaN,NaN,NaN,NaN,NaN,NaN
NaN,NaN,NaN,NaN,NaN,NaN
NaN,NaN,NaN,NaN,NaN,NaN
NaN,NaN,NaN,NaN,NaN,NaN
NaN,NaN,NaN,NaN,NaN,NaN
NaN,NaN,NaN,NaN,NaN,NaN
NaN,NaN,NaN,NaN,NaN,NaN
NaN,NaN,NaN,NaN,NaN,NaN
NaN,NaN,NaN,NaN,NaN,NaN
NaN,NaN,NaN,NaN,NaN,NaN
NaN,NaN,NaN,NaN,NaN,NaN
NaN,NaN,NaN,NaN,NaN,NaN
NaN,NaN,NaN,NaN,NaN,NaN
NaN,NaN,NaN,NaN,NaN,NaN
NaN,NaN,NaN,NaN,NaN,NaN
NaN,NaN,NaN,NaN,NaN,NaN
NaN,NaN,NaN,NaN,NaN,NaN
NaN,NaN,NaN,NaN,NaN,NaN
NaN,NaN,NaN,NaN,NaN,NaN
NaN,NaN,NaN,NaN,NaN,NaN
NaN,NaN,NaN,NaN,NaN,NaN
NaN,NaN,NaN,NaN,NaN,NaN
NaN,NaN,NaN,NaN,NaN,NaN
NaN,NaN,NaN,NaN,NaN,NaN
NaN,NaN,NaN,NaN,NaN,NaN
NaN,NaN,NaN,NaN,NaN,NaN
NaN,NaN,NaN,NaN,NaN,NaN
NaN,NaN,NaN,NaN,NaN,NaN
NaN,NaN,NaN,NaN,NaN,NaN
NaN,NaN,NaN,NaN,NaN,NaN
NaN,NaN,NaN,NaN,NaN,NaN
NaN,NaN,NaN,NaN,NaN,NaN
NaN,NaN,NaN,NaN,NaN,NaN
NaN,NaN,NaN,NaN,NaN,NaN
NaN,NaN,NaN,NaN,NaN,NaN
NaN,NaN,NaN,NaN,NaN,NaN
NaN,NaN,NaN,NaN,NaN,NaN
NaN,NaN,NaN,NaN,NaN,NaN
NaN,NaN,NaN,NaN,NaN,NaN
NaN,NaN,NaN,NaN,NaN,NaN
NaN,NaN,NaN,NaN,NaN,NaN
NaN,NaN,NaN,NaN,NaN,NaN
NaN,NaN,NaN,NaN,NaN,NaN
NaN,NaN,NaN,NaN,NaN,NaN
NaN,NaN,NaN,NaN,NaN,NaN
NaN,NaN,NaN,NaN,NaN,NaN
NaN,NaN,NaN,NaN,NaN,NaN
NaN,NaN,NaN,NaN,NaN,NaN
NaN,NaN,NaN,NaN,NaN,NaN
NaN,NaN,NaN,NaN,NaN,NaN
NaN,NaN,NaN,NaN,NaN,NaN
NaN,NaN,NaN,NaN,NaN,NaN
NaN,NaN,NaN,NaN,NaN,NaN
NaN,NaN,NaN,NaN,NaN,NaN
NaN,NaN,NaN,NaN,NaN,NaN
NaN,NaN,NaN,NaN,NaN,NaN
NaN,NaN,NaN,NaN,NaN,NaN
NaN,NaN,NaN,NaN,NaN,NaN
NaN,NaN,NaN,NaN,NaN,NaN
NaN,NaN,NaN,NaN,NaN,NaN
NaN,NaN,NaN,NaN,NaN,NaN
NaN,NaN,NaN,NaN,NaN,NaN
NaN,NaN,NaN,NaN,NaN,NaN
NaN,NaN,NaN,NaN,NaN,NaN
NaN,NaN,NaN,NaN,NaN,NaN
NaN,NaN,NaN,NaN,NaN,NaN
NaN,NaN,NaN,NaN,NaN,NaN
NaN,NaN,NaN,NaN,NaN,NaN
NaN,NaN,NaN,NaN,NaN,NaN
NaN,NaN,NaN,NaN,NaN,NaN
NaN,NaN,NaN,NaN,NaN,NaN
NaN,NaN,NaN,NaN,NaN,NaN
NaN,NaN,NaN,NaN,NaN,NaN
NaN,NaN,NaN,NaN,NaN,NaN
NaN,NaN,NaN,NaN,NaN,NaN
NaN,NaN,NaN,NaN,NaN,NaN
NaN,NaN,NaN,NaN,NaN,NaN
NaN,NaN,NaN,NaN,NaN,NaN
NaN,NaN,NaN,NaN,NaN,NaN
NaN,NaN,NaN,NaN,NaN,NaN
NaN,NaN,NaN,NaN,NaN,NaN
NaN,NaN,NaN,NaN,NaN,NaN
NaN,NaN,NaN,NaN,NaN,NaN
NaN,NaN,NaN,NaN,NaN,NaN
NaN,NaN,NaN,NaN,NaN,NaN
NaN,NaN,NaN,NaN,NaN,NaN
NaN,NaN,NaN,NaN,NaN,NaN
NaN,NaN,NaN,NaN,NaN,NaN
NaN,NaN,NaN,NaN,NaN,NaN
NaN,NaN,NaN,NaN,NaN,NaN
NaN,NaN,NaN,NaN,NaN,NaN
NaN,NaN,NaN,NaN,NaN,NaN
NaN,NaN,NaN,NaN,NaN,NaN
NaN,NaN,NaN,NaN,NaN,NaN
NaN,NaN,NaN,NaN,NaN,NaN
NaN,NaN,NaN,NaN,NaN,NaN
NaN,NaN,NaN,NaN,NaN,NaN
NaN,NaN,NaN,NaN,NaN,NaN
NaN,NaN,NaN,NaN,NaN,NaN
NaN,NaN,NaN,NaN,NaN,NaN
NaN,NaN,NaN,NaN,NaN,NaN
NaN,NaN,NaN,NaN,NaN,NaN
NaN,NaN,NaN,NaN,NaN,NaN
NaN,NaN,NaN,NaN,NaN,NaN
NaN,NaN,NaN,NaN,NaN,NaN
NaN,NaN,NaN,NaN,NaN,NaN
NaN,NaN,NaN,NaN,NaN,NaN
NaN,NaN,NaN,NaN,NaN,NaN
NaN,NaN,NaN,NaN,NaN,NaN
NaN,NaN,NaN,NaN,NaN,NaN
NaN,NaN,NaN,NaN,NaN,NaN
NaN,NaN,NaN,NaN,NaN,NaN
NaN,NaN,NaN,NaN,NaN,NaN
NaN,NaN,NaN,NaN,NaN,NaN
NaN,NaN,NaN,NaN,NaN,NaN
NaN,NaN,NaN,NaN,NaN,NaN
NaN,NaN,NaN,NaN,NaN,NaN
NaN,NaN,NaN,NaN,NaN,NaN
NaN,NaN,NaN,NaN,NaN,NaN
NaN,NaN,NaN,NaN,NaN,NaN
NaN,NaN,NaN,NaN,NaN,NaN
NaN,NaN,NaN,NaN,NaN,NaN
NaN,NaN,NaN,NaN,NaN,NaN
NaN,NaN,NaN,NaN,NaN,NaN
NaN,NaN,NaN,NaN,NaN,NaN
NaN,NaN,NaN,NaN,NaN,NaN
NaN,NaN,NaN,NaN,NaN,NaN
NaN,NaN,NaN,NaN,NaN,NaN
NaN,NaN,NaN,NaN,NaN,NaN
NaN,NaN,NaN,NaN,NaN,NaN
NaN,NaN,NaN,NaN,NaN,NaN
NaN,NaN,NaN,NaN,NaN,NaN
NaN,NaN,NaN,NaN,NaN,NaN
NaN,NaN,NaN,NaN,NaN,NaN
NaN,NaN,NaN,NaN,NaN,NaN
NaN,NaN,NaN,NaN,NaN,NaN
NaN,NaN,NaN,NaN,NaN,NaN
NaN,NaN,NaN,NaN,NaN,NaN
NaN,NaN,NaN,NaN,NaN,NaN
NaN,NaN,NaN,NaN,NaN,NaN
NaN,NaN,NaN,NaN,NaN,NaN
NaN,NaN,NaN,NaN,NaN,NaN
NaN,NaN,NaN,NaN,NaN,NaN
NaN,NaN,NaN,NaN,NaN,NaN
NaN,NaN,NaN,NaN,NaN,NaN
NaN,NaN,NaN,NaN,NaN,NaN
NaN,NaN,NaN,NaN,NaN,NaN
NaN,NaN,NaN,NaN,NaN,NaN
NaN,NaN,NaN,NaN,NaN,NaN
NaN,NaN,NaN,NaN,NaN,NaN
NaN,NaN,NaN,NaN,NaN,NaN
NaN,NaN,NaN,NaN,NaN,NaN
NaN,NaN,NaN,NaN,NaN,NaN
NaN,NaN,NaN,NaN,NaN,NaN
NaN,NaN,NaN,NaN,NaN,NaN
NaN,NaN,NaN,NaN,NaN,NaN
NaN,NaN,NaN,NaN,NaN,NaN
NaN,NaN,NaN,NaN,NaN,NaN
NaN,NaN,NaN,NaN,NaN,NaN
NaN,NaN,NaN,NaN,NaN,NaN
NaN,NaN,NaN,NaN,NaN,NaN
NaN,NaN,NaN,NaN,NaN,NaN
NaN,NaN,NaN,NaN,NaN,NaN
NaN,NaN,NaN,NaN,NaN,NaN
NaN,NaN,NaN,NaN,NaN,NaN
NaN,NaN,NaN,NaN,NaN,NaN
NaN,NaN,NaN,NaN,NaN,NaN
NaN,NaN,NaN,NaN,NaN,NaN
NaN,NaN,NaN,NaN,NaN,NaN
NaN,NaN,NaN,NaN,NaN,NaN
NaN,NaN,NaN,NaN,NaN,NaN
NaN,NaN,NaN,NaN,NaN,NaN
NaN,NaN,NaN,NaN,NaN,NaN
NaN,NaN,NaN,NaN,NaN,NaN
NaN,NaN,NaN,NaN,NaN,NaN
NaN,NaN,NaN,NaN,NaN,NaN
NaN,NaN,NaN,NaN,NaN,NaN
NaN,NaN,NaN,NaN,NaN,NaN
NaN,NaN,NaN,NaN,NaN,NaN
NaN,NaN,NaN,NaN,NaN,NaN
NaN,NaN,NaN,NaN,NaN,NaN
NaN,NaN,NaN,NaN,NaN,NaN
NaN,NaN,NaN,NaN,NaN,NaN
NaN,NaN,NaN,NaN,NaN,NaN
NaN,NaN,NaN,NaN,NaN,NaN
NaN,NaN,NaN,NaN,NaN,NaN
NaN,NaN,NaN,NaN,NaN,NaN
NaN,NaN,NaN,NaN,NaN,NaN
NaN,NaN,NaN,NaN,NaN,NaN
NaN,NaN,NaN,NaN,NaN,NaN
NaN,NaN,NaN,NaN,NaN,NaN
NaN,NaN,NaN,NaN,NaN,NaN
NaN,NaN,NaN,NaN,NaN,NaN
NaN,NaN,NaN,NaN,NaN,NaN
NaN,NaN,NaN,NaN,NaN,NaN
NaN,NaN,NaN,NaN,NaN,NaN
NaN,NaN,NaN,NaN,NaN,NaN
NaN,NaN,NaN,NaN,NaN,NaN
NaN,NaN,NaN,NaN,NaN,NaN
NaN,NaN,NaN,NaN,NaN,NaN
NaN,NaN,NaN,NaN,NaN,NaN
NaN,NaN,NaN,NaN,NaN,NaN
NaN,NaN,NaN,NaN,NaN,NaN
NaN,NaN,NaN,NaN,NaN,NaN
NaN,NaN,NaN,NaN,NaN,NaN
NaN,NaN,NaN,NaN,NaN,NaN
NaN,NaN,NaN,NaN,NaN,NaN
NaN,NaN,NaN,NaN,NaN,NaN
NaN,NaN,NaN,NaN,NaN,NaN
NaN,NaN,NaN,NaN,NaN,NaN
NaN,NaN,NaN,NaN,NaN,NaN
NaN,NaN,NaN,NaN,NaN,NaN
NaN,NaN,NaN,NaN,NaN,NaN
NaN,NaN,NaN,NaN,NaN,NaN
NaN,NaN,NaN,NaN,NaN,NaN
NaN,NaN,NaN,NaN,NaN,NaN
NaN,NaN,NaN,NaN,NaN,NaN
NaN,NaN,NaN,NaN,NaN,NaN
NaN,NaN,NaN,NaN,NaN,NaN
NaN,NaN,NaN,NaN,NaN,NaN
NaN,NaN,NaN,NaN,NaN,NaN
NaN,NaN,NaN,NaN,NaN,NaN
NaN,NaN,NaN,NaN,NaN,NaN
NaN,NaN,NaN,NaN,NaN,NaN
NaN,NaN,NaN,NaN,NaN,NaN
NaN,NaN,NaN,NaN,99.149018,284.512205
NaN,NaN,NaN,NaN,98.990000,285.010000
NaN,NaN,NaN,NaN,99.000000,284.990000
NaN,NaN,NaN,NaN,99.010000,284.970000
NaN,NaN,NaN,NaN,98.990000,284.980000
NaN,NaN,NaN,NaN,99.010000,284.990000
NaN,NaN,NaN,NaN,99.000000,284.970000
NaN,NaN,NaN,NaN,99.010000,284.960000
NaN,NaN,NaN,NaN,99.020000,284.950000
NaN,NaN,NaN,NaN,99.020000,284.940000
NaN,NaN,NaN,NaN,99.050000,284.930000
NaN,NaN,NaN,NaN,99.040000,284.900000
NaN,NaN,NaN,NaN,99.040000,284.920000
NaN,NaN,NaN,NaN,99.060000,284.910000
NaN,NaN,NaN,NaN,99.030000,284.910000
NaN,NaN,NaN,NaN,99.040000,284.880000
NaN,NaN,NaN,NaN,99.070000,284.890000
NaN,NaN,NaN,NaN,99.060000,284.880000
NaN,NaN,NaN,NaN,99.040000,284.880000
NaN,NaN,NaN,NaN,99.080000,284.860000
NaN,NaN,NaN,NaN,99.100000,284.860000
NaN,NaN,NaN,NaN,99.110000,284.800000
NaN,NaN,NaN,NaN,99.110000,284.840000
NaN,NaN,NaN,NaN,99.150000,284.830000
NaN,NaN,NaN,NaN,99.150000,284.760000
NaN,NaN,NaN,NaN,99.180000,284.790000
NaN,NaN,NaN,NaN,99.190000,284.780000
NaN,NaN,NaN,NaN,99.170000,284.770000
NaN,NaN,NaN,NaN,99.180000,284.700000
NaN,NaN,NaN,NaN,99.200000,284.700000
NaN,NaN,NaN,NaN,99.210000,284.660000
NaN,NaN,NaN,NaN,99.220000,284.670000
NaN,NaN,NaN,NaN,99.260000,284.630000
NaN,NaN,NaN,NaN,99.280000,284.600000
NaN,NaN,NaN,NaN,99.270000,284.630000
NaN,NaN,NaN,NaN,99.290000,284.580000
NaN,NaN,NaN,NaN,99.360000,284.530000
NaN,NaN,NaN,NaN,99.440000,283.860000
NaN,NaN,NaN,NaN,99.870000,283.120000
NaN,NaN,NaN,NaN,99.900000,282.620000
NaN,NaN,NaN,NaN,99.920000,282.520000
NaN,NaN,NaN,NaN,99.920000,282.570000
NaN,NaN,NaN,NaN,99.920000,283.090000
NaN,NaN,NaN,NaN,99.940000,283.650000
NaN,NaN,NaN,NaN,99.970000,283.630000
NaN,NaN,NaN,NaN,99.970000,283.580000
NaN,NaN,NaN,NaN,99.990000,283.570000
NaN,NaN,NaN,NaN,100.000000,283.490000
NaN,NaN,NaN,NaN,100.010000,282.940000
NaN,NaN,NaN,NaN,99.970000,282.270000
NaN,NaN,NaN,NaN,99.970000,282.250000
NaN,NaN,NaN,NaN,99.990000,282.300000
NaN,NaN,NaN,NaN,99.980000,282.250000
NaN,NaN,NaN,NaN,100.000000,282.210000
NaN,NaN,NaN,NaN,99.990000,282.180000
NaN,NaN,NaN,NaN,99.990000,282.130000
NaN,NaN,NaN,NaN,99.980000,282.110000
NaN,NaN,NaN,NaN,100.010000,282.090000
NaN,NaN,NaN,NaN,100.000000,282.060000
NaN,NaN,NaN,NaN,99.990000,282.000000
NaN,NaN,NaN,NaN,99.980000,281.990000
NaN,NaN,NaN,NaN,100.010000,281.970000
NaN,NaN,NaN,NaN,100.040000,281.970000
NaN,NaN,NaN,NaN,100.020000,281.940000
NaN,NaN,NaN,NaN,100.030000,281.930000
NaN,NaN,NaN,NaN,100.060000,281.950000
NaN,NaN,NaN,NaN,100.040000,281.930000
NaN,NaN,NaN,NaN,100.020000,281.900000
NaN,NaN,NaN,NaN,100.030000,281.910000
NaN,NaN,NaN,NaN,100.030000,281.880000
NaN,NaN,NaN,NaN,100.030000,281.890000
NaN,NaN,NaN,NaN,100.020000,281.860000
NaN,NaN,NaN,NaN,100.030000,281.800000
NaN,NaN,NaN,NaN,100.040000,281.800000
NaN,NaN,NaN,NaN,100.010000,281.770000
NaN,NaN,NaN,NaN,100.030000,281.730000
NaN,NaN,NaN,NaN,100.070000,281.690000
NaN,NaN,NaN,NaN,100.060000,281.700000
NaN,NaN,NaN,NaN,100.080000,281.610000
NaN,NaN,NaN,NaN,100.090000,281.650000
NaN,NaN,NaN,NaN,100.090000,281.650000
NaN,NaN,NaN,NaN,100.110000,281.530000
NaN,NaN,NaN,NaN,99.970000,280.990000
NaN,NaN,NaN,NaN,99.960000,280.990000
NaN,NaN,NaN,NaN,100.020000,280.980000
NaN,NaN,NaN,NaN,100.030000,281.020000
NaN,NaN,NaN,NaN,100.020000,280.960000
NaN,NaN,NaN,NaN,100.040000,280.950000
NaN,NaN,NaN,NaN,100.040000,280.930000
NaN,NaN,NaN,NaN,100.070000,280.930000
NaN,NaN,NaN,NaN,100.050000,280.920000
NaN,NaN,NaN,NaN,100.030000,280.830000
NaN,NaN,NaN,NaN,100.070000,280.850000
NaN,NaN,NaN,NaN,100.060000,280.870000
NaN,NaN,NaN,NaN,100.070000,280.900000
NaN,NaN,NaN,NaN,100.080000,280.880000
NaN,NaN,NaN,NaN,100.150000,280.840000
NaN,NaN,NaN,NaN,100.110000,280.800000
NaN,NaN,NaN,NaN,100.100000,280.750000
NaN,NaN,NaN,NaN,100.100000,280.760000
NaN,NaN,NaN,NaN,100.090000,280.760000
NaN,NaN,NaN,NaN,100.090000,280.770000
NaN,NaN,NaN,NaN,100.090000,280.700000
NaN,NaN,NaN,NaN,100.070000,280.700000
NaN,NaN,NaN,NaN,100.080000,280.730000
NaN,NaN,NaN,NaN,100.050000,280.680000
NaN,NaN,NaN,NaN,100.050000,280.610000
NaN,NaN,NaN,NaN,100.070000,280.620000
NaN,NaN,NaN,NaN,100.050000,280.630000
NaN,NaN,NaN,NaN,100.050000,280.440000
NaN,NaN,NaN,NaN,99.970000,279.950000
NaN,NaN,NaN,NaN,99.930000,279.890000
NaN,NaN,NaN,NaN,99.900000,279.880000
NaN,NaN,NaN,NaN,99.830000,279.830000
NaN,NaN,NaN,NaN,99.910000,279.860000
NaN,NaN,NaN,NaN,99.840000,279.700000
NaN,NaN,NaN,NaN,99.870000,279.730000
NaN,NaN,NaN,NaN,99.830000,279.680000
NaN,NaN,NaN,NaN,99.820000,279.660000
NaN,NaN,NaN,NaN,99.840000,279.660000
NaN,NaN,NaN,NaN,99.800000,279.610000
NaN,NaN,NaN,NaN,99.760000,279.540000
NaN,NaN,NaN,NaN,99.670000,279.080000
NaN,NaN,NaN,NaN,99.670000,278.970000
NaN,NaN,NaN,NaN,99.630000,278.930000
NaN,NaN,NaN,NaN,99.690000,278.870000
NaN,NaN,NaN,NaN,99.630000,278.760000
NaN,NaN,NaN,NaN,99.510000,278.700000
NaN,NaN,NaN,NaN,99.190000,278.650000
NaN,NaN,NaN,NaN,99.200000,278.600000
NaN,NaN,NaN,NaN,99.150000,278.600000
NaN,NaN,NaN,NaN,99.190000,278.480000
NaN,NaN,NaN,NaN,99.160000,277.980000
NaN,NaN,NaN,NaN,99.180000,277.940000
NaN,NaN,NaN,NaN,99.180000,277.860000
NaN,NaN,NaN,NaN,99.130000,277.840000
NaN,NaN,NaN,NaN,99.110000,277.810000
NaN,NaN,NaN,NaN,99.080000,277.750000
NaN,NaN,NaN,NaN,99.130000,277.700000
NaN,NaN,NaN,NaN,99.090000,277.620000
NaN,NaN,NaN,NaN,99.080000,277.490000
NaN,NaN,NaN,NaN,99.050000,277.000000
NaN,NaN,NaN,NaN,99.010000,276.970000
NaN,NaN,NaN,NaN,99.020000,276.870000
NaN,NaN,NaN,NaN,99.050000,276.850000
NaN,NaN,NaN,NaN,99.060000,276.790000
NaN,NaN,NaN,NaN,99.040000,276.780000
NaN,NaN,NaN,NaN,99.030000,276.770000
NaN,NaN,NaN,NaN,99.050000,276.770000
NaN,NaN,NaN,NaN,99.030000,276.720000
NaN,NaN,NaN,NaN,99.050000,276.630000
NaN,NaN,NaN,NaN,99.010000,276.610000
NaN,NaN,NaN,NaN,99.000000,276.480000
NaN,NaN,NaN,NaN,98.890000,275.900000
NaN,NaN,NaN,NaN,98.850000,275.360000
NaN,NaN,NaN,NaN,98.780000,275.270000
NaN,NaN,NaN,NaN,98.810000,275.240000
NaN,NaN,NaN,NaN,98.790000,275.180000
NaN,NaN,NaN,NaN,98.810000,275.170000
NaN,NaN,NaN,NaN,98.820000,275.150000
NaN,NaN,NaN,NaN,98.770000,275.080000
NaN,NaN,NaN,NaN,98.750000,275.020000
NaN,NaN,NaN,NaN,98.740000,274.990000
NaN,NaN,NaN,NaN,98.590000,274.950000
NaN,NaN,NaN,NaN,98.270000,274.860000
NaN,NaN,NaN,NaN,98.260000,274.860000
NaN,NaN,NaN,NaN,98.240000,274.840000
NaN,NaN,NaN,NaN,98.220000,274.810000
NaN,NaN,NaN,NaN,98.170000,274.770000
NaN,NaN,NaN,NaN,98.140000,274.720000
NaN,NaN,NaN,NaN,98.130000,274.700000
NaN,NaN,NaN,NaN,98.130000,274.620000
NaN,NaN,NaN,NaN,98.130000,274.580000
NaN,NaN,NaN,NaN,98.110000,274.590000
NaN,NaN,NaN,NaN,98.080000,274.420000
NaN,NaN,NaN,NaN,98.020000,273.930000
NaN,NaN,NaN,NaN,98.030000,273.940000
NaN,NaN,NaN,NaN,97.990000,273.900000
NaN,NaN,NaN,NaN,97.960000,273.880000
NaN,NaN,NaN,NaN,97.930000,273.820000
NaN,NaN,NaN,NaN,97.920000,273.870000
NaN,NaN,NaN,NaN,97.900000,273.860000
NaN,NaN,NaN,NaN,97.840000,273.810000
NaN,NaN,NaN,NaN,97.810000,273.750000
NaN,NaN,NaN,NaN,97.780000,273.700000
NaN,NaN,NaN,NaN,97.780000,273.710000
NaN,NaN,NaN,NaN,97.790000,273.820000
NaN,NaN,NaN,NaN,97.720000,273.680000
NaN,NaN,NaN,NaN,97.700000,273.690000
NaN,NaN,NaN,NaN,97.690000,273.680000
NaN,NaN,NaN,NaN,97.620000,273.620000
NaN,NaN,NaN,NaN,97.590000,273.650000
NaN,NaN,NaN,NaN,97.590000,273.650000
NaN,NaN,NaN,NaN,97.400000,273.480000
NaN,NaN,NaN,NaN,97.210000,273.000000
NaN,NaN,NaN,NaN,97.240000,272.910000
NaN,NaN,NaN,NaN,97.250000,272.950000
NaN,NaN,NaN,NaN,97.190000,272.950000
NaN,NaN,NaN,NaN,97.160000,272.900000
NaN,NaN,NaN,NaN,97.160000,272.880000
NaN,NaN,NaN,NaN,97.150000,272.830000
NaN,NaN,NaN,NaN,97.130000,272.880000
NaN,NaN,NaN,NaN,97.090000,272.870000
NaN,NaN,NaN,NaN,97.080000,272.860000
NaN,NaN,NaN,NaN,97.140000,272.830000
NaN,NaN,NaN,NaN,97.160000,272.850000
NaN,NaN,NaN,NaN,97.130000,272.760000
NaN,NaN,NaN,NaN,97.110000,272.740000
NaN,NaN,NaN,NaN,97.110000,272.750000
NaN,NaN,NaN,NaN,97.050000,272.710000
NaN,NaN,NaN,NaN,97.110000,272.710000
NaN,NaN,NaN,NaN,97.080000,272.700000
NaN,NaN,NaN,NaN,97.100000,272.580000
NaN,NaN,NaN,NaN,97.020000,272.080000
NaN,NaN,NaN,NaN,97.000000,272.040000
NaN,NaN,NaN,NaN,96.980000,272.040000
NaN,NaN,NaN,NaN,96.900000,272.020000
NaN,NaN,NaN,NaN,96.980000,272.030000
NaN,NaN,NaN,NaN,96.950000,271.990000
NaN,NaN,NaN,NaN,96.940000,272.000000
NaN,NaN,NaN,NaN,96.950000,272.050000
NaN,NaN,NaN,NaN,96.990000,272.040000
NaN,NaN,NaN,NaN,96.910000,271.970000
NaN,NaN,NaN,NaN,96.920000,271.960000
NaN,NaN,NaN,NaN,96.930000,271.900000
NaN,NaN,NaN,NaN,96.890000,271.930000
NaN,NaN,NaN,NaN,96.910000,271.930000
NaN,NaN,NaN,NaN,96.940000,271.890000
NaN,NaN,NaN,NaN,96.910000,271.840000
NaN,NaN,NaN,NaN,96.910000,271.860000
NaN,NaN,NaN,NaN,96.910000,271.820000
NaN,NaN,NaN,NaN,96.880000,271.830000
NaN,NaN,NaN,NaN,96.880000,271.850000
NaN,NaN,NaN,NaN,96.790000,271.780000
NaN,NaN,NaN,NaN,96.810000,271.800000
NaN,NaN,NaN,NaN,96.780000,271.810000
NaN,NaN,NaN,NaN,96.810000,271.810000
NaN,NaN,NaN,NaN,96.750000,271.770000
NaN,NaN,NaN,NaN,96.740000,271.750000
NaN,NaN,NaN,NaN,96.660000,271.790000
NaN,NaN,NaN,NaN,96.680000,271.780000
NaN,NaN,NaN,NaN,96.720000,271.800000
NaN,NaN,NaN,NaN,96.710000,271.780000
NaN,NaN,NaN,NaN,96.630000,271.690000
NaN,NaN,NaN,NaN,96.670000,271.760000
NaN,NaN,NaN,NaN,96.660000,271.750000
NaN,NaN,NaN,NaN,96.600000,271.720000
NaN,NaN,NaN,NaN,96.640000,271.720000
NaN,NaN,NaN,NaN,96.630000,271.760000
NaN,NaN,NaN,NaN,96.520000,271.710000
NaN,NaN,NaN,NaN,96.160000,271.560000
NaN,NaN,NaN,NaN,96.130000,271.060000
NaN,NaN,NaN,NaN,96.130000,271.020000
NaN,NaN,NaN,NaN,96.140000,271.020000
NaN,NaN,NaN,NaN,96.090000,270.980000
NaN,NaN,NaN,NaN,96.070000,270.990000
NaN,NaN,NaN,NaN,96.050000,271.000000
NaN,NaN,NaN,NaN,96.080000,271.000000
NaN,NaN,NaN,NaN,96.030000,270.960000
NaN,NaN,NaN,NaN,96.030000,270.980000
NaN,NaN,NaN,NaN,96.040000,270.920000
NaN,NaN,NaN,NaN,96.020000,270.970000
NaN,NaN,NaN,NaN,95.980000,270.890000
NaN,NaN,NaN,NaN,95.940000,270.910000
NaN,NaN,NaN,NaN,95.970000,270.930000
NaN,NaN,NaN,NaN,95.910000,270.900000
NaN,NaN,NaN,NaN,95.940000,270.950000
NaN,NaN,NaN,NaN,95.890000,270.920000
NaN,NaN,NaN,NaN,95.930000,270.930000
NaN,NaN,NaN,NaN,95.890000,270.900000
NaN,NaN,NaN,NaN,95.880000,270.870000
NaN,NaN,NaN,NaN,95.830000,270.890000
NaN,NaN,NaN,NaN,95.790000,270.840000
NaN,NaN,NaN,NaN,95.790000,270.830000
NaN,NaN,NaN,NaN,95.810000,270.890000
NaN,NaN,NaN,NaN,95.750000,270.870000
NaN,NaN,NaN,NaN,95.770000,270.890000
NaN,NaN,NaN,NaN,95.760000,270.920000
NaN,NaN,NaN,NaN,95.760000,270.880000
NaN,NaN,NaN,NaN,95.750000,270.900000
NaN,NaN,NaN,NaN,95.710000,270.810000
NaN,NaN,NaN,NaN,95.710000,270.850000
NaN,NaN,NaN,NaN,95.700000,270.860000
NaN,NaN,NaN,NaN,95.710000,270.870000
NaN,NaN,NaN,NaN,95.690000,270.830000
NaN,NaN,NaN,NaN,95.620000,270.800000
NaN,NaN,NaN,NaN,95.580000,270.850000
NaN,NaN,NaN,NaN,95.550000,270.770000
NaN,NaN,NaN,NaN,95.560000,270.810000
NaN,NaN,NaN,NaN,95.560000,270.760000
NaN,NaN,NaN,NaN,95.580000,270.800000
NaN,NaN,NaN,NaN,95.410000,270.810000
NaN,NaN,NaN,NaN,95.150000,270.800000
NaN,NaN,NaN,NaN,95.160000,270.860000
NaN,NaN,NaN,NaN,95.130000,270.780000
NaN,NaN,NaN,NaN,95.090000,270.870000
NaN,NaN,NaN,NaN,95.090000,270.800000
NaN,NaN,NaN,NaN,95.130000,270.790000
NaN,NaN,NaN,NaN,95.100000,270.760000
NaN,NaN,NaN,NaN,95.100000,270.740000
NaN,NaN,NaN,NaN,95.090000,270.810000
NaN,NaN,NaN,NaN,95.090000,270.800000
NaN,NaN,NaN,NaN,95.050000,270.810000
NaN,NaN,NaN,NaN,95.090000,270.820000
NaN,NaN,NaN,NaN,95.130000,270.740000
NaN,NaN,NaN,NaN,95.050000,270.720000
NaN,NaN,NaN,NaN,95.090000,270.690000
NaN,NaN,NaN,NaN,95.050000,270.720000
NaN,NaN,NaN,NaN,95.010000,270.740000
NaN,NaN,NaN,NaN,94.980000,270.720000
NaN,NaN,NaN,NaN,95.070000,270.740000
NaN,NaN,NaN,NaN,95.060000,270.720000
NaN,NaN,NaN,NaN,95.010000,270.650000
NaN,NaN,NaN,NaN,94.970000,270.680000
NaN,NaN,NaN,NaN,95.000000,270.750000
NaN,NaN,NaN,NaN,94.990000,270.710000
NaN,NaN,NaN,NaN,94.970000,270.740000
NaN,NaN,NaN,NaN,94.950000,270.670000
NaN,NaN,NaN,NaN,94.940000,270.660000
NaN,NaN,NaN,NaN,94.960000,270.650000
NaN,NaN,NaN,NaN,94.970000,270.620000
NaN,NaN,NaN,NaN,95.020000,270.630000
NaN,NaN,NaN,NaN,95.000000,270.610000
NaN,NaN,NaN,NaN,94.990000,270.540000
NaN,NaN,NaN,NaN,94.870000,270.100000
NaN,NaN,NaN,NaN,94.860000,270.100000
NaN,NaN,NaN,NaN,94.860000,270.060000
NaN,NaN,NaN,NaN,94.890000,270.030000
NaN,NaN,NaN,NaN,94.870000,270.020000
NaN,NaN,NaN,NaN,94.840000,270.010000
NaN,NaN,NaN,NaN,94.790000,270.000000
NaN,NaN,NaN,NaN,94.770000,269.990000
NaN,NaN,NaN,NaN,94.780000,269.990000
NaN,NaN,NaN,NaN,94.700000,269.960000
NaN,NaN,NaN,NaN,94.630000,269.940000
NaN,NaN,NaN,NaN,94.620000,269.910000
NaN,NaN,NaN,NaN,94.640000,269.760000
NaN,NaN,NaN,NaN,94.600000,269.760000
NaN,NaN,NaN,NaN,94.650000,269.860000
NaN,NaN,NaN,NaN,94.520000,269.840000
NaN,NaN,NaN,NaN,94.240000,269.720000
NaN,NaN,NaN,NaN,94.190000,269.770000
NaN,NaN,NaN,NaN,94.200000,269.760000
NaN,NaN,NaN,NaN,94.160000,269.690000
NaN,NaN,NaN,NaN,94.140000,269.630000
NaN,NaN,NaN,NaN,94.040000,269.620000
NaN,NaN,NaN,NaN,94.040000,269.610000
NaN,NaN,NaN,NaN,93.980000,269.440000
NaN,NaN,NaN,NaN,93.800000,268.910000
NaN,NaN,NaN,NaN,93.640000,268.330000
NaN,NaN,NaN,NaN,93.270000,268.290000
NaN,NaN,NaN,NaN,93.300000,268.120000
NaN,NaN,NaN,NaN,93.290000,268.160000
NaN,NaN,NaN,NaN,93.180000,268.190000
NaN,NaN,NaN,NaN,93.180000,268.250000
NaN,NaN,NaN,NaN,93.110000,268.160000
NaN,NaN,NaN,NaN,93.080000,268.140000
NaN,NaN,NaN,NaN,93.060000,268.130000
NaN,NaN,NaN,NaN,93.050000,268.150000
NaN,NaN,NaN,NaN,92.970000,268.150000
NaN,NaN,NaN,NaN,93.030000,268.130000
NaN,NaN,NaN,NaN,92.880000,268.060000
NaN,NaN,NaN,NaN,92.920000,268.070000
NaN,NaN,NaN,NaN,92.880000,268.110000
NaN,NaN,NaN,NaN,92.850000,268.080000
NaN,NaN,NaN,NaN,92.850000,268.070000
NaN,NaN,NaN,NaN,92.900000,268.090000
NaN,NaN,NaN,NaN,92.840000,268.130000
NaN,NaN,NaN,NaN,92.870000,268.120000
NaN,NaN,NaN,NaN,92.860000,268.060000
NaN,NaN,NaN,NaN,92.820000,268.050000
NaN,NaN,NaN,NaN,92.840000,268.040000
NaN,NaN,NaN,NaN,92.780000,268.000000
NaN,NaN,NaN,NaN,92.740000,267.980000
NaN,NaN,NaN,NaN,92.720000,268.060000
NaN,NaN,NaN,NaN,92.720000,268.020000
NaN,NaN,NaN,NaN,92.760000,267.990000
NaN,NaN,NaN,NaN,92.580000,267.880000
NaN,NaN,NaN,NaN,92.320000,267.840000
NaN,NaN,NaN,NaN,92.330000,267.860000
NaN,NaN,NaN,NaN,92.280000,267.820000
NaN,NaN,NaN,NaN,92.250000,267.640000
NaN,NaN,NaN,NaN,92.130000,267.260000
NaN,NaN,NaN,NaN,92.190000,267.180000
NaN,NaN,NaN,NaN,92.070000,267.170000
NaN,NaN,NaN,NaN,92.090000,267.120000
NaN,NaN,NaN,NaN,92.140000,267.160000
NaN,NaN,NaN,NaN,92.070000,267.140000
NaN,NaN,NaN,NaN,92.110000,267.050000
NaN,NaN,NaN,NaN,92.060000,267.020000
NaN,NaN,NaN,NaN,92.030000,266.950000
NaN,NaN,NaN,NaN,92.000000,266.920000
NaN,NaN,NaN,NaN,91.990000,266.930000
NaN,NaN,NaN,NaN,92.050000,266.930000
NaN,NaN,NaN,NaN,92.070000,266.930000
NaN,NaN,NaN,NaN,92.060000,266.850000
NaN,NaN,NaN,NaN,91.980000,266.750000
NaN,NaN,NaN,NaN,92.040000,266.710000
NaN,NaN,NaN,NaN,92.010000,266.590000
NaN,NaN,NaN,NaN,91.950000,266.210000
NaN,NaN,NaN,NaN,91.940000,266.180000
NaN,NaN,NaN,NaN,91.850000,266.110000
NaN,NaN,NaN,NaN,91.890000,266.080000
NaN,NaN,NaN,NaN,91.880000,265.990000
NaN,NaN,NaN,NaN,91.900000,266.030000
NaN,NaN,NaN,NaN,91.910000,265.970000
NaN,NaN,NaN,NaN,91.880000,265.860000
NaN,NaN,NaN,NaN,91.900000,265.850000
NaN,NaN,NaN,NaN,91.760000,265.690000
NaN,NaN,NaN,NaN,91.700000,265.470000
NaN,NaN,NaN,NaN,91.430000,265.120000
NaN,NaN,NaN,NaN,91.050000,264.940000
NaN,NaN,NaN,NaN,90.970000,264.940000
NaN,NaN,NaN,NaN,91.030000,264.910000
NaN,NaN,NaN,NaN,91.100000,264.940000
NaN,NaN,NaN,NaN,91.070000,264.820000
NaN,NaN,NaN,NaN,91.080000,264.720000
NaN,NaN,NaN,NaN,91.070000,264.630000
NaN,NaN,NaN,NaN,91.030000,264.530000
NaN,NaN,NaN,NaN,90.940000,264.090000
NaN,NaN,NaN,NaN,90.850000,264.090000
NaN,NaN,NaN,NaN,90.910000,264.160000
NaN,NaN,NaN,NaN,90.970000,264.140000
NaN,NaN,NaN,NaN,90.910000,264.030000
NaN,NaN,NaN,NaN,90.890000,263.960000
NaN,NaN,NaN,NaN,90.970000,263.990000
NaN,NaN,NaN,NaN,90.970000,263.890000
NaN,NaN,NaN,NaN,90.990000,263.900000
NaN,NaN,NaN,NaN,90.960000,263.780000
NaN,NaN,NaN,NaN,90.950000,263.820000
NaN,NaN,NaN,NaN,90.920000,263.860000
NaN,NaN,NaN,NaN,90.910000,263.810000
NaN,NaN,NaN,NaN,90.980000,263.740000
NaN,NaN,NaN,NaN,90.990000,263.640000
NaN,NaN,NaN,NaN,90.870000,263.380000
NaN,NaN,NaN,NaN,90.710000,263.140000
NaN,NaN,NaN,NaN,90.800000,263.110000
NaN,NaN,NaN,NaN,90.850000,263.250000
NaN,NaN,NaN,NaN,90.820000,263.200000
NaN,NaN,NaN,NaN,90.820000,263.240000
NaN,NaN,NaN,NaN,90.800000,263.190000
NaN,NaN,NaN,NaN,90.780000,263.170000
NaN,NaN,NaN,NaN,90.820000,262.950000
NaN,NaN,NaN,NaN,90.770000,262.940000
NaN,NaN,NaN,NaN,90.810000,262.860000
NaN,NaN,NaN,NaN,90.750000,262.800000
NaN,NaN,NaN,NaN,90.730000,262.790000
NaN,NaN,NaN,NaN,90.730000,262.520000
NaN,NaN,NaN,NaN,90.630000,262.330000
NaN,NaN,NaN,NaN,90.620000,262.220000
NaN,NaN,NaN,NaN,90.620000,262.210000
NaN,NaN,NaN,NaN,90.640000,262.230000
NaN,NaN,NaN,NaN,90.580000,262.250000
NaN,NaN,NaN,NaN,90.530000,262.110000
NaN,NaN,NaN,NaN,90.040000,262.060000
NaN,NaN,NaN,NaN,90.100000,262.160000
NaN,NaN,NaN,NaN,90.030000,262.150000
NaN,NaN,NaN,NaN,90.030000,262.150000
NaN,NaN,NaN,NaN,90.010000,262.200000
NaN,NaN,NaN,NaN,89.980000,262.110000
NaN,NaN,NaN,NaN,89.980000,262.130000
NaN,NaN,NaN,NaN,89.980000,262.030000
NaN,NaN,NaN,NaN,89.970000,261.920000
NaN,NaN,NaN,NaN,89.990000,261.890000
NaN,NaN,NaN,NaN,89.990000,262.000000
NaN,NaN,NaN,NaN,90.000000,261.890000
NaN,NaN,NaN,NaN,89.990000,261.890000
NaN,NaN,NaN,NaN,89.970000,261.900000
NaN,NaN,NaN,NaN,89.960000,261.900000
NaN,NaN,NaN,NaN,89.950000,261.850000
NaN,NaN,NaN,NaN,89.920000,261.790000
NaN,NaN,NaN,NaN,89.870000,261.650000
NaN,NaN,NaN,NaN,89.910000,261.760000
NaN,NaN,NaN,NaN,89.940000,261.670000
NaN,NaN,NaN,NaN,89.960000,261.630000
NaN,NaN,NaN,NaN,89.950000,261.610000
NaN,NaN,NaN,NaN,89.860000,261.540000
NaN,NaN,NaN,NaN,89.790000,261.530000
NaN,NaN,NaN,NaN,89.830000,261.370000
NaN,NaN,NaN,NaN,89.790000,261.440000
NaN,NaN,NaN,NaN,89.790000,261.370000
NaN,NaN,NaN,NaN,89.760000,261.370000
NaN,NaN,NaN,NaN,89.790000,261.330000
NaN,NaN,NaN,NaN,89.820000,261.280000
NaN,NaN,NaN,NaN,89.770000,261.300000
NaN,NaN,NaN,NaN,89.820000,261.390000
NaN,NaN,NaN,NaN,89.770000,261.140000
NaN,NaN,NaN,NaN,89.770000,261.200000
NaN,NaN,NaN,NaN,89.750000,261.110000
NaN,NaN,NaN,NaN,89.830000,261.230000
NaN,NaN,NaN,NaN,89.760000,261.070000
NaN,NaN,NaN,NaN,89.720000,261.080000
NaN,NaN,NaN,NaN,89.710000,261.100000
NaN,NaN,NaN,NaN,89.760000,261.120000
NaN,NaN,NaN,NaN,89.860000,261.200000
NaN,NaN,NaN,NaN,89.810000,261.120000
NaN,NaN,NaN,NaN,89.850000,261.170000
NaN,NaN,NaN,NaN,89.790000,261.130000
NaN,NaN,NaN,NaN,89.770000,261.080000
NaN,NaN,NaN,NaN,89.670000,260.970000
NaN,NaN,NaN,NaN,89.690000,260.970000
NaN,NaN,NaN,NaN,89.840000,260.990000
NaN,NaN,NaN,NaN,89.850000,261.130000
NaN,NaN,NaN,NaN,89.800000,260.940000
NaN,NaN,NaN,NaN,89.800000,260.880000
NaN,NaN,NaN,NaN,89.890000,260.960000
NaN,NaN,NaN,NaN,89.900000,260.920000
NaN,NaN,NaN,NaN,89.850000,260.830000
NaN,NaN,NaN,NaN,89.850000,260.780000
NaN,NaN,NaN,NaN,89.830000,260.750000
NaN,NaN,NaN,NaN,89.850000,260.700000
NaN,NaN,NaN,NaN,89.780000,260.710000
NaN,NaN,NaN,NaN,89.870000,260.500000
NaN,NaN,NaN,NaN,89.740000,260.240000
NaN,NaN,NaN,NaN,89.750000,260.300000
NaN,NaN,NaN,NaN,89.740000,260.140000
NaN,NaN,NaN,NaN,89.860000,260.270000
NaN,NaN,NaN,NaN,89.740000,260.280000
NaN,NaN,NaN,NaN,89.730000,260.210000
NaN,NaN,NaN,NaN,89.670000,260.070000
NaN,NaN,NaN,NaN,89.630000,260.090000
NaN,NaN,NaN,NaN,89.690000,260.090000
NaN,NaN,NaN,NaN,89.700000,260.010000
NaN,NaN,NaN,NaN,89.670000,260.060000
NaN,NaN,NaN,NaN,89.700000,260.120000
NaN,NaN,NaN,NaN,89.720000,260.070000
NaN,NaN,NaN,NaN,89.600000,260.060000
NaN,NaN,NaN,NaN,89.650000,260.060000
NaN,NaN,NaN,NaN,89.710000,260.050000
NaN,NaN,NaN,NaN,89.730000,260.020000
NaN,NaN,NaN,NaN,89.600000,259.940000
NaN,NaN,NaN,NaN,89.650000,259.860000
NaN,NaN,NaN,NaN,89.550000,259.740000
NaN,NaN,NaN,NaN,88.940000,259.290000
NaN,NaN,NaN,NaN,88.490000,259.300000
NaN,NaN,NaN,NaN,88.520000,259.290000
NaN,NaN,NaN,NaN,88.620000,259.280000
NaN,NaN,NaN,NaN,88.910000,259.210000
NaN,NaN,NaN,NaN,88.910000,259.230000
NaN,NaN,NaN,NaN,88.870000,259.210000
NaN,NaN,NaN,NaN,88.790000,259.170000
NaN,NaN,NaN,NaN,88.790000,259.200000
NaN,NaN,NaN,NaN,88.800000,259.140000
NaN,NaN,NaN,NaN,88.870000,259.250000
NaN,NaN,NaN,NaN,88.820000,259.170000
NaN,NaN,NaN,NaN,88.850000,259.160000
NaN,NaN,NaN,NaN,88.770000,259.200000
NaN,NaN,NaN,NaN,88.780000,259.180000
NaN,NaN,NaN,NaN,88.760000,259.190000
NaN,NaN,NaN,NaN,88.750000,259.120000
NaN,NaN,NaN,NaN,88.760000,259.120000
NaN,NaN,NaN,NaN,88.650000,259.040000
NaN,NaN,NaN,NaN,88.660000,259.110000
NaN,NaN,NaN,NaN,88.670000,259.150000
NaN,NaN,NaN,NaN,88.650000,259.140000
NaN,NaN,NaN,NaN,88.630000,259.150000
NaN,NaN,NaN,NaN,88.580000,259.110000
NaN,NaN,NaN,NaN,88.660000,259.120000
NaN,NaN,NaN,NaN,88.670000,259.050000
NaN,NaN,NaN,NaN,88.650000,259.080000
NaN,NaN,NaN,NaN,88.540000,258.990000
NaN,NaN,NaN,NaN,88.000000,258.810000
NaN,NaN,NaN,NaN,87.940000,258.800000
NaN,NaN,NaN,NaN,87.930000,258.700000
NaN,NaN,NaN,NaN,87.870000,258.610000
NaN,NaN,NaN,NaN,87.890000,258.610000
NaN,NaN,NaN,NaN,87.760000,258.520000
NaN,NaN,NaN,NaN,87.620000,258.290000
NaN,NaN,NaN,NaN,86.900000,258.070000
NaN,NaN,NaN,NaN,86.560000,257.750000
NaN,NaN,NaN,NaN,86.180000,257.420000
NaN,NaN,NaN,NaN,86.210000,257.270000
NaN,NaN,NaN,NaN,86.250000,257.390000
NaN,NaN,NaN,NaN,86.260000,257.590000
NaN,NaN,NaN,NaN,86.190000,257.300000
NaN,NaN,NaN,NaN,86.300000,257.440000
NaN,NaN,NaN,NaN,86.280000,257.310000
NaN,NaN,NaN,NaN,86.190000,257.320000
NaN,NaN,NaN,NaN,86.160000,257.460000
NaN,NaN,NaN,NaN,86.130000,257.440000
NaN,NaN,NaN,NaN,86.150000,257.580000
NaN,NaN,NaN,NaN,86.230000,257.360000
NaN,NaN,NaN,NaN,86.170000,257.600000
NaN,NaN,NaN,NaN,86.240000,257.460000
NaN,NaN,NaN,NaN,86.240000,257.290000
NaN,NaN,NaN,NaN,86.100000,257.270000
NaN,NaN,NaN,NaN,86.150000,257.290000
NaN,NaN,NaN,NaN,86.190000,257.270000
NaN,NaN,NaN,NaN,86.130000,257.300000
NaN,NaN,NaN,NaN,86.190000,257.300000
NaN,NaN,NaN,NaN,86.180000,257.220000
NaN,NaN,NaN,NaN,86.100000,257.100000
NaN,NaN,NaN,NaN,86.130000,257.050000
NaN,NaN,NaN,NaN,86.100000,257.140000
NaN,NaN,NaN,NaN,86.170000,257.090000
NaN,NaN,NaN,NaN,86.150000,256.980000
NaN,NaN,NaN,NaN,86.170000,256.980000
NaN,NaN,NaN,NaN,86.110000,256.970000
NaN,NaN,NaN,NaN,86.040000,256.860000
NaN,NaN,NaN,NaN,86.050000,256.900000
NaN,NaN,NaN,NaN,86.010000,256.840000
NaN,NaN,NaN,NaN,85.970000,256.840000
NaN,NaN,NaN,NaN,85.960000,256.820000
NaN,NaN,NaN,NaN,86.040000,256.880000
NaN,NaN,NaN,NaN,86.010000,256.720000
NaN,NaN,NaN,NaN,86.010000,256.810000
NaN,NaN,NaN,NaN,85.850000,256.530000
NaN,NaN,NaN,NaN,85.800000,256.240000
NaN,NaN,NaN,NaN,85.850000,256.230000
NaN,NaN,NaN,NaN,85.770000,256.230000
NaN,NaN,NaN,NaN,85.790000,256.320000
NaN,NaN,NaN,NaN,85.710000,256.360000
NaN,NaN,NaN,NaN,85.850000,256.340000
NaN,NaN,NaN,NaN,85.810000,256.270000
NaN,NaN,NaN,NaN,85.720000,256.250000
NaN,NaN,NaN,NaN,85.680000,256.070000
NaN,NaN,NaN,NaN,85.780000,256.190000
NaN,NaN,NaN,NaN,85.700000,256.110000
NaN,NaN,NaN,NaN,85.530000,256.010000
NaN,NaN,NaN,NaN,84.960000,255.750000
NaN,NaN,NaN,NaN,84.280000,254.980000
NaN,NaN,NaN,NaN,84.420000,255.240000
NaN,NaN,NaN,NaN,84.620000,255.310000
NaN,NaN,NaN,NaN,84.860000,255.350000
NaN,NaN,NaN,NaN,84.790000,255.190000
NaN,NaN,NaN,NaN,84.830000,255.160000
NaN,NaN,NaN,NaN,84.800000,255.090000
NaN,NaN,NaN,NaN,84.770000,255.070000
NaN,NaN,NaN,NaN,84.790000,255.080000
NaN,NaN,NaN,NaN,84.780000,255.060000
NaN,NaN,NaN,NaN,84.630000,255.010000
NaN,NaN,NaN,NaN,84.810000,255.070000
NaN,NaN,NaN,NaN,84.720000,255.010000
NaN,NaN,NaN,NaN,84.710000,254.960000
NaN,NaN,NaN,NaN,84.670000,254.990000
NaN,NaN,NaN,NaN,84.620000,254.970000
NaN,NaN,NaN,NaN,84.770000,254.970000
NaN,NaN,NaN,NaN,84.740000,254.820000
NaN,NaN,NaN,NaN,84.620000,254.630000
NaN,NaN,NaN,NaN,84.430000,254.270000
NaN,NaN,NaN,NaN,84.100000,254.360000
NaN,NaN,NaN,NaN,84.140000,254.360000
NaN,NaN,NaN,NaN,84.140000,254.180000
NaN,NaN,NaN,NaN,84.120000,254.170000
NaN,NaN,NaN,NaN,84.130000,254.150000
NaN,NaN,NaN,NaN,84.070000,254.180000
NaN,NaN,NaN,NaN,84.080000,254.130000
NaN,NaN,NaN,NaN,84.130000,254.090000
NaN,NaN,NaN,NaN,84.190000,254.120000
NaN,NaN,NaN,NaN,84.030000,254.100000
NaN,NaN,NaN,NaN,84.060000,254.020000
NaN,NaN,NaN,NaN,84.000000,254.030000
NaN,NaN,NaN,NaN,83.920000,254.100000
NaN,NaN,NaN,NaN,83.890000,254.040000
NaN,NaN,NaN,NaN,83.920000,254.000000
NaN,NaN,NaN,NaN,83.880000,253.830000
NaN,NaN,NaN,NaN,83.870000,253.830000
NaN,NaN,NaN,NaN,83.840000,253.730000
NaN,NaN,NaN,NaN,83.880000,253.790000
NaN,NaN,NaN,NaN,83.700000,253.860000
NaN,NaN,NaN,NaN,83.750000,253.880000
NaN,NaN,NaN,NaN,83.890000,253.790000
NaN,NaN,NaN,NaN,83.890000,253.900000
NaN,NaN,NaN,NaN,83.860000,253.910000
NaN,NaN,NaN,NaN,83.740000,253.770000
NaN,NaN,NaN,NaN,83.760000,253.690000
NaN,NaN,NaN,NaN,83.710000,253.740000
NaN,NaN,NaN,NaN,83.630000,253.750000
NaN,NaN,NaN,NaN,83.690000,253.630000
NaN,NaN,NaN,NaN,83.730000,253.700000
NaN,NaN,NaN,NaN,83.750000,253.710000
NaN,NaN,NaN,NaN,83.790000,253.720000
NaN,NaN,NaN,NaN,83.690000,253.330000
NaN,NaN,NaN,NaN,83.640000,252.950000
NaN,NaN,NaN,NaN,83.670000,252.890000
NaN,NaN,NaN,NaN,83.530000,252.810000
NaN,NaN,NaN,NaN,83.160000,252.610000
NaN,NaN,NaN,NaN,83.130000,252.010000
NaN,NaN,NaN,NaN,83.150000,252.020000
NaN,NaN,NaN,NaN,83.060000,252.050000
NaN,NaN,NaN,NaN,83.010000,252.030000
NaN,NaN,NaN,NaN,83.100000,252.010000
NaN,NaN,NaN,NaN,83.010000,251.930000
NaN,NaN,NaN,NaN,82.940000,251.930000
NaN,NaN,NaN,NaN,83.020000,251.890000
NaN,NaN,NaN,NaN,82.990000,251.910000
NaN,NaN,NaN,NaN,82.900000,251.880000
NaN,NaN,NaN,NaN,82.950000,251.720000
NaN,NaN,NaN,NaN,82.850000,251.820000
NaN,NaN,NaN,NaN,82.870000,251.770000
NaN,NaN,NaN,NaN,82.910000,251.880000
NaN,NaN,NaN,NaN,82.840000,251.630000
NaN,NaN,NaN,NaN,82.690000,250.920000
NaN,NaN,NaN,NaN,82.800000,250.330000
NaN,NaN,NaN,NaN,82.830000,250.380000
NaN,NaN,NaN,NaN,82.820000,250.230000
NaN,NaN,NaN,NaN,82.880000,250.290000
NaN,NaN,NaN,NaN,82.870000,250.300000
NaN,NaN,NaN,NaN,82.810000,250.200000
NaN,NaN,NaN,NaN,82.820000,250.110000
NaN,NaN,NaN,NaN,82.740000,250.150000
NaN,NaN,NaN,NaN,82.700000,250.260000
NaN,NaN,NaN,NaN,82.860000,250.230000
NaN,NaN,NaN,NaN,82.780000,250.080000
NaN,NaN,NaN,NaN,82.850000,250.060000
NaN,NaN,NaN,NaN,82.820000,250.100000
NaN,NaN,NaN,NaN,82.840000,250.000000
NaN,NaN,NaN,NaN,82.760000,249.990000
NaN,NaN,NaN,NaN,82.750000,250.040000
NaN,NaN,NaN,NaN,82.760000,250.000000
NaN,NaN,NaN,NaN,82.630000,249.970000
NaN,NaN,NaN,NaN,82.710000,249.890000
NaN,NaN,NaN,NaN,82.680000,249.910000
NaN,NaN,NaN,NaN,82.760000,249.900000
NaN,NaN,NaN,NaN,82.680000,249.900000
NaN,NaN,NaN,NaN,82.690000,249.760000
NaN,NaN,NaN,NaN,82.690000,249.780000
NaN,NaN,NaN,NaN,82.750000,249.740000
NaN,NaN,NaN,NaN,82.690000,249.730000
NaN,NaN,NaN,NaN,82.770000,249.680000
NaN,NaN,NaN,NaN,82.790000,249.550000
NaN,NaN,NaN,NaN,82.770000,249.060000
NaN,NaN,NaN,NaN,82.710000,249.050000
NaN,NaN,NaN,NaN,82.640000,249.030000
NaN,NaN,NaN,NaN,82.680000,249.030000
NaN,NaN,NaN,NaN,82.710000,248.970000
NaN,NaN,NaN,NaN,82.660000,248.970000
NaN,NaN,NaN,NaN,82.610000,249.020000
NaN,NaN,NaN,NaN,82.600000,249.040000
NaN,NaN,NaN,NaN,82.640000,249.010000
NaN,NaN,NaN,NaN,82.700000,248.910000
NaN,NaN,NaN,NaN,82.610000,248.930000
NaN,NaN,NaN,NaN,82.710000,248.860000
NaN,NaN,NaN,NaN,82.650000,248.870000
NaN,NaN,NaN,NaN,82.650000,248.890000
NaN,NaN,NaN,NaN,82.580000,248.890000
NaN,NaN,NaN,NaN,82.570000,248.840000
NaN,NaN,NaN,NaN,82.530000,248.800000
NaN,NaN,NaN,NaN,82.140000,248.710000
NaN,NaN,NaN,NaN,82.130000,248.740000
NaN,NaN,NaN,NaN,82.170000,248.740000
NaN,NaN,NaN,NaN,82.120000,248.610000
NaN,NaN,NaN,NaN,82.140000,248.570000
NaN,NaN,NaN,NaN,82.150000,248.580000
NaN,NaN,NaN,NaN,82.200000,248.640000
NaN,NaN,NaN,NaN,82.150000,248.740000
NaN,NaN,NaN,NaN,82.170000,248.690000
NaN,NaN,NaN,NaN,82.170000,248.590000
NaN,NaN,NaN,NaN,82.000000,248.530000
NaN,NaN,NaN,NaN,82.060000,248.040000
NaN,NaN,NaN,NaN,82.110000,248.030000
NaN,NaN,NaN,NaN,82.080000,248.030000
NaN,NaN,NaN,NaN,82.040000,247.990000
NaN,NaN,NaN,NaN,82.050000,248.040000
NaN,NaN,NaN,NaN,82.090000,247.980000
NaN,NaN,NaN,NaN,82.070000,247.970000
NaN,NaN,NaN,NaN,82.150000,248.020000
NaN,NaN,NaN,NaN,82.090000,247.960000
NaN,NaN,NaN,NaN,82.080000,247.960000
NaN,NaN,NaN,NaN,82.120000,247.920000
NaN,NaN,NaN,NaN,82.050000,247.980000
NaN,NaN,NaN,NaN,82.080000,247.970000
NaN,NaN,NaN,NaN,82.080000,247.950000
NaN,NaN,NaN,NaN,82.110000,248.020000
NaN,NaN,NaN,NaN,82.050000,247.940000
NaN,NaN,NaN,NaN,82.030000,247.960000
NaN,NaN,NaN,NaN,82.060000,247.930000
NaN,NaN,NaN,NaN,82.020000,247.930000
NaN,NaN,NaN,NaN,82.070000,247.920000
NaN,NaN,NaN,NaN,82.030000,247.860000
NaN,NaN,NaN,NaN,82.040000,247.840000
NaN,NaN,NaN,NaN,82.140000,247.860000
NaN,NaN,NaN,NaN,82.070000,247.830000
NaN,NaN,NaN,NaN,82.060000,247.820000
NaN,NaN,NaN,NaN,82.040000,247.850000
NaN,NaN,NaN,NaN,82.110000,247.800000
NaN,NaN,NaN,NaN,82.140000,247.770000
NaN,NaN,NaN,NaN,82.070000,247.750000
NaN,NaN,NaN,NaN,82.040000,247.770000
NaN,NaN,NaN,NaN,82.080000,247.650000
NaN,NaN,NaN,NaN,82.070000,247.670000
NaN,NaN,NaN,NaN,81.950000,247.720000
NaN,NaN,NaN,NaN,82.010000,247.660000
NaN,NaN,NaN,NaN,82.070000,247.710000
NaN,NaN,NaN,NaN,82.020000,247.550000
NaN,NaN,NaN,NaN,81.990000,247.060000
NaN,NaN,NaN,NaN,81.930000,247.050000
NaN,NaN,NaN,NaN,82.000000,247.060000
NaN,NaN,NaN,NaN,82.050000,247.050000
NaN,NaN,NaN,NaN,81.940000,247.000000
NaN,NaN,NaN,NaN,81.910000,247.000000
NaN,NaN,NaN,NaN,81.860000,246.960000
NaN,NaN,NaN,NaN,81.870000,246.960000
NaN,NaN,NaN,NaN,81.880000,246.940000
NaN,NaN,NaN,NaN,81.950000,246.950000
NaN,NaN,NaN,NaN,81.910000,246.920000
NaN,NaN,NaN,NaN,81.890000,247.020000
NaN,NaN,NaN,NaN,81.890000,246.900000
NaN,NaN,NaN,NaN,81.940000,246.890000
NaN,NaN,NaN,NaN,81.910000,246.900000
NaN,NaN,NaN,NaN,81.930000,246.930000
NaN,NaN,NaN,NaN,81.920000,246.840000
NaN,NaN,NaN,NaN,81.900000,246.800000
NaN,NaN,NaN,NaN,81.850000,246.850000
NaN,NaN,NaN,NaN,81.880000,246.870000
NaN,NaN,NaN,NaN,81.880000,246.920000
NaN,NaN,NaN,NaN,81.890000,246.930000
NaN,NaN,NaN,NaN,81.810000,246.890000
NaN,NaN,NaN,NaN,81.760000,246.840000
NaN,NaN,NaN,NaN,81.880000,246.800000
NaN,NaN,NaN,NaN,81.830000,246.790000
NaN,NaN,NaN,NaN,81.810000,246.690000
NaN,NaN,NaN,NaN,81.830000,246.810000
NaN,NaN,NaN,NaN,81.760000,246.810000
NaN,NaN,NaN,NaN,81.730000,246.710000
NaN,NaN,NaN,NaN,81.670000,246.750000
NaN,NaN,NaN,NaN,81.700000,246.860000
NaN,NaN,NaN,NaN,81.790000,246.760000
NaN,NaN,NaN,NaN,81.740000,246.780000
NaN,NaN,NaN,NaN,81.640000,246.760000
NaN,NaN,NaN,NaN,81.650000,246.680000
NaN,NaN,NaN,NaN,81.620000,246.660000
NaN,NaN,NaN,NaN,81.540000,246.720000
NaN,NaN,NaN,NaN,81.130000,246.550000
NaN,NaN,NaN,NaN,80.990000,245.970000
NaN,NaN,NaN,NaN,81.020000,245.390000
NaN,NaN,NaN,NaN,80.960000,245.310000
NaN,NaN,NaN,NaN,80.990000,245.330000
NaN,NaN,NaN,NaN,80.970000,245.320000
NaN,NaN,NaN,NaN,80.980000,245.210000
NaN,NaN,NaN,NaN,80.870000,245.220000
NaN,NaN,NaN,NaN,80.820000,245.390000
NaN,NaN,NaN,NaN,80.890000,246.000000
NaN,NaN,NaN,NaN,80.910000,246.390000
NaN,NaN,NaN,NaN,80.900000,246.270000
NaN,NaN,NaN,NaN,80.900000,245.930000
NaN,NaN,NaN,NaN,80.850000,245.900000
NaN,NaN,NaN,NaN,80.830000,245.890000
NaN,NaN,NaN,NaN,80.840000,245.900000
NaN,NaN,NaN,NaN,80.770000,245.870000
NaN,NaN,NaN,NaN,80.690000,245.790000
NaN,NaN,NaN,NaN,80.630000,245.780000
NaN,NaN,NaN,NaN,80.590000,245.840000
NaN,NaN,NaN,NaN,80.470000,245.800000
NaN,NaN,NaN,NaN,80.140000,245.730000
NaN,NaN,NaN,NaN,80.170000,245.710000
NaN,NaN,NaN,NaN,80.210000,245.560000
NaN,NaN,NaN,NaN,80.060000,245.030000
NaN,NaN,NaN,NaN,80.090000,245.080000
NaN,NaN,NaN,NaN,80.060000,244.980000
NaN,NaN,NaN,NaN,79.990000,245.000000
NaN,NaN,NaN,NaN,80.020000,244.960000
NaN,NaN,NaN,NaN,80.020000,244.920000
NaN,NaN,NaN,NaN,79.890000,244.960000
NaN,NaN,NaN,NaN,79.860000,244.920000
NaN,NaN,NaN,NaN,79.870000,244.920000
NaN,NaN,NaN,NaN,79.860000,244.850000
NaN,NaN,NaN,NaN,79.810000,244.800000
NaN,NaN,NaN,NaN,79.840000,244.820000
NaN,NaN,NaN,NaN,79.830000,244.720000
NaN,NaN,NaN,NaN,79.750000,244.750000
NaN,NaN,NaN,NaN,79.800000,244.840000
NaN,NaN,NaN,NaN,79.750000,244.820000
NaN,NaN,NaN,NaN,79.710000,244.680000
NaN,NaN,NaN,NaN,79.640000,244.690000
NaN,NaN,NaN,NaN,79.590000,244.650000
NaN,NaN,NaN,NaN,79.620000,244.560000
NaN,NaN,NaN,NaN,79.540000,244.070000
NaN,NaN,NaN,NaN,79.250000,244.000000
NaN,NaN,NaN,NaN,79.270000,243.980000
NaN,NaN,NaN,NaN,79.270000,243.970000
NaN,NaN,NaN,NaN,79.240000,243.910000
NaN,NaN,NaN,NaN,79.220000,243.920000
NaN,NaN,NaN,NaN,79.220000,243.940000
NaN,NaN,NaN,NaN,79.140000,243.860000
NaN,NaN,NaN,NaN,79.150000,243.910000
NaN,NaN,NaN,NaN,79.210000,243.890000
NaN,NaN,NaN,NaN,79.210000,243.840000
NaN,NaN,NaN,NaN,79.110000,243.750000
NaN,NaN,NaN,NaN,79.080000,243.730000
NaN,NaN,NaN,NaN,79.050000,243.680000
NaN,NaN,NaN,NaN,79.060000,243.720000
NaN,NaN,NaN,NaN,78.970000,243.720000
NaN,NaN,NaN,NaN,79.020000,243.690000
NaN,NaN,NaN,NaN,79.010000,243.670000
NaN,NaN,NaN,NaN,78.910000,243.630000
NaN,NaN,NaN,NaN,78.850000,243.590000
NaN,NaN,NaN,NaN,78.840000,243.500000
NaN,NaN,NaN,NaN,78.640000,242.960000
NaN,NaN,NaN,NaN,78.370000,242.880000
NaN,NaN,NaN,NaN,78.380000,242.850000
NaN,NaN,NaN,NaN,78.240000,242.770000
NaN,NaN,NaN,NaN,78.240000,242.790000
NaN,NaN,NaN,NaN,78.250000,242.770000
NaN,NaN,NaN,NaN,78.220000,242.770000
NaN,NaN,NaN,NaN,78.240000,242.770000
NaN,NaN,NaN,NaN,78.150000,242.750000
NaN,NaN,NaN,NaN,78.100000,242.660000
NaN,NaN,NaN,NaN,78.020000,242.720000
NaN,NaN,NaN,NaN,78.020000,242.700000
NaN,NaN,NaN,NaN,77.990000,242.600000
NaN,NaN,NaN,NaN,77.970000,242.630000
NaN,NaN,NaN,NaN,77.980000,242.580000
NaN,NaN,NaN,NaN,77.900000,242.460000
NaN,NaN,NaN,NaN,77.750000,241.940000
NaN,NaN,NaN,NaN,77.790000,241.970000
NaN,NaN,NaN,NaN,77.670000,241.830000
NaN,NaN,NaN,NaN,77.780000,241.870000
NaN,NaN,NaN,NaN,77.700000,241.840000
NaN,NaN,NaN,NaN,77.760000,241.890000
NaN,NaN,NaN,NaN,77.720000,241.830000
NaN,NaN,NaN,NaN,77.660000,241.840000
NaN,NaN,NaN,NaN,77.620000,241.780000
NaN,NaN,NaN,NaN,77.630000,241.670000
NaN,NaN,NaN,NaN,77.600000,241.710000
NaN,NaN,NaN,NaN,77.570000,241.640000
NaN,NaN,NaN,NaN,77.550000,241.630000
NaN,NaN,NaN,NaN,77.490000,241.290000
NaN,NaN,NaN,NaN,77.160000,241.010000
NaN,NaN,NaN,NaN,77.110000,241.030000
NaN,NaN,NaN,NaN,77.160000,240.960000
NaN,NaN,NaN,NaN,77.080000,240.990000
NaN,NaN,NaN,NaN,77.070000,240.940000
NaN,NaN,NaN,NaN,77.090000,240.870000
NaN,NaN,NaN,NaN,77.060000,240.840000
NaN,NaN,NaN,NaN,77.040000,240.740000
NaN,NaN,NaN,NaN,77.010000,240.680000
NaN,NaN,NaN,NaN,77.010000,240.660000
NaN,NaN,NaN,NaN,76.960000,240.580000
NaN,NaN,NaN,NaN,76.890000,240.410000
NaN,NaN,NaN,NaN,76.870000,240.140000
NaN,NaN,NaN,NaN,76.860000,240.050000
NaN,NaN,NaN,NaN,76.880000,240.030000
NaN,NaN,NaN,NaN,76.840000,239.990000
NaN,NaN,NaN,NaN,76.790000,239.870000
NaN,NaN,NaN,NaN,76.690000,239.830000
NaN,NaN,NaN,NaN,76.740000,239.850000
NaN,NaN,NaN,NaN,76.720000,239.810000
NaN,NaN,NaN,NaN,76.630000,239.560000
NaN,NaN,NaN,NaN,76.430000,239.120000
NaN,NaN,NaN,NaN,76.170000,239.150000
NaN,NaN,NaN,NaN,76.140000,239.100000
NaN,NaN,NaN,NaN,76.120000,239.040000
NaN,NaN,NaN,NaN,76.150000,239.000000
NaN,NaN,NaN,NaN,76.060000,238.880000
NaN,NaN,NaN,NaN,76.050000,238.850000
NaN,NaN,NaN,NaN,76.040000,238.740000
NaN,NaN,NaN,NaN,76.060000,238.800000
NaN,NaN,NaN,NaN,76.020000,238.690000
NaN,NaN,NaN,NaN,75.990000,238.660000
NaN,NaN,NaN,NaN,75.960000,238.600000
NaN,NaN,NaN,NaN,75.930000,238.450000
NaN,NaN,NaN,NaN,75.810000,238.000000
NaN,NaN,NaN,NaN,75.820000,238.070000
NaN,NaN,NaN,NaN,75.770000,237.970000
NaN,NaN,NaN,NaN,75.780000,237.950000
NaN,NaN,NaN,NaN,75.650000,237.880000
NaN,NaN,NaN,NaN,75.580000,237.750000
NaN,NaN,NaN,NaN,75.540000,237.740000
NaN,NaN,NaN,NaN,75.260000,237.650000
NaN,NaN,NaN,NaN,75.250000,237.700000
NaN,NaN,NaN,NaN,75.280000,237.560000
NaN,NaN,NaN,NaN,75.190000,237.110000
NaN,NaN,NaN,NaN,75.050000,237.100000
NaN,NaN,NaN,NaN,75.050000,237.110000
NaN,NaN,NaN,NaN,74.960000,236.970000
NaN,NaN,NaN,NaN,74.840000,236.870000
NaN,NaN,NaN,NaN,74.830000,236.910000
NaN,NaN,NaN,NaN,74.890000,236.830000
NaN,NaN,NaN,NaN,74.910000,236.850000
NaN,NaN,NaN,NaN,74.910000,236.810000
NaN,NaN,NaN,NaN,74.890000,236.790000
NaN,NaN,NaN,NaN,74.810000,236.730000
NaN,NaN,NaN,NaN,74.830000,236.780000
NaN,NaN,NaN,NaN,74.790000,236.720000
NaN,NaN,NaN,NaN,74.770000,236.800000
NaN,NaN,NaN,NaN,74.790000,236.700000
NaN,NaN,NaN,NaN,74.710000,236.590000
NaN,NaN,NaN,NaN,74.650000,236.170000
NaN,NaN,NaN,NaN,74.480000,236.110000
NaN,NaN,NaN,NaN,74.220000,236.040000
NaN,NaN,NaN,NaN,74.300000,236.030000
NaN,NaN,NaN,NaN,74.210000,236.070000
NaN,NaN,NaN,NaN,74.150000,236.040000
NaN,NaN,NaN,NaN,74.180000,236.020000
NaN,NaN,NaN,NaN,74.210000,236.010000
NaN,NaN,NaN,NaN,74.120000,235.940000
NaN,NaN,NaN,NaN,74.170000,235.910000
NaN,NaN,NaN,NaN,74.200000,235.940000
NaN,NaN,NaN,NaN,74.230000,235.890000
NaN,NaN,NaN,NaN,74.290000,235.870000
NaN,NaN,NaN,NaN,74.390000,235.860000
NaN,NaN,NaN,NaN,74.340000,235.880000
NaN,NaN,NaN,NaN,74.270000,235.810000
NaN,NaN,NaN,NaN,74.310000,235.810000
NaN,NaN,NaN,NaN,74.300000,235.780000
NaN,NaN,NaN,NaN,74.260000,235.750000
NaN,NaN,NaN,NaN,74.240000,235.800000
NaN,NaN,NaN,NaN,74.170000,235.760000
NaN,NaN,NaN,NaN,74.230000,235.720000
NaN,NaN,NaN,NaN,74.210000,235.780000
NaN,NaN,NaN,NaN,74.280000,235.740000
NaN,NaN,NaN,NaN,74.300000,235.730000
NaN,NaN,NaN,NaN,74.270000,235.780000
NaN,NaN,NaN,NaN,74.350000,235.710000
NaN,NaN,NaN,NaN,74.370000,235.600000
NaN,NaN,NaN,NaN,74.340000,235.600000
NaN,NaN,NaN,NaN,74.410000,235.590000
NaN,NaN,NaN,NaN,74.450000,235.620000
NaN,NaN,NaN,NaN,74.450000,235.630000
NaN,NaN,NaN,NaN,74.440000,235.600000
NaN,NaN,NaN,NaN,74.530000,235.460000
NaN,NaN,NaN,NaN,74.650000,235.030000
NaN,NaN,NaN,NaN,74.600000,235.070000
NaN,NaN,NaN,NaN,74.650000,234.980000
NaN,NaN,NaN,NaN,74.590000,235.000000
NaN,NaN,NaN,NaN,74.650000,235.030000
NaN,NaN,NaN,NaN,74.740000,235.010000
NaN,NaN,NaN,NaN,74.700000,235.020000
NaN,NaN,NaN,NaN,74.690000,234.960000
NaN,NaN,NaN,NaN,74.670000,234.900000
NaN,NaN,NaN,NaN,74.770000,234.930000
NaN,NaN,NaN,NaN,74.740000,234.910000
NaN,NaN,NaN,NaN,74.720000,234.910000
NaN,NaN,NaN,NaN,74.750000,234.950000
NaN,NaN,NaN,NaN,74.700000,234.940000
NaN,NaN,NaN,NaN,74.680000,234.850000
NaN,NaN,NaN,NaN,74.680000,234.860000
NaN,NaN,NaN,NaN,74.740000,234.860000
NaN,NaN,NaN,NaN,74.800000,234.830000
NaN,NaN,NaN,NaN,74.720000,234.860000
NaN,NaN,NaN,NaN,74.660000,234.830000
NaN,NaN,NaN,NaN,74.690000,234.810000
NaN,NaN,NaN,NaN,74.620000,234.840000
NaN,NaN,NaN,NaN,74.700000,234.810000
NaN,NaN,NaN,NaN,74.630000,234.800000
NaN,NaN,NaN,NaN,74.660000,234.790000
NaN,NaN,NaN,NaN,74.650000,234.760000
NaN,NaN,NaN,NaN,74.570000,234.730000
NaN,NaN,NaN,NaN,74.600000,234.720000
NaN,NaN,NaN,NaN,74.600000,234.640000
NaN,NaN,NaN,NaN,74.580000,234.660000
NaN,NaN,NaN,NaN,74.590000,234.720000
NaN,NaN,NaN,NaN,74.500000,234.670000
NaN,NaN,NaN,NaN,74.210000,234.450000
NaN,NaN,NaN,NaN,74.170000,234.170000
NaN,NaN,NaN,NaN,74.180000,234.100000
NaN,NaN,NaN,NaN,74.040000,234.050000
NaN,NaN,NaN,NaN,74.140000,234.070000
NaN,NaN,NaN,NaN,74.210000,234.060000
NaN,NaN,NaN,NaN,74.140000,234.010000
NaN,NaN,NaN,NaN,74.140000,234.010000
NaN,NaN,NaN,NaN,74.090000,233.980000
NaN,NaN,NaN,NaN,74.100000,234.010000
NaN,NaN,NaN,NaN,74.080000,234.020000
NaN,NaN,NaN,NaN,74.130000,233.970000
NaN,NaN,NaN,NaN,74.160000,233.940000
NaN,NaN,NaN,NaN,74.170000,233.960000
NaN,NaN,NaN,NaN,74.150000,233.960000
NaN,NaN,NaN,NaN,74.100000,233.860000
NaN,NaN,NaN,NaN,74.130000,233.870000
NaN,NaN,NaN,NaN,74.120000,233.900000
NaN,NaN,NaN,NaN,74.090000,233.880000
NaN,NaN,NaN,NaN,74.140000,233.800000
NaN,NaN,NaN,NaN,74.150000,233.840000
NaN,NaN,NaN,NaN,74.090000,233.790000
NaN,NaN,NaN,NaN,74.090000,233.820000
NaN,NaN,NaN,NaN,74.050000,233.880000
NaN,NaN,NaN,NaN,74.010000,233.770000
NaN,NaN,NaN,NaN,74.040000,233.690000
NaN,NaN,NaN,NaN,74.020000,233.740000
NaN,NaN,NaN,NaN,73.950000,233.670000
NaN,NaN,NaN,NaN,73.970000,233.540000
NaN,NaN,NaN,NaN,73.900000,233.120000
NaN,NaN,NaN,NaN,73.900000,233.110000
NaN,NaN,NaN,NaN,73.860000,233.110000
NaN,NaN,NaN,NaN,73.930000,233.130000
NaN,NaN,NaN,NaN,73.870000,233.110000
NaN,NaN,NaN,NaN,73.870000,233.060000
NaN,NaN,NaN,NaN,73.830000,233.090000
NaN,NaN,NaN,NaN,73.850000,233.070000
NaN,NaN,NaN,NaN,73.880000,233.060000
NaN,NaN,NaN,NaN,73.880000,233.060000
NaN,NaN,NaN,NaN,73.850000,232.950000
NaN,NaN,NaN,NaN,73.770000,232.960000
NaN,NaN,NaN,NaN,73.810000,232.930000
NaN,NaN,NaN,NaN,73.800000,232.840000
NaN,NaN,NaN,NaN,73.800000,232.790000
NaN,NaN,NaN,NaN,73.790000,232.790000
NaN,NaN,NaN,NaN,73.770000,232.770000
NaN,NaN,NaN,NaN,73.740000,232.720000
NaN,NaN,NaN,NaN,73.760000,232.710000
NaN,NaN,NaN,NaN,73.750000,232.730000
NaN,NaN,NaN,NaN,73.750000,232.640000
NaN,NaN,NaN,NaN,73.700000,232.540000
NaN,NaN,NaN,NaN,73.680000,232.080000
NaN,NaN,NaN,NaN,73.640000,232.060000
NaN,NaN,NaN,NaN,73.600000,232.010000
NaN,NaN,NaN,NaN,73.560000,231.950000
NaN,NaN,NaN,NaN,73.610000,231.910000
NaN,NaN,NaN,NaN,73.600000,231.870000
NaN,NaN,NaN,NaN,73.520000,231.870000
NaN,NaN,NaN,NaN,73.170000,231.760000
NaN,NaN,NaN,NaN,73.110000,231.640000
NaN,NaN,NaN,NaN,73.120000,231.510000
NaN,NaN,NaN,NaN,73.040000,231.100000
NaN,NaN,NaN,NaN,73.090000,231.060000
NaN,NaN,NaN,NaN,72.970000,231.060000
NaN,NaN,NaN,NaN,73.020000,231.020000
NaN,NaN,NaN,NaN,73.020000,230.950000
NaN,NaN,NaN,NaN,72.980000,230.860000
NaN,NaN,NaN,NaN,72.950000,230.800000
NaN,NaN,NaN,NaN,72.940000,230.730000
NaN,NaN,NaN,NaN,72.960000,230.730000
NaN,NaN,NaN,NaN,72.980000,230.610000
NaN,NaN,NaN,NaN,72.880000,230.320000
NaN,NaN,NaN,NaN,72.910000,230.000000
NaN,NaN,NaN,NaN,72.910000,229.970000
NaN,NaN,NaN,NaN,72.900000,229.870000
NaN,NaN,NaN,NaN,72.840000,229.750000
NaN,NaN,NaN,NaN,72.900000,229.760000
NaN,NaN,NaN,NaN,72.860000,229.700000
NaN,NaN,NaN,NaN,72.850000,229.640000
NaN,NaN,NaN,NaN,72.830000,229.620000
NaN,NaN,NaN,NaN,72.820000,229.520000
NaN,NaN,NaN,NaN,72.760000,228.900000
NaN,NaN,NaN,NaN,72.620000,228.230000
NaN,NaN,NaN,NaN,72.210000,228.020000
NaN,NaN,NaN,NaN,72.200000,228.080000
NaN,NaN,NaN,NaN,72.150000,228.040000
NaN,NaN,NaN,NaN,72.050000,228.030000
NaN,NaN,NaN,NaN,72.180000,227.990000
NaN,NaN,NaN,NaN,72.160000,227.950000
NaN,NaN,NaN,NaN,72.120000,227.870000
NaN,NaN,NaN,NaN,72.090000,227.850000
NaN,NaN,NaN,NaN,72.060000,227.720000
NaN,NaN,NaN,NaN,72.050000,227.750000
NaN,NaN,NaN,NaN,72.090000,227.690000
NaN,NaN,NaN,NaN,72.080000,227.640000
NaN,NaN,NaN,NaN,72.090000,227.580000
NaN,NaN,NaN,NaN,72.060000,227.510000
NaN,NaN,NaN,NaN,71.980000,227.030000
NaN,NaN,NaN,NaN,71.940000,227.020000
NaN,NaN,NaN,NaN,71.980000,226.950000
NaN,NaN,NaN,NaN,71.940000,226.880000
NaN,NaN,NaN,NaN,71.940000,226.820000
NaN,NaN,NaN,NaN,71.870000,226.710000
NaN,NaN,NaN,NaN,71.870000,226.470000
NaN,NaN,NaN,NaN,71.840000,226.050000
NaN,NaN,NaN,NaN,71.970000,226.040000
NaN,NaN,NaN,NaN,71.910000,226.040000
NaN,NaN,NaN,NaN,71.860000,226.040000
NaN,NaN,NaN,NaN,71.810000,225.970000
NaN,NaN,NaN,NaN,71.820000,225.950000
NaN,NaN,NaN,NaN,71.700000,225.910000
NaN,NaN,NaN,NaN,71.720000,225.880000
NaN,NaN,NaN,NaN,71.720000,225.800000
NaN,NaN,NaN,NaN,71.750000,225.760000
NaN,NaN,NaN,NaN,71.790000,225.760000
NaN,NaN,NaN,NaN,71.710000,225.780000
NaN,NaN,NaN,NaN,71.670000,225.760000
NaN,NaN,NaN,NaN,71.690000,225.760000
NaN,NaN,NaN,NaN,71.670000,225.680000
NaN,NaN,NaN,NaN,71.590000,225.390000
NaN,NaN,NaN,NaN,71.640000,225.030000
NaN,NaN,NaN,NaN,71.440000,225.010000
NaN,NaN,NaN,NaN,71.140000,224.980000
NaN,NaN,NaN,NaN,71.140000,224.990000
NaN,NaN,NaN,NaN,71.060000,224.990000
NaN,NaN,NaN,NaN,71.130000,224.960000
NaN,NaN,NaN,NaN,71.050000,224.960000
NaN,NaN,NaN,NaN,71.080000,224.870000
NaN,NaN,NaN,NaN,71.090000,224.900000
NaN,NaN,NaN,NaN,70.990000,224.850000
NaN,NaN,NaN,NaN,70.980000,224.810000
NaN,NaN,NaN,NaN,71.020000,224.800000
NaN,NaN,NaN,NaN,71.000000,224.580000
NaN,NaN,NaN,NaN,70.910000,223.990000
NaN,NaN,NaN,NaN,70.810000,223.370000
NaN,NaN,NaN,NaN,70.790000,223.450000
NaN,NaN,NaN,NaN,70.800000,223.370000
NaN,NaN,NaN,NaN,70.750000,223.260000
NaN,NaN,NaN,NaN,70.740000,223.110000
NaN,NaN,NaN,NaN,70.750000,223.070000
NaN,NaN,NaN,NaN,70.730000,223.140000
NaN,NaN,NaN,NaN,70.740000,223.070000
NaN,NaN,NaN,NaN,70.730000,223.000000
NaN,NaN,NaN,NaN,70.710000,222.980000
NaN,NaN,NaN,NaN,70.690000,222.970000
NaN,NaN,NaN,NaN,70.680000,222.970000
NaN,NaN,NaN,NaN,70.680000,222.850000
NaN,NaN,NaN,NaN,70.490000,222.920000
NaN,NaN,NaN,NaN,70.210000,222.900000
NaN,NaN,NaN,NaN,70.080000,222.940000
NaN,NaN,NaN,NaN,70.060000,222.810000
NaN,NaN,NaN,NaN,70.150000,222.730000
NaN,NaN,NaN,NaN,70.100000,222.720000
NaN,NaN,NaN,NaN,70.110000,222.640000
NaN,NaN,NaN,NaN,70.090000,222.660000
NaN,NaN,NaN,NaN,70.070000,222.700000
NaN,NaN,NaN,NaN,70.070000,222.690000
NaN,NaN,NaN,NaN,69.990000,222.630000
NaN,NaN,NaN,NaN,69.940000,222.660000
NaN,NaN,NaN,NaN,69.910000,222.540000
NaN,NaN,NaN,NaN,69.940000,221.980000
NaN,NaN,NaN,NaN,69.910000,221.960000
NaN,NaN,NaN,NaN,69.940000,221.910000
NaN,NaN,NaN,NaN,69.870000,221.860000
NaN,NaN,NaN,NaN,69.860000,221.890000
NaN,NaN,NaN,NaN,69.780000,221.840000
NaN,NaN,NaN,NaN,69.780000,221.800000
NaN,NaN,NaN,NaN,69.790000,221.890000
NaN,NaN,NaN,NaN,69.720000,221.860000
NaN,NaN,NaN,NaN,69.690000,221.850000
NaN,NaN,NaN,NaN,69.660000,221.820000
NaN,NaN,NaN,NaN,69.620000,221.700000
NaN,NaN,NaN,NaN,69.470000,221.780000
NaN,NaN,NaN,NaN,69.210000,221.790000
NaN,NaN,NaN,NaN,69.220000,221.820000
NaN,NaN,NaN,NaN,69.200000,221.830000
NaN,NaN,NaN,NaN,69.220000,221.820000
NaN,NaN,237.623561,209.769848,69.250000,221.790000
NaN,NaN,238.000000,210.010000,69.180000,221.800000
NaN,NaN,237.990000,210.010000,69.220000,221.730000
NaN,NaN,238.000000,210.010000,69.160000,221.820000
NaN,NaN,237.990000,210.010000,69.110000,221.800000
NaN,NaN,237.990000,210.020000,69.140000,221.790000
NaN,NaN,237.990000,210.020000,69.130000,221.760000
NaN,NaN,237.990000,210.020000,69.150000,221.800000
NaN,NaN,237.990000,210.020000,69.110000,221.800000
NaN,NaN,237.990000,210.030000,69.140000,221.820000
NaN,NaN,237.990000,210.030000,69.050000,221.820000
NaN,NaN,237.990000,210.040000,69.070000,221.820000
NaN,NaN,237.990000,210.040000,69.080000,221.750000
NaN,NaN,237.990000,210.030000,69.020000,221.700000
NaN,NaN,237.980000,210.030000,69.010000,221.750000
NaN,NaN,238.000000,210.040000,69.090000,221.740000
NaN,NaN,238.000000,210.040000,69.100000,221.800000
NaN,NaN,238.000000,210.040000,69.070000,221.810000
NaN,NaN,237.990000,210.040000,69.050000,221.850000
NaN,NaN,237.990000,210.040000,69.070000,221.800000
NaN,NaN,237.990000,210.040000,69.050000,221.790000
NaN,NaN,237.990000,210.040000,69.030000,221.760000
NaN,NaN,237.990000,210.040000,69.050000,221.690000
NaN,NaN,237.980000,210.040000,69.050000,221.690000
NaN,NaN,237.990000,210.040000,69.000000,221.700000
NaN,NaN,237.990000,210.040000,69.040000,221.680000
NaN,NaN,237.990000,210.040000,69.010000,221.610000
NaN,NaN,237.980000,210.040000,69.000000,221.600000
NaN,NaN,237.990000,210.040000,69.010000,221.600000
NaN,NaN,237.990000,210.040000,69.020000,221.570000
NaN,NaN,237.990000,210.030000,69.040000,221.580000
NaN,NaN,237.990000,210.030000,68.980000,221.580000
NaN,NaN,237.990000,210.030000,69.000000,221.480000
NaN,NaN,237.990000,210.030000,68.890000,220.900000
NaN,NaN,237.990000,210.030000,68.700000,220.020000
NaN,NaN,237.990000,210.020000,68.560000,219.200000
NaN,NaN,237.990000,210.020000,68.020000,218.520000
NaN,NaN,237.990000,210.010000,68.080000,218.450000
NaN,NaN,237.990000,210.010000,68.100000,218.500000
NaN,NaN,237.990000,210.010000,68.050000,219.140000
NaN,NaN,237.990000,210.010000,68.190000,219.880000
NaN,NaN,237.990000,210.000000,68.590000,220.840000
NaN,NaN,237.990000,210.000000,68.950000,221.410000
NaN,NaN,237.990000,209.990000,68.980000,221.390000
NaN,NaN,237.990000,209.990000,68.950000,221.320000
NaN,NaN,238.010000,209.980000,68.840000,220.830000
NaN,NaN,238.000000,209.970000,68.630000,219.920000
NaN,NaN,238.000000,209.970000,68.080000,219.070000
NaN,NaN,238.000000,209.970000,68.120000,218.280000
NaN,NaN,238.000000,209.960000,69.996483,221.459411
NaN,NaN,238.000000,209.960000,70.130000,221.090000
NaN,NaN,238.000000,209.950000,70.120000,221.000000
NaN,NaN,238.000000,209.950000,69.990000,220.980000
NaN,NaN,238.000000,209.940000,69.990000,220.970000
NaN,NaN,238.010000,209.940000,70.000000,220.970000
NaN,NaN,238.010000,209.940000,70.000000,220.960000
NaN,NaN,238.010000,209.930000,70.020000,220.960000
NaN,NaN,238.010000,209.930000,70.010000,220.960000
NaN,NaN,238.010000,209.920000,70.000000,220.950000
NaN,NaN,238.010000,209.910000,70.000000,220.950000
NaN,NaN,238.020000,209.900000,70.010000,220.930000
NaN,NaN,238.020000,209.900000,69.970000,220.920000
NaN,NaN,238.020000,209.900000,69.980000,220.920000
NaN,NaN,238.020000,209.900000,69.980000,220.920000
NaN,NaN,238.010000,209.890000,69.980000,220.910000
NaN,NaN,238.020000,209.880000,69.990000,220.910000
NaN,NaN,238.020000,209.880000,69.990000,220.900000
NaN,NaN,238.020000,209.870000,69.990000,220.900000
NaN,NaN,238.020000,209.870000,69.970000,220.880000
NaN,NaN,238.020000,209.860000,69.990000,220.880000
NaN,NaN,238.020000,209.860000,69.970000,220.880000
NaN,NaN,238.020000,209.860000,69.980000,220.880000
NaN,NaN,238.020000,209.850000,69.980000,220.880000
NaN,NaN,238.020000,209.850000,69.970000,220.880000
NaN,NaN,238.020000,209.840000,69.960000,220.880000
NaN,NaN,238.040000,209.820000,69.990000,220.870000
NaN,NaN,238.030000,209.820000,69.970000,220.850000
NaN,NaN,238.030000,209.810000,69.980000,220.850000
NaN,NaN,238.020000,209.810000,69.970000,220.850000
NaN,NaN,238.030000,209.810000,69.970000,220.840000
NaN,NaN,238.040000,209.810000,69.970000,220.850000
NaN,NaN,238.040000,209.800000,69.970000,220.840000
NaN,NaN,238.040000,209.800000,69.960000,220.840000
NaN,NaN,238.040000,209.790000,69.970000,220.850000
NaN,NaN,238.040000,209.780000,69.960000,220.840000
NaN,NaN,238.040000,209.780000,69.980000,220.840000
NaN,NaN,238.040000,209.780000,69.980000,220.830000
NaN,NaN,238.050000,209.770000,69.960000,220.830000
NaN,NaN,238.050000,209.770000,69.970000,220.820000
NaN,NaN,238.040000,209.760000,69.960000,220.810000
NaN,NaN,238.060000,209.750000,69.960000,220.810000
NaN,NaN,238.050000,209.760000,69.970000,220.780000
NaN,NaN,238.060000,209.760000,69.970000,220.780000
NaN,NaN,238.060000,209.750000,69.970000,220.760000
NaN,NaN,238.070000,209.740000,69.990000,220.760000
NaN,NaN,238.060000,209.740000,69.970000,220.740000
NaN,NaN,238.060000,209.730000,69.970000,220.740000
NaN,NaN,238.060000,209.730000,69.960000,220.730000
NaN,NaN,238.070000,209.730000,69.970000,220.710000
NaN,NaN,238.060000,209.730000,69.970000,220.730000
NaN,NaN,238.070000,209.730000,69.970000,220.710000
NaN,NaN,238.060000,209.720000,69.970000,220.720000
NaN,NaN,238.060000,209.720000,69.960000,220.720000
NaN,NaN,238.070000,209.710000,69.960000,220.730000
NaN,NaN,238.070000,209.710000,69.950000,220.720000
NaN,NaN,238.070000,209.700000,69.960000,220.720000
NaN,NaN,238.070000,209.690000,69.960000,220.680000
NaN,NaN,238.070000,209.690000,69.930000,220.670000
NaN,NaN,238.070000,209.680000,69.940000,220.670000
NaN,NaN,238.070000,209.680000,69.950000,220.680000
NaN,NaN,238.070000,209.670000,69.940000,220.660000
NaN,NaN,238.070000,209.670000,69.950000,220.680000
NaN,NaN,238.070000,209.660000,69.960000,220.660000
NaN,NaN,238.070000,209.660000,69.970000,220.650000
NaN,NaN,238.070000,209.650000,69.940000,220.660000
NaN,NaN,238.070000,209.660000,69.960000,220.630000
NaN,NaN,238.080000,209.660000,69.970000,220.660000
NaN,NaN,238.080000,209.650000,69.960000,220.670000
NaN,NaN,238.080000,209.650000,69.950000,220.610000
NaN,NaN,238.090000,209.640000,69.960000,220.620000
NaN,NaN,238.080000,209.620000,69.920000,220.630000
NaN,NaN,238.080000,209.620000,69.940000,220.600000
NaN,NaN,238.080000,209.610000,69.940000,220.600000
NaN,NaN,238.080000,209.610000,69.940000,220.590000
NaN,NaN,238.080000,209.610000,69.950000,220.610000
NaN,NaN,238.080000,209.600000,69.960000,220.590000
NaN,NaN,238.090000,209.590000,69.960000,220.620000
NaN,NaN,238.090000,209.590000,69.960000,220.590000
NaN,NaN,238.080000,209.590000,69.960000,220.590000
NaN,NaN,238.090000,209.580000,69.960000,220.590000
NaN,NaN,238.100000,209.580000,69.960000,220.570000
NaN,NaN,238.100000,209.570000,69.980000,220.570000
NaN,NaN,238.090000,209.560000,70.000000,220.590000
NaN,NaN,238.100000,209.560000,70.000000,220.560000
NaN,NaN,238.100000,209.540000,70.000000,220.580000
NaN,NaN,238.060000,209.480000,70.010000,220.540000
NaN,NaN,238.030000,209.350000,69.990000,220.510000
NaN,NaN,238.030000,209.350000,69.880000,220.080000
NaN,NaN,238.040000,209.350000,69.880000,220.080000
NaN,NaN,238.030000,209.340000,69.870000,220.080000
NaN,NaN,238.030000,209.330000,69.880000,220.070000
NaN,NaN,238.040000,209.330000,69.870000,220.080000
NaN,NaN,238.040000,209.330000,69.900000,220.090000
NaN,NaN,238.050000,209.340000,69.920000,220.080000
NaN,NaN,238.050000,209.340000,69.910000,220.100000
NaN,NaN,238.050000,209.340000,69.930000,220.090000
NaN,NaN,238.040000,209.330000,69.940000,220.100000
NaN,NaN,238.040000,209.330000,69.900000,220.100000
NaN,NaN,238.050000,209.330000,69.920000,220.100000
NaN,NaN,238.050000,209.330000,69.930000,220.090000
NaN,NaN,238.040000,209.320000,69.930000,220.040000
NaN,NaN,238.050000,209.320000,69.930000,220.060000
NaN,NaN,238.060000,209.330000,69.920000,220.080000
NaN,NaN,238.060000,209.320000,69.930000,220.090000
NaN,NaN,238.050000,209.320000,69.930000,220.080000
NaN,NaN,238.050000,209.320000,69.950000,220.080000
NaN,NaN,238.070000,209.330000,69.940000,220.080000
NaN,NaN,238.060000,209.320000,69.950000,220.100000
NaN,NaN,238.060000,209.330000,69.960000,220.100000
NaN,NaN,238.070000,209.330000,69.950000,220.100000
NaN,NaN,238.070000,209.330000,69.940000,220.110000
NaN,NaN,238.070000,209.330000,69.940000,220.100000
NaN,NaN,238.070000,209.340000,69.970000,220.130000
NaN,NaN,238.070000,209.340000,69.950000,220.130000
NaN,NaN,238.070000,209.340000,69.960000,220.130000
NaN,NaN,238.080000,209.340000,69.920000,220.090000
NaN,NaN,238.080000,209.350000,69.980000,220.110000
NaN,NaN,238.070000,209.360000,69.960000,220.100000
NaN,NaN,238.070000,209.360000,69.930000,220.120000
NaN,NaN,238.070000,209.360000,69.950000,220.120000
NaN,NaN,238.080000,209.370000,69.940000,220.140000
NaN,NaN,238.080000,209.370000,69.950000,220.150000
NaN,NaN,238.090000,209.380000,69.960000,220.140000
NaN,NaN,238.080000,209.380000,69.930000,220.140000
NaN,NaN,238.080000,209.390000,69.950000,220.170000
NaN,NaN,238.080000,209.390000,69.940000,220.160000
NaN,NaN,238.080000,209.390000,69.930000,220.160000
NaN,NaN,238.090000,209.400000,69.940000,220.180000
NaN,NaN,238.080000,209.410000,69.940000,220.190000
NaN,NaN,238.090000,209.410000,69.950000,220.190000
NaN,NaN,238.090000,209.420000,69.930000,220.220000
NaN,NaN,238.080000,209.420000,69.910000,220.190000
NaN,NaN,238.080000,209.430000,69.930000,220.210000
NaN,NaN,238.090000,209.450000,69.940000,220.210000
NaN,NaN,238.090000,209.450000,69.930000,220.210000
NaN,NaN,238.080000,209.470000,69.930000,220.210000
NaN,NaN,238.080000,209.470000,69.930000,220.230000
NaN,NaN,238.090000,209.480000,69.930000,220.240000
NaN,NaN,238.090000,209.490000,69.930000,220.260000
NaN,NaN,238.090000,209.500000,69.910000,220.250000
NaN,NaN,238.160000,209.680000,69.920000,220.250000
NaN,NaN,238.150000,209.680000,69.920000,220.250000
NaN,NaN,238.150000,209.680000,69.910000,220.240000
NaN,NaN,238.150000,209.700000,69.920000,220.250000
NaN,NaN,238.150000,209.690000,69.930000,220.270000
NaN,NaN,238.150000,209.700000,69.920000,220.250000
NaN,NaN,238.140000,209.700000,69.910000,220.260000
NaN,NaN,238.140000,209.710000,69.910000,220.240000
NaN,NaN,238.140000,209.720000,69.950000,220.250000
NaN,NaN,238.150000,209.730000,69.930000,220.260000
NaN,NaN,238.140000,209.730000,69.920000,220.260000
NaN,NaN,238.150000,209.730000,69.920000,220.260000
NaN,NaN,238.130000,209.740000,69.930000,220.230000
NaN,NaN,238.130000,209.740000,69.930000,220.250000
NaN,NaN,238.130000,209.750000,69.920000,220.270000
NaN,NaN,238.130000,209.750000,69.910000,220.270000
NaN,NaN,238.130000,209.770000,69.890000,220.270000
NaN,NaN,238.130000,209.760000,69.870000,220.260000
NaN,NaN,238.130000,209.770000,69.890000,220.280000
NaN,NaN,238.120000,209.770000,69.890000,220.270000
NaN,NaN,238.120000,209.770000,69.880000,220.240000
NaN,NaN,238.110000,209.770000,69.930000,220.230000
NaN,NaN,238.110000,209.780000,69.870000,220.250000
NaN,NaN,238.110000,209.790000,69.890000,220.260000
NaN,NaN,238.110000,209.790000,69.870000,220.260000
NaN,NaN,238.110000,209.800000,69.860000,220.270000
NaN,NaN,238.110000,209.800000,69.870000,220.280000
NaN,NaN,238.110000,209.800000,69.860000,220.280000
NaN,NaN,238.110000,209.810000,69.860000,220.280000
NaN,NaN,238.110000,209.800000,69.860000,220.270000
NaN,NaN,238.110000,209.810000,69.860000,220.280000
NaN,NaN,238.110000,209.820000,69.880000,220.280000
NaN,NaN,238.100000,209.830000,69.870000,220.290000
NaN,NaN,238.100000,209.820000,69.860000,220.290000
NaN,NaN,238.090000,209.810000,67.445636,217.917120
NaN,NaN,238.100000,209.810000,66.790000,217.900000
NaN,NaN,238.090000,209.820000,66.810000,217.870000
NaN,NaN,238.100000,209.830000,66.970000,217.970000
NaN,NaN,238.100000,209.830000,66.980000,217.950000
NaN,NaN,238.090000,209.830000,66.970000,217.940000
NaN,NaN,238.090000,209.830000,66.960000,217.940000
NaN,NaN,238.090000,209.840000,66.950000,217.930000
NaN,NaN,238.080000,209.830000,66.950000,217.930000
NaN,NaN,238.080000,209.840000,66.950000,217.920000
NaN,NaN,238.080000,209.840000,66.940000,217.920000
NaN,NaN,238.090000,209.850000,66.930000,217.910000
NaN,NaN,238.080000,209.850000,66.920000,217.910000
NaN,NaN,238.080000,209.850000,66.910000,217.910000
NaN,NaN,238.090000,209.850000,66.900000,217.890000
NaN,NaN,238.080000,209.860000,66.900000,217.890000
NaN,NaN,238.070000,209.860000,66.850000,217.890000
NaN,NaN,238.060000,209.860000,66.850000,217.870000
NaN,NaN,238.070000,209.860000,66.840000,217.880000
NaN,NaN,238.070000,209.860000,66.810000,217.880000
NaN,NaN,238.060000,209.860000,66.780000,217.860000
NaN,NaN,238.070000,209.870000,66.760000,217.860000
NaN,NaN,238.070000,209.870000,66.730000,217.860000
NaN,NaN,238.060000,209.870000,66.710000,217.870000
NaN,NaN,238.060000,209.880000,66.700000,217.870000
NaN,NaN,238.060000,209.880000,66.690000,217.860000
NaN,NaN,238.050000,209.880000,66.670000,217.860000
NaN,NaN,238.060000,209.890000,66.580000,217.860000
NaN,NaN,238.050000,209.890000,66.580000,217.860000
NaN,NaN,238.050000,209.900000,66.570000,217.870000
NaN,NaN,238.050000,209.890000,66.550000,217.860000
NaN,NaN,238.040000,209.890000,66.490000,217.840000
NaN,NaN,238.040000,209.900000,66.160000,217.710000
NaN,NaN,238.040000,209.910000,66.150000,217.720000
NaN,NaN,238.040000,209.920000,66.130000,217.710000
NaN,NaN,238.040000,209.920000,66.140000,217.720000
NaN,NaN,238.040000,209.920000,66.120000,217.710000
NaN,NaN,238.030000,209.920000,66.090000,217.720000
NaN,NaN,238.040000,209.930000,66.090000,217.730000
NaN,NaN,238.040000,209.920000,66.060000,217.710000
NaN,NaN,238.040000,209.920000,66.030000,217.700000
NaN,NaN,238.040000,209.930000,66.030000,217.710000
NaN,NaN,238.040000,209.930000,66.000000,217.700000
NaN,NaN,238.030000,209.930000,65.990000,217.710000
NaN,NaN,238.030000,209.940000,65.970000,217.700000
NaN,NaN,238.030000,209.940000,65.950000,217.690000
NaN,NaN,238.030000,209.940000,65.950000,217.710000
NaN,NaN,238.030000,209.940000,65.950000,217.710000
NaN,NaN,238.030000,209.940000,65.960000,217.720000
NaN,NaN,238.020000,209.950000,65.940000,217.720000
NaN,NaN,238.020000,209.950000,65.950000,217.740000
NaN,NaN,238.020000,209.950000,65.920000,217.710000
NaN,NaN,238.020000,209.960000,65.920000,217.700000
NaN,NaN,238.010000,209.950000,65.930000,217.710000
NaN,NaN,238.020000,209.960000,65.900000,217.700000
NaN,NaN,238.020000,209.960000,65.870000,217.680000
NaN,NaN,238.020000,209.960000,65.880000,217.690000
NaN,NaN,238.010000,209.960000,65.900000,217.690000
NaN,NaN,238.010000,209.970000,65.880000,217.690000
NaN,NaN,238.010000,209.970000,65.850000,217.700000
NaN,NaN,238.010000,209.970000,65.850000,217.700000
NaN,NaN,238.010000,209.970000,65.800000,217.700000
NaN,NaN,238.010000,209.970000,65.810000,217.700000
NaN,NaN,238.010000,209.970000,65.800000,217.690000
NaN,NaN,238.010000,209.980000,65.790000,217.700000
NaN,NaN,238.010000,209.980000,65.800000,217.710000
NaN,NaN,238.010000,209.980000,65.780000,217.710000
NaN,NaN,238.010000,209.980000,65.790000,217.730000
NaN,NaN,238.010000,209.990000,65.770000,217.720000
NaN,NaN,238.010000,209.990000,65.760000,217.710000
NaN,NaN,238.000000,209.990000,65.760000,217.710000
NaN,NaN,238.000000,209.990000,65.740000,217.720000
NaN,NaN,237.990000,209.990000,65.710000,217.700000
NaN,NaN,238.000000,209.990000,65.690000,217.690000
NaN,NaN,238.000000,209.980000,65.660000,217.680000
NaN,NaN,237.990000,209.980000,65.670000,217.700000
NaN,NaN,237.990000,209.990000,65.670000,217.710000
NaN,NaN,237.990000,209.990000,65.650000,217.710000
NaN,NaN,237.980000,209.990000,65.660000,217.720000
NaN,NaN,237.980000,210.000000,65.670000,217.730000
NaN,NaN,237.980000,210.000000,65.660000,217.730000
NaN,NaN,237.980000,210.000000,65.640000,217.720000
NaN,NaN,237.980000,210.000000,65.640000,217.720000
NaN,NaN,237.980000,210.000000,65.620000,217.720000
NaN,NaN,237.980000,210.000000,65.630000,217.730000
NaN,NaN,237.980000,210.000000,65.580000,217.710000
NaN,NaN,237.980000,209.990000,65.580000,217.720000
NaN,NaN,237.980000,209.990000,65.580000,217.720000
NaN,NaN,237.990000,209.990000,65.570000,217.710000
NaN,NaN,237.980000,209.990000,65.570000,217.710000
NaN,NaN,237.980000,209.990000,65.510000,217.680000
NaN,NaN,237.980000,209.980000,65.000000,217.370000
NaN,NaN,237.970000,209.980000,64.860000,217.160000
NaN,NaN,237.970000,209.980000,64.870000,217.160000
NaN,NaN,237.980000,209.980000,64.870000,217.170000
NaN,NaN,237.970000,209.970000,64.850000,217.150000
NaN,NaN,237.970000,209.970000,64.850000,217.150000
NaN,NaN,237.980000,209.970000,64.830000,217.150000
NaN,NaN,237.970000,209.960000,64.830000,217.150000
NaN,NaN,237.980000,209.960000,64.830000,217.160000
NaN,NaN,237.980000,209.960000,64.850000,217.130000
NaN,NaN,237.980000,209.960000,64.820000,217.120000
NaN,NaN,237.980000,209.960000,64.830000,217.150000
NaN,NaN,237.980000,209.950000,64.800000,217.130000
NaN,NaN,237.980000,209.950000,64.800000,217.170000
NaN,NaN,237.980000,209.950000,64.810000,217.190000
NaN,NaN,237.990000,209.940000,64.860000,217.210000
NaN,NaN,237.990000,209.930000,64.870000,217.210000
NaN,NaN,237.980000,209.940000,64.850000,217.210000
NaN,NaN,237.980000,209.940000,64.820000,217.190000
NaN,NaN,237.980000,209.940000,64.850000,217.200000
NaN,NaN,237.980000,209.930000,64.850000,217.200000
NaN,NaN,237.980000,209.940000,64.850000,217.200000
NaN,NaN,237.980000,209.930000,64.870000,217.210000
NaN,NaN,237.980000,209.940000,64.880000,217.230000
NaN,NaN,237.980000,209.930000,64.890000,217.230000
NaN,NaN,237.990000,209.930000,64.910000,217.240000
NaN,NaN,237.980000,209.920000,64.950000,217.260000
NaN,NaN,237.980000,209.920000,64.960000,217.270000
NaN,NaN,237.990000,209.910000,64.970000,217.260000
NaN,NaN,237.990000,209.910000,64.990000,217.240000
NaN,NaN,238.000000,209.890000,65.030000,217.250000
NaN,NaN,238.000000,209.890000,65.050000,217.240000
NaN,NaN,238.000000,209.890000,65.070000,217.250000
NaN,NaN,238.000000,209.890000,65.110000,217.260000
NaN,NaN,238.000000,209.890000,65.110000,217.230000
NaN,NaN,238.000000,209.880000,65.150000,217.230000
NaN,NaN,238.000000,209.880000,65.170000,217.200000
NaN,NaN,238.000000,209.880000,65.190000,217.200000
NaN,NaN,237.990000,209.870000,65.240000,217.220000
NaN,NaN,238.000000,209.860000,65.250000,217.180000
NaN,NaN,238.000000,209.860000,65.280000,217.150000
NaN,NaN,238.000000,209.850000,65.300000,217.150000
NaN,NaN,238.010000,209.850000,65.380000,217.160000
NaN,NaN,238.000000,209.850000,65.390000,217.150000
NaN,NaN,238.010000,209.840000,65.440000,217.150000
NaN,NaN,238.010000,209.830000,65.540000,217.200000
NaN,NaN,238.010000,209.830000,65.960000,217.410000
NaN,NaN,238.010000,209.830000,66.210000,217.730000
NaN,NaN,238.010000,209.830000,66.220000,217.710000
NaN,NaN,238.010000,209.820000,66.240000,217.700000
NaN,NaN,238.010000,209.810000,66.290000,217.720000
NaN,NaN,238.010000,209.800000,66.330000,217.740000
NaN,NaN,238.010000,209.800000,66.390000,217.750000
NaN,NaN,238.010000,209.800000,66.410000,217.750000
NaN,NaN,238.010000,209.790000,66.470000,217.780000
NaN,NaN,238.020000,209.790000,66.780000,217.880000
NaN,NaN,238.010000,209.780000,66.790000,217.890000
NaN,NaN,238.020000,209.780000,66.830000,217.890000
NaN,NaN,238.020000,209.780000,66.880000,217.880000
NaN,NaN,238.020000,209.770000,66.890000,217.870000
NaN,NaN,238.030000,209.760000,66.900000,217.870000
NaN,NaN,238.030000,209.760000,66.930000,217.870000
NaN,NaN,238.020000,209.760000,66.970000,217.870000
NaN,NaN,238.020000,209.750000,66.980000,217.860000
NaN,NaN,238.010000,209.740000,67.000000,217.860000
NaN,NaN,238.020000,209.740000,67.020000,217.840000
NaN,NaN,238.020000,209.740000,67.050000,217.850000
NaN,NaN,238.020000,209.730000,67.090000,217.850000
NaN,NaN,238.020000,209.730000,67.110000,217.860000
NaN,NaN,238.020000,209.730000,67.150000,217.840000
NaN,NaN,238.010000,209.720000,67.180000,217.850000
NaN,NaN,238.010000,209.720000,67.220000,217.850000
NaN,NaN,238.010000,209.700000,67.230000,217.860000
NaN,NaN,238.020000,209.700000,67.250000,217.880000
NaN,NaN,238.020000,209.700000,67.300000,217.860000
NaN,NaN,238.030000,209.680000,67.300000,217.910000
NaN,NaN,238.020000,209.670000,67.360000,217.910000
NaN,NaN,238.010000,209.680000,67.400000,217.900000
NaN,NaN,238.020000,209.670000,67.370000,217.910000
NaN,NaN,238.010000,209.660000,67.380000,217.930000
NaN,NaN,238.010000,209.670000,67.370000,217.930000
NaN,NaN,238.010000,209.650000,67.410000,217.970000
NaN,NaN,238.010000,209.640000,67.390000,217.960000
NaN,NaN,238.000000,209.630000,67.410000,217.940000
NaN,NaN,238.000000,209.630000,67.430000,217.920000
NaN,NaN,238.000000,209.610000,67.410000,217.920000
NaN,NaN,237.990000,209.600000,67.430000,217.930000
NaN,NaN,237.990000,209.610000,67.400000,217.920000
NaN,NaN,237.980000,209.600000,67.420000,217.940000
NaN,NaN,237.980000,209.590000,67.430000,217.910000
NaN,NaN,237.970000,209.550000,67.410000,217.940000
NaN,NaN,237.970000,209.550000,67.560000,217.930000
NaN,NaN,237.970000,209.550000,67.840000,218.000000
NaN,NaN,237.960000,209.550000,67.890000,218.010000
NaN,NaN,237.950000,209.550000,67.920000,218.010000
NaN,NaN,237.950000,209.530000,67.860000,218.000000
NaN,NaN,237.940000,209.510000,67.950000,217.950000
NaN,NaN,237.850000,209.340000,67.980000,217.960000
NaN,NaN,237.850000,209.340000,67.920000,217.940000
NaN,NaN,237.830000,209.320000,67.940000,217.950000
NaN,NaN,237.820000,209.320000,67.900000,217.950000
NaN,NaN,237.810000,209.300000,67.890000,217.960000
NaN,NaN,237.810000,209.300000,67.900000,217.950000
NaN,NaN,237.760000,209.270000,67.900000,217.940000
NaN,NaN,237.760000,209.270000,67.960000,217.940000
NaN,NaN,237.740000,209.260000,68.060000,217.960000
NaN,NaN,237.740000,209.260000,68.080000,217.950000
NaN,NaN,237.730000,209.260000,68.090000,217.950000
NaN,NaN,237.710000,209.250000,68.140000,217.960000
NaN,NaN,237.690000,209.240000,68.160000,217.950000
NaN,NaN,237.680000,209.240000,68.210000,217.960000
NaN,NaN,237.680000,209.240000,68.160000,217.940000
NaN,NaN,237.670000,209.230000,68.140000,217.880000
NaN,NaN,237.650000,209.220000,68.100000,217.890000
NaN,NaN,237.640000,209.230000,68.160000,217.870000
NaN,NaN,237.590000,209.210000,68.120000,217.890000
NaN,NaN,237.560000,209.200000,68.020000,217.900000
NaN,NaN,237.520000,209.210000,68.120000,217.840000
NaN,NaN,236.910000,209.090000,68.150000,217.840000
NaN,NaN,236.040000,208.990000,68.200000,217.820000
NaN,NaN,235.170000,208.890000,67.445636,216.145974
NaN,NaN,234.510000,208.810000,66.990000,215.940000
NaN,NaN,234.460000,208.800000,66.950000,215.930000
NaN,NaN,234.450000,208.790000,67.020000,215.990000
NaN,NaN,234.430000,208.790000,67.020000,215.990000
NaN,NaN,234.350000,208.770000,67.050000,216.000000
NaN,NaN,234.290000,208.770000,67.070000,215.990000
NaN,NaN,234.310000,208.770000,67.030000,215.990000
NaN,NaN,234.260000,208.750000,67.050000,215.990000
NaN,NaN,234.220000,208.740000,67.060000,215.980000
NaN,NaN,234.200000,208.740000,67.060000,215.980000
NaN,NaN,234.180000,208.730000,67.070000,215.980000
NaN,NaN,234.140000,208.730000,67.040000,215.990000
NaN,NaN,234.140000,208.720000,67.060000,216.010000
NaN,NaN,234.150000,208.730000,67.060000,216.000000
NaN,NaN,234.130000,208.740000,67.050000,215.990000
NaN,NaN,234.090000,208.750000,67.030000,216.000000
NaN,NaN,234.070000,208.740000,67.040000,216.000000
NaN,NaN,234.050000,208.750000,67.050000,216.000000
NaN,NaN,232.157460,207.290244,67.040000,216.000000
NaN,NaN,232.157460,207.290244,67.030000,216.010000
NaN,NaN,232.157460,207.290244,67.030000,216.020000
NaN,NaN,232.157460,207.290244,67.010000,216.030000
NaN,NaN,232.157460,207.290244,67.020000,216.020000
NaN,NaN,232.157460,206.936015,67.000000,216.010000
NaN,NaN,231.064240,206.581786,67.010000,216.000000
NaN,NaN,230.335427,206.227557,66.980000,216.000000
NaN,NaN,229.606613,204.456411,66.940000,216.010000
NaN,NaN,229.606613,204.456411,66.950000,216.000000
NaN,NaN,229.606613,204.456411,66.900000,216.010000
NaN,NaN,229.606613,204.456411,66.900000,216.040000
NaN,NaN,229.242207,204.456411,66.870000,216.050000
NaN,NaN,228.877800,204.456411,66.840000,216.070000
NaN,NaN,228.148987,204.456411,66.790000,216.050000
NaN,NaN,228.148987,204.456411,66.790000,216.060000
NaN,NaN,227.420173,204.456411,66.750000,216.070000
NaN,NaN,227.420173,204.456411,66.680000,216.060000
NaN,NaN,227.420173,204.456411,66.660000,216.050000
NaN,NaN,225.962547,204.456411,66.600000,216.040000
NaN,NaN,225.598140,204.456411,66.570000,216.060000
NaN,NaN,224.504920,203.393723,66.480000,216.060000
NaN,NaN,224.504920,203.393723,66.040000,215.970000
NaN,NaN,224.504920,203.393723,65.920000,215.960000
NaN,NaN,224.504920,202.685265,65.950000,215.970000
NaN,NaN,224.504920,202.685265,65.870000,215.980000
NaN,NaN,224.504920,202.685265,65.700000,215.900000
NaN,NaN,223.776106,202.331036,65.600000,215.870000
NaN,NaN,223.411700,201.976807,64.840000,215.530000
NaN,NaN,223.411700,201.976807,64.210000,215.110000
NaN,NaN,223.047293,200.914119,64.090000,215.120000
NaN,NaN,222.682886,200.559890,64.020000,215.120000
NaN,NaN,222.682886,200.559890,63.950000,215.130000
NaN,NaN,222.682886,200.559890,63.910000,215.130000
NaN,NaN,221.954073,200.205661,63.890000,215.130000
NaN,NaN,221.954073,200.205661,63.820000,215.140000
NaN,NaN,220.496446,200.205661,63.790000,215.140000
NaN,NaN,219.767633,199.497202,63.730000,215.140000
NaN,NaN,219.038819,198.788744,63.710000,215.200000
NaN,NaN,218.674413,198.788744,63.670000,215.180000
NaN,NaN,217.581193,197.371827,63.480000,215.130000
NaN,NaN,217.581193,197.371827,63.060000,215.100000
NaN,NaN,217.581193,197.371827,63.030000,215.090000
NaN,NaN,216.852379,197.017598,62.950000,215.100000
NaN,NaN,216.487973,196.309140,62.910000,215.110000
NaN,NaN,215.030346,196.309140,62.860000,215.100000
NaN,NaN,214.301532,195.954911,62.860000,215.120000
NaN,NaN,214.301532,195.954911,62.830000,215.110000
NaN,NaN,213.208312,195.246452,62.730000,215.140000
NaN,NaN,213.208312,195.246452,62.650000,215.120000
NaN,NaN,213.208312,195.246452,62.500000,215.070000
NaN,NaN,213.208312,195.246452,62.000000,214.960000
NaN,NaN,213.208312,195.246452,61.920000,215.010000
NaN,NaN,212.843906,194.892223,61.840000,215.020000
NaN,NaN,212.115092,194.537994,61.830000,214.990000
NaN,NaN,212.115092,194.537994,61.810000,214.990000
NaN,NaN,212.115092,194.537994,61.660000,214.890000
NaN,NaN,211.750686,193.829535,61.550000,214.870000
NaN,NaN,211.750686,193.829535,61.060000,214.780000
NaN,NaN,211.750686,193.829535,60.980000,214.730000
NaN,NaN,211.386279,193.829535,60.940000,214.750000
NaN,NaN,210.293059,193.829535,60.940000,214.740000
NaN,NaN,210.293059,193.829535,60.880000,214.740000
NaN,NaN,209.928652,193.829535,60.800000,214.680000
NaN,NaN,209.199839,193.829535,60.780000,214.670000
NaN,NaN,208.835432,193.829535,60.730000,214.650000
NaN,NaN,208.106619,194.183765,60.720000,214.630000
NaN,NaN,207.377805,194.183765,60.700000,214.670000
NaN,NaN,207.377805,194.183765,60.650000,214.670000
NaN,NaN,207.377805,194.183765,60.600000,214.660000
NaN,NaN,207.013399,194.183765,60.580000,214.720000
NaN,NaN,207.013399,194.183765,60.510000,214.670000
NaN,NaN,207.013399,194.183765,60.080000,214.660000
NaN,NaN,207.013399,194.183765,59.950000,214.720000
NaN,NaN,206.648992,194.183765,59.950000,214.700000
NaN,NaN,206.284585,194.183765,59.910000,214.670000
NaN,NaN,206.284585,194.183765,59.890000,214.640000
NaN,NaN,205.920179,194.183765,59.850000,214.600000
NaN,NaN,205.920179,194.183765,59.830000,214.620000
NaN,NaN,205.920179,194.183765,59.770000,214.610000
NaN,NaN,205.555772,194.183765,59.760000,214.640000
NaN,NaN,204.826958,194.537994,59.770000,214.650000
NaN,NaN,204.462552,194.537994,59.780000,214.670000
NaN,NaN,204.462552,194.537994,59.740000,214.670000
NaN,NaN,204.098145,194.892223,59.760000,214.620000
NaN,NaN,204.098145,194.892223,59.740000,214.590000
NaN,NaN,204.098145,194.892223,59.670000,214.610000
NaN,NaN,203.004925,194.183765,59.710000,214.640000
NaN,NaN,201.911705,193.121077,59.670000,214.690000
NaN,NaN,200.818485,191.704160,59.660000,214.670000
NaN,NaN,200.818485,191.704160,59.640000,214.600000
NaN,NaN,200.818485,191.704160,59.600000,214.680000
194.259164,180.723056,200.818485,191.704160,59.550000,214.630000
194.259164,180.723056,199.725265,190.287244,59.600000,214.630000
194.259164,180.723056,199.360858,190.287244,59.630000,214.630000
194.259164,180.723056,197.174418,191.349931,59.610000,214.610000
192.437131,182.139973,196.810011,191.704160,59.620000,214.570000
190.615098,182.848431,196.081198,191.349931,59.610000,214.550000
189.886284,183.202660,195.352385,190.995702,59.580000,214.530000
188.428657,183.911118,193.894758,190.641473,59.560000,214.540000
188.064251,183.911118,192.801538,190.287244,59.510000,214.600000
186.242217,184.619577,192.437131,189.933015,58.335469,214.020599
184.055777,185.682264,192.437131,189.933015,57.840000,213.980000
184.055777,185.682264,192.072724,189.933015,57.800000,213.990000
183.691370,186.036494,192.072724,189.933015,57.950000,214.010000
182.962557,186.036494,191.708318,189.933015,57.950000,214.010000
181.140524,186.390723,191.708318,189.933015,57.940000,214.000000
179.682897,186.744952,190.615098,189.933015,57.930000,214.010000
178.225270,186.744952,189.157471,189.933015,57.910000,214.000000
177.496457,186.744952,188.793064,189.224556,57.890000,214.000000
176.403237,187.099181,188.793064,189.224556,57.890000,213.990000
175.674423,187.099181,188.793064,189.224556,57.880000,213.990000
174.581203,187.807639,188.064251,189.224556,57.890000,213.980000
173.487983,188.161869,187.699844,189.224556,57.880000,213.990000
174.216796,187.807639,186.971031,189.578785,57.860000,213.980000
173.852390,187.807639,186.242217,189.933015,57.840000,213.970000
172.394763,187.807639,185.877811,190.287244,57.830000,213.960000
172.394763,187.807639,185.877811,190.287244,57.820000,213.960000
171.301543,187.807639,184.784590,190.287244,57.820000,213.960000
170.572730,187.807639,184.055777,190.287244,57.810000,213.940000
169.479509,187.807639,183.326964,190.995702,57.810000,213.950000
168.386289,188.161869,183.326964,190.995702,57.810000,213.950000
168.021883,188.161869,183.326964,190.995702,57.790000,213.940000
166.564256,188.516098,183.326964,190.995702,57.770000,213.930000
164.742223,189.578785,183.326964,190.995702,57.760000,213.940000
164.013409,189.578785,183.326964,190.995702,57.760000,213.930000
163.284596,189.224556,181.869337,189.578785,57.740000,213.920000
162.191376,189.224556,181.869337,189.578785,57.720000,213.920000
161.462562,189.224556,180.776117,187.807639,57.710000,213.910000
160.733749,189.578785,180.776117,187.807639,57.710000,213.890000
159.640529,189.578785,180.047304,186.390723,57.680000,213.870000
157.818495,189.933015,180.047304,186.390723,57.650000,213.870000
157.089682,189.933015,179.318490,185.682264,57.640000,213.880000
157.089682,189.933015,179.318490,185.682264,57.630000,213.860000
156.725275,189.933015,179.318490,185.682264,57.620000,213.870000
154.903242,190.287244,178.954083,185.682264,57.580000,213.850000
154.174428,190.641473,177.496457,185.328035,57.600000,213.840000
152.716802,190.995702,177.496457,185.328035,57.580000,213.840000
152.716802,190.995702,177.496457,185.328035,57.600000,213.820000
152.716802,190.995702,177.132050,185.328035,57.560000,213.800000
150.530362,192.412619,175.310017,185.328035,57.560000,213.800000
149.437142,192.412619,174.945610,185.682264,57.570000,213.800000
149.437142,192.412619,173.487983,187.099181,57.550000,213.800000
148.708328,192.412619,173.487983,187.099181,57.540000,213.780000
148.708328,192.766848,173.487983,187.099181,57.540000,213.790000
146.886295,193.475306,173.487983,187.453410,57.520000,213.780000
146.521888,193.829535,172.759170,187.807639,57.480000,213.730000
144.335448,194.183765,171.665950,189.933015,57.190000,213.630000
143.242228,194.537994,171.301543,189.933015,57.190000,213.630000
143.242228,194.537994,171.301543,190.287244,57.170000,213.630000
142.149008,194.537994,170.572730,190.641473,57.180000,213.620000
141.055788,194.892223,169.843916,192.058390,57.170000,213.600000
139.233754,195.954911,169.479509,192.766848,57.140000,213.570000
137.411721,197.371827,169.115103,192.766848,57.180000,213.610000
136.318501,198.080286,168.750696,193.829535,57.180000,213.600000
135.954094,198.434515,168.750696,193.829535,57.170000,213.600000
135.954094,198.434515,168.750696,193.829535,57.110000,213.560000
135.225281,199.497202,168.021883,193.829535,57.120000,213.540000
134.496467,200.559890,168.021883,194.183765,57.100000,213.540000
133.767654,200.914119,167.657476,194.183765,57.100000,213.510000
133.038840,201.622577,166.928663,194.537994,56.910000,213.150000
132.310027,201.622577,166.199849,194.892223,56.950000,213.150000
130.487994,201.976807,163.284596,195.600681,56.940000,213.130000
127.937147,203.039494,162.920189,195.600681,56.940000,213.130000
127.937147,203.039494,162.920189,195.600681,56.950000,213.140000
127.208333,203.747952,162.555782,195.954911,56.920000,213.150000
126.479520,204.810640,161.098156,196.663369,56.920000,213.120000
125.021893,205.519098,160.733749,196.663369,56.900000,213.120000
124.293080,205.873328,160.733749,196.663369,56.900000,213.120000
123.564266,206.227557,160.733749,197.017598,56.900000,213.110000
123.564266,206.581786,160.369342,197.017598,56.890000,213.100000
123.564266,206.581786,159.640529,197.017598,56.900000,213.090000
122.471046,206.581786,158.911715,197.017598,56.890000,213.080000
122.106640,207.290244,158.911715,197.017598,56.910000,213.090000
121.013420,207.998703,158.547309,197.017598,56.910000,213.070000
119.920200,208.352932,157.818495,197.017598,56.880000,213.050000
119.555793,209.415619,157.454089,196.663369,56.950000,213.070000
119.191386,209.415619,157.089682,196.663369,56.920000,213.080000
118.826980,209.769848,156.360869,197.371827,56.930000,213.070000
118.098166,210.124078,155.996462,198.080286,56.940000,213.070000
117.369353,210.478307,155.632055,198.434515,56.940000,213.060000
116.276133,210.832536,155.267649,198.788744,56.940000,213.060000
115.911726,210.832536,154.538835,199.142973,56.950000,213.040000
115.182913,210.832536,154.174428,199.142973,56.970000,213.040000
114.089693,211.186765,153.081208,199.851431,56.960000,213.020000
112.996472,211.540994,153.081208,199.851431,56.960000,213.020000
111.174439,212.249453,151.623582,201.268348,57.000000,213.020000
110.445626,212.249453,151.623582,201.268348,57.010000,213.010000
110.081219,212.249453,151.623582,201.268348,56.990000,213.000000
108.623592,213.666369,150.894768,201.976807,57.040000,213.010000
107.894779,214.020599,150.894768,201.976807,57.010000,213.000000
107.530372,214.374828,150.894768,201.976807,57.050000,213.000000
106.801559,215.083286,150.894768,201.976807,57.050000,212.990000
106.072745,215.791745,150.894768,201.976807,57.040000,212.980000
105.708339,215.791745,150.894768,201.976807,57.040000,212.980000
102.064272,217.562890,150.165955,203.039494,57.070000,212.980000
101.699865,217.917120,149.437142,203.747952,57.080000,212.980000
101.699865,217.917120,149.072735,204.456411,57.080000,212.960000
101.699865,218.271349,149.072735,204.456411,57.100000,212.980000
101.335458,219.688265,149.072735,204.810640,57.130000,212.960000
100.606645,220.750953,149.072735,204.810640,57.110000,212.960000
100.242238,220.750953,149.072735,205.873328,57.120000,212.970000
100.242238,221.105182,149.072735,207.290244,57.110000,212.960000
98.420205,222.522099,149.072735,207.644473,57.130000,212.950000
98.055798,223.230557,149.072735,208.707161,57.120000,212.930000
98.055798,222.876328,149.072735,210.124078,57.120000,212.930000
98.055798,222.876328,149.072735,211.186765,57.130000,212.930000
98.055798,222.876328,149.072735,211.186765,57.150000,212.910000
97.326985,223.584786,149.072735,211.186765,57.180000,212.920000
97.326985,223.939016,148.343921,213.312140,57.160000,212.910000
96.962578,225.001703,148.343921,213.312140,57.200000,212.930000
96.962578,226.772849,148.343921,213.312140,57.180000,212.920000
97.326985,228.543995,148.343921,213.312140,57.180000,212.900000
98.055798,229.960912,148.343921,213.312140,57.180000,212.880000
98.784612,231.377828,148.343921,213.312140,57.210000,212.890000
99.149018,232.086287,148.343921,213.312140,57.210000,212.890000
99.149018,233.148974,147.615108,214.729057,57.210000,212.880000
99.149018,233.503203,147.615108,214.729057,57.180000,212.880000
99.513425,234.565891,147.615108,215.083286,57.220000,212.880000
100.242238,235.982808,147.615108,215.083286,57.190000,212.880000
101.335458,237.045495,147.615108,216.145974,57.190000,212.870000
101.699865,238.108183,147.615108,216.145974,57.180000,212.790000
101.699865,239.170870,147.615108,216.145974,57.200000,212.810000
103.157492,240.233558,147.615108,216.145974,57.220000,212.810000
103.157492,240.942016,147.615108,216.145974,57.220000,212.820000
103.886305,241.650475,147.615108,216.145974,57.210000,212.810000
103.886305,242.004704,147.615108,216.500203,57.220000,212.820000
103.886305,242.358933,147.615108,216.854432,57.200000,212.790000
103.886305,242.358933,147.615108,218.979807,57.210000,212.780000
103.886305,242.358933,147.615108,218.979807,57.230000,212.780000
103.886305,242.358933,148.343921,219.334036,57.210000,212.780000
104.615119,242.358933,148.343921,220.396724,57.190000,212.770000
104.979525,242.713162,148.708328,221.813641,57.170000,212.760000
104.979525,243.067391,149.072735,221.813641,57.160000,212.750000
104.250712,243.775850,149.072735,221.813641,57.180000,212.750000
103.157492,243.775850,149.072735,221.813641,57.200000,212.750000
103.157492,243.067391,149.072735,221.813641,57.200000,212.740000
103.157492,242.358933,149.072735,220.750953,57.190000,212.750000
102.428678,241.296245,149.072735,219.334036,57.200000,212.750000
102.428678,240.587787,149.072735,219.334036,57.210000,212.750000
102.064272,239.879329,149.072735,219.334036,57.200000,212.740000
102.064272,238.816641,149.072735,219.688265,57.230000,212.740000
102.064272,238.816641,149.072735,220.042495,57.200000,212.720000
102.064272,238.108183,149.072735,220.042495,57.180000,212.710000
102.064272,237.753954,149.072735,220.042495,57.200000,212.720000
102.064272,237.753954,149.437142,220.042495,57.190000,212.710000
102.793085,237.753954,149.437142,220.042495,57.190000,212.710000
103.157492,237.753954,149.437142,220.042495,57.190000,212.700000
103.157492,237.753954,149.437142,220.042495,57.190000,212.690000
103.157492,237.753954,149.437142,220.042495,57.190000,212.700000
103.521899,237.753954,149.437142,220.042495,57.180000,212.690000
103.886305,237.753954,150.165955,221.459411,57.150000,212.640000
103.886305,237.753954,150.165955,221.459411,57.150000,212.650000
103.886305,237.753954,150.165955,221.459411,57.140000,212.650000
104.250712,237.753954,150.165955,221.459411,57.150000,212.680000
104.250712,237.753954,150.165955,221.459411,57.130000,212.640000
104.615119,237.753954,150.165955,221.459411,57.110000,212.620000
105.708339,237.753954,150.165955,221.459411,57.100000,212.600000
106.072745,237.753954,150.165955,221.459411,57.130000,212.610000
106.801559,237.753954,150.165955,221.459411,57.140000,212.640000
107.165965,237.753954,150.165955,221.459411,57.180000,212.680000
107.165965,237.753954,150.894768,221.459411,57.140000,212.660000
107.530372,237.753954,150.894768,221.459411,57.150000,212.670000
107.530372,237.399724,151.623582,221.459411,57.130000,212.630000
107.530372,237.399724,152.352395,221.459411,57.160000,212.660000
107.894779,236.691266,152.716802,221.459411,57.090000,212.610000
107.894779,236.691266,152.716802,221.459411,57.070000,212.600000
107.894779,236.691266,152.716802,221.459411,57.060000,212.620000
108.987999,236.691266,152.716802,221.105182,57.100000,212.620000
109.716812,236.691266,151.987988,220.042495,57.100000,212.630000
109.716812,236.691266,151.987988,220.042495,57.060000,212.630000
111.174439,236.337037,151.259175,219.688265,57.080000,212.640000
111.903252,236.337037,151.259175,219.688265,57.050000,212.600000
112.267659,236.337037,151.259175,219.688265,57.050000,212.600000
113.360879,235.982808,151.259175,219.688265,57.010000,212.580000
114.454099,235.628578,151.259175,219.688265,57.070000,212.630000
114.818506,235.628578,151.259175,219.688265,57.080000,212.650000
115.182913,234.211662,151.259175,219.688265,57.070000,212.640000
115.911726,233.503203,152.716802,219.688265,57.080000,212.610000
116.276133,233.148974,152.716802,219.688265,57.060000,212.630000
116.640539,232.440516,152.716802,219.688265,57.060000,212.620000
117.369353,231.732058,152.716802,219.688265,57.050000,212.630000
117.369353,231.732058,153.810022,219.688265,57.050000,212.620000
117.733759,231.732058,153.810022,219.688265,57.040000,212.600000
117.733759,231.732058,153.810022,219.688265,57.030000,212.590000
118.462573,231.377828,154.538835,219.334036,57.050000,212.620000
120.649013,230.315141,154.538835,219.334036,57.080000,212.630000
121.013420,229.960912,154.538835,219.334036,57.060000,212.620000
121.742233,229.252453,154.538835,219.334036,57.050000,212.610000
123.199860,229.252453,154.538835,219.334036,57.060000,212.590000
124.293080,228.898224,154.538835,219.334036,57.080000,212.630000
126.115113,228.189766,154.538835,218.979807,57.140000,212.680000
126.115113,228.189766,154.538835,218.271349,57.130000,212.670000
126.843927,228.189766,154.538835,217.208661,57.070000,212.630000
127.937147,227.835537,154.538835,217.208661,57.010000,212.580000
130.123587,227.127078,154.903242,216.854432,56.980000,212.560000
130.852400,227.127078,154.903242,215.791745,56.970000,212.570000
131.581214,226.772849,154.903242,215.083286,56.960000,212.570000
129.394774,226.418620,154.903242,214.374828,56.920000,212.540000
129.394774,226.418620,154.538835,213.666369,56.950000,212.580000
129.759180,226.418620,153.810022,212.957911,56.950000,212.610000
131.216807,226.064391,153.810022,212.603682,56.940000,212.620000
134.496467,225.001703,153.810022,211.540994,56.900000,212.610000
135.225281,224.647474,153.810022,211.540994,56.900000,212.640000
138.140534,223.584786,153.810022,211.540994,56.940000,212.650000
138.504941,223.230557,153.810022,211.540994,56.860000,212.600000
139.598161,222.522099,153.810022,211.540994,56.610000,212.410000
141.420194,222.167870,153.810022,211.540994,56.040000,211.860000
141.784601,221.813641,153.810022,211.540994,55.880000,211.370000
143.971041,221.105182,153.810022,211.540994,55.850000,211.320000
145.064261,220.396724,153.810022,211.540994,55.890000,211.430000
145.064261,220.042495,153.810022,211.540994,55.850000,211.350000
147.250701,219.334036,153.810022,211.540994,55.830000,211.360000
147.250701,219.334036,153.810022,211.540994,55.850000,211.420000
147.615108,218.271349,153.810022,211.540994,55.830000,211.400000
147.979515,218.271349,155.632055,210.832536,55.810000,211.350000
149.437142,217.208661,155.632055,210.832536,55.820000,211.350000
149.801548,217.208661,155.632055,210.832536,55.820000,211.400000
150.165955,217.208661,155.632055,210.832536,55.790000,211.350000
150.530362,216.500203,155.632055,210.124078,55.840000,211.440000
151.259175,216.145974,155.632055,209.061390,56.020000,211.870000
151.623582,216.145974,155.632055,209.061390,56.040000,211.890000
151.623582,216.145974,155.632055,209.061390,56.020000,211.890000
151.623582,216.145974,155.632055,209.061390,56.000000,211.870000
151.623582,216.145974,155.632055,209.061390,55.990000,211.880000
151.623582,216.145974,155.632055,209.061390,56.000000,211.880000
152.352395,215.437515,155.632055,209.061390,55.970000,211.930000
152.716802,215.437515,155.632055,209.061390,55.980000,211.890000
152.716802,215.437515,155.632055,209.061390,55.940000,211.880000
152.716802,215.437515,155.632055,209.061390,55.950000,211.880000
152.716802,215.083286,155.632055,209.061390,55.940000,211.890000
153.445615,214.729057,155.632055,209.061390,55.910000,211.890000
153.445615,214.374828,155.632055,209.061390,55.930000,211.880000
153.445615,214.020599,155.632055,209.061390,55.910000,211.880000
153.445615,214.020599,155.632055,209.061390,55.900000,211.900000
153.445615,214.020599,157.089682,209.061390,55.860000,211.880000
153.445615,214.020599,157.089682,209.061390,55.870000,211.890000
153.445615,214.020599,157.089682,209.061390,55.850000,211.890000
153.810022,214.020599,158.547309,209.061390,55.780000,211.870000
153.810022,214.020599,158.547309,209.061390,55.800000,211.900000
154.903242,212.957911,158.547309,209.061390,55.780000,211.880000
155.267649,212.603682,158.547309,209.061390,55.760000,211.920000
155.267649,212.603682,158.547309,209.061390,55.750000,211.930000
155.267649,212.603682,158.547309,209.061390,55.670000,211.910000
155.996462,212.249453,158.547309,209.061390,55.670000,211.910000
156.725275,211.895224,159.640529,209.061390,55.660000,211.910000
157.818495,211.540994,159.640529,209.061390,55.630000,211.890000
158.911715,210.832536,159.640529,209.061390,55.640000,211.910000
159.640529,210.832536,160.369342,209.061390,55.560000,211.880000
160.004936,210.478307,160.369342,209.061390,55.240000,211.800000
162.555782,209.061390,160.369342,209.061390,55.260000,211.810000
163.284596,209.061390,160.369342,209.061390,55.250000,211.810000
163.284596,209.061390,160.369342,209.061390,55.240000,211.830000
163.649002,208.707161,160.369342,207.998703,55.240000,211.820000
163.649002,208.707161,160.369342,207.998703,55.190000,211.810000
163.649002,208.707161,160.369342,207.998703,55.160000,211.800000
163.649002,208.707161,160.369342,207.998703,55.180000,211.870000
NaN,NaN,160.369342,207.998703,55.150000,211.820000
NaN,NaN,160.369342,207.998703,55.140000,211.830000
NaN,NaN,160.369342,207.998703,55.130000,211.810000
NaN,NaN,160.369342,207.998703,55.130000,211.820000
NaN,NaN,162.191376,207.998703,55.070000,211.820000
NaN,NaN,162.191376,207.998703,55.080000,211.820000
NaN,NaN,162.191376,207.998703,55.080000,211.840000
NaN,NaN,163.284596,207.644473,55.080000,211.810000
NaN,NaN,163.284596,207.644473,55.070000,211.840000
NaN,NaN,163.284596,207.644473,55.050000,211.830000
NaN,NaN,163.284596,207.644473,55.000000,211.840000
NaN,NaN,163.284596,206.581786,54.950000,211.830000
NaN,NaN,162.555782,206.581786,54.990000,211.830000
NaN,NaN,161.826969,206.227557,54.960000,211.840000
NaN,NaN,161.826969,205.164869,54.920000,211.840000
NaN,NaN,161.826969,204.810640,54.880000,211.830000
NaN,NaN,161.826969,204.456411,54.870000,211.820000
NaN,NaN,161.826969,204.456411,54.860000,211.810000
NaN,NaN,161.826969,204.456411,54.860000,211.820000
NaN,NaN,161.826969,204.456411,54.850000,211.790000
NaN,NaN,161.826969,204.456411,54.820000,211.800000
NaN,NaN,161.826969,204.456411,54.780000,211.810000
NaN,NaN,161.826969,204.456411,54.730000,211.790000
NaN,NaN,161.826969,204.456411,54.690000,211.790000
NaN,NaN,161.826969,204.456411,54.710000,211.770000
NaN,NaN,161.826969,204.456411,54.740000,211.790000
NaN,NaN,161.826969,204.456411,54.680000,211.780000
NaN,NaN,161.826969,204.456411,54.660000,211.800000
NaN,NaN,161.826969,204.456411,54.660000,211.800000
NaN,NaN,161.826969,204.456411,54.580000,211.760000
NaN,NaN,161.826969,204.456411,54.570000,211.740000
NaN,NaN,161.826969,204.456411,54.550000,211.760000
NaN,NaN,161.826969,204.456411,54.520000,211.760000
NaN,NaN,NaN,NaN,54.210000,211.670000
NaN,NaN,NaN,NaN,54.180000,211.660000
NaN,NaN,NaN,NaN,54.200000,211.680000
NaN,NaN,NaN,NaN,54.180000,211.660000
NaN,NaN,NaN,NaN,54.120000,211.650000
NaN,NaN,NaN,NaN,54.130000,211.630000
NaN,NaN,NaN,NaN,54.110000,211.600000
NaN,NaN,NaN,NaN,54.100000,211.600000
NaN,NaN,NaN,NaN,54.070000,211.580000
NaN,NaN,NaN,NaN,54.100000,211.620000
NaN,NaN,NaN,NaN,54.100000,211.660000
NaN,NaN,NaN,NaN,54.060000,211.610000
NaN,NaN,NaN,NaN,54.080000,211.600000
NaN,NaN,NaN,NaN,54.060000,211.580000
NaN,NaN,NaN,NaN,54.040000,211.610000
NaN,NaN,NaN,NaN,54.020000,211.580000
NaN,NaN,NaN,NaN,54.030000,211.590000
NaN,NaN,NaN,NaN,53.990000,211.480000
NaN,NaN,NaN,NaN,53.860000,211.010000
NaN,NaN,NaN,NaN,53.880000,211.030000
NaN,NaN,NaN,NaN,53.870000,211.040000
NaN,NaN,NaN,NaN,53.890000,211.040000
NaN,NaN,NaN,NaN,53.850000,211.010000
NaN,NaN,NaN,NaN,53.830000,210.990000
NaN,NaN,NaN,NaN,53.850000,210.990000
NaN,NaN,NaN,NaN,53.830000,211.020000
NaN,NaN,NaN,NaN,53.820000,210.940000
NaN,NaN,NaN,NaN,53.800000,210.950000
NaN,NaN,NaN,NaN,53.770000,210.950000
NaN,NaN,NaN,NaN,53.770000,210.960000
NaN,NaN,NaN,NaN,53.750000,210.970000
NaN,NaN,NaN,NaN,53.770000,210.970000
NaN,NaN,NaN,NaN,53.680000,210.940000
NaN,NaN,NaN,NaN,53.710000,210.940000
NaN,NaN,NaN,NaN,53.720000,210.970000
NaN,NaN,NaN,NaN,53.740000,210.960000
NaN,NaN,NaN,NaN,53.690000,210.960000
NaN,NaN,NaN,NaN,53.630000,210.940000
NaN,NaN,NaN,NaN,53.620000,210.930000
NaN,NaN,NaN,NaN,53.640000,210.910000
NaN,NaN,NaN,NaN,53.630000,210.900000
NaN,NaN,NaN,NaN,53.570000,210.910000
NaN,NaN,NaN,NaN,53.540000,210.900000
NaN,NaN,NaN,NaN,53.550000,210.920000
NaN,NaN,NaN,NaN,53.560000,210.910000
NaN,NaN,NaN,NaN,53.540000,210.900000
NaN,NaN,NaN,NaN,53.580000,210.910000
NaN,NaN,NaN,NaN,53.510000,210.880000
NaN,NaN,NaN,NaN,53.220000,210.770000
NaN,NaN,NaN,NaN,53.230000,210.760000
NaN,NaN,NaN,NaN,53.200000,210.750000
NaN,NaN,NaN,NaN,53.210000,210.720000
NaN,NaN,NaN,NaN,53.170000,210.730000
NaN,NaN,NaN,NaN,53.180000,210.710000
NaN,NaN,NaN,NaN,53.140000,210.660000
NaN,NaN,NaN,NaN,53.120000,210.650000
NaN,NaN,NaN,NaN,53.160000,210.640000
NaN,NaN,NaN,NaN,53.140000,210.610000
NaN,NaN,NaN,NaN,53.110000,210.600000
NaN,NaN,NaN,NaN,53.100000,210.570000
NaN,NaN,NaN,NaN,53.140000,210.550000
NaN,NaN,NaN,NaN,53.130000,210.540000
NaN,NaN,NaN,NaN,53.120000,210.590000
NaN,NaN,NaN,NaN,53.090000,210.620000
NaN,NaN,NaN,NaN,53.090000,210.590000
NaN,NaN,NaN,NaN,53.100000,210.590000
NaN,NaN,NaN,NaN,53.140000,210.530000
NaN,NaN,NaN,NaN,53.060000,209.890000
NaN,NaN,NaN,NaN,53.020000,209.320000
NaN,NaN,NaN,NaN,52.960000,209.230000
NaN,NaN,NaN,NaN,52.960000,209.210000
NaN,NaN,NaN,NaN,52.950000,209.190000
NaN,NaN,NaN,NaN,52.870000,209.140000
NaN,NaN,NaN,NaN,52.930000,209.080000
NaN,NaN,NaN,NaN,52.880000,209.100000
NaN,NaN,NaN,NaN,52.820000,209.110000
NaN,NaN,NaN,NaN,52.870000,209.100000
NaN,NaN,NaN,NaN,52.870000,209.080000
NaN,NaN,NaN,NaN,52.850000,209.010000
NaN,NaN,NaN,NaN,52.740000,209.000000
NaN,NaN,NaN,NaN,52.690000,209.010000
NaN,NaN,NaN,NaN,52.680000,208.960000
NaN,NaN,NaN,NaN,52.650000,208.920000
NaN,NaN,NaN,NaN,52.640000,208.890000
NaN,NaN,NaN,NaN,52.610000,208.920000
NaN,NaN,NaN,NaN,52.540000,208.860000
NaN,NaN,NaN,NaN,52.220000,208.780000
NaN,NaN,NaN,NaN,52.190000,208.720000
NaN,NaN,NaN,NaN,52.100000,208.800000
NaN,NaN,NaN,NaN,52.150000,208.760000
NaN,NaN,NaN,NaN,52.140000,208.700000
NaN,NaN,NaN,NaN,52.100000,208.660000
NaN,NaN,NaN,NaN,52.070000,208.670000
NaN,NaN,NaN,NaN,52.000000,208.640000
NaN,NaN,NaN,NaN,51.960000,208.660000
NaN,NaN,NaN,NaN,51.940000,208.580000
NaN,NaN,NaN,NaN,51.880000,208.580000
NaN,NaN,NaN,NaN,51.800000,208.580000
NaN,NaN,NaN,NaN,51.810000,208.570000
NaN,NaN,NaN,NaN,51.760000,208.420000
NaN,NaN,NaN,NaN,51.590000,207.890000
NaN,NaN,NaN,NaN,50.930000,207.150000
NaN,NaN,NaN,NaN,50.560000,206.510000
NaN,NaN,NaN,NaN,50.450000,206.370000
NaN,NaN,NaN,NaN,50.360000,206.350000
NaN,NaN,NaN,NaN,50.250000,206.400000
NaN,NaN,NaN,NaN,50.300000,206.430000
NaN,NaN,NaN,NaN,50.300000,206.290000
NaN,NaN,NaN,NaN,50.130000,206.260000
NaN,NaN,NaN,NaN,NaN,NaN
NaN,NaN,NaN,NaN,NaN,NaN
NaN,NaN,NaN,NaN,NaN,NaN
NaN,NaN,NaN,NaN,NaN,NaN
NaN,NaN,NaN,NaN,NaN,NaN
NaN,NaN,NaN,NaN,NaN,NaN
NaN,NaN,NaN,NaN,NaN,NaN
NaN,NaN,NaN,NaN,NaN,NaN
