pt1_cam1_X,pt1_cam1_Y,pt2_cam1_X,pt2_cam1_Y,pt3_cam1_X,pt3_cam1_Y
NaN,NaN,NaN,NaN,NaN,NaN
NaN,NaN,NaN,NaN,NaN,NaN
NaN,NaN,NaN,NaN,NaN,NaN
NaN,NaN,NaN,NaN,NaN,NaN
NaN,NaN,NaN,NaN,NaN,NaN
NaN,NaN,NaN,NaN,NaN,NaN
NaN,NaN,NaN,NaN,NaN,NaN
NaN,NaN,NaN,NaN,NaN,NaN
NaN,NaN,NaN,NaN,NaN,NaN
NaN,NaN,NaN,NaN,NaN,NaN
NaN,NaN,NaN,NaN,NaN,NaN
NaN,NaN,NaN,NaN,NaN,NaN
NaN,NaN,NaN,NaN,NaN,NaN
NaN,NaN,NaN,NaN,NaN,NaN
NaN,NaN,NaN,NaN,NaN,NaN
NaN,NaN,NaN,NaN,NaN,NaN
NaN,NaN,NaN,NaN,NaN,NaN
NaN,NaN,NaN,NaN,NaN,NaN
NaN,NaN,NaN,NaN,NaN,NaN
NaN,NaN,NaN,NaN,NaN,NaN
NaN,NaN,NaN,NaN,NaN,NaN
NaN,NaN,NaN,NaN,NaN,NaN
NaN,NaN,NaN,NaN,NaN,NaN
NaN,NaN,NaN,NaN,NaN,NaN
NaN,NaN,NaN,NaN,NaN,NaN
NaN,NaN,NaN,NaN,NaN,NaN
NaN,NaN,NaN,NaN,NaN,NaN
NaN,NaN,NaN,NaN,NaN,NaN
NaN,NaN,NaN,NaN,NaN,NaN
NaN,NaN,NaN,NaN,NaN,NaN
NaN,NaN,NaN,NaN,NaN,NaN
NaN,NaN,NaN,NaN,NaN,NaN
NaN,NaN,NaN,NaN,NaN,NaN
NaN,NaN,NaN,NaN,NaN,NaN
NaN,NaN,NaN,NaN,NaN,NaN
NaN,NaN,NaN,NaN,NaN,NaN
NaN,NaN,NaN,NaN,NaN,NaN
NaN,NaN,NaN,NaN,NaN,NaN
NaN,NaN,NaN,NaN,NaN,NaN
NaN,NaN,NaN,NaN,NaN,NaN
NaN,NaN,NaN,NaN,NaN,NaN
NaN,NaN,NaN,NaN,NaN,NaN
NaN,NaN,NaN,NaN,NaN,NaN
NaN,NaN,NaN,NaN,NaN,NaN
NaN,NaN,NaN,NaN,NaN,NaN
NaN,NaN,NaN,NaN,NaN,NaN
NaN,NaN,NaN,NaN,NaN,NaN
NaN,NaN,NaN,NaN,NaN,NaN
NaN,NaN,NaN,NaN,NaN,NaN
NaN,NaN,NaN,NaN,NaN,NaN
NaN,NaN,NaN,NaN,NaN,NaN
NaN,NaN,NaN,NaN,NaN,NaN
NaN,NaN,NaN,NaN,NaN,NaN
NaN,NaN,NaN,NaN,NaN,NaN
NaN,NaN,NaN,NaN,NaN,NaN
NaN,NaN,NaN,NaN,NaN,NaN
NaN,NaN,NaN,NaN,NaN,NaN
NaN,NaN,NaN,NaN,NaN,NaN
NaN,NaN,NaN,NaN,NaN,NaN
NaN,NaN,NaN,NaN,NaN,NaN
NaN,NaN,NaN,NaN,NaN,NaN
NaN,NaN,NaN,NaN,NaN,NaN
NaN,NaN,NaN,NaN,NaN,NaN
NaN,NaN,NaN,NaN,NaN,NaN
NaN,NaN,NaN,NaN,NaN,NaN
NaN,NaN,NaN,NaN,NaN,NaN
NaN,NaN,NaN,NaN,NaN,NaN
NaN,NaN,NaN,NaN,NaN,NaN
NaN,NaN,NaN,NaN,NaN,NaN
NaN,NaN,NaN,NaN,NaN,NaN
NaN,NaN,NaN,NaN,NaN,NaN
NaN,NaN,NaN,NaN,NaN,NaN
NaN,NaN,NaN,NaN,NaN,NaN
NaN,NaN,NaN,NaN,NaN,NaN
NaN,NaN,NaN,NaN,NaN,NaN
NaN,NaN,NaN,NaN,NaN,NaN
NaN,NaN,NaN,NaN,NaN,NaN
NaN,NaN,NaN,NaN,NaN,NaN
NaN,NaN,NaN,NaN,NaN,NaN
NaN,NaN,NaN,NaN,NaN,NaN
NaN,NaN,NaN,NaN,NaN,NaN
NaN,NaN,NaN,NaN,NaN,NaN
NaN,NaN,NaN,NaN,NaN,NaN
NaN,NaN,NaN,NaN,NaN,NaN
NaN,NaN,NaN,NaN,NaN,NaN
NaN,NaN,NaN,NaN,NaN,NaN
NaN,NaN,NaN,NaN,NaN,NaN
NaN,NaN,NaN,NaN,NaN,NaN
NaN,NaN,NaN,NaN,NaN,NaN
NaN,NaN,NaN,NaN,NaN,NaN
NaN,NaN,NaN,NaN,NaN,NaN
NaN,NaN,NaN,NaN,NaN,NaN
NaN,NaN,NaN,NaN,NaN,NaN
NaN,NaN,NaN,NaN,NaN,NaN
NaN,NaN,NaN,NaN,NaN,NaN
NaN,NaN,NaN,NaN,NaN,NaN
NaN,NaN,NaN,NaN,NaN,NaN
NaN,NaN,NaN,NaN,NaN,NaN
NaN,NaN,NaN,NaN,NaN,NaN
NaN,NaN,NaN,NaN,NaN,NaN
NaN,NaN,NaN,NaN,NaN,NaN
NaN,NaN,NaN,NaN,NaN,NaN
NaN,NaN,NaN,NaN,NaN,NaN
NaN,NaN,NaN,NaN,NaN,NaN
NaN,NaN,NaN,NaN,NaN,NaN
NaN,NaN,NaN,NaN,NaN,NaN
NaN,NaN,NaN,NaN,NaN,NaN
NaN,NaN,NaN,NaN,NaN,NaN
NaN,NaN,NaN,NaN,NaN,NaN
NaN,NaN,NaN,NaN,NaN,NaN
NaN,NaN,NaN,NaN,NaN,NaN
NaN,NaN,NaN,NaN,NaN,NaN
NaN,NaN,NaN,NaN,NaN,NaN
NaN,NaN,NaN,NaN,NaN,NaN
NaN,NaN,NaN,NaN,NaN,NaN
NaN,NaN,NaN,NaN,NaN,NaN
NaN,NaN,NaN,NaN,NaN,NaN
NaN,NaN,NaN,NaN,NaN,NaN
NaN,NaN,NaN,NaN,NaN,NaN
NaN,NaN,NaN,NaN,NaN,NaN
NaN,NaN,NaN,NaN,NaN,NaN
NaN,NaN,NaN,NaN,NaN,NaN
NaN,NaN,NaN,NaN,NaN,NaN
NaN,NaN,NaN,NaN,NaN,NaN
NaN,NaN,NaN,NaN,NaN,NaN
NaN,NaN,NaN,NaN,NaN,NaN
NaN,NaN,NaN,NaN,NaN,NaN
NaN,NaN,NaN,NaN,NaN,NaN
NaN,NaN,NaN,NaN,NaN,NaN
NaN,NaN,NaN,NaN,NaN,NaN
NaN,NaN,NaN,NaN,NaN,NaN
NaN,NaN,NaN,NaN,NaN,NaN
NaN,NaN,NaN,NaN,NaN,NaN
NaN,NaN,NaN,NaN,NaN,NaN
NaN,NaN,NaN,NaN,NaN,NaN
NaN,NaN,NaN,NaN,NaN,NaN
NaN,NaN,NaN,NaN,NaN,NaN
NaN,NaN,NaN,NaN,NaN,NaN
NaN,NaN,NaN,NaN,NaN,NaN
NaN,NaN,NaN,NaN,NaN,NaN
NaN,NaN,NaN,NaN,NaN,NaN
NaN,NaN,NaN,NaN,NaN,NaN
NaN,NaN,NaN,NaN,NaN,NaN
NaN,NaN,NaN,NaN,NaN,NaN
NaN,NaN,NaN,NaN,NaN,NaN
NaN,NaN,NaN,NaN,NaN,NaN
NaN,NaN,NaN,NaN,NaN,NaN
NaN,NaN,NaN,NaN,834.097135,327.459766
NaN,NaN,NaN,NaN,834.010000,326.990000
NaN,NaN,NaN,NaN,833.990000,327.020000
NaN,NaN,NaN,NaN,834.040000,327.000000
NaN,NaN,NaN,NaN,833.990000,326.990000
NaN,NaN,NaN,NaN,834.010000,326.990000
NaN,NaN,NaN,NaN,834.020000,327.010000
NaN,NaN,NaN,NaN,834.030000,327.000000
NaN,NaN,NaN,NaN,833.990000,327.020000
NaN,NaN,NaN,NaN,834.000000,327.010000
NaN,NaN,NaN,NaN,834.000000,326.970000
NaN,NaN,NaN,NaN,833.990000,326.990000
NaN,NaN,NaN,NaN,834.030000,327.000000
NaN,NaN,NaN,NaN,834.030000,327.000000
NaN,NaN,NaN,NaN,834.010000,326.980000
NaN,NaN,NaN,NaN,834.020000,327.000000
NaN,NaN,NaN,NaN,833.980000,327.000000
NaN,NaN,NaN,NaN,833.980000,326.980000
NaN,NaN,NaN,NaN,834.020000,327.010000
NaN,NaN,NaN,NaN,834.020000,326.980000
NaN,NaN,NaN,NaN,833.980000,326.990000
NaN,NaN,NaN,NaN,834.000000,326.980000
NaN,NaN,NaN,NaN,833.990000,326.980000
NaN,NaN,NaN,NaN,834.000000,326.960000
NaN,NaN,NaN,NaN,834.000000,326.950000
NaN,NaN,NaN,NaN,834.020000,326.980000
NaN,NaN,NaN,NaN,834.040000,326.990000
NaN,NaN,NaN,NaN,834.000000,326.990000
NaN,NaN,NaN,NaN,834.000000,327.000000
NaN,NaN,NaN,NaN,834.010000,327.020000
NaN,NaN,NaN,NaN,834.010000,326.990000
NaN,NaN,NaN,NaN,834.000000,327.000000
NaN,NaN,NaN,NaN,834.010000,327.010000
NaN,NaN,NaN,NaN,834.010000,327.040000
NaN,NaN,NaN,NaN,834.010000,327.030000
NaN,NaN,NaN,NaN,834.010000,327.010000
NaN,NaN,NaN,NaN,834.010000,327.020000
NaN,NaN,NaN,NaN,834.030000,327.010000
NaN,NaN,NaN,NaN,834.020000,326.990000
NaN,NaN,NaN,NaN,834.000000,327.010000
NaN,NaN,NaN,NaN,834.000000,327.050000
NaN,NaN,NaN,NaN,834.000000,327.040000
NaN,NaN,NaN,NaN,834.050000,327.020000
NaN,NaN,NaN,NaN,834.020000,327.030000
NaN,NaN,NaN,NaN,834.010000,327.010000
NaN,NaN,NaN,NaN,834.000000,327.010000
NaN,NaN,NaN,NaN,834.000000,327.000000
NaN,NaN,NaN,NaN,834.010000,327.010000
NaN,NaN,NaN,NaN,834.010000,327.000000
NaN,NaN,NaN,NaN,834.020000,327.000000
NaN,NaN,NaN,NaN,834.010000,326.990000
NaN,NaN,NaN,NaN,834.020000,327.000000
NaN,NaN,NaN,NaN,834.030000,327.020000
NaN,NaN,NaN,NaN,833.980000,327.030000
NaN,NaN,NaN,NaN,834.000000,327.010000
NaN,NaN,NaN,NaN,833.980000,327.040000
NaN,NaN,NaN,NaN,833.980000,327.040000
NaN,NaN,NaN,NaN,833.980000,327.030000
NaN,NaN,NaN,NaN,833.990000,327.030000
NaN,NaN,NaN,NaN,834.010000,327.010000
NaN,NaN,NaN,NaN,834.010000,327.020000
NaN,NaN,NaN,NaN,834.000000,327.010000
NaN,NaN,NaN,NaN,834.010000,327.020000
NaN,NaN,NaN,NaN,834.010000,327.000000
NaN,NaN,NaN,NaN,834.010000,327.010000
NaN,NaN,NaN,NaN,834.010000,326.990000
NaN,NaN,NaN,NaN,834.000000,326.990000
NaN,NaN,NaN,NaN,834.020000,326.970000
NaN,NaN,NaN,NaN,834.020000,326.970000
NaN,NaN,NaN,NaN,833.980000,326.990000
NaN,NaN,NaN,NaN,834.010000,327.000000
NaN,NaN,NaN,NaN,834.010000,326.990000
NaN,NaN,NaN,NaN,834.010000,327.010000
NaN,NaN,NaN,NaN,834.000000,327.010000
NaN,NaN,NaN,NaN,834.010000,326.990000
NaN,NaN,NaN,NaN,834.020000,327.010000
NaN,NaN,NaN,NaN,834.000000,327.010000
NaN,NaN,NaN,NaN,834.010000,327.010000
NaN,NaN,NaN,NaN,834.010000,327.030000
NaN,NaN,NaN,NaN,834.000000,327.050000
NaN,NaN,NaN,NaN,834.010000,327.070000
NaN,NaN,NaN,NaN,833.990000,327.060000
NaN,NaN,NaN,NaN,834.020000,327.010000
NaN,NaN,NaN,NaN,834.000000,327.060000
NaN,NaN,NaN,NaN,834.000000,327.050000
NaN,NaN,NaN,NaN,834.010000,327.030000
NaN,NaN,NaN,NaN,834.020000,327.020000
NaN,NaN,NaN,NaN,834.020000,327.030000
NaN,NaN,NaN,NaN,834.030000,327.020000
NaN,NaN,NaN,NaN,834.020000,327.000000
NaN,NaN,NaN,NaN,834.010000,327.010000
NaN,NaN,NaN,NaN,834.010000,327.040000
NaN,NaN,NaN,NaN,833.990000,327.020000
NaN,NaN,NaN,NaN,834.010000,327.050000
NaN,NaN,NaN,NaN,834.010000,327.060000
NaN,NaN,NaN,NaN,834.020000,327.030000
NaN,NaN,NaN,NaN,834.010000,327.050000
NaN,NaN,NaN,NaN,834.000000,327.030000
NaN,NaN,NaN,NaN,834.010000,327.030000
NaN,NaN,NaN,NaN,834.010000,327.030000
NaN,NaN,NaN,NaN,834.010000,327.040000
NaN,NaN,NaN,NaN,834.020000,327.040000
NaN,NaN,NaN,NaN,834.020000,327.030000
NaN,NaN,NaN,NaN,834.010000,327.030000
NaN,NaN,NaN,NaN,833.990000,327.010000
NaN,NaN,NaN,NaN,834.000000,327.020000
NaN,NaN,NaN,NaN,834.000000,327.010000
NaN,NaN,NaN,NaN,833.970000,327.020000
NaN,NaN,NaN,NaN,833.990000,327.030000
NaN,NaN,NaN,NaN,833.990000,327.030000
NaN,NaN,NaN,NaN,834.010000,327.040000
NaN,NaN,NaN,NaN,833.990000,327.040000
NaN,NaN,NaN,NaN,834.020000,327.040000
NaN,NaN,NaN,NaN,834.020000,327.040000
NaN,NaN,NaN,NaN,834.020000,327.060000
NaN,NaN,NaN,NaN,834.020000,327.060000
NaN,NaN,NaN,NaN,834.020000,327.050000
NaN,NaN,NaN,NaN,834.010000,327.060000
NaN,NaN,NaN,NaN,834.010000,327.060000
NaN,NaN,NaN,NaN,834.020000,327.050000
NaN,NaN,NaN,NaN,834.010000,327.070000
NaN,NaN,NaN,NaN,833.970000,327.040000
NaN,NaN,NaN,NaN,834.000000,327.050000
NaN,NaN,NaN,NaN,834.010000,327.030000
NaN,NaN,NaN,NaN,834.020000,327.030000
NaN,NaN,NaN,NaN,834.020000,327.020000
NaN,NaN,NaN,NaN,834.000000,327.020000
NaN,NaN,NaN,NaN,834.000000,327.060000
NaN,NaN,NaN,NaN,834.000000,327.050000
NaN,NaN,NaN,NaN,833.970000,327.040000
NaN,NaN,NaN,NaN,834.010000,327.040000
NaN,NaN,NaN,NaN,834.010000,327.030000
NaN,NaN,NaN,NaN,834.010000,327.020000
NaN,NaN,NaN,NaN,834.010000,327.020000
NaN,NaN,NaN,NaN,834.010000,327.020000
NaN,NaN,NaN,NaN,834.010000,327.030000
NaN,NaN,NaN,NaN,833.980000,327.030000
NaN,NaN,NaN,NaN,833.980000,327.050000
NaN,NaN,NaN,NaN,834.020000,327.060000
NaN,NaN,NaN,NaN,833.990000,327.050000
NaN,NaN,NaN,NaN,833.990000,327.070000
NaN,NaN,NaN,NaN,833.990000,327.040000
NaN,NaN,NaN,NaN,833.990000,327.050000
NaN,NaN,NaN,NaN,833.990000,327.030000
NaN,NaN,NaN,NaN,834.010000,327.060000
NaN,NaN,NaN,NaN,834.010000,327.030000
NaN,NaN,NaN,NaN,833.990000,327.030000
NaN,NaN,NaN,NaN,833.990000,327.030000
NaN,NaN,NaN,NaN,833.990000,327.040000
NaN,NaN,NaN,NaN,833.980000,327.040000
NaN,NaN,NaN,NaN,834.010000,327.040000
NaN,NaN,NaN,NaN,834.000000,327.040000
NaN,NaN,NaN,NaN,834.010000,327.040000
NaN,NaN,NaN,NaN,833.990000,327.040000
NaN,NaN,NaN,NaN,833.980000,327.050000
NaN,NaN,NaN,NaN,834.030000,327.060000
NaN,NaN,NaN,NaN,834.010000,327.060000
NaN,NaN,NaN,NaN,833.970000,327.050000
NaN,NaN,NaN,NaN,834.000000,327.030000
NaN,NaN,NaN,NaN,833.980000,327.030000
NaN,NaN,NaN,NaN,834.010000,327.040000
NaN,NaN,NaN,NaN,834.000000,327.040000
NaN,NaN,NaN,NaN,834.010000,327.020000
NaN,NaN,NaN,NaN,834.000000,327.030000
NaN,NaN,NaN,NaN,834.000000,327.040000
NaN,NaN,NaN,NaN,833.980000,327.040000
NaN,NaN,NaN,NaN,833.990000,327.050000
NaN,NaN,NaN,NaN,834.000000,327.040000
NaN,NaN,NaN,NaN,834.010000,327.080000
NaN,NaN,NaN,NaN,834.000000,327.050000
NaN,NaN,NaN,NaN,834.020000,327.050000
NaN,NaN,NaN,NaN,833.980000,327.040000
NaN,NaN,NaN,NaN,834.000000,327.030000
NaN,NaN,NaN,NaN,834.000000,327.030000
NaN,NaN,NaN,NaN,834.000000,327.030000
NaN,NaN,NaN,NaN,834.020000,327.060000
NaN,NaN,NaN,NaN,834.030000,327.050000
NaN,NaN,NaN,NaN,834.030000,327.050000
NaN,NaN,NaN,NaN,834.040000,327.080000
NaN,NaN,NaN,NaN,834.040000,327.070000
NaN,NaN,NaN,NaN,834.010000,327.050000
NaN,NaN,NaN,NaN,834.020000,327.020000
NaN,NaN,NaN,NaN,833.980000,327.050000
NaN,NaN,NaN,NaN,834.010000,327.060000
NaN,NaN,NaN,NaN,834.010000,327.050000
NaN,NaN,NaN,NaN,834.000000,327.030000
NaN,NaN,NaN,NaN,834.000000,327.030000
NaN,NaN,NaN,NaN,833.990000,327.050000
NaN,NaN,NaN,NaN,833.990000,327.060000
NaN,NaN,NaN,NaN,834.000000,327.050000
NaN,NaN,NaN,NaN,833.990000,327.060000
NaN,NaN,NaN,NaN,834.030000,327.050000
NaN,NaN,NaN,NaN,834.050000,327.060000
NaN,NaN,NaN,NaN,833.990000,327.050000
NaN,NaN,NaN,NaN,834.000000,327.040000
NaN,NaN,NaN,NaN,834.030000,327.060000
NaN,NaN,NaN,NaN,833.990000,327.030000
NaN,NaN,NaN,NaN,833.990000,327.050000
NaN,NaN,NaN,NaN,834.010000,327.080000
NaN,NaN,NaN,NaN,834.010000,327.050000
NaN,NaN,NaN,NaN,834.020000,327.030000
NaN,NaN,NaN,NaN,834.030000,327.020000
NaN,NaN,NaN,NaN,834.020000,327.050000
NaN,NaN,NaN,NaN,834.020000,327.060000
NaN,NaN,NaN,NaN,834.040000,327.060000
NaN,NaN,NaN,NaN,834.010000,327.060000
NaN,NaN,NaN,NaN,834.010000,327.060000
NaN,NaN,NaN,NaN,834.010000,327.050000
NaN,NaN,NaN,NaN,834.020000,327.040000
NaN,NaN,NaN,NaN,834.020000,327.040000
NaN,NaN,NaN,NaN,834.010000,327.040000
NaN,NaN,NaN,NaN,834.020000,327.040000
NaN,NaN,NaN,NaN,834.000000,327.040000
NaN,NaN,NaN,NaN,834.010000,327.030000
NaN,NaN,NaN,NaN,834.020000,327.050000
NaN,NaN,NaN,NaN,834.050000,327.050000
NaN,NaN,NaN,NaN,834.010000,327.050000
NaN,NaN,NaN,NaN,834.010000,327.040000
NaN,NaN,NaN,NaN,834.040000,327.040000
NaN,NaN,NaN,NaN,834.020000,327.030000
NaN,NaN,NaN,NaN,834.010000,327.020000
NaN,NaN,NaN,NaN,834.030000,327.020000
NaN,NaN,NaN,NaN,834.030000,327.030000
NaN,NaN,NaN,NaN,834.030000,327.040000
NaN,NaN,NaN,NaN,834.060000,327.010000
NaN,NaN,NaN,NaN,834.030000,327.030000
NaN,NaN,NaN,NaN,834.040000,327.020000
NaN,NaN,NaN,NaN,834.010000,327.030000
NaN,NaN,NaN,NaN,834.000000,327.040000
NaN,NaN,NaN,NaN,834.000000,327.030000
NaN,NaN,NaN,NaN,834.020000,327.050000
NaN,NaN,NaN,NaN,833.980000,327.030000
NaN,NaN,NaN,NaN,834.020000,327.040000
NaN,NaN,NaN,NaN,834.020000,327.020000
NaN,NaN,NaN,NaN,834.030000,327.050000
NaN,NaN,NaN,NaN,834.020000,327.030000
NaN,NaN,NaN,NaN,834.020000,327.030000
NaN,NaN,NaN,NaN,834.000000,327.030000
NaN,NaN,NaN,NaN,834.020000,327.040000
NaN,NaN,NaN,NaN,834.000000,327.070000
NaN,NaN,NaN,NaN,833.980000,327.060000
NaN,NaN,NaN,NaN,833.990000,327.050000
NaN,NaN,NaN,NaN,834.010000,327.060000
NaN,NaN,NaN,NaN,834.000000,327.050000
NaN,NaN,NaN,NaN,833.990000,327.040000
NaN,NaN,NaN,NaN,833.990000,327.020000
NaN,NaN,NaN,NaN,833.990000,327.020000
NaN,NaN,NaN,NaN,833.980000,327.040000
NaN,NaN,NaN,NaN,833.990000,327.030000
NaN,NaN,NaN,NaN,834.000000,327.030000
NaN,NaN,NaN,NaN,834.000000,327.040000
NaN,NaN,NaN,NaN,834.000000,327.040000
NaN,NaN,NaN,NaN,833.990000,327.040000
NaN,NaN,NaN,NaN,834.010000,327.020000
NaN,NaN,NaN,NaN,834.000000,327.040000
NaN,NaN,NaN,NaN,834.020000,327.020000
NaN,NaN,NaN,NaN,834.040000,327.030000
NaN,NaN,NaN,NaN,834.000000,327.030000
NaN,NaN,NaN,NaN,834.040000,327.040000
NaN,NaN,NaN,NaN,834.020000,327.040000
NaN,NaN,NaN,NaN,834.020000,327.040000
NaN,NaN,NaN,NaN,834.040000,327.040000
NaN,NaN,NaN,NaN,834.040000,327.040000
NaN,NaN,NaN,NaN,834.010000,327.030000
NaN,NaN,NaN,NaN,834.020000,327.050000
NaN,NaN,NaN,NaN,834.020000,327.050000
NaN,NaN,NaN,NaN,834.020000,327.050000
NaN,NaN,NaN,NaN,834.020000,327.030000
NaN,NaN,NaN,NaN,834.020000,327.050000
NaN,NaN,NaN,NaN,834.020000,327.050000
NaN,NaN,NaN,NaN,834.000000,327.060000
NaN,NaN,NaN,NaN,834.010000,327.040000
NaN,NaN,NaN,NaN,834.030000,327.030000
NaN,NaN,NaN,NaN,834.010000,327.060000
NaN,NaN,NaN,NaN,834.000000,327.030000
NaN,NaN,NaN,NaN,833.990000,327.040000
NaN,NaN,NaN,NaN,833.990000,327.050000
NaN,NaN,NaN,NaN,834.000000,327.040000
NaN,NaN,NaN,NaN,834.040000,327.030000
NaN,NaN,NaN,NaN,834.030000,327.040000
NaN,NaN,NaN,NaN,833.990000,327.060000
NaN,NaN,NaN,NaN,833.990000,327.050000
NaN,NaN,NaN,NaN,834.000000,327.030000
NaN,NaN,NaN,NaN,834.010000,327.020000
NaN,NaN,NaN,NaN,834.020000,327.010000
NaN,NaN,NaN,NaN,834.030000,327.030000
NaN,NaN,NaN,NaN,834.000000,327.000000
NaN,NaN,NaN,NaN,834.010000,327.000000
NaN,NaN,NaN,NaN,834.020000,327.070000
NaN,NaN,NaN,NaN,834.000000,327.050000
NaN,NaN,NaN,NaN,834.000000,327.040000
NaN,NaN,NaN,NaN,833.990000,327.050000
NaN,NaN,NaN,NaN,834.000000,327.050000
NaN,NaN,NaN,NaN,834.000000,327.030000
NaN,NaN,NaN,NaN,834.000000,327.040000
NaN,NaN,NaN,NaN,834.020000,327.040000
NaN,NaN,NaN,NaN,833.980000,327.030000
NaN,NaN,NaN,NaN,834.020000,327.030000
NaN,NaN,NaN,NaN,834.000000,327.030000
NaN,NaN,NaN,NaN,834.010000,327.030000
NaN,NaN,NaN,NaN,834.020000,327.030000
NaN,NaN,NaN,NaN,834.010000,327.040000
NaN,NaN,NaN,NaN,833.990000,327.040000
NaN,NaN,NaN,NaN,834.020000,327.050000
NaN,NaN,NaN,NaN,834.010000,327.060000
NaN,NaN,NaN,NaN,833.990000,327.050000
NaN,NaN,NaN,NaN,834.020000,327.050000
NaN,NaN,NaN,NaN,834.010000,327.050000
NaN,NaN,NaN,NaN,834.010000,327.040000
NaN,NaN,NaN,NaN,834.010000,327.050000
NaN,NaN,NaN,NaN,834.010000,327.040000
NaN,NaN,NaN,NaN,834.000000,327.050000
NaN,NaN,NaN,NaN,833.990000,327.040000
NaN,NaN,NaN,NaN,833.990000,327.060000
NaN,NaN,NaN,NaN,834.030000,327.020000
NaN,NaN,NaN,NaN,834.010000,327.030000
NaN,NaN,NaN,NaN,834.000000,327.010000
NaN,NaN,NaN,NaN,834.000000,327.040000
NaN,NaN,NaN,NaN,834.030000,327.090000
NaN,NaN,NaN,NaN,833.990000,327.050000
NaN,NaN,NaN,NaN,834.020000,327.040000
NaN,NaN,NaN,NaN,834.020000,327.030000
NaN,NaN,NaN,NaN,834.010000,327.030000
NaN,NaN,NaN,NaN,833.990000,327.050000
NaN,NaN,NaN,NaN,834.030000,327.050000
NaN,NaN,NaN,NaN,834.000000,327.060000
NaN,NaN,NaN,NaN,834.010000,327.050000
NaN,NaN,NaN,NaN,834.010000,327.050000
NaN,NaN,NaN,NaN,834.020000,327.060000
NaN,NaN,NaN,NaN,834.000000,327.040000
NaN,NaN,NaN,NaN,833.980000,327.030000
NaN,NaN,NaN,NaN,833.990000,327.010000
NaN,NaN,NaN,NaN,833.980000,327.000000
NaN,NaN,NaN,NaN,834.010000,327.060000
NaN,NaN,NaN,NaN,834.010000,327.030000
NaN,NaN,NaN,NaN,834.020000,327.030000
NaN,NaN,NaN,NaN,834.030000,327.020000
NaN,NaN,NaN,NaN,834.050000,327.030000
NaN,NaN,NaN,NaN,834.010000,327.040000
NaN,NaN,NaN,NaN,834.020000,327.030000
NaN,NaN,NaN,NaN,834.050000,327.020000
NaN,NaN,NaN,NaN,833.990000,327.050000
NaN,NaN,NaN,NaN,834.010000,327.020000
NaN,NaN,NaN,NaN,834.040000,327.050000
NaN,NaN,NaN,NaN,834.020000,327.050000
NaN,NaN,NaN,NaN,834.030000,327.030000
NaN,NaN,NaN,NaN,834.000000,327.040000
NaN,NaN,NaN,NaN,833.990000,327.040000
NaN,NaN,NaN,NaN,834.020000,327.050000
NaN,NaN,NaN,NaN,833.980000,327.030000
NaN,NaN,NaN,NaN,833.990000,327.030000
NaN,NaN,NaN,NaN,833.990000,327.040000
NaN,NaN,NaN,NaN,834.000000,327.040000
NaN,NaN,NaN,NaN,834.000000,327.040000
NaN,NaN,NaN,NaN,833.990000,327.030000
NaN,NaN,NaN,NaN,833.990000,327.050000
NaN,NaN,NaN,NaN,834.000000,327.020000
NaN,NaN,NaN,NaN,833.980000,327.020000
NaN,NaN,NaN,NaN,833.990000,327.050000
NaN,NaN,NaN,NaN,833.990000,327.040000
NaN,NaN,NaN,NaN,833.990000,327.030000
NaN,NaN,NaN,NaN,834.000000,327.030000
NaN,NaN,NaN,NaN,834.000000,327.030000
NaN,NaN,NaN,NaN,834.000000,327.050000
NaN,NaN,NaN,NaN,833.990000,327.050000
NaN,NaN,NaN,NaN,833.990000,327.040000
NaN,NaN,NaN,NaN,834.030000,327.050000
NaN,NaN,NaN,NaN,834.040000,327.070000
NaN,NaN,NaN,NaN,834.020000,327.080000
NaN,NaN,NaN,NaN,833.990000,327.070000
NaN,NaN,NaN,NaN,834.010000,327.040000
NaN,NaN,NaN,NaN,834.020000,327.030000
NaN,NaN,NaN,NaN,834.030000,327.050000
NaN,NaN,NaN,NaN,834.000000,327.040000
NaN,NaN,NaN,NaN,834.010000,327.040000
NaN,NaN,NaN,NaN,834.020000,327.030000
NaN,NaN,NaN,NaN,834.000000,327.030000
NaN,NaN,NaN,NaN,834.030000,327.040000
NaN,NaN,NaN,NaN,834.020000,327.040000
NaN,NaN,NaN,NaN,834.050000,327.050000
NaN,NaN,NaN,NaN,833.970000,327.030000
NaN,NaN,NaN,NaN,834.000000,327.050000
NaN,NaN,NaN,NaN,833.970000,327.040000
NaN,NaN,NaN,NaN,833.970000,327.050000
NaN,NaN,NaN,NaN,833.970000,327.040000
NaN,NaN,NaN,NaN,833.990000,327.030000
NaN,NaN,NaN,NaN,833.990000,327.030000
NaN,NaN,NaN,NaN,834.000000,327.010000
NaN,NaN,NaN,NaN,834.010000,327.020000
NaN,NaN,NaN,NaN,833.990000,327.030000
NaN,NaN,NaN,NaN,833.980000,327.000000
NaN,NaN,NaN,NaN,834.000000,327.030000
NaN,NaN,NaN,NaN,834.010000,327.020000
NaN,NaN,NaN,NaN,834.010000,327.040000
NaN,NaN,NaN,NaN,834.010000,327.020000
NaN,NaN,NaN,NaN,834.010000,327.020000
NaN,NaN,NaN,NaN,834.010000,327.010000
NaN,NaN,NaN,NaN,834.010000,327.030000
NaN,NaN,NaN,NaN,834.000000,327.010000
NaN,NaN,NaN,NaN,834.000000,327.030000
NaN,NaN,NaN,NaN,833.990000,327.020000
NaN,NaN,NaN,NaN,833.990000,327.020000
NaN,NaN,NaN,NaN,833.990000,327.020000
NaN,NaN,NaN,NaN,833.960000,327.020000
NaN,NaN,NaN,NaN,834.020000,327.020000
NaN,NaN,NaN,NaN,834.000000,327.030000
NaN,NaN,840.390927,284.458972,834.000000,327.030000
NaN,NaN,840.000000,284.020000,833.990000,327.020000
NaN,NaN,840.010000,284.040000,834.000000,327.060000
NaN,NaN,840.020000,284.050000,833.970000,327.030000
NaN,NaN,840.020000,284.060000,834.020000,327.030000
NaN,NaN,840.000000,284.060000,834.030000,327.020000
NaN,NaN,840.000000,284.070000,833.970000,327.050000
NaN,NaN,840.000000,284.070000,833.980000,327.000000
NaN,NaN,840.010000,284.100000,834.050000,327.030000
NaN,NaN,840.010000,284.110000,834.010000,327.020000
NaN,NaN,840.000000,284.130000,834.010000,327.010000
NaN,NaN,839.990000,284.130000,834.020000,327.020000
NaN,NaN,839.990000,284.150000,834.010000,327.010000
NaN,NaN,839.990000,284.160000,833.980000,327.030000
NaN,NaN,839.980000,284.170000,833.990000,327.020000
NaN,NaN,839.970000,284.160000,833.970000,327.050000
NaN,NaN,839.960000,284.190000,834.000000,327.040000
NaN,NaN,839.970000,284.220000,833.990000,327.040000
NaN,NaN,839.980000,284.220000,834.010000,327.040000
NaN,NaN,839.990000,284.230000,834.020000,327.040000
NaN,NaN,839.990000,284.230000,834.020000,327.070000
NaN,NaN,840.000000,284.240000,833.960000,327.060000
NaN,NaN,840.020000,284.260000,834.010000,327.030000
NaN,NaN,840.020000,284.270000,834.040000,327.070000
NaN,NaN,840.020000,284.280000,834.020000,327.050000
NaN,NaN,840.020000,284.290000,834.010000,327.050000
NaN,NaN,840.030000,284.330000,834.010000,327.040000
NaN,NaN,840.040000,284.380000,834.020000,327.050000
NaN,NaN,840.040000,284.390000,834.000000,327.040000
NaN,NaN,840.040000,284.430000,834.020000,327.050000
NaN,NaN,840.060000,284.430000,833.990000,327.040000
NaN,NaN,840.050000,284.440000,833.990000,327.050000
NaN,NaN,840.030000,284.460000,833.990000,327.060000
NaN,NaN,840.040000,284.470000,834.020000,327.030000
NaN,NaN,840.030000,284.450000,834.020000,327.020000
NaN,NaN,840.040000,284.450000,834.000000,327.030000
NaN,NaN,840.040000,284.460000,833.990000,327.040000
NaN,NaN,840.050000,284.480000,833.980000,327.040000
NaN,NaN,840.040000,284.480000,834.020000,327.020000
NaN,NaN,840.030000,284.480000,833.990000,327.030000
NaN,NaN,840.060000,284.530000,833.980000,327.050000
NaN,NaN,840.130000,284.820000,833.980000,327.030000
NaN,NaN,840.130000,284.840000,834.010000,327.050000
NaN,NaN,840.130000,284.840000,834.000000,327.020000
NaN,NaN,840.130000,284.860000,834.000000,327.020000
843.188168,286.086029,840.130000,284.880000,833.990000,327.020000
842.488858,286.318466,840.150000,284.900000,833.990000,327.020000
842.488858,286.550902,840.160000,284.910000,833.990000,327.020000
842.488858,286.550902,840.180000,284.910000,834.000000,327.010000
842.488858,286.550902,840.200000,284.930000,833.970000,327.020000
842.022651,287.015776,840.200000,284.960000,833.990000,327.010000
842.022651,287.480649,840.220000,284.960000,833.990000,327.010000
842.022651,287.713086,840.230000,284.980000,833.980000,327.040000
842.022651,287.713086,840.220000,284.980000,833.980000,327.030000
841.789547,288.177959,840.220000,285.010000,833.970000,327.030000
841.789547,288.177959,840.250000,285.020000,833.980000,327.020000
841.789547,288.177959,840.260000,285.050000,833.990000,327.030000
841.789547,288.410396,840.270000,285.070000,833.970000,327.040000
841.789547,288.642833,840.280000,285.090000,834.000000,327.020000
841.789547,288.642833,840.290000,285.090000,833.990000,327.030000
841.789547,288.875270,840.300000,285.110000,833.970000,327.020000
841.789547,289.572580,840.260000,285.120000,833.980000,327.000000
841.556444,291.199637,840.240000,285.160000,833.980000,327.030000
841.556444,291.199637,840.280000,285.170000,833.970000,327.030000
841.556444,291.199637,840.260000,285.180000,833.980000,327.040000
841.556444,291.896947,840.280000,285.200000,833.970000,327.050000
841.556444,291.896947,840.300000,285.260000,833.990000,327.040000
841.556444,291.896947,840.330000,285.280000,833.980000,327.030000
841.556444,291.896947,840.330000,285.290000,833.990000,327.030000
841.090237,292.594257,840.320000,285.310000,833.980000,327.030000
841.090237,292.594257,840.350000,285.360000,833.990000,327.040000
841.090237,292.594257,840.340000,285.370000,833.990000,327.020000
841.090237,292.594257,840.330000,285.370000,833.990000,327.030000
841.090237,292.826694,840.400000,285.500000,833.990000,327.020000
841.090237,292.826694,840.590000,285.930000,833.990000,327.030000
841.090237,293.059131,840.960000,286.060000,834.020000,327.000000
840.857134,293.291567,840.970000,286.090000,833.970000,327.010000
840.624030,293.524004,841.000000,286.160000,834.000000,327.040000
840.624030,293.756441,841.010000,286.170000,834.010000,327.010000
840.857134,294.453751,841.000000,286.180000,833.970000,327.020000
840.857134,294.453751,841.030000,286.200000,833.990000,327.010000
840.857134,294.918624,841.040000,286.250000,834.000000,327.020000
840.857134,294.918624,841.040000,286.290000,833.990000,327.020000
840.857134,295.383498,841.030000,286.290000,834.000000,327.010000
840.857134,295.383498,841.040000,286.350000,833.960000,327.020000
840.857134,295.383498,841.030000,286.370000,833.950000,327.000000
840.857134,295.383498,841.060000,286.490000,833.960000,327.010000
840.857134,295.615935,841.210000,286.910000,833.960000,327.010000
840.857134,296.313245,841.200000,286.920000,833.970000,327.020000
840.857134,296.313245,841.200000,286.980000,833.970000,327.020000
840.857134,296.313245,841.160000,287.010000,833.960000,327.020000
840.857134,296.313245,841.150000,287.010000,833.970000,327.010000
841.090237,296.545682,841.160000,287.070000,833.970000,327.030000
841.090237,296.545682,841.130000,287.050000,834.010000,327.020000
841.090237,296.545682,841.160000,287.090000,834.010000,327.010000
841.090237,296.545682,841.150000,287.110000,833.960000,327.000000
841.090237,296.545682,841.080000,287.130000,834.000000,327.020000
841.556444,297.010555,841.070000,287.130000,834.000000,327.000000
841.556444,297.010555,841.080000,287.150000,833.970000,327.000000
840.857134,296.778118,841.090000,287.250000,833.970000,327.010000
840.857134,296.778118,841.050000,287.240000,833.980000,327.030000
841.323341,298.172739,841.040000,287.250000,834.000000,327.020000
841.323341,298.172739,841.010000,287.270000,834.000000,327.020000
841.323341,298.172739,841.020000,287.350000,833.990000,327.000000
841.323341,298.172739,840.980000,287.350000,834.020000,327.020000
841.323341,298.405175,840.990000,287.380000,833.980000,327.010000
841.323341,298.405175,841.020000,287.550000,833.990000,326.990000
841.789547,298.870049,841.120000,288.040000,833.970000,327.060000
842.255754,298.870049,841.150000,288.100000,833.980000,327.030000
842.255754,298.870049,841.090000,288.110000,834.000000,327.020000
842.255754,298.870049,841.070000,288.140000,833.980000,327.010000
842.255754,298.870049,841.090000,288.220000,833.990000,327.000000
842.255754,298.870049,841.080000,288.300000,834.010000,327.010000
842.255754,299.102486,841.040000,288.330000,834.000000,327.000000
842.488858,299.334922,841.080000,288.460000,833.950000,327.010000
842.488858,299.334922,841.220000,288.860000,834.000000,327.020000
842.721961,299.567359,841.210000,288.940000,834.000000,327.010000
842.721961,299.567359,841.150000,288.980000,833.990000,327.010000
842.955065,299.799796,841.150000,289.010000,833.990000,327.020000
842.955065,299.799796,841.160000,289.100000,834.000000,327.000000
843.421271,300.032232,841.120000,289.110000,833.980000,327.020000
843.887478,300.729543,841.070000,289.120000,833.990000,327.010000
843.887478,300.729543,841.070000,289.250000,833.990000,327.020000
843.887478,300.729543,841.040000,289.270000,833.970000,327.000000
844.586788,301.194416,841.050000,289.370000,833.980000,327.000000
844.586788,301.194416,841.040000,289.440000,833.960000,326.990000
844.586788,301.194416,841.170000,289.820000,833.940000,326.970000
844.819892,301.891726,841.150000,289.890000,833.940000,326.980000
844.819892,302.356600,841.070000,289.910000,833.950000,326.980000
844.819892,302.589036,841.010000,289.960000,833.950000,326.990000
844.819892,302.589036,841.000000,289.980000,833.970000,326.990000
844.819892,302.589036,840.980000,290.050000,833.970000,326.980000
844.819892,302.589036,840.970000,290.140000,833.980000,326.990000
844.819892,302.821473,840.950000,290.200000,833.980000,327.000000
844.819892,302.821473,840.900000,290.220000,833.990000,327.000000
844.819892,303.286347,840.880000,290.260000,833.980000,326.990000
844.819892,303.751220,840.840000,290.320000,833.970000,327.000000
844.819892,304.216094,840.850000,290.510000,833.990000,327.010000
844.819892,304.448530,840.930000,290.870000,833.990000,326.990000
844.819892,304.448530,840.870000,290.870000,834.000000,326.980000
844.819892,304.680967,840.810000,290.990000,834.000000,326.980000
844.819892,305.145840,840.790000,291.010000,833.970000,327.010000
844.819892,305.843151,840.700000,291.110000,833.990000,327.000000
844.819892,305.843151,840.710000,291.170000,833.990000,326.990000
844.819892,306.075587,840.680000,291.270000,834.000000,327.000000
844.819892,306.308024,840.670000,291.370000,834.010000,327.010000
844.819892,307.005334,840.620000,291.520000,833.980000,327.010000
844.120582,307.005334,840.680000,291.980000,833.960000,327.000000
844.120582,307.237771,840.590000,292.010000,833.990000,327.000000
843.654375,307.470208,840.520000,292.140000,833.960000,327.020000
842.955065,307.935081,840.100000,292.090000,833.960000,327.030000
842.955065,308.167518,840.100000,292.180000,833.940000,327.020000
842.488858,308.167518,840.070000,292.340000,833.960000,327.000000
842.488858,308.399955,840.050000,292.460000,833.940000,327.000000
841.323341,308.632391,840.060000,292.860000,833.960000,326.980000
841.323341,308.632391,840.040000,292.940000,833.960000,326.990000
840.157824,309.329702,840.060000,293.060000,833.960000,326.980000
840.157824,309.329702,840.020000,293.200000,833.980000,326.980000
840.157824,309.329702,839.980000,293.270000,833.950000,326.960000
840.157824,309.794575,839.950000,293.420000,833.950000,326.970000
840.157824,309.794575,840.000000,293.780000,833.970000,326.990000
840.157824,310.027012,839.990000,293.880000,833.950000,326.990000
839.924720,310.491885,839.940000,294.000000,833.950000,327.000000
839.691617,310.724322,839.900000,294.080000,833.960000,327.000000
839.458513,311.421632,839.870000,294.230000,833.960000,327.010000
839.458513,311.421632,839.820000,294.280000,833.960000,327.000000
839.458513,311.654069,839.800000,294.410000,833.990000,327.000000
839.458513,311.654069,839.790000,294.880000,833.940000,326.950000
839.458513,311.654069,839.750000,294.970000,833.960000,326.970000
839.458513,312.351379,839.740000,295.140000,833.950000,326.980000
839.458513,312.351379,839.660000,295.200000,833.960000,326.980000
838.992306,313.745999,839.620000,295.380000,833.960000,326.960000
838.992306,313.978436,839.600000,295.780000,833.950000,326.960000
838.759203,314.675746,839.520000,295.890000,833.970000,326.980000
838.526100,314.675746,839.150000,295.910000,833.940000,326.950000
838.526100,314.675746,839.100000,296.080000,833.920000,326.970000
838.526100,314.908183,839.040000,296.180000,833.950000,326.970000
838.526100,315.373056,839.000000,296.330000,833.960000,326.970000
838.526100,315.373056,838.980000,296.570000,833.950000,326.960000
838.759203,315.373056,838.970000,296.840000,833.960000,326.970000
838.759203,315.373056,838.940000,297.000000,833.970000,326.980000
838.059893,315.837930,838.880000,297.120000,833.970000,326.980000
838.059893,316.070367,838.850000,297.220000,833.980000,326.980000
837.826789,316.070367,838.850000,297.360000,833.970000,326.980000
837.593686,316.535240,838.810000,297.610000,833.970000,326.970000
836.894376,316.767677,838.830000,297.830000,833.950000,327.000000
836.894376,316.767677,838.780000,297.960000,833.990000,327.030000
836.894376,316.767677,838.760000,298.110000,833.960000,327.030000
836.661272,317.000113,838.710000,298.340000,833.970000,327.040000
836.661272,317.464987,838.650000,298.640000,833.950000,327.050000
836.661272,317.697424,838.670000,298.810000,833.960000,327.050000
836.661272,317.929860,838.610000,298.990000,833.960000,327.060000
836.661272,317.929860,838.540000,299.110000,833.930000,327.040000
836.661272,317.929860,838.190000,299.170000,833.940000,327.050000
836.661272,317.929860,838.200000,299.460000,833.950000,327.090000
836.661272,317.929860,838.200000,299.760000,833.960000,327.090000
836.428169,318.162297,838.170000,299.950000,833.970000,327.090000
835.262652,319.556917,838.120000,300.130000,834.000000,327.080000
835.262652,319.556917,838.070000,300.270000,833.990000,327.100000
835.262652,319.556917,838.000000,300.440000,833.980000,327.060000
835.029548,319.556917,838.020000,300.700000,834.000000,327.060000
835.029548,319.556917,837.980000,300.880000,834.020000,327.090000
835.029548,319.556917,837.930000,301.040000,834.020000,327.080000
833.864031,319.556917,837.880000,301.120000,833.970000,327.110000
833.397824,320.254228,837.830000,301.270000,833.970000,327.090000
833.397824,320.486664,837.790000,301.360000,833.980000,327.120000
833.397824,320.951538,837.740000,301.560000,833.980000,327.120000
833.164721,321.183975,837.750000,301.820000,833.970000,327.120000
833.164721,321.416411,837.690000,301.950000,833.970000,327.160000
832.931618,321.648848,837.670000,302.090000,833.960000,327.170000
832.931618,321.648848,837.610000,302.180000,833.980000,327.160000
832.931618,321.648848,837.610000,302.290000,833.960000,327.150000
832.698514,321.648848,837.520000,302.480000,833.970000,327.180000
832.465411,321.881285,837.210000,302.590000,833.930000,327.170000
832.465411,321.881285,837.150000,302.710000,833.930000,327.150000
832.232307,321.881285,837.150000,302.790000,833.950000,327.200000
832.232307,322.578595,837.100000,302.950000,833.920000,327.160000
832.232307,322.578595,837.090000,303.040000,833.930000,327.150000
832.232307,322.578595,837.060000,303.130000,833.960000,327.150000
832.232307,322.811032,837.050000,303.230000,833.960000,327.140000
832.232307,322.811032,837.020000,303.400000,833.980000,327.130000
832.232307,322.811032,837.020000,303.610000,833.980000,327.150000
832.232307,322.811032,837.020000,303.740000,833.990000,327.130000
832.232307,322.811032,837.010000,303.890000,834.000000,327.100000
832.232307,322.811032,836.990000,304.000000,834.030000,327.150000
832.232307,323.043468,836.980000,304.090000,834.030000,327.110000
832.232307,323.043468,836.960000,304.190000,834.020000,327.110000
832.232307,323.275905,836.930000,304.360000,834.020000,327.100000
832.232307,323.275905,836.930000,304.510000,834.040000,327.070000
832.232307,323.740779,836.950000,304.600000,834.030000,327.070000
832.232307,323.973215,836.950000,304.670000,834.020000,327.060000
832.232307,324.438089,836.930000,304.780000,834.030000,327.080000
832.232307,324.438089,836.940000,304.850000,834.020000,327.130000
832.465411,324.902962,836.950000,304.930000,834.050000,327.110000
832.465411,325.135399,836.960000,304.990000,834.040000,327.110000
832.465411,325.367836,836.960000,305.060000,834.030000,327.100000
832.465411,325.367836,836.960000,305.110000,834.040000,327.110000
832.465411,325.367836,836.980000,305.160000,834.060000,327.090000
832.465411,325.367836,836.990000,305.200000,834.110000,327.070000
832.465411,325.600272,836.990000,305.270000,834.090000,327.050000
831.999204,326.297583,837.030000,305.330000,834.090000,327.040000
831.999204,326.297583,837.040000,305.370000,834.120000,327.060000
831.999204,326.297583,837.080000,305.410000,834.070000,327.070000
831.999204,326.297583,837.090000,305.440000,834.110000,327.090000
831.999204,326.297583,837.140000,305.520000,834.110000,327.080000
831.999204,326.297583,837.160000,305.660000,834.080000,327.070000
831.999204,326.297583,837.190000,305.650000,834.090000,327.060000
831.999204,326.297583,837.230000,305.680000,834.050000,327.020000
832.232307,326.297583,837.320000,305.720000,834.040000,327.010000
832.465411,326.065146,837.360000,305.710000,834.000000,326.960000
832.465411,325.832709,837.360000,305.750000,834.040000,326.980000
832.465411,325.832709,837.440000,305.750000,834.050000,326.970000
832.465411,325.600272,837.860000,305.820000,834.040000,326.960000
832.465411,325.600272,837.890000,305.840000,834.030000,326.970000
832.465411,325.600272,837.920000,305.840000,834.010000,326.940000
832.465411,325.600272,838.010000,305.790000,834.010000,326.950000
832.465411,325.600272,838.020000,305.800000,833.960000,326.940000
832.465411,325.600272,838.100000,305.840000,833.980000,327.000000
832.465411,325.600272,838.140000,305.830000,833.990000,326.980000
832.465411,325.600272,838.210000,305.820000,833.970000,326.990000
832.465411,325.600272,838.260000,305.780000,833.950000,327.000000
832.465411,325.600272,838.320000,305.760000,833.950000,326.990000
832.465411,325.600272,838.430000,305.740000,833.970000,326.990000
832.465411,325.600272,838.790000,305.780000,833.950000,326.990000
832.465411,325.600272,838.820000,305.760000,833.980000,326.960000
832.465411,325.600272,838.890000,305.750000,833.960000,326.960000
832.465411,325.600272,838.930000,305.710000,833.970000,326.970000
832.465411,324.902962,838.970000,305.680000,833.960000,326.970000
832.465411,324.902962,839.030000,305.640000,833.940000,326.960000
832.465411,324.902962,839.060000,305.620000,833.960000,326.950000
832.465411,324.902962,839.100000,305.590000,833.980000,326.940000
832.698514,324.902962,839.140000,305.540000,833.980000,326.920000
833.164721,324.205652,839.180000,305.340000,833.980000,326.940000
833.164721,323.973215,839.230000,305.310000,833.980000,326.970000
833.164721,323.973215,839.250000,305.270000,833.980000,326.920000
833.630928,323.508342,839.290000,305.230000,833.990000,326.940000
833.630928,323.508342,839.330000,305.180000,834.000000,326.890000
833.630928,322.811032,839.390000,305.150000,833.990000,326.920000
833.630928,322.578595,839.420000,305.130000,834.020000,326.930000
833.397824,322.346158,839.450000,305.100000,834.050000,326.910000
833.630928,322.113721,839.490000,305.080000,834.050000,326.940000
833.630928,322.113721,839.770000,305.120000,834.090000,326.980000
833.630928,321.881285,839.810000,305.100000,834.090000,327.010000
833.630928,321.881285,839.820000,305.060000,834.100000,327.010000
833.630928,321.881285,839.870000,305.050000,834.080000,327.080000
833.630928,321.881285,839.890000,305.040000,834.100000,327.170000
833.630928,321.648848,839.910000,305.020000,834.080000,327.190000
833.630928,321.183975,839.930000,304.980000,834.060000,327.230000
833.630928,321.183975,839.930000,304.980000,834.050000,327.200000
833.630928,321.183975,839.950000,304.970000,834.060000,327.160000
833.864031,321.183975,839.960000,304.970000,834.080000,327.170000
833.864031,320.719101,839.990000,304.980000,834.030000,327.130000
833.864031,320.719101,839.980000,304.970000,834.000000,327.100000
833.864031,320.021791,839.980000,304.990000,833.990000,327.050000
833.864031,320.021791,839.990000,304.990000,834.000000,326.990000
833.864031,320.021791,840.030000,305.010000,833.970000,326.940000
833.864031,320.021791,840.030000,305.010000,833.970000,326.940000
833.864031,320.021791,840.040000,305.020000,833.930000,326.960000
833.864031,320.021791,840.050000,305.030000,833.870000,326.940000
834.097135,320.021791,840.060000,305.050000,833.880000,326.850000
834.097135,319.789354,840.050000,305.040000,833.860000,326.870000
834.097135,319.556917,840.090000,305.060000,833.890000,326.850000
834.097135,319.556917,840.100000,305.090000,833.900000,326.950000
834.097135,319.324481,840.130000,305.110000,833.890000,326.920000
834.097135,319.324481,840.150000,305.100000,833.850000,326.930000
834.097135,319.324481,840.170000,305.140000,833.800000,326.880000
834.330238,319.324481,840.170000,305.140000,833.860000,326.910000
834.330238,319.324481,840.180000,305.160000,833.870000,326.910000
834.330238,319.324481,840.200000,305.180000,833.940000,326.850000
834.330238,319.092044,840.230000,305.200000,833.850000,326.880000
834.330238,318.859607,840.240000,305.230000,833.790000,326.820000
834.330238,318.859607,840.240000,305.250000,833.630928,325.135399
834.330238,318.859607,840.260000,305.250000,833.864031,324.902962
834.330238,318.859607,840.290000,305.260000,834.097135,324.902962
834.330238,318.859607,840.330000,305.340000,834.097135,324.902962
834.330238,318.859607,840.340000,305.340000,835.495755,323.740779
834.330238,318.859607,840.360000,305.370000,836.428169,323.043468
834.330238,318.859607,840.420000,305.430000,836.661272,322.578595
834.330238,318.859607,840.430000,305.430000,837.360583,321.648848
834.330238,318.627171,840.450000,305.440000,837.826789,320.951538
834.330238,318.394734,840.460000,305.460000,837.826789,320.254228
834.330238,317.929860,840.550000,305.540000,838.059893,319.789354
834.796445,317.464987,840.850000,305.790000,838.059893,319.092044
834.796445,317.464987,840.870000,305.800000,838.526100,318.627171
834.796445,317.464987,840.900000,305.780000,839.225410,317.697424
835.029548,316.767677,840.920000,305.790000,839.225410,317.697424
835.029548,316.535240,840.960000,305.810000,839.225410,317.697424
835.262652,316.070367,840.980000,305.810000,839.924720,317.232550
835.495755,316.070367,841.020000,305.800000,839.924720,317.232550
835.495755,315.837930,841.010000,305.810000,840.157824,316.535240
835.495755,315.373056,841.030000,305.820000,840.157824,316.535240
835.728859,314.443309,841.060000,305.840000,840.157824,316.535240
835.961962,314.443309,841.100000,305.840000,840.157824,316.535240
835.961962,314.443309,841.110000,305.850000,840.157824,316.535240
835.961962,313.978436,841.140000,305.890000,840.157824,316.070367
835.961962,313.745999,841.190000,305.900000,840.624030,315.140620
835.961962,312.816252,841.200000,305.910000,840.624030,315.140620
835.961962,312.816252,841.240000,305.880000,840.624030,314.675746
835.961962,312.351379,841.250000,305.890000,840.857134,314.210873
835.961962,312.118942,841.300000,305.910000,840.857134,314.210873
835.961962,312.118942,841.370000,305.920000,840.857134,313.978436
836.428169,311.886506,841.420000,305.940000,840.857134,312.351379
836.661272,311.189195,841.590000,305.960000,840.857134,312.351379
836.661272,311.189195,841.890000,306.090000,840.857134,311.421632
836.661272,310.259448,841.920000,306.090000,840.857134,310.956759
836.894376,310.259448,841.970000,306.120000,840.857134,310.956759
837.127479,310.027012,842.030000,306.150000,840.857134,310.956759
837.127479,310.027012,842.090000,306.150000,841.090237,310.491885
837.127479,310.027012,842.120000,306.160000,841.090237,310.491885
837.127479,309.794575,842.180000,306.180000,841.090237,310.491885
837.127479,309.097265,842.200000,306.190000,841.090237,310.491885
837.127479,309.097265,842.230000,306.180000,840.857134,309.097265
837.826789,308.399955,842.310000,306.200000,840.857134,309.097265
837.826789,308.399955,842.380000,306.260000,840.857134,308.632391
837.826789,308.399955,842.460000,306.250000,840.857134,308.399955
837.826789,308.399955,842.860000,306.370000,840.857134,307.935081
837.826789,308.399955,842.870000,306.340000,841.090237,307.935081
837.826789,307.935081,842.880000,306.290000,841.090237,307.702644
837.826789,307.935081,842.920000,306.270000,841.789547,306.772898
837.826789,307.935081,843.010000,306.270000,842.255754,306.540461
837.826789,307.935081,843.080000,306.330000,842.255754,306.540461
837.826789,307.470208,843.080000,306.300000,842.488858,305.378277
837.826789,307.470208,843.190000,306.330000,842.488858,305.378277
838.759203,306.308024,843.190000,306.290000,842.488858,305.378277
838.759203,306.308024,843.240000,306.310000,842.488858,305.378277
838.759203,305.610714,843.320000,306.280000,842.488858,305.378277
839.458513,304.448530,843.410000,306.210000,842.488858,305.378277
839.458513,304.448530,843.550000,306.220000,842.488858,305.378277
839.458513,304.448530,843.980000,306.520000,842.488858,305.378277
839.458513,304.448530,844.450000,307.130000,842.488858,305.378277
839.458513,304.216094,845.110000,307.790000,842.488858,305.378277
839.458513,304.216094,845.420000,307.980000,842.488858,305.378277
839.458513,304.216094,845.670000,308.080000,842.488858,305.378277
839.458513,304.216094,845.700000,308.100000,842.488858,305.378277
839.458513,304.216094,845.670000,308.050000,842.488858,305.378277
839.458513,304.216094,845.760000,308.080000,842.488858,305.378277
839.458513,304.216094,845.820000,308.130000,842.488858,305.378277
839.691617,304.216094,845.870000,308.130000,842.488858,305.378277
839.924720,304.216094,845.880000,308.110000,NaN,NaN
839.924720,304.216094,845.960000,308.090000,NaN,NaN
839.924720,303.983657,846.010000,308.100000,NaN,NaN
840.624030,303.751220,846.090000,308.110000,NaN,NaN
840.624030,303.751220,846.110000,308.030000,NaN,NaN
840.624030,303.751220,846.170000,307.920000,NaN,NaN
840.624030,303.751220,846.280000,307.890000,NaN,NaN
840.624030,303.751220,846.300000,307.830000,NaN,NaN
840.624030,303.751220,846.320000,307.830000,NaN,NaN
840.624030,303.751220,846.400000,307.830000,NaN,NaN
840.624030,303.751220,846.510000,307.860000,NaN,NaN
840.624030,303.751220,846.710000,307.940000,NaN,NaN
840.857134,303.751220,846.760000,307.910000,NaN,NaN
840.390927,303.751220,846.451616,305.843151,NaN,NaN
840.390927,303.751220,846.040000,305.830000,NaN,NaN
840.390927,303.751220,846.090000,305.770000,NaN,NaN
840.390927,303.751220,846.140000,305.870000,NaN,NaN
840.390927,303.751220,846.180000,305.820000,NaN,NaN
840.390927,303.751220,846.250000,305.770000,NaN,NaN
840.390927,303.751220,846.300000,305.720000,NaN,NaN
840.390927,303.751220,846.420000,305.690000,NaN,NaN
840.390927,303.751220,846.650000,305.640000,NaN,NaN
NaN,NaN,846.710000,305.630000,NaN,NaN
NaN,NaN,846.760000,305.630000,NaN,NaN
NaN,NaN,846.830000,305.610000,NaN,NaN
NaN,NaN,846.900000,305.570000,NaN,NaN
NaN,NaN,846.970000,305.510000,NaN,NaN
NaN,NaN,846.980000,305.170000,NaN,NaN
NaN,NaN,847.010000,305.160000,NaN,NaN
NaN,NaN,847.110000,305.070000,NaN,NaN
NaN,NaN,847.160000,305.040000,NaN,NaN
NaN,NaN,847.150000,305.000000,NaN,NaN
NaN,NaN,847.180000,304.950000,NaN,NaN
NaN,NaN,847.200000,304.910000,NaN,NaN
NaN,NaN,847.260000,304.900000,NaN,NaN
NaN,NaN,847.320000,304.840000,NaN,NaN
NaN,NaN,847.460000,304.820000,NaN,NaN
NaN,NaN,847.770000,304.800000,NaN,NaN
NaN,NaN,847.800000,304.720000,NaN,NaN
NaN,NaN,847.840000,304.700000,NaN,NaN
NaN,NaN,847.900000,304.660000,NaN,NaN
NaN,NaN,847.940000,304.570000,NaN,NaN
NaN,NaN,847.940000,304.220000,NaN,NaN
NaN,NaN,847.990000,304.150000,NaN,NaN
NaN,NaN,848.020000,304.150000,NaN,NaN
NaN,NaN,848.040000,304.140000,NaN,NaN
NaN,NaN,848.050000,304.100000,NaN,NaN
NaN,NaN,848.100000,304.060000,NaN,NaN
NaN,NaN,848.110000,304.050000,NaN,NaN
NaN,NaN,848.110000,304.010000,NaN,NaN
NaN,NaN,848.140000,303.970000,NaN,NaN
NaN,NaN,848.250000,303.980000,NaN,NaN
NaN,NaN,848.280000,303.980000,NaN,NaN
NaN,NaN,848.340000,303.960000,NaN,NaN
NaN,NaN,848.370000,303.940000,NaN,NaN
NaN,NaN,848.340000,303.920000,NaN,NaN
NaN,NaN,848.330000,303.880000,NaN,NaN
NaN,NaN,848.390000,303.890000,NaN,NaN
NaN,NaN,848.470000,303.900000,NaN,NaN
NaN,NaN,848.970000,303.850000,NaN,NaN
NaN,NaN,848.940000,303.840000,NaN,NaN
NaN,NaN,849.010000,303.860000,NaN,NaN
NaN,NaN,849.010000,303.840000,NaN,NaN
NaN,NaN,849.010000,303.780000,NaN,NaN
NaN,NaN,849.040000,303.760000,NaN,NaN
NaN,NaN,849.050000,303.780000,NaN,NaN
NaN,NaN,849.120000,303.730000,NaN,NaN
NaN,NaN,849.160000,303.790000,NaN,NaN
NaN,NaN,849.130000,303.730000,NaN,NaN
NaN,NaN,849.110000,303.650000,NaN,NaN
NaN,NaN,849.140000,303.620000,NaN,NaN
NaN,NaN,849.230000,303.600000,NaN,NaN
NaN,NaN,849.320000,303.590000,NaN,NaN
NaN,NaN,849.380000,303.590000,NaN,NaN
NaN,NaN,849.400000,303.530000,NaN,NaN
NaN,NaN,849.400000,303.190000,NaN,NaN
NaN,NaN,849.570000,303.160000,NaN,NaN
NaN,NaN,849.790000,303.160000,NaN,NaN
NaN,NaN,849.870000,303.100000,NaN,NaN
NaN,NaN,849.890000,303.110000,NaN,NaN
NaN,NaN,849.870000,303.100000,NaN,NaN
NaN,NaN,849.860000,303.040000,NaN,NaN
NaN,NaN,849.880000,303.000000,NaN,NaN
NaN,NaN,849.910000,302.940000,NaN,NaN
NaN,NaN,849.890000,302.910000,NaN,NaN
NaN,NaN,849.980000,302.910000,NaN,NaN
NaN,NaN,849.990000,302.880000,NaN,NaN
NaN,NaN,850.060000,302.880000,NaN,NaN
NaN,NaN,850.100000,302.780000,NaN,NaN
NaN,NaN,850.100000,302.660000,NaN,NaN
NaN,NaN,850.100000,302.670000,NaN,NaN
NaN,NaN,850.110000,302.670000,NaN,NaN
NaN,NaN,850.140000,302.660000,NaN,NaN
NaN,NaN,850.170000,302.690000,NaN,NaN
NaN,NaN,850.200000,302.580000,NaN,NaN
NaN,NaN,850.290000,302.160000,NaN,NaN
NaN,NaN,850.350000,302.180000,NaN,NaN
NaN,NaN,850.340000,302.170000,NaN,NaN
NaN,NaN,850.520000,302.120000,NaN,NaN
NaN,NaN,850.730000,302.180000,NaN,NaN
NaN,NaN,850.750000,302.170000,NaN,NaN
NaN,NaN,850.790000,302.100000,NaN,NaN
NaN,NaN,850.820000,302.090000,NaN,NaN
NaN,NaN,850.870000,301.970000,NaN,NaN
NaN,NaN,850.890000,301.980000,NaN,NaN
NaN,NaN,850.960000,301.940000,NaN,NaN
NaN,NaN,850.960000,301.950000,NaN,NaN
NaN,NaN,851.010000,301.860000,NaN,NaN
NaN,NaN,851.010000,301.880000,NaN,NaN
NaN,NaN,851.040000,301.840000,NaN,NaN
NaN,NaN,851.040000,301.840000,NaN,NaN
NaN,NaN,851.090000,301.780000,NaN,NaN
NaN,NaN,851.130000,301.780000,NaN,NaN
NaN,NaN,851.110000,301.750000,NaN,NaN
NaN,NaN,851.160000,301.710000,NaN,NaN
NaN,NaN,851.160000,301.730000,NaN,NaN
NaN,NaN,851.170000,301.730000,NaN,NaN
NaN,NaN,851.240000,301.670000,NaN,NaN
NaN,NaN,851.270000,301.610000,NaN,NaN
NaN,NaN,851.310000,301.440000,NaN,NaN
NaN,NaN,851.310000,301.200000,NaN,NaN
NaN,NaN,851.300000,301.160000,NaN,NaN
NaN,NaN,851.340000,301.120000,NaN,NaN
NaN,NaN,851.370000,301.070000,NaN,NaN
NaN,NaN,851.440000,301.070000,NaN,NaN
NaN,NaN,851.830000,300.920000,NaN,NaN
NaN,NaN,851.800000,300.890000,NaN,NaN
NaN,NaN,851.780000,300.960000,NaN,NaN
NaN,NaN,851.800000,300.960000,NaN,NaN
NaN,NaN,851.810000,300.920000,NaN,NaN
NaN,NaN,851.830000,300.900000,NaN,NaN
NaN,NaN,851.840000,300.860000,NaN,NaN
NaN,NaN,851.790000,300.920000,NaN,NaN
NaN,NaN,851.810000,300.920000,NaN,NaN
NaN,NaN,851.900000,300.960000,NaN,NaN
NaN,NaN,851.920000,300.960000,NaN,NaN
NaN,NaN,851.960000,300.960000,NaN,NaN
NaN,NaN,851.990000,300.980000,NaN,NaN
NaN,NaN,852.030000,300.880000,NaN,NaN
NaN,NaN,852.050000,300.880000,NaN,NaN
NaN,NaN,852.030000,300.820000,NaN,NaN
NaN,NaN,852.040000,300.780000,NaN,NaN
NaN,NaN,852.060000,300.790000,NaN,NaN
NaN,NaN,852.140000,300.560000,NaN,NaN
NaN,NaN,852.260000,300.000000,NaN,NaN
NaN,NaN,852.390000,299.970000,NaN,NaN
NaN,NaN,852.740000,299.830000,NaN,NaN
NaN,NaN,852.810000,299.770000,NaN,NaN
NaN,NaN,852.800000,299.720000,NaN,NaN
NaN,NaN,852.950000,299.690000,NaN,NaN
NaN,NaN,852.950000,299.650000,NaN,NaN
NaN,NaN,852.970000,299.620000,NaN,NaN
NaN,NaN,852.930000,299.630000,NaN,NaN
NaN,NaN,852.950000,299.830000,NaN,NaN
NaN,NaN,853.100000,299.670000,NaN,NaN
NaN,NaN,853.140000,299.710000,NaN,NaN
NaN,NaN,853.170000,299.780000,NaN,NaN
NaN,NaN,853.120000,299.900000,NaN,NaN
NaN,NaN,853.140000,299.900000,NaN,NaN
NaN,NaN,853.150000,299.870000,NaN,NaN
NaN,NaN,853.090000,300.020000,NaN,NaN
NaN,NaN,853.010000,300.010000,NaN,NaN
NaN,NaN,853.020000,299.970000,NaN,NaN
NaN,NaN,853.020000,300.060000,NaN,NaN
NaN,NaN,852.980000,300.140000,NaN,NaN
NaN,NaN,852.980000,300.300000,NaN,NaN
NaN,NaN,853.010000,300.290000,NaN,NaN
NaN,NaN,853.040000,300.230000,NaN,NaN
NaN,NaN,853.090000,300.040000,NaN,NaN
NaN,NaN,853.160000,299.940000,NaN,NaN
NaN,NaN,853.160000,299.940000,NaN,NaN
NaN,NaN,853.140000,299.970000,NaN,NaN
NaN,NaN,853.170000,300.000000,NaN,NaN
NaN,NaN,853.180000,299.970000,NaN,NaN
NaN,NaN,853.160000,299.920000,NaN,NaN
NaN,NaN,853.200000,299.860000,NaN,NaN
NaN,NaN,853.220000,299.800000,NaN,NaN
NaN,NaN,853.190000,299.690000,NaN,NaN
NaN,NaN,853.160000,299.790000,NaN,NaN
NaN,NaN,853.180000,299.920000,NaN,NaN
NaN,NaN,853.170000,299.940000,NaN,NaN
NaN,NaN,853.160000,299.870000,NaN,NaN
NaN,NaN,853.160000,299.700000,NaN,NaN
NaN,NaN,853.120000,299.520000,NaN,NaN
NaN,NaN,853.070000,299.190000,NaN,NaN
NaN,NaN,852.990000,299.020000,NaN,NaN
NaN,NaN,852.920000,298.880000,NaN,NaN
NaN,NaN,852.880000,298.820000,NaN,NaN
NaN,NaN,852.860000,298.750000,NaN,NaN
NaN,NaN,852.860000,298.750000,NaN,NaN
NaN,NaN,852.870000,298.690000,NaN,NaN
NaN,NaN,852.860000,298.670000,NaN,NaN
NaN,NaN,852.800000,298.600000,NaN,NaN
NaN,NaN,852.800000,298.530000,NaN,NaN
NaN,NaN,852.740000,298.250000,NaN,NaN
NaN,NaN,852.720000,298.230000,NaN,NaN
NaN,NaN,852.730000,298.230000,NaN,NaN
NaN,NaN,852.700000,298.260000,NaN,NaN
NaN,NaN,852.750000,298.300000,NaN,NaN
NaN,NaN,852.780000,298.330000,NaN,NaN
NaN,NaN,852.790000,298.270000,NaN,NaN
NaN,NaN,852.800000,298.260000,NaN,NaN
NaN,NaN,852.710000,298.160000,NaN,NaN
NaN,NaN,852.540000,298.090000,NaN,NaN
NaN,NaN,852.350000,298.000000,NaN,NaN
NaN,NaN,852.270000,297.950000,NaN,NaN
NaN,NaN,852.240000,297.980000,NaN,NaN
NaN,NaN,852.240000,297.940000,NaN,NaN
NaN,NaN,852.240000,297.990000,NaN,NaN
NaN,NaN,852.180000,297.960000,NaN,NaN
NaN,NaN,852.230000,298.030000,NaN,NaN
NaN,NaN,852.240000,298.020000,NaN,NaN
NaN,NaN,852.030000,297.850000,NaN,NaN
NaN,NaN,852.070000,297.910000,NaN,NaN
NaN,NaN,851.940000,297.740000,NaN,NaN
NaN,NaN,852.010000,297.850000,NaN,NaN
NaN,NaN,851.850000,297.670000,NaN,NaN
NaN,NaN,851.880000,297.690000,NaN,NaN
NaN,NaN,851.500000,297.320000,NaN,NaN
NaN,NaN,851.440000,297.130000,NaN,NaN
NaN,NaN,851.370000,297.090000,NaN,NaN
NaN,NaN,851.310000,296.990000,NaN,NaN
NaN,NaN,851.190000,296.880000,NaN,NaN
NaN,NaN,851.170000,296.880000,NaN,NaN
NaN,NaN,851.080000,296.840000,NaN,NaN
NaN,NaN,851.030000,296.810000,NaN,NaN
NaN,NaN,850.980000,296.710000,NaN,NaN
NaN,NaN,850.980000,296.710000,NaN,NaN
NaN,NaN,850.970000,296.670000,NaN,NaN
NaN,NaN,850.880000,296.570000,NaN,NaN
NaN,NaN,850.950000,296.530000,NaN,NaN
NaN,NaN,850.900000,296.470000,NaN,NaN
NaN,NaN,850.880000,296.430000,NaN,NaN
NaN,NaN,850.800000,296.340000,NaN,NaN
NaN,NaN,850.770000,296.280000,NaN,NaN
NaN,NaN,850.750000,296.230000,NaN,NaN
NaN,NaN,850.830000,296.280000,NaN,NaN
NaN,NaN,850.780000,296.200000,NaN,NaN
NaN,NaN,850.700000,296.180000,NaN,NaN
NaN,NaN,850.600000,296.090000,NaN,NaN
NaN,NaN,850.600000,296.140000,NaN,NaN
NaN,NaN,850.550000,296.060000,NaN,NaN
NaN,NaN,850.540000,296.030000,NaN,NaN
NaN,NaN,850.650000,296.080000,NaN,NaN
NaN,NaN,850.660000,296.120000,NaN,NaN
NaN,NaN,850.600000,296.000000,NaN,NaN
NaN,NaN,850.580000,296.000000,NaN,NaN
NaN,NaN,850.440000,295.890000,NaN,NaN
NaN,NaN,850.310000,295.750000,NaN,NaN
NaN,NaN,850.120000,295.540000,NaN,NaN
NaN,NaN,850.220000,295.540000,NaN,NaN
NaN,NaN,850.180000,295.460000,NaN,NaN
NaN,NaN,850.190000,295.470000,NaN,NaN
NaN,NaN,850.160000,295.400000,NaN,NaN
NaN,NaN,849.790000,295.060000,NaN,NaN
NaN,NaN,849.810000,295.070000,NaN,NaN
NaN,NaN,849.890000,295.090000,NaN,NaN
NaN,NaN,849.810000,294.990000,NaN,NaN
NaN,NaN,849.640000,294.820000,NaN,NaN
NaN,NaN,849.510000,294.710000,NaN,NaN
NaN,NaN,849.390000,294.560000,NaN,NaN
NaN,NaN,849.600000,294.670000,NaN,NaN
NaN,NaN,849.510000,294.530000,NaN,NaN
NaN,NaN,849.570000,294.530000,NaN,NaN
NaN,NaN,849.440000,294.360000,NaN,NaN
NaN,NaN,849.440000,294.390000,NaN,NaN
NaN,NaN,849.280000,294.210000,NaN,NaN
NaN,NaN,849.230000,294.110000,NaN,NaN
NaN,NaN,849.180000,294.020000,NaN,NaN
NaN,NaN,849.250000,293.970000,NaN,NaN
NaN,NaN,849.270000,293.980000,NaN,NaN
NaN,NaN,849.130000,293.790000,NaN,NaN
NaN,NaN,849.190000,293.840000,NaN,NaN
NaN,NaN,849.320000,293.960000,NaN,NaN
NaN,NaN,849.330000,293.870000,NaN,NaN
NaN,NaN,849.310000,293.780000,NaN,NaN
NaN,NaN,849.270000,293.730000,NaN,NaN
NaN,NaN,849.180000,293.630000,NaN,NaN
NaN,NaN,849.210000,293.540000,NaN,NaN
NaN,NaN,849.160000,293.490000,NaN,NaN
NaN,NaN,849.290000,293.520000,NaN,NaN
NaN,NaN,849.120000,293.240000,NaN,NaN
NaN,NaN,849.220000,293.280000,NaN,NaN
NaN,NaN,849.170000,293.190000,NaN,NaN
NaN,NaN,849.430000,293.260000,NaN,NaN
NaN,NaN,849.420000,293.160000,NaN,NaN
NaN,NaN,849.410000,293.090000,NaN,NaN
NaN,NaN,849.390000,293.010000,NaN,NaN
NaN,NaN,849.390000,292.930000,NaN,NaN
NaN,NaN,849.400000,292.860000,NaN,NaN
NaN,NaN,849.490000,292.870000,NaN,NaN
NaN,NaN,849.580000,292.830000,NaN,NaN
NaN,NaN,849.560000,292.750000,NaN,NaN
NaN,NaN,849.640000,292.750000,NaN,NaN
NaN,NaN,849.740000,292.740000,NaN,NaN
NaN,NaN,849.650000,292.600000,NaN,NaN
NaN,NaN,849.750000,292.550000,NaN,NaN
NaN,NaN,849.840000,292.520000,NaN,NaN
NaN,NaN,849.950000,292.420000,NaN,NaN
NaN,NaN,850.130000,292.440000,NaN,NaN
NaN,NaN,849.980000,292.340000,NaN,NaN
NaN,NaN,850.020000,292.310000,NaN,NaN
NaN,NaN,850.040000,292.260000,NaN,NaN
NaN,NaN,850.140000,292.180000,NaN,NaN
NaN,NaN,849.990000,292.170000,NaN,NaN
NaN,NaN,850.010000,292.100000,NaN,NaN
NaN,NaN,850.140000,292.070000,NaN,NaN
NaN,NaN,850.260000,292.080000,NaN,NaN
NaN,NaN,850.850000,292.260000,NaN,NaN
NaN,NaN,851.480000,292.310000,NaN,NaN
NaN,NaN,851.670000,292.360000,NaN,NaN
NaN,NaN,851.880000,292.290000,NaN,NaN
NaN,NaN,851.910000,292.390000,NaN,NaN
NaN,NaN,851.950000,292.320000,NaN,NaN
NaN,NaN,852.070000,292.230000,NaN,NaN
NaN,NaN,852.060000,292.110000,NaN,NaN
NaN,NaN,852.030000,292.020000,NaN,NaN
NaN,NaN,852.110000,292.010000,NaN,NaN
NaN,NaN,852.120000,291.950000,NaN,NaN
NaN,NaN,852.060000,291.970000,NaN,NaN
NaN,NaN,852.200000,291.890000,NaN,NaN
NaN,NaN,852.190000,291.770000,NaN,NaN
NaN,NaN,852.320000,291.770000,NaN,NaN
NaN,NaN,852.200000,291.850000,NaN,NaN
NaN,NaN,852.330000,291.830000,NaN,NaN
NaN,NaN,852.210000,291.730000,NaN,NaN
NaN,NaN,852.170000,291.680000,NaN,NaN
NaN,NaN,852.190000,291.480000,NaN,NaN
NaN,NaN,852.320000,291.340000,NaN,NaN
NaN,NaN,852.440000,291.320000,NaN,NaN
NaN,NaN,852.670000,291.250000,NaN,NaN
NaN,NaN,852.620000,291.200000,NaN,NaN
NaN,NaN,852.620000,291.080000,NaN,NaN
NaN,NaN,852.630000,291.190000,NaN,NaN
NaN,NaN,852.700000,291.080000,NaN,NaN
NaN,NaN,852.978511,290.037453,NaN,NaN
NaN,NaN,853.010000,289.820000,NaN,NaN
NaN,NaN,853.000000,289.760000,NaN,NaN
NaN,NaN,852.980000,289.930000,NaN,NaN
NaN,NaN,852.970000,289.880000,NaN,NaN
NaN,NaN,852.960000,289.850000,NaN,NaN
NaN,NaN,852.970000,289.810000,NaN,NaN
NaN,NaN,852.980000,289.780000,NaN,NaN
NaN,NaN,852.980000,289.750000,NaN,NaN
NaN,NaN,852.980000,289.680000,NaN,NaN
NaN,NaN,852.980000,289.660000,NaN,NaN
NaN,NaN,852.990000,289.650000,NaN,NaN
NaN,NaN,853.010000,289.620000,NaN,NaN
NaN,NaN,853.030000,289.560000,NaN,NaN
NaN,NaN,853.040000,289.540000,NaN,NaN
NaN,NaN,853.030000,289.510000,NaN,NaN
NaN,NaN,853.040000,289.070000,NaN,NaN
NaN,NaN,853.020000,289.060000,NaN,NaN
NaN,NaN,853.030000,289.050000,NaN,NaN
NaN,NaN,853.040000,289.040000,NaN,NaN
NaN,NaN,853.040000,289.010000,NaN,NaN
NaN,NaN,853.050000,288.980000,NaN,NaN
NaN,NaN,853.060000,288.970000,NaN,NaN
NaN,NaN,853.060000,288.920000,NaN,NaN
NaN,NaN,853.080000,288.890000,NaN,NaN
NaN,NaN,853.090000,288.870000,NaN,NaN
NaN,NaN,853.100000,288.870000,NaN,NaN
NaN,NaN,853.080000,288.840000,NaN,NaN
NaN,NaN,853.100000,288.820000,NaN,NaN
NaN,NaN,853.100000,288.800000,NaN,NaN
NaN,NaN,853.110000,288.780000,NaN,NaN
NaN,NaN,853.110000,288.780000,NaN,NaN
NaN,NaN,853.120000,288.750000,NaN,NaN
NaN,NaN,853.130000,288.710000,NaN,NaN
NaN,NaN,853.130000,288.680000,NaN,NaN
NaN,NaN,853.140000,288.660000,NaN,NaN
NaN,NaN,853.150000,288.640000,NaN,NaN
NaN,NaN,853.150000,288.650000,NaN,NaN
NaN,NaN,853.130000,288.640000,NaN,NaN
NaN,NaN,853.140000,288.630000,NaN,NaN
NaN,NaN,853.140000,288.640000,NaN,NaN
NaN,NaN,853.130000,288.620000,NaN,NaN
NaN,NaN,853.130000,288.610000,NaN,NaN
NaN,NaN,853.130000,288.570000,NaN,NaN
NaN,NaN,853.170000,288.480000,NaN,NaN
NaN,NaN,853.210000,288.130000,NaN,NaN
NaN,NaN,853.180000,288.120000,NaN,NaN
NaN,NaN,853.190000,288.090000,NaN,NaN
NaN,NaN,853.220000,288.060000,NaN,NaN
NaN,NaN,853.250000,288.050000,NaN,NaN
NaN,NaN,853.220000,288.030000,NaN,NaN
NaN,NaN,853.200000,288.060000,NaN,NaN
NaN,NaN,853.190000,287.990000,NaN,NaN
NaN,NaN,853.190000,287.970000,NaN,NaN
NaN,NaN,853.160000,287.850000,NaN,NaN
NaN,NaN,853.140000,287.860000,NaN,NaN
NaN,NaN,853.140000,287.820000,NaN,NaN
NaN,NaN,853.120000,287.770000,NaN,NaN
NaN,NaN,853.120000,287.770000,NaN,NaN
NaN,NaN,853.150000,287.690000,NaN,NaN
NaN,NaN,853.150000,287.640000,NaN,NaN
NaN,NaN,853.150000,287.600000,NaN,NaN
NaN,NaN,853.150000,287.570000,NaN,NaN
NaN,NaN,853.200000,287.410000,NaN,NaN
NaN,NaN,853.100000,287.520000,NaN,NaN
NaN,NaN,853.180000,287.360000,NaN,NaN
NaN,NaN,854.144029,286.318466,NaN,NaN
NaN,NaN,854.160000,285.790000,NaN,NaN
NaN,NaN,854.040000,285.750000,NaN,NaN
NaN,NaN,854.030000,285.900000,NaN,NaN
NaN,NaN,854.020000,285.890000,NaN,NaN
NaN,NaN,854.020000,285.880000,NaN,NaN
NaN,NaN,854.020000,285.860000,NaN,NaN
NaN,NaN,854.040000,285.850000,NaN,NaN
NaN,NaN,854.040000,285.820000,NaN,NaN
NaN,NaN,854.040000,285.800000,NaN,NaN
NaN,NaN,854.040000,285.760000,NaN,NaN
NaN,NaN,854.040000,285.730000,NaN,NaN
NaN,NaN,854.040000,285.670000,NaN,NaN
NaN,NaN,854.050000,285.630000,NaN,NaN
NaN,NaN,854.050000,285.580000,NaN,NaN
NaN,NaN,854.060000,285.530000,NaN,NaN
NaN,NaN,854.110000,285.280000,NaN,NaN
NaN,NaN,854.110000,285.220000,NaN,NaN
NaN,NaN,854.100000,285.130000,NaN,NaN
NaN,NaN,854.110000,285.140000,NaN,NaN
NaN,NaN,854.120000,285.090000,NaN,NaN
NaN,NaN,854.110000,285.070000,NaN,NaN
NaN,NaN,854.110000,285.040000,NaN,NaN
NaN,NaN,854.110000,285.010000,NaN,NaN
NaN,NaN,854.120000,284.990000,NaN,NaN
NaN,NaN,854.100000,284.940000,NaN,NaN
NaN,NaN,854.110000,284.900000,NaN,NaN
NaN,NaN,854.120000,284.870000,NaN,NaN
NaN,NaN,854.130000,284.830000,NaN,NaN
NaN,NaN,854.130000,284.780000,NaN,NaN
NaN,NaN,854.120000,284.750000,NaN,NaN
NaN,NaN,854.130000,284.710000,NaN,NaN
NaN,NaN,854.130000,284.660000,NaN,NaN
NaN,NaN,854.140000,284.570000,NaN,NaN
NaN,NaN,854.190000,284.370000,NaN,NaN
NaN,NaN,854.220000,284.320000,NaN,NaN
NaN,NaN,854.210000,284.290000,NaN,NaN
NaN,NaN,854.180000,284.240000,NaN,NaN
NaN,NaN,854.230000,284.210000,NaN,NaN
NaN,NaN,854.220000,284.170000,NaN,NaN
NaN,NaN,854.240000,284.150000,NaN,NaN
NaN,NaN,854.260000,284.080000,NaN,NaN
NaN,NaN,854.250000,284.070000,NaN,NaN
NaN,NaN,854.270000,284.050000,NaN,NaN
NaN,NaN,854.250000,284.040000,NaN,NaN
NaN,NaN,854.250000,284.010000,NaN,NaN
NaN,NaN,854.260000,283.960000,NaN,NaN
NaN,NaN,854.260000,283.930000,NaN,NaN
NaN,NaN,854.260000,283.930000,NaN,NaN
NaN,NaN,854.240000,283.910000,NaN,NaN
NaN,NaN,854.250000,283.860000,NaN,NaN
NaN,NaN,854.250000,283.850000,NaN,NaN
NaN,NaN,854.260000,283.780000,NaN,NaN
NaN,NaN,854.270000,283.750000,NaN,NaN
NaN,NaN,854.270000,283.690000,NaN,NaN
NaN,NaN,854.310000,283.560000,NaN,NaN
NaN,NaN,854.370000,283.470000,NaN,NaN
NaN,NaN,854.360000,283.420000,NaN,NaN
NaN,NaN,854.390000,283.340000,NaN,NaN
NaN,NaN,854.430000,283.300000,NaN,NaN
NaN,NaN,854.430000,283.260000,NaN,NaN
NaN,NaN,854.460000,283.190000,NaN,NaN
NaN,NaN,854.450000,283.170000,NaN,NaN
NaN,NaN,854.420000,283.150000,NaN,NaN
NaN,NaN,854.390000,283.150000,NaN,NaN
NaN,NaN,854.400000,283.100000,NaN,NaN
NaN,NaN,854.420000,283.080000,NaN,NaN
NaN,NaN,854.460000,283.060000,NaN,NaN
NaN,NaN,854.430000,283.060000,NaN,NaN
NaN,NaN,854.470000,282.980000,NaN,NaN
NaN,NaN,854.450000,282.950000,NaN,NaN
NaN,NaN,854.460000,282.960000,NaN,NaN
NaN,NaN,854.430000,282.950000,NaN,NaN
NaN,NaN,854.470000,282.890000,NaN,NaN
NaN,NaN,854.480000,282.810000,NaN,NaN
NaN,NaN,854.470000,282.790000,NaN,NaN
NaN,NaN,854.510000,282.760000,NaN,NaN
NaN,NaN,854.800000,282.610000,NaN,NaN
NaN,NaN,854.770000,282.470000,NaN,NaN
NaN,NaN,854.750000,282.400000,NaN,NaN
NaN,NaN,854.760000,282.400000,NaN,NaN
NaN,NaN,854.790000,282.380000,NaN,NaN
NaN,NaN,854.770000,282.320000,NaN,NaN
NaN,NaN,854.780000,282.340000,NaN,NaN
NaN,NaN,854.810000,282.290000,NaN,NaN
NaN,NaN,854.800000,282.260000,NaN,NaN
NaN,NaN,854.780000,282.220000,NaN,NaN
NaN,NaN,854.780000,282.220000,NaN,NaN
NaN,NaN,854.800000,282.190000,NaN,NaN
NaN,NaN,854.790000,282.150000,NaN,NaN
NaN,NaN,854.820000,282.080000,NaN,NaN
NaN,NaN,854.810000,282.100000,NaN,NaN
NaN,NaN,854.810000,282.100000,NaN,NaN
NaN,NaN,854.840000,282.040000,NaN,NaN
NaN,NaN,854.850000,282.040000,NaN,NaN
NaN,NaN,854.830000,282.010000,NaN,NaN
NaN,NaN,854.830000,281.980000,NaN,NaN
NaN,NaN,854.820000,281.970000,NaN,NaN
NaN,NaN,854.820000,281.950000,NaN,NaN
NaN,NaN,854.780000,281.960000,NaN,NaN
NaN,NaN,854.790000,281.970000,NaN,NaN
NaN,NaN,854.780000,281.950000,NaN,NaN
NaN,NaN,854.780000,281.940000,NaN,NaN
NaN,NaN,854.750000,281.940000,NaN,NaN
NaN,NaN,854.800000,281.950000,NaN,NaN
NaN,NaN,854.780000,281.940000,NaN,NaN
NaN,NaN,854.780000,281.920000,NaN,NaN
NaN,NaN,854.790000,281.900000,NaN,NaN
NaN,NaN,854.790000,281.920000,NaN,NaN
NaN,NaN,854.770000,281.900000,NaN,NaN
NaN,NaN,854.760000,281.890000,NaN,NaN
NaN,NaN,854.780000,281.900000,NaN,NaN
NaN,NaN,854.760000,281.890000,NaN,NaN
NaN,NaN,854.760000,281.870000,NaN,NaN
NaN,NaN,854.790000,281.880000,NaN,NaN
NaN,NaN,854.770000,281.880000,NaN,NaN
NaN,NaN,854.760000,281.860000,NaN,NaN
NaN,NaN,854.770000,281.830000,NaN,NaN
NaN,NaN,854.760000,281.800000,NaN,NaN
NaN,NaN,854.780000,281.800000,NaN,NaN
NaN,NaN,854.790000,281.750000,NaN,NaN
NaN,NaN,854.780000,281.750000,NaN,NaN
NaN,NaN,854.790000,281.760000,NaN,NaN
NaN,NaN,854.780000,281.780000,NaN,NaN
NaN,NaN,854.790000,281.720000,NaN,NaN
NaN,NaN,854.790000,281.730000,NaN,NaN
NaN,NaN,854.770000,281.740000,NaN,NaN
NaN,NaN,854.750000,281.720000,NaN,NaN
NaN,NaN,854.790000,281.700000,NaN,NaN
NaN,NaN,854.780000,281.670000,NaN,NaN
NaN,NaN,854.780000,281.680000,NaN,NaN
NaN,NaN,854.770000,281.630000,NaN,NaN
NaN,NaN,854.780000,281.630000,NaN,NaN
NaN,NaN,854.770000,281.670000,NaN,NaN
NaN,NaN,854.790000,281.620000,NaN,NaN
NaN,NaN,854.760000,281.620000,NaN,NaN
NaN,NaN,854.760000,281.580000,NaN,NaN
NaN,NaN,854.740000,281.600000,NaN,NaN
NaN,NaN,854.770000,281.540000,NaN,NaN
NaN,NaN,854.810000,281.380000,NaN,NaN
NaN,NaN,854.760000,281.380000,NaN,NaN
NaN,NaN,854.780000,281.430000,NaN,NaN
NaN,NaN,854.780000,281.490000,NaN,NaN
NaN,NaN,854.760000,281.540000,NaN,NaN
NaN,NaN,854.780000,281.480000,NaN,NaN
NaN,NaN,854.810000,281.350000,NaN,NaN
NaN,NaN,854.820000,281.330000,NaN,NaN
NaN,NaN,854.810000,281.320000,NaN,NaN
NaN,NaN,854.830000,281.340000,NaN,NaN
NaN,NaN,854.790000,281.320000,NaN,NaN
NaN,NaN,854.820000,281.260000,NaN,NaN
NaN,NaN,854.810000,281.250000,NaN,NaN
NaN,NaN,854.780000,281.260000,NaN,NaN
NaN,NaN,854.800000,281.280000,NaN,NaN
NaN,NaN,854.830000,281.300000,NaN,NaN
NaN,NaN,854.780000,281.280000,NaN,NaN
NaN,NaN,854.780000,281.290000,NaN,NaN
NaN,NaN,854.760000,281.300000,NaN,NaN
NaN,NaN,854.740000,281.300000,NaN,NaN
NaN,NaN,854.770000,281.300000,NaN,NaN
NaN,NaN,854.790000,281.230000,NaN,NaN
NaN,NaN,854.820000,281.250000,NaN,NaN
NaN,NaN,854.810000,281.240000,NaN,NaN
NaN,NaN,854.840000,281.240000,NaN,NaN
NaN,NaN,854.840000,281.250000,NaN,NaN
NaN,NaN,854.840000,281.210000,NaN,NaN
NaN,NaN,854.790000,281.190000,NaN,NaN
NaN,NaN,854.810000,281.160000,NaN,NaN
NaN,NaN,854.850000,281.170000,NaN,NaN
NaN,NaN,854.850000,281.170000,NaN,NaN
NaN,NaN,854.820000,281.110000,NaN,NaN
NaN,NaN,854.850000,281.110000,NaN,NaN
NaN,NaN,854.830000,281.110000,NaN,NaN
NaN,NaN,854.860000,281.120000,NaN,NaN
NaN,NaN,854.860000,281.110000,NaN,NaN
NaN,NaN,854.840000,281.100000,NaN,NaN
NaN,NaN,854.830000,281.080000,NaN,NaN
NaN,NaN,854.810000,281.090000,NaN,NaN
NaN,NaN,854.830000,281.080000,NaN,NaN
NaN,NaN,854.840000,281.050000,NaN,NaN
NaN,NaN,854.840000,281.050000,NaN,NaN
NaN,NaN,854.840000,281.050000,NaN,NaN
NaN,NaN,854.880000,281.040000,NaN,NaN
NaN,NaN,854.870000,281.060000,NaN,NaN
NaN,NaN,854.850000,281.070000,NaN,NaN
NaN,NaN,854.860000,281.050000,NaN,NaN
NaN,NaN,854.880000,281.050000,NaN,NaN
NaN,NaN,854.870000,281.070000,NaN,NaN
NaN,NaN,854.840000,281.070000,NaN,NaN
NaN,NaN,854.860000,281.050000,NaN,NaN
NaN,NaN,854.870000,281.100000,NaN,NaN
NaN,NaN,854.880000,281.070000,NaN,NaN
NaN,NaN,854.860000,281.020000,NaN,NaN
NaN,NaN,854.860000,281.050000,NaN,NaN
NaN,NaN,854.860000,281.020000,NaN,NaN
NaN,NaN,854.860000,281.040000,NaN,NaN
NaN,NaN,854.860000,281.030000,NaN,NaN
NaN,NaN,854.840000,281.030000,NaN,NaN
NaN,NaN,854.860000,281.030000,NaN,NaN
NaN,NaN,854.860000,281.040000,NaN,NaN
NaN,NaN,854.850000,281.020000,NaN,NaN
NaN,NaN,854.860000,281.050000,NaN,NaN
NaN,NaN,854.880000,281.050000,NaN,NaN
NaN,NaN,854.890000,281.080000,NaN,NaN
NaN,NaN,854.890000,281.070000,NaN,NaN
NaN,NaN,854.880000,281.080000,NaN,NaN
NaN,NaN,854.890000,281.060000,NaN,NaN
NaN,NaN,854.900000,281.030000,NaN,NaN
NaN,NaN,854.890000,281.050000,NaN,NaN
NaN,NaN,854.910000,281.060000,NaN,NaN
NaN,NaN,854.920000,281.040000,NaN,NaN
NaN,NaN,854.910000,281.030000,NaN,NaN
NaN,NaN,854.920000,281.020000,NaN,NaN
NaN,NaN,854.950000,281.010000,NaN,NaN
NaN,NaN,854.950000,280.990000,NaN,NaN
NaN,NaN,854.950000,280.980000,NaN,NaN
NaN,NaN,854.950000,280.980000,NaN,NaN
NaN,NaN,854.950000,280.970000,NaN,NaN
NaN,NaN,854.990000,280.960000,NaN,NaN
NaN,NaN,854.950000,280.970000,NaN,NaN
NaN,NaN,854.940000,280.950000,NaN,NaN
NaN,NaN,854.980000,280.940000,NaN,NaN
NaN,NaN,854.980000,280.950000,NaN,NaN
NaN,NaN,854.980000,280.950000,NaN,NaN
NaN,NaN,855.000000,280.970000,NaN,NaN
NaN,NaN,855.000000,280.960000,NaN,NaN
NaN,NaN,854.990000,280.970000,NaN,NaN
NaN,NaN,855.000000,280.930000,NaN,NaN
NaN,NaN,854.970000,280.950000,NaN,NaN
NaN,NaN,854.980000,280.950000,NaN,NaN
NaN,NaN,854.990000,280.940000,NaN,NaN
NaN,NaN,854.980000,280.920000,NaN,NaN
NaN,NaN,855.000000,280.930000,NaN,NaN
NaN,NaN,855.000000,280.930000,NaN,NaN
NaN,NaN,855.010000,280.920000,NaN,NaN
NaN,NaN,855.000000,280.920000,NaN,NaN
NaN,NaN,854.980000,280.930000,NaN,NaN
NaN,NaN,855.030000,280.920000,NaN,NaN
NaN,NaN,855.060000,280.890000,NaN,NaN
NaN,NaN,855.050000,280.900000,NaN,NaN
NaN,NaN,855.050000,280.890000,NaN,NaN
NaN,NaN,855.050000,280.850000,NaN,NaN
NaN,NaN,855.060000,280.880000,NaN,NaN
NaN,NaN,855.060000,280.850000,NaN,NaN
NaN,NaN,855.060000,280.850000,NaN,NaN
NaN,NaN,855.050000,280.840000,NaN,NaN
NaN,NaN,855.120000,280.800000,NaN,NaN
NaN,NaN,855.080000,280.830000,NaN,NaN
NaN,NaN,855.090000,280.810000,NaN,NaN
NaN,NaN,855.040000,280.870000,NaN,NaN
NaN,NaN,855.110000,280.830000,NaN,NaN
NaN,NaN,855.090000,280.810000,NaN,NaN
NaN,NaN,855.110000,280.810000,NaN,NaN
NaN,NaN,855.130000,280.800000,NaN,NaN
NaN,NaN,855.150000,280.780000,NaN,NaN
NaN,NaN,855.180000,280.750000,NaN,NaN
NaN,NaN,855.170000,280.740000,NaN,NaN
NaN,NaN,855.220000,280.690000,NaN,NaN
NaN,NaN,855.150000,280.760000,NaN,NaN
NaN,NaN,855.240000,280.700000,NaN,NaN
NaN,NaN,855.230000,280.630000,NaN,NaN
NaN,NaN,855.230000,280.670000,NaN,NaN
NaN,NaN,855.270000,280.630000,NaN,NaN
NaN,NaN,855.240000,280.630000,NaN,NaN
NaN,NaN,855.280000,280.630000,NaN,NaN
NaN,NaN,855.280000,280.580000,NaN,NaN
NaN,NaN,855.230000,280.610000,NaN,NaN
NaN,NaN,855.350000,280.500000,NaN,NaN
NaN,NaN,855.420000,280.330000,NaN,NaN
NaN,NaN,855.390000,280.350000,NaN,NaN
NaN,NaN,855.430000,280.340000,NaN,NaN
NaN,NaN,855.460000,280.280000,NaN,NaN
NaN,NaN,855.480000,280.320000,NaN,NaN
NaN,NaN,855.680000,280.210000,NaN,NaN
NaN,NaN,855.680000,280.220000,NaN,NaN
NaN,NaN,855.690000,280.190000,NaN,NaN
NaN,NaN,855.730000,280.140000,NaN,NaN
NaN,NaN,855.750000,280.130000,NaN,NaN
NaN,NaN,855.740000,280.160000,NaN,NaN
NaN,NaN,855.790000,280.150000,NaN,NaN
NaN,NaN,855.810000,280.090000,NaN,NaN
NaN,NaN,855.820000,280.080000,NaN,NaN
NaN,NaN,855.800000,280.110000,NaN,NaN
NaN,NaN,855.820000,280.110000,NaN,NaN
NaN,NaN,855.850000,280.050000,NaN,NaN
NaN,NaN,855.830000,280.050000,NaN,NaN
NaN,NaN,855.840000,280.070000,NaN,NaN
NaN,NaN,855.900000,280.040000,NaN,NaN
NaN,NaN,855.920000,280.040000,NaN,NaN
NaN,NaN,855.900000,280.030000,NaN,NaN
NaN,NaN,855.890000,280.020000,NaN,NaN
NaN,NaN,855.900000,279.990000,NaN,NaN
NaN,NaN,855.930000,279.960000,NaN,NaN
NaN,NaN,855.940000,279.960000,NaN,NaN
NaN,NaN,855.950000,279.940000,NaN,NaN
NaN,NaN,855.950000,279.970000,NaN,NaN
NaN,NaN,856.010000,279.940000,NaN,NaN
NaN,NaN,855.980000,279.960000,NaN,NaN
NaN,NaN,855.990000,279.920000,NaN,NaN
NaN,NaN,856.040000,279.920000,NaN,NaN
NaN,NaN,856.030000,279.940000,NaN,NaN
NaN,NaN,856.020000,279.890000,NaN,NaN
NaN,NaN,856.060000,279.950000,NaN,NaN
NaN,NaN,856.050000,279.910000,NaN,NaN
NaN,NaN,856.060000,279.840000,NaN,NaN
NaN,NaN,856.090000,279.850000,NaN,NaN
NaN,NaN,856.080000,279.840000,NaN,NaN
NaN,NaN,856.130000,279.750000,NaN,NaN
NaN,NaN,856.130000,279.780000,NaN,NaN
NaN,NaN,856.200000,279.740000,NaN,NaN
NaN,NaN,856.150000,279.780000,NaN,NaN
NaN,NaN,856.220000,279.710000,NaN,NaN
NaN,NaN,856.200000,279.670000,NaN,NaN
NaN,NaN,856.220000,279.770000,NaN,NaN
NaN,NaN,856.200000,279.780000,NaN,NaN
NaN,NaN,856.170000,279.780000,NaN,NaN
NaN,NaN,856.180000,279.690000,NaN,NaN
NaN,NaN,856.230000,279.680000,NaN,NaN
NaN,NaN,856.220000,279.710000,NaN,NaN
NaN,NaN,856.260000,279.630000,NaN,NaN
NaN,NaN,856.240000,279.670000,NaN,NaN
NaN,NaN,856.280000,279.640000,NaN,NaN
NaN,NaN,856.320000,279.620000,NaN,NaN
NaN,NaN,856.300000,279.610000,NaN,NaN
NaN,NaN,856.340000,279.590000,NaN,NaN
NaN,NaN,856.300000,279.550000,NaN,NaN
NaN,NaN,856.300000,279.490000,NaN,NaN
NaN,NaN,856.280000,279.350000,NaN,NaN
NaN,NaN,856.320000,279.350000,NaN,NaN
NaN,NaN,856.330000,279.380000,NaN,NaN
NaN,NaN,856.340000,279.370000,NaN,NaN
NaN,NaN,856.310000,279.340000,NaN,NaN
NaN,NaN,856.340000,279.290000,NaN,NaN
NaN,NaN,856.330000,279.300000,NaN,NaN
NaN,NaN,856.360000,279.300000,NaN,NaN
NaN,NaN,856.390000,279.320000,NaN,NaN
NaN,NaN,856.410000,279.280000,NaN,NaN
NaN,NaN,856.390000,279.300000,NaN,NaN
NaN,NaN,856.480000,279.340000,NaN,NaN
NaN,NaN,856.540000,279.310000,NaN,NaN
NaN,NaN,856.550000,279.300000,NaN,NaN
NaN,NaN,856.570000,279.330000,NaN,NaN
NaN,NaN,856.560000,279.310000,NaN,NaN
NaN,NaN,856.550000,279.350000,NaN,NaN
NaN,NaN,856.580000,279.320000,NaN,NaN
NaN,NaN,856.580000,279.340000,NaN,NaN
NaN,NaN,856.610000,279.320000,NaN,NaN
NaN,NaN,856.610000,279.320000,NaN,NaN
NaN,NaN,856.580000,279.320000,NaN,NaN
NaN,NaN,856.590000,279.260000,NaN,NaN
NaN,NaN,856.610000,279.280000,NaN,NaN
NaN,NaN,856.640000,279.280000,NaN,NaN
NaN,NaN,856.620000,279.300000,NaN,NaN
NaN,NaN,856.640000,279.290000,NaN,NaN
NaN,NaN,856.630000,279.300000,NaN,NaN
NaN,NaN,856.630000,279.240000,NaN,NaN
NaN,NaN,856.700000,279.260000,NaN,NaN
NaN,NaN,856.720000,279.300000,NaN,NaN
NaN,NaN,856.820000,279.280000,NaN,NaN
NaN,NaN,856.800000,279.330000,NaN,NaN
NaN,NaN,856.790000,279.290000,NaN,NaN
NaN,NaN,856.840000,279.310000,NaN,NaN
NaN,NaN,856.820000,279.270000,NaN,NaN
NaN,NaN,856.760000,279.300000,NaN,NaN
NaN,NaN,856.840000,279.270000,NaN,NaN
NaN,NaN,856.840000,279.270000,NaN,NaN
NaN,NaN,856.860000,279.250000,NaN,NaN
NaN,NaN,856.870000,279.300000,NaN,NaN
NaN,NaN,856.910000,279.240000,NaN,NaN
NaN,NaN,856.920000,279.270000,NaN,NaN
NaN,NaN,856.990000,279.290000,NaN,NaN
NaN,NaN,857.020000,279.260000,NaN,NaN
NaN,NaN,857.000000,279.320000,NaN,NaN
NaN,NaN,857.010000,279.320000,NaN,NaN
NaN,NaN,856.990000,279.330000,NaN,NaN
NaN,NaN,857.060000,279.350000,NaN,NaN
NaN,NaN,857.060000,279.400000,NaN,NaN
NaN,NaN,857.120000,279.410000,NaN,NaN
NaN,NaN,857.330000,279.510000,NaN,NaN
NaN,NaN,857.220000,279.600000,NaN,NaN
NaN,NaN,857.360000,279.460000,NaN,NaN
NaN,NaN,857.380000,279.620000,NaN,NaN
NaN,NaN,857.490000,279.350000,NaN,NaN
NaN,NaN,857.100000,279.610000,NaN,NaN
NaN,NaN,857.230000,279.510000,NaN,NaN
NaN,NaN,857.080000,279.670000,NaN,NaN
NaN,NaN,857.260000,279.520000,NaN,NaN
NaN,NaN,857.050000,279.870000,NaN,NaN
NaN,NaN,856.940000,280.200000,NaN,NaN
NaN,NaN,857.150000,280.160000,NaN,NaN
NaN,NaN,856.990000,280.530000,NaN,NaN
NaN,NaN,857.050000,280.440000,NaN,NaN
NaN,NaN,857.010000,280.410000,NaN,NaN
NaN,NaN,857.050000,280.650000,NaN,NaN
NaN,NaN,857.100000,280.600000,NaN,NaN
NaN,NaN,857.110000,280.640000,NaN,NaN
NaN,NaN,857.130000,280.640000,NaN,NaN
NaN,NaN,857.170000,280.770000,NaN,NaN
NaN,NaN,857.160000,280.900000,NaN,NaN
NaN,NaN,857.180000,280.890000,NaN,NaN
NaN,NaN,857.200000,281.020000,NaN,NaN
NaN,NaN,857.170000,281.030000,NaN,NaN
NaN,NaN,857.170000,281.130000,NaN,NaN
NaN,NaN,857.220000,281.070000,NaN,NaN
NaN,NaN,857.210000,281.130000,NaN,NaN
NaN,NaN,857.230000,281.170000,NaN,NaN
NaN,NaN,857.250000,281.230000,NaN,NaN
NaN,NaN,857.290000,281.220000,NaN,NaN
NaN,NaN,857.340000,281.190000,NaN,NaN
NaN,NaN,857.360000,281.270000,NaN,NaN
NaN,NaN,857.370000,281.220000,NaN,NaN
NaN,NaN,857.400000,281.210000,NaN,NaN
NaN,NaN,857.410000,281.210000,NaN,NaN
NaN,NaN,857.490000,281.290000,NaN,NaN
NaN,NaN,857.830000,281.300000,NaN,NaN
NaN,NaN,857.820000,281.300000,NaN,NaN
NaN,NaN,857.780000,281.350000,NaN,NaN
NaN,NaN,857.800000,281.400000,NaN,NaN
NaN,NaN,857.800000,281.380000,NaN,NaN
NaN,NaN,857.820000,281.420000,NaN,NaN
NaN,NaN,857.820000,281.520000,NaN,NaN
NaN,NaN,857.880000,281.880000,NaN,NaN
NaN,NaN,857.880000,281.950000,NaN,NaN
NaN,NaN,857.930000,281.920000,NaN,NaN
NaN,NaN,857.920000,281.910000,NaN,NaN
NaN,NaN,857.950000,281.920000,NaN,NaN
NaN,NaN,857.920000,281.960000,NaN,NaN
NaN,NaN,857.870000,282.000000,NaN,NaN
NaN,NaN,857.880000,282.050000,NaN,NaN
NaN,NaN,857.940000,282.100000,NaN,NaN
NaN,NaN,857.960000,282.170000,NaN,NaN
NaN,NaN,858.090000,282.200000,NaN,NaN
NaN,NaN,858.140000,282.190000,NaN,NaN
NaN,NaN,858.240000,282.180000,NaN,NaN
NaN,NaN,858.350000,282.210000,NaN,NaN
NaN,NaN,NaN,NaN,NaN,NaN
NaN,NaN,NaN,NaN,NaN,NaN
NaN,NaN,NaN,NaN,NaN,NaN
NaN,NaN,NaN,NaN,NaN,NaN
NaN,NaN,NaN,NaN,NaN,NaN
NaN,NaN,NaN,NaN,NaN,NaN
NaN,NaN,NaN,NaN,NaN,NaN
NaN,NaN,NaN,NaN,NaN,NaN
NaN,NaN,NaN,NaN,NaN,NaN
NaN,NaN,NaN,NaN,NaN,NaN
NaN,NaN,NaN,NaN,NaN,NaN
NaN,NaN,NaN,NaN,NaN,NaN
NaN,NaN,NaN,NaN,NaN,NaN
NaN,NaN,NaN,NaN,NaN,NaN
NaN,NaN,NaN,NaN,NaN,NaN
NaN,NaN,NaN,NaN,NaN,NaN
NaN,NaN,NaN,NaN,NaN,NaN
NaN,NaN,NaN,NaN,NaN,NaN
NaN,NaN,NaN,NaN,NaN,NaN
NaN,NaN,NaN,NaN,NaN,NaN
NaN,NaN,NaN,NaN,NaN,NaN
NaN,NaN,NaN,NaN,NaN,NaN
NaN,NaN,NaN,NaN,NaN,NaN
NaN,NaN,NaN,NaN,NaN,NaN
NaN,NaN,NaN,NaN,NaN,NaN
NaN,NaN,NaN,NaN,NaN,NaN
NaN,NaN,NaN,NaN,NaN,NaN
NaN,NaN,NaN,NaN,NaN,NaN
NaN,NaN,NaN,NaN,NaN,NaN
NaN,NaN,NaN,NaN,NaN,NaN
NaN,NaN,NaN,NaN,NaN,NaN
NaN,NaN,NaN,NaN,NaN,NaN
NaN,NaN,NaN,NaN,NaN,NaN
NaN,NaN,NaN,NaN,NaN,NaN
NaN,NaN,NaN,NaN,NaN,NaN
NaN,NaN,NaN,NaN,NaN,NaN
NaN,NaN,NaN,NaN,NaN,NaN
NaN,NaN,NaN,NaN,NaN,NaN
NaN,NaN,NaN,NaN,NaN,NaN
NaN,NaN,NaN,NaN,NaN,NaN
NaN,NaN,NaN,NaN,NaN,NaN
NaN,NaN,NaN,NaN,NaN,NaN
NaN,NaN,NaN,NaN,NaN,NaN
NaN,NaN,NaN,NaN,NaN,NaN
NaN,NaN,NaN,NaN,NaN,NaN
NaN,NaN,NaN,NaN,NaN,NaN
NaN,NaN,NaN,NaN,NaN,NaN
NaN,NaN,NaN,NaN,NaN,NaN
NaN,NaN,NaN,NaN,NaN,NaN
NaN,NaN,NaN,NaN,NaN,NaN
NaN,NaN,NaN,NaN,NaN,NaN
NaN,NaN,NaN,NaN,NaN,NaN
NaN,NaN,NaN,NaN,NaN,NaN
NaN,NaN,NaN,NaN,NaN,NaN
NaN,NaN,NaN,NaN,NaN,NaN
NaN,NaN,NaN,NaN,NaN,NaN
NaN,NaN,NaN,NaN,NaN,NaN
NaN,NaN,NaN,NaN,NaN,NaN
NaN,NaN,NaN,NaN,NaN,NaN
NaN,NaN,NaN,NaN,NaN,NaN
NaN,NaN,NaN,NaN,NaN,NaN
NaN,NaN,NaN,NaN,NaN,NaN
NaN,NaN,NaN,NaN,NaN,NaN
NaN,NaN,NaN,NaN,NaN,NaN
NaN,NaN,NaN,NaN,NaN,NaN
NaN,NaN,NaN,NaN,NaN,NaN
NaN,NaN,NaN,NaN,NaN,NaN
NaN,NaN,NaN,NaN,NaN,NaN
NaN,NaN,NaN,NaN,NaN,NaN
NaN,NaN,NaN,NaN,NaN,NaN
NaN,NaN,NaN,NaN,NaN,NaN
NaN,NaN,NaN,NaN,NaN,NaN
NaN,NaN,NaN,NaN,NaN,NaN
NaN,NaN,NaN,NaN,NaN,NaN
NaN,NaN,NaN,NaN,NaN,NaN
NaN,NaN,NaN,NaN,NaN,NaN
NaN,NaN,NaN,NaN,NaN,NaN
NaN,NaN,NaN,NaN,NaN,NaN
NaN,NaN,NaN,NaN,NaN,NaN
NaN,NaN,NaN,NaN,NaN,NaN
NaN,NaN,NaN,NaN,NaN,NaN
NaN,NaN,NaN,NaN,NaN,NaN
NaN,NaN,NaN,NaN,NaN,NaN
NaN,NaN,NaN,NaN,NaN,NaN
NaN,NaN,NaN,NaN,NaN,NaN
NaN,NaN,NaN,NaN,NaN,NaN
NaN,NaN,NaN,NaN,NaN,NaN
NaN,NaN,NaN,NaN,NaN,NaN
NaN,NaN,NaN,NaN,NaN,NaN
NaN,NaN,NaN,NaN,NaN,NaN
NaN,NaN,NaN,NaN,NaN,NaN
NaN,NaN,NaN,NaN,NaN,NaN
NaN,NaN,NaN,NaN,NaN,NaN
NaN,NaN,NaN,NaN,NaN,NaN
NaN,NaN,NaN,NaN,NaN,NaN
NaN,NaN,NaN,NaN,NaN,NaN
NaN,NaN,NaN,NaN,NaN,NaN
NaN,NaN,NaN,NaN,NaN,NaN
NaN,NaN,NaN,NaN,NaN,NaN
NaN,NaN,NaN,NaN,NaN,NaN
NaN,NaN,NaN,NaN,NaN,NaN
NaN,NaN,NaN,NaN,NaN,NaN
NaN,NaN,NaN,NaN,NaN,NaN
NaN,NaN,NaN,NaN,NaN,NaN
NaN,NaN,NaN,NaN,NaN,NaN
NaN,NaN,NaN,NaN,NaN,NaN
NaN,NaN,NaN,NaN,NaN,NaN
NaN,NaN,NaN,NaN,NaN,NaN
NaN,NaN,NaN,NaN,NaN,NaN
NaN,NaN,NaN,NaN,NaN,NaN
NaN,NaN,NaN,NaN,NaN,NaN
NaN,NaN,NaN,NaN,NaN,NaN
NaN,NaN,NaN,NaN,NaN,NaN
NaN,NaN,NaN,NaN,NaN,NaN
NaN,NaN,NaN,NaN,NaN,NaN
NaN,NaN,NaN,NaN,NaN,NaN
NaN,NaN,NaN,NaN,NaN,NaN
NaN,NaN,NaN,NaN,NaN,NaN
NaN,NaN,NaN,NaN,NaN,NaN
NaN,NaN,NaN,NaN,NaN,NaN
NaN,NaN,NaN,NaN,NaN,NaN
NaN,NaN,NaN,NaN,NaN,NaN
NaN,NaN,NaN,NaN,NaN,NaN
NaN,NaN,NaN,NaN,NaN,NaN
NaN,NaN,NaN,NaN,NaN,NaN
NaN,NaN,NaN,NaN,NaN,NaN
NaN,NaN,NaN,NaN,NaN,NaN
NaN,NaN,NaN,NaN,NaN,NaN
NaN,NaN,NaN,NaN,NaN,NaN
NaN,NaN,NaN,NaN,NaN,NaN
NaN,NaN,NaN,NaN,NaN,NaN
NaN,NaN,NaN,NaN,NaN,NaN
NaN,NaN,NaN,NaN,NaN,NaN
NaN,NaN,NaN,NaN,NaN,NaN
NaN,NaN,NaN,NaN,NaN,NaN
NaN,NaN,NaN,NaN,NaN,NaN
NaN,NaN,NaN,NaN,NaN,NaN
NaN,NaN,NaN,NaN,NaN,NaN
NaN,NaN,NaN,NaN,NaN,NaN
NaN,NaN,NaN,NaN,NaN,NaN
NaN,NaN,NaN,NaN,NaN,NaN
NaN,NaN,NaN,NaN,NaN,NaN
NaN,NaN,NaN,NaN,NaN,NaN
NaN,NaN,NaN,NaN,NaN,NaN
NaN,NaN,NaN,NaN,NaN,NaN
NaN,NaN,NaN,NaN,NaN,NaN
NaN,NaN,NaN,NaN,NaN,NaN
NaN,NaN,NaN,NaN,NaN,NaN
NaN,NaN,NaN,NaN,NaN,NaN
NaN,NaN,NaN,NaN,NaN,NaN
NaN,NaN,NaN,NaN,NaN,NaN
NaN,NaN,NaN,NaN,NaN,NaN
NaN,NaN,NaN,NaN,NaN,NaN
NaN,NaN,NaN,NaN,NaN,NaN
NaN,NaN,NaN,NaN,NaN,NaN
NaN,NaN,NaN,NaN,NaN,NaN
NaN,NaN,NaN,NaN,NaN,NaN
NaN,NaN,NaN,NaN,NaN,NaN
NaN,NaN,NaN,NaN,NaN,NaN
NaN,NaN,NaN,NaN,NaN,NaN
NaN,NaN,NaN,NaN,NaN,NaN
NaN,NaN,NaN,NaN,NaN,NaN
NaN,NaN,NaN,NaN,NaN,NaN
NaN,NaN,NaN,NaN,NaN,NaN
NaN,NaN,NaN,NaN,NaN,NaN
NaN,NaN,NaN,NaN,NaN,NaN
NaN,NaN,NaN,NaN,NaN,NaN
NaN,NaN,NaN,NaN,NaN,NaN
NaN,NaN,NaN,NaN,NaN,NaN
NaN,NaN,NaN,NaN,NaN,NaN
NaN,NaN,NaN,NaN,NaN,NaN
NaN,NaN,NaN,NaN,NaN,NaN
NaN,NaN,NaN,NaN,NaN,NaN
NaN,NaN,NaN,NaN,NaN,NaN
NaN,NaN,NaN,NaN,NaN,NaN
NaN,NaN,NaN,NaN,NaN,NaN
NaN,NaN,NaN,NaN,NaN,NaN
NaN,NaN,NaN,NaN,NaN,NaN
NaN,NaN,NaN,NaN,NaN,NaN
NaN,NaN,NaN,NaN,NaN,NaN
NaN,NaN,NaN,NaN,NaN,NaN
NaN,NaN,NaN,NaN,NaN,NaN
NaN,NaN,NaN,NaN,NaN,NaN
NaN,NaN,NaN,NaN,NaN,NaN
NaN,NaN,NaN,NaN,NaN,NaN
NaN,NaN,NaN,NaN,NaN,NaN
NaN,NaN,NaN,NaN,NaN,NaN
NaN,NaN,NaN,NaN,NaN,NaN
NaN,NaN,NaN,NaN,NaN,NaN
NaN,NaN,NaN,NaN,NaN,NaN
NaN,NaN,NaN,NaN,NaN,NaN
NaN,NaN,NaN,NaN,NaN,NaN
NaN,NaN,NaN,NaN,NaN,NaN
NaN,NaN,NaN,NaN,NaN,NaN
NaN,NaN,NaN,NaN,NaN,NaN
NaN,NaN,NaN,NaN,NaN,NaN
NaN,NaN,NaN,NaN,NaN,NaN
NaN,NaN,NaN,NaN,NaN,NaN
NaN,NaN,NaN,NaN,NaN,NaN
NaN,NaN,NaN,NaN,NaN,NaN
NaN,NaN,NaN,NaN,NaN,NaN
NaN,NaN,NaN,NaN,NaN,NaN
NaN,NaN,NaN,NaN,NaN,NaN
NaN,NaN,NaN,NaN,NaN,NaN
NaN,NaN,NaN,NaN,NaN,NaN
NaN,NaN,NaN,NaN,NaN,NaN
NaN,NaN,NaN,NaN,NaN,NaN
NaN,NaN,NaN,NaN,NaN,NaN
NaN,NaN,NaN,NaN,NaN,NaN
NaN,NaN,NaN,NaN,NaN,NaN
NaN,NaN,NaN,NaN,NaN,NaN
NaN,NaN,NaN,NaN,NaN,NaN
NaN,NaN,NaN,NaN,NaN,NaN
NaN,NaN,NaN,NaN,NaN,NaN
NaN,NaN,NaN,NaN,NaN,NaN
NaN,NaN,NaN,NaN,NaN,NaN
NaN,NaN,NaN,NaN,NaN,NaN
NaN,NaN,NaN,NaN,NaN,NaN
NaN,NaN,NaN,NaN,NaN,NaN
NaN,NaN,NaN,NaN,NaN,NaN
NaN,NaN,NaN,NaN,NaN,NaN
NaN,NaN,NaN,NaN,NaN,NaN
NaN,NaN,NaN,NaN,NaN,NaN
NaN,NaN,NaN,NaN,NaN,NaN
NaN,NaN,NaN,NaN,NaN,NaN
NaN,NaN,NaN,NaN,NaN,NaN
NaN,NaN,NaN,NaN,NaN,NaN
NaN,NaN,NaN,NaN,NaN,NaN
NaN,NaN,NaN,NaN,NaN,NaN
NaN,NaN,NaN,NaN,NaN,NaN
NaN,NaN,NaN,NaN,NaN,NaN
NaN,NaN,NaN,NaN,NaN,NaN
NaN,NaN,NaN,NaN,NaN,NaN
NaN,NaN,NaN,NaN,NaN,NaN
NaN,NaN,NaN,NaN,NaN,NaN
NaN,NaN,NaN,NaN,NaN,NaN
NaN,NaN,NaN,NaN,NaN,NaN
NaN,NaN,NaN,NaN,NaN,NaN
NaN,NaN,NaN,NaN,NaN,NaN
NaN,NaN,NaN,NaN,NaN,NaN
NaN,NaN,NaN,NaN,NaN,NaN
NaN,NaN,NaN,NaN,NaN,NaN
NaN,NaN,NaN,NaN,NaN,NaN
NaN,NaN,NaN,NaN,NaN,NaN
NaN,NaN,NaN,NaN,NaN,NaN
NaN,NaN,NaN,NaN,NaN,NaN
NaN,NaN,NaN,NaN,NaN,NaN
NaN,NaN,NaN,NaN,NaN,NaN
NaN,NaN,NaN,NaN,NaN,NaN
NaN,NaN,NaN,NaN,NaN,NaN
NaN,NaN,NaN,NaN,NaN,NaN
NaN,NaN,NaN,NaN,NaN,NaN
NaN,NaN,NaN,NaN,NaN,NaN
NaN,NaN,NaN,NaN,NaN,NaN
NaN,NaN,NaN,NaN,NaN,NaN
NaN,NaN,NaN,NaN,NaN,NaN
NaN,NaN,NaN,NaN,NaN,NaN
NaN,NaN,NaN,NaN,NaN,NaN
NaN,NaN,NaN,NaN,NaN,NaN
NaN,NaN,NaN,NaN,NaN,NaN
NaN,NaN,NaN,NaN,NaN,NaN
NaN,NaN,NaN,NaN,NaN,NaN
NaN,NaN,NaN,NaN,NaN,NaN
NaN,NaN,NaN,NaN,NaN,NaN
NaN,NaN,NaN,NaN,NaN,NaN
NaN,NaN,NaN,NaN,NaN,NaN
NaN,NaN,NaN,NaN,NaN,NaN
NaN,NaN,NaN,NaN,NaN,NaN
NaN,NaN,NaN,NaN,NaN,NaN
NaN,NaN,NaN,NaN,NaN,NaN
NaN,NaN,NaN,NaN,NaN,NaN
NaN,NaN,NaN,NaN,NaN,NaN
NaN,NaN,NaN,NaN,NaN,NaN
NaN,NaN,NaN,NaN,NaN,NaN
NaN,NaN,NaN,NaN,NaN,NaN
NaN,NaN,NaN,NaN,NaN,NaN
NaN,NaN,NaN,NaN,NaN,NaN
NaN,NaN,NaN,NaN,NaN,NaN
NaN,NaN,NaN,NaN,NaN,NaN
NaN,NaN,NaN,NaN,NaN,NaN
NaN,NaN,NaN,NaN,NaN,NaN
NaN,NaN,NaN,NaN,NaN,NaN
NaN,NaN,NaN,NaN,NaN,NaN
NaN,NaN,NaN,NaN,NaN,NaN
NaN,NaN,NaN,NaN,NaN,NaN
NaN,NaN,NaN,NaN,NaN,NaN
NaN,NaN,NaN,NaN,NaN,NaN
NaN,NaN,NaN,NaN,NaN,NaN
NaN,NaN,NaN,NaN,NaN,NaN
NaN,NaN,NaN,NaN,NaN,NaN
NaN,NaN,NaN,NaN,NaN,NaN
NaN,NaN,NaN,NaN,NaN,NaN
NaN,NaN,NaN,NaN,NaN,NaN
NaN,NaN,NaN,NaN,NaN,NaN
NaN,NaN,NaN,NaN,NaN,NaN
NaN,NaN,NaN,NaN,NaN,NaN
NaN,NaN,NaN,NaN,NaN,NaN
NaN,NaN,NaN,NaN,NaN,NaN
NaN,NaN,NaN,NaN,NaN,NaN
NaN,NaN,NaN,NaN,NaN,NaN
NaN,NaN,NaN,NaN,NaN,NaN
NaN,NaN,NaN,NaN,NaN,NaN
NaN,NaN,NaN,NaN,NaN,NaN
NaN,NaN,NaN,NaN,NaN,NaN
NaN,NaN,NaN,NaN,NaN,NaN
NaN,NaN,NaN,NaN,NaN,NaN
NaN,NaN,NaN,NaN,NaN,NaN
NaN,NaN,NaN,NaN,NaN,NaN
NaN,NaN,NaN,NaN,NaN,NaN
NaN,NaN,NaN,NaN,NaN,NaN
NaN,NaN,NaN,NaN,NaN,NaN
NaN,NaN,NaN,NaN,NaN,NaN
NaN,NaN,NaN,NaN,NaN,NaN
NaN,NaN,NaN,NaN,NaN,NaN
NaN,NaN,NaN,NaN,NaN,NaN
NaN,NaN,NaN,NaN,NaN,NaN
NaN,NaN,NaN,NaN,NaN,NaN
NaN,NaN,NaN,NaN,NaN,NaN
NaN,NaN,NaN,NaN,NaN,NaN
NaN,NaN,NaN,NaN,NaN,NaN
NaN,NaN,NaN,NaN,NaN,NaN
NaN,NaN,NaN,NaN,NaN,NaN
NaN,NaN,NaN,NaN,NaN,NaN
NaN,NaN,NaN,NaN,NaN,NaN
NaN,NaN,NaN,NaN,NaN,NaN
NaN,NaN,NaN,NaN,NaN,NaN
NaN,NaN,NaN,NaN,NaN,NaN
NaN,NaN,NaN,NaN,NaN,NaN
NaN,NaN,NaN,NaN,NaN,NaN
NaN,NaN,NaN,NaN,NaN,NaN
NaN,NaN,NaN,NaN,NaN,NaN
NaN,NaN,NaN,NaN,NaN,NaN
NaN,NaN,NaN,NaN,NaN,NaN
NaN,NaN,NaN,NaN,NaN,NaN
NaN,NaN,NaN,NaN,NaN,NaN
NaN,NaN,NaN,NaN,NaN,NaN
NaN,NaN,NaN,NaN,NaN,NaN
NaN,NaN,NaN,NaN,NaN,NaN
NaN,NaN,NaN,NaN,NaN,NaN
NaN,NaN,NaN,NaN,NaN,NaN
NaN,NaN,NaN,NaN,NaN,NaN
NaN,NaN,NaN,NaN,NaN,NaN
NaN,NaN,NaN,NaN,NaN,NaN
NaN,NaN,NaN,NaN,NaN,NaN
NaN,NaN,NaN,NaN,NaN,NaN
NaN,NaN,NaN,NaN,NaN,NaN
NaN,NaN,NaN,NaN,NaN,NaN
NaN,NaN,NaN,NaN,NaN,NaN
NaN,NaN,NaN,NaN,NaN,NaN
NaN,NaN,NaN,NaN,NaN,NaN
NaN,NaN,NaN,NaN,NaN,NaN
NaN,NaN,NaN,NaN,NaN,NaN
NaN,NaN,NaN,NaN,NaN,NaN
NaN,NaN,NaN,NaN,NaN,NaN
NaN,NaN,NaN,NaN,NaN,NaN
NaN,NaN,NaN,NaN,NaN,NaN
NaN,NaN,NaN,NaN,NaN,NaN
NaN,NaN,NaN,NaN,NaN,NaN
NaN,NaN,NaN,NaN,NaN,NaN
NaN,NaN,NaN,NaN,NaN,NaN
NaN,NaN,NaN,NaN,NaN,NaN
NaN,NaN,NaN,NaN,NaN,NaN
NaN,NaN,NaN,NaN,NaN,NaN
NaN,NaN,NaN,NaN,NaN,NaN
NaN,NaN,NaN,NaN,NaN,NaN
NaN,NaN,NaN,NaN,NaN,NaN
NaN,NaN,NaN,NaN,NaN,NaN
NaN,NaN,NaN,NaN,NaN,NaN
NaN,NaN,NaN,NaN,NaN,NaN
NaN,NaN,NaN,NaN,NaN,NaN
NaN,NaN,NaN,NaN,NaN,NaN
NaN,NaN,NaN,NaN,NaN,NaN
NaN,NaN,NaN,NaN,NaN,NaN
NaN,NaN,NaN,NaN,NaN,NaN
NaN,NaN,NaN,NaN,NaN,NaN
NaN,NaN,NaN,NaN,NaN,NaN
NaN,NaN,NaN,NaN,NaN,NaN
NaN,NaN,NaN,NaN,NaN,NaN
NaN,NaN,NaN,NaN,NaN,NaN
NaN,NaN,NaN,NaN,NaN,NaN
NaN,NaN,NaN,NaN,NaN,NaN
NaN,NaN,NaN,NaN,NaN,NaN
NaN,NaN,NaN,NaN,NaN,NaN
NaN,NaN,NaN,NaN,NaN,NaN
NaN,NaN,NaN,NaN,NaN,NaN
NaN,NaN,NaN,NaN,NaN,NaN
NaN,NaN,NaN,NaN,NaN,NaN
NaN,NaN,NaN,NaN,NaN,NaN
NaN,NaN,NaN,NaN,NaN,NaN
NaN,NaN,NaN,NaN,NaN,NaN
NaN,NaN,NaN,NaN,NaN,NaN
NaN,NaN,NaN,NaN,NaN,NaN
NaN,NaN,NaN,NaN,NaN,NaN
NaN,NaN,NaN,NaN,NaN,NaN
NaN,NaN,NaN,NaN,NaN,NaN
NaN,NaN,NaN,NaN,NaN,NaN
NaN,NaN,NaN,NaN,NaN,NaN
NaN,NaN,NaN,NaN,NaN,NaN
NaN,NaN,NaN,NaN,NaN,NaN
NaN,NaN,NaN,NaN,NaN,NaN
NaN,NaN,NaN,NaN,NaN,NaN
NaN,NaN,NaN,NaN,NaN,NaN
NaN,NaN,NaN,NaN,NaN,NaN
NaN,NaN,NaN,NaN,NaN,NaN
NaN,NaN,NaN,NaN,NaN,NaN
NaN,NaN,NaN,NaN,NaN,NaN
NaN,NaN,NaN,NaN,NaN,NaN
NaN,NaN,NaN,NaN,NaN,NaN
NaN,NaN,NaN,NaN,NaN,NaN
NaN,NaN,NaN,NaN,NaN,NaN
NaN,NaN,NaN,NaN,NaN,NaN
NaN,NaN,NaN,NaN,NaN,NaN
NaN,NaN,NaN,NaN,NaN,NaN
NaN,NaN,NaN,NaN,NaN,NaN
NaN,NaN,NaN,NaN,NaN,NaN
NaN,NaN,NaN,NaN,NaN,NaN
NaN,NaN,NaN,NaN,NaN,NaN
NaN,NaN,NaN,NaN,NaN,NaN
NaN,NaN,NaN,NaN,NaN,NaN
NaN,NaN,NaN,NaN,NaN,NaN
NaN,NaN,NaN,NaN,NaN,NaN
NaN,NaN,NaN,NaN,NaN,NaN
NaN,NaN,NaN,NaN,NaN,NaN
NaN,NaN,NaN,NaN,NaN,NaN
NaN,NaN,NaN,NaN,NaN,NaN
NaN,NaN,NaN,NaN,NaN,NaN
NaN,NaN,NaN,NaN,NaN,NaN
NaN,NaN,NaN,NaN,NaN,NaN
NaN,NaN,NaN,NaN,NaN,NaN
NaN,NaN,NaN,NaN,NaN,NaN
NaN,NaN,NaN,NaN,NaN,NaN
NaN,NaN,NaN,NaN,NaN,NaN
NaN,NaN,NaN,NaN,NaN,NaN
NaN,NaN,NaN,NaN,NaN,NaN
NaN,NaN,NaN,NaN,NaN,NaN
NaN,NaN,NaN,NaN,NaN,NaN
NaN,NaN,NaN,NaN,NaN,NaN
NaN,NaN,NaN,NaN,NaN,NaN
NaN,NaN,NaN,NaN,NaN,NaN
NaN,NaN,NaN,NaN,NaN,NaN
NaN,NaN,NaN,NaN,NaN,NaN
NaN,NaN,NaN,NaN,NaN,NaN
NaN,NaN,NaN,NaN,NaN,NaN
NaN,NaN,NaN,NaN,NaN,NaN
NaN,NaN,NaN,NaN,NaN,NaN
NaN,NaN,NaN,NaN,NaN,NaN
NaN,NaN,NaN,NaN,NaN,NaN
NaN,NaN,NaN,NaN,NaN,NaN
NaN,NaN,NaN,NaN,NaN,NaN
NaN,NaN,NaN,NaN,NaN,NaN
NaN,NaN,NaN,NaN,NaN,NaN
NaN,NaN,NaN,NaN,NaN,NaN
NaN,NaN,NaN,NaN,NaN,NaN
NaN,NaN,NaN,NaN,NaN,NaN
NaN,NaN,NaN,NaN,NaN,NaN
NaN,NaN,NaN,NaN,NaN,NaN
NaN,NaN,NaN,NaN,NaN,NaN
NaN,NaN,NaN,NaN,NaN,NaN
NaN,NaN,NaN,NaN,NaN,NaN
NaN,NaN,NaN,NaN,NaN,NaN
NaN,NaN,NaN,NaN,NaN,NaN
NaN,NaN,NaN,NaN,NaN,NaN
NaN,NaN,NaN,NaN,NaN,NaN
NaN,NaN,NaN,NaN,NaN,NaN
NaN,NaN,NaN,NaN,NaN,NaN
NaN,NaN,NaN,NaN,NaN,NaN
NaN,NaN,NaN,NaN,NaN,NaN
NaN,NaN,NaN,NaN,NaN,NaN
NaN,NaN,NaN,NaN,NaN,NaN
NaN,NaN,NaN,NaN,NaN,NaN
NaN,NaN,NaN,NaN,NaN,NaN
NaN,NaN,NaN,NaN,NaN,NaN
NaN,NaN,NaN,NaN,NaN,NaN
NaN,NaN,NaN,NaN,NaN,NaN
NaN,NaN,NaN,NaN,NaN,NaN
NaN,NaN,NaN,NaN,NaN,NaN
NaN,NaN,NaN,NaN,NaN,NaN
NaN,NaN,NaN,NaN,NaN,NaN
NaN,NaN,NaN,NaN,NaN,NaN
NaN,NaN,NaN,NaN,NaN,NaN
NaN,NaN,NaN,NaN,NaN,NaN
NaN,NaN,NaN,NaN,NaN,NaN
NaN,NaN,NaN,NaN,NaN,NaN
NaN,NaN,NaN,NaN,NaN,NaN
NaN,NaN,NaN,NaN,NaN,NaN
NaN,NaN,NaN,NaN,NaN,NaN
NaN,NaN,NaN,NaN,NaN,NaN
NaN,NaN,NaN,NaN,NaN,NaN
NaN,NaN,NaN,NaN,NaN,NaN
NaN,NaN,NaN,NaN,NaN,NaN
NaN,NaN,NaN,NaN,NaN,NaN
NaN,NaN,NaN,NaN,NaN,NaN
NaN,NaN,NaN,NaN,NaN,NaN
NaN,NaN,NaN,NaN,NaN,NaN
NaN,NaN,NaN,NaN,NaN,NaN
NaN,NaN,NaN,NaN,NaN,NaN
NaN,NaN,NaN,NaN,NaN,NaN
NaN,NaN,NaN,NaN,NaN,NaN
NaN,NaN,NaN,NaN,NaN,NaN
NaN,NaN,NaN,NaN,NaN,NaN
NaN,NaN,NaN,NaN,NaN,NaN
NaN,NaN,NaN,NaN,NaN,NaN
NaN,NaN,NaN,NaN,NaN,NaN
NaN,NaN,NaN,NaN,NaN,NaN
NaN,NaN,NaN,NaN,NaN,NaN
NaN,NaN,NaN,NaN,NaN,NaN
NaN,NaN,NaN,NaN,NaN,NaN
NaN,NaN,NaN,NaN,NaN,NaN
NaN,NaN,NaN,NaN,NaN,NaN
NaN,NaN,NaN,NaN,NaN,NaN
NaN,NaN,NaN,NaN,NaN,NaN
NaN,NaN,NaN,NaN,NaN,NaN
NaN,NaN,NaN,NaN,NaN,NaN
NaN,NaN,NaN,NaN,NaN,NaN
NaN,NaN,NaN,NaN,NaN,NaN
NaN,NaN,NaN,NaN,NaN,NaN
NaN,NaN,NaN,NaN,NaN,NaN
NaN,NaN,NaN,NaN,NaN,NaN
NaN,NaN,NaN,NaN,NaN,NaN
NaN,NaN,NaN,NaN,NaN,NaN
NaN,NaN,NaN,NaN,NaN,NaN
NaN,NaN,NaN,NaN,NaN,NaN
NaN,NaN,NaN,NaN,NaN,NaN
NaN,NaN,NaN,NaN,NaN,NaN
NaN,NaN,NaN,NaN,NaN,NaN
NaN,NaN,NaN,NaN,NaN,NaN
NaN,NaN,NaN,NaN,NaN,NaN
NaN,NaN,NaN,NaN,NaN,NaN
NaN,NaN,NaN,NaN,NaN,NaN
NaN,NaN,NaN,NaN,NaN,NaN
NaN,NaN,NaN,NaN,NaN,NaN
NaN,NaN,NaN,NaN,NaN,NaN
NaN,NaN,NaN,NaN,NaN,NaN
NaN,NaN,NaN,NaN,NaN,NaN
NaN,NaN,NaN,NaN,NaN,NaN
NaN,NaN,NaN,NaN,NaN,NaN
NaN,NaN,NaN,NaN,NaN,NaN
NaN,NaN,NaN,NaN,NaN,NaN
NaN,NaN,NaN,NaN,NaN,NaN
NaN,NaN,NaN,NaN,NaN,NaN
NaN,NaN,NaN,NaN,NaN,NaN
NaN,NaN,NaN,NaN,NaN,NaN
NaN,NaN,NaN,NaN,NaN,NaN
NaN,NaN,NaN,NaN,NaN,NaN
NaN,NaN,NaN,NaN,NaN,NaN
NaN,NaN,NaN,NaN,NaN,NaN
NaN,NaN,NaN,NaN,NaN,NaN
NaN,NaN,NaN,NaN,NaN,NaN
NaN,NaN,NaN,NaN,NaN,NaN
NaN,NaN,NaN,NaN,NaN,NaN
NaN,NaN,NaN,NaN,NaN,NaN
NaN,NaN,NaN,NaN,NaN,NaN
NaN,NaN,NaN,NaN,NaN,NaN
NaN,NaN,NaN,NaN,NaN,NaN
NaN,NaN,NaN,NaN,NaN,NaN
NaN,NaN,NaN,NaN,NaN,NaN
NaN,NaN,NaN,NaN,NaN,NaN
NaN,NaN,NaN,NaN,NaN,NaN
NaN,NaN,NaN,NaN,NaN,NaN
NaN,NaN,NaN,NaN,NaN,NaN
NaN,NaN,NaN,NaN,NaN,NaN
NaN,NaN,NaN,NaN,NaN,NaN
NaN,NaN,NaN,NaN,NaN,NaN
NaN,NaN,NaN,NaN,NaN,NaN
NaN,NaN,NaN,NaN,NaN,NaN
NaN,NaN,NaN,NaN,NaN,NaN
NaN,NaN,NaN,NaN,NaN,NaN
NaN,NaN,NaN,NaN,NaN,NaN
NaN,NaN,NaN,NaN,NaN,NaN
NaN,NaN,NaN,NaN,NaN,NaN
NaN,NaN,NaN,NaN,NaN,NaN
NaN,NaN,NaN,NaN,NaN,NaN
NaN,NaN,NaN,NaN,NaN,NaN
NaN,NaN,NaN,NaN,NaN,NaN
NaN,NaN,NaN,NaN,NaN,NaN
NaN,NaN,NaN,NaN,NaN,NaN
NaN,NaN,NaN,NaN,NaN,NaN
NaN,NaN,NaN,NaN,NaN,NaN
NaN,NaN,NaN,NaN,NaN,NaN
NaN,NaN,NaN,NaN,NaN,NaN
NaN,NaN,NaN,NaN,NaN,NaN
NaN,NaN,NaN,NaN,NaN,NaN
NaN,NaN,NaN,NaN,NaN,NaN
NaN,NaN,NaN,NaN,NaN,NaN
NaN,NaN,NaN,NaN,NaN,NaN
NaN,NaN,NaN,NaN,NaN,NaN
NaN,NaN,NaN,NaN,NaN,NaN
NaN,NaN,NaN,NaN,NaN,NaN
NaN,NaN,NaN,NaN,NaN,NaN
NaN,NaN,NaN,NaN,NaN,NaN
NaN,NaN,NaN,NaN,NaN,NaN
NaN,NaN,NaN,NaN,NaN,NaN
NaN,NaN,NaN,NaN,NaN,NaN
NaN,NaN,NaN,NaN,NaN,NaN
NaN,NaN,NaN,NaN,NaN,NaN
NaN,NaN,NaN,NaN,NaN,NaN
NaN,NaN,NaN,NaN,NaN,NaN
NaN,NaN,NaN,NaN,NaN,NaN
NaN,NaN,NaN,NaN,NaN,NaN
NaN,NaN,NaN,NaN,NaN,NaN
NaN,NaN,NaN,NaN,NaN,NaN
NaN,NaN,NaN,NaN,NaN,NaN
NaN,NaN,NaN,NaN,NaN,NaN
NaN,NaN,NaN,NaN,NaN,NaN
NaN,NaN,NaN,NaN,NaN,NaN
NaN,NaN,NaN,NaN,NaN,NaN
NaN,NaN,NaN,NaN,NaN,NaN
NaN,NaN,NaN,NaN,NaN,NaN
NaN,NaN,NaN,NaN,NaN,NaN
NaN,NaN,NaN,NaN,NaN,NaN
NaN,NaN,NaN,NaN,NaN,NaN
NaN,NaN,NaN,NaN,NaN,NaN
NaN,NaN,NaN,NaN,NaN,NaN
NaN,NaN,NaN,NaN,NaN,NaN
NaN,NaN,NaN,NaN,NaN,NaN
NaN,NaN,NaN,NaN,NaN,NaN
NaN,NaN,NaN,NaN,NaN,NaN
NaN,NaN,NaN,NaN,NaN,NaN
NaN,NaN,NaN,NaN,NaN,NaN
NaN,NaN,NaN,NaN,NaN,NaN
NaN,NaN,NaN,NaN,NaN,NaN
NaN,NaN,NaN,NaN,NaN,NaN
NaN,NaN,NaN,NaN,NaN,NaN
NaN,NaN,NaN,NaN,NaN,NaN
NaN,NaN,NaN,NaN,NaN,NaN
NaN,NaN,NaN,NaN,NaN,NaN
NaN,NaN,NaN,NaN,NaN,NaN
NaN,NaN,NaN,NaN,NaN,NaN
NaN,NaN,NaN,NaN,NaN,NaN
NaN,NaN,NaN,NaN,NaN,NaN
NaN,NaN,NaN,NaN,NaN,NaN
NaN,NaN,NaN,NaN,NaN,NaN
NaN,NaN,NaN,NaN,NaN,NaN
NaN,NaN,NaN,NaN,NaN,NaN
NaN,NaN,NaN,NaN,NaN,NaN
NaN,NaN,NaN,NaN,NaN,NaN
NaN,NaN,NaN,NaN,NaN,NaN
NaN,NaN,NaN,NaN,NaN,NaN
NaN,NaN,NaN,NaN,NaN,NaN
NaN,NaN,NaN,NaN,NaN,NaN
NaN,NaN,NaN,NaN,NaN,NaN
NaN,NaN,NaN,NaN,NaN,NaN
NaN,NaN,NaN,NaN,NaN,NaN
NaN,NaN,NaN,NaN,NaN,NaN
NaN,NaN,NaN,NaN,NaN,NaN
NaN,NaN,NaN,NaN,NaN,NaN
NaN,NaN,NaN,NaN,NaN,NaN
NaN,NaN,NaN,NaN,NaN,NaN
NaN,NaN,NaN,NaN,NaN,NaN
NaN,NaN,NaN,NaN,NaN,NaN
NaN,NaN,NaN,NaN,NaN,NaN
NaN,NaN,NaN,NaN,NaN,NaN
NaN,NaN,NaN,NaN,NaN,NaN
NaN,NaN,NaN,NaN,NaN,NaN
NaN,NaN,NaN,NaN,NaN,NaN
NaN,NaN,NaN,NaN,NaN,NaN
NaN,NaN,NaN,NaN,NaN,NaN
NaN,NaN,NaN,NaN,NaN,NaN
NaN,NaN,NaN,NaN,NaN,NaN
NaN,NaN,NaN,NaN,NaN,NaN
NaN,NaN,NaN,NaN,NaN,NaN
NaN,NaN,NaN,NaN,NaN,NaN
NaN,NaN,NaN,NaN,NaN,NaN
NaN,NaN,NaN,NaN,NaN,NaN
NaN,NaN,NaN,NaN,NaN,NaN
NaN,NaN,NaN,NaN,NaN,NaN
NaN,NaN,NaN,NaN,NaN,NaN
NaN,NaN,NaN,NaN,NaN,NaN
NaN,NaN,NaN,NaN,NaN,NaN
NaN,NaN,NaN,NaN,NaN,NaN
NaN,NaN,NaN,NaN,NaN,NaN
NaN,NaN,NaN,NaN,NaN,NaN
NaN,NaN,NaN,NaN,NaN,NaN
NaN,NaN,NaN,NaN,NaN,NaN
NaN,NaN,NaN,NaN,NaN,NaN
NaN,NaN,NaN,NaN,NaN,NaN
NaN,NaN,NaN,NaN,NaN,NaN
NaN,NaN,NaN,NaN,NaN,NaN
NaN,NaN,NaN,NaN,NaN,NaN
NaN,NaN,NaN,NaN,NaN,NaN
NaN,NaN,NaN,NaN,NaN,NaN
NaN,NaN,NaN,NaN,NaN,NaN
NaN,NaN,NaN,NaN,NaN,NaN
NaN,NaN,NaN,NaN,NaN,NaN
NaN,NaN,NaN,NaN,NaN,NaN
NaN,NaN,NaN,NaN,NaN,NaN
NaN,NaN,NaN,NaN,NaN,NaN
NaN,NaN,NaN,NaN,NaN,NaN
NaN,NaN,NaN,NaN,NaN,NaN
NaN,NaN,NaN,NaN,NaN,NaN
NaN,NaN,NaN,NaN,NaN,NaN
NaN,NaN,NaN,NaN,NaN,NaN
NaN,NaN,NaN,NaN,NaN,NaN
NaN,NaN,NaN,NaN,NaN,NaN
NaN,NaN,NaN,NaN,NaN,NaN
NaN,NaN,NaN,NaN,NaN,NaN
NaN,NaN,NaN,NaN,NaN,NaN
NaN,NaN,NaN,NaN,NaN,NaN
NaN,NaN,NaN,NaN,NaN,NaN
NaN,NaN,NaN,NaN,NaN,NaN
NaN,NaN,NaN,NaN,NaN,NaN
NaN,NaN,NaN,NaN,NaN,NaN
NaN,NaN,NaN,NaN,NaN,NaN
NaN,NaN,NaN,NaN,NaN,NaN
NaN,NaN,NaN,NaN,NaN,NaN
NaN,NaN,NaN,NaN,NaN,NaN
NaN,NaN,NaN,NaN,NaN,NaN
NaN,NaN,NaN,NaN,NaN,NaN
NaN,NaN,NaN,NaN,NaN,NaN
NaN,NaN,NaN,NaN,NaN,NaN
NaN,NaN,NaN,NaN,NaN,NaN
NaN,NaN,NaN,NaN,NaN,NaN
NaN,NaN,NaN,NaN,NaN,NaN
NaN,NaN,NaN,NaN,NaN,NaN
NaN,NaN,NaN,NaN,NaN,NaN
NaN,NaN,NaN,NaN,NaN,NaN
NaN,NaN,NaN,NaN,NaN,NaN
NaN,NaN,NaN,NaN,NaN,NaN
NaN,NaN,NaN,NaN,NaN,NaN
NaN,NaN,NaN,NaN,NaN,NaN
NaN,NaN,NaN,NaN,NaN,NaN
NaN,NaN,NaN,NaN,NaN,NaN
NaN,NaN,NaN,NaN,NaN,NaN
NaN,NaN,NaN,NaN,NaN,NaN
NaN,NaN,NaN,NaN,NaN,NaN
NaN,NaN,NaN,NaN,NaN,NaN
NaN,NaN,NaN,NaN,NaN,NaN
NaN,NaN,NaN,NaN,NaN,NaN
NaN,NaN,NaN,NaN,NaN,NaN
NaN,NaN,NaN,NaN,NaN,NaN
NaN,NaN,NaN,NaN,NaN,NaN
NaN,NaN,NaN,NaN,NaN,NaN
NaN,NaN,NaN,NaN,NaN,NaN
NaN,NaN,NaN,NaN,NaN,NaN
NaN,NaN,NaN,NaN,NaN,NaN
NaN,NaN,NaN,NaN,NaN,NaN
NaN,NaN,NaN,NaN,NaN,NaN
NaN,NaN,NaN,NaN,NaN,NaN
NaN,NaN,NaN,NaN,NaN,NaN
NaN,NaN,NaN,NaN,NaN,NaN
NaN,NaN,NaN,NaN,NaN,NaN
NaN,NaN,NaN,NaN,NaN,NaN
NaN,NaN,NaN,NaN,NaN,NaN
NaN,NaN,NaN,NaN,NaN,NaN
NaN,NaN,NaN,NaN,NaN,NaN
NaN,NaN,NaN,NaN,NaN,NaN
NaN,NaN,NaN,NaN,NaN,NaN
NaN,NaN,NaN,NaN,NaN,NaN
NaN,NaN,NaN,NaN,NaN,NaN
NaN,NaN,NaN,NaN,NaN,NaN
NaN,NaN,NaN,NaN,NaN,NaN
NaN,NaN,NaN,NaN,NaN,NaN
NaN,NaN,NaN,NaN,NaN,NaN
NaN,NaN,NaN,NaN,NaN,NaN
NaN,NaN,NaN,NaN,NaN,NaN
NaN,NaN,NaN,NaN,NaN,NaN
NaN,NaN,NaN,NaN,NaN,NaN
NaN,NaN,NaN,NaN,NaN,NaN
NaN,NaN,NaN,NaN,NaN,NaN
NaN,NaN,NaN,NaN,NaN,NaN
NaN,NaN,NaN,NaN,NaN,NaN
NaN,NaN,NaN,NaN,NaN,NaN
NaN,NaN,NaN,NaN,NaN,NaN
NaN,NaN,NaN,NaN,NaN,NaN
NaN,NaN,NaN,NaN,NaN,NaN
NaN,NaN,NaN,NaN,NaN,NaN
NaN,NaN,NaN,NaN,NaN,NaN
NaN,NaN,NaN,NaN,NaN,NaN
NaN,NaN,NaN,NaN,NaN,NaN
NaN,NaN,NaN,NaN,NaN,NaN
NaN,NaN,NaN,NaN,NaN,NaN
NaN,NaN,NaN,NaN,NaN,NaN
NaN,NaN,NaN,NaN,NaN,NaN
NaN,NaN,NaN,NaN,NaN,NaN
NaN,NaN,NaN,NaN,NaN,NaN
NaN,NaN,NaN,NaN,NaN,NaN
NaN,NaN,NaN,NaN,NaN,NaN
NaN,NaN,NaN,NaN,NaN,NaN
NaN,NaN,NaN,NaN,NaN,NaN
NaN,NaN,NaN,NaN,NaN,NaN
NaN,NaN,NaN,NaN,NaN,NaN
NaN,NaN,NaN,NaN,NaN,NaN
NaN,NaN,NaN,NaN,NaN,NaN
NaN,NaN,NaN,NaN,NaN,NaN
NaN,NaN,NaN,NaN,NaN,NaN
NaN,NaN,NaN,NaN,NaN,NaN
NaN,NaN,NaN,NaN,NaN,NaN
NaN,NaN,NaN,NaN,NaN,NaN
NaN,NaN,NaN,NaN,NaN,NaN
NaN,NaN,NaN,NaN,NaN,NaN
NaN,NaN,NaN,NaN,NaN,NaN
NaN,NaN,NaN,NaN,NaN,NaN
NaN,NaN,NaN,NaN,NaN,NaN
NaN,NaN,NaN,NaN,NaN,NaN
NaN,NaN,NaN,NaN,NaN,NaN
NaN,NaN,NaN,NaN,NaN,NaN
NaN,NaN,NaN,NaN,NaN,NaN
NaN,NaN,NaN,NaN,NaN,NaN
NaN,NaN,NaN,NaN,NaN,NaN
NaN,NaN,NaN,NaN,NaN,NaN
NaN,NaN,NaN,NaN,NaN,NaN
NaN,NaN,NaN,NaN,NaN,NaN
NaN,NaN,NaN,NaN,NaN,NaN
NaN,NaN,NaN,NaN,NaN,NaN
NaN,NaN,NaN,NaN,NaN,NaN
NaN,NaN,NaN,NaN,NaN,NaN
NaN,NaN,NaN,NaN,NaN,NaN
NaN,NaN,NaN,NaN,NaN,NaN
NaN,NaN,NaN,NaN,NaN,NaN
NaN,NaN,NaN,NaN,NaN,NaN
NaN,NaN,NaN,NaN,NaN,NaN
NaN,NaN,NaN,NaN,NaN,NaN
NaN,NaN,NaN,NaN,NaN,NaN
NaN,NaN,NaN,NaN,NaN,NaN
NaN,NaN,NaN,NaN,NaN,NaN
NaN,NaN,NaN,NaN,NaN,NaN
NaN,NaN,NaN,NaN,NaN,NaN
NaN,NaN,NaN,NaN,NaN,NaN
NaN,NaN,NaN,NaN,NaN,NaN
NaN,NaN,NaN,NaN,NaN,NaN
NaN,NaN,NaN,NaN,NaN,NaN
NaN,NaN,NaN,NaN,NaN,NaN
NaN,NaN,NaN,NaN,NaN,NaN
NaN,NaN,NaN,NaN,NaN,NaN
NaN,NaN,NaN,NaN,NaN,NaN
NaN,NaN,NaN,NaN,NaN,NaN
NaN,NaN,NaN,NaN,NaN,NaN
NaN,NaN,NaN,NaN,NaN,NaN
NaN,NaN,NaN,NaN,NaN,NaN
NaN,NaN,NaN,NaN,NaN,NaN
NaN,NaN,NaN,NaN,NaN,NaN
NaN,NaN,NaN,NaN,NaN,NaN
NaN,NaN,NaN,NaN,NaN,NaN
NaN,NaN,NaN,NaN,NaN,NaN
NaN,NaN,NaN,NaN,NaN,NaN
NaN,NaN,NaN,NaN,NaN,NaN
NaN,NaN,NaN,NaN,NaN,NaN
NaN,NaN,NaN,NaN,NaN,NaN
NaN,NaN,NaN,NaN,NaN,NaN
NaN,NaN,NaN,NaN,NaN,NaN
NaN,NaN,NaN,NaN,NaN,NaN
NaN,NaN,NaN,NaN,NaN,NaN
NaN,NaN,NaN,NaN,NaN,NaN
NaN,NaN,NaN,NaN,NaN,NaN
NaN,NaN,NaN,NaN,NaN,NaN
NaN,NaN,NaN,NaN,NaN,NaN
NaN,NaN,NaN,NaN,NaN,NaN
NaN,NaN,NaN,NaN,NaN,NaN
NaN,NaN,NaN,NaN,NaN,NaN
NaN,NaN,NaN,NaN,NaN,NaN
NaN,NaN,NaN,NaN,NaN,NaN
NaN,NaN,NaN,NaN,NaN,NaN
NaN,NaN,NaN,NaN,NaN,NaN
NaN,NaN,NaN,NaN,NaN,NaN
NaN,NaN,NaN,NaN,NaN,NaN
NaN,NaN,NaN,NaN,NaN,NaN
NaN,NaN,NaN,NaN,NaN,NaN
NaN,NaN,NaN,NaN,NaN,NaN
NaN,NaN,NaN,NaN,NaN,NaN
NaN,NaN,NaN,NaN,NaN,NaN
NaN,NaN,NaN,NaN,NaN,NaN
NaN,NaN,NaN,NaN,NaN,NaN
NaN,NaN,NaN,NaN,NaN,NaN
NaN,NaN,NaN,NaN,NaN,NaN
NaN,NaN,NaN,NaN,NaN,NaN
NaN,NaN,NaN,NaN,NaN,NaN
NaN,NaN,NaN,NaN,NaN,NaN
NaN,NaN,NaN,NaN,NaN,NaN
NaN,NaN,NaN,NaN,NaN,NaN
NaN,NaN,NaN,NaN,NaN,NaN
NaN,NaN,NaN,NaN,NaN,NaN
NaN,NaN,NaN,NaN,NaN,NaN
NaN,NaN,NaN,NaN,NaN,NaN
NaN,NaN,NaN,NaN,NaN,NaN
NaN,NaN,NaN,NaN,NaN,NaN
NaN,NaN,NaN,NaN,NaN,NaN
NaN,NaN,NaN,NaN,NaN,NaN
NaN,NaN,NaN,NaN,NaN,NaN
NaN,NaN,NaN,NaN,NaN,NaN
NaN,NaN,NaN,NaN,NaN,NaN
NaN,NaN,NaN,NaN,NaN,NaN
NaN,NaN,NaN,NaN,NaN,NaN
NaN,NaN,NaN,NaN,NaN,NaN
NaN,NaN,NaN,NaN,NaN,NaN
NaN,NaN,NaN,NaN,NaN,NaN
NaN,NaN,NaN,NaN,NaN,NaN
NaN,NaN,NaN,NaN,NaN,NaN
NaN,NaN,NaN,NaN,NaN,NaN
NaN,NaN,NaN,NaN,NaN,NaN
NaN,NaN,NaN,NaN,NaN,NaN
NaN,NaN,NaN,NaN,NaN,NaN
NaN,NaN,NaN,NaN,NaN,NaN
NaN,NaN,NaN,NaN,NaN,NaN
NaN,NaN,NaN,NaN,NaN,NaN
NaN,NaN,NaN,NaN,NaN,NaN
NaN,NaN,NaN,NaN,NaN,NaN
NaN,NaN,NaN,NaN,NaN,NaN
NaN,NaN,NaN,NaN,NaN,NaN
NaN,NaN,NaN,NaN,NaN,NaN
NaN,NaN,NaN,NaN,NaN,NaN
NaN,NaN,NaN,NaN,NaN,NaN
NaN,NaN,NaN,NaN,NaN,NaN
NaN,NaN,NaN,NaN,NaN,NaN
NaN,NaN,NaN,NaN,NaN,NaN
NaN,NaN,NaN,NaN,NaN,NaN
NaN,NaN,NaN,NaN,NaN,NaN
NaN,NaN,NaN,NaN,NaN,NaN
NaN,NaN,NaN,NaN,NaN,NaN
NaN,NaN,NaN,NaN,NaN,NaN
NaN,NaN,NaN,NaN,NaN,NaN
NaN,NaN,NaN,NaN,NaN,NaN
NaN,NaN,NaN,NaN,NaN,NaN
NaN,NaN,NaN,NaN,NaN,NaN
NaN,NaN,NaN,NaN,NaN,NaN
NaN,NaN,NaN,NaN,NaN,NaN
NaN,NaN,NaN,NaN,NaN,NaN
NaN,NaN,NaN,NaN,NaN,NaN
NaN,NaN,NaN,NaN,NaN,NaN
NaN,NaN,NaN,NaN,NaN,NaN
NaN,NaN,NaN,NaN,NaN,NaN
NaN,NaN,NaN,NaN,NaN,NaN
NaN,NaN,NaN,NaN,NaN,NaN
NaN,NaN,NaN,NaN,NaN,NaN
NaN,NaN,NaN,NaN,NaN,NaN
NaN,NaN,NaN,NaN,NaN,NaN
NaN,NaN,NaN,NaN,NaN,NaN
NaN,NaN,NaN,NaN,NaN,NaN
NaN,NaN,NaN,NaN,NaN,NaN
NaN,NaN,NaN,NaN,NaN,NaN
NaN,NaN,NaN,NaN,NaN,NaN
NaN,NaN,NaN,NaN,NaN,NaN
NaN,NaN,NaN,NaN,NaN,NaN
NaN,NaN,NaN,NaN,NaN,NaN
NaN,NaN,NaN,NaN,NaN,NaN
NaN,NaN,NaN,NaN,NaN,NaN
NaN,NaN,NaN,NaN,NaN,NaN
NaN,NaN,NaN,NaN,NaN,NaN
NaN,NaN,NaN,NaN,NaN,NaN
NaN,NaN,NaN,NaN,NaN,NaN
NaN,NaN,NaN,NaN,NaN,NaN
NaN,NaN,NaN,NaN,NaN,NaN
NaN,NaN,NaN,NaN,NaN,NaN
NaN,NaN,NaN,NaN,NaN,NaN
NaN,NaN,NaN,NaN,NaN,NaN
NaN,NaN,NaN,NaN,NaN,NaN
NaN,NaN,NaN,NaN,NaN,NaN
NaN,NaN,NaN,NaN,NaN,NaN
NaN,NaN,NaN,NaN,NaN,NaN
NaN,NaN,NaN,NaN,NaN,NaN
NaN,NaN,NaN,NaN,NaN,NaN
NaN,NaN,NaN,NaN,NaN,NaN
NaN,NaN,NaN,NaN,NaN,NaN
NaN,NaN,NaN,NaN,NaN,NaN
NaN,NaN,NaN,NaN,NaN,NaN
NaN,NaN,NaN,NaN,NaN,NaN
NaN,NaN,NaN,NaN,NaN,NaN
NaN,NaN,NaN,NaN,NaN,NaN
NaN,NaN,NaN,NaN,NaN,NaN
NaN,NaN,NaN,NaN,NaN,NaN
NaN,NaN,NaN,NaN,NaN,NaN
NaN,NaN,NaN,NaN,NaN,NaN
NaN,NaN,NaN,NaN,NaN,NaN
NaN,NaN,NaN,NaN,NaN,NaN
NaN,NaN,NaN,NaN,NaN,NaN
NaN,NaN,NaN,NaN,NaN,NaN
NaN,NaN,NaN,NaN,NaN,NaN
NaN,NaN,NaN,NaN,NaN,NaN
NaN,NaN,NaN,NaN,NaN,NaN
NaN,NaN,NaN,NaN,NaN,NaN
NaN,NaN,NaN,NaN,NaN,NaN
NaN,NaN,NaN,NaN,NaN,NaN
NaN,NaN,NaN,NaN,NaN,NaN
NaN,NaN,NaN,NaN,NaN,NaN
NaN,NaN,NaN,NaN,NaN,NaN
NaN,NaN,NaN,NaN,NaN,NaN
NaN,NaN,NaN,NaN,NaN,NaN
NaN,NaN,NaN,NaN,NaN,NaN
NaN,NaN,NaN,NaN,NaN,NaN
NaN,NaN,NaN,NaN,NaN,NaN
NaN,NaN,NaN,NaN,NaN,NaN
NaN,NaN,NaN,NaN,NaN,NaN
NaN,NaN,NaN,NaN,NaN,NaN
NaN,NaN,NaN,NaN,NaN,NaN
NaN,NaN,NaN,NaN,NaN,NaN
NaN,NaN,NaN,NaN,NaN,NaN
NaN,NaN,NaN,NaN,NaN,NaN
NaN,NaN,NaN,NaN,NaN,NaN
NaN,NaN,NaN,NaN,NaN,NaN
NaN,NaN,NaN,NaN,NaN,NaN
NaN,NaN,NaN,NaN,NaN,NaN
NaN,NaN,NaN,NaN,NaN,NaN
NaN,NaN,NaN,NaN,NaN,NaN
NaN,NaN,NaN,NaN,NaN,NaN
NaN,NaN,NaN,NaN,NaN,NaN
NaN,NaN,NaN,NaN,NaN,NaN
NaN,NaN,NaN,NaN,NaN,NaN
NaN,NaN,NaN,NaN,NaN,NaN
NaN,NaN,NaN,NaN,NaN,NaN
NaN,NaN,NaN,NaN,NaN,NaN
NaN,NaN,NaN,NaN,NaN,NaN
NaN,NaN,NaN,NaN,NaN,NaN
NaN,NaN,NaN,NaN,NaN,NaN
NaN,NaN,NaN,NaN,NaN,NaN
NaN,NaN,NaN,NaN,NaN,NaN
NaN,NaN,NaN,NaN,NaN,NaN
NaN,NaN,NaN,NaN,NaN,NaN
NaN,NaN,NaN,NaN,NaN,NaN
NaN,NaN,NaN,NaN,NaN,NaN
NaN,NaN,NaN,NaN,NaN,NaN
NaN,NaN,NaN,NaN,NaN,NaN
NaN,NaN,NaN,NaN,NaN,NaN
NaN,NaN,NaN,NaN,NaN,NaN
NaN,NaN,NaN,NaN,NaN,NaN
NaN,NaN,NaN,NaN,NaN,NaN
NaN,NaN,NaN,NaN,NaN,NaN
NaN,NaN,NaN,NaN,NaN,NaN
NaN,NaN,NaN,NaN,NaN,NaN
NaN,NaN,NaN,NaN,NaN,NaN
NaN,NaN,NaN,NaN,NaN,NaN
NaN,NaN,NaN,NaN,NaN,NaN
NaN,NaN,NaN,NaN,NaN,NaN
NaN,NaN,NaN,NaN,NaN,NaN
NaN,NaN,NaN,NaN,NaN,NaN
NaN,NaN,NaN,NaN,NaN,NaN
NaN,NaN,NaN,NaN,NaN,NaN
NaN,NaN,NaN,NaN,NaN,NaN
NaN,NaN,NaN,NaN,NaN,NaN
NaN,NaN,NaN,NaN,NaN,NaN
NaN,NaN,NaN,NaN,NaN,NaN
NaN,NaN,NaN,NaN,NaN,NaN
NaN,NaN,NaN,NaN,NaN,NaN
NaN,NaN,NaN,NaN,NaN,NaN
NaN,NaN,NaN,NaN,NaN,NaN
NaN,NaN,NaN,NaN,NaN,NaN
NaN,NaN,NaN,NaN,NaN,NaN
NaN,NaN,NaN,NaN,NaN,NaN
NaN,NaN,NaN,NaN,NaN,NaN
NaN,NaN,NaN,NaN,NaN,NaN
NaN,NaN,NaN,NaN,NaN,NaN
NaN,NaN,NaN,NaN,NaN,NaN
NaN,NaN,NaN,NaN,NaN,NaN
NaN,NaN,NaN,NaN,NaN,NaN
NaN,NaN,NaN,NaN,NaN,NaN
NaN,NaN,NaN,NaN,NaN,NaN
NaN,NaN,NaN,NaN,NaN,NaN
NaN,NaN,NaN,NaN,NaN,NaN
NaN,NaN,NaN,NaN,NaN,NaN
NaN,NaN,NaN,NaN,NaN,NaN
NaN,NaN,NaN,NaN,NaN,NaN
NaN,NaN,NaN,NaN,NaN,NaN
NaN,NaN,NaN,NaN,NaN,NaN
NaN,NaN,NaN,NaN,NaN,NaN
NaN,NaN,NaN,NaN,NaN,NaN
NaN,NaN,NaN,NaN,NaN,NaN
NaN,NaN,NaN,NaN,NaN,NaN
NaN,NaN,NaN,NaN,NaN,NaN
NaN,NaN,NaN,NaN,NaN,NaN
NaN,NaN,NaN,NaN,NaN,NaN
NaN,NaN,NaN,NaN,NaN,NaN
NaN,NaN,NaN,NaN,NaN,NaN
NaN,NaN,NaN,NaN,NaN,NaN
NaN,NaN,NaN,NaN,NaN,NaN
NaN,NaN,NaN,NaN,NaN,NaN
NaN,NaN,NaN,NaN,NaN,NaN
NaN,NaN,NaN,NaN,NaN,NaN
NaN,NaN,NaN,NaN,NaN,NaN
NaN,NaN,NaN,NaN,NaN,NaN
NaN,NaN,NaN,NaN,NaN,NaN
NaN,NaN,NaN,NaN,NaN,NaN
NaN,NaN,NaN,NaN,NaN,NaN
NaN,NaN,NaN,NaN,NaN,NaN
NaN,NaN,NaN,NaN,NaN,NaN
NaN,NaN,NaN,NaN,NaN,NaN
NaN,NaN,NaN,NaN,NaN,NaN
NaN,NaN,NaN,NaN,NaN,NaN
NaN,NaN,NaN,NaN,NaN,NaN
NaN,NaN,NaN,NaN,NaN,NaN
NaN,NaN,NaN,NaN,NaN,NaN
NaN,NaN,NaN,NaN,NaN,NaN
NaN,NaN,NaN,NaN,NaN,NaN
NaN,NaN,NaN,NaN,NaN,NaN
NaN,NaN,NaN,NaN,NaN,NaN
NaN,NaN,NaN,NaN,NaN,NaN
NaN,NaN,NaN,NaN,NaN,NaN
NaN,NaN,NaN,NaN,NaN,NaN
NaN,NaN,NaN,NaN,NaN,NaN
NaN,NaN,NaN,NaN,NaN,NaN
NaN,NaN,NaN,NaN,NaN,NaN
NaN,NaN,NaN,NaN,NaN,NaN
NaN,NaN,NaN,NaN,NaN,NaN
NaN,NaN,NaN,NaN,NaN,NaN
NaN,NaN,NaN,NaN,NaN,NaN
NaN,NaN,NaN,NaN,NaN,NaN
NaN,NaN,NaN,NaN,NaN,NaN
NaN,NaN,NaN,NaN,NaN,NaN
NaN,NaN,NaN,NaN,NaN,NaN
NaN,NaN,NaN,NaN,NaN,NaN
NaN,NaN,NaN,NaN,NaN,NaN
NaN,NaN,NaN,NaN,NaN,NaN
NaN,NaN,NaN,NaN,NaN,NaN
NaN,NaN,NaN,NaN,NaN,NaN
NaN,NaN,NaN,NaN,NaN,NaN
NaN,NaN,NaN,NaN,NaN,NaN
NaN,NaN,NaN,NaN,NaN,NaN
NaN,NaN,NaN,NaN,NaN,NaN
NaN,NaN,NaN,NaN,NaN,NaN
NaN,NaN,NaN,NaN,NaN,NaN
NaN,NaN,NaN,NaN,NaN,NaN
NaN,NaN,NaN,NaN,NaN,NaN
NaN,NaN,NaN,NaN,NaN,NaN
NaN,NaN,NaN,NaN,NaN,NaN
NaN,NaN,NaN,NaN,NaN,NaN
NaN,NaN,NaN,NaN,NaN,NaN
NaN,NaN,NaN,NaN,NaN,NaN
NaN,NaN,NaN,NaN,NaN,NaN
NaN,NaN,NaN,NaN,NaN,NaN
NaN,NaN,NaN,NaN,NaN,NaN
NaN,NaN,NaN,NaN,NaN,NaN
NaN,NaN,NaN,NaN,NaN,NaN
NaN,NaN,NaN,NaN,NaN,NaN
NaN,NaN,NaN,NaN,NaN,NaN
NaN,NaN,NaN,NaN,NaN,NaN
NaN,NaN,NaN,NaN,NaN,NaN
NaN,NaN,NaN,NaN,NaN,NaN
NaN,NaN,NaN,NaN,NaN,NaN
NaN,NaN,NaN,NaN,NaN,NaN
NaN,NaN,NaN,NaN,NaN,NaN
NaN,NaN,NaN,NaN,NaN,NaN
NaN,NaN,NaN,NaN,NaN,NaN
NaN,NaN,NaN,NaN,NaN,NaN
NaN,NaN,NaN,NaN,NaN,NaN
NaN,NaN,NaN,NaN,NaN,NaN
NaN,NaN,NaN,NaN,NaN,NaN
NaN,NaN,NaN,NaN,NaN,NaN
NaN,NaN,NaN,NaN,NaN,NaN
NaN,NaN,NaN,NaN,NaN,NaN
NaN,NaN,NaN,NaN,NaN,NaN
NaN,NaN,NaN,NaN,NaN,NaN
NaN,NaN,NaN,NaN,NaN,NaN
NaN,NaN,NaN,NaN,NaN,NaN
NaN,NaN,NaN,NaN,NaN,NaN
NaN,NaN,NaN,NaN,NaN,NaN
NaN,NaN,NaN,NaN,NaN,NaN
NaN,NaN,NaN,NaN,NaN,NaN
NaN,NaN,NaN,NaN,NaN,NaN
NaN,NaN,NaN,NaN,NaN,NaN
NaN,NaN,NaN,NaN,NaN,NaN
NaN,NaN,NaN,NaN,NaN,NaN
NaN,NaN,NaN,NaN,NaN,NaN
NaN,NaN,NaN,NaN,NaN,NaN
NaN,NaN,NaN,NaN,NaN,NaN
NaN,NaN,NaN,NaN,NaN,NaN
NaN,NaN,NaN,NaN,NaN,NaN
NaN,NaN,NaN,NaN,NaN,NaN
NaN,NaN,NaN,NaN,NaN,NaN
NaN,NaN,NaN,NaN,NaN,NaN
NaN,NaN,NaN,NaN,NaN,NaN
NaN,NaN,NaN,NaN,NaN,NaN
NaN,NaN,NaN,NaN,NaN,NaN
NaN,NaN,NaN,NaN,NaN,NaN
NaN,NaN,NaN,NaN,NaN,NaN
NaN,NaN,NaN,NaN,NaN,NaN
NaN,NaN,NaN,NaN,NaN,NaN
NaN,NaN,NaN,NaN,NaN,NaN
NaN,NaN,NaN,NaN,NaN,NaN
NaN,NaN,NaN,NaN,NaN,NaN
NaN,NaN,NaN,NaN,NaN,NaN
NaN,NaN,NaN,NaN,NaN,NaN
NaN,NaN,NaN,NaN,NaN,NaN
NaN,NaN,NaN,NaN,NaN,NaN
NaN,NaN,NaN,NaN,NaN,NaN
NaN,NaN,NaN,NaN,NaN,NaN
NaN,NaN,NaN,NaN,NaN,NaN
NaN,NaN,NaN,NaN,NaN,NaN
NaN,NaN,NaN,NaN,NaN,NaN
NaN,NaN,NaN,NaN,NaN,NaN
NaN,NaN,NaN,NaN,NaN,NaN
NaN,NaN,NaN,NaN,NaN,NaN
NaN,NaN,NaN,NaN,NaN,NaN
NaN,NaN,NaN,NaN,NaN,NaN
NaN,NaN,NaN,NaN,NaN,NaN
NaN,NaN,NaN,NaN,NaN,NaN
NaN,NaN,NaN,NaN,NaN,NaN
NaN,NaN,NaN,NaN,NaN,NaN
NaN,NaN,NaN,NaN,NaN,NaN
NaN,NaN,NaN,NaN,NaN,NaN
NaN,NaN,NaN,NaN,NaN,NaN
NaN,NaN,NaN,NaN,NaN,NaN
NaN,NaN,NaN,NaN,NaN,NaN
NaN,NaN,NaN,NaN,NaN,NaN
NaN,NaN,NaN,NaN,NaN,NaN
NaN,NaN,NaN,NaN,NaN,NaN
NaN,NaN,NaN,NaN,NaN,NaN
NaN,NaN,NaN,NaN,NaN,NaN
NaN,NaN,NaN,NaN,NaN,NaN
NaN,NaN,NaN,NaN,NaN,NaN
NaN,NaN,NaN,NaN,NaN,NaN
NaN,NaN,NaN,NaN,NaN,NaN
NaN,NaN,NaN,NaN,NaN,NaN
NaN,NaN,NaN,NaN,NaN,NaN
NaN,NaN,NaN,NaN,NaN,NaN
NaN,NaN,NaN,NaN,NaN,NaN
NaN,NaN,NaN,NaN,NaN,NaN
NaN,NaN,NaN,NaN,NaN,NaN
NaN,NaN,NaN,NaN,NaN,NaN
NaN,NaN,NaN,NaN,NaN,NaN
NaN,NaN,NaN,NaN,NaN,NaN
NaN,NaN,NaN,NaN,NaN,NaN
NaN,NaN,NaN,NaN,NaN,NaN
NaN,NaN,NaN,NaN,NaN,NaN
NaN,NaN,NaN,NaN,NaN,NaN
NaN,NaN,NaN,NaN,NaN,NaN
NaN,NaN,NaN,NaN,NaN,NaN
NaN,NaN,NaN,NaN,NaN,NaN
NaN,NaN,NaN,NaN,NaN,NaN
NaN,NaN,NaN,NaN,NaN,NaN
NaN,NaN,NaN,NaN,NaN,NaN
NaN,NaN,NaN,NaN,NaN,NaN
NaN,NaN,NaN,NaN,NaN,NaN
NaN,NaN,NaN,NaN,NaN,NaN
NaN,NaN,NaN,NaN,NaN,NaN
NaN,NaN,NaN,NaN,NaN,NaN
NaN,NaN,NaN,NaN,NaN,NaN
NaN,NaN,NaN,NaN,NaN,NaN
NaN,NaN,NaN,NaN,NaN,NaN
NaN,NaN,NaN,NaN,NaN,NaN
NaN,NaN,NaN,NaN,NaN,NaN
NaN,NaN,NaN,NaN,NaN,NaN
NaN,NaN,NaN,NaN,NaN,NaN
NaN,NaN,NaN,NaN,NaN,NaN
NaN,NaN,NaN,NaN,NaN,NaN
NaN,NaN,NaN,NaN,NaN,NaN
NaN,NaN,NaN,NaN,NaN,NaN
NaN,NaN,NaN,NaN,NaN,NaN
