pt1_cam1_U,pt1_cam1_V,pt2_cam1_U,pt2_cam1_V,pt3_cam1_U,pt3_cam1_V
NaN,NaN,NaN,NaN,NaN,NaN
NaN,NaN,NaN,NaN,NaN,NaN
NaN,NaN,NaN,NaN,NaN,NaN
NaN,NaN,NaN,NaN,NaN,NaN
NaN,NaN,NaN,NaN,NaN,NaN
NaN,NaN,NaN,NaN,NaN,NaN
NaN,NaN,NaN,NaN,NaN,NaN
NaN,NaN,NaN,NaN,NaN,NaN
NaN,NaN,NaN,NaN,NaN,NaN
NaN,NaN,NaN,NaN,NaN,NaN
NaN,NaN,NaN,NaN,NaN,NaN
NaN,NaN,NaN,NaN,NaN,NaN
NaN,NaN,NaN,NaN,NaN,NaN
NaN,NaN,NaN,NaN,NaN,NaN
NaN,NaN,NaN,NaN,NaN,NaN
NaN,NaN,NaN,NaN,NaN,NaN
NaN,NaN,NaN,NaN,NaN,NaN
NaN,NaN,NaN,NaN,NaN,NaN
NaN,NaN,NaN,NaN,NaN,NaN
NaN,NaN,NaN,NaN,NaN,NaN
NaN,NaN,NaN,NaN,NaN,NaN
NaN,NaN,NaN,NaN,NaN,NaN
NaN,NaN,NaN,NaN,NaN,NaN
NaN,NaN,NaN,NaN,NaN,NaN
NaN,NaN,NaN,NaN,NaN,NaN
NaN,NaN,NaN,NaN,NaN,NaN
NaN,NaN,NaN,NaN,NaN,NaN
NaN,NaN,NaN,NaN,NaN,NaN
NaN,NaN,NaN,NaN,NaN,NaN
NaN,NaN,NaN,NaN,NaN,NaN
NaN,NaN,NaN,NaN,NaN,NaN
NaN,NaN,NaN,NaN,NaN,NaN
NaN,NaN,NaN,NaN,NaN,NaN
NaN,NaN,NaN,NaN,NaN,NaN
NaN,NaN,NaN,NaN,NaN,NaN
NaN,NaN,NaN,NaN,NaN,NaN
NaN,NaN,NaN,NaN,NaN,NaN
NaN,NaN,NaN,NaN,NaN,NaN
NaN,NaN,NaN,NaN,NaN,NaN
NaN,NaN,NaN,NaN,NaN,NaN
NaN,NaN,NaN,NaN,NaN,NaN
NaN,NaN,NaN,NaN,NaN,NaN
NaN,NaN,NaN,NaN,NaN,NaN
NaN,NaN,NaN,NaN,NaN,NaN
NaN,NaN,NaN,NaN,NaN,NaN
NaN,NaN,NaN,NaN,NaN,NaN
NaN,NaN,NaN,NaN,NaN,NaN
NaN,NaN,NaN,NaN,NaN,NaN
NaN,NaN,NaN,NaN,NaN,NaN
NaN,NaN,NaN,NaN,NaN,NaN
NaN,NaN,NaN,NaN,NaN,NaN
NaN,NaN,NaN,NaN,NaN,NaN
NaN,NaN,NaN,NaN,NaN,NaN
NaN,NaN,NaN,NaN,NaN,NaN
NaN,NaN,NaN,NaN,NaN,NaN
NaN,NaN,NaN,NaN,NaN,NaN
NaN,NaN,NaN,NaN,NaN,NaN
NaN,NaN,NaN,NaN,NaN,NaN
NaN,NaN,NaN,NaN,NaN,NaN
NaN,NaN,NaN,NaN,NaN,NaN
NaN,NaN,NaN,NaN,NaN,NaN
NaN,NaN,NaN,NaN,NaN,NaN
NaN,NaN,NaN,NaN,NaN,NaN
NaN,NaN,NaN,NaN,NaN,NaN
NaN,NaN,NaN,NaN,NaN,NaN
NaN,NaN,NaN,NaN,NaN,NaN
NaN,NaN,NaN,NaN,NaN,NaN
NaN,NaN,NaN,NaN,NaN,NaN
NaN,NaN,NaN,NaN,NaN,NaN
NaN,NaN,NaN,NaN,NaN,NaN
NaN,NaN,NaN,NaN,NaN,NaN
NaN,NaN,NaN,NaN,NaN,NaN
NaN,NaN,NaN,NaN,NaN,NaN
NaN,NaN,NaN,NaN,NaN,NaN
NaN,NaN,NaN,NaN,NaN,NaN
NaN,NaN,NaN,NaN,NaN,NaN
NaN,NaN,NaN,NaN,NaN,NaN
NaN,NaN,NaN,NaN,NaN,NaN
NaN,NaN,NaN,NaN,NaN,NaN
NaN,NaN,NaN,NaN,NaN,NaN
NaN,NaN,NaN,NaN,NaN,NaN
NaN,NaN,NaN,NaN,NaN,NaN
NaN,NaN,NaN,NaN,NaN,NaN
NaN,NaN,NaN,NaN,NaN,NaN
NaN,NaN,NaN,NaN,NaN,NaN
NaN,NaN,NaN,NaN,NaN,NaN
NaN,NaN,NaN,NaN,NaN,NaN
NaN,NaN,NaN,NaN,NaN,NaN
NaN,NaN,NaN,NaN,NaN,NaN
NaN,NaN,NaN,NaN,NaN,NaN
NaN,NaN,NaN,NaN,NaN,NaN
NaN,NaN,NaN,NaN,NaN,NaN
NaN,NaN,NaN,NaN,NaN,NaN
NaN,NaN,NaN,NaN,NaN,NaN
NaN,NaN,NaN,NaN,NaN,NaN
NaN,NaN,NaN,NaN,NaN,NaN
NaN,NaN,NaN,NaN,NaN,NaN
NaN,NaN,NaN,NaN,NaN,NaN
NaN,NaN,NaN,NaN,NaN,NaN
NaN,NaN,NaN,NaN,NaN,NaN
NaN,NaN,NaN,NaN,NaN,NaN
NaN,NaN,NaN,NaN,NaN,NaN
NaN,NaN,NaN,NaN,NaN,NaN
NaN,NaN,NaN,NaN,NaN,NaN
NaN,NaN,NaN,NaN,NaN,NaN
NaN,NaN,NaN,NaN,NaN,NaN
NaN,NaN,NaN,NaN,NaN,NaN
NaN,NaN,NaN,NaN,NaN,NaN
NaN,NaN,NaN,NaN,NaN,NaN
NaN,NaN,NaN,NaN,NaN,NaN
NaN,NaN,NaN,NaN,NaN,NaN
NaN,NaN,NaN,NaN,NaN,NaN
NaN,NaN,NaN,NaN,NaN,NaN
NaN,NaN,NaN,NaN,NaN,NaN
NaN,NaN,NaN,NaN,NaN,NaN
NaN,NaN,NaN,NaN,NaN,NaN
NaN,NaN,NaN,NaN,NaN,NaN
NaN,NaN,NaN,NaN,NaN,NaN
NaN,NaN,NaN,NaN,NaN,NaN
NaN,NaN,NaN,NaN,NaN,NaN
NaN,NaN,NaN,NaN,NaN,NaN
NaN,NaN,NaN,NaN,NaN,NaN
NaN,NaN,NaN,NaN,NaN,NaN
NaN,NaN,NaN,NaN,NaN,NaN
NaN,NaN,NaN,NaN,NaN,NaN
NaN,NaN,NaN,NaN,NaN,NaN
NaN,NaN,NaN,NaN,NaN,NaN
NaN,NaN,NaN,NaN,NaN,NaN
NaN,NaN,NaN,NaN,NaN,NaN
NaN,NaN,NaN,NaN,NaN,NaN
NaN,NaN,NaN,NaN,NaN,NaN
NaN,NaN,NaN,NaN,NaN,NaN
NaN,NaN,NaN,NaN,NaN,NaN
NaN,NaN,NaN,NaN,NaN,NaN
NaN,NaN,NaN,NaN,NaN,NaN
NaN,NaN,NaN,NaN,NaN,NaN
NaN,NaN,NaN,NaN,NaN,NaN
NaN,NaN,NaN,NaN,NaN,NaN
NaN,NaN,NaN,NaN,NaN,NaN
NaN,NaN,NaN,NaN,NaN,NaN
NaN,NaN,NaN,NaN,NaN,NaN
NaN,NaN,NaN,NaN,NaN,NaN
NaN,NaN,NaN,NaN,NaN,NaN
NaN,NaN,NaN,NaN,NaN,NaN
NaN,NaN,NaN,NaN,NaN,NaN
NaN,NaN,NaN,NaN,NaN,NaN
NaN,NaN,NaN,NaN,NaN,NaN
NaN,NaN,NaN,NaN,NaN,NaN
NaN,NaN,NaN,NaN,NaN,NaN
NaN,NaN,NaN,NaN,NaN,NaN
NaN,NaN,NaN,NaN,NaN,NaN
NaN,NaN,NaN,NaN,NaN,NaN
NaN,NaN,NaN,NaN,NaN,NaN
NaN,NaN,NaN,NaN,NaN,NaN
NaN,NaN,NaN,NaN,NaN,NaN
NaN,NaN,NaN,NaN,NaN,NaN
NaN,NaN,NaN,NaN,NaN,NaN
NaN,NaN,NaN,NaN,NaN,NaN
NaN,NaN,NaN,NaN,NaN,NaN
NaN,NaN,NaN,NaN,NaN,NaN
NaN,NaN,NaN,NaN,NaN,NaN
NaN,NaN,NaN,NaN,NaN,NaN
NaN,NaN,NaN,NaN,NaN,NaN
NaN,NaN,NaN,NaN,NaN,NaN
NaN,NaN,NaN,NaN,NaN,NaN
NaN,NaN,NaN,NaN,NaN,NaN
NaN,NaN,NaN,NaN,NaN,NaN
NaN,NaN,NaN,NaN,NaN,NaN
NaN,NaN,NaN,NaN,NaN,NaN
NaN,NaN,NaN,NaN,NaN,NaN
NaN,NaN,NaN,NaN,NaN,NaN
NaN,NaN,NaN,NaN,NaN,NaN
NaN,NaN,NaN,NaN,NaN,NaN
NaN,NaN,NaN,NaN,NaN,NaN
NaN,NaN,NaN,NaN,NaN,NaN
NaN,NaN,NaN,NaN,NaN,NaN
NaN,NaN,NaN,NaN,NaN,NaN
NaN,NaN,NaN,NaN,NaN,NaN
NaN,NaN,NaN,NaN,NaN,NaN
NaN,NaN,NaN,NaN,NaN,NaN
NaN,NaN,NaN,NaN,NaN,NaN
NaN,NaN,NaN,NaN,NaN,NaN
NaN,NaN,NaN,NaN,NaN,NaN
NaN,NaN,NaN,NaN,NaN,NaN
NaN,NaN,NaN,NaN,NaN,NaN
NaN,NaN,NaN,NaN,NaN,NaN
NaN,NaN,NaN,NaN,NaN,NaN
NaN,NaN,NaN,NaN,NaN,NaN
NaN,NaN,NaN,NaN,NaN,NaN
NaN,NaN,NaN,NaN,NaN,NaN
NaN,NaN,NaN,NaN,NaN,NaN
NaN,NaN,NaN,NaN,NaN,NaN
NaN,NaN,NaN,NaN,NaN,NaN
NaN,NaN,NaN,NaN,NaN,NaN
NaN,NaN,NaN,NaN,NaN,NaN
NaN,NaN,NaN,NaN,NaN,NaN
NaN,NaN,NaN,NaN,NaN,NaN
NaN,NaN,NaN,NaN,NaN,NaN
NaN,NaN,NaN,NaN,NaN,NaN
NaN,NaN,NaN,NaN,NaN,NaN
NaN,NaN,NaN,NaN,NaN,NaN
NaN,NaN,NaN,NaN,NaN,NaN
NaN,NaN,NaN,NaN,NaN,NaN
NaN,NaN,NaN,NaN,NaN,NaN
NaN,NaN,NaN,NaN,NaN,NaN
NaN,NaN,NaN,NaN,NaN,NaN
NaN,NaN,NaN,NaN,NaN,NaN
NaN,NaN,NaN,NaN,NaN,NaN
NaN,NaN,NaN,NaN,NaN,NaN
NaN,NaN,NaN,NaN,NaN,NaN
NaN,NaN,NaN,NaN,NaN,NaN
NaN,NaN,NaN,NaN,NaN,NaN
NaN,NaN,NaN,NaN,NaN,NaN
NaN,NaN,NaN,NaN,NaN,NaN
NaN,NaN,NaN,NaN,NaN,NaN
NaN,NaN,NaN,NaN,NaN,NaN
NaN,NaN,NaN,NaN,NaN,NaN
NaN,NaN,NaN,NaN,NaN,NaN
NaN,NaN,NaN,NaN,NaN,NaN
NaN,NaN,NaN,NaN,NaN,NaN
NaN,NaN,NaN,NaN,NaN,NaN
NaN,NaN,NaN,NaN,NaN,NaN
NaN,NaN,NaN,NaN,NaN,NaN
NaN,NaN,NaN,NaN,NaN,NaN
NaN,NaN,NaN,NaN,NaN,NaN
NaN,NaN,NaN,NaN,NaN,NaN
NaN,NaN,NaN,NaN,NaN,NaN
NaN,NaN,NaN,NaN,NaN,NaN
NaN,NaN,NaN,NaN,NaN,NaN
NaN,NaN,NaN,NaN,NaN,NaN
NaN,NaN,NaN,NaN,NaN,NaN
NaN,NaN,NaN,NaN,NaN,NaN
NaN,NaN,NaN,NaN,NaN,NaN
NaN,NaN,NaN,NaN,NaN,NaN
NaN,NaN,NaN,NaN,NaN,NaN
NaN,NaN,NaN,NaN,NaN,NaN
NaN,NaN,NaN,NaN,NaN,NaN
NaN,NaN,NaN,NaN,NaN,NaN
NaN,NaN,NaN,NaN,NaN,NaN
NaN,NaN,NaN,NaN,NaN,NaN
NaN,NaN,NaN,NaN,NaN,NaN
NaN,NaN,NaN,NaN,NaN,NaN
NaN,NaN,NaN,NaN,NaN,NaN
NaN,NaN,NaN,NaN,NaN,NaN
NaN,NaN,NaN,NaN,NaN,NaN
NaN,NaN,NaN,NaN,NaN,NaN
NaN,NaN,NaN,NaN,NaN,NaN
NaN,NaN,NaN,NaN,NaN,NaN
NaN,NaN,NaN,NaN,NaN,NaN
NaN,NaN,NaN,NaN,NaN,NaN
NaN,NaN,NaN,NaN,NaN,NaN
NaN,NaN,NaN,NaN,NaN,NaN
NaN,NaN,NaN,NaN,NaN,NaN
NaN,NaN,NaN,NaN,NaN,NaN
NaN,NaN,NaN,NaN,NaN,NaN
NaN,NaN,NaN,NaN,NaN,NaN
NaN,NaN,NaN,NaN,NaN,NaN
NaN,NaN,NaN,NaN,NaN,NaN
NaN,NaN,NaN,NaN,NaN,NaN
NaN,NaN,NaN,NaN,NaN,NaN
NaN,NaN,NaN,NaN,NaN,NaN
NaN,NaN,NaN,NaN,NaN,NaN
NaN,NaN,NaN,NaN,NaN,NaN
NaN,NaN,NaN,NaN,NaN,NaN
NaN,NaN,NaN,NaN,NaN,NaN
NaN,NaN,NaN,NaN,NaN,NaN
NaN,NaN,NaN,NaN,NaN,NaN
NaN,NaN,NaN,NaN,NaN,NaN
NaN,NaN,NaN,NaN,NaN,NaN
NaN,NaN,NaN,NaN,NaN,NaN
NaN,NaN,NaN,NaN,NaN,NaN
NaN,NaN,NaN,NaN,NaN,NaN
NaN,NaN,NaN,NaN,NaN,NaN
NaN,NaN,NaN,NaN,NaN,NaN
NaN,NaN,NaN,NaN,NaN,NaN
NaN,NaN,NaN,NaN,NaN,NaN
NaN,NaN,NaN,NaN,NaN,NaN
NaN,NaN,NaN,NaN,NaN,NaN
NaN,NaN,NaN,NaN,NaN,NaN
NaN,NaN,NaN,NaN,NaN,NaN
NaN,NaN,NaN,NaN,NaN,NaN
NaN,NaN,NaN,NaN,NaN,NaN
NaN,NaN,NaN,NaN,NaN,NaN
NaN,NaN,NaN,NaN,NaN,NaN
NaN,NaN,NaN,NaN,NaN,NaN
NaN,NaN,NaN,NaN,NaN,NaN
NaN,NaN,NaN,NaN,NaN,NaN
NaN,NaN,NaN,NaN,NaN,NaN
NaN,NaN,NaN,NaN,NaN,NaN
NaN,NaN,NaN,NaN,NaN,NaN
NaN,NaN,NaN,NaN,NaN,NaN
NaN,NaN,NaN,NaN,NaN,NaN
NaN,NaN,NaN,NaN,NaN,NaN
NaN,NaN,NaN,NaN,NaN,NaN
NaN,NaN,NaN,NaN,NaN,NaN
NaN,NaN,NaN,NaN,NaN,NaN
NaN,NaN,NaN,NaN,NaN,NaN
NaN,NaN,NaN,NaN,NaN,NaN
NaN,NaN,NaN,NaN,NaN,NaN
NaN,NaN,NaN,NaN,NaN,NaN
NaN,NaN,NaN,NaN,NaN,NaN
NaN,NaN,NaN,NaN,NaN,NaN
NaN,NaN,NaN,NaN,NaN,NaN
NaN,NaN,NaN,NaN,NaN,NaN
NaN,NaN,NaN,NaN,NaN,NaN
NaN,NaN,NaN,NaN,NaN,NaN
NaN,NaN,NaN,NaN,NaN,NaN
NaN,NaN,NaN,NaN,NaN,NaN
NaN,NaN,NaN,NaN,NaN,NaN
NaN,NaN,NaN,NaN,NaN,NaN
NaN,NaN,NaN,NaN,NaN,NaN
NaN,NaN,NaN,NaN,NaN,NaN
NaN,NaN,NaN,NaN,NaN,NaN
NaN,NaN,NaN,NaN,NaN,NaN
NaN,NaN,NaN,NaN,NaN,NaN
NaN,NaN,NaN,NaN,NaN,NaN
NaN,NaN,NaN,NaN,NaN,NaN
NaN,NaN,NaN,NaN,NaN,NaN
NaN,NaN,NaN,NaN,NaN,NaN
NaN,NaN,NaN,NaN,NaN,NaN
NaN,NaN,NaN,NaN,NaN,NaN
NaN,NaN,NaN,NaN,NaN,NaN
NaN,NaN,NaN,NaN,NaN,NaN
NaN,NaN,NaN,NaN,NaN,NaN
NaN,NaN,NaN,NaN,NaN,NaN
NaN,NaN,NaN,NaN,NaN,NaN
NaN,NaN,NaN,NaN,NaN,NaN
NaN,NaN,NaN,NaN,NaN,NaN
NaN,NaN,NaN,NaN,NaN,NaN
NaN,NaN,NaN,NaN,NaN,NaN
NaN,NaN,NaN,NaN,NaN,NaN
NaN,NaN,NaN,NaN,NaN,NaN
NaN,NaN,NaN,NaN,NaN,NaN
NaN,NaN,NaN,NaN,NaN,NaN
NaN,NaN,NaN,NaN,NaN,NaN
NaN,NaN,NaN,NaN,NaN,NaN
NaN,NaN,NaN,NaN,NaN,NaN
NaN,NaN,NaN,NaN,NaN,NaN
NaN,NaN,NaN,NaN,NaN,NaN
NaN,NaN,NaN,NaN,NaN,NaN
NaN,NaN,NaN,NaN,NaN,NaN
NaN,NaN,NaN,NaN,NaN,NaN
NaN,NaN,NaN,NaN,NaN,NaN
NaN,NaN,NaN,NaN,NaN,NaN
NaN,NaN,NaN,NaN,NaN,NaN
NaN,NaN,NaN,NaN,NaN,NaN
NaN,NaN,NaN,NaN,NaN,NaN
NaN,NaN,NaN,NaN,NaN,NaN
NaN,NaN,NaN,NaN,NaN,NaN
NaN,NaN,NaN,NaN,NaN,NaN
NaN,NaN,NaN,NaN,NaN,NaN
NaN,NaN,NaN,NaN,NaN,NaN
NaN,NaN,NaN,NaN,NaN,NaN
NaN,NaN,NaN,NaN,NaN,NaN
NaN,NaN,NaN,NaN,NaN,NaN
NaN,NaN,NaN,NaN,NaN,NaN
NaN,NaN,NaN,NaN,NaN,NaN
NaN,NaN,NaN,NaN,NaN,NaN
NaN,NaN,NaN,NaN,NaN,NaN
NaN,NaN,NaN,NaN,NaN,NaN
NaN,NaN,NaN,NaN,NaN,NaN
NaN,NaN,NaN,NaN,NaN,NaN
NaN,NaN,NaN,NaN,NaN,NaN
NaN,NaN,NaN,NaN,NaN,NaN
NaN,NaN,NaN,NaN,NaN,NaN
NaN,NaN,NaN,NaN,NaN,NaN
NaN,NaN,NaN,NaN,NaN,NaN
NaN,NaN,NaN,NaN,NaN,NaN
NaN,NaN,NaN,NaN,NaN,NaN
NaN,NaN,NaN,NaN,NaN,NaN
NaN,NaN,NaN,NaN,NaN,NaN
NaN,NaN,NaN,NaN,NaN,NaN
NaN,NaN,NaN,NaN,NaN,NaN
NaN,NaN,NaN,NaN,NaN,NaN
NaN,NaN,NaN,NaN,NaN,NaN
NaN,NaN,NaN,NaN,NaN,NaN
NaN,NaN,NaN,NaN,NaN,NaN
NaN,NaN,NaN,NaN,NaN,NaN
NaN,NaN,NaN,NaN,NaN,NaN
NaN,NaN,NaN,NaN,NaN,NaN
NaN,NaN,NaN,NaN,NaN,NaN
NaN,NaN,NaN,NaN,NaN,NaN
NaN,NaN,NaN,NaN,NaN,NaN
NaN,NaN,NaN,NaN,NaN,NaN
NaN,NaN,NaN,NaN,NaN,NaN
NaN,NaN,NaN,NaN,NaN,NaN
NaN,NaN,NaN,NaN,NaN,NaN
NaN,NaN,NaN,NaN,NaN,NaN
NaN,NaN,NaN,NaN,NaN,NaN
NaN,NaN,NaN,NaN,NaN,NaN
NaN,NaN,NaN,NaN,NaN,NaN
NaN,NaN,NaN,NaN,NaN,NaN
NaN,NaN,NaN,NaN,NaN,NaN
NaN,NaN,NaN,NaN,NaN,NaN
NaN,NaN,NaN,NaN,NaN,NaN
NaN,NaN,NaN,NaN,NaN,NaN
NaN,NaN,NaN,NaN,NaN,NaN
NaN,NaN,NaN,NaN,NaN,NaN
NaN,NaN,NaN,NaN,NaN,NaN
NaN,NaN,NaN,NaN,NaN,NaN
NaN,NaN,NaN,NaN,NaN,NaN
NaN,NaN,NaN,NaN,NaN,NaN
NaN,NaN,NaN,NaN,NaN,NaN
NaN,NaN,NaN,NaN,NaN,NaN
NaN,NaN,NaN,NaN,NaN,NaN
NaN,NaN,NaN,NaN,NaN,NaN
NaN,NaN,NaN,NaN,NaN,NaN
NaN,NaN,NaN,NaN,NaN,NaN
NaN,NaN,NaN,NaN,NaN,NaN
NaN,NaN,NaN,NaN,NaN,NaN
NaN,NaN,NaN,NaN,NaN,NaN
NaN,NaN,NaN,NaN,NaN,NaN
NaN,NaN,NaN,NaN,NaN,NaN
NaN,NaN,NaN,NaN,NaN,NaN
NaN,NaN,NaN,NaN,NaN,NaN
NaN,NaN,NaN,NaN,NaN,NaN
NaN,NaN,NaN,NaN,NaN,NaN
NaN,NaN,NaN,NaN,NaN,NaN
NaN,NaN,NaN,NaN,NaN,NaN
NaN,NaN,NaN,NaN,NaN,NaN
NaN,NaN,NaN,NaN,NaN,NaN
NaN,NaN,NaN,NaN,NaN,NaN
NaN,NaN,NaN,NaN,NaN,NaN
NaN,NaN,NaN,NaN,NaN,NaN
NaN,NaN,NaN,NaN,NaN,NaN
NaN,NaN,NaN,NaN,NaN,NaN
NaN,NaN,NaN,NaN,NaN,NaN
NaN,NaN,NaN,NaN,NaN,NaN
NaN,NaN,NaN,NaN,NaN,NaN
NaN,NaN,NaN,NaN,NaN,NaN
NaN,NaN,NaN,NaN,NaN,NaN
NaN,NaN,NaN,NaN,NaN,NaN
NaN,NaN,NaN,NaN,NaN,NaN
NaN,NaN,NaN,NaN,NaN,NaN
NaN,NaN,NaN,NaN,NaN,NaN
NaN,NaN,NaN,NaN,NaN,NaN
NaN,NaN,NaN,NaN,NaN,NaN
NaN,NaN,NaN,NaN,NaN,NaN
NaN,NaN,NaN,NaN,NaN,NaN
NaN,NaN,NaN,NaN,NaN,NaN
NaN,NaN,NaN,NaN,NaN,NaN
NaN,NaN,NaN,NaN,NaN,NaN
NaN,NaN,NaN,NaN,NaN,NaN
NaN,NaN,NaN,NaN,NaN,NaN
NaN,NaN,NaN,NaN,NaN,NaN
NaN,NaN,NaN,NaN,NaN,NaN
NaN,NaN,NaN,NaN,NaN,NaN
NaN,NaN,NaN,NaN,NaN,NaN
NaN,NaN,NaN,NaN,NaN,NaN
NaN,NaN,NaN,NaN,NaN,NaN
NaN,NaN,NaN,NaN,NaN,NaN
NaN,NaN,NaN,NaN,NaN,NaN
NaN,NaN,NaN,NaN,NaN,NaN
NaN,NaN,NaN,NaN,NaN,NaN
NaN,NaN,NaN,NaN,NaN,NaN
NaN,NaN,NaN,NaN,NaN,NaN
NaN,NaN,NaN,NaN,NaN,NaN
NaN,NaN,NaN,NaN,NaN,NaN
NaN,NaN,NaN,NaN,NaN,NaN
NaN,NaN,NaN,NaN,NaN,NaN
NaN,NaN,NaN,NaN,NaN,NaN
NaN,NaN,NaN,NaN,NaN,NaN
NaN,NaN,NaN,NaN,NaN,NaN
NaN,NaN,NaN,NaN,NaN,NaN
NaN,NaN,NaN,NaN,NaN,NaN
NaN,NaN,NaN,NaN,NaN,NaN
NaN,NaN,NaN,NaN,NaN,NaN
NaN,NaN,NaN,NaN,NaN,NaN
NaN,NaN,NaN,NaN,NaN,NaN
NaN,NaN,NaN,NaN,NaN,NaN
NaN,NaN,NaN,NaN,NaN,NaN
NaN,NaN,NaN,NaN,NaN,NaN
NaN,NaN,NaN,NaN,NaN,NaN
NaN,NaN,NaN,NaN,NaN,NaN
NaN,NaN,NaN,NaN,NaN,NaN
NaN,NaN,NaN,NaN,NaN,NaN
NaN,NaN,NaN,NaN,NaN,NaN
NaN,NaN,NaN,NaN,NaN,NaN
NaN,NaN,NaN,NaN,NaN,NaN
NaN,NaN,NaN,NaN,NaN,NaN
NaN,NaN,NaN,NaN,NaN,NaN
NaN,NaN,NaN,NaN,NaN,NaN
NaN,NaN,NaN,NaN,NaN,NaN
NaN,NaN,NaN,NaN,NaN,NaN
NaN,NaN,NaN,NaN,NaN,NaN
NaN,NaN,NaN,NaN,NaN,NaN
NaN,NaN,NaN,NaN,NaN,NaN
NaN,NaN,NaN,NaN,NaN,NaN
NaN,NaN,NaN,NaN,NaN,NaN
NaN,NaN,NaN,NaN,NaN,NaN
NaN,NaN,NaN,NaN,NaN,NaN
NaN,NaN,NaN,NaN,NaN,NaN
NaN,NaN,NaN,NaN,NaN,NaN
NaN,NaN,NaN,NaN,NaN,NaN
NaN,NaN,NaN,NaN,NaN,NaN
NaN,NaN,NaN,NaN,NaN,NaN
NaN,NaN,NaN,NaN,NaN,NaN
NaN,NaN,NaN,NaN,NaN,NaN
NaN,NaN,NaN,NaN,NaN,NaN
NaN,NaN,NaN,NaN,NaN,NaN
NaN,NaN,NaN,NaN,NaN,NaN
NaN,NaN,NaN,NaN,NaN,NaN
NaN,NaN,NaN,NaN,NaN,NaN
NaN,NaN,NaN,NaN,NaN,NaN
NaN,NaN,NaN,NaN,NaN,NaN
NaN,NaN,NaN,NaN,NaN,NaN
NaN,NaN,NaN,NaN,NaN,NaN
NaN,NaN,NaN,NaN,NaN,NaN
NaN,NaN,NaN,NaN,NaN,NaN
NaN,NaN,NaN,NaN,NaN,NaN
NaN,NaN,NaN,NaN,NaN,NaN
NaN,NaN,NaN,NaN,NaN,NaN
NaN,NaN,NaN,NaN,NaN,NaN
NaN,NaN,NaN,NaN,NaN,NaN
NaN,NaN,NaN,NaN,NaN,NaN
NaN,NaN,NaN,NaN,NaN,NaN
NaN,NaN,NaN,NaN,NaN,NaN
NaN,NaN,NaN,NaN,NaN,NaN
NaN,NaN,NaN,NaN,NaN,NaN
NaN,NaN,NaN,NaN,NaN,NaN
NaN,NaN,NaN,NaN,NaN,NaN
NaN,NaN,NaN,NaN,NaN,NaN
NaN,NaN,NaN,NaN,NaN,NaN
NaN,NaN,NaN,NaN,NaN,NaN
NaN,NaN,NaN,NaN,NaN,NaN
NaN,NaN,NaN,NaN,NaN,NaN
NaN,NaN,NaN,NaN,NaN,NaN
NaN,NaN,NaN,NaN,NaN,NaN
NaN,NaN,NaN,NaN,NaN,NaN
NaN,NaN,NaN,NaN,NaN,NaN
NaN,NaN,NaN,NaN,NaN,NaN
NaN,NaN,NaN,NaN,NaN,NaN
NaN,NaN,NaN,NaN,NaN,NaN
NaN,NaN,NaN,NaN,NaN,NaN
NaN,NaN,NaN,NaN,NaN,NaN
NaN,NaN,NaN,NaN,NaN,NaN
NaN,NaN,NaN,NaN,NaN,NaN
NaN,NaN,NaN,NaN,NaN,NaN
NaN,NaN,NaN,NaN,NaN,NaN
NaN,NaN,NaN,NaN,NaN,NaN
NaN,NaN,NaN,NaN,NaN,NaN
NaN,NaN,NaN,NaN,NaN,NaN
NaN,NaN,NaN,NaN,NaN,NaN
NaN,NaN,NaN,NaN,NaN,NaN
NaN,NaN,NaN,NaN,NaN,NaN
NaN,NaN,NaN,NaN,NaN,NaN
NaN,NaN,NaN,NaN,NaN,NaN
NaN,NaN,NaN,NaN,NaN,NaN
NaN,NaN,NaN,NaN,NaN,NaN
NaN,NaN,NaN,NaN,NaN,NaN
NaN,NaN,NaN,NaN,NaN,NaN
NaN,NaN,NaN,NaN,NaN,NaN
NaN,NaN,NaN,NaN,NaN,NaN
NaN,NaN,NaN,NaN,NaN,NaN
NaN,NaN,NaN,NaN,NaN,NaN
NaN,NaN,NaN,NaN,NaN,NaN
NaN,NaN,NaN,NaN,NaN,NaN
NaN,NaN,NaN,NaN,NaN,NaN
NaN,NaN,NaN,NaN,NaN,NaN
NaN,NaN,NaN,NaN,NaN,NaN
NaN,NaN,NaN,NaN,NaN,NaN
NaN,NaN,NaN,NaN,NaN,NaN
NaN,NaN,NaN,NaN,NaN,NaN
NaN,NaN,NaN,NaN,NaN,NaN
NaN,NaN,NaN,NaN,NaN,NaN
NaN,NaN,NaN,NaN,NaN,NaN
NaN,NaN,NaN,NaN,NaN,NaN
NaN,NaN,NaN,NaN,NaN,NaN
NaN,NaN,NaN,NaN,NaN,NaN
NaN,NaN,NaN,NaN,NaN,NaN
NaN,NaN,NaN,NaN,NaN,NaN
NaN,NaN,NaN,NaN,NaN,NaN
NaN,NaN,NaN,NaN,NaN,NaN
NaN,NaN,NaN,NaN,NaN,NaN
NaN,NaN,NaN,NaN,NaN,NaN
NaN,NaN,NaN,NaN,NaN,NaN
NaN,NaN,NaN,NaN,NaN,NaN
NaN,NaN,NaN,NaN,NaN,NaN
NaN,NaN,NaN,NaN,NaN,NaN
NaN,NaN,NaN,NaN,NaN,NaN
NaN,NaN,NaN,NaN,NaN,NaN
NaN,NaN,NaN,NaN,NaN,NaN
NaN,NaN,NaN,NaN,NaN,NaN
NaN,NaN,NaN,NaN,NaN,NaN
NaN,NaN,NaN,NaN,NaN,NaN
NaN,NaN,NaN,NaN,NaN,NaN
NaN,NaN,NaN,NaN,NaN,NaN
NaN,NaN,NaN,NaN,NaN,NaN
NaN,NaN,NaN,NaN,NaN,NaN
NaN,NaN,NaN,NaN,NaN,NaN
NaN,NaN,NaN,NaN,NaN,NaN
NaN,NaN,NaN,NaN,NaN,NaN
NaN,NaN,NaN,NaN,NaN,NaN
NaN,NaN,NaN,NaN,NaN,NaN
NaN,NaN,NaN,NaN,NaN,NaN
NaN,NaN,NaN,NaN,NaN,NaN
NaN,NaN,NaN,NaN,NaN,NaN
NaN,NaN,NaN,NaN,NaN,NaN
NaN,NaN,NaN,NaN,NaN,NaN
NaN,NaN,NaN,NaN,NaN,NaN
NaN,NaN,NaN,NaN,NaN,NaN
NaN,NaN,NaN,NaN,NaN,NaN
NaN,NaN,NaN,NaN,NaN,NaN
NaN,NaN,NaN,NaN,NaN,NaN
NaN,NaN,NaN,NaN,NaN,NaN
NaN,NaN,NaN,NaN,NaN,NaN
NaN,NaN,NaN,NaN,NaN,NaN
NaN,NaN,NaN,NaN,NaN,NaN
NaN,NaN,NaN,NaN,NaN,NaN
NaN,NaN,NaN,NaN,NaN,NaN
NaN,NaN,NaN,NaN,NaN,NaN
NaN,NaN,NaN,NaN,NaN,NaN
NaN,NaN,NaN,NaN,NaN,NaN
NaN,NaN,NaN,NaN,NaN,NaN
NaN,NaN,NaN,NaN,NaN,NaN
NaN,NaN,NaN,NaN,NaN,NaN
NaN,NaN,NaN,NaN,NaN,NaN
NaN,NaN,NaN,NaN,NaN,NaN
NaN,NaN,NaN,NaN,NaN,NaN
NaN,NaN,NaN,NaN,NaN,NaN
NaN,NaN,NaN,NaN,NaN,NaN
NaN,NaN,NaN,NaN,NaN,NaN
NaN,NaN,NaN,NaN,NaN,NaN
NaN,NaN,NaN,NaN,NaN,NaN
NaN,NaN,NaN,NaN,NaN,NaN
NaN,NaN,NaN,NaN,NaN,NaN
NaN,NaN,NaN,NaN,NaN,NaN
NaN,NaN,NaN,NaN,NaN,NaN
NaN,NaN,NaN,NaN,NaN,NaN
NaN,NaN,NaN,NaN,NaN,NaN
NaN,NaN,NaN,NaN,NaN,NaN
NaN,NaN,NaN,NaN,NaN,NaN
NaN,NaN,NaN,NaN,NaN,NaN
NaN,NaN,NaN,NaN,NaN,NaN
NaN,NaN,NaN,NaN,NaN,NaN
NaN,NaN,NaN,NaN,NaN,NaN
NaN,NaN,NaN,NaN,NaN,NaN
NaN,NaN,NaN,NaN,NaN,NaN
NaN,NaN,NaN,NaN,NaN,NaN
NaN,NaN,NaN,NaN,NaN,NaN
NaN,NaN,NaN,NaN,NaN,NaN
NaN,NaN,NaN,NaN,NaN,NaN
NaN,NaN,NaN,NaN,NaN,NaN
NaN,NaN,NaN,NaN,NaN,NaN
NaN,NaN,NaN,NaN,NaN,NaN
NaN,NaN,NaN,NaN,NaN,NaN
NaN,NaN,NaN,NaN,NaN,NaN
NaN,NaN,NaN,NaN,NaN,NaN
NaN,NaN,NaN,NaN,NaN,NaN
NaN,NaN,NaN,NaN,NaN,NaN
NaN,NaN,NaN,NaN,NaN,NaN
NaN,NaN,NaN,NaN,NaN,NaN
NaN,NaN,NaN,NaN,NaN,NaN
NaN,NaN,NaN,NaN,NaN,NaN
NaN,NaN,NaN,NaN,NaN,NaN
NaN,NaN,NaN,NaN,NaN,NaN
NaN,NaN,NaN,NaN,NaN,NaN
NaN,NaN,NaN,NaN,NaN,NaN
NaN,NaN,NaN,NaN,NaN,NaN
NaN,NaN,NaN,NaN,NaN,NaN
NaN,NaN,NaN,NaN,NaN,NaN
NaN,NaN,NaN,NaN,NaN,NaN
NaN,NaN,NaN,NaN,NaN,NaN
NaN,NaN,NaN,NaN,NaN,NaN
NaN,NaN,NaN,NaN,NaN,NaN
NaN,NaN,NaN,NaN,NaN,NaN
NaN,NaN,NaN,NaN,NaN,NaN
NaN,NaN,NaN,NaN,NaN,NaN
NaN,NaN,NaN,NaN,NaN,NaN
NaN,NaN,NaN,NaN,NaN,NaN
NaN,NaN,NaN,NaN,NaN,NaN
NaN,NaN,NaN,NaN,NaN,NaN
NaN,NaN,NaN,NaN,NaN,NaN
NaN,NaN,NaN,NaN,NaN,NaN
NaN,NaN,NaN,NaN,NaN,NaN
NaN,NaN,NaN,NaN,NaN,NaN
NaN,NaN,NaN,NaN,NaN,NaN
NaN,NaN,NaN,NaN,NaN,NaN
NaN,NaN,NaN,NaN,NaN,NaN
NaN,NaN,NaN,NaN,NaN,NaN
NaN,NaN,NaN,NaN,NaN,NaN
NaN,NaN,NaN,NaN,NaN,NaN
NaN,NaN,NaN,NaN,NaN,NaN
NaN,NaN,NaN,NaN,NaN,NaN
NaN,NaN,NaN,NaN,NaN,NaN
NaN,NaN,NaN,NaN,NaN,NaN
NaN,NaN,NaN,NaN,NaN,NaN
NaN,NaN,NaN,NaN,NaN,NaN
NaN,NaN,NaN,NaN,NaN,NaN
NaN,NaN,NaN,NaN,NaN,NaN
NaN,NaN,NaN,NaN,NaN,NaN
NaN,NaN,NaN,NaN,NaN,NaN
NaN,NaN,NaN,NaN,NaN,NaN
NaN,NaN,NaN,NaN,NaN,NaN
NaN,NaN,NaN,NaN,NaN,NaN
NaN,NaN,NaN,NaN,NaN,NaN
NaN,NaN,NaN,NaN,NaN,NaN
NaN,NaN,NaN,NaN,NaN,NaN
NaN,NaN,NaN,NaN,NaN,NaN
NaN,NaN,NaN,NaN,NaN,NaN
NaN,NaN,NaN,NaN,NaN,NaN
NaN,NaN,NaN,NaN,NaN,NaN
NaN,NaN,NaN,NaN,NaN,NaN
NaN,NaN,NaN,NaN,NaN,NaN
NaN,NaN,NaN,NaN,NaN,NaN
NaN,NaN,NaN,NaN,NaN,NaN
NaN,NaN,NaN,NaN,NaN,NaN
NaN,NaN,NaN,NaN,NaN,NaN
NaN,NaN,NaN,NaN,NaN,NaN
NaN,NaN,NaN,NaN,NaN,NaN
NaN,NaN,NaN,NaN,NaN,NaN
NaN,NaN,NaN,NaN,NaN,NaN
NaN,NaN,NaN,NaN,NaN,NaN
NaN,NaN,NaN,NaN,NaN,NaN
NaN,NaN,NaN,NaN,NaN,NaN
NaN,NaN,NaN,NaN,NaN,NaN
NaN,NaN,NaN,NaN,NaN,NaN
NaN,NaN,NaN,NaN,NaN,NaN
NaN,NaN,NaN,NaN,NaN,NaN
NaN,NaN,NaN,NaN,NaN,NaN
NaN,NaN,NaN,NaN,NaN,NaN
NaN,NaN,NaN,NaN,NaN,NaN
NaN,NaN,NaN,NaN,NaN,NaN
NaN,NaN,NaN,NaN,NaN,NaN
NaN,NaN,NaN,NaN,NaN,NaN
NaN,NaN,NaN,NaN,NaN,NaN
NaN,NaN,NaN,NaN,NaN,NaN
NaN,NaN,NaN,NaN,NaN,NaN
NaN,NaN,NaN,NaN,NaN,NaN
NaN,NaN,NaN,NaN,NaN,NaN
NaN,NaN,NaN,NaN,NaN,NaN
NaN,NaN,NaN,NaN,NaN,NaN
NaN,NaN,NaN,NaN,NaN,NaN
NaN,NaN,NaN,NaN,NaN,NaN
NaN,NaN,NaN,NaN,NaN,NaN
NaN,NaN,NaN,NaN,NaN,NaN
NaN,NaN,NaN,NaN,NaN,NaN
NaN,NaN,NaN,NaN,NaN,NaN
NaN,NaN,NaN,NaN,NaN,NaN
NaN,NaN,NaN,NaN,NaN,NaN
NaN,NaN,NaN,NaN,NaN,NaN
NaN,NaN,NaN,NaN,NaN,NaN
NaN,NaN,NaN,NaN,NaN,NaN
NaN,NaN,NaN,NaN,NaN,NaN
NaN,NaN,NaN,NaN,NaN,NaN
NaN,NaN,NaN,NaN,NaN,NaN
NaN,NaN,NaN,NaN,NaN,NaN
NaN,NaN,NaN,NaN,NaN,NaN
NaN,NaN,NaN,NaN,NaN,NaN
NaN,NaN,NaN,NaN,NaN,NaN
NaN,NaN,NaN,NaN,NaN,NaN
NaN,NaN,NaN,NaN,NaN,NaN
NaN,NaN,NaN,NaN,NaN,NaN
NaN,NaN,NaN,NaN,NaN,NaN
NaN,NaN,NaN,NaN,NaN,NaN
NaN,NaN,NaN,NaN,NaN,NaN
NaN,NaN,NaN,NaN,NaN,NaN
NaN,NaN,NaN,NaN,NaN,NaN
NaN,NaN,NaN,NaN,NaN,NaN
NaN,NaN,NaN,NaN,NaN,NaN
NaN,NaN,NaN,NaN,NaN,NaN
NaN,NaN,NaN,NaN,NaN,NaN
NaN,NaN,NaN,NaN,NaN,NaN
NaN,NaN,NaN,NaN,NaN,NaN
NaN,NaN,NaN,NaN,NaN,NaN
NaN,NaN,NaN,NaN,NaN,NaN
NaN,NaN,NaN,NaN,NaN,NaN
NaN,NaN,NaN,NaN,NaN,NaN
NaN,NaN,NaN,NaN,NaN,NaN
NaN,NaN,NaN,NaN,NaN,NaN
NaN,NaN,NaN,NaN,NaN,NaN
NaN,NaN,NaN,NaN,NaN,NaN
NaN,NaN,NaN,NaN,NaN,NaN
NaN,NaN,NaN,NaN,NaN,NaN
NaN,NaN,NaN,NaN,NaN,NaN
NaN,NaN,NaN,NaN,NaN,NaN
NaN,NaN,NaN,NaN,NaN,NaN
NaN,NaN,NaN,NaN,NaN,NaN
NaN,NaN,NaN,NaN,NaN,NaN
NaN,NaN,NaN,NaN,NaN,NaN
NaN,NaN,NaN,NaN,NaN,NaN
NaN,NaN,NaN,NaN,NaN,NaN
NaN,NaN,NaN,NaN,NaN,NaN
NaN,NaN,NaN,NaN,NaN,NaN
NaN,NaN,NaN,NaN,NaN,NaN
NaN,NaN,NaN,NaN,NaN,NaN
NaN,NaN,NaN,NaN,NaN,NaN
NaN,NaN,NaN,NaN,NaN,NaN
NaN,NaN,NaN,NaN,NaN,NaN
NaN,NaN,NaN,NaN,NaN,NaN
NaN,NaN,NaN,NaN,NaN,NaN
NaN,NaN,NaN,NaN,NaN,NaN
NaN,NaN,NaN,NaN,NaN,NaN
NaN,NaN,NaN,NaN,NaN,NaN
NaN,NaN,NaN,NaN,NaN,NaN
NaN,NaN,NaN,NaN,NaN,NaN
NaN,NaN,NaN,NaN,NaN,NaN
NaN,NaN,NaN,NaN,NaN,NaN
NaN,NaN,NaN,NaN,NaN,NaN
NaN,NaN,NaN,NaN,NaN,NaN
NaN,NaN,NaN,NaN,NaN,NaN
NaN,NaN,NaN,NaN,NaN,NaN
NaN,NaN,NaN,NaN,NaN,NaN
NaN,NaN,NaN,NaN,NaN,NaN
NaN,NaN,NaN,NaN,NaN,NaN
NaN,NaN,NaN,NaN,NaN,NaN
NaN,NaN,NaN,NaN,NaN,NaN
NaN,NaN,NaN,NaN,NaN,NaN
NaN,NaN,NaN,NaN,NaN,NaN
NaN,NaN,NaN,NaN,NaN,NaN
NaN,NaN,NaN,NaN,NaN,NaN
NaN,NaN,NaN,NaN,NaN,NaN
NaN,NaN,NaN,NaN,NaN,NaN
NaN,NaN,NaN,NaN,NaN,NaN
NaN,NaN,NaN,NaN,NaN,NaN
NaN,NaN,NaN,NaN,NaN,NaN
NaN,NaN,NaN,NaN,NaN,NaN
NaN,NaN,NaN,NaN,NaN,NaN
NaN,NaN,NaN,NaN,NaN,NaN
NaN,NaN,NaN,NaN,NaN,NaN
NaN,NaN,NaN,NaN,NaN,NaN
NaN,NaN,NaN,NaN,NaN,NaN
NaN,NaN,NaN,NaN,NaN,NaN
NaN,NaN,NaN,NaN,NaN,NaN
NaN,NaN,NaN,NaN,NaN,NaN
NaN,NaN,NaN,NaN,NaN,NaN
NaN,NaN,NaN,NaN,NaN,NaN
NaN,NaN,NaN,NaN,NaN,NaN
NaN,NaN,NaN,NaN,NaN,NaN
NaN,NaN,NaN,NaN,NaN,NaN
NaN,NaN,NaN,NaN,NaN,NaN
NaN,NaN,NaN,NaN,NaN,NaN
NaN,NaN,NaN,NaN,NaN,NaN
NaN,NaN,NaN,NaN,NaN,NaN
NaN,NaN,NaN,NaN,NaN,NaN
NaN,NaN,NaN,NaN,NaN,NaN
NaN,NaN,NaN,NaN,NaN,NaN
NaN,NaN,NaN,NaN,NaN,NaN
NaN,NaN,NaN,NaN,NaN,NaN
NaN,NaN,NaN,NaN,NaN,NaN
NaN,NaN,NaN,NaN,NaN,NaN
NaN,NaN,NaN,NaN,NaN,NaN
NaN,NaN,NaN,NaN,NaN,NaN
NaN,NaN,NaN,NaN,NaN,NaN
NaN,NaN,NaN,NaN,NaN,NaN
NaN,NaN,NaN,NaN,NaN,NaN
NaN,NaN,NaN,NaN,NaN,NaN
NaN,NaN,NaN,NaN,NaN,NaN
NaN,NaN,NaN,NaN,NaN,NaN
NaN,NaN,NaN,NaN,NaN,NaN
NaN,NaN,NaN,NaN,NaN,NaN
NaN,NaN,NaN,NaN,NaN,NaN
NaN,NaN,NaN,NaN,NaN,NaN
NaN,NaN,NaN,NaN,NaN,NaN
NaN,NaN,NaN,NaN,NaN,NaN
NaN,NaN,NaN,NaN,NaN,NaN
NaN,NaN,NaN,NaN,NaN,NaN
NaN,NaN,NaN,NaN,NaN,NaN
NaN,NaN,NaN,NaN,NaN,NaN
NaN,NaN,NaN,NaN,NaN,NaN
NaN,NaN,NaN,NaN,NaN,NaN
NaN,NaN,NaN,NaN,NaN,NaN
NaN,NaN,NaN,NaN,NaN,NaN
NaN,NaN,NaN,NaN,NaN,NaN
NaN,NaN,NaN,NaN,NaN,NaN
NaN,NaN,NaN,NaN,NaN,NaN
NaN,NaN,NaN,NaN,NaN,NaN
NaN,NaN,NaN,NaN,NaN,NaN
NaN,NaN,NaN,NaN,NaN,NaN
NaN,NaN,NaN,NaN,NaN,NaN
NaN,NaN,NaN,NaN,NaN,NaN
NaN,NaN,NaN,NaN,NaN,NaN
NaN,NaN,NaN,NaN,NaN,NaN
NaN,NaN,NaN,NaN,NaN,NaN
NaN,NaN,NaN,NaN,NaN,NaN
NaN,NaN,NaN,NaN,NaN,NaN
NaN,NaN,NaN,NaN,NaN,NaN
NaN,NaN,NaN,NaN,NaN,NaN
NaN,NaN,NaN,NaN,NaN,NaN
NaN,NaN,1026.487691,219.292491,NaN,NaN
NaN,NaN,1025.980000,219.010000,NaN,NaN
NaN,NaN,1025.990000,219.000000,NaN,NaN
NaN,NaN,1025.980000,219.010000,NaN,NaN
NaN,NaN,1025.980000,219.000000,NaN,NaN
NaN,NaN,1025.980000,219.000000,NaN,NaN
NaN,NaN,1025.980000,219.020000,NaN,NaN
NaN,NaN,1025.990000,219.010000,NaN,NaN
NaN,NaN,1025.980000,219.010000,NaN,NaN
NaN,NaN,1025.980000,219.000000,NaN,NaN
NaN,NaN,1025.990000,219.000000,NaN,NaN
NaN,NaN,1025.980000,219.000000,NaN,NaN
NaN,NaN,1025.980000,219.000000,NaN,NaN
NaN,NaN,1025.980000,219.010000,NaN,NaN
NaN,NaN,1025.990000,219.000000,NaN,NaN
NaN,NaN,1025.990000,219.000000,NaN,NaN
NaN,NaN,1025.990000,219.000000,NaN,NaN
NaN,NaN,1025.990000,219.000000,NaN,NaN
NaN,NaN,1025.990000,219.000000,NaN,NaN
NaN,NaN,1025.990000,219.000000,NaN,NaN
NaN,NaN,1025.990000,219.000000,NaN,NaN
NaN,NaN,1026.000000,219.020000,1127.563685,284.364028
NaN,NaN,1026.010000,219.010000,1128.000000,283.990000
NaN,NaN,1026.000000,219.010000,1128.010000,283.990000
NaN,NaN,1026.010000,219.000000,1128.010000,283.990000
NaN,NaN,1026.010000,219.000000,1128.010000,284.000000
NaN,NaN,1026.010000,219.000000,1128.010000,283.990000
NaN,NaN,1026.010000,219.000000,1128.020000,283.970000
NaN,NaN,1026.020000,219.000000,1128.010000,283.970000
NaN,NaN,1026.010000,219.010000,1128.020000,283.960000
NaN,NaN,1026.010000,219.000000,1128.020000,283.970000
NaN,NaN,1026.020000,219.000000,1128.020000,283.970000
NaN,NaN,1026.020000,219.000000,1128.030000,283.970000
NaN,NaN,1026.020000,219.010000,1128.030000,283.960000
NaN,NaN,1026.020000,219.010000,1128.030000,283.960000
NaN,NaN,1026.010000,219.010000,1128.040000,283.960000
NaN,NaN,1026.010000,219.010000,1128.030000,283.960000
NaN,NaN,1026.020000,219.020000,1128.030000,283.950000
NaN,NaN,1026.010000,219.020000,1128.020000,283.950000
NaN,NaN,1026.020000,219.010000,1128.030000,283.940000
NaN,NaN,1026.030000,219.020000,1128.030000,283.940000
NaN,NaN,1026.030000,219.020000,1128.030000,283.940000
NaN,NaN,1026.030000,219.020000,1128.040000,283.950000
NaN,NaN,1026.020000,219.020000,1128.050000,283.930000
NaN,NaN,1026.030000,219.020000,1128.050000,283.940000
NaN,NaN,1026.030000,219.020000,1128.050000,283.930000
NaN,NaN,1026.030000,219.010000,1128.050000,283.930000
NaN,NaN,1026.040000,219.010000,1128.050000,283.940000
NaN,NaN,1026.030000,219.010000,1128.050000,283.930000
NaN,NaN,1026.030000,219.010000,1128.060000,283.930000
NaN,NaN,1026.030000,219.010000,1128.070000,283.930000
NaN,NaN,1026.030000,219.040000,1128.080000,283.910000
NaN,NaN,1026.040000,219.040000,1128.070000,283.920000
NaN,NaN,1026.030000,219.030000,1128.080000,283.920000
NaN,NaN,1026.030000,219.020000,1128.080000,283.920000
NaN,NaN,1026.040000,219.020000,1128.080000,283.910000
NaN,NaN,1026.030000,219.020000,1128.090000,283.910000
NaN,NaN,1026.040000,219.020000,1128.090000,283.910000
NaN,NaN,1026.040000,219.020000,1128.100000,283.900000
NaN,NaN,1026.040000,219.020000,1128.100000,283.900000
NaN,NaN,1026.040000,219.020000,1128.100000,283.890000
NaN,NaN,1026.040000,219.030000,1128.100000,283.890000
NaN,NaN,1026.040000,219.020000,1128.090000,283.880000
NaN,NaN,1026.040000,219.020000,1128.100000,283.890000
NaN,NaN,1026.060000,219.020000,1128.110000,283.890000
NaN,NaN,1026.060000,219.020000,1128.100000,283.890000
NaN,NaN,1026.090000,219.020000,1128.120000,283.900000
NaN,NaN,1026.080000,219.030000,1128.120000,283.920000
NaN,NaN,1026.080000,219.030000,1128.120000,283.910000
NaN,NaN,1026.070000,219.040000,1128.120000,283.900000
NaN,NaN,1026.080000,219.040000,1128.110000,283.900000
NaN,NaN,1026.090000,219.040000,1128.110000,283.900000
NaN,NaN,1026.090000,219.030000,1128.120000,283.890000
NaN,NaN,1026.090000,219.040000,1128.120000,283.890000
NaN,NaN,1026.100000,219.040000,1128.130000,283.900000
NaN,NaN,1026.110000,219.030000,1128.130000,283.900000
NaN,NaN,1026.110000,219.030000,1128.130000,283.900000
NaN,NaN,1026.110000,219.050000,1128.130000,283.890000
NaN,NaN,1026.120000,219.050000,1128.130000,283.900000
NaN,NaN,1026.120000,219.050000,1128.130000,283.900000
NaN,NaN,1026.120000,219.050000,1128.140000,283.900000
NaN,NaN,1026.140000,219.070000,1128.140000,283.900000
NaN,NaN,1026.140000,219.060000,1128.150000,283.890000
NaN,NaN,1026.120000,219.060000,1128.150000,283.890000
NaN,NaN,1026.140000,219.050000,1128.140000,283.890000
NaN,NaN,1026.130000,219.050000,1128.140000,283.880000
NaN,NaN,1026.140000,219.050000,1128.140000,283.880000
NaN,NaN,1026.150000,219.050000,1128.150000,283.880000
NaN,NaN,1026.150000,219.050000,1128.140000,283.880000
NaN,NaN,1026.160000,219.040000,1128.150000,283.880000
NaN,NaN,1026.160000,219.050000,1128.150000,283.880000
NaN,NaN,1026.180000,219.050000,1128.140000,283.880000
NaN,NaN,1026.170000,219.060000,1128.150000,283.880000
NaN,NaN,1026.190000,219.070000,1128.150000,283.880000
NaN,NaN,1026.190000,219.060000,1128.150000,283.870000
NaN,NaN,1026.190000,219.070000,1128.150000,283.870000
NaN,NaN,1026.200000,219.080000,1128.150000,283.860000
NaN,NaN,1026.210000,219.080000,1128.150000,283.860000
NaN,NaN,1026.210000,219.080000,1128.170000,283.860000
NaN,NaN,1026.230000,219.080000,1128.160000,283.850000
NaN,NaN,1026.220000,219.090000,1128.150000,283.860000
NaN,NaN,1026.220000,219.090000,1128.140000,283.870000
NaN,NaN,1026.230000,219.100000,1128.150000,283.870000
NaN,NaN,1026.250000,219.090000,1128.150000,283.880000
NaN,NaN,1026.250000,219.090000,1128.140000,283.870000
NaN,NaN,1026.250000,219.090000,1128.140000,283.870000
NaN,NaN,1026.250000,219.090000,1128.150000,283.880000
NaN,NaN,1026.280000,219.090000,1128.150000,283.880000
NaN,NaN,1026.310000,219.090000,1128.160000,283.870000
NaN,NaN,1026.290000,219.100000,1128.160000,283.870000
NaN,NaN,1026.300000,219.090000,1128.160000,283.880000
NaN,NaN,1026.370000,219.100000,1128.180000,283.870000
NaN,NaN,1026.370000,219.100000,1128.160000,283.860000
NaN,NaN,1026.360000,219.100000,1128.180000,283.860000
NaN,NaN,1026.370000,219.110000,1128.180000,283.860000
NaN,NaN,1026.370000,219.100000,1128.170000,283.870000
NaN,NaN,1026.370000,219.110000,1128.170000,283.880000
NaN,NaN,1026.380000,219.120000,1128.160000,283.880000
NaN,NaN,1026.400000,219.110000,1128.170000,283.870000
NaN,NaN,1026.440000,219.090000,1128.180000,283.870000
NaN,NaN,1026.440000,219.100000,1128.190000,283.880000
NaN,NaN,1026.450000,219.090000,1128.190000,283.880000
NaN,NaN,1026.470000,219.100000,1128.190000,283.880000
NaN,NaN,1026.490000,219.090000,1128.200000,283.880000
NaN,NaN,1026.790000,218.950000,1128.200000,283.880000
NaN,NaN,1026.800000,218.940000,1128.200000,283.890000
NaN,NaN,1026.840000,218.960000,1128.210000,283.900000
NaN,NaN,1026.840000,218.950000,1128.200000,283.880000
NaN,NaN,1026.850000,218.960000,1128.210000,283.890000
NaN,NaN,1026.850000,218.960000,1128.210000,283.890000
NaN,NaN,1026.850000,218.970000,1128.210000,283.900000
NaN,NaN,1026.860000,218.960000,1128.200000,283.910000
NaN,NaN,1026.870000,218.970000,1128.200000,283.890000
NaN,NaN,1026.870000,218.970000,1128.200000,283.890000
NaN,NaN,1026.880000,218.970000,1128.210000,283.890000
NaN,NaN,1026.890000,218.970000,1128.210000,283.900000
NaN,NaN,1026.900000,218.970000,1128.210000,283.890000
NaN,NaN,1026.900000,218.980000,1128.200000,283.890000
NaN,NaN,1026.910000,218.970000,1128.200000,283.890000
NaN,NaN,1026.920000,218.970000,1128.210000,283.890000
NaN,NaN,1026.920000,218.970000,1128.210000,283.900000
NaN,NaN,1026.920000,218.980000,1128.230000,283.880000
NaN,NaN,1026.930000,218.980000,1128.220000,283.890000
NaN,NaN,1026.920000,218.990000,1128.210000,283.890000
NaN,NaN,1026.950000,218.990000,1128.210000,283.890000
NaN,NaN,1026.950000,218.990000,1128.220000,283.880000
NaN,NaN,1026.950000,218.990000,1128.220000,283.880000
NaN,NaN,1026.960000,219.000000,1128.220000,283.880000
NaN,NaN,1026.970000,219.000000,1128.220000,283.880000
NaN,NaN,1026.970000,219.000000,1128.210000,283.880000
NaN,NaN,1026.980000,219.010000,1128.210000,283.880000
NaN,NaN,1026.990000,219.010000,1128.220000,283.890000
NaN,NaN,1026.990000,219.000000,1128.220000,283.880000
NaN,NaN,1026.990000,219.010000,1128.210000,283.890000
NaN,NaN,1027.000000,219.020000,1128.220000,283.890000
NaN,NaN,1027.010000,219.020000,1128.210000,283.890000
NaN,NaN,1027.020000,219.030000,1128.240000,283.900000
NaN,NaN,1027.040000,219.030000,1128.240000,283.880000
NaN,NaN,1027.040000,219.030000,1128.240000,283.880000
NaN,NaN,1027.040000,219.040000,1128.240000,283.880000
NaN,NaN,1027.050000,219.050000,1128.240000,283.880000
NaN,NaN,1027.050000,219.040000,1128.240000,283.880000
NaN,NaN,1027.060000,219.040000,1128.240000,283.880000
NaN,NaN,1027.060000,219.050000,1128.250000,283.880000
NaN,NaN,1027.080000,219.050000,1128.250000,283.870000
NaN,NaN,1027.080000,219.050000,1128.260000,283.860000
NaN,NaN,1027.090000,219.050000,1128.270000,283.860000
NaN,NaN,1027.090000,219.050000,1128.280000,283.850000
NaN,NaN,1027.110000,219.050000,1128.280000,283.870000
NaN,NaN,1027.100000,219.060000,1128.270000,283.860000
NaN,NaN,1027.100000,219.060000,1128.260000,283.860000
NaN,NaN,1027.110000,219.060000,1128.270000,283.840000
NaN,NaN,1027.110000,219.060000,1128.250000,283.850000
NaN,NaN,1027.110000,219.060000,1128.260000,283.860000
NaN,NaN,1027.120000,219.070000,1128.240000,283.850000
NaN,NaN,1027.130000,219.050000,1128.250000,283.850000
NaN,NaN,1027.130000,219.060000,1128.250000,283.840000
NaN,NaN,1027.130000,219.070000,1128.260000,283.850000
NaN,NaN,1027.120000,219.070000,1128.270000,283.860000
NaN,NaN,1027.130000,219.060000,1128.260000,283.850000
NaN,NaN,1027.130000,219.070000,1128.260000,283.850000
NaN,NaN,1027.140000,219.060000,1128.250000,283.840000
NaN,NaN,1027.150000,219.070000,1128.250000,283.840000
NaN,NaN,1027.150000,219.070000,1128.240000,283.840000
NaN,NaN,1027.150000,219.070000,1128.250000,283.840000
NaN,NaN,1027.150000,219.060000,1128.240000,283.850000
NaN,NaN,1027.180000,219.070000,1128.260000,283.820000
NaN,NaN,1027.160000,219.070000,1128.240000,283.830000
NaN,NaN,1027.160000,219.090000,1128.240000,283.820000
NaN,NaN,1027.180000,219.090000,1128.240000,283.820000
NaN,NaN,1027.180000,219.080000,1128.240000,283.820000
NaN,NaN,1027.190000,219.090000,1128.250000,283.820000
NaN,NaN,1027.200000,219.090000,1128.260000,283.830000
NaN,NaN,1027.190000,219.090000,1128.260000,283.830000
NaN,NaN,1027.200000,219.090000,1128.250000,283.830000
NaN,NaN,1027.210000,219.090000,1128.260000,283.830000
NaN,NaN,1027.210000,219.080000,1128.260000,283.830000
NaN,NaN,1027.210000,219.090000,1128.260000,283.810000
NaN,NaN,1027.220000,219.090000,1128.260000,283.820000
NaN,NaN,1027.210000,219.090000,1128.260000,283.820000
NaN,NaN,1027.220000,219.090000,1128.260000,283.820000
NaN,NaN,1027.270000,219.080000,1128.250000,283.810000
NaN,NaN,1027.280000,219.090000,1128.260000,283.810000
NaN,NaN,1027.270000,219.080000,1128.280000,283.820000
NaN,NaN,1027.270000,219.100000,1128.280000,283.810000
NaN,NaN,1027.260000,219.100000,1128.280000,283.800000
NaN,NaN,1027.280000,219.110000,1128.280000,283.800000
NaN,NaN,1027.280000,219.110000,1128.280000,283.800000
NaN,NaN,1027.290000,219.100000,1128.270000,283.810000
NaN,NaN,1027.300000,219.110000,1128.270000,283.810000
NaN,NaN,1027.300000,219.120000,1128.260000,283.810000
NaN,NaN,1027.310000,219.120000,1128.270000,283.810000
NaN,NaN,1027.320000,219.120000,1128.280000,283.790000
NaN,NaN,1027.320000,219.130000,1128.280000,283.790000
NaN,NaN,1027.320000,219.120000,1128.280000,283.780000
NaN,NaN,1027.330000,219.110000,1128.280000,283.780000
NaN,NaN,1027.340000,219.110000,1128.310000,283.770000
NaN,NaN,1027.340000,219.120000,1128.290000,283.760000
NaN,NaN,1027.350000,219.120000,1128.290000,283.760000
NaN,NaN,1027.360000,219.110000,1128.310000,283.770000
NaN,NaN,1027.350000,219.110000,1128.320000,283.770000
NaN,NaN,1027.360000,219.120000,1128.310000,283.770000
NaN,NaN,1027.380000,219.120000,1128.310000,283.770000
NaN,NaN,1027.390000,219.120000,1128.310000,283.770000
NaN,NaN,1027.380000,219.120000,1128.310000,283.780000
NaN,NaN,1027.380000,219.120000,1128.300000,283.780000
NaN,NaN,1027.380000,219.120000,1128.300000,283.780000
NaN,NaN,1027.400000,219.120000,1128.300000,283.780000
NaN,NaN,1027.410000,219.120000,1128.300000,283.780000
NaN,NaN,1027.440000,219.100000,1128.300000,283.770000
NaN,NaN,1027.450000,219.100000,1128.320000,283.770000
NaN,NaN,1027.500000,219.090000,1128.290000,283.780000
NaN,NaN,1027.780000,218.950000,1128.330000,283.770000
NaN,NaN,1027.770000,218.950000,1128.330000,283.770000
NaN,NaN,1027.770000,218.960000,1128.340000,283.770000
NaN,NaN,1027.780000,218.950000,1128.330000,283.780000
NaN,NaN,1027.780000,218.960000,1128.340000,283.770000
NaN,NaN,1027.800000,218.960000,1128.340000,283.780000
NaN,NaN,1027.800000,218.960000,1128.350000,283.780000
NaN,NaN,1027.810000,218.960000,1128.370000,283.780000
NaN,NaN,1027.820000,218.960000,1128.380000,283.780000
NaN,NaN,1027.820000,218.960000,1128.360000,283.780000
NaN,NaN,1027.820000,218.970000,1128.360000,283.770000
NaN,NaN,1027.820000,218.980000,1128.360000,283.770000
NaN,NaN,1027.830000,218.970000,1128.370000,283.760000
NaN,NaN,1027.830000,218.970000,1128.380000,283.760000
NaN,NaN,1027.840000,218.980000,1128.440000,283.800000
NaN,NaN,1027.830000,218.980000,1128.430000,283.790000
NaN,NaN,1027.850000,218.980000,1128.430000,283.760000
NaN,NaN,1027.860000,218.980000,1128.460000,283.760000
NaN,NaN,1027.860000,218.980000,1128.440000,283.760000
NaN,NaN,1027.870000,218.980000,1128.440000,283.760000
NaN,NaN,1027.880000,218.980000,1128.450000,283.760000
NaN,NaN,1027.880000,218.990000,1128.440000,283.760000
NaN,NaN,1027.890000,219.000000,1128.450000,283.750000
NaN,NaN,1027.880000,219.000000,1128.450000,283.760000
NaN,NaN,1027.900000,219.000000,1128.460000,283.760000
NaN,NaN,1027.910000,219.010000,1128.460000,283.760000
NaN,NaN,1027.910000,219.010000,1128.480000,283.780000
NaN,NaN,1027.910000,219.010000,1128.480000,283.770000
NaN,NaN,1027.920000,219.010000,1128.470000,283.750000
NaN,NaN,1027.950000,219.010000,1128.440000,283.760000
NaN,NaN,1027.950000,219.010000,1128.460000,283.750000
NaN,NaN,1027.960000,219.000000,1128.470000,283.740000
NaN,NaN,1027.960000,219.010000,1128.480000,283.740000
NaN,NaN,1027.970000,219.010000,1128.500000,283.760000
NaN,NaN,1027.970000,219.010000,1129.000000,283.880000
NaN,NaN,1027.970000,219.020000,1129.000000,283.880000
NaN,NaN,1027.980000,219.010000,1129.000000,283.880000
NaN,NaN,1027.980000,219.020000,1129.000000,283.890000
NaN,NaN,1027.980000,219.020000,1128.990000,283.890000
NaN,NaN,1027.980000,219.030000,1128.990000,283.890000
NaN,NaN,1027.990000,219.020000,1128.990000,283.890000
NaN,NaN,1027.990000,219.030000,1128.990000,283.890000
NaN,NaN,1028.000000,219.030000,1128.990000,283.880000
NaN,NaN,1028.010000,219.030000,1128.990000,283.880000
NaN,NaN,1028.020000,219.050000,1128.980000,283.880000
NaN,NaN,1028.030000,219.060000,1128.980000,283.860000
NaN,NaN,1028.030000,219.050000,1128.980000,283.870000
NaN,NaN,1028.030000,219.050000,1128.980000,283.880000
NaN,NaN,1028.030000,219.050000,1128.980000,283.880000
NaN,NaN,1028.040000,219.050000,1128.980000,283.880000
NaN,NaN,1028.030000,219.060000,1128.980000,283.890000
NaN,NaN,1028.040000,219.050000,1128.980000,283.900000
NaN,NaN,1028.040000,219.060000,1128.980000,283.890000
NaN,NaN,1028.050000,219.060000,1128.980000,283.900000
NaN,NaN,1028.070000,219.060000,1128.980000,283.900000
NaN,NaN,1028.070000,219.060000,1128.980000,283.900000
NaN,NaN,1028.060000,219.070000,1128.980000,283.910000
NaN,NaN,1028.080000,219.070000,1128.990000,283.910000
NaN,NaN,1028.080000,219.060000,1128.990000,283.900000
NaN,NaN,1028.110000,219.070000,1129.010000,283.900000
NaN,NaN,1028.110000,219.090000,1129.000000,283.890000
NaN,NaN,1028.120000,219.080000,1129.000000,283.890000
NaN,NaN,1028.120000,219.080000,1129.000000,283.870000
NaN,NaN,1028.130000,219.080000,1129.000000,283.880000
NaN,NaN,1028.130000,219.090000,1129.000000,283.890000
NaN,NaN,1028.130000,219.100000,1129.000000,283.890000
NaN,NaN,1028.150000,219.100000,1129.000000,283.890000
NaN,NaN,1028.150000,219.100000,1129.000000,283.900000
NaN,NaN,1028.150000,219.100000,1128.990000,283.900000
NaN,NaN,1028.150000,219.090000,1129.000000,283.900000
NaN,NaN,1028.160000,219.100000,1128.990000,283.900000
NaN,NaN,1028.160000,219.110000,1128.980000,283.910000
NaN,NaN,1028.180000,219.100000,1128.980000,283.900000
NaN,NaN,1028.170000,219.110000,1128.980000,283.910000
NaN,NaN,1028.210000,219.110000,1129.000000,283.910000
NaN,NaN,1028.210000,219.100000,1129.000000,283.930000
NaN,NaN,1028.210000,219.100000,1129.000000,283.910000
NaN,NaN,1028.200000,219.110000,1129.000000,283.900000
NaN,NaN,1028.200000,219.110000,1128.990000,283.920000
NaN,NaN,1028.220000,219.110000,1128.990000,283.920000
NaN,NaN,1028.220000,219.100000,1129.000000,283.910000
NaN,NaN,1028.230000,219.110000,1129.000000,283.910000
NaN,NaN,1028.230000,219.110000,1128.990000,283.900000
NaN,NaN,1028.240000,219.110000,1128.990000,283.910000
NaN,NaN,1028.240000,219.110000,1129.000000,283.910000
NaN,NaN,1028.240000,219.120000,1129.000000,283.910000
NaN,NaN,1028.240000,219.110000,1128.990000,283.920000
NaN,NaN,1028.240000,219.110000,1128.990000,283.920000
NaN,NaN,1028.260000,219.110000,1128.990000,283.920000
NaN,NaN,1028.280000,219.120000,1128.990000,283.920000
NaN,NaN,1028.270000,219.120000,1128.990000,283.910000
NaN,NaN,1028.280000,219.120000,1128.990000,283.910000
NaN,NaN,1028.290000,219.120000,1128.990000,283.920000
NaN,NaN,1028.290000,219.120000,1128.980000,283.920000
NaN,NaN,1028.310000,219.120000,1128.990000,283.930000
NaN,NaN,1028.300000,219.130000,1128.980000,283.920000
NaN,NaN,1028.330000,219.120000,1128.980000,283.920000
NaN,NaN,1028.330000,219.130000,1128.980000,283.910000
NaN,NaN,1028.350000,219.120000,1128.970000,283.910000
NaN,NaN,1028.350000,219.110000,1128.970000,283.910000
NaN,NaN,1028.360000,219.120000,1128.980000,283.910000
NaN,NaN,1028.370000,219.120000,1128.970000,283.900000
NaN,NaN,1028.360000,219.130000,1128.970000,283.910000
NaN,NaN,1028.360000,219.120000,1128.980000,283.910000
NaN,NaN,1028.430000,219.110000,1128.980000,283.900000
NaN,NaN,1028.430000,219.120000,1128.980000,283.900000
NaN,NaN,1028.440000,219.110000,1128.980000,283.900000
NaN,NaN,1028.420000,219.120000,1128.980000,283.900000
NaN,NaN,1028.440000,219.120000,1128.970000,283.900000
NaN,NaN,1028.450000,219.120000,1128.960000,283.910000
NaN,NaN,1028.460000,219.110000,1128.960000,283.910000
NaN,NaN,1028.440000,219.120000,1128.960000,283.900000
NaN,NaN,1028.460000,219.120000,1128.960000,283.900000
NaN,NaN,1028.460000,219.120000,1128.970000,283.910000
NaN,NaN,1028.460000,219.120000,1128.970000,283.900000
NaN,NaN,1028.470000,219.130000,1128.970000,283.910000
NaN,NaN,1028.500000,219.120000,1128.970000,283.900000
NaN,NaN,1028.760000,218.980000,1128.980000,283.910000
NaN,NaN,1028.790000,218.980000,1128.970000,283.910000
NaN,NaN,1028.800000,218.970000,1128.980000,283.900000
NaN,NaN,1028.810000,218.980000,1128.970000,283.900000
NaN,NaN,1028.800000,218.990000,1128.970000,283.910000
NaN,NaN,1028.810000,218.970000,1128.970000,283.900000
NaN,NaN,1028.810000,218.970000,1128.960000,283.900000
NaN,NaN,1028.800000,218.980000,1128.960000,283.900000
NaN,NaN,1028.800000,218.990000,1128.970000,283.900000
NaN,NaN,1028.800000,218.990000,1128.970000,283.900000
NaN,NaN,1028.810000,218.990000,1128.970000,283.900000
NaN,NaN,1028.820000,218.990000,1128.970000,283.910000
NaN,NaN,1028.810000,218.990000,1128.960000,283.910000
NaN,NaN,1028.820000,219.000000,1128.970000,283.910000
NaN,NaN,1028.830000,218.990000,1128.970000,283.910000
NaN,NaN,1028.830000,218.990000,1128.970000,283.910000
NaN,NaN,1028.830000,218.990000,1128.970000,283.900000
NaN,NaN,1028.860000,219.010000,1128.980000,283.890000
NaN,NaN,1028.860000,219.000000,1128.980000,283.870000
NaN,NaN,1028.860000,219.010000,1128.980000,283.870000
NaN,NaN,1028.860000,219.010000,1128.980000,283.880000
NaN,NaN,1028.860000,219.010000,1128.970000,283.870000
NaN,NaN,1028.870000,219.010000,1128.980000,283.870000
NaN,NaN,1028.880000,219.010000,1128.970000,283.890000
NaN,NaN,1028.890000,219.010000,1128.960000,283.890000
NaN,NaN,1028.890000,219.010000,1128.970000,283.890000
NaN,NaN,1028.890000,219.010000,1128.970000,283.910000
NaN,NaN,1028.890000,219.010000,1128.980000,283.910000
NaN,NaN,1028.900000,219.010000,1128.970000,283.910000
NaN,NaN,1028.900000,219.020000,1128.970000,283.920000
NaN,NaN,1028.920000,219.020000,1128.970000,283.950000
NaN,NaN,1028.920000,219.030000,1128.970000,283.950000
NaN,NaN,1028.940000,219.040000,1128.990000,283.980000
NaN,NaN,1028.940000,219.030000,1129.000000,284.010000
NaN,NaN,1028.940000,219.040000,1129.000000,283.980000
NaN,NaN,1028.950000,219.040000,1128.990000,283.980000
NaN,NaN,1028.950000,219.040000,1128.990000,283.980000
NaN,NaN,1028.970000,219.050000,1129.000000,283.980000
NaN,NaN,1028.970000,219.050000,1129.000000,283.990000
NaN,NaN,1028.970000,219.050000,1129.000000,284.000000
NaN,NaN,1028.970000,219.050000,1129.010000,284.010000
NaN,NaN,1028.980000,219.050000,1129.000000,284.010000
NaN,NaN,1028.980000,219.050000,1129.000000,284.020000
NaN,NaN,1028.990000,219.050000,1129.000000,284.020000
NaN,NaN,1029.000000,219.050000,1129.000000,284.030000
NaN,NaN,1029.000000,219.060000,1129.010000,284.030000
NaN,NaN,1029.010000,219.060000,1129.000000,284.030000
NaN,NaN,1029.020000,219.080000,1129.010000,284.040000
NaN,NaN,1029.010000,219.080000,1129.010000,284.040000
NaN,NaN,1029.020000,219.080000,1129.000000,284.040000
NaN,NaN,1029.010000,219.090000,1128.990000,284.050000
NaN,NaN,1029.020000,219.090000,1129.000000,284.050000
NaN,NaN,1029.040000,219.080000,1128.990000,284.050000
NaN,NaN,1029.040000,219.080000,1129.000000,284.050000
NaN,NaN,1029.050000,219.080000,1129.000000,284.060000
NaN,NaN,1029.060000,219.090000,1129.000000,284.100000
NaN,NaN,1029.070000,219.090000,1128.990000,284.140000
NaN,NaN,1029.070000,219.090000,1129.010000,284.140000
NaN,NaN,1029.070000,219.090000,1129.020000,284.090000
NaN,NaN,1029.080000,219.090000,1129.010000,284.070000
NaN,NaN,1029.090000,219.090000,1129.010000,284.080000
NaN,NaN,1029.100000,219.090000,1129.020000,284.080000
NaN,NaN,1029.110000,219.120000,1129.040000,284.070000
NaN,NaN,1029.130000,219.110000,1129.040000,284.070000
NaN,NaN,1029.120000,219.120000,1129.040000,284.030000
NaN,NaN,1029.130000,219.120000,1129.050000,284.030000
NaN,NaN,1029.130000,219.120000,1129.050000,284.020000
NaN,NaN,1029.140000,219.120000,1129.050000,284.010000
NaN,NaN,1029.140000,219.130000,1129.050000,284.010000
NaN,NaN,1029.150000,219.140000,1129.050000,284.010000
NaN,NaN,1029.170000,219.130000,1129.050000,284.010000
NaN,NaN,1029.170000,219.140000,1129.050000,284.020000
NaN,NaN,1029.180000,219.150000,1129.040000,284.020000
NaN,NaN,1029.200000,219.140000,1129.050000,284.040000
NaN,NaN,1029.210000,219.140000,1129.050000,284.040000
NaN,NaN,1029.210000,219.150000,1129.040000,284.040000
NaN,NaN,1029.240000,219.150000,1129.040000,284.070000
NaN,NaN,1029.240000,219.180000,1129.040000,284.090000
NaN,NaN,1029.260000,219.170000,1129.050000,284.100000
NaN,NaN,1029.260000,219.170000,1129.050000,284.110000
NaN,NaN,1029.290000,219.180000,1129.050000,284.130000
NaN,NaN,1029.300000,219.180000,1129.050000,284.130000
NaN,NaN,1029.310000,219.190000,1129.040000,284.140000
NaN,NaN,1029.310000,219.200000,1129.040000,284.150000
NaN,NaN,1029.320000,219.200000,1129.030000,284.150000
NaN,NaN,1029.320000,219.200000,1129.040000,284.150000
NaN,NaN,1029.350000,219.200000,1129.030000,284.160000
NaN,NaN,1029.400000,219.170000,1129.040000,284.180000
NaN,NaN,1029.420000,219.170000,1129.030000,284.180000
NaN,NaN,1029.440000,219.160000,1129.030000,284.190000
NaN,NaN,1029.500000,219.140000,1129.040000,284.210000
NaN,NaN,1029.750000,219.000000,1129.040000,284.200000
NaN,NaN,1029.770000,219.020000,1129.050000,284.220000
NaN,NaN,1029.770000,219.020000,1129.050000,284.210000
NaN,NaN,1029.770000,219.020000,1129.060000,284.200000
NaN,NaN,1029.780000,219.030000,1129.050000,284.210000
NaN,NaN,1029.800000,219.020000,1129.060000,284.210000
NaN,NaN,1029.800000,219.040000,1129.060000,284.190000
NaN,NaN,1029.810000,219.030000,1129.060000,284.200000
NaN,NaN,1029.830000,219.020000,1129.060000,284.200000
NaN,NaN,1029.840000,219.030000,1129.070000,284.210000
NaN,NaN,1029.840000,219.040000,1129.070000,284.230000
NaN,NaN,1029.860000,219.050000,1129.070000,284.240000
NaN,NaN,1029.880000,219.050000,1129.070000,284.240000
NaN,NaN,1029.890000,219.050000,1129.060000,284.220000
NaN,NaN,1029.900000,219.050000,1129.060000,284.240000
NaN,NaN,1029.900000,219.050000,1129.050000,284.240000
NaN,NaN,1029.940000,219.080000,1129.060000,284.230000
NaN,NaN,1029.930000,219.070000,1129.050000,284.220000
NaN,NaN,1029.940000,219.070000,1129.040000,284.240000
NaN,NaN,1029.930000,219.070000,1129.040000,284.260000
NaN,NaN,1029.950000,219.080000,1129.040000,284.270000
NaN,NaN,1029.950000,219.070000,1129.030000,284.270000
NaN,NaN,1029.970000,219.080000,1129.030000,284.270000
NaN,NaN,1029.990000,219.090000,1129.030000,284.280000
NaN,NaN,1029.990000,219.090000,1129.030000,284.270000
NaN,NaN,1029.990000,219.100000,1129.030000,284.260000
NaN,NaN,1030.000000,219.110000,1129.030000,284.280000
NaN,NaN,1030.020000,219.110000,1129.030000,284.270000
NaN,NaN,1030.030000,219.120000,1129.020000,284.280000
NaN,NaN,1030.040000,219.130000,1129.030000,284.280000
NaN,NaN,1030.050000,219.140000,1129.020000,284.290000
NaN,NaN,1030.070000,219.140000,1129.050000,284.290000
NaN,NaN,1030.070000,219.140000,1129.040000,284.300000
NaN,NaN,1030.080000,219.150000,1129.040000,284.280000
NaN,NaN,1030.100000,219.150000,1129.030000,284.280000
NaN,NaN,1030.110000,219.160000,1129.020000,284.280000
NaN,NaN,1030.120000,219.170000,1129.030000,284.290000
NaN,NaN,1030.140000,219.170000,1129.020000,284.310000
NaN,NaN,1030.150000,219.180000,1129.030000,284.290000
NaN,NaN,1030.160000,219.170000,1129.020000,284.280000
NaN,NaN,1030.170000,219.180000,1129.020000,284.270000
NaN,NaN,1030.190000,219.180000,1129.020000,284.270000
NaN,NaN,1030.210000,219.200000,1129.020000,284.270000
NaN,NaN,1030.220000,219.200000,1129.020000,284.260000
NaN,NaN,1030.250000,219.190000,1129.020000,284.260000
NaN,NaN,1030.250000,219.210000,1129.030000,284.250000
NaN,NaN,1030.260000,219.230000,1129.040000,284.270000
NaN,NaN,1030.270000,219.220000,1129.030000,284.240000
NaN,NaN,1030.270000,219.230000,1129.040000,284.230000
NaN,NaN,1030.290000,219.240000,1129.040000,284.260000
NaN,NaN,1030.360000,219.170000,1129.050000,284.260000
NaN,NaN,1030.380000,219.160000,1129.040000,284.250000
NaN,NaN,1030.380000,219.200000,1129.040000,284.260000
NaN,NaN,1030.390000,219.210000,1129.040000,284.280000
NaN,NaN,1030.450000,219.180000,1129.040000,284.260000
NaN,NaN,1030.460000,219.190000,1129.040000,284.260000
NaN,NaN,1030.480000,219.200000,1129.050000,284.260000
NaN,NaN,1030.500000,219.190000,1129.040000,284.270000
NaN,NaN,1030.770000,219.040000,1129.050000,284.270000
NaN,NaN,1030.790000,219.030000,1129.040000,284.260000
NaN,NaN,1030.800000,219.040000,1129.040000,284.260000
NaN,NaN,1030.830000,219.050000,1129.020000,284.270000
NaN,NaN,1030.840000,219.050000,1129.020000,284.270000
NaN,NaN,1030.850000,219.050000,1129.020000,284.260000
NaN,NaN,1030.860000,219.060000,1129.030000,284.260000
NaN,NaN,1030.870000,219.060000,1129.020000,284.260000
NaN,NaN,1030.880000,219.070000,1129.010000,284.270000
NaN,NaN,1030.900000,219.080000,1129.010000,284.260000
NaN,NaN,1030.920000,219.080000,1129.010000,284.260000
NaN,NaN,1030.930000,219.090000,1129.020000,284.280000
NaN,NaN,1030.940000,219.090000,1129.010000,284.260000
NaN,NaN,1030.950000,219.090000,1129.020000,284.270000
NaN,NaN,1030.960000,219.100000,1129.020000,284.260000
NaN,NaN,1030.970000,219.100000,1129.030000,284.250000
NaN,NaN,1030.990000,219.130000,1129.030000,284.250000
NaN,NaN,1031.000000,219.130000,1129.030000,284.240000
NaN,NaN,1031.020000,219.150000,1129.030000,284.230000
NaN,NaN,1031.030000,219.160000,1129.030000,284.220000
NaN,NaN,1031.040000,219.180000,1129.040000,284.220000
NaN,NaN,1031.040000,219.180000,1129.030000,284.210000
NaN,NaN,1031.050000,219.180000,1129.030000,284.210000
NaN,NaN,1031.080000,219.190000,1129.030000,284.220000
NaN,NaN,1031.100000,219.190000,1129.030000,284.220000
NaN,NaN,1031.130000,219.180000,1129.030000,284.210000
NaN,NaN,1031.130000,219.190000,1129.030000,284.200000
NaN,NaN,1031.150000,219.210000,1129.030000,284.200000
NaN,NaN,1031.170000,219.210000,1129.040000,284.210000
NaN,NaN,1031.180000,219.210000,1129.050000,284.200000
NaN,NaN,1031.190000,219.220000,1129.050000,284.220000
NaN,NaN,1031.200000,219.220000,1129.050000,284.200000
NaN,NaN,1031.210000,219.250000,1129.050000,284.210000
NaN,NaN,1031.250000,219.250000,1129.040000,284.180000
NaN,NaN,1031.250000,219.260000,1129.050000,284.190000
NaN,NaN,1031.270000,219.260000,1129.040000,284.180000
NaN,NaN,1031.330000,219.210000,1129.030000,284.190000
NaN,NaN,1031.370000,219.200000,1129.040000,284.210000
NaN,NaN,1031.400000,219.200000,1129.030000,284.210000
NaN,NaN,1031.400000,219.220000,1129.030000,284.210000
NaN,NaN,1031.430000,219.220000,1129.030000,284.200000
NaN,NaN,1031.470000,219.220000,1129.030000,284.200000
NaN,NaN,1031.760000,219.060000,1129.030000,284.180000
NaN,NaN,1031.800000,219.060000,1129.030000,284.180000
NaN,NaN,1031.820000,219.070000,1129.040000,284.170000
NaN,NaN,1031.830000,219.080000,1129.030000,284.180000
NaN,NaN,1031.860000,219.090000,1129.030000,284.180000
NaN,NaN,1031.870000,219.090000,1129.020000,284.180000
NaN,NaN,1031.920000,219.110000,1129.040000,284.150000
NaN,NaN,1031.930000,219.120000,1129.030000,284.170000
NaN,NaN,1031.940000,219.120000,1129.020000,284.160000
NaN,NaN,1031.950000,219.140000,1129.020000,284.170000
NaN,NaN,1031.960000,219.150000,1129.020000,284.150000
NaN,NaN,1031.990000,219.170000,1129.020000,284.150000
NaN,NaN,1032.000000,219.170000,1129.020000,284.170000
NaN,NaN,1032.030000,219.190000,1129.020000,284.160000
NaN,NaN,1032.060000,219.210000,1129.030000,284.170000
NaN,NaN,1032.070000,219.220000,1129.020000,284.150000
NaN,NaN,1032.110000,219.240000,1129.020000,284.150000
NaN,NaN,1032.130000,219.250000,1129.020000,284.140000
NaN,NaN,1032.170000,219.270000,1129.020000,284.140000
NaN,NaN,1032.220000,219.260000,1129.030000,284.140000
NaN,NaN,1032.220000,219.280000,1129.020000,284.140000
NaN,NaN,1032.330000,219.270000,1129.040000,284.150000
NaN,NaN,1032.340000,219.280000,1129.030000,284.120000
NaN,NaN,1032.370000,219.320000,1129.020000,284.130000
NaN,NaN,1032.500000,219.240000,1129.030000,284.130000
NaN,NaN,1032.800000,219.080000,1129.030000,284.120000
NaN,NaN,1032.840000,219.090000,1129.030000,284.110000
NaN,NaN,1032.880000,219.110000,1129.020000,284.110000
NaN,NaN,1032.930000,219.110000,1129.030000,284.090000
NaN,NaN,1032.960000,219.150000,1129.020000,284.090000
NaN,NaN,1033.000000,219.170000,1129.010000,284.080000
NaN,NaN,1033.030000,219.210000,1129.020000,284.080000
NaN,NaN,1033.120000,219.260000,1129.020000,284.060000
NaN,NaN,1033.120000,219.270000,1129.020000,284.080000
NaN,NaN,1033.170000,219.310000,1129.030000,284.070000
NaN,NaN,1033.220000,219.330000,1129.040000,284.070000
NaN,NaN,1033.360000,219.300000,1129.040000,284.070000
NaN,NaN,1033.410000,219.310000,1129.040000,284.040000
NaN,NaN,1033.540000,219.270000,1129.040000,284.040000
NaN,NaN,1033.830000,219.100000,1129.040000,284.050000
NaN,NaN,1033.940000,219.150000,1129.030000,284.040000
NaN,NaN,1033.980000,219.170000,1129.030000,284.050000
NaN,NaN,1034.010000,219.210000,1129.030000,284.050000
NaN,NaN,1034.070000,219.240000,1129.020000,284.060000
NaN,NaN,1034.120000,219.270000,1129.030000,284.030000
NaN,NaN,1034.270000,219.310000,1129.030000,284.010000
NaN,NaN,1033.963726,220.331558,1129.030000,283.980000
NaN,NaN,1034.262767,220.201674,1129.030000,283.980000
NaN,NaN,1034.561809,220.201674,1129.020000,283.980000
NaN,NaN,1034.711329,220.201674,1129.020000,283.960000
NaN,NaN,1034.860850,220.201674,1129.030000,283.950000
NaN,NaN,1035.010371,220.201674,1129.020000,283.920000
NaN,NaN,1035.159892,220.331558,1129.000000,283.890000
NaN,NaN,1035.159892,220.331558,1129.010000,283.880000
NaN,NaN,1035.159892,220.331558,1129.010000,283.880000
NaN,NaN,1035.309412,220.591324,1129.010000,283.870000
NaN,NaN,1035.458933,220.721208,1129.020000,283.870000
NaN,NaN,1035.458933,220.851091,1129.020000,283.870000
NaN,NaN,1035.608454,220.980974,1129.010000,283.860000
NaN,NaN,1035.757974,221.110857,1129.010000,283.850000
NaN,NaN,1035.757974,221.110857,1129.020000,283.830000
NaN,NaN,1035.907495,221.110857,1129.020000,283.820000
NaN,NaN,1036.057016,221.240741,1129.020000,283.820000
NaN,NaN,1036.057016,221.240741,1129.030000,283.830000
NaN,NaN,1036.206536,221.370624,1129.030000,283.820000
NaN,NaN,1036.356057,221.370624,1129.020000,283.790000
NaN,NaN,1036.356057,221.500507,1129.050000,283.800000
NaN,NaN,1036.356057,221.630391,1129.030000,283.770000
NaN,NaN,1036.356057,221.630391,1129.040000,283.780000
NaN,NaN,1036.356057,221.760274,1129.030000,283.740000
NaN,NaN,1036.356057,221.890157,1129.030000,283.740000
NaN,NaN,1036.505578,221.890157,1129.030000,283.730000
NaN,NaN,1036.954140,222.149924,1129.040000,283.750000
NaN,NaN,1036.954140,222.149924,1129.030000,283.740000
NaN,NaN,1037.103661,222.279807,1129.030000,283.710000
NaN,NaN,1037.402702,222.409691,1129.040000,283.700000
NaN,NaN,1037.552223,222.409691,1129.040000,283.680000
NaN,NaN,1037.851264,222.799340,1129.040000,283.700000
NaN,NaN,1038.000785,222.929224,1129.040000,283.680000
NaN,NaN,1038.150306,223.059107,1129.050000,283.650000
NaN,NaN,1038.449347,223.188990,1129.050000,283.630000
NaN,NaN,1038.748388,223.318874,1129.060000,283.630000
NaN,NaN,1038.897909,223.448757,1129.050000,283.630000
NaN,NaN,1039.196950,223.578640,1129.060000,283.660000
NaN,NaN,1039.495992,223.708524,1129.050000,283.620000
NaN,NaN,1039.495992,223.708524,1129.060000,283.600000
NaN,NaN,1039.645513,223.708524,1129.060000,283.580000
NaN,NaN,1039.795033,223.838407,1129.060000,283.570000
NaN,NaN,1040.094075,223.838407,1129.060000,283.580000
NaN,NaN,1040.094075,223.968290,1129.070000,283.580000
NaN,NaN,1040.393116,224.098174,1129.050000,283.530000
NaN,NaN,1040.393116,224.228057,1129.020000,283.130000
NaN,NaN,1040.542637,224.228057,1129.020000,283.130000
NaN,NaN,1040.692157,224.228057,1129.030000,283.110000
NaN,NaN,1040.841678,224.357940,1129.030000,283.100000
NaN,NaN,1040.841678,224.487823,1129.020000,283.100000
NaN,NaN,1040.991199,224.617707,1129.010000,283.080000
NaN,NaN,1041.290240,224.617707,1129.010000,283.080000
NaN,NaN,1041.589282,224.877473,1129.020000,283.090000
NaN,NaN,1041.888323,224.877473,1129.020000,283.080000
NaN,NaN,1042.037844,225.007357,1129.020000,283.070000
NaN,NaN,1042.187364,225.007357,1129.030000,283.090000
NaN,NaN,1042.187364,225.007357,1129.030000,283.090000
NaN,NaN,1042.336885,225.137240,1129.030000,283.080000
NaN,NaN,1042.635927,225.397007,1129.030000,283.080000
NaN,NaN,1042.934968,225.526890,1129.040000,283.060000
NaN,NaN,1043.533051,225.656773,1129.030000,283.040000
NaN,NaN,1043.832092,225.786657,1129.040000,283.050000
NaN,NaN,1044.131134,226.046423,1129.040000,283.050000
NaN,NaN,1044.579696,226.046423,1129.040000,283.050000
NaN,NaN,1044.729216,226.176306,1129.040000,283.060000
NaN,NaN,1045.177779,226.306190,1129.030000,283.040000
NaN,NaN,1045.476820,226.565956,1129.040000,283.020000
NaN,NaN,1045.775861,226.695840,1129.040000,283.020000
NaN,NaN,1046.373944,227.085490,1129.040000,283.020000
NaN,NaN,1046.822506,227.215373,1129.030000,283.040000
NaN,NaN,1046.972027,227.475140,1129.040000,283.030000
NaN,NaN,1047.121548,227.605023,1129.040000,283.040000
NaN,NaN,1047.271068,227.864789,1129.030000,283.040000
NaN,NaN,1047.570110,227.994673,1129.030000,283.040000
NaN,NaN,1047.869151,228.254439,1129.030000,283.040000
NaN,NaN,1048.018672,228.514206,1129.030000,283.060000
NaN,NaN,1048.317713,228.514206,1129.030000,283.050000
NaN,NaN,1048.616755,228.903856,1129.030000,283.060000
NaN,NaN,1048.766275,229.163623,1129.040000,283.060000
NaN,NaN,1049.214837,229.293506,1129.040000,283.050000
NaN,NaN,1049.513879,229.553272,1129.040000,283.090000
NaN,NaN,1049.962441,230.202689,1129.040000,283.070000
NaN,NaN,1050.859565,230.722222,1129.050000,283.050000
NaN,NaN,1051.308127,230.981989,1129.040000,283.050000
NaN,NaN,1051.756689,231.111872,1129.050000,283.040000
NaN,NaN,1051.906210,231.501522,1129.050000,283.020000
NaN,NaN,1052.205251,231.631405,1129.060000,283.040000
NaN,NaN,1052.354772,231.761289,1129.050000,283.030000
NaN,NaN,1052.803334,232.021055,1129.060000,283.030000
NaN,NaN,1052.952855,232.410705,1129.060000,283.040000
NaN,NaN,1053.251896,232.670472,1129.050000,283.040000
NaN,NaN,1053.700458,233.060122,1129.050000,283.040000
NaN,NaN,1053.999500,233.319888,1129.060000,283.030000
NaN,NaN,1054.597583,233.839422,1129.060000,283.040000
NaN,NaN,1054.896624,234.099188,1129.050000,283.030000
NaN,NaN,1055.046145,234.229072,1129.060000,283.010000
NaN,NaN,1055.345186,234.488838,1129.060000,283.030000
NaN,NaN,1056.092790,234.748605,1129.040000,283.030000
NaN,NaN,1056.690873,234.878488,1129.060000,283.030000
NaN,NaN,1056.840393,235.008371,1129.060000,283.030000
NaN,NaN,1056.840393,235.008371,1129.070000,283.040000
NaN,NaN,1056.840393,235.268138,1129.070000,283.040000
NaN,NaN,1057.139435,235.657788,1129.070000,283.050000
NaN,NaN,1057.737517,235.917555,1129.070000,283.020000
NaN,NaN,1058.186080,236.177321,1129.060000,283.030000
NaN,NaN,1058.335600,236.307204,1129.060000,283.040000
NaN,NaN,1058.335600,236.307204,1129.060000,283.030000
NaN,NaN,1058.933683,236.696854,1129.060000,283.030000
NaN,NaN,1058.933683,236.696854,1129.080000,283.020000
NaN,NaN,1059.830807,237.216388,1129.090000,283.010000
1061.176494,237.995687,1060.428890,237.476154,1129.090000,283.000000
1061.176494,237.995687,1061.026973,237.606038,1129.090000,283.000000
1061.475535,238.385337,1061.924097,238.385337,1129.080000,283.000000
1062.372659,238.904871,1062.821221,238.774987,1129.080000,283.010000
1063.867866,239.294521,1063.120263,239.034754,1129.080000,283.020000
1065.363073,240.073820,1063.269783,238.904871,1129.080000,283.010000
1066.409718,240.333587,1063.419304,238.904871,1129.090000,283.030000
1066.559239,240.723237,1063.419304,239.424404,1129.080000,283.030000
1067.306842,240.983004,1063.867866,239.554287,1129.090000,283.030000
1067.755404,241.242770,1064.017387,239.684170,1129.090000,283.030000
1068.652529,241.632420,1064.465949,239.943937,1129.100000,283.030000
1069.250611,241.892187,1064.914511,240.073820,1129.100000,283.050000
1070.596298,242.022070,1065.064032,240.203704,1129.100000,283.060000
1071.792463,242.022070,1065.512594,240.333587,1129.100000,283.040000
1072.540067,242.022070,1065.662115,240.593354,1129.100000,283.060000
1073.437191,242.411720,1065.811635,240.853120,1129.110000,283.050000
1074.334315,242.931253,1066.260197,240.983004,1129.110000,283.050000
1075.680002,243.580670,1066.409718,240.983004,1129.100000,283.070000
1076.427605,244.100203,1066.858280,241.112887,1129.100000,283.050000
1076.577126,244.230086,1067.306842,241.502537,1129.100000,283.040000
1077.175209,244.619736,1068.054446,241.762303,1129.100000,283.070000
1078.221854,244.879503,1068.353487,241.892187,1129.100000,283.060000
1079.418019,245.269153,1068.652529,242.022070,1129.100000,283.080000
1080.315143,245.528919,1068.951570,242.281837,1129.110000,283.080000
1081.062747,245.658803,1069.250611,242.411720,1129.120000,283.080000
1081.959871,246.048453,1069.549653,242.541603,1129.110000,283.080000
1083.006516,246.178336,1070.147736,242.671487,1129.120000,283.080000
1084.053161,246.567986,1070.297256,242.801370,1129.110000,283.080000
1084.950285,246.697869,1070.596298,242.931253,1129.120000,283.080000
1085.548368,246.957636,1071.642943,243.061136,1129.130000,283.080000
1086.295971,247.217402,1071.941984,243.191020,1129.150000,283.090000
1087.193096,247.736936,1072.689588,243.450786,1129.150000,283.090000
1088.688303,248.386352,1073.287670,243.580670,1129.160000,283.100000
1089.435906,248.646119,1073.437191,243.710553,1129.150000,283.120000
1090.482551,248.905885,1073.885753,243.840436,1129.150000,283.110000
1091.678717,249.425419,1074.633357,244.230086,1129.150000,283.090000
1092.575841,249.685185,1075.530481,244.359970,1129.160000,283.110000
1093.323444,249.815068,1075.829522,244.619736,1129.160000,283.070000
1094.669131,250.724252,1076.427605,244.749619,1129.150000,283.090000
1095.117693,250.854135,1076.726647,244.879503,1129.150000,283.110000
1095.865296,251.113902,1077.623771,245.139269,1129.140000,283.110000
1096.612900,251.503551,1078.221854,245.399036,1129.150000,283.150000
1097.809065,252.023085,1078.371374,245.399036,1129.150000,283.140000
1099.154752,252.672501,1078.371374,245.658803,1129.160000,283.160000
1100.051876,253.062151,1078.520895,245.918569,1129.150000,283.150000
1100.500438,253.451801,1079.418019,246.048453,1129.170000,283.140000
1101.098521,253.971334,1079.866581,246.048453,1129.180000,283.170000
1101.846124,254.360984,1080.165623,246.178336,1129.170000,283.170000
1102.444207,254.750634,1080.763705,246.308219,1129.160000,283.170000
1103.191811,255.140284,1081.361788,246.697869,1129.160000,283.170000
1103.640373,255.919584,1081.660830,246.697869,1129.160000,283.170000
1104.986059,256.958650,1081.660830,246.697869,1129.170000,283.200000
1106.032704,257.737950,1082.258912,246.957636,1129.160000,283.180000
1106.630787,258.257484,1082.258912,246.957636,1129.160000,283.190000
1107.378390,259.036783,1082.557954,247.087519,1129.170000,283.180000
1107.976473,259.296550,1083.006516,247.087519,1129.180000,283.170000
1108.125994,259.816083,1084.501723,247.347286,1129.170000,283.160000
1108.275515,260.205733,1085.249326,247.736936,1129.180000,283.190000
1108.873597,260.725266,1086.445492,247.996702,1129.180000,283.190000
1109.172639,261.114916,1086.595013,248.256469,1129.180000,283.210000
1110.069763,262.153983,1086.744534,248.256469,1129.200000,283.240000
1110.966887,263.193049,1086.894054,248.516235,1129.200000,283.250000
1112.013532,264.232116,1087.193096,248.776002,1129.200000,283.230000
1112.611615,264.881532,1087.193096,249.165652,1129.190000,283.240000
1113.060177,265.660832,1087.791178,249.685185,1129.180000,283.230000
1113.957301,266.959665,1088.538782,249.685185,1129.180000,283.220000
1115.003946,268.128615,1088.688303,249.944952,1129.180000,283.220000
1116.200112,269.427448,1088.688303,250.074835,1129.190000,283.230000
1116.349632,269.557331,1088.688303,250.464485,1129.200000,283.260000
1116.798195,270.336631,1088.987344,250.724252,1129.200000,283.250000
1117.097236,270.596398,1089.136865,251.763318,1129.190000,283.230000
1117.994360,271.245814,1089.435906,252.023085,1129.190000,283.250000
1118.741964,271.895231,1090.632072,253.062151,1129.180000,283.290000
1119.340046,272.414764,1091.678717,253.711568,1129.180000,283.310000
1119.788609,273.064181,1091.678717,253.711568,1129.180000,283.300000
1120.386691,273.453831,1091.678717,254.101218,1129.200000,283.280000
1121.283816,274.363014,1091.828237,254.360984,1129.200000,283.310000
1121.433336,274.752664,1092.276799,254.750634,1129.200000,283.310000
1121.732378,275.272197,1092.426320,255.140284,1129.200000,283.310000
1122.180940,275.921613,1093.024403,255.919584,1129.200000,283.320000
1123.377105,276.830797,1093.772006,256.309234,1129.190000,283.320000
1124.274230,277.220446,1093.921527,256.698884,1129.180000,283.370000
1124.573271,277.610096,1093.921527,256.828767,1129.806496,283.324962
1124.872312,278.259513,1094.071048,257.088534,1129.656975,283.195079
1125.619916,279.038813,1094.220569,257.348300,1129.507454,283.065195
1125.918957,279.428463,1094.220569,257.348300,1129.357933,283.454845
1127.115123,280.467529,1094.220569,257.478184,1129.806496,284.234145
1127.563685,281.116946,1094.519610,257.867834,1129.806496,284.234145
1127.414164,280.987062,1094.519610,258.127600,1130.404578,284.364028
1127.713206,281.246829,1094.669131,258.387367,1131.002661,284.883562
1127.862726,280.987062,1094.818651,258.517250,1131.152182,285.013445
1128.460809,281.116946,1095.267213,259.296550,1131.899785,285.792745
1128.610330,281.506596,1095.715776,259.296550,1132.198827,286.052511
1128.909371,281.896246,1095.865296,259.426433,1132.796910,286.442161
1129.208413,282.026129,1096.164338,259.686200,1133.394992,286.831811
1129.956016,282.285895,1096.313858,259.945967,1134.292117,287.091578
1130.255058,282.545662,1097.510024,260.465500,1135.189241,287.091578
1131.152182,283.454845,1097.510024,260.465500,1135.787324,287.091578
1132.049306,283.714612,1098.108107,260.335616,1136.086365,287.091578
1132.348347,284.234145,1098.108107,260.335616,1136.684448,287.091578
1132.497868,284.623795,1098.257628,260.335616,1137.133010,287.221461
1132.796910,284.883562,1098.706190,260.465500,1137.731093,287.611111
1133.694034,285.403095,1098.855710,260.465500,1138.329176,288.000761
1134.142596,285.143328,1099.154752,260.595383,1138.777738,288.390411
1134.591158,285.662861,1099.453793,260.595383,1139.076779,288.650178
1135.039720,285.922628,1099.453793,260.465500,1139.973903,289.039827
1135.787324,285.922628,1099.453793,260.335616,1140.272945,289.169711
1136.235886,286.052511,1099.752835,260.335616,1140.422465,289.429477
1136.983489,286.052511,1099.902355,260.075850,1140.721507,289.559361
1136.983489,286.052511,1100.051876,260.075850,1141.319590,289.689244
1137.581572,286.052511,1100.201397,260.075850,1141.768152,289.559361
1137.880613,286.052511,1100.500438,260.075850,1142.067193,289.429477
1138.030134,286.182395,1100.500438,260.075850,1142.515755,289.169711
1138.478696,285.792745,1100.799479,259.945967,1142.814797,289.169711
1138.777738,285.792745,1100.949000,259.816083,1142.814797,289.169711
1139.226300,285.922628,1100.949000,259.816083,1142.964317,289.169711
1139.375820,285.922628,1101.098521,259.816083,1142.665276,289.169711
1139.525341,285.922628,1101.248042,259.686200,1142.665276,288.909944
1139.824383,285.792745,1101.098521,259.686200,1142.665276,288.780061
1139.973903,285.662861,1101.098521,259.556317,1142.665276,288.780061
1139.973903,285.792745,1101.248042,259.556317,1142.665276,288.780061
1139.973903,285.532978,1101.248042,259.426433,1142.814797,288.780061
1139.973903,285.532978,1101.248042,259.426433,1142.665276,288.780061
1139.674862,285.273212,1101.547083,259.166667,1142.515755,288.650178
1139.525341,285.143328,1101.696604,259.166667,1142.366234,288.390411
1139.525341,285.143328,1101.846124,259.166667,1142.216714,287.611111
1138.628217,284.364028,1101.846124,259.166667,1142.216714,287.481228
1138.329176,284.364028,1101.995645,259.296550,1142.067193,287.221461
1137.880613,284.104262,1101.995645,259.426433,1141.917672,286.831811
1136.983489,283.844495,1101.995645,259.426433,1141.618631,286.052511
1136.684448,283.844495,1102.145166,259.426433,1141.020548,285.662861
1135.936844,283.454845,1102.294686,259.556317,1140.272945,285.273212
1135.637803,283.195079,1102.294686,259.556317,1139.226300,284.883562
1135.039720,282.545662,1102.294686,259.686200,1137.581572,284.234145
1134.591158,282.026129,1102.294686,259.686200,1137.432051,283.974378
1133.993075,281.766362,1102.444207,259.686200,1136.385406,283.584729
1132.946430,281.246829,1102.444207,259.686200,1135.189241,283.065195
1132.348347,280.727296,1102.444207,259.686200,1134.441637,282.805429
1131.600744,280.077879,1102.444207,259.686200,1133.394992,281.896246
1130.703620,279.688229,1102.444207,259.686200,1132.647389,281.636479
1130.404578,279.428463,1102.444207,259.686200,1131.600744,281.376712
1128.759851,278.779046,1102.294686,259.686200,1130.255058,280.987062
1126.217999,277.869863,1102.294686,259.686200,1129.208413,280.727296
1123.975188,277.350330,1102.145166,259.686200,1128.460809,280.727296
1123.377105,276.830797,1101.995645,259.686200,1127.115123,280.467529
1123.078064,276.571030,1101.995645,259.816083,1126.068478,280.337646
1122.928543,276.571030,1101.995645,259.816083,1124.722792,280.077879
1121.881898,275.661847,1101.995645,259.816083,1122.779023,279.688229
1120.984774,274.622780,1101.995645,259.945967,1120.835253,278.908929
1120.835253,274.363014,1101.846124,259.816083,1119.190526,277.869863
1120.087650,273.713597,1101.696604,260.075850,1117.545798,275.531963
1119.041005,272.934297,1101.547083,259.945967,1117.246757,274.882547
1118.442922,272.414764,1101.397562,259.945967,1116.499153,273.453831
1117.844839,272.154997,1101.397562,259.945967,1115.901070,272.284881
1117.396277,271.635464,1101.397562,259.945967,1115.751550,271.635464
1116.947715,271.115931,1101.397562,259.945967,1115.751550,271.115931
1116.798195,270.856164,1101.397562,259.945967,1115.751550,270.466514
1116.648674,270.206748,1101.397562,259.816083,1116.349632,269.427448
1116.499153,269.946981,1101.397562,259.556317,1116.050591,268.778031
1116.050591,269.427448,1101.397562,259.556317,1115.302987,267.738965
1115.751550,268.907915,1101.248042,259.296550,1114.854425,267.349315
1115.751550,268.778031,1101.248042,259.296550,1114.555384,266.699899
1115.153467,268.648148,1101.248042,259.296550,1114.256343,266.180365
1114.704905,268.258498,1101.098521,259.296550,1113.508739,265.660832
1114.555384,268.258498,1101.098521,259.296550,1112.462094,265.011416
1113.658260,267.479198,1101.248042,259.036783,1110.817366,264.102232
1113.060177,266.959665,1101.248042,259.036783,1109.621201,262.933283
1112.312573,266.570015,1101.248042,259.036783,1108.724077,261.374683
1111.564970,266.050482,1101.248042,259.036783,1108.724077,261.374683
1111.116408,265.790715,1101.248042,259.036783,1107.527911,260.595383
1110.667846,265.271182,1100.051876,259.166667,1107.527911,260.335616
1110.518325,265.011416,1100.051876,259.166667,1106.630787,259.686200
1109.621201,263.972349,1100.201397,259.036783,1106.630787,259.426433
1109.172639,263.322933,1100.350917,259.036783,1105.883183,258.647133
1108.574556,263.063166,1099.902355,258.906900,1104.238456,257.478184
1107.677432,262.413749,1099.603314,258.906900,1102.892769,256.828767
1107.228870,262.283866,1099.603314,258.906900,1101.995645,256.439117
1106.481266,261.764333,1099.453793,258.777017,1099.902355,255.919584
1105.733663,261.114916,1099.154752,258.517250,1099.005231,255.659817
1104.687018,260.465500,1099.005231,258.517250,1097.958586,255.270167
1103.939414,259.945967,1099.005231,258.517250,1096.313858,255.010401
1103.640373,259.816083,1098.706190,258.517250,1095.267213,254.620751
1103.341331,259.686200,1098.556669,258.517250,1093.173924,254.101218
1103.042290,259.426433,1098.556669,258.517250,1092.426320,253.841451
1101.995645,259.166667,1098.706190,258.517250,1091.678717,253.711568
1101.696604,259.036783,1098.706190,258.257484,1090.033989,253.321918
1101.547083,259.036783,1098.706190,258.257484,1089.435906,253.192035
1101.397562,259.036783,1098.407148,258.257484,1088.389261,252.932268
1100.949000,258.906900,1098.108107,258.127600,1087.791178,252.672501
1100.500438,258.517250,1098.108107,258.127600,1087.043575,252.542618
1100.051876,258.257484,1097.809065,258.127600,1086.295971,252.412735
1099.603314,258.127600,1097.809065,258.257484,1085.548368,252.282851
1099.154752,257.867834,1097.659545,258.257484,1085.548368,252.282851
1098.407148,257.348300,1097.360503,258.387367,1085.548368,252.282851
1098.108107,257.088534,1097.210983,258.387367,1085.548368,252.152968
1097.210983,256.569001,1097.210983,258.517250,1085.249326,252.152968
1096.911941,256.179351,1097.061462,258.517250,1085.099806,252.282851
1096.313858,256.049467,1097.061462,258.517250,1084.501723,252.282851
1095.715776,255.789701,1096.911941,258.517250,1084.053161,252.282851
1094.968172,255.789701,1096.762421,258.387367,1083.156037,252.023085
1094.519610,255.529934,1096.762421,258.387367,1083.006516,251.893201
1094.220569,255.270167,1096.762421,258.387367,1082.856995,251.763318
1093.622486,254.880518,1096.762421,258.387367,1082.856995,251.763318
1093.173924,254.750634,1096.762421,258.387367,1082.856995,251.763318
1092.874882,254.750634,1096.762421,258.387367,NaN,NaN
NaN,NaN,1096.762421,258.387367,NaN,NaN
NaN,NaN,1096.762421,258.387367,NaN,NaN
NaN,NaN,1096.762421,258.517250,NaN,NaN
NaN,NaN,1096.463379,258.777017,NaN,NaN
NaN,NaN,1096.612900,258.777017,NaN,NaN
NaN,NaN,1096.463379,258.777017,NaN,NaN
NaN,NaN,1096.463379,258.647133,NaN,NaN
NaN,NaN,1096.313858,258.777017,NaN,NaN
NaN,NaN,1096.164338,258.777017,NaN,NaN
NaN,NaN,1096.164338,258.777017,NaN,NaN
NaN,NaN,1095.865296,258.517250,NaN,NaN
NaN,NaN,1095.715776,258.517250,NaN,NaN
NaN,NaN,1095.865296,258.647133,NaN,NaN
NaN,NaN,1095.715776,258.647133,NaN,NaN
NaN,NaN,1095.566255,258.647133,NaN,NaN
NaN,NaN,1095.566255,258.647133,NaN,NaN
NaN,NaN,1095.566255,258.647133,NaN,NaN
NaN,NaN,1095.566255,258.647133,NaN,NaN
NaN,NaN,1095.566255,258.647133,NaN,NaN
NaN,NaN,1095.416734,258.647133,NaN,NaN
NaN,NaN,1095.416734,258.517250,NaN,NaN
NaN,NaN,1095.416734,258.517250,NaN,NaN
NaN,NaN,1095.416734,258.517250,NaN,NaN
NaN,NaN,1095.416734,258.517250,NaN,NaN
NaN,NaN,NaN,NaN,NaN,NaN
NaN,NaN,NaN,NaN,NaN,NaN
NaN,NaN,NaN,NaN,NaN,NaN
NaN,NaN,NaN,NaN,NaN,NaN
NaN,NaN,NaN,NaN,NaN,NaN
NaN,NaN,NaN,NaN,NaN,NaN
NaN,NaN,NaN,NaN,NaN,NaN
NaN,NaN,NaN,NaN,NaN,NaN
NaN,NaN,NaN,NaN,NaN,NaN
NaN,NaN,NaN,NaN,NaN,NaN
NaN,NaN,NaN,NaN,NaN,NaN
NaN,NaN,NaN,NaN,NaN,NaN
NaN,NaN,NaN,NaN,NaN,NaN
NaN,NaN,NaN,NaN,NaN,NaN
NaN,NaN,NaN,NaN,NaN,NaN
NaN,NaN,NaN,NaN,NaN,NaN
NaN,NaN,NaN,NaN,NaN,NaN
NaN,NaN,NaN,NaN,NaN,NaN
NaN,NaN,NaN,NaN,NaN,NaN
NaN,NaN,NaN,NaN,NaN,NaN
NaN,NaN,NaN,NaN,NaN,NaN
NaN,NaN,NaN,NaN,NaN,NaN
NaN,NaN,NaN,NaN,NaN,NaN
NaN,NaN,NaN,NaN,NaN,NaN
NaN,NaN,NaN,NaN,NaN,NaN
NaN,NaN,NaN,NaN,NaN,NaN
NaN,NaN,NaN,NaN,NaN,NaN
NaN,NaN,NaN,NaN,NaN,NaN
NaN,NaN,NaN,NaN,NaN,NaN
NaN,NaN,NaN,NaN,NaN,NaN
NaN,NaN,NaN,NaN,NaN,NaN
NaN,NaN,NaN,NaN,NaN,NaN
NaN,NaN,NaN,NaN,NaN,NaN
NaN,NaN,NaN,NaN,NaN,NaN
NaN,NaN,NaN,NaN,NaN,NaN
NaN,NaN,NaN,NaN,NaN,NaN
NaN,NaN,NaN,NaN,NaN,NaN
NaN,NaN,NaN,NaN,NaN,NaN
NaN,NaN,NaN,NaN,NaN,NaN
NaN,NaN,NaN,NaN,NaN,NaN
NaN,NaN,NaN,NaN,NaN,NaN
NaN,NaN,NaN,NaN,NaN,NaN
NaN,NaN,NaN,NaN,NaN,NaN
NaN,NaN,NaN,NaN,NaN,NaN
NaN,NaN,NaN,NaN,NaN,NaN
NaN,NaN,NaN,NaN,NaN,NaN
NaN,NaN,NaN,NaN,NaN,NaN
NaN,NaN,NaN,NaN,NaN,NaN
NaN,NaN,NaN,NaN,NaN,NaN
NaN,NaN,NaN,NaN,NaN,NaN
NaN,NaN,NaN,NaN,NaN,NaN
NaN,NaN,NaN,NaN,NaN,NaN
NaN,NaN,NaN,NaN,NaN,NaN
NaN,NaN,NaN,NaN,NaN,NaN
NaN,NaN,NaN,NaN,NaN,NaN
NaN,NaN,NaN,NaN,NaN,NaN
NaN,NaN,NaN,NaN,NaN,NaN
NaN,NaN,NaN,NaN,NaN,NaN
NaN,NaN,NaN,NaN,NaN,NaN
NaN,NaN,NaN,NaN,NaN,NaN
NaN,NaN,NaN,NaN,NaN,NaN
NaN,NaN,NaN,NaN,NaN,NaN
NaN,NaN,NaN,NaN,NaN,NaN
NaN,NaN,NaN,NaN,NaN,NaN
NaN,NaN,NaN,NaN,NaN,NaN
NaN,NaN,NaN,NaN,NaN,NaN
NaN,NaN,NaN,NaN,NaN,NaN
NaN,NaN,NaN,NaN,NaN,NaN
NaN,NaN,NaN,NaN,NaN,NaN
NaN,NaN,NaN,NaN,NaN,NaN
NaN,NaN,NaN,NaN,NaN,NaN
NaN,NaN,NaN,NaN,NaN,NaN
NaN,NaN,NaN,NaN,NaN,NaN
NaN,NaN,NaN,NaN,NaN,NaN
NaN,NaN,NaN,NaN,NaN,NaN
NaN,NaN,NaN,NaN,NaN,NaN
NaN,NaN,NaN,NaN,NaN,NaN
NaN,NaN,NaN,NaN,NaN,NaN
NaN,NaN,NaN,NaN,NaN,NaN
NaN,NaN,NaN,NaN,NaN,NaN
NaN,NaN,NaN,NaN,NaN,NaN
NaN,NaN,NaN,NaN,NaN,NaN
NaN,NaN,NaN,NaN,NaN,NaN
NaN,NaN,NaN,NaN,NaN,NaN
NaN,NaN,NaN,NaN,NaN,NaN
NaN,NaN,NaN,NaN,NaN,NaN
NaN,NaN,NaN,NaN,NaN,NaN
NaN,NaN,NaN,NaN,NaN,NaN
NaN,NaN,NaN,NaN,NaN,NaN
NaN,NaN,NaN,NaN,NaN,NaN
NaN,NaN,NaN,NaN,NaN,NaN
NaN,NaN,NaN,NaN,NaN,NaN
NaN,NaN,NaN,NaN,NaN,NaN
NaN,NaN,NaN,NaN,NaN,NaN
NaN,NaN,NaN,NaN,NaN,NaN
NaN,NaN,NaN,NaN,NaN,NaN
NaN,NaN,NaN,NaN,NaN,NaN
NaN,NaN,NaN,NaN,NaN,NaN
NaN,NaN,NaN,NaN,NaN,NaN
NaN,NaN,NaN,NaN,NaN,NaN
NaN,NaN,NaN,NaN,NaN,NaN
NaN,NaN,NaN,NaN,NaN,NaN
NaN,NaN,NaN,NaN,NaN,NaN
NaN,NaN,NaN,NaN,NaN,NaN
NaN,NaN,NaN,NaN,NaN,NaN
NaN,NaN,NaN,NaN,NaN,NaN
NaN,NaN,NaN,NaN,NaN,NaN
NaN,NaN,NaN,NaN,NaN,NaN
NaN,NaN,NaN,NaN,NaN,NaN
NaN,NaN,NaN,NaN,NaN,NaN
NaN,NaN,NaN,NaN,NaN,NaN
NaN,NaN,NaN,NaN,NaN,NaN
NaN,NaN,NaN,NaN,NaN,NaN
NaN,NaN,NaN,NaN,NaN,NaN
NaN,NaN,NaN,NaN,NaN,NaN
NaN,NaN,NaN,NaN,NaN,NaN
NaN,NaN,NaN,NaN,NaN,NaN
NaN,NaN,NaN,NaN,NaN,NaN
NaN,NaN,NaN,NaN,NaN,NaN
NaN,NaN,NaN,NaN,NaN,NaN
NaN,NaN,NaN,NaN,NaN,NaN
NaN,NaN,NaN,NaN,NaN,NaN
NaN,NaN,NaN,NaN,NaN,NaN
NaN,NaN,NaN,NaN,NaN,NaN
NaN,NaN,NaN,NaN,NaN,NaN
NaN,NaN,NaN,NaN,NaN,NaN
NaN,NaN,NaN,NaN,NaN,NaN
NaN,NaN,NaN,NaN,NaN,NaN
NaN,NaN,NaN,NaN,NaN,NaN
NaN,NaN,NaN,NaN,NaN,NaN
NaN,NaN,NaN,NaN,NaN,NaN
NaN,NaN,NaN,NaN,NaN,NaN
NaN,NaN,NaN,NaN,NaN,NaN
NaN,NaN,NaN,NaN,NaN,NaN
NaN,NaN,NaN,NaN,NaN,NaN
NaN,NaN,NaN,NaN,NaN,NaN
NaN,NaN,NaN,NaN,NaN,NaN
NaN,NaN,NaN,NaN,NaN,NaN
NaN,NaN,NaN,NaN,NaN,NaN
NaN,NaN,NaN,NaN,NaN,NaN
NaN,NaN,NaN,NaN,NaN,NaN
NaN,NaN,NaN,NaN,NaN,NaN
NaN,NaN,NaN,NaN,NaN,NaN
NaN,NaN,NaN,NaN,NaN,NaN
NaN,NaN,NaN,NaN,NaN,NaN
NaN,NaN,NaN,NaN,NaN,NaN
NaN,NaN,NaN,NaN,NaN,NaN
NaN,NaN,NaN,NaN,NaN,NaN
NaN,NaN,NaN,NaN,NaN,NaN
NaN,NaN,NaN,NaN,NaN,NaN
NaN,NaN,NaN,NaN,NaN,NaN
NaN,NaN,NaN,NaN,NaN,NaN
NaN,NaN,NaN,NaN,NaN,NaN
NaN,NaN,NaN,NaN,NaN,NaN
NaN,NaN,NaN,NaN,NaN,NaN
NaN,NaN,NaN,NaN,NaN,NaN
NaN,NaN,NaN,NaN,NaN,NaN
NaN,NaN,NaN,NaN,NaN,NaN
NaN,NaN,NaN,NaN,NaN,NaN
NaN,NaN,NaN,NaN,NaN,NaN
NaN,NaN,NaN,NaN,NaN,NaN
NaN,NaN,NaN,NaN,NaN,NaN
NaN,NaN,NaN,NaN,NaN,NaN
NaN,NaN,NaN,NaN,NaN,NaN
NaN,NaN,NaN,NaN,NaN,NaN
NaN,NaN,NaN,NaN,NaN,NaN
NaN,NaN,NaN,NaN,NaN,NaN
NaN,NaN,NaN,NaN,NaN,NaN
NaN,NaN,NaN,NaN,NaN,NaN
NaN,NaN,NaN,NaN,NaN,NaN
NaN,NaN,NaN,NaN,NaN,NaN
NaN,NaN,NaN,NaN,NaN,NaN
NaN,NaN,NaN,NaN,NaN,NaN
NaN,NaN,NaN,NaN,NaN,NaN
NaN,NaN,NaN,NaN,NaN,NaN
NaN,NaN,NaN,NaN,NaN,NaN
NaN,NaN,NaN,NaN,NaN,NaN
NaN,NaN,NaN,NaN,NaN,NaN
NaN,NaN,NaN,NaN,NaN,NaN
NaN,NaN,NaN,NaN,NaN,NaN
NaN,NaN,NaN,NaN,NaN,NaN
NaN,NaN,NaN,NaN,NaN,NaN
NaN,NaN,NaN,NaN,NaN,NaN
NaN,NaN,NaN,NaN,NaN,NaN
NaN,NaN,NaN,NaN,NaN,NaN
NaN,NaN,NaN,NaN,NaN,NaN
NaN,NaN,NaN,NaN,NaN,NaN
NaN,NaN,NaN,NaN,NaN,NaN
NaN,NaN,NaN,NaN,NaN,NaN
NaN,NaN,NaN,NaN,NaN,NaN
NaN,NaN,NaN,NaN,NaN,NaN
NaN,NaN,NaN,NaN,NaN,NaN
NaN,NaN,NaN,NaN,NaN,NaN
NaN,NaN,NaN,NaN,NaN,NaN
NaN,NaN,NaN,NaN,NaN,NaN
NaN,NaN,NaN,NaN,NaN,NaN
NaN,NaN,NaN,NaN,NaN,NaN
NaN,NaN,NaN,NaN,NaN,NaN
NaN,NaN,NaN,NaN,NaN,NaN
NaN,NaN,NaN,NaN,NaN,NaN
NaN,NaN,NaN,NaN,NaN,NaN
NaN,NaN,NaN,NaN,NaN,NaN
NaN,NaN,NaN,NaN,NaN,NaN
NaN,NaN,NaN,NaN,NaN,NaN
NaN,NaN,NaN,NaN,NaN,NaN
NaN,NaN,NaN,NaN,NaN,NaN
NaN,NaN,NaN,NaN,NaN,NaN
NaN,NaN,NaN,NaN,NaN,NaN
NaN,NaN,NaN,NaN,NaN,NaN
NaN,NaN,NaN,NaN,NaN,NaN
NaN,NaN,NaN,NaN,NaN,NaN
NaN,NaN,NaN,NaN,NaN,NaN
NaN,NaN,NaN,NaN,NaN,NaN
NaN,NaN,NaN,NaN,NaN,NaN
NaN,NaN,NaN,NaN,NaN,NaN
NaN,NaN,NaN,NaN,NaN,NaN
NaN,NaN,NaN,NaN,NaN,NaN
NaN,NaN,NaN,NaN,NaN,NaN
NaN,NaN,NaN,NaN,NaN,NaN
NaN,NaN,NaN,NaN,NaN,NaN
NaN,NaN,NaN,NaN,NaN,NaN
NaN,NaN,NaN,NaN,NaN,NaN
NaN,NaN,NaN,NaN,NaN,NaN
NaN,NaN,NaN,NaN,NaN,NaN
NaN,NaN,NaN,NaN,NaN,NaN
NaN,NaN,NaN,NaN,NaN,NaN
NaN,NaN,NaN,NaN,NaN,NaN
NaN,NaN,NaN,NaN,NaN,NaN
NaN,NaN,NaN,NaN,NaN,NaN
NaN,NaN,NaN,NaN,NaN,NaN
NaN,NaN,NaN,NaN,NaN,NaN
NaN,NaN,NaN,NaN,NaN,NaN
NaN,NaN,NaN,NaN,NaN,NaN
NaN,NaN,NaN,NaN,NaN,NaN
NaN,NaN,NaN,NaN,NaN,NaN
NaN,NaN,NaN,NaN,NaN,NaN
NaN,NaN,NaN,NaN,NaN,NaN
NaN,NaN,NaN,NaN,NaN,NaN
NaN,NaN,NaN,NaN,NaN,NaN
NaN,NaN,NaN,NaN,NaN,NaN
NaN,NaN,NaN,NaN,NaN,NaN
NaN,NaN,NaN,NaN,NaN,NaN
NaN,NaN,NaN,NaN,NaN,NaN
NaN,NaN,NaN,NaN,NaN,NaN
NaN,NaN,NaN,NaN,NaN,NaN
NaN,NaN,NaN,NaN,NaN,NaN
NaN,NaN,NaN,NaN,NaN,NaN
NaN,NaN,NaN,NaN,NaN,NaN
NaN,NaN,NaN,NaN,NaN,NaN
NaN,NaN,NaN,NaN,NaN,NaN
NaN,NaN,NaN,NaN,NaN,NaN
NaN,NaN,NaN,NaN,NaN,NaN
NaN,NaN,NaN,NaN,NaN,NaN
NaN,NaN,NaN,NaN,NaN,NaN
NaN,NaN,NaN,NaN,NaN,NaN
NaN,NaN,NaN,NaN,NaN,NaN
NaN,NaN,NaN,NaN,NaN,NaN
NaN,NaN,NaN,NaN,NaN,NaN
NaN,NaN,NaN,NaN,NaN,NaN
NaN,NaN,NaN,NaN,NaN,NaN
NaN,NaN,NaN,NaN,NaN,NaN
NaN,NaN,NaN,NaN,NaN,NaN
NaN,NaN,NaN,NaN,NaN,NaN
NaN,NaN,NaN,NaN,NaN,NaN
NaN,NaN,NaN,NaN,NaN,NaN
NaN,NaN,NaN,NaN,NaN,NaN
NaN,NaN,NaN,NaN,NaN,NaN
NaN,NaN,NaN,NaN,NaN,NaN
NaN,NaN,NaN,NaN,NaN,NaN
NaN,NaN,NaN,NaN,NaN,NaN
NaN,NaN,NaN,NaN,NaN,NaN
NaN,NaN,NaN,NaN,NaN,NaN
NaN,NaN,NaN,NaN,NaN,NaN
NaN,NaN,NaN,NaN,NaN,NaN
NaN,NaN,NaN,NaN,NaN,NaN
NaN,NaN,NaN,NaN,NaN,NaN
NaN,NaN,NaN,NaN,NaN,NaN
NaN,NaN,NaN,NaN,NaN,NaN
NaN,NaN,NaN,NaN,NaN,NaN
NaN,NaN,NaN,NaN,NaN,NaN
NaN,NaN,NaN,NaN,NaN,NaN
NaN,NaN,NaN,NaN,NaN,NaN
NaN,NaN,NaN,NaN,NaN,NaN
NaN,NaN,NaN,NaN,NaN,NaN
NaN,NaN,NaN,NaN,NaN,NaN
NaN,NaN,NaN,NaN,NaN,NaN
NaN,NaN,NaN,NaN,NaN,NaN
NaN,NaN,NaN,NaN,NaN,NaN
NaN,NaN,NaN,NaN,NaN,NaN
NaN,NaN,NaN,NaN,NaN,NaN
NaN,NaN,NaN,NaN,NaN,NaN
NaN,NaN,NaN,NaN,NaN,NaN
NaN,NaN,NaN,NaN,NaN,NaN
NaN,NaN,NaN,NaN,NaN,NaN
NaN,NaN,NaN,NaN,NaN,NaN
NaN,NaN,NaN,NaN,NaN,NaN
NaN,NaN,NaN,NaN,NaN,NaN
NaN,NaN,NaN,NaN,NaN,NaN
NaN,NaN,NaN,NaN,NaN,NaN
NaN,NaN,NaN,NaN,NaN,NaN
NaN,NaN,NaN,NaN,NaN,NaN
NaN,NaN,NaN,NaN,NaN,NaN
NaN,NaN,NaN,NaN,NaN,NaN
NaN,NaN,NaN,NaN,NaN,NaN
NaN,NaN,NaN,NaN,NaN,NaN
NaN,NaN,NaN,NaN,NaN,NaN
NaN,NaN,NaN,NaN,NaN,NaN
NaN,NaN,NaN,NaN,NaN,NaN
NaN,NaN,NaN,NaN,NaN,NaN
NaN,NaN,NaN,NaN,NaN,NaN
NaN,NaN,NaN,NaN,NaN,NaN
NaN,NaN,NaN,NaN,NaN,NaN
NaN,NaN,NaN,NaN,NaN,NaN
NaN,NaN,NaN,NaN,NaN,NaN
NaN,NaN,NaN,NaN,NaN,NaN
NaN,NaN,NaN,NaN,NaN,NaN
NaN,NaN,NaN,NaN,NaN,NaN
NaN,NaN,NaN,NaN,NaN,NaN
NaN,NaN,NaN,NaN,NaN,NaN
NaN,NaN,NaN,NaN,NaN,NaN
NaN,NaN,NaN,NaN,NaN,NaN
NaN,NaN,NaN,NaN,NaN,NaN
NaN,NaN,NaN,NaN,NaN,NaN
NaN,NaN,NaN,NaN,NaN,NaN
NaN,NaN,NaN,NaN,NaN,NaN
NaN,NaN,NaN,NaN,NaN,NaN
NaN,NaN,NaN,NaN,NaN,NaN
NaN,NaN,NaN,NaN,NaN,NaN
NaN,NaN,NaN,NaN,NaN,NaN
NaN,NaN,NaN,NaN,NaN,NaN
NaN,NaN,NaN,NaN,NaN,NaN
NaN,NaN,NaN,NaN,NaN,NaN
NaN,NaN,NaN,NaN,NaN,NaN
NaN,NaN,NaN,NaN,NaN,NaN
NaN,NaN,NaN,NaN,NaN,NaN
NaN,NaN,NaN,NaN,NaN,NaN
NaN,NaN,NaN,NaN,NaN,NaN
NaN,NaN,NaN,NaN,NaN,NaN
NaN,NaN,NaN,NaN,NaN,NaN
NaN,NaN,NaN,NaN,NaN,NaN
NaN,NaN,NaN,NaN,NaN,NaN
NaN,NaN,NaN,NaN,NaN,NaN
NaN,NaN,NaN,NaN,NaN,NaN
NaN,NaN,NaN,NaN,NaN,NaN
NaN,NaN,NaN,NaN,NaN,NaN
NaN,NaN,NaN,NaN,NaN,NaN
NaN,NaN,NaN,NaN,NaN,NaN
NaN,NaN,NaN,NaN,NaN,NaN
NaN,NaN,NaN,NaN,NaN,NaN
NaN,NaN,NaN,NaN,NaN,NaN
NaN,NaN,NaN,NaN,NaN,NaN
NaN,NaN,NaN,NaN,NaN,NaN
NaN,NaN,NaN,NaN,NaN,NaN
NaN,NaN,NaN,NaN,NaN,NaN
NaN,NaN,NaN,NaN,NaN,NaN
NaN,NaN,NaN,NaN,NaN,NaN
NaN,NaN,NaN,NaN,NaN,NaN
NaN,NaN,NaN,NaN,NaN,NaN
NaN,NaN,NaN,NaN,NaN,NaN
NaN,NaN,NaN,NaN,NaN,NaN
NaN,NaN,NaN,NaN,NaN,NaN
NaN,NaN,NaN,NaN,NaN,NaN
NaN,NaN,NaN,NaN,NaN,NaN
NaN,NaN,NaN,NaN,NaN,NaN
NaN,NaN,NaN,NaN,NaN,NaN
NaN,NaN,NaN,NaN,NaN,NaN
NaN,NaN,NaN,NaN,NaN,NaN
NaN,NaN,NaN,NaN,NaN,NaN
NaN,NaN,NaN,NaN,NaN,NaN
NaN,NaN,NaN,NaN,NaN,NaN
NaN,NaN,NaN,NaN,NaN,NaN
NaN,NaN,NaN,NaN,NaN,NaN
NaN,NaN,NaN,NaN,NaN,NaN
NaN,NaN,NaN,NaN,NaN,NaN
NaN,NaN,NaN,NaN,NaN,NaN
NaN,NaN,NaN,NaN,NaN,NaN
NaN,NaN,NaN,NaN,NaN,NaN
NaN,NaN,NaN,NaN,NaN,NaN
NaN,NaN,NaN,NaN,NaN,NaN
NaN,NaN,NaN,NaN,NaN,NaN
NaN,NaN,NaN,NaN,NaN,NaN
NaN,NaN,NaN,NaN,NaN,NaN
NaN,NaN,NaN,NaN,NaN,NaN
NaN,NaN,NaN,NaN,NaN,NaN
NaN,NaN,NaN,NaN,NaN,NaN
NaN,NaN,NaN,NaN,NaN,NaN
NaN,NaN,NaN,NaN,NaN,NaN
NaN,NaN,NaN,NaN,NaN,NaN
NaN,NaN,NaN,NaN,NaN,NaN
NaN,NaN,NaN,NaN,NaN,NaN
NaN,NaN,NaN,NaN,NaN,NaN
NaN,NaN,NaN,NaN,NaN,NaN
NaN,NaN,NaN,NaN,NaN,NaN
NaN,NaN,NaN,NaN,NaN,NaN
NaN,NaN,NaN,NaN,NaN,NaN
NaN,NaN,NaN,NaN,NaN,NaN
NaN,NaN,NaN,NaN,NaN,NaN
NaN,NaN,NaN,NaN,NaN,NaN
NaN,NaN,NaN,NaN,NaN,NaN
NaN,NaN,NaN,NaN,NaN,NaN
NaN,NaN,NaN,NaN,NaN,NaN
NaN,NaN,NaN,NaN,NaN,NaN
NaN,NaN,NaN,NaN,NaN,NaN
NaN,NaN,NaN,NaN,NaN,NaN
NaN,NaN,NaN,NaN,NaN,NaN
NaN,NaN,NaN,NaN,NaN,NaN
NaN,NaN,NaN,NaN,NaN,NaN
NaN,NaN,NaN,NaN,NaN,NaN
NaN,NaN,NaN,NaN,NaN,NaN
NaN,NaN,NaN,NaN,NaN,NaN
NaN,NaN,NaN,NaN,NaN,NaN
NaN,NaN,NaN,NaN,NaN,NaN
NaN,NaN,NaN,NaN,NaN,NaN
NaN,NaN,NaN,NaN,NaN,NaN
NaN,NaN,NaN,NaN,NaN,NaN
NaN,NaN,NaN,NaN,NaN,NaN
NaN,NaN,NaN,NaN,NaN,NaN
NaN,NaN,NaN,NaN,NaN,NaN
NaN,NaN,NaN,NaN,NaN,NaN
NaN,NaN,NaN,NaN,NaN,NaN
NaN,NaN,NaN,NaN,NaN,NaN
NaN,NaN,NaN,NaN,NaN,NaN
NaN,NaN,NaN,NaN,NaN,NaN
NaN,NaN,NaN,NaN,NaN,NaN
NaN,NaN,NaN,NaN,NaN,NaN
NaN,NaN,NaN,NaN,NaN,NaN
NaN,NaN,NaN,NaN,NaN,NaN
NaN,NaN,NaN,NaN,NaN,NaN
NaN,NaN,NaN,NaN,NaN,NaN
NaN,NaN,NaN,NaN,NaN,NaN
NaN,NaN,NaN,NaN,NaN,NaN
NaN,NaN,NaN,NaN,NaN,NaN
NaN,NaN,NaN,NaN,NaN,NaN
NaN,NaN,NaN,NaN,NaN,NaN
NaN,NaN,NaN,NaN,NaN,NaN
NaN,NaN,NaN,NaN,NaN,NaN
NaN,NaN,NaN,NaN,NaN,NaN
NaN,NaN,NaN,NaN,NaN,NaN
NaN,NaN,NaN,NaN,NaN,NaN
NaN,NaN,NaN,NaN,NaN,NaN
NaN,NaN,NaN,NaN,NaN,NaN
NaN,NaN,NaN,NaN,NaN,NaN
NaN,NaN,NaN,NaN,NaN,NaN
NaN,NaN,NaN,NaN,NaN,NaN
NaN,NaN,NaN,NaN,NaN,NaN
NaN,NaN,NaN,NaN,NaN,NaN
NaN,NaN,NaN,NaN,NaN,NaN
NaN,NaN,NaN,NaN,NaN,NaN
NaN,NaN,NaN,NaN,NaN,NaN
NaN,NaN,NaN,NaN,NaN,NaN
NaN,NaN,NaN,NaN,NaN,NaN
NaN,NaN,NaN,NaN,NaN,NaN
NaN,NaN,NaN,NaN,NaN,NaN
NaN,NaN,NaN,NaN,NaN,NaN
NaN,NaN,NaN,NaN,NaN,NaN
NaN,NaN,NaN,NaN,NaN,NaN
NaN,NaN,NaN,NaN,NaN,NaN
NaN,NaN,NaN,NaN,NaN,NaN
NaN,NaN,NaN,NaN,NaN,NaN
NaN,NaN,NaN,NaN,NaN,NaN
NaN,NaN,NaN,NaN,NaN,NaN
NaN,NaN,NaN,NaN,NaN,NaN
NaN,NaN,NaN,NaN,NaN,NaN
NaN,NaN,NaN,NaN,NaN,NaN
NaN,NaN,NaN,NaN,NaN,NaN
NaN,NaN,NaN,NaN,NaN,NaN
NaN,NaN,NaN,NaN,NaN,NaN
NaN,NaN,NaN,NaN,NaN,NaN
NaN,NaN,NaN,NaN,NaN,NaN
NaN,NaN,NaN,NaN,NaN,NaN
NaN,NaN,NaN,NaN,NaN,NaN
NaN,NaN,NaN,NaN,NaN,NaN
NaN,NaN,NaN,NaN,NaN,NaN
NaN,NaN,NaN,NaN,NaN,NaN
NaN,NaN,NaN,NaN,NaN,NaN
NaN,NaN,NaN,NaN,NaN,NaN
NaN,NaN,NaN,NaN,NaN,NaN
NaN,NaN,NaN,NaN,NaN,NaN
NaN,NaN,NaN,NaN,NaN,NaN
NaN,NaN,NaN,NaN,NaN,NaN
NaN,NaN,NaN,NaN,NaN,NaN
NaN,NaN,NaN,NaN,NaN,NaN
NaN,NaN,NaN,NaN,NaN,NaN
NaN,NaN,NaN,NaN,NaN,NaN
NaN,NaN,NaN,NaN,NaN,NaN
NaN,NaN,NaN,NaN,NaN,NaN
NaN,NaN,NaN,NaN,NaN,NaN
NaN,NaN,NaN,NaN,NaN,NaN
NaN,NaN,NaN,NaN,NaN,NaN
NaN,NaN,NaN,NaN,NaN,NaN
NaN,NaN,NaN,NaN,NaN,NaN
NaN,NaN,NaN,NaN,NaN,NaN
NaN,NaN,NaN,NaN,NaN,NaN
NaN,NaN,NaN,NaN,NaN,NaN
NaN,NaN,NaN,NaN,NaN,NaN
NaN,NaN,NaN,NaN,NaN,NaN
NaN,NaN,NaN,NaN,NaN,NaN
NaN,NaN,NaN,NaN,NaN,NaN
NaN,NaN,NaN,NaN,NaN,NaN
NaN,NaN,NaN,NaN,NaN,NaN
NaN,NaN,NaN,NaN,NaN,NaN
NaN,NaN,NaN,NaN,NaN,NaN
NaN,NaN,NaN,NaN,NaN,NaN
NaN,NaN,NaN,NaN,NaN,NaN
NaN,NaN,NaN,NaN,NaN,NaN
NaN,NaN,NaN,NaN,NaN,NaN
NaN,NaN,NaN,NaN,NaN,NaN
NaN,NaN,NaN,NaN,NaN,NaN
NaN,NaN,NaN,NaN,NaN,NaN
NaN,NaN,NaN,NaN,NaN,NaN
NaN,NaN,NaN,NaN,NaN,NaN
NaN,NaN,NaN,NaN,NaN,NaN
NaN,NaN,NaN,NaN,NaN,NaN
NaN,NaN,NaN,NaN,NaN,NaN
NaN,NaN,NaN,NaN,NaN,NaN
NaN,NaN,NaN,NaN,NaN,NaN
NaN,NaN,NaN,NaN,NaN,NaN
NaN,NaN,NaN,NaN,NaN,NaN
NaN,NaN,NaN,NaN,NaN,NaN
NaN,NaN,NaN,NaN,NaN,NaN
NaN,NaN,NaN,NaN,NaN,NaN
NaN,NaN,NaN,NaN,NaN,NaN
NaN,NaN,NaN,NaN,NaN,NaN
NaN,NaN,NaN,NaN,NaN,NaN
NaN,NaN,NaN,NaN,NaN,NaN
NaN,NaN,NaN,NaN,NaN,NaN
NaN,NaN,NaN,NaN,NaN,NaN
NaN,NaN,NaN,NaN,NaN,NaN
NaN,NaN,NaN,NaN,NaN,NaN
NaN,NaN,NaN,NaN,NaN,NaN
NaN,NaN,NaN,NaN,NaN,NaN
NaN,NaN,NaN,NaN,NaN,NaN
NaN,NaN,NaN,NaN,NaN,NaN
NaN,NaN,NaN,NaN,NaN,NaN
NaN,NaN,NaN,NaN,NaN,NaN
NaN,NaN,NaN,NaN,NaN,NaN
NaN,NaN,NaN,NaN,NaN,NaN
NaN,NaN,NaN,NaN,NaN,NaN
NaN,NaN,NaN,NaN,NaN,NaN
NaN,NaN,NaN,NaN,NaN,NaN
NaN,NaN,NaN,NaN,NaN,NaN
NaN,NaN,NaN,NaN,NaN,NaN
NaN,NaN,NaN,NaN,NaN,NaN
NaN,NaN,NaN,NaN,NaN,NaN
NaN,NaN,NaN,NaN,NaN,NaN
NaN,NaN,NaN,NaN,NaN,NaN
NaN,NaN,NaN,NaN,NaN,NaN
NaN,NaN,NaN,NaN,NaN,NaN
NaN,NaN,NaN,NaN,NaN,NaN
NaN,NaN,NaN,NaN,NaN,NaN
NaN,NaN,NaN,NaN,NaN,NaN
NaN,NaN,NaN,NaN,NaN,NaN
NaN,NaN,NaN,NaN,NaN,NaN
NaN,NaN,NaN,NaN,NaN,NaN
NaN,NaN,NaN,NaN,NaN,NaN
NaN,NaN,NaN,NaN,NaN,NaN
NaN,NaN,NaN,NaN,NaN,NaN
NaN,NaN,NaN,NaN,NaN,NaN
NaN,NaN,NaN,NaN,NaN,NaN
NaN,NaN,NaN,NaN,NaN,NaN
NaN,NaN,NaN,NaN,NaN,NaN
NaN,NaN,NaN,NaN,NaN,NaN
NaN,NaN,NaN,NaN,NaN,NaN
NaN,NaN,NaN,NaN,NaN,NaN
NaN,NaN,NaN,NaN,NaN,NaN
NaN,NaN,NaN,NaN,NaN,NaN
NaN,NaN,NaN,NaN,NaN,NaN
NaN,NaN,NaN,NaN,NaN,NaN
NaN,NaN,NaN,NaN,NaN,NaN
NaN,NaN,NaN,NaN,NaN,NaN
NaN,NaN,NaN,NaN,NaN,NaN
NaN,NaN,NaN,NaN,NaN,NaN
NaN,NaN,NaN,NaN,NaN,NaN
NaN,NaN,NaN,NaN,NaN,NaN
NaN,NaN,NaN,NaN,NaN,NaN
NaN,NaN,NaN,NaN,NaN,NaN
NaN,NaN,NaN,NaN,NaN,NaN
NaN,NaN,NaN,NaN,NaN,NaN
NaN,NaN,NaN,NaN,NaN,NaN
NaN,NaN,NaN,NaN,NaN,NaN
NaN,NaN,NaN,NaN,NaN,NaN
NaN,NaN,NaN,NaN,NaN,NaN
NaN,NaN,NaN,NaN,NaN,NaN
NaN,NaN,NaN,NaN,NaN,NaN
NaN,NaN,NaN,NaN,NaN,NaN
NaN,NaN,NaN,NaN,NaN,NaN
NaN,NaN,NaN,NaN,NaN,NaN
NaN,NaN,NaN,NaN,NaN,NaN
NaN,NaN,NaN,NaN,NaN,NaN
NaN,NaN,NaN,NaN,NaN,NaN
NaN,NaN,NaN,NaN,NaN,NaN
NaN,NaN,NaN,NaN,NaN,NaN
NaN,NaN,NaN,NaN,NaN,NaN
NaN,NaN,NaN,NaN,NaN,NaN
NaN,NaN,NaN,NaN,NaN,NaN
NaN,NaN,NaN,NaN,NaN,NaN
NaN,NaN,NaN,NaN,NaN,NaN
NaN,NaN,NaN,NaN,NaN,NaN
NaN,NaN,NaN,NaN,NaN,NaN
NaN,NaN,NaN,NaN,NaN,NaN
NaN,NaN,NaN,NaN,NaN,NaN
NaN,NaN,NaN,NaN,NaN,NaN
NaN,NaN,NaN,NaN,NaN,NaN
NaN,NaN,NaN,NaN,NaN,NaN
NaN,NaN,NaN,NaN,NaN,NaN
NaN,NaN,NaN,NaN,NaN,NaN
NaN,NaN,NaN,NaN,NaN,NaN
NaN,NaN,NaN,NaN,NaN,NaN
NaN,NaN,NaN,NaN,NaN,NaN
NaN,NaN,NaN,NaN,NaN,NaN
NaN,NaN,NaN,NaN,NaN,NaN
NaN,NaN,NaN,NaN,NaN,NaN
NaN,NaN,NaN,NaN,NaN,NaN
NaN,NaN,NaN,NaN,NaN,NaN
NaN,NaN,NaN,NaN,NaN,NaN
NaN,NaN,NaN,NaN,NaN,NaN
NaN,NaN,NaN,NaN,NaN,NaN
NaN,NaN,NaN,NaN,NaN,NaN
NaN,NaN,NaN,NaN,NaN,NaN
NaN,NaN,NaN,NaN,NaN,NaN
NaN,NaN,NaN,NaN,NaN,NaN
NaN,NaN,NaN,NaN,NaN,NaN
NaN,NaN,NaN,NaN,NaN,NaN
NaN,NaN,NaN,NaN,NaN,NaN
NaN,NaN,NaN,NaN,NaN,NaN
NaN,NaN,NaN,NaN,NaN,NaN
NaN,NaN,NaN,NaN,NaN,NaN
NaN,NaN,NaN,NaN,NaN,NaN
NaN,NaN,NaN,NaN,NaN,NaN
NaN,NaN,NaN,NaN,NaN,NaN
NaN,NaN,NaN,NaN,NaN,NaN
NaN,NaN,NaN,NaN,NaN,NaN
NaN,NaN,NaN,NaN,NaN,NaN
NaN,NaN,NaN,NaN,NaN,NaN
NaN,NaN,NaN,NaN,NaN,NaN
NaN,NaN,NaN,NaN,NaN,NaN
NaN,NaN,NaN,NaN,NaN,NaN
NaN,NaN,NaN,NaN,NaN,NaN
NaN,NaN,NaN,NaN,NaN,NaN
NaN,NaN,NaN,NaN,NaN,NaN
NaN,NaN,NaN,NaN,NaN,NaN
NaN,NaN,NaN,NaN,NaN,NaN
NaN,NaN,NaN,NaN,NaN,NaN
NaN,NaN,NaN,NaN,NaN,NaN
NaN,NaN,NaN,NaN,NaN,NaN
NaN,NaN,NaN,NaN,NaN,NaN
NaN,NaN,NaN,NaN,NaN,NaN
NaN,NaN,NaN,NaN,NaN,NaN
NaN,NaN,NaN,NaN,NaN,NaN
NaN,NaN,NaN,NaN,NaN,NaN
NaN,NaN,NaN,NaN,NaN,NaN
NaN,NaN,NaN,NaN,NaN,NaN
NaN,NaN,NaN,NaN,NaN,NaN
NaN,NaN,NaN,NaN,NaN,NaN
NaN,NaN,NaN,NaN,NaN,NaN
NaN,NaN,NaN,NaN,NaN,NaN
NaN,NaN,NaN,NaN,NaN,NaN
NaN,NaN,NaN,NaN,NaN,NaN
NaN,NaN,NaN,NaN,NaN,NaN
NaN,NaN,NaN,NaN,NaN,NaN
NaN,NaN,NaN,NaN,NaN,NaN
NaN,NaN,NaN,NaN,NaN,NaN
NaN,NaN,NaN,NaN,NaN,NaN
NaN,NaN,NaN,NaN,NaN,NaN
NaN,NaN,NaN,NaN,NaN,NaN
NaN,NaN,NaN,NaN,NaN,NaN
NaN,NaN,NaN,NaN,NaN,NaN
NaN,NaN,NaN,NaN,NaN,NaN
NaN,NaN,NaN,NaN,NaN,NaN
NaN,NaN,NaN,NaN,NaN,NaN
NaN,NaN,NaN,NaN,NaN,NaN
NaN,NaN,NaN,NaN,NaN,NaN
NaN,NaN,NaN,NaN,NaN,NaN
NaN,NaN,NaN,NaN,NaN,NaN
NaN,NaN,NaN,NaN,NaN,NaN
NaN,NaN,NaN,NaN,NaN,NaN
NaN,NaN,NaN,NaN,NaN,NaN
NaN,NaN,NaN,NaN,NaN,NaN
NaN,NaN,NaN,NaN,NaN,NaN
NaN,NaN,NaN,NaN,NaN,NaN
NaN,NaN,NaN,NaN,NaN,NaN
NaN,NaN,NaN,NaN,NaN,NaN
NaN,NaN,NaN,NaN,NaN,NaN
NaN,NaN,NaN,NaN,NaN,NaN
NaN,NaN,NaN,NaN,NaN,NaN
NaN,NaN,NaN,NaN,NaN,NaN
NaN,NaN,NaN,NaN,NaN,NaN
NaN,NaN,NaN,NaN,NaN,NaN
NaN,NaN,NaN,NaN,NaN,NaN
NaN,NaN,NaN,NaN,NaN,NaN
NaN,NaN,NaN,NaN,NaN,NaN
NaN,NaN,NaN,NaN,NaN,NaN
NaN,NaN,NaN,NaN,NaN,NaN
NaN,NaN,NaN,NaN,NaN,NaN
NaN,NaN,NaN,NaN,NaN,NaN
NaN,NaN,NaN,NaN,NaN,NaN
NaN,NaN,NaN,NaN,NaN,NaN
NaN,NaN,NaN,NaN,NaN,NaN
NaN,NaN,NaN,NaN,NaN,NaN
NaN,NaN,NaN,NaN,NaN,NaN
NaN,NaN,NaN,NaN,NaN,NaN
NaN,NaN,NaN,NaN,NaN,NaN
NaN,NaN,NaN,NaN,NaN,NaN
NaN,NaN,NaN,NaN,NaN,NaN
NaN,NaN,NaN,NaN,NaN,NaN
NaN,NaN,NaN,NaN,NaN,NaN
NaN,NaN,NaN,NaN,NaN,NaN
NaN,NaN,NaN,NaN,NaN,NaN
NaN,NaN,NaN,NaN,NaN,NaN
NaN,NaN,NaN,NaN,NaN,NaN
NaN,NaN,NaN,NaN,NaN,NaN
NaN,NaN,NaN,NaN,NaN,NaN
NaN,NaN,NaN,NaN,NaN,NaN
NaN,NaN,NaN,NaN,NaN,NaN
NaN,NaN,NaN,NaN,NaN,NaN
NaN,NaN,NaN,NaN,NaN,NaN
NaN,NaN,NaN,NaN,NaN,NaN
NaN,NaN,NaN,NaN,NaN,NaN
NaN,NaN,NaN,NaN,NaN,NaN
NaN,NaN,NaN,NaN,NaN,NaN
NaN,NaN,NaN,NaN,NaN,NaN
NaN,NaN,NaN,NaN,NaN,NaN
NaN,NaN,NaN,NaN,NaN,NaN
NaN,NaN,NaN,NaN,NaN,NaN
NaN,NaN,NaN,NaN,NaN,NaN
NaN,NaN,NaN,NaN,NaN,NaN
NaN,NaN,NaN,NaN,NaN,NaN
NaN,NaN,NaN,NaN,NaN,NaN
NaN,NaN,NaN,NaN,NaN,NaN
NaN,NaN,NaN,NaN,NaN,NaN
NaN,NaN,NaN,NaN,NaN,NaN
NaN,NaN,NaN,NaN,NaN,NaN
NaN,NaN,NaN,NaN,NaN,NaN
NaN,NaN,NaN,NaN,NaN,NaN
NaN,NaN,NaN,NaN,NaN,NaN
NaN,NaN,NaN,NaN,NaN,NaN
NaN,NaN,NaN,NaN,NaN,NaN
NaN,NaN,NaN,NaN,NaN,NaN
NaN,NaN,NaN,NaN,NaN,NaN
NaN,NaN,NaN,NaN,NaN,NaN
NaN,NaN,NaN,NaN,NaN,NaN
NaN,NaN,NaN,NaN,NaN,NaN
NaN,NaN,NaN,NaN,NaN,NaN
NaN,NaN,NaN,NaN,NaN,NaN
NaN,NaN,NaN,NaN,NaN,NaN
NaN,NaN,NaN,NaN,NaN,NaN
NaN,NaN,NaN,NaN,NaN,NaN
NaN,NaN,NaN,NaN,NaN,NaN
NaN,NaN,NaN,NaN,NaN,NaN
NaN,NaN,NaN,NaN,NaN,NaN
NaN,NaN,NaN,NaN,NaN,NaN
NaN,NaN,NaN,NaN,NaN,NaN
NaN,NaN,NaN,NaN,NaN,NaN
NaN,NaN,NaN,NaN,NaN,NaN
NaN,NaN,NaN,NaN,NaN,NaN
NaN,NaN,NaN,NaN,NaN,NaN
NaN,NaN,NaN,NaN,NaN,NaN
NaN,NaN,NaN,NaN,NaN,NaN
NaN,NaN,NaN,NaN,NaN,NaN
NaN,NaN,NaN,NaN,NaN,NaN
NaN,NaN,NaN,NaN,NaN,NaN
NaN,NaN,NaN,NaN,NaN,NaN
NaN,NaN,NaN,NaN,NaN,NaN
NaN,NaN,NaN,NaN,NaN,NaN
NaN,NaN,NaN,NaN,NaN,NaN
NaN,NaN,NaN,NaN,NaN,NaN
NaN,NaN,NaN,NaN,NaN,NaN
NaN,NaN,NaN,NaN,NaN,NaN
NaN,NaN,NaN,NaN,NaN,NaN
NaN,NaN,NaN,NaN,NaN,NaN
NaN,NaN,NaN,NaN,NaN,NaN
NaN,NaN,NaN,NaN,NaN,NaN
NaN,NaN,NaN,NaN,NaN,NaN
NaN,NaN,NaN,NaN,NaN,NaN
NaN,NaN,NaN,NaN,NaN,NaN
NaN,NaN,NaN,NaN,NaN,NaN
NaN,NaN,NaN,NaN,NaN,NaN
NaN,NaN,NaN,NaN,NaN,NaN
NaN,NaN,NaN,NaN,NaN,NaN
NaN,NaN,NaN,NaN,NaN,NaN
NaN,NaN,NaN,NaN,NaN,NaN
NaN,NaN,NaN,NaN,NaN,NaN
NaN,NaN,NaN,NaN,NaN,NaN
NaN,NaN,NaN,NaN,NaN,NaN
NaN,NaN,NaN,NaN,NaN,NaN
NaN,NaN,NaN,NaN,NaN,NaN
NaN,NaN,NaN,NaN,NaN,NaN
NaN,NaN,NaN,NaN,NaN,NaN
NaN,NaN,NaN,NaN,NaN,NaN
NaN,NaN,NaN,NaN,NaN,NaN
NaN,NaN,NaN,NaN,NaN,NaN
NaN,NaN,NaN,NaN,NaN,NaN
NaN,NaN,NaN,NaN,NaN,NaN
NaN,NaN,NaN,NaN,NaN,NaN
NaN,NaN,NaN,NaN,NaN,NaN
NaN,NaN,NaN,NaN,NaN,NaN
NaN,NaN,NaN,NaN,NaN,NaN
NaN,NaN,NaN,NaN,NaN,NaN
NaN,NaN,NaN,NaN,NaN,NaN
NaN,NaN,NaN,NaN,NaN,NaN
NaN,NaN,NaN,NaN,NaN,NaN
NaN,NaN,NaN,NaN,NaN,NaN
NaN,NaN,NaN,NaN,NaN,NaN
NaN,NaN,NaN,NaN,NaN,NaN
NaN,NaN,NaN,NaN,NaN,NaN
NaN,NaN,NaN,NaN,NaN,NaN
NaN,NaN,NaN,NaN,NaN,NaN
NaN,NaN,NaN,NaN,NaN,NaN
NaN,NaN,NaN,NaN,NaN,NaN
NaN,NaN,NaN,NaN,NaN,NaN
NaN,NaN,NaN,NaN,NaN,NaN
NaN,NaN,NaN,NaN,NaN,NaN
NaN,NaN,NaN,NaN,NaN,NaN
NaN,NaN,NaN,NaN,NaN,NaN
NaN,NaN,NaN,NaN,NaN,NaN
NaN,NaN,NaN,NaN,NaN,NaN
NaN,NaN,NaN,NaN,NaN,NaN
NaN,NaN,NaN,NaN,NaN,NaN
NaN,NaN,NaN,NaN,NaN,NaN
NaN,NaN,NaN,NaN,NaN,NaN
NaN,NaN,NaN,NaN,NaN,NaN
NaN,NaN,NaN,NaN,NaN,NaN
NaN,NaN,NaN,NaN,NaN,NaN
NaN,NaN,NaN,NaN,NaN,NaN
NaN,NaN,NaN,NaN,NaN,NaN
NaN,NaN,NaN,NaN,NaN,NaN
NaN,NaN,NaN,NaN,NaN,NaN
NaN,NaN,NaN,NaN,NaN,NaN
NaN,NaN,NaN,NaN,NaN,NaN
NaN,NaN,NaN,NaN,NaN,NaN
NaN,NaN,NaN,NaN,NaN,NaN
NaN,NaN,NaN,NaN,NaN,NaN
NaN,NaN,NaN,NaN,NaN,NaN
NaN,NaN,NaN,NaN,NaN,NaN
NaN,NaN,NaN,NaN,NaN,NaN
NaN,NaN,NaN,NaN,NaN,NaN
NaN,NaN,NaN,NaN,NaN,NaN
NaN,NaN,NaN,NaN,NaN,NaN
NaN,NaN,NaN,NaN,NaN,NaN
NaN,NaN,NaN,NaN,NaN,NaN
NaN,NaN,NaN,NaN,NaN,NaN
NaN,NaN,NaN,NaN,NaN,NaN
NaN,NaN,NaN,NaN,NaN,NaN
NaN,NaN,NaN,NaN,NaN,NaN
NaN,NaN,NaN,NaN,NaN,NaN
NaN,NaN,NaN,NaN,NaN,NaN
NaN,NaN,NaN,NaN,NaN,NaN
NaN,NaN,NaN,NaN,NaN,NaN
NaN,NaN,NaN,NaN,NaN,NaN
NaN,NaN,NaN,NaN,NaN,NaN
NaN,NaN,NaN,NaN,NaN,NaN
NaN,NaN,NaN,NaN,NaN,NaN
NaN,NaN,NaN,NaN,NaN,NaN
NaN,NaN,NaN,NaN,NaN,NaN
NaN,NaN,NaN,NaN,NaN,NaN
NaN,NaN,NaN,NaN,NaN,NaN
NaN,NaN,NaN,NaN,NaN,NaN
NaN,NaN,NaN,NaN,NaN,NaN
NaN,NaN,NaN,NaN,NaN,NaN
NaN,NaN,NaN,NaN,NaN,NaN
NaN,NaN,NaN,NaN,NaN,NaN
NaN,NaN,NaN,NaN,NaN,NaN
NaN,NaN,NaN,NaN,NaN,NaN
NaN,NaN,NaN,NaN,NaN,NaN
NaN,NaN,NaN,NaN,NaN,NaN
NaN,NaN,NaN,NaN,NaN,NaN
NaN,NaN,NaN,NaN,NaN,NaN
NaN,NaN,NaN,NaN,NaN,NaN
NaN,NaN,NaN,NaN,NaN,NaN
NaN,NaN,NaN,NaN,NaN,NaN
NaN,NaN,NaN,NaN,NaN,NaN
NaN,NaN,NaN,NaN,NaN,NaN
NaN,NaN,NaN,NaN,NaN,NaN
NaN,NaN,NaN,NaN,NaN,NaN
NaN,NaN,NaN,NaN,NaN,NaN
NaN,NaN,NaN,NaN,NaN,NaN
NaN,NaN,NaN,NaN,NaN,NaN
NaN,NaN,NaN,NaN,NaN,NaN
NaN,NaN,NaN,NaN,NaN,NaN
NaN,NaN,NaN,NaN,NaN,NaN
NaN,NaN,NaN,NaN,NaN,NaN
NaN,NaN,NaN,NaN,NaN,NaN
NaN,NaN,NaN,NaN,NaN,NaN
NaN,NaN,NaN,NaN,NaN,NaN
NaN,NaN,NaN,NaN,NaN,NaN
NaN,NaN,NaN,NaN,NaN,NaN
NaN,NaN,NaN,NaN,NaN,NaN
NaN,NaN,NaN,NaN,NaN,NaN
NaN,NaN,NaN,NaN,NaN,NaN
NaN,NaN,NaN,NaN,NaN,NaN
NaN,NaN,NaN,NaN,NaN,NaN
NaN,NaN,NaN,NaN,NaN,NaN
NaN,NaN,NaN,NaN,NaN,NaN
NaN,NaN,NaN,NaN,NaN,NaN
NaN,NaN,NaN,NaN,NaN,NaN
NaN,NaN,NaN,NaN,NaN,NaN
NaN,NaN,NaN,NaN,NaN,NaN
NaN,NaN,NaN,NaN,NaN,NaN
NaN,NaN,NaN,NaN,NaN,NaN
NaN,NaN,NaN,NaN,NaN,NaN
NaN,NaN,NaN,NaN,NaN,NaN
NaN,NaN,NaN,NaN,NaN,NaN
NaN,NaN,NaN,NaN,NaN,NaN
NaN,NaN,NaN,NaN,NaN,NaN
NaN,NaN,NaN,NaN,NaN,NaN
NaN,NaN,NaN,NaN,NaN,NaN
NaN,NaN,NaN,NaN,NaN,NaN
NaN,NaN,NaN,NaN,NaN,NaN
NaN,NaN,NaN,NaN,NaN,NaN
NaN,NaN,NaN,NaN,NaN,NaN
NaN,NaN,NaN,NaN,NaN,NaN
NaN,NaN,NaN,NaN,NaN,NaN
NaN,NaN,NaN,NaN,NaN,NaN
NaN,NaN,NaN,NaN,NaN,NaN
NaN,NaN,NaN,NaN,NaN,NaN
NaN,NaN,NaN,NaN,NaN,NaN
NaN,NaN,NaN,NaN,NaN,NaN
NaN,NaN,NaN,NaN,NaN,NaN
NaN,NaN,NaN,NaN,NaN,NaN
NaN,NaN,NaN,NaN,NaN,NaN
NaN,NaN,NaN,NaN,NaN,NaN
NaN,NaN,NaN,NaN,NaN,NaN
NaN,NaN,NaN,NaN,NaN,NaN
NaN,NaN,NaN,NaN,NaN,NaN
NaN,NaN,NaN,NaN,NaN,NaN
NaN,NaN,NaN,NaN,NaN,NaN
NaN,NaN,NaN,NaN,NaN,NaN
NaN,NaN,NaN,NaN,NaN,NaN
NaN,NaN,NaN,NaN,NaN,NaN
NaN,NaN,NaN,NaN,NaN,NaN
NaN,NaN,NaN,NaN,NaN,NaN
NaN,NaN,NaN,NaN,NaN,NaN
NaN,NaN,NaN,NaN,NaN,NaN
NaN,NaN,NaN,NaN,NaN,NaN
NaN,NaN,NaN,NaN,NaN,NaN
NaN,NaN,NaN,NaN,NaN,NaN
NaN,NaN,NaN,NaN,NaN,NaN
NaN,NaN,NaN,NaN,NaN,NaN
NaN,NaN,NaN,NaN,NaN,NaN
NaN,NaN,NaN,NaN,NaN,NaN
NaN,NaN,NaN,NaN,NaN,NaN
NaN,NaN,NaN,NaN,NaN,NaN
NaN,NaN,NaN,NaN,NaN,NaN
NaN,NaN,NaN,NaN,NaN,NaN
NaN,NaN,NaN,NaN,NaN,NaN
NaN,NaN,NaN,NaN,NaN,NaN
NaN,NaN,NaN,NaN,NaN,NaN
NaN,NaN,NaN,NaN,NaN,NaN
NaN,NaN,NaN,NaN,NaN,NaN
NaN,NaN,NaN,NaN,NaN,NaN
NaN,NaN,NaN,NaN,NaN,NaN
NaN,NaN,NaN,NaN,NaN,NaN
NaN,NaN,NaN,NaN,NaN,NaN
NaN,NaN,NaN,NaN,NaN,NaN
NaN,NaN,NaN,NaN,NaN,NaN
NaN,NaN,NaN,NaN,NaN,NaN
NaN,NaN,NaN,NaN,NaN,NaN
NaN,NaN,NaN,NaN,NaN,NaN
NaN,NaN,NaN,NaN,NaN,NaN
NaN,NaN,NaN,NaN,NaN,NaN
NaN,NaN,NaN,NaN,NaN,NaN
NaN,NaN,NaN,NaN,NaN,NaN
NaN,NaN,NaN,NaN,NaN,NaN
NaN,NaN,NaN,NaN,NaN,NaN
NaN,NaN,NaN,NaN,NaN,NaN
NaN,NaN,NaN,NaN,NaN,NaN
NaN,NaN,NaN,NaN,NaN,NaN
NaN,NaN,NaN,NaN,NaN,NaN
NaN,NaN,NaN,NaN,NaN,NaN
NaN,NaN,NaN,NaN,NaN,NaN
NaN,NaN,NaN,NaN,NaN,NaN
NaN,NaN,NaN,NaN,NaN,NaN
NaN,NaN,NaN,NaN,NaN,NaN
NaN,NaN,NaN,NaN,NaN,NaN
NaN,NaN,NaN,NaN,NaN,NaN
NaN,NaN,NaN,NaN,NaN,NaN
NaN,NaN,NaN,NaN,NaN,NaN
NaN,NaN,NaN,NaN,NaN,NaN
NaN,NaN,NaN,NaN,NaN,NaN
NaN,NaN,NaN,NaN,NaN,NaN
NaN,NaN,NaN,NaN,NaN,NaN
NaN,NaN,NaN,NaN,NaN,NaN
NaN,NaN,NaN,NaN,NaN,NaN
NaN,NaN,NaN,NaN,NaN,NaN
NaN,NaN,NaN,NaN,NaN,NaN
NaN,NaN,NaN,NaN,NaN,NaN
NaN,NaN,NaN,NaN,NaN,NaN
NaN,NaN,NaN,NaN,NaN,NaN
NaN,NaN,NaN,NaN,NaN,NaN
NaN,NaN,NaN,NaN,NaN,NaN
NaN,NaN,NaN,NaN,NaN,NaN
NaN,NaN,NaN,NaN,NaN,NaN
NaN,NaN,NaN,NaN,NaN,NaN
NaN,NaN,NaN,NaN,NaN,NaN
NaN,NaN,NaN,NaN,NaN,NaN
NaN,NaN,NaN,NaN,NaN,NaN
NaN,NaN,NaN,NaN,NaN,NaN
NaN,NaN,NaN,NaN,NaN,NaN
NaN,NaN,NaN,NaN,NaN,NaN
NaN,NaN,NaN,NaN,NaN,NaN
NaN,NaN,NaN,NaN,NaN,NaN
NaN,NaN,NaN,NaN,NaN,NaN
NaN,NaN,NaN,NaN,NaN,NaN
NaN,NaN,NaN,NaN,NaN,NaN
NaN,NaN,NaN,NaN,NaN,NaN
NaN,NaN,NaN,NaN,NaN,NaN
NaN,NaN,NaN,NaN,NaN,NaN
NaN,NaN,NaN,NaN,NaN,NaN
NaN,NaN,NaN,NaN,NaN,NaN
NaN,NaN,NaN,NaN,NaN,NaN
NaN,NaN,NaN,NaN,NaN,NaN
NaN,NaN,NaN,NaN,NaN,NaN
NaN,NaN,NaN,NaN,NaN,NaN
NaN,NaN,NaN,NaN,NaN,NaN
NaN,NaN,NaN,NaN,NaN,NaN
NaN,NaN,NaN,NaN,NaN,NaN
NaN,NaN,NaN,NaN,NaN,NaN
NaN,NaN,NaN,NaN,NaN,NaN
NaN,NaN,NaN,NaN,NaN,NaN
NaN,NaN,NaN,NaN,NaN,NaN
NaN,NaN,NaN,NaN,NaN,NaN
NaN,NaN,NaN,NaN,NaN,NaN
NaN,NaN,NaN,NaN,NaN,NaN
NaN,NaN,NaN,NaN,NaN,NaN
NaN,NaN,NaN,NaN,NaN,NaN
NaN,NaN,NaN,NaN,NaN,NaN
NaN,NaN,NaN,NaN,NaN,NaN
NaN,NaN,NaN,NaN,NaN,NaN
NaN,NaN,NaN,NaN,NaN,NaN
NaN,NaN,NaN,NaN,NaN,NaN
NaN,NaN,NaN,NaN,NaN,NaN
NaN,NaN,NaN,NaN,NaN,NaN
NaN,NaN,NaN,NaN,NaN,NaN
NaN,NaN,NaN,NaN,NaN,NaN
NaN,NaN,NaN,NaN,NaN,NaN
NaN,NaN,NaN,NaN,NaN,NaN
NaN,NaN,NaN,NaN,NaN,NaN
NaN,NaN,NaN,NaN,NaN,NaN
NaN,NaN,NaN,NaN,NaN,NaN
NaN,NaN,NaN,NaN,NaN,NaN
NaN,NaN,NaN,NaN,NaN,NaN
NaN,NaN,NaN,NaN,NaN,NaN
NaN,NaN,NaN,NaN,NaN,NaN
NaN,NaN,NaN,NaN,NaN,NaN
NaN,NaN,NaN,NaN,NaN,NaN
NaN,NaN,NaN,NaN,NaN,NaN
NaN,NaN,NaN,NaN,NaN,NaN
NaN,NaN,NaN,NaN,NaN,NaN
NaN,NaN,NaN,NaN,NaN,NaN
NaN,NaN,NaN,NaN,NaN,NaN
NaN,NaN,NaN,NaN,NaN,NaN
NaN,NaN,NaN,NaN,NaN,NaN
NaN,NaN,NaN,NaN,NaN,NaN
NaN,NaN,NaN,NaN,NaN,NaN
NaN,NaN,NaN,NaN,NaN,NaN
NaN,NaN,NaN,NaN,NaN,NaN
NaN,NaN,NaN,NaN,NaN,NaN
NaN,NaN,NaN,NaN,NaN,NaN
NaN,NaN,NaN,NaN,NaN,NaN
NaN,NaN,NaN,NaN,NaN,NaN
NaN,NaN,NaN,NaN,NaN,NaN
NaN,NaN,NaN,NaN,NaN,NaN
NaN,NaN,NaN,NaN,NaN,NaN
NaN,NaN,NaN,NaN,NaN,NaN
NaN,NaN,NaN,NaN,NaN,NaN
NaN,NaN,NaN,NaN,NaN,NaN
NaN,NaN,NaN,NaN,NaN,NaN
NaN,NaN,NaN,NaN,NaN,NaN
NaN,NaN,NaN,NaN,NaN,NaN
NaN,NaN,NaN,NaN,NaN,NaN
NaN,NaN,NaN,NaN,NaN,NaN
NaN,NaN,NaN,NaN,NaN,NaN
NaN,NaN,NaN,NaN,NaN,NaN
NaN,NaN,NaN,NaN,NaN,NaN
NaN,NaN,NaN,NaN,NaN,NaN
NaN,NaN,NaN,NaN,NaN,NaN
NaN,NaN,NaN,NaN,NaN,NaN
NaN,NaN,NaN,NaN,NaN,NaN
NaN,NaN,NaN,NaN,NaN,NaN
NaN,NaN,NaN,NaN,NaN,NaN
NaN,NaN,NaN,NaN,NaN,NaN
NaN,NaN,NaN,NaN,NaN,NaN
NaN,NaN,NaN,NaN,NaN,NaN
NaN,NaN,NaN,NaN,NaN,NaN
NaN,NaN,NaN,NaN,NaN,NaN
NaN,NaN,NaN,NaN,NaN,NaN
NaN,NaN,NaN,NaN,NaN,NaN
NaN,NaN,NaN,NaN,NaN,NaN
NaN,NaN,NaN,NaN,NaN,NaN
NaN,NaN,NaN,NaN,NaN,NaN
NaN,NaN,NaN,NaN,NaN,NaN
NaN,NaN,NaN,NaN,NaN,NaN
NaN,NaN,NaN,NaN,NaN,NaN
NaN,NaN,NaN,NaN,NaN,NaN
NaN,NaN,NaN,NaN,NaN,NaN
NaN,NaN,NaN,NaN,NaN,NaN
NaN,NaN,NaN,NaN,NaN,NaN
NaN,NaN,NaN,NaN,NaN,NaN
NaN,NaN,NaN,NaN,NaN,NaN
NaN,NaN,NaN,NaN,NaN,NaN
NaN,NaN,NaN,NaN,NaN,NaN
NaN,NaN,NaN,NaN,NaN,NaN
NaN,NaN,NaN,NaN,NaN,NaN
NaN,NaN,NaN,NaN,NaN,NaN
NaN,NaN,NaN,NaN,NaN,NaN
NaN,NaN,NaN,NaN,NaN,NaN
NaN,NaN,NaN,NaN,NaN,NaN
NaN,NaN,NaN,NaN,NaN,NaN
NaN,NaN,NaN,NaN,NaN,NaN
NaN,NaN,NaN,NaN,NaN,NaN
NaN,NaN,NaN,NaN,NaN,NaN
NaN,NaN,NaN,NaN,NaN,NaN
NaN,NaN,NaN,NaN,NaN,NaN
NaN,NaN,NaN,NaN,NaN,NaN
NaN,NaN,NaN,NaN,NaN,NaN
NaN,NaN,NaN,NaN,NaN,NaN
NaN,NaN,NaN,NaN,NaN,NaN
NaN,NaN,NaN,NaN,NaN,NaN
NaN,NaN,NaN,NaN,NaN,NaN
NaN,NaN,NaN,NaN,NaN,NaN
NaN,NaN,NaN,NaN,NaN,NaN
NaN,NaN,NaN,NaN,NaN,NaN
NaN,NaN,NaN,NaN,NaN,NaN
NaN,NaN,NaN,NaN,NaN,NaN
NaN,NaN,NaN,NaN,NaN,NaN
NaN,NaN,NaN,NaN,NaN,NaN
NaN,NaN,NaN,NaN,NaN,NaN
NaN,NaN,NaN,NaN,NaN,NaN
NaN,NaN,NaN,NaN,NaN,NaN
NaN,NaN,NaN,NaN,NaN,NaN
NaN,NaN,NaN,NaN,NaN,NaN
NaN,NaN,NaN,NaN,NaN,NaN
NaN,NaN,NaN,NaN,NaN,NaN
NaN,NaN,NaN,NaN,NaN,NaN
NaN,NaN,NaN,NaN,NaN,NaN
NaN,NaN,NaN,NaN,NaN,NaN
NaN,NaN,NaN,NaN,NaN,NaN
NaN,NaN,NaN,NaN,NaN,NaN
NaN,NaN,NaN,NaN,NaN,NaN
NaN,NaN,NaN,NaN,NaN,NaN
NaN,NaN,NaN,NaN,NaN,NaN
NaN,NaN,NaN,NaN,NaN,NaN
NaN,NaN,NaN,NaN,NaN,NaN
NaN,NaN,NaN,NaN,NaN,NaN
NaN,NaN,NaN,NaN,NaN,NaN
NaN,NaN,NaN,NaN,NaN,NaN
NaN,NaN,NaN,NaN,NaN,NaN
NaN,NaN,NaN,NaN,NaN,NaN
NaN,NaN,NaN,NaN,NaN,NaN
NaN,NaN,NaN,NaN,NaN,NaN
NaN,NaN,NaN,NaN,NaN,NaN
NaN,NaN,NaN,NaN,NaN,NaN
NaN,NaN,NaN,NaN,NaN,NaN
NaN,NaN,NaN,NaN,NaN,NaN
NaN,NaN,NaN,NaN,NaN,NaN
NaN,NaN,NaN,NaN,NaN,NaN
NaN,NaN,NaN,NaN,NaN,NaN
NaN,NaN,NaN,NaN,NaN,NaN
NaN,NaN,NaN,NaN,NaN,NaN
NaN,NaN,NaN,NaN,NaN,NaN
NaN,NaN,NaN,NaN,NaN,NaN
NaN,NaN,NaN,NaN,NaN,NaN
NaN,NaN,NaN,NaN,NaN,NaN
NaN,NaN,NaN,NaN,NaN,NaN
NaN,NaN,NaN,NaN,NaN,NaN
NaN,NaN,NaN,NaN,NaN,NaN
NaN,NaN,NaN,NaN,NaN,NaN
NaN,NaN,NaN,NaN,NaN,NaN
NaN,NaN,NaN,NaN,NaN,NaN
NaN,NaN,NaN,NaN,NaN,NaN
NaN,NaN,NaN,NaN,NaN,NaN
NaN,NaN,NaN,NaN,NaN,NaN
NaN,NaN,NaN,NaN,NaN,NaN
NaN,NaN,NaN,NaN,NaN,NaN
NaN,NaN,NaN,NaN,NaN,NaN
NaN,NaN,NaN,NaN,NaN,NaN
NaN,NaN,NaN,NaN,NaN,NaN
NaN,NaN,NaN,NaN,NaN,NaN
NaN,NaN,NaN,NaN,NaN,NaN
NaN,NaN,NaN,NaN,NaN,NaN
NaN,NaN,NaN,NaN,NaN,NaN
NaN,NaN,NaN,NaN,NaN,NaN
NaN,NaN,NaN,NaN,NaN,NaN
NaN,NaN,NaN,NaN,NaN,NaN
NaN,NaN,NaN,NaN,NaN,NaN
NaN,NaN,NaN,NaN,NaN,NaN
NaN,NaN,NaN,NaN,NaN,NaN
NaN,NaN,NaN,NaN,NaN,NaN
NaN,NaN,NaN,NaN,NaN,NaN
NaN,NaN,NaN,NaN,NaN,NaN
NaN,NaN,NaN,NaN,NaN,NaN
NaN,NaN,NaN,NaN,NaN,NaN
NaN,NaN,NaN,NaN,NaN,NaN
NaN,NaN,NaN,NaN,NaN,NaN
NaN,NaN,NaN,NaN,NaN,NaN
NaN,NaN,NaN,NaN,NaN,NaN
NaN,NaN,NaN,NaN,NaN,NaN
