pt1_cam1_X,pt1_cam1_Y,pt2_cam1_X,pt2_cam1_Y,pt3_cam1_X,pt3_cam1_Y
NaN,NaN,NaN,NaN,NaN,NaN
NaN,NaN,NaN,NaN,NaN,NaN
NaN,NaN,NaN,NaN,NaN,NaN
NaN,NaN,NaN,NaN,NaN,NaN
NaN,NaN,NaN,NaN,NaN,NaN
NaN,NaN,NaN,NaN,NaN,NaN
NaN,NaN,NaN,NaN,NaN,NaN
NaN,NaN,NaN,NaN,NaN,NaN
NaN,NaN,NaN,NaN,NaN,NaN
NaN,NaN,NaN,NaN,NaN,NaN
NaN,NaN,NaN,NaN,NaN,NaN
NaN,NaN,NaN,NaN,NaN,NaN
NaN,NaN,NaN,NaN,NaN,NaN
NaN,NaN,NaN,NaN,NaN,NaN
NaN,NaN,NaN,NaN,379.659831,303.823439
NaN,NaN,NaN,NaN,380.010000,303.960000
NaN,NaN,NaN,NaN,379.980000,303.990000
NaN,NaN,NaN,NaN,379.980000,304.000000
NaN,NaN,NaN,NaN,379.970000,304.020000
NaN,NaN,NaN,NaN,379.980000,304.020000
NaN,NaN,NaN,NaN,380.010000,303.980000
NaN,NaN,NaN,NaN,380.000000,303.990000
NaN,NaN,NaN,NaN,379.970000,303.980000
NaN,NaN,NaN,NaN,379.960000,303.980000
NaN,NaN,NaN,NaN,379.980000,304.000000
NaN,NaN,NaN,NaN,379.970000,304.000000
NaN,NaN,NaN,NaN,379.970000,304.010000
NaN,NaN,NaN,NaN,379.950000,303.980000
NaN,NaN,NaN,NaN,379.950000,304.000000
NaN,NaN,NaN,NaN,379.940000,303.960000
NaN,NaN,NaN,NaN,379.940000,303.970000
NaN,NaN,NaN,NaN,379.930000,303.970000
NaN,NaN,NaN,NaN,379.930000,303.950000
NaN,NaN,NaN,NaN,379.920000,303.970000
NaN,NaN,NaN,NaN,379.920000,303.940000
NaN,NaN,NaN,NaN,379.900000,303.940000
NaN,NaN,NaN,NaN,379.920000,303.930000
NaN,NaN,NaN,NaN,379.930000,303.940000
NaN,NaN,NaN,NaN,379.940000,303.950000
NaN,NaN,NaN,NaN,379.920000,303.960000
NaN,NaN,NaN,NaN,379.930000,303.930000
NaN,NaN,NaN,NaN,379.930000,303.920000
NaN,NaN,NaN,NaN,379.920000,303.930000
NaN,NaN,NaN,NaN,379.920000,303.930000
NaN,NaN,NaN,NaN,379.910000,303.930000
NaN,NaN,NaN,NaN,379.930000,303.870000
NaN,NaN,NaN,NaN,379.930000,303.900000
NaN,NaN,NaN,NaN,379.930000,303.900000
NaN,NaN,NaN,NaN,379.920000,303.920000
NaN,NaN,NaN,NaN,379.920000,303.910000
NaN,NaN,NaN,NaN,379.900000,303.910000
NaN,NaN,NaN,NaN,379.890000,303.870000
NaN,NaN,NaN,NaN,379.890000,303.900000
NaN,NaN,NaN,NaN,379.910000,303.870000
NaN,NaN,NaN,NaN,379.910000,303.860000
NaN,NaN,NaN,NaN,379.920000,303.870000
NaN,NaN,NaN,NaN,379.900000,303.900000
NaN,NaN,NaN,NaN,379.900000,303.860000
NaN,NaN,NaN,NaN,379.890000,303.860000
NaN,NaN,NaN,NaN,379.900000,303.840000
NaN,NaN,NaN,NaN,379.870000,303.830000
NaN,NaN,NaN,NaN,379.880000,303.860000
NaN,NaN,NaN,NaN,379.870000,303.840000
NaN,NaN,NaN,NaN,379.890000,303.860000
NaN,NaN,NaN,NaN,379.890000,303.870000
NaN,NaN,NaN,NaN,379.900000,303.850000
NaN,NaN,NaN,NaN,379.900000,303.850000
NaN,NaN,NaN,NaN,379.900000,303.800000
NaN,NaN,NaN,NaN,379.890000,303.850000
NaN,NaN,NaN,NaN,379.890000,303.850000
NaN,NaN,NaN,NaN,379.870000,303.850000
NaN,NaN,NaN,NaN,379.880000,303.840000
NaN,NaN,NaN,NaN,379.880000,303.880000
NaN,NaN,NaN,NaN,379.890000,303.860000
NaN,NaN,NaN,NaN,379.870000,303.880000
NaN,NaN,NaN,NaN,379.910000,303.780000
NaN,NaN,NaN,NaN,379.900000,303.810000
NaN,NaN,NaN,NaN,379.900000,303.820000
NaN,NaN,NaN,NaN,379.900000,303.820000
NaN,NaN,NaN,NaN,379.870000,303.850000
NaN,NaN,NaN,NaN,379.870000,303.830000
NaN,NaN,NaN,NaN,379.860000,303.820000
NaN,NaN,NaN,NaN,379.850000,303.790000
NaN,NaN,NaN,NaN,379.840000,303.770000
NaN,NaN,NaN,NaN,379.850000,303.780000
NaN,NaN,NaN,NaN,379.860000,303.770000
NaN,NaN,NaN,NaN,379.850000,303.770000
NaN,NaN,NaN,NaN,379.830000,303.820000
NaN,NaN,NaN,NaN,379.850000,303.810000
NaN,NaN,NaN,NaN,379.840000,303.790000
NaN,NaN,NaN,NaN,379.800000,303.810000
NaN,NaN,NaN,NaN,379.840000,303.810000
NaN,NaN,NaN,NaN,379.840000,303.840000
NaN,NaN,NaN,NaN,379.860000,303.770000
NaN,NaN,NaN,NaN,379.840000,303.800000
NaN,NaN,NaN,NaN,379.850000,303.810000
NaN,NaN,NaN,NaN,379.860000,303.810000
NaN,NaN,NaN,NaN,379.820000,303.820000
NaN,NaN,NaN,NaN,379.810000,303.800000
NaN,NaN,NaN,NaN,379.810000,303.810000
NaN,NaN,NaN,NaN,379.820000,303.810000
NaN,NaN,NaN,NaN,379.830000,303.820000
NaN,NaN,NaN,NaN,379.850000,303.810000
NaN,NaN,NaN,NaN,379.830000,303.800000
NaN,NaN,NaN,NaN,379.850000,303.780000
NaN,NaN,NaN,NaN,379.830000,303.750000
NaN,NaN,NaN,NaN,379.820000,303.790000
NaN,NaN,NaN,NaN,379.840000,303.800000
NaN,NaN,NaN,NaN,379.800000,303.780000
NaN,NaN,NaN,NaN,379.800000,303.780000
NaN,NaN,NaN,NaN,379.800000,303.800000
NaN,NaN,NaN,NaN,379.790000,303.820000
NaN,NaN,NaN,NaN,379.780000,303.780000
NaN,NaN,NaN,NaN,379.770000,303.780000
NaN,NaN,NaN,NaN,379.810000,303.750000
NaN,NaN,NaN,NaN,379.810000,303.780000
NaN,NaN,NaN,NaN,379.790000,303.780000
NaN,NaN,NaN,NaN,379.800000,303.770000
NaN,NaN,NaN,NaN,379.820000,303.780000
NaN,NaN,NaN,NaN,379.790000,303.770000
NaN,NaN,NaN,NaN,379.750000,303.790000
NaN,NaN,NaN,NaN,379.810000,303.740000
NaN,NaN,NaN,NaN,379.820000,303.730000
NaN,NaN,NaN,NaN,379.820000,303.790000
NaN,NaN,NaN,NaN,379.780000,303.750000
NaN,NaN,NaN,NaN,379.820000,303.770000
NaN,NaN,NaN,NaN,379.820000,303.760000
NaN,NaN,NaN,NaN,379.820000,303.750000
NaN,NaN,NaN,NaN,379.820000,303.760000
NaN,NaN,NaN,NaN,379.810000,303.760000
NaN,NaN,NaN,NaN,379.800000,303.720000
NaN,NaN,NaN,NaN,379.810000,303.770000
NaN,NaN,NaN,NaN,379.810000,303.780000
NaN,NaN,NaN,NaN,379.820000,303.760000
NaN,NaN,NaN,NaN,379.810000,303.780000
NaN,NaN,NaN,NaN,379.760000,303.760000
NaN,NaN,NaN,NaN,379.770000,303.740000
NaN,NaN,NaN,NaN,379.780000,303.730000
NaN,NaN,NaN,NaN,379.760000,303.740000
NaN,NaN,NaN,NaN,379.790000,303.760000
NaN,NaN,NaN,NaN,379.790000,303.760000
NaN,NaN,NaN,NaN,379.810000,303.740000
NaN,NaN,NaN,NaN,379.770000,303.750000
NaN,NaN,NaN,NaN,379.760000,303.720000
NaN,NaN,NaN,NaN,379.750000,303.720000
NaN,NaN,NaN,NaN,379.740000,303.750000
NaN,NaN,NaN,NaN,379.700000,303.750000
NaN,NaN,NaN,NaN,379.710000,303.790000
NaN,NaN,NaN,NaN,379.710000,303.760000
NaN,NaN,NaN,NaN,379.730000,303.750000
NaN,NaN,NaN,NaN,379.760000,303.690000
NaN,NaN,NaN,NaN,379.760000,303.730000
NaN,NaN,NaN,NaN,379.780000,303.700000
NaN,NaN,NaN,NaN,379.770000,303.700000
NaN,NaN,NaN,NaN,379.760000,303.700000
NaN,NaN,NaN,NaN,379.760000,303.740000
NaN,NaN,NaN,NaN,379.750000,303.740000
NaN,NaN,NaN,NaN,379.740000,303.710000
NaN,NaN,NaN,NaN,379.740000,303.740000
NaN,NaN,NaN,NaN,379.760000,303.730000
NaN,NaN,NaN,NaN,379.750000,303.700000
NaN,NaN,NaN,NaN,379.730000,303.690000
NaN,NaN,NaN,NaN,379.730000,303.730000
NaN,NaN,NaN,NaN,379.720000,303.670000
NaN,NaN,NaN,NaN,379.740000,303.690000
NaN,NaN,NaN,NaN,379.680000,303.700000
NaN,NaN,NaN,NaN,379.710000,303.730000
NaN,NaN,NaN,NaN,379.660000,303.720000
NaN,NaN,NaN,NaN,379.690000,303.750000
NaN,NaN,NaN,NaN,379.690000,303.770000
NaN,NaN,NaN,NaN,379.710000,303.740000
NaN,NaN,NaN,NaN,379.700000,303.760000
NaN,NaN,NaN,NaN,379.730000,303.740000
NaN,NaN,NaN,NaN,379.700000,303.770000
NaN,NaN,NaN,NaN,379.700000,303.730000
NaN,NaN,NaN,NaN,379.700000,303.710000
NaN,NaN,NaN,NaN,379.680000,303.730000
NaN,NaN,NaN,NaN,379.650000,303.780000
NaN,NaN,NaN,NaN,379.680000,303.800000
NaN,NaN,NaN,NaN,379.690000,303.800000
NaN,NaN,NaN,NaN,379.660000,303.730000
NaN,NaN,NaN,NaN,379.640000,303.730000
NaN,NaN,NaN,NaN,379.610000,303.750000
NaN,NaN,NaN,NaN,379.600000,303.740000
NaN,NaN,NaN,NaN,379.590000,303.790000
NaN,NaN,NaN,NaN,379.600000,303.790000
NaN,NaN,NaN,NaN,379.620000,303.760000
NaN,NaN,NaN,NaN,379.590000,303.780000
NaN,NaN,NaN,NaN,379.620000,303.800000
NaN,NaN,NaN,NaN,379.580000,303.790000
NaN,NaN,NaN,NaN,379.570000,303.790000
NaN,NaN,NaN,NaN,379.590000,303.780000
NaN,NaN,NaN,NaN,379.580000,303.770000
NaN,NaN,NaN,NaN,379.570000,303.780000
NaN,NaN,NaN,NaN,379.610000,303.810000
NaN,NaN,NaN,NaN,379.610000,303.790000
NaN,NaN,NaN,NaN,379.600000,303.800000
NaN,NaN,NaN,NaN,379.620000,303.800000
NaN,NaN,NaN,NaN,379.550000,303.820000
NaN,NaN,NaN,NaN,378.930000,303.760000
NaN,NaN,NaN,NaN,378.170000,303.600000
NaN,NaN,NaN,NaN,377.340000,303.100000
NaN,NaN,NaN,NaN,377.370000,303.140000
NaN,NaN,NaN,NaN,377.340000,303.100000
NaN,NaN,NaN,NaN,377.310000,303.110000
NaN,NaN,NaN,NaN,377.370000,303.120000
NaN,NaN,NaN,NaN,377.360000,303.160000
NaN,NaN,NaN,NaN,377.330000,303.130000
NaN,NaN,NaN,NaN,377.340000,303.080000
NaN,NaN,NaN,NaN,377.330000,303.070000
NaN,NaN,NaN,NaN,377.300000,303.240000
NaN,NaN,NaN,NaN,377.300000,303.190000
NaN,NaN,NaN,NaN,377.290000,303.200000
NaN,NaN,NaN,NaN,377.290000,303.160000
NaN,NaN,NaN,NaN,377.310000,303.200000
NaN,NaN,NaN,NaN,377.290000,303.160000
NaN,NaN,NaN,NaN,377.290000,303.200000
NaN,NaN,NaN,NaN,377.240000,303.180000
NaN,NaN,NaN,NaN,377.280000,303.220000
NaN,NaN,NaN,NaN,377.270000,303.230000
NaN,NaN,NaN,NaN,377.290000,303.200000
NaN,NaN,NaN,NaN,377.310000,303.210000
NaN,NaN,NaN,NaN,377.290000,303.240000
NaN,NaN,NaN,NaN,377.290000,303.270000
NaN,NaN,NaN,NaN,377.290000,303.240000
NaN,NaN,NaN,NaN,377.280000,303.290000
NaN,NaN,NaN,NaN,377.290000,303.280000
NaN,NaN,NaN,NaN,377.270000,303.270000
NaN,NaN,NaN,NaN,377.280000,303.230000
NaN,NaN,NaN,NaN,377.280000,303.290000
NaN,NaN,NaN,NaN,377.260000,303.270000
NaN,NaN,NaN,NaN,377.280000,303.290000
NaN,NaN,NaN,NaN,377.280000,303.320000
NaN,NaN,NaN,NaN,377.270000,303.360000
NaN,NaN,NaN,NaN,377.260000,303.340000
NaN,NaN,NaN,NaN,377.250000,303.330000
NaN,NaN,NaN,NaN,377.230000,303.330000
NaN,NaN,NaN,NaN,377.210000,303.340000
NaN,NaN,NaN,NaN,377.230000,303.380000
NaN,NaN,NaN,NaN,377.220000,303.370000
NaN,NaN,NaN,NaN,377.170000,303.410000
NaN,NaN,NaN,NaN,377.170000,303.450000
NaN,NaN,NaN,NaN,377.160000,303.370000
NaN,NaN,NaN,NaN,377.180000,303.380000
NaN,NaN,NaN,NaN,377.180000,303.410000
NaN,NaN,NaN,NaN,377.150000,303.370000
NaN,NaN,NaN,NaN,377.160000,303.470000
NaN,NaN,NaN,NaN,377.180000,303.840000
NaN,NaN,NaN,NaN,377.160000,303.850000
NaN,NaN,NaN,NaN,377.150000,303.860000
NaN,NaN,NaN,NaN,377.160000,303.890000
NaN,NaN,NaN,NaN,377.150000,303.870000
NaN,NaN,NaN,NaN,377.130000,303.880000
NaN,NaN,NaN,NaN,377.170000,303.890000
NaN,NaN,NaN,NaN,377.150000,303.910000
NaN,NaN,NaN,NaN,377.140000,303.910000
NaN,NaN,NaN,NaN,377.140000,303.880000
NaN,NaN,NaN,NaN,377.140000,303.870000
NaN,NaN,NaN,NaN,377.160000,303.850000
NaN,NaN,NaN,NaN,377.170000,303.880000
NaN,NaN,NaN,NaN,377.140000,303.880000
NaN,NaN,NaN,NaN,377.100000,303.870000
NaN,NaN,NaN,NaN,377.130000,303.910000
NaN,NaN,NaN,NaN,377.120000,303.950000
NaN,NaN,NaN,NaN,377.140000,303.940000
NaN,NaN,NaN,NaN,377.130000,303.920000
NaN,NaN,NaN,NaN,377.140000,303.950000
NaN,NaN,NaN,NaN,377.140000,303.940000
NaN,NaN,NaN,NaN,377.090000,303.930000
NaN,NaN,NaN,NaN,377.100000,303.950000
NaN,NaN,NaN,NaN,377.070000,303.960000
NaN,NaN,NaN,NaN,377.110000,303.890000
NaN,NaN,NaN,NaN,377.110000,303.890000
NaN,NaN,NaN,NaN,377.090000,303.930000
NaN,NaN,NaN,NaN,377.090000,303.920000
NaN,NaN,NaN,NaN,377.090000,303.930000
NaN,NaN,NaN,NaN,377.080000,303.930000
NaN,NaN,NaN,NaN,377.080000,303.980000
NaN,NaN,NaN,NaN,377.060000,303.940000
NaN,NaN,NaN,NaN,377.060000,303.950000
NaN,NaN,NaN,NaN,377.090000,303.930000
NaN,NaN,NaN,NaN,377.080000,303.940000
NaN,NaN,NaN,NaN,377.090000,303.930000
NaN,NaN,NaN,NaN,377.100000,303.970000
NaN,NaN,NaN,NaN,377.100000,303.970000
NaN,NaN,NaN,NaN,377.050000,303.960000
NaN,NaN,NaN,NaN,377.090000,303.940000
NaN,NaN,NaN,NaN,377.080000,303.990000
NaN,NaN,NaN,NaN,377.080000,303.950000
NaN,NaN,NaN,NaN,377.070000,303.950000
NaN,NaN,NaN,NaN,377.050000,303.980000
NaN,NaN,NaN,NaN,377.050000,304.020000
NaN,NaN,NaN,NaN,377.070000,303.980000
NaN,NaN,NaN,NaN,377.080000,304.000000
NaN,NaN,NaN,NaN,377.050000,303.980000
NaN,NaN,NaN,NaN,377.070000,303.980000
NaN,NaN,NaN,NaN,377.050000,303.970000
NaN,NaN,NaN,NaN,377.050000,304.020000
NaN,NaN,NaN,NaN,377.040000,304.020000
NaN,NaN,NaN,NaN,377.040000,303.980000
NaN,NaN,NaN,NaN,377.000000,303.960000
NaN,NaN,NaN,NaN,377.000000,303.960000
NaN,NaN,NaN,NaN,377.020000,303.980000
NaN,NaN,NaN,NaN,377.040000,303.960000
NaN,NaN,NaN,NaN,377.070000,303.930000
NaN,NaN,NaN,NaN,377.070000,303.950000
NaN,NaN,NaN,NaN,377.090000,303.990000
NaN,NaN,NaN,NaN,377.060000,303.990000
NaN,NaN,NaN,NaN,377.050000,303.990000
NaN,NaN,NaN,NaN,377.050000,303.950000
NaN,NaN,NaN,NaN,377.050000,303.980000
NaN,NaN,NaN,NaN,377.030000,303.920000
NaN,NaN,NaN,NaN,377.050000,303.910000
NaN,NaN,NaN,NaN,377.080000,303.950000
NaN,NaN,NaN,NaN,377.030000,303.940000
NaN,NaN,NaN,NaN,377.050000,303.880000
NaN,NaN,NaN,NaN,377.050000,303.840000
NaN,NaN,NaN,NaN,377.040000,303.860000
NaN,NaN,NaN,NaN,377.050000,303.890000
NaN,NaN,NaN,NaN,377.020000,303.880000
NaN,NaN,NaN,NaN,377.030000,303.870000
NaN,NaN,NaN,NaN,377.010000,303.900000
NaN,NaN,NaN,NaN,376.990000,303.830000
NaN,NaN,NaN,NaN,376.990000,303.840000
NaN,NaN,NaN,NaN,376.980000,303.820000
NaN,NaN,NaN,NaN,376.980000,303.810000
NaN,NaN,NaN,NaN,377.010000,303.800000
NaN,NaN,NaN,NaN,377.010000,303.830000
NaN,NaN,NaN,NaN,377.000000,303.820000
NaN,NaN,NaN,NaN,376.990000,303.820000
NaN,NaN,NaN,NaN,376.970000,303.810000
NaN,NaN,NaN,NaN,376.990000,303.780000
NaN,NaN,NaN,NaN,376.980000,303.820000
NaN,NaN,NaN,NaN,376.950000,303.780000
NaN,NaN,NaN,NaN,376.970000,303.760000
NaN,NaN,NaN,NaN,376.960000,303.790000
NaN,NaN,NaN,NaN,376.960000,303.750000
NaN,NaN,NaN,NaN,376.960000,303.680000
NaN,NaN,NaN,NaN,376.980000,303.670000
NaN,NaN,NaN,NaN,376.950000,303.640000
NaN,NaN,NaN,NaN,376.990000,303.650000
NaN,NaN,NaN,NaN,376.970000,303.620000
NaN,NaN,NaN,NaN,376.980000,303.620000
NaN,NaN,NaN,NaN,376.960000,303.570000
NaN,NaN,NaN,NaN,376.970000,303.580000
NaN,NaN,NaN,NaN,376.940000,303.620000
NaN,NaN,NaN,NaN,376.940000,303.660000
NaN,NaN,NaN,NaN,376.940000,303.600000
NaN,NaN,NaN,NaN,376.950000,303.490000
NaN,NaN,NaN,NaN,376.950000,303.090000
NaN,NaN,NaN,NaN,376.940000,303.120000
NaN,NaN,NaN,NaN,376.950000,303.060000
NaN,NaN,NaN,NaN,376.940000,302.990000
NaN,NaN,NaN,NaN,376.910000,302.960000
NaN,NaN,NaN,NaN,376.920000,302.960000
NaN,NaN,NaN,NaN,376.950000,302.970000
NaN,NaN,NaN,NaN,376.920000,302.910000
NaN,NaN,NaN,NaN,376.900000,302.900000
NaN,NaN,NaN,NaN,376.910000,302.900000
NaN,NaN,NaN,NaN,376.900000,302.850000
NaN,NaN,NaN,NaN,376.930000,302.840000
NaN,NaN,NaN,NaN,376.910000,302.790000
NaN,NaN,NaN,NaN,376.920000,302.780000
NaN,NaN,NaN,NaN,376.900000,302.800000
NaN,NaN,NaN,NaN,376.920000,302.770000
NaN,NaN,NaN,NaN,376.920000,302.750000
NaN,NaN,NaN,NaN,376.920000,302.670000
NaN,NaN,NaN,NaN,376.900000,302.680000
NaN,NaN,NaN,NaN,376.890000,302.690000
NaN,NaN,NaN,NaN,376.870000,302.660000
NaN,NaN,NaN,NaN,376.870000,302.650000
NaN,NaN,NaN,NaN,376.880000,302.640000
NaN,NaN,NaN,NaN,376.840000,302.590000
NaN,NaN,NaN,NaN,376.850000,302.620000
NaN,NaN,NaN,NaN,376.870000,302.590000
NaN,NaN,NaN,NaN,376.880000,302.600000
NaN,NaN,NaN,NaN,376.930000,302.650000
NaN,NaN,NaN,NaN,376.880000,302.660000
NaN,NaN,NaN,NaN,376.880000,302.620000
NaN,NaN,NaN,NaN,376.870000,302.600000
NaN,NaN,NaN,NaN,376.870000,302.580000
NaN,NaN,NaN,NaN,376.840000,302.570000
NaN,NaN,NaN,NaN,376.850000,302.560000
NaN,NaN,NaN,NaN,376.870000,302.570000
NaN,NaN,NaN,NaN,376.880000,302.530000
NaN,NaN,NaN,NaN,376.900000,302.470000
NaN,NaN,NaN,NaN,376.860000,302.140000
NaN,NaN,NaN,NaN,376.850000,302.140000
NaN,NaN,NaN,NaN,376.850000,302.140000
NaN,NaN,NaN,NaN,376.870000,302.140000
NaN,NaN,NaN,NaN,376.840000,302.180000
NaN,NaN,NaN,NaN,376.840000,302.110000
NaN,NaN,NaN,NaN,376.830000,302.120000
NaN,NaN,NaN,NaN,376.830000,302.090000
NaN,NaN,NaN,NaN,376.860000,302.120000
NaN,NaN,NaN,NaN,376.850000,302.110000
NaN,NaN,NaN,NaN,376.850000,302.100000
NaN,NaN,NaN,NaN,376.810000,302.090000
NaN,NaN,NaN,NaN,376.780000,302.010000
NaN,NaN,NaN,NaN,376.810000,302.000000
NaN,NaN,NaN,NaN,376.790000,302.010000
NaN,NaN,NaN,NaN,376.800000,302.020000
NaN,NaN,NaN,NaN,376.820000,302.060000
NaN,NaN,NaN,NaN,376.780000,302.040000
NaN,NaN,NaN,NaN,376.780000,302.020000
NaN,NaN,NaN,NaN,376.800000,302.020000
NaN,NaN,NaN,NaN,376.770000,302.040000
NaN,NaN,NaN,NaN,376.770000,301.980000
NaN,NaN,NaN,NaN,376.790000,301.950000
NaN,NaN,NaN,NaN,376.770000,301.980000
NaN,NaN,NaN,NaN,376.750000,301.960000
NaN,NaN,NaN,NaN,376.760000,301.920000
NaN,NaN,NaN,NaN,376.740000,301.960000
NaN,NaN,NaN,NaN,376.710000,301.920000
NaN,NaN,NaN,NaN,376.730000,301.920000
NaN,NaN,NaN,NaN,376.730000,301.890000
NaN,NaN,NaN,NaN,376.720000,301.860000
NaN,NaN,NaN,NaN,376.730000,301.890000
NaN,NaN,NaN,NaN,376.750000,301.830000
NaN,NaN,NaN,NaN,376.750000,301.810000
NaN,NaN,NaN,NaN,376.780000,301.860000
NaN,NaN,NaN,NaN,376.820000,301.850000
NaN,NaN,NaN,NaN,376.830000,301.840000
NaN,NaN,NaN,NaN,376.780000,301.860000
NaN,NaN,NaN,NaN,376.790000,301.830000
NaN,NaN,NaN,NaN,376.770000,301.810000
NaN,NaN,NaN,NaN,376.800000,301.800000
NaN,NaN,NaN,NaN,376.790000,301.840000
NaN,NaN,NaN,NaN,376.800000,301.760000
NaN,NaN,NaN,NaN,376.790000,301.780000
NaN,NaN,NaN,NaN,376.790000,301.740000
NaN,NaN,NaN,NaN,376.750000,301.740000
NaN,NaN,NaN,NaN,376.740000,301.750000
NaN,NaN,NaN,NaN,376.810000,301.700000
NaN,NaN,NaN,NaN,376.830000,301.680000
NaN,NaN,NaN,NaN,376.720000,301.670000
NaN,NaN,NaN,NaN,376.740000,301.630000
NaN,NaN,NaN,NaN,376.710000,301.610000
NaN,NaN,NaN,NaN,376.760000,301.600000
NaN,NaN,NaN,NaN,376.770000,301.570000
NaN,NaN,NaN,NaN,376.730000,301.510000
NaN,NaN,NaN,NaN,376.730000,301.200000
NaN,NaN,NaN,NaN,376.720000,301.200000
NaN,NaN,NaN,NaN,376.720000,301.180000
NaN,NaN,NaN,NaN,376.720000,301.140000
NaN,NaN,NaN,NaN,376.730000,301.150000
NaN,NaN,NaN,NaN,376.710000,301.140000
NaN,NaN,NaN,NaN,376.740000,301.130000
NaN,NaN,NaN,NaN,376.680000,301.120000
NaN,NaN,NaN,NaN,376.730000,301.090000
NaN,NaN,NaN,NaN,376.710000,301.070000
NaN,NaN,NaN,NaN,376.690000,301.030000
NaN,NaN,NaN,NaN,376.690000,300.970000
NaN,NaN,NaN,NaN,376.690000,301.030000
NaN,NaN,NaN,NaN,376.720000,301.000000
NaN,NaN,NaN,NaN,376.730000,300.990000
NaN,NaN,NaN,NaN,376.680000,300.960000
NaN,NaN,NaN,NaN,376.690000,300.940000
NaN,NaN,NaN,NaN,376.720000,300.970000
NaN,NaN,NaN,NaN,376.700000,301.030000
NaN,NaN,NaN,NaN,376.720000,301.020000
NaN,NaN,NaN,NaN,376.730000,300.970000
NaN,NaN,NaN,NaN,376.700000,300.940000
NaN,NaN,NaN,NaN,376.700000,300.880000
NaN,NaN,NaN,NaN,376.720000,300.930000
NaN,NaN,NaN,NaN,376.660000,300.860000
NaN,NaN,NaN,NaN,376.660000,300.850000
NaN,NaN,NaN,NaN,376.630000,300.870000
NaN,NaN,NaN,NaN,376.610000,300.870000
NaN,NaN,NaN,NaN,376.620000,300.870000
NaN,NaN,NaN,NaN,376.660000,300.910000
NaN,NaN,NaN,NaN,376.570000,300.850000
NaN,NaN,NaN,NaN,376.610000,300.930000
NaN,NaN,NaN,NaN,376.590000,300.930000
NaN,NaN,NaN,NaN,376.580000,300.870000
NaN,NaN,NaN,NaN,376.650000,300.890000
NaN,NaN,NaN,NaN,376.640000,300.850000
NaN,NaN,NaN,NaN,376.640000,300.890000
NaN,NaN,NaN,NaN,376.610000,300.850000
NaN,NaN,NaN,NaN,376.590000,300.870000
NaN,NaN,NaN,NaN,376.550000,300.810000
NaN,NaN,NaN,NaN,376.620000,300.800000
NaN,NaN,NaN,NaN,376.550000,300.810000
NaN,NaN,NaN,NaN,376.550000,300.820000
NaN,NaN,NaN,NaN,376.540000,300.840000
NaN,NaN,NaN,NaN,376.550000,300.880000
NaN,NaN,NaN,NaN,376.520000,300.860000
NaN,NaN,NaN,NaN,375.840000,300.800000
NaN,NaN,NaN,NaN,375.070000,300.690000
NaN,NaN,NaN,NaN,374.280000,300.660000
NaN,NaN,NaN,NaN,373.540000,300.690000
NaN,NaN,NaN,NaN,373.530000,300.580000
NaN,NaN,NaN,NaN,373.530000,300.010000
NaN,NaN,NaN,NaN,374.280000,300.160000
NaN,NaN,NaN,NaN,374.990000,300.230000
NaN,NaN,NaN,NaN,375.740000,300.380000
NaN,NaN,NaN,NaN,375.770000,300.680000
NaN,NaN,NaN,NaN,375.740000,300.670000
NaN,NaN,NaN,NaN,375.780000,300.720000
NaN,NaN,NaN,NaN,375.750000,300.680000
NaN,NaN,NaN,NaN,375.770000,300.690000
NaN,NaN,NaN,NaN,375.770000,300.680000
NaN,NaN,NaN,NaN,375.740000,300.680000
NaN,NaN,NaN,NaN,375.720000,300.730000
NaN,NaN,NaN,NaN,375.730000,300.670000
NaN,NaN,NaN,NaN,375.670000,300.690000
NaN,NaN,NaN,NaN,375.680000,300.710000
NaN,NaN,NaN,NaN,375.610000,300.750000
NaN,NaN,NaN,NaN,375.650000,300.700000
NaN,NaN,NaN,NaN,375.650000,300.760000
NaN,NaN,NaN,NaN,375.710000,300.640000
NaN,NaN,NaN,NaN,375.680000,300.680000
NaN,NaN,NaN,NaN,375.700000,300.680000
NaN,NaN,NaN,NaN,375.670000,300.690000
NaN,NaN,NaN,NaN,375.690000,300.680000
NaN,NaN,NaN,NaN,375.660000,300.690000
NaN,NaN,NaN,NaN,375.630000,300.720000
NaN,NaN,NaN,NaN,375.670000,300.690000
NaN,NaN,NaN,NaN,375.630000,300.770000
NaN,NaN,NaN,NaN,375.530000,300.700000
NaN,NaN,NaN,NaN,374.860000,300.640000
NaN,NaN,NaN,NaN,374.020000,300.550000
NaN,NaN,NaN,NaN,373.340000,300.040000
NaN,NaN,NaN,NaN,373.300000,300.070000
NaN,NaN,NaN,NaN,373.280000,300.130000
NaN,NaN,NaN,NaN,373.250000,300.070000
NaN,NaN,NaN,NaN,373.250000,300.070000
NaN,NaN,NaN,NaN,373.290000,300.090000
NaN,NaN,NaN,NaN,373.240000,300.040000
NaN,NaN,NaN,NaN,373.250000,300.090000
NaN,NaN,NaN,NaN,373.220000,300.140000
NaN,NaN,NaN,NaN,373.240000,300.100000
NaN,NaN,NaN,NaN,373.260000,300.140000
NaN,NaN,NaN,NaN,373.270000,300.140000
NaN,NaN,NaN,NaN,373.230000,300.140000
NaN,NaN,NaN,NaN,373.250000,300.180000
NaN,NaN,NaN,NaN,373.250000,300.140000
NaN,NaN,NaN,NaN,373.260000,300.170000
NaN,NaN,NaN,NaN,373.250000,300.180000
NaN,NaN,NaN,NaN,373.240000,300.160000
NaN,NaN,NaN,NaN,373.180000,300.220000
NaN,NaN,NaN,NaN,373.200000,300.200000
NaN,NaN,NaN,NaN,373.180000,300.170000
NaN,NaN,NaN,NaN,373.170000,300.200000
NaN,NaN,NaN,NaN,373.140000,300.170000
NaN,NaN,NaN,NaN,373.150000,300.190000
NaN,NaN,NaN,NaN,373.140000,300.210000
NaN,NaN,NaN,NaN,373.130000,300.200000
NaN,NaN,NaN,NaN,373.140000,300.260000
NaN,NaN,NaN,NaN,373.130000,300.240000
NaN,NaN,NaN,NaN,373.130000,300.260000
NaN,NaN,NaN,NaN,373.110000,300.260000
NaN,NaN,NaN,NaN,373.110000,300.270000
NaN,NaN,NaN,NaN,373.110000,300.300000
NaN,NaN,NaN,NaN,373.110000,300.310000
NaN,NaN,NaN,NaN,373.100000,300.260000
NaN,NaN,NaN,NaN,373.090000,300.270000
NaN,NaN,NaN,NaN,373.080000,300.220000
NaN,NaN,NaN,NaN,373.100000,300.280000
NaN,NaN,NaN,NaN,373.080000,300.310000
NaN,NaN,NaN,NaN,373.060000,300.290000
NaN,NaN,NaN,NaN,373.070000,300.320000
NaN,NaN,NaN,NaN,373.030000,300.320000
NaN,NaN,NaN,NaN,373.040000,300.380000
NaN,NaN,NaN,NaN,373.060000,300.350000
NaN,NaN,NaN,NaN,373.050000,300.340000
NaN,NaN,NaN,NaN,373.050000,300.430000
NaN,NaN,NaN,NaN,373.050000,300.370000
NaN,NaN,NaN,NaN,373.030000,300.340000
NaN,NaN,NaN,NaN,373.020000,300.340000
NaN,NaN,NaN,NaN,373.020000,300.420000
NaN,NaN,NaN,NaN,372.990000,300.410000
NaN,NaN,NaN,NaN,372.990000,300.360000
NaN,NaN,NaN,NaN,372.970000,300.350000
NaN,NaN,NaN,NaN,372.960000,300.340000
NaN,NaN,NaN,NaN,372.970000,300.380000
NaN,NaN,NaN,NaN,372.970000,300.310000
NaN,NaN,NaN,NaN,372.930000,300.390000
NaN,NaN,NaN,NaN,372.950000,300.350000
NaN,NaN,NaN,NaN,372.920000,300.360000
NaN,NaN,NaN,NaN,372.900000,300.320000
NaN,NaN,NaN,NaN,372.910000,300.320000
NaN,NaN,NaN,NaN,372.890000,300.330000
NaN,NaN,NaN,NaN,372.890000,300.320000
NaN,NaN,NaN,NaN,372.900000,300.350000
NaN,NaN,NaN,NaN,372.880000,300.440000
NaN,NaN,NaN,NaN,372.910000,300.930000
NaN,NaN,NaN,NaN,372.890000,300.890000
NaN,NaN,NaN,NaN,372.850000,300.850000
NaN,NaN,NaN,NaN,372.870000,300.870000
NaN,NaN,NaN,NaN,372.900000,300.880000
NaN,NaN,NaN,NaN,372.910000,300.860000
NaN,NaN,NaN,NaN,372.890000,300.860000
NaN,NaN,NaN,NaN,372.890000,300.930000
NaN,NaN,NaN,NaN,372.890000,300.920000
NaN,NaN,NaN,NaN,372.870000,300.950000
NaN,NaN,NaN,NaN,372.870000,300.890000
NaN,NaN,NaN,NaN,372.880000,300.900000
NaN,NaN,NaN,NaN,372.810000,300.940000
NaN,NaN,NaN,NaN,372.790000,300.880000
NaN,NaN,NaN,NaN,372.830000,300.930000
NaN,NaN,NaN,NaN,372.840000,300.910000
NaN,NaN,NaN,NaN,372.830000,300.890000
NaN,NaN,NaN,NaN,372.760000,300.930000
NaN,NaN,NaN,NaN,372.730000,300.880000
NaN,NaN,NaN,NaN,372.760000,300.880000
NaN,NaN,NaN,NaN,372.760000,300.850000
NaN,NaN,NaN,NaN,372.800000,300.870000
NaN,NaN,NaN,NaN,372.780000,300.870000
NaN,NaN,NaN,NaN,372.710000,300.870000
NaN,NaN,NaN,NaN,372.750000,300.900000
NaN,NaN,NaN,NaN,372.720000,300.930000
NaN,NaN,NaN,NaN,372.720000,300.940000
NaN,NaN,NaN,NaN,372.730000,300.920000
NaN,NaN,NaN,NaN,372.690000,300.950000
NaN,NaN,NaN,NaN,372.700000,300.980000
NaN,NaN,NaN,NaN,372.710000,301.000000
NaN,NaN,NaN,NaN,372.630000,300.990000
NaN,NaN,NaN,NaN,372.640000,300.990000
NaN,NaN,NaN,NaN,372.610000,301.040000
NaN,NaN,NaN,NaN,372.610000,300.970000
NaN,NaN,NaN,NaN,372.630000,300.970000
NaN,NaN,NaN,NaN,372.570000,300.980000
NaN,NaN,NaN,NaN,372.570000,301.020000
NaN,NaN,NaN,NaN,372.570000,301.000000
NaN,NaN,NaN,NaN,372.600000,301.020000
NaN,NaN,NaN,NaN,372.610000,301.000000
NaN,NaN,NaN,NaN,372.580000,301.010000
NaN,NaN,NaN,NaN,372.550000,301.030000
NaN,NaN,NaN,NaN,372.490000,301.040000
NaN,NaN,NaN,NaN,371.860000,301.000000
NaN,NaN,NaN,NaN,371.090000,300.900000
NaN,NaN,NaN,NaN,370.350000,300.790000
NaN,NaN,NaN,NaN,370.330000,300.840000
NaN,NaN,NaN,NaN,370.270000,300.810000
NaN,NaN,NaN,NaN,370.270000,300.860000
NaN,NaN,NaN,NaN,370.260000,300.890000
NaN,NaN,NaN,NaN,370.280000,300.860000
NaN,NaN,NaN,NaN,370.280000,300.920000
NaN,NaN,NaN,NaN,370.220000,300.930000
NaN,NaN,NaN,NaN,370.240000,300.900000
NaN,NaN,NaN,NaN,370.210000,300.990000
NaN,NaN,NaN,NaN,370.190000,301.000000
NaN,NaN,NaN,NaN,370.220000,300.990000
NaN,NaN,NaN,NaN,370.210000,300.950000
NaN,NaN,NaN,NaN,370.210000,300.870000
NaN,NaN,NaN,NaN,370.190000,300.960000
NaN,NaN,NaN,NaN,370.220000,300.930000
NaN,NaN,NaN,NaN,370.210000,300.890000
NaN,NaN,NaN,NaN,370.180000,300.980000
NaN,NaN,NaN,NaN,370.210000,300.920000
NaN,NaN,NaN,NaN,370.200000,300.890000
NaN,NaN,NaN,NaN,370.160000,300.970000
NaN,NaN,NaN,NaN,370.150000,300.990000
NaN,NaN,NaN,NaN,370.140000,300.960000
NaN,NaN,NaN,NaN,370.140000,300.970000
NaN,NaN,NaN,NaN,370.130000,300.950000
NaN,NaN,NaN,NaN,370.100000,300.930000
NaN,NaN,NaN,NaN,370.080000,300.910000
NaN,NaN,NaN,NaN,370.080000,300.980000
NaN,NaN,NaN,NaN,370.010000,300.990000
NaN,NaN,NaN,NaN,370.060000,300.990000
NaN,NaN,NaN,NaN,370.090000,301.050000
NaN,NaN,NaN,NaN,370.080000,301.040000
NaN,NaN,NaN,NaN,370.080000,300.990000
NaN,NaN,NaN,NaN,370.060000,301.020000
NaN,NaN,NaN,NaN,370.050000,301.000000
NaN,NaN,NaN,NaN,370.060000,301.040000
NaN,NaN,NaN,NaN,370.050000,300.990000
NaN,NaN,NaN,NaN,370.060000,300.970000
NaN,NaN,NaN,NaN,370.040000,300.970000
NaN,NaN,NaN,NaN,370.030000,301.050000
NaN,NaN,NaN,NaN,370.040000,301.010000
NaN,NaN,NaN,NaN,370.050000,301.000000
NaN,NaN,NaN,NaN,370.080000,301.030000
NaN,NaN,NaN,NaN,369.980000,300.980000
NaN,NaN,NaN,NaN,370.000000,301.010000
NaN,NaN,NaN,NaN,370.000000,300.990000
NaN,NaN,NaN,NaN,370.030000,301.000000
NaN,NaN,NaN,NaN,370.020000,301.010000
NaN,NaN,NaN,NaN,369.970000,301.020000
NaN,NaN,NaN,NaN,369.990000,300.990000
NaN,NaN,NaN,NaN,369.990000,301.020000
NaN,NaN,NaN,NaN,369.980000,300.980000
NaN,NaN,NaN,NaN,369.950000,301.010000
NaN,NaN,NaN,NaN,369.980000,300.970000
NaN,NaN,NaN,NaN,369.940000,301.040000
NaN,NaN,NaN,NaN,369.950000,301.000000
NaN,NaN,NaN,NaN,369.970000,300.960000
NaN,NaN,NaN,NaN,369.950000,300.990000
NaN,NaN,NaN,NaN,369.940000,301.050000
NaN,NaN,NaN,NaN,369.970000,301.060000
NaN,NaN,NaN,NaN,369.950000,301.020000
NaN,NaN,NaN,NaN,369.930000,301.030000
NaN,NaN,NaN,NaN,369.920000,301.030000
NaN,NaN,NaN,NaN,369.920000,301.060000
NaN,NaN,NaN,NaN,369.900000,301.020000
NaN,NaN,NaN,NaN,369.890000,301.010000
NaN,NaN,NaN,NaN,369.870000,301.010000
NaN,NaN,NaN,NaN,369.860000,301.060000
NaN,NaN,NaN,NaN,369.860000,301.040000
NaN,NaN,NaN,NaN,369.870000,301.070000
NaN,NaN,NaN,NaN,369.880000,301.040000
NaN,NaN,NaN,NaN,369.850000,301.060000
NaN,NaN,NaN,NaN,369.790000,301.070000
NaN,NaN,NaN,NaN,369.850000,301.020000
NaN,NaN,NaN,NaN,369.880000,301.070000
NaN,NaN,NaN,NaN,369.860000,301.070000
NaN,NaN,NaN,NaN,369.850000,301.060000
NaN,NaN,NaN,NaN,369.820000,301.010000
NaN,NaN,NaN,NaN,369.870000,301.010000
NaN,NaN,NaN,NaN,369.820000,301.040000
NaN,NaN,NaN,NaN,369.790000,301.030000
NaN,NaN,NaN,NaN,369.840000,301.040000
NaN,NaN,NaN,NaN,369.840000,301.060000
NaN,NaN,NaN,NaN,369.830000,301.040000
NaN,NaN,NaN,NaN,369.840000,301.030000
NaN,NaN,NaN,NaN,369.790000,300.990000
NaN,NaN,NaN,NaN,369.810000,301.000000
NaN,NaN,NaN,NaN,369.820000,301.020000
NaN,NaN,NaN,NaN,369.750000,301.050000
NaN,NaN,NaN,NaN,369.740000,301.080000
NaN,NaN,NaN,NaN,369.760000,300.980000
NaN,NaN,NaN,NaN,369.780000,301.020000
NaN,NaN,NaN,NaN,369.770000,301.070000
NaN,NaN,NaN,NaN,369.750000,301.060000
NaN,NaN,NaN,NaN,369.790000,301.070000
NaN,NaN,NaN,NaN,369.780000,301.090000
NaN,NaN,NaN,NaN,369.780000,301.030000
NaN,NaN,NaN,NaN,369.760000,301.040000
NaN,NaN,NaN,NaN,369.760000,301.080000
NaN,NaN,NaN,NaN,369.740000,301.100000
NaN,NaN,NaN,NaN,369.760000,301.080000
NaN,NaN,NaN,NaN,369.750000,301.070000
NaN,NaN,NaN,NaN,369.740000,301.030000
NaN,NaN,NaN,NaN,369.760000,301.080000
NaN,NaN,NaN,NaN,369.800000,301.030000
NaN,NaN,NaN,NaN,369.770000,301.000000
NaN,NaN,NaN,NaN,369.770000,301.030000
NaN,NaN,NaN,NaN,369.740000,301.050000
NaN,NaN,NaN,NaN,369.690000,301.000000
NaN,NaN,NaN,NaN,369.780000,300.980000
NaN,NaN,NaN,NaN,369.750000,301.050000
NaN,NaN,NaN,NaN,369.760000,301.010000
NaN,NaN,NaN,NaN,369.710000,301.020000
NaN,NaN,NaN,NaN,369.720000,301.010000
NaN,NaN,NaN,NaN,369.680000,300.980000
NaN,NaN,NaN,NaN,369.690000,300.990000
NaN,NaN,NaN,NaN,369.700000,301.030000
NaN,NaN,NaN,NaN,369.740000,301.060000
NaN,NaN,NaN,NaN,369.550000,301.040000
NaN,NaN,NaN,NaN,368.930000,300.990000
NaN,NaN,NaN,NaN,368.060000,300.900000
NaN,NaN,NaN,NaN,370.730387,301.777385
NaN,NaN,NaN,NaN,371.350000,302.020000
NaN,NaN,NaN,NaN,371.290000,302.020000
NaN,NaN,NaN,NaN,370.970000,302.000000
NaN,NaN,NaN,NaN,370.970000,302.000000
NaN,NaN,NaN,NaN,370.990000,301.990000
NaN,NaN,NaN,NaN,370.960000,302.010000
NaN,NaN,NaN,NaN,370.970000,302.010000
NaN,NaN,NaN,NaN,370.970000,302.010000
NaN,NaN,NaN,NaN,370.950000,302.000000
NaN,NaN,NaN,NaN,370.940000,302.010000
NaN,NaN,NaN,NaN,370.940000,302.010000
NaN,NaN,NaN,NaN,370.930000,302.010000
NaN,NaN,NaN,NaN,370.940000,301.990000
NaN,NaN,NaN,NaN,370.930000,301.990000
NaN,NaN,NaN,NaN,370.940000,301.970000
NaN,NaN,NaN,NaN,370.930000,302.000000
NaN,NaN,NaN,NaN,370.940000,302.000000
NaN,NaN,NaN,NaN,370.940000,302.000000
NaN,NaN,NaN,NaN,370.920000,301.990000
NaN,NaN,NaN,NaN,370.920000,301.980000
NaN,NaN,NaN,NaN,370.900000,301.990000
NaN,NaN,NaN,NaN,370.910000,302.000000
NaN,NaN,NaN,NaN,370.910000,302.010000
NaN,NaN,NaN,NaN,370.920000,302.000000
NaN,NaN,NaN,NaN,370.890000,302.010000
NaN,NaN,NaN,NaN,370.900000,302.010000
NaN,NaN,NaN,NaN,370.880000,302.030000
NaN,NaN,NaN,NaN,370.870000,302.000000
NaN,NaN,NaN,NaN,370.870000,301.990000
NaN,NaN,NaN,NaN,370.860000,301.970000
NaN,NaN,NaN,NaN,370.850000,301.980000
NaN,NaN,NaN,NaN,370.860000,301.980000
NaN,NaN,NaN,NaN,370.850000,301.990000
NaN,NaN,NaN,NaN,370.880000,301.980000
NaN,NaN,NaN,NaN,370.870000,302.000000
NaN,NaN,NaN,NaN,370.850000,302.000000
NaN,NaN,NaN,NaN,370.870000,302.000000
NaN,NaN,NaN,NaN,370.860000,301.990000
NaN,NaN,NaN,NaN,370.850000,302.010000
NaN,NaN,NaN,NaN,370.850000,302.010000
NaN,NaN,NaN,NaN,370.860000,302.010000
NaN,NaN,NaN,NaN,370.850000,302.000000
NaN,NaN,NaN,NaN,370.850000,302.010000
NaN,NaN,NaN,NaN,370.840000,302.010000
NaN,NaN,NaN,NaN,370.840000,301.990000
NaN,NaN,NaN,NaN,370.840000,302.000000
NaN,NaN,NaN,NaN,370.820000,302.000000
NaN,NaN,NaN,NaN,370.820000,302.000000
NaN,NaN,NaN,NaN,370.830000,302.000000
NaN,NaN,NaN,NaN,370.810000,302.000000
NaN,NaN,NaN,NaN,370.810000,302.010000
NaN,NaN,NaN,NaN,370.800000,302.010000
NaN,NaN,NaN,NaN,370.810000,302.010000
NaN,NaN,NaN,NaN,370.810000,302.010000
NaN,NaN,NaN,NaN,370.800000,302.000000
NaN,NaN,NaN,NaN,370.830000,301.990000
NaN,NaN,NaN,NaN,370.780000,302.030000
NaN,NaN,NaN,NaN,370.760000,302.020000
NaN,NaN,NaN,NaN,370.790000,302.010000
NaN,NaN,NaN,NaN,370.730000,302.030000
NaN,NaN,NaN,NaN,370.740000,302.040000
NaN,NaN,NaN,NaN,370.760000,302.030000
NaN,NaN,NaN,NaN,370.810000,302.040000
NaN,NaN,NaN,NaN,370.790000,302.020000
NaN,NaN,NaN,NaN,370.750000,302.030000
NaN,NaN,NaN,NaN,370.750000,302.010000
NaN,NaN,NaN,NaN,370.720000,302.000000
NaN,NaN,NaN,NaN,370.720000,302.010000
NaN,NaN,NaN,NaN,370.730000,302.020000
NaN,NaN,NaN,NaN,370.730000,302.010000
NaN,NaN,NaN,NaN,370.760000,302.000000
NaN,NaN,NaN,NaN,370.740000,302.030000
NaN,NaN,NaN,NaN,370.730000,302.040000
NaN,NaN,NaN,NaN,370.760000,302.050000
NaN,NaN,NaN,NaN,370.750000,302.040000
NaN,NaN,NaN,NaN,370.730000,302.020000
NaN,NaN,NaN,NaN,370.720000,302.020000
NaN,NaN,NaN,NaN,370.740000,302.030000
NaN,NaN,NaN,NaN,370.730000,302.040000
NaN,NaN,NaN,NaN,370.720000,302.030000
NaN,NaN,NaN,NaN,370.710000,302.030000
NaN,NaN,NaN,NaN,370.710000,302.030000
NaN,NaN,NaN,NaN,370.690000,302.030000
NaN,NaN,NaN,NaN,370.710000,302.060000
NaN,NaN,NaN,NaN,370.710000,302.060000
NaN,NaN,NaN,NaN,370.690000,302.040000
NaN,NaN,NaN,NaN,370.670000,302.050000
NaN,NaN,NaN,NaN,370.720000,302.040000
NaN,NaN,NaN,NaN,370.690000,302.050000
NaN,NaN,NaN,NaN,370.700000,302.050000
NaN,NaN,NaN,NaN,370.680000,302.050000
NaN,NaN,NaN,NaN,370.690000,302.040000
NaN,NaN,NaN,NaN,370.690000,302.030000
NaN,NaN,NaN,NaN,370.680000,302.030000
NaN,NaN,NaN,NaN,370.640000,302.030000
NaN,NaN,NaN,NaN,370.670000,302.020000
NaN,NaN,NaN,NaN,370.690000,302.040000
NaN,NaN,NaN,NaN,370.670000,302.030000
NaN,NaN,NaN,NaN,370.620000,302.040000
NaN,NaN,NaN,NaN,370.650000,302.040000
NaN,NaN,NaN,NaN,370.630000,302.040000
NaN,NaN,NaN,NaN,370.640000,302.050000
NaN,NaN,NaN,NaN,370.660000,302.060000
NaN,NaN,NaN,NaN,370.650000,302.040000
NaN,NaN,NaN,NaN,370.630000,302.050000
NaN,NaN,NaN,NaN,370.610000,302.040000
NaN,NaN,NaN,NaN,370.620000,302.030000
NaN,NaN,NaN,NaN,370.610000,302.030000
NaN,NaN,NaN,NaN,370.610000,302.030000
NaN,NaN,NaN,NaN,370.600000,302.060000
NaN,NaN,NaN,NaN,370.600000,302.040000
NaN,NaN,NaN,NaN,370.550000,302.050000
NaN,NaN,NaN,NaN,370.570000,302.040000
NaN,NaN,NaN,NaN,370.590000,302.060000
NaN,NaN,NaN,NaN,370.590000,302.040000
NaN,NaN,NaN,NaN,370.580000,302.050000
NaN,NaN,NaN,NaN,370.610000,302.050000
NaN,NaN,NaN,NaN,370.610000,302.030000
NaN,NaN,NaN,NaN,370.600000,302.060000
NaN,NaN,NaN,NaN,370.590000,302.050000
NaN,NaN,NaN,NaN,370.570000,302.040000
NaN,NaN,NaN,NaN,370.570000,302.040000
NaN,NaN,NaN,NaN,370.550000,302.050000
NaN,NaN,NaN,NaN,370.500000,302.040000
NaN,NaN,NaN,NaN,369.920000,302.000000
NaN,NaN,NaN,NaN,369.250000,301.960000
NaN,NaN,NaN,NaN,369.260000,301.970000
NaN,NaN,NaN,NaN,369.230000,301.950000
NaN,NaN,NaN,NaN,369.240000,301.950000
NaN,NaN,NaN,NaN,369.250000,301.950000
NaN,NaN,NaN,NaN,369.230000,301.950000
NaN,NaN,NaN,NaN,369.180000,301.960000
NaN,NaN,NaN,NaN,369.220000,301.950000
NaN,NaN,NaN,NaN,369.210000,301.960000
NaN,NaN,NaN,NaN,369.190000,301.960000
NaN,NaN,NaN,NaN,369.190000,301.950000
NaN,NaN,NaN,NaN,369.170000,301.950000
NaN,NaN,NaN,NaN,369.190000,301.940000
NaN,NaN,NaN,NaN,369.190000,301.930000
NaN,NaN,NaN,NaN,369.190000,301.950000
NaN,NaN,NaN,NaN,369.190000,301.950000
NaN,NaN,NaN,NaN,369.180000,301.940000
NaN,NaN,NaN,NaN,369.170000,301.950000
NaN,NaN,NaN,NaN,369.170000,301.940000
NaN,NaN,NaN,NaN,369.160000,301.940000
NaN,NaN,NaN,NaN,369.170000,301.930000
NaN,NaN,NaN,NaN,369.150000,301.950000
NaN,NaN,NaN,NaN,369.160000,301.950000
NaN,NaN,NaN,NaN,369.170000,301.940000
NaN,NaN,NaN,NaN,369.180000,301.930000
NaN,NaN,NaN,NaN,369.170000,301.920000
NaN,NaN,NaN,NaN,369.180000,301.940000
NaN,NaN,NaN,NaN,369.170000,301.940000
NaN,NaN,NaN,NaN,369.180000,301.940000
NaN,NaN,NaN,NaN,369.150000,301.950000
NaN,NaN,NaN,NaN,369.160000,301.950000
NaN,NaN,NaN,NaN,369.180000,301.950000
NaN,NaN,NaN,NaN,369.150000,301.960000
NaN,NaN,NaN,NaN,369.170000,301.950000
NaN,NaN,NaN,NaN,369.140000,301.960000
NaN,NaN,NaN,NaN,369.140000,301.950000
NaN,NaN,NaN,NaN,369.100000,301.940000
NaN,NaN,NaN,NaN,369.130000,301.950000
NaN,NaN,NaN,NaN,369.120000,301.950000
NaN,NaN,NaN,NaN,369.140000,301.950000
NaN,NaN,NaN,NaN,369.110000,301.950000
NaN,NaN,NaN,NaN,369.100000,301.920000
NaN,NaN,NaN,NaN,369.130000,301.940000
NaN,NaN,NaN,NaN,369.110000,301.940000
NaN,NaN,NaN,NaN,369.130000,301.920000
NaN,NaN,NaN,NaN,369.150000,301.920000
NaN,NaN,NaN,NaN,369.120000,301.910000
NaN,NaN,NaN,NaN,369.120000,301.910000
NaN,NaN,NaN,NaN,369.120000,301.890000
NaN,NaN,NaN,NaN,369.100000,301.890000
NaN,NaN,NaN,NaN,369.070000,301.900000
NaN,NaN,NaN,NaN,369.130000,301.900000
NaN,NaN,NaN,NaN,369.140000,301.910000
NaN,NaN,NaN,NaN,369.150000,301.920000
NaN,NaN,NaN,NaN,369.160000,301.910000
NaN,NaN,NaN,NaN,369.180000,301.930000
NaN,NaN,NaN,NaN,369.150000,301.930000
NaN,NaN,NaN,NaN,369.130000,301.900000
NaN,NaN,NaN,NaN,369.130000,301.890000
NaN,NaN,NaN,NaN,369.110000,301.900000
NaN,NaN,NaN,NaN,369.110000,301.920000
NaN,NaN,NaN,NaN,369.120000,301.910000
NaN,NaN,NaN,NaN,369.140000,301.900000
NaN,NaN,NaN,NaN,369.130000,301.910000
NaN,NaN,NaN,NaN,369.140000,301.910000
NaN,NaN,NaN,NaN,369.130000,301.890000
NaN,NaN,NaN,NaN,369.120000,301.930000
NaN,NaN,NaN,NaN,369.110000,301.890000
NaN,NaN,NaN,NaN,369.140000,301.880000
NaN,NaN,NaN,NaN,369.140000,301.890000
NaN,NaN,NaN,NaN,369.140000,301.890000
NaN,NaN,NaN,NaN,369.150000,301.880000
NaN,NaN,NaN,NaN,369.140000,301.880000
NaN,NaN,NaN,NaN,369.150000,301.890000
NaN,NaN,NaN,NaN,369.150000,301.870000
NaN,NaN,NaN,NaN,369.140000,301.860000
NaN,NaN,NaN,NaN,369.150000,301.880000
NaN,NaN,NaN,NaN,369.140000,301.870000
NaN,NaN,NaN,NaN,369.130000,301.870000
NaN,NaN,NaN,NaN,369.120000,301.870000
NaN,NaN,NaN,NaN,369.130000,301.860000
NaN,NaN,NaN,NaN,369.140000,301.850000
NaN,NaN,NaN,NaN,369.120000,301.870000
NaN,NaN,NaN,NaN,369.120000,301.880000
NaN,NaN,NaN,NaN,369.130000,301.870000
NaN,NaN,NaN,NaN,369.140000,301.860000
NaN,NaN,NaN,NaN,369.150000,301.870000
NaN,NaN,NaN,NaN,369.130000,301.860000
NaN,NaN,NaN,NaN,369.160000,301.850000
NaN,NaN,NaN,NaN,369.150000,301.850000
NaN,NaN,NaN,NaN,369.150000,301.840000
NaN,NaN,NaN,NaN,369.130000,301.860000
NaN,NaN,NaN,NaN,369.120000,301.870000
NaN,NaN,NaN,NaN,369.120000,301.850000
NaN,NaN,NaN,NaN,369.130000,301.860000
NaN,NaN,NaN,NaN,369.150000,301.840000
NaN,NaN,NaN,NaN,369.090000,301.850000
NaN,NaN,NaN,NaN,369.100000,301.840000
NaN,NaN,NaN,NaN,369.110000,301.830000
NaN,NaN,NaN,NaN,369.130000,301.830000
NaN,NaN,NaN,NaN,369.150000,301.820000
NaN,NaN,NaN,NaN,369.130000,301.820000
NaN,NaN,NaN,NaN,369.120000,301.820000
NaN,NaN,NaN,NaN,369.120000,301.820000
NaN,NaN,NaN,NaN,369.130000,301.810000
NaN,NaN,NaN,NaN,369.130000,301.830000
NaN,NaN,NaN,NaN,369.110000,301.840000
NaN,NaN,NaN,NaN,369.100000,301.810000
NaN,NaN,NaN,NaN,369.090000,301.800000
NaN,NaN,NaN,NaN,369.110000,301.810000
NaN,NaN,NaN,NaN,369.100000,301.810000
NaN,NaN,NaN,NaN,369.080000,301.810000
NaN,NaN,NaN,NaN,369.090000,301.800000
NaN,NaN,NaN,NaN,369.090000,301.810000
NaN,NaN,NaN,NaN,369.090000,301.820000
NaN,NaN,NaN,NaN,369.080000,301.800000
NaN,NaN,NaN,NaN,369.080000,301.800000
NaN,NaN,NaN,NaN,369.060000,301.810000
NaN,NaN,NaN,NaN,369.080000,301.800000
NaN,NaN,NaN,NaN,369.090000,301.820000
NaN,NaN,NaN,NaN,369.070000,301.790000
NaN,NaN,NaN,NaN,369.080000,301.800000
NaN,NaN,NaN,NaN,369.100000,301.830000
NaN,NaN,NaN,NaN,369.090000,301.810000
NaN,NaN,NaN,NaN,369.060000,301.810000
NaN,NaN,NaN,NaN,369.050000,301.800000
NaN,NaN,NaN,NaN,369.040000,301.840000
NaN,NaN,NaN,NaN,369.050000,301.830000
NaN,NaN,NaN,NaN,369.070000,301.820000
NaN,NaN,NaN,NaN,369.060000,301.820000
NaN,NaN,NaN,NaN,369.050000,301.820000
NaN,NaN,NaN,NaN,369.050000,301.820000
NaN,NaN,NaN,NaN,369.040000,301.800000
NaN,NaN,NaN,NaN,369.060000,301.830000
NaN,NaN,NaN,NaN,369.070000,301.830000
NaN,NaN,NaN,NaN,369.060000,301.820000
NaN,NaN,NaN,NaN,369.060000,301.810000
NaN,NaN,NaN,NaN,369.060000,301.820000
NaN,NaN,NaN,NaN,369.060000,301.820000
NaN,NaN,NaN,NaN,369.060000,301.830000
NaN,NaN,NaN,NaN,369.050000,301.830000
NaN,NaN,NaN,NaN,368.990000,301.800000
NaN,NaN,NaN,NaN,369.020000,301.810000
NaN,NaN,NaN,NaN,369.020000,301.850000
NaN,NaN,NaN,NaN,369.000000,301.830000
NaN,NaN,NaN,NaN,369.010000,301.830000
NaN,NaN,NaN,NaN,369.020000,301.840000
NaN,NaN,NaN,NaN,369.000000,301.820000
NaN,NaN,NaN,NaN,369.010000,301.830000
NaN,NaN,NaN,NaN,369.030000,301.820000
NaN,NaN,NaN,NaN,369.010000,301.810000
NaN,NaN,NaN,NaN,369.030000,301.810000
NaN,NaN,NaN,NaN,369.020000,301.820000
NaN,NaN,NaN,NaN,369.000000,301.830000
NaN,NaN,NaN,NaN,369.000000,301.840000
NaN,NaN,NaN,NaN,369.010000,301.840000
NaN,NaN,NaN,NaN,368.990000,301.820000
NaN,NaN,NaN,NaN,369.020000,301.810000
NaN,NaN,NaN,NaN,369.000000,301.830000
NaN,NaN,NaN,NaN,369.010000,301.850000
NaN,NaN,NaN,NaN,369.010000,301.840000
NaN,NaN,NaN,NaN,369.000000,301.840000
NaN,NaN,NaN,NaN,368.970000,301.830000
NaN,NaN,NaN,NaN,368.990000,301.830000
NaN,NaN,NaN,NaN,369.000000,301.840000
NaN,NaN,NaN,NaN,369.000000,301.830000
NaN,NaN,NaN,NaN,368.970000,301.830000
NaN,NaN,NaN,NaN,368.980000,301.830000
NaN,NaN,NaN,NaN,368.970000,301.810000
NaN,NaN,NaN,NaN,368.970000,301.820000
NaN,NaN,NaN,NaN,368.960000,301.830000
NaN,NaN,NaN,NaN,368.970000,301.850000
NaN,NaN,NaN,NaN,368.970000,301.860000
NaN,NaN,NaN,NaN,368.960000,301.870000
NaN,NaN,NaN,NaN,368.960000,301.840000
NaN,NaN,NaN,NaN,368.970000,301.860000
NaN,NaN,NaN,NaN,368.940000,301.850000
NaN,NaN,NaN,NaN,368.940000,301.840000
NaN,NaN,NaN,NaN,368.940000,301.850000
NaN,NaN,NaN,NaN,368.970000,301.840000
NaN,NaN,NaN,NaN,368.960000,301.830000
NaN,NaN,NaN,NaN,368.930000,301.820000
NaN,NaN,NaN,NaN,368.930000,301.840000
NaN,NaN,NaN,NaN,368.930000,301.820000
NaN,NaN,NaN,NaN,368.900000,301.840000
NaN,NaN,NaN,NaN,368.910000,301.860000
NaN,NaN,NaN,NaN,368.940000,301.870000
NaN,NaN,NaN,NaN,368.930000,301.860000
NaN,NaN,NaN,NaN,368.940000,301.840000
NaN,NaN,NaN,NaN,368.900000,301.840000
NaN,NaN,NaN,NaN,368.920000,301.830000
NaN,NaN,NaN,NaN,368.900000,301.820000
NaN,NaN,NaN,NaN,368.930000,301.820000
NaN,NaN,NaN,NaN,368.920000,301.830000
NaN,NaN,NaN,NaN,368.910000,301.830000
NaN,NaN,NaN,NaN,368.920000,301.840000
NaN,NaN,NaN,NaN,368.920000,301.810000
NaN,NaN,NaN,NaN,368.920000,301.830000
NaN,NaN,NaN,NaN,368.920000,301.840000
NaN,NaN,NaN,NaN,368.910000,301.820000
NaN,NaN,NaN,NaN,368.920000,301.830000
NaN,NaN,NaN,NaN,368.920000,301.780000
NaN,NaN,NaN,NaN,368.930000,301.790000
NaN,NaN,NaN,NaN,368.890000,301.800000
NaN,NaN,NaN,NaN,368.890000,301.810000
NaN,NaN,NaN,NaN,368.880000,301.800000
NaN,NaN,NaN,NaN,368.890000,301.810000
NaN,NaN,NaN,NaN,368.900000,301.820000
NaN,NaN,NaN,NaN,368.910000,301.830000
NaN,NaN,NaN,NaN,368.900000,301.810000
NaN,NaN,NaN,NaN,368.890000,301.820000
NaN,NaN,NaN,NaN,368.870000,301.800000
NaN,NaN,NaN,NaN,368.880000,301.800000
NaN,NaN,NaN,NaN,368.920000,301.810000
NaN,NaN,NaN,NaN,368.920000,301.800000
NaN,NaN,NaN,NaN,368.910000,301.790000
NaN,NaN,NaN,NaN,368.860000,301.780000
NaN,NaN,NaN,NaN,368.900000,301.800000
NaN,NaN,NaN,NaN,368.890000,301.800000
NaN,NaN,NaN,NaN,368.880000,301.780000
NaN,NaN,NaN,NaN,368.890000,301.800000
NaN,NaN,NaN,NaN,368.920000,301.770000
NaN,NaN,NaN,NaN,368.940000,301.770000
NaN,NaN,NaN,NaN,368.930000,301.800000
NaN,NaN,NaN,NaN,368.900000,301.790000
NaN,NaN,NaN,NaN,368.890000,301.790000
NaN,NaN,NaN,NaN,368.900000,301.780000
NaN,NaN,NaN,NaN,368.880000,301.770000
NaN,NaN,NaN,NaN,368.850000,301.760000
NaN,NaN,NaN,NaN,368.860000,301.760000
NaN,NaN,NaN,NaN,368.870000,301.760000
NaN,NaN,NaN,NaN,368.890000,301.830000
NaN,NaN,NaN,NaN,368.900000,301.840000
NaN,NaN,NaN,NaN,368.900000,301.790000
NaN,NaN,NaN,NaN,368.910000,301.790000
NaN,NaN,NaN,NaN,368.910000,301.770000
NaN,NaN,NaN,NaN,368.900000,301.780000
NaN,NaN,NaN,NaN,368.900000,301.790000
NaN,NaN,NaN,NaN,368.900000,301.770000
NaN,NaN,NaN,NaN,368.890000,301.790000
NaN,NaN,NaN,NaN,368.890000,301.770000
NaN,NaN,NaN,NaN,368.890000,301.790000
NaN,NaN,NaN,NaN,368.890000,301.790000
NaN,NaN,NaN,NaN,368.860000,301.790000
NaN,NaN,NaN,NaN,368.880000,301.780000
NaN,NaN,NaN,NaN,368.840000,301.760000
NaN,NaN,NaN,NaN,368.870000,301.770000
NaN,NaN,NaN,NaN,368.910000,301.790000
NaN,NaN,NaN,NaN,368.870000,301.760000
NaN,NaN,NaN,NaN,368.870000,301.790000
NaN,NaN,NaN,NaN,368.830000,301.790000
NaN,NaN,NaN,NaN,368.860000,301.760000
NaN,NaN,NaN,NaN,368.850000,301.740000
NaN,NaN,NaN,NaN,368.880000,301.730000
NaN,NaN,NaN,NaN,368.880000,301.740000
NaN,NaN,NaN,NaN,368.880000,301.740000
NaN,NaN,NaN,NaN,368.860000,301.750000
NaN,NaN,NaN,NaN,368.880000,301.730000
NaN,NaN,NaN,NaN,368.870000,301.740000
NaN,NaN,NaN,NaN,368.850000,301.740000
NaN,NaN,NaN,NaN,368.870000,301.740000
NaN,NaN,NaN,NaN,368.820000,301.760000
NaN,NaN,NaN,NaN,368.820000,301.790000
NaN,NaN,NaN,NaN,368.870000,301.770000
NaN,NaN,NaN,NaN,368.860000,301.770000
NaN,NaN,NaN,NaN,368.860000,301.780000
NaN,NaN,NaN,NaN,368.850000,301.760000
NaN,NaN,NaN,NaN,368.850000,301.770000
NaN,NaN,NaN,NaN,368.840000,301.730000
NaN,NaN,NaN,NaN,368.830000,301.700000
NaN,NaN,NaN,NaN,368.810000,301.720000
NaN,NaN,NaN,NaN,368.830000,301.720000
NaN,NaN,NaN,NaN,368.830000,301.700000
NaN,NaN,NaN,NaN,368.840000,301.730000
NaN,NaN,NaN,NaN,368.820000,301.710000
NaN,NaN,NaN,NaN,368.840000,301.710000
NaN,NaN,NaN,NaN,368.840000,301.670000
NaN,NaN,NaN,NaN,368.810000,301.690000
NaN,NaN,NaN,NaN,368.720000,301.710000
NaN,NaN,NaN,NaN,368.780000,301.710000
NaN,NaN,NaN,NaN,368.800000,301.730000
NaN,NaN,NaN,NaN,368.820000,301.730000
NaN,NaN,NaN,NaN,368.810000,301.730000
NaN,NaN,NaN,NaN,368.820000,301.720000
NaN,NaN,NaN,NaN,368.800000,301.690000
NaN,NaN,NaN,NaN,368.800000,301.690000
NaN,NaN,NaN,NaN,368.760000,301.670000
NaN,NaN,NaN,NaN,368.750000,301.660000
NaN,NaN,NaN,NaN,368.750000,301.680000
NaN,NaN,NaN,NaN,368.760000,301.690000
NaN,NaN,NaN,NaN,368.770000,301.650000
NaN,NaN,NaN,NaN,368.770000,301.740000
NaN,NaN,NaN,NaN,368.780000,301.690000
NaN,NaN,NaN,NaN,368.780000,301.680000
NaN,NaN,NaN,NaN,368.780000,301.660000
NaN,NaN,NaN,NaN,368.780000,301.660000
NaN,NaN,NaN,NaN,368.810000,301.670000
NaN,NaN,NaN,NaN,368.770000,301.670000
NaN,NaN,NaN,NaN,368.740000,301.660000
NaN,NaN,NaN,NaN,368.760000,301.670000
NaN,NaN,NaN,NaN,369.679864,302.288898
NaN,NaN,NaN,NaN,370.030000,302.460000
NaN,NaN,NaN,NaN,370.010000,302.500000
NaN,NaN,NaN,NaN,370.020000,302.500000
NaN,NaN,NaN,NaN,370.010000,302.540000
NaN,NaN,NaN,NaN,370.020000,302.530000
NaN,NaN,NaN,NaN,370.000000,302.620000
NaN,NaN,NaN,NaN,370.000000,302.620000
NaN,NaN,NaN,NaN,369.990000,302.630000
NaN,NaN,NaN,NaN,369.980000,302.640000
NaN,NaN,NaN,NaN,369.990000,302.640000
NaN,NaN,NaN,NaN,369.980000,302.630000
NaN,NaN,NaN,NaN,369.990000,302.600000
NaN,NaN,NaN,NaN,369.980000,302.600000
NaN,NaN,NaN,NaN,369.980000,302.600000
NaN,NaN,NaN,NaN,369.970000,302.610000
NaN,NaN,NaN,NaN,369.970000,302.600000
NaN,NaN,NaN,NaN,369.960000,302.620000
NaN,NaN,NaN,NaN,369.970000,302.610000
NaN,NaN,NaN,NaN,369.990000,302.570000
NaN,NaN,NaN,NaN,369.980000,302.550000
NaN,NaN,NaN,NaN,369.940000,302.610000
NaN,NaN,NaN,NaN,369.960000,302.620000
NaN,NaN,NaN,NaN,369.960000,302.600000
NaN,NaN,NaN,NaN,369.950000,302.580000
NaN,NaN,NaN,NaN,369.960000,302.570000
NaN,NaN,NaN,NaN,369.930000,302.590000
NaN,NaN,NaN,NaN,369.950000,302.630000
NaN,NaN,NaN,NaN,369.950000,302.580000
NaN,NaN,NaN,NaN,369.940000,302.610000
NaN,NaN,NaN,NaN,369.930000,302.640000
NaN,NaN,NaN,NaN,369.930000,302.630000
NaN,NaN,NaN,NaN,369.930000,302.600000
NaN,NaN,NaN,NaN,369.920000,302.570000
NaN,NaN,NaN,NaN,369.920000,302.610000
NaN,NaN,NaN,NaN,369.920000,302.570000
NaN,NaN,NaN,NaN,369.930000,302.610000
NaN,NaN,NaN,NaN,369.910000,302.580000
NaN,NaN,NaN,NaN,369.910000,302.560000
NaN,NaN,NaN,NaN,369.890000,302.550000
NaN,NaN,NaN,NaN,369.890000,302.540000
NaN,NaN,NaN,NaN,369.900000,302.560000
NaN,NaN,NaN,NaN,369.890000,302.530000
NaN,NaN,NaN,NaN,369.880000,302.500000
NaN,NaN,NaN,NaN,369.840000,301.950000
NaN,NaN,NaN,NaN,369.820000,301.950000
NaN,NaN,NaN,NaN,369.820000,301.950000
NaN,NaN,NaN,NaN,369.830000,301.940000
NaN,NaN,NaN,NaN,369.830000,301.940000
NaN,NaN,NaN,NaN,369.810000,301.940000
NaN,NaN,NaN,NaN,369.820000,301.940000
NaN,NaN,NaN,NaN,369.800000,301.960000
NaN,NaN,NaN,NaN,369.780000,301.940000
NaN,NaN,NaN,NaN,369.800000,301.930000
NaN,NaN,NaN,NaN,369.820000,301.910000
NaN,NaN,NaN,NaN,369.800000,301.920000
NaN,NaN,NaN,NaN,369.800000,301.930000
NaN,NaN,NaN,NaN,369.810000,301.910000
NaN,NaN,NaN,NaN,369.790000,301.910000
NaN,NaN,NaN,NaN,369.810000,301.910000
NaN,NaN,NaN,NaN,369.800000,301.930000
NaN,NaN,NaN,NaN,369.780000,301.930000
NaN,NaN,NaN,NaN,369.790000,301.920000
NaN,NaN,NaN,NaN,369.790000,301.930000
NaN,NaN,NaN,NaN,369.780000,301.920000
NaN,NaN,NaN,NaN,369.780000,301.920000
NaN,NaN,NaN,NaN,369.800000,301.940000
NaN,NaN,NaN,NaN,369.800000,301.940000
NaN,NaN,NaN,NaN,369.790000,301.930000
NaN,NaN,NaN,NaN,369.800000,301.940000
NaN,NaN,NaN,NaN,369.800000,301.940000
NaN,NaN,NaN,NaN,369.780000,301.930000
NaN,NaN,NaN,NaN,369.760000,301.930000
NaN,NaN,NaN,NaN,369.780000,301.930000
NaN,NaN,NaN,NaN,369.780000,301.930000
NaN,NaN,NaN,NaN,369.770000,301.930000
NaN,NaN,NaN,NaN,369.770000,301.940000
NaN,NaN,NaN,NaN,369.780000,301.940000
NaN,NaN,NaN,NaN,369.770000,301.940000
NaN,NaN,NaN,NaN,369.760000,301.930000
NaN,NaN,NaN,NaN,369.750000,301.940000
NaN,NaN,NaN,NaN,369.760000,301.950000
NaN,NaN,NaN,NaN,369.760000,301.940000
NaN,NaN,NaN,NaN,369.760000,301.930000
NaN,NaN,NaN,NaN,369.750000,301.930000
NaN,NaN,NaN,NaN,369.750000,301.930000
NaN,NaN,NaN,NaN,369.760000,301.940000
NaN,NaN,NaN,NaN,369.750000,301.940000
NaN,NaN,NaN,NaN,369.750000,301.960000
NaN,NaN,NaN,NaN,369.720000,301.940000
NaN,NaN,NaN,NaN,369.730000,301.940000
NaN,NaN,NaN,NaN,369.730000,301.940000
NaN,NaN,NaN,NaN,369.730000,301.940000
NaN,NaN,NaN,NaN,369.720000,301.930000
NaN,NaN,NaN,NaN,369.720000,301.930000
NaN,NaN,NaN,NaN,369.740000,301.950000
NaN,NaN,NaN,NaN,369.730000,301.950000
NaN,NaN,NaN,NaN,369.720000,301.950000
NaN,NaN,NaN,NaN,369.720000,301.930000
NaN,NaN,NaN,NaN,369.740000,301.940000
NaN,NaN,NaN,NaN,369.720000,301.960000
NaN,NaN,NaN,NaN,369.730000,301.940000
NaN,NaN,NaN,NaN,369.720000,301.940000
NaN,NaN,NaN,NaN,369.720000,301.940000
NaN,NaN,NaN,NaN,369.700000,301.920000
NaN,NaN,NaN,NaN,369.700000,301.920000
NaN,NaN,NaN,NaN,369.720000,301.930000
NaN,NaN,NaN,NaN,369.700000,301.920000
NaN,NaN,NaN,NaN,369.680000,301.920000
NaN,NaN,NaN,NaN,369.670000,301.930000
NaN,NaN,NaN,NaN,369.660000,301.930000
NaN,NaN,NaN,NaN,369.700000,301.950000
NaN,NaN,NaN,NaN,369.710000,301.930000
NaN,NaN,NaN,NaN,369.710000,301.940000
NaN,NaN,NaN,NaN,369.700000,301.920000
NaN,NaN,NaN,NaN,369.700000,301.940000
NaN,NaN,NaN,NaN,369.710000,301.950000
NaN,NaN,NaN,NaN,369.700000,301.960000
NaN,NaN,NaN,NaN,369.700000,301.940000
NaN,NaN,NaN,NaN,369.690000,301.950000
NaN,NaN,NaN,NaN,369.700000,301.940000
NaN,NaN,NaN,NaN,369.710000,301.940000
NaN,NaN,NaN,NaN,369.700000,301.940000
NaN,NaN,NaN,NaN,369.690000,301.950000
NaN,NaN,NaN,NaN,369.700000,301.950000
NaN,NaN,NaN,NaN,369.710000,301.930000
NaN,NaN,NaN,NaN,369.680000,301.960000
NaN,NaN,NaN,NaN,369.700000,301.970000
NaN,NaN,NaN,NaN,369.700000,301.960000
NaN,NaN,NaN,NaN,369.700000,301.950000
NaN,NaN,NaN,NaN,369.700000,301.950000
NaN,NaN,NaN,NaN,369.690000,301.960000
NaN,NaN,NaN,NaN,369.690000,301.960000
NaN,NaN,NaN,NaN,369.690000,301.960000
NaN,NaN,NaN,NaN,369.700000,301.970000
NaN,NaN,NaN,NaN,369.680000,301.990000
NaN,NaN,NaN,NaN,369.680000,301.980000
NaN,NaN,NaN,NaN,369.690000,301.970000
NaN,NaN,NaN,NaN,369.680000,301.950000
NaN,NaN,NaN,NaN,369.680000,301.970000
NaN,NaN,NaN,NaN,369.680000,301.960000
NaN,NaN,NaN,NaN,369.710000,301.970000
NaN,NaN,NaN,NaN,369.680000,301.960000
NaN,NaN,NaN,NaN,369.690000,301.980000
NaN,NaN,NaN,NaN,369.670000,301.980000
NaN,NaN,NaN,NaN,369.670000,301.980000
NaN,NaN,NaN,NaN,369.680000,301.980000
NaN,NaN,NaN,NaN,369.660000,301.990000
NaN,NaN,NaN,NaN,369.680000,301.990000
NaN,NaN,NaN,NaN,369.670000,302.000000
NaN,NaN,NaN,NaN,369.680000,301.990000
NaN,NaN,NaN,NaN,369.670000,302.000000
NaN,NaN,NaN,NaN,369.690000,302.010000
NaN,NaN,NaN,NaN,369.680000,302.000000
NaN,NaN,NaN,NaN,369.690000,301.990000
NaN,NaN,NaN,NaN,369.690000,302.000000
NaN,NaN,NaN,NaN,369.670000,302.000000
NaN,NaN,NaN,NaN,369.690000,302.020000
NaN,NaN,NaN,NaN,369.670000,302.020000
NaN,NaN,NaN,NaN,369.670000,302.020000
NaN,NaN,NaN,NaN,369.680000,302.020000
NaN,NaN,NaN,NaN,369.670000,302.020000
NaN,NaN,NaN,NaN,369.670000,302.040000
NaN,NaN,NaN,NaN,369.680000,302.030000
NaN,NaN,NaN,NaN,369.690000,302.020000
NaN,NaN,NaN,NaN,369.660000,302.040000
NaN,NaN,NaN,NaN,369.680000,302.040000
NaN,NaN,NaN,NaN,369.670000,302.040000
NaN,NaN,NaN,NaN,369.670000,302.030000
NaN,NaN,NaN,NaN,369.650000,302.050000
NaN,NaN,NaN,NaN,369.660000,302.070000
NaN,NaN,NaN,NaN,369.670000,302.070000
NaN,NaN,NaN,NaN,369.670000,302.050000
NaN,NaN,NaN,NaN,369.680000,302.070000
NaN,NaN,NaN,NaN,369.680000,302.070000
NaN,NaN,NaN,NaN,369.670000,302.080000
NaN,NaN,NaN,NaN,369.680000,302.080000
NaN,NaN,NaN,NaN,369.670000,302.080000
NaN,NaN,NaN,NaN,369.670000,302.070000
NaN,NaN,NaN,NaN,369.680000,302.080000
NaN,NaN,491.916002,340.208897,369.680000,302.090000
NaN,NaN,492.359192,339.777307,369.640000,302.090000
NaN,NaN,492.000000,340.010000,369.650000,302.100000
NaN,NaN,491.990000,340.010000,369.650000,302.100000
NaN,NaN,492.000000,340.000000,369.650000,302.120000
NaN,NaN,492.000000,340.000000,369.660000,302.120000
NaN,NaN,492.000000,340.010000,369.640000,302.140000
NaN,NaN,491.990000,340.010000,369.650000,302.140000
NaN,NaN,491.990000,340.000000,369.640000,302.100000
NaN,NaN,491.990000,340.000000,369.650000,302.110000
NaN,NaN,491.990000,340.010000,369.640000,302.110000
NaN,NaN,491.990000,340.000000,369.630000,302.120000
NaN,NaN,492.000000,340.000000,369.620000,302.120000
NaN,NaN,491.990000,340.010000,369.640000,302.120000
NaN,NaN,492.000000,340.010000,369.660000,302.120000
NaN,NaN,492.000000,340.010000,369.630000,302.140000
NaN,NaN,491.990000,340.000000,369.640000,302.150000
NaN,NaN,491.980000,340.000000,369.640000,302.150000
NaN,NaN,491.990000,340.000000,369.660000,302.140000
NaN,NaN,492.000000,340.010000,369.650000,302.150000
NaN,NaN,492.000000,340.000000,369.630000,302.150000
NaN,NaN,492.000000,340.010000,369.620000,302.160000
NaN,NaN,492.000000,340.000000,369.640000,302.160000
NaN,NaN,491.990000,340.000000,369.640000,302.170000
NaN,NaN,491.990000,340.000000,369.620000,302.170000
NaN,NaN,491.990000,340.000000,369.610000,302.170000
NaN,NaN,492.000000,340.000000,369.640000,302.160000
NaN,NaN,491.990000,340.010000,369.620000,302.170000
NaN,NaN,491.990000,340.000000,369.620000,302.190000
NaN,NaN,491.990000,340.010000,369.620000,302.170000
NaN,NaN,491.990000,340.010000,369.620000,302.170000
NaN,NaN,491.990000,340.010000,369.630000,302.190000
NaN,NaN,491.980000,340.010000,369.630000,302.180000
NaN,NaN,491.990000,340.000000,369.620000,302.170000
NaN,NaN,491.990000,340.010000,369.610000,302.190000
NaN,NaN,491.990000,340.010000,369.610000,302.170000
NaN,NaN,492.000000,340.000000,369.620000,302.210000
NaN,NaN,492.000000,340.000000,369.600000,302.200000
NaN,NaN,492.000000,340.010000,369.600000,302.200000
NaN,NaN,492.000000,340.010000,369.590000,302.220000
NaN,NaN,492.000000,340.010000,369.610000,302.210000
NaN,NaN,491.990000,340.010000,369.590000,302.220000
NaN,NaN,491.990000,340.000000,369.600000,302.210000
NaN,NaN,491.990000,340.000000,369.600000,302.210000
NaN,NaN,491.990000,340.000000,369.600000,302.200000
NaN,NaN,491.990000,340.010000,369.600000,302.210000
NaN,NaN,491.990000,340.010000,369.590000,302.220000
NaN,NaN,492.000000,340.010000,369.600000,302.230000
NaN,NaN,491.990000,340.010000,369.580000,302.220000
NaN,NaN,492.000000,340.000000,369.590000,302.230000
NaN,NaN,491.990000,340.010000,369.600000,302.220000
NaN,NaN,492.000000,340.000000,369.590000,302.200000
NaN,NaN,491.990000,340.010000,369.600000,302.200000
NaN,NaN,491.990000,340.010000,369.590000,302.220000
NaN,NaN,491.980000,340.000000,369.600000,302.250000
NaN,NaN,491.980000,340.010000,369.540000,302.260000
NaN,NaN,491.980000,340.010000,368.810000,302.220000
NaN,NaN,491.980000,340.010000,367.990000,302.210000
NaN,NaN,491.980000,340.010000,367.200000,302.190000
NaN,NaN,491.980000,340.010000,366.540000,302.140000
NaN,NaN,491.980000,340.010000,366.530000,302.170000
NaN,NaN,491.980000,340.010000,370.205126,302.288898
NaN,NaN,491.990000,340.010000,370.360000,302.010000
NaN,NaN,491.990000,340.010000,370.720000,302.050000
NaN,NaN,491.970000,340.010000,370.740000,302.060000
NaN,NaN,491.980000,340.000000,370.750000,302.070000
NaN,NaN,491.980000,340.010000,370.810000,302.060000
NaN,NaN,491.990000,340.000000,370.810000,302.050000
NaN,NaN,491.990000,340.010000,370.790000,302.050000
NaN,NaN,491.980000,340.000000,370.790000,302.060000
NaN,NaN,491.980000,340.000000,370.790000,302.070000
NaN,NaN,491.980000,340.010000,370.770000,302.060000
NaN,NaN,491.980000,340.010000,370.780000,302.060000
NaN,NaN,491.980000,340.000000,370.780000,302.090000
NaN,NaN,491.980000,340.010000,370.780000,302.070000
NaN,NaN,491.980000,340.000000,370.780000,302.050000
NaN,NaN,491.980000,340.000000,370.780000,302.060000
NaN,NaN,491.990000,340.000000,370.780000,302.060000
NaN,NaN,491.980000,340.000000,370.780000,302.070000
NaN,NaN,491.980000,340.000000,370.770000,302.060000
NaN,NaN,491.970000,340.000000,370.770000,302.070000
NaN,NaN,491.980000,340.010000,370.770000,302.030000
NaN,NaN,491.960000,340.000000,370.750000,302.050000
NaN,NaN,491.960000,340.000000,370.760000,302.050000
NaN,NaN,491.970000,340.000000,370.760000,302.050000
NaN,NaN,491.960000,340.000000,370.750000,302.030000
NaN,NaN,491.960000,340.000000,370.780000,302.060000
NaN,NaN,491.970000,339.990000,370.780000,302.080000
NaN,NaN,491.960000,339.990000,370.760000,302.050000
NaN,NaN,491.960000,340.000000,370.760000,302.060000
NaN,NaN,491.960000,340.010000,370.770000,302.070000
NaN,NaN,491.950000,340.010000,370.760000,302.070000
NaN,NaN,491.960000,340.010000,370.740000,302.070000
NaN,NaN,491.950000,340.000000,370.740000,302.060000
NaN,NaN,491.940000,339.990000,370.760000,302.070000
NaN,NaN,491.950000,340.000000,370.750000,302.060000
NaN,NaN,491.940000,340.020000,370.770000,302.100000
NaN,NaN,491.930000,340.020000,370.750000,302.090000
NaN,NaN,491.900000,340.010000,370.740000,302.080000
NaN,NaN,491.920000,340.010000,370.750000,302.070000
NaN,NaN,491.900000,340.010000,370.740000,302.050000
NaN,NaN,491.890000,340.020000,370.750000,302.070000
NaN,NaN,491.890000,340.020000,370.750000,302.070000
NaN,NaN,491.890000,340.020000,370.730000,302.080000
NaN,NaN,491.890000,340.020000,370.720000,302.070000
NaN,NaN,491.890000,340.020000,370.730000,302.060000
NaN,NaN,491.880000,340.030000,370.730000,302.060000
NaN,NaN,491.870000,340.020000,370.740000,302.060000
NaN,NaN,491.860000,340.030000,370.730000,302.070000
NaN,NaN,491.860000,340.040000,370.730000,302.080000
NaN,NaN,491.860000,340.040000,370.720000,302.080000
NaN,NaN,491.860000,340.040000,370.730000,302.070000
NaN,NaN,491.850000,340.040000,370.720000,302.070000
NaN,NaN,491.840000,340.040000,370.710000,302.090000
NaN,NaN,491.820000,340.040000,370.700000,302.080000
NaN,NaN,491.820000,340.040000,370.720000,302.070000
NaN,NaN,491.800000,340.050000,370.710000,302.070000
NaN,NaN,491.800000,340.050000,370.700000,302.070000
NaN,NaN,491.790000,340.060000,370.720000,302.070000
NaN,NaN,491.800000,340.060000,370.720000,302.070000
NaN,NaN,491.800000,340.060000,370.690000,302.060000
NaN,NaN,491.790000,340.060000,370.690000,302.070000
NaN,NaN,491.780000,340.060000,370.680000,302.070000
NaN,NaN,491.770000,340.050000,370.680000,302.070000
NaN,NaN,491.760000,340.060000,370.680000,302.080000
NaN,NaN,491.750000,340.070000,370.680000,302.090000
NaN,NaN,491.720000,340.090000,370.740000,302.100000
NaN,NaN,491.710000,340.090000,370.720000,302.090000
NaN,NaN,491.690000,340.090000,370.700000,302.060000
NaN,NaN,491.690000,340.090000,370.710000,302.070000
NaN,NaN,491.700000,340.100000,370.720000,302.070000
NaN,NaN,491.670000,340.090000,370.730000,302.070000
NaN,NaN,491.690000,340.080000,370.720000,302.070000
NaN,NaN,491.710000,340.080000,370.720000,302.080000
NaN,NaN,491.690000,340.090000,370.700000,302.100000
NaN,NaN,491.670000,340.060000,370.700000,302.070000
NaN,NaN,491.660000,340.060000,370.710000,302.080000
NaN,NaN,491.680000,340.060000,370.710000,302.100000
NaN,NaN,491.670000,340.080000,370.690000,302.090000
NaN,NaN,491.660000,340.080000,370.700000,302.070000
NaN,NaN,491.660000,340.080000,370.680000,302.070000
NaN,NaN,491.660000,340.100000,370.710000,302.130000
NaN,NaN,491.620000,340.080000,370.700000,302.110000
NaN,NaN,491.650000,340.070000,370.710000,302.110000
NaN,NaN,491.670000,340.060000,370.710000,302.130000
NaN,NaN,491.690000,340.080000,370.680000,302.120000
NaN,NaN,491.680000,340.060000,370.660000,302.120000
NaN,NaN,491.660000,340.060000,370.680000,302.100000
NaN,NaN,491.680000,340.070000,370.680000,302.100000
NaN,NaN,491.660000,340.060000,370.680000,302.110000
NaN,NaN,491.630000,340.060000,370.700000,302.080000
NaN,NaN,491.650000,340.070000,370.700000,302.090000
NaN,NaN,491.620000,340.060000,370.680000,302.080000
NaN,NaN,491.660000,340.070000,370.660000,302.090000
NaN,NaN,491.630000,340.060000,370.680000,302.110000
NaN,NaN,491.680000,340.050000,370.670000,302.110000
NaN,NaN,491.630000,340.080000,370.690000,302.110000
NaN,NaN,491.640000,340.070000,370.690000,302.110000
NaN,NaN,491.640000,340.070000,370.680000,302.080000
NaN,NaN,491.640000,340.070000,370.670000,302.070000
NaN,NaN,491.630000,340.050000,370.660000,302.080000
NaN,NaN,491.630000,340.060000,370.660000,302.070000
NaN,NaN,491.660000,340.070000,370.680000,302.080000
NaN,NaN,491.680000,340.070000,370.670000,302.100000
NaN,NaN,491.670000,340.060000,370.660000,302.080000
NaN,NaN,491.640000,340.090000,370.640000,302.080000
NaN,NaN,491.710000,340.100000,370.640000,302.080000
NaN,NaN,491.720000,340.090000,370.650000,302.080000
NaN,NaN,491.720000,340.090000,370.650000,302.110000
NaN,NaN,491.770000,340.100000,370.610000,302.100000
NaN,NaN,491.720000,340.100000,370.650000,302.080000
NaN,NaN,491.680000,340.120000,370.660000,302.120000
NaN,NaN,491.650000,340.110000,370.670000,302.090000
NaN,NaN,491.670000,340.090000,370.670000,302.110000
NaN,NaN,491.680000,340.100000,370.640000,302.090000
NaN,NaN,488.370488,339.777307,370.640000,302.090000
NaN,NaN,487.860000,340.000000,370.640000,302.080000
NaN,NaN,487.800000,339.990000,370.640000,302.060000
NaN,NaN,487.920000,339.990000,370.640000,302.070000
NaN,NaN,487.910000,339.990000,370.620000,302.100000
NaN,NaN,487.910000,339.980000,370.620000,302.100000
NaN,NaN,487.860000,339.980000,370.610000,302.090000
NaN,NaN,487.830000,339.980000,370.620000,302.100000
NaN,NaN,487.830000,339.970000,370.620000,302.090000
NaN,NaN,487.810000,339.990000,370.620000,302.090000
NaN,NaN,487.780000,339.990000,370.620000,302.100000
NaN,NaN,487.730000,339.990000,370.670000,302.110000
NaN,NaN,487.700000,339.970000,370.640000,302.090000
NaN,NaN,487.710000,339.960000,370.650000,302.080000
NaN,NaN,487.670000,339.960000,370.660000,302.080000
NaN,NaN,487.620000,339.960000,370.640000,302.110000
NaN,NaN,487.600000,339.950000,370.640000,302.090000
NaN,NaN,487.580000,339.950000,370.620000,302.090000
NaN,NaN,487.560000,339.950000,370.640000,302.090000
NaN,NaN,487.560000,339.960000,370.610000,302.100000
NaN,NaN,487.560000,339.950000,370.630000,302.120000
NaN,NaN,487.500000,339.930000,370.620000,302.110000
NaN,NaN,487.180000,339.920000,370.650000,302.100000
NaN,NaN,487.160000,339.910000,370.630000,302.090000
NaN,NaN,487.120000,339.930000,370.630000,302.110000
NaN,NaN,487.110000,339.940000,370.640000,302.110000
NaN,NaN,487.050000,339.930000,370.670000,302.120000
NaN,NaN,487.050000,339.950000,370.670000,302.090000
NaN,NaN,487.000000,339.950000,370.630000,302.070000
NaN,NaN,487.040000,339.950000,370.610000,302.110000
NaN,NaN,487.010000,339.960000,370.630000,302.100000
NaN,NaN,487.070000,339.950000,370.620000,302.110000
NaN,NaN,487.060000,339.970000,370.610000,302.080000
NaN,NaN,487.050000,339.990000,370.610000,302.090000
NaN,NaN,487.010000,339.980000,370.620000,302.090000
NaN,NaN,486.980000,340.000000,370.600000,302.100000
NaN,NaN,486.970000,340.000000,370.610000,302.100000
NaN,NaN,486.980000,340.010000,370.630000,302.090000
NaN,NaN,486.930000,340.030000,370.620000,302.100000
NaN,NaN,486.960000,340.040000,370.620000,302.110000
NaN,NaN,486.960000,340.070000,370.590000,302.080000
NaN,NaN,486.930000,340.140000,370.640000,302.070000
NaN,NaN,486.880000,340.140000,370.630000,302.070000
NaN,NaN,486.930000,340.170000,370.610000,302.070000
NaN,NaN,481.722648,337.619360,370.620000,302.080000
NaN,NaN,481.840000,337.820000,370.600000,302.110000
NaN,NaN,481.760000,338.000000,370.610000,302.110000
NaN,NaN,481.910000,337.990000,370.590000,302.090000
NaN,NaN,481.880000,337.980000,370.580000,302.100000
NaN,NaN,481.860000,337.990000,370.590000,302.080000
NaN,NaN,481.810000,337.990000,370.580000,302.090000
NaN,NaN,481.750000,337.980000,370.570000,302.070000
NaN,NaN,481.670000,337.960000,370.580000,302.090000
NaN,NaN,481.560000,337.950000,370.570000,302.080000
NaN,NaN,481.060000,337.950000,370.580000,302.090000
NaN,NaN,480.970000,337.940000,370.590000,302.080000
NaN,NaN,480.890000,337.940000,370.640000,302.050000
NaN,NaN,480.780000,337.910000,370.620000,302.070000
NaN,NaN,480.650000,337.900000,370.600000,302.090000
NaN,NaN,480.560000,337.890000,370.610000,302.070000
NaN,NaN,479.880000,337.930000,370.620000,302.080000
NaN,NaN,479.200000,338.010000,370.640000,302.070000
NaN,NaN,479.090000,338.000000,370.630000,302.080000
NaN,NaN,479.000000,338.010000,370.610000,302.080000
NaN,NaN,478.920000,338.030000,370.570000,302.070000
NaN,NaN,478.820000,338.020000,370.560000,302.060000
NaN,NaN,478.710000,338.010000,370.520000,302.060000
NaN,NaN,478.560000,338.030000,369.830000,302.030000
NaN,NaN,478.050000,338.120000,368.990000,302.010000
NaN,NaN,477.950000,338.110000,368.130000,301.960000
NaN,NaN,477.900000,338.100000,367.390000,301.900000
NaN,NaN,477.810000,338.050000,367.330000,301.910000
NaN,NaN,477.680000,338.070000,367.340000,301.890000
NaN,NaN,477.640000,338.070000,367.330000,301.920000
NaN,NaN,477.540000,338.080000,367.350000,301.900000
NaN,NaN,477.000000,338.120000,367.350000,301.930000
NaN,NaN,476.950000,338.110000,367.340000,301.940000
NaN,NaN,476.840000,338.090000,367.340000,301.930000
NaN,NaN,476.780000,338.060000,367.330000,301.940000
NaN,NaN,476.700000,338.060000,367.340000,301.930000
NaN,NaN,476.580000,337.990000,367.340000,301.920000
NaN,NaN,475.930000,338.040000,367.350000,301.900000
NaN,NaN,475.270000,338.080000,367.360000,301.900000
NaN,NaN,475.180000,338.020000,367.350000,301.890000
NaN,NaN,475.100000,337.960000,367.310000,301.900000
NaN,NaN,475.040000,337.960000,367.330000,301.860000
NaN,NaN,474.930000,337.890000,367.370000,301.870000
NaN,NaN,474.840000,337.870000,367.350000,301.870000
NaN,NaN,474.810000,337.840000,367.330000,301.870000
NaN,NaN,474.710000,337.770000,367.330000,301.890000
NaN,NaN,474.570000,337.700000,367.330000,301.870000
NaN,NaN,473.990000,337.660000,367.310000,301.880000
NaN,NaN,473.930000,337.670000,367.290000,301.880000
NaN,NaN,473.880000,337.610000,367.320000,301.880000
NaN,NaN,473.820000,337.600000,367.340000,301.880000
NaN,NaN,473.710000,337.540000,367.320000,301.870000
NaN,NaN,473.800000,336.690000,367.320000,301.870000
NaN,NaN,473.830000,335.950000,367.310000,301.860000
NaN,NaN,473.840000,335.280000,367.310000,301.860000
NaN,NaN,473.750000,335.240000,367.300000,301.860000
NaN,NaN,473.660000,335.230000,367.290000,301.850000
NaN,NaN,473.570000,335.250000,367.270000,301.850000
NaN,NaN,472.980000,335.340000,367.270000,301.820000
NaN,NaN,472.430000,335.440000,367.250000,301.830000
NaN,NaN,472.100000,336.180000,367.250000,301.850000
NaN,NaN,471.920000,336.870000,367.250000,301.840000
NaN,NaN,471.800000,337.380000,367.250000,301.830000
NaN,NaN,471.720000,337.370000,367.250000,301.850000
NaN,NaN,471.750000,336.800000,367.240000,301.850000
NaN,NaN,471.760000,336.140000,367.240000,301.830000
NaN,NaN,471.680000,336.130000,367.240000,301.810000
NaN,NaN,471.600000,336.080000,367.230000,301.860000
NaN,NaN,471.520000,336.060000,367.240000,301.860000
NaN,NaN,470.960000,336.170000,367.240000,301.870000
NaN,NaN,470.950000,336.150000,367.240000,301.870000
NaN,NaN,470.840000,336.120000,367.260000,301.820000
NaN,NaN,470.800000,336.060000,367.260000,301.840000
NaN,NaN,470.610000,336.070000,367.240000,301.860000
NaN,NaN,470.170000,336.110000,367.240000,301.860000
NaN,NaN,470.040000,336.110000,367.240000,301.860000
NaN,NaN,469.880000,336.060000,367.250000,301.850000
NaN,NaN,469.700000,336.030000,367.240000,301.870000
NaN,NaN,469.600000,335.960000,367.240000,301.870000
NaN,NaN,469.170000,335.980000,367.230000,301.860000
NaN,NaN,469.210000,335.870000,367.230000,301.870000
NaN,NaN,469.340000,335.710000,367.230000,301.870000
NaN,NaN,469.200000,335.720000,367.220000,301.860000
NaN,NaN,469.130000,335.730000,367.220000,301.860000
NaN,NaN,469.100000,335.790000,367.220000,301.890000
NaN,NaN,468.980000,335.800000,367.220000,301.870000
NaN,NaN,468.870000,335.760000,367.220000,301.890000
468.870158,325.966444,468.426969,333.735054,367.210000,301.850000
468.426969,325.966444,467.950000,333.770000,367.230000,301.870000
466.211022,324.671675,467.510000,333.770000,367.210000,301.890000
464.881454,324.671675,467.470000,333.950000,367.220000,301.890000
462.665507,324.671675,467.430000,333.930000,367.230000,301.890000
461.335939,323.808496,467.380000,333.920000,367.210000,301.870000
460.892750,323.808496,467.370000,333.920000,367.230000,301.860000
459.563182,322.513728,467.370000,333.880000,367.210000,301.850000
459.563182,321.650549,467.380000,333.860000,367.210000,301.840000
459.563182,321.650549,467.370000,333.870000,367.230000,301.830000
458.233614,320.787370,467.390000,333.850000,367.220000,301.850000
457.347236,319.061012,467.350000,333.870000,367.200000,301.850000
456.904046,318.629422,467.340000,333.900000,367.200000,301.860000
456.904046,318.197833,467.320000,333.860000,367.210000,301.830000
456.904046,318.197833,467.300000,333.840000,367.210000,301.840000
456.017668,317.334654,467.320000,333.810000,367.220000,301.850000
456.017668,317.334654,467.320000,333.830000,367.200000,301.850000
455.574478,317.334654,467.300000,333.870000,367.200000,301.850000
454.244910,316.039886,467.280000,333.920000,367.200000,301.820000
453.358532,315.608296,467.280000,333.940000,367.190000,301.840000
452.915342,315.176707,467.240000,333.940000,367.170000,301.830000
452.915342,314.745117,467.240000,333.950000,367.200000,301.840000
451.142585,313.881938,467.260000,333.930000,367.180000,301.830000
450.699396,313.450349,467.250000,333.940000,367.180000,301.820000
450.699396,313.450349,467.260000,333.930000,367.170000,301.820000
449.813017,313.450349,467.280000,333.920000,367.180000,301.810000
448.926639,313.018759,467.320000,333.930000,367.170000,301.820000
448.926639,313.018759,467.280000,333.930000,367.170000,301.810000
448.926639,313.018759,467.310000,333.910000,367.170000,301.820000
447.597071,312.587170,467.290000,333.950000,367.180000,301.840000
447.597071,312.587170,467.350000,334.040000,367.170000,301.810000
447.597071,312.587170,467.380000,334.080000,367.170000,301.820000
447.597071,312.587170,467.390000,334.100000,367.180000,301.830000
447.597071,312.587170,463.995075,332.008696,367.180000,301.830000
446.710692,312.155580,463.995075,332.008696,367.180000,301.810000
445.824313,312.155580,463.995075,332.008696,367.170000,301.830000
445.381124,312.155580,463.995075,331.577107,367.180000,301.810000
445.381124,312.155580,463.551886,328.987570,367.170000,301.810000
444.051556,312.155580,463.551886,328.987570,367.180000,301.810000
443.608367,312.155580,463.108697,327.692802,367.150000,301.830000
442.278799,311.292401,463.108697,327.261212,367.160000,301.800000
442.278799,310.860812,461.779129,325.534854,367.150000,301.810000
442.278799,310.860812,461.779129,325.103265,367.140000,301.810000
442.278799,310.860812,460.449561,324.240086,367.140000,301.810000
442.278799,310.860812,460.449561,323.376907,367.140000,301.800000
441.835609,310.860812,457.790425,321.218959,367.150000,301.800000
441.392420,310.860812,457.347236,320.355780,367.140000,301.800000
440.062852,310.429222,457.347236,320.355780,367.140000,301.790000
438.733284,309.566043,457.347236,320.355780,367.120000,301.830000
438.733284,309.566043,457.347236,320.355780,367.130000,301.820000
436.960527,308.271275,455.131289,318.197833,367.140000,301.800000
436.074148,306.976506,455.131289,318.197833,367.130000,301.790000
436.074148,306.976506,455.131289,318.197833,367.110000,301.810000
434.301391,306.113327,454.244910,316.903064,367.120000,301.810000
434.301391,306.113327,454.244910,316.903064,367.130000,301.800000
433.415012,305.681738,454.244910,316.903064,367.110000,301.810000
432.528634,305.250148,454.244910,316.903064,367.140000,301.800000
431.642255,304.386969,454.244910,316.471475,367.140000,301.800000
431.199066,303.955380,453.358532,316.471475,367.130000,301.790000
429.426309,303.092201,451.585774,316.471475,367.130000,301.770000
429.426309,303.092201,451.585774,316.471475,367.140000,301.850000
429.426309,303.092201,451.585774,315.176707,367.120000,301.830000
428.983119,303.092201,451.585774,315.176707,367.110000,301.800000
428.096741,303.092201,451.142585,315.176707,367.110000,301.780000
427.653551,302.229022,451.142585,315.176707,367.100000,301.790000
427.653551,302.229022,449.369828,312.587170,367.100000,301.790000
426.767173,301.797433,449.369828,312.587170,367.100000,301.790000
426.767173,301.797433,449.369828,312.587170,367.100000,301.790000
426.767173,301.797433,449.369828,312.587170,367.100000,301.790000
425.880794,301.797433,449.369828,310.860812,367.110000,301.780000
424.551226,301.365843,449.369828,310.860812,367.100000,301.760000
424.551226,301.365843,449.369828,310.860812,367.090000,301.760000
424.108037,300.934254,447.597071,309.566043,367.090000,301.790000
424.108037,300.934254,447.597071,309.566043,367.090000,301.780000
421.892090,300.071075,446.267503,309.134454,367.080000,301.770000
421.892090,300.071075,446.267503,309.134454,367.090000,301.800000
421.892090,300.071075,446.267503,309.134454,367.090000,301.770000
421.005711,300.071075,446.267503,309.134454,367.090000,301.780000
421.005711,300.071075,446.267503,309.134454,367.090000,301.750000
416.130629,299.207896,446.267503,309.134454,367.080000,301.800000
416.130629,299.207896,446.267503,309.134454,367.100000,301.770000
411.255546,298.344717,446.267503,309.134454,367.080000,301.770000
411.255546,298.344717,446.267503,309.134454,367.090000,301.760000
409.482789,297.913127,446.267503,309.134454,367.080000,301.750000
409.482789,297.913127,445.824313,309.134454,367.080000,301.760000
408.596411,297.913127,445.824313,309.134454,367.070000,301.770000
408.596411,297.913127,444.937935,309.134454,367.070000,301.770000
405.937275,297.913127,444.937935,309.134454,367.070000,301.760000
405.937275,297.913127,442.278799,308.271275,367.060000,301.770000
405.937275,297.913127,442.278799,308.271275,367.050000,301.750000
405.937275,297.913127,441.392420,308.271275,367.080000,301.770000
404.164517,297.913127,440.949231,308.271275,367.090000,301.790000
404.164517,297.913127,440.062852,307.408096,367.080000,301.780000
403.721328,297.913127,440.062852,307.408096,367.080000,301.750000
400.619003,297.049948,440.062852,307.408096,367.080000,301.790000
400.619003,297.049948,438.290095,306.544917,367.070000,301.810000
400.619003,297.049948,438.290095,306.544917,367.070000,301.800000
398.403056,297.049948,438.290095,306.544917,367.070000,301.790000
398.403056,297.049948,438.290095,306.544917,367.060000,301.790000
398.403056,297.049948,437.403716,306.113327,367.060000,301.780000
398.403056,297.049948,437.403716,306.113327,367.050000,301.770000
397.073488,296.618359,437.403716,306.113327,367.050000,301.750000
397.073488,296.618359,436.960527,306.113327,367.050000,301.720000
396.630299,296.618359,436.960527,306.113327,367.070000,301.740000
396.630299,296.618359,436.960527,306.113327,367.040000,301.760000
396.630299,296.618359,436.960527,306.113327,367.050000,301.760000
395.743920,296.618359,436.960527,306.113327,367.030000,301.770000
394.857542,296.618359,436.960527,306.113327,367.030000,301.740000
392.641595,296.186769,436.960527,306.113327,367.040000,301.750000
392.641595,296.186769,436.960527,306.113327,367.050000,301.790000
392.641595,296.186769,432.528634,304.386969,367.060000,301.780000
392.641595,296.186769,432.528634,304.386969,367.060000,301.770000
392.641595,296.186769,432.528634,304.386969,367.040000,301.790000
391.755216,296.186769,430.755876,304.386969,367.050000,301.740000
388.652891,296.186769,429.869498,303.955380,367.040000,301.750000
388.652891,296.186769,428.539930,303.955380,367.030000,301.760000
387.323323,296.186769,428.539930,303.955380,367.050000,301.760000
386.436945,296.186769,428.096741,303.955380,367.030000,301.790000
384.664187,296.186769,428.096741,303.955380,367.030000,301.790000
384.664187,296.186769,428.096741,304.386969,367.050000,301.780000
384.664187,296.186769,427.653551,304.386969,367.080000,301.810000
383.777809,296.186769,427.210362,303.955380,367.080000,301.760000
383.777809,296.186769,426.323983,303.523790,367.090000,301.800000
383.777809,296.186769,425.880794,303.523790,367.100000,301.860000
383.777809,296.186769,425.437605,303.092201,367.100000,301.880000
383.777809,296.186769,424.994415,303.092201,367.110000,301.900000
383.777809,296.186769,424.551226,302.229022,367.100000,301.920000
383.777809,296.186769,424.551226,302.229022,367.080000,301.930000
382.005051,296.186769,424.551226,302.229022,367.060000,301.920000
381.118673,295.755180,423.664847,302.229022,367.020000,301.930000
380.675484,295.755180,423.664847,302.229022,366.990000,301.920000
378.459537,295.323590,422.778469,302.229022,366.960000,301.910000
378.459537,295.323590,422.335279,302.229022,366.930000,301.920000
376.686780,294.892001,422.335279,302.229022,366.920000,301.920000
374.914022,294.460411,422.335279,302.229022,366.910000,301.920000
374.914022,294.460411,422.335279,302.229022,366.920000,301.910000
374.914022,294.460411,422.335279,302.229022,366.900000,301.900000
372.698076,294.460411,421.448901,301.365843,366.890000,301.890000
372.254886,294.460411,421.005711,301.365843,363.376727,302.288898
372.254886,294.460411,420.562522,301.365843,362.326204,302.288898
369.152561,294.460411,420.119333,301.365843,362.326204,302.288898
369.152561,294.460411,418.789765,301.365843,362.326204,302.288898
369.152561,294.460411,417.903386,301.365843,362.326204,302.288898
369.152561,294.460411,417.017008,301.365843,361.275682,302.288898
369.152561,294.460411,417.017008,301.365843,360.225159,302.288898
369.152561,294.460411,417.017008,300.934254,359.174636,302.288898
369.152561,294.460411,417.017008,300.934254,359.174636,302.288898
368.709372,294.460411,416.130629,300.934254,359.174636,302.288898
368.709372,294.460411,416.130629,300.934254,358.649375,302.288898
368.266183,294.892001,416.130629,300.934254,358.649375,302.288898
366.050236,294.028822,415.244250,300.934254,358.649375,302.288898
366.050236,294.028822,415.244250,300.934254,358.649375,302.288898
366.050236,294.028822,415.244250,300.502664,358.649375,302.288898
365.163857,294.028822,415.244250,300.502664,358.649375,302.288898
362.947911,293.165643,414.357872,300.071075,358.649375,302.288898
362.061532,292.734053,414.357872,300.071075,358.649375,302.288898
361.175154,292.302464,414.357872,300.071075,358.649375,302.288898
360.288775,291.870874,413.914682,300.071075,358.649375,302.288898
359.402396,291.439285,413.471493,300.071075,358.649375,302.288898
359.402396,291.439285,413.028304,300.071075,358.649375,302.288898
359.402396,291.439285,412.585114,299.639485,358.649375,302.288898
358.516018,290.576106,411.698736,299.207896,358.649375,302.288898
358.072828,289.712927,411.255546,298.344717,358.649375,302.288898
358.072828,289.712927,410.812357,298.344717,358.649375,302.288898
358.072828,289.712927,410.369168,298.344717,357.073590,300.754358
357.186450,288.849748,409.925979,298.344717,357.073590,300.754358
357.186450,288.849748,409.925979,298.344717,357.073590,300.754358
357.186450,288.849748,409.039600,297.913127,357.073590,300.754358
356.300071,288.418159,409.039600,297.913127,357.073590,300.754358
355.856882,287.554980,409.039600,297.913127,353.396760,301.777385
355.413692,287.123390,409.039600,297.913127,352.871499,301.777385
354.970503,287.123390,408.153221,297.049948,352.871499,301.777385
354.084124,286.260211,408.153221,297.049948,352.871499,301.777385
353.640935,285.828622,408.153221,297.049948,352.871499,301.777385
353.197746,285.828622,408.153221,297.049948,352.871499,301.777385
352.754556,285.828622,408.153221,297.049948,352.871499,301.777385
352.311367,285.397032,408.153221,297.049948,352.871499,301.777385
352.311367,285.397032,407.710032,296.618359,352.871499,301.777385
352.311367,285.397032,407.710032,296.618359,352.871499,301.777385
352.311367,285.397032,407.266843,296.186769,351.820976,301.777385
351.868178,285.397032,407.266843,296.186769,351.295715,301.265872
351.424988,285.397032,406.823653,296.186769,351.295715,300.242845
351.424988,285.397032,405.050896,296.186769,351.295715,300.242845
351.424988,285.397032,405.050896,296.186769,351.295715,300.242845
351.424988,285.397032,405.050896,296.186769,351.295715,299.731331
351.424988,285.397032,405.050896,296.186769,351.295715,299.731331
351.424988,285.397032,404.607707,295.755180,351.295715,299.219818
351.424988,285.397032,404.164517,295.755180,351.295715,299.219818
351.424988,285.397032,404.164517,295.755180,351.295715,299.219818
351.424988,285.397032,403.721328,295.755180,351.295715,299.219818
351.424988,285.397032,403.721328,295.755180,351.295715,299.219818
351.424988,285.397032,403.721328,295.755180,351.295715,299.219818
351.424988,285.397032,403.278139,295.755180,351.295715,299.219818
351.424988,285.397032,403.278139,295.755180,351.295715,299.219818
351.424988,285.397032,403.278139,295.755180,351.295715,299.219818
351.424988,285.397032,403.278139,295.755180,351.295715,299.219818
351.424988,285.397032,403.278139,295.755180,351.295715,299.219818
351.424988,285.397032,403.278139,295.755180,351.295715,299.219818
350.981799,285.397032,403.278139,295.755180,351.295715,299.219818
350.981799,285.397032,403.278139,295.755180,351.295715,299.219818
349.209042,284.533853,403.278139,295.755180,351.295715,299.219818
349.209042,284.533853,403.278139,295.755180,351.295715,299.219818
349.209042,284.533853,403.278139,295.755180,351.295715,299.219818
348.765853,284.533853,403.278139,295.755180,351.295715,299.219818
347.436285,284.102264,403.278139,295.755180,351.295715,299.219818
347.436285,283.670674,403.278139,295.755180,351.295715,299.219818
346.993095,283.670674,403.278139,295.755180,351.295715,299.219818
346.993095,283.670674,403.278139,295.755180,351.295715,299.219818
346.549906,283.239085,403.278139,295.755180,351.295715,299.219818
346.549906,283.239085,403.278139,295.755180,351.295715,299.219818
346.549906,283.239085,403.278139,295.755180,351.295715,299.219818
346.549906,283.239085,403.278139,295.755180,351.295715,299.219818
346.549906,283.239085,403.278139,295.755180,351.295715,299.219818
346.549906,283.239085,403.278139,295.755180,351.295715,299.219818
346.549906,283.239085,403.278139,295.755180,351.295715,299.219818
346.549906,283.239085,402.834949,295.323590,351.295715,299.219818
346.549906,283.239085,402.834949,295.323590,351.295715,299.219818
346.549906,283.239085,402.834949,295.323590,351.295715,299.219818
346.549906,283.239085,402.834949,295.323590,351.295715,299.219818
346.549906,283.239085,402.834949,295.323590,351.295715,299.219818
346.549906,283.239085,402.834949,295.323590,351.295715,299.219818
346.549906,283.239085,402.834949,295.323590,351.295715,299.219818
346.549906,283.239085,402.834949,295.323590,351.295715,299.219818
346.549906,283.239085,402.834949,295.323590,351.295715,299.219818
346.549906,283.239085,402.834949,295.323590,351.295715,299.219818
346.549906,283.239085,402.834949,295.323590,351.295715,299.219818
346.549906,283.239085,402.834949,295.323590,351.295715,299.219818
346.549906,283.239085,402.834949,295.323590,351.295715,299.219818
346.549906,283.239085,402.834949,295.323590,351.295715,299.219818
346.549906,283.239085,402.834949,295.323590,351.295715,299.219818
346.549906,283.239085,402.834949,295.323590,351.295715,299.219818
346.549906,283.239085,402.834949,295.323590,351.295715,299.219818
346.549906,283.239085,402.834949,295.323590,351.295715,299.219818
346.549906,283.239085,402.834949,295.323590,351.295715,299.219818
346.549906,283.239085,402.834949,295.323590,351.295715,299.219818
346.549906,283.239085,402.834949,295.323590,351.295715,299.219818
346.549906,283.239085,402.834949,295.323590,351.295715,299.219818
346.549906,283.239085,402.834949,295.323590,350.245192,297.685277
346.549906,283.239085,402.834949,295.323590,350.245192,297.685277
346.549906,283.239085,402.834949,295.323590,350.245192,297.685277
346.549906,283.239085,402.834949,295.323590,350.245192,297.685277
346.549906,283.239085,402.834949,295.323590,350.245192,297.685277
346.549906,283.239085,402.834949,295.323590,350.245192,297.685277
346.549906,283.239085,402.834949,295.323590,350.245192,297.685277
346.549906,283.239085,402.834949,295.323590,350.245192,297.685277
346.549906,283.239085,402.834949,295.323590,350.245192,297.685277
346.549906,283.239085,402.834949,295.323590,350.245192,297.685277
346.549906,283.239085,402.834949,295.323590,350.245192,297.685277
345.663527,282.375906,402.834949,295.323590,350.245192,297.685277
345.663527,282.375906,402.834949,295.323590,350.245192,297.685277
345.663527,282.375906,402.834949,295.323590,350.245192,297.685277
345.663527,282.375906,402.834949,295.323590,350.245192,297.685277
345.663527,282.375906,402.834949,295.323590,350.245192,297.685277
345.663527,282.375906,402.834949,295.323590,350.245192,297.685277
345.663527,282.375906,402.834949,295.323590,350.245192,297.685277
345.663527,282.375906,402.834949,295.323590,350.245192,297.685277
345.663527,282.375906,402.834949,295.323590,350.245192,297.685277
345.663527,282.375906,402.834949,295.323590,350.245192,297.685277
345.663527,282.375906,402.834949,295.323590,350.245192,297.685277
346.993095,282.375906,402.834949,295.323590,350.245192,297.685277
346.993095,282.375906,402.834949,295.323590,350.245192,297.685277
346.993095,282.375906,402.834949,295.323590,350.245192,297.685277
346.993095,282.375906,402.834949,295.323590,350.245192,297.685277
346.993095,282.375906,402.834949,295.323590,350.245192,297.685277
346.993095,282.375906,402.834949,295.323590,350.245192,297.685277
347.436285,282.375906,402.834949,295.323590,350.245192,297.685277
347.879474,282.375906,402.834949,295.323590,350.245192,297.685277
348.765853,282.375906,402.834949,295.323590,350.245192,297.685277
349.209042,282.375906,402.834949,295.323590,350.245192,297.685277
349.652231,282.375906,402.834949,295.323590,350.245192,297.685277
350.095421,282.807495,402.834949,295.323590,350.245192,297.685277
350.981799,283.239085,402.834949,295.323590,350.245192,297.685277
351.424988,283.670674,402.834949,295.323590,350.245192,297.685277
351.424988,283.670674,402.834949,295.323590,350.245192,297.685277
351.424988,283.670674,402.834949,295.323590,350.245192,297.685277
351.424988,283.670674,402.834949,295.323590,350.245192,297.685277
351.424988,283.670674,402.834949,295.323590,350.245192,297.685277
351.424988,283.670674,402.834949,295.323590,350.245192,297.685277
351.424988,283.670674,404.164517,297.481538,350.245192,297.685277
351.424988,283.670674,404.164517,297.481538,350.245192,297.685277
351.424988,283.670674,404.164517,297.481538,350.245192,297.685277
351.424988,283.670674,405.494085,297.913127,350.245192,297.685277
351.424988,283.670674,405.494085,297.913127,350.245192,297.685277
351.424988,283.670674,405.494085,297.913127,350.245192,297.685277
351.424988,283.670674,405.494085,297.913127,350.245192,297.685277
351.424988,283.670674,405.494085,297.913127,350.245192,297.685277
351.424988,283.670674,405.494085,297.913127,350.245192,297.685277
351.424988,283.670674,405.937275,297.049948,350.245192,297.685277
351.424988,283.670674,405.937275,297.049948,350.245192,297.685277
351.424988,283.670674,405.937275,297.049948,350.245192,297.685277
351.424988,283.670674,405.937275,297.049948,350.245192,297.685277
351.424988,283.670674,405.937275,297.049948,350.245192,297.685277
352.754556,283.670674,405.937275,297.049948,350.245192,297.685277
352.754556,283.670674,405.937275,297.049948,350.245192,297.685277
353.197746,283.670674,405.937275,297.049948,350.245192,297.685277
354.527314,283.670674,405.937275,297.049948,350.245192,297.685277
354.527314,283.670674,405.937275,297.049948,350.245192,297.685277
354.527314,283.670674,405.937275,297.049948,350.245192,297.685277
354.527314,283.670674,405.937275,297.049948,350.245192,297.685277
354.527314,283.670674,405.937275,297.049948,350.245192,297.685277
354.527314,283.670674,405.937275,297.049948,350.245192,297.685277
354.527314,283.670674,405.937275,297.049948,350.245192,297.685277
354.527314,283.670674,405.937275,297.049948,350.245192,297.685277
354.527314,283.670674,405.937275,297.049948,350.245192,297.685277
354.527314,283.670674,405.937275,297.049948,350.245192,297.685277
355.856882,283.670674,405.937275,297.049948,350.245192,297.685277
356.743260,283.670674,405.937275,297.049948,350.245192,297.685277
356.743260,283.670674,405.937275,297.049948,350.245192,297.685277
356.743260,283.670674,405.937275,297.049948,350.245192,297.685277
356.743260,283.239085,405.937275,297.049948,350.245192,297.685277
356.743260,283.239085,405.937275,297.049948,350.245192,297.685277
356.743260,283.239085,405.937275,297.049948,350.245192,297.685277
356.743260,283.239085,405.937275,297.049948,350.245192,297.685277
356.743260,283.239085,405.937275,297.049948,350.245192,297.685277
357.629639,283.239085,405.937275,297.049948,350.245192,297.685277
357.629639,283.239085,405.937275,297.049948,350.245192,297.685277
357.629639,283.239085,405.937275,297.049948,350.245192,297.685277
357.629639,283.239085,405.937275,297.049948,350.245192,297.685277
357.629639,283.239085,405.937275,297.049948,350.245192,297.685277
357.629639,283.239085,405.937275,297.049948,350.245192,297.685277
357.629639,283.239085,405.937275,297.049948,350.245192,297.685277
358.072828,283.239085,405.937275,297.049948,350.245192,297.685277
358.516018,283.239085,405.937275,297.049948,350.245192,297.685277
358.516018,283.239085,405.937275,297.049948,350.245192,297.685277
358.516018,283.239085,405.937275,297.049948,352.346238,297.685277
359.402396,283.239085,405.937275,297.049948,352.346238,297.685277
359.402396,283.239085,405.937275,297.049948,352.346238,296.150737
359.402396,283.239085,405.937275,297.049948,352.346238,296.150737
360.288775,283.239085,405.937275,297.049948,352.871499,296.150737
360.288775,283.239085,405.937275,297.049948,353.922022,295.639223
360.288775,283.239085,405.937275,297.049948,353.922022,295.639223
360.288775,283.239085,406.823653,297.049948,353.922022,295.639223
360.288775,283.239085,406.823653,297.049948,353.922022,295.639223
360.731964,283.239085,406.823653,297.049948,353.922022,295.639223
360.731964,283.239085,406.823653,297.049948,353.922022,295.639223
361.175154,283.239085,406.823653,297.049948,353.922022,295.639223
361.175154,283.239085,406.823653,297.049948,353.922022,295.639223
361.175154,283.239085,406.823653,297.049948,353.922022,295.639223
361.175154,283.239085,406.823653,297.049948,353.922022,295.639223
362.061532,283.239085,406.823653,297.049948,353.922022,295.639223
362.061532,283.239085,406.823653,297.049948,353.922022,295.639223
362.947911,283.239085,406.823653,297.049948,353.922022,295.639223
362.947911,283.239085,406.823653,297.049948,353.922022,295.639223
362.947911,283.239085,406.823653,297.049948,353.922022,295.639223
362.947911,283.239085,406.823653,297.049948,353.922022,295.639223
362.947911,283.239085,406.823653,297.049948,353.922022,295.639223
362.947911,283.239085,406.823653,297.049948,353.922022,295.639223
362.947911,283.239085,406.823653,297.049948,353.922022,295.639223
363.391100,283.239085,406.823653,297.049948,354.972545,295.639223
363.391100,283.239085,406.823653,297.049948,355.497806,295.127710
363.834289,283.239085,406.823653,297.049948,357.073590,294.616196
364.720668,283.670674,406.823653,297.049948,357.073590,294.616196
365.163857,284.102264,406.823653,297.049948,357.073590,294.616196
365.607047,284.102264,406.823653,297.049948,357.073590,294.616196
365.607047,284.102264,406.823653,297.049948,357.598852,294.104683
365.607047,284.102264,406.823653,297.049948,357.598852,294.104683
365.607047,284.102264,406.823653,297.049948,357.598852,294.104683
365.607047,284.102264,406.823653,297.049948,357.598852,294.104683
366.050236,284.102264,406.823653,297.049948,357.598852,294.104683
366.050236,284.102264,406.823653,297.049948,357.598852,294.104683
366.050236,284.102264,406.823653,297.049948,357.598852,294.104683
366.493425,284.102264,406.823653,297.049948,357.598852,294.104683
366.493425,284.102264,406.823653,297.049948,357.598852,294.104683
366.936615,284.102264,406.823653,297.049948,357.598852,294.104683
367.379804,284.102264,409.039600,297.481538,357.598852,294.104683
367.822993,284.102264,409.039600,297.481538,357.598852,294.104683
367.822993,284.102264,409.039600,297.481538,357.598852,294.104683
367.822993,284.102264,409.039600,297.481538,357.598852,294.104683
369.152561,284.102264,409.039600,297.481538,358.124113,294.104683
369.152561,284.102264,409.039600,297.481538,358.124113,294.104683
370.482129,284.533853,409.039600,297.481538,358.124113,294.104683
370.925319,284.533853,409.039600,297.481538,358.124113,294.104683
370.925319,284.533853,409.039600,297.481538,358.124113,294.104683
372.254886,284.965443,409.039600,297.481538,358.124113,294.104683
372.698076,284.965443,409.039600,297.481538,358.124113,294.104683
375.800401,285.397032,409.039600,297.481538,358.124113,294.104683
375.800401,285.397032,409.039600,297.481538,358.124113,294.104683
375.800401,285.397032,409.039600,297.481538,358.124113,294.104683
378.016348,285.828622,409.039600,297.481538,358.124113,294.104683
378.459537,285.828622,409.039600,297.481538,358.124113,294.104683
379.345916,285.828622,409.039600,297.481538,358.124113,294.104683
379.789105,285.828622,409.039600,297.481538,358.124113,294.104683
379.789105,285.828622,409.039600,297.481538,358.124113,294.104683
380.232294,285.828622,409.039600,297.481538,358.124113,294.104683
380.675484,285.828622,409.039600,297.481538,358.124113,294.104683
381.561862,286.260211,409.039600,297.481538,358.124113,294.104683
382.005051,286.260211,409.039600,297.481538,359.699897,292.570143
382.005051,286.260211,409.039600,297.481538,360.750420,292.570143
382.005051,286.260211,409.039600,297.481538,362.851466,292.570143
382.005051,286.260211,409.039600,297.481538,364.427250,293.081656
382.005051,286.260211,409.039600,297.481538,364.952512,293.593170
382.005051,286.260211,409.039600,297.481538,366.528296,294.616196
385.107377,286.691801,409.039600,297.481538,368.104080,295.639223
385.550566,286.691801,409.039600,297.481538,368.629341,295.639223
385.550566,286.691801,409.039600,297.481538,369.154603,295.639223
385.550566,286.691801,409.039600,297.481538,369.154603,295.639223
385.993755,286.691801,409.039600,297.481538,369.154603,295.639223
385.993755,286.691801,408.549209,299.219818,369.154603,295.639223
386.880134,287.123390,408.549209,299.219818,369.154603,295.639223
387.766513,287.123390,408.549209,299.219818,369.154603,295.639223
388.652891,287.554980,408.549209,299.219818,370.205126,295.639223
388.652891,287.554980,408.549209,299.219818,370.730387,295.639223
389.096081,287.554980,408.549209,299.219818,370.730387,295.639223
390.425649,287.554980,408.549209,299.219818,372.831433,295.639223
390.868838,287.554980,408.549209,299.219818,372.831433,295.639223
390.868838,287.554980,408.549209,299.219818,375.457740,295.639223
391.312027,287.554980,408.549209,299.219818,376.508263,295.639223
391.755216,287.986569,408.549209,299.219818,376.508263,295.639223
392.198406,287.986569,408.549209,299.219818,378.084047,295.639223
392.198406,287.986569,408.549209,299.219818,379.659831,295.639223
393.084784,288.418159,408.549209,299.219818,381.760877,295.639223
394.414352,288.849748,408.549209,299.219818,382.286138,295.639223
394.857542,289.281338,408.549209,299.219818,382.286138,295.639223
395.743920,289.281338,408.549209,299.219818,384.387184,295.639223
395.743920,289.712927,408.549209,299.219818,384.912445,295.639223
396.187110,289.712927,408.549209,299.219818,387.538752,295.639223
396.630299,290.144516,408.549209,299.219818,388.589275,295.639223
397.073488,290.576106,408.549209,299.219818,390.165059,295.639223
397.516678,290.576106,408.549209,299.219818,391.215582,295.639223
397.959867,290.576106,408.549209,299.219818,391.740844,295.639223
398.403056,291.439285,408.549209,299.219818,392.791367,295.639223
398.846246,291.439285,408.549209,299.219818,393.841889,295.639223
399.289435,291.439285,408.549209,299.219818,393.841889,296.150737
400.175814,291.439285,408.549209,299.219818,394.892412,296.662250
400.175814,291.439285,408.549209,299.219818,395.417674,296.662250
400.175814,291.439285,408.549209,299.219818,396.468196,296.662250
400.619003,291.439285,408.549209,299.219818,396.468196,296.662250
400.619003,291.439285,408.549209,299.219818,396.468196,296.662250
400.619003,291.439285,408.549209,299.219818,397.518719,296.662250
400.619003,291.870874,408.549209,299.219818,398.569242,296.662250
401.948571,292.734053,408.549209,299.219818,401.195549,297.173764
401.948571,293.165643,408.549209,299.219818,401.195549,297.173764
401.948571,293.165643,408.549209,299.219818,403.296595,297.173764
401.948571,293.165643,408.549209,299.219818,403.296595,297.173764
401.948571,293.165643,408.549209,299.219818,403.821856,297.173764
402.391760,293.597232,408.549209,299.219818,405.397640,297.685277
402.391760,293.597232,408.549209,299.219818,406.448163,297.685277
402.391760,293.597232,408.549209,299.219818,406.973425,297.685277
402.391760,293.597232,408.549209,299.219818,407.498686,297.685277
402.391760,293.597232,408.549209,299.219818,409.074470,297.685277
402.834949,294.028822,408.549209,299.219818,409.074470,298.196791
402.834949,294.028822,408.549209,299.219818,409.599732,298.196791
402.834949,294.028822,408.549209,299.219818,411.175516,298.196791
402.834949,294.028822,408.549209,299.219818,411.175516,298.196791
NaN,NaN,408.549209,299.219818,411.175516,298.196791
NaN,NaN,408.549209,299.219818,411.175516,298.196791
NaN,NaN,408.549209,299.219818,411.175516,298.196791
NaN,NaN,408.549209,299.219818,412.226039,298.196791
NaN,NaN,408.549209,299.219818,412.226039,298.196791
NaN,NaN,408.549209,299.219818,414.327085,298.708304
NaN,NaN,408.549209,299.219818,414.327085,298.708304
NaN,NaN,408.549209,299.219818,416.953392,299.219818
NaN,NaN,410.650255,300.754358,417.478653,299.219818
NaN,NaN,410.650255,300.754358,417.478653,299.731331
NaN,NaN,411.700777,301.777385,418.003914,299.731331
NaN,NaN,411.700777,301.777385,419.054437,299.731331
NaN,NaN,411.700777,301.777385,419.054437,300.242845
NaN,NaN,412.226039,301.777385,419.054437,300.242845
NaN,NaN,412.226039,301.777385,419.054437,300.242845
NaN,NaN,412.751300,301.777385,419.054437,300.242845
NaN,NaN,413.801823,302.288898,419.054437,300.242845
NaN,NaN,414.852346,303.311925,NaN,NaN
NaN,NaN,414.852346,303.311925,NaN,NaN
NaN,NaN,414.852346,303.311925,NaN,NaN
NaN,NaN,415.377607,303.311925,NaN,NaN
NaN,NaN,415.377607,303.311925,NaN,NaN
NaN,NaN,415.377607,303.311925,NaN,NaN
NaN,NaN,416.428130,303.823439,NaN,NaN
NaN,NaN,416.428130,304.334952,NaN,NaN
NaN,NaN,418.529176,304.846466,NaN,NaN
NaN,NaN,418.529176,304.846466,NaN,NaN
NaN,NaN,418.529176,304.846466,NaN,NaN
NaN,NaN,418.529176,304.846466,NaN,NaN
NaN,NaN,418.529176,304.846466,NaN,NaN
NaN,NaN,418.529176,304.846466,NaN,NaN
NaN,NaN,418.529176,304.846466,NaN,NaN
NaN,NaN,420.104960,305.869493,NaN,NaN
NaN,NaN,420.104960,305.869493,NaN,NaN
NaN,NaN,420.104960,305.869493,NaN,NaN
NaN,NaN,420.104960,305.869493,NaN,NaN
NaN,NaN,420.104960,305.869493,NaN,NaN
NaN,NaN,420.104960,305.869493,NaN,NaN
NaN,NaN,420.630221,305.869493,NaN,NaN
NaN,NaN,420.630221,305.869493,NaN,NaN
NaN,NaN,420.630221,305.869493,NaN,NaN
NaN,NaN,420.630221,305.869493,NaN,NaN
NaN,NaN,420.630221,305.869493,NaN,NaN
NaN,NaN,420.630221,305.869493,NaN,NaN
NaN,NaN,420.630221,305.869493,NaN,NaN
NaN,NaN,420.630221,305.869493,NaN,NaN
NaN,NaN,420.630221,305.869493,NaN,NaN
NaN,NaN,420.630221,305.869493,NaN,NaN
NaN,NaN,420.630221,305.869493,NaN,NaN
NaN,NaN,420.630221,305.869493,NaN,NaN
NaN,NaN,420.630221,305.869493,NaN,NaN
NaN,NaN,420.630221,305.869493,NaN,NaN
NaN,NaN,420.630221,305.869493,NaN,NaN
NaN,NaN,420.630221,305.869493,NaN,NaN
NaN,NaN,420.630221,305.869493,NaN,NaN
NaN,NaN,420.630221,305.869493,NaN,NaN
NaN,NaN,420.630221,305.869493,NaN,NaN
NaN,NaN,420.630221,305.869493,NaN,NaN
NaN,NaN,420.630221,305.869493,NaN,NaN
NaN,NaN,420.630221,305.869493,NaN,NaN
NaN,NaN,420.630221,305.869493,NaN,NaN
NaN,NaN,420.630221,305.869493,NaN,NaN
NaN,NaN,420.630221,305.869493,NaN,NaN
NaN,NaN,420.630221,305.869493,NaN,NaN
NaN,NaN,420.630221,305.869493,NaN,NaN
NaN,NaN,420.630221,305.869493,NaN,NaN
NaN,NaN,420.630221,305.869493,NaN,NaN
NaN,NaN,421.680744,305.869493,NaN,NaN
NaN,NaN,421.680744,305.869493,NaN,NaN
NaN,NaN,421.680744,305.869493,NaN,NaN
NaN,NaN,422.206006,306.381006,NaN,NaN
NaN,NaN,422.206006,306.381006,NaN,NaN
NaN,NaN,422.206006,306.381006,NaN,NaN
NaN,NaN,422.206006,306.381006,NaN,NaN
NaN,NaN,422.206006,306.381006,NaN,NaN
NaN,NaN,422.731267,306.381006,NaN,NaN
NaN,NaN,424.832313,307.915547,NaN,NaN
NaN,NaN,424.832313,307.915547,NaN,NaN
NaN,NaN,424.832313,307.915547,NaN,NaN
NaN,NaN,424.832313,307.915547,NaN,NaN
NaN,NaN,423.256529,308.427060,NaN,NaN
NaN,NaN,423.256529,308.427060,NaN,NaN
NaN,NaN,423.256529,308.427060,NaN,NaN
NaN,NaN,423.256529,308.427060,NaN,NaN
NaN,NaN,423.256529,308.427060,NaN,NaN
NaN,NaN,423.256529,308.427060,NaN,NaN
NaN,NaN,423.256529,308.427060,NaN,NaN
NaN,NaN,423.256529,308.427060,NaN,NaN
NaN,NaN,423.256529,308.938573,NaN,NaN
NaN,NaN,423.256529,308.938573,NaN,NaN
NaN,NaN,423.256529,308.938573,NaN,NaN
NaN,NaN,423.256529,309.450087,NaN,NaN
NaN,NaN,423.256529,309.961600,NaN,NaN
NaN,NaN,423.256529,309.961600,NaN,NaN
NaN,NaN,423.256529,309.961600,NaN,NaN
NaN,NaN,423.256529,309.961600,NaN,NaN
NaN,NaN,423.256529,309.961600,NaN,NaN
NaN,NaN,423.256529,309.961600,NaN,NaN
NaN,NaN,423.256529,309.961600,NaN,NaN
NaN,NaN,423.256529,309.961600,NaN,NaN
NaN,NaN,423.256529,309.961600,NaN,NaN
NaN,NaN,423.256529,309.961600,NaN,NaN
NaN,NaN,423.781790,310.473114,NaN,NaN
NaN,NaN,423.781790,310.473114,NaN,NaN
NaN,NaN,423.781790,310.473114,NaN,NaN
NaN,NaN,423.781790,310.473114,NaN,NaN
NaN,NaN,423.781790,310.473114,NaN,NaN
NaN,NaN,423.781790,310.473114,NaN,NaN
NaN,NaN,423.781790,310.473114,NaN,NaN
NaN,NaN,423.781790,310.473114,NaN,NaN
NaN,NaN,423.781790,310.473114,NaN,NaN
NaN,NaN,423.781790,310.473114,NaN,NaN
NaN,NaN,423.781790,310.473114,NaN,NaN
NaN,NaN,423.781790,312.007654,NaN,NaN
NaN,NaN,423.781790,312.007654,NaN,NaN
NaN,NaN,423.781790,312.007654,NaN,NaN
NaN,NaN,423.781790,312.007654,NaN,NaN
NaN,NaN,423.781790,312.007654,NaN,NaN
NaN,NaN,423.781790,312.007654,NaN,NaN
NaN,NaN,423.781790,312.007654,NaN,NaN
NaN,NaN,423.781790,312.007654,NaN,NaN
NaN,NaN,423.781790,312.007654,NaN,NaN
NaN,NaN,423.781790,312.007654,NaN,NaN
NaN,NaN,423.781790,312.007654,NaN,NaN
NaN,NaN,423.781790,312.519168,NaN,NaN
NaN,NaN,423.781790,312.519168,NaN,NaN
NaN,NaN,423.781790,312.519168,NaN,NaN
NaN,NaN,423.781790,312.519168,NaN,NaN
NaN,NaN,423.781790,312.519168,NaN,NaN
NaN,NaN,423.781790,313.030681,NaN,NaN
NaN,NaN,423.781790,313.030681,NaN,NaN
NaN,NaN,424.307051,314.053708,NaN,NaN
NaN,NaN,424.307051,314.053708,NaN,NaN
NaN,NaN,424.307051,314.053708,NaN,NaN
NaN,NaN,424.307051,314.053708,NaN,NaN
NaN,NaN,424.307051,314.053708,NaN,NaN
NaN,NaN,424.307051,314.053708,NaN,NaN
NaN,NaN,424.307051,314.053708,NaN,NaN
NaN,NaN,424.307051,314.053708,NaN,NaN
NaN,NaN,424.307051,314.053708,NaN,NaN
NaN,NaN,424.307051,314.053708,NaN,NaN
NaN,NaN,424.832313,314.053708,NaN,NaN
NaN,NaN,424.832313,314.053708,NaN,NaN
NaN,NaN,424.832313,314.053708,NaN,NaN
NaN,NaN,424.832313,314.053708,NaN,NaN
NaN,NaN,424.832313,314.053708,NaN,NaN
NaN,NaN,425.357574,314.053708,NaN,NaN
NaN,NaN,425.357574,314.565222,NaN,NaN
NaN,NaN,425.357574,314.565222,NaN,NaN
NaN,NaN,425.357574,314.565222,NaN,NaN
NaN,NaN,425.357574,314.565222,NaN,NaN
NaN,NaN,425.357574,314.565222,NaN,NaN
NaN,NaN,425.357574,314.565222,NaN,NaN
NaN,NaN,425.357574,314.565222,NaN,NaN
NaN,NaN,425.357574,314.565222,NaN,NaN
NaN,NaN,425.357574,314.565222,NaN,NaN
NaN,NaN,425.357574,314.565222,NaN,NaN
NaN,NaN,425.357574,314.565222,NaN,NaN
NaN,NaN,425.357574,314.565222,NaN,NaN
NaN,NaN,425.357574,314.565222,NaN,NaN
NaN,NaN,425.357574,314.565222,NaN,NaN
NaN,NaN,425.357574,314.565222,NaN,NaN
NaN,NaN,425.357574,315.076735,NaN,NaN
NaN,NaN,425.357574,315.076735,NaN,NaN
NaN,NaN,426.408097,315.076735,NaN,NaN
NaN,NaN,426.408097,315.076735,NaN,NaN
NaN,NaN,426.408097,315.076735,NaN,NaN
NaN,NaN,426.408097,315.076735,NaN,NaN
NaN,NaN,426.408097,315.076735,NaN,NaN
NaN,NaN,426.408097,315.076735,NaN,NaN
NaN,NaN,426.408097,315.076735,NaN,NaN
NaN,NaN,426.408097,315.076735,NaN,NaN
NaN,NaN,426.408097,315.076735,NaN,NaN
NaN,NaN,426.408097,315.076735,NaN,NaN
NaN,NaN,426.408097,315.076735,NaN,NaN
NaN,NaN,426.408097,315.076735,NaN,NaN
NaN,NaN,425.882836,315.076735,NaN,NaN
NaN,NaN,425.882836,315.588248,NaN,NaN
NaN,NaN,425.882836,315.588248,NaN,NaN
NaN,NaN,425.882836,316.099762,NaN,NaN
NaN,NaN,425.882836,316.611275,NaN,NaN
NaN,NaN,425.882836,316.611275,NaN,NaN
NaN,NaN,425.882836,316.611275,NaN,NaN
NaN,NaN,425.882836,316.611275,NaN,NaN
NaN,NaN,425.882836,316.611275,NaN,NaN
NaN,NaN,425.882836,316.611275,NaN,NaN
NaN,NaN,425.882836,316.611275,NaN,NaN
NaN,NaN,425.882836,316.611275,NaN,NaN
NaN,NaN,425.882836,316.611275,NaN,NaN
NaN,NaN,425.882836,316.611275,NaN,NaN
NaN,NaN,425.882836,316.611275,NaN,NaN
NaN,NaN,425.882836,316.611275,NaN,NaN
NaN,NaN,425.882836,316.611275,NaN,NaN
NaN,NaN,425.882836,316.611275,NaN,NaN
NaN,NaN,425.882836,316.611275,NaN,NaN
NaN,NaN,426.408097,317.634302,NaN,NaN
NaN,NaN,426.408097,317.634302,NaN,NaN
NaN,NaN,426.408097,317.634302,NaN,NaN
NaN,NaN,426.408097,317.634302,NaN,NaN
NaN,NaN,426.408097,317.634302,NaN,NaN
NaN,NaN,426.408097,317.634302,NaN,NaN
NaN,NaN,427.458620,318.145816,NaN,NaN
NaN,NaN,427.458620,318.145816,NaN,NaN
NaN,NaN,427.458620,318.145816,NaN,NaN
NaN,NaN,427.458620,318.145816,NaN,NaN
NaN,NaN,NaN,NaN,NaN,NaN
NaN,NaN,NaN,NaN,NaN,NaN
NaN,NaN,NaN,NaN,NaN,NaN
NaN,NaN,NaN,NaN,NaN,NaN
NaN,NaN,NaN,NaN,NaN,NaN
NaN,NaN,NaN,NaN,NaN,NaN
NaN,NaN,NaN,NaN,NaN,NaN
NaN,NaN,NaN,NaN,NaN,NaN
NaN,NaN,NaN,NaN,NaN,NaN
NaN,NaN,NaN,NaN,NaN,NaN
NaN,NaN,NaN,NaN,NaN,NaN
NaN,NaN,NaN,NaN,NaN,NaN
NaN,NaN,NaN,NaN,NaN,NaN
NaN,NaN,NaN,NaN,NaN,NaN
NaN,NaN,NaN,NaN,NaN,NaN
NaN,NaN,NaN,NaN,NaN,NaN
NaN,NaN,NaN,NaN,NaN,NaN
NaN,NaN,NaN,NaN,NaN,NaN
NaN,NaN,NaN,NaN,NaN,NaN
NaN,NaN,NaN,NaN,NaN,NaN
NaN,NaN,NaN,NaN,NaN,NaN
NaN,NaN,NaN,NaN,NaN,NaN
NaN,NaN,NaN,NaN,NaN,NaN
NaN,NaN,NaN,NaN,NaN,NaN
NaN,NaN,NaN,NaN,NaN,NaN
NaN,NaN,NaN,NaN,NaN,NaN
NaN,NaN,NaN,NaN,NaN,NaN
NaN,NaN,NaN,NaN,NaN,NaN
NaN,NaN,NaN,NaN,NaN,NaN
NaN,NaN,NaN,NaN,NaN,NaN
NaN,NaN,NaN,NaN,NaN,NaN
NaN,NaN,NaN,NaN,NaN,NaN
NaN,NaN,NaN,NaN,NaN,NaN
NaN,NaN,NaN,NaN,NaN,NaN
NaN,NaN,NaN,NaN,NaN,NaN
NaN,NaN,NaN,NaN,NaN,NaN
NaN,NaN,NaN,NaN,NaN,NaN
NaN,NaN,NaN,NaN,NaN,NaN
NaN,NaN,NaN,NaN,NaN,NaN
NaN,NaN,NaN,NaN,NaN,NaN
NaN,NaN,NaN,NaN,NaN,NaN
NaN,NaN,NaN,NaN,NaN,NaN
NaN,NaN,NaN,NaN,NaN,NaN
NaN,NaN,NaN,NaN,NaN,NaN
NaN,NaN,NaN,NaN,NaN,NaN
NaN,NaN,NaN,NaN,NaN,NaN
NaN,NaN,NaN,NaN,NaN,NaN
NaN,NaN,NaN,NaN,NaN,NaN
NaN,NaN,NaN,NaN,NaN,NaN
NaN,NaN,NaN,NaN,NaN,NaN
NaN,NaN,NaN,NaN,NaN,NaN
NaN,NaN,NaN,NaN,NaN,NaN
NaN,NaN,NaN,NaN,NaN,NaN
NaN,NaN,NaN,NaN,NaN,NaN
NaN,NaN,NaN,NaN,NaN,NaN
NaN,NaN,NaN,NaN,NaN,NaN
NaN,NaN,NaN,NaN,NaN,NaN
NaN,NaN,NaN,NaN,NaN,NaN
NaN,NaN,NaN,NaN,NaN,NaN
NaN,NaN,NaN,NaN,NaN,NaN
NaN,NaN,NaN,NaN,NaN,NaN
NaN,NaN,NaN,NaN,NaN,NaN
NaN,NaN,NaN,NaN,NaN,NaN
NaN,NaN,NaN,NaN,NaN,NaN
NaN,NaN,NaN,NaN,NaN,NaN
NaN,NaN,NaN,NaN,NaN,NaN
NaN,NaN,NaN,NaN,NaN,NaN
NaN,NaN,NaN,NaN,NaN,NaN
NaN,NaN,NaN,NaN,NaN,NaN
NaN,NaN,NaN,NaN,NaN,NaN
NaN,NaN,NaN,NaN,NaN,NaN
NaN,NaN,NaN,NaN,NaN,NaN
NaN,NaN,NaN,NaN,NaN,NaN
NaN,NaN,NaN,NaN,NaN,NaN
NaN,NaN,NaN,NaN,NaN,NaN
NaN,NaN,NaN,NaN,NaN,NaN
NaN,NaN,NaN,NaN,NaN,NaN
NaN,NaN,NaN,NaN,NaN,NaN
NaN,NaN,NaN,NaN,NaN,NaN
NaN,NaN,NaN,NaN,NaN,NaN
NaN,NaN,NaN,NaN,NaN,NaN
NaN,NaN,NaN,NaN,NaN,NaN
NaN,NaN,NaN,NaN,NaN,NaN
NaN,NaN,NaN,NaN,NaN,NaN
NaN,NaN,NaN,NaN,NaN,NaN
NaN,NaN,NaN,NaN,NaN,NaN
NaN,NaN,NaN,NaN,NaN,NaN
NaN,NaN,NaN,NaN,NaN,NaN
NaN,NaN,NaN,NaN,NaN,NaN
NaN,NaN,NaN,NaN,NaN,NaN
NaN,NaN,NaN,NaN,NaN,NaN
NaN,NaN,NaN,NaN,NaN,NaN
NaN,NaN,NaN,NaN,NaN,NaN
NaN,NaN,NaN,NaN,NaN,NaN
NaN,NaN,NaN,NaN,NaN,NaN
NaN,NaN,NaN,NaN,NaN,NaN
NaN,NaN,NaN,NaN,NaN,NaN
NaN,NaN,NaN,NaN,NaN,NaN
NaN,NaN,NaN,NaN,NaN,NaN
NaN,NaN,NaN,NaN,NaN,NaN
NaN,NaN,NaN,NaN,NaN,NaN
NaN,NaN,NaN,NaN,NaN,NaN
NaN,NaN,NaN,NaN,NaN,NaN
NaN,NaN,NaN,NaN,NaN,NaN
NaN,NaN,NaN,NaN,NaN,NaN
NaN,NaN,NaN,NaN,NaN,NaN
NaN,NaN,NaN,NaN,NaN,NaN
NaN,NaN,NaN,NaN,NaN,NaN
NaN,NaN,NaN,NaN,NaN,NaN
NaN,NaN,NaN,NaN,NaN,NaN
NaN,NaN,NaN,NaN,NaN,NaN
NaN,NaN,NaN,NaN,NaN,NaN
NaN,NaN,NaN,NaN,NaN,NaN
NaN,NaN,NaN,NaN,NaN,NaN
NaN,NaN,NaN,NaN,NaN,NaN
NaN,NaN,NaN,NaN,NaN,NaN
NaN,NaN,NaN,NaN,NaN,NaN
NaN,NaN,NaN,NaN,NaN,NaN
NaN,NaN,NaN,NaN,NaN,NaN
NaN,NaN,NaN,NaN,NaN,NaN
NaN,NaN,NaN,NaN,NaN,NaN
NaN,NaN,NaN,NaN,NaN,NaN
NaN,NaN,NaN,NaN,NaN,NaN
NaN,NaN,NaN,NaN,NaN,NaN
NaN,NaN,NaN,NaN,NaN,NaN
NaN,NaN,NaN,NaN,NaN,NaN
NaN,NaN,NaN,NaN,NaN,NaN
NaN,NaN,NaN,NaN,NaN,NaN
NaN,NaN,NaN,NaN,NaN,NaN
NaN,NaN,NaN,NaN,NaN,NaN
NaN,NaN,NaN,NaN,NaN,NaN
NaN,NaN,NaN,NaN,NaN,NaN
NaN,NaN,NaN,NaN,NaN,NaN
NaN,NaN,NaN,NaN,NaN,NaN
NaN,NaN,NaN,NaN,NaN,NaN
NaN,NaN,NaN,NaN,NaN,NaN
NaN,NaN,NaN,NaN,NaN,NaN
NaN,NaN,NaN,NaN,NaN,NaN
NaN,NaN,NaN,NaN,NaN,NaN
NaN,NaN,NaN,NaN,NaN,NaN
NaN,NaN,NaN,NaN,NaN,NaN
NaN,NaN,NaN,NaN,NaN,NaN
NaN,NaN,NaN,NaN,NaN,NaN
NaN,NaN,NaN,NaN,NaN,NaN
NaN,NaN,NaN,NaN,NaN,NaN
NaN,NaN,NaN,NaN,NaN,NaN
NaN,NaN,NaN,NaN,NaN,NaN
NaN,NaN,NaN,NaN,NaN,NaN
NaN,NaN,NaN,NaN,NaN,NaN
NaN,NaN,NaN,NaN,NaN,NaN
NaN,NaN,NaN,NaN,NaN,NaN
NaN,NaN,NaN,NaN,NaN,NaN
NaN,NaN,NaN,NaN,NaN,NaN
NaN,NaN,NaN,NaN,NaN,NaN
NaN,NaN,NaN,NaN,NaN,NaN
NaN,NaN,NaN,NaN,NaN,NaN
NaN,NaN,NaN,NaN,NaN,NaN
NaN,NaN,NaN,NaN,NaN,NaN
NaN,NaN,NaN,NaN,NaN,NaN
NaN,NaN,NaN,NaN,NaN,NaN
NaN,NaN,NaN,NaN,NaN,NaN
NaN,NaN,NaN,NaN,NaN,NaN
NaN,NaN,NaN,NaN,NaN,NaN
NaN,NaN,NaN,NaN,NaN,NaN
NaN,NaN,NaN,NaN,NaN,NaN
NaN,NaN,NaN,NaN,NaN,NaN
NaN,NaN,NaN,NaN,NaN,NaN
NaN,NaN,NaN,NaN,NaN,NaN
NaN,NaN,NaN,NaN,NaN,NaN
NaN,NaN,NaN,NaN,NaN,NaN
NaN,NaN,NaN,NaN,NaN,NaN
NaN,NaN,NaN,NaN,NaN,NaN
NaN,NaN,NaN,NaN,NaN,NaN
NaN,NaN,NaN,NaN,NaN,NaN
NaN,NaN,NaN,NaN,NaN,NaN
NaN,NaN,NaN,NaN,NaN,NaN
NaN,NaN,NaN,NaN,NaN,NaN
NaN,NaN,NaN,NaN,NaN,NaN
NaN,NaN,NaN,NaN,NaN,NaN
NaN,NaN,NaN,NaN,NaN,NaN
NaN,NaN,NaN,NaN,NaN,NaN
NaN,NaN,NaN,NaN,NaN,NaN
NaN,NaN,NaN,NaN,NaN,NaN
NaN,NaN,NaN,NaN,NaN,NaN
NaN,NaN,NaN,NaN,NaN,NaN
NaN,NaN,NaN,NaN,NaN,NaN
NaN,NaN,NaN,NaN,NaN,NaN
NaN,NaN,NaN,NaN,NaN,NaN
NaN,NaN,NaN,NaN,NaN,NaN
NaN,NaN,NaN,NaN,NaN,NaN
NaN,NaN,NaN,NaN,NaN,NaN
NaN,NaN,NaN,NaN,NaN,NaN
NaN,NaN,NaN,NaN,NaN,NaN
NaN,NaN,NaN,NaN,NaN,NaN
NaN,NaN,NaN,NaN,NaN,NaN
NaN,NaN,NaN,NaN,NaN,NaN
NaN,NaN,NaN,NaN,NaN,NaN
NaN,NaN,NaN,NaN,NaN,NaN
NaN,NaN,NaN,NaN,NaN,NaN
NaN,NaN,NaN,NaN,NaN,NaN
NaN,NaN,NaN,NaN,NaN,NaN
NaN,NaN,NaN,NaN,NaN,NaN
NaN,NaN,NaN,NaN,NaN,NaN
NaN,NaN,NaN,NaN,NaN,NaN
NaN,NaN,NaN,NaN,NaN,NaN
NaN,NaN,NaN,NaN,NaN,NaN
NaN,NaN,NaN,NaN,NaN,NaN
NaN,NaN,NaN,NaN,NaN,NaN
NaN,NaN,NaN,NaN,NaN,NaN
NaN,NaN,NaN,NaN,NaN,NaN
NaN,NaN,NaN,NaN,NaN,NaN
NaN,NaN,NaN,NaN,NaN,NaN
NaN,NaN,NaN,NaN,NaN,NaN
NaN,NaN,NaN,NaN,NaN,NaN
NaN,NaN,NaN,NaN,NaN,NaN
NaN,NaN,NaN,NaN,NaN,NaN
NaN,NaN,NaN,NaN,NaN,NaN
NaN,NaN,NaN,NaN,NaN,NaN
NaN,NaN,NaN,NaN,NaN,NaN
NaN,NaN,NaN,NaN,NaN,NaN
NaN,NaN,NaN,NaN,NaN,NaN
NaN,NaN,NaN,NaN,NaN,NaN
NaN,NaN,NaN,NaN,NaN,NaN
NaN,NaN,NaN,NaN,NaN,NaN
NaN,NaN,NaN,NaN,NaN,NaN
NaN,NaN,NaN,NaN,NaN,NaN
NaN,NaN,NaN,NaN,NaN,NaN
NaN,NaN,NaN,NaN,NaN,NaN
NaN,NaN,NaN,NaN,NaN,NaN
NaN,NaN,NaN,NaN,NaN,NaN
NaN,NaN,NaN,NaN,NaN,NaN
NaN,NaN,NaN,NaN,NaN,NaN
NaN,NaN,NaN,NaN,NaN,NaN
NaN,NaN,NaN,NaN,NaN,NaN
NaN,NaN,NaN,NaN,NaN,NaN
NaN,NaN,NaN,NaN,NaN,NaN
NaN,NaN,NaN,NaN,NaN,NaN
NaN,NaN,NaN,NaN,NaN,NaN
NaN,NaN,NaN,NaN,NaN,NaN
NaN,NaN,NaN,NaN,NaN,NaN
NaN,NaN,NaN,NaN,NaN,NaN
NaN,NaN,NaN,NaN,NaN,NaN
NaN,NaN,NaN,NaN,NaN,NaN
NaN,NaN,NaN,NaN,NaN,NaN
NaN,NaN,NaN,NaN,NaN,NaN
NaN,NaN,NaN,NaN,NaN,NaN
NaN,NaN,NaN,NaN,NaN,NaN
NaN,NaN,NaN,NaN,NaN,NaN
NaN,NaN,NaN,NaN,NaN,NaN
NaN,NaN,NaN,NaN,NaN,NaN
NaN,NaN,NaN,NaN,NaN,NaN
NaN,NaN,NaN,NaN,NaN,NaN
NaN,NaN,NaN,NaN,NaN,NaN
NaN,NaN,NaN,NaN,NaN,NaN
NaN,NaN,NaN,NaN,NaN,NaN
NaN,NaN,NaN,NaN,NaN,NaN
NaN,NaN,NaN,NaN,NaN,NaN
NaN,NaN,NaN,NaN,NaN,NaN
NaN,NaN,NaN,NaN,NaN,NaN
NaN,NaN,NaN,NaN,NaN,NaN
NaN,NaN,NaN,NaN,NaN,NaN
NaN,NaN,NaN,NaN,NaN,NaN
NaN,NaN,NaN,NaN,NaN,NaN
NaN,NaN,NaN,NaN,NaN,NaN
NaN,NaN,NaN,NaN,NaN,NaN
NaN,NaN,NaN,NaN,NaN,NaN
NaN,NaN,NaN,NaN,NaN,NaN
NaN,NaN,NaN,NaN,NaN,NaN
NaN,NaN,NaN,NaN,NaN,NaN
NaN,NaN,NaN,NaN,NaN,NaN
NaN,NaN,NaN,NaN,NaN,NaN
NaN,NaN,NaN,NaN,NaN,NaN
NaN,NaN,NaN,NaN,NaN,NaN
NaN,NaN,NaN,NaN,NaN,NaN
NaN,NaN,NaN,NaN,NaN,NaN
NaN,NaN,NaN,NaN,NaN,NaN
NaN,NaN,NaN,NaN,NaN,NaN
NaN,NaN,NaN,NaN,NaN,NaN
NaN,NaN,NaN,NaN,NaN,NaN
NaN,NaN,NaN,NaN,NaN,NaN
NaN,NaN,NaN,NaN,NaN,NaN
NaN,NaN,NaN,NaN,NaN,NaN
NaN,NaN,NaN,NaN,NaN,NaN
NaN,NaN,NaN,NaN,NaN,NaN
NaN,NaN,NaN,NaN,NaN,NaN
NaN,NaN,NaN,NaN,NaN,NaN
NaN,NaN,NaN,NaN,NaN,NaN
NaN,NaN,NaN,NaN,NaN,NaN
NaN,NaN,NaN,NaN,NaN,NaN
NaN,NaN,NaN,NaN,NaN,NaN
NaN,NaN,NaN,NaN,NaN,NaN
NaN,NaN,NaN,NaN,NaN,NaN
NaN,NaN,NaN,NaN,NaN,NaN
NaN,NaN,NaN,NaN,NaN,NaN
NaN,NaN,NaN,NaN,NaN,NaN
NaN,NaN,NaN,NaN,NaN,NaN
NaN,NaN,NaN,NaN,NaN,NaN
NaN,NaN,NaN,NaN,NaN,NaN
NaN,NaN,NaN,NaN,NaN,NaN
NaN,NaN,NaN,NaN,NaN,NaN
NaN,NaN,NaN,NaN,NaN,NaN
NaN,NaN,NaN,NaN,NaN,NaN
NaN,NaN,NaN,NaN,NaN,NaN
NaN,NaN,NaN,NaN,NaN,NaN
NaN,NaN,NaN,NaN,NaN,NaN
NaN,NaN,NaN,NaN,NaN,NaN
NaN,NaN,NaN,NaN,NaN,NaN
NaN,NaN,NaN,NaN,NaN,NaN
NaN,NaN,NaN,NaN,NaN,NaN
NaN,NaN,NaN,NaN,NaN,NaN
NaN,NaN,NaN,NaN,NaN,NaN
NaN,NaN,NaN,NaN,NaN,NaN
NaN,NaN,NaN,NaN,NaN,NaN
NaN,NaN,NaN,NaN,NaN,NaN
NaN,NaN,NaN,NaN,NaN,NaN
NaN,NaN,NaN,NaN,NaN,NaN
NaN,NaN,NaN,NaN,NaN,NaN
NaN,NaN,NaN,NaN,NaN,NaN
NaN,NaN,NaN,NaN,NaN,NaN
NaN,NaN,NaN,NaN,NaN,NaN
NaN,NaN,NaN,NaN,NaN,NaN
NaN,NaN,NaN,NaN,NaN,NaN
NaN,NaN,NaN,NaN,NaN,NaN
NaN,NaN,NaN,NaN,NaN,NaN
NaN,NaN,NaN,NaN,NaN,NaN
NaN,NaN,NaN,NaN,NaN,NaN
NaN,NaN,NaN,NaN,NaN,NaN
NaN,NaN,NaN,NaN,NaN,NaN
NaN,NaN,NaN,NaN,NaN,NaN
NaN,NaN,NaN,NaN,NaN,NaN
NaN,NaN,NaN,NaN,NaN,NaN
NaN,NaN,NaN,NaN,NaN,NaN
NaN,NaN,NaN,NaN,NaN,NaN
NaN,NaN,NaN,NaN,NaN,NaN
NaN,NaN,NaN,NaN,NaN,NaN
NaN,NaN,NaN,NaN,NaN,NaN
NaN,NaN,NaN,NaN,NaN,NaN
NaN,NaN,NaN,NaN,NaN,NaN
NaN,NaN,NaN,NaN,NaN,NaN
NaN,NaN,NaN,NaN,NaN,NaN
NaN,NaN,NaN,NaN,NaN,NaN
NaN,NaN,NaN,NaN,NaN,NaN
NaN,NaN,NaN,NaN,NaN,NaN
NaN,NaN,NaN,NaN,NaN,NaN
NaN,NaN,NaN,NaN,NaN,NaN
NaN,NaN,NaN,NaN,NaN,NaN
NaN,NaN,NaN,NaN,NaN,NaN
NaN,NaN,NaN,NaN,NaN,NaN
NaN,NaN,NaN,NaN,NaN,NaN
NaN,NaN,NaN,NaN,NaN,NaN
NaN,NaN,NaN,NaN,NaN,NaN
NaN,NaN,NaN,NaN,NaN,NaN
NaN,NaN,NaN,NaN,NaN,NaN
NaN,NaN,NaN,NaN,NaN,NaN
NaN,NaN,NaN,NaN,NaN,NaN
NaN,NaN,NaN,NaN,NaN,NaN
NaN,NaN,NaN,NaN,NaN,NaN
NaN,NaN,NaN,NaN,NaN,NaN
