pt1_cam1_X,pt1_cam1_Y,pt2_cam1_X,pt2_cam1_Y,pt3_cam1_X,pt3_cam1_Y
NaN,NaN,NaN,NaN,NaN,NaN
NaN,NaN,NaN,NaN,NaN,NaN
NaN,NaN,NaN,NaN,NaN,NaN
NaN,NaN,NaN,NaN,NaN,NaN
NaN,NaN,NaN,NaN,NaN,NaN
NaN,NaN,NaN,NaN,NaN,NaN
NaN,NaN,NaN,NaN,NaN,NaN
NaN,NaN,NaN,NaN,NaN,NaN
NaN,NaN,NaN,NaN,NaN,NaN
NaN,NaN,NaN,NaN,NaN,NaN
NaN,NaN,NaN,NaN,NaN,NaN
NaN,NaN,NaN,NaN,NaN,NaN
NaN,NaN,NaN,NaN,NaN,NaN
NaN,NaN,NaN,NaN,NaN,NaN
NaN,NaN,NaN,NaN,NaN,NaN
NaN,NaN,NaN,NaN,NaN,NaN
NaN,NaN,NaN,NaN,NaN,NaN
NaN,NaN,NaN,NaN,NaN,NaN
NaN,NaN,NaN,NaN,NaN,NaN
NaN,NaN,NaN,NaN,NaN,NaN
NaN,NaN,NaN,NaN,NaN,NaN
NaN,NaN,NaN,NaN,NaN,NaN
NaN,NaN,NaN,NaN,NaN,NaN
NaN,NaN,NaN,NaN,NaN,NaN
NaN,NaN,NaN,NaN,NaN,NaN
NaN,NaN,NaN,NaN,NaN,NaN
NaN,NaN,NaN,NaN,NaN,NaN
NaN,NaN,NaN,NaN,NaN,NaN
NaN,NaN,NaN,NaN,NaN,NaN
NaN,NaN,NaN,NaN,NaN,NaN
NaN,NaN,NaN,NaN,NaN,NaN
NaN,NaN,NaN,NaN,NaN,NaN
NaN,NaN,NaN,NaN,NaN,NaN
NaN,NaN,NaN,NaN,NaN,NaN
NaN,NaN,NaN,NaN,NaN,NaN
NaN,NaN,NaN,NaN,NaN,NaN
NaN,NaN,NaN,NaN,NaN,NaN
NaN,NaN,NaN,NaN,NaN,NaN
NaN,NaN,NaN,NaN,NaN,NaN
NaN,NaN,NaN,NaN,NaN,NaN
NaN,NaN,NaN,NaN,NaN,NaN
NaN,NaN,NaN,NaN,NaN,NaN
NaN,NaN,NaN,NaN,NaN,NaN
NaN,NaN,NaN,NaN,NaN,NaN
NaN,NaN,NaN,NaN,NaN,NaN
NaN,NaN,NaN,NaN,NaN,NaN
NaN,NaN,NaN,NaN,NaN,NaN
NaN,NaN,NaN,NaN,NaN,NaN
NaN,NaN,NaN,NaN,NaN,NaN
NaN,NaN,NaN,NaN,NaN,NaN
NaN,NaN,NaN,NaN,NaN,NaN
NaN,NaN,NaN,NaN,NaN,NaN
NaN,NaN,NaN,NaN,NaN,NaN
NaN,NaN,NaN,NaN,NaN,NaN
NaN,NaN,NaN,NaN,NaN,NaN
NaN,NaN,NaN,NaN,NaN,NaN
NaN,NaN,NaN,NaN,NaN,NaN
NaN,NaN,NaN,NaN,NaN,NaN
NaN,NaN,NaN,NaN,NaN,NaN
NaN,NaN,NaN,NaN,NaN,NaN
NaN,NaN,NaN,NaN,NaN,NaN
NaN,NaN,NaN,NaN,NaN,NaN
NaN,NaN,NaN,NaN,NaN,NaN
NaN,NaN,NaN,NaN,NaN,NaN
NaN,NaN,NaN,NaN,NaN,NaN
NaN,NaN,NaN,NaN,NaN,NaN
NaN,NaN,NaN,NaN,NaN,NaN
NaN,NaN,NaN,NaN,NaN,NaN
NaN,NaN,NaN,NaN,NaN,NaN
NaN,NaN,NaN,NaN,NaN,NaN
NaN,NaN,NaN,NaN,NaN,NaN
NaN,NaN,NaN,NaN,NaN,NaN
NaN,NaN,NaN,NaN,NaN,NaN
NaN,NaN,NaN,NaN,NaN,NaN
NaN,NaN,NaN,NaN,NaN,NaN
NaN,NaN,NaN,NaN,NaN,NaN
NaN,NaN,NaN,NaN,NaN,NaN
NaN,NaN,NaN,NaN,NaN,NaN
NaN,NaN,NaN,NaN,NaN,NaN
NaN,NaN,NaN,NaN,NaN,NaN
NaN,NaN,NaN,NaN,NaN,NaN
NaN,NaN,NaN,NaN,NaN,NaN
NaN,NaN,NaN,NaN,NaN,NaN
NaN,NaN,NaN,NaN,NaN,NaN
NaN,NaN,NaN,NaN,NaN,NaN
NaN,NaN,NaN,NaN,NaN,NaN
NaN,NaN,NaN,NaN,NaN,NaN
NaN,NaN,NaN,NaN,NaN,NaN
NaN,NaN,NaN,NaN,NaN,NaN
NaN,NaN,NaN,NaN,NaN,NaN
NaN,NaN,NaN,NaN,NaN,NaN
NaN,NaN,NaN,NaN,NaN,NaN
NaN,NaN,NaN,NaN,NaN,NaN
NaN,NaN,NaN,NaN,NaN,NaN
NaN,NaN,NaN,NaN,NaN,NaN
NaN,NaN,NaN,NaN,NaN,NaN
NaN,NaN,NaN,NaN,NaN,NaN
NaN,NaN,NaN,NaN,NaN,NaN
NaN,NaN,NaN,NaN,NaN,NaN
NaN,NaN,NaN,NaN,NaN,NaN
NaN,NaN,NaN,NaN,NaN,NaN
NaN,NaN,NaN,NaN,NaN,NaN
NaN,NaN,NaN,NaN,NaN,NaN
NaN,NaN,NaN,NaN,NaN,NaN
NaN,NaN,NaN,NaN,NaN,NaN
NaN,NaN,NaN,NaN,NaN,NaN
NaN,NaN,NaN,NaN,NaN,NaN
NaN,NaN,NaN,NaN,NaN,NaN
NaN,NaN,NaN,NaN,NaN,NaN
NaN,NaN,NaN,NaN,NaN,NaN
NaN,NaN,NaN,NaN,NaN,NaN
NaN,NaN,NaN,NaN,NaN,NaN
NaN,NaN,NaN,NaN,NaN,NaN
NaN,NaN,NaN,NaN,NaN,NaN
NaN,NaN,NaN,NaN,NaN,NaN
NaN,NaN,NaN,NaN,NaN,NaN
NaN,NaN,NaN,NaN,NaN,NaN
NaN,NaN,NaN,NaN,NaN,NaN
NaN,NaN,NaN,NaN,NaN,NaN
NaN,NaN,NaN,NaN,NaN,NaN
NaN,NaN,NaN,NaN,NaN,NaN
NaN,NaN,NaN,NaN,NaN,NaN
NaN,NaN,NaN,NaN,NaN,NaN
NaN,NaN,NaN,NaN,NaN,NaN
NaN,NaN,NaN,NaN,NaN,NaN
NaN,NaN,NaN,NaN,NaN,NaN
NaN,NaN,NaN,NaN,NaN,NaN
NaN,NaN,NaN,NaN,NaN,NaN
NaN,NaN,NaN,NaN,NaN,NaN
NaN,NaN,NaN,NaN,NaN,NaN
NaN,NaN,NaN,NaN,NaN,NaN
NaN,NaN,NaN,NaN,NaN,NaN
NaN,NaN,NaN,NaN,NaN,NaN
NaN,NaN,NaN,NaN,NaN,NaN
NaN,NaN,NaN,NaN,NaN,NaN
NaN,NaN,NaN,NaN,NaN,NaN
NaN,NaN,NaN,NaN,NaN,NaN
NaN,NaN,NaN,NaN,NaN,NaN
NaN,NaN,NaN,NaN,NaN,NaN
NaN,NaN,NaN,NaN,NaN,NaN
NaN,NaN,NaN,NaN,NaN,NaN
NaN,NaN,NaN,NaN,NaN,NaN
NaN,NaN,NaN,NaN,NaN,NaN
NaN,NaN,NaN,NaN,NaN,NaN
NaN,NaN,NaN,NaN,NaN,NaN
NaN,NaN,NaN,NaN,NaN,NaN
NaN,NaN,NaN,NaN,NaN,NaN
NaN,NaN,NaN,NaN,NaN,NaN
NaN,NaN,NaN,NaN,NaN,NaN
NaN,NaN,NaN,NaN,NaN,NaN
NaN,NaN,NaN,NaN,NaN,NaN
NaN,NaN,NaN,NaN,NaN,NaN
NaN,NaN,NaN,NaN,NaN,NaN
NaN,NaN,NaN,NaN,NaN,NaN
NaN,NaN,NaN,NaN,NaN,NaN
NaN,NaN,NaN,NaN,NaN,NaN
NaN,NaN,NaN,NaN,NaN,NaN
NaN,NaN,NaN,NaN,NaN,NaN
NaN,NaN,NaN,NaN,NaN,NaN
NaN,NaN,NaN,NaN,NaN,NaN
NaN,NaN,NaN,NaN,NaN,NaN
NaN,NaN,NaN,NaN,NaN,NaN
NaN,NaN,NaN,NaN,NaN,NaN
NaN,NaN,NaN,NaN,NaN,NaN
NaN,NaN,NaN,NaN,NaN,NaN
NaN,NaN,NaN,NaN,NaN,NaN
NaN,NaN,NaN,NaN,NaN,NaN
NaN,NaN,NaN,NaN,NaN,NaN
NaN,NaN,NaN,NaN,NaN,NaN
NaN,NaN,NaN,NaN,NaN,NaN
NaN,NaN,NaN,NaN,NaN,NaN
NaN,NaN,NaN,NaN,NaN,NaN
NaN,NaN,NaN,NaN,NaN,NaN
NaN,NaN,NaN,NaN,NaN,NaN
NaN,NaN,NaN,NaN,NaN,NaN
NaN,NaN,NaN,NaN,NaN,NaN
NaN,NaN,NaN,NaN,NaN,NaN
NaN,NaN,NaN,NaN,NaN,NaN
NaN,NaN,NaN,NaN,NaN,NaN
NaN,NaN,NaN,NaN,NaN,NaN
NaN,NaN,NaN,NaN,NaN,NaN
NaN,NaN,NaN,NaN,NaN,NaN
NaN,NaN,NaN,NaN,NaN,NaN
NaN,NaN,NaN,NaN,NaN,NaN
NaN,NaN,NaN,NaN,NaN,NaN
NaN,NaN,NaN,NaN,NaN,NaN
NaN,NaN,NaN,NaN,NaN,NaN
NaN,NaN,NaN,NaN,NaN,NaN
NaN,NaN,NaN,NaN,NaN,NaN
NaN,NaN,NaN,NaN,NaN,NaN
NaN,NaN,NaN,NaN,NaN,NaN
NaN,NaN,NaN,NaN,NaN,NaN
NaN,NaN,NaN,NaN,NaN,NaN
NaN,NaN,NaN,NaN,NaN,NaN
NaN,NaN,NaN,NaN,NaN,NaN
NaN,NaN,NaN,NaN,NaN,NaN
NaN,NaN,NaN,NaN,NaN,NaN
NaN,NaN,NaN,NaN,NaN,NaN
NaN,NaN,NaN,NaN,NaN,NaN
NaN,NaN,NaN,NaN,NaN,NaN
NaN,NaN,NaN,NaN,NaN,NaN
NaN,NaN,NaN,NaN,NaN,NaN
NaN,NaN,NaN,NaN,NaN,NaN
NaN,NaN,NaN,NaN,NaN,NaN
NaN,NaN,NaN,NaN,NaN,NaN
NaN,NaN,NaN,NaN,NaN,NaN
NaN,NaN,NaN,NaN,NaN,NaN
NaN,NaN,NaN,NaN,NaN,NaN
NaN,NaN,NaN,NaN,NaN,NaN
NaN,NaN,NaN,NaN,NaN,NaN
NaN,NaN,NaN,NaN,NaN,NaN
NaN,NaN,NaN,NaN,NaN,NaN
NaN,NaN,NaN,NaN,NaN,NaN
NaN,NaN,NaN,NaN,NaN,NaN
NaN,NaN,NaN,NaN,NaN,NaN
NaN,NaN,NaN,NaN,NaN,NaN
NaN,NaN,NaN,NaN,NaN,NaN
NaN,NaN,NaN,NaN,NaN,NaN
NaN,NaN,NaN,NaN,NaN,NaN
NaN,NaN,NaN,NaN,NaN,NaN
NaN,NaN,NaN,NaN,NaN,NaN
NaN,NaN,NaN,NaN,NaN,NaN
NaN,NaN,NaN,NaN,NaN,NaN
NaN,NaN,NaN,NaN,NaN,NaN
NaN,NaN,NaN,NaN,NaN,NaN
NaN,NaN,NaN,NaN,NaN,NaN
NaN,NaN,NaN,NaN,NaN,NaN
NaN,NaN,NaN,NaN,NaN,NaN
NaN,NaN,NaN,NaN,NaN,NaN
NaN,NaN,NaN,NaN,NaN,NaN
NaN,NaN,NaN,NaN,NaN,NaN
NaN,NaN,NaN,NaN,NaN,NaN
NaN,NaN,NaN,NaN,NaN,NaN
NaN,NaN,NaN,NaN,NaN,NaN
NaN,NaN,NaN,NaN,NaN,NaN
NaN,NaN,NaN,NaN,NaN,NaN
NaN,NaN,NaN,NaN,NaN,NaN
NaN,NaN,NaN,NaN,NaN,NaN
NaN,NaN,NaN,NaN,NaN,NaN
NaN,NaN,NaN,NaN,NaN,NaN
NaN,NaN,NaN,NaN,NaN,NaN
NaN,NaN,NaN,NaN,NaN,NaN
NaN,NaN,NaN,NaN,NaN,NaN
NaN,NaN,NaN,NaN,NaN,NaN
NaN,NaN,NaN,NaN,NaN,NaN
NaN,NaN,NaN,NaN,NaN,NaN
NaN,NaN,NaN,NaN,NaN,NaN
NaN,NaN,NaN,NaN,NaN,NaN
NaN,NaN,NaN,NaN,NaN,NaN
NaN,NaN,NaN,NaN,NaN,NaN
NaN,NaN,NaN,NaN,NaN,NaN
NaN,NaN,NaN,NaN,NaN,NaN
NaN,NaN,NaN,NaN,NaN,NaN
NaN,NaN,NaN,NaN,NaN,NaN
NaN,NaN,NaN,NaN,NaN,NaN
NaN,NaN,NaN,NaN,NaN,NaN
NaN,NaN,NaN,NaN,NaN,NaN
NaN,NaN,NaN,NaN,NaN,NaN
NaN,NaN,NaN,NaN,NaN,NaN
NaN,NaN,NaN,NaN,NaN,NaN
NaN,NaN,NaN,NaN,NaN,NaN
NaN,NaN,NaN,NaN,NaN,NaN
NaN,NaN,NaN,NaN,NaN,NaN
NaN,NaN,NaN,NaN,NaN,NaN
NaN,NaN,NaN,NaN,NaN,NaN
NaN,NaN,NaN,NaN,NaN,NaN
NaN,NaN,NaN,NaN,NaN,NaN
NaN,NaN,NaN,NaN,NaN,NaN
NaN,NaN,NaN,NaN,NaN,NaN
NaN,NaN,NaN,NaN,NaN,NaN
NaN,NaN,NaN,NaN,NaN,NaN
NaN,NaN,NaN,NaN,NaN,NaN
NaN,NaN,NaN,NaN,NaN,NaN
NaN,NaN,NaN,NaN,NaN,NaN
NaN,NaN,NaN,NaN,NaN,NaN
NaN,NaN,NaN,NaN,NaN,NaN
NaN,NaN,NaN,NaN,NaN,NaN
NaN,NaN,NaN,NaN,NaN,NaN
NaN,NaN,NaN,NaN,NaN,NaN
NaN,NaN,NaN,NaN,NaN,NaN
NaN,NaN,NaN,NaN,NaN,NaN
NaN,NaN,NaN,NaN,NaN,NaN
NaN,NaN,NaN,NaN,NaN,NaN
NaN,NaN,NaN,NaN,NaN,NaN
NaN,NaN,NaN,NaN,NaN,NaN
NaN,NaN,NaN,NaN,NaN,NaN
NaN,NaN,NaN,NaN,NaN,NaN
NaN,NaN,NaN,NaN,NaN,NaN
NaN,NaN,NaN,NaN,NaN,NaN
NaN,NaN,NaN,NaN,NaN,NaN
NaN,NaN,NaN,NaN,NaN,NaN
NaN,NaN,NaN,NaN,NaN,NaN
NaN,NaN,NaN,NaN,NaN,NaN
NaN,NaN,NaN,NaN,NaN,NaN
NaN,NaN,NaN,NaN,NaN,NaN
NaN,NaN,NaN,NaN,NaN,NaN
NaN,NaN,NaN,NaN,NaN,NaN
NaN,NaN,NaN,NaN,NaN,NaN
NaN,NaN,NaN,NaN,NaN,NaN
NaN,NaN,NaN,NaN,NaN,NaN
NaN,NaN,NaN,NaN,NaN,NaN
NaN,NaN,NaN,NaN,NaN,NaN
NaN,NaN,NaN,NaN,NaN,NaN
NaN,NaN,NaN,NaN,NaN,NaN
NaN,NaN,NaN,NaN,NaN,NaN
NaN,NaN,NaN,NaN,NaN,NaN
NaN,NaN,NaN,NaN,NaN,NaN
NaN,NaN,NaN,NaN,NaN,NaN
NaN,NaN,NaN,NaN,NaN,NaN
NaN,NaN,NaN,NaN,NaN,NaN
NaN,NaN,NaN,NaN,NaN,NaN
NaN,NaN,NaN,NaN,NaN,NaN
NaN,NaN,NaN,NaN,NaN,NaN
NaN,NaN,NaN,NaN,NaN,NaN
NaN,NaN,NaN,NaN,NaN,NaN
NaN,NaN,NaN,NaN,NaN,NaN
NaN,NaN,NaN,NaN,NaN,NaN
NaN,NaN,NaN,NaN,NaN,NaN
NaN,NaN,NaN,NaN,NaN,NaN
NaN,NaN,NaN,NaN,NaN,NaN
NaN,NaN,NaN,NaN,NaN,NaN
NaN,NaN,NaN,NaN,NaN,NaN
NaN,NaN,NaN,NaN,NaN,NaN
NaN,NaN,NaN,NaN,NaN,NaN
NaN,NaN,NaN,NaN,NaN,NaN
NaN,NaN,NaN,NaN,NaN,NaN
NaN,NaN,NaN,NaN,NaN,NaN
NaN,NaN,NaN,NaN,NaN,NaN
NaN,NaN,NaN,NaN,NaN,NaN
NaN,NaN,NaN,NaN,NaN,NaN
NaN,NaN,NaN,NaN,NaN,NaN
NaN,NaN,NaN,NaN,NaN,NaN
NaN,NaN,NaN,NaN,NaN,NaN
NaN,NaN,NaN,NaN,NaN,NaN
NaN,NaN,NaN,NaN,NaN,NaN
NaN,NaN,NaN,NaN,NaN,NaN
NaN,NaN,NaN,NaN,NaN,NaN
NaN,NaN,NaN,NaN,NaN,NaN
NaN,NaN,NaN,NaN,NaN,NaN
NaN,NaN,NaN,NaN,NaN,NaN
NaN,NaN,NaN,NaN,NaN,NaN
NaN,NaN,NaN,NaN,NaN,NaN
NaN,NaN,NaN,NaN,NaN,NaN
NaN,NaN,NaN,NaN,NaN,NaN
NaN,NaN,NaN,NaN,NaN,NaN
NaN,NaN,NaN,NaN,NaN,NaN
NaN,NaN,NaN,NaN,NaN,NaN
NaN,NaN,NaN,NaN,NaN,NaN
NaN,NaN,NaN,NaN,NaN,NaN
NaN,NaN,NaN,NaN,NaN,NaN
NaN,NaN,NaN,NaN,NaN,NaN
NaN,NaN,NaN,NaN,NaN,NaN
NaN,NaN,NaN,NaN,NaN,NaN
NaN,NaN,NaN,NaN,NaN,NaN
NaN,NaN,NaN,NaN,NaN,NaN
NaN,NaN,NaN,NaN,NaN,NaN
NaN,NaN,NaN,NaN,NaN,NaN
NaN,NaN,NaN,NaN,NaN,NaN
NaN,NaN,NaN,NaN,NaN,NaN
NaN,NaN,NaN,NaN,NaN,NaN
NaN,NaN,NaN,NaN,NaN,NaN
NaN,NaN,NaN,NaN,NaN,NaN
NaN,NaN,NaN,NaN,NaN,NaN
NaN,NaN,NaN,NaN,NaN,NaN
NaN,NaN,NaN,NaN,NaN,NaN
NaN,NaN,NaN,NaN,NaN,NaN
NaN,NaN,NaN,NaN,NaN,NaN
NaN,NaN,NaN,NaN,NaN,NaN
NaN,NaN,NaN,NaN,NaN,NaN
NaN,NaN,NaN,NaN,NaN,NaN
NaN,NaN,NaN,NaN,NaN,NaN
NaN,NaN,NaN,NaN,NaN,NaN
NaN,NaN,NaN,NaN,NaN,NaN
NaN,NaN,NaN,NaN,NaN,NaN
NaN,NaN,NaN,NaN,NaN,NaN
NaN,NaN,NaN,NaN,NaN,NaN
NaN,NaN,NaN,NaN,NaN,NaN
NaN,NaN,NaN,NaN,NaN,NaN
NaN,NaN,NaN,NaN,NaN,NaN
NaN,NaN,NaN,NaN,NaN,NaN
NaN,NaN,NaN,NaN,NaN,NaN
NaN,NaN,NaN,NaN,NaN,NaN
NaN,NaN,NaN,NaN,NaN,NaN
NaN,NaN,NaN,NaN,NaN,NaN
NaN,NaN,NaN,NaN,NaN,NaN
NaN,NaN,NaN,NaN,NaN,NaN
NaN,NaN,NaN,NaN,NaN,NaN
NaN,NaN,NaN,NaN,NaN,NaN
NaN,NaN,NaN,NaN,NaN,NaN
NaN,NaN,NaN,NaN,NaN,NaN
NaN,NaN,NaN,NaN,NaN,NaN
NaN,NaN,NaN,NaN,NaN,NaN
NaN,NaN,NaN,NaN,NaN,NaN
NaN,NaN,NaN,NaN,NaN,NaN
NaN,NaN,NaN,NaN,NaN,NaN
NaN,NaN,NaN,NaN,NaN,NaN
NaN,NaN,NaN,NaN,NaN,NaN
NaN,NaN,NaN,NaN,NaN,NaN
NaN,NaN,NaN,NaN,NaN,NaN
NaN,NaN,NaN,NaN,NaN,NaN
NaN,NaN,NaN,NaN,NaN,NaN
NaN,NaN,NaN,NaN,NaN,NaN
NaN,NaN,NaN,NaN,NaN,NaN
NaN,NaN,NaN,NaN,NaN,NaN
NaN,NaN,NaN,NaN,NaN,NaN
NaN,NaN,NaN,NaN,NaN,NaN
NaN,NaN,NaN,NaN,NaN,NaN
NaN,NaN,NaN,NaN,NaN,NaN
NaN,NaN,NaN,NaN,NaN,NaN
NaN,NaN,NaN,NaN,NaN,NaN
NaN,NaN,NaN,NaN,NaN,NaN
NaN,NaN,NaN,NaN,NaN,NaN
NaN,NaN,NaN,NaN,NaN,NaN
NaN,NaN,NaN,NaN,NaN,NaN
NaN,NaN,NaN,NaN,NaN,NaN
NaN,NaN,NaN,NaN,NaN,NaN
NaN,NaN,NaN,NaN,NaN,NaN
NaN,NaN,NaN,NaN,NaN,NaN
NaN,NaN,NaN,NaN,NaN,NaN
NaN,NaN,NaN,NaN,NaN,NaN
NaN,NaN,NaN,NaN,NaN,NaN
NaN,NaN,NaN,NaN,NaN,NaN
NaN,NaN,NaN,NaN,NaN,NaN
NaN,NaN,NaN,NaN,NaN,NaN
NaN,NaN,NaN,NaN,NaN,NaN
NaN,NaN,NaN,NaN,NaN,NaN
NaN,NaN,NaN,NaN,NaN,NaN
NaN,NaN,NaN,NaN,NaN,NaN
NaN,NaN,NaN,NaN,NaN,NaN
NaN,NaN,NaN,NaN,NaN,NaN
NaN,NaN,NaN,NaN,NaN,NaN
NaN,NaN,NaN,NaN,NaN,NaN
NaN,NaN,NaN,NaN,NaN,NaN
NaN,NaN,NaN,NaN,NaN,NaN
NaN,NaN,NaN,NaN,NaN,NaN
NaN,NaN,NaN,NaN,NaN,NaN
NaN,NaN,NaN,NaN,NaN,NaN
NaN,NaN,NaN,NaN,NaN,NaN
NaN,NaN,NaN,NaN,NaN,NaN
NaN,NaN,NaN,NaN,NaN,NaN
NaN,NaN,NaN,NaN,NaN,NaN
NaN,NaN,NaN,NaN,NaN,NaN
NaN,NaN,NaN,NaN,NaN,NaN
NaN,NaN,NaN,NaN,NaN,NaN
NaN,NaN,NaN,NaN,NaN,NaN
NaN,NaN,NaN,NaN,NaN,NaN
NaN,NaN,NaN,NaN,NaN,NaN
NaN,NaN,NaN,NaN,NaN,NaN
NaN,NaN,NaN,NaN,NaN,NaN
NaN,NaN,NaN,NaN,NaN,NaN
NaN,NaN,NaN,NaN,NaN,NaN
NaN,NaN,NaN,NaN,NaN,NaN
NaN,NaN,NaN,NaN,NaN,NaN
NaN,NaN,NaN,NaN,NaN,NaN
NaN,NaN,NaN,NaN,NaN,NaN
NaN,NaN,NaN,NaN,NaN,NaN
NaN,NaN,NaN,NaN,NaN,NaN
NaN,NaN,NaN,NaN,NaN,NaN
NaN,NaN,NaN,NaN,NaN,NaN
NaN,NaN,NaN,NaN,NaN,NaN
NaN,NaN,NaN,NaN,NaN,NaN
NaN,NaN,NaN,NaN,NaN,NaN
NaN,NaN,NaN,NaN,NaN,NaN
NaN,NaN,NaN,NaN,NaN,NaN
NaN,NaN,NaN,NaN,NaN,NaN
NaN,NaN,NaN,NaN,NaN,NaN
NaN,NaN,NaN,NaN,NaN,NaN
NaN,NaN,NaN,NaN,NaN,NaN
NaN,NaN,NaN,NaN,NaN,NaN
NaN,NaN,NaN,NaN,NaN,NaN
NaN,NaN,NaN,NaN,NaN,NaN
NaN,NaN,NaN,NaN,NaN,NaN
NaN,NaN,NaN,NaN,NaN,NaN
NaN,NaN,NaN,NaN,NaN,NaN
NaN,NaN,NaN,NaN,NaN,NaN
NaN,NaN,NaN,NaN,NaN,NaN
NaN,NaN,NaN,NaN,NaN,NaN
NaN,NaN,NaN,NaN,NaN,NaN
NaN,NaN,NaN,NaN,NaN,NaN
NaN,NaN,NaN,NaN,NaN,NaN
NaN,NaN,NaN,NaN,NaN,NaN
NaN,NaN,NaN,NaN,NaN,NaN
NaN,NaN,NaN,NaN,NaN,NaN
NaN,NaN,NaN,NaN,NaN,NaN
NaN,NaN,NaN,NaN,NaN,NaN
NaN,NaN,NaN,NaN,NaN,NaN
NaN,NaN,NaN,NaN,NaN,NaN
NaN,NaN,NaN,NaN,NaN,NaN
NaN,NaN,NaN,NaN,NaN,NaN
NaN,NaN,NaN,NaN,NaN,NaN
NaN,NaN,NaN,NaN,NaN,NaN
NaN,NaN,NaN,NaN,NaN,NaN
NaN,NaN,NaN,NaN,NaN,NaN
NaN,NaN,NaN,NaN,NaN,NaN
NaN,NaN,NaN,NaN,NaN,NaN
NaN,NaN,NaN,NaN,NaN,NaN
NaN,NaN,NaN,NaN,NaN,NaN
NaN,NaN,NaN,NaN,NaN,NaN
NaN,NaN,NaN,NaN,NaN,NaN
NaN,NaN,NaN,NaN,NaN,NaN
NaN,NaN,NaN,NaN,NaN,NaN
NaN,NaN,NaN,NaN,NaN,NaN
NaN,NaN,NaN,NaN,NaN,NaN
NaN,NaN,NaN,NaN,NaN,NaN
NaN,NaN,NaN,NaN,NaN,NaN
NaN,NaN,NaN,NaN,NaN,NaN
NaN,NaN,NaN,NaN,NaN,NaN
NaN,NaN,NaN,NaN,NaN,NaN
NaN,NaN,NaN,NaN,NaN,NaN
NaN,NaN,NaN,NaN,NaN,NaN
NaN,NaN,NaN,NaN,NaN,NaN
NaN,NaN,NaN,NaN,NaN,NaN
NaN,NaN,NaN,NaN,NaN,NaN
NaN,NaN,NaN,NaN,NaN,NaN
NaN,NaN,NaN,NaN,NaN,NaN
NaN,NaN,NaN,NaN,NaN,NaN
NaN,NaN,NaN,NaN,NaN,NaN
NaN,NaN,NaN,NaN,NaN,NaN
NaN,NaN,NaN,NaN,NaN,NaN
NaN,NaN,NaN,NaN,NaN,NaN
NaN,NaN,NaN,NaN,NaN,NaN
NaN,NaN,NaN,NaN,NaN,NaN
NaN,NaN,NaN,NaN,NaN,NaN
NaN,NaN,NaN,NaN,NaN,NaN
NaN,NaN,NaN,NaN,NaN,NaN
NaN,NaN,NaN,NaN,NaN,NaN
NaN,NaN,NaN,NaN,NaN,NaN
NaN,NaN,NaN,NaN,NaN,NaN
NaN,NaN,NaN,NaN,NaN,NaN
NaN,NaN,NaN,NaN,NaN,NaN
NaN,NaN,NaN,NaN,NaN,NaN
NaN,NaN,NaN,NaN,NaN,NaN
NaN,NaN,NaN,NaN,NaN,NaN
NaN,NaN,NaN,NaN,NaN,NaN
NaN,NaN,NaN,NaN,NaN,NaN
NaN,NaN,NaN,NaN,NaN,NaN
NaN,NaN,NaN,NaN,NaN,NaN
NaN,NaN,NaN,NaN,NaN,NaN
NaN,NaN,NaN,NaN,NaN,NaN
NaN,NaN,NaN,NaN,NaN,NaN
NaN,NaN,NaN,NaN,NaN,NaN
NaN,NaN,NaN,NaN,NaN,NaN
NaN,NaN,NaN,NaN,NaN,NaN
NaN,NaN,NaN,NaN,NaN,NaN
NaN,NaN,NaN,NaN,NaN,NaN
NaN,NaN,NaN,NaN,NaN,NaN
NaN,NaN,NaN,NaN,NaN,NaN
NaN,NaN,NaN,NaN,NaN,NaN
NaN,NaN,NaN,NaN,NaN,NaN
NaN,NaN,NaN,NaN,NaN,NaN
NaN,NaN,NaN,NaN,NaN,NaN
NaN,NaN,NaN,NaN,NaN,NaN
NaN,NaN,NaN,NaN,NaN,NaN
NaN,NaN,NaN,NaN,NaN,NaN
NaN,NaN,NaN,NaN,NaN,NaN
NaN,NaN,NaN,NaN,NaN,NaN
NaN,NaN,NaN,NaN,NaN,NaN
NaN,NaN,NaN,NaN,NaN,NaN
NaN,NaN,NaN,NaN,NaN,NaN
NaN,NaN,NaN,NaN,NaN,NaN
NaN,NaN,NaN,NaN,NaN,NaN
NaN,NaN,NaN,NaN,NaN,NaN
NaN,NaN,NaN,NaN,NaN,NaN
NaN,NaN,NaN,NaN,NaN,NaN
NaN,NaN,NaN,NaN,NaN,NaN
NaN,NaN,NaN,NaN,NaN,NaN
NaN,NaN,NaN,NaN,NaN,NaN
NaN,NaN,NaN,NaN,NaN,NaN
NaN,NaN,NaN,NaN,NaN,NaN
NaN,NaN,NaN,NaN,NaN,NaN
NaN,NaN,NaN,NaN,NaN,NaN
NaN,NaN,NaN,NaN,NaN,NaN
NaN,NaN,NaN,NaN,NaN,NaN
NaN,NaN,NaN,NaN,NaN,NaN
NaN,NaN,NaN,NaN,NaN,NaN
NaN,NaN,NaN,NaN,NaN,NaN
NaN,NaN,NaN,NaN,NaN,NaN
NaN,NaN,NaN,NaN,NaN,NaN
NaN,NaN,NaN,NaN,NaN,NaN
NaN,NaN,NaN,NaN,NaN,NaN
NaN,NaN,NaN,NaN,NaN,NaN
NaN,NaN,NaN,NaN,NaN,NaN
NaN,NaN,NaN,NaN,NaN,NaN
NaN,NaN,NaN,NaN,NaN,NaN
NaN,NaN,NaN,NaN,NaN,NaN
NaN,NaN,NaN,NaN,NaN,NaN
NaN,NaN,NaN,NaN,NaN,NaN
NaN,NaN,NaN,NaN,NaN,NaN
NaN,NaN,NaN,NaN,NaN,NaN
NaN,NaN,NaN,NaN,NaN,NaN
NaN,NaN,NaN,NaN,NaN,NaN
NaN,NaN,NaN,NaN,NaN,NaN
NaN,NaN,NaN,NaN,NaN,NaN
NaN,NaN,NaN,NaN,NaN,NaN
NaN,NaN,NaN,NaN,NaN,NaN
NaN,NaN,NaN,NaN,NaN,NaN
NaN,NaN,NaN,NaN,NaN,NaN
NaN,NaN,NaN,NaN,NaN,NaN
NaN,NaN,NaN,NaN,NaN,NaN
NaN,NaN,NaN,NaN,NaN,NaN
NaN,NaN,NaN,NaN,NaN,NaN
NaN,NaN,NaN,NaN,NaN,NaN
NaN,NaN,NaN,NaN,NaN,NaN
NaN,NaN,NaN,NaN,NaN,NaN
NaN,NaN,NaN,NaN,NaN,NaN
NaN,NaN,NaN,NaN,NaN,NaN
NaN,NaN,NaN,NaN,NaN,NaN
NaN,NaN,NaN,NaN,NaN,NaN
NaN,NaN,NaN,NaN,NaN,NaN
NaN,NaN,NaN,NaN,NaN,NaN
NaN,NaN,NaN,NaN,NaN,NaN
NaN,NaN,NaN,NaN,NaN,NaN
NaN,NaN,NaN,NaN,NaN,NaN
NaN,NaN,NaN,NaN,NaN,NaN
NaN,NaN,NaN,NaN,NaN,NaN
NaN,NaN,NaN,NaN,NaN,NaN
NaN,NaN,NaN,NaN,NaN,NaN
NaN,NaN,NaN,NaN,NaN,NaN
NaN,NaN,NaN,NaN,NaN,NaN
NaN,NaN,NaN,NaN,NaN,NaN
NaN,NaN,NaN,NaN,NaN,NaN
NaN,NaN,NaN,NaN,NaN,NaN
NaN,NaN,NaN,NaN,NaN,NaN
NaN,NaN,NaN,NaN,NaN,NaN
NaN,NaN,NaN,NaN,NaN,NaN
NaN,NaN,NaN,NaN,NaN,NaN
NaN,NaN,NaN,NaN,NaN,NaN
NaN,NaN,NaN,NaN,NaN,NaN
NaN,NaN,NaN,NaN,NaN,NaN
NaN,NaN,NaN,NaN,NaN,NaN
NaN,NaN,NaN,NaN,NaN,NaN
NaN,NaN,NaN,NaN,NaN,NaN
NaN,NaN,NaN,NaN,NaN,NaN
NaN,NaN,NaN,NaN,NaN,NaN
NaN,NaN,NaN,NaN,NaN,NaN
NaN,NaN,NaN,NaN,NaN,NaN
NaN,NaN,NaN,NaN,NaN,NaN
NaN,NaN,NaN,NaN,NaN,NaN
NaN,NaN,NaN,NaN,NaN,NaN
NaN,NaN,NaN,NaN,NaN,NaN
NaN,NaN,NaN,NaN,NaN,NaN
NaN,NaN,NaN,NaN,NaN,NaN
NaN,NaN,NaN,NaN,NaN,NaN
NaN,NaN,NaN,NaN,NaN,NaN
NaN,NaN,NaN,NaN,NaN,NaN
NaN,NaN,NaN,NaN,NaN,NaN
NaN,NaN,NaN,NaN,NaN,NaN
NaN,NaN,NaN,NaN,NaN,NaN
NaN,NaN,NaN,NaN,NaN,NaN
NaN,NaN,NaN,NaN,NaN,NaN
NaN,NaN,NaN,NaN,NaN,NaN
NaN,NaN,NaN,NaN,NaN,NaN
NaN,NaN,NaN,NaN,NaN,NaN
NaN,NaN,NaN,NaN,NaN,NaN
NaN,NaN,NaN,NaN,NaN,NaN
NaN,NaN,NaN,NaN,NaN,NaN
NaN,NaN,NaN,NaN,NaN,NaN
NaN,NaN,NaN,NaN,NaN,NaN
NaN,NaN,NaN,NaN,NaN,NaN
NaN,NaN,NaN,NaN,NaN,NaN
NaN,NaN,NaN,NaN,NaN,NaN
NaN,NaN,NaN,NaN,NaN,NaN
NaN,NaN,NaN,NaN,NaN,NaN
NaN,NaN,NaN,NaN,NaN,NaN
NaN,NaN,NaN,NaN,NaN,NaN
NaN,NaN,NaN,NaN,NaN,NaN
NaN,NaN,NaN,NaN,NaN,NaN
NaN,NaN,NaN,NaN,NaN,NaN
NaN,NaN,NaN,NaN,NaN,NaN
NaN,NaN,NaN,NaN,NaN,NaN
NaN,NaN,NaN,NaN,NaN,NaN
NaN,NaN,NaN,NaN,NaN,NaN
NaN,NaN,NaN,NaN,NaN,NaN
NaN,NaN,NaN,NaN,NaN,NaN
NaN,NaN,NaN,NaN,NaN,NaN
NaN,NaN,NaN,NaN,NaN,NaN
NaN,NaN,NaN,NaN,NaN,NaN
NaN,NaN,NaN,NaN,NaN,NaN
NaN,NaN,NaN,NaN,NaN,NaN
NaN,NaN,NaN,NaN,NaN,NaN
NaN,NaN,NaN,NaN,NaN,NaN
NaN,NaN,NaN,NaN,NaN,NaN
NaN,NaN,NaN,NaN,NaN,NaN
NaN,NaN,NaN,NaN,NaN,NaN
NaN,NaN,NaN,NaN,NaN,NaN
NaN,NaN,NaN,NaN,NaN,NaN
NaN,NaN,NaN,NaN,NaN,NaN
NaN,NaN,NaN,NaN,NaN,NaN
NaN,NaN,NaN,NaN,NaN,NaN
NaN,NaN,NaN,NaN,NaN,NaN
NaN,NaN,NaN,NaN,NaN,NaN
NaN,NaN,NaN,NaN,NaN,NaN
NaN,NaN,NaN,NaN,NaN,NaN
NaN,NaN,NaN,NaN,NaN,NaN
NaN,NaN,NaN,NaN,NaN,NaN
NaN,NaN,NaN,NaN,NaN,NaN
NaN,NaN,NaN,NaN,NaN,NaN
NaN,NaN,NaN,NaN,NaN,NaN
NaN,NaN,NaN,NaN,NaN,NaN
NaN,NaN,NaN,NaN,NaN,NaN
NaN,NaN,NaN,NaN,NaN,NaN
NaN,NaN,NaN,NaN,NaN,NaN
NaN,NaN,NaN,NaN,NaN,NaN
NaN,NaN,NaN,NaN,NaN,NaN
NaN,NaN,NaN,NaN,NaN,NaN
NaN,NaN,NaN,NaN,NaN,NaN
NaN,NaN,NaN,NaN,NaN,NaN
NaN,NaN,NaN,NaN,NaN,NaN
NaN,NaN,NaN,NaN,NaN,NaN
NaN,NaN,NaN,NaN,NaN,NaN
NaN,NaN,NaN,NaN,NaN,NaN
NaN,NaN,NaN,NaN,NaN,NaN
NaN,NaN,NaN,NaN,NaN,NaN
NaN,NaN,NaN,NaN,NaN,NaN
NaN,NaN,NaN,NaN,NaN,NaN
NaN,NaN,NaN,NaN,NaN,NaN
NaN,NaN,NaN,NaN,NaN,NaN
NaN,NaN,NaN,NaN,NaN,NaN
NaN,NaN,NaN,NaN,NaN,NaN
NaN,NaN,NaN,NaN,NaN,NaN
NaN,NaN,NaN,NaN,NaN,NaN
NaN,NaN,NaN,NaN,NaN,NaN
NaN,NaN,NaN,NaN,NaN,NaN
NaN,NaN,NaN,NaN,NaN,NaN
NaN,NaN,NaN,NaN,NaN,NaN
NaN,NaN,NaN,NaN,NaN,NaN
NaN,NaN,NaN,NaN,NaN,NaN
NaN,NaN,NaN,NaN,NaN,NaN
NaN,NaN,NaN,NaN,NaN,NaN
NaN,NaN,NaN,NaN,NaN,NaN
NaN,NaN,NaN,NaN,NaN,NaN
NaN,NaN,NaN,NaN,NaN,NaN
NaN,NaN,NaN,NaN,NaN,NaN
NaN,NaN,NaN,NaN,NaN,NaN
NaN,NaN,NaN,NaN,NaN,NaN
NaN,NaN,NaN,NaN,NaN,NaN
NaN,NaN,NaN,NaN,NaN,NaN
NaN,NaN,NaN,NaN,NaN,NaN
NaN,NaN,NaN,NaN,NaN,NaN
NaN,NaN,NaN,NaN,NaN,NaN
NaN,NaN,NaN,NaN,NaN,NaN
NaN,NaN,NaN,NaN,NaN,NaN
NaN,NaN,NaN,NaN,NaN,NaN
NaN,NaN,NaN,NaN,NaN,NaN
NaN,NaN,NaN,NaN,NaN,NaN
NaN,NaN,NaN,NaN,NaN,NaN
NaN,NaN,NaN,NaN,NaN,NaN
NaN,NaN,NaN,NaN,NaN,NaN
NaN,NaN,NaN,NaN,NaN,NaN
NaN,NaN,NaN,NaN,NaN,NaN
NaN,NaN,NaN,NaN,NaN,NaN
NaN,NaN,NaN,NaN,NaN,NaN
NaN,NaN,NaN,NaN,NaN,NaN
NaN,NaN,NaN,NaN,NaN,NaN
NaN,NaN,NaN,NaN,NaN,NaN
NaN,NaN,NaN,NaN,NaN,NaN
NaN,NaN,NaN,NaN,NaN,NaN
NaN,NaN,NaN,NaN,NaN,NaN
NaN,NaN,NaN,NaN,NaN,NaN
NaN,NaN,NaN,NaN,NaN,NaN
NaN,NaN,NaN,NaN,NaN,NaN
NaN,NaN,NaN,NaN,NaN,NaN
NaN,NaN,NaN,NaN,NaN,NaN
NaN,NaN,NaN,NaN,NaN,NaN
NaN,NaN,NaN,NaN,NaN,NaN
NaN,NaN,NaN,NaN,NaN,NaN
NaN,NaN,NaN,NaN,NaN,NaN
NaN,NaN,NaN,NaN,NaN,NaN
NaN,NaN,NaN,NaN,NaN,NaN
NaN,NaN,NaN,NaN,NaN,NaN
NaN,NaN,NaN,NaN,NaN,NaN
NaN,NaN,NaN,NaN,NaN,NaN
NaN,NaN,NaN,NaN,NaN,NaN
NaN,NaN,NaN,NaN,NaN,NaN
NaN,NaN,NaN,NaN,NaN,NaN
NaN,NaN,NaN,NaN,NaN,NaN
NaN,NaN,NaN,NaN,NaN,NaN
NaN,NaN,NaN,NaN,NaN,NaN
NaN,NaN,NaN,NaN,NaN,NaN
NaN,NaN,NaN,NaN,NaN,NaN
NaN,NaN,NaN,NaN,NaN,NaN
NaN,NaN,NaN,NaN,NaN,NaN
NaN,NaN,NaN,NaN,NaN,NaN
NaN,NaN,NaN,NaN,NaN,NaN
NaN,NaN,NaN,NaN,NaN,NaN
NaN,NaN,NaN,NaN,NaN,NaN
NaN,NaN,NaN,NaN,NaN,NaN
NaN,NaN,NaN,NaN,NaN,NaN
NaN,NaN,NaN,NaN,NaN,NaN
NaN,NaN,NaN,NaN,NaN,NaN
NaN,NaN,NaN,NaN,NaN,NaN
NaN,NaN,NaN,NaN,NaN,NaN
NaN,NaN,NaN,NaN,NaN,NaN
NaN,NaN,NaN,NaN,NaN,NaN
NaN,NaN,NaN,NaN,NaN,NaN
NaN,NaN,NaN,NaN,NaN,NaN
NaN,NaN,NaN,NaN,NaN,NaN
NaN,NaN,NaN,NaN,NaN,NaN
NaN,NaN,NaN,NaN,NaN,NaN
NaN,NaN,NaN,NaN,NaN,NaN
NaN,NaN,NaN,NaN,NaN,NaN
NaN,NaN,NaN,NaN,NaN,NaN
NaN,NaN,NaN,NaN,NaN,NaN
NaN,NaN,NaN,NaN,NaN,NaN
NaN,NaN,NaN,NaN,NaN,NaN
NaN,NaN,NaN,NaN,NaN,NaN
NaN,NaN,NaN,NaN,NaN,NaN
NaN,NaN,NaN,NaN,NaN,NaN
NaN,NaN,NaN,NaN,NaN,NaN
NaN,NaN,NaN,NaN,NaN,NaN
NaN,NaN,NaN,NaN,NaN,NaN
NaN,NaN,NaN,NaN,NaN,NaN
NaN,NaN,NaN,NaN,NaN,NaN
NaN,NaN,NaN,NaN,NaN,NaN
NaN,NaN,NaN,NaN,NaN,NaN
NaN,NaN,NaN,NaN,NaN,NaN
NaN,NaN,NaN,NaN,NaN,NaN
NaN,NaN,NaN,NaN,NaN,NaN
NaN,NaN,NaN,NaN,NaN,NaN
NaN,NaN,NaN,NaN,NaN,NaN
NaN,NaN,NaN,NaN,NaN,NaN
NaN,NaN,NaN,NaN,NaN,NaN
NaN,NaN,NaN,NaN,NaN,NaN
NaN,NaN,NaN,NaN,NaN,NaN
NaN,NaN,NaN,NaN,NaN,NaN
NaN,NaN,NaN,NaN,NaN,NaN
NaN,NaN,NaN,NaN,NaN,NaN
NaN,NaN,NaN,NaN,NaN,NaN
NaN,NaN,NaN,NaN,NaN,NaN
NaN,NaN,NaN,NaN,NaN,NaN
NaN,NaN,NaN,NaN,NaN,NaN
NaN,NaN,NaN,NaN,NaN,NaN
NaN,NaN,NaN,NaN,NaN,NaN
NaN,NaN,NaN,NaN,NaN,NaN
NaN,NaN,NaN,NaN,NaN,NaN
NaN,NaN,NaN,NaN,NaN,NaN
NaN,NaN,NaN,NaN,NaN,NaN
NaN,NaN,NaN,NaN,NaN,NaN
NaN,NaN,NaN,NaN,NaN,NaN
NaN,NaN,NaN,NaN,NaN,NaN
NaN,NaN,NaN,NaN,838.957007,318.579671
NaN,NaN,NaN,NaN,839.000000,319.000000
NaN,NaN,NaN,NaN,839.000000,319.000000
NaN,NaN,NaN,NaN,839.000000,319.000000
NaN,NaN,NaN,NaN,839.000000,319.000000
NaN,NaN,NaN,NaN,839.000000,318.990000
NaN,NaN,NaN,NaN,839.000000,319.000000
NaN,NaN,NaN,NaN,839.000000,319.000000
NaN,NaN,NaN,NaN,839.000000,319.000000
NaN,NaN,NaN,NaN,839.000000,319.000000
NaN,NaN,NaN,NaN,839.000000,318.990000
NaN,NaN,NaN,NaN,839.000000,319.000000
NaN,NaN,NaN,NaN,839.000000,319.000000
NaN,NaN,NaN,NaN,839.010000,319.000000
NaN,NaN,NaN,NaN,839.000000,319.000000
NaN,NaN,NaN,NaN,839.000000,319.000000
NaN,NaN,NaN,NaN,839.010000,319.000000
NaN,NaN,NaN,NaN,839.010000,319.000000
NaN,NaN,NaN,NaN,839.010000,319.000000
NaN,NaN,NaN,NaN,839.010000,319.000000
NaN,NaN,NaN,NaN,839.010000,319.000000
NaN,NaN,NaN,NaN,839.010000,319.000000
NaN,NaN,NaN,NaN,839.010000,319.000000
NaN,NaN,NaN,NaN,839.010000,318.990000
NaN,NaN,NaN,NaN,839.010000,319.000000
NaN,NaN,NaN,NaN,839.010000,319.000000
NaN,NaN,NaN,NaN,839.000000,319.000000
NaN,NaN,NaN,NaN,839.020000,319.000000
NaN,NaN,NaN,NaN,839.010000,319.000000
NaN,NaN,NaN,NaN,839.010000,318.990000
NaN,NaN,NaN,NaN,839.010000,319.000000
NaN,NaN,NaN,NaN,839.010000,319.000000
NaN,NaN,NaN,NaN,839.010000,318.990000
NaN,NaN,NaN,NaN,839.020000,319.000000
NaN,NaN,NaN,NaN,839.010000,318.990000
NaN,NaN,NaN,NaN,839.010000,318.990000
NaN,NaN,NaN,NaN,839.010000,318.990000
NaN,NaN,NaN,NaN,839.010000,319.000000
NaN,NaN,NaN,NaN,839.010000,318.990000
NaN,NaN,NaN,NaN,839.010000,319.000000
NaN,NaN,NaN,NaN,839.020000,319.000000
NaN,NaN,NaN,NaN,839.020000,319.000000
NaN,NaN,NaN,NaN,839.010000,319.000000
NaN,NaN,NaN,NaN,839.010000,318.990000
NaN,NaN,NaN,NaN,839.020000,319.000000
NaN,NaN,NaN,NaN,839.030000,319.000000
NaN,NaN,NaN,NaN,839.020000,319.000000
NaN,NaN,NaN,NaN,839.020000,319.000000
NaN,NaN,NaN,NaN,839.020000,319.000000
NaN,NaN,NaN,NaN,839.020000,319.000000
NaN,NaN,NaN,NaN,839.020000,319.000000
NaN,NaN,NaN,NaN,839.020000,319.000000
NaN,NaN,NaN,NaN,839.020000,319.000000
NaN,NaN,NaN,NaN,839.010000,319.000000
NaN,NaN,NaN,NaN,839.020000,319.000000
NaN,NaN,NaN,NaN,839.010000,319.000000
NaN,NaN,NaN,NaN,839.010000,319.000000
NaN,NaN,NaN,NaN,839.020000,319.000000
NaN,NaN,NaN,NaN,839.020000,319.000000
NaN,NaN,NaN,NaN,839.010000,319.000000
NaN,NaN,NaN,NaN,839.020000,319.000000
NaN,NaN,NaN,NaN,839.020000,319.000000
NaN,NaN,NaN,NaN,839.010000,318.990000
NaN,NaN,NaN,NaN,839.010000,318.990000
NaN,NaN,NaN,NaN,839.010000,318.990000
NaN,NaN,NaN,NaN,839.010000,318.990000
NaN,NaN,NaN,NaN,839.010000,318.990000
NaN,NaN,NaN,NaN,839.010000,318.990000
NaN,NaN,NaN,NaN,839.010000,319.000000
NaN,NaN,NaN,NaN,839.010000,318.990000
NaN,NaN,NaN,NaN,839.010000,318.990000
NaN,NaN,NaN,NaN,839.010000,318.990000
NaN,NaN,NaN,NaN,839.010000,318.990000
NaN,NaN,NaN,NaN,839.010000,318.980000
NaN,NaN,NaN,NaN,839.010000,318.980000
NaN,NaN,NaN,NaN,839.010000,318.990000
NaN,NaN,NaN,NaN,839.020000,319.000000
NaN,NaN,NaN,NaN,839.010000,318.990000
NaN,NaN,NaN,NaN,839.010000,318.990000
NaN,NaN,NaN,NaN,839.010000,318.990000
NaN,NaN,NaN,NaN,839.020000,318.990000
NaN,NaN,NaN,NaN,839.020000,318.990000
NaN,NaN,NaN,NaN,839.010000,318.980000
NaN,NaN,NaN,NaN,839.020000,318.990000
NaN,NaN,NaN,NaN,839.020000,318.980000
NaN,NaN,NaN,NaN,839.030000,318.980000
NaN,NaN,NaN,NaN,839.030000,318.990000
NaN,NaN,NaN,NaN,839.030000,318.980000
NaN,NaN,NaN,NaN,839.020000,318.990000
NaN,NaN,NaN,NaN,839.020000,318.980000
NaN,NaN,NaN,NaN,839.020000,318.990000
NaN,NaN,NaN,NaN,839.020000,318.980000
NaN,NaN,NaN,NaN,839.020000,318.980000
NaN,NaN,NaN,NaN,839.030000,318.980000
NaN,NaN,NaN,NaN,839.020000,318.990000
NaN,NaN,NaN,NaN,839.020000,318.980000
NaN,NaN,NaN,NaN,839.020000,318.980000
NaN,NaN,NaN,NaN,839.020000,318.980000
NaN,NaN,NaN,NaN,839.020000,318.980000
NaN,NaN,NaN,NaN,839.020000,318.980000
NaN,NaN,NaN,NaN,839.020000,318.980000
NaN,NaN,NaN,NaN,839.020000,318.980000
NaN,NaN,NaN,NaN,839.020000,318.980000
NaN,NaN,NaN,NaN,839.030000,318.980000
NaN,NaN,NaN,NaN,839.030000,318.980000
NaN,NaN,NaN,NaN,839.030000,318.980000
NaN,NaN,NaN,NaN,839.030000,318.970000
NaN,NaN,NaN,NaN,839.040000,318.970000
NaN,NaN,NaN,NaN,839.030000,318.970000
NaN,NaN,NaN,NaN,839.030000,318.970000
NaN,NaN,NaN,NaN,839.030000,318.970000
NaN,NaN,NaN,NaN,839.030000,318.970000
NaN,NaN,NaN,NaN,839.030000,318.970000
NaN,NaN,NaN,NaN,839.030000,318.970000
NaN,NaN,NaN,NaN,839.030000,318.970000
NaN,NaN,NaN,NaN,839.030000,318.960000
NaN,NaN,NaN,NaN,839.030000,318.960000
NaN,NaN,NaN,NaN,839.020000,318.960000
NaN,NaN,NaN,NaN,839.030000,318.960000
NaN,NaN,NaN,NaN,839.030000,318.960000
NaN,NaN,NaN,NaN,839.030000,318.960000
NaN,NaN,NaN,NaN,839.030000,318.960000
NaN,NaN,NaN,NaN,839.030000,318.950000
NaN,NaN,NaN,NaN,839.040000,318.960000
NaN,NaN,NaN,NaN,839.040000,318.960000
NaN,NaN,NaN,NaN,839.040000,318.950000
NaN,NaN,NaN,NaN,839.040000,318.950000
NaN,NaN,NaN,NaN,839.040000,318.950000
NaN,NaN,NaN,NaN,839.030000,318.950000
NaN,NaN,NaN,NaN,839.040000,318.950000
NaN,NaN,NaN,NaN,839.040000,318.950000
NaN,NaN,NaN,NaN,839.040000,318.950000
NaN,NaN,NaN,NaN,839.050000,318.940000
NaN,NaN,NaN,NaN,839.040000,318.940000
NaN,NaN,NaN,NaN,839.040000,318.940000
NaN,NaN,NaN,NaN,839.060000,318.940000
NaN,NaN,NaN,NaN,839.050000,318.940000
NaN,NaN,NaN,NaN,839.050000,318.930000
NaN,NaN,NaN,NaN,839.050000,318.940000
NaN,NaN,NaN,NaN,839.050000,318.930000
NaN,NaN,NaN,NaN,839.060000,318.930000
NaN,NaN,NaN,NaN,839.060000,318.930000
NaN,NaN,NaN,NaN,839.070000,318.940000
NaN,NaN,NaN,NaN,839.060000,318.930000
NaN,NaN,NaN,NaN,839.070000,318.930000
NaN,NaN,NaN,NaN,839.070000,318.930000
NaN,NaN,NaN,NaN,839.060000,318.930000
NaN,NaN,NaN,NaN,839.070000,318.930000
NaN,NaN,NaN,NaN,839.060000,318.930000
NaN,NaN,NaN,NaN,839.070000,318.930000
NaN,NaN,NaN,NaN,839.090000,318.910000
NaN,NaN,NaN,NaN,839.090000,318.920000
NaN,NaN,NaN,NaN,839.090000,318.920000
NaN,NaN,NaN,NaN,839.090000,318.920000
NaN,NaN,NaN,NaN,839.090000,318.910000
NaN,NaN,NaN,NaN,839.090000,318.920000
NaN,NaN,NaN,NaN,839.090000,318.910000
NaN,NaN,NaN,NaN,839.100000,318.910000
NaN,NaN,NaN,NaN,839.100000,318.910000
NaN,NaN,NaN,NaN,839.100000,318.900000
NaN,NaN,NaN,NaN,839.100000,318.900000
NaN,NaN,NaN,NaN,839.110000,318.890000
NaN,NaN,NaN,NaN,839.110000,318.890000
NaN,NaN,NaN,NaN,839.110000,318.880000
NaN,NaN,NaN,NaN,839.120000,318.880000
NaN,NaN,NaN,NaN,839.120000,318.870000
NaN,NaN,NaN,NaN,839.120000,318.860000
NaN,NaN,NaN,NaN,839.120000,318.860000
NaN,NaN,NaN,NaN,839.120000,318.860000
NaN,NaN,NaN,NaN,839.130000,318.870000
NaN,NaN,NaN,NaN,839.130000,318.860000
NaN,NaN,NaN,NaN,839.140000,318.860000
NaN,NaN,NaN,NaN,839.140000,318.860000
NaN,NaN,NaN,NaN,839.140000,318.860000
NaN,NaN,NaN,NaN,839.130000,318.860000
NaN,NaN,NaN,NaN,839.130000,318.860000
NaN,NaN,NaN,NaN,839.140000,318.860000
NaN,NaN,NaN,NaN,839.130000,318.850000
NaN,NaN,NaN,NaN,839.130000,318.850000
NaN,NaN,NaN,NaN,839.140000,318.850000
NaN,NaN,NaN,NaN,839.140000,318.850000
NaN,NaN,NaN,NaN,839.140000,318.840000
NaN,NaN,NaN,NaN,839.140000,318.840000
NaN,NaN,NaN,NaN,839.140000,318.840000
NaN,NaN,NaN,NaN,839.140000,318.830000
NaN,NaN,NaN,NaN,839.140000,318.830000
NaN,NaN,NaN,NaN,839.140000,318.830000
NaN,NaN,NaN,NaN,839.140000,318.830000
NaN,NaN,NaN,NaN,839.150000,318.830000
NaN,NaN,NaN,NaN,839.150000,318.830000
NaN,NaN,NaN,NaN,839.150000,318.830000
NaN,NaN,NaN,NaN,839.150000,318.820000
NaN,NaN,NaN,NaN,839.150000,318.820000
NaN,NaN,NaN,NaN,839.150000,318.820000
NaN,NaN,NaN,NaN,839.160000,318.820000
NaN,NaN,NaN,NaN,839.160000,318.820000
NaN,NaN,NaN,NaN,839.150000,318.820000
NaN,NaN,NaN,NaN,839.150000,318.810000
NaN,NaN,NaN,NaN,839.160000,318.800000
NaN,NaN,NaN,NaN,839.160000,318.800000
NaN,NaN,NaN,NaN,839.170000,318.800000
NaN,NaN,NaN,NaN,839.170000,318.790000
NaN,NaN,NaN,NaN,839.170000,318.790000
NaN,NaN,NaN,NaN,839.170000,318.790000
NaN,NaN,NaN,NaN,839.170000,318.790000
NaN,NaN,NaN,NaN,839.170000,318.790000
NaN,NaN,NaN,NaN,839.170000,318.790000
NaN,NaN,NaN,NaN,839.170000,318.790000
NaN,NaN,NaN,NaN,839.170000,318.780000
NaN,NaN,NaN,NaN,839.170000,318.780000
NaN,NaN,NaN,NaN,839.180000,318.800000
NaN,NaN,NaN,NaN,839.170000,318.780000
NaN,NaN,NaN,NaN,839.170000,318.780000
NaN,NaN,NaN,NaN,839.170000,318.770000
NaN,NaN,NaN,NaN,839.180000,318.780000
NaN,NaN,NaN,NaN,839.180000,318.770000
NaN,NaN,NaN,NaN,839.180000,318.770000
NaN,NaN,NaN,NaN,839.170000,318.760000
NaN,NaN,NaN,NaN,839.180000,318.760000
NaN,NaN,NaN,NaN,839.170000,318.760000
NaN,NaN,NaN,NaN,839.180000,318.770000
NaN,NaN,NaN,NaN,839.180000,318.760000
NaN,NaN,NaN,NaN,839.180000,318.750000
NaN,NaN,NaN,NaN,839.180000,318.750000
NaN,NaN,NaN,NaN,839.180000,318.750000
NaN,NaN,NaN,NaN,839.180000,318.750000
NaN,NaN,NaN,NaN,839.190000,318.750000
NaN,NaN,NaN,NaN,839.190000,318.740000
NaN,NaN,NaN,NaN,839.180000,318.740000
NaN,NaN,NaN,NaN,839.190000,318.740000
NaN,NaN,NaN,NaN,839.190000,318.740000
NaN,NaN,NaN,NaN,839.190000,318.740000
NaN,NaN,NaN,NaN,839.190000,318.740000
NaN,NaN,NaN,NaN,839.180000,318.740000
NaN,NaN,NaN,NaN,839.190000,318.740000
NaN,NaN,NaN,NaN,839.190000,318.740000
NaN,NaN,NaN,NaN,839.180000,318.740000
NaN,NaN,NaN,NaN,839.180000,318.740000
NaN,NaN,NaN,NaN,839.180000,318.740000
NaN,NaN,NaN,NaN,839.180000,318.740000
NaN,NaN,NaN,NaN,839.180000,318.740000
NaN,NaN,NaN,NaN,839.180000,318.730000
NaN,NaN,NaN,NaN,839.180000,318.730000
NaN,NaN,NaN,NaN,839.180000,318.730000
NaN,NaN,NaN,NaN,839.180000,318.720000
NaN,NaN,NaN,NaN,839.180000,318.720000
NaN,NaN,NaN,NaN,839.180000,318.720000
NaN,NaN,NaN,NaN,839.180000,318.710000
NaN,NaN,NaN,NaN,839.190000,318.710000
NaN,NaN,NaN,NaN,839.190000,318.710000
NaN,NaN,NaN,NaN,839.190000,318.700000
NaN,NaN,NaN,NaN,839.190000,318.700000
NaN,NaN,NaN,NaN,839.200000,318.700000
NaN,NaN,NaN,NaN,839.190000,318.690000
NaN,NaN,NaN,NaN,839.190000,318.690000
NaN,NaN,NaN,NaN,839.180000,318.700000
NaN,NaN,NaN,NaN,839.180000,318.700000
NaN,NaN,NaN,NaN,839.190000,318.700000
NaN,NaN,NaN,NaN,839.200000,318.690000
NaN,NaN,NaN,NaN,839.190000,318.690000
NaN,NaN,NaN,NaN,839.200000,318.690000
NaN,NaN,NaN,NaN,839.190000,318.690000
NaN,NaN,NaN,NaN,839.200000,318.690000
NaN,NaN,NaN,NaN,839.200000,318.680000
NaN,NaN,NaN,NaN,839.200000,318.680000
NaN,NaN,NaN,NaN,839.200000,318.670000
NaN,NaN,NaN,NaN,839.200000,318.670000
NaN,NaN,NaN,NaN,839.200000,318.670000
NaN,NaN,NaN,NaN,839.200000,318.670000
NaN,NaN,NaN,NaN,839.210000,318.670000
NaN,NaN,NaN,NaN,839.180000,318.650000
NaN,NaN,NaN,NaN,839.200000,318.650000
NaN,NaN,NaN,NaN,839.200000,318.660000
NaN,NaN,NaN,NaN,839.200000,318.650000
NaN,NaN,NaN,NaN,839.210000,318.650000
NaN,NaN,NaN,NaN,839.210000,318.650000
NaN,NaN,NaN,NaN,839.210000,318.640000
NaN,NaN,NaN,NaN,839.220000,318.640000
NaN,NaN,NaN,NaN,839.210000,318.630000
NaN,NaN,NaN,NaN,839.210000,318.640000
NaN,NaN,NaN,NaN,839.220000,318.640000
NaN,NaN,NaN,NaN,839.220000,318.630000
NaN,NaN,NaN,NaN,839.220000,318.630000
NaN,NaN,NaN,NaN,839.220000,318.620000
NaN,NaN,NaN,NaN,839.220000,318.620000
NaN,NaN,NaN,NaN,839.230000,318.620000
NaN,NaN,NaN,NaN,839.230000,318.610000
NaN,NaN,NaN,NaN,839.230000,318.600000
NaN,NaN,NaN,NaN,839.230000,318.600000
NaN,NaN,NaN,NaN,839.230000,318.600000
NaN,NaN,NaN,NaN,839.230000,318.600000
NaN,NaN,NaN,NaN,839.230000,318.600000
NaN,NaN,NaN,NaN,839.220000,318.600000
NaN,NaN,NaN,NaN,839.220000,318.600000
NaN,NaN,NaN,NaN,839.230000,318.590000
NaN,NaN,NaN,NaN,839.230000,318.580000
NaN,NaN,NaN,NaN,839.230000,318.570000
NaN,NaN,NaN,NaN,839.230000,318.580000
NaN,NaN,NaN,NaN,839.210000,318.560000
NaN,NaN,NaN,NaN,839.230000,318.560000
NaN,NaN,NaN,NaN,839.220000,318.550000
NaN,NaN,NaN,NaN,839.220000,318.540000
NaN,NaN,NaN,NaN,839.230000,318.530000
NaN,NaN,NaN,NaN,839.220000,318.530000
NaN,NaN,NaN,NaN,839.230000,318.520000
NaN,NaN,NaN,NaN,839.230000,318.500000
NaN,NaN,NaN,NaN,839.080000,318.020000
NaN,NaN,NaN,NaN,839.080000,318.020000
NaN,NaN,NaN,NaN,839.080000,318.010000
NaN,NaN,NaN,NaN,839.080000,318.010000
NaN,NaN,NaN,NaN,839.080000,318.000000
NaN,NaN,NaN,NaN,839.080000,317.990000
NaN,NaN,NaN,NaN,839.080000,317.990000
NaN,NaN,NaN,NaN,839.080000,317.990000
NaN,NaN,NaN,NaN,839.080000,317.980000
NaN,NaN,NaN,NaN,839.080000,317.980000
NaN,NaN,NaN,NaN,839.070000,317.970000
NaN,NaN,NaN,NaN,839.080000,317.970000
NaN,NaN,NaN,NaN,839.070000,317.960000
NaN,NaN,NaN,NaN,839.070000,317.960000
NaN,NaN,NaN,NaN,839.060000,317.950000
NaN,NaN,NaN,NaN,839.070000,317.940000
NaN,NaN,NaN,NaN,839.060000,317.940000
NaN,NaN,NaN,NaN,839.070000,317.930000
NaN,NaN,NaN,NaN,839.070000,317.920000
NaN,NaN,NaN,NaN,839.070000,317.910000
NaN,NaN,NaN,NaN,839.070000,317.910000
NaN,NaN,NaN,NaN,839.070000,317.900000
NaN,NaN,NaN,NaN,839.070000,317.890000
NaN,NaN,NaN,NaN,839.070000,317.880000
NaN,NaN,NaN,NaN,839.070000,317.870000
NaN,NaN,NaN,NaN,839.070000,317.870000
NaN,NaN,NaN,NaN,839.080000,317.860000
NaN,NaN,NaN,NaN,839.070000,317.850000
NaN,NaN,NaN,NaN,839.080000,317.840000
NaN,NaN,NaN,NaN,839.070000,317.840000
NaN,NaN,NaN,NaN,839.070000,317.830000
NaN,NaN,NaN,NaN,839.070000,317.830000
NaN,NaN,NaN,NaN,839.080000,317.820000
NaN,NaN,NaN,NaN,839.080000,317.810000
NaN,NaN,NaN,NaN,839.070000,317.800000
NaN,NaN,NaN,NaN,839.070000,317.790000
NaN,NaN,NaN,NaN,839.080000,317.790000
NaN,NaN,NaN,NaN,839.080000,317.780000
NaN,NaN,NaN,NaN,839.080000,317.780000
NaN,NaN,NaN,NaN,839.080000,317.760000
NaN,NaN,NaN,NaN,839.090000,317.760000
NaN,NaN,NaN,NaN,839.090000,317.750000
NaN,NaN,NaN,NaN,839.080000,317.740000
NaN,NaN,NaN,NaN,839.090000,317.740000
NaN,NaN,NaN,NaN,839.090000,317.730000
NaN,NaN,NaN,NaN,839.090000,317.720000
NaN,NaN,NaN,NaN,839.090000,317.720000
NaN,NaN,NaN,NaN,839.100000,317.710000
NaN,NaN,NaN,NaN,839.100000,317.720000
NaN,NaN,NaN,NaN,839.100000,317.710000
NaN,NaN,NaN,NaN,839.110000,317.720000
NaN,NaN,NaN,NaN,839.110000,317.710000
NaN,NaN,NaN,NaN,839.120000,317.720000
NaN,NaN,NaN,NaN,839.110000,317.710000
NaN,NaN,NaN,NaN,839.867593,317.297668
NaN,NaN,NaN,NaN,839.867593,317.297668
NaN,NaN,NaN,NaN,839.867593,317.297668
NaN,NaN,NaN,NaN,839.867593,317.297668
NaN,NaN,NaN,NaN,839.867593,317.297668
NaN,NaN,NaN,NaN,839.867593,317.297668
NaN,NaN,NaN,NaN,839.867593,317.297668
NaN,NaN,NaN,NaN,839.867593,317.297668
NaN,NaN,NaN,NaN,839.867593,317.297668
NaN,NaN,NaN,NaN,839.867593,317.297668
NaN,NaN,NaN,NaN,839.867593,317.297668
NaN,NaN,NaN,NaN,839.867593,317.297668
NaN,NaN,NaN,NaN,839.867593,317.297668
NaN,NaN,NaN,NaN,839.867593,317.297668
NaN,NaN,NaN,NaN,839.867593,317.297668
NaN,NaN,NaN,NaN,839.867593,317.297668
NaN,NaN,NaN,NaN,839.867593,317.297668
NaN,NaN,NaN,NaN,839.867593,317.297668
NaN,NaN,NaN,NaN,839.867593,317.725002
NaN,NaN,NaN,NaN,840.322886,318.152337
NaN,NaN,NaN,NaN,840.322886,318.152337
NaN,NaN,NaN,NaN,840.322886,318.152337
NaN,NaN,NaN,NaN,840.322886,318.152337
NaN,NaN,NaN,NaN,840.322886,318.152337
NaN,NaN,NaN,NaN,840.322886,318.152337
NaN,NaN,NaN,NaN,840.322886,318.152337
NaN,NaN,NaN,NaN,840.322886,318.152337
NaN,NaN,NaN,NaN,840.322886,318.152337
NaN,NaN,NaN,NaN,840.322886,318.152337
NaN,NaN,NaN,NaN,840.322886,318.152337
NaN,NaN,NaN,NaN,840.322886,318.152337
NaN,NaN,NaN,NaN,840.322886,318.152337
NaN,NaN,NaN,NaN,840.322886,318.152337
NaN,NaN,NaN,NaN,840.322886,318.152337
NaN,NaN,NaN,NaN,840.322886,318.152337
NaN,NaN,NaN,NaN,840.322886,318.152337
NaN,NaN,NaN,NaN,840.322886,318.152337
NaN,NaN,NaN,NaN,840.322886,318.152337
NaN,NaN,NaN,NaN,840.322886,318.152337
NaN,NaN,NaN,NaN,840.322886,318.152337
NaN,NaN,NaN,NaN,840.322886,318.152337
NaN,NaN,NaN,NaN,840.322886,318.152337
NaN,NaN,NaN,NaN,840.322886,318.152337
NaN,NaN,NaN,NaN,840.322886,319.007005
NaN,NaN,NaN,NaN,840.322886,319.007005
NaN,NaN,NaN,NaN,840.322886,319.007005
NaN,NaN,NaN,NaN,840.322886,319.220673
NaN,NaN,NaN,NaN,840.322886,319.648007
NaN,NaN,NaN,NaN,841.233473,320.716343
NaN,NaN,NaN,NaN,841.461119,320.716343
NaN,NaN,NaN,NaN,842.144059,320.716343
NaN,NaN,NaN,NaN,842.144059,320.716343
NaN,NaN,NaN,NaN,842.144059,320.716343
NaN,NaN,NaN,NaN,842.144059,320.716343
NaN,NaN,NaN,NaN,842.144059,320.716343
NaN,NaN,NaN,NaN,842.144059,320.716343
NaN,NaN,NaN,NaN,842.144059,320.716343
NaN,NaN,NaN,NaN,842.144059,320.716343
NaN,NaN,NaN,NaN,842.144059,320.716343
NaN,NaN,NaN,NaN,842.144059,320.716343
NaN,NaN,NaN,NaN,842.144059,320.716343
NaN,NaN,NaN,NaN,842.144059,320.716343
NaN,NaN,NaN,NaN,842.144059,320.716343
NaN,NaN,835.542307,341.228393,842.144059,321.143677
NaN,NaN,835.542307,341.228393,842.144059,321.143677
NaN,NaN,835.542307,340.160057,842.144059,321.143677
NaN,NaN,835.542307,340.160057,842.144059,321.143677
NaN,NaN,835.542307,340.160057,842.144059,321.143677
NaN,NaN,835.542307,340.160057,842.144059,321.143677
NaN,NaN,835.542307,340.160057,842.144059,321.143677
NaN,NaN,835.542307,340.160057,842.144059,321.143677
NaN,NaN,835.542307,340.160057,842.144059,321.143677
NaN,NaN,835.542307,340.160057,842.144059,321.143677
NaN,NaN,835.542307,340.160057,842.144059,321.143677
NaN,NaN,835.542307,340.160057,842.144059,321.143677
NaN,NaN,835.542307,340.160057,842.371706,321.571012
NaN,NaN,835.542307,340.160057,842.826999,321.998346
NaN,NaN,835.542307,340.160057,842.826999,321.998346
NaN,NaN,835.542307,340.160057,842.826999,321.998346
NaN,NaN,835.542307,340.160057,842.826999,321.998346
NaN,NaN,835.542307,340.160057,842.826999,321.998346
NaN,NaN,835.542307,340.160057,842.826999,321.998346
NaN,NaN,835.542307,340.160057,842.826999,321.998346
NaN,NaN,835.542307,340.160057,842.826999,321.998346
NaN,NaN,835.542307,340.160057,842.826999,321.998346
NaN,NaN,835.542307,340.160057,842.826999,321.998346
NaN,NaN,835.542307,340.160057,842.826999,321.998346
NaN,NaN,835.542307,340.160057,842.826999,321.998346
NaN,NaN,835.542307,340.160057,842.826999,321.998346
NaN,NaN,835.542307,340.160057,842.826999,321.998346
NaN,NaN,835.542307,340.160057,842.826999,321.998346
NaN,NaN,835.542307,340.160057,842.826999,321.998346
NaN,NaN,835.542307,340.160057,842.826999,321.998346
NaN,NaN,835.542307,340.160057,842.826999,321.998346
NaN,NaN,835.542307,340.160057,842.826999,321.998346
NaN,NaN,835.542307,340.160057,842.826999,321.998346
NaN,NaN,835.542307,340.160057,842.826999,321.998346
NaN,NaN,835.542307,339.732723,842.826999,321.998346
NaN,NaN,835.542307,339.732723,842.826999,321.998346
NaN,NaN,835.542307,339.732723,842.826999,321.998346
NaN,NaN,835.542307,339.732723,842.826999,321.998346
NaN,NaN,835.542307,339.732723,842.826999,321.998346
NaN,NaN,835.542307,339.732723,842.826999,321.998346
NaN,NaN,835.542307,339.732723,842.826999,321.998346
NaN,NaN,835.542307,339.732723,842.826999,321.998346
NaN,NaN,835.542307,339.732723,842.826999,321.998346
NaN,NaN,835.542307,339.732723,842.826999,321.998346
NaN,NaN,835.542307,339.732723,842.826999,321.998346
NaN,NaN,835.542307,339.732723,842.826999,321.998346
NaN,NaN,835.542307,339.732723,842.826999,321.998346
NaN,NaN,835.542307,339.732723,842.826999,321.998346
NaN,NaN,835.542307,339.732723,842.826999,321.998346
NaN,NaN,835.542307,339.732723,842.826999,321.998346
NaN,NaN,835.542307,339.732723,842.826999,321.998346
NaN,NaN,835.542307,339.732723,842.826999,321.998346
NaN,NaN,834.631721,339.732723,842.826999,321.998346
NaN,NaN,834.631721,339.732723,842.826999,321.998346
836.908187,338.023385,834.631721,339.732723,842.826999,321.998346
836.225247,338.237052,834.631721,339.732723,842.826999,321.998346
835.542307,338.450720,834.404074,339.519055,842.826999,321.998346
835.542307,338.450720,835.087014,338.664387,842.826999,321.998346
835.542307,337.168716,835.087014,338.664387,842.826999,321.998346
835.542307,337.168716,835.087014,338.664387,842.826999,321.998346
835.314661,336.527715,835.087014,338.664387,842.826999,321.998346
835.314661,336.527715,835.087014,338.664387,842.826999,321.998346
835.314661,336.527715,835.087014,338.664387,842.826999,321.998346
835.314661,336.527715,835.087014,338.664387,842.826999,321.998346
835.314661,336.527715,835.087014,338.664387,842.826999,321.998346
835.314661,336.527715,834.859368,338.023385,844.192879,323.066682
835.314661,336.527715,834.859368,338.023385,844.192879,323.066682
835.314661,336.527715,835.769954,338.023385,844.192879,323.066682
835.314661,336.527715,835.997601,338.023385,844.192879,323.066682
835.314661,336.527715,835.997601,338.023385,844.192879,323.066682
835.314661,336.100380,835.997601,338.023385,844.192879,323.066682
832.810548,333.963709,835.997601,338.023385,844.192879,323.066682
832.810548,333.963709,835.997601,338.023385,844.192879,323.066682
832.810548,333.109040,835.997601,338.023385,844.192879,323.066682
832.582902,332.895373,835.997601,338.023385,844.192879,323.066682
832.582902,332.895373,835.997601,338.023385,844.192879,323.066682
832.582902,332.254371,835.997601,338.023385,844.192879,323.066682
832.582902,332.040704,835.997601,338.023385,844.192879,323.066682
832.582902,332.040704,835.997601,338.023385,844.192879,323.066682
832.355255,331.613369,835.997601,338.023385,844.192879,323.066682
832.355255,331.613369,835.997601,338.023385,843.965232,323.494016
832.127608,331.186035,835.997601,338.023385,843.965232,323.494016
832.127608,331.186035,836.225247,338.023385,843.965232,323.494016
832.127608,331.186035,836.225247,338.023385,843.965232,323.494016
832.127608,331.186035,836.225247,338.023385,843.965232,323.494016
832.127608,330.545034,836.225247,338.023385,843.965232,323.494016
831.672315,330.117699,836.225247,338.023385,843.965232,323.494016
831.672315,330.117699,836.225247,338.023385,843.965232,323.494016
831.672315,329.263030,836.225247,338.023385,843.965232,323.494016
831.672315,328.835696,836.225247,338.023385,843.965232,323.494016
831.672315,328.835696,836.225247,338.023385,843.965232,323.494016
831.899962,328.835696,836.225247,337.596051,843.965232,323.494016
831.899962,328.835696,836.680541,337.596051,843.965232,323.494016
831.672315,328.835696,836.680541,337.596051,843.965232,323.494016
831.444668,327.340026,836.680541,337.596051,843.965232,323.494016
831.444668,327.340026,835.997601,337.168716,843.965232,323.494016
831.444668,327.340026,835.997601,337.168716,843.965232,323.494016
831.217022,326.912691,835.769954,337.168716,843.965232,323.494016
831.217022,326.699024,834.631721,337.382384,843.965232,323.494016
831.217022,326.699024,834.631721,336.527715,843.965232,323.494016
831.217022,326.699024,834.631721,335.886713,843.965232,323.494016
830.761729,326.271690,834.631721,335.886713,843.054646,321.571012
830.306435,324.989687,834.631721,335.886713,843.054646,321.571012
830.306435,324.989687,834.631721,335.886713,843.054646,321.571012
830.306435,324.989687,834.631721,335.886713,843.054646,321.571012
830.306435,324.989687,834.631721,335.886713,843.054646,321.571012
830.306435,324.989687,834.631721,335.886713,843.054646,321.571012
830.306435,324.989687,834.631721,335.886713,843.054646,321.571012
830.306435,324.989687,834.631721,335.886713,843.054646,321.571012
830.306435,324.562352,834.631721,335.886713,843.054646,321.571012
829.395849,322.639348,834.631721,335.886713,843.054646,321.571012
829.395849,322.639348,834.631721,335.886713,843.054646,321.571012
829.395849,322.639348,834.631721,335.886713,843.054646,321.571012
829.395849,322.639348,834.631721,335.886713,843.054646,321.571012
829.851142,322.212013,834.631721,335.886713,843.054646,321.571012
829.851142,322.212013,834.631721,335.886713,843.054646,321.571012
829.851142,322.212013,834.631721,335.886713,843.054646,321.571012
829.851142,322.212013,834.631721,335.886713,843.054646,321.571012
829.851142,322.212013,834.404074,335.032045,843.054646,321.571012
829.851142,322.212013,834.404074,335.032045,843.054646,321.571012
829.851142,322.212013,834.404074,335.032045,843.054646,321.571012
829.851142,321.571012,834.404074,335.032045,843.054646,321.571012
829.851142,321.571012,834.404074,335.032045,843.054646,321.571012
829.851142,321.357344,834.404074,335.032045,843.054646,321.571012
829.851142,321.357344,834.404074,335.245712,843.054646,321.571012
829.851142,321.143677,834.404074,334.818377,843.054646,321.571012
829.851142,321.143677,834.404074,332.681705,843.509939,321.571012
829.851142,321.143677,833.038195,333.750041,843.509939,321.571012
829.851142,320.930010,832.582902,333.109040,843.509939,321.571012
829.851142,320.289009,832.355255,332.468038,843.509939,321.571012
829.851142,320.289009,832.355255,332.254371,843.509939,321.571012
829.851142,320.289009,832.355255,332.040704,843.509939,321.571012
829.851142,319.861674,832.355255,332.040704,843.509939,321.571012
829.851142,319.861674,832.355255,332.040704,843.509939,321.571012
829.851142,319.434340,832.355255,332.040704,843.509939,321.571012
829.851142,319.434340,832.355255,332.040704,843.509939,321.571012
829.851142,319.220673,832.355255,332.040704,843.509939,321.571012
829.851142,319.220673,832.355255,332.040704,843.509939,321.571012
829.851142,319.220673,832.355255,332.040704,843.509939,321.571012
829.851142,319.220673,832.355255,332.040704,843.509939,321.571012
829.851142,317.938669,832.355255,332.040704,843.509939,321.571012
829.851142,317.938669,832.355255,332.040704,843.509939,321.571012
829.851142,317.938669,832.355255,332.040704,843.509939,321.571012
829.851142,317.938669,832.355255,332.040704,843.509939,321.571012
829.851142,317.938669,832.355255,332.040704,843.509939,321.571012
829.851142,317.297668,832.355255,332.040704,843.509939,321.571012
829.851142,317.297668,832.355255,332.040704,843.509939,321.571012
829.851142,317.297668,832.355255,332.040704,843.509939,321.571012
829.851142,317.084001,832.355255,332.040704,843.509939,321.571012
829.851142,316.870333,832.355255,332.040704,843.509939,321.571012
830.078789,316.656666,832.355255,332.040704,843.509939,321.571012
830.078789,315.160996,832.355255,332.040704,843.509939,321.571012
830.078789,315.160996,832.355255,332.040704,843.509939,321.571012
830.078789,315.160996,832.355255,332.040704,843.509939,321.571012
830.078789,315.160996,832.355255,332.040704,843.509939,321.571012
830.078789,315.160996,832.355255,332.040704,843.509939,321.571012
830.078789,315.160996,832.355255,332.040704,843.509939,321.571012
830.078789,315.160996,832.355255,332.040704,843.509939,321.571012
830.078789,315.160996,832.355255,332.040704,843.509939,321.571012
830.078789,315.160996,832.355255,332.040704,843.509939,321.571012
830.078789,314.733662,832.355255,332.040704,843.509939,321.571012
830.078789,314.519994,832.355255,332.040704,843.509939,321.571012
830.078789,314.092660,832.355255,332.040704,843.509939,321.571012
830.078789,314.092660,832.355255,332.040704,843.509939,321.571012
830.078789,314.092660,832.582902,331.613369,843.509939,321.571012
830.078789,313.665326,832.582902,331.399702,843.509939,321.571012
830.078789,313.665326,833.265841,330.331366,843.509939,321.571012
830.078789,313.665326,833.721135,329.904032,843.509939,321.571012
830.534082,313.665326,835.087014,328.408362,843.509939,321.571012
830.534082,313.665326,835.087014,328.408362,843.509939,321.571012
830.534082,313.665326,835.087014,328.408362,843.509939,321.571012
830.534082,313.665326,835.087014,328.408362,843.509939,321.571012
830.534082,313.665326,835.087014,328.408362,843.509939,321.571012
830.534082,313.665326,835.087014,328.408362,843.509939,321.571012
830.534082,313.665326,835.087014,328.408362,843.509939,321.571012
830.534082,313.665326,835.314661,328.408362,843.509939,321.571012
830.534082,313.665326,835.314661,328.408362,843.509939,321.571012
830.534082,313.665326,835.314661,328.408362,843.509939,321.571012
830.534082,313.665326,835.314661,328.408362,843.509939,321.571012
830.534082,313.665326,835.314661,328.408362,843.509939,321.571012
830.534082,313.665326,835.314661,328.408362,843.509939,321.571012
830.761729,313.665326,835.314661,328.408362,843.509939,321.571012
830.761729,312.810657,835.314661,328.408362,843.509939,321.571012
830.989375,312.169655,835.314661,328.408362,843.509939,321.143677
831.217022,311.742321,835.314661,328.408362,843.509939,321.143677
831.217022,311.742321,835.314661,328.408362,843.509939,321.143677
831.217022,311.742321,835.314661,328.408362,843.509939,321.143677
831.217022,311.742321,835.314661,328.408362,843.509939,321.143677
831.217022,311.742321,835.314661,328.408362,843.509939,321.143677
831.217022,311.528654,835.314661,328.408362,843.509939,321.143677
830.989375,310.460318,835.314661,328.408362,845.331112,320.289009
830.989375,310.460318,835.542307,328.408362,845.331112,320.289009
830.989375,310.460318,835.542307,328.194694,845.331112,320.289009
830.989375,310.460318,835.314661,327.981027,845.331112,320.289009
830.989375,310.460318,835.314661,327.767360,845.331112,319.434340
830.989375,310.460318,835.314661,327.126359,844.875819,319.220673
830.989375,310.460318,835.314661,327.126359,844.875819,319.220673
830.989375,310.460318,835.314661,327.126359,844.875819,319.220673
830.989375,310.460318,835.314661,327.126359,844.875819,319.220673
830.989375,310.460318,835.314661,327.126359,843.054646,320.289009
830.989375,310.460318,835.314661,327.126359,843.054646,320.289009
830.989375,310.460318,835.314661,327.126359,843.282292,320.289009
830.989375,310.460318,835.314661,327.126359,843.282292,320.289009
830.989375,310.460318,835.314661,327.126359,843.282292,320.289009
830.989375,310.460318,835.314661,327.126359,843.282292,320.289009
830.989375,310.460318,835.314661,327.126359,843.282292,320.289009
830.989375,310.246651,835.314661,327.126359,843.282292,320.289009
831.217022,310.246651,835.314661,327.126359,843.282292,320.289009
831.899962,309.391982,835.314661,327.126359,843.282292,320.289009
831.899962,309.391982,835.542307,327.126359,843.282292,320.289009
831.899962,309.391982,835.542307,327.126359,843.282292,320.289009
831.899962,309.391982,835.542307,326.912691,843.282292,320.289009
831.899962,308.750980,835.769954,326.699024,843.282292,320.289009
831.899962,308.750980,835.769954,326.485357,843.282292,320.289009
832.127608,308.323646,835.769954,326.485357,843.282292,320.289009
832.127608,308.323646,835.769954,326.271690,843.282292,320.289009
832.355255,308.323646,835.769954,326.271690,843.282292,320.289009
833.038195,307.255310,835.769954,326.271690,843.282292,320.289009
833.493488,307.255310,835.769954,326.058023,843.282292,320.289009
833.493488,307.255310,835.997601,325.417021,843.282292,320.289009
833.493488,307.255310,836.225247,325.417021,843.282292,320.289009
833.493488,307.255310,836.225247,325.417021,843.282292,320.289009
833.493488,307.255310,836.225247,325.417021,843.282292,320.289009
833.493488,307.255310,836.225247,325.417021,843.282292,320.289009
833.493488,307.255310,836.225247,325.417021,843.282292,320.289009
833.493488,307.255310,836.225247,325.417021,843.282292,320.289009
833.493488,307.255310,836.225247,325.417021,843.282292,320.289009
833.493488,307.255310,836.225247,325.417021,843.282292,320.289009
833.493488,307.255310,836.225247,325.417021,843.282292,320.289009
833.493488,307.255310,836.225247,325.417021,843.282292,320.289009
833.493488,307.255310,836.225247,325.417021,843.282292,320.289009
833.493488,307.255310,836.225247,325.417021,843.282292,320.289009
833.493488,307.255310,836.225247,325.417021,843.282292,320.289009
833.493488,307.255310,836.225247,325.417021,843.282292,320.289009
833.493488,307.255310,836.225247,325.417021,843.282292,320.289009
833.493488,307.255310,836.225247,325.417021,843.282292,320.289009
833.493488,307.255310,836.225247,325.417021,843.282292,320.289009
833.493488,307.255310,836.225247,325.417021,843.282292,320.289009
833.493488,307.255310,836.225247,325.417021,843.282292,320.289009
833.493488,307.255310,836.225247,325.417021,843.282292,320.289009
833.493488,307.255310,836.225247,325.417021,843.282292,320.289009
833.493488,307.255310,836.225247,325.417021,843.282292,320.289009
833.493488,307.255310,836.225247,325.417021,843.282292,320.289009
833.493488,307.255310,836.225247,325.417021,843.282292,320.289009
833.493488,307.255310,836.225247,325.417021,843.282292,320.289009
833.493488,307.255310,836.225247,325.417021,843.282292,320.289009
833.493488,307.255310,836.225247,325.417021,843.282292,320.289009
833.493488,307.255310,836.225247,325.417021,843.282292,320.289009
833.493488,307.255310,836.225247,325.417021,843.282292,320.289009
833.493488,307.255310,836.225247,325.417021,843.282292,320.289009
833.493488,307.255310,836.225247,325.417021,843.282292,320.289009
833.493488,307.255310,836.225247,325.417021,843.282292,320.289009
833.493488,307.255310,836.225247,325.417021,843.282292,320.289009
833.493488,307.255310,836.225247,325.417021,843.282292,320.289009
833.493488,307.255310,836.225247,325.417021,843.282292,320.289009
833.493488,307.255310,836.225247,325.417021,843.282292,320.289009
833.493488,307.255310,836.225247,325.417021,843.282292,320.289009
833.493488,307.255310,836.225247,325.417021,843.282292,320.289009
833.493488,307.255310,836.225247,325.417021,843.282292,320.289009
833.493488,307.255310,836.225247,325.417021,843.282292,320.289009
833.493488,307.255310,836.225247,325.417021,843.282292,320.289009
833.493488,307.255310,836.225247,325.417021,843.282292,320.289009
833.493488,307.255310,836.452894,325.417021,843.282292,320.289009
833.493488,307.255310,836.452894,325.203354,843.282292,320.289009
833.493488,307.255310,836.452894,324.989687,843.282292,320.289009
833.493488,309.605649,836.452894,324.989687,843.282292,320.289009
833.493488,309.178315,836.452894,324.776019,843.282292,320.289009
833.493488,309.178315,835.997601,324.135018,843.282292,320.289009
833.948781,309.819316,835.997601,324.348685,843.282292,320.289009
834.176428,310.032983,836.680541,323.066682,843.282292,320.289009
835.314661,310.032983,836.680541,323.066682,843.282292,320.289009
835.314661,310.246651,836.680541,323.066682,843.282292,320.289009
835.997601,310.673985,836.680541,323.066682,843.282292,320.289009
835.997601,310.887652,836.680541,323.280349,843.282292,320.289009
835.997601,310.887652,836.680541,323.494016,843.282292,320.289009
835.997601,310.887652,836.680541,324.562352,843.282292,320.289009
835.997601,310.887652,836.680541,324.562352,843.282292,320.289009
835.997601,310.887652,836.680541,324.562352,843.282292,320.289009
835.997601,310.887652,836.680541,324.562352,843.282292,320.289009
835.997601,310.887652,836.680541,324.348685,843.282292,320.289009
835.997601,310.887652,836.680541,324.348685,843.282292,320.289009
835.997601,310.887652,836.680541,324.348685,843.282292,320.289009
835.997601,310.887652,836.680541,324.348685,843.282292,320.289009
835.997601,310.887652,836.680541,324.348685,843.282292,320.289009
835.997601,310.887652,836.680541,324.348685,843.282292,320.289009
835.997601,310.887652,836.680541,324.348685,843.282292,320.289009
835.997601,310.887652,836.680541,324.348685,843.282292,320.289009
835.997601,310.887652,836.680541,324.348685,843.282292,320.289009
835.997601,310.887652,836.680541,324.348685,843.282292,320.289009
836.225247,310.887652,836.680541,324.348685,843.282292,320.289009
836.225247,310.887652,836.680541,324.348685,843.282292,320.289009
836.225247,310.887652,836.680541,324.348685,843.282292,320.289009
836.225247,310.887652,836.680541,324.348685,843.282292,320.289009
836.225247,311.101319,836.680541,324.562352,843.282292,320.289009
836.225247,311.314987,836.680541,324.562352,843.282292,320.289009
836.225247,311.314987,836.225247,325.203354,843.282292,320.289009
835.997601,311.742321,835.997601,325.203354,843.282292,320.289009
835.997601,311.742321,835.997601,325.203354,843.282292,320.289009
835.542307,313.451658,835.997601,325.203354,843.282292,320.289009
835.542307,312.596990,835.997601,325.203354,843.282292,320.289009
835.542307,312.596990,835.997601,325.203354,843.282292,320.289009
835.542307,312.596990,835.997601,325.203354,843.282292,320.289009
835.542307,312.596990,835.997601,325.203354,843.282292,320.289009
835.542307,313.237991,835.997601,325.203354,843.282292,320.289009
835.542307,313.237991,835.997601,325.203354,843.282292,320.289009
835.542307,313.237991,835.997601,325.203354,843.282292,320.289009
835.542307,313.451658,835.997601,325.203354,843.282292,320.289009
835.769954,313.665326,835.997601,325.203354,843.282292,320.289009
835.769954,313.878993,835.997601,325.203354,843.282292,319.007005
835.769954,314.092660,835.997601,325.203354,843.054646,318.152337
835.769954,314.306327,835.997601,325.203354,842.599353,317.511335
835.769954,314.306327,835.997601,325.203354,842.371706,317.084001
835.769954,314.306327,835.997601,325.203354,841.916413,316.015665
835.769954,314.306327,835.997601,325.203354,841.688766,315.374663
835.769954,314.306327,835.997601,325.203354,841.688766,315.374663
835.769954,314.306327,835.997601,325.203354,841.233473,315.374663
835.769954,314.306327,835.997601,325.203354,840.550533,315.374663
835.997601,315.160996,835.997601,325.203354,839.867593,315.801998
835.769954,315.160996,835.997601,325.203354,839.867593,315.801998
835.542307,315.160996,835.997601,325.203354,838.501713,316.656666
835.542307,315.160996,835.997601,325.203354,838.501713,316.656666
835.542307,315.160996,835.997601,325.203354,838.501713,316.656666
835.542307,315.160996,835.997601,325.203354,838.501713,316.656666
835.542307,315.374663,835.997601,325.203354,838.501713,316.656666
835.542307,315.801998,835.997601,325.203354,838.501713,316.656666
835.542307,315.801998,835.997601,325.203354,838.501713,316.656666
835.542307,316.015665,835.997601,325.203354,838.046420,316.870333
835.314661,316.229332,835.997601,325.203354,837.818774,316.870333
835.314661,316.229332,835.997601,325.203354,837.818774,316.870333
835.087014,316.229332,835.997601,325.203354,837.818774,317.084001
835.087014,316.015665,835.997601,325.203354,837.818774,317.084001
835.087014,316.015665,835.997601,325.203354,837.818774,317.084001
835.087014,316.229332,835.997601,325.203354,837.363480,317.297668
834.859368,316.229332,835.997601,325.203354,837.363480,317.297668
834.859368,316.229332,835.997601,325.203354,837.363480,317.297668
834.631721,316.656666,835.997601,325.203354,837.363480,317.297668
834.631721,316.656666,835.997601,325.203354,837.135834,317.297668
834.631721,317.938669,835.997601,325.203354,836.225247,317.511335
834.631721,317.938669,835.997601,325.203354,835.769954,317.938669
834.859368,319.007005,835.997601,325.203354,834.404074,319.007005
834.859368,319.007005,835.997601,325.203354,833.948781,318.579671
834.859368,319.007005,835.997601,325.203354,833.721135,318.579671
835.087014,318.793338,835.997601,325.203354,833.265841,318.793338
835.087014,318.793338,835.997601,325.203354,832.355255,319.434340
835.087014,318.793338,835.997601,325.203354,832.127608,319.434340
835.087014,318.793338,835.997601,325.203354,832.127608,319.434340
835.087014,318.793338,835.997601,325.203354,831.899962,319.861674
835.087014,318.793338,835.997601,325.203354,831.899962,320.075341
835.087014,318.793338,835.997601,325.203354,831.672315,321.357344
835.087014,318.793338,835.997601,325.203354,831.672315,321.784679
835.087014,318.793338,835.997601,325.203354,831.672315,323.280349
835.087014,318.793338,835.997601,325.203354,831.672315,323.280349
835.087014,318.793338,835.997601,325.203354,831.672315,323.280349
835.087014,318.793338,835.997601,325.203354,831.672315,323.280349
835.087014,318.793338,835.997601,325.203354,831.672315,323.280349
835.087014,319.007005,835.997601,325.203354,831.444668,324.135018
835.087014,319.434340,835.997601,325.203354,831.444668,324.135018
835.087014,319.648007,835.997601,325.203354,831.444668,324.135018
835.087014,320.502676,835.997601,325.203354,831.444668,324.135018
835.087014,320.502676,835.997601,325.203354,831.444668,324.135018
835.087014,321.143677,835.997601,325.203354,831.217022,324.135018
835.314661,320.930010,835.997601,325.203354,831.217022,324.135018
835.314661,320.930010,835.997601,325.203354,831.444668,324.989687
835.314661,321.357344,835.997601,325.203354,831.444668,325.203354
835.314661,322.212013,835.997601,325.203354,831.444668,325.417021
835.314661,322.212013,835.997601,325.203354,831.444668,325.417021
835.314661,322.212013,835.997601,324.989687,831.899962,326.699024
835.314661,321.998346,835.997601,324.989687,831.899962,326.699024
835.314661,322.425680,835.997601,324.776019,831.899962,326.699024
835.314661,322.425680,835.997601,324.776019,832.127608,327.340026
835.314661,322.425680,835.997601,324.776019,832.127608,327.340026
835.314661,322.425680,835.997601,324.776019,832.127608,327.767360
835.314661,322.425680,835.997601,324.776019,832.582902,328.194694
835.314661,322.425680,835.997601,324.776019,832.582902,328.622029
835.314661,322.425680,835.997601,324.776019,833.038195,329.904032
835.314661,322.425680,835.997601,324.776019,833.038195,329.904032
835.314661,322.425680,835.997601,324.776019,833.038195,330.117699
835.542307,322.425680,835.997601,325.203354,833.038195,330.331366
835.769954,323.494016,835.997601,325.203354,833.038195,330.331366
835.769954,323.494016,835.997601,325.203354,833.038195,330.331366
835.769954,323.921351,835.997601,325.203354,833.038195,330.331366
835.769954,323.921351,835.997601,325.203354,833.038195,330.331366
835.769954,323.921351,835.997601,325.203354,833.038195,330.331366
835.769954,323.921351,835.997601,325.203354,833.038195,330.331366
835.769954,323.921351,835.997601,325.203354,833.038195,330.331366
835.769954,324.135018,835.997601,325.203354,833.038195,330.331366
835.769954,324.135018,835.997601,325.203354,833.038195,330.331366
835.769954,324.348685,835.997601,325.203354,833.038195,330.331366
835.769954,324.348685,835.997601,325.203354,833.038195,330.331366
835.542307,324.348685,835.997601,325.203354,833.038195,330.331366
834.859368,325.203354,835.997601,325.203354,833.038195,330.331366
834.859368,325.417021,835.997601,325.203354,833.038195,330.331366
834.859368,326.058023,835.997601,325.203354,833.038195,330.331366
834.859368,326.699024,835.997601,325.203354,833.038195,330.331366
834.859368,326.699024,835.997601,325.203354,833.038195,330.331366
834.859368,326.699024,835.997601,325.203354,833.038195,330.331366
834.859368,326.699024,835.997601,325.203354,833.038195,330.331366
834.859368,326.699024,835.997601,325.203354,833.038195,330.331366
835.087014,327.126359,835.997601,325.203354,833.038195,330.331366
835.314661,327.767360,835.997601,325.203354,833.038195,330.331366
835.314661,327.767360,835.997601,325.203354,833.038195,330.331366
835.769954,327.981027,835.997601,325.203354,833.038195,330.331366
835.769954,327.981027,835.997601,325.203354,833.038195,330.331366
835.769954,327.981027,835.997601,325.203354,833.038195,330.331366
835.769954,327.981027,835.997601,325.203354,833.038195,330.331366
835.769954,327.981027,835.997601,325.203354,833.038195,330.331366
835.769954,327.981027,835.997601,325.203354,833.038195,330.331366
835.769954,327.981027,835.997601,325.203354,833.038195,330.331366
835.769954,327.981027,835.997601,325.203354,833.038195,330.331366
835.769954,327.981027,835.997601,325.203354,833.038195,330.331366
835.769954,327.981027,835.997601,325.203354,833.038195,330.331366
835.769954,327.981027,835.997601,325.203354,833.038195,330.331366
835.769954,327.981027,835.997601,325.203354,833.038195,330.331366
835.769954,327.981027,835.997601,325.203354,833.038195,330.331366
835.769954,327.981027,835.997601,325.203354,833.038195,330.331366
835.769954,327.981027,835.997601,325.203354,833.038195,330.331366
835.769954,327.981027,835.997601,325.203354,833.038195,330.331366
835.769954,327.981027,835.997601,325.203354,833.038195,330.331366
835.769954,327.981027,835.997601,325.203354,833.038195,330.331366
835.769954,327.981027,835.997601,325.203354,833.038195,330.331366
835.769954,327.981027,835.997601,325.203354,833.038195,330.331366
835.769954,327.981027,835.997601,325.203354,833.038195,330.331366
NaN,NaN,835.997601,325.203354,NaN,NaN
NaN,NaN,835.997601,325.203354,NaN,NaN
NaN,NaN,835.997601,325.203354,NaN,NaN
NaN,NaN,835.997601,325.203354,NaN,NaN
NaN,NaN,835.997601,325.203354,NaN,NaN
NaN,NaN,835.997601,325.203354,NaN,NaN
NaN,NaN,835.997601,325.203354,NaN,NaN
NaN,NaN,835.997601,325.203354,NaN,NaN
NaN,NaN,836.452894,325.203354,NaN,NaN
NaN,NaN,836.452894,325.203354,NaN,NaN
NaN,NaN,835.087014,325.844355,NaN,NaN
NaN,NaN,834.631721,326.271690,NaN,NaN
NaN,NaN,833.493488,327.340026,NaN,NaN
NaN,NaN,833.493488,327.340026,NaN,NaN
NaN,NaN,833.493488,327.981027,NaN,NaN
NaN,NaN,833.493488,327.981027,NaN,NaN
NaN,NaN,833.493488,327.981027,NaN,NaN
NaN,NaN,833.493488,327.981027,NaN,NaN
NaN,NaN,833.493488,327.981027,NaN,NaN
NaN,NaN,833.493488,327.981027,NaN,NaN
NaN,NaN,833.493488,327.981027,NaN,NaN
NaN,NaN,833.493488,327.981027,NaN,NaN
NaN,NaN,833.493488,327.981027,NaN,NaN
NaN,NaN,833.493488,327.981027,NaN,NaN
NaN,NaN,833.493488,327.981027,NaN,NaN
NaN,NaN,833.493488,327.981027,NaN,NaN
NaN,NaN,833.493488,327.981027,NaN,NaN
NaN,NaN,833.493488,327.981027,NaN,NaN
NaN,NaN,833.493488,327.981027,NaN,NaN
NaN,NaN,833.493488,327.981027,NaN,NaN
NaN,NaN,833.493488,327.981027,NaN,NaN
NaN,NaN,833.493488,327.981027,NaN,NaN
NaN,NaN,833.493488,327.981027,NaN,NaN
NaN,NaN,832.810548,328.194694,NaN,NaN
NaN,NaN,832.127608,328.194694,NaN,NaN
NaN,NaN,831.672315,328.194694,NaN,NaN
NaN,NaN,831.672315,328.194694,NaN,NaN
NaN,NaN,831.672315,328.194694,NaN,NaN
NaN,NaN,831.672315,328.194694,NaN,NaN
NaN,NaN,831.672315,328.194694,NaN,NaN
NaN,NaN,831.672315,328.194694,NaN,NaN
NaN,NaN,831.672315,328.194694,NaN,NaN
NaN,NaN,831.672315,328.194694,NaN,NaN
NaN,NaN,831.672315,328.194694,NaN,NaN
NaN,NaN,831.672315,328.194694,NaN,NaN
NaN,NaN,831.672315,328.194694,NaN,NaN
NaN,NaN,831.672315,328.194694,NaN,NaN
NaN,NaN,831.672315,328.194694,NaN,NaN
NaN,NaN,831.672315,328.194694,NaN,NaN
NaN,NaN,831.672315,328.194694,NaN,NaN
NaN,NaN,831.672315,328.194694,NaN,NaN
NaN,NaN,831.672315,328.194694,NaN,NaN
NaN,NaN,831.672315,328.194694,NaN,NaN
NaN,NaN,831.672315,328.194694,NaN,NaN
NaN,NaN,831.672315,328.194694,NaN,NaN
NaN,NaN,831.672315,328.194694,NaN,NaN
NaN,NaN,831.672315,328.194694,NaN,NaN
NaN,NaN,831.672315,328.194694,NaN,NaN
NaN,NaN,831.672315,328.194694,NaN,NaN
NaN,NaN,831.672315,328.194694,NaN,NaN
NaN,NaN,831.672315,328.194694,NaN,NaN
NaN,NaN,831.672315,328.194694,NaN,NaN
NaN,NaN,831.672315,328.194694,NaN,NaN
NaN,NaN,831.672315,328.194694,NaN,NaN
NaN,NaN,831.672315,328.194694,NaN,NaN
NaN,NaN,831.672315,328.194694,NaN,NaN
NaN,NaN,831.672315,328.194694,NaN,NaN
NaN,NaN,831.672315,328.194694,NaN,NaN
NaN,NaN,831.672315,328.194694,NaN,NaN
NaN,NaN,831.672315,328.194694,NaN,NaN
NaN,NaN,831.672315,328.194694,NaN,NaN
NaN,NaN,831.672315,328.194694,NaN,NaN
NaN,NaN,831.672315,328.194694,NaN,NaN
NaN,NaN,831.672315,328.194694,NaN,NaN
NaN,NaN,831.672315,328.194694,NaN,NaN
NaN,NaN,831.672315,328.194694,NaN,NaN
NaN,NaN,831.672315,328.194694,NaN,NaN
NaN,NaN,831.672315,328.194694,NaN,NaN
NaN,NaN,831.672315,328.194694,NaN,NaN
NaN,NaN,831.672315,328.194694,NaN,NaN
NaN,NaN,831.672315,328.194694,NaN,NaN
NaN,NaN,831.672315,328.194694,NaN,NaN
NaN,NaN,831.672315,328.194694,NaN,NaN
NaN,NaN,831.672315,328.194694,NaN,NaN
NaN,NaN,831.672315,328.194694,NaN,NaN
NaN,NaN,831.672315,328.194694,NaN,NaN
NaN,NaN,831.672315,328.194694,NaN,NaN
NaN,NaN,831.672315,328.194694,NaN,NaN
NaN,NaN,831.672315,328.194694,NaN,NaN
NaN,NaN,831.672315,328.194694,NaN,NaN
NaN,NaN,831.672315,328.194694,NaN,NaN
NaN,NaN,831.672315,328.194694,NaN,NaN
NaN,NaN,831.672315,328.194694,NaN,NaN
NaN,NaN,831.672315,328.194694,NaN,NaN
NaN,NaN,831.672315,328.194694,NaN,NaN
NaN,NaN,831.672315,328.194694,NaN,NaN
NaN,NaN,831.672315,328.194694,NaN,NaN
NaN,NaN,831.672315,328.194694,NaN,NaN
NaN,NaN,831.672315,328.194694,NaN,NaN
NaN,NaN,831.672315,328.194694,NaN,NaN
NaN,NaN,831.672315,328.194694,NaN,NaN
NaN,NaN,831.672315,328.194694,NaN,NaN
NaN,NaN,831.672315,328.194694,NaN,NaN
NaN,NaN,831.672315,328.194694,NaN,NaN
NaN,NaN,831.444668,328.194694,NaN,NaN
NaN,NaN,831.444668,328.194694,NaN,NaN
NaN,NaN,831.444668,328.194694,NaN,NaN
NaN,NaN,831.444668,328.194694,NaN,NaN
NaN,NaN,831.444668,328.194694,NaN,NaN
NaN,NaN,831.444668,328.194694,NaN,NaN
NaN,NaN,831.444668,328.194694,NaN,NaN
NaN,NaN,831.444668,328.194694,NaN,NaN
NaN,NaN,831.444668,328.194694,NaN,NaN
NaN,NaN,831.444668,328.194694,NaN,NaN
NaN,NaN,830.306435,327.767360,NaN,NaN
NaN,NaN,830.306435,327.767360,NaN,NaN
NaN,NaN,830.306435,327.767360,NaN,NaN
NaN,NaN,830.306435,327.767360,NaN,NaN
NaN,NaN,830.306435,327.767360,NaN,NaN
NaN,NaN,830.306435,327.767360,NaN,NaN
NaN,NaN,830.306435,327.767360,NaN,NaN
NaN,NaN,830.306435,327.767360,NaN,NaN
NaN,NaN,830.306435,327.767360,NaN,NaN
NaN,NaN,830.306435,327.767360,NaN,NaN
NaN,NaN,830.306435,327.767360,NaN,NaN
NaN,NaN,830.306435,327.767360,NaN,NaN
NaN,NaN,830.306435,327.767360,NaN,NaN
NaN,NaN,830.306435,327.767360,NaN,NaN
NaN,NaN,830.306435,327.767360,NaN,NaN
NaN,NaN,830.306435,327.767360,NaN,NaN
NaN,NaN,830.306435,327.767360,NaN,NaN
NaN,NaN,830.306435,327.767360,NaN,NaN
NaN,NaN,830.306435,327.767360,NaN,NaN
NaN,NaN,830.306435,327.767360,NaN,NaN
NaN,NaN,830.306435,327.767360,NaN,NaN
NaN,NaN,830.306435,327.767360,NaN,NaN
NaN,NaN,830.306435,327.767360,NaN,NaN
NaN,NaN,830.306435,327.767360,NaN,NaN
NaN,NaN,830.306435,327.767360,NaN,NaN
NaN,NaN,830.306435,327.767360,NaN,NaN
NaN,NaN,830.306435,327.767360,NaN,NaN
NaN,NaN,830.306435,327.767360,NaN,NaN
NaN,NaN,830.306435,327.767360,NaN,NaN
NaN,NaN,830.306435,327.767360,NaN,NaN
NaN,NaN,830.306435,327.767360,NaN,NaN
NaN,NaN,830.306435,327.767360,NaN,NaN
NaN,NaN,830.306435,327.767360,NaN,NaN
NaN,NaN,830.306435,327.767360,NaN,NaN
NaN,NaN,830.306435,327.767360,NaN,NaN
NaN,NaN,830.306435,327.767360,NaN,NaN
NaN,NaN,830.306435,327.767360,NaN,NaN
NaN,NaN,830.306435,327.767360,NaN,NaN
NaN,NaN,830.306435,327.767360,NaN,NaN
NaN,NaN,830.306435,327.767360,NaN,NaN
NaN,NaN,830.306435,327.767360,NaN,NaN
NaN,NaN,830.306435,327.767360,NaN,NaN
NaN,NaN,830.306435,327.767360,NaN,NaN
NaN,NaN,830.306435,327.767360,NaN,NaN
NaN,NaN,830.306435,327.767360,NaN,NaN
NaN,NaN,830.306435,327.767360,NaN,NaN
NaN,NaN,830.306435,327.767360,NaN,NaN
NaN,NaN,830.306435,327.767360,NaN,NaN
NaN,NaN,830.306435,327.767360,NaN,NaN
NaN,NaN,830.306435,327.767360,NaN,NaN
NaN,NaN,830.306435,327.767360,NaN,NaN
NaN,NaN,830.306435,327.767360,NaN,NaN
NaN,NaN,830.306435,327.767360,NaN,NaN
NaN,NaN,830.306435,327.767360,NaN,NaN
NaN,NaN,830.306435,327.981027,NaN,NaN
NaN,NaN,830.306435,327.981027,NaN,NaN
NaN,NaN,830.306435,327.981027,NaN,NaN
NaN,NaN,830.306435,327.981027,NaN,NaN
NaN,NaN,830.306435,327.981027,NaN,NaN
NaN,NaN,830.306435,327.981027,NaN,NaN
NaN,NaN,830.306435,327.981027,NaN,NaN
NaN,NaN,830.306435,327.981027,NaN,NaN
NaN,NaN,830.306435,327.981027,NaN,NaN
NaN,NaN,830.306435,327.981027,NaN,NaN
NaN,NaN,830.306435,327.981027,NaN,NaN
NaN,NaN,830.306435,327.981027,NaN,NaN
NaN,NaN,830.306435,327.981027,NaN,NaN
NaN,NaN,830.306435,327.981027,NaN,NaN
NaN,NaN,830.306435,327.981027,NaN,NaN
NaN,NaN,830.306435,327.981027,NaN,NaN
NaN,NaN,830.306435,327.981027,NaN,NaN
NaN,NaN,830.306435,327.981027,NaN,NaN
NaN,NaN,830.306435,327.981027,NaN,NaN
NaN,NaN,830.306435,327.981027,NaN,NaN
NaN,NaN,830.306435,327.981027,NaN,NaN
NaN,NaN,830.306435,327.981027,NaN,NaN
NaN,NaN,830.306435,327.981027,NaN,NaN
NaN,NaN,830.306435,327.981027,NaN,NaN
NaN,NaN,830.306435,327.981027,NaN,NaN
NaN,NaN,830.306435,327.981027,NaN,NaN
NaN,NaN,830.306435,327.981027,NaN,NaN
NaN,NaN,830.306435,327.981027,NaN,NaN
NaN,NaN,830.306435,327.981027,NaN,NaN
NaN,NaN,830.306435,327.981027,NaN,NaN
NaN,NaN,830.306435,327.981027,NaN,NaN
NaN,NaN,830.306435,327.981027,NaN,NaN
NaN,NaN,830.306435,327.981027,NaN,NaN
NaN,NaN,830.306435,327.981027,NaN,NaN
NaN,NaN,830.306435,327.981027,NaN,NaN
NaN,NaN,830.306435,327.981027,NaN,NaN
NaN,NaN,830.306435,327.981027,NaN,NaN
NaN,NaN,830.306435,327.981027,NaN,NaN
NaN,NaN,830.306435,327.981027,NaN,NaN
NaN,NaN,830.306435,327.981027,NaN,NaN
NaN,NaN,830.306435,327.981027,NaN,NaN
NaN,NaN,830.306435,327.981027,NaN,NaN
NaN,NaN,830.306435,327.981027,NaN,NaN
NaN,NaN,830.534082,328.194694,NaN,NaN
NaN,NaN,830.534082,328.194694,NaN,NaN
NaN,NaN,830.534082,328.194694,NaN,NaN
NaN,NaN,830.534082,328.194694,NaN,NaN
NaN,NaN,830.534082,328.408362,NaN,NaN
NaN,NaN,830.534082,328.408362,NaN,NaN
NaN,NaN,830.534082,328.408362,NaN,NaN
NaN,NaN,830.534082,328.408362,NaN,NaN
NaN,NaN,830.534082,328.408362,NaN,NaN
NaN,NaN,830.534082,328.408362,NaN,NaN
NaN,NaN,830.534082,328.408362,NaN,NaN
NaN,NaN,830.534082,328.408362,NaN,NaN
NaN,NaN,830.534082,328.408362,NaN,NaN
NaN,NaN,830.534082,328.408362,NaN,NaN
NaN,NaN,830.534082,328.408362,NaN,NaN
NaN,NaN,830.534082,328.408362,NaN,NaN
NaN,NaN,830.534082,328.408362,NaN,NaN
NaN,NaN,830.534082,328.408362,NaN,NaN
NaN,NaN,830.534082,328.408362,NaN,NaN
NaN,NaN,830.534082,328.408362,NaN,NaN
NaN,NaN,830.534082,328.408362,NaN,NaN
NaN,NaN,830.534082,328.408362,NaN,NaN
NaN,NaN,830.534082,328.408362,NaN,NaN
NaN,NaN,830.306435,330.117699,NaN,NaN
NaN,NaN,830.078789,330.117699,NaN,NaN
NaN,NaN,830.078789,330.117699,NaN,NaN
NaN,NaN,830.078789,330.758701,NaN,NaN
NaN,NaN,830.078789,330.758701,NaN,NaN
NaN,NaN,830.078789,330.758701,NaN,NaN
NaN,NaN,830.078789,331.186035,NaN,NaN
NaN,NaN,830.078789,331.613369,NaN,NaN
NaN,NaN,830.078789,331.613369,NaN,NaN
NaN,NaN,830.078789,331.613369,NaN,NaN
NaN,NaN,830.078789,331.613369,NaN,NaN
NaN,NaN,830.078789,331.613369,NaN,NaN
NaN,NaN,830.078789,331.613369,NaN,NaN
NaN,NaN,830.078789,331.613369,NaN,NaN
NaN,NaN,830.078789,331.613369,NaN,NaN
NaN,NaN,830.306435,331.827037,NaN,NaN
NaN,NaN,830.306435,331.827037,NaN,NaN
NaN,NaN,830.306435,331.827037,NaN,NaN
NaN,NaN,830.306435,331.827037,NaN,NaN
NaN,NaN,830.306435,331.827037,NaN,NaN
NaN,NaN,830.306435,331.827037,NaN,NaN
NaN,NaN,830.306435,331.827037,NaN,NaN
NaN,NaN,830.306435,331.827037,NaN,NaN
NaN,NaN,830.306435,331.827037,NaN,NaN
NaN,NaN,830.306435,331.827037,NaN,NaN
NaN,NaN,830.306435,331.827037,NaN,NaN
NaN,NaN,830.306435,331.827037,NaN,NaN
NaN,NaN,830.306435,331.827037,NaN,NaN
NaN,NaN,830.306435,331.827037,NaN,NaN
NaN,NaN,830.306435,331.827037,NaN,NaN
NaN,NaN,830.306435,331.827037,NaN,NaN
NaN,NaN,830.306435,331.827037,NaN,NaN
NaN,NaN,830.306435,331.827037,NaN,NaN
NaN,NaN,830.306435,331.827037,NaN,NaN
NaN,NaN,830.306435,331.827037,NaN,NaN
NaN,NaN,830.306435,331.827037,NaN,NaN
NaN,NaN,830.306435,331.827037,NaN,NaN
NaN,NaN,830.306435,332.681705,NaN,NaN
NaN,NaN,830.306435,332.681705,NaN,NaN
NaN,NaN,830.306435,332.681705,NaN,NaN
NaN,NaN,830.306435,332.681705,NaN,NaN
NaN,NaN,830.306435,332.895373,NaN,NaN
NaN,NaN,830.534082,333.322707,NaN,NaN
NaN,NaN,830.761729,333.322707,NaN,NaN
NaN,NaN,830.761729,333.963709,NaN,NaN
NaN,NaN,830.761729,334.177376,NaN,NaN
NaN,NaN,830.761729,334.177376,NaN,NaN
NaN,NaN,830.761729,334.177376,NaN,NaN
NaN,NaN,830.761729,333.963709,NaN,NaN
NaN,NaN,830.989375,334.177376,NaN,NaN
NaN,NaN,830.989375,334.177376,NaN,NaN
NaN,NaN,830.989375,334.177376,NaN,NaN
NaN,NaN,830.989375,334.177376,NaN,NaN
NaN,NaN,830.989375,334.177376,NaN,NaN
NaN,NaN,830.989375,334.177376,NaN,NaN
NaN,NaN,830.989375,334.177376,NaN,NaN
NaN,NaN,830.989375,334.177376,NaN,NaN
NaN,NaN,830.989375,334.177376,NaN,NaN
NaN,NaN,830.989375,334.177376,NaN,NaN
NaN,NaN,830.989375,334.177376,NaN,NaN
NaN,NaN,830.989375,334.177376,NaN,NaN
NaN,NaN,830.989375,334.177376,NaN,NaN
NaN,NaN,831.217022,334.177376,NaN,NaN
NaN,NaN,831.217022,334.177376,NaN,NaN
NaN,NaN,830.989375,334.391043,NaN,NaN
NaN,NaN,830.989375,334.391043,NaN,NaN
NaN,NaN,830.989375,334.391043,NaN,NaN
NaN,NaN,830.989375,334.391043,NaN,NaN
NaN,NaN,830.989375,334.391043,NaN,NaN
NaN,NaN,830.989375,334.391043,NaN,NaN
NaN,NaN,830.989375,334.391043,NaN,NaN
NaN,NaN,830.989375,334.818377,NaN,NaN
NaN,NaN,830.989375,334.818377,NaN,NaN
NaN,NaN,830.989375,335.245712,NaN,NaN
NaN,NaN,830.989375,335.245712,NaN,NaN
NaN,NaN,830.989375,335.245712,NaN,NaN
NaN,NaN,830.989375,335.245712,NaN,NaN
NaN,NaN,830.989375,335.245712,NaN,NaN
NaN,NaN,830.989375,335.245712,NaN,NaN
NaN,NaN,830.989375,335.245712,NaN,NaN
NaN,NaN,830.989375,335.245712,NaN,NaN
NaN,NaN,830.989375,335.673046,NaN,NaN
NaN,NaN,830.989375,335.673046,NaN,NaN
NaN,NaN,830.989375,335.673046,NaN,NaN
NaN,NaN,830.989375,335.673046,NaN,NaN
NaN,NaN,830.989375,335.673046,NaN,NaN
NaN,NaN,830.989375,335.886713,NaN,NaN
NaN,NaN,830.989375,335.886713,NaN,NaN
NaN,NaN,830.989375,335.886713,NaN,NaN
NaN,NaN,830.989375,335.886713,NaN,NaN
NaN,NaN,830.989375,335.886713,NaN,NaN
NaN,NaN,830.989375,335.886713,NaN,NaN
NaN,NaN,830.989375,335.886713,NaN,NaN
NaN,NaN,830.989375,335.886713,NaN,NaN
NaN,NaN,830.989375,335.886713,NaN,NaN
NaN,NaN,830.989375,335.886713,NaN,NaN
NaN,NaN,830.989375,335.886713,NaN,NaN
NaN,NaN,830.989375,335.886713,NaN,NaN
NaN,NaN,830.989375,335.886713,NaN,NaN
NaN,NaN,830.989375,335.886713,NaN,NaN
NaN,NaN,830.989375,335.886713,NaN,NaN
NaN,NaN,830.989375,335.886713,NaN,NaN
NaN,NaN,830.989375,335.886713,NaN,NaN
NaN,NaN,830.989375,335.886713,NaN,NaN
NaN,NaN,830.989375,335.886713,NaN,NaN
NaN,NaN,830.989375,335.886713,NaN,NaN
NaN,NaN,830.989375,335.886713,NaN,NaN
NaN,NaN,830.989375,335.886713,NaN,NaN
NaN,NaN,830.989375,335.886713,NaN,NaN
NaN,NaN,830.989375,335.886713,NaN,NaN
NaN,NaN,830.989375,335.886713,NaN,NaN
NaN,NaN,831.217022,336.527715,NaN,NaN
NaN,NaN,831.217022,336.527715,NaN,NaN
NaN,NaN,832.127608,336.527715,NaN,NaN
NaN,NaN,832.127608,336.527715,NaN,NaN
NaN,NaN,832.127608,336.527715,NaN,NaN
NaN,NaN,831.899962,337.382384,NaN,NaN
NaN,NaN,831.899962,337.382384,NaN,NaN
NaN,NaN,831.899962,337.382384,NaN,NaN
NaN,NaN,831.899962,337.382384,NaN,NaN
NaN,NaN,831.899962,337.382384,NaN,NaN
NaN,NaN,831.899962,337.596051,NaN,NaN
NaN,NaN,831.899962,338.237052,NaN,NaN
NaN,NaN,831.899962,338.237052,NaN,NaN
NaN,NaN,831.899962,338.237052,NaN,NaN
NaN,NaN,831.899962,338.237052,NaN,NaN
NaN,NaN,831.899962,338.237052,NaN,NaN
NaN,NaN,831.899962,338.237052,NaN,NaN
NaN,NaN,831.899962,338.237052,NaN,NaN
NaN,NaN,831.899962,338.237052,NaN,NaN
NaN,NaN,831.899962,338.237052,NaN,NaN
NaN,NaN,831.899962,338.237052,NaN,NaN
NaN,NaN,831.899962,338.878054,NaN,NaN
NaN,NaN,831.899962,338.878054,NaN,NaN
NaN,NaN,831.899962,338.878054,NaN,NaN
NaN,NaN,832.355255,338.878054,NaN,NaN
NaN,NaN,832.355255,338.878054,NaN,NaN
NaN,NaN,832.355255,338.878054,NaN,NaN
NaN,NaN,832.355255,338.878054,NaN,NaN
NaN,NaN,832.355255,338.878054,NaN,NaN
NaN,NaN,832.355255,338.878054,NaN,NaN
NaN,NaN,832.355255,338.878054,NaN,NaN
NaN,NaN,832.355255,338.878054,NaN,NaN
NaN,NaN,832.355255,338.878054,NaN,NaN
NaN,NaN,832.355255,338.878054,NaN,NaN
NaN,NaN,832.355255,338.878054,NaN,NaN
NaN,NaN,832.355255,339.091721,NaN,NaN
NaN,NaN,833.038195,339.519055,NaN,NaN
NaN,NaN,833.038195,339.519055,NaN,NaN
NaN,NaN,833.038195,339.519055,NaN,NaN
NaN,NaN,833.038195,339.519055,NaN,NaN
NaN,NaN,833.038195,339.519055,NaN,NaN
NaN,NaN,833.038195,339.519055,NaN,NaN
NaN,NaN,833.038195,339.091721,NaN,NaN
NaN,NaN,833.038195,339.091721,NaN,NaN
NaN,NaN,833.038195,339.091721,NaN,NaN
NaN,NaN,833.038195,339.091721,NaN,NaN
NaN,NaN,833.038195,339.091721,NaN,NaN
NaN,NaN,833.265841,338.664387,NaN,NaN
NaN,NaN,833.265841,338.664387,NaN,NaN
NaN,NaN,833.265841,338.664387,NaN,NaN
NaN,NaN,833.265841,339.091721,NaN,NaN
NaN,NaN,833.265841,339.091721,NaN,NaN
NaN,NaN,833.265841,339.091721,NaN,NaN
NaN,NaN,833.493488,339.732723,NaN,NaN
NaN,NaN,833.493488,339.732723,NaN,NaN
NaN,NaN,833.493488,339.732723,NaN,NaN
NaN,NaN,833.493488,339.732723,NaN,NaN
NaN,NaN,833.493488,340.160057,NaN,NaN
NaN,NaN,833.493488,340.160057,NaN,NaN
NaN,NaN,833.493488,340.160057,NaN,NaN
NaN,NaN,833.948781,341.228393,NaN,NaN
NaN,NaN,833.948781,341.228393,NaN,NaN
NaN,NaN,833.948781,341.228393,NaN,NaN
NaN,NaN,833.948781,341.228393,NaN,NaN
NaN,NaN,833.948781,341.228393,NaN,NaN
NaN,NaN,833.948781,341.228393,NaN,NaN
NaN,NaN,833.948781,341.228393,NaN,NaN
NaN,NaN,834.176428,341.228393,NaN,NaN
NaN,NaN,835.087014,342.296729,NaN,NaN
NaN,NaN,835.087014,342.296729,NaN,NaN
NaN,NaN,835.087014,342.296729,NaN,NaN
NaN,NaN,835.087014,342.296729,NaN,NaN
NaN,NaN,835.087014,342.296729,NaN,NaN
NaN,NaN,835.087014,342.296729,NaN,NaN
NaN,NaN,835.087014,342.296729,NaN,NaN
NaN,NaN,835.087014,342.296729,NaN,NaN
NaN,NaN,835.087014,342.296729,NaN,NaN
NaN,NaN,835.087014,342.296729,NaN,NaN
NaN,NaN,835.087014,342.296729,NaN,NaN
NaN,NaN,835.087014,342.296729,NaN,NaN
NaN,NaN,835.087014,342.296729,NaN,NaN
NaN,NaN,835.087014,342.296729,NaN,NaN
NaN,NaN,835.087014,342.724063,NaN,NaN
NaN,NaN,835.087014,342.937730,NaN,NaN
NaN,NaN,835.314661,343.151398,NaN,NaN
NaN,NaN,835.314661,343.365065,NaN,NaN
NaN,NaN,835.314661,343.365065,NaN,NaN
NaN,NaN,835.314661,343.365065,NaN,NaN
NaN,NaN,835.314661,343.365065,NaN,NaN
NaN,NaN,835.314661,343.365065,NaN,NaN
NaN,NaN,835.314661,343.365065,NaN,NaN
NaN,NaN,835.314661,343.365065,NaN,NaN
NaN,NaN,835.314661,343.365065,NaN,NaN
NaN,NaN,835.314661,343.365065,NaN,NaN
NaN,NaN,835.314661,343.365065,NaN,NaN
NaN,NaN,836.225247,343.365065,NaN,NaN
NaN,NaN,836.225247,343.365065,NaN,NaN
NaN,NaN,836.225247,344.219734,NaN,NaN
NaN,NaN,836.225247,344.433401,NaN,NaN
NaN,NaN,836.225247,344.433401,NaN,NaN
NaN,NaN,836.225247,344.433401,NaN,NaN
NaN,NaN,836.225247,344.433401,NaN,NaN
NaN,NaN,836.225247,344.433401,NaN,NaN
NaN,NaN,836.680541,344.647068,NaN,NaN
NaN,NaN,836.680541,344.647068,NaN,NaN
NaN,NaN,836.680541,344.647068,NaN,NaN
NaN,NaN,836.680541,344.647068,NaN,NaN
NaN,NaN,836.680541,344.647068,NaN,NaN
NaN,NaN,836.680541,344.647068,NaN,NaN
NaN,NaN,836.908187,344.647068,NaN,NaN
NaN,NaN,837.135834,344.647068,NaN,NaN
NaN,NaN,837.135834,344.647068,NaN,NaN
NaN,NaN,837.135834,344.647068,NaN,NaN
NaN,NaN,837.135834,344.647068,NaN,NaN
NaN,NaN,837.135834,344.647068,NaN,NaN
NaN,NaN,837.135834,344.647068,NaN,NaN
NaN,NaN,837.135834,344.647068,NaN,NaN
NaN,NaN,837.135834,344.647068,NaN,NaN
NaN,NaN,837.135834,344.647068,NaN,NaN
NaN,NaN,837.135834,344.647068,NaN,NaN
NaN,NaN,837.135834,344.647068,NaN,NaN
NaN,NaN,837.135834,344.647068,NaN,NaN
NaN,NaN,837.135834,344.647068,NaN,NaN
NaN,NaN,837.135834,344.647068,NaN,NaN
NaN,NaN,837.135834,344.647068,NaN,NaN
NaN,NaN,837.135834,344.647068,NaN,NaN
NaN,NaN,837.135834,344.647068,NaN,NaN
NaN,NaN,837.135834,344.647068,NaN,NaN
NaN,NaN,837.135834,344.647068,NaN,NaN
NaN,NaN,837.135834,344.647068,NaN,NaN
NaN,NaN,837.135834,345.074402,NaN,NaN
NaN,NaN,837.135834,345.074402,NaN,NaN
NaN,NaN,837.135834,345.074402,NaN,NaN
NaN,NaN,837.135834,345.074402,NaN,NaN
NaN,NaN,837.135834,345.074402,NaN,NaN
NaN,NaN,837.135834,345.074402,NaN,NaN
NaN,NaN,837.135834,345.074402,NaN,NaN
NaN,NaN,837.135834,345.074402,NaN,NaN
NaN,NaN,838.046420,345.074402,NaN,NaN
NaN,NaN,838.501713,345.074402,NaN,NaN
NaN,NaN,838.501713,345.715404,NaN,NaN
NaN,NaN,838.729360,346.142738,NaN,NaN
NaN,NaN,838.729360,346.142738,NaN,NaN
NaN,NaN,838.729360,346.142738,NaN,NaN
NaN,NaN,838.729360,346.142738,NaN,NaN
NaN,NaN,NaN,NaN,NaN,NaN
NaN,NaN,NaN,NaN,NaN,NaN
NaN,NaN,NaN,NaN,NaN,NaN
NaN,NaN,NaN,NaN,NaN,NaN
NaN,NaN,NaN,NaN,NaN,NaN
NaN,NaN,NaN,NaN,NaN,NaN
NaN,NaN,NaN,NaN,NaN,NaN
NaN,NaN,NaN,NaN,NaN,NaN
NaN,NaN,NaN,NaN,NaN,NaN
NaN,NaN,NaN,NaN,NaN,NaN
NaN,NaN,NaN,NaN,NaN,NaN
NaN,NaN,NaN,NaN,NaN,NaN
NaN,NaN,NaN,NaN,NaN,NaN
NaN,NaN,NaN,NaN,NaN,NaN
NaN,NaN,NaN,NaN,NaN,NaN
NaN,NaN,NaN,NaN,NaN,NaN
NaN,NaN,NaN,NaN,NaN,NaN
NaN,NaN,NaN,NaN,NaN,NaN
NaN,NaN,NaN,NaN,NaN,NaN
NaN,NaN,NaN,NaN,NaN,NaN
NaN,NaN,NaN,NaN,NaN,NaN
NaN,NaN,NaN,NaN,NaN,NaN
NaN,NaN,NaN,NaN,NaN,NaN
NaN,NaN,NaN,NaN,NaN,NaN
NaN,NaN,NaN,NaN,NaN,NaN
NaN,NaN,NaN,NaN,NaN,NaN
NaN,NaN,NaN,NaN,NaN,NaN
NaN,NaN,NaN,NaN,NaN,NaN
NaN,NaN,NaN,NaN,NaN,NaN
NaN,NaN,NaN,NaN,NaN,NaN
NaN,NaN,NaN,NaN,NaN,NaN
NaN,NaN,NaN,NaN,NaN,NaN
NaN,NaN,NaN,NaN,NaN,NaN
NaN,NaN,NaN,NaN,NaN,NaN
NaN,NaN,NaN,NaN,NaN,NaN
NaN,NaN,NaN,NaN,NaN,NaN
NaN,NaN,NaN,NaN,NaN,NaN
NaN,NaN,NaN,NaN,NaN,NaN
NaN,NaN,NaN,NaN,NaN,NaN
NaN,NaN,NaN,NaN,NaN,NaN
NaN,NaN,NaN,NaN,NaN,NaN
NaN,NaN,NaN,NaN,NaN,NaN
NaN,NaN,NaN,NaN,NaN,NaN
NaN,NaN,NaN,NaN,NaN,NaN
NaN,NaN,NaN,NaN,NaN,NaN
NaN,NaN,NaN,NaN,NaN,NaN
NaN,NaN,NaN,NaN,NaN,NaN
NaN,NaN,NaN,NaN,NaN,NaN
NaN,NaN,NaN,NaN,NaN,NaN
NaN,NaN,NaN,NaN,NaN,NaN
NaN,NaN,NaN,NaN,NaN,NaN
NaN,NaN,NaN,NaN,NaN,NaN
NaN,NaN,NaN,NaN,NaN,NaN
NaN,NaN,NaN,NaN,NaN,NaN
NaN,NaN,NaN,NaN,NaN,NaN
NaN,NaN,NaN,NaN,NaN,NaN
NaN,NaN,NaN,NaN,NaN,NaN
NaN,NaN,NaN,NaN,NaN,NaN
NaN,NaN,NaN,NaN,NaN,NaN
NaN,NaN,NaN,NaN,NaN,NaN
NaN,NaN,NaN,NaN,NaN,NaN
NaN,NaN,NaN,NaN,NaN,NaN
NaN,NaN,NaN,NaN,NaN,NaN
NaN,NaN,NaN,NaN,NaN,NaN
NaN,NaN,NaN,NaN,NaN,NaN
NaN,NaN,NaN,NaN,NaN,NaN
NaN,NaN,NaN,NaN,NaN,NaN
NaN,NaN,NaN,NaN,NaN,NaN
NaN,NaN,NaN,NaN,NaN,NaN
NaN,NaN,NaN,NaN,NaN,NaN
NaN,NaN,NaN,NaN,NaN,NaN
NaN,NaN,NaN,NaN,NaN,NaN
NaN,NaN,NaN,NaN,NaN,NaN
NaN,NaN,NaN,NaN,NaN,NaN
NaN,NaN,NaN,NaN,NaN,NaN
NaN,NaN,NaN,NaN,NaN,NaN
NaN,NaN,NaN,NaN,NaN,NaN
NaN,NaN,NaN,NaN,NaN,NaN
NaN,NaN,NaN,NaN,NaN,NaN
NaN,NaN,NaN,NaN,NaN,NaN
NaN,NaN,NaN,NaN,NaN,NaN
NaN,NaN,NaN,NaN,NaN,NaN
NaN,NaN,NaN,NaN,NaN,NaN
NaN,NaN,NaN,NaN,NaN,NaN
NaN,NaN,NaN,NaN,NaN,NaN
NaN,NaN,NaN,NaN,NaN,NaN
NaN,NaN,NaN,NaN,NaN,NaN
NaN,NaN,NaN,NaN,NaN,NaN
NaN,NaN,NaN,NaN,NaN,NaN
NaN,NaN,NaN,NaN,NaN,NaN
NaN,NaN,NaN,NaN,NaN,NaN
NaN,NaN,NaN,NaN,NaN,NaN
NaN,NaN,NaN,NaN,NaN,NaN
NaN,NaN,NaN,NaN,NaN,NaN
NaN,NaN,NaN,NaN,NaN,NaN
NaN,NaN,NaN,NaN,NaN,NaN
NaN,NaN,NaN,NaN,NaN,NaN
NaN,NaN,NaN,NaN,NaN,NaN
NaN,NaN,NaN,NaN,NaN,NaN
NaN,NaN,NaN,NaN,NaN,NaN
NaN,NaN,NaN,NaN,NaN,NaN
NaN,NaN,NaN,NaN,NaN,NaN
NaN,NaN,NaN,NaN,NaN,NaN
NaN,NaN,NaN,NaN,NaN,NaN
NaN,NaN,NaN,NaN,NaN,NaN
NaN,NaN,NaN,NaN,NaN,NaN
NaN,NaN,NaN,NaN,NaN,NaN
NaN,NaN,NaN,NaN,NaN,NaN
NaN,NaN,NaN,NaN,NaN,NaN
NaN,NaN,NaN,NaN,NaN,NaN
NaN,NaN,NaN,NaN,NaN,NaN
NaN,NaN,NaN,NaN,NaN,NaN
NaN,NaN,NaN,NaN,NaN,NaN
NaN,NaN,NaN,NaN,NaN,NaN
NaN,NaN,NaN,NaN,NaN,NaN
NaN,NaN,NaN,NaN,NaN,NaN
NaN,NaN,NaN,NaN,NaN,NaN
NaN,NaN,NaN,NaN,NaN,NaN
NaN,NaN,NaN,NaN,NaN,NaN
NaN,NaN,NaN,NaN,NaN,NaN
NaN,NaN,NaN,NaN,NaN,NaN
NaN,NaN,NaN,NaN,NaN,NaN
NaN,NaN,NaN,NaN,NaN,NaN
NaN,NaN,NaN,NaN,NaN,NaN
NaN,NaN,NaN,NaN,NaN,NaN
NaN,NaN,NaN,NaN,NaN,NaN
NaN,NaN,NaN,NaN,NaN,NaN
NaN,NaN,NaN,NaN,NaN,NaN
NaN,NaN,NaN,NaN,NaN,NaN
NaN,NaN,NaN,NaN,NaN,NaN
NaN,NaN,NaN,NaN,NaN,NaN
NaN,NaN,NaN,NaN,NaN,NaN
NaN,NaN,NaN,NaN,NaN,NaN
NaN,NaN,NaN,NaN,NaN,NaN
NaN,NaN,NaN,NaN,NaN,NaN
NaN,NaN,NaN,NaN,NaN,NaN
NaN,NaN,NaN,NaN,NaN,NaN
NaN,NaN,NaN,NaN,NaN,NaN
NaN,NaN,NaN,NaN,NaN,NaN
NaN,NaN,NaN,NaN,NaN,NaN
NaN,NaN,NaN,NaN,NaN,NaN
NaN,NaN,NaN,NaN,NaN,NaN
NaN,NaN,NaN,NaN,NaN,NaN
NaN,NaN,NaN,NaN,NaN,NaN
NaN,NaN,NaN,NaN,NaN,NaN
NaN,NaN,NaN,NaN,NaN,NaN
NaN,NaN,NaN,NaN,NaN,NaN
NaN,NaN,NaN,NaN,NaN,NaN
NaN,NaN,NaN,NaN,NaN,NaN
NaN,NaN,NaN,NaN,NaN,NaN
NaN,NaN,NaN,NaN,NaN,NaN
NaN,NaN,NaN,NaN,NaN,NaN
NaN,NaN,NaN,NaN,NaN,NaN
NaN,NaN,NaN,NaN,NaN,NaN
NaN,NaN,NaN,NaN,NaN,NaN
NaN,NaN,NaN,NaN,NaN,NaN
NaN,NaN,NaN,NaN,NaN,NaN
NaN,NaN,NaN,NaN,NaN,NaN
NaN,NaN,NaN,NaN,NaN,NaN
NaN,NaN,NaN,NaN,NaN,NaN
NaN,NaN,NaN,NaN,NaN,NaN
NaN,NaN,NaN,NaN,NaN,NaN
NaN,NaN,NaN,NaN,NaN,NaN
NaN,NaN,NaN,NaN,NaN,NaN
NaN,NaN,NaN,NaN,NaN,NaN
NaN,NaN,NaN,NaN,NaN,NaN
NaN,NaN,NaN,NaN,NaN,NaN
NaN,NaN,NaN,NaN,NaN,NaN
NaN,NaN,NaN,NaN,NaN,NaN
NaN,NaN,NaN,NaN,NaN,NaN
NaN,NaN,NaN,NaN,NaN,NaN
NaN,NaN,NaN,NaN,NaN,NaN
NaN,NaN,NaN,NaN,NaN,NaN
NaN,NaN,NaN,NaN,NaN,NaN
NaN,NaN,NaN,NaN,NaN,NaN
NaN,NaN,NaN,NaN,NaN,NaN
NaN,NaN,NaN,NaN,NaN,NaN
NaN,NaN,NaN,NaN,NaN,NaN
NaN,NaN,NaN,NaN,NaN,NaN
NaN,NaN,NaN,NaN,NaN,NaN
NaN,NaN,NaN,NaN,NaN,NaN
NaN,NaN,NaN,NaN,NaN,NaN
NaN,NaN,NaN,NaN,NaN,NaN
NaN,NaN,NaN,NaN,NaN,NaN
NaN,NaN,NaN,NaN,NaN,NaN
NaN,NaN,NaN,NaN,NaN,NaN
NaN,NaN,NaN,NaN,NaN,NaN
NaN,NaN,NaN,NaN,NaN,NaN
NaN,NaN,NaN,NaN,NaN,NaN
NaN,NaN,NaN,NaN,NaN,NaN
NaN,NaN,NaN,NaN,NaN,NaN
NaN,NaN,NaN,NaN,NaN,NaN
NaN,NaN,NaN,NaN,NaN,NaN
NaN,NaN,NaN,NaN,NaN,NaN
NaN,NaN,NaN,NaN,NaN,NaN
NaN,NaN,NaN,NaN,NaN,NaN
NaN,NaN,NaN,NaN,NaN,NaN
NaN,NaN,NaN,NaN,NaN,NaN
NaN,NaN,NaN,NaN,NaN,NaN
NaN,NaN,NaN,NaN,NaN,NaN
NaN,NaN,NaN,NaN,NaN,NaN
NaN,NaN,NaN,NaN,NaN,NaN
NaN,NaN,NaN,NaN,NaN,NaN
NaN,NaN,NaN,NaN,NaN,NaN
NaN,NaN,NaN,NaN,NaN,NaN
NaN,NaN,NaN,NaN,NaN,NaN
NaN,NaN,NaN,NaN,NaN,NaN
NaN,NaN,NaN,NaN,NaN,NaN
NaN,NaN,NaN,NaN,NaN,NaN
NaN,NaN,NaN,NaN,NaN,NaN
NaN,NaN,NaN,NaN,NaN,NaN
NaN,NaN,NaN,NaN,NaN,NaN
NaN,NaN,NaN,NaN,NaN,NaN
NaN,NaN,NaN,NaN,NaN,NaN
NaN,NaN,NaN,NaN,NaN,NaN
NaN,NaN,NaN,NaN,NaN,NaN
NaN,NaN,NaN,NaN,NaN,NaN
NaN,NaN,NaN,NaN,NaN,NaN
NaN,NaN,NaN,NaN,NaN,NaN
NaN,NaN,NaN,NaN,NaN,NaN
NaN,NaN,NaN,NaN,NaN,NaN
NaN,NaN,NaN,NaN,NaN,NaN
NaN,NaN,NaN,NaN,NaN,NaN
NaN,NaN,NaN,NaN,NaN,NaN
NaN,NaN,NaN,NaN,NaN,NaN
NaN,NaN,NaN,NaN,NaN,NaN
NaN,NaN,NaN,NaN,NaN,NaN
NaN,NaN,NaN,NaN,NaN,NaN
NaN,NaN,NaN,NaN,NaN,NaN
NaN,NaN,NaN,NaN,NaN,NaN
NaN,NaN,NaN,NaN,NaN,NaN
NaN,NaN,NaN,NaN,NaN,NaN
NaN,NaN,NaN,NaN,NaN,NaN
NaN,NaN,NaN,NaN,NaN,NaN
NaN,NaN,NaN,NaN,NaN,NaN
NaN,NaN,NaN,NaN,NaN,NaN
NaN,NaN,NaN,NaN,NaN,NaN
NaN,NaN,NaN,NaN,NaN,NaN
NaN,NaN,NaN,NaN,NaN,NaN
NaN,NaN,NaN,NaN,NaN,NaN
NaN,NaN,NaN,NaN,NaN,NaN
NaN,NaN,NaN,NaN,NaN,NaN
NaN,NaN,NaN,NaN,NaN,NaN
NaN,NaN,NaN,NaN,NaN,NaN
NaN,NaN,NaN,NaN,NaN,NaN
NaN,NaN,NaN,NaN,NaN,NaN
NaN,NaN,NaN,NaN,NaN,NaN
NaN,NaN,NaN,NaN,NaN,NaN
NaN,NaN,NaN,NaN,NaN,NaN
NaN,NaN,NaN,NaN,NaN,NaN
NaN,NaN,NaN,NaN,NaN,NaN
NaN,NaN,NaN,NaN,NaN,NaN
NaN,NaN,NaN,NaN,NaN,NaN
NaN,NaN,NaN,NaN,NaN,NaN
NaN,NaN,NaN,NaN,NaN,NaN
NaN,NaN,NaN,NaN,NaN,NaN
NaN,NaN,NaN,NaN,NaN,NaN
NaN,NaN,NaN,NaN,NaN,NaN
NaN,NaN,NaN,NaN,NaN,NaN
NaN,NaN,NaN,NaN,NaN,NaN
NaN,NaN,NaN,NaN,NaN,NaN
NaN,NaN,NaN,NaN,NaN,NaN
NaN,NaN,NaN,NaN,NaN,NaN
NaN,NaN,NaN,NaN,NaN,NaN
NaN,NaN,NaN,NaN,NaN,NaN
NaN,NaN,NaN,NaN,NaN,NaN
NaN,NaN,NaN,NaN,NaN,NaN
NaN,NaN,NaN,NaN,NaN,NaN
NaN,NaN,NaN,NaN,NaN,NaN
NaN,NaN,NaN,NaN,NaN,NaN
NaN,NaN,NaN,NaN,NaN,NaN
NaN,NaN,NaN,NaN,NaN,NaN
NaN,NaN,NaN,NaN,NaN,NaN
NaN,NaN,NaN,NaN,NaN,NaN
NaN,NaN,NaN,NaN,NaN,NaN
NaN,NaN,NaN,NaN,NaN,NaN
NaN,NaN,NaN,NaN,NaN,NaN
NaN,NaN,NaN,NaN,NaN,NaN
NaN,NaN,NaN,NaN,NaN,NaN
NaN,NaN,NaN,NaN,NaN,NaN
NaN,NaN,NaN,NaN,NaN,NaN
NaN,NaN,NaN,NaN,NaN,NaN
NaN,NaN,NaN,NaN,NaN,NaN
NaN,NaN,NaN,NaN,NaN,NaN
NaN,NaN,NaN,NaN,NaN,NaN
NaN,NaN,NaN,NaN,NaN,NaN
NaN,NaN,NaN,NaN,NaN,NaN
NaN,NaN,NaN,NaN,NaN,NaN
NaN,NaN,NaN,NaN,NaN,NaN
NaN,NaN,NaN,NaN,NaN,NaN
NaN,NaN,NaN,NaN,NaN,NaN
NaN,NaN,NaN,NaN,NaN,NaN
NaN,NaN,NaN,NaN,NaN,NaN
NaN,NaN,NaN,NaN,NaN,NaN
NaN,NaN,NaN,NaN,NaN,NaN
NaN,NaN,NaN,NaN,NaN,NaN
NaN,NaN,NaN,NaN,NaN,NaN
NaN,NaN,NaN,NaN,NaN,NaN
NaN,NaN,NaN,NaN,NaN,NaN
NaN,NaN,NaN,NaN,NaN,NaN
NaN,NaN,NaN,NaN,NaN,NaN
NaN,NaN,NaN,NaN,NaN,NaN
NaN,NaN,NaN,NaN,NaN,NaN
NaN,NaN,NaN,NaN,NaN,NaN
NaN,NaN,NaN,NaN,NaN,NaN
NaN,NaN,NaN,NaN,NaN,NaN
NaN,NaN,NaN,NaN,NaN,NaN
NaN,NaN,NaN,NaN,NaN,NaN
NaN,NaN,NaN,NaN,NaN,NaN
NaN,NaN,NaN,NaN,NaN,NaN
NaN,NaN,NaN,NaN,NaN,NaN
NaN,NaN,NaN,NaN,NaN,NaN
NaN,NaN,NaN,NaN,NaN,NaN
NaN,NaN,NaN,NaN,NaN,NaN
NaN,NaN,NaN,NaN,NaN,NaN
NaN,NaN,NaN,NaN,NaN,NaN
NaN,NaN,NaN,NaN,NaN,NaN
NaN,NaN,NaN,NaN,NaN,NaN
NaN,NaN,NaN,NaN,NaN,NaN
NaN,NaN,NaN,NaN,NaN,NaN
NaN,NaN,NaN,NaN,NaN,NaN
NaN,NaN,NaN,NaN,NaN,NaN
NaN,NaN,NaN,NaN,NaN,NaN
NaN,NaN,NaN,NaN,NaN,NaN
NaN,NaN,NaN,NaN,NaN,NaN
NaN,NaN,NaN,NaN,NaN,NaN
NaN,NaN,NaN,NaN,NaN,NaN
NaN,NaN,NaN,NaN,NaN,NaN
NaN,NaN,NaN,NaN,NaN,NaN
NaN,NaN,NaN,NaN,NaN,NaN
NaN,NaN,NaN,NaN,NaN,NaN
NaN,NaN,NaN,NaN,NaN,NaN
NaN,NaN,NaN,NaN,NaN,NaN
NaN,NaN,NaN,NaN,NaN,NaN
NaN,NaN,NaN,NaN,NaN,NaN
NaN,NaN,NaN,NaN,NaN,NaN
NaN,NaN,NaN,NaN,NaN,NaN
NaN,NaN,NaN,NaN,NaN,NaN
NaN,NaN,NaN,NaN,NaN,NaN
NaN,NaN,NaN,NaN,NaN,NaN
NaN,NaN,NaN,NaN,NaN,NaN
NaN,NaN,NaN,NaN,NaN,NaN
NaN,NaN,NaN,NaN,NaN,NaN
NaN,NaN,NaN,NaN,NaN,NaN
NaN,NaN,NaN,NaN,NaN,NaN
NaN,NaN,NaN,NaN,NaN,NaN
NaN,NaN,NaN,NaN,NaN,NaN
NaN,NaN,NaN,NaN,NaN,NaN
NaN,NaN,NaN,NaN,NaN,NaN
NaN,NaN,NaN,NaN,NaN,NaN
NaN,NaN,NaN,NaN,NaN,NaN
NaN,NaN,NaN,NaN,NaN,NaN
NaN,NaN,NaN,NaN,NaN,NaN
NaN,NaN,NaN,NaN,NaN,NaN
NaN,NaN,NaN,NaN,NaN,NaN
NaN,NaN,NaN,NaN,NaN,NaN
NaN,NaN,NaN,NaN,NaN,NaN
NaN,NaN,NaN,NaN,NaN,NaN
NaN,NaN,NaN,NaN,NaN,NaN
NaN,NaN,NaN,NaN,NaN,NaN
NaN,NaN,NaN,NaN,NaN,NaN
NaN,NaN,NaN,NaN,NaN,NaN
NaN,NaN,NaN,NaN,NaN,NaN
NaN,NaN,NaN,NaN,NaN,NaN
NaN,NaN,NaN,NaN,NaN,NaN
NaN,NaN,NaN,NaN,NaN,NaN
NaN,NaN,NaN,NaN,NaN,NaN
NaN,NaN,NaN,NaN,NaN,NaN
NaN,NaN,NaN,NaN,NaN,NaN
NaN,NaN,NaN,NaN,NaN,NaN
NaN,NaN,NaN,NaN,NaN,NaN
NaN,NaN,NaN,NaN,NaN,NaN
NaN,NaN,NaN,NaN,NaN,NaN
NaN,NaN,NaN,NaN,NaN,NaN
NaN,NaN,NaN,NaN,NaN,NaN
NaN,NaN,NaN,NaN,NaN,NaN
NaN,NaN,NaN,NaN,NaN,NaN
NaN,NaN,NaN,NaN,NaN,NaN
NaN,NaN,NaN,NaN,NaN,NaN
NaN,NaN,NaN,NaN,NaN,NaN
NaN,NaN,NaN,NaN,NaN,NaN
NaN,NaN,NaN,NaN,NaN,NaN
NaN,NaN,NaN,NaN,NaN,NaN
NaN,NaN,NaN,NaN,NaN,NaN
NaN,NaN,NaN,NaN,NaN,NaN
NaN,NaN,NaN,NaN,NaN,NaN
NaN,NaN,NaN,NaN,NaN,NaN
NaN,NaN,NaN,NaN,NaN,NaN
NaN,NaN,NaN,NaN,NaN,NaN
NaN,NaN,NaN,NaN,NaN,NaN
NaN,NaN,NaN,NaN,NaN,NaN
NaN,NaN,NaN,NaN,NaN,NaN
NaN,NaN,NaN,NaN,NaN,NaN
NaN,NaN,NaN,NaN,NaN,NaN
NaN,NaN,NaN,NaN,NaN,NaN
NaN,NaN,NaN,NaN,NaN,NaN
NaN,NaN,NaN,NaN,NaN,NaN
NaN,NaN,NaN,NaN,NaN,NaN
NaN,NaN,NaN,NaN,NaN,NaN
NaN,NaN,NaN,NaN,NaN,NaN
NaN,NaN,NaN,NaN,NaN,NaN
NaN,NaN,NaN,NaN,NaN,NaN
NaN,NaN,NaN,NaN,NaN,NaN
NaN,NaN,NaN,NaN,NaN,NaN
NaN,NaN,NaN,NaN,NaN,NaN
NaN,NaN,NaN,NaN,NaN,NaN
NaN,NaN,NaN,NaN,NaN,NaN
NaN,NaN,NaN,NaN,NaN,NaN
NaN,NaN,NaN,NaN,NaN,NaN
NaN,NaN,NaN,NaN,NaN,NaN
NaN,NaN,NaN,NaN,NaN,NaN
NaN,NaN,NaN,NaN,NaN,NaN
NaN,NaN,NaN,NaN,NaN,NaN
NaN,NaN,NaN,NaN,NaN,NaN
NaN,NaN,NaN,NaN,NaN,NaN
NaN,NaN,NaN,NaN,NaN,NaN
NaN,NaN,NaN,NaN,NaN,NaN
NaN,NaN,NaN,NaN,NaN,NaN
NaN,NaN,NaN,NaN,NaN,NaN
NaN,NaN,NaN,NaN,NaN,NaN
NaN,NaN,NaN,NaN,NaN,NaN
NaN,NaN,NaN,NaN,NaN,NaN
NaN,NaN,NaN,NaN,NaN,NaN
NaN,NaN,NaN,NaN,NaN,NaN
NaN,NaN,NaN,NaN,NaN,NaN
NaN,NaN,NaN,NaN,NaN,NaN
NaN,NaN,NaN,NaN,NaN,NaN
NaN,NaN,NaN,NaN,NaN,NaN
NaN,NaN,NaN,NaN,NaN,NaN
NaN,NaN,NaN,NaN,NaN,NaN
NaN,NaN,NaN,NaN,NaN,NaN
NaN,NaN,NaN,NaN,NaN,NaN
NaN,NaN,NaN,NaN,NaN,NaN
NaN,NaN,NaN,NaN,NaN,NaN
NaN,NaN,NaN,NaN,NaN,NaN
NaN,NaN,NaN,NaN,NaN,NaN
NaN,NaN,NaN,NaN,NaN,NaN
NaN,NaN,NaN,NaN,NaN,NaN
NaN,NaN,NaN,NaN,NaN,NaN
NaN,NaN,NaN,NaN,NaN,NaN
NaN,NaN,NaN,NaN,NaN,NaN
NaN,NaN,NaN,NaN,NaN,NaN
NaN,NaN,NaN,NaN,NaN,NaN
NaN,NaN,NaN,NaN,NaN,NaN
NaN,NaN,NaN,NaN,NaN,NaN
NaN,NaN,NaN,NaN,NaN,NaN
NaN,NaN,NaN,NaN,NaN,NaN
NaN,NaN,NaN,NaN,NaN,NaN
NaN,NaN,NaN,NaN,NaN,NaN
NaN,NaN,NaN,NaN,NaN,NaN
NaN,NaN,NaN,NaN,NaN,NaN
NaN,NaN,NaN,NaN,NaN,NaN
NaN,NaN,NaN,NaN,NaN,NaN
NaN,NaN,NaN,NaN,NaN,NaN
NaN,NaN,NaN,NaN,NaN,NaN
NaN,NaN,NaN,NaN,NaN,NaN
NaN,NaN,NaN,NaN,NaN,NaN
NaN,NaN,NaN,NaN,NaN,NaN
NaN,NaN,NaN,NaN,NaN,NaN
NaN,NaN,NaN,NaN,NaN,NaN
NaN,NaN,NaN,NaN,NaN,NaN
NaN,NaN,NaN,NaN,NaN,NaN
NaN,NaN,NaN,NaN,NaN,NaN
NaN,NaN,NaN,NaN,NaN,NaN
NaN,NaN,NaN,NaN,NaN,NaN
NaN,NaN,NaN,NaN,NaN,NaN
NaN,NaN,NaN,NaN,NaN,NaN
NaN,NaN,NaN,NaN,NaN,NaN
NaN,NaN,NaN,NaN,NaN,NaN
NaN,NaN,NaN,NaN,NaN,NaN
NaN,NaN,NaN,NaN,NaN,NaN
NaN,NaN,NaN,NaN,NaN,NaN
NaN,NaN,NaN,NaN,NaN,NaN
NaN,NaN,NaN,NaN,NaN,NaN
NaN,NaN,NaN,NaN,NaN,NaN
NaN,NaN,NaN,NaN,NaN,NaN
NaN,NaN,NaN,NaN,NaN,NaN
NaN,NaN,NaN,NaN,NaN,NaN
NaN,NaN,NaN,NaN,NaN,NaN
NaN,NaN,NaN,NaN,NaN,NaN
NaN,NaN,NaN,NaN,NaN,NaN
NaN,NaN,NaN,NaN,NaN,NaN
NaN,NaN,NaN,NaN,NaN,NaN
NaN,NaN,NaN,NaN,NaN,NaN
NaN,NaN,NaN,NaN,NaN,NaN
NaN,NaN,NaN,NaN,NaN,NaN
NaN,NaN,NaN,NaN,NaN,NaN
NaN,NaN,NaN,NaN,NaN,NaN
NaN,NaN,NaN,NaN,NaN,NaN
NaN,NaN,NaN,NaN,NaN,NaN
NaN,NaN,NaN,NaN,NaN,NaN
NaN,NaN,NaN,NaN,NaN,NaN
NaN,NaN,NaN,NaN,NaN,NaN
NaN,NaN,NaN,NaN,NaN,NaN
NaN,NaN,NaN,NaN,NaN,NaN
NaN,NaN,NaN,NaN,NaN,NaN
NaN,NaN,NaN,NaN,NaN,NaN
NaN,NaN,NaN,NaN,NaN,NaN
NaN,NaN,NaN,NaN,NaN,NaN
NaN,NaN,NaN,NaN,NaN,NaN
NaN,NaN,NaN,NaN,NaN,NaN
NaN,NaN,NaN,NaN,NaN,NaN
NaN,NaN,NaN,NaN,NaN,NaN
NaN,NaN,NaN,NaN,NaN,NaN
NaN,NaN,NaN,NaN,NaN,NaN
NaN,NaN,NaN,NaN,NaN,NaN
NaN,NaN,NaN,NaN,NaN,NaN
NaN,NaN,NaN,NaN,NaN,NaN
NaN,NaN,NaN,NaN,NaN,NaN
NaN,NaN,NaN,NaN,NaN,NaN
NaN,NaN,NaN,NaN,NaN,NaN
NaN,NaN,NaN,NaN,NaN,NaN
NaN,NaN,NaN,NaN,NaN,NaN
NaN,NaN,NaN,NaN,NaN,NaN
NaN,NaN,NaN,NaN,NaN,NaN
NaN,NaN,NaN,NaN,NaN,NaN
NaN,NaN,NaN,NaN,NaN,NaN
NaN,NaN,NaN,NaN,NaN,NaN
NaN,NaN,NaN,NaN,NaN,NaN
NaN,NaN,NaN,NaN,NaN,NaN
NaN,NaN,NaN,NaN,NaN,NaN
NaN,NaN,NaN,NaN,NaN,NaN
NaN,NaN,NaN,NaN,NaN,NaN
NaN,NaN,NaN,NaN,NaN,NaN
NaN,NaN,NaN,NaN,NaN,NaN
NaN,NaN,NaN,NaN,NaN,NaN
NaN,NaN,NaN,NaN,NaN,NaN
NaN,NaN,NaN,NaN,NaN,NaN
NaN,NaN,NaN,NaN,NaN,NaN
NaN,NaN,NaN,NaN,NaN,NaN
NaN,NaN,NaN,NaN,NaN,NaN
NaN,NaN,NaN,NaN,NaN,NaN
NaN,NaN,NaN,NaN,NaN,NaN
NaN,NaN,NaN,NaN,NaN,NaN
NaN,NaN,NaN,NaN,NaN,NaN
NaN,NaN,NaN,NaN,NaN,NaN
NaN,NaN,NaN,NaN,NaN,NaN
NaN,NaN,NaN,NaN,NaN,NaN
NaN,NaN,NaN,NaN,NaN,NaN
NaN,NaN,NaN,NaN,NaN,NaN
NaN,NaN,NaN,NaN,NaN,NaN
NaN,NaN,NaN,NaN,NaN,NaN
NaN,NaN,NaN,NaN,NaN,NaN
NaN,NaN,NaN,NaN,NaN,NaN
NaN,NaN,NaN,NaN,NaN,NaN
NaN,NaN,NaN,NaN,NaN,NaN
NaN,NaN,NaN,NaN,NaN,NaN
NaN,NaN,NaN,NaN,NaN,NaN
NaN,NaN,NaN,NaN,NaN,NaN
NaN,NaN,NaN,NaN,NaN,NaN
NaN,NaN,NaN,NaN,NaN,NaN
NaN,NaN,NaN,NaN,NaN,NaN
NaN,NaN,NaN,NaN,NaN,NaN
NaN,NaN,NaN,NaN,NaN,NaN
NaN,NaN,NaN,NaN,NaN,NaN
NaN,NaN,NaN,NaN,NaN,NaN
NaN,NaN,NaN,NaN,NaN,NaN
NaN,NaN,NaN,NaN,NaN,NaN
NaN,NaN,NaN,NaN,NaN,NaN
NaN,NaN,NaN,NaN,NaN,NaN
NaN,NaN,NaN,NaN,NaN,NaN
NaN,NaN,NaN,NaN,NaN,NaN
NaN,NaN,NaN,NaN,NaN,NaN
NaN,NaN,NaN,NaN,NaN,NaN
NaN,NaN,NaN,NaN,NaN,NaN
NaN,NaN,NaN,NaN,NaN,NaN
NaN,NaN,NaN,NaN,NaN,NaN
NaN,NaN,NaN,NaN,NaN,NaN
NaN,NaN,NaN,NaN,NaN,NaN
NaN,NaN,NaN,NaN,NaN,NaN
NaN,NaN,NaN,NaN,NaN,NaN
NaN,NaN,NaN,NaN,NaN,NaN
NaN,NaN,NaN,NaN,NaN,NaN
NaN,NaN,NaN,NaN,NaN,NaN
NaN,NaN,NaN,NaN,NaN,NaN
NaN,NaN,NaN,NaN,NaN,NaN
NaN,NaN,NaN,NaN,NaN,NaN
NaN,NaN,NaN,NaN,NaN,NaN
NaN,NaN,NaN,NaN,NaN,NaN
NaN,NaN,NaN,NaN,NaN,NaN
NaN,NaN,NaN,NaN,NaN,NaN
NaN,NaN,NaN,NaN,NaN,NaN
NaN,NaN,NaN,NaN,NaN,NaN
NaN,NaN,NaN,NaN,NaN,NaN
NaN,NaN,NaN,NaN,NaN,NaN
NaN,NaN,NaN,NaN,NaN,NaN
NaN,NaN,NaN,NaN,NaN,NaN
NaN,NaN,NaN,NaN,NaN,NaN
NaN,NaN,NaN,NaN,NaN,NaN
NaN,NaN,NaN,NaN,NaN,NaN
NaN,NaN,NaN,NaN,NaN,NaN
NaN,NaN,NaN,NaN,NaN,NaN
NaN,NaN,NaN,NaN,NaN,NaN
NaN,NaN,NaN,NaN,NaN,NaN
NaN,NaN,NaN,NaN,NaN,NaN
NaN,NaN,NaN,NaN,NaN,NaN
NaN,NaN,NaN,NaN,NaN,NaN
NaN,NaN,NaN,NaN,NaN,NaN
NaN,NaN,NaN,NaN,NaN,NaN
NaN,NaN,NaN,NaN,NaN,NaN
NaN,NaN,NaN,NaN,NaN,NaN
NaN,NaN,NaN,NaN,NaN,NaN
NaN,NaN,NaN,NaN,NaN,NaN
NaN,NaN,NaN,NaN,NaN,NaN
NaN,NaN,NaN,NaN,NaN,NaN
NaN,NaN,NaN,NaN,NaN,NaN
NaN,NaN,NaN,NaN,NaN,NaN
NaN,NaN,NaN,NaN,NaN,NaN
NaN,NaN,NaN,NaN,NaN,NaN
NaN,NaN,NaN,NaN,NaN,NaN
NaN,NaN,NaN,NaN,NaN,NaN
NaN,NaN,NaN,NaN,NaN,NaN
NaN,NaN,NaN,NaN,NaN,NaN
NaN,NaN,NaN,NaN,NaN,NaN
NaN,NaN,NaN,NaN,NaN,NaN
NaN,NaN,NaN,NaN,NaN,NaN
NaN,NaN,NaN,NaN,NaN,NaN
NaN,NaN,NaN,NaN,NaN,NaN
NaN,NaN,NaN,NaN,NaN,NaN
NaN,NaN,NaN,NaN,NaN,NaN
NaN,NaN,NaN,NaN,NaN,NaN
NaN,NaN,NaN,NaN,NaN,NaN
NaN,NaN,NaN,NaN,NaN,NaN
NaN,NaN,NaN,NaN,NaN,NaN
NaN,NaN,NaN,NaN,NaN,NaN
NaN,NaN,NaN,NaN,NaN,NaN
NaN,NaN,NaN,NaN,NaN,NaN
NaN,NaN,NaN,NaN,NaN,NaN
NaN,NaN,NaN,NaN,NaN,NaN
NaN,NaN,NaN,NaN,NaN,NaN
NaN,NaN,NaN,NaN,NaN,NaN
NaN,NaN,NaN,NaN,NaN,NaN
NaN,NaN,NaN,NaN,NaN,NaN
NaN,NaN,NaN,NaN,NaN,NaN
NaN,NaN,NaN,NaN,NaN,NaN
NaN,NaN,NaN,NaN,NaN,NaN
NaN,NaN,NaN,NaN,NaN,NaN
NaN,NaN,NaN,NaN,NaN,NaN
NaN,NaN,NaN,NaN,NaN,NaN
NaN,NaN,NaN,NaN,NaN,NaN
NaN,NaN,NaN,NaN,NaN,NaN
NaN,NaN,NaN,NaN,NaN,NaN
NaN,NaN,NaN,NaN,NaN,NaN
NaN,NaN,NaN,NaN,NaN,NaN
NaN,NaN,NaN,NaN,NaN,NaN
NaN,NaN,NaN,NaN,NaN,NaN
NaN,NaN,NaN,NaN,NaN,NaN
NaN,NaN,NaN,NaN,NaN,NaN
NaN,NaN,NaN,NaN,NaN,NaN
NaN,NaN,NaN,NaN,NaN,NaN
NaN,NaN,NaN,NaN,NaN,NaN
NaN,NaN,NaN,NaN,NaN,NaN
NaN,NaN,NaN,NaN,NaN,NaN
NaN,NaN,NaN,NaN,NaN,NaN
NaN,NaN,NaN,NaN,NaN,NaN
NaN,NaN,NaN,NaN,NaN,NaN
NaN,NaN,NaN,NaN,NaN,NaN
NaN,NaN,NaN,NaN,NaN,NaN
NaN,NaN,NaN,NaN,NaN,NaN
NaN,NaN,NaN,NaN,NaN,NaN
NaN,NaN,NaN,NaN,NaN,NaN
NaN,NaN,NaN,NaN,NaN,NaN
NaN,NaN,NaN,NaN,NaN,NaN
NaN,NaN,NaN,NaN,NaN,NaN
NaN,NaN,NaN,NaN,NaN,NaN
NaN,NaN,NaN,NaN,NaN,NaN
NaN,NaN,NaN,NaN,NaN,NaN
NaN,NaN,NaN,NaN,NaN,NaN
NaN,NaN,NaN,NaN,NaN,NaN
NaN,NaN,NaN,NaN,NaN,NaN
NaN,NaN,NaN,NaN,NaN,NaN
NaN,NaN,NaN,NaN,NaN,NaN
NaN,NaN,NaN,NaN,NaN,NaN
NaN,NaN,NaN,NaN,NaN,NaN
NaN,NaN,NaN,NaN,NaN,NaN
NaN,NaN,NaN,NaN,NaN,NaN
NaN,NaN,NaN,NaN,NaN,NaN
NaN,NaN,NaN,NaN,NaN,NaN
NaN,NaN,NaN,NaN,NaN,NaN
NaN,NaN,NaN,NaN,NaN,NaN
NaN,NaN,NaN,NaN,NaN,NaN
NaN,NaN,NaN,NaN,NaN,NaN
NaN,NaN,NaN,NaN,NaN,NaN
NaN,NaN,NaN,NaN,NaN,NaN
NaN,NaN,NaN,NaN,NaN,NaN
NaN,NaN,NaN,NaN,NaN,NaN
NaN,NaN,NaN,NaN,NaN,NaN
NaN,NaN,NaN,NaN,NaN,NaN
NaN,NaN,NaN,NaN,NaN,NaN
NaN,NaN,NaN,NaN,NaN,NaN
NaN,NaN,NaN,NaN,NaN,NaN
NaN,NaN,NaN,NaN,NaN,NaN
NaN,NaN,NaN,NaN,NaN,NaN
NaN,NaN,NaN,NaN,NaN,NaN
NaN,NaN,NaN,NaN,NaN,NaN
NaN,NaN,NaN,NaN,NaN,NaN
NaN,NaN,NaN,NaN,NaN,NaN
NaN,NaN,NaN,NaN,NaN,NaN
NaN,NaN,NaN,NaN,NaN,NaN
NaN,NaN,NaN,NaN,NaN,NaN
NaN,NaN,NaN,NaN,NaN,NaN
NaN,NaN,NaN,NaN,NaN,NaN
NaN,NaN,NaN,NaN,NaN,NaN
NaN,NaN,NaN,NaN,NaN,NaN
NaN,NaN,NaN,NaN,NaN,NaN
NaN,NaN,NaN,NaN,NaN,NaN
NaN,NaN,NaN,NaN,NaN,NaN
NaN,NaN,NaN,NaN,NaN,NaN
NaN,NaN,NaN,NaN,NaN,NaN
NaN,NaN,NaN,NaN,NaN,NaN
NaN,NaN,NaN,NaN,NaN,NaN
NaN,NaN,NaN,NaN,NaN,NaN
NaN,NaN,NaN,NaN,NaN,NaN
NaN,NaN,NaN,NaN,NaN,NaN
NaN,NaN,NaN,NaN,NaN,NaN
NaN,NaN,NaN,NaN,NaN,NaN
NaN,NaN,NaN,NaN,NaN,NaN
NaN,NaN,NaN,NaN,NaN,NaN
NaN,NaN,NaN,NaN,NaN,NaN
NaN,NaN,NaN,NaN,NaN,NaN
NaN,NaN,NaN,NaN,NaN,NaN
NaN,NaN,NaN,NaN,NaN,NaN
NaN,NaN,NaN,NaN,NaN,NaN
NaN,NaN,NaN,NaN,NaN,NaN
NaN,NaN,NaN,NaN,NaN,NaN
NaN,NaN,NaN,NaN,NaN,NaN
NaN,NaN,NaN,NaN,NaN,NaN
NaN,NaN,NaN,NaN,NaN,NaN
NaN,NaN,NaN,NaN,NaN,NaN
NaN,NaN,NaN,NaN,NaN,NaN
NaN,NaN,NaN,NaN,NaN,NaN
NaN,NaN,NaN,NaN,NaN,NaN
NaN,NaN,NaN,NaN,NaN,NaN
NaN,NaN,NaN,NaN,NaN,NaN
NaN,NaN,NaN,NaN,NaN,NaN
NaN,NaN,NaN,NaN,NaN,NaN
NaN,NaN,NaN,NaN,NaN,NaN
NaN,NaN,NaN,NaN,NaN,NaN
NaN,NaN,NaN,NaN,NaN,NaN
NaN,NaN,NaN,NaN,NaN,NaN
NaN,NaN,NaN,NaN,NaN,NaN
NaN,NaN,NaN,NaN,NaN,NaN
NaN,NaN,NaN,NaN,NaN,NaN
NaN,NaN,NaN,NaN,NaN,NaN
NaN,NaN,NaN,NaN,NaN,NaN
NaN,NaN,NaN,NaN,NaN,NaN
NaN,NaN,NaN,NaN,NaN,NaN
NaN,NaN,NaN,NaN,NaN,NaN
NaN,NaN,NaN,NaN,NaN,NaN
NaN,NaN,NaN,NaN,NaN,NaN
NaN,NaN,NaN,NaN,NaN,NaN
NaN,NaN,NaN,NaN,NaN,NaN
NaN,NaN,NaN,NaN,NaN,NaN
NaN,NaN,NaN,NaN,NaN,NaN
NaN,NaN,NaN,NaN,NaN,NaN
NaN,NaN,NaN,NaN,NaN,NaN
NaN,NaN,NaN,NaN,NaN,NaN
NaN,NaN,NaN,NaN,NaN,NaN
NaN,NaN,NaN,NaN,NaN,NaN
NaN,NaN,NaN,NaN,NaN,NaN
NaN,NaN,NaN,NaN,NaN,NaN
NaN,NaN,NaN,NaN,NaN,NaN
NaN,NaN,NaN,NaN,NaN,NaN
NaN,NaN,NaN,NaN,NaN,NaN
NaN,NaN,NaN,NaN,NaN,NaN
NaN,NaN,NaN,NaN,NaN,NaN
NaN,NaN,NaN,NaN,NaN,NaN
NaN,NaN,NaN,NaN,NaN,NaN
NaN,NaN,NaN,NaN,NaN,NaN
NaN,NaN,NaN,NaN,NaN,NaN
NaN,NaN,NaN,NaN,NaN,NaN
NaN,NaN,NaN,NaN,NaN,NaN
NaN,NaN,NaN,NaN,NaN,NaN
NaN,NaN,NaN,NaN,NaN,NaN
NaN,NaN,NaN,NaN,NaN,NaN
NaN,NaN,NaN,NaN,NaN,NaN
NaN,NaN,NaN,NaN,NaN,NaN
NaN,NaN,NaN,NaN,NaN,NaN
NaN,NaN,NaN,NaN,NaN,NaN
NaN,NaN,NaN,NaN,NaN,NaN
NaN,NaN,NaN,NaN,NaN,NaN
NaN,NaN,NaN,NaN,NaN,NaN
NaN,NaN,NaN,NaN,NaN,NaN
NaN,NaN,NaN,NaN,NaN,NaN
NaN,NaN,NaN,NaN,NaN,NaN
NaN,NaN,NaN,NaN,NaN,NaN
NaN,NaN,NaN,NaN,NaN,NaN
NaN,NaN,NaN,NaN,NaN,NaN
NaN,NaN,NaN,NaN,NaN,NaN
NaN,NaN,NaN,NaN,NaN,NaN
NaN,NaN,NaN,NaN,NaN,NaN
NaN,NaN,NaN,NaN,NaN,NaN
NaN,NaN,NaN,NaN,NaN,NaN
NaN,NaN,NaN,NaN,NaN,NaN
NaN,NaN,NaN,NaN,NaN,NaN
NaN,NaN,NaN,NaN,NaN,NaN
NaN,NaN,NaN,NaN,NaN,NaN
NaN,NaN,NaN,NaN,NaN,NaN
NaN,NaN,NaN,NaN,NaN,NaN
NaN,NaN,NaN,NaN,NaN,NaN
NaN,NaN,NaN,NaN,NaN,NaN
NaN,NaN,NaN,NaN,NaN,NaN
NaN,NaN,NaN,NaN,NaN,NaN
NaN,NaN,NaN,NaN,NaN,NaN
NaN,NaN,NaN,NaN,NaN,NaN
NaN,NaN,NaN,NaN,NaN,NaN
NaN,NaN,NaN,NaN,NaN,NaN
NaN,NaN,NaN,NaN,NaN,NaN
NaN,NaN,NaN,NaN,NaN,NaN
NaN,NaN,NaN,NaN,NaN,NaN
NaN,NaN,NaN,NaN,NaN,NaN
NaN,NaN,NaN,NaN,NaN,NaN
NaN,NaN,NaN,NaN,NaN,NaN
NaN,NaN,NaN,NaN,NaN,NaN
NaN,NaN,NaN,NaN,NaN,NaN
NaN,NaN,NaN,NaN,NaN,NaN
NaN,NaN,NaN,NaN,NaN,NaN
NaN,NaN,NaN,NaN,NaN,NaN
NaN,NaN,NaN,NaN,NaN,NaN
NaN,NaN,NaN,NaN,NaN,NaN
NaN,NaN,NaN,NaN,NaN,NaN
NaN,NaN,NaN,NaN,NaN,NaN
NaN,NaN,NaN,NaN,NaN,NaN
NaN,NaN,NaN,NaN,NaN,NaN
NaN,NaN,NaN,NaN,NaN,NaN
NaN,NaN,NaN,NaN,NaN,NaN
