pt1_cam1_X,pt1_cam1_Y,pt2_cam1_X,pt2_cam1_Y,pt3_cam1_X,pt3_cam1_Y
NaN,NaN,NaN,NaN,NaN,NaN
NaN,NaN,NaN,NaN,NaN,NaN
NaN,NaN,NaN,NaN,NaN,NaN
NaN,NaN,NaN,NaN,NaN,NaN
NaN,NaN,NaN,NaN,NaN,NaN
NaN,NaN,NaN,NaN,NaN,NaN
NaN,NaN,NaN,NaN,NaN,NaN
NaN,NaN,NaN,NaN,NaN,NaN
NaN,NaN,NaN,NaN,NaN,NaN
NaN,NaN,NaN,NaN,NaN,NaN
NaN,NaN,NaN,NaN,NaN,NaN
NaN,NaN,NaN,NaN,NaN,NaN
NaN,NaN,NaN,NaN,NaN,NaN
NaN,NaN,NaN,NaN,NaN,NaN
NaN,NaN,NaN,NaN,NaN,NaN
NaN,NaN,NaN,NaN,NaN,NaN
NaN,NaN,NaN,NaN,NaN,NaN
NaN,NaN,NaN,NaN,NaN,NaN
NaN,NaN,NaN,NaN,NaN,NaN
NaN,NaN,NaN,NaN,NaN,NaN
NaN,NaN,NaN,NaN,NaN,NaN
NaN,NaN,NaN,NaN,NaN,NaN
NaN,NaN,NaN,NaN,NaN,NaN
NaN,NaN,NaN,NaN,NaN,NaN
NaN,NaN,NaN,NaN,NaN,NaN
NaN,NaN,NaN,NaN,NaN,NaN
NaN,NaN,NaN,NaN,NaN,NaN
NaN,NaN,NaN,NaN,NaN,NaN
NaN,NaN,NaN,NaN,NaN,NaN
NaN,NaN,NaN,NaN,NaN,NaN
NaN,NaN,NaN,NaN,NaN,NaN
NaN,NaN,NaN,NaN,NaN,NaN
NaN,NaN,NaN,NaN,NaN,NaN
NaN,NaN,NaN,NaN,NaN,NaN
NaN,NaN,NaN,NaN,NaN,NaN
NaN,NaN,NaN,NaN,NaN,NaN
NaN,NaN,NaN,NaN,NaN,NaN
NaN,NaN,NaN,NaN,NaN,NaN
NaN,NaN,NaN,NaN,NaN,NaN
NaN,NaN,NaN,NaN,NaN,NaN
NaN,NaN,NaN,NaN,NaN,NaN
NaN,NaN,NaN,NaN,NaN,NaN
NaN,NaN,NaN,NaN,NaN,NaN
NaN,NaN,NaN,NaN,NaN,NaN
NaN,NaN,NaN,NaN,NaN,NaN
NaN,NaN,NaN,NaN,NaN,NaN
NaN,NaN,NaN,NaN,NaN,NaN
NaN,NaN,NaN,NaN,NaN,NaN
NaN,NaN,NaN,NaN,NaN,NaN
NaN,NaN,NaN,NaN,NaN,NaN
NaN,NaN,NaN,NaN,NaN,NaN
NaN,NaN,NaN,NaN,NaN,NaN
NaN,NaN,NaN,NaN,NaN,NaN
NaN,NaN,NaN,NaN,NaN,NaN
NaN,NaN,NaN,NaN,NaN,NaN
NaN,NaN,NaN,NaN,NaN,NaN
NaN,NaN,NaN,NaN,NaN,NaN
NaN,NaN,NaN,NaN,NaN,NaN
NaN,NaN,NaN,NaN,NaN,NaN
NaN,NaN,NaN,NaN,NaN,NaN
NaN,NaN,NaN,NaN,NaN,NaN
NaN,NaN,NaN,NaN,NaN,NaN
NaN,NaN,NaN,NaN,NaN,NaN
NaN,NaN,NaN,NaN,NaN,NaN
NaN,NaN,NaN,NaN,NaN,NaN
NaN,NaN,NaN,NaN,NaN,NaN
NaN,NaN,NaN,NaN,NaN,NaN
NaN,NaN,NaN,NaN,NaN,NaN
NaN,NaN,NaN,NaN,NaN,NaN
NaN,NaN,NaN,NaN,NaN,NaN
NaN,NaN,NaN,NaN,NaN,NaN
NaN,NaN,NaN,NaN,NaN,NaN
NaN,NaN,NaN,NaN,NaN,NaN
NaN,NaN,NaN,NaN,NaN,NaN
NaN,NaN,NaN,NaN,NaN,NaN
NaN,NaN,NaN,NaN,NaN,NaN
NaN,NaN,NaN,NaN,NaN,NaN
NaN,NaN,NaN,NaN,NaN,NaN
NaN,NaN,NaN,NaN,NaN,NaN
NaN,NaN,NaN,NaN,NaN,NaN
NaN,NaN,NaN,NaN,NaN,NaN
NaN,NaN,NaN,NaN,NaN,NaN
NaN,NaN,NaN,NaN,NaN,NaN
NaN,NaN,NaN,NaN,NaN,NaN
NaN,NaN,NaN,NaN,NaN,NaN
NaN,NaN,NaN,NaN,NaN,NaN
NaN,NaN,NaN,NaN,NaN,NaN
NaN,NaN,NaN,NaN,NaN,NaN
NaN,NaN,NaN,NaN,NaN,NaN
NaN,NaN,NaN,NaN,NaN,NaN
NaN,NaN,NaN,NaN,NaN,NaN
NaN,NaN,NaN,NaN,NaN,NaN
NaN,NaN,NaN,NaN,NaN,NaN
NaN,NaN,NaN,NaN,NaN,NaN
NaN,NaN,NaN,NaN,NaN,NaN
NaN,NaN,NaN,NaN,NaN,NaN
NaN,NaN,NaN,NaN,NaN,NaN
NaN,NaN,NaN,NaN,NaN,NaN
NaN,NaN,NaN,NaN,NaN,NaN
NaN,NaN,NaN,NaN,NaN,NaN
NaN,NaN,NaN,NaN,NaN,NaN
NaN,NaN,NaN,NaN,NaN,NaN
NaN,NaN,NaN,NaN,NaN,NaN
NaN,NaN,NaN,NaN,NaN,NaN
NaN,NaN,NaN,NaN,NaN,NaN
NaN,NaN,NaN,NaN,NaN,NaN
NaN,NaN,NaN,NaN,NaN,NaN
NaN,NaN,NaN,NaN,NaN,NaN
NaN,NaN,NaN,NaN,NaN,NaN
NaN,NaN,NaN,NaN,NaN,NaN
NaN,NaN,NaN,NaN,NaN,NaN
NaN,NaN,NaN,NaN,NaN,NaN
NaN,NaN,NaN,NaN,NaN,NaN
NaN,NaN,NaN,NaN,NaN,NaN
NaN,NaN,NaN,NaN,NaN,NaN
NaN,NaN,NaN,NaN,NaN,NaN
NaN,NaN,NaN,NaN,NaN,NaN
NaN,NaN,NaN,NaN,NaN,NaN
NaN,NaN,NaN,NaN,NaN,NaN
NaN,NaN,NaN,NaN,NaN,NaN
NaN,NaN,NaN,NaN,NaN,NaN
NaN,NaN,NaN,NaN,NaN,NaN
NaN,NaN,NaN,NaN,NaN,NaN
NaN,NaN,NaN,NaN,NaN,NaN
NaN,NaN,NaN,NaN,NaN,NaN
NaN,NaN,NaN,NaN,NaN,NaN
NaN,NaN,NaN,NaN,NaN,NaN
NaN,NaN,NaN,NaN,NaN,NaN
NaN,NaN,NaN,NaN,NaN,NaN
NaN,NaN,NaN,NaN,NaN,NaN
NaN,NaN,NaN,NaN,NaN,NaN
NaN,NaN,NaN,NaN,NaN,NaN
NaN,NaN,NaN,NaN,NaN,NaN
NaN,NaN,NaN,NaN,NaN,NaN
NaN,NaN,NaN,NaN,NaN,NaN
NaN,NaN,NaN,NaN,NaN,NaN
NaN,NaN,NaN,NaN,NaN,NaN
NaN,NaN,NaN,NaN,NaN,NaN
NaN,NaN,NaN,NaN,NaN,NaN
NaN,NaN,NaN,NaN,NaN,NaN
NaN,NaN,NaN,NaN,NaN,NaN
NaN,NaN,NaN,NaN,NaN,NaN
NaN,NaN,NaN,NaN,NaN,NaN
NaN,NaN,NaN,NaN,NaN,NaN
NaN,NaN,NaN,NaN,NaN,NaN
NaN,NaN,NaN,NaN,NaN,NaN
NaN,NaN,NaN,NaN,NaN,NaN
NaN,NaN,NaN,NaN,NaN,NaN
NaN,NaN,NaN,NaN,NaN,NaN
NaN,NaN,NaN,NaN,NaN,NaN
NaN,NaN,NaN,NaN,NaN,NaN
NaN,NaN,NaN,NaN,NaN,NaN
NaN,NaN,NaN,NaN,NaN,NaN
NaN,NaN,NaN,NaN,NaN,NaN
NaN,NaN,NaN,NaN,NaN,NaN
NaN,NaN,NaN,NaN,NaN,NaN
NaN,NaN,NaN,NaN,NaN,NaN
NaN,NaN,NaN,NaN,NaN,NaN
NaN,NaN,NaN,NaN,NaN,NaN
NaN,NaN,NaN,NaN,NaN,NaN
NaN,NaN,NaN,NaN,NaN,NaN
NaN,NaN,NaN,NaN,NaN,NaN
NaN,NaN,NaN,NaN,NaN,NaN
NaN,NaN,NaN,NaN,NaN,NaN
NaN,NaN,NaN,NaN,NaN,NaN
NaN,NaN,NaN,NaN,NaN,NaN
NaN,NaN,NaN,NaN,NaN,NaN
NaN,NaN,NaN,NaN,NaN,NaN
NaN,NaN,NaN,NaN,NaN,NaN
NaN,NaN,NaN,NaN,NaN,NaN
NaN,NaN,NaN,NaN,NaN,NaN
NaN,NaN,NaN,NaN,NaN,NaN
NaN,NaN,NaN,NaN,NaN,NaN
NaN,NaN,NaN,NaN,NaN,NaN
NaN,NaN,NaN,NaN,NaN,NaN
NaN,NaN,NaN,NaN,NaN,NaN
NaN,NaN,NaN,NaN,NaN,NaN
NaN,NaN,NaN,NaN,NaN,NaN
NaN,NaN,NaN,NaN,NaN,NaN
NaN,NaN,NaN,NaN,NaN,NaN
NaN,NaN,NaN,NaN,NaN,NaN
NaN,NaN,NaN,NaN,NaN,NaN
NaN,NaN,NaN,NaN,NaN,NaN
NaN,NaN,NaN,NaN,NaN,NaN
NaN,NaN,NaN,NaN,NaN,NaN
NaN,NaN,NaN,NaN,NaN,NaN
NaN,NaN,NaN,NaN,NaN,NaN
NaN,NaN,NaN,NaN,NaN,NaN
NaN,NaN,NaN,NaN,NaN,NaN
NaN,NaN,NaN,NaN,NaN,NaN
NaN,NaN,NaN,NaN,NaN,NaN
NaN,NaN,NaN,NaN,NaN,NaN
NaN,NaN,NaN,NaN,NaN,NaN
NaN,NaN,NaN,NaN,NaN,NaN
NaN,NaN,NaN,NaN,NaN,NaN
NaN,NaN,NaN,NaN,NaN,NaN
NaN,NaN,NaN,NaN,NaN,NaN
NaN,NaN,NaN,NaN,NaN,NaN
NaN,NaN,NaN,NaN,NaN,NaN
NaN,NaN,NaN,NaN,NaN,NaN
NaN,NaN,NaN,NaN,NaN,NaN
NaN,NaN,NaN,NaN,NaN,NaN
NaN,NaN,NaN,NaN,NaN,NaN
NaN,NaN,NaN,NaN,NaN,NaN
NaN,NaN,NaN,NaN,NaN,NaN
NaN,NaN,NaN,NaN,NaN,NaN
NaN,NaN,NaN,NaN,NaN,NaN
NaN,NaN,NaN,NaN,NaN,NaN
NaN,NaN,NaN,NaN,NaN,NaN
NaN,NaN,NaN,NaN,NaN,NaN
NaN,NaN,NaN,NaN,NaN,NaN
NaN,NaN,NaN,NaN,NaN,NaN
NaN,NaN,NaN,NaN,NaN,NaN
NaN,NaN,NaN,NaN,NaN,NaN
NaN,NaN,NaN,NaN,NaN,NaN
NaN,NaN,NaN,NaN,NaN,NaN
NaN,NaN,NaN,NaN,NaN,NaN
NaN,NaN,NaN,NaN,NaN,NaN
NaN,NaN,NaN,NaN,NaN,NaN
NaN,NaN,NaN,NaN,NaN,NaN
NaN,NaN,NaN,NaN,NaN,NaN
NaN,NaN,NaN,NaN,NaN,NaN
NaN,NaN,NaN,NaN,NaN,NaN
NaN,NaN,NaN,NaN,NaN,NaN
NaN,NaN,NaN,NaN,NaN,NaN
NaN,NaN,NaN,NaN,NaN,NaN
NaN,NaN,NaN,NaN,NaN,NaN
NaN,NaN,NaN,NaN,NaN,NaN
NaN,NaN,NaN,NaN,NaN,NaN
NaN,NaN,NaN,NaN,NaN,NaN
NaN,NaN,NaN,NaN,NaN,NaN
NaN,NaN,NaN,NaN,NaN,NaN
NaN,NaN,NaN,NaN,NaN,NaN
NaN,NaN,NaN,NaN,NaN,NaN
NaN,NaN,NaN,NaN,NaN,NaN
NaN,NaN,NaN,NaN,NaN,NaN
NaN,NaN,NaN,NaN,NaN,NaN
NaN,NaN,NaN,NaN,NaN,NaN
NaN,NaN,NaN,NaN,NaN,NaN
NaN,NaN,NaN,NaN,NaN,NaN
NaN,NaN,NaN,NaN,NaN,NaN
NaN,NaN,NaN,NaN,NaN,NaN
NaN,NaN,NaN,NaN,NaN,NaN
NaN,NaN,NaN,NaN,NaN,NaN
NaN,NaN,NaN,NaN,NaN,NaN
NaN,NaN,NaN,NaN,NaN,NaN
NaN,NaN,NaN,NaN,NaN,NaN
NaN,NaN,NaN,NaN,NaN,NaN
NaN,NaN,NaN,NaN,NaN,NaN
NaN,NaN,NaN,NaN,NaN,NaN
NaN,NaN,NaN,NaN,NaN,NaN
NaN,NaN,NaN,NaN,NaN,NaN
NaN,NaN,NaN,NaN,NaN,NaN
NaN,NaN,NaN,NaN,NaN,NaN
NaN,NaN,NaN,NaN,NaN,NaN
NaN,NaN,NaN,NaN,NaN,NaN
NaN,NaN,NaN,NaN,NaN,NaN
NaN,NaN,NaN,NaN,NaN,NaN
NaN,NaN,NaN,NaN,NaN,NaN
NaN,NaN,NaN,NaN,NaN,NaN
NaN,NaN,NaN,NaN,NaN,NaN
NaN,NaN,NaN,NaN,NaN,NaN
NaN,NaN,NaN,NaN,NaN,NaN
NaN,NaN,NaN,NaN,NaN,NaN
NaN,NaN,NaN,NaN,NaN,NaN
NaN,NaN,NaN,NaN,NaN,NaN
NaN,NaN,NaN,NaN,NaN,NaN
NaN,NaN,NaN,NaN,NaN,NaN
NaN,NaN,NaN,NaN,NaN,NaN
NaN,NaN,NaN,NaN,NaN,NaN
NaN,NaN,NaN,NaN,NaN,NaN
NaN,NaN,NaN,NaN,NaN,NaN
NaN,NaN,NaN,NaN,NaN,NaN
NaN,NaN,NaN,NaN,NaN,NaN
NaN,NaN,NaN,NaN,NaN,NaN
NaN,NaN,NaN,NaN,NaN,NaN
NaN,NaN,NaN,NaN,NaN,NaN
NaN,NaN,NaN,NaN,NaN,NaN
NaN,NaN,NaN,NaN,NaN,NaN
NaN,NaN,NaN,NaN,NaN,NaN
NaN,NaN,NaN,NaN,NaN,NaN
NaN,NaN,NaN,NaN,NaN,NaN
NaN,NaN,NaN,NaN,NaN,NaN
NaN,NaN,NaN,NaN,NaN,NaN
NaN,NaN,NaN,NaN,NaN,NaN
NaN,NaN,NaN,NaN,NaN,NaN
NaN,NaN,NaN,NaN,NaN,NaN
NaN,NaN,NaN,NaN,NaN,NaN
NaN,NaN,NaN,NaN,NaN,NaN
NaN,NaN,NaN,NaN,NaN,NaN
NaN,NaN,NaN,NaN,NaN,NaN
NaN,NaN,NaN,NaN,NaN,NaN
NaN,NaN,NaN,NaN,NaN,NaN
NaN,NaN,NaN,NaN,NaN,NaN
NaN,NaN,NaN,NaN,NaN,NaN
NaN,NaN,NaN,NaN,NaN,NaN
NaN,NaN,NaN,NaN,NaN,NaN
NaN,NaN,NaN,NaN,NaN,NaN
NaN,NaN,NaN,NaN,NaN,NaN
NaN,NaN,NaN,NaN,NaN,NaN
NaN,NaN,NaN,NaN,NaN,NaN
NaN,NaN,NaN,NaN,NaN,NaN
NaN,NaN,NaN,NaN,NaN,NaN
NaN,NaN,NaN,NaN,NaN,NaN
NaN,NaN,NaN,NaN,NaN,NaN
NaN,NaN,NaN,NaN,NaN,NaN
NaN,NaN,NaN,NaN,NaN,NaN
NaN,NaN,NaN,NaN,NaN,NaN
NaN,NaN,NaN,NaN,NaN,NaN
NaN,NaN,NaN,NaN,NaN,NaN
NaN,NaN,NaN,NaN,NaN,NaN
NaN,NaN,NaN,NaN,NaN,NaN
NaN,NaN,NaN,NaN,NaN,NaN
NaN,NaN,NaN,NaN,NaN,NaN
NaN,NaN,NaN,NaN,NaN,NaN
NaN,NaN,NaN,NaN,NaN,NaN
NaN,NaN,NaN,NaN,NaN,NaN
NaN,NaN,NaN,NaN,NaN,NaN
NaN,NaN,NaN,NaN,NaN,NaN
NaN,NaN,NaN,NaN,NaN,NaN
NaN,NaN,NaN,NaN,NaN,NaN
NaN,NaN,NaN,NaN,NaN,NaN
NaN,NaN,NaN,NaN,NaN,NaN
NaN,NaN,NaN,NaN,NaN,NaN
NaN,NaN,NaN,NaN,NaN,NaN
NaN,NaN,NaN,NaN,NaN,NaN
NaN,NaN,NaN,NaN,NaN,NaN
NaN,NaN,NaN,NaN,NaN,NaN
NaN,NaN,NaN,NaN,NaN,NaN
NaN,NaN,NaN,NaN,NaN,NaN
NaN,NaN,NaN,NaN,NaN,NaN
NaN,NaN,NaN,NaN,NaN,NaN
NaN,NaN,NaN,NaN,NaN,NaN
NaN,NaN,NaN,NaN,NaN,NaN
NaN,NaN,NaN,NaN,NaN,NaN
NaN,NaN,NaN,NaN,NaN,NaN
NaN,NaN,NaN,NaN,NaN,NaN
NaN,NaN,NaN,NaN,NaN,NaN
NaN,NaN,NaN,NaN,NaN,NaN
NaN,NaN,NaN,NaN,NaN,NaN
NaN,NaN,NaN,NaN,NaN,NaN
NaN,NaN,NaN,NaN,NaN,NaN
NaN,NaN,NaN,NaN,NaN,NaN
NaN,NaN,NaN,NaN,NaN,NaN
NaN,NaN,NaN,NaN,NaN,NaN
NaN,NaN,NaN,NaN,NaN,NaN
NaN,NaN,NaN,NaN,NaN,NaN
NaN,NaN,NaN,NaN,NaN,NaN
NaN,NaN,NaN,NaN,NaN,NaN
NaN,NaN,NaN,NaN,NaN,NaN
NaN,NaN,NaN,NaN,NaN,NaN
NaN,NaN,NaN,NaN,NaN,NaN
NaN,NaN,NaN,NaN,NaN,NaN
NaN,NaN,NaN,NaN,NaN,NaN
NaN,NaN,NaN,NaN,NaN,NaN
NaN,NaN,NaN,NaN,NaN,NaN
NaN,NaN,NaN,NaN,NaN,NaN
NaN,NaN,NaN,NaN,NaN,NaN
NaN,NaN,NaN,NaN,NaN,NaN
NaN,NaN,NaN,NaN,NaN,NaN
NaN,NaN,NaN,NaN,NaN,NaN
NaN,NaN,NaN,NaN,NaN,NaN
NaN,NaN,NaN,NaN,NaN,NaN
NaN,NaN,NaN,NaN,NaN,NaN
NaN,NaN,NaN,NaN,NaN,NaN
NaN,NaN,NaN,NaN,NaN,NaN
NaN,NaN,NaN,NaN,NaN,NaN
NaN,NaN,NaN,NaN,NaN,NaN
NaN,NaN,NaN,NaN,NaN,NaN
NaN,NaN,NaN,NaN,NaN,NaN
NaN,NaN,NaN,NaN,NaN,NaN
NaN,NaN,NaN,NaN,NaN,NaN
NaN,NaN,NaN,NaN,NaN,NaN
NaN,NaN,NaN,NaN,NaN,NaN
NaN,NaN,NaN,NaN,NaN,NaN
NaN,NaN,NaN,NaN,NaN,NaN
NaN,NaN,NaN,NaN,NaN,NaN
NaN,NaN,NaN,NaN,NaN,NaN
NaN,NaN,NaN,NaN,NaN,NaN
NaN,NaN,NaN,NaN,NaN,NaN
NaN,NaN,NaN,NaN,NaN,NaN
NaN,NaN,NaN,NaN,NaN,NaN
NaN,NaN,NaN,NaN,NaN,NaN
NaN,NaN,NaN,NaN,NaN,NaN
NaN,NaN,NaN,NaN,NaN,NaN
NaN,NaN,NaN,NaN,NaN,NaN
NaN,NaN,NaN,NaN,NaN,NaN
NaN,NaN,NaN,NaN,NaN,NaN
NaN,NaN,NaN,NaN,NaN,NaN
NaN,NaN,NaN,NaN,NaN,NaN
NaN,NaN,NaN,NaN,NaN,NaN
NaN,NaN,NaN,NaN,NaN,NaN
NaN,NaN,NaN,NaN,NaN,NaN
NaN,NaN,NaN,NaN,NaN,NaN
NaN,NaN,NaN,NaN,NaN,NaN
NaN,NaN,NaN,NaN,NaN,NaN
NaN,NaN,NaN,NaN,NaN,NaN
NaN,NaN,NaN,NaN,NaN,NaN
NaN,NaN,NaN,NaN,NaN,NaN
NaN,NaN,NaN,NaN,NaN,NaN
NaN,NaN,NaN,NaN,NaN,NaN
NaN,NaN,NaN,NaN,NaN,NaN
NaN,NaN,NaN,NaN,NaN,NaN
NaN,NaN,NaN,NaN,NaN,NaN
NaN,NaN,NaN,NaN,NaN,NaN
NaN,NaN,NaN,NaN,NaN,NaN
NaN,NaN,NaN,NaN,NaN,NaN
NaN,NaN,NaN,NaN,NaN,NaN
NaN,NaN,NaN,NaN,NaN,NaN
NaN,NaN,NaN,NaN,NaN,NaN
NaN,NaN,NaN,NaN,NaN,NaN
NaN,NaN,NaN,NaN,NaN,NaN
NaN,NaN,NaN,NaN,NaN,NaN
NaN,NaN,NaN,NaN,NaN,NaN
NaN,NaN,NaN,NaN,NaN,NaN
NaN,NaN,NaN,NaN,NaN,NaN
NaN,NaN,NaN,NaN,NaN,NaN
NaN,NaN,NaN,NaN,NaN,NaN
NaN,NaN,NaN,NaN,NaN,NaN
NaN,NaN,NaN,NaN,NaN,NaN
NaN,NaN,NaN,NaN,NaN,NaN
NaN,NaN,NaN,NaN,NaN,NaN
NaN,NaN,NaN,NaN,NaN,NaN
NaN,NaN,NaN,NaN,NaN,NaN
NaN,NaN,NaN,NaN,NaN,NaN
NaN,NaN,NaN,NaN,NaN,NaN
NaN,NaN,NaN,NaN,NaN,NaN
NaN,NaN,NaN,NaN,NaN,NaN
NaN,NaN,NaN,NaN,NaN,NaN
NaN,NaN,NaN,NaN,NaN,NaN
NaN,NaN,NaN,NaN,NaN,NaN
NaN,NaN,NaN,NaN,NaN,NaN
NaN,NaN,NaN,NaN,NaN,NaN
NaN,NaN,NaN,NaN,NaN,NaN
NaN,NaN,NaN,NaN,NaN,NaN
NaN,NaN,NaN,NaN,NaN,NaN
NaN,NaN,NaN,NaN,NaN,NaN
NaN,NaN,NaN,NaN,NaN,NaN
NaN,NaN,NaN,NaN,NaN,NaN
NaN,NaN,NaN,NaN,NaN,NaN
NaN,NaN,NaN,NaN,NaN,NaN
NaN,NaN,NaN,NaN,NaN,NaN
NaN,NaN,NaN,NaN,NaN,NaN
NaN,NaN,NaN,NaN,NaN,NaN
NaN,NaN,NaN,NaN,NaN,NaN
NaN,NaN,NaN,NaN,NaN,NaN
NaN,NaN,NaN,NaN,NaN,NaN
NaN,NaN,NaN,NaN,NaN,NaN
NaN,NaN,NaN,NaN,NaN,NaN
NaN,NaN,NaN,NaN,NaN,NaN
NaN,NaN,NaN,NaN,NaN,NaN
NaN,NaN,NaN,NaN,NaN,NaN
NaN,NaN,NaN,NaN,NaN,NaN
NaN,NaN,NaN,NaN,NaN,NaN
NaN,NaN,NaN,NaN,NaN,NaN
NaN,NaN,NaN,NaN,NaN,NaN
NaN,NaN,NaN,NaN,NaN,NaN
NaN,NaN,NaN,NaN,NaN,NaN
NaN,NaN,NaN,NaN,NaN,NaN
NaN,NaN,NaN,NaN,NaN,NaN
NaN,NaN,NaN,NaN,NaN,NaN
NaN,NaN,NaN,NaN,NaN,NaN
NaN,NaN,NaN,NaN,NaN,NaN
NaN,NaN,NaN,NaN,NaN,NaN
NaN,NaN,NaN,NaN,NaN,NaN
NaN,NaN,NaN,NaN,NaN,NaN
NaN,NaN,NaN,NaN,NaN,NaN
NaN,NaN,NaN,NaN,NaN,NaN
NaN,NaN,NaN,NaN,NaN,NaN
NaN,NaN,NaN,NaN,NaN,NaN
NaN,NaN,NaN,NaN,NaN,NaN
NaN,NaN,NaN,NaN,NaN,NaN
NaN,NaN,NaN,NaN,NaN,NaN
NaN,NaN,NaN,NaN,NaN,NaN
NaN,NaN,NaN,NaN,NaN,NaN
NaN,NaN,NaN,NaN,NaN,NaN
NaN,NaN,NaN,NaN,NaN,NaN
NaN,NaN,NaN,NaN,NaN,NaN
NaN,NaN,NaN,NaN,NaN,NaN
NaN,NaN,NaN,NaN,NaN,NaN
NaN,NaN,NaN,NaN,NaN,NaN
NaN,NaN,NaN,NaN,NaN,NaN
NaN,NaN,NaN,NaN,NaN,NaN
NaN,NaN,NaN,NaN,NaN,NaN
NaN,NaN,NaN,NaN,NaN,NaN
NaN,NaN,NaN,NaN,NaN,NaN
NaN,NaN,NaN,NaN,NaN,NaN
NaN,NaN,NaN,NaN,NaN,NaN
NaN,NaN,NaN,NaN,NaN,NaN
NaN,NaN,NaN,NaN,NaN,NaN
NaN,NaN,NaN,NaN,NaN,NaN
NaN,NaN,NaN,NaN,NaN,NaN
NaN,NaN,NaN,NaN,NaN,NaN
NaN,NaN,NaN,NaN,NaN,NaN
NaN,NaN,NaN,NaN,NaN,NaN
NaN,NaN,NaN,NaN,NaN,NaN
NaN,NaN,NaN,NaN,NaN,NaN
NaN,NaN,NaN,NaN,NaN,NaN
NaN,NaN,NaN,NaN,NaN,NaN
NaN,NaN,NaN,NaN,NaN,NaN
NaN,NaN,NaN,NaN,NaN,NaN
NaN,NaN,NaN,NaN,NaN,NaN
NaN,NaN,NaN,NaN,NaN,NaN
NaN,NaN,NaN,NaN,NaN,NaN
NaN,NaN,NaN,NaN,NaN,NaN
NaN,NaN,NaN,NaN,NaN,NaN
NaN,NaN,NaN,NaN,NaN,NaN
NaN,NaN,NaN,NaN,NaN,NaN
NaN,NaN,NaN,NaN,NaN,NaN
NaN,NaN,NaN,NaN,NaN,NaN
NaN,NaN,NaN,NaN,NaN,NaN
NaN,NaN,NaN,NaN,NaN,NaN
NaN,NaN,NaN,NaN,NaN,NaN
NaN,NaN,NaN,NaN,NaN,NaN
NaN,NaN,NaN,NaN,NaN,NaN
NaN,NaN,NaN,NaN,NaN,NaN
NaN,NaN,NaN,NaN,NaN,NaN
NaN,NaN,NaN,NaN,NaN,NaN
NaN,NaN,NaN,NaN,NaN,NaN
NaN,NaN,NaN,NaN,NaN,NaN
NaN,NaN,NaN,NaN,NaN,NaN
NaN,NaN,NaN,NaN,NaN,NaN
NaN,NaN,NaN,NaN,NaN,NaN
NaN,NaN,NaN,NaN,NaN,NaN
NaN,NaN,NaN,NaN,NaN,NaN
NaN,NaN,NaN,NaN,NaN,NaN
NaN,NaN,NaN,NaN,NaN,NaN
NaN,NaN,NaN,NaN,NaN,NaN
NaN,NaN,NaN,NaN,NaN,NaN
NaN,NaN,NaN,NaN,NaN,NaN
NaN,NaN,NaN,NaN,NaN,NaN
NaN,NaN,NaN,NaN,NaN,NaN
NaN,NaN,NaN,NaN,NaN,NaN
NaN,NaN,NaN,NaN,NaN,NaN
NaN,NaN,NaN,NaN,NaN,NaN
NaN,NaN,NaN,NaN,NaN,NaN
NaN,NaN,NaN,NaN,NaN,NaN
NaN,NaN,NaN,NaN,NaN,NaN
NaN,NaN,NaN,NaN,NaN,NaN
NaN,NaN,NaN,NaN,NaN,NaN
NaN,NaN,NaN,NaN,NaN,NaN
NaN,NaN,NaN,NaN,NaN,NaN
NaN,NaN,NaN,NaN,NaN,NaN
NaN,NaN,NaN,NaN,NaN,NaN
NaN,NaN,NaN,NaN,NaN,NaN
NaN,NaN,NaN,NaN,NaN,NaN
NaN,NaN,NaN,NaN,NaN,NaN
NaN,NaN,NaN,NaN,NaN,NaN
NaN,NaN,NaN,NaN,NaN,NaN
NaN,NaN,NaN,NaN,NaN,NaN
NaN,NaN,NaN,NaN,NaN,NaN
NaN,NaN,NaN,NaN,NaN,NaN
NaN,NaN,NaN,NaN,NaN,NaN
NaN,NaN,NaN,NaN,NaN,NaN
NaN,NaN,NaN,NaN,NaN,NaN
NaN,NaN,NaN,NaN,NaN,NaN
NaN,NaN,NaN,NaN,NaN,NaN
NaN,NaN,NaN,NaN,NaN,NaN
NaN,NaN,NaN,NaN,NaN,NaN
NaN,NaN,NaN,NaN,NaN,NaN
NaN,NaN,NaN,NaN,NaN,NaN
NaN,NaN,NaN,NaN,NaN,NaN
NaN,NaN,NaN,NaN,NaN,NaN
NaN,NaN,NaN,NaN,NaN,NaN
NaN,NaN,NaN,NaN,NaN,NaN
NaN,NaN,NaN,NaN,NaN,NaN
NaN,NaN,NaN,NaN,NaN,NaN
NaN,NaN,NaN,NaN,NaN,NaN
NaN,NaN,NaN,NaN,NaN,NaN
NaN,NaN,NaN,NaN,NaN,NaN
NaN,NaN,NaN,NaN,NaN,NaN
NaN,NaN,NaN,NaN,NaN,NaN
NaN,NaN,NaN,NaN,NaN,NaN
NaN,NaN,NaN,NaN,NaN,NaN
NaN,NaN,NaN,NaN,NaN,NaN
NaN,NaN,NaN,NaN,NaN,NaN
NaN,NaN,NaN,NaN,NaN,NaN
NaN,NaN,NaN,NaN,NaN,NaN
NaN,NaN,NaN,NaN,NaN,NaN
NaN,NaN,NaN,NaN,NaN,NaN
NaN,NaN,NaN,NaN,NaN,NaN
NaN,NaN,NaN,NaN,NaN,NaN
NaN,NaN,NaN,NaN,NaN,NaN
NaN,NaN,NaN,NaN,NaN,NaN
NaN,NaN,NaN,NaN,121.861115,435.124492
NaN,NaN,NaN,NaN,122.020000,435.020000
NaN,NaN,NaN,NaN,122.010000,435.010000
NaN,NaN,NaN,NaN,122.000000,435.010000
NaN,NaN,NaN,NaN,122.010000,435.000000
NaN,NaN,NaN,NaN,122.020000,435.010000
NaN,NaN,NaN,NaN,122.020000,435.000000
NaN,NaN,NaN,NaN,122.030000,435.000000
NaN,NaN,NaN,NaN,122.030000,435.000000
NaN,NaN,NaN,NaN,122.030000,435.000000
NaN,NaN,NaN,NaN,122.030000,435.000000
NaN,NaN,NaN,NaN,122.030000,434.990000
NaN,NaN,NaN,NaN,122.030000,435.000000
NaN,NaN,NaN,NaN,122.040000,435.000000
NaN,NaN,NaN,NaN,122.030000,434.990000
NaN,NaN,NaN,NaN,122.040000,434.990000
NaN,NaN,NaN,NaN,122.050000,434.980000
NaN,NaN,NaN,NaN,122.030000,434.980000
NaN,NaN,NaN,NaN,122.030000,434.970000
NaN,NaN,NaN,NaN,122.030000,434.980000
NaN,NaN,NaN,NaN,122.020000,434.970000
NaN,NaN,NaN,NaN,122.030000,434.960000
NaN,NaN,NaN,NaN,122.030000,434.960000
NaN,NaN,NaN,NaN,122.020000,434.950000
NaN,NaN,NaN,NaN,122.020000,434.950000
NaN,NaN,NaN,NaN,122.020000,434.950000
NaN,NaN,NaN,NaN,122.030000,434.950000
NaN,NaN,NaN,NaN,122.030000,434.940000
NaN,NaN,NaN,NaN,122.030000,434.940000
NaN,NaN,NaN,NaN,122.020000,434.940000
NaN,NaN,NaN,NaN,122.020000,434.930000
NaN,NaN,NaN,NaN,122.030000,434.930000
NaN,NaN,NaN,NaN,122.040000,434.940000
NaN,NaN,NaN,NaN,122.050000,434.940000
NaN,NaN,NaN,NaN,122.050000,434.940000
NaN,NaN,NaN,NaN,122.050000,434.930000
NaN,NaN,NaN,NaN,122.050000,434.940000
NaN,NaN,NaN,NaN,122.050000,434.940000
NaN,NaN,NaN,NaN,122.060000,434.930000
NaN,NaN,NaN,NaN,122.050000,434.930000
NaN,NaN,NaN,NaN,122.050000,434.930000
NaN,NaN,NaN,NaN,122.060000,434.920000
NaN,NaN,NaN,NaN,122.060000,434.910000
NaN,NaN,NaN,NaN,122.060000,434.920000
NaN,NaN,NaN,NaN,122.060000,434.900000
NaN,NaN,NaN,NaN,122.060000,434.920000
NaN,NaN,NaN,NaN,122.050000,434.900000
NaN,NaN,NaN,NaN,122.050000,434.900000
NaN,NaN,NaN,NaN,122.040000,434.900000
NaN,NaN,NaN,NaN,122.030000,434.890000
NaN,NaN,NaN,NaN,122.020000,434.880000
NaN,NaN,NaN,NaN,122.010000,434.880000
NaN,NaN,NaN,NaN,122.000000,434.870000
NaN,NaN,NaN,NaN,122.000000,434.860000
NaN,NaN,NaN,NaN,122.000000,434.850000
NaN,NaN,NaN,NaN,121.990000,434.840000
NaN,NaN,NaN,NaN,121.980000,434.830000
NaN,NaN,NaN,NaN,121.980000,434.820000
NaN,NaN,NaN,NaN,121.990000,434.830000
NaN,NaN,NaN,NaN,121.990000,434.820000
NaN,NaN,NaN,NaN,121.980000,434.810000
NaN,NaN,NaN,NaN,121.980000,434.790000
NaN,NaN,NaN,NaN,121.980000,434.780000
NaN,NaN,NaN,NaN,121.980000,434.770000
NaN,NaN,NaN,NaN,121.970000,434.770000
NaN,NaN,NaN,NaN,121.960000,434.740000
NaN,NaN,NaN,NaN,121.960000,434.740000
NaN,NaN,NaN,NaN,121.960000,434.710000
NaN,NaN,NaN,NaN,121.960000,434.700000
NaN,NaN,NaN,NaN,121.960000,434.700000
NaN,NaN,NaN,NaN,121.950000,434.690000
NaN,NaN,NaN,NaN,121.930000,434.680000
NaN,NaN,NaN,NaN,121.940000,434.680000
NaN,NaN,NaN,NaN,121.930000,434.660000
NaN,NaN,NaN,NaN,121.930000,434.660000
NaN,NaN,NaN,NaN,121.930000,434.650000
NaN,NaN,NaN,NaN,121.920000,434.650000
NaN,NaN,NaN,NaN,121.920000,434.640000
NaN,NaN,NaN,NaN,121.920000,434.640000
NaN,NaN,NaN,NaN,121.930000,434.620000
NaN,NaN,NaN,NaN,121.930000,434.630000
NaN,NaN,NaN,NaN,121.930000,434.650000
NaN,NaN,NaN,NaN,121.930000,434.660000
NaN,NaN,NaN,NaN,121.940000,434.660000
NaN,NaN,NaN,NaN,121.930000,434.650000
NaN,NaN,NaN,NaN,121.930000,434.650000
NaN,NaN,NaN,NaN,121.940000,434.650000
NaN,NaN,NaN,NaN,121.950000,434.620000
NaN,NaN,NaN,NaN,121.940000,434.640000
NaN,NaN,NaN,NaN,121.950000,434.650000
NaN,NaN,NaN,NaN,121.940000,434.650000
NaN,NaN,NaN,NaN,121.950000,434.690000
NaN,NaN,NaN,NaN,121.950000,434.680000
NaN,NaN,NaN,NaN,121.960000,434.660000
NaN,NaN,NaN,NaN,121.960000,434.650000
NaN,NaN,NaN,NaN,121.960000,434.650000
NaN,NaN,NaN,NaN,121.970000,434.640000
NaN,NaN,NaN,NaN,121.970000,434.650000
NaN,NaN,NaN,NaN,121.980000,434.650000
NaN,NaN,NaN,NaN,121.990000,434.650000
NaN,NaN,NaN,NaN,121.990000,434.660000
NaN,NaN,NaN,NaN,122.000000,434.660000
NaN,NaN,NaN,NaN,122.000000,434.650000
NaN,NaN,NaN,NaN,122.010000,434.660000
NaN,NaN,NaN,NaN,122.020000,434.650000
NaN,NaN,NaN,NaN,122.020000,434.650000
NaN,NaN,NaN,NaN,122.040000,434.680000
NaN,NaN,NaN,NaN,122.040000,434.670000
NaN,NaN,NaN,NaN,122.050000,434.670000
NaN,NaN,NaN,NaN,122.050000,434.680000
NaN,NaN,NaN,NaN,122.050000,434.670000
NaN,NaN,NaN,NaN,122.060000,434.670000
NaN,NaN,NaN,NaN,122.060000,434.690000
NaN,NaN,NaN,NaN,122.070000,434.680000
NaN,NaN,NaN,NaN,122.070000,434.680000
NaN,NaN,NaN,NaN,122.080000,434.680000
NaN,NaN,NaN,NaN,122.070000,434.690000
NaN,NaN,NaN,NaN,122.080000,434.700000
NaN,NaN,NaN,NaN,122.090000,434.700000
NaN,NaN,NaN,NaN,122.090000,434.700000
NaN,NaN,NaN,NaN,122.090000,434.710000
NaN,NaN,NaN,NaN,121.463846,433.789421
NaN,NaN,NaN,NaN,121.040000,433.560000
NaN,NaN,NaN,NaN,121.040000,433.560000
NaN,NaN,NaN,NaN,121.040000,433.550000
NaN,NaN,NaN,NaN,121.010000,434.000000
NaN,NaN,NaN,NaN,121.020000,434.010000
NaN,NaN,NaN,NaN,121.030000,434.010000
NaN,NaN,NaN,NaN,121.030000,434.010000
NaN,NaN,NaN,NaN,121.040000,434.010000
NaN,NaN,NaN,NaN,121.040000,434.010000
NaN,NaN,NaN,NaN,121.060000,434.010000
NaN,NaN,NaN,NaN,121.050000,434.020000
NaN,NaN,NaN,NaN,121.060000,434.010000
NaN,NaN,NaN,NaN,121.070000,434.010000
NaN,NaN,NaN,NaN,121.070000,434.010000
NaN,NaN,NaN,NaN,121.080000,434.020000
NaN,NaN,NaN,NaN,121.080000,434.010000
NaN,NaN,NaN,NaN,121.080000,434.010000
NaN,NaN,NaN,NaN,121.080000,434.000000
NaN,NaN,NaN,NaN,121.100000,434.000000
NaN,NaN,NaN,NaN,121.100000,434.010000
NaN,NaN,NaN,NaN,121.110000,434.010000
NaN,NaN,NaN,NaN,121.120000,434.000000
NaN,NaN,NaN,NaN,121.100000,434.000000
NaN,NaN,NaN,NaN,121.110000,434.000000
NaN,NaN,NaN,NaN,121.100000,434.000000
NaN,NaN,NaN,NaN,121.110000,434.000000
NaN,NaN,NaN,NaN,123.052921,435.569516
NaN,NaN,NaN,NaN,123.847459,433.789421
NaN,NaN,NaN,NaN,122.655652,433.789421
NaN,NaN,NaN,NaN,122.655652,435.569516
NaN,NaN,NaN,NaN,123.847459,435.124492
NaN,NaN,NaN,NaN,123.450190,434.234445
NaN,NaN,NaN,NaN,123.000000,433.990000
NaN,NaN,NaN,NaN,123.000000,433.990000
NaN,NaN,NaN,NaN,122.990000,433.990000
NaN,NaN,NaN,NaN,122.990000,433.990000
NaN,NaN,NaN,NaN,122.990000,433.980000
NaN,NaN,NaN,NaN,123.000000,433.990000
NaN,NaN,NaN,NaN,122.990000,433.990000
NaN,NaN,NaN,NaN,122.990000,433.990000
NaN,NaN,NaN,NaN,122.990000,433.980000
NaN,NaN,NaN,NaN,123.450190,434.234445
NaN,NaN,NaN,NaN,124.244727,433.789421
NaN,NaN,NaN,NaN,124.244727,433.789421
NaN,NaN,NaN,NaN,124.244727,433.789421
NaN,NaN,NaN,NaN,124.244727,432.009325
NaN,NaN,NaN,NaN,124.080000,431.480000
NaN,NaN,NaN,NaN,124.080000,431.480000
NaN,NaN,NaN,NaN,124.090000,431.470000
NaN,NaN,NaN,NaN,124.090000,431.470000
NaN,NaN,NaN,NaN,124.110000,431.450000
NaN,NaN,NaN,NaN,124.100000,431.470000
NaN,NaN,NaN,NaN,124.110000,431.470000
NaN,NaN,NaN,NaN,124.110000,431.460000
NaN,NaN,NaN,NaN,124.110000,431.450000
NaN,NaN,NaN,NaN,124.110000,431.440000
NaN,NaN,NaN,NaN,124.120000,431.450000
NaN,NaN,NaN,NaN,124.120000,431.440000
NaN,NaN,NaN,NaN,124.140000,431.440000
NaN,NaN,NaN,NaN,124.160000,431.400000
NaN,NaN,NaN,NaN,124.160000,431.420000
NaN,NaN,NaN,NaN,124.160000,431.420000
NaN,NaN,NaN,NaN,124.150000,431.400000
NaN,NaN,NaN,NaN,124.160000,431.400000
NaN,NaN,NaN,NaN,124.180000,431.400000
NaN,NaN,NaN,NaN,124.190000,431.390000
NaN,NaN,NaN,NaN,124.200000,431.390000
NaN,NaN,NaN,NaN,124.200000,431.400000
NaN,NaN,NaN,NaN,124.200000,431.390000
NaN,NaN,NaN,NaN,124.200000,431.380000
NaN,NaN,NaN,NaN,124.210000,431.390000
NaN,NaN,NaN,NaN,124.220000,431.390000
NaN,NaN,NaN,NaN,124.230000,431.390000
NaN,NaN,NaN,NaN,124.230000,431.380000
NaN,NaN,NaN,NaN,124.280000,431.370000
NaN,NaN,NaN,NaN,124.270000,431.370000
NaN,NaN,NaN,NaN,124.270000,431.370000
NaN,NaN,NaN,NaN,124.280000,431.380000
NaN,NaN,NaN,NaN,124.280000,431.380000
NaN,NaN,NaN,NaN,124.280000,431.370000
NaN,NaN,NaN,NaN,124.300000,431.370000
NaN,NaN,NaN,NaN,124.300000,431.360000
NaN,NaN,NaN,NaN,124.310000,431.360000
NaN,NaN,NaN,NaN,124.320000,431.350000
NaN,NaN,NaN,NaN,124.244727,432.009325
NaN,NaN,NaN,NaN,124.244727,431.119277
NaN,NaN,NaN,NaN,124.244727,431.119277
NaN,NaN,NaN,NaN,124.244727,431.119277
NaN,NaN,NaN,NaN,124.244727,431.119277
NaN,NaN,NaN,NaN,124.244727,431.119277
NaN,NaN,NaN,NaN,124.244727,431.119277
NaN,NaN,NaN,NaN,124.244727,431.119277
NaN,NaN,NaN,NaN,124.244727,431.119277
NaN,NaN,NaN,NaN,124.244727,431.119277
NaN,NaN,NaN,NaN,124.244727,431.119277
NaN,NaN,NaN,NaN,124.244727,431.119277
NaN,NaN,NaN,NaN,124.244727,431.119277
NaN,NaN,NaN,NaN,124.244727,431.119277
NaN,NaN,NaN,NaN,125.039265,431.119277
NaN,NaN,NaN,NaN,125.039265,431.119277
NaN,NaN,NaN,NaN,125.039265,431.119277
NaN,NaN,NaN,NaN,126.628340,431.119277
NaN,NaN,NaN,NaN,126.628340,430.674253
NaN,NaN,NaN,NaN,126.628340,430.674253
NaN,NaN,NaN,NaN,126.628340,430.674253
NaN,NaN,NaN,NaN,126.628340,430.674253
NaN,NaN,NaN,NaN,126.628340,430.674253
NaN,NaN,NaN,NaN,126.628340,430.674253
NaN,NaN,NaN,NaN,126.628340,430.674253
NaN,NaN,NaN,NaN,126.628340,430.674253
NaN,NaN,NaN,NaN,126.628340,430.674253
NaN,NaN,NaN,NaN,126.628340,430.674253
NaN,NaN,NaN,NaN,126.628340,430.674253
NaN,NaN,NaN,NaN,126.628340,430.674253
NaN,NaN,NaN,NaN,126.628340,430.674253
NaN,NaN,NaN,NaN,126.628340,430.674253
NaN,NaN,NaN,NaN,126.628340,430.674253
NaN,NaN,NaN,NaN,126.628340,430.674253
NaN,NaN,NaN,NaN,126.628340,430.674253
NaN,NaN,NaN,NaN,126.628340,430.674253
NaN,NaN,NaN,NaN,126.628340,430.674253
NaN,NaN,NaN,NaN,126.628340,430.674253
NaN,NaN,NaN,NaN,126.628340,430.674253
NaN,NaN,NaN,NaN,126.628340,430.674253
NaN,NaN,NaN,NaN,126.628340,430.674253
NaN,NaN,NaN,NaN,126.628340,430.674253
NaN,NaN,NaN,NaN,126.628340,430.674253
NaN,NaN,NaN,NaN,126.628340,430.674253
NaN,NaN,NaN,NaN,126.628340,430.674253
NaN,NaN,NaN,NaN,126.628340,430.674253
NaN,NaN,NaN,NaN,126.628340,430.674253
NaN,NaN,NaN,NaN,126.628340,430.674253
NaN,NaN,NaN,NaN,126.628340,430.674253
NaN,NaN,NaN,NaN,126.628340,430.674253
NaN,NaN,NaN,NaN,126.628340,430.674253
NaN,NaN,NaN,NaN,126.628340,430.674253
NaN,NaN,NaN,NaN,126.628340,430.674253
NaN,NaN,NaN,NaN,126.628340,430.674253
NaN,NaN,NaN,NaN,126.628340,430.674253
NaN,NaN,NaN,NaN,126.628340,430.674253
NaN,NaN,NaN,NaN,126.628340,430.674253
NaN,NaN,NaN,NaN,126.628340,430.674253
NaN,NaN,NaN,NaN,126.628340,430.674253
NaN,NaN,NaN,NaN,126.628340,430.674253
NaN,NaN,NaN,NaN,126.628340,430.674253
NaN,NaN,NaN,NaN,126.628340,430.674253
NaN,NaN,NaN,NaN,126.628340,430.674253
NaN,NaN,NaN,NaN,126.628340,430.674253
NaN,NaN,NaN,NaN,126.628340,430.674253
NaN,NaN,NaN,NaN,126.628340,430.674253
NaN,NaN,NaN,NaN,126.628340,430.674253
NaN,NaN,NaN,NaN,126.628340,430.674253
NaN,NaN,NaN,NaN,126.628340,430.674253
NaN,NaN,NaN,NaN,126.628340,430.674253
NaN,NaN,NaN,NaN,126.628340,430.674253
NaN,NaN,NaN,NaN,126.628340,430.674253
NaN,NaN,NaN,NaN,126.628340,430.674253
NaN,NaN,NaN,NaN,126.628340,430.674253
NaN,NaN,NaN,NaN,126.628340,430.674253
NaN,NaN,NaN,NaN,126.628340,430.674253
NaN,NaN,NaN,NaN,126.628340,430.674253
NaN,NaN,NaN,NaN,126.628340,430.674253
NaN,NaN,NaN,NaN,126.628340,430.674253
NaN,NaN,NaN,NaN,126.628340,430.674253
NaN,NaN,NaN,NaN,126.628340,430.674253
NaN,NaN,NaN,NaN,126.628340,430.674253
NaN,NaN,NaN,NaN,126.628340,430.674253
NaN,NaN,NaN,NaN,126.628340,430.674253
NaN,NaN,NaN,NaN,126.628340,430.674253
NaN,NaN,NaN,NaN,126.628340,430.674253
NaN,NaN,NaN,NaN,126.628340,430.674253
NaN,NaN,NaN,NaN,126.628340,430.674253
NaN,NaN,NaN,NaN,126.628340,430.674253
NaN,NaN,NaN,NaN,126.628340,430.674253
NaN,NaN,NaN,NaN,126.628340,430.674253
NaN,NaN,NaN,NaN,126.628340,430.674253
NaN,NaN,NaN,NaN,126.628340,430.674253
NaN,NaN,NaN,NaN,126.628340,430.674253
NaN,NaN,NaN,NaN,126.628340,430.674253
NaN,NaN,NaN,NaN,126.628340,430.674253
NaN,NaN,NaN,NaN,126.628340,430.674253
NaN,NaN,NaN,NaN,126.628340,430.674253
NaN,NaN,NaN,NaN,126.628340,430.674253
NaN,NaN,NaN,NaN,126.628340,430.674253
NaN,NaN,NaN,NaN,126.628340,430.674253
NaN,NaN,NaN,NaN,126.628340,430.674253
NaN,NaN,NaN,NaN,126.628340,430.674253
NaN,NaN,NaN,NaN,126.628340,430.674253
NaN,NaN,NaN,NaN,126.628340,430.674253
NaN,NaN,NaN,NaN,126.628340,430.674253
NaN,NaN,NaN,NaN,126.628340,430.674253
NaN,NaN,NaN,NaN,126.628340,430.674253
NaN,NaN,NaN,NaN,126.628340,430.674253
NaN,NaN,NaN,NaN,126.628340,430.674253
NaN,NaN,NaN,NaN,126.628340,430.674253
NaN,NaN,NaN,NaN,126.628340,430.674253
NaN,NaN,NaN,NaN,126.628340,430.674253
NaN,NaN,NaN,NaN,126.628340,430.674253
NaN,NaN,NaN,NaN,126.628340,430.674253
NaN,NaN,NaN,NaN,126.628340,430.674253
NaN,NaN,NaN,NaN,126.628340,430.674253
NaN,NaN,NaN,NaN,126.628340,430.674253
NaN,NaN,NaN,NaN,126.628340,430.674253
NaN,NaN,NaN,NaN,126.628340,430.674253
NaN,NaN,NaN,NaN,126.628340,430.674253
NaN,NaN,NaN,NaN,126.628340,430.674253
NaN,NaN,NaN,NaN,126.628340,430.674253
NaN,NaN,NaN,NaN,126.628340,430.674253
NaN,NaN,NaN,NaN,126.628340,430.674253
NaN,NaN,NaN,NaN,126.628340,430.674253
NaN,NaN,NaN,NaN,126.628340,430.674253
NaN,NaN,NaN,NaN,126.628340,430.674253
NaN,NaN,NaN,NaN,126.628340,430.674253
NaN,NaN,NaN,NaN,126.628340,430.674253
NaN,NaN,NaN,NaN,126.628340,430.674253
NaN,NaN,NaN,NaN,126.628340,430.674253
NaN,NaN,NaN,NaN,126.628340,430.674253
NaN,NaN,NaN,NaN,126.628340,430.674253
NaN,NaN,NaN,NaN,126.628340,430.674253
NaN,NaN,NaN,NaN,126.628340,430.229230
NaN,NaN,NaN,NaN,126.628340,430.229230
NaN,NaN,NaN,NaN,126.628340,430.229230
NaN,NaN,NaN,NaN,127.025609,429.784206
NaN,NaN,NaN,NaN,127.025609,429.784206
NaN,NaN,NaN,NaN,127.025609,429.784206
NaN,NaN,NaN,NaN,127.025609,429.784206
NaN,NaN,NaN,NaN,127.025609,426.669038
NaN,NaN,NaN,NaN,127.025609,426.669038
NaN,NaN,NaN,NaN,127.025609,426.669038
NaN,NaN,NaN,NaN,127.025609,426.669038
NaN,NaN,NaN,NaN,127.025609,426.669038
NaN,NaN,NaN,NaN,127.025609,424.888943
NaN,NaN,NaN,NaN,127.025609,424.888943
NaN,NaN,NaN,NaN,127.025609,424.888943
NaN,NaN,NaN,NaN,127.025609,424.888943
NaN,NaN,NaN,NaN,127.025609,424.443919
NaN,NaN,NaN,NaN,127.025609,424.443919
NaN,NaN,NaN,NaN,127.025609,424.443919
NaN,NaN,NaN,NaN,127.025609,423.998895
NaN,NaN,NaN,NaN,127.025609,423.998895
NaN,NaN,NaN,NaN,127.025609,423.998895
NaN,NaN,NaN,NaN,127.025609,423.998895
NaN,NaN,NaN,NaN,127.025609,422.663823
NaN,NaN,NaN,NaN,127.025609,422.663823
NaN,NaN,NaN,NaN,127.025609,422.663823
NaN,NaN,NaN,NaN,127.025609,422.663823
NaN,NaN,NaN,NaN,127.025609,422.663823
NaN,NaN,NaN,NaN,127.025609,422.663823
NaN,NaN,NaN,NaN,127.025609,421.773775
NaN,NaN,NaN,NaN,127.025609,421.773775
NaN,NaN,NaN,NaN,127.025609,420.438704
NaN,NaN,NaN,NaN,127.025609,420.438704
NaN,NaN,NaN,NaN,127.025609,420.438704
NaN,NaN,NaN,NaN,127.025609,420.438704
NaN,NaN,NaN,NaN,127.025609,420.438704
NaN,NaN,NaN,NaN,127.025609,420.438704
NaN,NaN,NaN,NaN,127.025609,420.438704
NaN,NaN,NaN,NaN,127.025609,420.438704
NaN,NaN,NaN,NaN,127.025609,420.438704
NaN,NaN,NaN,NaN,127.025609,420.438704
NaN,NaN,NaN,NaN,127.025609,420.438704
NaN,NaN,NaN,NaN,127.025609,420.438704
NaN,NaN,NaN,NaN,127.025609,420.438704
NaN,NaN,NaN,NaN,127.025609,420.438704
NaN,NaN,NaN,NaN,127.025609,420.438704
NaN,NaN,NaN,NaN,127.025609,420.438704
NaN,NaN,NaN,NaN,127.025609,420.438704
NaN,NaN,NaN,NaN,127.025609,420.438704
NaN,NaN,NaN,NaN,127.025609,420.438704
NaN,NaN,NaN,NaN,127.025609,420.438704
NaN,NaN,NaN,NaN,127.025609,420.438704
NaN,NaN,NaN,NaN,127.025609,420.438704
NaN,NaN,NaN,NaN,127.025609,420.438704
NaN,NaN,NaN,NaN,127.025609,420.438704
NaN,NaN,NaN,NaN,127.025609,420.438704
NaN,NaN,NaN,NaN,128.614684,419.103632
NaN,NaN,NaN,NaN,128.614684,419.103632
NaN,NaN,NaN,NaN,128.614684,419.103632
NaN,NaN,NaN,NaN,128.614684,419.103632
NaN,NaN,NaN,NaN,128.614684,419.103632
NaN,NaN,NaN,NaN,128.614684,419.103632
NaN,NaN,NaN,NaN,128.614684,419.103632
NaN,NaN,NaN,NaN,129.806490,418.658608
NaN,NaN,NaN,NaN,129.806490,418.658608
NaN,NaN,NaN,NaN,129.806490,418.658608
NaN,NaN,NaN,NaN,129.806490,418.658608
NaN,NaN,NaN,NaN,129.806490,418.658608
NaN,NaN,NaN,NaN,129.806490,418.658608
NaN,NaN,NaN,NaN,129.806490,418.658608
NaN,NaN,NaN,NaN,129.806490,418.658608
NaN,NaN,NaN,NaN,129.806490,418.658608
NaN,NaN,NaN,NaN,129.806490,418.213584
NaN,NaN,NaN,NaN,129.806490,418.213584
NaN,NaN,NaN,NaN,129.806490,418.213584
NaN,NaN,NaN,NaN,129.806490,418.213584
NaN,NaN,NaN,NaN,129.806490,418.213584
NaN,NaN,NaN,NaN,129.806490,418.213584
NaN,NaN,NaN,NaN,129.806490,418.213584
NaN,NaN,NaN,NaN,129.806490,418.213584
NaN,NaN,NaN,NaN,129.806490,418.213584
NaN,NaN,NaN,NaN,129.806490,418.213584
NaN,NaN,NaN,NaN,129.806490,418.213584
NaN,NaN,NaN,NaN,129.806490,418.213584
NaN,NaN,NaN,NaN,129.806490,418.213584
NaN,NaN,NaN,NaN,129.806490,418.213584
NaN,NaN,NaN,NaN,129.806490,418.213584
NaN,NaN,NaN,NaN,129.806490,418.213584
NaN,NaN,NaN,NaN,129.806490,418.213584
NaN,NaN,NaN,NaN,131.395565,418.213584
NaN,NaN,NaN,NaN,131.395565,418.213584
NaN,NaN,NaN,NaN,131.395565,418.213584
NaN,NaN,NaN,NaN,131.395565,418.213584
NaN,NaN,NaN,NaN,131.395565,418.213584
NaN,NaN,NaN,NaN,131.395565,418.213584
NaN,NaN,NaN,NaN,131.395565,418.213584
NaN,NaN,NaN,NaN,131.395565,418.213584
NaN,NaN,NaN,NaN,131.395565,418.213584
NaN,NaN,NaN,NaN,131.395565,418.213584
NaN,NaN,NaN,NaN,131.395565,418.213584
NaN,NaN,NaN,NaN,131.395565,418.213584
NaN,NaN,NaN,NaN,131.395565,418.213584
NaN,NaN,NaN,NaN,131.395565,418.213584
NaN,NaN,NaN,NaN,131.395565,418.213584
NaN,NaN,NaN,NaN,131.395565,418.213584
NaN,NaN,NaN,NaN,131.395565,418.213584
NaN,NaN,NaN,NaN,131.395565,418.213584
NaN,NaN,NaN,NaN,131.395565,418.213584
NaN,NaN,NaN,NaN,131.395565,418.213584
NaN,NaN,NaN,NaN,131.395565,418.213584
NaN,NaN,NaN,NaN,131.395565,418.213584
NaN,NaN,NaN,NaN,131.395565,418.213584
NaN,NaN,NaN,NaN,131.395565,418.213584
NaN,NaN,NaN,NaN,131.395565,418.213584
NaN,NaN,NaN,NaN,131.395565,418.213584
NaN,NaN,NaN,NaN,131.395565,418.213584
NaN,NaN,NaN,NaN,131.395565,418.213584
NaN,NaN,NaN,NaN,130.998297,418.658608
NaN,NaN,NaN,NaN,130.998297,418.658608
NaN,NaN,NaN,NaN,130.998297,418.658608
NaN,NaN,NaN,NaN,130.998297,418.658608
NaN,NaN,NaN,NaN,130.998297,418.658608
NaN,NaN,NaN,NaN,130.998297,418.658608
NaN,NaN,NaN,NaN,130.998297,418.658608
NaN,NaN,NaN,NaN,130.998297,418.658608
NaN,NaN,NaN,NaN,130.998297,418.658608
NaN,NaN,NaN,NaN,130.998297,418.658608
NaN,NaN,NaN,NaN,130.998297,418.658608
NaN,NaN,NaN,NaN,130.998297,418.658608
NaN,NaN,NaN,NaN,130.998297,418.658608
NaN,NaN,NaN,NaN,130.998297,418.658608
NaN,NaN,NaN,NaN,130.998297,418.658608
NaN,NaN,NaN,NaN,130.998297,418.658608
NaN,NaN,NaN,NaN,130.998297,418.658608
NaN,NaN,NaN,NaN,130.998297,418.658608
NaN,NaN,NaN,NaN,130.998297,418.658608
NaN,NaN,NaN,NaN,130.998297,418.658608
NaN,NaN,NaN,NaN,130.998297,418.658608
NaN,NaN,NaN,NaN,130.998297,418.658608
NaN,NaN,NaN,NaN,130.998297,418.658608
NaN,NaN,NaN,NaN,130.998297,418.658608
NaN,NaN,NaN,NaN,130.998297,418.658608
NaN,NaN,NaN,NaN,130.998297,418.658608
NaN,NaN,NaN,NaN,130.998297,418.658608
NaN,NaN,NaN,NaN,130.998297,418.658608
NaN,NaN,NaN,NaN,130.998297,418.658608
NaN,NaN,NaN,NaN,130.998297,418.658608
NaN,NaN,NaN,NaN,130.998297,418.658608
NaN,NaN,NaN,NaN,130.998297,418.658608
NaN,NaN,NaN,NaN,130.998297,418.658608
NaN,NaN,NaN,NaN,130.998297,418.658608
NaN,NaN,NaN,NaN,130.998297,418.658608
NaN,NaN,NaN,NaN,130.998297,418.658608
NaN,NaN,NaN,NaN,130.998297,418.658608
NaN,NaN,NaN,NaN,130.998297,418.658608
NaN,NaN,NaN,NaN,130.998297,418.658608
NaN,NaN,NaN,NaN,130.998297,418.658608
NaN,NaN,NaN,NaN,130.998297,418.658608
NaN,NaN,NaN,NaN,130.998297,418.658608
NaN,NaN,NaN,NaN,130.998297,418.658608
NaN,NaN,NaN,NaN,130.998297,418.658608
NaN,NaN,NaN,NaN,130.998297,418.658608
NaN,NaN,NaN,NaN,130.998297,418.658608
NaN,NaN,NaN,NaN,130.998297,418.658608
NaN,NaN,NaN,NaN,130.998297,418.658608
NaN,NaN,NaN,NaN,130.998297,418.658608
NaN,NaN,NaN,NaN,130.998297,418.658608
NaN,NaN,NaN,NaN,130.998297,418.658608
NaN,NaN,NaN,NaN,130.998297,418.658608
NaN,NaN,NaN,NaN,130.998297,418.658608
NaN,NaN,NaN,NaN,130.998297,418.658608
NaN,NaN,NaN,NaN,130.998297,418.658608
NaN,NaN,NaN,NaN,130.998297,418.658608
NaN,NaN,NaN,NaN,130.998297,418.658608
NaN,NaN,NaN,NaN,130.998297,418.658608
NaN,NaN,NaN,NaN,132.190103,418.658608
NaN,NaN,NaN,NaN,132.190103,418.658608
NaN,NaN,NaN,NaN,132.587372,418.658608
NaN,NaN,NaN,NaN,132.587372,417.768560
NaN,NaN,NaN,NaN,132.587372,417.768560
NaN,NaN,NaN,NaN,132.587372,417.768560
NaN,NaN,NaN,NaN,132.587372,417.768560
NaN,NaN,NaN,NaN,132.587372,417.323536
NaN,NaN,NaN,NaN,132.587372,417.323536
NaN,NaN,NaN,NaN,132.587372,417.323536
NaN,NaN,NaN,NaN,132.587372,417.323536
NaN,NaN,NaN,NaN,132.587372,417.323536
NaN,NaN,NaN,NaN,132.587372,417.323536
NaN,NaN,NaN,NaN,132.587372,417.323536
NaN,NaN,NaN,NaN,132.587372,417.323536
NaN,NaN,NaN,NaN,132.587372,417.323536
NaN,NaN,NaN,NaN,132.587372,417.323536
NaN,NaN,NaN,NaN,130.601028,415.988465
NaN,NaN,NaN,NaN,130.601028,415.988465
NaN,NaN,NaN,NaN,130.601028,415.988465
NaN,NaN,NaN,NaN,130.601028,415.988465
NaN,NaN,NaN,NaN,130.601028,415.988465
NaN,NaN,NaN,NaN,130.601028,415.988465
NaN,NaN,NaN,NaN,130.601028,415.988465
NaN,NaN,NaN,NaN,130.601028,415.988465
NaN,NaN,NaN,NaN,132.190103,415.543441
NaN,NaN,NaN,NaN,132.190103,415.543441
NaN,NaN,NaN,NaN,132.190103,415.543441
NaN,NaN,NaN,NaN,132.190103,415.543441
NaN,NaN,NaN,NaN,132.190103,415.543441
NaN,NaN,NaN,NaN,132.190103,415.543441
NaN,NaN,NaN,NaN,132.190103,415.543441
NaN,NaN,NaN,NaN,132.190103,415.543441
NaN,NaN,NaN,NaN,132.190103,415.543441
NaN,NaN,NaN,NaN,132.190103,415.543441
NaN,NaN,NaN,NaN,132.190103,415.543441
NaN,NaN,NaN,NaN,132.190103,415.543441
NaN,NaN,NaN,NaN,132.190103,415.543441
NaN,NaN,NaN,NaN,132.190103,415.543441
NaN,NaN,NaN,NaN,132.190103,415.543441
NaN,NaN,NaN,NaN,132.190103,415.543441
NaN,NaN,NaN,NaN,132.190103,415.543441
NaN,NaN,NaN,NaN,132.190103,415.543441
NaN,NaN,NaN,NaN,132.190103,415.543441
NaN,NaN,NaN,NaN,132.190103,415.543441
NaN,NaN,NaN,NaN,132.190103,415.543441
NaN,NaN,NaN,NaN,132.190103,415.543441
NaN,NaN,NaN,NaN,132.190103,415.543441
NaN,NaN,NaN,NaN,132.190103,415.543441
NaN,NaN,NaN,NaN,132.190103,415.543441
NaN,NaN,NaN,NaN,132.190103,415.543441
NaN,NaN,NaN,NaN,132.190103,415.543441
NaN,NaN,NaN,NaN,132.190103,415.543441
NaN,NaN,NaN,NaN,132.190103,415.543441
NaN,NaN,NaN,NaN,132.190103,415.543441
NaN,NaN,NaN,NaN,132.190103,415.543441
NaN,NaN,NaN,NaN,132.190103,415.543441
NaN,NaN,NaN,NaN,132.190103,415.543441
NaN,NaN,NaN,NaN,132.190103,415.543441
NaN,NaN,NaN,NaN,132.190103,415.543441
NaN,NaN,NaN,NaN,132.190103,415.543441
NaN,NaN,NaN,NaN,132.190103,415.098417
NaN,NaN,NaN,NaN,132.190103,415.098417
NaN,NaN,NaN,NaN,132.190103,415.098417
NaN,NaN,NaN,NaN,132.190103,415.098417
NaN,NaN,NaN,NaN,132.587372,415.098417
NaN,NaN,NaN,NaN,132.587372,415.098417
NaN,NaN,NaN,NaN,132.587372,415.098417
NaN,NaN,NaN,NaN,132.587372,415.098417
NaN,NaN,NaN,NaN,132.587372,415.098417
NaN,NaN,NaN,NaN,132.587372,415.098417
NaN,NaN,NaN,NaN,132.587372,415.098417
NaN,NaN,NaN,NaN,132.587372,415.098417
NaN,NaN,NaN,NaN,132.587372,415.098417
NaN,NaN,NaN,NaN,132.587372,415.098417
NaN,NaN,NaN,NaN,132.587372,415.098417
NaN,NaN,NaN,NaN,132.587372,415.098417
NaN,NaN,NaN,NaN,132.587372,415.098417
NaN,NaN,NaN,NaN,132.587372,415.098417
NaN,NaN,NaN,NaN,132.587372,415.098417
NaN,NaN,NaN,NaN,132.587372,415.098417
NaN,NaN,NaN,NaN,132.587372,415.098417
NaN,NaN,NaN,NaN,132.587372,415.098417
NaN,NaN,NaN,NaN,132.587372,415.098417
NaN,NaN,NaN,NaN,132.587372,415.098417
NaN,NaN,NaN,NaN,132.587372,415.098417
NaN,NaN,NaN,NaN,132.587372,414.208369
NaN,NaN,NaN,NaN,132.587372,414.208369
NaN,NaN,NaN,NaN,132.587372,414.208369
NaN,NaN,NaN,NaN,132.587372,414.208369
NaN,NaN,NaN,NaN,132.587372,414.208369
NaN,NaN,NaN,NaN,132.587372,414.208369
NaN,NaN,NaN,NaN,132.587372,414.208369
NaN,NaN,NaN,NaN,132.587372,414.208369
NaN,NaN,NaN,NaN,132.587372,414.208369
NaN,NaN,NaN,NaN,132.587372,414.208369
NaN,NaN,NaN,NaN,132.587372,414.208369
NaN,NaN,NaN,NaN,132.587372,414.208369
NaN,NaN,NaN,NaN,132.587372,414.208369
NaN,NaN,NaN,NaN,132.587372,414.208369
NaN,NaN,NaN,NaN,132.587372,414.208369
NaN,NaN,NaN,NaN,132.587372,414.208369
NaN,NaN,NaN,NaN,132.587372,414.208369
NaN,NaN,NaN,NaN,132.587372,414.208369
NaN,NaN,NaN,NaN,132.587372,414.208369
NaN,NaN,NaN,NaN,132.587372,413.763345
NaN,NaN,NaN,NaN,132.587372,413.763345
NaN,NaN,NaN,NaN,132.587372,413.763345
NaN,NaN,NaN,NaN,132.587372,413.763345
NaN,NaN,NaN,NaN,132.984641,413.318321
NaN,NaN,NaN,NaN,132.984641,413.318321
NaN,NaN,NaN,NaN,132.984641,413.318321
NaN,NaN,NaN,NaN,132.984641,413.318321
NaN,NaN,NaN,NaN,132.984641,413.318321
NaN,NaN,NaN,NaN,132.984641,412.428273
NaN,NaN,NaN,NaN,132.984641,412.428273
NaN,NaN,NaN,NaN,132.984641,412.428273
NaN,NaN,NaN,NaN,132.984641,412.428273
NaN,NaN,NaN,NaN,132.984641,412.428273
NaN,NaN,NaN,NaN,132.984641,412.428273
NaN,NaN,NaN,NaN,132.984641,412.428273
NaN,NaN,NaN,NaN,132.984641,412.428273
NaN,NaN,NaN,NaN,132.984641,412.428273
NaN,NaN,NaN,NaN,132.984641,412.428273
NaN,NaN,NaN,NaN,132.984641,412.428273
NaN,NaN,NaN,NaN,132.984641,412.428273
NaN,NaN,NaN,NaN,132.984641,412.428273
NaN,NaN,NaN,NaN,132.984641,412.428273
NaN,NaN,NaN,NaN,132.984641,412.428273
NaN,NaN,NaN,NaN,132.984641,412.428273
NaN,NaN,NaN,NaN,132.984641,412.428273
NaN,NaN,NaN,NaN,132.984641,412.428273
NaN,NaN,NaN,NaN,132.984641,412.428273
NaN,NaN,NaN,NaN,132.984641,412.428273
NaN,NaN,NaN,NaN,132.984641,412.428273
NaN,NaN,NaN,NaN,132.984641,412.428273
NaN,NaN,NaN,NaN,132.984641,412.428273
NaN,NaN,NaN,NaN,132.984641,412.428273
NaN,NaN,NaN,NaN,132.984641,412.428273
NaN,NaN,NaN,NaN,132.984641,412.428273
NaN,NaN,NaN,NaN,132.984641,412.428273
NaN,NaN,NaN,NaN,132.984641,412.428273
NaN,NaN,NaN,NaN,132.984641,412.428273
NaN,NaN,NaN,NaN,132.984641,412.428273
NaN,NaN,NaN,NaN,132.984641,412.428273
NaN,NaN,NaN,NaN,132.984641,412.428273
NaN,NaN,NaN,NaN,132.984641,412.428273
NaN,NaN,NaN,NaN,132.984641,412.428273
NaN,NaN,NaN,NaN,132.984641,412.428273
NaN,NaN,NaN,NaN,132.984641,412.428273
NaN,NaN,NaN,NaN,132.984641,412.428273
NaN,NaN,NaN,NaN,132.984641,412.428273
NaN,NaN,NaN,NaN,132.984641,411.983250
NaN,NaN,NaN,NaN,132.984641,411.983250
NaN,NaN,NaN,NaN,132.984641,411.983250
NaN,NaN,NaN,NaN,132.984641,411.983250
NaN,NaN,NaN,NaN,132.984641,411.983250
NaN,NaN,NaN,NaN,132.984641,411.983250
NaN,NaN,NaN,NaN,132.984641,411.983250
NaN,NaN,NaN,NaN,133.381909,411.538226
NaN,NaN,NaN,NaN,133.381909,411.538226
NaN,NaN,NaN,NaN,133.381909,411.538226
NaN,NaN,NaN,NaN,133.381909,411.538226
NaN,NaN,NaN,NaN,133.381909,411.538226
NaN,NaN,NaN,NaN,133.381909,411.538226
NaN,NaN,NaN,NaN,133.381909,410.648178
NaN,NaN,NaN,NaN,133.381909,410.648178
NaN,NaN,NaN,NaN,133.381909,410.648178
NaN,NaN,NaN,NaN,133.779178,410.648178
NaN,NaN,NaN,NaN,133.779178,410.648178
NaN,NaN,NaN,NaN,133.779178,410.203154
NaN,NaN,NaN,NaN,133.779178,410.203154
NaN,NaN,NaN,NaN,133.779178,410.203154
NaN,NaN,NaN,NaN,133.779178,410.203154
NaN,NaN,NaN,NaN,133.779178,410.203154
NaN,NaN,NaN,NaN,134.176447,409.313106
NaN,NaN,NaN,NaN,134.176447,409.313106
NaN,NaN,NaN,NaN,134.176447,409.313106
NaN,NaN,NaN,NaN,134.176447,409.313106
NaN,NaN,NaN,NaN,134.176447,409.313106
NaN,NaN,NaN,NaN,134.176447,409.313106
NaN,NaN,NaN,NaN,134.176447,409.313106
NaN,NaN,NaN,NaN,134.176447,409.313106
NaN,NaN,NaN,NaN,134.176447,409.313106
NaN,NaN,NaN,NaN,134.176447,409.313106
NaN,NaN,NaN,NaN,134.176447,409.313106
NaN,NaN,NaN,NaN,134.176447,409.313106
NaN,NaN,NaN,NaN,134.176447,409.313106
NaN,NaN,NaN,NaN,134.176447,409.313106
NaN,NaN,NaN,NaN,134.176447,409.313106
NaN,NaN,NaN,NaN,134.176447,409.313106
NaN,NaN,NaN,NaN,134.176447,409.313106
NaN,NaN,NaN,NaN,134.176447,409.313106
NaN,NaN,NaN,NaN,134.176447,409.313106
NaN,NaN,NaN,NaN,134.176447,409.313106
NaN,NaN,NaN,NaN,134.176447,409.313106
NaN,NaN,NaN,NaN,134.176447,409.313106
NaN,NaN,NaN,NaN,134.176447,409.313106
NaN,NaN,NaN,NaN,134.176447,409.313106
NaN,NaN,NaN,NaN,134.176447,409.313106
NaN,NaN,NaN,NaN,134.176447,409.313106
NaN,NaN,NaN,NaN,134.176447,409.313106
NaN,NaN,NaN,NaN,134.176447,409.313106
NaN,NaN,NaN,NaN,134.970984,408.423058
NaN,NaN,NaN,NaN,134.970984,408.423058
NaN,NaN,NaN,NaN,134.970984,408.423058
NaN,NaN,NaN,NaN,135.368253,408.423058
NaN,NaN,NaN,NaN,135.368253,408.423058
NaN,NaN,NaN,NaN,135.368253,408.423058
NaN,NaN,NaN,NaN,135.368253,408.423058
NaN,NaN,NaN,NaN,135.368253,408.423058
NaN,NaN,NaN,NaN,135.368253,408.423058
NaN,NaN,NaN,NaN,135.368253,408.423058
NaN,NaN,NaN,NaN,135.368253,408.423058
NaN,NaN,NaN,NaN,135.368253,408.423058
NaN,NaN,NaN,NaN,135.368253,408.423058
NaN,NaN,NaN,NaN,135.368253,408.423058
NaN,NaN,NaN,NaN,135.368253,408.423058
NaN,NaN,NaN,NaN,135.368253,408.423058
NaN,NaN,NaN,NaN,135.368253,408.423058
NaN,NaN,NaN,NaN,135.368253,408.423058
NaN,NaN,NaN,NaN,135.368253,408.423058
NaN,NaN,NaN,NaN,135.368253,408.423058
NaN,NaN,NaN,NaN,135.368253,408.423058
NaN,NaN,NaN,NaN,135.368253,408.423058
NaN,NaN,NaN,NaN,135.368253,408.423058
NaN,NaN,NaN,NaN,135.368253,408.423058
NaN,NaN,NaN,NaN,135.368253,408.423058
NaN,NaN,NaN,NaN,135.368253,408.423058
NaN,NaN,NaN,NaN,135.368253,408.423058
NaN,NaN,NaN,NaN,135.368253,408.423058
NaN,NaN,NaN,NaN,135.368253,408.423058
NaN,NaN,NaN,NaN,135.368253,408.423058
NaN,NaN,NaN,NaN,135.368253,408.423058
NaN,NaN,NaN,NaN,135.368253,408.423058
NaN,NaN,NaN,NaN,135.368253,408.423058
NaN,NaN,NaN,NaN,135.368253,407.533011
NaN,NaN,NaN,NaN,135.368253,407.533011
NaN,NaN,NaN,NaN,135.368253,407.533011
NaN,NaN,NaN,NaN,136.957328,406.197939
NaN,NaN,NaN,NaN,136.957328,406.197939
NaN,NaN,NaN,NaN,136.957328,406.197939
NaN,NaN,NaN,NaN,136.957328,406.197939
NaN,NaN,NaN,NaN,136.957328,406.197939
NaN,NaN,NaN,NaN,136.957328,406.197939
NaN,NaN,NaN,NaN,136.957328,406.197939
NaN,NaN,NaN,NaN,136.957328,406.197939
NaN,NaN,NaN,NaN,136.957328,406.197939
NaN,NaN,NaN,NaN,136.957328,406.197939
NaN,NaN,NaN,NaN,136.957328,406.197939
NaN,NaN,NaN,NaN,136.957328,406.197939
NaN,NaN,NaN,NaN,136.957328,406.197939
NaN,NaN,NaN,NaN,136.957328,406.197939
NaN,NaN,NaN,NaN,136.957328,406.197939
NaN,NaN,NaN,NaN,136.957328,406.197939
NaN,NaN,NaN,NaN,136.957328,406.197939
NaN,NaN,NaN,NaN,136.957328,406.197939
NaN,NaN,NaN,NaN,136.957328,406.197939
NaN,NaN,NaN,NaN,136.957328,406.197939
NaN,NaN,NaN,NaN,136.957328,406.197939
NaN,NaN,NaN,NaN,136.957328,406.197939
NaN,NaN,NaN,NaN,136.957328,406.197939
NaN,NaN,NaN,NaN,136.957328,406.197939
NaN,NaN,NaN,NaN,136.957328,406.197939
NaN,NaN,NaN,NaN,136.957328,406.197939
NaN,NaN,NaN,NaN,136.957328,405.752915
NaN,NaN,NaN,NaN,136.957328,405.752915
NaN,NaN,NaN,NaN,136.957328,405.752915
NaN,NaN,NaN,NaN,136.957328,404.862867
NaN,NaN,NaN,NaN,136.957328,404.862867
NaN,NaN,NaN,NaN,136.957328,404.862867
NaN,NaN,NaN,NaN,136.957328,404.862867
NaN,NaN,NaN,NaN,136.957328,404.862867
NaN,NaN,NaN,NaN,136.957328,404.862867
NaN,NaN,NaN,NaN,136.957328,404.862867
NaN,NaN,NaN,NaN,136.957328,404.862867
NaN,NaN,NaN,NaN,136.957328,404.862867
NaN,NaN,NaN,NaN,136.957328,404.862867
NaN,NaN,NaN,NaN,136.957328,404.862867
NaN,NaN,NaN,NaN,136.957328,404.862867
NaN,NaN,NaN,NaN,136.957328,404.862867
NaN,NaN,NaN,NaN,136.957328,404.862867
NaN,NaN,NaN,NaN,136.957328,404.862867
NaN,NaN,NaN,NaN,136.957328,404.862867
NaN,NaN,NaN,NaN,136.957328,404.862867
NaN,NaN,NaN,NaN,136.957328,404.417843
NaN,NaN,NaN,NaN,136.957328,404.417843
NaN,NaN,NaN,NaN,136.957328,404.417843
NaN,NaN,NaN,NaN,136.957328,404.417843
NaN,NaN,NaN,NaN,136.957328,404.417843
NaN,NaN,NaN,NaN,136.957328,404.417843
NaN,NaN,NaN,NaN,136.957328,404.417843
NaN,NaN,NaN,NaN,136.957328,404.417843
NaN,NaN,NaN,NaN,136.957328,404.417843
NaN,NaN,NaN,NaN,136.957328,404.417843
NaN,NaN,NaN,NaN,136.957328,404.417843
NaN,NaN,NaN,NaN,136.957328,404.417843
NaN,NaN,NaN,NaN,136.957328,404.417843
NaN,NaN,NaN,NaN,136.957328,404.417843
NaN,NaN,NaN,NaN,136.957328,404.417843
NaN,NaN,NaN,NaN,136.957328,404.417843
NaN,NaN,NaN,NaN,136.957328,404.417843
NaN,NaN,NaN,NaN,137.751866,402.637748
NaN,NaN,NaN,NaN,138.020000,402.760000
NaN,NaN,NaN,NaN,138.010000,402.970000
NaN,NaN,NaN,NaN,138.000000,402.950000
NaN,NaN,NaN,NaN,138.010000,402.940000
NaN,NaN,NaN,NaN,138.010000,402.920000
NaN,NaN,NaN,NaN,138.010000,402.910000
NaN,NaN,NaN,NaN,138.020000,402.900000
NaN,NaN,NaN,NaN,138.040000,402.900000
NaN,NaN,NaN,NaN,138.030000,402.870000
NaN,NaN,NaN,NaN,138.030000,402.870000
NaN,NaN,NaN,NaN,138.040000,402.880000
NaN,NaN,NaN,NaN,138.040000,402.870000
NaN,NaN,NaN,NaN,138.050000,402.870000
NaN,NaN,NaN,NaN,138.060000,402.860000
NaN,NaN,NaN,NaN,138.050000,402.860000
NaN,NaN,NaN,NaN,138.060000,402.850000
NaN,NaN,NaN,NaN,138.070000,402.860000
NaN,NaN,NaN,NaN,138.060000,402.860000
NaN,NaN,NaN,NaN,138.080000,402.870000
NaN,NaN,NaN,NaN,138.080000,402.870000
NaN,NaN,NaN,NaN,138.080000,402.870000
NaN,NaN,NaN,NaN,138.080000,402.860000
NaN,NaN,NaN,NaN,138.110000,402.850000
NaN,NaN,NaN,NaN,138.100000,402.850000
NaN,NaN,NaN,NaN,138.110000,402.860000
NaN,NaN,NaN,NaN,138.120000,402.860000
NaN,NaN,NaN,NaN,138.120000,402.860000
NaN,NaN,NaN,NaN,138.120000,402.870000
NaN,NaN,NaN,NaN,138.110000,402.880000
NaN,NaN,NaN,NaN,138.130000,402.880000
NaN,NaN,NaN,NaN,138.130000,402.890000
NaN,NaN,NaN,NaN,138.130000,402.900000
NaN,NaN,NaN,NaN,138.130000,402.900000
NaN,NaN,NaN,NaN,138.130000,402.900000
NaN,NaN,NaN,NaN,138.140000,402.900000
NaN,NaN,NaN,NaN,138.150000,402.890000
NaN,NaN,NaN,NaN,138.150000,402.890000
NaN,NaN,NaN,NaN,138.170000,402.860000
NaN,NaN,NaN,NaN,138.160000,402.860000
NaN,NaN,NaN,NaN,138.170000,402.860000
NaN,NaN,NaN,NaN,138.170000,402.860000
NaN,NaN,NaN,NaN,138.160000,402.870000
NaN,NaN,NaN,NaN,138.170000,402.860000
NaN,NaN,NaN,NaN,138.170000,402.850000
NaN,NaN,NaN,NaN,138.160000,402.850000
NaN,NaN,NaN,NaN,138.180000,402.860000
NaN,NaN,NaN,NaN,138.180000,402.860000
NaN,NaN,NaN,NaN,138.170000,402.870000
NaN,NaN,NaN,NaN,138.160000,402.870000
NaN,NaN,NaN,NaN,138.170000,402.860000
NaN,NaN,NaN,NaN,138.160000,402.860000
NaN,NaN,NaN,NaN,138.140000,402.850000
NaN,NaN,NaN,NaN,138.140000,402.850000
NaN,NaN,NaN,NaN,138.140000,402.840000
NaN,NaN,NaN,NaN,138.140000,402.840000
NaN,NaN,NaN,NaN,138.140000,402.840000
NaN,NaN,NaN,NaN,138.130000,402.840000
NaN,NaN,NaN,NaN,138.140000,402.830000
NaN,NaN,NaN,NaN,138.130000,402.830000
NaN,NaN,NaN,NaN,138.130000,402.830000
NaN,NaN,NaN,NaN,138.140000,402.830000
NaN,NaN,NaN,NaN,138.140000,402.820000
NaN,NaN,NaN,NaN,138.140000,402.820000
NaN,NaN,NaN,NaN,138.120000,402.830000
NaN,NaN,NaN,NaN,138.110000,402.820000
NaN,NaN,NaN,NaN,138.110000,402.830000
NaN,NaN,NaN,NaN,138.110000,402.810000
NaN,NaN,NaN,NaN,138.110000,402.810000
NaN,NaN,NaN,NaN,138.100000,402.810000
NaN,NaN,NaN,NaN,138.090000,402.820000
NaN,NaN,NaN,NaN,138.100000,402.820000
NaN,NaN,NaN,NaN,138.080000,402.830000
NaN,NaN,NaN,NaN,138.080000,402.820000
NaN,NaN,NaN,NaN,138.080000,402.830000
NaN,NaN,NaN,NaN,138.070000,402.810000
NaN,NaN,NaN,NaN,138.060000,402.820000
NaN,NaN,NaN,NaN,138.060000,402.810000
NaN,NaN,NaN,NaN,138.040000,402.810000
NaN,NaN,NaN,NaN,138.050000,402.800000
NaN,NaN,NaN,NaN,138.040000,402.800000
NaN,NaN,NaN,NaN,138.040000,402.800000
NaN,NaN,NaN,NaN,138.040000,402.810000
NaN,NaN,NaN,NaN,138.060000,402.820000
NaN,NaN,NaN,NaN,138.060000,402.810000
NaN,NaN,NaN,NaN,138.050000,402.820000
NaN,NaN,NaN,NaN,138.060000,402.830000
NaN,NaN,NaN,NaN,138.050000,402.830000
NaN,NaN,NaN,NaN,138.050000,402.820000
NaN,NaN,NaN,NaN,138.050000,402.820000
NaN,NaN,NaN,NaN,138.050000,402.820000
NaN,NaN,NaN,NaN,138.050000,402.820000
NaN,NaN,NaN,NaN,138.070000,402.830000
NaN,NaN,NaN,NaN,138.060000,402.830000
NaN,NaN,NaN,NaN,138.149135,395.072341
NaN,NaN,NaN,NaN,137.980000,394.830000
NaN,NaN,NaN,NaN,138.010000,394.810000
NaN,NaN,NaN,NaN,138.010000,395.010000
NaN,NaN,NaN,NaN,138.030000,395.020000
NaN,NaN,NaN,NaN,138.020000,395.010000
NaN,NaN,NaN,NaN,138.010000,395.010000
NaN,NaN,NaN,NaN,138.020000,395.010000
NaN,NaN,NaN,NaN,138.030000,395.020000
NaN,NaN,NaN,NaN,138.030000,395.010000
NaN,NaN,NaN,NaN,138.030000,395.020000
NaN,NaN,NaN,NaN,138.020000,395.010000
NaN,NaN,NaN,NaN,138.020000,395.010000
NaN,NaN,NaN,NaN,138.040000,395.000000
NaN,NaN,NaN,NaN,138.040000,395.010000
NaN,NaN,NaN,NaN,138.050000,395.010000
NaN,NaN,NaN,NaN,138.050000,395.010000
NaN,NaN,NaN,NaN,138.030000,395.000000
NaN,NaN,NaN,NaN,138.030000,395.020000
NaN,NaN,NaN,NaN,138.030000,394.990000
NaN,NaN,NaN,NaN,138.030000,394.990000
NaN,NaN,NaN,NaN,138.040000,394.990000
NaN,NaN,NaN,NaN,138.030000,394.990000
NaN,NaN,NaN,NaN,138.040000,394.980000
NaN,NaN,NaN,NaN,138.040000,394.990000
NaN,NaN,NaN,NaN,138.030000,394.990000
NaN,NaN,NaN,NaN,138.040000,394.990000
NaN,NaN,NaN,NaN,138.030000,394.990000
NaN,NaN,NaN,NaN,138.040000,394.990000
NaN,NaN,NaN,NaN,138.040000,394.990000
NaN,NaN,NaN,NaN,138.040000,394.990000
NaN,NaN,NaN,NaN,138.040000,394.990000
NaN,NaN,NaN,NaN,138.040000,394.980000
NaN,NaN,NaN,NaN,138.030000,394.980000
NaN,NaN,NaN,NaN,138.020000,394.980000
NaN,NaN,NaN,NaN,138.020000,394.980000
NaN,NaN,NaN,NaN,138.020000,394.980000
NaN,NaN,NaN,NaN,138.020000,394.980000
NaN,NaN,NaN,NaN,138.020000,394.970000
NaN,NaN,NaN,NaN,138.020000,394.960000
NaN,NaN,NaN,NaN,138.010000,394.960000
NaN,NaN,NaN,NaN,138.010000,394.960000
NaN,NaN,NaN,NaN,138.010000,394.960000
NaN,NaN,NaN,NaN,138.010000,394.950000
NaN,NaN,NaN,NaN,138.020000,394.950000
NaN,NaN,NaN,NaN,138.010000,394.950000
NaN,NaN,NaN,NaN,138.030000,394.950000
NaN,NaN,NaN,NaN,138.030000,394.950000
NaN,NaN,NaN,NaN,138.020000,394.950000
NaN,NaN,NaN,NaN,138.000000,394.950000
NaN,NaN,NaN,NaN,138.000000,394.940000
NaN,NaN,NaN,NaN,138.010000,394.940000
NaN,NaN,NaN,NaN,138.020000,394.940000
NaN,NaN,NaN,NaN,138.000000,394.930000
NaN,NaN,NaN,NaN,138.000000,394.950000
NaN,NaN,NaN,NaN,138.010000,394.930000
NaN,NaN,NaN,NaN,138.000000,394.940000
NaN,NaN,NaN,NaN,138.000000,394.930000
NaN,NaN,NaN,NaN,138.000000,394.930000
NaN,NaN,NaN,NaN,138.000000,394.930000
NaN,NaN,NaN,NaN,138.000000,394.930000
NaN,NaN,NaN,NaN,137.990000,394.920000
NaN,NaN,NaN,NaN,138.000000,394.920000
NaN,NaN,NaN,NaN,138.000000,394.920000
NaN,NaN,NaN,NaN,137.990000,394.920000
NaN,NaN,NaN,NaN,137.990000,394.940000
NaN,NaN,NaN,NaN,137.990000,394.940000
NaN,NaN,NaN,NaN,137.980000,394.920000
NaN,NaN,NaN,NaN,137.990000,394.920000
NaN,NaN,NaN,NaN,137.970000,394.920000
NaN,NaN,NaN,NaN,137.970000,394.920000
NaN,NaN,NaN,NaN,137.960000,394.920000
NaN,NaN,NaN,NaN,137.980000,394.920000
NaN,NaN,NaN,NaN,137.990000,394.910000
NaN,NaN,NaN,NaN,137.980000,394.910000
NaN,NaN,NaN,NaN,137.980000,394.910000
NaN,NaN,NaN,NaN,137.980000,394.930000
NaN,NaN,NaN,NaN,137.990000,394.910000
NaN,NaN,NaN,NaN,137.980000,394.910000
NaN,NaN,NaN,NaN,137.970000,394.920000
NaN,NaN,NaN,NaN,137.980000,394.920000
NaN,NaN,NaN,NaN,137.990000,394.910000
NaN,NaN,NaN,NaN,137.980000,394.910000
NaN,NaN,NaN,NaN,137.980000,394.910000
NaN,NaN,NaN,NaN,137.980000,394.900000
NaN,NaN,NaN,NaN,137.980000,394.900000
NaN,NaN,NaN,NaN,137.980000,394.900000
NaN,NaN,NaN,NaN,137.990000,394.900000
NaN,NaN,NaN,NaN,137.990000,394.890000
NaN,NaN,NaN,NaN,137.990000,394.890000
NaN,NaN,NaN,NaN,137.990000,394.890000
NaN,NaN,NaN,NaN,137.990000,394.890000
NaN,NaN,NaN,NaN,137.980000,394.890000
NaN,NaN,NaN,NaN,137.990000,394.890000
NaN,NaN,NaN,NaN,137.980000,394.880000
NaN,NaN,NaN,NaN,137.970000,394.890000
NaN,NaN,NaN,NaN,137.970000,394.890000
NaN,NaN,NaN,NaN,137.970000,394.890000
NaN,NaN,NaN,NaN,137.960000,394.890000
NaN,NaN,NaN,NaN,137.960000,394.880000
NaN,NaN,NaN,NaN,137.960000,394.880000
NaN,NaN,NaN,NaN,137.960000,394.880000
NaN,NaN,NaN,NaN,137.950000,394.880000
NaN,NaN,NaN,NaN,137.960000,394.870000
NaN,NaN,NaN,NaN,137.950000,394.880000
NaN,NaN,NaN,NaN,137.950000,394.880000
NaN,NaN,NaN,NaN,137.950000,394.870000
NaN,NaN,NaN,NaN,137.950000,394.870000
NaN,NaN,NaN,NaN,137.950000,394.870000
NaN,NaN,NaN,NaN,137.940000,394.860000
NaN,NaN,NaN,NaN,137.950000,394.830000
NaN,NaN,NaN,NaN,137.950000,394.850000
NaN,NaN,NaN,NaN,137.950000,394.850000
NaN,NaN,NaN,NaN,137.940000,394.840000
NaN,NaN,NaN,NaN,137.940000,394.850000
NaN,NaN,NaN,NaN,137.930000,394.840000
NaN,NaN,NaN,NaN,137.930000,394.850000
NaN,NaN,NaN,NaN,137.930000,394.850000
NaN,NaN,NaN,NaN,137.920000,394.850000
NaN,NaN,NaN,NaN,137.920000,394.840000
NaN,NaN,NaN,NaN,137.910000,394.830000
NaN,NaN,NaN,NaN,137.910000,394.840000
NaN,NaN,NaN,NaN,137.910000,394.840000
NaN,NaN,NaN,NaN,137.900000,394.840000
NaN,NaN,NaN,NaN,137.870000,394.850000
NaN,NaN,NaN,NaN,137.880000,394.850000
NaN,NaN,NaN,NaN,137.870000,394.850000
NaN,NaN,NaN,NaN,137.870000,394.840000
NaN,NaN,NaN,NaN,137.850000,394.840000
NaN,NaN,NaN,NaN,137.870000,394.830000
NaN,NaN,NaN,NaN,137.870000,394.830000
NaN,NaN,NaN,NaN,137.870000,394.830000
NaN,NaN,NaN,NaN,137.870000,394.820000
NaN,NaN,NaN,NaN,137.880000,394.820000
NaN,NaN,NaN,NaN,137.870000,394.820000
NaN,NaN,NaN,NaN,137.880000,394.820000
NaN,NaN,NaN,NaN,137.870000,394.800000
NaN,NaN,NaN,NaN,137.870000,394.810000
NaN,NaN,NaN,NaN,137.850000,394.820000
NaN,NaN,NaN,NaN,137.870000,394.800000
NaN,NaN,NaN,NaN,137.880000,394.780000
NaN,NaN,NaN,NaN,137.870000,394.780000
NaN,NaN,NaN,NaN,137.880000,394.800000
NaN,NaN,NaN,NaN,137.880000,394.800000
NaN,NaN,NaN,NaN,137.880000,394.800000
NaN,NaN,NaN,NaN,137.870000,394.800000
NaN,NaN,NaN,NaN,137.870000,394.800000
NaN,NaN,NaN,NaN,137.870000,394.790000
NaN,NaN,NaN,NaN,137.870000,394.800000
NaN,NaN,NaN,NaN,137.880000,394.800000
NaN,NaN,NaN,NaN,137.900000,394.800000
NaN,NaN,NaN,NaN,137.890000,394.790000
NaN,NaN,NaN,NaN,137.880000,394.800000
NaN,NaN,NaN,NaN,137.890000,394.790000
NaN,NaN,NaN,NaN,137.910000,394.780000
NaN,NaN,NaN,NaN,137.920000,394.790000
NaN,NaN,NaN,NaN,137.900000,394.780000
NaN,NaN,NaN,NaN,137.910000,394.780000
NaN,NaN,NaN,NaN,137.890000,394.780000
NaN,NaN,NaN,NaN,137.890000,394.770000
NaN,NaN,NaN,NaN,137.880000,394.770000
NaN,NaN,NaN,NaN,137.880000,394.780000
NaN,NaN,NaN,NaN,137.900000,394.790000
NaN,NaN,NaN,NaN,137.890000,394.780000
NaN,NaN,NaN,NaN,137.890000,394.760000
NaN,NaN,NaN,NaN,137.890000,394.770000
NaN,NaN,NaN,NaN,137.890000,394.770000
NaN,NaN,NaN,NaN,137.890000,394.760000
NaN,NaN,NaN,NaN,137.890000,394.770000
NaN,NaN,NaN,NaN,137.870000,394.740000
NaN,NaN,NaN,NaN,137.880000,394.760000
NaN,NaN,NaN,NaN,137.870000,394.740000
NaN,NaN,NaN,NaN,137.880000,394.760000
NaN,NaN,NaN,NaN,137.870000,394.770000
NaN,NaN,NaN,NaN,137.870000,394.760000
NaN,NaN,NaN,NaN,137.870000,394.750000
NaN,NaN,NaN,NaN,137.860000,394.750000
NaN,NaN,NaN,NaN,137.850000,394.740000
NaN,NaN,NaN,NaN,137.860000,394.740000
NaN,NaN,NaN,NaN,139.738210,391.512150
NaN,NaN,NaN,NaN,140.040000,391.790000
NaN,NaN,NaN,NaN,140.070000,391.680000
NaN,NaN,NaN,NaN,140.010000,392.000000
NaN,NaN,NaN,NaN,140.010000,391.980000
NaN,NaN,NaN,NaN,140.030000,391.960000
NaN,NaN,NaN,NaN,140.020000,391.970000
NaN,NaN,NaN,NaN,140.030000,391.970000
NaN,NaN,NaN,NaN,140.010000,391.960000
NaN,NaN,NaN,NaN,140.020000,391.970000
NaN,NaN,NaN,NaN,140.010000,391.970000
NaN,NaN,NaN,NaN,140.030000,391.970000
NaN,NaN,NaN,NaN,140.030000,391.960000
NaN,NaN,NaN,NaN,140.030000,391.960000
NaN,NaN,NaN,NaN,140.030000,391.950000
NaN,NaN,NaN,NaN,140.030000,391.950000
NaN,NaN,NaN,NaN,140.030000,391.950000
NaN,NaN,NaN,NaN,140.030000,391.950000
NaN,NaN,NaN,NaN,140.040000,391.950000
NaN,NaN,NaN,NaN,140.050000,391.940000
NaN,NaN,NaN,NaN,140.040000,391.950000
NaN,NaN,NaN,NaN,140.050000,391.940000
NaN,NaN,NaN,NaN,140.030000,391.940000
NaN,NaN,NaN,NaN,140.040000,391.940000
NaN,NaN,NaN,NaN,140.020000,391.940000
NaN,NaN,NaN,NaN,140.030000,391.940000
NaN,NaN,NaN,NaN,140.030000,391.930000
NaN,NaN,NaN,NaN,140.040000,391.930000
NaN,NaN,NaN,NaN,140.050000,391.930000
NaN,NaN,NaN,NaN,140.050000,391.930000
NaN,NaN,NaN,NaN,140.050000,391.930000
NaN,NaN,NaN,NaN,140.040000,391.930000
NaN,NaN,NaN,NaN,140.040000,391.930000
NaN,NaN,NaN,NaN,140.050000,391.930000
NaN,NaN,NaN,NaN,140.050000,391.940000
NaN,NaN,NaN,NaN,140.080000,391.940000
NaN,NaN,NaN,NaN,140.060000,391.950000
NaN,NaN,NaN,NaN,140.060000,391.940000
NaN,NaN,NaN,NaN,140.060000,391.930000
NaN,NaN,NaN,NaN,140.050000,391.920000
NaN,NaN,NaN,NaN,140.060000,391.930000
NaN,NaN,NaN,NaN,140.060000,391.920000
NaN,NaN,NaN,NaN,140.050000,391.920000
NaN,NaN,NaN,NaN,140.050000,391.920000
NaN,NaN,NaN,NaN,140.050000,391.920000
NaN,NaN,NaN,NaN,140.070000,391.910000
NaN,NaN,NaN,NaN,140.070000,391.900000
NaN,NaN,NaN,NaN,140.080000,391.910000
NaN,NaN,NaN,NaN,140.070000,391.900000
NaN,NaN,NaN,NaN,140.070000,391.910000
NaN,NaN,NaN,NaN,140.070000,391.890000
NaN,NaN,NaN,NaN,140.060000,391.910000
NaN,NaN,NaN,NaN,140.060000,391.900000
NaN,NaN,NaN,NaN,140.070000,391.890000
NaN,NaN,NaN,NaN,140.070000,391.890000
NaN,NaN,NaN,NaN,140.060000,391.890000
NaN,NaN,NaN,NaN,140.070000,391.880000
NaN,NaN,NaN,NaN,140.060000,391.870000
NaN,NaN,NaN,NaN,140.070000,391.880000
NaN,NaN,NaN,NaN,140.060000,391.870000
NaN,NaN,NaN,NaN,140.060000,391.870000
NaN,NaN,NaN,NaN,140.070000,391.860000
NaN,NaN,NaN,NaN,140.080000,391.870000
NaN,NaN,NaN,NaN,140.070000,391.860000
NaN,NaN,NaN,NaN,140.070000,391.860000
NaN,NaN,NaN,NaN,140.090000,391.850000
NaN,NaN,NaN,NaN,140.080000,391.850000
NaN,NaN,NaN,NaN,140.090000,391.840000
NaN,NaN,NaN,NaN,140.070000,391.840000
NaN,NaN,NaN,NaN,140.080000,391.840000
NaN,NaN,NaN,NaN,140.090000,391.840000
NaN,NaN,NaN,NaN,140.080000,391.830000
NaN,NaN,NaN,NaN,140.100000,391.830000
NaN,NaN,NaN,NaN,140.090000,391.820000
NaN,NaN,NaN,NaN,140.100000,391.830000
NaN,NaN,NaN,NaN,140.100000,391.820000
NaN,NaN,NaN,NaN,140.090000,391.830000
NaN,NaN,NaN,NaN,140.090000,391.830000
NaN,NaN,NaN,NaN,140.090000,391.830000
NaN,NaN,NaN,NaN,140.100000,391.820000
NaN,NaN,NaN,NaN,140.110000,391.830000
NaN,NaN,NaN,NaN,140.120000,391.810000
NaN,NaN,NaN,NaN,140.120000,391.800000
NaN,NaN,NaN,NaN,140.130000,391.800000
NaN,NaN,NaN,NaN,140.120000,391.800000
NaN,NaN,NaN,NaN,140.120000,391.810000
NaN,NaN,NaN,NaN,140.110000,391.800000
NaN,NaN,NaN,NaN,140.120000,391.800000
NaN,NaN,NaN,NaN,140.110000,391.780000
NaN,NaN,NaN,NaN,140.100000,391.800000
NaN,NaN,NaN,NaN,140.100000,391.810000
NaN,NaN,NaN,NaN,140.110000,391.800000
NaN,NaN,NaN,NaN,140.120000,391.800000
NaN,NaN,NaN,NaN,140.110000,391.790000
NaN,NaN,NaN,NaN,140.120000,391.790000
NaN,NaN,NaN,NaN,140.090000,391.770000
NaN,NaN,NaN,NaN,140.090000,391.770000
NaN,NaN,NaN,NaN,140.090000,391.780000
NaN,NaN,NaN,NaN,140.100000,391.770000
NaN,NaN,NaN,NaN,140.100000,391.770000
NaN,NaN,NaN,NaN,140.090000,391.770000
NaN,NaN,NaN,NaN,140.090000,391.770000
NaN,NaN,NaN,NaN,140.090000,391.760000
NaN,NaN,NaN,NaN,140.090000,391.760000
NaN,NaN,NaN,NaN,140.090000,391.770000
NaN,NaN,NaN,NaN,140.090000,391.770000
NaN,NaN,NaN,NaN,140.100000,391.760000
NaN,NaN,NaN,NaN,140.080000,391.760000
NaN,NaN,NaN,NaN,140.070000,391.760000
NaN,NaN,NaN,NaN,140.070000,391.770000
NaN,NaN,NaN,NaN,140.120000,391.770000
NaN,NaN,NaN,NaN,140.110000,391.760000
NaN,NaN,NaN,NaN,140.110000,391.780000
NaN,NaN,NaN,NaN,140.100000,391.780000
NaN,NaN,NaN,NaN,140.110000,391.790000
NaN,NaN,NaN,NaN,140.110000,391.790000
NaN,NaN,NaN,NaN,140.080000,391.790000
NaN,NaN,NaN,NaN,140.090000,391.780000
NaN,NaN,NaN,NaN,140.080000,391.790000
NaN,NaN,NaN,NaN,140.090000,391.800000
NaN,NaN,NaN,NaN,140.070000,391.800000
NaN,NaN,NaN,NaN,140.080000,391.800000
NaN,NaN,NaN,NaN,140.080000,391.780000
NaN,NaN,NaN,NaN,140.080000,391.790000
NaN,NaN,NaN,NaN,140.080000,391.790000
NaN,NaN,NaN,NaN,140.050000,391.770000
NaN,NaN,NaN,NaN,140.060000,391.770000
NaN,NaN,NaN,NaN,140.040000,391.770000
NaN,NaN,NaN,NaN,140.050000,391.780000
NaN,NaN,NaN,NaN,140.050000,391.770000
NaN,NaN,NaN,NaN,140.040000,391.790000
NaN,NaN,NaN,NaN,140.030000,391.770000
NaN,NaN,NaN,NaN,140.030000,391.780000
NaN,NaN,NaN,NaN,140.020000,391.770000
NaN,NaN,NaN,NaN,140.020000,391.750000
NaN,NaN,NaN,NaN,140.000000,391.760000
NaN,NaN,NaN,NaN,139.970000,391.760000
NaN,NaN,NaN,NaN,139.980000,391.740000
NaN,NaN,NaN,NaN,139.980000,391.720000
NaN,NaN,NaN,NaN,139.970000,391.710000
NaN,NaN,NaN,NaN,139.950000,391.740000
NaN,NaN,NaN,NaN,139.960000,391.740000
NaN,NaN,NaN,NaN,139.940000,391.740000
NaN,NaN,NaN,NaN,139.950000,391.740000
NaN,NaN,NaN,NaN,139.940000,391.730000
NaN,NaN,NaN,NaN,139.940000,391.740000
NaN,NaN,NaN,NaN,139.920000,391.740000
NaN,NaN,NaN,NaN,139.910000,391.740000
NaN,NaN,NaN,NaN,139.900000,391.730000
NaN,NaN,NaN,NaN,139.880000,391.720000
NaN,NaN,NaN,NaN,139.870000,391.700000
NaN,NaN,NaN,NaN,139.870000,391.720000
NaN,NaN,NaN,NaN,139.860000,391.700000
NaN,NaN,NaN,NaN,139.850000,391.720000
NaN,NaN,NaN,NaN,139.830000,391.720000
NaN,NaN,NaN,NaN,139.820000,391.730000
NaN,NaN,NaN,NaN,139.820000,391.720000
NaN,NaN,NaN,NaN,139.810000,391.700000
NaN,NaN,NaN,NaN,139.800000,391.710000
NaN,NaN,NaN,NaN,139.800000,391.710000
NaN,NaN,NaN,NaN,139.800000,391.700000
NaN,NaN,NaN,NaN,139.790000,391.680000
NaN,NaN,NaN,NaN,139.760000,391.690000
NaN,NaN,NaN,NaN,139.750000,391.680000
NaN,NaN,NaN,NaN,140.930016,386.616887
NaN,NaN,NaN,NaN,141.060000,386.850000
NaN,NaN,NaN,NaN,140.990000,386.770000
NaN,NaN,NaN,NaN,141.000000,386.990000
NaN,NaN,NaN,NaN,140.990000,386.990000
NaN,NaN,NaN,NaN,140.990000,386.980000
NaN,NaN,NaN,NaN,140.960000,386.980000
NaN,NaN,NaN,NaN,140.960000,386.970000
NaN,NaN,NaN,NaN,140.960000,386.960000
NaN,NaN,NaN,NaN,140.950000,386.950000
NaN,NaN,NaN,NaN,140.950000,386.940000
NaN,NaN,NaN,NaN,140.930000,386.940000
NaN,NaN,NaN,NaN,140.930000,386.940000
NaN,NaN,NaN,NaN,140.930000,386.930000
NaN,NaN,NaN,NaN,140.920000,386.920000
NaN,NaN,NaN,NaN,140.920000,386.910000
NaN,NaN,NaN,NaN,140.920000,386.900000
NaN,NaN,NaN,NaN,140.920000,386.890000
NaN,NaN,NaN,NaN,140.910000,386.900000
NaN,NaN,NaN,NaN,140.900000,386.890000
NaN,NaN,NaN,NaN,140.900000,386.890000
NaN,NaN,NaN,NaN,140.880000,386.890000
NaN,NaN,NaN,NaN,140.880000,386.870000
NaN,NaN,NaN,NaN,140.880000,386.860000
NaN,NaN,NaN,NaN,140.850000,386.850000
NaN,NaN,NaN,NaN,140.840000,386.840000
NaN,NaN,NaN,NaN,140.820000,386.820000
NaN,NaN,NaN,NaN,140.820000,386.810000
NaN,NaN,NaN,NaN,140.800000,386.810000
NaN,NaN,NaN,NaN,140.790000,386.790000
NaN,NaN,NaN,NaN,140.790000,386.780000
NaN,NaN,NaN,NaN,140.760000,386.770000
NaN,NaN,NaN,NaN,140.760000,386.760000
NaN,NaN,NaN,NaN,140.750000,386.760000
NaN,NaN,NaN,NaN,140.740000,386.760000
NaN,NaN,NaN,NaN,140.720000,386.750000
NaN,NaN,NaN,NaN,140.720000,386.730000
NaN,NaN,NaN,NaN,140.710000,386.740000
NaN,NaN,NaN,NaN,140.690000,386.750000
NaN,NaN,NaN,NaN,140.700000,386.760000
NaN,NaN,NaN,NaN,140.690000,386.760000
NaN,NaN,NaN,NaN,140.690000,386.760000
NaN,NaN,NaN,NaN,140.680000,386.760000
NaN,NaN,NaN,NaN,140.660000,386.770000
NaN,NaN,NaN,NaN,140.650000,386.780000
NaN,NaN,NaN,NaN,140.650000,386.780000
NaN,NaN,NaN,NaN,140.660000,386.790000
NaN,NaN,NaN,NaN,140.650000,386.790000
NaN,NaN,NaN,NaN,140.620000,386.800000
NaN,NaN,NaN,NaN,140.640000,386.790000
NaN,NaN,NaN,NaN,140.620000,386.790000
NaN,NaN,NaN,NaN,140.620000,386.800000
NaN,NaN,NaN,NaN,140.600000,386.790000
NaN,NaN,NaN,NaN,140.610000,386.800000
NaN,NaN,NaN,NaN,140.610000,386.810000
NaN,NaN,NaN,NaN,140.600000,386.810000
NaN,NaN,NaN,NaN,140.610000,386.810000
NaN,NaN,NaN,NaN,140.610000,386.820000
NaN,NaN,NaN,NaN,140.610000,386.810000
NaN,NaN,NaN,NaN,140.590000,386.810000
NaN,NaN,NaN,NaN,140.620000,386.830000
NaN,NaN,NaN,NaN,140.610000,386.840000
NaN,NaN,NaN,NaN,140.620000,386.840000
NaN,NaN,NaN,NaN,140.630000,386.850000
NaN,NaN,NaN,NaN,140.630000,386.860000
NaN,NaN,NaN,NaN,140.620000,386.860000
NaN,NaN,NaN,NaN,140.640000,386.870000
NaN,NaN,NaN,NaN,140.630000,386.880000
NaN,NaN,NaN,NaN,140.620000,386.880000
NaN,NaN,NaN,NaN,140.600000,386.870000
NaN,NaN,NaN,NaN,140.610000,386.860000
NaN,NaN,NaN,NaN,140.640000,386.870000
NaN,NaN,NaN,NaN,140.650000,386.880000
NaN,NaN,NaN,NaN,140.680000,386.880000
NaN,NaN,NaN,NaN,140.680000,386.900000
NaN,NaN,NaN,NaN,140.650000,386.920000
NaN,NaN,NaN,NaN,140.630000,386.920000
NaN,NaN,NaN,NaN,140.660000,386.930000
NaN,NaN,NaN,NaN,140.630000,386.940000
NaN,NaN,NaN,NaN,140.640000,386.950000
NaN,NaN,NaN,NaN,140.640000,386.950000
NaN,NaN,NaN,NaN,140.660000,386.960000
NaN,NaN,NaN,NaN,140.650000,386.960000
NaN,NaN,NaN,NaN,140.660000,386.960000
NaN,NaN,NaN,NaN,140.650000,386.960000
NaN,NaN,NaN,NaN,140.670000,386.960000
NaN,NaN,NaN,NaN,140.670000,386.970000
NaN,NaN,NaN,NaN,140.670000,386.960000
NaN,NaN,NaN,NaN,140.660000,386.950000
NaN,NaN,NaN,NaN,140.670000,386.950000
NaN,NaN,NaN,NaN,141.327285,381.276600
NaN,NaN,NaN,NaN,142.121822,379.496505
NaN,NaN,NaN,NaN,142.121822,379.496505
NaN,NaN,NaN,NaN,142.121822,379.496505
NaN,NaN,NaN,NaN,142.121822,379.496505
NaN,NaN,NaN,NaN,142.121822,378.161433
NaN,NaN,NaN,NaN,142.121822,378.161433
NaN,NaN,NaN,NaN,142.121822,378.161433
NaN,NaN,NaN,NaN,142.121822,378.161433
NaN,NaN,NaN,NaN,142.121822,378.161433
NaN,NaN,NaN,NaN,142.121822,378.161433
NaN,NaN,NaN,NaN,142.121822,378.161433
NaN,NaN,NaN,NaN,142.121822,378.161433
NaN,NaN,NaN,NaN,142.121822,377.271385
NaN,NaN,NaN,NaN,142.121822,377.271385
NaN,NaN,NaN,NaN,142.121822,377.271385
NaN,NaN,NaN,NaN,142.121822,377.271385
NaN,NaN,NaN,NaN,142.121822,377.271385
NaN,NaN,NaN,NaN,142.121822,377.271385
NaN,NaN,NaN,NaN,142.121822,377.271385
NaN,NaN,NaN,NaN,142.121822,377.271385
NaN,NaN,NaN,NaN,142.121822,377.271385
NaN,NaN,NaN,NaN,142.121822,377.271385
NaN,NaN,NaN,NaN,142.121822,377.271385
NaN,NaN,NaN,NaN,142.121822,377.271385
NaN,NaN,NaN,NaN,142.121822,377.271385
NaN,NaN,NaN,NaN,142.121822,377.271385
NaN,NaN,NaN,NaN,142.121822,377.271385
NaN,NaN,NaN,NaN,142.121822,377.271385
NaN,NaN,NaN,NaN,142.121822,377.271385
NaN,NaN,NaN,NaN,142.121822,377.271385
NaN,NaN,NaN,NaN,142.121822,377.271385
NaN,NaN,NaN,NaN,142.121822,377.271385
NaN,NaN,NaN,NaN,142.121822,377.271385
NaN,NaN,NaN,NaN,142.121822,377.271385
NaN,NaN,NaN,NaN,142.121822,377.271385
NaN,NaN,NaN,NaN,142.121822,377.271385
NaN,NaN,NaN,NaN,142.121822,377.271385
NaN,NaN,NaN,NaN,142.121822,377.271385
NaN,NaN,NaN,NaN,142.121822,377.271385
NaN,NaN,NaN,NaN,142.121822,377.271385
NaN,NaN,NaN,NaN,142.121822,377.271385
NaN,NaN,NaN,NaN,142.121822,376.826361
NaN,NaN,NaN,NaN,142.121822,376.826361
NaN,NaN,NaN,NaN,142.121822,376.826361
NaN,NaN,NaN,NaN,142.121822,376.826361
NaN,NaN,NaN,NaN,142.121822,376.826361
NaN,NaN,NaN,NaN,142.519091,376.381337
NaN,NaN,NaN,NaN,142.519091,376.381337
NaN,NaN,NaN,NaN,142.519091,376.381337
NaN,NaN,NaN,NaN,142.519091,376.381337
NaN,NaN,NaN,NaN,142.519091,376.381337
NaN,NaN,NaN,NaN,142.519091,375.936313
NaN,NaN,NaN,NaN,142.916360,375.046266
NaN,NaN,NaN,NaN,142.916360,375.046266
NaN,NaN,NaN,NaN,142.916360,375.046266
NaN,NaN,NaN,NaN,142.916360,375.046266
NaN,NaN,NaN,NaN,142.916360,375.046266
NaN,NaN,NaN,NaN,142.916360,375.046266
NaN,NaN,NaN,NaN,142.916360,375.046266
NaN,NaN,NaN,NaN,142.916360,375.046266
NaN,NaN,NaN,NaN,142.916360,375.046266
NaN,NaN,NaN,NaN,142.916360,375.046266
NaN,NaN,NaN,NaN,142.916360,375.046266
NaN,NaN,NaN,NaN,142.916360,375.046266
NaN,NaN,NaN,NaN,142.916360,375.046266
NaN,NaN,NaN,NaN,142.916360,375.046266
NaN,NaN,NaN,NaN,142.916360,375.046266
NaN,NaN,NaN,NaN,142.916360,375.046266
NaN,NaN,NaN,NaN,142.916360,375.046266
NaN,NaN,NaN,NaN,142.916360,375.046266
NaN,NaN,NaN,NaN,142.916360,375.046266
NaN,NaN,NaN,NaN,142.916360,375.046266
NaN,NaN,NaN,NaN,142.916360,375.046266
NaN,NaN,NaN,NaN,142.916360,375.046266
NaN,NaN,NaN,NaN,142.916360,375.046266
NaN,NaN,NaN,NaN,142.916360,375.046266
NaN,NaN,NaN,NaN,142.916360,375.046266
NaN,NaN,NaN,NaN,142.916360,375.046266
NaN,NaN,NaN,NaN,142.916360,375.046266
NaN,NaN,NaN,NaN,142.916360,375.046266
NaN,NaN,NaN,NaN,142.916360,375.046266
NaN,NaN,NaN,NaN,142.916360,375.046266
NaN,NaN,NaN,NaN,142.916360,375.046266
NaN,NaN,NaN,NaN,142.916360,375.046266
NaN,NaN,NaN,NaN,142.916360,375.046266
NaN,NaN,NaN,NaN,142.916360,375.046266
NaN,NaN,NaN,NaN,142.916360,375.046266
NaN,NaN,NaN,NaN,142.916360,375.046266
NaN,NaN,NaN,NaN,142.916360,375.046266
NaN,NaN,NaN,NaN,142.916360,375.046266
NaN,NaN,NaN,NaN,142.916360,375.046266
NaN,NaN,NaN,NaN,142.916360,375.046266
NaN,NaN,NaN,NaN,142.916360,375.046266
NaN,NaN,NaN,NaN,142.916360,375.046266
NaN,NaN,NaN,NaN,142.916360,375.046266
NaN,NaN,NaN,NaN,142.916360,375.046266
NaN,NaN,NaN,NaN,142.916360,375.046266
NaN,NaN,NaN,NaN,142.916360,375.046266
NaN,NaN,NaN,NaN,142.916360,375.046266
NaN,NaN,NaN,NaN,142.916360,375.046266
NaN,NaN,NaN,NaN,142.916360,375.046266
NaN,NaN,NaN,NaN,142.916360,375.046266
NaN,NaN,NaN,NaN,142.916360,375.046266
NaN,NaN,NaN,NaN,142.916360,375.046266
NaN,NaN,NaN,NaN,142.916360,375.046266
NaN,NaN,NaN,NaN,142.916360,375.046266
NaN,NaN,NaN,NaN,142.916360,375.046266
NaN,NaN,NaN,NaN,142.916360,375.046266
NaN,NaN,NaN,NaN,142.916360,375.046266
NaN,NaN,NaN,NaN,142.916360,375.046266
NaN,NaN,NaN,NaN,142.916360,375.046266
NaN,NaN,NaN,NaN,142.916360,375.046266
NaN,NaN,NaN,NaN,142.916360,375.046266
NaN,NaN,NaN,NaN,142.916360,375.046266
NaN,NaN,NaN,NaN,142.916360,375.046266
NaN,NaN,NaN,NaN,143.313629,375.046266
NaN,NaN,NaN,NaN,143.313629,375.046266
NaN,NaN,NaN,NaN,143.313629,375.046266
NaN,NaN,NaN,NaN,143.313629,375.046266
NaN,NaN,NaN,NaN,143.313629,375.046266
NaN,NaN,NaN,NaN,143.313629,375.046266
NaN,NaN,NaN,NaN,145.299973,375.491290
NaN,NaN,NaN,NaN,145.299973,375.491290
NaN,NaN,NaN,NaN,145.299973,375.491290
NaN,NaN,NaN,NaN,145.299973,375.491290
NaN,NaN,NaN,NaN,145.299973,375.491290
NaN,NaN,NaN,NaN,145.299973,375.936313
NaN,NaN,NaN,NaN,145.299973,375.936313
NaN,NaN,NaN,NaN,145.299973,375.491290
NaN,NaN,NaN,NaN,144.505435,375.046266
NaN,NaN,NaN,NaN,144.505435,374.601242
NaN,NaN,NaN,NaN,144.108166,374.601242
NaN,NaN,NaN,NaN,144.108166,374.601242
NaN,NaN,NaN,NaN,144.108166,374.601242
NaN,NaN,NaN,NaN,144.108166,374.601242
NaN,NaN,NaN,NaN,144.108166,374.601242
NaN,NaN,NaN,NaN,144.108166,374.601242
NaN,NaN,NaN,NaN,144.108166,374.601242
NaN,NaN,NaN,NaN,144.108166,374.601242
NaN,NaN,NaN,NaN,144.108166,374.601242
NaN,NaN,NaN,NaN,144.108166,374.601242
NaN,NaN,NaN,NaN,144.108166,374.601242
NaN,NaN,NaN,NaN,144.108166,374.601242
NaN,NaN,NaN,NaN,144.108166,374.601242
NaN,NaN,NaN,NaN,144.108166,374.601242
NaN,NaN,NaN,NaN,144.108166,374.601242
NaN,NaN,NaN,NaN,144.108166,374.601242
NaN,NaN,NaN,NaN,144.108166,374.601242
NaN,NaN,NaN,NaN,144.108166,374.601242
NaN,NaN,NaN,NaN,144.108166,374.601242
NaN,NaN,NaN,NaN,144.108166,374.601242
NaN,NaN,NaN,NaN,144.108166,374.601242
NaN,NaN,NaN,NaN,144.108166,374.601242
NaN,NaN,NaN,NaN,144.108166,374.601242
NaN,NaN,NaN,NaN,144.108166,374.601242
NaN,NaN,NaN,NaN,144.108166,374.601242
NaN,NaN,NaN,NaN,144.108166,374.601242
NaN,NaN,NaN,NaN,144.108166,374.601242
NaN,NaN,NaN,NaN,144.108166,374.601242
NaN,NaN,NaN,NaN,144.108166,374.601242
NaN,NaN,NaN,NaN,144.108166,374.601242
NaN,NaN,NaN,NaN,144.108166,374.601242
NaN,NaN,NaN,NaN,144.108166,374.601242
NaN,NaN,NaN,NaN,144.108166,374.601242
NaN,NaN,NaN,NaN,144.108166,374.601242
NaN,NaN,NaN,NaN,144.108166,374.601242
NaN,NaN,NaN,NaN,144.108166,374.601242
NaN,NaN,NaN,NaN,144.108166,374.601242
NaN,NaN,NaN,NaN,144.108166,374.601242
NaN,NaN,NaN,NaN,144.108166,374.601242
NaN,NaN,NaN,NaN,144.108166,374.601242
NaN,NaN,NaN,NaN,144.108166,374.601242
NaN,NaN,NaN,NaN,144.108166,374.601242
NaN,NaN,NaN,NaN,144.108166,374.601242
NaN,NaN,NaN,NaN,144.108166,373.266170
NaN,NaN,NaN,NaN,144.108166,373.266170
NaN,NaN,NaN,NaN,144.108166,373.266170
NaN,NaN,NaN,NaN,144.108166,373.266170
NaN,NaN,NaN,NaN,144.108166,372.821146
NaN,NaN,NaN,NaN,143.710897,371.931098
NaN,NaN,NaN,NaN,143.710897,371.486074
NaN,NaN,NaN,NaN,143.313629,371.041051
NaN,NaN,NaN,NaN,143.313629,370.596027
NaN,NaN,NaN,NaN,143.313629,370.596027
NaN,NaN,NaN,NaN,143.313629,370.596027
NaN,NaN,NaN,NaN,142.916360,369.260955
NaN,NaN,NaN,NaN,142.916360,369.260955
NaN,NaN,NaN,NaN,142.916360,369.260955
NaN,NaN,NaN,NaN,142.916360,368.815931
NaN,NaN,NaN,NaN,142.916360,368.815931
NaN,NaN,NaN,NaN,142.916360,368.815931
NaN,NaN,NaN,NaN,142.916360,368.815931
NaN,NaN,NaN,NaN,142.916360,368.815931
NaN,NaN,NaN,NaN,142.916360,367.925883
NaN,NaN,NaN,NaN,142.519091,367.480859
NaN,NaN,NaN,NaN,142.519091,367.480859
NaN,NaN,NaN,NaN,142.519091,367.480859
NaN,NaN,NaN,NaN,142.519091,367.035835
NaN,NaN,NaN,NaN,142.519091,367.035835
NaN,NaN,NaN,NaN,142.519091,367.035835
NaN,NaN,NaN,NaN,142.519091,367.035835
NaN,NaN,NaN,NaN,142.519091,367.035835
NaN,NaN,NaN,NaN,142.519091,367.035835
NaN,NaN,NaN,NaN,142.519091,367.035835
NaN,NaN,NaN,NaN,142.519091,367.035835
NaN,NaN,NaN,NaN,142.519091,367.035835
NaN,NaN,NaN,NaN,142.519091,367.035835
NaN,NaN,NaN,NaN,142.519091,367.035835
NaN,NaN,NaN,NaN,142.519091,367.035835
NaN,NaN,NaN,NaN,142.519091,367.035835
NaN,NaN,NaN,NaN,142.519091,367.035835
NaN,NaN,NaN,NaN,142.519091,367.035835
NaN,NaN,NaN,NaN,142.519091,367.035835
NaN,NaN,NaN,NaN,142.519091,367.035835
NaN,NaN,NaN,NaN,142.519091,367.035835
NaN,NaN,NaN,NaN,142.519091,367.035835
NaN,NaN,NaN,NaN,142.519091,367.035835
NaN,NaN,NaN,NaN,142.519091,367.035835
NaN,NaN,NaN,NaN,142.519091,367.035835
NaN,NaN,NaN,NaN,142.519091,367.035835
NaN,NaN,NaN,NaN,142.519091,367.035835
NaN,NaN,NaN,NaN,142.519091,367.035835
NaN,NaN,NaN,NaN,142.519091,367.035835
NaN,NaN,NaN,NaN,142.519091,367.035835
NaN,NaN,NaN,NaN,142.519091,367.035835
NaN,NaN,NaN,NaN,142.519091,367.035835
NaN,NaN,NaN,NaN,142.519091,367.035835
NaN,NaN,NaN,NaN,142.519091,367.035835
NaN,NaN,NaN,NaN,142.519091,367.035835
NaN,NaN,NaN,NaN,142.519091,367.035835
NaN,NaN,NaN,NaN,142.519091,367.035835
NaN,NaN,NaN,NaN,142.519091,367.035835
NaN,NaN,NaN,NaN,142.519091,367.035835
NaN,NaN,NaN,NaN,142.519091,367.035835
NaN,NaN,NaN,NaN,142.519091,367.035835
NaN,NaN,NaN,NaN,142.519091,367.035835
NaN,NaN,NaN,NaN,142.519091,367.035835
NaN,NaN,NaN,NaN,142.519091,367.035835
NaN,NaN,NaN,NaN,142.519091,367.035835
NaN,NaN,NaN,NaN,142.519091,367.035835
NaN,NaN,NaN,NaN,142.519091,367.035835
NaN,NaN,NaN,NaN,142.519091,367.035835
NaN,NaN,NaN,NaN,142.519091,367.035835
NaN,NaN,NaN,NaN,142.519091,367.035835
NaN,NaN,NaN,NaN,142.519091,367.035835
NaN,NaN,NaN,NaN,142.519091,367.035835
NaN,NaN,NaN,NaN,142.519091,367.035835
NaN,NaN,NaN,NaN,142.519091,367.035835
NaN,NaN,NaN,NaN,142.519091,367.035835
NaN,NaN,NaN,NaN,142.519091,367.035835
NaN,NaN,NaN,NaN,142.519091,367.035835
NaN,NaN,NaN,NaN,142.519091,367.035835
NaN,NaN,NaN,NaN,142.519091,367.035835
NaN,NaN,NaN,NaN,142.519091,367.035835
NaN,NaN,NaN,NaN,142.519091,367.035835
NaN,NaN,NaN,NaN,142.519091,367.035835
NaN,NaN,NaN,NaN,142.519091,367.035835
NaN,NaN,NaN,NaN,142.519091,367.035835
NaN,NaN,NaN,NaN,142.519091,367.035835
NaN,NaN,NaN,NaN,142.519091,367.035835
NaN,NaN,NaN,NaN,142.519091,367.035835
NaN,NaN,NaN,NaN,142.519091,367.035835
NaN,NaN,NaN,NaN,142.519091,367.035835
NaN,NaN,NaN,NaN,142.519091,367.035835
NaN,NaN,NaN,NaN,142.519091,367.035835
NaN,NaN,NaN,NaN,142.519091,367.035835
NaN,NaN,NaN,NaN,142.519091,367.035835
NaN,NaN,NaN,NaN,142.519091,367.035835
NaN,NaN,NaN,NaN,142.519091,367.035835
NaN,NaN,NaN,NaN,142.519091,367.035835
NaN,NaN,NaN,NaN,142.519091,367.035835
NaN,NaN,NaN,NaN,142.519091,367.035835
NaN,NaN,NaN,NaN,142.519091,367.035835
NaN,NaN,NaN,NaN,142.519091,367.035835
NaN,NaN,NaN,NaN,142.519091,367.035835
NaN,NaN,NaN,NaN,142.519091,367.035835
NaN,NaN,NaN,NaN,142.519091,367.035835
NaN,NaN,NaN,NaN,142.519091,367.035835
NaN,NaN,NaN,NaN,142.519091,367.035835
NaN,NaN,NaN,NaN,142.519091,367.035835
NaN,NaN,NaN,NaN,142.519091,367.035835
NaN,NaN,NaN,NaN,142.519091,367.035835
NaN,NaN,NaN,NaN,142.519091,367.035835
NaN,NaN,NaN,NaN,142.519091,367.035835
NaN,NaN,NaN,NaN,142.519091,367.035835
NaN,NaN,NaN,NaN,142.519091,367.035835
NaN,NaN,NaN,NaN,142.519091,367.035835
NaN,NaN,NaN,NaN,142.519091,367.035835
NaN,NaN,NaN,NaN,142.519091,367.035835
NaN,NaN,NaN,NaN,142.519091,367.035835
NaN,NaN,NaN,NaN,142.519091,367.035835
NaN,NaN,NaN,NaN,142.519091,367.035835
NaN,NaN,NaN,NaN,142.519091,367.035835
NaN,NaN,NaN,NaN,142.519091,367.035835
NaN,NaN,NaN,NaN,142.519091,367.035835
NaN,NaN,68.229830,302.507370,142.519091,367.035835
NaN,NaN,68.010000,303.000000,142.519091,367.035835
NaN,NaN,68.010000,303.000000,142.519091,367.035835
NaN,NaN,68.010000,303.010000,142.519091,367.035835
NaN,NaN,68.020000,303.010000,142.519091,367.035835
NaN,NaN,68.020000,303.010000,142.519091,367.035835
NaN,NaN,68.030000,303.000000,142.519091,367.035835
NaN,NaN,68.030000,303.000000,142.519091,367.035835
NaN,NaN,68.030000,303.010000,142.519091,367.035835
NaN,NaN,68.040000,303.010000,142.519091,367.035835
NaN,NaN,68.050000,302.990000,142.519091,367.035835
NaN,NaN,68.050000,303.000000,142.519091,367.035835
NaN,NaN,68.050000,303.000000,142.519091,367.035835
NaN,NaN,68.060000,303.000000,142.519091,367.035835
NaN,NaN,68.060000,303.000000,142.519091,367.035835
NaN,NaN,68.080000,303.000000,142.519091,367.035835
NaN,NaN,68.090000,303.000000,142.519091,367.035835
NaN,NaN,68.090000,303.000000,142.519091,367.035835
NaN,NaN,68.090000,303.000000,142.519091,367.035835
NaN,NaN,68.090000,303.010000,142.519091,367.035835
NaN,NaN,68.110000,303.000000,142.519091,367.035835
NaN,NaN,68.110000,303.000000,142.519091,367.035835
NaN,NaN,68.110000,303.010000,142.519091,367.035835
NaN,NaN,68.110000,303.000000,142.519091,367.035835
NaN,NaN,68.120000,303.000000,142.519091,367.035835
NaN,NaN,68.100000,302.980000,142.519091,367.035835
NaN,NaN,68.100000,302.970000,142.519091,367.035835
NaN,NaN,68.120000,302.980000,142.519091,367.035835
NaN,NaN,68.120000,302.980000,142.519091,367.035835
NaN,NaN,68.120000,302.970000,142.519091,367.035835
NaN,NaN,68.140000,302.950000,142.519091,367.035835
NaN,NaN,69.024367,302.507370,142.519091,367.035835
NaN,NaN,69.024367,302.507370,142.519091,367.035835
NaN,NaN,69.024367,302.507370,142.519091,367.035835
NaN,NaN,69.024367,303.842441,142.519091,367.035835
NaN,NaN,70.613442,303.842441,142.519091,367.035835
NaN,NaN,70.613442,303.842441,142.519091,367.035835
NaN,NaN,70.613442,303.842441,142.519091,367.035835
NaN,NaN,70.613442,304.732489,142.519091,367.035835
NaN,NaN,70.613442,304.732489,142.519091,367.035835
NaN,NaN,71.407980,305.622537,142.519091,367.035835
NaN,NaN,71.407980,305.622537,142.519091,367.035835
NaN,NaN,72.202518,307.402632,142.519091,367.035835
NaN,NaN,72.599786,307.402632,142.519091,367.035835
NaN,NaN,72.599786,307.402632,142.519091,367.035835
NaN,NaN,74.188861,307.847656,142.519091,367.035835
NaN,NaN,74.586130,308.292680,142.519091,367.035835
NaN,NaN,74.586130,308.292680,142.519091,367.035835
NaN,NaN,74.586130,308.292680,142.519091,367.035835
NaN,NaN,74.586130,308.292680,142.519091,367.035835
NaN,NaN,74.586130,308.292680,142.519091,367.035835
NaN,NaN,74.586130,308.292680,142.519091,367.035835
NaN,NaN,74.586130,308.292680,142.519091,367.035835
NaN,NaN,74.586130,308.292680,142.519091,367.035835
NaN,NaN,74.586130,308.292680,142.519091,367.035835
NaN,NaN,74.586130,308.292680,142.519091,367.035835
NaN,NaN,74.586130,308.292680,142.519091,367.035835
NaN,NaN,74.983399,308.292680,142.519091,367.035835
NaN,NaN,76.175205,308.292680,142.519091,367.035835
NaN,NaN,76.969743,308.292680,142.519091,367.035835
NaN,NaN,77.367012,308.292680,142.519091,367.035835
NaN,NaN,78.161549,308.737704,142.519091,367.035835
NaN,NaN,80.545162,310.517800,142.519091,367.035835
NaN,NaN,80.942431,310.962824,142.519091,367.035835
NaN,NaN,80.942431,310.962824,142.519091,367.035835
NaN,NaN,82.531506,311.407848,142.519091,367.035835
NaN,NaN,83.326043,311.407848,142.519091,367.035835
NaN,NaN,83.723312,311.407848,142.519091,367.035835
NaN,NaN,85.312387,312.297895,142.519091,367.035835
NaN,NaN,85.312387,312.297895,142.519091,367.035835
NaN,NaN,85.312387,312.297895,142.519091,367.035835
NaN,NaN,85.312387,312.297895,142.519091,367.035835
NaN,NaN,85.312387,312.742919,142.519091,367.035835
NaN,NaN,85.709656,313.187943,142.519091,367.035835
NaN,NaN,85.709656,313.187943,142.519091,367.035835
NaN,NaN,85.709656,313.187943,142.519091,367.035835
NaN,NaN,85.709656,313.187943,142.519091,367.035835
NaN,NaN,86.901462,313.632967,142.519091,367.035835
NaN,NaN,88.490537,314.523015,138.546403,363.920668
NaN,NaN,90.079613,315.413063,138.546403,363.920668
NaN,NaN,90.874150,316.303110,138.546403,363.920668
NaN,NaN,93.655032,317.638182,138.546403,363.920668
NaN,NaN,95.244107,318.973254,138.546403,363.920668
NaN,NaN,95.641375,319.418278,138.546403,363.920668
NaN,NaN,95.641375,319.418278,138.546403,363.920668
NaN,NaN,98.422257,321.198373,138.546403,363.920668
NaN,NaN,98.422257,321.198373,138.546403,363.920668
NaN,NaN,98.422257,321.198373,138.546403,363.920668
NaN,NaN,99.216794,321.198373,138.546403,363.920668
NaN,NaN,100.011332,321.198373,138.546403,363.920668
NaN,NaN,100.805870,321.643397,138.546403,363.920668
NaN,NaN,101.600407,321.643397,138.546403,363.920668
NaN,NaN,102.394945,322.533445,138.546403,363.920668
NaN,NaN,103.586751,322.978469,138.546403,363.920668
NaN,NaN,105.573095,324.313541,138.546403,363.920668
NaN,NaN,106.764901,324.758565,138.546403,363.920668
NaN,NaN,107.162170,324.758565,138.546403,363.920668
NaN,NaN,107.956708,325.203589,138.546403,363.920668
NaN,NaN,109.148514,325.203589,138.546403,362.140572
NaN,NaN,109.943051,325.203589,138.546403,362.140572
NaN,NaN,111.532127,325.648612,138.546403,362.140572
NaN,NaN,113.121202,326.538660,138.546403,362.140572
122.655652,321.643397,114.710277,326.538660,138.546403,362.585596
123.052921,321.643397,114.710277,326.538660,138.149135,359.470429
123.847459,322.088421,115.107546,326.538660,138.149135,359.470429
124.244727,322.978469,115.902083,326.538660,138.149135,359.470429
124.244727,323.423493,115.902083,326.538660,138.149135,359.470429
125.436534,325.203589,115.902083,326.538660,138.149135,359.470429
125.436534,325.203589,116.696621,326.538660,138.149135,359.470429
125.436534,326.093636,116.696621,326.538660,138.149135,359.470429
125.833803,327.873732,117.491158,326.538660,138.149135,359.470429
125.833803,327.873732,117.888427,326.538660,138.149135,359.470429
125.833803,327.873732,117.888427,326.983684,138.149135,359.470429
126.231071,328.318756,117.888427,326.983684,138.149135,359.470429
126.231071,328.318756,118.285696,326.983684,138.149135,359.470429
126.628340,328.763780,118.682965,326.983684,138.149135,359.470429
128.614684,330.543875,119.080233,326.983684,138.149135,359.470429
129.806490,331.878947,119.080233,326.983684,138.149135,359.470429
131.792834,332.768995,119.477502,327.428708,138.149135,359.470429
132.190103,333.214019,120.272040,327.873732,138.149135,359.470429
132.190103,333.214019,120.669308,327.873732,138.149135,359.470429
132.190103,333.214019,121.066577,328.318756,138.149135,359.470429
132.190103,334.549090,121.463846,328.763780,138.149135,359.470429
132.190103,335.884162,121.463846,328.763780,138.149135,359.470429
132.190103,335.884162,123.052921,329.208804,138.149135,359.470429
132.190103,337.664258,123.052921,329.208804,138.149135,359.470429
132.190103,337.664258,123.847459,329.653828,138.149135,359.470429
132.190103,338.999330,123.847459,329.653828,138.149135,359.470429
132.190103,338.999330,123.847459,329.653828,138.149135,359.470429
132.190103,338.999330,123.847459,329.653828,138.149135,359.470429
132.190103,338.999330,123.847459,329.653828,138.149135,359.470429
132.190103,338.999330,123.847459,329.653828,138.149135,359.470429
133.381909,339.889377,124.244727,330.098851,138.149135,359.470429
134.573716,342.559521,124.244727,330.543875,138.149135,359.470429
135.368253,343.894592,124.641996,330.543875,138.149135,359.470429
135.765522,346.564736,125.436534,330.988899,138.149135,359.470429
136.957328,348.344831,126.231071,330.988899,138.149135,359.470429
137.354597,349.234879,127.422878,331.433923,138.149135,359.470429
137.354597,349.679903,127.422878,331.433923,138.149135,359.470429
137.751866,350.124927,127.422878,331.433923,138.149135,359.470429
138.546403,351.905023,127.422878,331.433923,138.149135,359.470429
138.546403,351.905023,127.820146,331.433923,138.149135,359.470429
138.546403,353.240094,128.217415,331.433923,138.149135,359.470429
138.546403,354.575166,128.217415,331.433923,138.149135,359.470429
138.943672,354.575166,128.217415,331.433923,138.149135,359.470429
139.340941,354.575166,128.217415,331.433923,138.149135,359.470429
140.532747,356.355262,128.217415,332.323971,138.149135,359.470429
140.930016,356.355262,128.217415,332.323971,138.149135,359.470429
141.724554,356.355262,129.011953,334.104067,138.149135,359.470429
144.108166,356.800286,129.409222,334.104067,138.149135,359.470429
144.505435,356.800286,129.806490,334.549090,138.149135,359.470429
145.299973,358.135357,130.998297,334.994114,138.149135,359.470429
145.299973,358.135357,130.998297,334.994114,138.149135,359.470429
146.491779,359.025405,130.998297,335.884162,138.149135,359.470429
147.286316,359.025405,130.998297,336.329186,138.149135,359.470429
147.683585,359.470429,130.998297,336.329186,138.149135,359.470429
148.478123,359.915453,131.792834,336.774210,138.149135,359.470429
149.272660,360.360477,132.190103,336.774210,138.149135,359.470429
150.464467,363.030620,133.381909,337.219234,138.149135,359.470429
150.464467,363.475644,133.779178,337.219234,138.149135,359.470429
150.464467,364.810716,133.779178,337.219234,138.149135,359.470429
150.464467,365.255740,133.779178,337.219234,138.149135,359.470429
150.464467,366.145788,133.779178,337.219234,138.149135,359.470429
150.464467,366.145788,133.779178,337.219234,138.149135,359.470429
150.861735,367.035835,133.779178,337.219234,138.149135,359.470429
150.861735,367.925883,133.779178,337.219234,138.149135,359.470429
150.861735,369.260955,133.779178,337.219234,138.149135,359.470429
150.464467,371.041051,133.779178,337.219234,138.149135,359.470429
149.669929,371.931098,133.779178,337.219234,138.149135,359.470429
149.669929,372.376122,133.779178,337.219234,138.149135,359.470429
149.669929,372.821146,133.779178,338.109282,138.149135,359.470429
148.875392,373.266170,133.779178,338.109282,138.149135,359.470429
148.478123,374.601242,133.779178,338.109282,138.149135,359.470429
148.478123,374.601242,133.779178,338.109282,138.149135,359.470429
148.080854,375.491290,133.779178,338.554306,138.149135,359.470429
147.683585,375.936313,133.779178,338.554306,138.149135,359.470429
147.683585,375.936313,133.779178,338.554306,138.149135,359.470429
147.683585,375.936313,133.381909,338.109282,138.149135,359.470429
147.683585,375.936313,133.381909,338.109282,138.149135,359.470429
147.683585,375.936313,132.190103,337.664258,138.149135,359.470429
147.683585,375.936313,132.190103,337.664258,138.149135,359.470429
147.683585,375.936313,132.190103,337.664258,138.149135,359.470429
147.683585,375.936313,132.190103,337.664258,138.149135,359.470429
147.683585,375.936313,132.190103,337.664258,138.149135,359.470429
147.286316,375.936313,132.190103,337.664258,138.149135,359.470429
147.286316,374.601242,132.190103,337.664258,138.149135,359.470429
146.889048,371.041051,131.395565,337.219234,138.149135,359.470429
146.889048,371.041051,130.601028,337.219234,138.149135,359.470429
146.889048,370.596027,129.806490,336.329186,138.149135,359.470429
146.889048,368.815931,129.806490,336.329186,138.149135,359.470429
146.889048,368.370907,129.806490,336.329186,138.149135,359.470429
146.889048,367.480859,129.806490,336.329186,138.149135,359.470429
146.889048,366.145788,129.806490,336.329186,138.149135,359.470429
146.889048,364.810716,129.806490,336.329186,138.149135,359.470429
146.889048,363.030620,129.806490,336.329186,138.149135,359.470429
146.889048,362.585596,129.806490,336.329186,138.149135,359.470429
146.491779,362.140572,129.806490,336.329186,138.149135,359.470429
146.094510,360.805501,129.806490,336.329186,138.149135,359.470429
146.094510,359.915453,129.806490,336.329186,138.149135,359.470429
146.094510,359.915453,129.806490,336.329186,138.546403,358.135357
146.094510,359.915453,129.806490,336.329186,138.546403,357.690333
146.094510,359.915453,129.806490,336.329186,138.546403,357.690333
146.094510,359.470429,129.806490,336.329186,138.546403,357.690333
146.094510,359.470429,129.806490,336.329186,138.546403,357.690333
146.094510,359.470429,129.806490,336.329186,138.546403,357.690333
145.299973,358.135357,129.409222,336.329186,137.751866,358.580381
144.108166,358.135357,128.614684,336.329186,135.368253,359.470429
142.916360,357.690333,128.614684,336.329186,134.970984,359.915453
142.121822,357.690333,128.614684,336.329186,134.573716,360.360477
139.738210,357.690333,128.614684,336.329186,133.779178,360.360477
138.943672,357.690333,128.614684,336.329186,132.984641,359.915453
138.149135,357.690333,128.614684,336.329186,130.601028,362.140572
136.957328,357.690333,128.217415,335.439138,130.203759,362.585596
136.162791,357.690333,127.820146,335.439138,129.806490,363.920668
135.765522,357.690333,127.422878,335.439138,129.806490,363.920668
134.573716,357.245310,126.628340,334.549090,129.409222,364.365692
133.381909,355.910238,126.628340,334.549090,129.011953,359.470429
133.381909,355.910238,126.231071,334.549090,128.614684,360.360477
133.381909,355.465214,125.833803,333.659043,128.614684,360.360477
132.587372,354.575166,123.847459,332.768995,128.614684,360.360477
132.587372,354.130142,122.655652,332.323971,128.614684,359.915453
132.190103,351.459999,122.655652,332.323971,128.614684,358.580381
132.190103,350.569951,122.258384,331.433923,128.614684,357.690333
132.190103,349.679903,121.463846,330.098851,128.217415,357.245310
132.190103,349.679903,121.463846,330.098851,127.820146,355.910238
132.190103,347.899808,121.066577,328.763780,127.820146,354.575166
132.190103,347.009760,120.669308,328.318756,127.820146,354.575166
132.190103,346.119712,120.272040,327.873732,127.422878,353.240094
132.190103,345.229664,120.272040,327.873732,127.422878,353.240094
132.190103,344.784640,120.272040,327.873732,127.422878,352.350047
132.190103,343.449569,119.477502,326.538660,127.820146,352.350047
132.190103,343.004545,119.080233,326.538660,128.217415,350.569951
132.190103,343.004545,118.682965,326.093636,128.217415,349.679903
131.792834,340.779425,118.682965,326.093636,127.025609,346.119712
131.792834,338.109282,118.682965,326.093636,126.628340,343.449569
131.792834,338.109282,118.285696,325.648612,125.039265,343.004545
131.395565,336.329186,117.093889,324.758565,125.039265,342.559521
131.395565,334.994114,117.093889,324.758565,125.039265,342.559521
130.998297,333.214019,115.504814,323.868517,125.039265,342.114497
130.601028,329.653828,115.107546,322.978469,125.833803,340.779425
130.601028,328.318756,115.107546,322.978469,126.628340,338.109282
130.601028,327.873732,114.313008,322.533445,126.231071,335.884162
130.601028,326.538660,114.313008,322.533445,126.231071,335.884162
130.203759,324.758565,114.313008,322.533445,126.231071,335.439138
129.806490,322.978469,114.313008,322.088421,126.231071,333.659043
128.614684,320.308326,114.313008,322.088421,127.025609,332.768995
128.614684,318.083206,114.313008,322.088421,127.422878,330.988899
128.614684,314.968039,114.313008,321.198373,127.422878,330.988899
128.614684,312.297895,113.915739,320.308326,127.422878,330.543875
128.614684,309.182728,113.915739,319.418278,127.422878,330.098851
128.614684,308.737704,113.518470,318.528230,127.025609,328.763780
128.614684,307.847656,113.518470,317.638182,127.025609,328.318756
128.614684,306.957609,113.518470,317.193158,126.628340,325.648612
128.614684,305.622537,113.518470,317.193158,126.628340,325.203589
128.217415,303.397417,113.121202,317.193158,125.833803,323.423493
128.217415,302.507370,112.723933,316.748134,125.833803,323.423493
128.217415,300.727274,112.723933,315.858087,125.833803,322.088421
128.217415,299.837226,112.723933,315.858087,125.833803,321.643397
128.217415,299.837226,112.723933,315.413063,125.833803,319.863302
128.217415,298.947178,112.723933,314.968039,125.833803,319.418278
128.217415,298.947178,112.723933,314.077991,125.436534,317.193158
128.217415,298.947178,112.326664,312.297895,125.039265,316.303110
128.217415,298.947178,112.326664,309.182728,125.039265,314.523015
128.217415,298.947178,112.326664,309.182728,125.039265,313.187943
NaN,NaN,111.929395,308.292680,125.039265,312.297895
NaN,NaN,111.929395,308.292680,124.641996,310.072776
NaN,NaN,111.134858,306.067561,124.244727,307.402632
NaN,NaN,110.737589,305.622537,124.244727,306.957609
NaN,NaN,110.737589,305.622537,124.641996,306.957609
NaN,NaN,110.737589,305.622537,125.039265,306.512585
NaN,NaN,110.340320,305.622537,125.039265,306.067561
NaN,NaN,109.148514,305.177513,125.833803,304.732489
NaN,NaN,108.751245,304.287465,126.231071,304.732489
NaN,NaN,107.559439,302.952393,126.628340,304.287465
NaN,NaN,107.162170,302.062346,126.628340,303.397417
NaN,NaN,106.764901,300.282250,126.628340,301.617322
NaN,NaN,106.367632,298.947178,125.436534,297.612107
NaN,NaN,105.970364,297.612107,125.436534,297.612107
NaN,NaN,105.573095,296.722059,125.436534,297.612107
NaN,NaN,105.175826,296.277035,125.436534,297.167083
NaN,NaN,104.778557,295.386987,125.436534,296.722059
NaN,NaN,104.778557,294.941963,125.833803,295.832011
NaN,NaN,104.778557,294.051915,125.833803,295.832011
NaN,NaN,104.381289,292.716844,126.231071,295.832011
NaN,NaN,103.984020,291.826796,126.231071,295.832011
NaN,NaN,103.189482,290.936748,126.231071,295.832011
NaN,NaN,103.189482,288.711629,126.231071,295.832011
NaN,NaN,101.203138,286.041485,126.231071,295.832011
NaN,NaN,101.203138,285.596461,126.231071,295.832011
NaN,NaN,101.203138,283.816366,126.231071,295.386987
NaN,NaN,100.805870,283.371342,126.231071,295.386987
NaN,NaN,100.805870,282.926318,126.231071,294.941963
NaN,NaN,100.805870,282.926318,126.628340,294.051915
NaN,NaN,100.805870,282.926318,126.628340,294.051915
NaN,NaN,100.805870,282.926318,129.011953,291.826796
NaN,NaN,100.805870,282.926318,129.011953,291.826796
NaN,NaN,100.805870,281.591246,129.011953,291.826796
NaN,NaN,100.805870,281.591246,129.011953,291.826796
NaN,NaN,100.805870,281.591246,128.217415,288.266605
NaN,NaN,100.805870,281.591246,128.217415,288.266605
NaN,NaN,100.805870,281.591246,128.217415,288.266605
NaN,NaN,100.805870,281.591246,128.217415,288.266605
NaN,NaN,100.805870,281.591246,127.820146,287.821581
NaN,NaN,100.805870,281.591246,127.820146,287.821581
NaN,NaN,100.805870,281.591246,127.820146,287.821581
NaN,NaN,100.805870,281.591246,127.820146,287.821581
NaN,NaN,100.805870,281.591246,127.820146,287.821581
NaN,NaN,100.805870,281.591246,127.820146,287.821581
NaN,NaN,100.805870,281.591246,127.820146,287.821581
NaN,NaN,100.805870,281.591246,127.820146,287.821581
NaN,NaN,100.805870,281.591246,127.820146,287.821581
NaN,NaN,100.805870,281.591246,127.422878,287.821581
NaN,NaN,100.805870,281.591246,127.422878,287.821581
NaN,NaN,100.805870,281.591246,127.422878,287.821581
NaN,NaN,100.805870,281.591246,127.422878,287.821581
NaN,NaN,100.805870,281.591246,127.422878,287.821581
NaN,NaN,100.805870,281.591246,127.422878,287.821581
NaN,NaN,100.805870,281.591246,127.025609,286.931533
NaN,NaN,101.600407,281.146222,126.231071,286.931533
NaN,NaN,101.600407,281.146222,125.436534,285.596461
NaN,NaN,101.997676,281.146222,125.436534,285.151437
NaN,NaN,102.394945,280.701198,125.436534,284.706413
NaN,NaN,102.394945,280.701198,124.641996,284.706413
NaN,NaN,102.394945,280.701198,123.052921,289.601676
NaN,NaN,102.394945,280.701198,122.258384,289.156652
NaN,NaN,102.394945,280.701198,122.258384,289.156652
NaN,NaN,102.394945,280.701198,122.258384,289.156652
NaN,NaN,102.394945,280.701198,122.258384,289.156652
NaN,NaN,102.394945,280.701198,122.258384,289.156652
NaN,NaN,102.394945,280.701198,121.463846,290.491724
NaN,NaN,102.394945,280.701198,121.066577,290.046700
NaN,NaN,102.394945,280.701198,121.066577,290.046700
NaN,NaN,103.586751,280.701198,119.477502,290.491724
NaN,NaN,103.984020,280.701198,119.080233,290.491724
NaN,NaN,103.984020,280.701198,118.285696,290.491724
NaN,NaN,104.381289,280.701198,117.093889,290.936748
NaN,NaN,105.573095,280.256174,116.696621,290.936748
NaN,NaN,106.367632,279.811150,115.902083,291.381772
NaN,NaN,106.764901,279.811150,115.107546,291.381772
NaN,NaN,106.764901,279.811150,114.710277,290.936748
NaN,NaN,106.764901,279.811150,113.915739,290.936748
NaN,NaN,107.162170,279.811150,113.518470,290.046700
NaN,NaN,107.162170,279.811150,113.121202,290.046700
NaN,NaN,107.162170,279.811150,113.121202,290.046700
NaN,NaN,107.162170,279.811150,113.121202,290.046700
NaN,NaN,107.162170,279.811150,113.121202,290.046700
NaN,NaN,107.956708,279.811150,113.121202,290.046700
NaN,NaN,108.353976,279.811150,113.121202,290.046700
NaN,NaN,108.751245,279.811150,112.723933,290.046700
NaN,NaN,109.148514,279.811150,112.723933,290.046700
NaN,NaN,109.148514,279.811150,112.723933,290.491724
NaN,NaN,109.148514,279.811150,112.723933,290.491724
NaN,NaN,109.148514,279.811150,112.723933,290.046700
NaN,NaN,109.148514,279.811150,112.723933,289.601676
NaN,NaN,109.148514,279.811150,113.121202,289.156652
NaN,NaN,109.148514,279.811150,113.121202,288.711629
NaN,NaN,109.148514,279.811150,112.326664,288.266605
NaN,NaN,109.148514,279.811150,111.929395,287.376557
NaN,NaN,109.148514,279.811150,111.929395,287.376557
NaN,NaN,109.148514,279.811150,111.532127,286.931533
NaN,NaN,109.148514,279.811150,111.532127,286.931533
NaN,NaN,109.148514,279.811150,111.532127,286.931533
NaN,NaN,109.148514,279.811150,111.532127,286.931533
NaN,NaN,109.148514,279.811150,111.532127,286.931533
NaN,NaN,109.148514,279.811150,111.532127,286.931533
NaN,NaN,109.148514,279.811150,111.532127,286.931533
NaN,NaN,109.148514,279.811150,111.532127,286.931533
NaN,NaN,109.148514,279.811150,111.532127,286.931533
NaN,NaN,109.148514,279.811150,111.532127,286.931533
NaN,NaN,NaN,NaN,111.532127,286.931533
NaN,NaN,NaN,NaN,111.532127,286.931533
NaN,NaN,NaN,NaN,111.532127,286.931533
NaN,NaN,NaN,NaN,111.532127,286.486509
NaN,NaN,NaN,NaN,111.532127,286.486509
NaN,NaN,NaN,NaN,111.532127,285.596461
NaN,NaN,NaN,NaN,111.532127,285.596461
NaN,NaN,NaN,NaN,111.532127,285.596461
NaN,NaN,NaN,NaN,111.929395,285.596461
NaN,NaN,NaN,NaN,112.723933,285.151437
NaN,NaN,NaN,NaN,112.723933,284.706413
NaN,NaN,NaN,NaN,113.518470,283.816366
NaN,NaN,NaN,NaN,114.313008,284.261389
NaN,NaN,NaN,NaN,114.313008,284.261389
NaN,NaN,NaN,NaN,115.107546,284.261389
NaN,NaN,NaN,NaN,115.902083,282.926318
NaN,NaN,NaN,NaN,116.299352,282.481294
NaN,NaN,NaN,NaN,116.696621,281.591246
NaN,NaN,NaN,NaN,117.093889,281.591246
NaN,NaN,NaN,NaN,117.093889,281.591246
NaN,NaN,NaN,NaN,117.093889,281.591246
NaN,NaN,NaN,NaN,117.491158,281.591246
NaN,NaN,NaN,NaN,117.888427,280.701198
NaN,NaN,NaN,NaN,118.285696,280.256174
NaN,NaN,NaN,NaN,119.477502,279.366127
NaN,NaN,NaN,NaN,119.874771,279.366127
NaN,NaN,NaN,NaN,120.272040,279.366127
NaN,NaN,NaN,NaN,120.272040,279.366127
NaN,NaN,NaN,NaN,120.669308,279.366127
NaN,NaN,NaN,NaN,121.066577,279.366127
NaN,NaN,NaN,NaN,121.463846,279.366127
NaN,NaN,NaN,NaN,121.861115,279.366127
NaN,NaN,NaN,NaN,122.655652,279.366127
NaN,NaN,NaN,NaN,122.655652,279.366127
NaN,NaN,NaN,NaN,122.655652,279.366127
NaN,NaN,NaN,NaN,122.655652,279.366127
NaN,NaN,NaN,NaN,122.655652,279.366127
NaN,NaN,NaN,NaN,122.655652,279.366127
NaN,NaN,NaN,NaN,122.655652,279.366127
NaN,NaN,NaN,NaN,122.655652,279.366127
NaN,NaN,NaN,NaN,123.052921,279.366127
NaN,NaN,NaN,NaN,NaN,NaN
NaN,NaN,NaN,NaN,NaN,NaN
NaN,NaN,NaN,NaN,NaN,NaN
NaN,NaN,NaN,NaN,NaN,NaN
NaN,NaN,NaN,NaN,NaN,NaN
NaN,NaN,NaN,NaN,NaN,NaN
NaN,NaN,NaN,NaN,NaN,NaN
NaN,NaN,NaN,NaN,NaN,NaN
NaN,NaN,NaN,NaN,NaN,NaN
NaN,NaN,NaN,NaN,NaN,NaN
NaN,NaN,NaN,NaN,NaN,NaN
NaN,NaN,NaN,NaN,NaN,NaN
NaN,NaN,NaN,NaN,NaN,NaN
NaN,NaN,NaN,NaN,NaN,NaN
NaN,NaN,NaN,NaN,NaN,NaN
NaN,NaN,NaN,NaN,NaN,NaN
NaN,NaN,NaN,NaN,NaN,NaN
NaN,NaN,NaN,NaN,NaN,NaN
NaN,NaN,NaN,NaN,NaN,NaN
NaN,NaN,NaN,NaN,NaN,NaN
NaN,NaN,NaN,NaN,NaN,NaN
NaN,NaN,NaN,NaN,NaN,NaN
NaN,NaN,NaN,NaN,NaN,NaN
NaN,NaN,NaN,NaN,NaN,NaN
NaN,NaN,NaN,NaN,NaN,NaN
NaN,NaN,NaN,NaN,NaN,NaN
NaN,NaN,NaN,NaN,NaN,NaN
NaN,NaN,NaN,NaN,NaN,NaN
NaN,NaN,NaN,NaN,NaN,NaN
NaN,NaN,NaN,NaN,NaN,NaN
NaN,NaN,NaN,NaN,NaN,NaN
NaN,NaN,NaN,NaN,NaN,NaN
NaN,NaN,NaN,NaN,NaN,NaN
NaN,NaN,NaN,NaN,NaN,NaN
NaN,NaN,NaN,NaN,NaN,NaN
NaN,NaN,NaN,NaN,NaN,NaN
NaN,NaN,NaN,NaN,NaN,NaN
NaN,NaN,NaN,NaN,NaN,NaN
NaN,NaN,NaN,NaN,NaN,NaN
NaN,NaN,NaN,NaN,NaN,NaN
NaN,NaN,NaN,NaN,NaN,NaN
NaN,NaN,NaN,NaN,NaN,NaN
NaN,NaN,NaN,NaN,NaN,NaN
NaN,NaN,NaN,NaN,NaN,NaN
NaN,NaN,NaN,NaN,NaN,NaN
NaN,NaN,NaN,NaN,NaN,NaN
NaN,NaN,NaN,NaN,NaN,NaN
NaN,NaN,NaN,NaN,NaN,NaN
NaN,NaN,NaN,NaN,NaN,NaN
NaN,NaN,NaN,NaN,NaN,NaN
NaN,NaN,NaN,NaN,NaN,NaN
NaN,NaN,NaN,NaN,NaN,NaN
NaN,NaN,NaN,NaN,NaN,NaN
NaN,NaN,NaN,NaN,NaN,NaN
NaN,NaN,NaN,NaN,NaN,NaN
NaN,NaN,NaN,NaN,NaN,NaN
NaN,NaN,NaN,NaN,NaN,NaN
NaN,NaN,NaN,NaN,NaN,NaN
NaN,NaN,NaN,NaN,NaN,NaN
NaN,NaN,NaN,NaN,NaN,NaN
NaN,NaN,NaN,NaN,NaN,NaN
NaN,NaN,NaN,NaN,NaN,NaN
NaN,NaN,NaN,NaN,NaN,NaN
NaN,NaN,NaN,NaN,NaN,NaN
NaN,NaN,NaN,NaN,NaN,NaN
NaN,NaN,NaN,NaN,NaN,NaN
NaN,NaN,NaN,NaN,NaN,NaN
NaN,NaN,NaN,NaN,NaN,NaN
NaN,NaN,NaN,NaN,NaN,NaN
NaN,NaN,NaN,NaN,NaN,NaN
NaN,NaN,NaN,NaN,NaN,NaN
NaN,NaN,NaN,NaN,NaN,NaN
NaN,NaN,NaN,NaN,NaN,NaN
NaN,NaN,NaN,NaN,NaN,NaN
NaN,NaN,NaN,NaN,NaN,NaN
NaN,NaN,NaN,NaN,NaN,NaN
NaN,NaN,NaN,NaN,NaN,NaN
NaN,NaN,NaN,NaN,NaN,NaN
NaN,NaN,NaN,NaN,NaN,NaN
NaN,NaN,NaN,NaN,NaN,NaN
NaN,NaN,NaN,NaN,NaN,NaN
NaN,NaN,NaN,NaN,NaN,NaN
NaN,NaN,NaN,NaN,NaN,NaN
NaN,NaN,NaN,NaN,NaN,NaN
NaN,NaN,NaN,NaN,NaN,NaN
NaN,NaN,NaN,NaN,NaN,NaN
NaN,NaN,NaN,NaN,NaN,NaN
NaN,NaN,NaN,NaN,NaN,NaN
NaN,NaN,NaN,NaN,NaN,NaN
NaN,NaN,NaN,NaN,NaN,NaN
NaN,NaN,NaN,NaN,NaN,NaN
NaN,NaN,NaN,NaN,NaN,NaN
NaN,NaN,NaN,NaN,NaN,NaN
NaN,NaN,NaN,NaN,NaN,NaN
NaN,NaN,NaN,NaN,NaN,NaN
NaN,NaN,NaN,NaN,NaN,NaN
NaN,NaN,NaN,NaN,NaN,NaN
NaN,NaN,NaN,NaN,NaN,NaN
NaN,NaN,NaN,NaN,NaN,NaN
NaN,NaN,NaN,NaN,NaN,NaN
NaN,NaN,NaN,NaN,NaN,NaN
NaN,NaN,NaN,NaN,NaN,NaN
NaN,NaN,NaN,NaN,NaN,NaN
NaN,NaN,NaN,NaN,NaN,NaN
NaN,NaN,NaN,NaN,NaN,NaN
NaN,NaN,NaN,NaN,NaN,NaN
NaN,NaN,NaN,NaN,NaN,NaN
NaN,NaN,NaN,NaN,NaN,NaN
NaN,NaN,NaN,NaN,NaN,NaN
NaN,NaN,NaN,NaN,NaN,NaN
NaN,NaN,NaN,NaN,NaN,NaN
NaN,NaN,NaN,NaN,NaN,NaN
NaN,NaN,NaN,NaN,NaN,NaN
NaN,NaN,NaN,NaN,NaN,NaN
NaN,NaN,NaN,NaN,NaN,NaN
NaN,NaN,NaN,NaN,NaN,NaN
NaN,NaN,NaN,NaN,NaN,NaN
NaN,NaN,NaN,NaN,NaN,NaN
NaN,NaN,NaN,NaN,NaN,NaN
NaN,NaN,NaN,NaN,NaN,NaN
NaN,NaN,NaN,NaN,NaN,NaN
NaN,NaN,NaN,NaN,NaN,NaN
NaN,NaN,NaN,NaN,NaN,NaN
NaN,NaN,NaN,NaN,NaN,NaN
NaN,NaN,NaN,NaN,NaN,NaN
NaN,NaN,NaN,NaN,NaN,NaN
NaN,NaN,NaN,NaN,NaN,NaN
NaN,NaN,NaN,NaN,NaN,NaN
NaN,NaN,NaN,NaN,NaN,NaN
NaN,NaN,NaN,NaN,NaN,NaN
NaN,NaN,NaN,NaN,NaN,NaN
NaN,NaN,NaN,NaN,NaN,NaN
NaN,NaN,NaN,NaN,NaN,NaN
NaN,NaN,NaN,NaN,NaN,NaN
NaN,NaN,NaN,NaN,NaN,NaN
NaN,NaN,NaN,NaN,NaN,NaN
NaN,NaN,NaN,NaN,NaN,NaN
NaN,NaN,NaN,NaN,NaN,NaN
NaN,NaN,NaN,NaN,NaN,NaN
NaN,NaN,NaN,NaN,NaN,NaN
NaN,NaN,NaN,NaN,NaN,NaN
NaN,NaN,NaN,NaN,NaN,NaN
NaN,NaN,NaN,NaN,NaN,NaN
NaN,NaN,NaN,NaN,NaN,NaN
NaN,NaN,NaN,NaN,NaN,NaN
NaN,NaN,NaN,NaN,NaN,NaN
NaN,NaN,NaN,NaN,NaN,NaN
NaN,NaN,NaN,NaN,NaN,NaN
NaN,NaN,NaN,NaN,NaN,NaN
NaN,NaN,NaN,NaN,NaN,NaN
NaN,NaN,NaN,NaN,NaN,NaN
NaN,NaN,NaN,NaN,NaN,NaN
NaN,NaN,NaN,NaN,NaN,NaN
NaN,NaN,NaN,NaN,NaN,NaN
NaN,NaN,NaN,NaN,NaN,NaN
NaN,NaN,NaN,NaN,NaN,NaN
NaN,NaN,NaN,NaN,NaN,NaN
NaN,NaN,NaN,NaN,NaN,NaN
NaN,NaN,NaN,NaN,NaN,NaN
NaN,NaN,NaN,NaN,NaN,NaN
NaN,NaN,NaN,NaN,NaN,NaN
NaN,NaN,NaN,NaN,NaN,NaN
NaN,NaN,NaN,NaN,NaN,NaN
NaN,NaN,NaN,NaN,NaN,NaN
NaN,NaN,NaN,NaN,NaN,NaN
NaN,NaN,NaN,NaN,NaN,NaN
NaN,NaN,NaN,NaN,NaN,NaN
NaN,NaN,NaN,NaN,NaN,NaN
NaN,NaN,NaN,NaN,NaN,NaN
NaN,NaN,NaN,NaN,NaN,NaN
NaN,NaN,NaN,NaN,NaN,NaN
NaN,NaN,NaN,NaN,NaN,NaN
NaN,NaN,NaN,NaN,NaN,NaN
NaN,NaN,NaN,NaN,NaN,NaN
NaN,NaN,NaN,NaN,NaN,NaN
NaN,NaN,NaN,NaN,NaN,NaN
NaN,NaN,NaN,NaN,NaN,NaN
NaN,NaN,NaN,NaN,NaN,NaN
NaN,NaN,NaN,NaN,NaN,NaN
NaN,NaN,NaN,NaN,NaN,NaN
NaN,NaN,NaN,NaN,NaN,NaN
NaN,NaN,NaN,NaN,NaN,NaN
NaN,NaN,NaN,NaN,NaN,NaN
NaN,NaN,NaN,NaN,NaN,NaN
NaN,NaN,NaN,NaN,NaN,NaN
NaN,NaN,NaN,NaN,NaN,NaN
NaN,NaN,NaN,NaN,NaN,NaN
NaN,NaN,NaN,NaN,NaN,NaN
NaN,NaN,NaN,NaN,NaN,NaN
NaN,NaN,NaN,NaN,NaN,NaN
NaN,NaN,NaN,NaN,NaN,NaN
NaN,NaN,NaN,NaN,NaN,NaN
NaN,NaN,NaN,NaN,NaN,NaN
NaN,NaN,NaN,NaN,NaN,NaN
NaN,NaN,NaN,NaN,NaN,NaN
NaN,NaN,NaN,NaN,NaN,NaN
NaN,NaN,NaN,NaN,NaN,NaN
NaN,NaN,NaN,NaN,NaN,NaN
NaN,NaN,NaN,NaN,NaN,NaN
NaN,NaN,NaN,NaN,NaN,NaN
NaN,NaN,NaN,NaN,NaN,NaN
NaN,NaN,NaN,NaN,NaN,NaN
NaN,NaN,NaN,NaN,NaN,NaN
NaN,NaN,NaN,NaN,NaN,NaN
NaN,NaN,NaN,NaN,NaN,NaN
NaN,NaN,NaN,NaN,NaN,NaN
NaN,NaN,NaN,NaN,NaN,NaN
NaN,NaN,NaN,NaN,NaN,NaN
NaN,NaN,NaN,NaN,NaN,NaN
NaN,NaN,NaN,NaN,NaN,NaN
NaN,NaN,NaN,NaN,NaN,NaN
NaN,NaN,NaN,NaN,NaN,NaN
NaN,NaN,NaN,NaN,NaN,NaN
NaN,NaN,NaN,NaN,NaN,NaN
NaN,NaN,NaN,NaN,NaN,NaN
NaN,NaN,NaN,NaN,NaN,NaN
NaN,NaN,NaN,NaN,NaN,NaN
NaN,NaN,NaN,NaN,NaN,NaN
NaN,NaN,NaN,NaN,NaN,NaN
NaN,NaN,NaN,NaN,NaN,NaN
NaN,NaN,NaN,NaN,NaN,NaN
NaN,NaN,NaN,NaN,NaN,NaN
NaN,NaN,NaN,NaN,NaN,NaN
NaN,NaN,NaN,NaN,NaN,NaN
NaN,NaN,NaN,NaN,NaN,NaN
NaN,NaN,NaN,NaN,NaN,NaN
NaN,NaN,NaN,NaN,NaN,NaN
NaN,NaN,NaN,NaN,NaN,NaN
NaN,NaN,NaN,NaN,NaN,NaN
NaN,NaN,NaN,NaN,NaN,NaN
NaN,NaN,NaN,NaN,NaN,NaN
NaN,NaN,NaN,NaN,NaN,NaN
NaN,NaN,NaN,NaN,NaN,NaN
NaN,NaN,NaN,NaN,NaN,NaN
NaN,NaN,NaN,NaN,NaN,NaN
NaN,NaN,NaN,NaN,NaN,NaN
NaN,NaN,NaN,NaN,NaN,NaN
NaN,NaN,NaN,NaN,NaN,NaN
NaN,NaN,NaN,NaN,NaN,NaN
NaN,NaN,NaN,NaN,NaN,NaN
NaN,NaN,NaN,NaN,NaN,NaN
NaN,NaN,NaN,NaN,NaN,NaN
NaN,NaN,NaN,NaN,NaN,NaN
NaN,NaN,NaN,NaN,NaN,NaN
NaN,NaN,NaN,NaN,NaN,NaN
NaN,NaN,NaN,NaN,NaN,NaN
NaN,NaN,NaN,NaN,NaN,NaN
NaN,NaN,NaN,NaN,NaN,NaN
NaN,NaN,NaN,NaN,NaN,NaN
NaN,NaN,NaN,NaN,NaN,NaN
NaN,NaN,NaN,NaN,NaN,NaN
NaN,NaN,NaN,NaN,NaN,NaN
NaN,NaN,NaN,NaN,NaN,NaN
NaN,NaN,NaN,NaN,NaN,NaN
NaN,NaN,NaN,NaN,NaN,NaN
NaN,NaN,NaN,NaN,NaN,NaN
NaN,NaN,NaN,NaN,NaN,NaN
NaN,NaN,NaN,NaN,NaN,NaN
NaN,NaN,NaN,NaN,NaN,NaN
NaN,NaN,NaN,NaN,NaN,NaN
NaN,NaN,NaN,NaN,NaN,NaN
NaN,NaN,NaN,NaN,NaN,NaN
NaN,NaN,NaN,NaN,NaN,NaN
NaN,NaN,NaN,NaN,NaN,NaN
NaN,NaN,NaN,NaN,NaN,NaN
NaN,NaN,NaN,NaN,NaN,NaN
NaN,NaN,NaN,NaN,NaN,NaN
NaN,NaN,NaN,NaN,NaN,NaN
NaN,NaN,NaN,NaN,NaN,NaN
NaN,NaN,NaN,NaN,NaN,NaN
NaN,NaN,NaN,NaN,NaN,NaN
NaN,NaN,NaN,NaN,NaN,NaN
NaN,NaN,NaN,NaN,NaN,NaN
NaN,NaN,NaN,NaN,NaN,NaN
NaN,NaN,NaN,NaN,NaN,NaN
NaN,NaN,NaN,NaN,NaN,NaN
NaN,NaN,NaN,NaN,NaN,NaN
NaN,NaN,NaN,NaN,NaN,NaN
NaN,NaN,NaN,NaN,NaN,NaN
NaN,NaN,NaN,NaN,NaN,NaN
NaN,NaN,NaN,NaN,NaN,NaN
NaN,NaN,NaN,NaN,NaN,NaN
NaN,NaN,NaN,NaN,NaN,NaN
NaN,NaN,NaN,NaN,NaN,NaN
NaN,NaN,NaN,NaN,NaN,NaN
NaN,NaN,NaN,NaN,NaN,NaN
NaN,NaN,NaN,NaN,NaN,NaN
NaN,NaN,NaN,NaN,NaN,NaN
NaN,NaN,NaN,NaN,NaN,NaN
NaN,NaN,NaN,NaN,NaN,NaN
NaN,NaN,NaN,NaN,NaN,NaN
NaN,NaN,NaN,NaN,NaN,NaN
NaN,NaN,NaN,NaN,NaN,NaN
NaN,NaN,NaN,NaN,NaN,NaN
NaN,NaN,NaN,NaN,NaN,NaN
NaN,NaN,NaN,NaN,NaN,NaN
NaN,NaN,NaN,NaN,NaN,NaN
NaN,NaN,NaN,NaN,NaN,NaN
NaN,NaN,NaN,NaN,NaN,NaN
NaN,NaN,NaN,NaN,NaN,NaN
NaN,NaN,NaN,NaN,NaN,NaN
NaN,NaN,NaN,NaN,NaN,NaN
NaN,NaN,NaN,NaN,NaN,NaN
NaN,NaN,NaN,NaN,NaN,NaN
NaN,NaN,NaN,NaN,NaN,NaN
NaN,NaN,NaN,NaN,NaN,NaN
NaN,NaN,NaN,NaN,NaN,NaN
NaN,NaN,NaN,NaN,NaN,NaN
NaN,NaN,NaN,NaN,NaN,NaN
NaN,NaN,NaN,NaN,NaN,NaN
NaN,NaN,NaN,NaN,NaN,NaN
NaN,NaN,NaN,NaN,NaN,NaN
NaN,NaN,NaN,NaN,NaN,NaN
NaN,NaN,NaN,NaN,NaN,NaN
NaN,NaN,NaN,NaN,NaN,NaN
NaN,NaN,NaN,NaN,NaN,NaN
NaN,NaN,NaN,NaN,NaN,NaN
NaN,NaN,NaN,NaN,NaN,NaN
NaN,NaN,NaN,NaN,NaN,NaN
NaN,NaN,NaN,NaN,NaN,NaN
NaN,NaN,NaN,NaN,NaN,NaN
NaN,NaN,NaN,NaN,NaN,NaN
NaN,NaN,NaN,NaN,NaN,NaN
NaN,NaN,NaN,NaN,NaN,NaN
NaN,NaN,NaN,NaN,NaN,NaN
NaN,NaN,NaN,NaN,NaN,NaN
NaN,NaN,NaN,NaN,NaN,NaN
NaN,NaN,NaN,NaN,NaN,NaN
NaN,NaN,NaN,NaN,NaN,NaN
NaN,NaN,NaN,NaN,NaN,NaN
NaN,NaN,NaN,NaN,NaN,NaN
NaN,NaN,NaN,NaN,NaN,NaN
NaN,NaN,NaN,NaN,NaN,NaN
NaN,NaN,NaN,NaN,NaN,NaN
NaN,NaN,NaN,NaN,NaN,NaN
NaN,NaN,NaN,NaN,NaN,NaN
NaN,NaN,NaN,NaN,NaN,NaN
NaN,NaN,NaN,NaN,NaN,NaN
NaN,NaN,NaN,NaN,NaN,NaN
NaN,NaN,NaN,NaN,NaN,NaN
NaN,NaN,NaN,NaN,NaN,NaN
NaN,NaN,NaN,NaN,NaN,NaN
NaN,NaN,NaN,NaN,NaN,NaN
NaN,NaN,NaN,NaN,NaN,NaN
NaN,NaN,NaN,NaN,NaN,NaN
NaN,NaN,NaN,NaN,NaN,NaN
NaN,NaN,NaN,NaN,NaN,NaN
NaN,NaN,NaN,NaN,NaN,NaN
NaN,NaN,NaN,NaN,NaN,NaN
NaN,NaN,NaN,NaN,NaN,NaN
NaN,NaN,NaN,NaN,NaN,NaN
NaN,NaN,NaN,NaN,NaN,NaN
NaN,NaN,NaN,NaN,NaN,NaN
NaN,NaN,NaN,NaN,NaN,NaN
NaN,NaN,NaN,NaN,NaN,NaN
NaN,NaN,NaN,NaN,NaN,NaN
NaN,NaN,NaN,NaN,NaN,NaN
NaN,NaN,NaN,NaN,NaN,NaN
NaN,NaN,NaN,NaN,NaN,NaN
NaN,NaN,NaN,NaN,NaN,NaN
NaN,NaN,NaN,NaN,NaN,NaN
NaN,NaN,NaN,NaN,NaN,NaN
NaN,NaN,NaN,NaN,NaN,NaN
NaN,NaN,NaN,NaN,NaN,NaN
NaN,NaN,NaN,NaN,NaN,NaN
NaN,NaN,NaN,NaN,NaN,NaN
