pt1_cam1_X,pt1_cam1_Y,pt2_cam1_X,pt2_cam1_Y,pt3_cam1_X,pt3_cam1_Y
NaN,NaN,NaN,NaN,NaN,NaN
NaN,NaN,NaN,NaN,NaN,NaN
NaN,NaN,NaN,NaN,NaN,NaN
NaN,NaN,NaN,NaN,NaN,NaN
NaN,NaN,NaN,NaN,NaN,NaN
NaN,NaN,NaN,NaN,NaN,NaN
NaN,NaN,NaN,NaN,NaN,NaN
NaN,NaN,NaN,NaN,NaN,NaN
NaN,NaN,NaN,NaN,NaN,NaN
NaN,NaN,NaN,NaN,NaN,NaN
NaN,NaN,NaN,NaN,NaN,NaN
NaN,NaN,NaN,NaN,NaN,NaN
NaN,NaN,NaN,NaN,NaN,NaN
NaN,NaN,NaN,NaN,NaN,NaN
NaN,NaN,NaN,NaN,NaN,NaN
NaN,NaN,NaN,NaN,NaN,NaN
NaN,NaN,NaN,NaN,NaN,NaN
NaN,NaN,NaN,NaN,NaN,NaN
NaN,NaN,NaN,NaN,NaN,NaN
NaN,NaN,NaN,NaN,NaN,NaN
NaN,NaN,NaN,NaN,NaN,NaN
NaN,NaN,NaN,NaN,NaN,NaN
NaN,NaN,NaN,NaN,NaN,NaN
NaN,NaN,NaN,NaN,NaN,NaN
NaN,NaN,NaN,NaN,NaN,NaN
NaN,NaN,NaN,NaN,NaN,NaN
NaN,NaN,NaN,NaN,NaN,NaN
NaN,NaN,NaN,NaN,NaN,NaN
NaN,NaN,NaN,NaN,NaN,NaN
NaN,NaN,NaN,NaN,NaN,NaN
NaN,NaN,NaN,NaN,NaN,NaN
NaN,NaN,NaN,NaN,NaN,NaN
NaN,NaN,NaN,NaN,NaN,NaN
NaN,NaN,NaN,NaN,NaN,NaN
NaN,NaN,NaN,NaN,NaN,NaN
NaN,NaN,NaN,NaN,NaN,NaN
NaN,NaN,NaN,NaN,NaN,NaN
NaN,NaN,NaN,NaN,NaN,NaN
NaN,NaN,NaN,NaN,NaN,NaN
NaN,NaN,NaN,NaN,NaN,NaN
NaN,NaN,NaN,NaN,NaN,NaN
NaN,NaN,NaN,NaN,NaN,NaN
NaN,NaN,NaN,NaN,NaN,NaN
NaN,NaN,NaN,NaN,NaN,NaN
NaN,NaN,NaN,NaN,NaN,NaN
NaN,NaN,NaN,NaN,NaN,NaN
NaN,NaN,NaN,NaN,NaN,NaN
NaN,NaN,NaN,NaN,NaN,NaN
NaN,NaN,NaN,NaN,NaN,NaN
NaN,NaN,NaN,NaN,NaN,NaN
NaN,NaN,NaN,NaN,NaN,NaN
NaN,NaN,NaN,NaN,NaN,NaN
NaN,NaN,NaN,NaN,NaN,NaN
NaN,NaN,NaN,NaN,NaN,NaN
NaN,NaN,NaN,NaN,NaN,NaN
NaN,NaN,NaN,NaN,NaN,NaN
NaN,NaN,NaN,NaN,NaN,NaN
NaN,NaN,NaN,NaN,NaN,NaN
NaN,NaN,NaN,NaN,NaN,NaN
NaN,NaN,NaN,NaN,NaN,NaN
NaN,NaN,NaN,NaN,NaN,NaN
NaN,NaN,NaN,NaN,NaN,NaN
NaN,NaN,NaN,NaN,NaN,NaN
NaN,NaN,NaN,NaN,NaN,NaN
NaN,NaN,NaN,NaN,NaN,NaN
NaN,NaN,NaN,NaN,NaN,NaN
NaN,NaN,NaN,NaN,NaN,NaN
NaN,NaN,NaN,NaN,NaN,NaN
NaN,NaN,NaN,NaN,NaN,NaN
NaN,NaN,NaN,NaN,NaN,NaN
NaN,NaN,NaN,NaN,NaN,NaN
NaN,NaN,NaN,NaN,NaN,NaN
NaN,NaN,NaN,NaN,NaN,NaN
NaN,NaN,NaN,NaN,NaN,NaN
NaN,NaN,NaN,NaN,NaN,NaN
NaN,NaN,NaN,NaN,NaN,NaN
NaN,NaN,NaN,NaN,NaN,NaN
NaN,NaN,NaN,NaN,NaN,NaN
NaN,NaN,NaN,NaN,NaN,NaN
NaN,NaN,NaN,NaN,NaN,NaN
NaN,NaN,NaN,NaN,NaN,NaN
NaN,NaN,NaN,NaN,NaN,NaN
NaN,NaN,NaN,NaN,NaN,NaN
NaN,NaN,NaN,NaN,NaN,NaN
NaN,NaN,NaN,NaN,NaN,NaN
NaN,NaN,NaN,NaN,NaN,NaN
NaN,NaN,NaN,NaN,NaN,NaN
NaN,NaN,NaN,NaN,NaN,NaN
NaN,NaN,NaN,NaN,NaN,NaN
NaN,NaN,NaN,NaN,NaN,NaN
NaN,NaN,NaN,NaN,NaN,NaN
NaN,NaN,NaN,NaN,NaN,NaN
NaN,NaN,NaN,NaN,NaN,NaN
NaN,NaN,NaN,NaN,NaN,NaN
NaN,NaN,NaN,NaN,NaN,NaN
NaN,NaN,NaN,NaN,NaN,NaN
NaN,NaN,NaN,NaN,NaN,NaN
NaN,NaN,NaN,NaN,NaN,NaN
NaN,NaN,NaN,NaN,NaN,NaN
NaN,NaN,NaN,NaN,NaN,NaN
NaN,NaN,NaN,NaN,NaN,NaN
NaN,NaN,NaN,NaN,NaN,NaN
NaN,NaN,NaN,NaN,NaN,NaN
NaN,NaN,NaN,NaN,NaN,NaN
NaN,NaN,NaN,NaN,NaN,NaN
NaN,NaN,NaN,NaN,NaN,NaN
NaN,NaN,NaN,NaN,NaN,NaN
NaN,NaN,NaN,NaN,NaN,NaN
NaN,NaN,NaN,NaN,NaN,NaN
NaN,NaN,NaN,NaN,NaN,NaN
NaN,NaN,NaN,NaN,NaN,NaN
NaN,NaN,NaN,NaN,NaN,NaN
NaN,NaN,NaN,NaN,NaN,NaN
NaN,NaN,NaN,NaN,NaN,NaN
NaN,NaN,NaN,NaN,NaN,NaN
NaN,NaN,NaN,NaN,NaN,NaN
NaN,NaN,NaN,NaN,NaN,NaN
NaN,NaN,NaN,NaN,NaN,NaN
NaN,NaN,NaN,NaN,NaN,NaN
NaN,NaN,NaN,NaN,NaN,NaN
NaN,NaN,NaN,NaN,NaN,NaN
NaN,NaN,NaN,NaN,NaN,NaN
NaN,NaN,NaN,NaN,NaN,NaN
NaN,NaN,NaN,NaN,NaN,NaN
NaN,NaN,NaN,NaN,NaN,NaN
NaN,NaN,NaN,NaN,NaN,NaN
NaN,NaN,NaN,NaN,NaN,NaN
NaN,NaN,NaN,NaN,NaN,NaN
NaN,NaN,NaN,NaN,NaN,NaN
NaN,NaN,NaN,NaN,NaN,NaN
NaN,NaN,NaN,NaN,NaN,NaN
NaN,NaN,NaN,NaN,NaN,NaN
NaN,NaN,NaN,NaN,NaN,NaN
NaN,NaN,NaN,NaN,NaN,NaN
NaN,NaN,NaN,NaN,NaN,NaN
NaN,NaN,NaN,NaN,NaN,NaN
NaN,NaN,NaN,NaN,NaN,NaN
NaN,NaN,NaN,NaN,NaN,NaN
NaN,NaN,NaN,NaN,NaN,NaN
NaN,NaN,NaN,NaN,NaN,NaN
NaN,NaN,NaN,NaN,NaN,NaN
NaN,NaN,NaN,NaN,NaN,NaN
NaN,NaN,NaN,NaN,NaN,NaN
NaN,NaN,NaN,NaN,NaN,NaN
NaN,NaN,NaN,NaN,NaN,NaN
NaN,NaN,NaN,NaN,NaN,NaN
NaN,NaN,NaN,NaN,NaN,NaN
NaN,NaN,NaN,NaN,NaN,NaN
NaN,NaN,NaN,NaN,NaN,NaN
NaN,NaN,NaN,NaN,NaN,NaN
NaN,NaN,NaN,NaN,NaN,NaN
NaN,NaN,NaN,NaN,NaN,NaN
NaN,NaN,NaN,NaN,NaN,NaN
NaN,NaN,NaN,NaN,NaN,NaN
NaN,NaN,NaN,NaN,NaN,NaN
NaN,NaN,NaN,NaN,NaN,NaN
NaN,NaN,NaN,NaN,NaN,NaN
NaN,NaN,NaN,NaN,NaN,NaN
NaN,NaN,NaN,NaN,NaN,NaN
NaN,NaN,NaN,NaN,NaN,NaN
NaN,NaN,NaN,NaN,NaN,NaN
NaN,NaN,NaN,NaN,NaN,NaN
NaN,NaN,NaN,NaN,NaN,NaN
NaN,NaN,NaN,NaN,NaN,NaN
NaN,NaN,NaN,NaN,NaN,NaN
NaN,NaN,NaN,NaN,NaN,NaN
NaN,NaN,NaN,NaN,NaN,NaN
NaN,NaN,NaN,NaN,NaN,NaN
NaN,NaN,NaN,NaN,NaN,NaN
NaN,NaN,NaN,NaN,NaN,NaN
NaN,NaN,NaN,NaN,NaN,NaN
NaN,NaN,NaN,NaN,NaN,NaN
NaN,NaN,NaN,NaN,NaN,NaN
NaN,NaN,NaN,NaN,NaN,NaN
NaN,NaN,NaN,NaN,NaN,NaN
NaN,NaN,NaN,NaN,NaN,NaN
NaN,NaN,NaN,NaN,NaN,NaN
NaN,NaN,NaN,NaN,NaN,NaN
NaN,NaN,NaN,NaN,NaN,NaN
NaN,NaN,NaN,NaN,NaN,NaN
NaN,NaN,NaN,NaN,NaN,NaN
NaN,NaN,NaN,NaN,NaN,NaN
NaN,NaN,NaN,NaN,NaN,NaN
NaN,NaN,NaN,NaN,NaN,NaN
NaN,NaN,NaN,NaN,NaN,NaN
NaN,NaN,NaN,NaN,NaN,NaN
NaN,NaN,NaN,NaN,NaN,NaN
NaN,NaN,NaN,NaN,NaN,NaN
NaN,NaN,NaN,NaN,NaN,NaN
NaN,NaN,NaN,NaN,NaN,NaN
NaN,NaN,NaN,NaN,NaN,NaN
NaN,NaN,NaN,NaN,NaN,NaN
NaN,NaN,NaN,NaN,NaN,NaN
NaN,NaN,NaN,NaN,NaN,NaN
NaN,NaN,NaN,NaN,NaN,NaN
NaN,NaN,NaN,NaN,NaN,NaN
NaN,NaN,NaN,NaN,NaN,NaN
NaN,NaN,NaN,NaN,NaN,NaN
NaN,NaN,NaN,NaN,NaN,NaN
NaN,NaN,NaN,NaN,NaN,NaN
NaN,NaN,NaN,NaN,NaN,NaN
NaN,NaN,NaN,NaN,NaN,NaN
NaN,NaN,NaN,NaN,NaN,NaN
NaN,NaN,NaN,NaN,NaN,NaN
NaN,NaN,NaN,NaN,NaN,NaN
NaN,NaN,NaN,NaN,NaN,NaN
NaN,NaN,NaN,NaN,NaN,NaN
NaN,NaN,NaN,NaN,NaN,NaN
NaN,NaN,NaN,NaN,NaN,NaN
NaN,NaN,NaN,NaN,NaN,NaN
NaN,NaN,NaN,NaN,NaN,NaN
NaN,NaN,NaN,NaN,NaN,NaN
NaN,NaN,NaN,NaN,NaN,NaN
NaN,NaN,NaN,NaN,NaN,NaN
NaN,NaN,NaN,NaN,NaN,NaN
NaN,NaN,NaN,NaN,NaN,NaN
NaN,NaN,NaN,NaN,NaN,NaN
NaN,NaN,NaN,NaN,NaN,NaN
NaN,NaN,NaN,NaN,NaN,NaN
NaN,NaN,NaN,NaN,NaN,NaN
NaN,NaN,NaN,NaN,NaN,NaN
NaN,NaN,NaN,NaN,NaN,NaN
NaN,NaN,NaN,NaN,NaN,NaN
NaN,NaN,NaN,NaN,NaN,NaN
NaN,NaN,NaN,NaN,NaN,NaN
NaN,NaN,NaN,NaN,NaN,NaN
NaN,NaN,NaN,NaN,NaN,NaN
NaN,NaN,NaN,NaN,NaN,NaN
NaN,NaN,NaN,NaN,NaN,NaN
NaN,NaN,NaN,NaN,NaN,NaN
NaN,NaN,NaN,NaN,NaN,NaN
NaN,NaN,NaN,NaN,NaN,NaN
NaN,NaN,NaN,NaN,NaN,NaN
NaN,NaN,NaN,NaN,NaN,NaN
NaN,NaN,NaN,NaN,NaN,NaN
NaN,NaN,NaN,NaN,NaN,NaN
NaN,NaN,NaN,NaN,NaN,NaN
NaN,NaN,NaN,NaN,NaN,NaN
NaN,NaN,NaN,NaN,NaN,NaN
NaN,NaN,NaN,NaN,NaN,NaN
NaN,NaN,NaN,NaN,NaN,NaN
NaN,NaN,NaN,NaN,NaN,NaN
NaN,NaN,NaN,NaN,NaN,NaN
NaN,NaN,NaN,NaN,NaN,NaN
NaN,NaN,NaN,NaN,NaN,NaN
NaN,NaN,NaN,NaN,NaN,NaN
NaN,NaN,NaN,NaN,NaN,NaN
NaN,NaN,NaN,NaN,NaN,NaN
NaN,NaN,NaN,NaN,NaN,NaN
NaN,NaN,NaN,NaN,NaN,NaN
NaN,NaN,NaN,NaN,NaN,NaN
NaN,NaN,NaN,NaN,NaN,NaN
NaN,NaN,NaN,NaN,NaN,NaN
NaN,NaN,NaN,NaN,NaN,NaN
NaN,NaN,NaN,NaN,NaN,NaN
NaN,NaN,NaN,NaN,NaN,NaN
NaN,NaN,NaN,NaN,NaN,NaN
NaN,NaN,NaN,NaN,NaN,NaN
NaN,NaN,NaN,NaN,NaN,NaN
NaN,NaN,NaN,NaN,NaN,NaN
NaN,NaN,NaN,NaN,NaN,NaN
NaN,NaN,NaN,NaN,NaN,NaN
NaN,NaN,NaN,NaN,NaN,NaN
NaN,NaN,NaN,NaN,NaN,NaN
NaN,NaN,NaN,NaN,NaN,NaN
NaN,NaN,NaN,NaN,NaN,NaN
NaN,NaN,NaN,NaN,NaN,NaN
NaN,NaN,NaN,NaN,NaN,NaN
NaN,NaN,NaN,NaN,NaN,NaN
NaN,NaN,NaN,NaN,NaN,NaN
NaN,NaN,NaN,NaN,NaN,NaN
NaN,NaN,NaN,NaN,NaN,NaN
NaN,NaN,NaN,NaN,NaN,NaN
NaN,NaN,NaN,NaN,NaN,NaN
NaN,NaN,NaN,NaN,NaN,NaN
NaN,NaN,NaN,NaN,NaN,NaN
NaN,NaN,NaN,NaN,NaN,NaN
NaN,NaN,NaN,NaN,NaN,NaN
NaN,NaN,NaN,NaN,NaN,NaN
NaN,NaN,NaN,NaN,NaN,NaN
NaN,NaN,NaN,NaN,NaN,NaN
NaN,NaN,NaN,NaN,NaN,NaN
NaN,NaN,NaN,NaN,NaN,NaN
NaN,NaN,NaN,NaN,NaN,NaN
NaN,NaN,NaN,NaN,NaN,NaN
NaN,NaN,NaN,NaN,NaN,NaN
NaN,NaN,NaN,NaN,NaN,NaN
NaN,NaN,NaN,NaN,NaN,NaN
NaN,NaN,NaN,NaN,NaN,NaN
NaN,NaN,NaN,NaN,NaN,NaN
NaN,NaN,NaN,NaN,NaN,NaN
NaN,NaN,NaN,NaN,NaN,NaN
NaN,NaN,NaN,NaN,NaN,NaN
NaN,NaN,NaN,NaN,NaN,NaN
NaN,NaN,NaN,NaN,NaN,NaN
NaN,NaN,NaN,NaN,NaN,NaN
NaN,NaN,NaN,NaN,NaN,NaN
NaN,NaN,NaN,NaN,NaN,NaN
NaN,NaN,NaN,NaN,NaN,NaN
NaN,NaN,NaN,NaN,NaN,NaN
NaN,NaN,NaN,NaN,NaN,NaN
NaN,NaN,NaN,NaN,NaN,NaN
NaN,NaN,NaN,NaN,NaN,NaN
NaN,NaN,NaN,NaN,NaN,NaN
NaN,NaN,NaN,NaN,NaN,NaN
NaN,NaN,NaN,NaN,NaN,NaN
NaN,NaN,NaN,NaN,NaN,NaN
NaN,NaN,NaN,NaN,NaN,NaN
NaN,NaN,NaN,NaN,NaN,NaN
NaN,NaN,NaN,NaN,NaN,NaN
NaN,NaN,NaN,NaN,NaN,NaN
NaN,NaN,NaN,NaN,NaN,NaN
NaN,NaN,NaN,NaN,NaN,NaN
NaN,NaN,NaN,NaN,NaN,NaN
NaN,NaN,NaN,NaN,NaN,NaN
NaN,NaN,NaN,NaN,NaN,NaN
NaN,NaN,NaN,NaN,NaN,NaN
NaN,NaN,NaN,NaN,NaN,NaN
NaN,NaN,NaN,NaN,NaN,NaN
NaN,NaN,NaN,NaN,NaN,NaN
NaN,NaN,NaN,NaN,NaN,NaN
NaN,NaN,NaN,NaN,NaN,NaN
NaN,NaN,NaN,NaN,NaN,NaN
NaN,NaN,NaN,NaN,NaN,NaN
NaN,NaN,NaN,NaN,NaN,NaN
NaN,NaN,NaN,NaN,NaN,NaN
NaN,NaN,NaN,NaN,NaN,NaN
NaN,NaN,NaN,NaN,NaN,NaN
NaN,NaN,NaN,NaN,NaN,NaN
NaN,NaN,NaN,NaN,NaN,NaN
NaN,NaN,NaN,NaN,NaN,NaN
NaN,NaN,NaN,NaN,NaN,NaN
NaN,NaN,NaN,NaN,NaN,NaN
NaN,NaN,NaN,NaN,NaN,NaN
NaN,NaN,NaN,NaN,NaN,NaN
NaN,NaN,NaN,NaN,NaN,NaN
NaN,NaN,NaN,NaN,NaN,NaN
NaN,NaN,NaN,NaN,NaN,NaN
NaN,NaN,NaN,NaN,NaN,NaN
NaN,NaN,NaN,NaN,NaN,NaN
NaN,NaN,NaN,NaN,NaN,NaN
NaN,NaN,NaN,NaN,NaN,NaN
NaN,NaN,NaN,NaN,NaN,NaN
NaN,NaN,NaN,NaN,NaN,NaN
NaN,NaN,NaN,NaN,NaN,NaN
NaN,NaN,NaN,NaN,NaN,NaN
NaN,NaN,NaN,NaN,NaN,NaN
NaN,NaN,NaN,NaN,NaN,NaN
NaN,NaN,NaN,NaN,NaN,NaN
NaN,NaN,NaN,NaN,NaN,NaN
NaN,NaN,NaN,NaN,792.505486,225.794508
NaN,NaN,NaN,NaN,793.000000,225.990000
NaN,NaN,NaN,NaN,792.980000,226.000000
NaN,NaN,NaN,NaN,792.980000,225.990000
NaN,NaN,NaN,NaN,792.970000,225.980000
NaN,NaN,NaN,NaN,792.960000,225.990000
NaN,NaN,NaN,NaN,792.940000,225.990000
NaN,NaN,NaN,NaN,792.940000,225.990000
NaN,NaN,NaN,NaN,792.930000,225.980000
NaN,NaN,NaN,NaN,792.920000,225.980000
NaN,NaN,NaN,NaN,792.910000,225.990000
NaN,NaN,NaN,NaN,792.910000,225.980000
NaN,NaN,NaN,NaN,792.900000,225.990000
NaN,NaN,NaN,NaN,792.880000,225.980000
NaN,NaN,NaN,NaN,792.890000,225.970000
NaN,NaN,NaN,NaN,792.860000,225.990000
NaN,NaN,NaN,NaN,792.850000,226.000000
NaN,NaN,NaN,NaN,792.850000,226.020000
NaN,NaN,NaN,NaN,792.830000,226.020000
NaN,NaN,NaN,NaN,792.850000,226.020000
NaN,NaN,NaN,NaN,792.840000,226.030000
NaN,NaN,NaN,NaN,792.840000,226.040000
NaN,NaN,NaN,NaN,792.820000,226.060000
NaN,NaN,NaN,NaN,792.810000,226.060000
NaN,NaN,NaN,NaN,792.800000,226.050000
NaN,NaN,NaN,NaN,792.770000,226.100000
NaN,NaN,NaN,NaN,792.770000,226.090000
NaN,NaN,NaN,NaN,792.750000,226.090000
NaN,NaN,NaN,NaN,792.750000,226.100000
NaN,NaN,NaN,NaN,792.740000,226.100000
NaN,NaN,NaN,NaN,792.730000,226.100000
NaN,NaN,NaN,NaN,792.690000,226.110000
NaN,NaN,NaN,NaN,792.720000,226.110000
NaN,NaN,NaN,NaN,792.720000,226.130000
NaN,NaN,NaN,NaN,792.690000,226.150000
NaN,NaN,NaN,NaN,792.680000,226.150000
NaN,NaN,NaN,NaN,792.680000,226.140000
NaN,NaN,NaN,NaN,792.690000,226.170000
NaN,NaN,NaN,NaN,792.640000,226.180000
NaN,NaN,NaN,NaN,792.610000,226.210000
NaN,NaN,NaN,NaN,792.590000,226.210000
NaN,NaN,NaN,NaN,792.620000,226.200000
NaN,NaN,NaN,NaN,792.640000,226.220000
NaN,NaN,NaN,NaN,792.620000,226.230000
NaN,NaN,NaN,NaN,792.650000,226.220000
NaN,NaN,NaN,NaN,792.620000,226.240000
NaN,NaN,NaN,NaN,792.600000,226.250000
NaN,NaN,NaN,NaN,792.610000,226.260000
NaN,NaN,NaN,NaN,792.600000,226.260000
NaN,NaN,NaN,NaN,792.590000,226.280000
NaN,NaN,NaN,NaN,792.580000,226.300000
NaN,NaN,NaN,NaN,792.590000,226.280000
NaN,NaN,NaN,NaN,792.590000,226.290000
NaN,NaN,NaN,NaN,792.570000,226.310000
NaN,NaN,NaN,NaN,792.550000,226.300000
NaN,NaN,NaN,NaN,792.550000,226.350000
NaN,NaN,NaN,NaN,792.540000,226.320000
NaN,NaN,NaN,NaN,792.590000,226.310000
NaN,NaN,NaN,NaN,792.560000,226.340000
NaN,NaN,NaN,NaN,792.570000,226.320000
NaN,NaN,NaN,NaN,792.540000,226.320000
NaN,NaN,NaN,NaN,792.550000,226.330000
NaN,NaN,NaN,NaN,792.460000,226.420000
NaN,NaN,NaN,NaN,792.310000,226.490000
NaN,NaN,NaN,NaN,792.150000,226.780000
NaN,NaN,NaN,NaN,792.150000,226.790000
NaN,NaN,NaN,NaN,792.120000,226.810000
NaN,NaN,NaN,NaN,792.130000,226.790000
NaN,NaN,NaN,NaN,792.120000,226.800000
NaN,NaN,NaN,NaN,792.120000,226.810000
NaN,NaN,NaN,NaN,792.090000,226.830000
NaN,NaN,NaN,NaN,792.140000,226.840000
NaN,NaN,NaN,NaN,792.080000,226.880000
NaN,NaN,NaN,NaN,792.040000,226.880000
NaN,NaN,NaN,NaN,792.030000,226.860000
NaN,NaN,NaN,NaN,792.030000,226.860000
NaN,NaN,NaN,NaN,792.060000,226.870000
NaN,NaN,NaN,NaN,792.030000,226.860000
NaN,NaN,NaN,NaN,792.050000,226.850000
NaN,NaN,NaN,NaN,792.000000,226.910000
NaN,NaN,NaN,NaN,791.930000,226.950000
NaN,NaN,NaN,NaN,791.950000,226.950000
NaN,NaN,NaN,NaN,791.940000,226.960000
NaN,NaN,NaN,NaN,791.930000,226.940000
NaN,NaN,NaN,NaN,791.930000,226.930000
NaN,NaN,NaN,NaN,791.920000,226.920000
NaN,NaN,NaN,NaN,791.910000,226.900000
NaN,NaN,NaN,NaN,791.870000,226.920000
NaN,NaN,NaN,NaN,791.850000,226.950000
NaN,NaN,NaN,NaN,791.850000,226.940000
NaN,NaN,NaN,NaN,791.840000,226.940000
NaN,NaN,NaN,NaN,791.740000,227.020000
NaN,NaN,NaN,NaN,791.590000,227.140000
NaN,NaN,NaN,NaN,791.190000,227.460000
NaN,NaN,NaN,NaN,791.160000,227.630000
NaN,NaN,NaN,NaN,791.110000,227.670000
NaN,NaN,NaN,NaN,791.120000,227.660000
NaN,NaN,NaN,NaN,791.120000,227.700000
NaN,NaN,NaN,NaN,791.140000,227.740000
NaN,NaN,NaN,NaN,791.080000,227.790000
NaN,NaN,NaN,NaN,791.040000,227.800000
NaN,NaN,NaN,NaN,791.050000,227.810000
NaN,NaN,NaN,NaN,791.040000,227.760000
NaN,NaN,NaN,NaN,791.000000,227.810000
NaN,NaN,NaN,NaN,790.990000,227.830000
NaN,NaN,NaN,NaN,790.960000,227.890000
NaN,NaN,NaN,NaN,790.970000,227.860000
NaN,NaN,NaN,NaN,790.960000,227.850000
NaN,NaN,NaN,NaN,790.950000,227.880000
NaN,NaN,NaN,NaN,790.920000,227.890000
NaN,NaN,NaN,NaN,790.950000,227.900000
NaN,NaN,NaN,NaN,790.960000,227.880000
NaN,NaN,NaN,NaN,790.940000,227.910000
NaN,NaN,NaN,NaN,790.900000,227.940000
NaN,NaN,NaN,NaN,790.870000,227.950000
NaN,NaN,NaN,NaN,790.960000,227.950000
NaN,NaN,NaN,NaN,790.860000,228.010000
NaN,NaN,NaN,NaN,790.840000,228.020000
NaN,NaN,NaN,NaN,790.830000,228.050000
NaN,NaN,NaN,NaN,790.810000,228.080000
NaN,NaN,NaN,NaN,790.770000,228.100000
NaN,NaN,NaN,NaN,790.750000,228.120000
NaN,NaN,NaN,NaN,790.760000,228.140000
NaN,NaN,NaN,NaN,790.720000,228.170000
NaN,NaN,NaN,NaN,790.650000,228.190000
NaN,NaN,NaN,NaN,790.620000,228.250000
NaN,NaN,NaN,NaN,790.560000,228.320000
NaN,NaN,NaN,NaN,790.550000,228.290000
NaN,NaN,NaN,NaN,790.560000,228.320000
NaN,NaN,NaN,NaN,790.570000,228.300000
NaN,NaN,NaN,NaN,790.500000,228.430000
NaN,NaN,NaN,NaN,790.180000,228.600000
NaN,NaN,NaN,NaN,790.210000,228.590000
NaN,NaN,NaN,NaN,790.160000,228.620000
NaN,NaN,NaN,NaN,790.150000,228.590000
NaN,NaN,NaN,NaN,790.160000,228.640000
NaN,NaN,NaN,NaN,790.140000,228.620000
NaN,NaN,NaN,NaN,790.140000,228.630000
NaN,NaN,NaN,NaN,790.130000,228.660000
NaN,NaN,NaN,NaN,790.120000,228.650000
NaN,NaN,NaN,NaN,790.090000,228.710000
NaN,NaN,NaN,NaN,790.070000,228.720000
NaN,NaN,NaN,NaN,790.070000,228.740000
NaN,NaN,NaN,NaN,790.050000,228.730000
NaN,NaN,NaN,NaN,789.980000,228.740000
NaN,NaN,NaN,NaN,789.990000,228.780000
NaN,NaN,NaN,NaN,789.970000,228.780000
NaN,NaN,NaN,NaN,789.930000,228.780000
NaN,NaN,NaN,NaN,789.920000,228.810000
NaN,NaN,NaN,NaN,789.950000,228.760000
NaN,NaN,NaN,NaN,789.940000,228.770000
NaN,NaN,NaN,NaN,789.930000,228.780000
NaN,NaN,NaN,NaN,789.910000,228.790000
NaN,NaN,NaN,NaN,789.920000,228.810000
NaN,NaN,NaN,NaN,789.910000,228.800000
NaN,NaN,NaN,NaN,789.880000,228.840000
NaN,NaN,NaN,NaN,789.890000,228.850000
NaN,NaN,NaN,NaN,789.860000,228.910000
NaN,NaN,NaN,NaN,789.860000,228.910000
NaN,NaN,NaN,NaN,789.860000,228.890000
NaN,NaN,NaN,NaN,789.730000,228.960000
NaN,NaN,NaN,NaN,789.770000,228.990000
NaN,NaN,NaN,NaN,789.760000,229.020000
NaN,NaN,NaN,NaN,789.720000,229.010000
NaN,NaN,NaN,NaN,789.730000,229.060000
NaN,NaN,NaN,NaN,789.670000,229.120000
NaN,NaN,NaN,NaN,789.630000,229.160000
NaN,NaN,NaN,NaN,789.600000,229.170000
NaN,NaN,NaN,NaN,789.650000,229.150000
NaN,NaN,NaN,NaN,789.540000,229.220000
NaN,NaN,NaN,NaN,789.250000,229.330000
NaN,NaN,NaN,NaN,789.240000,229.340000
NaN,NaN,NaN,NaN,789.250000,229.380000
NaN,NaN,NaN,NaN,789.220000,229.400000
NaN,NaN,NaN,NaN,789.190000,229.410000
NaN,NaN,NaN,NaN,789.160000,229.450000
NaN,NaN,NaN,NaN,789.150000,229.500000
NaN,NaN,NaN,NaN,789.110000,229.560000
NaN,NaN,NaN,NaN,789.130000,229.640000
NaN,NaN,NaN,NaN,789.100000,229.620000
NaN,NaN,NaN,NaN,789.120000,229.660000
NaN,NaN,NaN,NaN,789.070000,229.630000
NaN,NaN,NaN,NaN,789.050000,229.630000
NaN,NaN,NaN,NaN,789.040000,229.640000
NaN,NaN,NaN,NaN,789.040000,229.620000
NaN,NaN,NaN,NaN,789.050000,229.650000
NaN,NaN,NaN,NaN,789.040000,229.630000
NaN,NaN,NaN,NaN,789.040000,229.650000
NaN,NaN,NaN,NaN,789.040000,229.700000
NaN,NaN,NaN,NaN,789.030000,229.720000
NaN,NaN,NaN,NaN,788.980000,229.770000
NaN,NaN,NaN,NaN,789.050000,229.730000
NaN,NaN,NaN,NaN,789.040000,229.740000
NaN,NaN,NaN,NaN,789.030000,229.750000
NaN,NaN,NaN,NaN,789.010000,229.730000
NaN,NaN,NaN,NaN,788.970000,229.750000
NaN,NaN,NaN,NaN,788.960000,229.790000
NaN,NaN,NaN,NaN,788.970000,229.750000
NaN,NaN,NaN,NaN,788.970000,229.760000
NaN,NaN,NaN,NaN,788.950000,229.800000
NaN,NaN,NaN,NaN,788.940000,229.770000
NaN,NaN,NaN,NaN,788.950000,229.760000
NaN,NaN,NaN,NaN,788.940000,229.740000
NaN,NaN,NaN,NaN,788.940000,229.750000
NaN,NaN,NaN,NaN,788.930000,229.770000
NaN,NaN,NaN,NaN,788.880000,229.790000
NaN,NaN,NaN,NaN,788.890000,229.740000
NaN,NaN,NaN,NaN,788.850000,229.750000
NaN,NaN,NaN,NaN,788.840000,229.840000
NaN,NaN,NaN,NaN,788.840000,229.860000
NaN,NaN,NaN,NaN,788.860000,229.850000
NaN,NaN,NaN,NaN,788.880000,229.870000
NaN,NaN,NaN,NaN,788.840000,229.840000
NaN,NaN,NaN,NaN,788.840000,229.860000
NaN,NaN,NaN,NaN,788.840000,229.870000
NaN,NaN,NaN,NaN,788.830000,229.850000
NaN,NaN,NaN,NaN,788.830000,229.880000
NaN,NaN,NaN,NaN,788.820000,229.840000
NaN,NaN,NaN,NaN,788.860000,229.910000
NaN,NaN,876.195859,304.034849,788.830000,229.890000
NaN,NaN,875.970000,304.000000,788.730000,229.920000
NaN,NaN,875.950000,303.990000,788.820000,229.990000
NaN,NaN,875.960000,303.980000,788.810000,229.920000
NaN,NaN,875.970000,303.990000,788.790000,229.890000
NaN,NaN,875.970000,303.990000,788.820000,229.930000
NaN,NaN,875.960000,303.980000,788.810000,229.890000
NaN,NaN,875.950000,303.980000,788.770000,229.900000
NaN,NaN,875.930000,303.980000,788.770000,229.870000
NaN,NaN,875.920000,303.970000,788.860000,229.890000
NaN,NaN,875.920000,303.990000,788.830000,229.880000
NaN,NaN,875.910000,303.990000,788.810000,229.890000
NaN,NaN,875.920000,303.990000,788.790000,229.930000
NaN,NaN,875.910000,303.980000,788.750000,229.910000
NaN,NaN,875.900000,303.980000,788.700000,229.920000
NaN,NaN,875.880000,303.980000,788.770000,229.930000
NaN,NaN,875.850000,303.990000,788.750000,229.950000
NaN,NaN,875.830000,304.000000,788.680000,229.970000
NaN,NaN,875.830000,304.000000,788.710000,229.990000
NaN,NaN,875.810000,304.010000,788.700000,230.010000
NaN,NaN,875.800000,304.000000,788.710000,229.980000
NaN,NaN,875.800000,304.000000,788.730000,229.970000
NaN,NaN,875.790000,304.000000,788.720000,230.000000
NaN,NaN,875.770000,303.980000,788.710000,230.010000
NaN,NaN,875.750000,303.990000,788.750000,229.960000
NaN,NaN,875.740000,304.000000,788.750000,229.960000
NaN,NaN,875.730000,304.000000,788.750000,229.970000
NaN,NaN,875.730000,304.010000,788.730000,229.980000
NaN,NaN,875.710000,304.020000,788.770000,229.970000
NaN,NaN,875.680000,304.020000,788.780000,229.990000
NaN,NaN,875.680000,304.030000,788.770000,229.990000
NaN,NaN,875.660000,304.010000,789.006949,228.870918
NaN,NaN,875.660000,304.000000,789.060000,228.700000
NaN,NaN,875.640000,304.020000,789.050000,228.680000
NaN,NaN,875.650000,304.000000,788.980000,229.000000
NaN,NaN,875.630000,304.010000,788.990000,228.990000
NaN,NaN,875.570000,304.030000,788.990000,228.990000
NaN,NaN,875.560000,304.010000,788.990000,229.000000
NaN,NaN,875.560000,304.010000,788.990000,228.980000
NaN,NaN,875.570000,304.020000,788.980000,228.990000
NaN,NaN,875.540000,304.020000,788.990000,229.000000
NaN,NaN,875.520000,304.020000,788.980000,229.000000
NaN,NaN,875.300000,304.050000,788.980000,229.000000
NaN,NaN,876.195859,303.450812,788.960000,229.010000
NaN,NaN,876.030000,302.970000,788.970000,229.020000
NaN,NaN,876.040000,302.660000,788.970000,229.010000
NaN,NaN,876.060000,302.390000,788.980000,229.020000
NaN,NaN,876.060000,302.400000,788.950000,229.010000
NaN,NaN,876.030000,302.440000,788.960000,229.010000
NaN,NaN,876.000000,302.450000,788.940000,229.020000
NaN,NaN,875.950000,302.490000,788.940000,229.020000
NaN,NaN,875.840000,302.960000,788.950000,229.020000
NaN,NaN,875.800000,302.950000,788.950000,229.020000
NaN,NaN,875.790000,302.950000,788.950000,229.020000
NaN,NaN,875.760000,302.950000,788.940000,229.030000
NaN,NaN,875.730000,302.940000,788.950000,229.020000
NaN,NaN,875.690000,302.950000,788.950000,229.030000
NaN,NaN,875.640000,302.950000,788.920000,229.030000
NaN,NaN,875.600000,302.940000,788.930000,229.030000
NaN,NaN,875.580000,302.940000,788.940000,229.040000
NaN,NaN,875.460000,302.910000,788.940000,229.040000
NaN,NaN,875.290000,302.940000,788.940000,229.040000
NaN,NaN,874.183206,302.866774,788.920000,229.060000
NaN,NaN,874.183206,302.866774,788.920000,229.050000
NaN,NaN,874.183206,302.866774,788.930000,229.040000
NaN,NaN,874.183206,303.256133,788.920000,229.040000
NaN,NaN,874.183206,303.256133,788.930000,229.040000
NaN,NaN,874.183206,303.256133,788.910000,229.040000
NaN,NaN,874.183206,303.256133,788.900000,229.040000
NaN,NaN,874.183206,303.256133,788.900000,229.060000
NaN,NaN,874.183206,303.256133,788.890000,229.050000
NaN,NaN,874.183206,303.256133,788.890000,229.050000
NaN,NaN,874.183206,303.256133,788.900000,229.060000
NaN,NaN,874.183206,303.256133,788.900000,229.060000
NaN,NaN,874.183206,303.256133,788.890000,229.050000
NaN,NaN,874.183206,303.256133,788.880000,229.060000
NaN,NaN,874.183206,303.256133,788.890000,229.050000
NaN,NaN,874.183206,303.256133,788.870000,229.070000
NaN,NaN,874.183206,303.256133,788.860000,229.060000
NaN,NaN,874.183206,303.256133,788.880000,229.070000
NaN,NaN,874.183206,303.256133,788.890000,229.060000
NaN,NaN,874.183206,303.256133,788.890000,229.070000
NaN,NaN,874.183206,303.256133,788.880000,229.070000
NaN,NaN,874.183206,303.256133,788.860000,229.070000
NaN,NaN,874.183206,303.256133,788.860000,229.070000
NaN,NaN,874.183206,303.256133,788.840000,229.070000
NaN,NaN,874.183206,303.256133,788.840000,229.070000
NaN,NaN,874.183206,303.256133,788.810000,229.070000
NaN,NaN,874.183206,303.256133,788.830000,229.070000
NaN,NaN,874.183206,303.256133,788.840000,229.070000
NaN,NaN,874.183206,303.256133,788.810000,229.080000
NaN,NaN,874.183206,303.256133,788.830000,229.070000
NaN,NaN,874.183206,303.256133,788.800000,229.070000
NaN,NaN,874.183206,303.256133,788.810000,229.080000
NaN,NaN,874.183206,303.256133,788.780000,229.090000
NaN,NaN,874.183206,303.256133,788.770000,229.100000
NaN,NaN,874.183206,303.256133,788.770000,229.090000
NaN,NaN,874.183206,303.256133,788.770000,229.090000
NaN,NaN,874.183206,303.256133,788.760000,229.090000
NaN,NaN,874.183206,303.256133,788.760000,229.090000
NaN,NaN,874.183206,303.256133,788.750000,229.090000
NaN,NaN,874.183206,303.256133,788.750000,229.090000
NaN,NaN,874.183206,303.256133,788.730000,229.090000
NaN,NaN,874.183206,303.256133,788.730000,229.090000
NaN,NaN,874.183206,303.256133,788.740000,229.090000
NaN,NaN,874.183206,303.256133,788.720000,229.100000
NaN,NaN,874.183206,303.256133,788.700000,229.110000
NaN,NaN,874.183206,303.256133,788.680000,229.110000
NaN,NaN,874.183206,303.256133,788.690000,229.110000
NaN,NaN,874.183206,303.256133,788.690000,229.110000
NaN,NaN,874.183206,303.256133,788.710000,229.110000
NaN,NaN,874.183206,303.256133,788.690000,229.110000
NaN,NaN,874.183206,303.256133,788.630000,229.110000
NaN,NaN,874.183206,303.256133,788.640000,229.110000
NaN,NaN,874.183206,303.256133,788.630000,229.120000
NaN,NaN,874.183206,303.256133,788.620000,229.120000
NaN,NaN,874.183206,303.256133,788.610000,229.120000
NaN,NaN,874.183206,303.256133,788.600000,229.110000
NaN,NaN,874.183206,303.256133,788.590000,229.120000
NaN,NaN,874.183206,303.256133,788.580000,229.120000
NaN,NaN,874.183206,303.256133,788.570000,229.120000
NaN,NaN,873.176880,301.893379,788.530000,229.130000
NaN,NaN,873.176880,301.893379,788.300000,229.170000
NaN,NaN,872.975615,301.698700,788.290000,229.170000
NaN,NaN,872.975615,301.698700,788.270000,229.170000
NaN,NaN,872.774349,301.698700,788.240000,229.180000
NaN,NaN,872.170554,301.504020,788.230000,229.170000
NaN,NaN,871.566758,301.504020,788.210000,229.180000
NaN,NaN,870.962962,301.504020,788.210000,229.190000
NaN,NaN,869.755370,301.504020,788.220000,229.190000
NaN,NaN,869.755370,301.309341,788.190000,229.190000
NaN,NaN,868.950309,300.335946,788.200000,229.190000
NaN,NaN,868.547779,300.141267,788.180000,229.200000
NaN,NaN,868.547779,300.141267,788.150000,229.200000
NaN,NaN,868.547779,300.141267,788.170000,229.200000
NaN,NaN,868.547779,300.141267,788.160000,229.190000
NaN,NaN,868.346513,300.141267,788.170000,229.200000
NaN,NaN,867.960000,299.960000,788.180000,229.180000
NaN,NaN,867.920000,299.920000,788.180000,229.180000
NaN,NaN,867.840000,299.890000,788.150000,229.200000
NaN,NaN,867.790000,299.850000,788.150000,229.180000
NaN,NaN,867.740000,299.840000,788.140000,229.180000
NaN,NaN,867.650000,299.790000,788.150000,229.160000
NaN,NaN,867.500000,299.760000,788.120000,229.170000
NaN,NaN,867.360000,299.760000,788.090000,229.170000
NaN,NaN,867.270000,299.690000,788.090000,229.160000
NaN,NaN,867.200000,299.650000,788.110000,229.170000
NaN,NaN,867.090000,299.600000,788.090000,229.170000
NaN,NaN,866.960000,299.570000,788.090000,229.160000
NaN,NaN,866.930000,299.480000,788.080000,229.170000
NaN,NaN,866.940000,298.980000,788.070000,229.170000
NaN,NaN,866.770000,298.890000,788.020000,229.190000
NaN,NaN,866.660000,298.860000,788.050000,229.170000
NaN,NaN,866.450000,298.880000,788.030000,229.160000
NaN,NaN,866.290000,298.880000,788.030000,229.160000
NaN,NaN,866.130000,298.830000,788.030000,229.160000
NaN,NaN,866.070000,298.760000,788.030000,229.150000
NaN,NaN,865.960000,298.690000,788.010000,229.140000
NaN,NaN,865.840000,298.680000,788.010000,229.150000
NaN,NaN,865.780000,298.590000,787.980000,229.140000
NaN,NaN,865.580000,298.620000,787.980000,229.140000
NaN,NaN,865.330000,298.750000,787.960000,229.150000
NaN,NaN,865.240000,298.660000,787.980000,229.140000
NaN,NaN,865.160000,298.590000,787.980000,229.130000
NaN,NaN,865.000000,298.630000,787.950000,229.140000
NaN,NaN,864.920000,298.540000,787.940000,229.140000
NaN,NaN,864.990000,297.990000,787.930000,229.150000
NaN,NaN,864.890000,297.950000,787.910000,229.140000
NaN,NaN,864.750000,297.880000,787.880000,229.140000
NaN,NaN,864.580000,297.900000,787.880000,229.150000
NaN,NaN,864.350000,297.980000,787.900000,229.130000
NaN,NaN,864.220000,297.940000,787.880000,229.140000
NaN,NaN,864.090000,297.900000,787.850000,229.140000
NaN,NaN,863.990000,297.870000,787.840000,229.130000
NaN,NaN,863.930000,297.820000,787.840000,229.140000
NaN,NaN,863.800000,297.770000,787.790000,229.140000
NaN,NaN,863.630000,297.840000,787.770000,229.140000
NaN,NaN,863.450000,297.800000,787.730000,229.150000
NaN,NaN,863.290000,297.780000,787.730000,229.140000
NaN,NaN,863.200000,297.730000,787.740000,229.120000
NaN,NaN,863.060000,297.660000,787.700000,229.130000
NaN,NaN,862.970000,297.600000,787.730000,229.100000
NaN,NaN,862.850000,297.640000,787.750000,229.090000
NaN,NaN,862.740000,297.510000,787.720000,229.100000
NaN,NaN,862.920000,296.880000,787.700000,229.100000
NaN,NaN,862.970000,296.270000,787.660000,229.110000
NaN,NaN,862.910000,296.190000,787.690000,229.090000
NaN,NaN,862.760000,296.180000,787.630000,229.100000
NaN,NaN,862.670000,296.150000,787.620000,229.100000
NaN,NaN,862.490000,296.120000,787.640000,229.090000
NaN,NaN,862.300000,296.090000,787.640000,229.080000
NaN,NaN,862.150000,296.050000,787.640000,229.080000
NaN,NaN,862.090000,295.980000,787.660000,229.080000
NaN,NaN,861.960000,295.890000,787.630000,229.100000
NaN,NaN,861.800000,295.810000,787.590000,229.090000
NaN,NaN,861.640000,295.840000,787.610000,229.080000
NaN,NaN,861.340000,295.890000,787.530000,229.100000
NaN,NaN,861.140000,295.830000,787.260000,229.140000
NaN,NaN,861.704759,296.442363,787.270000,229.140000
NaN,NaN,861.704759,296.442363,787.240000,229.140000
NaN,NaN,861.704759,296.442363,787.210000,229.150000
NaN,NaN,860.899698,296.637042,787.210000,229.150000
NaN,NaN,860.899698,296.637042,787.190000,229.140000
NaN,NaN,860.899698,296.637042,787.190000,229.140000
NaN,NaN,860.899698,296.247684,787.190000,229.140000
NaN,NaN,860.899698,296.247684,787.170000,229.140000
NaN,NaN,860.899698,296.247684,787.160000,229.120000
NaN,NaN,859.490841,296.442363,787.120000,229.110000
860.698433,295.468968,859.490841,296.442363,787.110000,229.110000
860.094637,294.884930,858.484515,296.442363,787.120000,229.110000
858.283249,294.300893,857.880719,295.858326,787.060000,229.110000
857.679454,292.938139,856.673127,295.858326,787.040000,229.060000
857.478188,292.938139,856.673127,295.858326,787.040000,229.050000
857.679454,292.938139,856.673127,295.858326,786.990000,229.030000
857.679454,292.938139,856.673127,295.858326,786.940000,229.030000
857.478188,292.159423,856.471862,295.663647,786.910000,229.030000
857.478188,292.159423,856.471862,295.663647,786.890000,229.010000
857.478188,292.159423,856.471862,295.663647,786.900000,228.980000
857.276923,292.159423,857.276923,295.663647,786.850000,228.970000
857.276923,292.159423,857.478188,295.663647,786.850000,228.970000
857.075658,292.159423,857.679454,295.663647,786.780000,228.960000
856.673127,292.159423,857.679454,295.663647,786.770000,228.950000
856.270597,291.964744,857.679454,295.663647,786.680000,228.930000
855.868066,291.575385,857.679454,294.884930,786.650000,228.930000
855.666801,291.575385,857.679454,294.884930,786.680000,228.920000
854.861740,291.575385,857.679454,294.884930,786.610000,228.930000
854.056679,291.380706,857.679454,294.884930,786.600000,228.930000
854.056679,291.380706,857.679454,294.884930,786.560000,228.930000
853.452883,290.212632,857.679454,294.884930,786.510000,228.930000
853.452883,290.212632,857.679454,294.106214,786.240000,228.950000
853.452883,290.212632,857.880719,293.522177,786.230000,228.930000
853.452883,290.212632,857.880719,293.522177,786.220000,228.920000
853.050352,290.212632,857.880719,293.522177,786.230000,228.920000
853.050352,290.212632,857.880719,293.327497,786.200000,228.920000
853.050352,289.823273,857.880719,292.548781,786.190000,228.930000
853.050352,289.823273,857.880719,292.548781,786.180000,228.920000
853.050352,289.823273,857.880719,292.354102,786.170000,228.910000
853.050352,289.239236,857.679454,291.964744,786.170000,228.900000
852.446556,289.044557,857.276923,291.575385,786.120000,228.900000
851.842760,288.655199,857.075658,291.575385,786.130000,228.880000
851.440230,286.903086,855.465535,291.380706,786.090000,228.880000
851.440230,286.903086,854.861740,291.380706,786.110000,228.880000
851.037699,286.319049,854.459209,291.186027,786.100000,228.860000
851.037699,286.319049,854.459209,291.186027,786.090000,228.880000
851.037699,286.319049,854.459209,291.186027,786.080000,228.870000
849.427577,285.345654,854.459209,291.186027,786.060000,228.860000
849.427577,285.345654,854.459209,290.601990,786.040000,228.860000
849.628842,285.345654,854.459209,290.601990,786.030000,228.850000
849.628842,285.345654,854.459209,290.601990,786.000000,228.840000
849.628842,285.345654,854.056679,290.601990,786.000000,228.830000
849.628842,285.150974,853.654148,290.601990,785.980000,228.830000
849.628842,285.150974,853.251617,290.601990,785.980000,228.820000
849.427577,285.150974,853.050352,290.212632,785.950000,228.820000
849.226312,284.566937,853.050352,290.212632,785.880000,228.840000
848.823781,284.566937,853.050352,290.212632,785.900000,228.810000
848.018720,284.566937,852.044026,289.823273,785.890000,228.790000
847.817455,284.372258,852.044026,289.628594,785.930000,228.760000
847.616190,283.593541,852.044026,289.628594,785.920000,228.760000
847.616190,283.593541,852.044026,289.628594,785.930000,228.760000
846.811128,283.009504,851.842760,289.628594,785.890000,228.760000
846.811128,283.009504,851.440230,289.628594,785.890000,228.730000
846.408598,282.425467,851.238965,289.433915,785.840000,228.750000
846.207333,282.425467,850.836434,288.460519,785.840000,228.740000
846.207333,282.425467,850.836434,288.460519,785.870000,228.720000
845.402272,281.646750,850.836434,288.655199,785.810000,228.710000
844.999741,281.452071,850.836434,288.655199,785.790000,228.700000
844.999741,281.452071,850.836434,288.655199,785.770000,228.680000
844.798476,280.673355,850.836434,288.655199,785.720000,228.680000
844.597210,280.673355,850.836434,288.655199,785.740000,228.670000
844.395945,280.283996,850.635169,288.655199,785.700000,228.680000
844.194680,280.089317,849.830108,288.460519,785.670000,228.670000
843.993415,279.894638,849.628842,288.265840,785.680000,228.660000
843.590884,279.115922,849.025047,288.265840,785.670000,228.690000
843.590884,279.115922,848.622516,288.071161,785.620000,228.680000
843.590884,279.115922,848.018720,288.071161,785.610000,228.690000
843.590884,279.115922,847.616190,287.876482,785.610000,228.690000
843.389619,278.337205,847.012394,287.292445,785.640000,228.680000
843.188353,278.337205,846.811128,287.292445,785.600000,228.690000
842.383292,277.947847,846.207333,286.513728,785.620000,228.700000
842.383292,277.947847,846.207333,286.513728,785.570000,228.690000
842.383292,277.363810,846.207333,286.513728,785.570000,228.690000
841.980762,277.558489,846.207333,286.513728,785.500000,228.710000
840.974435,276.779772,845.804802,285.150974,785.230000,228.730000
840.974435,276.779772,845.804802,285.150974,785.230000,228.730000
840.974435,276.390414,845.804802,285.150974,785.190000,228.740000
840.773170,276.001056,845.201006,285.150974,785.180000,228.750000
840.370640,275.417018,845.201006,285.150974,785.180000,228.740000
840.370640,275.027660,844.999741,284.761616,785.170000,228.760000
840.370640,275.027660,844.999741,284.761616,785.170000,228.770000
840.370640,275.027660,844.999741,284.761616,785.160000,228.770000
839.565578,272.886190,844.999741,284.761616,785.180000,228.770000
839.163048,273.080869,844.194680,284.177579,785.150000,228.790000
838.961783,272.886190,844.194680,284.177579,785.130000,228.790000
837.754191,272.302153,843.590884,284.177579,785.120000,228.770000
837.351660,272.107473,843.188353,283.788221,785.120000,228.780000
837.351660,272.107473,842.987088,283.788221,785.110000,228.770000
837.351660,272.107473,842.584558,283.009504,785.080000,228.780000
837.351660,272.107473,842.584558,282.620146,785.060000,228.790000
837.351660,272.107473,842.182027,282.036109,785.070000,228.800000
837.351660,271.912794,842.182027,282.036109,785.080000,228.790000
837.351660,271.912794,842.182027,282.036109,785.070000,228.780000
836.747865,272.107473,842.182027,282.036109,785.050000,228.770000
836.747865,272.107473,842.182027,282.036109,785.030000,228.750000
836.747865,272.107473,842.182027,282.036109,785.030000,228.750000
836.747865,272.107473,841.980762,281.062713,785.000000,228.750000
836.747865,272.107473,841.175701,279.894638,785.030000,228.750000
836.345334,271.523436,840.974435,278.921243,785.020000,228.750000
836.345334,270.550040,840.974435,278.921243,785.020000,228.750000
836.144069,269.187287,840.773170,279.310601,785.020000,228.750000
836.144069,269.187287,840.773170,279.310601,785.030000,228.760000
836.144069,269.187287,840.773170,279.310601,785.010000,228.730000
836.144069,269.187287,840.773170,279.310601,784.970000,228.750000
835.942803,268.797928,840.773170,279.310601,784.970000,228.740000
835.540273,267.045816,840.773170,279.310601,784.950000,228.760000
835.540273,267.045816,840.773170,279.310601,784.930000,228.750000
835.540273,267.045816,840.571905,278.921243,784.930000,228.740000
834.533947,266.656458,839.968109,278.726563,784.960000,228.750000
834.131416,266.656458,839.364313,277.947847,784.930000,228.750000
834.131416,266.656458,838.961783,277.753168,784.860000,228.780000
833.527620,266.072421,838.961783,277.753168,784.870000,228.770000
833.125090,265.683062,838.961783,277.753168,784.870000,228.760000
833.125090,265.293704,838.961783,277.753168,784.850000,228.770000
833.125090,265.293704,838.961783,277.753168,784.810000,228.760000
832.923824,264.514988,838.961783,277.363810,784.850000,228.770000
832.923824,264.514988,838.961783,277.363810,784.860000,228.750000
832.923824,264.514988,838.961783,277.363810,784.840000,228.770000
832.521294,263.541592,838.961783,277.169131,784.800000,228.780000
832.521294,263.541592,838.760517,275.806377,784.800000,228.770000
831.716233,262.568197,838.760517,275.806377,784.770000,228.790000
831.716233,262.568197,838.760517,275.806377,784.720000,228.810000
831.716233,262.568197,838.559252,275.417018,784.690000,228.820000
831.716233,262.568197,838.357987,275.027660,784.730000,228.780000
831.514967,262.178838,838.357987,275.027660,784.690000,228.800000
831.514967,262.178838,838.357987,275.027660,784.720000,228.800000
829.703580,262.178838,836.949130,274.054265,784.700000,228.800000
829.703580,262.178838,836.949130,274.054265,784.700000,228.810000
829.703580,262.178838,836.949130,274.054265,784.690000,228.820000
829.703580,262.178838,836.949130,274.054265,784.670000,228.830000
829.703580,262.178838,836.747865,273.080869,784.670000,228.810000
829.703580,262.178838,836.546599,272.886190,784.660000,228.800000
829.703580,261.984159,836.546599,272.886190,784.630000,228.820000
829.099784,261.205443,836.345334,273.080869,784.580000,228.830000
828.898519,260.426726,835.540273,273.275548,784.610000,228.810000
828.898519,260.426726,835.540273,273.275548,784.570000,228.840000
828.495988,259.842689,834.936477,272.886190,784.620000,228.830000
827.489662,258.869293,834.936477,272.886190,784.650000,228.850000
827.489662,258.869293,834.936477,272.886190,784.660000,228.840000
827.489662,258.869293,834.533947,272.302153,784.620000,228.830000
827.489662,258.869293,833.930151,271.523436,784.570000,228.860000
827.489662,258.869293,833.527620,270.939399,784.530000,228.870000
827.489662,258.869293,833.527620,269.966003,784.220000,228.950000
827.489662,258.869293,833.527620,269.966003,784.230000,228.930000
827.288396,258.479935,833.527620,269.966003,784.210000,228.960000
826.282070,257.117181,833.527620,269.966003,784.190000,228.960000
826.282070,257.117181,833.527620,269.187287,784.180000,228.990000
826.080805,256.533144,833.527620,269.187287,784.180000,228.990000
826.080805,256.143786,833.527620,269.187287,784.200000,228.990000
825.879540,255.170390,833.527620,269.187287,784.170000,228.990000
825.879540,255.170390,833.527620,269.187287,784.180000,229.000000
825.879540,254.975711,833.527620,269.187287,784.150000,229.000000
825.879540,254.975711,833.527620,269.187287,784.120000,229.010000
825.879540,254.975711,833.527620,269.187287,784.170000,229.010000
825.879540,254.975711,833.527620,268.797928,784.120000,229.000000
825.879540,252.834241,833.125090,267.629854,784.150000,228.990000
825.879540,252.444882,832.923824,267.629854,784.120000,229.010000
825.879540,251.666166,832.923824,267.629854,784.120000,229.000000
825.879540,250.887449,832.923824,267.629854,784.080000,229.020000
825.879540,250.887449,832.521294,266.851137,784.090000,229.020000
825.879540,250.887449,832.521294,266.851137,784.100000,229.020000
825.879540,250.887449,832.521294,266.851137,784.100000,229.030000
825.879540,250.887449,832.521294,266.851137,784.100000,229.040000
825.879540,250.887449,832.521294,266.461779,784.070000,229.040000
825.879540,250.887449,832.521294,266.461779,784.070000,229.050000
825.477009,250.303412,832.521294,266.461779,784.060000,229.050000
825.477009,249.719375,832.521294,266.267100,784.050000,229.060000
825.477009,249.719375,832.320028,265.293704,784.040000,229.060000
825.477009,249.719375,832.320028,265.293704,784.050000,229.050000
825.477009,249.719375,832.320028,265.293704,784.020000,229.080000
825.477009,249.719375,831.917498,264.320309,784.000000,229.070000
825.477009,249.524696,831.514967,263.541592,783.990000,229.080000
825.477009,248.356621,831.514967,263.541592,784.030000,229.070000
825.275744,246.604509,831.514967,263.541592,784.000000,229.090000
825.074478,245.825792,831.514967,263.541592,783.980000,229.080000
824.671948,244.657718,831.313702,263.541592,783.940000,229.090000
824.470683,243.489643,831.313702,263.346913,783.950000,229.090000
824.470683,243.489643,831.313702,263.346913,783.930000,229.100000
824.470683,243.100285,830.709906,261.984159,783.950000,229.110000
824.068152,241.737531,830.709906,261.984159,783.940000,229.120000
824.068152,241.737531,830.709906,261.984159,783.920000,229.130000
824.068152,240.569456,830.709906,261.984159,783.920000,229.120000
823.866887,240.374777,829.904845,262.568197,783.900000,229.140000
823.665621,239.985419,829.502315,261.984159,783.880000,229.130000
823.061826,239.012023,828.898519,261.984159,783.850000,229.140000
822.860560,239.012023,828.898519,261.984159,783.840000,229.140000
822.659295,238.817344,828.898519,261.984159,783.840000,229.150000
822.458030,238.817344,828.898519,261.984159,783.840000,229.180000
822.458030,238.817344,828.898519,261.984159,783.830000,229.180000
822.458030,238.817344,828.898519,261.984159,783.820000,229.180000
822.458030,238.817344,828.898519,261.984159,783.820000,229.190000
822.458030,238.817344,828.898519,261.984159,783.820000,229.190000
822.458030,238.817344,828.898519,261.984159,783.800000,229.200000
822.055499,237.649269,828.898519,261.984159,783.780000,229.240000
822.055499,237.649269,828.898519,261.984159,783.780000,229.220000
822.055499,237.649269,828.898519,261.984159,783.800000,229.220000
822.055499,237.649269,828.898519,261.984159,783.790000,229.220000
822.055499,237.649269,828.898519,261.984159,783.790000,229.210000
822.055499,236.870553,828.898519,261.594801,783.770000,229.250000
822.055499,236.481195,828.898519,261.594801,783.770000,229.250000
822.055499,236.481195,828.898519,261.594801,783.740000,229.270000
821.250438,236.091836,828.294723,261.010764,783.740000,229.260000
821.049173,235.507799,828.294723,261.010764,783.730000,229.300000
821.049173,235.507799,828.495988,259.842689,783.740000,229.300000
820.445377,235.118441,828.495988,259.842689,783.710000,229.290000
820.042846,235.118441,828.495988,259.842689,783.710000,229.290000
819.439051,234.339724,828.495988,259.842689,783.650000,229.300000
819.439051,234.339724,828.495988,259.842689,783.680000,229.290000
819.439051,234.339724,828.495988,259.842689,783.690000,229.290000
819.439051,234.339724,828.495988,259.842689,783.660000,229.300000
819.439051,234.339724,828.294723,259.258652,783.640000,229.310000
819.439051,234.339724,828.294723,257.895898,783.640000,229.300000
819.439051,234.339724,828.294723,257.895898,783.600000,229.330000
819.439051,234.339724,828.294723,257.895898,783.680000,229.230000
819.439051,234.339724,827.892192,257.701219,783.710000,229.220000
819.439051,234.339724,827.892192,257.701219,783.700000,229.260000
819.439051,234.339724,827.892192,257.701219,783.680000,229.290000
818.432724,233.755687,827.892192,257.701219,783.700000,229.280000
818.432724,233.755687,827.288396,257.506539,783.680000,229.300000
818.432724,233.755687,827.288396,257.506539,783.730000,229.250000
818.432724,233.755687,827.288396,257.506539,783.680000,229.270000
818.432724,233.755687,827.087131,257.506539,783.710000,229.250000
818.432724,233.755687,827.087131,257.506539,783.690000,229.290000
818.432724,233.755687,827.087131,257.506539,783.720000,229.260000
819.036520,233.755687,826.684601,257.506539,783.700000,229.280000
819.036520,233.755687,826.684601,257.506539,783.690000,229.270000
819.036520,233.755687,826.684601,257.506539,783.660000,229.330000
819.036520,233.755687,826.684601,257.506539,783.660000,229.320000
819.439051,234.534403,826.684601,257.506539,783.680000,229.330000
819.439051,234.534403,826.483335,256.727823,783.700000,229.300000
819.640316,235.118441,826.483335,256.727823,783.710000,229.270000
819.640316,235.118441,826.483335,256.727823,783.580000,229.340000
819.841581,235.118441,826.483335,256.727823,783.120000,229.610000
819.841581,235.118441,826.282070,256.727823,782.960000,230.100000
819.841581,235.118441,826.282070,256.533144,782.770000,230.660000
819.841581,235.118441,826.282070,256.533144,782.760000,230.650000
819.841581,235.118441,826.282070,256.727823,782.730000,230.660000
819.841581,235.118441,825.678274,257.506539,782.720000,230.680000
819.841581,235.118441,825.275744,257.311860,782.680000,230.700000
819.841581,235.118441,825.275744,257.117181,782.660000,230.690000
819.841581,235.118441,825.275744,257.117181,782.680000,230.670000
819.841581,235.118441,825.275744,257.117181,782.640000,230.700000
819.841581,235.118441,825.275744,256.922502,782.640000,230.700000
819.841581,235.118441,825.275744,256.922502,782.510000,230.770000
819.841581,235.118441,825.275744,256.922502,782.300000,230.790000
819.439051,236.091836,824.671948,256.922502,782.310000,230.790000
819.439051,236.091836,824.671948,256.922502,782.310000,230.790000
819.439051,236.091836,824.671948,256.922502,782.290000,230.810000
819.439051,236.091836,824.671948,256.922502,782.270000,230.800000
819.439051,236.091836,824.068152,257.506539,782.260000,230.820000
819.439051,236.091836,823.263091,257.311860,782.220000,230.840000
819.439051,236.091836,823.263091,257.311860,782.200000,230.840000
819.439051,236.091836,823.263091,257.311860,782.190000,230.850000
819.439051,236.091836,821.652969,257.895898,782.180000,230.840000
819.439051,236.091836,821.652969,257.701219,782.190000,230.850000
819.439051,236.091836,821.652969,257.701219,782.160000,230.880000
819.439051,237.065232,821.652969,257.701219,782.140000,230.860000
819.439051,237.065232,821.652969,257.701219,782.130000,230.890000
819.439051,237.065232,821.652969,257.701219,782.000000,230.880000
819.439051,237.065232,821.652969,257.701219,782.060000,230.880000
819.439051,237.065232,821.652969,257.701219,782.080000,230.910000
819.439051,237.454590,821.652969,257.701219,782.060000,230.890000
819.439051,237.454590,821.652969,257.701219,782.040000,230.910000
819.439051,237.454590,821.652969,257.701219,782.010000,230.920000
819.439051,237.454590,821.652969,257.701219,782.000000,230.920000
819.439051,237.454590,821.652969,257.701219,782.030000,230.920000
819.439051,237.454590,821.652969,257.701219,782.000000,230.920000
819.439051,237.454590,821.652969,257.701219,781.970000,230.940000
819.439051,237.454590,821.652969,257.701219,781.990000,230.960000
819.439051,237.454590,821.652969,257.701219,781.970000,230.960000
819.439051,237.454590,821.652969,257.701219,781.940000,230.950000
819.439051,237.454590,821.652969,257.701219,781.940000,230.970000
819.439051,237.454590,821.652969,257.701219,781.940000,230.980000
818.835255,237.843948,821.652969,257.701219,781.830000,230.970000
818.835255,237.843948,821.652969,257.701219,781.860000,230.980000
818.835255,238.038628,821.652969,257.701219,781.850000,230.980000
818.835255,238.038628,821.652969,257.701219,781.840000,230.980000
818.835255,238.038628,821.652969,257.701219,781.850000,231.000000
818.835255,238.038628,821.652969,257.701219,781.840000,231.000000
818.835255,238.038628,821.652969,257.701219,781.820000,231.030000
818.835255,238.038628,821.854234,257.701219,781.790000,231.050000
818.835255,238.038628,821.854234,257.701219,781.820000,231.050000
818.835255,238.038628,821.049173,257.701219,781.810000,231.050000
818.835255,238.038628,821.049173,257.701219,781.800000,231.040000
818.835255,238.038628,821.049173,257.701219,781.820000,231.040000
818.835255,238.038628,821.049173,257.701219,781.780000,231.060000
818.835255,238.233307,821.049173,257.701219,781.770000,231.070000
818.835255,238.233307,821.049173,257.701219,781.760000,231.060000
818.835255,238.817344,820.646642,257.895898,781.750000,231.060000
818.835255,238.817344,820.445377,257.895898,781.770000,231.080000
818.835255,238.817344,820.445377,257.895898,781.760000,231.120000
818.835255,238.817344,820.445377,257.895898,781.760000,231.120000
818.835255,238.817344,820.445377,257.895898,781.730000,231.110000
818.835255,238.817344,820.445377,257.895898,781.670000,231.110000
818.835255,238.817344,820.445377,257.895898,781.700000,231.110000
818.835255,238.817344,820.042846,258.869293,781.690000,231.130000
818.835255,239.012023,820.042846,258.869293,781.660000,231.140000
818.835255,239.401381,820.042846,258.869293,781.650000,231.150000
818.835255,239.401381,820.042846,258.869293,781.630000,231.150000
818.835255,239.401381,820.042846,258.869293,781.640000,231.130000
818.835255,240.569456,820.042846,258.869293,781.650000,231.140000
818.835255,240.569456,820.042846,258.869293,781.640000,231.130000
818.835255,240.569456,820.042846,258.869293,781.630000,231.140000
818.835255,240.569456,820.042846,258.869293,781.600000,231.200000
818.835255,240.569456,820.042846,258.869293,781.600000,231.180000
818.835255,240.569456,820.042846,258.869293,781.590000,231.200000
818.835255,240.569456,820.042846,258.869293,781.670000,231.130000
818.835255,240.569456,820.042846,258.869293,781.630000,231.160000
818.835255,240.569456,820.042846,258.869293,781.560000,231.180000
818.835255,240.569456,820.042846,258.869293,781.600000,231.160000
818.835255,240.958814,820.042846,258.869293,781.620000,231.160000
818.835255,240.958814,820.042846,258.869293,781.680000,231.130000
818.835255,240.958814,820.042846,258.869293,781.670000,231.160000
818.835255,241.348173,820.042846,258.869293,781.630000,231.150000
818.835255,241.348173,820.042846,258.869293,781.660000,231.160000
818.030194,241.932210,820.042846,258.869293,781.590000,231.170000
818.030194,241.932210,819.640316,259.258652,781.510000,231.200000
818.030194,241.932210,819.439051,259.453331,781.290000,231.290000
818.030194,241.932210,819.439051,259.453331,781.250000,231.250000
818.030194,241.932210,819.439051,259.648010,781.290000,231.260000
818.030194,242.321568,819.439051,259.648010,781.290000,231.250000
818.030194,242.321568,819.439051,259.648010,781.240000,231.270000
818.030194,242.905606,819.439051,259.648010,781.260000,231.260000
818.030194,242.905606,819.439051,259.648010,781.270000,231.260000
818.030194,242.905606,819.439051,259.648010,781.210000,231.250000
818.030194,242.905606,819.439051,259.648010,781.210000,231.240000
818.030194,242.905606,819.439051,259.648010,781.220000,231.220000
818.030194,242.905606,819.439051,259.648010,781.190000,231.230000
818.030194,242.905606,819.439051,259.648010,781.190000,231.210000
818.030194,242.905606,819.237785,259.842689,781.220000,231.190000
818.030194,242.905606,818.835255,259.842689,781.170000,231.200000
818.030194,242.905606,818.835255,259.842689,781.120000,231.210000
818.030194,242.905606,818.835255,259.842689,781.180000,231.180000
818.030194,242.905606,818.633989,260.037368,781.140000,231.210000
818.030194,242.905606,818.835255,260.232047,781.150000,231.190000
818.030194,243.100285,819.036520,260.232047,781.170000,231.180000
818.030194,243.100285,819.439051,260.232047,781.150000,231.190000
818.030194,243.100285,819.439051,260.232047,781.120000,231.190000
818.030194,243.100285,819.640316,260.816085,781.100000,231.190000
818.030194,243.100285,819.841581,261.010764,781.130000,231.170000
818.030194,243.100285,819.841581,261.010764,781.100000,231.190000
818.030194,243.100285,819.841581,261.010764,781.100000,231.190000
818.030194,243.100285,819.841581,261.010764,781.120000,231.190000
818.030194,243.100285,819.841581,261.010764,781.180000,231.160000
818.030194,243.294964,819.841581,261.400122,781.200000,231.140000
818.030194,243.684322,819.841581,261.400122,781.160000,231.140000
818.030194,244.073680,819.841581,261.400122,781.160000,231.140000
818.231459,244.073680,819.841581,261.400122,781.150000,231.140000
818.231459,244.073680,819.841581,261.400122,781.140000,231.120000
818.231459,244.073680,819.841581,261.400122,781.190000,231.120000
818.231459,244.268359,819.841581,261.400122,781.160000,231.110000
818.231459,244.657718,819.841581,261.400122,781.170000,231.110000
818.432724,245.047076,819.841581,261.400122,781.190000,231.080000
818.432724,245.047076,819.841581,261.400122,781.070000,231.100000
818.432724,245.241755,819.439051,261.400122,781.130000,231.080000
818.633989,245.631113,819.439051,261.594801,781.150000,231.070000
818.633989,245.631113,819.439051,261.594801,781.130000,231.080000
818.633989,245.631113,819.439051,261.594801,781.110000,231.080000
818.633989,245.631113,819.439051,261.594801,781.090000,231.060000
818.633989,245.631113,819.439051,261.594801,781.090000,231.050000
818.633989,245.631113,819.439051,261.594801,781.140000,231.030000
818.633989,245.631113,819.439051,261.594801,781.120000,231.040000
818.633989,245.631113,819.439051,261.594801,781.100000,231.060000
818.633989,245.631113,819.439051,261.594801,781.070000,231.080000
818.633989,245.825792,819.036520,261.594801,781.050000,231.090000
818.633989,246.020471,818.835255,261.789480,781.070000,231.070000
818.633989,246.020471,818.432724,261.789480,781.030000,231.080000
817.828928,246.409830,818.030194,262.178838,781.040000,231.080000
818.633989,246.215151,818.030194,262.178838,781.040000,231.100000
818.633989,246.215151,818.030194,262.178838,781.030000,231.090000
818.633989,246.215151,818.030194,262.178838,781.060000,231.080000
818.633989,246.215151,818.030194,262.178838,781.050000,231.080000
818.835255,246.799188,818.030194,262.178838,781.010000,231.080000
818.835255,246.799188,818.030194,262.178838,781.020000,231.080000
818.835255,246.799188,818.030194,262.373517,781.060000,231.080000
818.835255,246.799188,818.030194,262.373517,781.070000,231.080000
818.835255,247.188546,817.828928,262.373517,781.050000,231.090000
818.835255,247.188546,817.828928,262.373517,781.050000,231.090000
818.835255,247.188546,817.828928,262.373517,781.080000,231.090000
818.835255,247.188546,817.828928,262.373517,781.060000,231.120000
818.835255,247.188546,817.828928,262.373517,781.080000,231.110000
818.835255,247.188546,817.828928,262.373517,781.040000,231.110000
818.835255,247.188546,817.828928,262.373517,781.060000,231.090000
818.835255,247.188546,817.828928,262.373517,781.040000,231.110000
818.835255,247.188546,817.828928,262.373517,781.030000,231.120000
818.835255,247.188546,817.828928,262.373517,781.060000,231.110000
818.835255,247.188546,817.828928,262.373517,781.100000,231.080000
818.835255,247.188546,817.828928,262.373517,781.080000,231.090000
818.835255,247.188546,817.828928,262.373517,781.090000,231.060000
818.835255,247.188546,817.828928,262.373517,781.090000,231.070000
818.835255,247.188546,817.828928,262.373517,781.080000,231.070000
818.835255,247.188546,817.828928,262.373517,781.120000,231.050000
818.835255,247.188546,817.828928,262.373517,781.140000,231.060000
818.835255,247.188546,817.828928,262.373517,781.100000,231.070000
818.835255,247.188546,817.828928,262.373517,781.010000,231.100000
818.835255,247.188546,817.828928,262.373517,781.030000,231.110000
818.835255,247.383225,817.828928,262.373517,781.070000,231.090000
818.835255,247.383225,817.828928,262.373517,781.030000,231.090000
818.835255,247.383225,817.828928,262.373517,781.060000,231.100000
818.835255,247.383225,817.828928,262.373517,781.100000,231.080000
818.835255,247.383225,817.828928,262.373517,781.080000,231.100000
818.835255,247.383225,817.828928,262.373517,781.110000,231.090000
818.835255,247.383225,817.828928,262.373517,781.150000,231.080000
818.835255,247.383225,817.828928,262.373517,781.140000,231.080000
818.835255,247.383225,817.828928,262.373517,781.150000,231.090000
818.835255,247.383225,817.828928,262.373517,781.140000,231.090000
818.835255,247.383225,817.426398,263.930950,781.160000,231.080000
818.835255,247.967263,817.426398,263.736271,781.140000,231.080000
818.835255,248.161942,817.426398,263.736271,781.220000,231.090000
818.835255,248.940658,817.426398,263.736271,781.230000,231.070000
819.036520,249.719375,817.426398,263.736271,781.220000,231.080000
819.036520,249.719375,817.426398,263.736271,781.210000,231.060000
819.036520,249.719375,817.426398,263.736271,781.230000,231.060000
819.036520,249.719375,817.426398,263.736271,781.200000,231.050000
819.036520,250.303412,817.426398,263.736271,781.250000,231.040000
819.036520,250.692770,817.426398,263.736271,781.230000,231.030000
819.036520,250.692770,817.426398,263.736271,781.220000,231.040000
819.036520,250.692770,817.426398,263.736271,781.250000,231.050000
819.036520,250.887449,817.426398,263.736271,781.240000,231.040000
819.036520,250.887449,817.426398,263.736271,781.200000,231.060000
819.036520,250.887449,817.426398,263.736271,781.220000,231.050000
819.036520,250.887449,817.023867,264.320309,781.290000,231.060000
819.036520,250.887449,816.621337,264.320309,781.280000,231.050000
819.036520,251.276808,816.621337,264.320309,781.280000,231.070000
819.439051,251.471487,816.621337,264.320309,781.290000,231.060000
819.439051,252.250203,816.621337,264.320309,781.280000,231.070000
819.439051,252.250203,816.621337,264.320309,781.210000,231.060000
819.439051,252.250203,816.621337,264.320309,781.240000,231.060000
819.237785,252.834241,816.621337,264.320309,781.210000,231.070000
819.237785,252.834241,816.621337,264.320309,781.210000,231.090000
819.237785,252.834241,816.621337,264.320309,781.210000,231.060000
819.237785,252.834241,816.621337,264.320309,781.220000,231.060000
819.237785,252.834241,816.621337,264.320309,781.180000,231.070000
819.841581,254.196994,816.621337,264.320309,781.160000,231.070000
819.841581,254.196994,816.621337,264.320309,781.210000,231.060000
819.841581,254.196994,816.621337,264.320309,781.190000,231.070000
819.841581,254.196994,816.621337,264.320309,781.180000,231.060000
819.841581,254.196994,816.621337,264.320309,781.210000,231.050000
819.841581,254.196994,816.621337,264.320309,781.160000,231.080000
819.841581,254.196994,816.621337,264.320309,781.150000,231.100000
819.841581,254.586353,816.621337,264.320309,781.220000,231.060000
819.841581,254.586353,816.621337,264.709667,781.200000,231.060000
819.841581,254.586353,816.621337,264.709667,781.240000,231.050000
819.841581,254.586353,816.621337,264.709667,781.250000,231.040000
819.841581,254.586353,816.017541,264.904346,781.280000,231.050000
819.841581,254.586353,815.615010,265.293704,781.280000,231.040000
819.841581,254.586353,815.615010,265.293704,781.250000,231.030000
819.841581,254.781032,815.615010,265.293704,781.280000,231.040000
819.841581,254.781032,815.615010,265.293704,781.250000,231.050000
819.841581,254.781032,815.615010,265.293704,781.250000,231.060000
819.841581,254.781032,815.615010,265.293704,781.250000,231.040000
819.841581,254.781032,815.615010,265.293704,781.230000,231.050000
819.640316,254.975711,815.615010,265.293704,781.280000,231.030000
819.640316,254.975711,815.615010,265.293704,781.240000,231.050000
819.640316,254.975711,815.615010,265.877742,781.280000,231.040000
819.640316,254.975711,815.615010,265.877742,781.320000,231.030000
819.640316,254.975711,815.615010,265.877742,781.290000,231.030000
819.841581,255.559748,815.615010,265.877742,781.300000,231.030000
819.841581,255.559748,815.615010,265.877742,781.280000,231.030000
820.042846,255.559748,815.615010,265.877742,781.290000,231.040000
820.042846,255.559748,815.615010,265.877742,781.310000,231.050000
820.042846,255.559748,815.615010,265.877742,781.320000,231.050000
820.042846,255.949107,815.615010,265.877742,781.290000,231.050000
820.042846,255.949107,815.615010,265.877742,781.300000,231.050000
820.042846,255.949107,815.615010,265.877742,781.260000,231.050000
820.244112,255.949107,815.615010,265.877742,781.220000,231.050000
820.244112,255.949107,815.413745,266.267100,781.250000,231.040000
820.244112,256.338465,815.212480,266.267100,781.230000,231.030000
820.244112,256.338465,815.212480,266.267100,781.210000,231.080000
820.244112,256.338465,815.011214,266.267100,781.190000,231.050000
820.244112,256.338465,814.608684,266.461779,781.180000,231.060000
820.244112,256.338465,814.608684,266.461779,781.240000,231.040000
820.244112,256.533144,814.608684,266.461779,781.200000,231.050000
820.244112,256.533144,814.608684,266.461779,781.210000,231.060000
820.244112,256.533144,814.608684,266.461779,781.200000,231.050000
820.244112,256.533144,814.608684,266.461779,781.200000,231.060000
820.244112,256.533144,814.608684,266.461779,781.150000,231.060000
820.244112,256.533144,814.608684,266.461779,781.200000,231.050000
820.244112,256.533144,814.608684,266.461779,781.220000,231.030000
820.244112,256.533144,814.608684,266.461779,781.250000,231.030000
820.244112,256.533144,814.608684,266.461779,781.190000,231.040000
820.244112,256.727823,814.608684,266.461779,781.140000,231.040000
820.244112,256.727823,814.608684,266.461779,781.150000,231.030000
820.244112,257.895898,814.608684,266.461779,781.210000,231.060000
820.244112,257.895898,814.608684,266.461779,781.170000,231.070000
820.244112,257.895898,814.608684,266.461779,781.210000,231.060000
820.244112,257.895898,814.608684,266.461779,781.200000,231.040000
820.244112,257.895898,814.608684,266.461779,781.190000,231.050000
820.244112,257.895898,814.608684,266.461779,781.180000,231.060000
820.244112,258.090577,814.608684,266.461779,781.180000,231.050000
820.244112,258.090577,814.608684,266.461779,781.190000,231.030000
820.244112,258.090577,814.608684,266.461779,781.140000,231.040000
820.244112,258.090577,814.608684,266.461779,781.100000,231.060000
820.244112,258.090577,814.608684,266.461779,781.090000,231.050000
820.244112,258.285256,814.608684,266.461779,781.080000,231.050000
820.244112,258.285256,814.608684,266.461779,781.130000,231.030000
820.244112,258.285256,814.608684,266.461779,781.090000,231.040000
820.244112,258.479935,814.608684,266.461779,781.080000,231.040000
820.244112,258.479935,814.608684,266.461779,781.020000,231.000000
820.244112,258.479935,814.608684,266.461779,781.010000,230.990000
820.244112,258.479935,814.608684,266.461779,781.020000,231.010000
820.244112,258.479935,814.608684,266.461779,781.020000,231.000000
820.244112,258.674614,814.608684,266.461779,781.040000,231.000000
820.244112,258.674614,814.608684,266.461779,781.050000,230.990000
820.244112,258.869293,814.608684,266.461779,781.040000,230.980000
820.445377,259.063972,814.608684,266.461779,781.010000,230.980000
820.445377,259.063972,814.608684,266.461779,780.950000,231.000000
820.445377,259.258652,814.608684,266.461779,780.980000,231.000000
820.445377,259.258652,814.608684,266.461779,781.010000,230.980000
820.445377,259.258652,814.608684,266.461779,780.980000,230.960000
820.445377,259.258652,814.608684,266.461779,780.990000,230.970000
820.445377,259.258652,814.608684,266.461779,780.980000,230.980000
820.445377,259.258652,814.608684,266.461779,780.970000,230.970000
820.445377,259.648010,814.608684,266.461779,780.950000,230.970000
820.445377,259.842689,814.608684,266.461779,780.950000,230.930000
820.847908,260.232047,814.608684,266.461779,780.980000,230.940000
820.847908,260.232047,814.608684,266.461779,780.960000,230.940000
820.847908,261.205443,814.608684,266.461779,780.950000,230.950000
821.049173,261.205443,814.608684,266.461779,780.920000,230.940000
821.049173,261.205443,814.608684,266.461779,780.890000,230.940000
821.049173,261.984159,814.608684,266.461779,780.900000,230.920000
821.049173,262.373517,814.608684,266.461779,780.890000,230.910000
821.049173,262.568197,814.608684,266.461779,780.860000,230.910000
821.049173,263.541592,814.608684,266.461779,780.860000,230.910000
820.847908,263.541592,814.608684,266.461779,780.840000,230.900000
820.847908,263.736271,814.608684,266.461779,780.750000,230.920000
820.847908,263.736271,814.608684,266.461779,780.750000,230.920000
820.847908,263.736271,814.608684,266.461779,780.770000,230.930000
820.847908,264.125630,814.608684,266.461779,780.870000,230.900000
820.847908,264.125630,814.608684,266.461779,780.770000,230.920000
820.646642,265.099025,814.608684,266.461779,780.760000,230.910000
820.646642,265.488383,814.608684,266.461779,780.800000,230.910000
820.445377,266.656458,814.608684,266.461779,780.800000,230.910000
820.445377,266.656458,814.608684,266.461779,780.750000,230.910000
820.445377,266.656458,814.608684,266.461779,780.760000,230.880000
820.445377,267.045816,814.608684,266.461779,780.770000,230.870000
820.445377,267.045816,814.608684,266.461779,780.740000,230.870000
820.445377,267.045816,814.608684,266.461779,780.750000,230.880000
820.445377,267.045816,814.608684,266.461779,780.730000,230.900000
820.445377,267.045816,814.608684,266.461779,780.710000,230.910000
820.445377,267.045816,814.608684,266.461779,780.720000,230.900000
820.445377,267.045816,814.608684,266.461779,780.710000,230.890000
NaN,NaN,814.608684,266.461779,780.710000,230.890000
NaN,NaN,814.608684,266.461779,780.540000,230.910000
NaN,NaN,814.608684,266.461779,780.170000,230.980000
NaN,NaN,814.608684,266.461779,780.160000,230.960000
NaN,NaN,814.608684,266.461779,780.140000,230.970000
NaN,NaN,814.608684,266.461779,780.150000,230.960000
NaN,NaN,814.608684,266.461779,780.140000,230.980000
NaN,NaN,814.608684,266.461779,780.120000,230.970000
NaN,NaN,814.608684,266.461779,780.080000,230.970000
NaN,NaN,814.608684,266.461779,780.090000,230.960000
NaN,NaN,814.608684,266.461779,780.000000,230.990000
NaN,NaN,814.608684,266.461779,780.040000,230.950000
NaN,NaN,814.608684,266.461779,779.970000,230.960000
NaN,NaN,814.608684,266.461779,780.070000,230.930000
NaN,NaN,814.608684,266.461779,780.050000,230.940000
NaN,NaN,814.608684,266.461779,780.030000,230.940000
NaN,NaN,814.608684,266.461779,780.030000,230.910000
NaN,NaN,814.608684,266.461779,780.020000,230.920000
NaN,NaN,814.608684,266.461779,779.960000,230.930000
NaN,NaN,814.608684,266.461779,779.940000,230.930000
NaN,NaN,814.608684,266.461779,779.910000,230.920000
NaN,NaN,814.608684,266.461779,779.910000,230.920000
NaN,NaN,814.608684,266.461779,779.920000,230.910000
NaN,NaN,814.608684,266.461779,779.900000,230.910000
NaN,NaN,814.608684,266.461779,779.870000,230.900000
NaN,NaN,813.602358,266.656458,779.890000,230.900000
NaN,NaN,813.602358,266.656458,779.880000,230.900000
NaN,NaN,813.401092,266.267100,779.850000,230.890000
NaN,NaN,813.401092,266.267100,779.900000,230.890000
NaN,NaN,813.401092,266.267100,779.870000,230.890000
NaN,NaN,813.401092,266.267100,779.880000,230.900000
NaN,NaN,813.401092,266.267100,779.840000,230.880000
NaN,NaN,813.401092,266.267100,779.850000,230.850000
NaN,NaN,813.401092,266.267100,779.800000,230.890000
NaN,NaN,813.401092,266.267100,779.790000,230.900000
NaN,NaN,813.401092,266.267100,779.760000,230.900000
NaN,NaN,813.401092,266.267100,779.780000,230.890000
NaN,NaN,813.401092,266.267100,779.780000,230.880000
NaN,NaN,813.401092,266.267100,779.740000,230.910000
NaN,NaN,813.401092,266.267100,779.770000,230.890000
NaN,NaN,813.401092,266.267100,779.770000,230.870000
NaN,NaN,813.401092,266.267100,779.760000,230.880000
NaN,NaN,813.401092,266.267100,779.710000,230.890000
NaN,NaN,813.401092,266.267100,779.680000,230.890000
NaN,NaN,813.401092,266.267100,779.710000,230.880000
NaN,NaN,813.401092,266.267100,779.670000,230.880000
NaN,NaN,813.401092,266.267100,779.740000,230.860000
NaN,NaN,813.401092,266.267100,779.730000,230.860000
NaN,NaN,813.401092,266.267100,779.740000,230.860000
NaN,NaN,813.401092,266.267100,779.710000,230.880000
NaN,NaN,813.401092,266.267100,779.690000,230.870000
NaN,NaN,813.401092,266.267100,779.660000,230.870000
NaN,NaN,813.401092,266.267100,779.610000,230.870000
NaN,NaN,813.401092,266.267100,779.640000,230.840000
NaN,NaN,813.401092,266.267100,779.620000,230.830000
NaN,NaN,813.401092,266.267100,779.570000,230.840000
NaN,NaN,813.401092,266.267100,779.530000,230.850000
NaN,NaN,813.401092,266.267100,779.250000,230.930000
NaN,NaN,813.401092,266.267100,779.240000,230.910000
NaN,NaN,813.401092,266.267100,779.250000,230.910000
NaN,NaN,813.401092,266.267100,779.200000,230.920000
NaN,NaN,813.401092,266.267100,779.180000,230.930000
NaN,NaN,813.401092,266.267100,779.190000,230.920000
NaN,NaN,813.401092,266.267100,779.150000,230.920000
NaN,NaN,813.401092,266.267100,779.130000,230.920000
NaN,NaN,813.401092,266.267100,779.090000,230.930000
NaN,NaN,813.401092,266.267100,779.110000,230.920000
NaN,NaN,813.803623,266.267100,779.110000,230.910000
NaN,NaN,814.004888,266.267100,779.100000,230.900000
NaN,NaN,814.206153,266.267100,779.080000,230.900000
NaN,NaN,814.206153,266.267100,779.080000,230.880000
NaN,NaN,814.206153,266.267100,779.080000,230.890000
NaN,NaN,814.206153,266.267100,779.090000,230.890000
NaN,NaN,814.206153,266.267100,779.090000,230.870000
NaN,NaN,814.206153,266.267100,779.070000,230.860000
NaN,NaN,814.206153,266.267100,779.040000,230.870000
NaN,NaN,814.206153,266.267100,778.960000,230.850000
NaN,NaN,814.206153,266.267100,779.010000,230.830000
NaN,NaN,814.206153,266.267100,778.940000,230.850000
NaN,NaN,814.206153,266.267100,778.920000,230.860000
NaN,NaN,814.206153,266.267100,778.910000,230.860000
NaN,NaN,814.206153,266.267100,778.930000,230.850000
NaN,NaN,814.206153,266.267100,778.940000,230.830000
NaN,NaN,814.206153,266.267100,778.960000,230.840000
NaN,NaN,814.206153,266.267100,778.980000,230.810000
NaN,NaN,814.206153,266.267100,778.960000,230.820000
NaN,NaN,814.206153,266.267100,778.940000,230.820000
NaN,NaN,814.809949,266.851137,778.980000,230.800000
NaN,NaN,814.809949,266.851137,778.960000,230.800000
NaN,NaN,814.809949,266.851137,778.940000,230.810000
NaN,NaN,814.809949,266.851137,778.950000,230.770000
NaN,NaN,814.809949,266.851137,778.810000,230.840000
NaN,NaN,814.809949,266.851137,778.810000,230.840000
NaN,NaN,814.809949,266.851137,778.850000,230.840000
NaN,NaN,814.809949,266.851137,778.880000,230.830000
NaN,NaN,814.809949,266.851137,778.820000,230.820000
NaN,NaN,814.809949,266.851137,778.830000,230.810000
NaN,NaN,815.011214,266.656458,778.830000,230.830000
NaN,NaN,815.020000,267.040000,778.820000,230.830000
NaN,NaN,815.030000,267.040000,778.800000,230.820000
NaN,NaN,815.060000,267.130000,778.840000,230.800000
NaN,NaN,815.100000,267.050000,778.810000,230.810000
NaN,NaN,815.110000,267.120000,778.810000,230.800000
NaN,NaN,815.120000,267.150000,778.810000,230.800000
NaN,NaN,815.170000,267.130000,778.780000,230.820000
NaN,NaN,815.150000,267.100000,778.800000,230.790000
NaN,NaN,815.230000,267.100000,778.790000,230.740000
NaN,NaN,815.230000,267.190000,778.780000,230.760000
NaN,NaN,815.260000,267.150000,778.730000,230.750000
NaN,NaN,815.260000,267.150000,778.720000,230.750000
NaN,NaN,815.300000,267.160000,778.720000,230.770000
NaN,NaN,815.390000,267.230000,778.750000,230.740000
NaN,NaN,815.380000,267.180000,778.760000,230.730000
NaN,NaN,815.380000,267.270000,778.720000,230.750000
NaN,NaN,815.530000,267.230000,778.700000,230.760000
NaN,NaN,815.610000,267.160000,778.730000,230.750000
NaN,NaN,815.630000,267.230000,778.770000,230.710000
NaN,NaN,815.630000,267.260000,778.760000,230.720000
NaN,NaN,815.670000,267.300000,778.720000,230.730000
NaN,NaN,815.720000,267.340000,778.760000,230.690000
NaN,NaN,815.810000,267.330000,778.720000,230.690000
NaN,NaN,815.890000,267.300000,778.690000,230.720000
NaN,NaN,815.870000,267.310000,778.680000,230.700000
NaN,NaN,815.930000,267.300000,778.570000,230.710000
NaN,NaN,815.870000,267.360000,778.130000,230.790000
NaN,NaN,815.940000,267.320000,778.110000,230.790000
NaN,NaN,815.930000,267.380000,778.070000,230.810000
NaN,NaN,815.950000,267.430000,778.030000,230.810000
NaN,NaN,815.980000,267.430000,778.030000,230.800000
NaN,NaN,816.000000,267.470000,778.030000,230.800000
NaN,NaN,815.970000,267.980000,778.050000,230.780000
NaN,NaN,816.000000,267.990000,778.060000,230.750000
NaN,NaN,816.030000,268.010000,778.090000,230.760000
NaN,NaN,816.030000,267.970000,778.090000,230.780000
NaN,NaN,816.050000,268.050000,778.050000,230.750000
NaN,NaN,816.070000,268.070000,778.110000,230.740000
NaN,NaN,816.130000,268.190000,778.080000,230.770000
NaN,NaN,816.150000,268.090000,778.050000,230.800000
NaN,NaN,816.140000,268.090000,778.040000,230.830000
NaN,NaN,816.140000,268.130000,778.050000,230.790000
NaN,NaN,816.190000,268.110000,777.980000,230.790000
NaN,NaN,816.200000,268.250000,777.950000,230.800000
NaN,NaN,816.220000,268.250000,777.960000,230.810000
NaN,NaN,816.210000,268.260000,777.950000,230.800000
NaN,NaN,816.230000,268.280000,777.980000,230.800000
NaN,NaN,816.250000,268.300000,777.960000,230.790000
NaN,NaN,816.250000,268.430000,777.970000,230.800000
NaN,NaN,816.160000,269.060000,777.930000,230.800000
NaN,NaN,816.010000,269.850000,778.010000,230.780000
NaN,NaN,816.030000,270.050000,777.970000,230.780000
NaN,NaN,816.060000,269.900000,777.910000,230.820000
NaN,NaN,816.120000,269.860000,777.950000,230.730000
NaN,NaN,816.120000,269.840000,777.910000,230.750000
NaN,NaN,816.140000,269.860000,777.960000,230.770000
NaN,NaN,816.160000,269.880000,777.900000,230.750000
NaN,NaN,816.170000,269.920000,777.880000,230.760000
NaN,NaN,816.190000,269.910000,777.900000,230.770000
NaN,NaN,816.200000,269.920000,777.930000,230.750000
NaN,NaN,816.240000,269.890000,777.860000,230.760000
NaN,NaN,816.290000,269.890000,777.940000,230.740000
NaN,NaN,816.280000,269.950000,777.940000,230.700000
NaN,NaN,816.310000,269.950000,777.890000,230.760000
NaN,NaN,816.310000,270.020000,777.910000,230.750000
NaN,NaN,816.350000,270.010000,777.860000,230.760000
NaN,NaN,816.450000,269.960000,777.890000,230.740000
NaN,NaN,816.600000,269.880000,777.880000,230.760000
NaN,NaN,816.640000,269.870000,777.990000,230.730000
NaN,NaN,816.660000,269.880000,776.989685,229.487856
NaN,NaN,816.710000,269.790000,776.860000,229.020000
NaN,NaN,816.700000,269.920000,777.050000,228.670000
NaN,NaN,816.720000,269.870000,777.040000,228.680000
NaN,NaN,816.840000,269.860000,776.970000,229.000000
NaN,NaN,816.810000,269.960000,776.970000,229.010000
NaN,NaN,816.860000,269.980000,776.920000,229.000000
NaN,NaN,816.880000,269.990000,776.910000,229.010000
NaN,NaN,816.890000,269.990000,776.900000,229.010000
NaN,NaN,816.960000,269.980000,776.910000,229.010000
NaN,NaN,816.960000,270.020000,776.890000,229.000000
NaN,NaN,816.980000,270.090000,776.880000,228.990000
NaN,NaN,816.980000,270.060000,776.870000,228.990000
NaN,NaN,817.020000,270.000000,776.880000,228.980000
NaN,NaN,817.050000,270.080000,776.870000,228.980000
NaN,NaN,817.040000,270.190000,776.860000,228.970000
NaN,NaN,817.030000,270.250000,776.840000,228.970000
NaN,NaN,817.070000,270.170000,776.840000,228.980000
NaN,NaN,817.130000,270.170000,776.820000,228.990000
NaN,NaN,817.180000,270.210000,776.840000,228.990000
NaN,NaN,817.130000,270.200000,776.840000,228.980000
NaN,NaN,817.160000,270.230000,776.830000,228.980000
NaN,NaN,817.270000,270.230000,776.810000,228.970000
NaN,NaN,817.280000,270.210000,776.820000,228.970000
NaN,NaN,817.330000,270.160000,776.820000,228.980000
NaN,NaN,817.360000,270.210000,776.830000,228.980000
NaN,NaN,817.440000,270.140000,776.820000,228.970000
NaN,NaN,817.570000,270.210000,776.820000,228.960000
NaN,NaN,817.630000,270.220000,776.810000,228.960000
NaN,NaN,817.680000,270.200000,776.800000,228.950000
NaN,NaN,817.670000,270.230000,776.780000,228.950000
NaN,NaN,817.700000,270.280000,776.780000,228.950000
NaN,NaN,817.730000,270.320000,776.780000,228.950000
NaN,NaN,817.770000,270.270000,776.760000,228.950000
NaN,NaN,817.810000,270.280000,776.760000,228.960000
NaN,NaN,817.830000,270.370000,776.750000,228.950000
NaN,NaN,817.860000,270.280000,776.730000,228.950000
NaN,NaN,817.870000,270.370000,776.730000,228.950000
NaN,NaN,817.900000,270.370000,776.700000,228.950000
NaN,NaN,817.930000,270.370000,776.700000,228.950000
NaN,NaN,818.030194,271.523436,776.700000,228.940000
NaN,NaN,818.030194,271.523436,776.680000,228.940000
NaN,NaN,818.030194,271.523436,776.690000,228.940000
NaN,NaN,818.030194,271.523436,776.670000,228.940000
NaN,NaN,818.030194,271.523436,776.680000,228.940000
NaN,NaN,818.030194,271.523436,776.660000,228.930000
NaN,NaN,818.030194,271.523436,776.670000,228.930000
NaN,NaN,818.030194,271.523436,776.670000,228.930000
NaN,NaN,818.030194,271.718115,776.650000,228.930000
NaN,NaN,818.030194,271.718115,776.640000,228.920000
NaN,NaN,818.030194,271.718115,776.650000,228.920000
NaN,NaN,818.030194,271.718115,776.640000,228.920000
NaN,NaN,818.030194,271.912794,776.660000,228.910000
NaN,NaN,818.030194,272.496832,776.640000,228.910000
NaN,NaN,818.030194,272.496832,776.630000,228.900000
NaN,NaN,818.030194,272.496832,776.610000,228.900000
NaN,NaN,818.030194,272.886190,776.600000,228.900000
NaN,NaN,818.030194,272.886190,776.590000,228.890000
NaN,NaN,818.030194,273.080869,776.580000,228.880000
NaN,NaN,817.828928,273.859585,776.560000,228.870000
NaN,NaN,817.828928,273.859585,776.570000,228.870000
NaN,NaN,817.828928,273.859585,776.550000,228.860000
NaN,NaN,817.828928,273.859585,776.550000,228.850000
NaN,NaN,817.828928,274.054265,776.520000,228.860000
NaN,NaN,817.828928,274.054265,776.200000,228.880000
NaN,NaN,817.828928,274.054265,776.200000,228.880000
NaN,NaN,817.828928,274.054265,776.200000,228.870000
NaN,NaN,817.828928,274.054265,776.190000,228.870000
NaN,NaN,817.828928,274.054265,776.180000,228.870000
NaN,NaN,817.828928,274.832981,776.180000,228.870000
NaN,NaN,817.828928,274.832981,776.180000,228.870000
NaN,NaN,817.828928,274.832981,776.170000,228.870000
NaN,NaN,817.828928,274.832981,776.160000,228.870000
NaN,NaN,817.828928,274.832981,776.150000,228.870000
NaN,NaN,817.828928,274.832981,776.120000,228.870000
NaN,NaN,817.828928,274.832981,776.140000,228.870000
NaN,NaN,817.828928,274.832981,776.140000,228.860000
NaN,NaN,817.828928,274.832981,776.150000,228.860000
NaN,NaN,817.828928,274.832981,776.140000,228.870000
NaN,NaN,817.828928,275.027660,776.120000,228.860000
NaN,NaN,817.828928,275.027660,776.130000,228.880000
NaN,NaN,818.835255,275.806377,776.120000,228.860000
NaN,NaN,819.036520,275.806377,776.110000,228.860000
NaN,NaN,819.036520,275.806377,776.110000,228.870000
NaN,NaN,819.036520,275.806377,776.120000,228.860000
NaN,NaN,818.633989,276.001056,776.100000,228.850000
NaN,NaN,818.633989,276.001056,776.090000,228.860000
NaN,NaN,818.633989,276.001056,776.090000,228.850000
NaN,NaN,818.633989,276.001056,776.090000,228.870000
NaN,NaN,818.633989,276.001056,776.060000,228.840000
NaN,NaN,818.633989,276.001056,776.050000,228.830000
NaN,NaN,818.633989,276.001056,776.060000,228.830000
NaN,NaN,818.633989,276.001056,776.070000,228.820000
NaN,NaN,818.633989,276.001056,776.060000,228.830000
NaN,NaN,818.633989,276.001056,776.070000,228.840000
NaN,NaN,818.633989,276.001056,776.080000,228.830000
NaN,NaN,818.633989,276.001056,776.070000,228.830000
NaN,NaN,818.633989,276.001056,776.060000,228.840000
NaN,NaN,818.633989,276.001056,776.070000,228.830000
NaN,NaN,818.633989,276.001056,776.050000,228.830000
NaN,NaN,818.633989,276.001056,776.030000,228.830000
NaN,NaN,818.633989,276.001056,776.040000,228.820000
NaN,NaN,818.633989,276.001056,776.020000,228.820000
NaN,NaN,818.633989,276.001056,776.040000,228.820000
NaN,NaN,818.633989,276.001056,776.010000,228.800000
NaN,NaN,818.633989,276.001056,776.010000,228.800000
NaN,NaN,818.633989,276.001056,776.010000,228.810000
NaN,NaN,818.633989,276.001056,776.030000,228.790000
NaN,NaN,818.633989,276.001056,776.000000,228.800000
NaN,NaN,818.633989,276.001056,776.020000,228.780000
NaN,NaN,818.633989,276.001056,776.010000,228.780000
NaN,NaN,818.633989,276.001056,776.000000,228.780000
NaN,NaN,818.633989,276.001056,775.980000,228.780000
NaN,NaN,818.633989,276.001056,776.000000,228.780000
NaN,NaN,818.633989,276.001056,776.000000,228.780000
NaN,NaN,818.633989,276.001056,776.000000,228.790000
NaN,NaN,818.633989,276.001056,776.000000,228.790000
NaN,NaN,818.633989,276.001056,775.990000,228.780000
NaN,NaN,818.633989,276.001056,775.980000,228.770000
NaN,NaN,818.633989,276.585093,775.990000,228.760000
NaN,NaN,818.633989,276.585093,775.980000,228.750000
NaN,NaN,818.633989,276.585093,775.970000,228.780000
NaN,NaN,818.633989,276.585093,775.980000,228.760000
NaN,NaN,818.633989,276.585093,775.970000,228.770000
NaN,NaN,818.633989,276.974451,775.940000,228.760000
NaN,NaN,818.633989,276.974451,775.930000,228.770000
NaN,NaN,818.633989,276.974451,775.910000,228.770000
NaN,NaN,818.633989,276.974451,775.910000,228.760000
NaN,NaN,818.633989,276.974451,775.900000,228.760000
NaN,NaN,818.633989,276.974451,775.890000,228.760000
NaN,NaN,818.835255,277.558489,775.900000,228.760000
NaN,NaN,819.439051,278.531884,775.880000,228.750000
NaN,NaN,819.439051,278.531884,775.870000,228.750000
NaN,NaN,819.439051,278.531884,775.870000,228.750000
NaN,NaN,819.439051,278.531884,775.900000,228.750000
NaN,NaN,819.640316,279.115922,775.870000,228.750000
NaN,NaN,819.640316,279.310601,775.840000,228.750000
NaN,NaN,819.640316,279.310601,775.860000,228.740000
NaN,NaN,819.640316,279.310601,775.850000,228.740000
NaN,NaN,819.640316,279.310601,775.860000,228.740000
NaN,NaN,819.640316,279.310601,775.850000,228.740000
NaN,NaN,819.640316,279.310601,775.840000,228.750000
NaN,NaN,819.640316,279.310601,775.840000,228.740000
NaN,NaN,819.640316,279.310601,775.840000,228.740000
NaN,NaN,819.640316,279.310601,775.840000,228.740000
NaN,NaN,819.640316,279.310601,775.840000,228.740000
NaN,NaN,819.640316,279.310601,775.810000,228.740000
NaN,NaN,819.640316,279.310601,775.800000,228.730000
NaN,NaN,819.640316,279.310601,775.840000,228.720000
NaN,NaN,819.640316,279.310601,775.820000,228.730000
NaN,NaN,819.640316,279.310601,775.790000,228.730000
NaN,NaN,819.640316,279.310601,775.800000,228.740000
NaN,NaN,819.640316,279.310601,775.800000,228.730000
NaN,NaN,819.640316,279.310601,775.810000,228.730000
NaN,NaN,819.640316,279.310601,775.800000,228.730000
NaN,NaN,819.640316,279.310601,775.780000,228.720000
NaN,NaN,819.640316,279.310601,775.730000,228.720000
NaN,NaN,819.640316,279.310601,775.730000,228.730000
NaN,NaN,819.640316,279.310601,775.760000,228.730000
NaN,NaN,819.640316,279.310601,775.750000,228.730000
NaN,NaN,819.640316,279.310601,775.740000,228.730000
NaN,NaN,819.640316,279.310601,775.740000,228.720000
NaN,NaN,819.640316,279.310601,775.740000,228.720000
NaN,NaN,819.640316,279.310601,775.720000,228.720000
NaN,NaN,819.640316,279.310601,775.710000,228.700000
NaN,NaN,819.640316,279.310601,775.730000,228.710000
NaN,NaN,819.640316,279.310601,775.720000,228.710000
NaN,NaN,819.640316,279.310601,775.710000,228.710000
NaN,NaN,819.640316,279.310601,775.710000,228.710000
NaN,NaN,819.640316,279.310601,775.730000,228.710000
NaN,NaN,819.640316,279.310601,775.730000,228.710000
NaN,NaN,819.640316,279.310601,775.750000,228.710000
NaN,NaN,819.640316,279.310601,775.730000,228.720000
NaN,NaN,819.640316,279.310601,775.710000,228.720000
NaN,NaN,819.640316,279.310601,775.720000,228.720000
NaN,NaN,819.640316,279.310601,775.710000,228.710000
NaN,NaN,819.439051,279.505280,775.720000,228.710000
NaN,NaN,819.036520,279.699959,775.720000,228.700000
NaN,NaN,819.036520,279.699959,775.710000,228.690000
NaN,NaN,819.036520,279.699959,775.700000,228.680000
NaN,NaN,819.036520,279.699959,775.720000,228.700000
NaN,NaN,819.036520,279.699959,775.680000,228.690000
NaN,NaN,819.036520,279.699959,775.690000,228.690000
NaN,NaN,819.036520,279.699959,775.680000,228.680000
NaN,NaN,819.036520,279.699959,775.710000,228.680000
NaN,NaN,819.036520,279.699959,775.680000,228.680000
NaN,NaN,819.036520,279.699959,775.650000,228.690000
NaN,NaN,819.036520,279.699959,775.640000,228.670000
NaN,NaN,819.036520,279.699959,775.690000,228.660000
NaN,NaN,819.036520,279.699959,775.660000,228.690000
NaN,NaN,819.036520,279.699959,775.640000,228.670000
NaN,NaN,819.036520,279.699959,775.630000,228.670000
NaN,NaN,819.036520,279.699959,775.640000,228.680000
NaN,NaN,819.036520,279.699959,775.640000,228.680000
NaN,NaN,819.036520,279.699959,775.660000,228.640000
NaN,NaN,819.036520,279.699959,775.630000,228.660000
NaN,NaN,819.036520,279.699959,775.620000,228.700000
NaN,NaN,819.036520,279.699959,775.640000,228.700000
NaN,NaN,819.036520,280.089317,775.630000,228.690000
NaN,NaN,819.036520,280.283996,775.630000,228.690000
NaN,NaN,819.036520,280.283996,775.620000,228.680000
NaN,NaN,819.036520,280.283996,775.630000,228.670000
NaN,NaN,819.036520,280.283996,775.590000,228.680000
NaN,NaN,819.036520,280.283996,775.590000,228.670000
NaN,NaN,819.036520,280.283996,775.600000,228.670000
NaN,NaN,819.036520,280.283996,775.620000,228.670000
NaN,NaN,819.036520,280.283996,775.610000,228.680000
NaN,NaN,819.036520,280.283996,775.620000,228.670000
NaN,NaN,819.036520,280.283996,775.570000,228.670000
NaN,NaN,819.036520,280.283996,775.620000,228.660000
NaN,NaN,819.036520,280.283996,775.590000,228.660000
NaN,NaN,819.036520,280.283996,775.590000,228.670000
NaN,NaN,819.036520,280.283996,775.580000,228.680000
NaN,NaN,819.036520,280.283996,775.570000,228.680000
NaN,NaN,819.036520,280.283996,775.520000,228.700000
NaN,NaN,819.036520,280.283996,775.060000,228.740000
NaN,NaN,819.036520,280.283996,775.080000,228.740000
NaN,NaN,819.036520,280.283996,775.050000,228.760000
NaN,NaN,819.036520,280.283996,775.050000,228.750000
NaN,NaN,819.036520,280.283996,775.060000,228.750000
NaN,NaN,819.036520,280.283996,775.050000,228.770000
NaN,NaN,819.036520,280.283996,775.030000,228.770000
NaN,NaN,819.036520,280.283996,775.050000,228.770000
NaN,NaN,819.036520,280.283996,775.050000,228.780000
NaN,NaN,819.036520,280.283996,775.030000,228.790000
NaN,NaN,819.036520,280.283996,775.030000,228.790000
NaN,NaN,819.036520,280.283996,775.030000,228.780000
NaN,NaN,819.036520,280.283996,775.040000,228.790000
NaN,NaN,819.036520,280.283996,775.030000,228.800000
NaN,NaN,819.036520,280.283996,775.010000,228.790000
NaN,NaN,819.036520,280.283996,775.010000,228.800000
NaN,NaN,819.036520,280.283996,775.010000,228.810000
NaN,NaN,819.036520,280.283996,775.000000,228.800000
NaN,NaN,819.036520,280.283996,775.010000,228.800000
NaN,NaN,819.036520,280.283996,775.010000,228.810000
NaN,NaN,819.036520,280.283996,775.000000,228.810000
NaN,NaN,819.036520,280.283996,774.980000,228.800000
NaN,NaN,819.036520,280.283996,775.000000,228.800000
NaN,NaN,819.036520,280.283996,775.000000,228.810000
NaN,NaN,819.036520,280.283996,774.960000,228.780000
NaN,NaN,819.036520,280.283996,774.960000,228.780000
NaN,NaN,819.036520,280.283996,774.960000,228.800000
NaN,NaN,819.036520,280.673355,774.980000,228.780000
NaN,NaN,819.036520,280.673355,774.970000,228.800000
NaN,NaN,819.036520,280.673355,774.980000,228.790000
NaN,NaN,819.036520,280.673355,774.980000,228.790000
NaN,NaN,819.036520,280.673355,774.950000,228.790000
NaN,NaN,819.036520,280.673355,774.950000,228.790000
NaN,NaN,819.036520,280.868034,774.960000,228.790000
NaN,NaN,819.036520,280.868034,774.950000,228.800000
NaN,NaN,819.036520,280.868034,774.930000,228.800000
NaN,NaN,819.036520,280.868034,774.900000,228.810000
NaN,NaN,819.036520,280.868034,774.900000,228.810000
NaN,NaN,819.036520,280.868034,774.880000,228.810000
NaN,NaN,819.036520,280.868034,774.900000,228.810000
NaN,NaN,819.036520,280.868034,774.890000,228.820000
NaN,NaN,819.036520,280.868034,774.860000,228.820000
NaN,NaN,819.036520,280.868034,774.870000,228.800000
NaN,NaN,819.036520,280.868034,774.870000,228.800000
NaN,NaN,819.036520,280.868034,774.880000,228.800000
NaN,NaN,819.036520,280.868034,774.870000,228.800000
NaN,NaN,819.036520,280.868034,774.850000,228.790000
NaN,NaN,819.036520,280.868034,774.850000,228.810000
NaN,NaN,819.036520,280.868034,774.860000,228.780000
NaN,NaN,819.036520,280.868034,774.850000,228.810000
NaN,NaN,819.036520,280.868034,774.850000,228.810000
NaN,NaN,819.036520,280.868034,774.820000,228.800000
NaN,NaN,819.036520,282.036109,774.810000,228.800000
NaN,NaN,819.036520,282.036109,774.820000,228.790000
NaN,NaN,819.036520,282.036109,774.810000,228.760000
NaN,NaN,819.036520,282.036109,774.790000,228.790000
NaN,NaN,819.036520,282.036109,774.790000,228.790000
NaN,NaN,819.036520,282.036109,774.800000,228.780000
NaN,NaN,819.036520,282.036109,774.790000,228.780000
NaN,NaN,819.036520,282.036109,774.810000,228.770000
NaN,NaN,819.036520,282.036109,774.800000,228.770000
NaN,NaN,819.036520,282.036109,774.790000,228.780000
NaN,NaN,819.036520,282.036109,774.780000,228.780000
NaN,NaN,819.036520,282.036109,774.760000,228.780000
NaN,NaN,819.036520,282.036109,774.770000,228.770000
NaN,NaN,819.439051,282.620146,774.760000,228.770000
NaN,NaN,819.439051,282.620146,774.750000,228.770000
NaN,NaN,819.439051,282.620146,774.760000,228.750000
NaN,NaN,819.439051,282.620146,774.760000,228.770000
NaN,NaN,819.237785,282.620146,774.690000,228.750000
NaN,NaN,819.237785,282.620146,774.740000,228.750000
NaN,NaN,819.237785,282.620146,774.700000,228.740000
NaN,NaN,819.237785,282.620146,774.660000,228.740000
NaN,NaN,819.237785,282.814825,774.690000,228.710000
NaN,NaN,819.237785,282.814825,774.680000,228.720000
NaN,NaN,819.640316,283.593541,774.670000,228.710000
NaN,NaN,819.640316,283.204183,774.660000,228.690000
NaN,NaN,819.640316,283.204183,774.650000,228.690000
NaN,NaN,819.640316,283.204183,774.610000,228.700000
NaN,NaN,819.640316,283.788221,774.570000,228.680000
NaN,NaN,819.439051,283.788221,774.600000,228.660000
NaN,NaN,819.237785,283.788221,774.600000,228.640000
NaN,NaN,819.237785,283.788221,774.610000,228.630000
NaN,NaN,819.237785,283.788221,774.580000,228.650000
NaN,NaN,819.036520,283.982900,774.610000,228.630000
NaN,NaN,819.036520,283.982900,774.620000,228.630000
NaN,NaN,819.036520,283.982900,774.600000,228.620000
NaN,NaN,819.036520,283.982900,774.590000,228.610000
NaN,NaN,819.036520,283.982900,774.540000,228.610000
NaN,NaN,819.036520,283.982900,773.960000,228.720000
NaN,NaN,819.036520,283.982900,773.320000,228.810000
NaN,NaN,819.036520,283.982900,773.340000,228.820000
NaN,NaN,819.036520,283.982900,773.330000,228.820000
NaN,NaN,819.640316,284.177579,773.320000,228.820000
NaN,NaN,819.841581,284.177579,773.310000,228.830000
NaN,NaN,820.042846,284.177579,773.340000,228.820000
NaN,NaN,820.445377,284.177579,773.330000,228.810000
NaN,NaN,820.445377,284.177579,773.310000,228.800000
NaN,NaN,820.445377,284.177579,773.280000,228.790000
NaN,NaN,820.445377,284.177579,773.340000,228.790000
NaN,NaN,820.445377,284.177579,773.290000,228.790000
NaN,NaN,820.445377,284.177579,773.280000,228.790000
NaN,NaN,820.445377,284.177579,773.290000,228.780000
NaN,NaN,820.445377,284.177579,773.260000,228.790000
NaN,NaN,820.445377,284.177579,773.230000,228.800000
NaN,NaN,820.445377,284.177579,773.270000,228.790000
NaN,NaN,820.445377,284.177579,773.240000,228.780000
NaN,NaN,820.445377,284.177579,773.260000,228.780000
NaN,NaN,820.445377,284.177579,773.270000,228.770000
NaN,NaN,820.445377,284.177579,773.250000,228.750000
NaN,NaN,820.445377,284.177579,773.220000,228.740000
NaN,NaN,820.445377,284.177579,773.210000,228.730000
NaN,NaN,820.445377,284.177579,773.240000,228.710000
NaN,NaN,820.445377,284.177579,773.220000,228.690000
NaN,NaN,820.445377,284.177579,773.170000,228.690000
NaN,NaN,820.445377,284.177579,773.180000,228.670000
NaN,NaN,820.445377,284.177579,773.140000,228.650000
NaN,NaN,820.445377,284.177579,773.160000,228.640000
NaN,NaN,820.445377,284.177579,773.160000,228.620000
NaN,NaN,820.445377,284.177579,773.170000,228.600000
NaN,NaN,821.250438,284.566937,773.160000,228.550000
NaN,NaN,821.854234,284.566937,773.130000,228.540000
NaN,NaN,821.652969,284.566937,773.150000,228.540000
NaN,NaN,821.250438,284.761616,773.140000,228.530000
NaN,NaN,821.049173,285.150974,773.130000,228.520000
NaN,NaN,821.049173,285.150974,773.110000,228.520000
NaN,NaN,821.049173,285.150974,773.140000,228.450000
NaN,NaN,821.049173,285.150974,773.270000,227.960000
NaN,NaN,821.049173,285.150974,773.300000,227.950000
NaN,NaN,821.049173,285.150974,773.260000,227.940000
NaN,NaN,821.049173,285.150974,773.250000,227.940000
NaN,NaN,821.049173,285.150974,773.240000,227.930000
NaN,NaN,821.049173,285.150974,773.210000,227.940000
NaN,NaN,822.055499,284.177579,773.220000,227.930000
NaN,NaN,822.055499,284.177579,773.250000,227.910000
NaN,NaN,822.055499,284.177579,773.230000,227.910000
NaN,NaN,822.055499,284.761616,773.220000,227.900000
NaN,NaN,822.055499,284.761616,773.220000,227.890000
NaN,NaN,822.458030,284.761616,773.190000,227.880000
NaN,NaN,822.659295,284.761616,773.210000,227.880000
NaN,NaN,822.659295,284.761616,773.220000,227.880000
NaN,NaN,822.659295,284.761616,773.210000,227.870000
NaN,NaN,822.659295,284.761616,773.220000,227.850000
NaN,NaN,822.659295,284.761616,773.210000,227.850000
NaN,NaN,822.659295,284.761616,773.180000,227.830000
NaN,NaN,822.659295,284.761616,773.160000,227.840000
NaN,NaN,822.659295,284.761616,773.140000,227.830000
NaN,NaN,822.659295,284.761616,773.130000,227.820000
NaN,NaN,822.659295,284.761616,773.110000,227.790000
NaN,NaN,822.659295,284.761616,773.130000,227.780000
NaN,NaN,822.659295,284.761616,773.110000,227.760000
NaN,NaN,822.659295,284.761616,773.120000,227.750000
NaN,NaN,823.061826,285.345654,773.100000,227.740000
NaN,NaN,823.263091,285.345654,773.090000,227.720000
NaN,NaN,823.263091,285.345654,773.090000,227.690000
NaN,NaN,823.263091,285.345654,773.070000,227.700000
NaN,NaN,823.263091,285.345654,773.060000,227.670000
NaN,NaN,823.263091,285.345654,773.050000,227.660000
NaN,NaN,823.263091,285.345654,773.070000,227.660000
NaN,NaN,823.263091,285.345654,773.040000,227.620000
NaN,NaN,823.263091,285.345654,773.030000,227.590000
NaN,NaN,823.263091,285.345654,773.030000,227.590000
NaN,NaN,823.263091,285.345654,773.000000,227.580000
NaN,NaN,823.263091,285.345654,773.010000,227.570000
NaN,NaN,823.263091,285.345654,773.000000,227.520000
NaN,NaN,823.263091,285.345654,773.080000,226.980000
NaN,NaN,823.263091,285.540333,773.090000,226.960000
NaN,NaN,823.263091,285.540333,773.080000,226.950000
NaN,NaN,823.263091,285.540333,773.060000,226.950000
NaN,NaN,823.263091,285.735012,773.060000,226.930000
NaN,NaN,823.263091,285.735012,773.050000,226.910000
NaN,NaN,823.263091,285.735012,773.030000,226.880000
NaN,NaN,823.263091,285.735012,773.000000,226.870000
NaN,NaN,823.263091,285.735012,772.990000,226.850000
NaN,NaN,823.263091,285.735012,773.000000,226.840000
NaN,NaN,823.665621,285.735012,773.000000,226.820000
NaN,NaN,823.665621,285.735012,773.000000,226.810000
NaN,NaN,823.665621,285.735012,773.000000,226.790000
NaN,NaN,823.665621,285.735012,772.970000,226.780000
NaN,NaN,824.068152,285.929691,772.950000,226.760000
NaN,NaN,824.671948,285.929691,772.960000,226.750000
NaN,NaN,824.671948,285.929691,772.950000,226.750000
NaN,NaN,824.671948,285.929691,772.930000,226.740000
NaN,NaN,824.671948,285.929691,772.930000,226.720000
NaN,NaN,824.671948,285.929691,772.930000,226.730000
NaN,NaN,824.671948,285.929691,772.900000,226.720000
NaN,NaN,824.671948,285.929691,772.900000,226.700000
NaN,NaN,824.671948,285.929691,772.900000,226.700000
NaN,NaN,824.671948,285.929691,772.900000,226.690000
NaN,NaN,824.671948,285.929691,772.880000,226.650000
NaN,NaN,824.671948,285.929691,772.870000,226.660000
NaN,NaN,824.671948,285.929691,772.880000,226.650000
NaN,NaN,824.671948,285.929691,NaN,NaN
NaN,NaN,824.671948,285.929691,NaN,NaN
NaN,NaN,824.671948,285.929691,NaN,NaN
NaN,NaN,824.671948,285.929691,NaN,NaN
NaN,NaN,824.671948,285.929691,NaN,NaN
NaN,NaN,824.671948,285.929691,NaN,NaN
NaN,NaN,824.873213,286.124370,NaN,NaN
NaN,NaN,824.873213,286.124370,NaN,NaN
NaN,NaN,825.074478,286.124370,NaN,NaN
NaN,NaN,825.074478,286.124370,NaN,NaN
NaN,NaN,825.074478,286.124370,NaN,NaN
NaN,NaN,825.074478,286.124370,NaN,NaN
NaN,NaN,825.074478,286.124370,NaN,NaN
NaN,NaN,825.074478,286.124370,NaN,NaN
NaN,NaN,825.074478,286.124370,NaN,NaN
NaN,NaN,825.074478,286.124370,NaN,NaN
NaN,NaN,825.074478,286.124370,NaN,NaN
NaN,NaN,825.074478,286.124370,NaN,NaN
NaN,NaN,825.275744,286.124370,NaN,NaN
NaN,NaN,825.678274,286.124370,NaN,NaN
NaN,NaN,826.080805,286.319049,NaN,NaN
NaN,NaN,826.080805,286.319049,NaN,NaN
NaN,NaN,826.080805,286.319049,NaN,NaN
NaN,NaN,826.080805,286.319049,NaN,NaN
NaN,NaN,826.080805,286.319049,NaN,NaN
NaN,NaN,826.080805,286.319049,NaN,NaN
NaN,NaN,826.080805,286.319049,NaN,NaN
NaN,NaN,826.080805,286.319049,NaN,NaN
NaN,NaN,826.080805,286.319049,NaN,NaN
NaN,NaN,826.080805,286.319049,NaN,NaN
NaN,NaN,826.080805,286.319049,NaN,NaN
NaN,NaN,826.080805,286.319049,NaN,NaN
NaN,NaN,826.080805,286.319049,NaN,NaN
NaN,NaN,826.080805,286.319049,NaN,NaN
NaN,NaN,826.080805,286.319049,NaN,NaN
NaN,NaN,826.080805,286.319049,NaN,NaN
NaN,NaN,826.080805,286.319049,NaN,NaN
NaN,NaN,826.080805,286.319049,NaN,NaN
NaN,NaN,NaN,NaN,NaN,NaN
NaN,NaN,NaN,NaN,NaN,NaN
NaN,NaN,NaN,NaN,NaN,NaN
NaN,NaN,NaN,NaN,NaN,NaN
NaN,NaN,NaN,NaN,NaN,NaN
NaN,NaN,NaN,NaN,NaN,NaN
NaN,NaN,NaN,NaN,NaN,NaN
NaN,NaN,NaN,NaN,NaN,NaN
NaN,NaN,NaN,NaN,NaN,NaN
NaN,NaN,NaN,NaN,NaN,NaN
NaN,NaN,NaN,NaN,NaN,NaN
NaN,NaN,NaN,NaN,NaN,NaN
NaN,NaN,NaN,NaN,NaN,NaN
NaN,NaN,NaN,NaN,NaN,NaN
NaN,NaN,NaN,NaN,NaN,NaN
NaN,NaN,NaN,NaN,NaN,NaN
NaN,NaN,NaN,NaN,NaN,NaN
NaN,NaN,NaN,NaN,NaN,NaN
NaN,NaN,NaN,NaN,NaN,NaN
NaN,NaN,NaN,NaN,NaN,NaN
NaN,NaN,NaN,NaN,NaN,NaN
NaN,NaN,NaN,NaN,NaN,NaN
NaN,NaN,NaN,NaN,NaN,NaN
NaN,NaN,NaN,NaN,NaN,NaN
NaN,NaN,NaN,NaN,NaN,NaN
NaN,NaN,NaN,NaN,NaN,NaN
NaN,NaN,NaN,NaN,NaN,NaN
NaN,NaN,NaN,NaN,NaN,NaN
NaN,NaN,NaN,NaN,NaN,NaN
NaN,NaN,NaN,NaN,NaN,NaN
NaN,NaN,NaN,NaN,NaN,NaN
NaN,NaN,NaN,NaN,NaN,NaN
NaN,NaN,NaN,NaN,NaN,NaN
NaN,NaN,NaN,NaN,NaN,NaN
NaN,NaN,NaN,NaN,NaN,NaN
NaN,NaN,NaN,NaN,NaN,NaN
NaN,NaN,NaN,NaN,NaN,NaN
NaN,NaN,NaN,NaN,NaN,NaN
NaN,NaN,NaN,NaN,NaN,NaN
NaN,NaN,NaN,NaN,NaN,NaN
NaN,NaN,NaN,NaN,NaN,NaN
NaN,NaN,NaN,NaN,NaN,NaN
NaN,NaN,NaN,NaN,NaN,NaN
NaN,NaN,NaN,NaN,NaN,NaN
NaN,NaN,NaN,NaN,NaN,NaN
NaN,NaN,NaN,NaN,NaN,NaN
NaN,NaN,NaN,NaN,NaN,NaN
NaN,NaN,NaN,NaN,NaN,NaN
NaN,NaN,NaN,NaN,NaN,NaN
NaN,NaN,NaN,NaN,NaN,NaN
NaN,NaN,NaN,NaN,NaN,NaN
NaN,NaN,NaN,NaN,NaN,NaN
NaN,NaN,NaN,NaN,NaN,NaN
NaN,NaN,NaN,NaN,NaN,NaN
NaN,NaN,NaN,NaN,NaN,NaN
NaN,NaN,NaN,NaN,NaN,NaN
NaN,NaN,NaN,NaN,NaN,NaN
NaN,NaN,NaN,NaN,NaN,NaN
NaN,NaN,NaN,NaN,NaN,NaN
NaN,NaN,NaN,NaN,NaN,NaN
NaN,NaN,NaN,NaN,NaN,NaN
NaN,NaN,NaN,NaN,NaN,NaN
NaN,NaN,NaN,NaN,NaN,NaN
NaN,NaN,NaN,NaN,NaN,NaN
NaN,NaN,NaN,NaN,NaN,NaN
NaN,NaN,NaN,NaN,NaN,NaN
NaN,NaN,NaN,NaN,NaN,NaN
NaN,NaN,NaN,NaN,NaN,NaN
NaN,NaN,NaN,NaN,NaN,NaN
NaN,NaN,NaN,NaN,NaN,NaN
NaN,NaN,NaN,NaN,NaN,NaN
NaN,NaN,NaN,NaN,NaN,NaN
NaN,NaN,NaN,NaN,NaN,NaN
NaN,NaN,NaN,NaN,NaN,NaN
NaN,NaN,NaN,NaN,NaN,NaN
NaN,NaN,NaN,NaN,NaN,NaN
NaN,NaN,NaN,NaN,NaN,NaN
NaN,NaN,NaN,NaN,NaN,NaN
NaN,NaN,NaN,NaN,NaN,NaN
NaN,NaN,NaN,NaN,NaN,NaN
NaN,NaN,NaN,NaN,NaN,NaN
NaN,NaN,NaN,NaN,NaN,NaN
NaN,NaN,NaN,NaN,NaN,NaN
NaN,NaN,NaN,NaN,NaN,NaN
NaN,NaN,NaN,NaN,NaN,NaN
NaN,NaN,NaN,NaN,NaN,NaN
NaN,NaN,NaN,NaN,NaN,NaN
NaN,NaN,NaN,NaN,NaN,NaN
NaN,NaN,NaN,NaN,NaN,NaN
NaN,NaN,NaN,NaN,NaN,NaN
NaN,NaN,NaN,NaN,NaN,NaN
NaN,NaN,NaN,NaN,NaN,NaN
NaN,NaN,NaN,NaN,NaN,NaN
NaN,NaN,NaN,NaN,NaN,NaN
NaN,NaN,NaN,NaN,NaN,NaN
NaN,NaN,NaN,NaN,NaN,NaN
NaN,NaN,NaN,NaN,NaN,NaN
NaN,NaN,NaN,NaN,NaN,NaN
NaN,NaN,NaN,NaN,NaN,NaN
NaN,NaN,NaN,NaN,NaN,NaN
NaN,NaN,NaN,NaN,NaN,NaN
NaN,NaN,NaN,NaN,NaN,NaN
NaN,NaN,NaN,NaN,NaN,NaN
NaN,NaN,NaN,NaN,NaN,NaN
NaN,NaN,NaN,NaN,NaN,NaN
NaN,NaN,NaN,NaN,NaN,NaN
NaN,NaN,NaN,NaN,NaN,NaN
NaN,NaN,NaN,NaN,NaN,NaN
NaN,NaN,NaN,NaN,NaN,NaN
NaN,NaN,NaN,NaN,NaN,NaN
NaN,NaN,NaN,NaN,NaN,NaN
NaN,NaN,NaN,NaN,NaN,NaN
NaN,NaN,NaN,NaN,NaN,NaN
NaN,NaN,NaN,NaN,NaN,NaN
NaN,NaN,NaN,NaN,NaN,NaN
NaN,NaN,NaN,NaN,NaN,NaN
NaN,NaN,NaN,NaN,NaN,NaN
NaN,NaN,NaN,NaN,NaN,NaN
NaN,NaN,NaN,NaN,NaN,NaN
NaN,NaN,NaN,NaN,NaN,NaN
NaN,NaN,NaN,NaN,NaN,NaN
NaN,NaN,NaN,NaN,NaN,NaN
NaN,NaN,NaN,NaN,NaN,NaN
NaN,NaN,NaN,NaN,NaN,NaN
NaN,NaN,NaN,NaN,NaN,NaN
NaN,NaN,NaN,NaN,NaN,NaN
NaN,NaN,NaN,NaN,NaN,NaN
NaN,NaN,NaN,NaN,NaN,NaN
NaN,NaN,NaN,NaN,NaN,NaN
NaN,NaN,NaN,NaN,NaN,NaN
NaN,NaN,NaN,NaN,NaN,NaN
NaN,NaN,NaN,NaN,NaN,NaN
NaN,NaN,NaN,NaN,NaN,NaN
NaN,NaN,NaN,NaN,NaN,NaN
NaN,NaN,NaN,NaN,NaN,NaN
NaN,NaN,NaN,NaN,NaN,NaN
NaN,NaN,NaN,NaN,NaN,NaN
NaN,NaN,NaN,NaN,NaN,NaN
NaN,NaN,NaN,NaN,NaN,NaN
NaN,NaN,NaN,NaN,NaN,NaN
NaN,NaN,NaN,NaN,NaN,NaN
NaN,NaN,NaN,NaN,NaN,NaN
NaN,NaN,NaN,NaN,NaN,NaN
NaN,NaN,NaN,NaN,NaN,NaN
NaN,NaN,NaN,NaN,NaN,NaN
NaN,NaN,NaN,NaN,NaN,NaN
NaN,NaN,NaN,NaN,NaN,NaN
NaN,NaN,NaN,NaN,NaN,NaN
NaN,NaN,NaN,NaN,NaN,NaN
NaN,NaN,NaN,NaN,NaN,NaN
NaN,NaN,NaN,NaN,NaN,NaN
NaN,NaN,NaN,NaN,NaN,NaN
NaN,NaN,NaN,NaN,NaN,NaN
NaN,NaN,NaN,NaN,NaN,NaN
NaN,NaN,NaN,NaN,NaN,NaN
NaN,NaN,NaN,NaN,NaN,NaN
NaN,NaN,NaN,NaN,NaN,NaN
NaN,NaN,NaN,NaN,NaN,NaN
NaN,NaN,NaN,NaN,NaN,NaN
NaN,NaN,NaN,NaN,NaN,NaN
NaN,NaN,NaN,NaN,NaN,NaN
NaN,NaN,NaN,NaN,NaN,NaN
NaN,NaN,NaN,NaN,NaN,NaN
NaN,NaN,NaN,NaN,NaN,NaN
NaN,NaN,NaN,NaN,NaN,NaN
NaN,NaN,NaN,NaN,NaN,NaN
NaN,NaN,NaN,NaN,NaN,NaN
NaN,NaN,NaN,NaN,NaN,NaN
NaN,NaN,NaN,NaN,NaN,NaN
NaN,NaN,NaN,NaN,NaN,NaN
NaN,NaN,NaN,NaN,NaN,NaN
NaN,NaN,NaN,NaN,NaN,NaN
NaN,NaN,NaN,NaN,NaN,NaN
NaN,NaN,NaN,NaN,NaN,NaN
NaN,NaN,NaN,NaN,NaN,NaN
NaN,NaN,NaN,NaN,NaN,NaN
NaN,NaN,NaN,NaN,NaN,NaN
NaN,NaN,NaN,NaN,NaN,NaN
NaN,NaN,NaN,NaN,NaN,NaN
NaN,NaN,NaN,NaN,NaN,NaN
NaN,NaN,NaN,NaN,NaN,NaN
NaN,NaN,NaN,NaN,NaN,NaN
NaN,NaN,NaN,NaN,NaN,NaN
NaN,NaN,NaN,NaN,NaN,NaN
NaN,NaN,NaN,NaN,NaN,NaN
NaN,NaN,NaN,NaN,NaN,NaN
NaN,NaN,NaN,NaN,NaN,NaN
NaN,NaN,NaN,NaN,NaN,NaN
NaN,NaN,NaN,NaN,NaN,NaN
NaN,NaN,NaN,NaN,NaN,NaN
NaN,NaN,NaN,NaN,NaN,NaN
NaN,NaN,NaN,NaN,NaN,NaN
NaN,NaN,NaN,NaN,NaN,NaN
NaN,NaN,NaN,NaN,NaN,NaN
NaN,NaN,NaN,NaN,NaN,NaN
NaN,NaN,NaN,NaN,NaN,NaN
NaN,NaN,NaN,NaN,NaN,NaN
NaN,NaN,NaN,NaN,NaN,NaN
NaN,NaN,NaN,NaN,NaN,NaN
NaN,NaN,NaN,NaN,NaN,NaN
NaN,NaN,NaN,NaN,NaN,NaN
NaN,NaN,NaN,NaN,NaN,NaN
NaN,NaN,NaN,NaN,NaN,NaN
NaN,NaN,NaN,NaN,NaN,NaN
NaN,NaN,NaN,NaN,NaN,NaN
NaN,NaN,NaN,NaN,NaN,NaN
NaN,NaN,NaN,NaN,NaN,NaN
NaN,NaN,NaN,NaN,NaN,NaN
NaN,NaN,NaN,NaN,NaN,NaN
NaN,NaN,NaN,NaN,NaN,NaN
NaN,NaN,NaN,NaN,NaN,NaN
NaN,NaN,NaN,NaN,NaN,NaN
NaN,NaN,NaN,NaN,NaN,NaN
NaN,NaN,NaN,NaN,NaN,NaN
NaN,NaN,NaN,NaN,NaN,NaN
NaN,NaN,NaN,NaN,NaN,NaN
NaN,NaN,NaN,NaN,NaN,NaN
NaN,NaN,NaN,NaN,NaN,NaN
NaN,NaN,NaN,NaN,NaN,NaN
NaN,NaN,NaN,NaN,NaN,NaN
NaN,NaN,NaN,NaN,NaN,NaN
NaN,NaN,NaN,NaN,NaN,NaN
NaN,NaN,NaN,NaN,NaN,NaN
NaN,NaN,NaN,NaN,NaN,NaN
NaN,NaN,NaN,NaN,NaN,NaN
NaN,NaN,NaN,NaN,NaN,NaN
NaN,NaN,NaN,NaN,NaN,NaN
NaN,NaN,NaN,NaN,NaN,NaN
NaN,NaN,NaN,NaN,NaN,NaN
NaN,NaN,NaN,NaN,NaN,NaN
NaN,NaN,NaN,NaN,NaN,NaN
NaN,NaN,NaN,NaN,NaN,NaN
NaN,NaN,NaN,NaN,NaN,NaN
NaN,NaN,NaN,NaN,NaN,NaN
NaN,NaN,NaN,NaN,NaN,NaN
NaN,NaN,NaN,NaN,NaN,NaN
NaN,NaN,NaN,NaN,NaN,NaN
NaN,NaN,NaN,NaN,NaN,NaN
NaN,NaN,NaN,NaN,NaN,NaN
NaN,NaN,NaN,NaN,NaN,NaN
NaN,NaN,NaN,NaN,NaN,NaN
NaN,NaN,NaN,NaN,NaN,NaN
NaN,NaN,NaN,NaN,NaN,NaN
NaN,NaN,NaN,NaN,NaN,NaN
NaN,NaN,NaN,NaN,NaN,NaN
NaN,NaN,NaN,NaN,NaN,NaN
NaN,NaN,NaN,NaN,NaN,NaN
NaN,NaN,NaN,NaN,NaN,NaN
NaN,NaN,NaN,NaN,NaN,NaN
NaN,NaN,NaN,NaN,NaN,NaN
NaN,NaN,NaN,NaN,NaN,NaN
NaN,NaN,NaN,NaN,NaN,NaN
NaN,NaN,NaN,NaN,NaN,NaN
NaN,NaN,NaN,NaN,NaN,NaN
NaN,NaN,NaN,NaN,NaN,NaN
NaN,NaN,NaN,NaN,NaN,NaN
NaN,NaN,NaN,NaN,NaN,NaN
NaN,NaN,NaN,NaN,NaN,NaN
NaN,NaN,NaN,NaN,NaN,NaN
NaN,NaN,NaN,NaN,NaN,NaN
NaN,NaN,NaN,NaN,NaN,NaN
NaN,NaN,NaN,NaN,NaN,NaN
NaN,NaN,NaN,NaN,NaN,NaN
NaN,NaN,NaN,NaN,NaN,NaN
NaN,NaN,NaN,NaN,NaN,NaN
NaN,NaN,NaN,NaN,NaN,NaN
NaN,NaN,NaN,NaN,NaN,NaN
NaN,NaN,NaN,NaN,NaN,NaN
NaN,NaN,NaN,NaN,NaN,NaN
NaN,NaN,NaN,NaN,NaN,NaN
NaN,NaN,NaN,NaN,NaN,NaN
NaN,NaN,NaN,NaN,NaN,NaN
NaN,NaN,NaN,NaN,NaN,NaN
NaN,NaN,NaN,NaN,NaN,NaN
NaN,NaN,NaN,NaN,NaN,NaN
NaN,NaN,NaN,NaN,NaN,NaN
NaN,NaN,NaN,NaN,NaN,NaN
NaN,NaN,NaN,NaN,NaN,NaN
NaN,NaN,NaN,NaN,NaN,NaN
NaN,NaN,NaN,NaN,NaN,NaN
NaN,NaN,NaN,NaN,NaN,NaN
NaN,NaN,NaN,NaN,NaN,NaN
NaN,NaN,NaN,NaN,NaN,NaN
NaN,NaN,NaN,NaN,NaN,NaN
NaN,NaN,NaN,NaN,NaN,NaN
NaN,NaN,NaN,NaN,NaN,NaN
NaN,NaN,NaN,NaN,NaN,NaN
NaN,NaN,NaN,NaN,NaN,NaN
NaN,NaN,NaN,NaN,NaN,NaN
NaN,NaN,NaN,NaN,NaN,NaN
NaN,NaN,NaN,NaN,NaN,NaN
NaN,NaN,NaN,NaN,NaN,NaN
NaN,NaN,NaN,NaN,NaN,NaN
NaN,NaN,NaN,NaN,NaN,NaN
NaN,NaN,NaN,NaN,NaN,NaN
NaN,NaN,NaN,NaN,NaN,NaN
NaN,NaN,NaN,NaN,NaN,NaN
NaN,NaN,NaN,NaN,NaN,NaN
NaN,NaN,NaN,NaN,NaN,NaN
NaN,NaN,NaN,NaN,NaN,NaN
NaN,NaN,NaN,NaN,NaN,NaN
NaN,NaN,NaN,NaN,NaN,NaN
NaN,NaN,NaN,NaN,NaN,NaN
NaN,NaN,NaN,NaN,NaN,NaN
NaN,NaN,NaN,NaN,NaN,NaN
NaN,NaN,NaN,NaN,NaN,NaN
NaN,NaN,NaN,NaN,NaN,NaN
NaN,NaN,NaN,NaN,NaN,NaN
NaN,NaN,NaN,NaN,NaN,NaN
NaN,NaN,NaN,NaN,NaN,NaN
NaN,NaN,NaN,NaN,NaN,NaN
NaN,NaN,NaN,NaN,NaN,NaN
NaN,NaN,NaN,NaN,NaN,NaN
NaN,NaN,NaN,NaN,NaN,NaN
NaN,NaN,NaN,NaN,NaN,NaN
NaN,NaN,NaN,NaN,NaN,NaN
NaN,NaN,NaN,NaN,NaN,NaN
NaN,NaN,NaN,NaN,NaN,NaN
NaN,NaN,NaN,NaN,NaN,NaN
NaN,NaN,NaN,NaN,NaN,NaN
NaN,NaN,NaN,NaN,NaN,NaN
NaN,NaN,NaN,NaN,NaN,NaN
NaN,NaN,NaN,NaN,NaN,NaN
NaN,NaN,NaN,NaN,NaN,NaN
NaN,NaN,NaN,NaN,NaN,NaN
NaN,NaN,NaN,NaN,NaN,NaN
NaN,NaN,NaN,NaN,NaN,NaN
NaN,NaN,NaN,NaN,NaN,NaN
NaN,NaN,NaN,NaN,NaN,NaN
NaN,NaN,NaN,NaN,NaN,NaN
NaN,NaN,NaN,NaN,NaN,NaN
NaN,NaN,NaN,NaN,NaN,NaN
NaN,NaN,NaN,NaN,NaN,NaN
NaN,NaN,NaN,NaN,NaN,NaN
NaN,NaN,NaN,NaN,NaN,NaN
NaN,NaN,NaN,NaN,NaN,NaN
NaN,NaN,NaN,NaN,NaN,NaN
NaN,NaN,NaN,NaN,NaN,NaN
NaN,NaN,NaN,NaN,NaN,NaN
NaN,NaN,NaN,NaN,NaN,NaN
NaN,NaN,NaN,NaN,NaN,NaN
NaN,NaN,NaN,NaN,NaN,NaN
NaN,NaN,NaN,NaN,NaN,NaN
NaN,NaN,NaN,NaN,NaN,NaN
NaN,NaN,NaN,NaN,NaN,NaN
NaN,NaN,NaN,NaN,NaN,NaN
NaN,NaN,NaN,NaN,NaN,NaN
NaN,NaN,NaN,NaN,NaN,NaN
NaN,NaN,NaN,NaN,NaN,NaN
NaN,NaN,NaN,NaN,NaN,NaN
NaN,NaN,NaN,NaN,NaN,NaN
NaN,NaN,NaN,NaN,NaN,NaN
NaN,NaN,NaN,NaN,NaN,NaN
NaN,NaN,NaN,NaN,NaN,NaN
NaN,NaN,NaN,NaN,NaN,NaN
NaN,NaN,NaN,NaN,NaN,NaN
NaN,NaN,NaN,NaN,NaN,NaN
NaN,NaN,NaN,NaN,NaN,NaN
NaN,NaN,NaN,NaN,NaN,NaN
NaN,NaN,NaN,NaN,NaN,NaN
NaN,NaN,NaN,NaN,NaN,NaN
NaN,NaN,NaN,NaN,NaN,NaN
NaN,NaN,NaN,NaN,NaN,NaN
NaN,NaN,NaN,NaN,NaN,NaN
NaN,NaN,NaN,NaN,NaN,NaN
NaN,NaN,NaN,NaN,NaN,NaN
NaN,NaN,NaN,NaN,NaN,NaN
NaN,NaN,NaN,NaN,NaN,NaN
NaN,NaN,NaN,NaN,NaN,NaN
NaN,NaN,NaN,NaN,NaN,NaN
NaN,NaN,NaN,NaN,NaN,NaN
NaN,NaN,NaN,NaN,NaN,NaN
NaN,NaN,NaN,NaN,NaN,NaN
NaN,NaN,NaN,NaN,NaN,NaN
NaN,NaN,NaN,NaN,NaN,NaN
NaN,NaN,NaN,NaN,NaN,NaN
NaN,NaN,NaN,NaN,NaN,NaN
NaN,NaN,NaN,NaN,NaN,NaN
NaN,NaN,NaN,NaN,NaN,NaN
NaN,NaN,NaN,NaN,NaN,NaN
NaN,NaN,NaN,NaN,NaN,NaN
NaN,NaN,NaN,NaN,NaN,NaN
NaN,NaN,NaN,NaN,NaN,NaN
NaN,NaN,NaN,NaN,NaN,NaN
NaN,NaN,NaN,NaN,NaN,NaN
NaN,NaN,NaN,NaN,NaN,NaN
NaN,NaN,NaN,NaN,NaN,NaN
NaN,NaN,NaN,NaN,NaN,NaN
NaN,NaN,NaN,NaN,NaN,NaN
NaN,NaN,NaN,NaN,NaN,NaN
NaN,NaN,NaN,NaN,NaN,NaN
NaN,NaN,NaN,NaN,NaN,NaN
NaN,NaN,NaN,NaN,NaN,NaN
NaN,NaN,NaN,NaN,NaN,NaN
NaN,NaN,NaN,NaN,NaN,NaN
NaN,NaN,NaN,NaN,NaN,NaN
NaN,NaN,NaN,NaN,NaN,NaN
NaN,NaN,NaN,NaN,NaN,NaN
NaN,NaN,NaN,NaN,NaN,NaN
NaN,NaN,NaN,NaN,NaN,NaN
NaN,NaN,NaN,NaN,NaN,NaN
NaN,NaN,NaN,NaN,NaN,NaN
NaN,NaN,NaN,NaN,NaN,NaN
NaN,NaN,NaN,NaN,NaN,NaN
NaN,NaN,NaN,NaN,NaN,NaN
NaN,NaN,NaN,NaN,NaN,NaN
NaN,NaN,NaN,NaN,NaN,NaN
NaN,NaN,NaN,NaN,NaN,NaN
NaN,NaN,NaN,NaN,NaN,NaN
NaN,NaN,NaN,NaN,NaN,NaN
NaN,NaN,NaN,NaN,NaN,NaN
NaN,NaN,NaN,NaN,NaN,NaN
NaN,NaN,NaN,NaN,NaN,NaN
NaN,NaN,NaN,NaN,NaN,NaN
NaN,NaN,NaN,NaN,NaN,NaN
NaN,NaN,NaN,NaN,NaN,NaN
NaN,NaN,NaN,NaN,NaN,NaN
NaN,NaN,NaN,NaN,NaN,NaN
NaN,NaN,NaN,NaN,NaN,NaN
NaN,NaN,NaN,NaN,NaN,NaN
NaN,NaN,NaN,NaN,NaN,NaN
NaN,NaN,NaN,NaN,NaN,NaN
NaN,NaN,NaN,NaN,NaN,NaN
NaN,NaN,NaN,NaN,NaN,NaN
NaN,NaN,NaN,NaN,NaN,NaN
NaN,NaN,NaN,NaN,NaN,NaN
NaN,NaN,NaN,NaN,NaN,NaN
NaN,NaN,NaN,NaN,NaN,NaN
NaN,NaN,NaN,NaN,NaN,NaN
NaN,NaN,NaN,NaN,NaN,NaN
NaN,NaN,NaN,NaN,NaN,NaN
NaN,NaN,NaN,NaN,NaN,NaN
NaN,NaN,NaN,NaN,NaN,NaN
NaN,NaN,NaN,NaN,NaN,NaN
NaN,NaN,NaN,NaN,NaN,NaN
NaN,NaN,NaN,NaN,NaN,NaN
NaN,NaN,NaN,NaN,NaN,NaN
NaN,NaN,NaN,NaN,NaN,NaN
NaN,NaN,NaN,NaN,NaN,NaN
NaN,NaN,NaN,NaN,NaN,NaN
NaN,NaN,NaN,NaN,NaN,NaN
NaN,NaN,NaN,NaN,NaN,NaN
NaN,NaN,NaN,NaN,NaN,NaN
NaN,NaN,NaN,NaN,NaN,NaN
NaN,NaN,NaN,NaN,NaN,NaN
NaN,NaN,NaN,NaN,NaN,NaN
NaN,NaN,NaN,NaN,NaN,NaN
NaN,NaN,NaN,NaN,NaN,NaN
NaN,NaN,NaN,NaN,NaN,NaN
NaN,NaN,NaN,NaN,NaN,NaN
NaN,NaN,NaN,NaN,NaN,NaN
NaN,NaN,NaN,NaN,NaN,NaN
NaN,NaN,NaN,NaN,NaN,NaN
NaN,NaN,NaN,NaN,NaN,NaN
NaN,NaN,NaN,NaN,NaN,NaN
NaN,NaN,NaN,NaN,NaN,NaN
NaN,NaN,NaN,NaN,NaN,NaN
NaN,NaN,NaN,NaN,NaN,NaN
NaN,NaN,NaN,NaN,NaN,NaN
NaN,NaN,NaN,NaN,NaN,NaN
NaN,NaN,NaN,NaN,NaN,NaN
NaN,NaN,NaN,NaN,NaN,NaN
NaN,NaN,NaN,NaN,NaN,NaN
NaN,NaN,NaN,NaN,NaN,NaN
NaN,NaN,NaN,NaN,NaN,NaN
NaN,NaN,NaN,NaN,NaN,NaN
NaN,NaN,NaN,NaN,NaN,NaN
NaN,NaN,NaN,NaN,NaN,NaN
NaN,NaN,NaN,NaN,NaN,NaN
NaN,NaN,NaN,NaN,NaN,NaN
NaN,NaN,NaN,NaN,NaN,NaN
NaN,NaN,NaN,NaN,NaN,NaN
NaN,NaN,NaN,NaN,NaN,NaN
NaN,NaN,NaN,NaN,NaN,NaN
NaN,NaN,NaN,NaN,NaN,NaN
