pt1_cam1_X,pt1_cam1_Y,pt2_cam1_X,pt2_cam1_Y,pt3_cam1_X,pt3_cam1_Y
NaN,NaN,NaN,NaN,NaN,NaN
NaN,NaN,NaN,NaN,NaN,NaN
NaN,NaN,NaN,NaN,NaN,NaN
NaN,NaN,NaN,NaN,NaN,NaN
NaN,NaN,NaN,NaN,NaN,NaN
NaN,NaN,NaN,NaN,NaN,NaN
NaN,NaN,NaN,NaN,NaN,NaN
NaN,NaN,NaN,NaN,NaN,NaN
NaN,NaN,NaN,NaN,NaN,NaN
NaN,NaN,NaN,NaN,NaN,NaN
NaN,NaN,NaN,NaN,NaN,NaN
NaN,NaN,NaN,NaN,NaN,NaN
NaN,NaN,NaN,NaN,NaN,NaN
NaN,NaN,NaN,NaN,NaN,NaN
NaN,NaN,NaN,NaN,NaN,NaN
NaN,NaN,NaN,NaN,NaN,NaN
NaN,NaN,NaN,NaN,NaN,NaN
NaN,NaN,NaN,NaN,NaN,NaN
NaN,NaN,NaN,NaN,NaN,NaN
NaN,NaN,NaN,NaN,NaN,NaN
NaN,NaN,NaN,NaN,NaN,NaN
NaN,NaN,NaN,NaN,NaN,NaN
NaN,NaN,NaN,NaN,NaN,NaN
NaN,NaN,NaN,NaN,NaN,NaN
NaN,NaN,NaN,NaN,NaN,NaN
NaN,NaN,NaN,NaN,NaN,NaN
NaN,NaN,NaN,NaN,NaN,NaN
NaN,NaN,NaN,NaN,NaN,NaN
NaN,NaN,NaN,NaN,NaN,NaN
NaN,NaN,NaN,NaN,NaN,NaN
NaN,NaN,NaN,NaN,NaN,NaN
NaN,NaN,NaN,NaN,NaN,NaN
NaN,NaN,NaN,NaN,NaN,NaN
NaN,NaN,NaN,NaN,NaN,NaN
NaN,NaN,NaN,NaN,NaN,NaN
NaN,NaN,NaN,NaN,NaN,NaN
NaN,NaN,NaN,NaN,NaN,NaN
NaN,NaN,NaN,NaN,NaN,NaN
NaN,NaN,NaN,NaN,NaN,NaN
NaN,NaN,NaN,NaN,NaN,NaN
NaN,NaN,NaN,NaN,NaN,NaN
NaN,NaN,NaN,NaN,NaN,NaN
NaN,NaN,NaN,NaN,NaN,NaN
NaN,NaN,NaN,NaN,NaN,NaN
NaN,NaN,NaN,NaN,NaN,NaN
NaN,NaN,NaN,NaN,NaN,NaN
NaN,NaN,NaN,NaN,NaN,NaN
NaN,NaN,NaN,NaN,NaN,NaN
NaN,NaN,NaN,NaN,NaN,NaN
NaN,NaN,NaN,NaN,NaN,NaN
NaN,NaN,NaN,NaN,NaN,NaN
NaN,NaN,NaN,NaN,NaN,NaN
NaN,NaN,NaN,NaN,NaN,NaN
NaN,NaN,NaN,NaN,NaN,NaN
NaN,NaN,NaN,NaN,NaN,NaN
NaN,NaN,NaN,NaN,NaN,NaN
NaN,NaN,NaN,NaN,NaN,NaN
NaN,NaN,NaN,NaN,NaN,NaN
NaN,NaN,NaN,NaN,NaN,NaN
NaN,NaN,NaN,NaN,NaN,NaN
NaN,NaN,NaN,NaN,NaN,NaN
NaN,NaN,NaN,NaN,NaN,NaN
NaN,NaN,NaN,NaN,NaN,NaN
NaN,NaN,NaN,NaN,NaN,NaN
NaN,NaN,NaN,NaN,NaN,NaN
NaN,NaN,NaN,NaN,NaN,NaN
NaN,NaN,NaN,NaN,NaN,NaN
NaN,NaN,NaN,NaN,NaN,NaN
NaN,NaN,NaN,NaN,NaN,NaN
NaN,NaN,NaN,NaN,NaN,NaN
NaN,NaN,NaN,NaN,NaN,NaN
NaN,NaN,NaN,NaN,NaN,NaN
NaN,NaN,NaN,NaN,NaN,NaN
NaN,NaN,NaN,NaN,NaN,NaN
NaN,NaN,NaN,NaN,NaN,NaN
NaN,NaN,NaN,NaN,NaN,NaN
NaN,NaN,NaN,NaN,NaN,NaN
NaN,NaN,NaN,NaN,NaN,NaN
NaN,NaN,NaN,NaN,NaN,NaN
NaN,NaN,NaN,NaN,NaN,NaN
NaN,NaN,NaN,NaN,NaN,NaN
NaN,NaN,NaN,NaN,NaN,NaN
NaN,NaN,NaN,NaN,NaN,NaN
NaN,NaN,NaN,NaN,NaN,NaN
NaN,NaN,NaN,NaN,NaN,NaN
NaN,NaN,NaN,NaN,NaN,NaN
NaN,NaN,NaN,NaN,NaN,NaN
NaN,NaN,NaN,NaN,NaN,NaN
NaN,NaN,NaN,NaN,NaN,NaN
NaN,NaN,NaN,NaN,NaN,NaN
NaN,NaN,NaN,NaN,NaN,NaN
NaN,NaN,NaN,NaN,NaN,NaN
NaN,NaN,NaN,NaN,NaN,NaN
NaN,NaN,NaN,NaN,NaN,NaN
NaN,NaN,NaN,NaN,NaN,NaN
NaN,NaN,NaN,NaN,NaN,NaN
NaN,NaN,NaN,NaN,NaN,NaN
NaN,NaN,NaN,NaN,NaN,NaN
NaN,NaN,NaN,NaN,NaN,NaN
NaN,NaN,NaN,NaN,NaN,NaN
NaN,NaN,NaN,NaN,NaN,NaN
NaN,NaN,NaN,NaN,NaN,NaN
NaN,NaN,NaN,NaN,NaN,NaN
NaN,NaN,NaN,NaN,NaN,NaN
NaN,NaN,NaN,NaN,NaN,NaN
NaN,NaN,NaN,NaN,NaN,NaN
NaN,NaN,NaN,NaN,NaN,NaN
NaN,NaN,NaN,NaN,NaN,NaN
NaN,NaN,NaN,NaN,NaN,NaN
NaN,NaN,NaN,NaN,NaN,NaN
NaN,NaN,NaN,NaN,NaN,NaN
NaN,NaN,NaN,NaN,NaN,NaN
NaN,NaN,NaN,NaN,NaN,NaN
NaN,NaN,NaN,NaN,NaN,NaN
NaN,NaN,NaN,NaN,NaN,NaN
NaN,NaN,NaN,NaN,NaN,NaN
NaN,NaN,NaN,NaN,NaN,NaN
NaN,NaN,NaN,NaN,NaN,NaN
NaN,NaN,NaN,NaN,NaN,NaN
NaN,NaN,NaN,NaN,NaN,NaN
NaN,NaN,NaN,NaN,NaN,NaN
NaN,NaN,NaN,NaN,NaN,NaN
NaN,NaN,NaN,NaN,NaN,NaN
NaN,NaN,NaN,NaN,NaN,NaN
NaN,NaN,NaN,NaN,NaN,NaN
NaN,NaN,NaN,NaN,NaN,NaN
NaN,NaN,NaN,NaN,NaN,NaN
NaN,NaN,NaN,NaN,NaN,NaN
NaN,NaN,NaN,NaN,NaN,NaN
NaN,NaN,NaN,NaN,NaN,NaN
NaN,NaN,NaN,NaN,NaN,NaN
NaN,NaN,NaN,NaN,NaN,NaN
NaN,NaN,NaN,NaN,NaN,NaN
NaN,NaN,NaN,NaN,NaN,NaN
NaN,NaN,NaN,NaN,NaN,NaN
NaN,NaN,NaN,NaN,NaN,NaN
NaN,NaN,NaN,NaN,NaN,NaN
NaN,NaN,NaN,NaN,NaN,NaN
NaN,NaN,NaN,NaN,NaN,NaN
NaN,NaN,NaN,NaN,NaN,NaN
NaN,NaN,NaN,NaN,NaN,NaN
NaN,NaN,NaN,NaN,NaN,NaN
NaN,NaN,NaN,NaN,NaN,NaN
NaN,NaN,NaN,NaN,NaN,NaN
NaN,NaN,NaN,NaN,NaN,NaN
NaN,NaN,NaN,NaN,NaN,NaN
NaN,NaN,NaN,NaN,NaN,NaN
NaN,NaN,NaN,NaN,NaN,NaN
NaN,NaN,NaN,NaN,NaN,NaN
NaN,NaN,NaN,NaN,NaN,NaN
NaN,NaN,NaN,NaN,NaN,NaN
NaN,NaN,NaN,NaN,NaN,NaN
NaN,NaN,NaN,NaN,NaN,NaN
NaN,NaN,NaN,NaN,NaN,NaN
NaN,NaN,NaN,NaN,NaN,NaN
NaN,NaN,NaN,NaN,NaN,NaN
NaN,NaN,NaN,NaN,NaN,NaN
NaN,NaN,NaN,NaN,NaN,NaN
NaN,NaN,NaN,NaN,NaN,NaN
NaN,NaN,NaN,NaN,NaN,NaN
NaN,NaN,NaN,NaN,NaN,NaN
NaN,NaN,NaN,NaN,NaN,NaN
NaN,NaN,NaN,NaN,NaN,NaN
NaN,NaN,NaN,NaN,NaN,NaN
NaN,NaN,NaN,NaN,NaN,NaN
NaN,NaN,NaN,NaN,NaN,NaN
NaN,NaN,NaN,NaN,NaN,NaN
NaN,NaN,NaN,NaN,NaN,NaN
NaN,NaN,NaN,NaN,NaN,NaN
NaN,NaN,NaN,NaN,NaN,NaN
NaN,NaN,NaN,NaN,NaN,NaN
NaN,NaN,NaN,NaN,NaN,NaN
NaN,NaN,NaN,NaN,NaN,NaN
NaN,NaN,NaN,NaN,NaN,NaN
NaN,NaN,NaN,NaN,NaN,NaN
NaN,NaN,NaN,NaN,NaN,NaN
NaN,NaN,NaN,NaN,NaN,NaN
NaN,NaN,NaN,NaN,NaN,NaN
NaN,NaN,NaN,NaN,NaN,NaN
NaN,NaN,NaN,NaN,NaN,NaN
NaN,NaN,NaN,NaN,NaN,NaN
NaN,NaN,NaN,NaN,NaN,NaN
NaN,NaN,NaN,NaN,NaN,NaN
NaN,NaN,NaN,NaN,NaN,NaN
NaN,NaN,NaN,NaN,NaN,NaN
NaN,NaN,NaN,NaN,NaN,NaN
NaN,NaN,NaN,NaN,NaN,NaN
NaN,NaN,NaN,NaN,NaN,NaN
NaN,NaN,NaN,NaN,NaN,NaN
NaN,NaN,NaN,NaN,NaN,NaN
NaN,NaN,NaN,NaN,NaN,NaN
NaN,NaN,NaN,NaN,NaN,NaN
NaN,NaN,NaN,NaN,NaN,NaN
NaN,NaN,NaN,NaN,NaN,NaN
NaN,NaN,NaN,NaN,NaN,NaN
NaN,NaN,NaN,NaN,NaN,NaN
NaN,NaN,NaN,NaN,NaN,NaN
NaN,NaN,NaN,NaN,NaN,NaN
NaN,NaN,NaN,NaN,NaN,NaN
NaN,NaN,NaN,NaN,NaN,NaN
NaN,NaN,NaN,NaN,NaN,NaN
NaN,NaN,NaN,NaN,NaN,NaN
NaN,NaN,NaN,NaN,NaN,NaN
NaN,NaN,NaN,NaN,NaN,NaN
NaN,NaN,NaN,NaN,NaN,NaN
NaN,NaN,NaN,NaN,NaN,NaN
NaN,NaN,NaN,NaN,NaN,NaN
NaN,NaN,NaN,NaN,NaN,NaN
NaN,NaN,NaN,NaN,NaN,NaN
NaN,NaN,NaN,NaN,NaN,NaN
NaN,NaN,NaN,NaN,NaN,NaN
NaN,NaN,NaN,NaN,NaN,NaN
NaN,NaN,NaN,NaN,NaN,NaN
NaN,NaN,NaN,NaN,NaN,NaN
NaN,NaN,NaN,NaN,NaN,NaN
NaN,NaN,NaN,NaN,NaN,NaN
NaN,NaN,NaN,NaN,NaN,NaN
NaN,NaN,NaN,NaN,NaN,NaN
NaN,NaN,NaN,NaN,NaN,NaN
NaN,NaN,NaN,NaN,NaN,NaN
NaN,NaN,NaN,NaN,NaN,NaN
NaN,NaN,NaN,NaN,NaN,NaN
NaN,NaN,NaN,NaN,NaN,NaN
NaN,NaN,NaN,NaN,NaN,NaN
NaN,NaN,NaN,NaN,NaN,NaN
NaN,NaN,NaN,NaN,NaN,NaN
NaN,NaN,NaN,NaN,NaN,NaN
NaN,NaN,NaN,NaN,NaN,NaN
NaN,NaN,NaN,NaN,NaN,NaN
NaN,NaN,NaN,NaN,NaN,NaN
NaN,NaN,NaN,NaN,NaN,NaN
NaN,NaN,NaN,NaN,NaN,NaN
NaN,NaN,NaN,NaN,NaN,NaN
NaN,NaN,NaN,NaN,NaN,NaN
NaN,NaN,NaN,NaN,NaN,NaN
NaN,NaN,NaN,NaN,NaN,NaN
NaN,NaN,NaN,NaN,NaN,NaN
NaN,NaN,NaN,NaN,NaN,NaN
NaN,NaN,NaN,NaN,NaN,NaN
NaN,NaN,NaN,NaN,NaN,NaN
NaN,NaN,NaN,NaN,NaN,NaN
NaN,NaN,NaN,NaN,NaN,NaN
NaN,NaN,NaN,NaN,NaN,NaN
NaN,NaN,NaN,NaN,NaN,NaN
NaN,NaN,NaN,NaN,NaN,NaN
NaN,NaN,NaN,NaN,NaN,NaN
NaN,NaN,NaN,NaN,NaN,NaN
NaN,NaN,NaN,NaN,NaN,NaN
NaN,NaN,NaN,NaN,NaN,NaN
NaN,NaN,NaN,NaN,NaN,NaN
NaN,NaN,NaN,NaN,NaN,NaN
NaN,NaN,NaN,NaN,NaN,NaN
NaN,NaN,NaN,NaN,NaN,NaN
NaN,NaN,NaN,NaN,NaN,NaN
NaN,NaN,NaN,NaN,NaN,NaN
NaN,NaN,NaN,NaN,NaN,NaN
NaN,NaN,NaN,NaN,NaN,NaN
NaN,NaN,NaN,NaN,NaN,NaN
NaN,NaN,NaN,NaN,NaN,NaN
NaN,NaN,NaN,NaN,NaN,NaN
NaN,NaN,NaN,NaN,NaN,NaN
NaN,NaN,NaN,NaN,NaN,NaN
NaN,NaN,NaN,NaN,NaN,NaN
NaN,NaN,NaN,NaN,NaN,NaN
NaN,NaN,NaN,NaN,NaN,NaN
NaN,NaN,NaN,NaN,NaN,NaN
NaN,NaN,NaN,NaN,NaN,NaN
NaN,NaN,NaN,NaN,NaN,NaN
NaN,NaN,NaN,NaN,NaN,NaN
NaN,NaN,NaN,NaN,NaN,NaN
NaN,NaN,NaN,NaN,NaN,NaN
NaN,NaN,NaN,NaN,NaN,NaN
NaN,NaN,NaN,NaN,NaN,NaN
NaN,NaN,NaN,NaN,609.969075,307.390261
NaN,NaN,NaN,NaN,610.000000,307.000000
NaN,NaN,NaN,NaN,610.000000,307.010000
NaN,NaN,NaN,NaN,609.990000,307.000000
NaN,NaN,NaN,NaN,610.000000,307.010000
NaN,NaN,NaN,NaN,609.990000,307.010000
NaN,NaN,NaN,NaN,610.000000,307.020000
NaN,NaN,NaN,NaN,609.990000,307.010000
NaN,NaN,NaN,NaN,609.990000,307.020000
NaN,NaN,NaN,NaN,609.990000,307.020000
NaN,NaN,NaN,NaN,609.980000,307.020000
NaN,NaN,NaN,NaN,609.980000,307.020000
NaN,NaN,NaN,NaN,609.970000,307.020000
NaN,NaN,NaN,NaN,609.970000,307.020000
NaN,NaN,NaN,NaN,609.960000,307.020000
NaN,NaN,NaN,NaN,609.960000,307.030000
NaN,NaN,NaN,NaN,609.960000,307.030000
NaN,NaN,NaN,NaN,609.960000,307.040000
NaN,NaN,NaN,NaN,609.960000,307.040000
NaN,NaN,NaN,NaN,609.950000,307.060000
NaN,NaN,NaN,NaN,609.940000,307.060000
NaN,NaN,NaN,NaN,609.920000,307.060000
NaN,NaN,NaN,NaN,609.920000,307.060000
NaN,NaN,NaN,NaN,609.900000,307.070000
NaN,NaN,NaN,NaN,609.910000,307.070000
NaN,NaN,NaN,NaN,609.900000,307.070000
NaN,NaN,NaN,NaN,609.900000,307.080000
NaN,NaN,NaN,NaN,609.880000,307.070000
NaN,NaN,NaN,NaN,609.870000,307.080000
NaN,NaN,NaN,NaN,609.870000,307.090000
NaN,NaN,NaN,NaN,609.870000,307.090000
NaN,NaN,NaN,NaN,609.860000,307.100000
NaN,NaN,NaN,NaN,609.850000,307.100000
NaN,NaN,NaN,NaN,609.830000,307.100000
NaN,NaN,NaN,NaN,609.810000,307.120000
NaN,NaN,NaN,NaN,609.810000,307.120000
NaN,NaN,NaN,NaN,609.780000,307.120000
NaN,NaN,NaN,NaN,609.780000,307.120000
NaN,NaN,NaN,NaN,609.770000,307.120000
NaN,NaN,NaN,NaN,609.760000,307.130000
NaN,NaN,NaN,NaN,609.760000,307.140000
NaN,NaN,NaN,NaN,609.740000,307.160000
NaN,NaN,NaN,NaN,609.700000,307.160000
NaN,NaN,NaN,NaN,609.700000,307.170000
NaN,NaN,NaN,NaN,609.700000,307.170000
NaN,NaN,NaN,NaN,609.700000,307.170000
NaN,NaN,NaN,NaN,609.700000,307.170000
NaN,NaN,NaN,NaN,609.680000,307.170000
NaN,NaN,NaN,NaN,609.670000,307.180000
NaN,NaN,NaN,NaN,609.670000,307.200000
NaN,NaN,NaN,NaN,609.670000,307.190000
NaN,NaN,NaN,NaN,609.650000,307.190000
NaN,NaN,NaN,NaN,609.640000,307.200000
NaN,NaN,NaN,NaN,609.630000,307.210000
NaN,NaN,NaN,NaN,609.630000,307.220000
NaN,NaN,NaN,NaN,609.610000,307.220000
NaN,NaN,NaN,NaN,609.600000,307.240000
NaN,NaN,NaN,NaN,609.550000,307.220000
NaN,NaN,NaN,NaN,609.560000,307.230000
NaN,NaN,NaN,NaN,609.570000,307.250000
NaN,NaN,NaN,NaN,609.570000,307.240000
NaN,NaN,NaN,NaN,609.570000,307.240000
NaN,NaN,NaN,NaN,609.560000,307.250000
NaN,NaN,NaN,NaN,609.520000,307.260000
NaN,NaN,NaN,NaN,609.100000,307.300000
NaN,NaN,NaN,NaN,609.090000,307.300000
NaN,NaN,NaN,NaN,609.080000,307.320000
NaN,NaN,NaN,NaN,609.080000,307.330000
NaN,NaN,NaN,NaN,609.070000,307.320000
NaN,NaN,NaN,NaN,609.050000,307.350000
NaN,NaN,NaN,NaN,609.010000,307.370000
NaN,NaN,NaN,NaN,608.990000,307.370000
NaN,NaN,NaN,NaN,608.970000,307.340000
NaN,NaN,NaN,NaN,608.980000,307.330000
NaN,NaN,NaN,NaN,608.990000,307.360000
NaN,NaN,NaN,NaN,608.960000,307.370000
NaN,NaN,NaN,NaN,608.920000,307.390000
NaN,NaN,NaN,NaN,608.900000,307.360000
NaN,NaN,NaN,NaN,608.920000,307.360000
NaN,NaN,NaN,NaN,608.890000,307.370000
NaN,NaN,NaN,NaN,608.950000,307.370000
NaN,NaN,NaN,NaN,608.920000,307.390000
NaN,NaN,NaN,NaN,608.920000,307.420000
NaN,NaN,NaN,NaN,608.880000,307.430000
NaN,NaN,NaN,NaN,608.860000,307.480000
NaN,NaN,NaN,NaN,608.740000,308.180000
NaN,NaN,NaN,NaN,608.630000,309.000000
NaN,NaN,NaN,NaN,608.490000,309.870000
NaN,NaN,NaN,NaN,608.180000,310.650000
NaN,NaN,NaN,NaN,608.170000,310.640000
NaN,NaN,NaN,NaN,608.160000,310.620000
NaN,NaN,NaN,NaN,608.120000,310.650000
NaN,NaN,NaN,NaN,608.090000,310.670000
NaN,NaN,NaN,NaN,608.090000,310.680000
NaN,NaN,NaN,NaN,608.090000,310.700000
NaN,NaN,NaN,NaN,608.050000,310.720000
NaN,NaN,NaN,NaN,608.010000,310.720000
NaN,NaN,NaN,NaN,607.940000,310.750000
NaN,NaN,NaN,NaN,607.910000,310.780000
NaN,NaN,NaN,NaN,607.900000,310.780000
NaN,NaN,NaN,NaN,607.880000,310.790000
NaN,NaN,NaN,NaN,607.860000,310.810000
NaN,NaN,NaN,NaN,607.800000,310.810000
NaN,NaN,NaN,NaN,607.790000,310.810000
NaN,NaN,NaN,NaN,607.790000,310.820000
NaN,NaN,NaN,NaN,607.710000,310.840000
NaN,NaN,NaN,NaN,607.650000,310.860000
NaN,NaN,NaN,NaN,607.630000,310.850000
NaN,NaN,NaN,NaN,607.600000,310.870000
NaN,NaN,NaN,NaN,607.540000,310.880000
NaN,NaN,NaN,NaN,607.140000,310.870000
NaN,NaN,NaN,NaN,607.120000,310.870000
NaN,NaN,NaN,NaN,607.090000,310.880000
NaN,NaN,NaN,NaN,607.060000,310.890000
NaN,NaN,NaN,NaN,607.020000,310.900000
NaN,NaN,NaN,NaN,606.980000,310.910000
NaN,NaN,NaN,NaN,606.940000,310.900000
NaN,NaN,NaN,NaN,606.930000,310.920000
NaN,NaN,NaN,NaN,606.910000,310.930000
NaN,NaN,NaN,NaN,606.860000,310.940000
NaN,NaN,NaN,NaN,606.810000,310.950000
NaN,NaN,NaN,NaN,606.810000,310.960000
NaN,NaN,NaN,NaN,606.790000,310.970000
NaN,NaN,NaN,NaN,606.680000,310.970000
NaN,NaN,NaN,NaN,606.620000,310.980000
NaN,NaN,NaN,NaN,606.610000,310.980000
NaN,NaN,NaN,NaN,606.610000,310.980000
NaN,NaN,NaN,NaN,606.540000,310.990000
NaN,NaN,NaN,NaN,606.150000,311.000000
NaN,NaN,NaN,NaN,606.150000,310.990000
NaN,NaN,NaN,NaN,606.110000,311.000000
NaN,NaN,NaN,NaN,606.050000,311.000000
NaN,NaN,NaN,NaN,606.000000,311.000000
NaN,NaN,NaN,NaN,606.000000,311.000000
NaN,NaN,NaN,NaN,606.000000,311.010000
NaN,NaN,NaN,NaN,605.970000,311.030000
NaN,NaN,NaN,NaN,605.940000,311.020000
NaN,NaN,NaN,NaN,605.900000,311.030000
NaN,NaN,NaN,NaN,605.880000,311.030000
NaN,NaN,NaN,NaN,605.870000,311.030000
NaN,NaN,NaN,NaN,605.850000,311.030000
NaN,NaN,NaN,NaN,605.790000,311.040000
NaN,NaN,NaN,NaN,605.790000,311.040000
NaN,NaN,NaN,NaN,605.720000,311.040000
NaN,NaN,NaN,NaN,605.710000,311.030000
NaN,NaN,NaN,NaN,605.710000,311.030000
NaN,NaN,NaN,NaN,605.690000,311.030000
NaN,NaN,NaN,NaN,605.580000,311.030000
NaN,NaN,NaN,NaN,605.190000,311.040000
NaN,NaN,NaN,NaN,605.220000,311.040000
NaN,NaN,NaN,NaN,605.250000,311.050000
NaN,NaN,NaN,NaN,605.250000,311.040000
NaN,NaN,NaN,NaN,605.200000,311.040000
NaN,NaN,NaN,NaN,605.150000,311.040000
NaN,NaN,NaN,NaN,605.130000,311.040000
NaN,NaN,NaN,NaN,605.140000,311.030000
NaN,NaN,NaN,NaN,605.090000,311.040000
NaN,NaN,NaN,NaN,605.090000,311.050000
NaN,NaN,NaN,NaN,605.100000,311.050000
NaN,NaN,NaN,NaN,605.100000,311.050000
NaN,NaN,NaN,NaN,605.090000,311.050000
NaN,NaN,NaN,NaN,605.090000,311.050000
NaN,NaN,NaN,NaN,605.100000,311.050000
NaN,NaN,NaN,NaN,605.120000,311.030000
NaN,NaN,NaN,NaN,605.080000,311.040000
NaN,NaN,NaN,NaN,605.110000,311.040000
NaN,NaN,NaN,NaN,605.100000,311.040000
NaN,NaN,NaN,NaN,605.060000,311.050000
NaN,NaN,NaN,NaN,605.070000,311.050000
NaN,NaN,NaN,NaN,605.100000,311.050000
NaN,NaN,NaN,NaN,605.120000,311.040000
NaN,NaN,NaN,NaN,605.100000,311.040000
NaN,NaN,NaN,NaN,605.090000,311.040000
NaN,NaN,NaN,NaN,605.080000,311.040000
NaN,NaN,NaN,NaN,605.080000,311.030000
NaN,NaN,NaN,NaN,605.080000,311.030000
NaN,NaN,NaN,NaN,605.110000,311.030000
NaN,NaN,NaN,NaN,605.070000,311.030000
NaN,NaN,NaN,NaN,605.090000,311.020000
NaN,NaN,NaN,NaN,605.140000,311.020000
NaN,NaN,NaN,NaN,605.100000,311.010000
NaN,NaN,NaN,NaN,605.100000,311.000000
NaN,NaN,NaN,NaN,605.110000,311.000000
NaN,NaN,NaN,NaN,605.130000,311.000000
NaN,NaN,NaN,NaN,605.100000,311.000000
NaN,NaN,NaN,NaN,605.120000,310.990000
NaN,NaN,NaN,NaN,605.130000,310.990000
NaN,NaN,NaN,NaN,605.150000,310.980000
NaN,NaN,NaN,NaN,605.140000,310.980000
NaN,NaN,NaN,NaN,605.140000,310.980000
NaN,NaN,NaN,NaN,605.160000,310.980000
NaN,NaN,NaN,NaN,605.190000,310.970000
NaN,NaN,NaN,NaN,605.150000,310.980000
NaN,NaN,NaN,NaN,605.150000,310.980000
NaN,NaN,NaN,NaN,605.200000,310.970000
NaN,NaN,NaN,NaN,605.220000,310.960000
NaN,NaN,NaN,NaN,605.180000,310.960000
NaN,NaN,NaN,NaN,605.120000,310.960000
NaN,NaN,NaN,NaN,605.150000,310.960000
NaN,NaN,NaN,NaN,605.160000,310.950000
NaN,NaN,NaN,NaN,605.190000,310.950000
NaN,NaN,NaN,NaN,605.180000,310.950000
NaN,NaN,NaN,NaN,605.160000,310.950000
NaN,NaN,NaN,NaN,605.160000,310.950000
NaN,NaN,NaN,NaN,605.140000,310.950000
NaN,NaN,NaN,NaN,605.140000,310.940000
NaN,NaN,NaN,NaN,605.180000,310.940000
NaN,NaN,NaN,NaN,605.200000,310.940000
NaN,NaN,NaN,NaN,605.170000,310.940000
NaN,NaN,NaN,NaN,605.140000,310.950000
NaN,NaN,NaN,NaN,605.150000,310.930000
NaN,NaN,NaN,NaN,605.120000,310.930000
NaN,NaN,NaN,NaN,605.140000,310.940000
NaN,NaN,NaN,NaN,605.120000,310.940000
NaN,NaN,NaN,NaN,605.140000,310.940000
NaN,NaN,NaN,NaN,605.080000,310.940000
NaN,NaN,NaN,NaN,605.090000,310.940000
NaN,NaN,NaN,NaN,605.070000,310.940000
NaN,NaN,NaN,NaN,605.070000,310.940000
NaN,NaN,NaN,NaN,605.090000,310.940000
NaN,NaN,NaN,NaN,605.100000,310.940000
NaN,NaN,NaN,NaN,605.100000,310.950000
NaN,NaN,NaN,NaN,605.070000,310.940000
NaN,NaN,NaN,NaN,605.050000,310.940000
NaN,NaN,NaN,NaN,605.050000,310.960000
NaN,NaN,NaN,NaN,605.020000,310.960000
NaN,NaN,NaN,NaN,605.020000,310.960000
NaN,NaN,NaN,NaN,605.020000,310.960000
NaN,NaN,NaN,NaN,605.030000,310.960000
NaN,NaN,NaN,NaN,605.000000,310.960000
NaN,NaN,NaN,NaN,605.010000,310.960000
NaN,NaN,NaN,NaN,605.040000,310.960000
NaN,NaN,NaN,NaN,605.040000,310.970000
NaN,NaN,NaN,NaN,605.040000,310.990000
NaN,NaN,NaN,NaN,605.010000,310.980000
NaN,NaN,NaN,NaN,605.000000,310.990000
NaN,NaN,NaN,NaN,604.980000,310.980000
NaN,NaN,NaN,NaN,604.980000,310.990000
NaN,NaN,NaN,NaN,604.960000,310.990000
NaN,NaN,NaN,NaN,605.000000,310.990000
NaN,NaN,NaN,NaN,604.950000,311.000000
NaN,NaN,NaN,NaN,604.940000,311.010000
NaN,NaN,NaN,NaN,604.970000,311.010000
NaN,NaN,NaN,NaN,604.980000,311.010000
NaN,NaN,NaN,NaN,604.980000,311.020000
NaN,NaN,NaN,NaN,604.940000,311.020000
NaN,NaN,NaN,NaN,604.950000,311.020000
NaN,NaN,NaN,NaN,604.980000,311.020000
NaN,NaN,NaN,NaN,604.980000,311.040000
NaN,NaN,NaN,NaN,604.940000,311.040000
NaN,NaN,NaN,NaN,604.950000,311.050000
NaN,NaN,NaN,NaN,604.910000,311.050000
NaN,NaN,NaN,NaN,604.850000,311.040000
NaN,NaN,NaN,NaN,604.900000,311.030000
NaN,NaN,NaN,NaN,604.910000,311.030000
NaN,NaN,NaN,NaN,604.940000,311.040000
NaN,NaN,NaN,NaN,604.950000,311.040000
NaN,NaN,NaN,NaN,604.970000,311.050000
NaN,NaN,NaN,NaN,604.920000,311.060000
NaN,NaN,NaN,NaN,604.910000,311.050000
NaN,NaN,NaN,NaN,604.930000,311.060000
NaN,NaN,NaN,NaN,604.910000,311.060000
NaN,NaN,NaN,NaN,604.910000,311.060000
NaN,NaN,NaN,NaN,604.890000,311.060000
NaN,NaN,NaN,NaN,604.880000,311.060000
NaN,NaN,NaN,NaN,604.920000,311.060000
NaN,NaN,NaN,NaN,604.920000,311.060000
NaN,NaN,NaN,NaN,604.840000,311.080000
NaN,NaN,NaN,NaN,604.940000,311.080000
NaN,NaN,NaN,NaN,604.920000,311.070000
NaN,NaN,NaN,NaN,604.940000,311.070000
NaN,NaN,NaN,NaN,604.950000,311.080000
NaN,NaN,NaN,NaN,604.930000,311.090000
NaN,NaN,NaN,NaN,604.950000,311.080000
NaN,NaN,NaN,NaN,604.950000,311.100000
NaN,NaN,NaN,NaN,604.930000,311.090000
NaN,NaN,NaN,NaN,604.890000,311.090000
NaN,NaN,NaN,NaN,604.870000,311.090000
NaN,NaN,NaN,NaN,604.880000,311.080000
NaN,NaN,NaN,NaN,604.880000,311.080000
NaN,NaN,NaN,NaN,604.880000,311.070000
NaN,NaN,NaN,NaN,604.900000,311.070000
NaN,NaN,NaN,NaN,604.870000,311.080000
NaN,NaN,NaN,NaN,604.840000,311.080000
NaN,NaN,NaN,NaN,604.860000,311.080000
NaN,NaN,NaN,NaN,604.860000,311.100000
NaN,NaN,NaN,NaN,604.850000,311.100000
NaN,NaN,NaN,NaN,604.780000,311.110000
NaN,NaN,NaN,NaN,604.800000,311.100000
NaN,NaN,NaN,NaN,604.760000,311.100000
NaN,NaN,NaN,NaN,604.790000,311.110000
NaN,NaN,NaN,NaN,604.830000,311.100000
NaN,NaN,NaN,NaN,604.820000,311.100000
NaN,NaN,NaN,NaN,604.820000,311.110000
NaN,NaN,NaN,NaN,604.780000,311.120000
NaN,NaN,NaN,NaN,604.800000,311.110000
NaN,NaN,NaN,NaN,604.760000,311.120000
NaN,NaN,NaN,NaN,604.820000,311.110000
NaN,NaN,NaN,NaN,604.770000,311.090000
NaN,NaN,NaN,NaN,604.780000,311.090000
NaN,NaN,NaN,NaN,604.810000,311.090000
NaN,NaN,NaN,NaN,604.900000,311.080000
NaN,NaN,NaN,NaN,604.870000,311.080000
NaN,NaN,NaN,NaN,604.790000,311.090000
NaN,NaN,NaN,NaN,604.810000,311.090000
NaN,NaN,NaN,NaN,604.850000,311.090000
NaN,NaN,NaN,NaN,604.880000,311.090000
NaN,NaN,NaN,NaN,604.860000,311.090000
NaN,NaN,NaN,NaN,604.870000,311.100000
NaN,NaN,NaN,NaN,604.900000,311.090000
NaN,NaN,NaN,NaN,604.860000,311.080000
NaN,NaN,NaN,NaN,604.890000,311.090000
NaN,NaN,NaN,NaN,604.940000,311.120000
NaN,NaN,NaN,NaN,604.970000,311.110000
NaN,NaN,NaN,NaN,605.000000,311.090000
NaN,NaN,NaN,NaN,605.000000,311.080000
NaN,NaN,NaN,NaN,605.000000,311.090000
NaN,NaN,NaN,NaN,605.010000,311.090000
NaN,NaN,NaN,NaN,605.000000,311.090000
NaN,NaN,NaN,NaN,605.060000,311.100000
NaN,NaN,NaN,NaN,605.060000,311.090000
NaN,NaN,NaN,NaN,605.030000,311.100000
NaN,NaN,NaN,NaN,605.110000,311.100000
NaN,NaN,NaN,NaN,605.140000,311.090000
NaN,NaN,NaN,NaN,605.150000,311.090000
NaN,NaN,NaN,NaN,605.170000,311.100000
NaN,NaN,NaN,NaN,605.200000,311.100000
NaN,NaN,NaN,NaN,605.190000,311.110000
NaN,NaN,NaN,NaN,605.170000,311.110000
NaN,NaN,NaN,NaN,605.240000,311.100000
NaN,NaN,NaN,NaN,605.270000,311.110000
NaN,NaN,NaN,NaN,605.270000,311.120000
NaN,NaN,NaN,NaN,605.230000,311.120000
NaN,NaN,NaN,NaN,605.330000,311.090000
NaN,NaN,NaN,NaN,605.340000,311.110000
NaN,NaN,NaN,NaN,605.340000,311.100000
NaN,NaN,NaN,NaN,605.390000,311.110000
NaN,NaN,NaN,NaN,605.370000,311.110000
NaN,NaN,NaN,NaN,605.320000,311.100000
NaN,NaN,NaN,NaN,605.310000,311.120000
NaN,NaN,NaN,NaN,605.350000,311.110000
NaN,NaN,NaN,NaN,605.380000,311.100000
NaN,NaN,NaN,NaN,605.450000,311.130000
NaN,NaN,NaN,NaN,605.830000,311.110000
NaN,NaN,NaN,NaN,605.830000,311.110000
NaN,NaN,NaN,NaN,605.860000,311.110000
NaN,NaN,NaN,NaN,605.890000,311.100000
NaN,NaN,NaN,NaN,605.940000,311.090000
NaN,NaN,NaN,NaN,605.920000,311.100000
NaN,NaN,NaN,NaN,605.920000,311.110000
NaN,NaN,NaN,NaN,605.920000,311.100000
NaN,NaN,NaN,NaN,605.890000,311.110000
NaN,NaN,NaN,NaN,605.900000,311.100000
NaN,NaN,NaN,NaN,605.920000,311.100000
NaN,NaN,NaN,NaN,605.940000,311.090000
NaN,NaN,NaN,NaN,605.930000,311.100000
NaN,NaN,NaN,NaN,605.920000,311.100000
NaN,NaN,NaN,NaN,605.970000,311.110000
NaN,NaN,NaN,NaN,605.960000,311.090000
NaN,NaN,NaN,NaN,605.950000,311.100000
NaN,NaN,NaN,NaN,605.940000,311.100000
NaN,NaN,NaN,NaN,605.940000,311.120000
NaN,NaN,NaN,NaN,605.950000,311.110000
NaN,NaN,NaN,NaN,605.930000,311.090000
NaN,NaN,NaN,NaN,605.890000,311.090000
NaN,NaN,NaN,NaN,605.880000,311.100000
NaN,NaN,NaN,NaN,605.910000,311.100000
NaN,NaN,NaN,NaN,605.890000,311.100000
NaN,NaN,NaN,NaN,605.870000,311.110000
NaN,NaN,NaN,NaN,605.860000,311.120000
NaN,NaN,NaN,NaN,605.920000,311.100000
NaN,NaN,NaN,NaN,605.880000,311.110000
NaN,NaN,NaN,NaN,605.900000,311.100000
NaN,NaN,NaN,NaN,605.910000,311.100000
NaN,NaN,NaN,NaN,605.920000,311.120000
NaN,NaN,NaN,NaN,605.900000,311.110000
NaN,NaN,NaN,NaN,605.890000,311.110000
NaN,NaN,NaN,NaN,605.890000,311.110000
NaN,NaN,NaN,NaN,605.890000,311.120000
NaN,NaN,NaN,NaN,605.890000,311.110000
NaN,NaN,NaN,NaN,605.890000,311.110000
NaN,NaN,NaN,NaN,605.910000,311.110000
NaN,NaN,NaN,NaN,605.890000,311.110000
NaN,NaN,NaN,NaN,605.890000,311.120000
NaN,NaN,NaN,NaN,605.910000,311.100000
NaN,NaN,NaN,NaN,605.920000,311.100000
NaN,NaN,NaN,NaN,605.930000,311.080000
NaN,NaN,NaN,NaN,605.880000,311.110000
NaN,NaN,NaN,NaN,605.870000,311.120000
NaN,NaN,NaN,NaN,605.860000,311.110000
NaN,NaN,NaN,NaN,605.940000,311.090000
NaN,NaN,NaN,NaN,605.930000,311.100000
NaN,NaN,NaN,NaN,605.940000,311.120000
NaN,NaN,NaN,NaN,605.960000,311.120000
NaN,NaN,NaN,NaN,605.960000,311.120000
NaN,NaN,NaN,NaN,605.930000,311.120000
NaN,NaN,NaN,NaN,605.930000,311.120000
NaN,NaN,NaN,NaN,605.960000,311.120000
NaN,NaN,NaN,NaN,605.960000,311.120000
NaN,NaN,NaN,NaN,605.900000,311.120000
NaN,NaN,NaN,NaN,605.910000,311.120000
NaN,NaN,NaN,NaN,605.970000,311.110000
NaN,NaN,NaN,NaN,605.890000,311.110000
NaN,NaN,NaN,NaN,605.880000,311.120000
NaN,NaN,NaN,NaN,605.880000,311.120000
NaN,NaN,NaN,NaN,605.910000,311.110000
NaN,NaN,NaN,NaN,605.930000,311.110000
NaN,NaN,NaN,NaN,605.910000,311.100000
NaN,NaN,NaN,NaN,605.890000,311.100000
NaN,NaN,NaN,NaN,605.900000,311.120000
NaN,NaN,NaN,NaN,605.920000,311.130000
NaN,NaN,NaN,NaN,605.950000,311.120000
NaN,NaN,NaN,NaN,605.910000,311.120000
NaN,NaN,NaN,NaN,605.950000,311.130000
NaN,NaN,NaN,NaN,605.910000,311.120000
NaN,NaN,NaN,NaN,605.940000,311.110000
NaN,NaN,NaN,NaN,605.910000,311.130000
NaN,NaN,NaN,NaN,605.920000,311.110000
NaN,NaN,NaN,NaN,605.910000,311.120000
NaN,NaN,NaN,NaN,605.900000,311.120000
NaN,NaN,NaN,NaN,605.910000,311.120000
NaN,NaN,NaN,NaN,605.940000,311.120000
NaN,NaN,NaN,NaN,605.920000,311.120000
NaN,NaN,NaN,NaN,605.950000,311.150000
NaN,NaN,NaN,NaN,605.990000,311.150000
NaN,NaN,NaN,NaN,606.020000,311.130000
NaN,NaN,NaN,NaN,605.960000,311.140000
NaN,NaN,NaN,NaN,605.960000,311.140000
NaN,NaN,NaN,NaN,605.960000,311.140000
NaN,NaN,NaN,NaN,605.960000,311.120000
NaN,NaN,NaN,NaN,605.960000,311.150000
NaN,NaN,NaN,NaN,605.950000,311.150000
NaN,NaN,NaN,NaN,605.950000,311.140000
NaN,NaN,NaN,NaN,605.960000,311.130000
NaN,NaN,NaN,NaN,605.920000,311.140000
NaN,NaN,NaN,NaN,605.970000,311.140000
NaN,NaN,NaN,NaN,606.030000,311.130000
NaN,NaN,NaN,NaN,606.000000,311.130000
NaN,NaN,NaN,NaN,605.950000,311.150000
NaN,NaN,NaN,NaN,605.930000,311.130000
NaN,NaN,NaN,NaN,605.970000,311.140000
NaN,NaN,NaN,NaN,605.970000,311.150000
NaN,NaN,NaN,NaN,605.960000,311.140000
NaN,NaN,NaN,NaN,605.970000,311.150000
NaN,NaN,NaN,NaN,605.990000,311.150000
NaN,NaN,NaN,NaN,606.010000,311.160000
NaN,NaN,NaN,NaN,605.990000,311.170000
NaN,NaN,NaN,NaN,606.020000,311.170000
NaN,NaN,NaN,NaN,605.990000,311.170000
NaN,NaN,NaN,NaN,605.970000,311.190000
NaN,NaN,NaN,NaN,605.960000,311.210000
NaN,NaN,NaN,NaN,605.990000,311.210000
NaN,NaN,NaN,NaN,606.010000,311.180000
NaN,NaN,NaN,NaN,606.030000,311.180000
NaN,NaN,NaN,NaN,606.000000,311.170000
NaN,NaN,NaN,NaN,606.010000,311.170000
NaN,NaN,NaN,NaN,605.980000,311.180000
NaN,NaN,NaN,NaN,605.950000,311.180000
NaN,NaN,NaN,NaN,605.910000,311.180000
NaN,NaN,NaN,NaN,605.880000,311.160000
NaN,NaN,NaN,NaN,605.910000,311.140000
NaN,NaN,NaN,NaN,605.880000,311.160000
NaN,NaN,NaN,NaN,605.900000,311.120000
NaN,NaN,NaN,NaN,605.830000,311.140000
NaN,NaN,NaN,NaN,605.820000,311.130000
NaN,NaN,NaN,NaN,605.820000,311.130000
NaN,NaN,NaN,NaN,605.780000,311.130000
NaN,NaN,NaN,NaN,605.770000,311.140000
NaN,NaN,NaN,NaN,605.790000,311.140000
NaN,NaN,NaN,NaN,605.760000,311.120000
NaN,NaN,NaN,NaN,605.810000,311.120000
NaN,NaN,NaN,NaN,605.760000,311.130000
NaN,NaN,NaN,NaN,605.740000,311.130000
NaN,NaN,NaN,NaN,605.730000,311.120000
NaN,NaN,NaN,NaN,605.650000,311.120000
NaN,NaN,NaN,NaN,605.710000,311.130000
NaN,NaN,NaN,NaN,605.700000,311.120000
NaN,NaN,NaN,NaN,605.740000,311.130000
NaN,NaN,NaN,NaN,605.750000,311.120000
NaN,NaN,NaN,NaN,605.750000,311.130000
NaN,NaN,NaN,NaN,605.660000,311.130000
NaN,NaN,NaN,NaN,605.710000,311.130000
NaN,NaN,NaN,NaN,605.710000,311.120000
NaN,NaN,NaN,NaN,605.730000,311.120000
NaN,NaN,NaN,NaN,605.710000,311.130000
NaN,NaN,NaN,NaN,605.700000,311.130000
NaN,NaN,NaN,NaN,605.730000,311.130000
NaN,NaN,NaN,NaN,605.720000,311.140000
NaN,NaN,NaN,NaN,605.620000,311.130000
NaN,NaN,NaN,NaN,605.620000,311.120000
NaN,NaN,NaN,NaN,605.610000,311.120000
NaN,NaN,NaN,NaN,605.630000,311.100000
NaN,NaN,NaN,NaN,605.630000,311.100000
NaN,NaN,NaN,NaN,605.600000,311.110000
NaN,NaN,NaN,NaN,605.530000,311.100000
NaN,NaN,NaN,NaN,605.180000,311.110000
NaN,NaN,NaN,NaN,605.190000,311.120000
NaN,NaN,NaN,NaN,605.180000,311.120000
NaN,NaN,NaN,NaN,605.200000,311.130000
NaN,NaN,NaN,NaN,605.220000,311.130000
NaN,NaN,NaN,NaN,605.220000,311.130000
NaN,NaN,NaN,NaN,605.210000,311.140000
NaN,NaN,NaN,NaN,605.180000,311.130000
NaN,NaN,NaN,NaN,605.150000,311.130000
NaN,NaN,NaN,NaN,605.140000,311.130000
NaN,NaN,NaN,NaN,605.130000,311.130000
NaN,NaN,NaN,NaN,605.190000,311.120000
NaN,NaN,NaN,NaN,605.220000,311.110000
NaN,NaN,NaN,NaN,605.210000,311.120000
NaN,NaN,NaN,NaN,605.130000,311.100000
NaN,NaN,NaN,NaN,605.110000,311.110000
NaN,NaN,NaN,NaN,605.080000,311.110000
NaN,NaN,NaN,NaN,605.100000,311.100000
NaN,NaN,NaN,NaN,605.130000,311.110000
NaN,NaN,NaN,NaN,605.130000,311.100000
NaN,NaN,NaN,NaN,605.100000,311.090000
NaN,NaN,NaN,NaN,605.100000,311.110000
NaN,NaN,NaN,NaN,605.090000,311.100000
NaN,NaN,NaN,NaN,605.070000,311.110000
NaN,NaN,NaN,NaN,605.130000,311.120000
NaN,NaN,NaN,NaN,605.140000,311.120000
NaN,NaN,NaN,NaN,605.160000,311.120000
NaN,NaN,NaN,NaN,605.200000,311.120000
NaN,NaN,NaN,NaN,605.230000,311.120000
NaN,NaN,652.203515,429.087920,605.250000,311.120000
NaN,NaN,651.980000,429.000000,605.210000,311.110000
NaN,NaN,651.950000,429.060000,605.230000,311.100000
NaN,NaN,651.980000,429.100000,605.260000,311.100000
NaN,NaN,651.970000,429.090000,605.220000,311.100000
NaN,NaN,651.980000,429.090000,605.330000,311.100000
NaN,NaN,651.940000,429.070000,605.280000,311.090000
NaN,NaN,651.960000,429.020000,605.280000,311.090000
NaN,NaN,651.930000,428.990000,605.300000,311.090000
NaN,NaN,651.970000,429.000000,605.290000,311.100000
NaN,NaN,651.970000,429.020000,605.330000,311.100000
NaN,NaN,651.970000,429.040000,605.310000,311.100000
NaN,NaN,651.940000,429.040000,605.360000,311.100000
NaN,NaN,651.970000,429.040000,605.300000,311.110000
NaN,NaN,651.940000,429.020000,605.350000,311.110000
NaN,NaN,651.970000,429.030000,605.350000,311.100000
NaN,NaN,652.010000,429.010000,605.340000,311.110000
NaN,NaN,652.010000,429.000000,605.350000,311.100000
NaN,NaN,651.960000,428.990000,605.390000,311.100000
NaN,NaN,651.970000,428.980000,605.460000,311.100000
NaN,NaN,651.950000,429.000000,605.800000,311.090000
NaN,NaN,651.970000,429.010000,605.800000,311.090000
NaN,NaN,651.970000,429.000000,605.820000,311.090000
NaN,NaN,651.970000,429.010000,605.850000,311.100000
NaN,NaN,651.960000,429.010000,605.830000,311.100000
NaN,NaN,651.930000,429.020000,605.820000,311.090000
NaN,NaN,651.970000,429.000000,605.890000,311.080000
NaN,NaN,651.960000,428.990000,605.880000,311.090000
NaN,NaN,652.000000,428.990000,605.890000,311.070000
NaN,NaN,651.990000,428.970000,605.920000,311.080000
NaN,NaN,651.970000,428.990000,605.880000,311.080000
NaN,NaN,651.970000,429.000000,605.930000,311.070000
NaN,NaN,651.950000,428.970000,605.920000,311.080000
NaN,NaN,651.960000,428.980000,605.910000,311.070000
NaN,NaN,651.950000,429.040000,605.970000,311.070000
NaN,NaN,651.930000,429.000000,605.980000,311.060000
NaN,NaN,651.960000,428.990000,605.970000,311.050000
NaN,NaN,651.960000,429.000000,605.960000,311.050000
NaN,NaN,652.000000,429.020000,605.980000,311.050000
NaN,NaN,651.950000,428.980000,605.970000,311.050000
NaN,NaN,651.970000,428.910000,606.000000,311.050000
NaN,NaN,651.980000,429.000000,605.950000,311.040000
NaN,NaN,651.940000,429.020000,606.020000,311.040000
NaN,NaN,651.990000,428.980000,605.980000,311.050000
NaN,NaN,651.990000,429.020000,605.990000,311.060000
NaN,NaN,651.990000,428.980000,605.980000,311.070000
NaN,NaN,652.020000,428.940000,605.900000,311.050000
NaN,NaN,652.000000,428.990000,605.970000,311.060000
NaN,NaN,651.970000,428.960000,605.990000,311.060000
NaN,NaN,651.950000,429.000000,606.050000,311.050000
NaN,NaN,651.970000,429.010000,606.000000,311.040000
NaN,NaN,651.990000,428.950000,606.020000,311.040000
NaN,NaN,651.940000,428.980000,605.980000,311.060000
NaN,NaN,651.930000,428.960000,605.980000,311.060000
NaN,NaN,651.960000,428.970000,605.980000,311.050000
NaN,NaN,651.970000,428.970000,606.020000,311.040000
NaN,NaN,651.950000,428.930000,606.010000,311.050000
NaN,NaN,651.950000,428.980000,606.050000,311.050000
NaN,NaN,652.010000,429.020000,606.020000,311.040000
NaN,NaN,651.940000,429.000000,606.030000,311.040000
NaN,NaN,651.910000,429.040000,606.010000,311.050000
NaN,NaN,651.930000,429.030000,606.020000,311.040000
NaN,NaN,651.930000,429.030000,606.040000,311.050000
NaN,NaN,651.970000,429.020000,606.020000,311.040000
NaN,NaN,652.000000,428.970000,606.020000,311.050000
NaN,NaN,651.970000,428.980000,606.000000,311.040000
NaN,NaN,651.920000,428.980000,605.980000,311.040000
NaN,NaN,651.910000,429.000000,606.010000,311.050000
NaN,NaN,651.970000,428.970000,606.020000,311.050000
NaN,NaN,651.930000,428.970000,606.030000,311.040000
NaN,NaN,651.910000,428.980000,606.010000,311.040000
NaN,NaN,651.920000,428.980000,606.030000,311.040000
NaN,NaN,651.960000,428.970000,606.020000,311.040000
NaN,NaN,651.970000,428.930000,606.030000,311.030000
NaN,NaN,651.930000,428.960000,606.010000,311.030000
NaN,NaN,651.930000,428.930000,606.020000,311.030000
NaN,NaN,651.920000,428.950000,606.010000,311.030000
NaN,NaN,651.950000,428.960000,606.040000,311.020000
NaN,NaN,651.910000,429.020000,606.040000,311.030000
NaN,NaN,651.910000,428.930000,606.040000,311.030000
NaN,NaN,651.910000,428.950000,606.010000,311.030000
NaN,NaN,651.920000,428.920000,606.030000,311.020000
NaN,NaN,651.950000,428.950000,606.040000,311.030000
NaN,NaN,651.930000,428.970000,606.040000,311.030000
NaN,NaN,651.940000,428.930000,606.000000,311.040000
NaN,NaN,651.910000,428.990000,606.040000,311.030000
NaN,NaN,651.920000,429.010000,605.990000,311.030000
NaN,NaN,651.920000,429.020000,606.000000,311.030000
NaN,NaN,651.900000,428.960000,606.030000,311.020000
NaN,NaN,651.960000,429.000000,605.980000,311.020000
NaN,NaN,651.890000,428.940000,605.950000,311.030000
NaN,NaN,651.910000,428.970000,605.960000,311.030000
NaN,NaN,651.940000,428.980000,606.040000,311.020000
NaN,NaN,651.910000,429.020000,606.000000,311.030000
NaN,NaN,651.970000,428.910000,606.000000,311.020000
NaN,NaN,651.920000,429.000000,605.990000,311.020000
NaN,NaN,651.840000,428.990000,606.030000,311.020000
NaN,NaN,651.890000,428.930000,606.040000,311.010000
NaN,NaN,651.890000,428.920000,606.010000,311.020000
NaN,NaN,651.860000,428.890000,605.960000,311.030000
NaN,NaN,651.930000,428.970000,606.000000,311.030000
NaN,NaN,651.990000,428.930000,605.990000,311.020000
NaN,NaN,651.910000,428.930000,606.000000,311.010000
NaN,NaN,651.950000,428.940000,605.960000,311.030000
NaN,NaN,651.910000,428.980000,605.950000,311.030000
NaN,NaN,651.900000,428.970000,605.940000,311.030000
NaN,NaN,651.880000,428.980000,605.970000,311.010000
NaN,NaN,651.930000,428.940000,605.960000,311.010000
NaN,NaN,651.930000,428.920000,605.940000,311.020000
NaN,NaN,651.850000,428.980000,605.920000,311.020000
NaN,NaN,651.840000,428.930000,605.980000,311.020000
NaN,NaN,651.840000,428.980000,605.980000,311.020000
NaN,NaN,651.870000,428.950000,605.980000,311.020000
NaN,NaN,651.850000,428.940000,605.930000,311.020000
NaN,NaN,651.890000,428.990000,605.950000,311.010000
NaN,NaN,651.880000,428.950000,605.980000,311.010000
NaN,NaN,651.880000,429.010000,605.980000,311.010000
NaN,NaN,651.900000,429.030000,605.950000,311.010000
NaN,NaN,651.920000,428.950000,605.960000,311.010000
NaN,NaN,651.920000,428.910000,605.930000,311.010000
NaN,NaN,651.880000,428.940000,605.980000,311.020000
NaN,NaN,651.940000,428.960000,605.970000,311.020000
NaN,NaN,651.910000,428.970000,605.970000,311.010000
NaN,NaN,651.870000,429.000000,605.940000,311.000000
NaN,NaN,651.900000,428.950000,605.950000,311.000000
NaN,NaN,651.880000,428.940000,605.990000,311.000000
NaN,NaN,651.900000,428.940000,606.000000,311.000000
NaN,NaN,651.890000,428.950000,606.020000,311.000000
NaN,NaN,651.930000,428.940000,606.040000,310.990000
NaN,NaN,651.920000,428.940000,606.020000,310.990000
NaN,NaN,651.920000,428.940000,606.040000,310.990000
NaN,NaN,651.850000,428.940000,606.060000,310.980000
NaN,NaN,651.850000,428.960000,606.050000,310.980000
NaN,NaN,651.830000,428.950000,606.020000,310.980000
NaN,NaN,651.830000,428.970000,606.030000,310.990000
NaN,NaN,651.850000,428.950000,606.050000,310.980000
NaN,NaN,651.870000,428.940000,606.040000,310.980000
NaN,NaN,651.860000,428.950000,606.080000,310.970000
NaN,NaN,651.820000,428.980000,606.100000,310.970000
NaN,NaN,651.810000,428.950000,606.110000,310.960000
NaN,NaN,651.860000,428.920000,606.090000,310.970000
NaN,NaN,651.870000,428.860000,606.090000,310.960000
NaN,NaN,651.810000,428.910000,606.110000,310.960000
NaN,NaN,651.820000,428.950000,606.120000,310.970000
NaN,NaN,651.880000,428.880000,606.140000,310.960000
NaN,NaN,651.880000,428.850000,606.140000,310.970000
NaN,NaN,651.890000,428.890000,606.150000,310.960000
NaN,NaN,651.930000,428.880000,606.130000,310.950000
NaN,NaN,651.900000,428.930000,606.120000,310.940000
NaN,NaN,651.900000,428.880000,606.190000,310.940000
NaN,NaN,651.880000,428.890000,606.140000,310.950000
NaN,NaN,651.860000,428.890000,606.150000,310.950000
NaN,NaN,651.860000,428.920000,606.200000,310.940000
NaN,NaN,651.870000,428.900000,606.150000,310.930000
NaN,NaN,651.840000,428.870000,606.110000,310.940000
NaN,NaN,651.810000,428.880000,606.100000,310.930000
NaN,NaN,651.790000,428.930000,606.130000,310.940000
NaN,NaN,651.850000,428.920000,606.130000,310.940000
NaN,NaN,651.840000,428.910000,606.110000,310.930000
NaN,NaN,651.870000,428.930000,606.120000,310.930000
NaN,NaN,651.880000,428.890000,606.060000,310.930000
NaN,NaN,651.860000,428.940000,606.060000,310.930000
NaN,NaN,651.870000,428.900000,606.060000,310.940000
NaN,NaN,651.820000,428.950000,606.150000,310.940000
NaN,NaN,651.820000,428.930000,606.090000,310.950000
NaN,NaN,651.850000,428.920000,606.080000,310.960000
NaN,NaN,651.870000,428.930000,606.070000,310.950000
NaN,NaN,651.910000,428.930000,606.050000,310.960000
NaN,NaN,651.830000,428.900000,606.050000,310.960000
NaN,NaN,651.770000,428.950000,606.080000,310.960000
NaN,NaN,651.850000,428.940000,606.050000,310.960000
NaN,NaN,651.870000,428.890000,606.040000,310.960000
NaN,NaN,651.860000,428.910000,606.030000,310.970000
NaN,NaN,651.760000,428.930000,606.030000,310.960000
NaN,NaN,651.770000,428.920000,605.990000,310.960000
NaN,NaN,651.730000,428.930000,605.990000,310.960000
NaN,NaN,651.870000,428.910000,605.990000,310.970000
NaN,NaN,651.890000,428.940000,606.010000,310.970000
NaN,NaN,651.870000,428.810000,606.000000,310.970000
NaN,NaN,651.890000,428.860000,606.000000,310.970000
NaN,NaN,651.820000,428.890000,605.960000,310.970000
NaN,NaN,651.770000,428.890000,605.950000,310.970000
NaN,NaN,651.850000,428.910000,605.930000,310.980000
NaN,NaN,651.790000,428.860000,605.910000,310.980000
NaN,NaN,651.810000,428.930000,605.910000,310.980000
NaN,NaN,651.840000,428.940000,605.910000,310.980000
NaN,NaN,651.770000,428.900000,605.910000,310.990000
NaN,NaN,651.840000,428.860000,605.840000,310.990000
NaN,NaN,651.800000,428.850000,605.890000,310.980000
NaN,NaN,651.780000,428.890000,605.900000,310.990000
NaN,NaN,651.760000,428.910000,605.890000,310.980000
NaN,NaN,651.790000,428.860000,605.910000,310.980000
NaN,NaN,651.750000,428.800000,605.850000,310.980000
NaN,NaN,651.860000,428.900000,605.900000,311.000000
NaN,NaN,651.780000,428.880000,605.810000,311.000000
NaN,NaN,651.820000,428.870000,605.840000,311.000000
NaN,NaN,651.840000,428.890000,605.870000,311.010000
NaN,NaN,651.840000,428.850000,605.840000,311.000000
NaN,NaN,651.890000,428.870000,605.850000,311.000000
NaN,NaN,651.870000,428.840000,605.850000,311.000000
NaN,NaN,651.810000,428.870000,605.810000,311.000000
NaN,NaN,651.820000,428.890000,605.790000,311.000000
NaN,NaN,651.790000,428.820000,605.770000,311.000000
NaN,NaN,651.770000,428.870000,605.780000,311.000000
NaN,NaN,651.780000,428.880000,605.810000,310.990000
NaN,NaN,651.820000,428.840000,605.780000,311.000000
NaN,NaN,651.780000,428.880000,605.770000,311.000000
NaN,NaN,651.780000,428.870000,605.760000,311.000000
NaN,NaN,651.780000,428.860000,605.840000,310.990000
NaN,NaN,651.830000,428.860000,605.740000,311.000000
NaN,NaN,651.860000,428.880000,605.730000,311.010000
NaN,NaN,651.860000,428.870000,605.700000,311.010000
NaN,NaN,651.810000,428.870000,605.660000,311.010000
NaN,NaN,651.790000,428.840000,605.670000,311.020000
NaN,NaN,651.780000,428.860000,605.660000,311.020000
NaN,NaN,651.740000,428.840000,605.660000,311.030000
NaN,NaN,651.810000,428.850000,605.660000,311.030000
NaN,NaN,651.880000,428.740000,605.660000,311.020000
NaN,NaN,651.800000,428.860000,605.630000,311.030000
NaN,NaN,651.750000,428.850000,605.590000,311.020000
NaN,NaN,651.820000,428.800000,605.580000,311.030000
NaN,NaN,651.830000,428.770000,605.610000,311.030000
NaN,NaN,651.770000,428.790000,605.570000,311.040000
NaN,NaN,651.800000,428.880000,605.630000,311.030000
NaN,NaN,651.720000,428.900000,605.610000,311.020000
NaN,NaN,651.750000,428.840000,605.620000,311.030000
NaN,NaN,651.750000,428.820000,605.630000,311.030000
NaN,NaN,651.790000,428.790000,605.600000,311.030000
NaN,NaN,651.800000,428.830000,605.560000,311.030000
NaN,NaN,651.720000,428.830000,605.560000,311.040000
NaN,NaN,651.760000,428.850000,605.510000,311.050000
NaN,NaN,651.710000,428.830000,605.150000,311.050000
NaN,NaN,651.650000,428.810000,605.140000,311.040000
NaN,NaN,651.790000,428.770000,605.100000,311.040000
NaN,NaN,651.760000,428.870000,605.060000,311.050000
NaN,NaN,651.780000,428.790000,605.110000,311.050000
NaN,NaN,651.830000,428.770000,605.140000,311.060000
NaN,NaN,651.820000,428.850000,605.170000,311.060000
NaN,NaN,651.780000,428.820000,605.250000,311.050000
NaN,NaN,651.720000,428.900000,605.210000,311.060000
NaN,NaN,651.740000,428.810000,605.140000,311.070000
NaN,NaN,651.720000,428.840000,605.130000,311.070000
NaN,NaN,651.790000,428.830000,605.180000,311.070000
NaN,NaN,651.790000,428.790000,605.140000,311.080000
NaN,NaN,651.730000,428.830000,605.160000,311.080000
NaN,NaN,651.750000,428.840000,605.160000,311.080000
NaN,NaN,651.710000,428.790000,605.150000,311.090000
NaN,NaN,651.760000,428.780000,605.140000,311.100000
NaN,NaN,651.740000,428.790000,605.170000,311.100000
NaN,NaN,651.760000,428.820000,605.120000,311.110000
NaN,NaN,651.700000,428.840000,605.060000,311.110000
NaN,NaN,651.670000,428.850000,605.080000,311.110000
NaN,NaN,651.690000,428.840000,605.030000,311.100000
NaN,NaN,651.720000,428.760000,605.130000,311.100000
NaN,NaN,651.720000,428.760000,605.080000,311.100000
NaN,NaN,651.690000,428.810000,605.050000,311.110000
NaN,NaN,651.740000,428.810000,605.090000,311.120000
NaN,NaN,651.660000,428.810000,605.090000,311.130000
NaN,NaN,651.690000,428.790000,605.130000,311.120000
NaN,NaN,651.680000,428.810000,605.160000,311.110000
NaN,NaN,651.650000,428.770000,605.120000,311.120000
NaN,NaN,651.700000,428.810000,605.120000,311.120000
NaN,NaN,651.670000,428.810000,605.100000,311.120000
NaN,NaN,651.740000,428.760000,605.080000,311.130000
NaN,NaN,651.730000,428.760000,605.080000,311.130000
NaN,NaN,651.760000,428.790000,605.090000,311.130000
NaN,NaN,651.770000,428.800000,605.110000,311.120000
NaN,NaN,651.690000,428.830000,605.080000,311.130000
NaN,NaN,651.760000,428.810000,605.130000,311.140000
NaN,NaN,651.750000,428.760000,605.150000,311.150000
NaN,NaN,651.770000,428.800000,605.140000,311.150000
NaN,NaN,651.780000,428.830000,605.100000,311.150000
NaN,NaN,651.790000,428.830000,605.120000,311.140000
NaN,NaN,651.760000,428.810000,605.080000,311.150000
NaN,NaN,651.740000,428.820000,605.090000,311.160000
NaN,NaN,651.730000,428.780000,605.180000,311.150000
NaN,NaN,651.760000,428.710000,605.160000,311.150000
NaN,NaN,651.750000,428.720000,605.220000,311.160000
NaN,NaN,651.730000,428.800000,605.140000,311.160000
NaN,NaN,651.700000,428.760000,605.180000,311.180000
NaN,NaN,651.710000,428.830000,605.140000,311.170000
NaN,NaN,651.700000,428.800000,605.130000,311.160000
NaN,NaN,651.700000,428.730000,605.200000,311.180000
NaN,NaN,651.650000,428.750000,605.300000,311.140000
NaN,NaN,651.680000,428.760000,605.370000,311.130000
NaN,NaN,651.720000,428.760000,605.250000,311.150000
NaN,NaN,651.780000,428.730000,605.400000,311.160000
NaN,NaN,651.760000,428.750000,605.350000,311.180000
NaN,NaN,651.750000,428.760000,605.350000,311.190000
NaN,NaN,651.720000,428.820000,605.350000,311.180000
NaN,NaN,651.760000,428.750000,605.430000,311.180000
NaN,NaN,651.750000,428.770000,605.480000,311.160000
NaN,NaN,651.740000,428.780000,605.790000,311.170000
NaN,NaN,651.740000,428.790000,605.810000,311.160000
NaN,NaN,651.700000,428.760000,605.820000,311.150000
NaN,NaN,651.750000,428.720000,605.810000,311.140000
NaN,NaN,651.650000,428.790000,605.790000,311.150000
NaN,NaN,651.720000,428.710000,605.840000,311.160000
NaN,NaN,651.660000,428.730000,605.730000,311.130000
NaN,NaN,651.680000,428.710000,605.690000,311.120000
NaN,NaN,651.680000,428.780000,605.680000,311.150000
NaN,NaN,651.710000,428.790000,609.415967,311.482461
NaN,NaN,651.640000,428.750000,609.415967,311.482461
NaN,NaN,651.620000,428.830000,609.415967,311.482461
NaN,NaN,651.640000,428.790000,609.415967,311.482461
NaN,NaN,651.660000,428.760000,609.415967,311.482461
NaN,NaN,651.630000,428.800000,609.415967,311.482461
NaN,NaN,651.630000,428.770000,609.415967,311.482461
NaN,NaN,651.600000,428.790000,609.415967,311.482461
NaN,NaN,651.610000,428.700000,609.415967,311.482461
NaN,NaN,651.640000,428.730000,609.415967,311.482461
NaN,NaN,651.640000,428.690000,609.415967,311.482461
NaN,NaN,651.600000,428.760000,609.415967,312.651661
NaN,NaN,651.730000,428.700000,609.415967,312.651661
NaN,NaN,651.700000,428.650000,609.415967,312.651661
NaN,NaN,651.680000,428.680000,609.415967,312.651661
NaN,NaN,651.650000,428.750000,609.415967,312.651661
NaN,NaN,651.720000,428.750000,609.415967,312.651661
NaN,NaN,651.730000,428.640000,609.415967,312.651661
NaN,NaN,651.730000,428.690000,609.415967,312.651661
NaN,NaN,651.730000,428.700000,609.415967,312.651661
NaN,NaN,651.720000,428.720000,609.415967,312.651661
NaN,NaN,651.740000,428.720000,609.415967,312.651661
NaN,NaN,651.710000,428.670000,609.415967,312.651661
NaN,NaN,651.700000,428.720000,609.415967,312.651661
NaN,NaN,651.620000,428.690000,609.415967,312.651661
NaN,NaN,651.620000,428.640000,609.415967,312.651661
NaN,NaN,651.690000,428.620000,609.415967,312.651661
NaN,NaN,651.630000,428.710000,609.415967,312.651661
NaN,NaN,651.720000,428.730000,609.415967,312.651661
NaN,NaN,651.690000,428.760000,609.415967,312.651661
NaN,NaN,651.710000,428.740000,609.415967,312.651661
NaN,NaN,651.660000,428.770000,609.415967,312.651661
NaN,NaN,651.660000,428.770000,609.415967,312.651661
NaN,NaN,651.650000,428.770000,609.415967,312.651661
NaN,NaN,651.660000,428.790000,609.415967,312.651661
NaN,NaN,651.590000,428.780000,609.415967,312.651661
NaN,NaN,651.620000,428.800000,609.415967,312.651661
NaN,NaN,651.560000,428.820000,609.415967,312.651661
NaN,NaN,651.630000,428.750000,609.415967,312.651661
NaN,NaN,651.670000,428.740000,609.415967,312.651661
NaN,NaN,651.670000,428.720000,609.415967,312.651661
NaN,NaN,651.610000,428.790000,609.415967,312.651661
NaN,NaN,651.620000,428.810000,609.415967,312.651661
NaN,NaN,651.650000,428.740000,609.415967,312.651661
NaN,NaN,651.560000,428.700000,609.415967,312.651661
NaN,NaN,651.240000,428.800000,609.415967,312.651661
NaN,NaN,651.220000,428.740000,609.415967,312.651661
NaN,NaN,651.250000,428.720000,609.415967,312.651661
NaN,NaN,651.130000,428.730000,609.415967,312.651661
NaN,NaN,651.110000,428.750000,609.415967,312.651661
NaN,NaN,651.160000,428.780000,609.415967,312.651661
NaN,NaN,651.230000,428.810000,609.415967,312.651661
NaN,NaN,651.240000,428.790000,609.415967,312.651661
NaN,NaN,651.240000,428.750000,609.415967,312.651661
NaN,NaN,651.180000,428.750000,609.415967,312.651661
NaN,NaN,651.160000,428.770000,609.415967,312.651661
NaN,NaN,651.220000,428.760000,609.415967,312.651661
NaN,NaN,651.220000,428.700000,609.415967,312.651661
NaN,NaN,651.240000,428.760000,609.415967,312.651661
NaN,NaN,651.220000,428.750000,609.415967,312.651661
NaN,NaN,651.220000,428.750000,609.415967,312.651661
NaN,NaN,651.230000,428.820000,609.415967,312.651661
NaN,NaN,651.260000,428.740000,609.415967,312.651661
NaN,NaN,651.200000,428.790000,609.415967,312.651661
NaN,NaN,651.240000,428.810000,609.415967,312.651661
NaN,NaN,651.240000,428.790000,609.415967,312.651661
NaN,NaN,651.180000,428.780000,609.415967,312.651661
NaN,NaN,651.200000,428.790000,609.415967,312.651661
NaN,NaN,651.290000,428.770000,609.415967,312.651661
NaN,NaN,651.300000,428.770000,609.415967,312.651661
NaN,NaN,651.320000,428.760000,609.415967,312.651661
NaN,NaN,651.230000,428.760000,609.415967,312.651661
NaN,NaN,651.210000,428.750000,609.415967,312.651661
NaN,NaN,651.230000,428.750000,609.415967,312.651661
NaN,NaN,651.260000,428.780000,609.415967,312.651661
NaN,NaN,651.190000,428.770000,609.415967,312.651661
NaN,NaN,651.150000,428.770000,609.415967,312.651661
NaN,NaN,651.010000,428.810000,609.415967,312.651661
NaN,NaN,651.190000,428.800000,609.415967,312.651661
NaN,NaN,651.100000,428.680000,609.415967,312.651661
NaN,NaN,651.180000,428.710000,609.415967,312.651661
NaN,NaN,651.130000,428.800000,609.415967,312.651661
NaN,NaN,651.160000,428.750000,609.415967,312.651661
NaN,NaN,651.110000,428.790000,609.415967,312.651661
NaN,NaN,651.130000,428.780000,609.415967,312.651661
NaN,NaN,651.190000,428.760000,609.415967,312.651661
NaN,NaN,651.150000,428.660000,609.415967,312.651661
NaN,NaN,651.180000,428.720000,609.415967,312.651661
NaN,NaN,651.240000,428.680000,609.415967,312.651661
NaN,NaN,651.180000,428.670000,609.415967,312.651661
NaN,NaN,651.110000,428.710000,609.415967,312.651661
NaN,NaN,651.140000,428.680000,609.415967,312.651661
NaN,NaN,651.120000,428.780000,609.415967,312.651661
NaN,NaN,651.080000,428.620000,609.415967,312.651661
NaN,NaN,651.140000,428.790000,609.415967,312.651661
NaN,NaN,651.150000,428.720000,609.415967,312.651661
NaN,NaN,651.190000,428.610000,609.415967,312.651661
NaN,NaN,651.220000,428.680000,609.415967,312.651661
NaN,NaN,651.190000,428.690000,609.415967,312.651661
NaN,NaN,651.140000,428.720000,609.415967,312.651661
NaN,NaN,651.070000,428.690000,609.415967,312.651661
NaN,NaN,651.120000,428.760000,609.415967,312.651661
NaN,NaN,651.100000,428.680000,609.415967,312.651661
NaN,NaN,651.200000,428.620000,609.415967,312.651661
NaN,NaN,651.130000,428.630000,609.415967,312.651661
NaN,NaN,651.220000,428.650000,609.415967,312.651661
NaN,NaN,651.160000,428.740000,609.415967,312.651661
NaN,NaN,651.150000,428.650000,609.415967,312.651661
NaN,NaN,651.160000,428.720000,609.415967,312.651661
NaN,NaN,651.170000,428.690000,609.415967,312.651661
NaN,NaN,651.110000,428.600000,609.415967,312.651661
NaN,NaN,651.200000,428.540000,609.415967,312.651661
NaN,NaN,651.230000,428.230000,609.415967,312.651661
NaN,NaN,651.200000,428.250000,609.415967,312.651661
NaN,NaN,651.170000,428.310000,609.415967,312.651661
NaN,NaN,651.130000,428.360000,609.415967,312.651661
NaN,NaN,651.170000,428.360000,609.415967,312.651661
NaN,NaN,651.250000,428.370000,609.415967,312.651661
NaN,NaN,651.170000,428.360000,609.415967,312.651661
NaN,NaN,651.090000,428.340000,609.415967,312.651661
NaN,NaN,651.110000,428.410000,609.415967,312.651661
NaN,NaN,651.110000,428.470000,609.415967,312.651661
NaN,NaN,651.070000,428.650000,609.415967,312.651661
NaN,NaN,651.020000,428.660000,609.415967,312.651661
NaN,NaN,651.040000,428.740000,609.415967,312.651661
NaN,NaN,651.120000,428.670000,609.415967,312.651661
NaN,NaN,651.080000,428.690000,609.415967,312.651661
NaN,NaN,651.140000,428.740000,609.415967,312.651661
NaN,NaN,651.170000,428.690000,609.415967,312.651661
NaN,NaN,651.090000,428.700000,609.415967,312.651661
NaN,NaN,651.200000,428.740000,609.415967,312.651661
NaN,NaN,651.070000,428.650000,609.415967,312.651661
NaN,NaN,651.130000,428.570000,609.415967,312.651661
NaN,NaN,651.250000,428.160000,609.415967,312.651661
NaN,NaN,651.150000,428.280000,609.415967,312.651661
NaN,NaN,651.140000,428.310000,609.415967,312.651661
NaN,NaN,651.200000,428.370000,609.415967,312.651661
NaN,NaN,651.250000,428.430000,609.415967,312.651661
NaN,NaN,651.080000,428.400000,609.415967,312.651661
NaN,NaN,651.020000,428.430000,609.415967,312.651661
NaN,NaN,651.050000,428.480000,609.415967,312.651661
NaN,NaN,651.090000,428.710000,609.415967,312.651661
NaN,NaN,651.050000,428.660000,609.415967,312.651661
NaN,NaN,651.080000,428.680000,609.415967,312.651661
NaN,NaN,651.110000,428.540000,609.415967,312.651661
NaN,NaN,651.090000,428.360000,609.415967,312.651661
NaN,NaN,651.090000,428.410000,609.415967,312.651661
NaN,NaN,651.060000,428.320000,609.415967,312.651661
NaN,NaN,651.090000,428.390000,609.415967,312.651661
NaN,NaN,651.040000,428.350000,609.415967,312.651661
NaN,NaN,651.020000,428.420000,608.309751,313.820861
NaN,NaN,651.030000,428.290000,608.309751,313.820861
NaN,NaN,651.070000,428.350000,608.309751,313.820861
NaN,NaN,651.060000,428.460000,608.309751,313.820861
NaN,NaN,651.030000,428.740000,608.309751,313.820861
NaN,NaN,651.010000,428.670000,608.309751,313.820861
NaN,NaN,651.060000,428.680000,608.309751,313.820861
NaN,NaN,651.080000,428.700000,608.309751,313.820861
NaN,NaN,651.090000,428.560000,608.309751,313.820861
NaN,NaN,651.120000,428.270000,608.309751,313.820861
NaN,NaN,651.070000,428.320000,608.309751,313.820861
NaN,NaN,651.070000,428.350000,608.309751,313.820861
NaN,NaN,651.140000,428.260000,608.309751,313.820861
NaN,NaN,651.160000,428.270000,608.309751,313.820861
NaN,NaN,651.140000,428.300000,608.309751,313.820861
NaN,NaN,651.150000,428.250000,608.309751,313.820861
NaN,NaN,651.190000,428.230000,608.309751,313.820861
NaN,NaN,651.180000,428.230000,608.309751,313.820861
NaN,NaN,651.060000,428.270000,608.309751,313.820861
NaN,NaN,651.110000,428.300000,608.309751,313.820861
NaN,NaN,651.080000,428.410000,608.309751,313.820861
NaN,NaN,651.020000,428.500000,608.309751,313.820861
NaN,NaN,650.970000,428.580000,608.309751,313.820861
NaN,NaN,651.070000,428.570000,608.309751,313.820861
NaN,NaN,650.950000,428.600000,608.309751,313.820861
NaN,NaN,651.080000,428.650000,608.309751,313.820861
NaN,NaN,651.100000,428.560000,608.309751,313.820861
NaN,NaN,651.180000,428.270000,608.309751,313.820861
NaN,NaN,651.130000,428.200000,608.309751,313.820861
NaN,NaN,651.020000,428.240000,608.309751,313.820861
NaN,NaN,651.100000,428.260000,607.756643,313.820861
NaN,NaN,651.060000,428.110000,607.756643,313.820861
NaN,NaN,651.100000,428.150000,607.756643,313.820861
NaN,NaN,651.110000,428.460000,607.756643,313.820861
NaN,NaN,650.990000,428.690000,607.756643,313.820861
NaN,NaN,650.980000,428.660000,607.756643,313.820861
NaN,NaN,651.040000,428.660000,607.756643,313.820861
NaN,NaN,651.030000,428.620000,607.756643,313.820861
NaN,NaN,651.000000,428.480000,607.756643,313.820861
NaN,NaN,651.000000,428.300000,607.756643,313.820861
NaN,NaN,651.010000,428.400000,607.756643,313.820861
NaN,NaN,651.080000,428.370000,607.756643,313.820861
NaN,NaN,650.980000,428.360000,607.756643,313.820861
NaN,NaN,651.010000,428.300000,607.756643,313.820861
NaN,NaN,651.080000,428.230000,606.650427,314.405461
NaN,NaN,650.990000,428.270000,606.880000,314.590000
NaN,NaN,651.010000,428.360000,606.950000,314.580000
NaN,NaN,651.040000,428.270000,606.940000,314.600000
NaN,NaN,651.050000,428.300000,606.930000,314.600000
NaN,NaN,651.050000,428.250000,606.930000,314.590000
NaN,NaN,651.070000,428.210000,606.930000,314.610000
NaN,NaN,651.060000,428.310000,606.900000,314.610000
NaN,NaN,651.060000,428.290000,606.930000,314.610000
NaN,NaN,651.160000,428.260000,606.920000,314.630000
NaN,NaN,651.050000,428.260000,606.900000,314.620000
NaN,NaN,651.050000,428.250000,606.910000,314.630000
NaN,NaN,651.060000,428.280000,606.900000,314.640000
NaN,NaN,651.000000,428.200000,606.870000,314.710000
NaN,NaN,651.060000,428.240000,606.830000,314.680000
NaN,NaN,651.000000,428.190000,606.850000,314.680000
NaN,NaN,650.900000,428.240000,606.840000,314.690000
NaN,NaN,650.890000,428.310000,606.840000,314.680000
NaN,NaN,650.950000,428.220000,606.840000,314.690000
NaN,NaN,650.980000,428.180000,606.840000,314.680000
NaN,NaN,651.000000,428.250000,606.830000,314.710000
NaN,NaN,650.970000,428.230000,606.820000,314.730000
NaN,NaN,650.940000,428.260000,606.810000,314.730000
NaN,NaN,650.990000,428.280000,606.820000,314.720000
NaN,NaN,650.950000,428.250000,606.820000,314.720000
NaN,NaN,650.890000,428.240000,606.820000,314.720000
NaN,NaN,650.950000,428.270000,606.810000,314.740000
NaN,NaN,650.920000,428.280000,606.800000,314.740000
NaN,NaN,650.970000,428.120000,606.790000,314.760000
NaN,NaN,651.000000,428.240000,606.800000,314.750000
NaN,NaN,651.010000,428.220000,606.790000,314.750000
NaN,NaN,651.010000,428.230000,606.790000,314.750000
NaN,NaN,650.920000,428.230000,606.780000,314.760000
NaN,NaN,650.990000,428.180000,606.770000,314.750000
NaN,NaN,650.940000,428.200000,606.770000,314.760000
NaN,NaN,650.950000,428.200000,606.780000,314.770000
NaN,NaN,651.050000,428.200000,606.770000,314.780000
NaN,NaN,651.010000,428.250000,606.800000,314.780000
NaN,NaN,651.010000,428.240000,606.770000,314.780000
NaN,NaN,651.030000,428.210000,606.790000,314.780000
NaN,NaN,650.940000,428.170000,606.800000,314.780000
NaN,NaN,651.000000,428.150000,606.770000,314.810000
NaN,NaN,650.950000,428.210000,606.760000,314.810000
NaN,NaN,651.030000,428.070000,606.730000,314.810000
NaN,NaN,651.040000,428.250000,606.760000,314.800000
NaN,NaN,650.970000,428.240000,606.750000,314.800000
NaN,NaN,650.910000,428.210000,606.760000,314.800000
NaN,NaN,651.010000,428.140000,606.770000,314.800000
NaN,NaN,650.990000,428.180000,606.760000,314.800000
NaN,NaN,651.010000,428.110000,606.730000,314.800000
NaN,NaN,650.940000,428.070000,606.740000,314.810000
NaN,NaN,650.910000,428.110000,606.750000,314.810000
NaN,NaN,650.920000,428.070000,606.750000,314.830000
NaN,NaN,650.890000,428.070000,606.750000,314.840000
NaN,NaN,651.010000,428.090000,606.740000,314.840000
NaN,NaN,651.070000,428.130000,606.740000,314.840000
NaN,NaN,650.990000,428.090000,606.750000,314.850000
NaN,NaN,651.000000,428.110000,606.730000,314.860000
NaN,NaN,650.870000,428.110000,606.700000,314.870000
NaN,NaN,650.920000,428.090000,606.720000,314.850000
NaN,NaN,650.880000,428.100000,606.720000,314.850000
NaN,NaN,650.880000,428.160000,606.690000,314.860000
NaN,NaN,650.870000,428.180000,606.690000,314.880000
NaN,NaN,650.910000,428.110000,606.690000,314.870000
NaN,NaN,650.910000,428.150000,606.700000,314.870000
NaN,NaN,650.920000,428.160000,606.710000,314.890000
NaN,NaN,650.970000,428.240000,606.700000,314.880000
NaN,NaN,650.890000,428.160000,606.710000,314.880000
NaN,NaN,650.830000,428.200000,606.690000,314.890000
NaN,NaN,650.890000,428.140000,606.690000,314.900000
NaN,NaN,650.940000,428.070000,606.670000,314.900000
NaN,NaN,650.880000,428.050000,606.670000,314.900000
NaN,NaN,650.890000,428.120000,606.680000,314.900000
NaN,NaN,650.760000,428.000000,606.670000,314.920000
NaN,NaN,650.790000,428.010000,606.700000,314.920000
NaN,NaN,650.760000,427.960000,606.670000,314.900000
NaN,NaN,650.760000,427.940000,606.690000,314.900000
NaN,NaN,650.770000,427.960000,606.690000,314.920000
NaN,NaN,650.750000,427.970000,606.710000,314.920000
NaN,NaN,650.760000,427.990000,606.700000,314.930000
NaN,NaN,650.630000,427.980000,606.720000,314.930000
NaN,NaN,650.640000,427.940000,606.720000,314.930000
NaN,NaN,650.750000,427.910000,606.680000,314.930000
NaN,NaN,650.710000,427.910000,606.700000,314.920000
NaN,NaN,650.750000,427.820000,606.690000,314.930000
NaN,NaN,650.740000,427.850000,606.690000,314.930000
NaN,NaN,650.770000,427.900000,606.700000,314.920000
NaN,NaN,650.660000,427.720000,606.710000,314.920000
NaN,NaN,650.850000,427.770000,606.660000,314.940000
NaN,NaN,650.820000,427.850000,606.660000,314.930000
NaN,NaN,650.850000,427.770000,606.640000,314.940000
NaN,NaN,650.770000,427.760000,606.630000,314.930000
NaN,NaN,650.780000,427.760000,606.630000,314.930000
NaN,NaN,650.740000,427.610000,606.620000,314.930000
NaN,NaN,650.750000,427.350000,606.630000,314.920000
NaN,NaN,650.780000,427.230000,606.630000,314.940000
NaN,NaN,650.760000,427.310000,606.640000,314.930000
NaN,NaN,650.740000,427.210000,606.650000,314.920000
NaN,NaN,650.680000,427.130000,606.630000,314.920000
NaN,NaN,650.680000,427.200000,606.590000,314.920000
NaN,NaN,650.670000,427.160000,606.570000,314.920000
NaN,NaN,650.680000,427.080000,606.580000,314.940000
NaN,NaN,650.720000,427.110000,606.570000,314.920000
NaN,NaN,650.580000,427.130000,606.510000,314.910000
NaN,NaN,650.090000,427.220000,606.370000,314.920000
NaN,NaN,649.980000,427.190000,606.360000,314.910000
NaN,NaN,650.060000,427.120000,606.350000,314.900000
NaN,NaN,650.000000,427.100000,606.350000,314.910000
NaN,NaN,650.050000,427.000000,606.370000,314.920000
NaN,NaN,650.110000,426.940000,606.340000,314.920000
NaN,NaN,650.000000,426.970000,606.360000,314.910000
NaN,NaN,650.030000,426.940000,606.370000,314.920000
NaN,NaN,650.050000,426.910000,606.320000,314.920000
NaN,NaN,649.910000,426.860000,606.350000,314.900000
NaN,NaN,649.980000,426.850000,606.340000,314.910000
NaN,NaN,649.900000,426.810000,606.320000,314.910000
NaN,NaN,649.790000,426.830000,606.330000,314.920000
NaN,NaN,649.780000,426.720000,606.280000,314.920000
NaN,NaN,649.870000,426.730000,606.280000,314.910000
NaN,NaN,649.780000,426.630000,606.290000,314.910000
NaN,NaN,649.820000,426.510000,606.270000,314.910000
NaN,NaN,649.920000,426.090000,606.290000,314.900000
NaN,NaN,649.970000,426.050000,606.250000,314.940000
NaN,NaN,649.920000,425.870000,606.280000,314.930000
NaN,NaN,649.980000,425.750000,606.250000,314.930000
NaN,NaN,649.920000,425.760000,606.300000,314.920000
NaN,NaN,649.930000,425.450000,606.280000,314.920000
NaN,NaN,650.020000,425.260000,606.250000,314.930000
NaN,NaN,649.980000,425.210000,606.240000,314.930000
NaN,NaN,649.950000,425.170000,606.270000,314.920000
NaN,NaN,649.930000,425.140000,606.260000,314.920000
NaN,NaN,649.900000,425.000000,606.260000,314.920000
NaN,NaN,649.860000,424.970000,606.240000,314.930000
NaN,NaN,649.850000,424.960000,606.270000,314.930000
NaN,NaN,649.780000,424.860000,606.240000,314.940000
NaN,NaN,649.730000,424.860000,606.240000,314.920000
NaN,NaN,649.670000,424.780000,606.240000,314.930000
NaN,NaN,649.700000,424.480000,606.260000,314.930000
NaN,NaN,649.880000,423.990000,606.240000,314.940000
NaN,NaN,649.700000,423.930000,606.240000,314.940000
NaN,NaN,649.620000,423.980000,606.280000,314.930000
NaN,NaN,649.420000,423.920000,606.250000,314.930000
NaN,NaN,649.110000,423.960000,606.250000,314.940000
NaN,NaN,649.000000,423.760000,606.220000,314.950000
NaN,NaN,649.070000,423.530000,606.220000,314.950000
NaN,NaN,649.230000,423.160000,606.260000,314.940000
NaN,NaN,649.180000,423.040000,606.230000,314.950000
NaN,NaN,649.010000,423.030000,606.220000,314.940000
NaN,NaN,648.920000,422.860000,606.220000,314.960000
NaN,NaN,648.880000,422.830000,606.220000,314.960000
NaN,NaN,648.900000,422.650000,606.230000,314.950000
NaN,NaN,648.960000,422.230000,606.220000,314.960000
NaN,NaN,648.820000,422.120000,606.230000,314.960000
NaN,NaN,648.790000,421.990000,606.250000,314.950000
NaN,NaN,648.670000,421.880000,606.210000,314.970000
NaN,NaN,648.610000,421.760000,606.230000,314.970000
NaN,NaN,648.440000,421.740000,606.220000,314.950000
NaN,NaN,648.080000,421.780000,606.250000,314.960000
NaN,NaN,648.110000,421.540000,606.240000,314.970000
NaN,NaN,648.380000,420.980000,606.230000,314.970000
NaN,NaN,648.690000,420.140000,606.230000,314.960000
NaN,NaN,648.780000,419.980000,606.240000,314.950000
NaN,NaN,648.560000,419.880000,606.230000,314.960000
NaN,NaN,648.280000,419.790000,606.220000,314.970000
NaN,NaN,648.140000,419.460000,606.200000,314.960000
NaN,NaN,648.230000,419.130000,606.170000,314.950000
NaN,NaN,648.240000,418.870000,606.140000,314.970000
NaN,NaN,648.220000,418.680000,606.200000,314.980000
NaN,NaN,648.200000,418.340000,606.190000,314.970000
NaN,NaN,648.110000,418.330000,606.170000,314.980000
NaN,NaN,648.020000,418.050000,606.140000,314.970000
NaN,NaN,647.960000,417.880000,606.140000,314.980000
NaN,NaN,647.930000,417.850000,606.150000,314.990000
NaN,NaN,647.910000,417.580000,606.170000,314.990000
NaN,NaN,647.820000,417.040000,606.160000,314.980000
NaN,NaN,647.950000,416.960000,606.160000,314.990000
NaN,NaN,647.870000,416.720000,606.140000,314.990000
NaN,NaN,647.920000,416.020000,606.150000,314.990000
NaN,NaN,648.040000,415.300000,606.120000,314.980000
NaN,NaN,647.840000,415.000000,606.090000,315.000000
NaN,NaN,647.710000,414.760000,606.100000,314.990000
NaN,NaN,647.750000,414.100000,606.150000,314.990000
NaN,NaN,647.610000,413.950000,606.170000,314.990000
NaN,NaN,647.225543,414.619069,606.150000,314.980000
NaN,NaN,646.960000,414.890000,606.130000,314.990000
NaN,NaN,646.900000,414.800000,606.140000,314.990000
NaN,NaN,646.820000,414.820000,606.130000,314.980000
NaN,NaN,646.780000,414.740000,606.110000,314.980000
NaN,NaN,646.660000,414.600000,606.070000,315.000000
NaN,NaN,646.680000,414.230000,606.090000,314.990000
NaN,NaN,646.660000,414.200000,606.090000,315.010000
NaN,NaN,646.640000,414.090000,606.110000,315.010000
NaN,NaN,646.340000,413.750000,606.100000,315.020000
NaN,NaN,645.920000,412.870000,605.970000,315.000000
NaN,NaN,645.870000,412.120000,605.990000,314.990000
NaN,NaN,645.810000,411.300000,605.990000,314.970000
NaN,NaN,645.981049,411.988369,606.000000,314.980000
NaN,NaN,645.970000,411.910000,606.020000,315.010000
NaN,NaN,645.860000,411.870000,606.020000,315.000000
NaN,NaN,645.860000,411.850000,606.040000,315.000000
NaN,NaN,645.800000,411.640000,606.050000,314.990000
NaN,NaN,645.770000,411.070000,606.010000,315.010000
NaN,NaN,645.710000,410.990000,606.060000,315.010000
NaN,NaN,645.580000,410.910000,606.050000,314.990000
NaN,NaN,644.990000,410.850000,606.000000,315.000000
NaN,NaN,644.850000,410.780000,606.000000,315.010000
NaN,NaN,644.736556,408.480769,606.000000,315.010000
NaN,NaN,644.910000,407.840000,606.010000,315.000000
NaN,NaN,644.900000,407.530000,605.930000,315.000000
NaN,NaN,644.780000,407.330000,605.960000,315.000000
NaN,NaN,644.630000,407.270000,606.030000,314.990000
NaN,NaN,644.320000,407.030000,606.010000,314.990000
NaN,NaN,644.170000,406.820000,606.030000,315.000000
NaN,NaN,644.100000,406.720000,605.990000,315.000000
NaN,NaN,643.960000,406.430000,605.980000,315.010000
NaN,NaN,643.850000,405.800000,605.980000,315.020000
NaN,NaN,643.890000,404.890000,605.960000,315.030000
NaN,NaN,643.970000,404.040000,605.980000,315.020000
NaN,NaN,644.020000,403.310000,605.970000,315.020000
NaN,NaN,643.820000,403.190000,606.010000,315.010000
NaN,NaN,643.670000,402.970000,605.970000,314.990000
NaN,NaN,643.430000,402.870000,605.950000,314.990000
NaN,NaN,643.130000,402.710000,605.960000,315.010000
NaN,NaN,642.400000,402.880000,605.970000,314.990000
NaN,NaN,642.050000,402.540000,605.950000,314.990000
NaN,NaN,641.830000,401.770000,605.970000,314.990000
NaN,NaN,641.540000,400.820000,605.980000,314.990000
641.417908,399.711769,641.832739,400.150219,605.960000,314.980000
641.417908,399.711769,641.930000,399.630000,605.940000,314.990000
641.003077,399.711769,641.810000,399.380000,605.930000,314.990000
639.343753,398.834869,641.600000,399.050000,605.920000,315.000000
638.514091,397.957969,641.280000,398.890000,605.930000,315.010000
637.684429,397.081069,641.210000,398.610000,605.910000,315.000000
637.269598,396.204169,641.120000,398.080000,605.960000,315.000000
637.269598,395.327269,641.417908,399.273319,605.930000,315.010000
636.854767,395.327269,640.970000,398.820000,605.930000,315.000000
635.195443,393.573469,640.750000,398.540000,605.940000,315.010000
634.780612,392.258119,640.670000,397.930000,605.910000,315.030000
634.365781,391.381219,640.570000,397.030000,605.960000,315.030000
634.365781,390.942769,639.770000,396.180000,605.990000,315.010000
634.365781,388.750519,639.040000,395.450000,605.950000,315.010000
634.365781,388.312069,638.400000,395.280000,605.960000,314.990000
634.365781,387.873619,638.290000,395.000000,605.930000,315.000000
633.950950,387.435169,638.514091,394.450369,605.920000,315.010000
633.536119,385.681369,638.890000,393.600000,605.930000,315.000000
633.536119,385.681369,638.690000,392.960000,605.920000,315.000000
633.536119,385.681369,638.500000,392.110000,605.890000,315.010000
633.536119,385.681369,637.930000,391.300000,605.900000,315.020000
632.706457,383.489119,637.360000,390.580000,605.890000,315.010000
631.876795,382.173769,637.100000,390.050000,605.900000,315.010000
631.461964,380.419968,637.000000,389.110000,605.900000,315.010000
630.632302,379.543068,636.870000,388.200000,605.890000,315.030000
628.972978,378.666168,636.720000,387.350000,605.930000,315.010000
628.972978,378.666168,636.420000,386.420000,605.900000,315.010000
628.143316,376.912368,635.890000,386.150000,605.850000,315.010000
627.728485,376.912368,635.200000,385.840000,605.880000,315.020000
627.728485,376.473918,635.070000,385.860000,605.840000,315.030000
627.728485,375.597018,634.365781,386.558269,605.830000,315.040000
627.313654,375.158568,633.810000,386.650000,605.820000,315.040000
627.313654,373.843218,633.200000,386.290000,605.820000,315.040000
627.313654,373.404768,632.980000,385.610000,605.850000,315.040000
627.313654,373.404768,632.760000,384.690000,605.840000,315.050000
627.313654,372.089418,632.600000,383.930000,605.870000,315.040000
627.313654,372.089418,631.980000,383.160000,605.860000,315.040000
627.313654,371.212518,632.291626,383.050669,605.840000,315.020000
627.313654,369.897168,631.800000,382.690000,605.860000,315.020000
625.654330,367.266468,631.260000,381.890000,605.870000,315.020000
624.409836,364.635768,631.080000,381.010000,605.860000,315.010000
623.580174,362.443518,630.980000,380.010000,605.860000,315.020000
623.165343,361.566618,630.840000,379.070000,605.860000,315.010000
622.750512,360.689718,630.760000,378.170000,605.830000,315.020000
622.335681,359.812818,630.650000,377.270000,605.790000,315.020000
622.335681,359.812818,630.420000,376.420000,605.800000,315.020000
622.335681,359.812818,629.890000,376.200000,605.830000,315.010000
622.335681,359.812818,629.290000,376.050000,605.800000,315.020000
622.335681,359.812818,629.200000,375.920000,605.830000,315.030000
622.335681,358.935918,629.120000,375.730000,605.780000,315.020000
622.335681,358.935918,629.000000,375.440000,605.770000,315.040000
621.920850,356.305218,628.870000,374.700000,605.820000,315.030000
621.920850,355.866768,628.790000,373.860000,605.820000,315.040000
621.506019,353.674518,628.660000,373.000000,605.850000,315.050000
621.506019,351.920718,628.550000,372.120000,605.810000,315.050000
621.506019,351.043818,628.050000,371.260000,605.800000,315.040000
621.506019,349.728468,627.840000,370.340000,605.840000,315.030000
621.091188,349.290018,627.630000,369.390000,605.810000,315.020000
620.261526,347.536218,627.060000,368.440000,605.810000,315.030000
619.846695,346.659318,627.050000,367.740000,605.860000,315.000000
619.431864,344.905518,627.020000,367.300000,605.810000,315.010000
619.017033,343.590168,626.960000,367.150000,605.790000,315.000000
619.017033,343.590168,626.870000,367.020000,605.800000,314.990000
619.017033,341.836368,626.770000,366.890000,605.730000,315.010000
618.602202,341.397918,626.898823,365.951118,605.760000,314.980000
618.602202,339.644118,626.910000,365.250000,605.770000,314.960000
618.602202,339.205667,626.790000,365.040000,605.710000,314.940000
618.187371,337.890317,626.770000,364.870000,605.730000,314.940000
618.187371,337.013417,626.640000,364.690000,605.750000,314.910000
617.772540,336.136517,626.490000,364.420000,605.700000,314.920000
617.772540,335.698067,626.080000,363.640000,605.670000,314.920000
616.942878,334.821167,625.960000,362.710000,605.650000,314.900000
616.942878,334.821167,625.730000,361.790000,605.640000,314.870000
616.528047,333.944267,625.460000,360.870000,605.630000,314.870000
616.528047,332.628917,625.090000,359.920000,605.590000,314.880000
616.113216,331.313567,624.890000,358.980000,605.480000,314.870000
615.283554,329.121317,624.730000,358.090000,605.370000,314.910000
614.868723,328.682867,624.450000,357.240000,605.350000,314.920000
614.453892,327.367517,624.150000,356.400000,603.884887,313.820861
614.039061,326.490617,624.020000,356.190000,603.884887,313.820861
613.624230,325.175267,623.820000,356.070000,603.884887,313.820861
613.624230,324.736817,623.720000,355.910000,603.884887,313.820861
613.624230,323.859917,623.620000,355.800000,603.884887,313.820861
613.624230,323.421467,623.370000,355.530000,603.884887,313.820861
613.624230,323.421467,622.910000,354.650000,603.884887,313.820861
613.624230,323.421467,622.520000,353.600000,603.884887,313.820861
613.624230,322.544567,621.910000,352.480000,603.884887,313.820861
613.624230,317.721617,621.390000,351.030000,603.884887,313.820861
613.624230,317.721617,621.230000,350.260000,603.884887,313.820861
613.624230,317.721617,621.030000,349.420000,603.884887,313.820861
612.794568,315.967817,620.910000,349.350000,603.884887,313.820861
612.794568,315.967817,620.760000,349.200000,603.884887,313.820861
612.794568,315.967817,620.560000,349.020000,603.884887,313.820861
612.794568,315.967817,620.140000,348.880000,603.884887,313.820861
612.379737,315.090917,619.980000,348.690000,603.884887,313.820861
611.964906,313.337117,619.740000,348.480000,603.884887,313.820861
611.135244,311.583317,619.440000,347.710000,603.884887,313.820861
610.305582,310.267967,619.040000,346.860000,603.884887,313.820861
610.305582,309.829517,618.790000,346.000000,603.884887,313.820861
610.305582,309.829517,618.370000,345.090000,603.884887,313.820861
609.890751,308.075717,617.960000,344.280000,603.884887,313.820861
609.890751,308.075717,617.730000,343.480000,603.884887,313.820861
609.890751,308.075717,617.280000,343.320000,603.884887,313.820861
609.890751,308.075717,617.030000,343.200000,603.884887,313.820861
609.890751,308.075717,616.860000,343.130000,603.884887,313.820861
609.890751,308.075717,616.640000,342.990000,603.884887,313.820861
609.890751,308.075717,616.090000,342.920000,603.884887,313.820861
609.890751,308.075717,615.840000,342.830000,603.884887,313.820861
609.890751,308.075717,615.650000,342.690000,603.884887,313.820861
609.475920,307.198817,615.040000,342.630000,603.884887,313.820861
609.475920,307.198817,614.830000,342.550000,603.884887,313.820861
609.475920,307.198817,614.630000,341.690000,602.778671,313.820861
606.572103,304.568117,614.180000,340.840000,602.778671,313.820861
605.327610,303.691217,613.910000,339.970000,602.778671,313.820861
604.083117,302.375867,613.820000,339.000000,602.778671,313.820861
603.253454,301.060517,613.720000,338.200000,602.778671,313.820861
602.423792,300.622067,613.490000,337.610000,602.778671,313.820861
601.179299,300.622067,613.140000,337.390000,602.778671,313.820861
601.179299,300.622067,613.020000,337.280000,602.778671,313.820861
600.764468,300.183617,612.860000,337.230000,602.778671,313.820861
600.764468,299.745167,612.700000,337.150000,602.778671,313.820861
600.764468,299.745167,612.580000,337.040000,602.778671,313.820861
600.349637,299.745167,612.130000,336.960000,602.778671,313.820861
600.349637,299.745167,612.030000,336.880000,602.778671,313.820861
600.349637,299.745167,611.890000,336.770000,602.778671,313.820861
600.349637,299.745167,611.780000,336.710000,601.119347,313.236261
600.349637,299.745167,611.964906,335.259617,601.119347,313.236261
600.349637,298.429816,611.930000,334.490000,601.119347,312.651661
600.349637,297.991366,611.900000,334.340000,601.119347,312.067061
599.934806,296.676016,611.860000,334.130000,601.119347,310.897861
599.934806,295.360666,611.810000,334.020000,601.119347,309.728661
599.934806,295.360666,611.780000,333.870000,601.119347,309.728661
599.934806,295.360666,611.780000,333.730000,601.119347,309.728661
599.934806,295.360666,611.710000,333.520000,601.119347,309.728661
599.934806,295.360666,611.650000,332.970000,601.119347,309.728661
599.934806,295.360666,611.590000,332.300000,601.119347,309.728661
599.934806,295.360666,611.620000,332.150000,601.119347,309.728661
599.934806,295.360666,611.620000,332.100000,601.119347,308.559461
599.934806,295.360666,611.630000,331.990000,600.566239,306.805660
599.934806,295.360666,611.600000,331.870000,600.566239,306.805660
599.934806,295.360666,611.640000,331.750000,599.460023,306.221060
599.934806,295.360666,611.640000,331.610000,598.906915,304.467260
599.934806,295.360666,611.580000,330.920000,598.906915,303.882660
599.934806,295.360666,611.560000,330.330000,598.906915,303.298060
599.934806,295.360666,611.580000,330.200000,597.247591,303.298060
599.934806,295.360666,611.610000,330.140000,596.141375,303.882660
599.934806,295.360666,611.680000,329.990000,596.141375,303.882660
599.934806,295.360666,611.690000,329.880000,596.141375,303.882660
599.934806,295.360666,611.720000,329.760000,596.141375,303.882660
599.934806,295.360666,611.750000,329.670000,596.141375,303.882660
600.764468,295.360666,611.850000,329.530000,596.141375,303.882660
600.764468,295.360666,611.830000,328.900000,596.141375,303.882660
600.764468,295.360666,611.780000,328.170000,596.141375,303.882660
600.764468,295.360666,612.794568,330.436667,596.141375,303.882660
600.764468,295.799116,613.260000,330.240000,596.141375,303.882660
600.764468,296.237566,613.150000,329.930000,596.141375,303.882660
601.179299,296.676016,612.980000,329.850000,596.141375,303.882660
602.008961,297.552916,612.980000,329.810000,596.141375,303.882660
603.668285,298.429816,613.010000,329.800000,596.141375,303.882660
605.327610,299.745167,613.080000,329.810000,596.694483,303.882660
605.327610,299.745167,613.070000,329.800000,597.247591,303.882660
605.327610,299.745167,613.160000,329.770000,597.247591,303.882660
605.327610,299.745167,613.160000,329.750000,597.800699,303.882660
605.327610,299.745167,613.210000,329.780000,598.353807,303.882660
605.327610,301.060517,613.240000,329.770000,598.906915,303.882660
605.327610,301.498967,613.330000,329.780000,598.906915,303.882660
605.327610,301.498967,613.370000,329.750000,598.906915,303.882660
605.327610,301.498967,613.420000,329.810000,598.906915,303.882660
605.327610,301.498967,613.490000,329.870000,598.906915,303.882660
605.327610,301.498967,613.880000,329.940000,598.906915,303.882660
605.327610,301.498967,613.940000,330.010000,599.460023,304.467260
605.327610,304.129667,614.020000,330.050000,600.566239,305.051860
605.327610,304.568117,614.100000,330.160000,601.672455,305.636460
605.327610,305.883467,614.180000,330.240000,603.331779,305.636460
605.327610,305.883467,614.340000,330.330000,603.884887,305.636460
605.327610,306.760367,614.590000,330.600000,603.884887,305.636460
606.157272,305.883467,615.000000,331.130000,603.884887,305.636460
606.157272,305.883467,615.180000,331.870000,603.884887,305.636460
606.986934,306.760367,615.420000,332.540000,604.437995,305.636460
606.986934,306.760367,615.870000,332.740000,606.097319,307.390261
606.986934,306.760367,615.990000,332.840000,606.097319,307.390261
606.986934,306.760367,616.190000,332.910000,606.097319,307.390261
607.816596,306.760367,616.340000,333.000000,606.650427,307.390261
609.061089,307.198817,616.610000,333.040000,606.650427,307.390261
609.475920,308.075717,617.000000,333.160000,606.650427,307.390261
611.135244,308.514167,617.260000,333.230000,606.650427,307.390261
611.550075,308.952617,616.528047,332.628917,606.650427,307.390261
611.550075,308.952617,617.110000,332.540000,606.650427,307.390261
611.550075,308.952617,617.440000,332.510000,606.650427,307.390261
611.550075,309.829517,617.920000,332.510000,606.650427,307.390261
611.550075,310.267967,618.110000,332.530000,608.862859,308.559461
611.550075,310.706417,618.260000,333.160000,609.969075,309.728661
611.964906,311.144867,618.550000,334.010000,611.075291,310.897861
611.964906,311.144867,619.060000,334.880000,611.628399,310.897861
611.964906,311.583317,619.710000,335.810000,613.840832,312.651661
611.964906,312.021767,619.890000,336.690000,613.840832,312.651661
611.964906,312.021767,620.676357,335.698067,614.393940,313.236261
611.964906,312.021767,621.120000,335.260000,616.606372,314.405461
612.379737,312.460217,621.730000,335.280000,616.606372,314.405461
612.379737,312.460217,621.890000,335.290000,618.265696,315.574661
613.209399,312.898667,622.010000,335.300000,618.265696,315.574661
614.039061,312.898667,622.120000,335.310000,618.265696,316.159261
614.039061,312.898667,622.240000,335.310000,618.265696,316.159261
614.453892,312.898667,622.410000,335.340000,618.265696,316.159261
614.868723,312.898667,623.000000,335.350000,618.265696,316.159261
615.283554,313.337117,623.100000,335.350000,618.265696,316.159261
616.528047,314.652467,623.250000,335.350000,618.265696,316.159261
618.602202,317.283167,623.310000,335.330000,618.265696,316.159261
620.261526,319.036967,623.330000,335.260000,618.265696,316.159261
621.091188,319.913867,623.360000,335.210000,618.818804,317.328461
621.506019,319.913867,623.580174,335.259617,619.371912,319.082261
621.506019,320.352317,624.130000,335.080000,620.478128,321.420661
621.506019,321.229217,624.520000,335.120000,620.478128,322.005261
621.920850,322.106117,624.530000,335.130000,621.031236,323.759061
621.920850,322.106117,624.580000,335.130000,621.584344,324.928261
621.920850,322.106117,624.610000,335.130000,623.243668,326.682061
621.920850,322.983017,624.600000,335.120000,625.456100,328.435861
622.335681,324.298367,624.409836,337.890317,625.456100,329.020461
622.335681,324.736817,624.140000,339.040000,627.115424,329.605061
622.335681,324.736817,624.280000,339.230000,628.221640,330.774261
622.750512,325.175267,624.400000,339.400000,628.221640,330.774261
625.654330,326.929067,624.840000,339.630000,628.221640,330.774261
626.069161,326.929067,624.970000,339.700000,628.774748,332.528061
628.972978,328.682867,625.060000,339.740000,628.774748,333.112661
629.387809,329.559767,625.160000,339.780000,629.327856,334.866461
629.387809,329.998217,625.280000,339.820000,629.880964,335.451061
629.387809,331.313567,625.370000,339.860000,630.434072,336.620261
630.217471,333.505817,625.540000,339.880000,630.987180,337.204861
630.632302,334.821167,625.930000,339.930000,630.987180,337.204861
631.047133,336.574967,626.020000,339.950000,630.987180,337.789461
631.047133,336.574967,626.100000,339.960000,631.540288,340.712461
631.876795,338.328767,628.972978,340.959468,632.093396,341.881661
631.876795,339.205667,628.972978,340.959468,632.093396,343.050861
631.876795,339.205667,628.972978,340.959468,632.646504,343.635461
632.291626,340.521018,628.972978,340.959468,633.199612,343.635461
632.706457,342.274818,628.972978,340.959468,633.199612,343.635461
633.121288,344.028618,629.802640,344.028618,633.199612,343.635461
634.365781,345.782418,629.802640,344.028618,633.199612,343.635461
634.365781,345.782418,629.802640,344.028618,633.199612,343.635461
634.365781,345.782418,629.802640,344.467068,633.199612,343.635461
634.365781,346.220868,629.802640,344.467068,633.199612,343.635461
635.610274,347.536218,630.632302,344.467068,633.199612,343.635461
635.610274,347.536218,631.461964,345.343968,633.199612,343.635461
635.610274,347.536218,631.461964,346.220868,633.199612,343.635461
635.610274,347.536218,631.461964,346.220868,633.199612,343.635461
635.610274,347.536218,631.461964,346.220868,634.305829,344.220061
635.610274,347.536218,631.461964,346.220868,634.305829,344.220061
635.610274,347.536218,631.461964,346.220868,634.305829,344.220061
635.610274,347.536218,631.461964,346.220868,634.305829,344.220061
635.610274,347.536218,631.461964,346.220868,634.305829,344.220061
635.610274,347.536218,631.461964,346.220868,634.305829,344.220061
635.610274,347.536218,631.461964,346.220868,634.305829,344.220061
635.610274,347.536218,631.461964,346.220868,634.305829,344.220061
635.610274,347.536218,631.461964,346.220868,634.305829,344.220061
635.610274,347.536218,631.461964,346.220868,634.305829,344.220061
635.610274,347.536218,631.461964,346.220868,634.305829,344.220061
635.610274,347.536218,631.461964,346.220868,634.305829,344.220061
635.610274,347.536218,631.461964,346.220868,634.305829,344.220061
635.610274,347.536218,631.461964,346.220868,634.305829,344.220061
635.610274,347.536218,631.461964,346.220868,634.305829,344.220061
635.610274,347.536218,631.461964,346.220868,634.305829,344.220061
635.610274,347.536218,631.461964,346.220868,634.305829,344.220061
635.610274,347.536218,631.461964,346.220868,634.305829,344.220061
635.610274,347.536218,631.461964,346.220868,634.305829,344.220061
635.610274,347.536218,631.461964,346.220868,634.305829,344.220061
635.610274,347.536218,631.461964,346.220868,634.305829,344.220061
635.610274,347.536218,631.461964,346.220868,634.305829,344.220061
635.610274,347.536218,631.461964,346.220868,634.305829,344.220061
635.610274,347.536218,631.461964,346.220868,634.305829,344.220061
635.610274,347.536218,631.461964,346.220868,634.305829,344.220061
635.610274,347.536218,631.461964,346.220868,634.305829,344.220061
635.610274,347.536218,631.461964,346.220868,634.305829,344.220061
635.610274,347.536218,631.461964,346.220868,634.305829,344.220061
635.610274,347.536218,631.461964,346.220868,634.305829,344.220061
635.610274,347.536218,631.461964,346.220868,634.305829,344.220061
635.610274,347.536218,631.461964,346.220868,634.305829,344.220061
635.610274,347.536218,631.461964,346.220868,634.305829,344.220061
635.610274,347.536218,631.461964,346.220868,634.305829,344.220061
NaN,NaN,631.461964,346.220868,634.305829,344.220061
NaN,NaN,631.461964,346.220868,634.305829,344.220061
NaN,NaN,631.461964,346.220868,634.305829,344.220061
NaN,NaN,631.461964,346.220868,634.305829,344.220061
NaN,NaN,631.461964,346.220868,634.305829,344.220061
NaN,NaN,631.461964,346.220868,634.305829,344.220061
NaN,NaN,631.461964,346.220868,634.305829,344.220061
NaN,NaN,631.461964,346.220868,634.305829,344.220061
NaN,NaN,631.461964,346.220868,634.305829,344.220061
NaN,NaN,631.461964,346.220868,634.305829,344.220061
NaN,NaN,631.461964,346.220868,634.305829,344.220061
NaN,NaN,631.461964,346.220868,634.305829,344.220061
NaN,NaN,631.461964,346.220868,634.305829,344.220061
NaN,NaN,631.461964,346.220868,634.305829,344.220061
NaN,NaN,631.461964,346.220868,634.305829,344.220061
NaN,NaN,631.461964,346.220868,634.305829,344.220061
NaN,NaN,631.461964,346.220868,634.305829,344.220061
NaN,NaN,631.461964,346.220868,634.305829,344.220061
NaN,NaN,631.461964,346.220868,634.305829,344.220061
NaN,NaN,631.461964,346.220868,634.305829,344.220061
NaN,NaN,631.461964,346.220868,634.305829,344.220061
NaN,NaN,631.461964,346.220868,634.305829,344.220061
NaN,NaN,631.461964,346.220868,634.305829,344.220061
NaN,NaN,631.461964,346.220868,634.305829,344.220061
NaN,NaN,631.461964,346.220868,634.305829,344.220061
NaN,NaN,631.461964,346.220868,634.305829,344.220061
NaN,NaN,631.461964,346.220868,634.305829,344.220061
NaN,NaN,631.461964,346.220868,634.305829,344.220061
NaN,NaN,631.461964,346.220868,634.305829,344.220061
NaN,NaN,631.461964,346.220868,634.305829,344.220061
NaN,NaN,631.461964,346.220868,634.305829,344.220061
NaN,NaN,631.461964,346.220868,NaN,NaN
NaN,NaN,631.461964,346.220868,NaN,NaN
NaN,NaN,631.461964,346.220868,NaN,NaN
NaN,NaN,631.461964,346.220868,NaN,NaN
NaN,NaN,631.461964,346.220868,NaN,NaN
NaN,NaN,631.461964,346.220868,NaN,NaN
NaN,NaN,631.461964,346.220868,NaN,NaN
NaN,NaN,631.461964,346.220868,NaN,NaN
NaN,NaN,631.461964,346.220868,NaN,NaN
NaN,NaN,631.461964,346.220868,NaN,NaN
NaN,NaN,631.461964,346.220868,NaN,NaN
NaN,NaN,631.461964,346.220868,NaN,NaN
NaN,NaN,631.461964,346.220868,NaN,NaN
NaN,NaN,631.461964,346.220868,NaN,NaN
NaN,NaN,631.461964,346.220868,NaN,NaN
NaN,NaN,631.461964,346.659318,NaN,NaN
NaN,NaN,631.876795,347.974668,NaN,NaN
NaN,NaN,631.876795,347.974668,NaN,NaN
NaN,NaN,631.876795,347.974668,NaN,NaN
NaN,NaN,631.876795,347.974668,NaN,NaN
NaN,NaN,631.876795,347.974668,NaN,NaN
NaN,NaN,631.876795,347.974668,NaN,NaN
NaN,NaN,631.876795,347.974668,NaN,NaN
NaN,NaN,631.876795,347.974668,NaN,NaN
NaN,NaN,631.876795,347.974668,NaN,NaN
NaN,NaN,631.876795,347.974668,NaN,NaN
NaN,NaN,631.876795,347.974668,NaN,NaN
NaN,NaN,631.876795,347.974668,NaN,NaN
NaN,NaN,631.876795,347.974668,NaN,NaN
NaN,NaN,631.876795,347.974668,NaN,NaN
NaN,NaN,631.876795,347.974668,NaN,NaN
NaN,NaN,631.876795,347.974668,NaN,NaN
NaN,NaN,631.876795,347.974668,NaN,NaN
NaN,NaN,631.876795,347.974668,NaN,NaN
NaN,NaN,631.876795,347.974668,NaN,NaN
NaN,NaN,631.876795,348.413118,NaN,NaN
NaN,NaN,631.876795,348.413118,NaN,NaN
NaN,NaN,632.291626,350.605368,NaN,NaN
NaN,NaN,632.291626,351.482268,NaN,NaN
NaN,NaN,633.121288,351.920718,NaN,NaN
NaN,NaN,633.121288,351.920718,NaN,NaN
NaN,NaN,633.121288,352.797618,NaN,NaN
NaN,NaN,633.536119,352.797618,NaN,NaN
NaN,NaN,633.536119,352.797618,NaN,NaN
NaN,NaN,633.536119,352.797618,NaN,NaN
NaN,NaN,633.536119,352.797618,NaN,NaN
NaN,NaN,633.950950,353.236068,NaN,NaN
NaN,NaN,633.950950,353.674518,NaN,NaN
NaN,NaN,633.950950,353.674518,NaN,NaN
NaN,NaN,632.706457,355.866768,NaN,NaN
NaN,NaN,632.706457,355.866768,NaN,NaN
NaN,NaN,632.706457,355.866768,NaN,NaN
NaN,NaN,632.291626,355.866768,NaN,NaN
NaN,NaN,632.291626,355.866768,NaN,NaN
NaN,NaN,632.291626,355.866768,NaN,NaN
NaN,NaN,632.291626,355.866768,NaN,NaN
NaN,NaN,632.291626,355.866768,NaN,NaN
NaN,NaN,632.291626,355.866768,NaN,NaN
NaN,NaN,632.291626,355.866768,NaN,NaN
NaN,NaN,632.291626,355.866768,NaN,NaN
NaN,NaN,632.291626,355.866768,NaN,NaN
NaN,NaN,632.291626,355.866768,NaN,NaN
NaN,NaN,632.291626,355.866768,NaN,NaN
NaN,NaN,631.876795,355.866768,NaN,NaN
NaN,NaN,631.461964,355.866768,NaN,NaN
NaN,NaN,631.047133,356.305218,NaN,NaN
NaN,NaN,630.632302,356.743668,NaN,NaN
NaN,NaN,630.632302,357.182118,NaN,NaN
NaN,NaN,630.632302,357.182118,NaN,NaN
NaN,NaN,630.632302,357.182118,NaN,NaN
NaN,NaN,630.632302,357.182118,NaN,NaN
NaN,NaN,630.632302,357.620568,NaN,NaN
NaN,NaN,630.632302,357.620568,NaN,NaN
NaN,NaN,630.632302,357.620568,NaN,NaN
NaN,NaN,630.632302,357.620568,NaN,NaN
NaN,NaN,630.632302,357.620568,NaN,NaN
NaN,NaN,630.632302,357.620568,NaN,NaN
NaN,NaN,630.632302,357.620568,NaN,NaN
NaN,NaN,630.632302,358.059018,NaN,NaN
NaN,NaN,630.632302,358.059018,NaN,NaN
NaN,NaN,630.632302,358.059018,NaN,NaN
NaN,NaN,630.632302,358.059018,NaN,NaN
NaN,NaN,630.632302,360.251268,NaN,NaN
NaN,NaN,630.632302,361.566618,NaN,NaN
NaN,NaN,630.632302,362.881968,NaN,NaN
NaN,NaN,630.632302,363.758868,NaN,NaN
NaN,NaN,630.632302,364.197318,NaN,NaN
NaN,NaN,630.632302,364.197318,NaN,NaN
NaN,NaN,630.632302,364.197318,NaN,NaN
NaN,NaN,630.632302,364.197318,NaN,NaN
NaN,NaN,630.632302,364.197318,NaN,NaN
NaN,NaN,630.632302,364.197318,NaN,NaN
NaN,NaN,630.632302,364.197318,NaN,NaN
NaN,NaN,630.632302,364.197318,NaN,NaN
NaN,NaN,630.632302,364.197318,NaN,NaN
NaN,NaN,630.632302,364.197318,NaN,NaN
NaN,NaN,630.632302,364.197318,NaN,NaN
NaN,NaN,630.632302,365.074218,NaN,NaN
NaN,NaN,630.632302,367.704918,NaN,NaN
NaN,NaN,630.632302,368.143368,NaN,NaN
NaN,NaN,630.632302,369.458718,NaN,NaN
NaN,NaN,630.632302,369.458718,NaN,NaN
NaN,NaN,630.632302,369.897168,NaN,NaN
NaN,NaN,630.632302,369.897168,NaN,NaN
NaN,NaN,630.632302,370.335618,NaN,NaN
NaN,NaN,630.632302,370.335618,NaN,NaN
NaN,NaN,630.632302,370.335618,NaN,NaN
NaN,NaN,630.632302,370.335618,NaN,NaN
NaN,NaN,630.632302,370.335618,NaN,NaN
NaN,NaN,630.632302,370.335618,NaN,NaN
NaN,NaN,630.632302,370.335618,NaN,NaN
NaN,NaN,630.632302,370.335618,NaN,NaN
NaN,NaN,630.632302,370.335618,NaN,NaN
NaN,NaN,630.632302,371.212518,NaN,NaN
NaN,NaN,630.632302,372.089418,NaN,NaN
NaN,NaN,630.632302,372.966318,NaN,NaN
NaN,NaN,630.632302,374.281668,NaN,NaN
NaN,NaN,630.632302,374.281668,NaN,NaN
NaN,NaN,630.632302,374.281668,NaN,NaN
NaN,NaN,630.632302,374.281668,NaN,NaN
NaN,NaN,630.632302,374.281668,NaN,NaN
NaN,NaN,630.632302,374.281668,NaN,NaN
NaN,NaN,630.632302,374.720118,NaN,NaN
NaN,NaN,630.632302,375.597018,NaN,NaN
NaN,NaN,630.632302,375.597018,NaN,NaN
NaN,NaN,630.632302,375.597018,NaN,NaN
NaN,NaN,630.632302,375.597018,NaN,NaN
NaN,NaN,630.632302,375.597018,NaN,NaN
NaN,NaN,631.461964,376.035468,NaN,NaN
NaN,NaN,631.876795,376.473918,NaN,NaN
NaN,NaN,631.876795,377.350818,NaN,NaN
NaN,NaN,632.291626,378.666168,NaN,NaN
NaN,NaN,632.291626,378.666168,NaN,NaN
NaN,NaN,632.291626,378.666168,NaN,NaN
NaN,NaN,632.291626,378.666168,NaN,NaN
NaN,NaN,632.291626,378.666168,NaN,NaN
NaN,NaN,632.291626,378.666168,NaN,NaN
NaN,NaN,632.291626,378.666168,NaN,NaN
NaN,NaN,632.291626,378.666168,NaN,NaN
NaN,NaN,632.291626,378.666168,NaN,NaN
NaN,NaN,632.291626,378.666168,NaN,NaN
NaN,NaN,632.291626,378.666168,NaN,NaN
NaN,NaN,632.291626,379.543068,NaN,NaN
NaN,NaN,632.291626,379.543068,NaN,NaN
NaN,NaN,632.291626,379.543068,NaN,NaN
NaN,NaN,632.291626,380.419968,NaN,NaN
NaN,NaN,632.291626,380.419968,NaN,NaN
NaN,NaN,632.291626,380.858419,NaN,NaN
NaN,NaN,632.291626,380.858419,NaN,NaN
NaN,NaN,632.291626,381.296869,NaN,NaN
NaN,NaN,632.291626,381.296869,NaN,NaN
NaN,NaN,632.291626,381.296869,NaN,NaN
NaN,NaN,632.291626,381.296869,NaN,NaN
NaN,NaN,631.876795,380.858419,NaN,NaN
NaN,NaN,631.970000,381.100000,NaN,NaN
NaN,NaN,632.000000,381.090000,NaN,NaN
NaN,NaN,632.040000,381.110000,NaN,NaN
NaN,NaN,632.050000,381.120000,NaN,NaN
NaN,NaN,632.070000,381.130000,NaN,NaN
NaN,NaN,632.080000,381.220000,NaN,NaN
NaN,NaN,632.060000,381.230000,NaN,NaN
NaN,NaN,632.110000,381.230000,NaN,NaN
NaN,NaN,632.110000,381.330000,NaN,NaN
NaN,NaN,632.110000,381.370000,NaN,NaN
NaN,NaN,632.090000,381.390000,NaN,NaN
NaN,NaN,632.190000,381.350000,NaN,NaN
NaN,NaN,632.210000,381.370000,NaN,NaN
NaN,NaN,632.300000,381.600000,NaN,NaN
NaN,NaN,632.250000,382.160000,NaN,NaN
NaN,NaN,632.250000,382.890000,NaN,NaN
NaN,NaN,632.130000,383.990000,NaN,NaN
NaN,NaN,632.090000,384.820000,NaN,NaN
NaN,NaN,631.750000,385.780000,NaN,NaN
NaN,NaN,630.990000,386.750000,NaN,NaN
NaN,NaN,630.420000,387.730000,NaN,NaN
NaN,NaN,630.380000,388.580000,NaN,NaN
NaN,NaN,630.480000,388.720000,NaN,NaN
NaN,NaN,630.920000,388.180000,NaN,NaN
NaN,NaN,630.940000,387.770000,NaN,NaN
NaN,NaN,631.230000,387.010000,NaN,NaN
NaN,NaN,631.830000,386.160000,NaN,NaN
NaN,NaN,632.390000,385.240000,NaN,NaN
NaN,NaN,633.210000,384.980000,NaN,NaN
NaN,NaN,633.080000,385.450000,NaN,NaN
NaN,NaN,632.780000,386.250000,NaN,NaN
NaN,NaN,632.800000,386.880000,NaN,NaN
NaN,NaN,632.420000,387.750000,NaN,NaN
NaN,NaN,631.750000,388.700000,NaN,NaN
NaN,NaN,631.170000,389.620000,NaN,NaN
NaN,NaN,630.990000,390.470000,NaN,NaN
NaN,NaN,631.080000,390.600000,NaN,NaN
NaN,NaN,631.080000,390.660000,NaN,NaN
NaN,NaN,631.270000,390.560000,NaN,NaN
NaN,NaN,631.530000,389.800000,NaN,NaN
NaN,NaN,632.270000,389.040000,NaN,NaN
NaN,NaN,633.140000,388.060000,NaN,NaN
NaN,NaN,633.920000,387.260000,NaN,NaN
NaN,NaN,635.150000,386.210000,NaN,NaN
NaN,NaN,630.217471,389.188969,NaN,NaN
NaN,NaN,631.876795,389.188969,NaN,NaN
NaN,NaN,631.876795,389.188969,NaN,NaN
NaN,NaN,631.876795,389.627419,NaN,NaN
NaN,NaN,631.876795,390.065869,NaN,NaN
NaN,NaN,631.461964,390.942769,NaN,NaN
NaN,NaN,631.461964,391.819669,NaN,NaN
NaN,NaN,631.461964,393.135019,NaN,NaN
NaN,NaN,631.461964,393.135019,NaN,NaN
NaN,NaN,631.461964,393.135019,NaN,NaN
NaN,NaN,631.461964,393.135019,NaN,NaN
NaN,NaN,631.461964,394.011919,NaN,NaN
NaN,NaN,631.461964,394.011919,NaN,NaN
NaN,NaN,631.461964,394.011919,NaN,NaN
NaN,NaN,631.461964,394.011919,NaN,NaN
NaN,NaN,631.461964,394.011919,NaN,NaN
NaN,NaN,631.461964,394.011919,NaN,NaN
NaN,NaN,631.461964,394.011919,NaN,NaN
NaN,NaN,631.461964,394.011919,NaN,NaN
NaN,NaN,631.461964,394.011919,NaN,NaN
NaN,NaN,631.461964,394.011919,NaN,NaN
NaN,NaN,631.461964,394.011919,NaN,NaN
NaN,NaN,631.461964,394.011919,NaN,NaN
NaN,NaN,631.461964,394.011919,NaN,NaN
NaN,NaN,631.461964,394.011919,NaN,NaN
NaN,NaN,631.461964,394.011919,NaN,NaN
NaN,NaN,631.876795,394.011919,NaN,NaN
NaN,NaN,632.291626,394.011919,NaN,NaN
NaN,NaN,633.121288,394.011919,NaN,NaN
NaN,NaN,633.536119,394.011919,NaN,NaN
NaN,NaN,633.536119,394.011919,NaN,NaN
NaN,NaN,633.950950,394.011919,NaN,NaN
NaN,NaN,634.780612,394.011919,NaN,NaN
NaN,NaN,634.780612,394.011919,NaN,NaN
NaN,NaN,635.195443,394.011919,NaN,NaN
NaN,NaN,635.195443,394.011919,NaN,NaN
NaN,NaN,635.610274,394.011919,NaN,NaN
NaN,NaN,635.610274,394.011919,NaN,NaN
NaN,NaN,635.610274,394.011919,NaN,NaN
NaN,NaN,635.610274,394.011919,NaN,NaN
NaN,NaN,635.610274,394.011919,NaN,NaN
NaN,NaN,635.610274,394.011919,NaN,NaN
NaN,NaN,635.610274,394.011919,NaN,NaN
NaN,NaN,635.610274,394.011919,NaN,NaN
NaN,NaN,635.610274,394.011919,NaN,NaN
NaN,NaN,635.610274,394.011919,NaN,NaN
NaN,NaN,635.610274,394.011919,NaN,NaN
NaN,NaN,635.610274,394.011919,NaN,NaN
NaN,NaN,635.610274,394.011919,NaN,NaN
NaN,NaN,635.610274,394.011919,NaN,NaN
NaN,NaN,636.439936,394.450369,NaN,NaN
NaN,NaN,636.854767,395.327269,NaN,NaN
NaN,NaN,637.269598,395.765719,NaN,NaN
NaN,NaN,637.269598,396.642619,NaN,NaN
NaN,NaN,638.099260,397.081069,NaN,NaN
NaN,NaN,638.928922,397.519519,NaN,NaN
NaN,NaN,638.928922,397.519519,NaN,NaN
NaN,NaN,639.343753,397.519519,NaN,NaN
NaN,NaN,639.343753,397.519519,NaN,NaN
NaN,NaN,639.343753,397.519519,NaN,NaN
NaN,NaN,639.343753,397.519519,NaN,NaN
NaN,NaN,639.343753,397.519519,NaN,NaN
NaN,NaN,639.758584,397.519519,NaN,NaN
NaN,NaN,639.758584,397.957969,NaN,NaN
NaN,NaN,640.173415,397.957969,NaN,NaN
NaN,NaN,640.588246,397.957969,NaN,NaN
NaN,NaN,641.003077,397.957969,NaN,NaN
NaN,NaN,641.003077,397.957969,NaN,NaN
NaN,NaN,641.417908,398.396419,NaN,NaN
NaN,NaN,641.832739,398.834869,NaN,NaN
NaN,NaN,642.247570,398.834869,NaN,NaN
NaN,NaN,642.662401,399.273319,NaN,NaN
NaN,NaN,642.662401,399.711769,NaN,NaN
NaN,NaN,642.662401,399.711769,NaN,NaN
NaN,NaN,642.662401,399.711769,NaN,NaN
NaN,NaN,642.662401,399.711769,NaN,NaN
NaN,NaN,642.662401,399.711769,NaN,NaN
NaN,NaN,642.662401,399.711769,NaN,NaN
NaN,NaN,642.662401,399.711769,NaN,NaN
NaN,NaN,642.662401,399.711769,NaN,NaN
NaN,NaN,642.662401,399.711769,NaN,NaN
NaN,NaN,642.662401,399.711769,NaN,NaN
NaN,NaN,642.662401,399.711769,NaN,NaN
NaN,NaN,642.662401,400.588669,NaN,NaN
NaN,NaN,642.662401,400.588669,NaN,NaN
NaN,NaN,643.492063,401.027119,NaN,NaN
NaN,NaN,643.906894,401.027119,NaN,NaN
NaN,NaN,645.151387,401.465569,NaN,NaN
NaN,NaN,645.566218,401.904019,NaN,NaN
NaN,NaN,646.395880,403.657819,NaN,NaN
NaN,NaN,646.395880,403.657819,NaN,NaN
NaN,NaN,646.810711,403.657819,NaN,NaN
NaN,NaN,647.640374,403.657819,NaN,NaN
NaN,NaN,649.714529,404.096269,NaN,NaN
NaN,NaN,649.714529,404.534719,NaN,NaN
NaN,NaN,648.884867,405.411619,NaN,NaN
NaN,NaN,648.884867,405.411619,NaN,NaN
NaN,NaN,648.884867,405.411619,NaN,NaN
NaN,NaN,648.884867,405.411619,NaN,NaN
NaN,NaN,648.884867,405.411619,NaN,NaN
NaN,NaN,648.884867,405.411619,NaN,NaN
NaN,NaN,648.884867,405.411619,NaN,NaN
NaN,NaN,648.884867,405.411619,NaN,NaN
NaN,NaN,648.470036,405.411619,NaN,NaN
NaN,NaN,648.470036,405.411619,NaN,NaN
NaN,NaN,649.714529,405.850069,NaN,NaN
NaN,NaN,650.959022,405.850069,NaN,NaN
NaN,NaN,651.373853,406.288519,NaN,NaN
NaN,NaN,651.788684,406.288519,NaN,NaN
NaN,NaN,651.788684,406.288519,NaN,NaN
NaN,NaN,651.788684,406.288519,NaN,NaN
NaN,NaN,651.788684,406.288519,NaN,NaN
NaN,NaN,651.788684,406.288519,NaN,NaN
NaN,NaN,651.788684,406.288519,NaN,NaN
NaN,NaN,651.788684,406.288519,NaN,NaN
NaN,NaN,651.788684,406.288519,NaN,NaN
NaN,NaN,651.788684,406.288519,NaN,NaN
NaN,NaN,652.203515,406.288519,NaN,NaN
NaN,NaN,653.448008,406.288519,NaN,NaN
NaN,NaN,654.277670,406.288519,NaN,NaN
NaN,NaN,656.351825,407.603869,NaN,NaN
NaN,NaN,656.351825,407.603869,NaN,NaN
NaN,NaN,656.351825,407.603869,NaN,NaN
NaN,NaN,656.351825,407.603869,NaN,NaN
NaN,NaN,656.351825,407.603869,NaN,NaN
NaN,NaN,656.351825,407.603869,NaN,NaN
NaN,NaN,656.351825,407.603869,NaN,NaN
NaN,NaN,656.351825,407.603869,NaN,NaN
NaN,NaN,656.351825,407.603869,NaN,NaN
NaN,NaN,656.351825,407.603869,NaN,NaN
NaN,NaN,656.351825,407.603869,NaN,NaN
NaN,NaN,658.425980,408.042319,NaN,NaN
NaN,NaN,660.085304,408.919219,NaN,NaN
NaN,NaN,660.500135,409.796119,NaN,NaN
NaN,NaN,660.914966,409.796119,NaN,NaN
NaN,NaN,661.329797,409.796119,NaN,NaN
NaN,NaN,661.744628,409.796119,NaN,NaN
NaN,NaN,662.159459,409.796119,NaN,NaN
NaN,NaN,662.159459,409.796119,NaN,NaN
NaN,NaN,662.159459,409.796119,NaN,NaN
NaN,NaN,662.159459,409.796119,NaN,NaN
NaN,NaN,662.159459,409.796119,NaN,NaN
NaN,NaN,662.159459,409.796119,NaN,NaN
NaN,NaN,662.159459,409.796119,NaN,NaN
NaN,NaN,662.159459,409.796119,NaN,NaN
NaN,NaN,662.159459,409.796119,NaN,NaN
NaN,NaN,662.159459,409.796119,NaN,NaN
NaN,NaN,662.159459,409.796119,NaN,NaN
NaN,NaN,662.159459,409.796119,NaN,NaN
NaN,NaN,662.159459,409.796119,NaN,NaN
NaN,NaN,662.159459,409.796119,NaN,NaN
NaN,NaN,662.159459,409.796119,NaN,NaN
NaN,NaN,662.159459,409.796119,NaN,NaN
NaN,NaN,662.159459,409.796119,NaN,NaN
NaN,NaN,662.159459,409.796119,NaN,NaN
NaN,NaN,662.159459,409.796119,NaN,NaN
NaN,NaN,662.159459,409.796119,NaN,NaN
NaN,NaN,662.159459,409.796119,NaN,NaN
NaN,NaN,662.159459,409.796119,NaN,NaN
NaN,NaN,662.574290,410.234569,NaN,NaN
NaN,NaN,662.574290,410.673019,NaN,NaN
NaN,NaN,662.574290,410.673019,NaN,NaN
NaN,NaN,662.574290,410.673019,NaN,NaN
NaN,NaN,662.574290,410.673019,NaN,NaN
NaN,NaN,662.574290,410.673019,NaN,NaN
NaN,NaN,662.574290,410.673019,NaN,NaN
NaN,NaN,662.574290,410.673019,NaN,NaN
NaN,NaN,663.403952,410.673019,NaN,NaN
NaN,NaN,664.233614,411.111469,NaN,NaN
NaN,NaN,664.233614,411.111469,NaN,NaN
NaN,NaN,665.063276,411.988369,NaN,NaN
NaN,NaN,665.063276,412.426819,NaN,NaN
NaN,NaN,665.478107,412.426819,NaN,NaN
NaN,NaN,665.478107,412.426819,NaN,NaN
NaN,NaN,665.478107,412.426819,NaN,NaN
NaN,NaN,665.892938,412.865269,NaN,NaN
NaN,NaN,665.892938,412.865269,NaN,NaN
NaN,NaN,665.892938,412.865269,NaN,NaN
NaN,NaN,665.892938,412.865269,NaN,NaN
NaN,NaN,665.892938,412.865269,NaN,NaN
NaN,NaN,665.892938,412.865269,NaN,NaN
NaN,NaN,665.892938,412.865269,NaN,NaN
NaN,NaN,665.892938,412.865269,NaN,NaN
NaN,NaN,665.892938,412.865269,NaN,NaN
NaN,NaN,666.307769,412.865269,NaN,NaN
NaN,NaN,666.307769,412.865269,NaN,NaN
NaN,NaN,666.307769,412.865269,NaN,NaN
NaN,NaN,666.307769,412.865269,NaN,NaN
NaN,NaN,666.307769,412.865269,NaN,NaN
NaN,NaN,666.722600,412.865269,NaN,NaN
NaN,NaN,667.137431,413.742169,NaN,NaN
NaN,NaN,667.137431,414.180619,NaN,NaN
NaN,NaN,667.137431,414.180619,NaN,NaN
NaN,NaN,667.137431,414.180619,NaN,NaN
NaN,NaN,667.137431,414.180619,NaN,NaN
NaN,NaN,667.137431,414.180619,NaN,NaN
NaN,NaN,667.137431,414.180619,NaN,NaN
NaN,NaN,667.137431,414.180619,NaN,NaN
NaN,NaN,667.137431,414.180619,NaN,NaN
NaN,NaN,667.137431,414.180619,NaN,NaN
NaN,NaN,667.137431,414.180619,NaN,NaN
NaN,NaN,667.137431,414.180619,NaN,NaN
NaN,NaN,667.137431,414.180619,NaN,NaN
NaN,NaN,667.552262,414.180619,NaN,NaN
NaN,NaN,667.552262,414.619069,NaN,NaN
NaN,NaN,667.967093,414.619069,NaN,NaN
NaN,NaN,667.967093,415.495969,NaN,NaN
NaN,NaN,667.967093,415.495969,NaN,NaN
NaN,NaN,667.967093,415.495969,NaN,NaN
NaN,NaN,667.967093,415.495969,NaN,NaN
NaN,NaN,667.967093,415.495969,NaN,NaN
NaN,NaN,667.967093,415.495969,NaN,NaN
NaN,NaN,667.967093,415.495969,NaN,NaN
NaN,NaN,667.967093,415.495969,NaN,NaN
NaN,NaN,667.967093,415.495969,NaN,NaN
NaN,NaN,667.967093,415.495969,NaN,NaN
NaN,NaN,667.967093,415.495969,NaN,NaN
NaN,NaN,667.967093,415.495969,NaN,NaN
NaN,NaN,667.967093,415.495969,NaN,NaN
NaN,NaN,667.967093,415.495969,NaN,NaN
NaN,NaN,667.967093,415.495969,NaN,NaN
NaN,NaN,669.211587,417.249769,NaN,NaN
NaN,NaN,669.211587,417.249769,NaN,NaN
NaN,NaN,669.211587,417.249769,NaN,NaN
NaN,NaN,669.211587,417.249769,NaN,NaN
NaN,NaN,669.211587,417.249769,NaN,NaN
NaN,NaN,669.211587,417.249769,NaN,NaN
NaN,NaN,669.211587,417.249769,NaN,NaN
NaN,NaN,669.211587,417.249769,NaN,NaN
NaN,NaN,669.211587,417.249769,NaN,NaN
NaN,NaN,669.211587,417.249769,NaN,NaN
NaN,NaN,669.211587,417.249769,NaN,NaN
NaN,NaN,669.211587,417.249769,NaN,NaN
NaN,NaN,669.211587,417.249769,NaN,NaN
NaN,NaN,669.211587,417.249769,NaN,NaN
NaN,NaN,669.211587,417.249769,NaN,NaN
NaN,NaN,669.211587,417.249769,NaN,NaN
NaN,NaN,669.211587,417.249769,NaN,NaN
NaN,NaN,669.211587,417.249769,NaN,NaN
NaN,NaN,669.211587,417.249769,NaN,NaN
NaN,NaN,669.211587,417.249769,NaN,NaN
NaN,NaN,669.211587,417.249769,NaN,NaN
NaN,NaN,669.211587,417.249769,NaN,NaN
NaN,NaN,669.211587,417.249769,NaN,NaN
NaN,NaN,669.211587,417.249769,NaN,NaN
NaN,NaN,669.211587,417.249769,NaN,NaN
NaN,NaN,669.211587,417.249769,NaN,NaN
NaN,NaN,669.211587,417.249769,NaN,NaN
NaN,NaN,669.211587,417.249769,NaN,NaN
NaN,NaN,669.211587,417.249769,NaN,NaN
NaN,NaN,669.211587,417.249769,NaN,NaN
NaN,NaN,669.211587,417.249769,NaN,NaN
NaN,NaN,669.211587,417.249769,NaN,NaN
NaN,NaN,669.211587,417.249769,NaN,NaN
NaN,NaN,669.211587,417.249769,NaN,NaN
NaN,NaN,669.211587,417.249769,NaN,NaN
NaN,NaN,669.211587,417.249769,NaN,NaN
NaN,NaN,669.211587,417.249769,NaN,NaN
NaN,NaN,669.211587,417.249769,NaN,NaN
NaN,NaN,669.211587,417.249769,NaN,NaN
NaN,NaN,669.211587,417.249769,NaN,NaN
NaN,NaN,669.211587,417.249769,NaN,NaN
NaN,NaN,669.211587,417.249769,NaN,NaN
NaN,NaN,669.211587,417.249769,NaN,NaN
NaN,NaN,669.211587,417.249769,NaN,NaN
NaN,NaN,669.211587,417.249769,NaN,NaN
NaN,NaN,669.211587,417.249769,NaN,NaN
NaN,NaN,669.211587,417.249769,NaN,NaN
NaN,NaN,669.211587,417.249769,NaN,NaN
NaN,NaN,669.211587,417.249769,NaN,NaN
NaN,NaN,669.211587,417.249769,NaN,NaN
NaN,NaN,669.211587,417.249769,NaN,NaN
NaN,NaN,669.211587,417.249769,NaN,NaN
NaN,NaN,669.211587,417.249769,NaN,NaN
NaN,NaN,669.211587,417.249769,NaN,NaN
NaN,NaN,669.211587,417.249769,NaN,NaN
NaN,NaN,669.211587,417.249769,NaN,NaN
NaN,NaN,669.211587,417.249769,NaN,NaN
NaN,NaN,669.211587,417.249769,NaN,NaN
NaN,NaN,669.211587,417.249769,NaN,NaN
NaN,NaN,669.211587,417.249769,NaN,NaN
NaN,NaN,669.211587,417.249769,NaN,NaN
NaN,NaN,669.211587,417.249769,NaN,NaN
NaN,NaN,669.211587,417.249769,NaN,NaN
NaN,NaN,669.211587,417.249769,NaN,NaN
NaN,NaN,669.211587,417.249769,NaN,NaN
NaN,NaN,669.211587,417.249769,NaN,NaN
NaN,NaN,669.211587,417.249769,NaN,NaN
NaN,NaN,669.211587,417.249769,NaN,NaN
NaN,NaN,669.211587,417.249769,NaN,NaN
NaN,NaN,669.211587,417.249769,NaN,NaN
NaN,NaN,669.211587,417.249769,NaN,NaN
NaN,NaN,669.211587,417.249769,NaN,NaN
NaN,NaN,669.211587,417.249769,NaN,NaN
NaN,NaN,669.211587,417.249769,NaN,NaN
NaN,NaN,669.211587,417.249769,NaN,NaN
NaN,NaN,669.211587,417.249769,NaN,NaN
NaN,NaN,669.211587,417.249769,NaN,NaN
NaN,NaN,669.211587,417.249769,NaN,NaN
NaN,NaN,669.211587,417.249769,NaN,NaN
NaN,NaN,669.211587,417.249769,NaN,NaN
NaN,NaN,669.211587,417.249769,NaN,NaN
NaN,NaN,669.211587,417.249769,NaN,NaN
NaN,NaN,669.211587,417.249769,NaN,NaN
NaN,NaN,669.211587,417.249769,NaN,NaN
NaN,NaN,669.211587,417.249769,NaN,NaN
NaN,NaN,669.211587,417.249769,NaN,NaN
NaN,NaN,669.211587,417.249769,NaN,NaN
NaN,NaN,669.211587,417.249769,NaN,NaN
NaN,NaN,669.211587,417.249769,NaN,NaN
NaN,NaN,669.211587,417.249769,NaN,NaN
NaN,NaN,669.211587,417.249769,NaN,NaN
NaN,NaN,669.211587,417.249769,NaN,NaN
NaN,NaN,669.211587,417.249769,NaN,NaN
NaN,NaN,669.211587,417.249769,NaN,NaN
NaN,NaN,669.211587,417.249769,NaN,NaN
NaN,NaN,669.211587,417.249769,NaN,NaN
NaN,NaN,669.211587,417.249769,NaN,NaN
NaN,NaN,669.211587,417.249769,NaN,NaN
NaN,NaN,669.211587,417.249769,NaN,NaN
NaN,NaN,669.211587,417.249769,NaN,NaN
NaN,NaN,669.211587,417.249769,NaN,NaN
NaN,NaN,669.211587,417.249769,NaN,NaN
NaN,NaN,669.211587,417.249769,NaN,NaN
NaN,NaN,669.211587,417.249769,NaN,NaN
NaN,NaN,669.211587,417.249769,NaN,NaN
NaN,NaN,669.211587,417.249769,NaN,NaN
NaN,NaN,669.211587,417.249769,NaN,NaN
NaN,NaN,669.211587,417.249769,NaN,NaN
NaN,NaN,669.211587,417.249769,NaN,NaN
NaN,NaN,669.211587,417.249769,NaN,NaN
NaN,NaN,669.211587,417.249769,NaN,NaN
NaN,NaN,669.211587,417.249769,NaN,NaN
NaN,NaN,669.211587,417.249769,NaN,NaN
NaN,NaN,669.211587,417.249769,NaN,NaN
NaN,NaN,669.211587,417.249769,NaN,NaN
NaN,NaN,669.211587,417.249769,NaN,NaN
NaN,NaN,669.211587,417.249769,NaN,NaN
NaN,NaN,669.211587,417.249769,NaN,NaN
NaN,NaN,669.211587,417.249769,NaN,NaN
NaN,NaN,669.211587,417.249769,NaN,NaN
NaN,NaN,669.211587,417.249769,NaN,NaN
NaN,NaN,669.211587,417.249769,NaN,NaN
NaN,NaN,669.211587,417.249769,NaN,NaN
NaN,NaN,669.211587,417.249769,NaN,NaN
NaN,NaN,669.211587,418.565119,NaN,NaN
NaN,NaN,669.211587,420.318919,NaN,NaN
NaN,NaN,669.211587,420.757369,NaN,NaN
NaN,NaN,669.211587,421.195819,NaN,NaN
NaN,NaN,669.211587,422.072720,NaN,NaN
NaN,NaN,669.211587,422.949620,NaN,NaN
NaN,NaN,669.211587,423.826520,NaN,NaN
NaN,NaN,669.211587,423.826520,NaN,NaN
NaN,NaN,669.211587,423.826520,NaN,NaN
NaN,NaN,669.211587,424.703420,NaN,NaN
NaN,NaN,669.211587,424.703420,NaN,NaN
NaN,NaN,669.211587,424.703420,NaN,NaN
NaN,NaN,669.211587,426.457220,NaN,NaN
NaN,NaN,669.211587,426.457220,NaN,NaN
NaN,NaN,669.211587,426.457220,NaN,NaN
NaN,NaN,669.211587,426.457220,NaN,NaN
NaN,NaN,669.211587,426.457220,NaN,NaN
NaN,NaN,669.211587,427.334120,NaN,NaN
NaN,NaN,669.211587,427.334120,NaN,NaN
NaN,NaN,669.211587,427.334120,NaN,NaN
NaN,NaN,669.211587,427.772570,NaN,NaN
NaN,NaN,669.211587,427.772570,NaN,NaN
NaN,NaN,669.211587,427.772570,NaN,NaN
NaN,NaN,669.211587,427.772570,NaN,NaN
NaN,NaN,669.211587,427.772570,NaN,NaN
NaN,NaN,669.211587,427.772570,NaN,NaN
NaN,NaN,669.211587,427.772570,NaN,NaN
NaN,NaN,669.211587,427.772570,NaN,NaN
NaN,NaN,669.211587,427.772570,NaN,NaN
NaN,NaN,669.211587,428.211020,NaN,NaN
NaN,NaN,669.211587,428.211020,NaN,NaN
NaN,NaN,669.211587,428.211020,NaN,NaN
NaN,NaN,669.211587,429.087920,NaN,NaN
NaN,NaN,669.211587,429.087920,NaN,NaN
NaN,NaN,669.211587,429.087920,NaN,NaN
NaN,NaN,669.211587,429.087920,NaN,NaN
NaN,NaN,669.211587,429.087920,NaN,NaN
NaN,NaN,669.626418,429.526370,NaN,NaN
NaN,NaN,670.456080,431.280170,NaN,NaN
NaN,NaN,670.870911,431.280170,NaN,NaN
NaN,NaN,670.870911,431.280170,NaN,NaN
NaN,NaN,670.870911,431.280170,NaN,NaN
NaN,NaN,670.870911,431.280170,NaN,NaN
NaN,NaN,670.870911,431.280170,NaN,NaN
NaN,NaN,670.870911,431.280170,NaN,NaN
NaN,NaN,670.870911,431.280170,NaN,NaN
NaN,NaN,670.870911,431.280170,NaN,NaN
NaN,NaN,670.870911,431.280170,NaN,NaN
NaN,NaN,670.870911,431.280170,NaN,NaN
NaN,NaN,670.870911,431.280170,NaN,NaN
NaN,NaN,670.870911,431.280170,NaN,NaN
NaN,NaN,670.870911,431.280170,NaN,NaN
NaN,NaN,670.870911,431.280170,NaN,NaN
NaN,NaN,670.870911,431.280170,NaN,NaN
NaN,NaN,670.870911,431.280170,NaN,NaN
NaN,NaN,670.870911,431.280170,NaN,NaN
NaN,NaN,670.870911,431.280170,NaN,NaN
NaN,NaN,670.870911,431.280170,NaN,NaN
NaN,NaN,670.870911,431.280170,NaN,NaN
NaN,NaN,670.870911,431.280170,NaN,NaN
NaN,NaN,670.870911,431.280170,NaN,NaN
NaN,NaN,670.870911,431.280170,NaN,NaN
NaN,NaN,670.870911,431.280170,NaN,NaN
NaN,NaN,670.870911,431.280170,NaN,NaN
NaN,NaN,670.870911,431.280170,NaN,NaN
NaN,NaN,670.870911,431.280170,NaN,NaN
NaN,NaN,670.870911,431.280170,NaN,NaN
NaN,NaN,670.870911,431.280170,NaN,NaN
NaN,NaN,670.870911,431.280170,NaN,NaN
NaN,NaN,670.870911,431.280170,NaN,NaN
NaN,NaN,670.870911,431.280170,NaN,NaN
NaN,NaN,670.870911,431.280170,NaN,NaN
NaN,NaN,670.870911,431.280170,NaN,NaN
NaN,NaN,670.870911,431.280170,NaN,NaN
NaN,NaN,670.870911,431.280170,NaN,NaN
NaN,NaN,670.870911,431.280170,NaN,NaN
NaN,NaN,670.870911,431.280170,NaN,NaN
NaN,NaN,670.870911,431.280170,NaN,NaN
NaN,NaN,670.870911,431.280170,NaN,NaN
NaN,NaN,670.870911,431.280170,NaN,NaN
NaN,NaN,670.870911,431.280170,NaN,NaN
NaN,NaN,670.870911,431.280170,NaN,NaN
NaN,NaN,670.870911,431.280170,NaN,NaN
NaN,NaN,670.870911,431.280170,NaN,NaN
NaN,NaN,670.870911,431.280170,NaN,NaN
NaN,NaN,670.870911,431.280170,NaN,NaN
NaN,NaN,670.870911,431.280170,NaN,NaN
NaN,NaN,670.870911,431.280170,NaN,NaN
NaN,NaN,670.870911,431.280170,NaN,NaN
NaN,NaN,670.870911,431.280170,NaN,NaN
NaN,NaN,670.870911,431.280170,NaN,NaN
NaN,NaN,670.870911,431.280170,NaN,NaN
NaN,NaN,670.870911,431.280170,NaN,NaN
NaN,NaN,670.870911,431.280170,NaN,NaN
NaN,NaN,670.870911,431.280170,NaN,NaN
NaN,NaN,670.870911,431.280170,NaN,NaN
NaN,NaN,670.870911,431.280170,NaN,NaN
NaN,NaN,670.870911,431.280170,NaN,NaN
NaN,NaN,670.870911,431.280170,NaN,NaN
NaN,NaN,670.870911,431.280170,NaN,NaN
NaN,NaN,670.870911,431.280170,NaN,NaN
NaN,NaN,670.870911,431.280170,NaN,NaN
NaN,NaN,NaN,NaN,NaN,NaN
NaN,NaN,NaN,NaN,NaN,NaN
NaN,NaN,NaN,NaN,NaN,NaN
NaN,NaN,NaN,NaN,NaN,NaN
NaN,NaN,NaN,NaN,NaN,NaN
NaN,NaN,NaN,NaN,NaN,NaN
NaN,NaN,NaN,NaN,NaN,NaN
NaN,NaN,NaN,NaN,NaN,NaN
NaN,NaN,NaN,NaN,NaN,NaN
NaN,NaN,NaN,NaN,NaN,NaN
NaN,NaN,NaN,NaN,NaN,NaN
NaN,NaN,NaN,NaN,NaN,NaN
NaN,NaN,NaN,NaN,NaN,NaN
NaN,NaN,NaN,NaN,NaN,NaN
NaN,NaN,NaN,NaN,NaN,NaN
NaN,NaN,NaN,NaN,NaN,NaN
NaN,NaN,NaN,NaN,NaN,NaN
NaN,NaN,NaN,NaN,NaN,NaN
NaN,NaN,NaN,NaN,NaN,NaN
NaN,NaN,NaN,NaN,NaN,NaN
NaN,NaN,NaN,NaN,NaN,NaN
NaN,NaN,NaN,NaN,NaN,NaN
NaN,NaN,NaN,NaN,NaN,NaN
NaN,NaN,NaN,NaN,NaN,NaN
NaN,NaN,NaN,NaN,NaN,NaN
NaN,NaN,NaN,NaN,NaN,NaN
NaN,NaN,NaN,NaN,NaN,NaN
NaN,NaN,NaN,NaN,NaN,NaN
NaN,NaN,NaN,NaN,NaN,NaN
NaN,NaN,NaN,NaN,NaN,NaN
NaN,NaN,NaN,NaN,NaN,NaN
NaN,NaN,NaN,NaN,NaN,NaN
NaN,NaN,NaN,NaN,NaN,NaN
NaN,NaN,NaN,NaN,NaN,NaN
NaN,NaN,NaN,NaN,NaN,NaN
NaN,NaN,NaN,NaN,NaN,NaN
NaN,NaN,NaN,NaN,NaN,NaN
NaN,NaN,NaN,NaN,NaN,NaN
NaN,NaN,NaN,NaN,NaN,NaN
NaN,NaN,NaN,NaN,NaN,NaN
NaN,NaN,NaN,NaN,NaN,NaN
NaN,NaN,NaN,NaN,NaN,NaN
NaN,NaN,NaN,NaN,NaN,NaN
NaN,NaN,NaN,NaN,NaN,NaN
NaN,NaN,NaN,NaN,NaN,NaN
NaN,NaN,NaN,NaN,NaN,NaN
NaN,NaN,NaN,NaN,NaN,NaN
NaN,NaN,NaN,NaN,NaN,NaN
NaN,NaN,NaN,NaN,NaN,NaN
NaN,NaN,NaN,NaN,NaN,NaN
NaN,NaN,NaN,NaN,NaN,NaN
NaN,NaN,NaN,NaN,NaN,NaN
NaN,NaN,NaN,NaN,NaN,NaN
NaN,NaN,NaN,NaN,NaN,NaN
NaN,NaN,NaN,NaN,NaN,NaN
NaN,NaN,NaN,NaN,NaN,NaN
NaN,NaN,NaN,NaN,NaN,NaN
NaN,NaN,NaN,NaN,NaN,NaN
NaN,NaN,NaN,NaN,NaN,NaN
NaN,NaN,NaN,NaN,NaN,NaN
NaN,NaN,NaN,NaN,NaN,NaN
NaN,NaN,NaN,NaN,NaN,NaN
NaN,NaN,NaN,NaN,NaN,NaN
NaN,NaN,NaN,NaN,NaN,NaN
NaN,NaN,NaN,NaN,NaN,NaN
NaN,NaN,NaN,NaN,NaN,NaN
NaN,NaN,NaN,NaN,NaN,NaN
NaN,NaN,NaN,NaN,NaN,NaN
NaN,NaN,NaN,NaN,NaN,NaN
NaN,NaN,NaN,NaN,NaN,NaN
NaN,NaN,NaN,NaN,NaN,NaN
NaN,NaN,NaN,NaN,NaN,NaN
NaN,NaN,NaN,NaN,NaN,NaN
NaN,NaN,NaN,NaN,NaN,NaN
NaN,NaN,NaN,NaN,NaN,NaN
NaN,NaN,NaN,NaN,NaN,NaN
NaN,NaN,NaN,NaN,NaN,NaN
NaN,NaN,NaN,NaN,NaN,NaN
NaN,NaN,NaN,NaN,NaN,NaN
NaN,NaN,NaN,NaN,NaN,NaN
NaN,NaN,NaN,NaN,NaN,NaN
NaN,NaN,NaN,NaN,NaN,NaN
NaN,NaN,NaN,NaN,NaN,NaN
NaN,NaN,NaN,NaN,NaN,NaN
NaN,NaN,NaN,NaN,NaN,NaN
NaN,NaN,NaN,NaN,NaN,NaN
NaN,NaN,NaN,NaN,NaN,NaN
NaN,NaN,NaN,NaN,NaN,NaN
NaN,NaN,NaN,NaN,NaN,NaN
NaN,NaN,NaN,NaN,NaN,NaN
NaN,NaN,NaN,NaN,NaN,NaN
NaN,NaN,NaN,NaN,NaN,NaN
NaN,NaN,NaN,NaN,NaN,NaN
NaN,NaN,NaN,NaN,NaN,NaN
NaN,NaN,NaN,NaN,NaN,NaN
NaN,NaN,NaN,NaN,NaN,NaN
NaN,NaN,NaN,NaN,NaN,NaN
NaN,NaN,NaN,NaN,NaN,NaN
NaN,NaN,NaN,NaN,NaN,NaN
NaN,NaN,NaN,NaN,NaN,NaN
NaN,NaN,NaN,NaN,NaN,NaN
NaN,NaN,NaN,NaN,NaN,NaN
NaN,NaN,NaN,NaN,NaN,NaN
NaN,NaN,NaN,NaN,NaN,NaN
NaN,NaN,NaN,NaN,NaN,NaN
NaN,NaN,NaN,NaN,NaN,NaN
NaN,NaN,NaN,NaN,NaN,NaN
NaN,NaN,NaN,NaN,NaN,NaN
NaN,NaN,NaN,NaN,NaN,NaN
NaN,NaN,NaN,NaN,NaN,NaN
NaN,NaN,NaN,NaN,NaN,NaN
NaN,NaN,NaN,NaN,NaN,NaN
NaN,NaN,NaN,NaN,NaN,NaN
NaN,NaN,NaN,NaN,NaN,NaN
NaN,NaN,NaN,NaN,NaN,NaN
NaN,NaN,NaN,NaN,NaN,NaN
NaN,NaN,NaN,NaN,NaN,NaN
NaN,NaN,NaN,NaN,NaN,NaN
NaN,NaN,NaN,NaN,NaN,NaN
NaN,NaN,NaN,NaN,NaN,NaN
NaN,NaN,NaN,NaN,NaN,NaN
NaN,NaN,NaN,NaN,NaN,NaN
NaN,NaN,NaN,NaN,NaN,NaN
NaN,NaN,NaN,NaN,NaN,NaN
NaN,NaN,NaN,NaN,NaN,NaN
NaN,NaN,NaN,NaN,NaN,NaN
NaN,NaN,NaN,NaN,NaN,NaN
NaN,NaN,NaN,NaN,NaN,NaN
NaN,NaN,NaN,NaN,NaN,NaN
NaN,NaN,NaN,NaN,NaN,NaN
NaN,NaN,NaN,NaN,NaN,NaN
NaN,NaN,NaN,NaN,NaN,NaN
NaN,NaN,NaN,NaN,NaN,NaN
NaN,NaN,NaN,NaN,NaN,NaN
NaN,NaN,NaN,NaN,NaN,NaN
NaN,NaN,NaN,NaN,NaN,NaN
NaN,NaN,NaN,NaN,NaN,NaN
NaN,NaN,NaN,NaN,NaN,NaN
NaN,NaN,NaN,NaN,NaN,NaN
NaN,NaN,NaN,NaN,NaN,NaN
NaN,NaN,NaN,NaN,NaN,NaN
NaN,NaN,NaN,NaN,NaN,NaN
NaN,NaN,NaN,NaN,NaN,NaN
NaN,NaN,NaN,NaN,NaN,NaN
NaN,NaN,NaN,NaN,NaN,NaN
NaN,NaN,NaN,NaN,NaN,NaN
NaN,NaN,NaN,NaN,NaN,NaN
NaN,NaN,NaN,NaN,NaN,NaN
NaN,NaN,NaN,NaN,NaN,NaN
NaN,NaN,NaN,NaN,NaN,NaN
NaN,NaN,NaN,NaN,NaN,NaN
NaN,NaN,NaN,NaN,NaN,NaN
NaN,NaN,NaN,NaN,NaN,NaN
NaN,NaN,NaN,NaN,NaN,NaN
NaN,NaN,NaN,NaN,NaN,NaN
NaN,NaN,NaN,NaN,NaN,NaN
NaN,NaN,NaN,NaN,NaN,NaN
NaN,NaN,NaN,NaN,NaN,NaN
NaN,NaN,NaN,NaN,NaN,NaN
NaN,NaN,NaN,NaN,NaN,NaN
NaN,NaN,NaN,NaN,NaN,NaN
NaN,NaN,NaN,NaN,NaN,NaN
NaN,NaN,NaN,NaN,NaN,NaN
NaN,NaN,NaN,NaN,NaN,NaN
NaN,NaN,NaN,NaN,NaN,NaN
NaN,NaN,NaN,NaN,NaN,NaN
NaN,NaN,NaN,NaN,NaN,NaN
NaN,NaN,NaN,NaN,NaN,NaN
NaN,NaN,NaN,NaN,NaN,NaN
NaN,NaN,NaN,NaN,NaN,NaN
NaN,NaN,NaN,NaN,NaN,NaN
NaN,NaN,NaN,NaN,NaN,NaN
NaN,NaN,NaN,NaN,NaN,NaN
NaN,NaN,NaN,NaN,NaN,NaN
NaN,NaN,NaN,NaN,NaN,NaN
NaN,NaN,NaN,NaN,NaN,NaN
NaN,NaN,NaN,NaN,NaN,NaN
NaN,NaN,NaN,NaN,NaN,NaN
NaN,NaN,NaN,NaN,NaN,NaN
NaN,NaN,NaN,NaN,NaN,NaN
NaN,NaN,NaN,NaN,NaN,NaN
NaN,NaN,NaN,NaN,NaN,NaN
NaN,NaN,NaN,NaN,NaN,NaN
NaN,NaN,NaN,NaN,NaN,NaN
NaN,NaN,NaN,NaN,NaN,NaN
NaN,NaN,NaN,NaN,NaN,NaN
NaN,NaN,NaN,NaN,NaN,NaN
NaN,NaN,NaN,NaN,NaN,NaN
NaN,NaN,NaN,NaN,NaN,NaN
NaN,NaN,NaN,NaN,NaN,NaN
NaN,NaN,NaN,NaN,NaN,NaN
NaN,NaN,NaN,NaN,NaN,NaN
NaN,NaN,NaN,NaN,NaN,NaN
NaN,NaN,NaN,NaN,NaN,NaN
NaN,NaN,NaN,NaN,NaN,NaN
NaN,NaN,NaN,NaN,NaN,NaN
NaN,NaN,NaN,NaN,NaN,NaN
NaN,NaN,NaN,NaN,NaN,NaN
NaN,NaN,NaN,NaN,NaN,NaN
NaN,NaN,NaN,NaN,NaN,NaN
NaN,NaN,NaN,NaN,NaN,NaN
NaN,NaN,NaN,NaN,NaN,NaN
NaN,NaN,NaN,NaN,NaN,NaN
NaN,NaN,NaN,NaN,NaN,NaN
NaN,NaN,NaN,NaN,NaN,NaN
NaN,NaN,NaN,NaN,NaN,NaN
NaN,NaN,NaN,NaN,NaN,NaN
NaN,NaN,NaN,NaN,NaN,NaN
NaN,NaN,NaN,NaN,NaN,NaN
NaN,NaN,NaN,NaN,NaN,NaN
NaN,NaN,NaN,NaN,NaN,NaN
NaN,NaN,NaN,NaN,NaN,NaN
NaN,NaN,NaN,NaN,NaN,NaN
NaN,NaN,NaN,NaN,NaN,NaN
NaN,NaN,NaN,NaN,NaN,NaN
NaN,NaN,NaN,NaN,NaN,NaN
NaN,NaN,NaN,NaN,NaN,NaN
NaN,NaN,NaN,NaN,NaN,NaN
NaN,NaN,NaN,NaN,NaN,NaN
NaN,NaN,NaN,NaN,NaN,NaN
NaN,NaN,NaN,NaN,NaN,NaN
NaN,NaN,NaN,NaN,NaN,NaN
NaN,NaN,NaN,NaN,NaN,NaN
NaN,NaN,NaN,NaN,NaN,NaN
NaN,NaN,NaN,NaN,NaN,NaN
NaN,NaN,NaN,NaN,NaN,NaN
NaN,NaN,NaN,NaN,NaN,NaN
NaN,NaN,NaN,NaN,NaN,NaN
NaN,NaN,NaN,NaN,NaN,NaN
NaN,NaN,NaN,NaN,NaN,NaN
NaN,NaN,NaN,NaN,NaN,NaN
NaN,NaN,NaN,NaN,NaN,NaN
NaN,NaN,NaN,NaN,NaN,NaN
NaN,NaN,NaN,NaN,NaN,NaN
NaN,NaN,NaN,NaN,NaN,NaN
NaN,NaN,NaN,NaN,NaN,NaN
NaN,NaN,NaN,NaN,NaN,NaN
NaN,NaN,NaN,NaN,NaN,NaN
NaN,NaN,NaN,NaN,NaN,NaN
NaN,NaN,NaN,NaN,NaN,NaN
NaN,NaN,NaN,NaN,NaN,NaN
NaN,NaN,NaN,NaN,NaN,NaN
NaN,NaN,NaN,NaN,NaN,NaN
NaN,NaN,NaN,NaN,NaN,NaN
NaN,NaN,NaN,NaN,NaN,NaN
NaN,NaN,NaN,NaN,NaN,NaN
NaN,NaN,NaN,NaN,NaN,NaN
NaN,NaN,NaN,NaN,NaN,NaN
NaN,NaN,NaN,NaN,NaN,NaN
NaN,NaN,NaN,NaN,NaN,NaN
NaN,NaN,NaN,NaN,NaN,NaN
NaN,NaN,NaN,NaN,NaN,NaN
NaN,NaN,NaN,NaN,NaN,NaN
NaN,NaN,NaN,NaN,NaN,NaN
NaN,NaN,NaN,NaN,NaN,NaN
NaN,NaN,NaN,NaN,NaN,NaN
NaN,NaN,NaN,NaN,NaN,NaN
NaN,NaN,NaN,NaN,NaN,NaN
NaN,NaN,NaN,NaN,NaN,NaN
NaN,NaN,NaN,NaN,NaN,NaN
NaN,NaN,NaN,NaN,NaN,NaN
NaN,NaN,NaN,NaN,NaN,NaN
NaN,NaN,NaN,NaN,NaN,NaN
NaN,NaN,NaN,NaN,NaN,NaN
NaN,NaN,NaN,NaN,NaN,NaN
NaN,NaN,NaN,NaN,NaN,NaN
NaN,NaN,NaN,NaN,NaN,NaN
NaN,NaN,NaN,NaN,NaN,NaN
NaN,NaN,NaN,NaN,NaN,NaN
NaN,NaN,NaN,NaN,NaN,NaN
NaN,NaN,NaN,NaN,NaN,NaN
NaN,NaN,NaN,NaN,NaN,NaN
NaN,NaN,NaN,NaN,NaN,NaN
NaN,NaN,NaN,NaN,NaN,NaN
NaN,NaN,NaN,NaN,NaN,NaN
NaN,NaN,NaN,NaN,NaN,NaN
NaN,NaN,NaN,NaN,NaN,NaN
NaN,NaN,NaN,NaN,NaN,NaN
NaN,NaN,NaN,NaN,NaN,NaN
NaN,NaN,NaN,NaN,NaN,NaN
NaN,NaN,NaN,NaN,NaN,NaN
NaN,NaN,NaN,NaN,NaN,NaN
NaN,NaN,NaN,NaN,NaN,NaN
NaN,NaN,NaN,NaN,NaN,NaN
NaN,NaN,NaN,NaN,NaN,NaN
NaN,NaN,NaN,NaN,NaN,NaN
NaN,NaN,NaN,NaN,NaN,NaN
NaN,NaN,NaN,NaN,NaN,NaN
NaN,NaN,NaN,NaN,NaN,NaN
NaN,NaN,NaN,NaN,NaN,NaN
NaN,NaN,NaN,NaN,NaN,NaN
NaN,NaN,NaN,NaN,NaN,NaN
NaN,NaN,NaN,NaN,NaN,NaN
NaN,NaN,NaN,NaN,NaN,NaN
NaN,NaN,NaN,NaN,NaN,NaN
NaN,NaN,NaN,NaN,NaN,NaN
NaN,NaN,NaN,NaN,NaN,NaN
NaN,NaN,NaN,NaN,NaN,NaN
NaN,NaN,NaN,NaN,NaN,NaN
NaN,NaN,NaN,NaN,NaN,NaN
NaN,NaN,NaN,NaN,NaN,NaN
NaN,NaN,NaN,NaN,NaN,NaN
NaN,NaN,NaN,NaN,NaN,NaN
NaN,NaN,NaN,NaN,NaN,NaN
NaN,NaN,NaN,NaN,NaN,NaN
NaN,NaN,NaN,NaN,NaN,NaN
NaN,NaN,NaN,NaN,NaN,NaN
NaN,NaN,NaN,NaN,NaN,NaN
NaN,NaN,NaN,NaN,NaN,NaN
NaN,NaN,NaN,NaN,NaN,NaN
NaN,NaN,NaN,NaN,NaN,NaN
NaN,NaN,NaN,NaN,NaN,NaN
NaN,NaN,NaN,NaN,NaN,NaN
NaN,NaN,NaN,NaN,NaN,NaN
NaN,NaN,NaN,NaN,NaN,NaN
NaN,NaN,NaN,NaN,NaN,NaN
NaN,NaN,NaN,NaN,NaN,NaN
NaN,NaN,NaN,NaN,NaN,NaN
NaN,NaN,NaN,NaN,NaN,NaN
NaN,NaN,NaN,NaN,NaN,NaN
NaN,NaN,NaN,NaN,NaN,NaN
NaN,NaN,NaN,NaN,NaN,NaN
NaN,NaN,NaN,NaN,NaN,NaN
NaN,NaN,NaN,NaN,NaN,NaN
NaN,NaN,NaN,NaN,NaN,NaN
NaN,NaN,NaN,NaN,NaN,NaN
NaN,NaN,NaN,NaN,NaN,NaN
NaN,NaN,NaN,NaN,NaN,NaN
NaN,NaN,NaN,NaN,NaN,NaN
NaN,NaN,NaN,NaN,NaN,NaN
NaN,NaN,NaN,NaN,NaN,NaN
NaN,NaN,NaN,NaN,NaN,NaN
NaN,NaN,NaN,NaN,NaN,NaN
NaN,NaN,NaN,NaN,NaN,NaN
NaN,NaN,NaN,NaN,NaN,NaN
NaN,NaN,NaN,NaN,NaN,NaN
NaN,NaN,NaN,NaN,NaN,NaN
NaN,NaN,NaN,NaN,NaN,NaN
NaN,NaN,NaN,NaN,NaN,NaN
NaN,NaN,NaN,NaN,NaN,NaN
NaN,NaN,NaN,NaN,NaN,NaN
NaN,NaN,NaN,NaN,NaN,NaN
NaN,NaN,NaN,NaN,NaN,NaN
NaN,NaN,NaN,NaN,NaN,NaN
NaN,NaN,NaN,NaN,NaN,NaN
NaN,NaN,NaN,NaN,NaN,NaN
NaN,NaN,NaN,NaN,NaN,NaN
NaN,NaN,NaN,NaN,NaN,NaN
NaN,NaN,NaN,NaN,NaN,NaN
NaN,NaN,NaN,NaN,NaN,NaN
NaN,NaN,NaN,NaN,NaN,NaN
NaN,NaN,NaN,NaN,NaN,NaN
NaN,NaN,NaN,NaN,NaN,NaN
NaN,NaN,NaN,NaN,NaN,NaN
NaN,NaN,NaN,NaN,NaN,NaN
NaN,NaN,NaN,NaN,NaN,NaN
NaN,NaN,NaN,NaN,NaN,NaN
NaN,NaN,NaN,NaN,NaN,NaN
NaN,NaN,NaN,NaN,NaN,NaN
NaN,NaN,NaN,NaN,NaN,NaN
NaN,NaN,NaN,NaN,NaN,NaN
NaN,NaN,NaN,NaN,NaN,NaN
NaN,NaN,NaN,NaN,NaN,NaN
NaN,NaN,NaN,NaN,NaN,NaN
NaN,NaN,NaN,NaN,NaN,NaN
NaN,NaN,NaN,NaN,NaN,NaN
NaN,NaN,NaN,NaN,NaN,NaN
NaN,NaN,NaN,NaN,NaN,NaN
NaN,NaN,NaN,NaN,NaN,NaN
NaN,NaN,NaN,NaN,NaN,NaN
NaN,NaN,NaN,NaN,NaN,NaN
NaN,NaN,NaN,NaN,NaN,NaN
NaN,NaN,NaN,NaN,NaN,NaN
NaN,NaN,NaN,NaN,NaN,NaN
NaN,NaN,NaN,NaN,NaN,NaN
NaN,NaN,NaN,NaN,NaN,NaN
NaN,NaN,NaN,NaN,NaN,NaN
NaN,NaN,NaN,NaN,NaN,NaN
NaN,NaN,NaN,NaN,NaN,NaN
NaN,NaN,NaN,NaN,NaN,NaN
NaN,NaN,NaN,NaN,NaN,NaN
NaN,NaN,NaN,NaN,NaN,NaN
NaN,NaN,NaN,NaN,NaN,NaN
NaN,NaN,NaN,NaN,NaN,NaN
NaN,NaN,NaN,NaN,NaN,NaN
NaN,NaN,NaN,NaN,NaN,NaN
NaN,NaN,NaN,NaN,NaN,NaN
NaN,NaN,NaN,NaN,NaN,NaN
NaN,NaN,NaN,NaN,NaN,NaN
NaN,NaN,NaN,NaN,NaN,NaN
NaN,NaN,NaN,NaN,NaN,NaN
NaN,NaN,NaN,NaN,NaN,NaN
NaN,NaN,NaN,NaN,NaN,NaN
NaN,NaN,NaN,NaN,NaN,NaN
NaN,NaN,NaN,NaN,NaN,NaN
NaN,NaN,NaN,NaN,NaN,NaN
NaN,NaN,NaN,NaN,NaN,NaN
NaN,NaN,NaN,NaN,NaN,NaN
NaN,NaN,NaN,NaN,NaN,NaN
NaN,NaN,NaN,NaN,NaN,NaN
NaN,NaN,NaN,NaN,NaN,NaN
NaN,NaN,NaN,NaN,NaN,NaN
NaN,NaN,NaN,NaN,NaN,NaN
NaN,NaN,NaN,NaN,NaN,NaN
NaN,NaN,NaN,NaN,NaN,NaN
NaN,NaN,NaN,NaN,NaN,NaN
NaN,NaN,NaN,NaN,NaN,NaN
NaN,NaN,NaN,NaN,NaN,NaN
NaN,NaN,NaN,NaN,NaN,NaN
NaN,NaN,NaN,NaN,NaN,NaN
NaN,NaN,NaN,NaN,NaN,NaN
NaN,NaN,NaN,NaN,NaN,NaN
NaN,NaN,NaN,NaN,NaN,NaN
NaN,NaN,NaN,NaN,NaN,NaN
NaN,NaN,NaN,NaN,NaN,NaN
NaN,NaN,NaN,NaN,NaN,NaN
NaN,NaN,NaN,NaN,NaN,NaN
NaN,NaN,NaN,NaN,NaN,NaN
NaN,NaN,NaN,NaN,NaN,NaN
NaN,NaN,NaN,NaN,NaN,NaN
NaN,NaN,NaN,NaN,NaN,NaN
NaN,NaN,NaN,NaN,NaN,NaN
NaN,NaN,NaN,NaN,NaN,NaN
NaN,NaN,NaN,NaN,NaN,NaN
NaN,NaN,NaN,NaN,NaN,NaN
NaN,NaN,NaN,NaN,NaN,NaN
NaN,NaN,NaN,NaN,NaN,NaN
NaN,NaN,NaN,NaN,NaN,NaN
NaN,NaN,NaN,NaN,NaN,NaN
NaN,NaN,NaN,NaN,NaN,NaN
NaN,NaN,NaN,NaN,NaN,NaN
NaN,NaN,NaN,NaN,NaN,NaN
NaN,NaN,NaN,NaN,NaN,NaN
NaN,NaN,NaN,NaN,NaN,NaN
NaN,NaN,NaN,NaN,NaN,NaN
NaN,NaN,NaN,NaN,NaN,NaN
NaN,NaN,NaN,NaN,NaN,NaN
NaN,NaN,NaN,NaN,NaN,NaN
NaN,NaN,NaN,NaN,NaN,NaN
NaN,NaN,NaN,NaN,NaN,NaN
NaN,NaN,NaN,NaN,NaN,NaN
NaN,NaN,NaN,NaN,NaN,NaN
NaN,NaN,NaN,NaN,NaN,NaN
NaN,NaN,NaN,NaN,NaN,NaN
NaN,NaN,NaN,NaN,NaN,NaN
NaN,NaN,NaN,NaN,NaN,NaN
NaN,NaN,NaN,NaN,NaN,NaN
NaN,NaN,NaN,NaN,NaN,NaN
NaN,NaN,NaN,NaN,NaN,NaN
NaN,NaN,NaN,NaN,NaN,NaN
NaN,NaN,NaN,NaN,NaN,NaN
NaN,NaN,NaN,NaN,NaN,NaN
NaN,NaN,NaN,NaN,NaN,NaN
NaN,NaN,NaN,NaN,NaN,NaN
NaN,NaN,NaN,NaN,NaN,NaN
NaN,NaN,NaN,NaN,NaN,NaN
NaN,NaN,NaN,NaN,NaN,NaN
NaN,NaN,NaN,NaN,NaN,NaN
NaN,NaN,NaN,NaN,NaN,NaN
NaN,NaN,NaN,NaN,NaN,NaN
NaN,NaN,NaN,NaN,NaN,NaN
NaN,NaN,NaN,NaN,NaN,NaN
NaN,NaN,NaN,NaN,NaN,NaN
NaN,NaN,NaN,NaN,NaN,NaN
NaN,NaN,NaN,NaN,NaN,NaN
NaN,NaN,NaN,NaN,NaN,NaN
NaN,NaN,NaN,NaN,NaN,NaN
NaN,NaN,NaN,NaN,NaN,NaN
NaN,NaN,NaN,NaN,NaN,NaN
NaN,NaN,NaN,NaN,NaN,NaN
NaN,NaN,NaN,NaN,NaN,NaN
NaN,NaN,NaN,NaN,NaN,NaN
NaN,NaN,NaN,NaN,NaN,NaN
NaN,NaN,NaN,NaN,NaN,NaN
NaN,NaN,NaN,NaN,NaN,NaN
NaN,NaN,NaN,NaN,NaN,NaN
NaN,NaN,NaN,NaN,NaN,NaN
NaN,NaN,NaN,NaN,NaN,NaN
NaN,NaN,NaN,NaN,NaN,NaN
NaN,NaN,NaN,NaN,NaN,NaN
NaN,NaN,NaN,NaN,NaN,NaN
NaN,NaN,NaN,NaN,NaN,NaN
NaN,NaN,NaN,NaN,NaN,NaN
NaN,NaN,NaN,NaN,NaN,NaN
NaN,NaN,NaN,NaN,NaN,NaN
NaN,NaN,NaN,NaN,NaN,NaN
NaN,NaN,NaN,NaN,NaN,NaN
NaN,NaN,NaN,NaN,NaN,NaN
NaN,NaN,NaN,NaN,NaN,NaN
NaN,NaN,NaN,NaN,NaN,NaN
NaN,NaN,NaN,NaN,NaN,NaN
NaN,NaN,NaN,NaN,NaN,NaN
NaN,NaN,NaN,NaN,NaN,NaN
NaN,NaN,NaN,NaN,NaN,NaN
NaN,NaN,NaN,NaN,NaN,NaN
NaN,NaN,NaN,NaN,NaN,NaN
NaN,NaN,NaN,NaN,NaN,NaN
NaN,NaN,NaN,NaN,NaN,NaN
NaN,NaN,NaN,NaN,NaN,NaN
NaN,NaN,NaN,NaN,NaN,NaN
NaN,NaN,NaN,NaN,NaN,NaN
NaN,NaN,NaN,NaN,NaN,NaN
NaN,NaN,NaN,NaN,NaN,NaN
NaN,NaN,NaN,NaN,NaN,NaN
NaN,NaN,NaN,NaN,NaN,NaN
NaN,NaN,NaN,NaN,NaN,NaN
NaN,NaN,NaN,NaN,NaN,NaN
NaN,NaN,NaN,NaN,NaN,NaN
NaN,NaN,NaN,NaN,NaN,NaN
NaN,NaN,NaN,NaN,NaN,NaN
NaN,NaN,NaN,NaN,NaN,NaN
NaN,NaN,NaN,NaN,NaN,NaN
NaN,NaN,NaN,NaN,NaN,NaN
NaN,NaN,NaN,NaN,NaN,NaN
NaN,NaN,NaN,NaN,NaN,NaN
NaN,NaN,NaN,NaN,NaN,NaN
NaN,NaN,NaN,NaN,NaN,NaN
NaN,NaN,NaN,NaN,NaN,NaN
NaN,NaN,NaN,NaN,NaN,NaN
NaN,NaN,NaN,NaN,NaN,NaN
NaN,NaN,NaN,NaN,NaN,NaN
NaN,NaN,NaN,NaN,NaN,NaN
NaN,NaN,NaN,NaN,NaN,NaN
NaN,NaN,NaN,NaN,NaN,NaN
NaN,NaN,NaN,NaN,NaN,NaN
NaN,NaN,NaN,NaN,NaN,NaN
NaN,NaN,NaN,NaN,NaN,NaN
NaN,NaN,NaN,NaN,NaN,NaN
