pt1_cam1_X,pt1_cam1_Y,pt2_cam1_X,pt2_cam1_Y,pt3_cam1_X,pt3_cam1_Y
NaN,NaN,NaN,NaN,NaN,NaN
NaN,NaN,NaN,NaN,NaN,NaN
NaN,NaN,NaN,NaN,NaN,NaN
NaN,NaN,NaN,NaN,NaN,NaN
NaN,NaN,NaN,NaN,NaN,NaN
NaN,NaN,NaN,NaN,NaN,NaN
NaN,NaN,NaN,NaN,NaN,NaN
NaN,NaN,NaN,NaN,NaN,NaN
NaN,NaN,NaN,NaN,NaN,NaN
NaN,NaN,NaN,NaN,NaN,NaN
NaN,NaN,NaN,NaN,NaN,NaN
NaN,NaN,NaN,NaN,NaN,NaN
NaN,NaN,NaN,NaN,NaN,NaN
NaN,NaN,NaN,NaN,NaN,NaN
NaN,NaN,NaN,NaN,NaN,NaN
NaN,NaN,NaN,NaN,NaN,NaN
NaN,NaN,NaN,NaN,NaN,NaN
NaN,NaN,NaN,NaN,NaN,NaN
NaN,NaN,NaN,NaN,NaN,NaN
NaN,NaN,NaN,NaN,NaN,NaN
NaN,NaN,NaN,NaN,NaN,NaN
NaN,NaN,NaN,NaN,NaN,NaN
NaN,NaN,NaN,NaN,NaN,NaN
NaN,NaN,NaN,NaN,NaN,NaN
NaN,NaN,NaN,NaN,NaN,NaN
NaN,NaN,NaN,NaN,NaN,NaN
NaN,NaN,NaN,NaN,NaN,NaN
NaN,NaN,NaN,NaN,NaN,NaN
NaN,NaN,NaN,NaN,NaN,NaN
NaN,NaN,NaN,NaN,NaN,NaN
NaN,NaN,NaN,NaN,NaN,NaN
NaN,NaN,NaN,NaN,NaN,NaN
NaN,NaN,NaN,NaN,NaN,NaN
NaN,NaN,NaN,NaN,NaN,NaN
NaN,NaN,NaN,NaN,NaN,NaN
NaN,NaN,NaN,NaN,NaN,NaN
NaN,NaN,NaN,NaN,NaN,NaN
NaN,NaN,NaN,NaN,NaN,NaN
NaN,NaN,NaN,NaN,NaN,NaN
NaN,NaN,NaN,NaN,NaN,NaN
NaN,NaN,NaN,NaN,NaN,NaN
NaN,NaN,NaN,NaN,NaN,NaN
NaN,NaN,NaN,NaN,NaN,NaN
NaN,NaN,NaN,NaN,NaN,NaN
NaN,NaN,NaN,NaN,NaN,NaN
NaN,NaN,NaN,NaN,NaN,NaN
NaN,NaN,NaN,NaN,NaN,NaN
NaN,NaN,NaN,NaN,NaN,NaN
NaN,NaN,NaN,NaN,NaN,NaN
NaN,NaN,NaN,NaN,NaN,NaN
NaN,NaN,NaN,NaN,NaN,NaN
NaN,NaN,NaN,NaN,NaN,NaN
NaN,NaN,NaN,NaN,NaN,NaN
NaN,NaN,NaN,NaN,NaN,NaN
NaN,NaN,NaN,NaN,NaN,NaN
NaN,NaN,NaN,NaN,NaN,NaN
NaN,NaN,NaN,NaN,NaN,NaN
NaN,NaN,NaN,NaN,NaN,NaN
NaN,NaN,NaN,NaN,NaN,NaN
NaN,NaN,NaN,NaN,NaN,NaN
NaN,NaN,NaN,NaN,NaN,NaN
NaN,NaN,NaN,NaN,NaN,NaN
NaN,NaN,NaN,NaN,NaN,NaN
NaN,NaN,NaN,NaN,NaN,NaN
NaN,NaN,NaN,NaN,NaN,NaN
NaN,NaN,NaN,NaN,NaN,NaN
NaN,NaN,NaN,NaN,NaN,NaN
NaN,NaN,NaN,NaN,NaN,NaN
NaN,NaN,NaN,NaN,NaN,NaN
NaN,NaN,NaN,NaN,NaN,NaN
NaN,NaN,NaN,NaN,NaN,NaN
NaN,NaN,NaN,NaN,NaN,NaN
NaN,NaN,NaN,NaN,NaN,NaN
NaN,NaN,NaN,NaN,NaN,NaN
NaN,NaN,NaN,NaN,NaN,NaN
NaN,NaN,NaN,NaN,NaN,NaN
NaN,NaN,NaN,NaN,NaN,NaN
NaN,NaN,NaN,NaN,NaN,NaN
NaN,NaN,NaN,NaN,NaN,NaN
NaN,NaN,NaN,NaN,NaN,NaN
NaN,NaN,NaN,NaN,NaN,NaN
NaN,NaN,NaN,NaN,NaN,NaN
NaN,NaN,NaN,NaN,NaN,NaN
NaN,NaN,NaN,NaN,NaN,NaN
NaN,NaN,NaN,NaN,NaN,NaN
NaN,NaN,NaN,NaN,NaN,NaN
NaN,NaN,NaN,NaN,NaN,NaN
NaN,NaN,NaN,NaN,NaN,NaN
NaN,NaN,NaN,NaN,NaN,NaN
NaN,NaN,NaN,NaN,NaN,NaN
NaN,NaN,NaN,NaN,NaN,NaN
NaN,NaN,NaN,NaN,NaN,NaN
NaN,NaN,NaN,NaN,NaN,NaN
NaN,NaN,NaN,NaN,NaN,NaN
NaN,NaN,NaN,NaN,NaN,NaN
NaN,NaN,NaN,NaN,NaN,NaN
NaN,NaN,NaN,NaN,NaN,NaN
NaN,NaN,NaN,NaN,NaN,NaN
NaN,NaN,NaN,NaN,NaN,NaN
NaN,NaN,NaN,NaN,NaN,NaN
NaN,NaN,NaN,NaN,NaN,NaN
NaN,NaN,NaN,NaN,NaN,NaN
NaN,NaN,NaN,NaN,NaN,NaN
NaN,NaN,NaN,NaN,NaN,NaN
NaN,NaN,NaN,NaN,NaN,NaN
NaN,NaN,NaN,NaN,NaN,NaN
NaN,NaN,NaN,NaN,NaN,NaN
NaN,NaN,NaN,NaN,NaN,NaN
NaN,NaN,NaN,NaN,NaN,NaN
NaN,NaN,NaN,NaN,NaN,NaN
NaN,NaN,NaN,NaN,NaN,NaN
NaN,NaN,NaN,NaN,NaN,NaN
NaN,NaN,NaN,NaN,NaN,NaN
NaN,NaN,NaN,NaN,NaN,NaN
NaN,NaN,NaN,NaN,NaN,NaN
NaN,NaN,NaN,NaN,NaN,NaN
NaN,NaN,NaN,NaN,NaN,NaN
NaN,NaN,NaN,NaN,NaN,NaN
NaN,NaN,NaN,NaN,NaN,NaN
NaN,NaN,NaN,NaN,NaN,NaN
NaN,NaN,NaN,NaN,NaN,NaN
NaN,NaN,NaN,NaN,NaN,NaN
NaN,NaN,NaN,NaN,NaN,NaN
NaN,NaN,NaN,NaN,NaN,NaN
NaN,NaN,NaN,NaN,NaN,NaN
NaN,NaN,NaN,NaN,NaN,NaN
NaN,NaN,NaN,NaN,NaN,NaN
NaN,NaN,NaN,NaN,NaN,NaN
NaN,NaN,NaN,NaN,NaN,NaN
NaN,NaN,NaN,NaN,NaN,NaN
NaN,NaN,NaN,NaN,NaN,NaN
NaN,NaN,NaN,NaN,NaN,NaN
NaN,NaN,NaN,NaN,NaN,NaN
NaN,NaN,NaN,NaN,NaN,NaN
NaN,NaN,NaN,NaN,NaN,NaN
NaN,NaN,NaN,NaN,NaN,NaN
NaN,NaN,NaN,NaN,NaN,NaN
NaN,NaN,NaN,NaN,NaN,NaN
NaN,NaN,NaN,NaN,NaN,NaN
NaN,NaN,NaN,NaN,NaN,NaN
NaN,NaN,NaN,NaN,NaN,NaN
NaN,NaN,NaN,NaN,NaN,NaN
NaN,NaN,NaN,NaN,NaN,NaN
NaN,NaN,NaN,NaN,NaN,NaN
NaN,NaN,NaN,NaN,NaN,NaN
NaN,NaN,NaN,NaN,NaN,NaN
NaN,NaN,NaN,NaN,NaN,NaN
NaN,NaN,NaN,NaN,NaN,NaN
NaN,NaN,NaN,NaN,NaN,NaN
NaN,NaN,NaN,NaN,NaN,NaN
NaN,NaN,NaN,NaN,NaN,NaN
NaN,NaN,NaN,NaN,NaN,NaN
NaN,NaN,NaN,NaN,NaN,NaN
NaN,NaN,NaN,NaN,NaN,NaN
NaN,NaN,NaN,NaN,NaN,NaN
NaN,NaN,NaN,NaN,NaN,NaN
NaN,NaN,NaN,NaN,NaN,NaN
NaN,NaN,NaN,NaN,NaN,NaN
NaN,NaN,NaN,NaN,NaN,NaN
NaN,NaN,NaN,NaN,NaN,NaN
NaN,NaN,NaN,NaN,NaN,NaN
NaN,NaN,NaN,NaN,NaN,NaN
NaN,NaN,NaN,NaN,NaN,NaN
NaN,NaN,NaN,NaN,NaN,NaN
NaN,NaN,NaN,NaN,NaN,NaN
NaN,NaN,NaN,NaN,NaN,NaN
NaN,NaN,NaN,NaN,NaN,NaN
NaN,NaN,NaN,NaN,NaN,NaN
NaN,NaN,NaN,NaN,NaN,NaN
NaN,NaN,NaN,NaN,NaN,NaN
NaN,NaN,NaN,NaN,NaN,NaN
NaN,NaN,NaN,NaN,NaN,NaN
NaN,NaN,NaN,NaN,NaN,NaN
NaN,NaN,NaN,NaN,NaN,NaN
NaN,NaN,NaN,NaN,NaN,NaN
NaN,NaN,NaN,NaN,NaN,NaN
NaN,NaN,NaN,NaN,NaN,NaN
NaN,NaN,NaN,NaN,NaN,NaN
NaN,NaN,NaN,NaN,NaN,NaN
NaN,NaN,NaN,NaN,NaN,NaN
NaN,NaN,NaN,NaN,NaN,NaN
NaN,NaN,NaN,NaN,NaN,NaN
NaN,NaN,NaN,NaN,NaN,NaN
NaN,NaN,NaN,NaN,NaN,NaN
NaN,NaN,NaN,NaN,NaN,NaN
NaN,NaN,NaN,NaN,NaN,NaN
NaN,NaN,NaN,NaN,NaN,NaN
NaN,NaN,NaN,NaN,NaN,NaN
NaN,NaN,NaN,NaN,NaN,NaN
NaN,NaN,NaN,NaN,NaN,NaN
NaN,NaN,NaN,NaN,NaN,NaN
NaN,NaN,NaN,NaN,NaN,NaN
NaN,NaN,NaN,NaN,NaN,NaN
NaN,NaN,NaN,NaN,NaN,NaN
NaN,NaN,NaN,NaN,NaN,NaN
NaN,NaN,NaN,NaN,NaN,NaN
NaN,NaN,NaN,NaN,NaN,NaN
NaN,NaN,NaN,NaN,NaN,NaN
NaN,NaN,NaN,NaN,NaN,NaN
NaN,NaN,NaN,NaN,NaN,NaN
NaN,NaN,NaN,NaN,NaN,NaN
NaN,NaN,NaN,NaN,NaN,NaN
NaN,NaN,NaN,NaN,NaN,NaN
NaN,NaN,NaN,NaN,NaN,NaN
NaN,NaN,NaN,NaN,NaN,NaN
NaN,NaN,NaN,NaN,NaN,NaN
NaN,NaN,NaN,NaN,NaN,NaN
NaN,NaN,NaN,NaN,NaN,NaN
NaN,NaN,NaN,NaN,NaN,NaN
NaN,NaN,NaN,NaN,NaN,NaN
NaN,NaN,NaN,NaN,NaN,NaN
NaN,NaN,NaN,NaN,NaN,NaN
NaN,NaN,NaN,NaN,NaN,NaN
NaN,NaN,NaN,NaN,NaN,NaN
NaN,NaN,NaN,NaN,NaN,NaN
NaN,NaN,NaN,NaN,NaN,NaN
NaN,NaN,NaN,NaN,NaN,NaN
NaN,NaN,NaN,NaN,NaN,NaN
NaN,NaN,NaN,NaN,NaN,NaN
NaN,NaN,NaN,NaN,NaN,NaN
NaN,NaN,NaN,NaN,NaN,NaN
NaN,NaN,NaN,NaN,NaN,NaN
NaN,NaN,NaN,NaN,NaN,NaN
NaN,NaN,NaN,NaN,NaN,NaN
NaN,NaN,NaN,NaN,NaN,NaN
NaN,NaN,NaN,NaN,NaN,NaN
NaN,NaN,NaN,NaN,NaN,NaN
NaN,NaN,NaN,NaN,NaN,NaN
NaN,NaN,NaN,NaN,NaN,NaN
NaN,NaN,NaN,NaN,NaN,NaN
NaN,NaN,NaN,NaN,NaN,NaN
NaN,NaN,NaN,NaN,NaN,NaN
NaN,NaN,NaN,NaN,NaN,NaN
NaN,NaN,NaN,NaN,NaN,NaN
NaN,NaN,NaN,NaN,NaN,NaN
NaN,NaN,NaN,NaN,NaN,NaN
NaN,NaN,NaN,NaN,NaN,NaN
NaN,NaN,NaN,NaN,NaN,NaN
NaN,NaN,NaN,NaN,NaN,NaN
NaN,NaN,NaN,NaN,NaN,NaN
NaN,NaN,NaN,NaN,NaN,NaN
NaN,NaN,NaN,NaN,NaN,NaN
NaN,NaN,NaN,NaN,NaN,NaN
NaN,NaN,NaN,NaN,NaN,NaN
NaN,NaN,NaN,NaN,NaN,NaN
NaN,NaN,NaN,NaN,NaN,NaN
NaN,NaN,NaN,NaN,NaN,NaN
NaN,NaN,NaN,NaN,NaN,NaN
NaN,NaN,NaN,NaN,NaN,NaN
NaN,NaN,NaN,NaN,NaN,NaN
NaN,NaN,NaN,NaN,NaN,NaN
NaN,NaN,NaN,NaN,NaN,NaN
NaN,NaN,NaN,NaN,NaN,NaN
NaN,NaN,NaN,NaN,NaN,NaN
NaN,NaN,NaN,NaN,NaN,NaN
NaN,NaN,NaN,NaN,NaN,NaN
NaN,NaN,NaN,NaN,NaN,NaN
NaN,NaN,NaN,NaN,NaN,NaN
NaN,NaN,NaN,NaN,NaN,NaN
NaN,NaN,NaN,NaN,NaN,NaN
NaN,NaN,NaN,NaN,NaN,NaN
NaN,NaN,NaN,NaN,NaN,NaN
NaN,NaN,NaN,NaN,NaN,NaN
NaN,NaN,NaN,NaN,NaN,NaN
NaN,NaN,NaN,NaN,NaN,NaN
NaN,NaN,NaN,NaN,NaN,NaN
NaN,NaN,NaN,NaN,NaN,NaN
NaN,NaN,NaN,NaN,NaN,NaN
NaN,NaN,NaN,NaN,NaN,NaN
NaN,NaN,NaN,NaN,NaN,NaN
NaN,NaN,NaN,NaN,NaN,NaN
NaN,NaN,NaN,NaN,NaN,NaN
NaN,NaN,NaN,NaN,NaN,NaN
NaN,NaN,NaN,NaN,NaN,NaN
NaN,NaN,NaN,NaN,NaN,NaN
NaN,NaN,NaN,NaN,NaN,NaN
NaN,NaN,NaN,NaN,NaN,NaN
NaN,NaN,NaN,NaN,NaN,NaN
NaN,NaN,NaN,NaN,NaN,NaN
NaN,NaN,NaN,NaN,NaN,NaN
NaN,NaN,NaN,NaN,NaN,NaN
NaN,NaN,NaN,NaN,NaN,NaN
NaN,NaN,NaN,NaN,NaN,NaN
NaN,NaN,NaN,NaN,NaN,NaN
NaN,NaN,NaN,NaN,NaN,NaN
NaN,NaN,NaN,NaN,NaN,NaN
NaN,NaN,NaN,NaN,NaN,NaN
NaN,NaN,NaN,NaN,NaN,NaN
NaN,NaN,NaN,NaN,NaN,NaN
NaN,NaN,NaN,NaN,NaN,NaN
NaN,NaN,NaN,NaN,NaN,NaN
NaN,NaN,NaN,NaN,NaN,NaN
NaN,NaN,NaN,NaN,NaN,NaN
NaN,NaN,NaN,NaN,NaN,NaN
NaN,NaN,NaN,NaN,NaN,NaN
NaN,NaN,NaN,NaN,NaN,NaN
NaN,NaN,NaN,NaN,NaN,NaN
NaN,NaN,NaN,NaN,NaN,NaN
NaN,NaN,NaN,NaN,NaN,NaN
NaN,NaN,NaN,NaN,NaN,NaN
NaN,NaN,NaN,NaN,NaN,NaN
NaN,NaN,NaN,NaN,NaN,NaN
NaN,NaN,NaN,NaN,NaN,NaN
NaN,NaN,NaN,NaN,NaN,NaN
NaN,NaN,NaN,NaN,NaN,NaN
NaN,NaN,NaN,NaN,NaN,NaN
NaN,NaN,NaN,NaN,NaN,NaN
NaN,NaN,NaN,NaN,NaN,NaN
NaN,NaN,NaN,NaN,NaN,NaN
NaN,NaN,NaN,NaN,NaN,NaN
NaN,NaN,NaN,NaN,NaN,NaN
NaN,NaN,NaN,NaN,NaN,NaN
NaN,NaN,NaN,NaN,NaN,NaN
NaN,NaN,NaN,NaN,NaN,NaN
NaN,NaN,NaN,NaN,NaN,NaN
NaN,NaN,NaN,NaN,NaN,NaN
NaN,NaN,NaN,NaN,NaN,NaN
NaN,NaN,NaN,NaN,NaN,NaN
NaN,NaN,NaN,NaN,NaN,NaN
NaN,NaN,NaN,NaN,NaN,NaN
NaN,NaN,NaN,NaN,NaN,NaN
NaN,NaN,NaN,NaN,NaN,NaN
NaN,NaN,NaN,NaN,NaN,NaN
NaN,NaN,NaN,NaN,NaN,NaN
NaN,NaN,NaN,NaN,NaN,NaN
NaN,NaN,NaN,NaN,NaN,NaN
NaN,NaN,NaN,NaN,NaN,NaN
NaN,NaN,NaN,NaN,NaN,NaN
NaN,NaN,NaN,NaN,NaN,NaN
NaN,NaN,NaN,NaN,NaN,NaN
NaN,NaN,NaN,NaN,NaN,NaN
NaN,NaN,NaN,NaN,NaN,NaN
NaN,NaN,NaN,NaN,NaN,NaN
NaN,NaN,NaN,NaN,NaN,NaN
NaN,NaN,NaN,NaN,NaN,NaN
NaN,NaN,NaN,NaN,NaN,NaN
NaN,NaN,NaN,NaN,NaN,NaN
NaN,NaN,NaN,NaN,NaN,NaN
NaN,NaN,NaN,NaN,NaN,NaN
NaN,NaN,NaN,NaN,NaN,NaN
NaN,NaN,NaN,NaN,NaN,NaN
NaN,NaN,NaN,NaN,NaN,NaN
NaN,NaN,NaN,NaN,NaN,NaN
NaN,NaN,NaN,NaN,NaN,NaN
NaN,NaN,NaN,NaN,NaN,NaN
NaN,NaN,NaN,NaN,NaN,NaN
NaN,NaN,NaN,NaN,NaN,NaN
NaN,NaN,NaN,NaN,NaN,NaN
NaN,NaN,NaN,NaN,NaN,NaN
NaN,NaN,NaN,NaN,NaN,NaN
NaN,NaN,NaN,NaN,NaN,NaN
NaN,NaN,NaN,NaN,NaN,NaN
NaN,NaN,NaN,NaN,NaN,NaN
NaN,NaN,NaN,NaN,NaN,NaN
NaN,NaN,NaN,NaN,NaN,NaN
NaN,NaN,NaN,NaN,NaN,NaN
NaN,NaN,NaN,NaN,NaN,NaN
NaN,NaN,NaN,NaN,NaN,NaN
NaN,NaN,NaN,NaN,NaN,NaN
NaN,NaN,NaN,NaN,NaN,NaN
NaN,NaN,NaN,NaN,NaN,NaN
NaN,NaN,NaN,NaN,NaN,NaN
NaN,NaN,NaN,NaN,NaN,NaN
NaN,NaN,NaN,NaN,NaN,NaN
NaN,NaN,NaN,NaN,NaN,NaN
NaN,NaN,NaN,NaN,NaN,NaN
NaN,NaN,NaN,NaN,NaN,NaN
NaN,NaN,NaN,NaN,NaN,NaN
NaN,NaN,NaN,NaN,NaN,NaN
NaN,NaN,NaN,NaN,NaN,NaN
NaN,NaN,NaN,NaN,NaN,NaN
NaN,NaN,NaN,NaN,NaN,NaN
NaN,NaN,NaN,NaN,NaN,NaN
NaN,NaN,NaN,NaN,NaN,NaN
NaN,NaN,NaN,NaN,NaN,NaN
NaN,NaN,NaN,NaN,NaN,NaN
NaN,NaN,NaN,NaN,NaN,NaN
NaN,NaN,NaN,NaN,NaN,NaN
NaN,NaN,NaN,NaN,NaN,NaN
NaN,NaN,NaN,NaN,NaN,NaN
NaN,NaN,NaN,NaN,NaN,NaN
NaN,NaN,NaN,NaN,NaN,NaN
NaN,NaN,NaN,NaN,NaN,NaN
NaN,NaN,NaN,NaN,NaN,NaN
NaN,NaN,NaN,NaN,NaN,NaN
NaN,NaN,NaN,NaN,NaN,NaN
NaN,NaN,NaN,NaN,NaN,NaN
NaN,NaN,NaN,NaN,NaN,NaN
NaN,NaN,NaN,NaN,NaN,NaN
NaN,NaN,NaN,NaN,NaN,NaN
NaN,NaN,NaN,NaN,NaN,NaN
NaN,NaN,NaN,NaN,NaN,NaN
NaN,NaN,NaN,NaN,NaN,NaN
NaN,NaN,NaN,NaN,NaN,NaN
NaN,NaN,NaN,NaN,NaN,NaN
NaN,NaN,NaN,NaN,NaN,NaN
NaN,NaN,NaN,NaN,NaN,NaN
NaN,NaN,NaN,NaN,NaN,NaN
NaN,NaN,NaN,NaN,NaN,NaN
NaN,NaN,NaN,NaN,NaN,NaN
NaN,NaN,NaN,NaN,NaN,NaN
NaN,NaN,NaN,NaN,NaN,NaN
NaN,NaN,NaN,NaN,NaN,NaN
NaN,NaN,NaN,NaN,NaN,NaN
NaN,NaN,NaN,NaN,NaN,NaN
NaN,NaN,NaN,NaN,NaN,NaN
NaN,NaN,NaN,NaN,NaN,NaN
NaN,NaN,NaN,NaN,NaN,NaN
NaN,NaN,NaN,NaN,NaN,NaN
NaN,NaN,NaN,NaN,NaN,NaN
NaN,NaN,NaN,NaN,NaN,NaN
NaN,NaN,NaN,NaN,NaN,NaN
NaN,NaN,NaN,NaN,NaN,NaN
NaN,NaN,NaN,NaN,NaN,NaN
NaN,NaN,NaN,NaN,NaN,NaN
NaN,NaN,NaN,NaN,NaN,NaN
NaN,NaN,NaN,NaN,NaN,NaN
NaN,NaN,NaN,NaN,NaN,NaN
NaN,NaN,NaN,NaN,NaN,NaN
NaN,NaN,NaN,NaN,NaN,NaN
NaN,NaN,NaN,NaN,NaN,NaN
NaN,NaN,NaN,NaN,NaN,NaN
NaN,NaN,NaN,NaN,NaN,NaN
NaN,NaN,NaN,NaN,NaN,NaN
NaN,NaN,NaN,NaN,NaN,NaN
NaN,NaN,NaN,NaN,NaN,NaN
NaN,NaN,NaN,NaN,NaN,NaN
NaN,NaN,NaN,NaN,NaN,NaN
NaN,NaN,NaN,NaN,NaN,NaN
NaN,NaN,NaN,NaN,NaN,NaN
NaN,NaN,NaN,NaN,NaN,NaN
NaN,NaN,NaN,NaN,NaN,NaN
NaN,NaN,NaN,NaN,NaN,NaN
NaN,NaN,NaN,NaN,NaN,NaN
NaN,NaN,NaN,NaN,NaN,NaN
NaN,NaN,NaN,NaN,NaN,NaN
NaN,NaN,NaN,NaN,NaN,NaN
NaN,NaN,NaN,NaN,NaN,NaN
NaN,NaN,NaN,NaN,NaN,NaN
NaN,NaN,NaN,NaN,NaN,NaN
NaN,NaN,NaN,NaN,NaN,NaN
NaN,NaN,NaN,NaN,NaN,NaN
NaN,NaN,NaN,NaN,NaN,NaN
NaN,NaN,NaN,NaN,NaN,NaN
NaN,NaN,NaN,NaN,NaN,NaN
NaN,NaN,NaN,NaN,NaN,NaN
NaN,NaN,NaN,NaN,NaN,NaN
NaN,NaN,NaN,NaN,NaN,NaN
NaN,NaN,NaN,NaN,NaN,NaN
NaN,NaN,NaN,NaN,NaN,NaN
NaN,NaN,NaN,NaN,NaN,NaN
NaN,NaN,NaN,NaN,NaN,NaN
NaN,NaN,NaN,NaN,NaN,NaN
NaN,NaN,NaN,NaN,NaN,NaN
NaN,NaN,NaN,NaN,NaN,NaN
NaN,NaN,NaN,NaN,NaN,NaN
NaN,NaN,NaN,NaN,NaN,NaN
NaN,NaN,NaN,NaN,NaN,NaN
NaN,NaN,219.947691,412.530115,NaN,NaN
NaN,NaN,220.000000,412.990000,NaN,NaN
NaN,NaN,220.000000,412.990000,NaN,NaN
NaN,NaN,220.000000,413.000000,NaN,NaN
NaN,NaN,220.000000,412.990000,NaN,NaN
NaN,NaN,219.990000,413.000000,NaN,NaN
NaN,NaN,220.000000,413.010000,NaN,NaN
NaN,NaN,219.980000,413.010000,NaN,NaN
NaN,NaN,219.980000,413.020000,NaN,NaN
NaN,NaN,219.980000,413.010000,NaN,NaN
NaN,NaN,219.990000,413.010000,NaN,NaN
NaN,NaN,219.980000,413.020000,NaN,NaN
NaN,NaN,219.980000,413.020000,NaN,NaN
NaN,NaN,219.980000,413.020000,NaN,NaN
NaN,NaN,219.980000,413.030000,NaN,NaN
NaN,NaN,219.980000,413.030000,NaN,NaN
NaN,NaN,219.980000,413.030000,NaN,NaN
NaN,NaN,219.980000,413.030000,NaN,NaN
NaN,NaN,219.980000,413.020000,NaN,NaN
NaN,NaN,219.980000,413.020000,NaN,NaN
NaN,NaN,219.980000,413.040000,NaN,NaN
NaN,NaN,219.980000,413.040000,NaN,NaN
NaN,NaN,219.960000,413.040000,NaN,NaN
NaN,NaN,219.970000,413.040000,NaN,NaN
NaN,NaN,219.960000,413.040000,NaN,NaN
NaN,NaN,219.960000,413.040000,NaN,NaN
NaN,NaN,219.970000,413.050000,NaN,NaN
NaN,NaN,219.970000,413.050000,NaN,NaN
NaN,NaN,219.970000,413.050000,NaN,NaN
NaN,NaN,219.970000,413.040000,NaN,NaN
NaN,NaN,219.970000,413.050000,NaN,NaN
NaN,NaN,219.970000,413.050000,NaN,NaN
NaN,NaN,219.970000,413.050000,NaN,NaN
NaN,NaN,219.970000,413.050000,NaN,NaN
NaN,NaN,219.970000,413.050000,NaN,NaN
NaN,NaN,219.970000,413.050000,NaN,NaN
NaN,NaN,219.970000,413.060000,NaN,NaN
NaN,NaN,219.960000,413.050000,NaN,NaN
NaN,NaN,219.960000,413.060000,NaN,NaN
NaN,NaN,219.950000,413.050000,NaN,NaN
NaN,NaN,219.950000,413.060000,NaN,NaN
NaN,NaN,219.950000,413.060000,NaN,NaN
NaN,NaN,219.960000,413.060000,NaN,NaN
NaN,NaN,219.960000,413.060000,NaN,NaN
NaN,NaN,219.950000,413.060000,NaN,NaN
NaN,NaN,219.940000,413.070000,NaN,NaN
NaN,NaN,219.950000,413.080000,NaN,NaN
NaN,NaN,219.940000,413.070000,NaN,NaN
NaN,NaN,219.940000,413.080000,NaN,NaN
NaN,NaN,219.940000,413.070000,NaN,NaN
NaN,NaN,219.940000,413.090000,NaN,NaN
NaN,NaN,219.940000,413.090000,NaN,NaN
NaN,NaN,219.950000,413.090000,NaN,NaN
NaN,NaN,219.950000,413.080000,NaN,NaN
NaN,NaN,219.940000,413.080000,NaN,NaN
NaN,NaN,219.940000,413.090000,NaN,NaN
NaN,NaN,219.940000,413.100000,NaN,NaN
NaN,NaN,219.940000,413.090000,NaN,NaN
NaN,NaN,219.930000,413.090000,NaN,NaN
NaN,NaN,219.930000,413.100000,NaN,NaN
NaN,NaN,219.930000,413.100000,NaN,NaN
NaN,NaN,219.930000,413.090000,NaN,NaN
NaN,NaN,219.940000,413.090000,NaN,NaN
NaN,NaN,219.930000,413.090000,NaN,NaN
NaN,NaN,219.930000,413.100000,NaN,NaN
NaN,NaN,219.930000,413.100000,NaN,NaN
NaN,NaN,219.930000,413.100000,NaN,NaN
NaN,NaN,219.930000,413.110000,NaN,NaN
NaN,NaN,219.930000,413.110000,NaN,NaN
NaN,NaN,219.930000,413.120000,NaN,NaN
NaN,NaN,219.920000,413.120000,NaN,NaN
NaN,NaN,219.910000,413.110000,NaN,NaN
NaN,NaN,219.920000,413.110000,NaN,NaN
NaN,NaN,219.920000,413.120000,NaN,NaN
NaN,NaN,219.910000,413.120000,NaN,NaN
NaN,NaN,219.910000,413.120000,NaN,NaN
NaN,NaN,219.920000,413.120000,NaN,NaN
NaN,NaN,219.910000,413.120000,NaN,NaN
NaN,NaN,219.920000,413.130000,NaN,NaN
NaN,NaN,219.910000,413.140000,NaN,NaN
NaN,NaN,219.900000,413.140000,NaN,NaN
NaN,NaN,219.910000,413.140000,NaN,NaN
NaN,NaN,219.920000,413.150000,NaN,NaN
NaN,NaN,219.910000,413.150000,NaN,NaN
NaN,NaN,219.900000,413.160000,NaN,NaN
NaN,NaN,219.920000,413.160000,NaN,NaN
NaN,NaN,219.920000,413.160000,NaN,NaN
NaN,NaN,219.920000,413.160000,NaN,NaN
NaN,NaN,219.910000,413.150000,NaN,NaN
NaN,NaN,219.920000,413.160000,NaN,NaN
NaN,NaN,219.920000,413.160000,NaN,NaN
NaN,NaN,219.910000,413.160000,NaN,NaN
NaN,NaN,219.910000,413.170000,NaN,NaN
NaN,NaN,219.910000,413.180000,NaN,NaN
NaN,NaN,219.920000,413.190000,NaN,NaN
NaN,NaN,219.910000,413.190000,NaN,NaN
NaN,NaN,219.900000,413.190000,NaN,NaN
NaN,NaN,219.910000,413.200000,NaN,NaN
NaN,NaN,219.900000,413.200000,NaN,NaN
NaN,NaN,219.910000,413.210000,NaN,NaN
NaN,NaN,219.910000,413.210000,NaN,NaN
NaN,NaN,219.920000,413.210000,NaN,NaN
NaN,NaN,219.930000,413.210000,NaN,NaN
NaN,NaN,219.930000,413.220000,NaN,NaN
NaN,NaN,219.920000,413.230000,NaN,NaN
NaN,NaN,219.910000,413.230000,NaN,NaN
NaN,NaN,219.910000,413.240000,NaN,NaN
NaN,NaN,219.910000,413.240000,NaN,NaN
NaN,NaN,219.910000,413.250000,NaN,NaN
NaN,NaN,219.910000,413.250000,NaN,NaN
NaN,NaN,219.920000,413.250000,NaN,NaN
NaN,NaN,219.920000,413.260000,NaN,NaN
NaN,NaN,219.900000,413.280000,NaN,NaN
NaN,NaN,219.930000,413.290000,NaN,NaN
NaN,NaN,219.930000,413.290000,NaN,NaN
NaN,NaN,219.920000,413.280000,NaN,NaN
NaN,NaN,219.910000,413.300000,NaN,NaN
NaN,NaN,219.920000,413.290000,NaN,NaN
NaN,NaN,219.930000,413.290000,NaN,NaN
NaN,NaN,219.920000,413.290000,NaN,NaN
NaN,NaN,219.920000,413.310000,NaN,NaN
NaN,NaN,219.930000,413.310000,NaN,NaN
NaN,NaN,219.920000,413.320000,NaN,NaN
NaN,NaN,219.920000,413.360000,NaN,NaN
NaN,NaN,219.920000,413.360000,NaN,NaN
NaN,NaN,219.920000,413.380000,NaN,NaN
NaN,NaN,219.900000,413.380000,NaN,NaN
NaN,NaN,219.910000,413.360000,NaN,NaN
NaN,NaN,219.920000,413.360000,NaN,NaN
NaN,NaN,219.920000,413.380000,NaN,NaN
NaN,NaN,219.920000,413.390000,NaN,NaN
NaN,NaN,219.910000,413.390000,NaN,NaN
NaN,NaN,219.920000,413.390000,NaN,NaN
NaN,NaN,219.920000,413.410000,NaN,NaN
NaN,NaN,219.910000,413.420000,NaN,NaN
NaN,NaN,219.920000,413.420000,NaN,NaN
NaN,NaN,219.930000,413.430000,NaN,NaN
NaN,NaN,219.930000,413.440000,NaN,NaN
NaN,NaN,219.930000,413.440000,NaN,NaN
NaN,NaN,219.930000,413.450000,NaN,NaN
NaN,NaN,219.940000,413.460000,NaN,NaN
NaN,NaN,219.930000,413.480000,NaN,NaN
NaN,NaN,219.930000,413.520000,NaN,NaN
NaN,NaN,219.940000,413.890000,NaN,NaN
NaN,NaN,219.940000,413.900000,NaN,NaN
NaN,NaN,219.940000,413.900000,NaN,NaN
NaN,NaN,219.940000,413.900000,NaN,NaN
NaN,NaN,219.940000,413.900000,NaN,NaN
NaN,NaN,219.940000,413.900000,NaN,NaN
NaN,NaN,219.950000,413.890000,NaN,NaN
NaN,NaN,219.950000,413.900000,NaN,NaN
NaN,NaN,219.960000,413.900000,NaN,NaN
NaN,NaN,219.950000,413.910000,NaN,NaN
NaN,NaN,219.970000,413.910000,NaN,NaN
NaN,NaN,219.970000,413.910000,NaN,NaN
NaN,NaN,219.950000,413.920000,NaN,NaN
NaN,NaN,219.960000,413.920000,NaN,NaN
NaN,NaN,219.970000,413.920000,NaN,NaN
NaN,NaN,219.970000,413.920000,NaN,NaN
NaN,NaN,219.960000,413.920000,NaN,NaN
NaN,NaN,219.960000,413.920000,NaN,NaN
NaN,NaN,219.970000,413.930000,NaN,NaN
NaN,NaN,219.960000,413.920000,NaN,NaN
NaN,NaN,219.970000,413.930000,NaN,NaN
NaN,NaN,219.970000,413.930000,NaN,NaN
NaN,NaN,219.980000,413.940000,NaN,NaN
NaN,NaN,219.980000,413.930000,NaN,NaN
NaN,NaN,219.990000,413.930000,NaN,NaN
NaN,NaN,219.990000,413.940000,NaN,NaN
NaN,NaN,219.990000,413.940000,NaN,NaN
NaN,NaN,220.000000,413.940000,NaN,NaN
NaN,NaN,220.000000,413.950000,NaN,NaN
NaN,NaN,220.020000,413.950000,NaN,NaN
NaN,NaN,220.020000,413.950000,NaN,NaN
NaN,NaN,220.020000,413.950000,NaN,NaN
NaN,NaN,220.030000,413.950000,NaN,NaN
NaN,NaN,220.020000,413.950000,NaN,NaN
NaN,NaN,220.030000,413.950000,NaN,NaN
NaN,NaN,220.020000,413.950000,NaN,NaN
NaN,NaN,220.020000,413.960000,NaN,NaN
NaN,NaN,220.020000,413.960000,NaN,NaN
NaN,NaN,220.020000,413.960000,NaN,NaN
NaN,NaN,220.020000,413.970000,NaN,NaN
NaN,NaN,220.030000,413.960000,NaN,NaN
NaN,NaN,220.040000,413.970000,204.417678,485.154229
NaN,NaN,220.040000,413.970000,204.010000,485.010000
NaN,NaN,220.050000,413.960000,204.000000,485.000000
NaN,NaN,220.060000,413.970000,204.010000,485.030000
NaN,NaN,220.060000,413.970000,204.000000,485.010000
NaN,NaN,220.060000,413.980000,204.010000,485.020000
NaN,NaN,220.070000,413.980000,204.000000,485.020000
NaN,NaN,220.070000,413.980000,204.000000,485.010000
NaN,NaN,220.080000,413.980000,204.000000,485.020000
NaN,NaN,220.070000,413.980000,204.000000,485.020000
NaN,NaN,220.070000,413.970000,204.000000,484.980000
NaN,NaN,220.060000,413.980000,203.990000,485.000000
NaN,NaN,220.060000,413.980000,203.990000,485.010000
NaN,NaN,220.070000,413.980000,204.000000,485.010000
NaN,NaN,220.070000,413.980000,203.990000,485.000000
NaN,NaN,220.080000,414.000000,203.990000,485.000000
NaN,NaN,220.090000,413.990000,203.990000,485.010000
NaN,NaN,220.080000,414.000000,204.000000,485.020000
NaN,NaN,220.080000,413.990000,203.990000,485.020000
NaN,NaN,220.080000,414.000000,204.000000,484.990000
NaN,NaN,220.070000,414.000000,203.990000,485.030000
NaN,NaN,220.080000,414.000000,204.000000,485.020000
NaN,NaN,220.070000,414.000000,204.010000,485.020000
NaN,NaN,220.070000,414.000000,204.000000,485.010000
NaN,NaN,220.080000,414.000000,204.010000,485.010000
NaN,NaN,220.080000,414.010000,203.990000,485.010000
NaN,NaN,220.100000,414.010000,204.000000,485.010000
NaN,NaN,220.090000,414.010000,203.980000,485.010000
NaN,NaN,220.100000,414.010000,203.970000,485.000000
NaN,NaN,220.110000,414.010000,203.980000,485.010000
NaN,NaN,220.120000,414.010000,203.990000,485.020000
NaN,NaN,220.110000,414.010000,203.990000,485.020000
NaN,NaN,220.120000,414.010000,204.000000,485.010000
NaN,NaN,220.120000,414.040000,203.990000,485.020000
NaN,NaN,220.120000,414.040000,203.990000,485.010000
NaN,NaN,220.120000,414.050000,204.000000,485.010000
NaN,NaN,220.140000,414.040000,203.990000,485.000000
NaN,NaN,220.140000,414.050000,204.000000,485.000000
NaN,NaN,220.140000,414.040000,204.010000,485.000000
NaN,NaN,220.130000,414.050000,204.010000,484.990000
NaN,NaN,220.130000,414.050000,203.990000,485.000000
NaN,NaN,220.130000,414.050000,203.990000,485.030000
NaN,NaN,220.140000,414.050000,203.990000,485.000000
NaN,NaN,220.130000,414.050000,204.000000,485.000000
NaN,NaN,220.120000,414.060000,203.990000,485.000000
NaN,NaN,220.130000,414.060000,203.980000,485.000000
NaN,NaN,220.120000,414.050000,203.970000,485.000000
NaN,NaN,220.120000,414.050000,203.980000,485.010000
NaN,NaN,220.150000,414.080000,203.980000,485.000000
NaN,NaN,220.150000,414.070000,203.980000,484.990000
NaN,NaN,220.130000,414.070000,203.980000,485.000000
NaN,NaN,220.140000,414.080000,203.950000,485.000000
NaN,NaN,220.140000,414.090000,203.970000,485.000000
NaN,NaN,220.150000,414.090000,203.980000,485.010000
NaN,NaN,220.130000,414.100000,203.970000,485.000000
NaN,NaN,220.140000,414.090000,203.980000,485.000000
NaN,NaN,220.150000,414.090000,203.980000,485.010000
NaN,NaN,220.160000,414.090000,203.980000,485.000000
NaN,NaN,220.160000,414.100000,203.970000,485.000000
NaN,NaN,220.160000,414.090000,203.970000,484.980000
NaN,NaN,220.160000,414.100000,203.960000,484.970000
NaN,NaN,220.150000,414.120000,203.970000,484.980000
NaN,NaN,220.160000,414.120000,203.990000,484.970000
NaN,NaN,220.150000,414.120000,203.970000,485.020000
NaN,NaN,220.160000,414.140000,203.990000,485.000000
NaN,NaN,220.160000,414.150000,203.960000,485.000000
NaN,NaN,220.160000,414.150000,203.960000,485.000000
NaN,NaN,220.160000,414.140000,203.950000,485.000000
NaN,NaN,220.160000,414.140000,203.970000,485.000000
NaN,NaN,220.160000,414.140000,203.970000,485.000000
NaN,NaN,220.160000,414.160000,203.970000,484.990000
NaN,NaN,220.170000,414.180000,203.960000,485.000000
NaN,NaN,220.170000,414.170000,203.960000,485.010000
NaN,NaN,220.160000,414.190000,203.960000,485.010000
NaN,NaN,220.180000,414.210000,203.970000,484.990000
NaN,NaN,220.170000,414.200000,203.970000,484.980000
NaN,NaN,220.170000,414.210000,203.970000,484.990000
NaN,NaN,220.170000,414.200000,203.970000,485.010000
NaN,NaN,220.190000,414.220000,203.960000,485.010000
NaN,NaN,220.180000,414.220000,203.960000,485.000000
NaN,NaN,220.180000,414.220000,203.970000,485.010000
NaN,NaN,220.180000,414.230000,203.970000,485.010000
NaN,NaN,220.190000,414.220000,203.960000,485.010000
NaN,NaN,220.180000,414.220000,203.950000,485.010000
NaN,NaN,220.180000,414.240000,203.970000,485.010000
NaN,NaN,220.180000,414.270000,203.960000,485.010000
NaN,NaN,220.190000,414.290000,203.970000,485.000000
NaN,NaN,220.190000,414.290000,203.950000,485.010000
NaN,NaN,220.190000,414.290000,203.960000,485.000000
NaN,NaN,220.210000,414.290000,203.960000,485.010000
NaN,NaN,220.200000,414.310000,203.960000,485.010000
NaN,NaN,220.190000,414.310000,203.970000,485.000000
NaN,NaN,220.190000,414.320000,203.970000,485.010000
NaN,NaN,220.200000,414.330000,203.960000,485.010000
NaN,NaN,220.190000,414.340000,203.970000,484.990000
NaN,NaN,220.210000,414.330000,203.950000,485.000000
NaN,NaN,220.200000,414.340000,203.970000,485.010000
NaN,NaN,220.210000,414.340000,203.960000,485.000000
NaN,NaN,220.220000,414.350000,203.960000,485.000000
NaN,NaN,220.210000,414.350000,203.960000,485.010000
NaN,NaN,220.200000,414.350000,203.970000,485.000000
NaN,NaN,220.210000,414.360000,203.980000,485.000000
NaN,NaN,220.210000,414.370000,203.980000,485.000000
NaN,NaN,220.210000,414.380000,203.970000,485.000000
NaN,NaN,220.210000,414.380000,203.980000,485.010000
NaN,NaN,220.210000,414.370000,203.970000,484.990000
NaN,NaN,220.220000,414.380000,203.970000,484.990000
NaN,NaN,220.230000,414.380000,203.970000,485.000000
NaN,NaN,220.240000,414.410000,203.980000,485.000000
NaN,NaN,220.240000,414.410000,203.990000,485.010000
NaN,NaN,220.240000,414.410000,203.970000,485.020000
NaN,NaN,220.230000,414.420000,203.970000,485.010000
NaN,NaN,220.230000,414.410000,203.980000,485.010000
NaN,NaN,220.240000,414.420000,203.990000,485.020000
NaN,NaN,220.240000,414.430000,203.990000,484.990000
NaN,NaN,220.230000,414.430000,203.990000,484.990000
NaN,NaN,220.240000,414.440000,204.000000,484.990000
NaN,NaN,220.230000,414.440000,204.000000,484.990000
NaN,NaN,220.230000,414.450000,204.000000,484.990000
NaN,NaN,220.240000,414.450000,204.010000,484.990000
NaN,NaN,220.250000,414.460000,204.010000,485.000000
NaN,NaN,220.250000,414.470000,204.000000,484.990000
NaN,NaN,220.250000,414.480000,204.000000,484.990000
NaN,NaN,220.230000,414.480000,203.990000,484.980000
NaN,NaN,220.240000,414.520000,203.980000,484.980000
NaN,NaN,220.250000,414.920000,204.000000,484.960000
NaN,NaN,220.250000,414.910000,204.010000,484.990000
NaN,NaN,220.240000,414.920000,204.010000,484.990000
NaN,NaN,220.250000,414.920000,204.010000,484.990000
NaN,NaN,220.250000,414.910000,204.000000,484.960000
NaN,NaN,220.240000,414.910000,204.010000,484.970000
NaN,NaN,220.250000,414.920000,204.000000,484.970000
NaN,NaN,220.260000,414.910000,204.010000,484.970000
NaN,NaN,220.240000,414.920000,204.020000,484.980000
NaN,NaN,220.240000,414.930000,204.010000,484.970000
NaN,NaN,220.240000,414.930000,204.010000,484.970000
NaN,NaN,220.250000,414.930000,204.010000,484.980000
NaN,NaN,220.240000,414.930000,204.020000,484.980000
NaN,NaN,220.250000,414.950000,204.030000,484.990000
NaN,NaN,220.240000,414.950000,204.020000,484.990000
NaN,NaN,220.230000,414.950000,204.030000,484.990000
NaN,NaN,220.240000,414.940000,204.040000,484.980000
NaN,NaN,220.250000,414.940000,204.030000,484.980000
NaN,NaN,220.230000,414.950000,204.040000,484.970000
NaN,NaN,220.230000,414.950000,204.030000,484.970000
NaN,NaN,220.240000,414.950000,204.040000,484.970000
NaN,NaN,220.240000,414.950000,204.010000,484.960000
NaN,NaN,220.230000,414.950000,204.030000,484.980000
NaN,NaN,220.230000,414.950000,204.040000,484.980000
NaN,NaN,220.240000,414.950000,204.040000,484.980000
NaN,NaN,220.230000,414.950000,204.040000,484.980000
NaN,NaN,220.240000,414.950000,204.030000,484.970000
NaN,NaN,220.230000,414.960000,204.040000,484.960000
NaN,NaN,220.250000,414.970000,204.060000,484.960000
NaN,NaN,220.260000,414.970000,204.050000,484.970000
NaN,NaN,220.250000,414.970000,204.060000,484.970000
NaN,NaN,220.260000,414.970000,204.070000,484.970000
NaN,NaN,220.250000,414.960000,204.070000,484.970000
NaN,NaN,220.250000,414.970000,204.070000,484.960000
NaN,NaN,220.240000,414.980000,204.070000,484.960000
NaN,NaN,220.250000,414.980000,204.060000,484.960000
NaN,NaN,220.250000,414.980000,204.050000,484.960000
NaN,NaN,220.250000,414.980000,204.050000,484.970000
NaN,NaN,220.250000,414.980000,204.050000,484.970000
NaN,NaN,220.250000,414.980000,204.060000,484.950000
NaN,NaN,220.230000,414.980000,204.040000,484.960000
NaN,NaN,220.250000,414.980000,204.050000,484.950000
NaN,NaN,220.240000,414.980000,204.060000,484.960000
NaN,NaN,220.230000,414.980000,204.070000,484.980000
NaN,NaN,220.230000,414.980000,204.070000,484.960000
NaN,NaN,220.240000,414.980000,204.080000,484.970000
NaN,NaN,220.240000,414.990000,204.060000,484.970000
NaN,NaN,220.240000,414.990000,204.060000,484.950000
NaN,NaN,220.240000,415.000000,204.070000,484.950000
NaN,NaN,220.250000,415.000000,204.080000,484.950000
NaN,NaN,220.250000,415.000000,204.080000,484.950000
NaN,NaN,220.250000,415.000000,204.090000,484.940000
NaN,NaN,220.260000,415.000000,204.090000,484.940000
NaN,NaN,220.250000,415.010000,204.090000,484.940000
NaN,NaN,220.250000,415.000000,204.100000,484.940000
NaN,NaN,220.240000,415.000000,204.110000,484.930000
NaN,NaN,220.240000,415.000000,204.090000,484.930000
NaN,NaN,220.230000,415.010000,204.090000,484.940000
NaN,NaN,220.240000,415.010000,204.100000,484.940000
NaN,NaN,220.220000,415.020000,204.090000,484.940000
NaN,NaN,220.230000,415.020000,204.090000,484.940000
NaN,NaN,220.220000,415.020000,204.090000,484.940000
NaN,NaN,220.210000,415.020000,204.090000,484.940000
NaN,NaN,220.220000,415.020000,204.110000,484.940000
NaN,NaN,220.230000,415.020000,204.090000,484.940000
NaN,NaN,220.220000,415.020000,204.080000,484.930000
NaN,NaN,220.230000,415.030000,204.090000,484.940000
NaN,NaN,220.220000,415.030000,204.090000,484.920000
NaN,NaN,220.220000,415.030000,204.100000,484.930000
NaN,NaN,220.220000,415.020000,204.090000,484.930000
NaN,NaN,220.210000,415.030000,204.100000,484.930000
NaN,NaN,220.210000,415.030000,204.110000,484.940000
NaN,NaN,220.210000,415.030000,204.110000,484.920000
NaN,NaN,220.200000,415.040000,204.100000,484.920000
NaN,NaN,220.200000,415.040000,204.110000,484.930000
NaN,NaN,220.200000,415.030000,204.110000,484.950000
NaN,NaN,220.210000,415.030000,204.130000,484.930000
NaN,NaN,220.200000,415.040000,204.120000,484.920000
NaN,NaN,220.200000,415.030000,204.100000,484.920000
NaN,NaN,220.200000,415.040000,204.100000,484.910000
NaN,NaN,220.190000,415.040000,204.100000,484.900000
NaN,NaN,220.200000,415.040000,204.100000,484.900000
NaN,NaN,220.200000,415.040000,204.120000,484.900000
NaN,NaN,220.190000,415.040000,204.120000,484.940000
NaN,NaN,220.190000,415.040000,204.120000,484.900000
NaN,NaN,220.190000,415.040000,204.110000,484.910000
NaN,NaN,220.190000,415.030000,204.110000,484.900000
NaN,NaN,220.190000,415.040000,204.120000,484.900000
NaN,NaN,220.180000,415.060000,204.080000,484.910000
NaN,NaN,220.170000,415.060000,204.100000,484.910000
NaN,NaN,220.160000,415.060000,204.090000,484.920000
NaN,NaN,220.160000,415.060000,204.100000,484.900000
NaN,NaN,220.160000,415.070000,204.080000,484.900000
NaN,NaN,220.150000,415.060000,204.110000,484.890000
NaN,NaN,220.160000,415.060000,204.100000,484.900000
NaN,NaN,220.150000,415.060000,204.100000,484.900000
NaN,NaN,220.150000,415.060000,204.090000,484.900000
NaN,NaN,220.160000,415.060000,204.100000,484.910000
NaN,NaN,220.140000,415.060000,204.080000,484.900000
NaN,NaN,220.150000,415.060000,204.090000,484.890000
NaN,NaN,220.150000,415.060000,204.090000,484.890000
NaN,NaN,220.150000,415.060000,204.110000,484.890000
NaN,NaN,220.150000,415.070000,204.110000,484.880000
NaN,NaN,220.150000,415.070000,204.090000,484.880000
NaN,NaN,220.140000,415.070000,204.090000,484.890000
NaN,NaN,220.140000,415.070000,204.080000,484.890000
NaN,NaN,220.130000,415.080000,204.070000,484.900000
NaN,NaN,220.130000,415.080000,204.070000,484.890000
NaN,NaN,220.130000,415.080000,204.080000,484.890000
NaN,NaN,220.130000,415.080000,204.090000,484.890000
NaN,NaN,220.120000,415.080000,204.080000,484.890000
NaN,NaN,220.120000,415.080000,204.080000,484.880000
NaN,NaN,220.110000,415.080000,204.080000,484.870000
NaN,NaN,220.110000,415.080000,204.070000,484.900000
NaN,NaN,220.110000,415.090000,204.060000,484.900000
NaN,NaN,220.100000,415.080000,204.060000,484.890000
NaN,NaN,220.110000,415.090000,204.050000,484.860000
NaN,NaN,220.110000,415.080000,204.070000,484.890000
NaN,NaN,220.130000,415.090000,204.080000,484.870000
NaN,NaN,220.130000,415.080000,204.090000,484.880000
NaN,NaN,220.110000,415.090000,204.080000,484.890000
NaN,NaN,220.100000,415.100000,204.100000,484.890000
NaN,NaN,220.100000,415.100000,204.080000,484.890000
NaN,NaN,220.110000,415.090000,204.080000,484.880000
NaN,NaN,220.100000,415.090000,204.080000,484.880000
NaN,NaN,220.100000,415.100000,204.070000,484.890000
NaN,NaN,220.100000,415.090000,204.100000,484.870000
NaN,NaN,220.100000,415.090000,204.090000,484.880000
NaN,NaN,220.100000,415.090000,204.070000,484.870000
NaN,NaN,220.100000,415.090000,204.070000,484.880000
NaN,NaN,220.090000,415.090000,204.070000,484.880000
NaN,NaN,220.090000,415.090000,204.060000,484.870000
NaN,NaN,220.090000,415.080000,204.060000,484.880000
NaN,NaN,220.100000,415.110000,204.080000,484.870000
NaN,NaN,220.090000,415.090000,204.060000,484.870000
NaN,NaN,220.070000,415.100000,204.070000,484.880000
NaN,NaN,220.050000,415.100000,204.080000,484.870000
NaN,NaN,220.060000,415.100000,204.080000,484.860000
NaN,NaN,220.070000,415.100000,204.080000,484.870000
NaN,NaN,220.070000,415.100000,204.070000,484.850000
NaN,NaN,220.070000,415.100000,204.070000,484.850000
NaN,NaN,220.070000,415.110000,204.060000,484.870000
NaN,NaN,220.070000,415.110000,204.080000,484.830000
NaN,NaN,220.060000,415.100000,204.060000,484.860000
NaN,NaN,220.070000,415.100000,204.060000,484.870000
NaN,NaN,220.070000,415.100000,204.060000,484.860000
NaN,NaN,220.060000,415.110000,204.050000,484.850000
NaN,NaN,220.060000,415.110000,204.060000,484.860000
NaN,NaN,220.060000,415.110000,204.060000,484.870000
NaN,NaN,220.060000,415.110000,204.070000,484.860000
NaN,NaN,220.050000,415.120000,204.060000,484.870000
NaN,NaN,220.050000,415.120000,204.060000,484.850000
NaN,NaN,220.040000,415.120000,204.070000,484.860000
NaN,NaN,220.040000,415.120000,204.070000,484.860000
NaN,NaN,220.040000,415.120000,204.070000,484.880000
NaN,NaN,220.040000,415.110000,204.070000,484.880000
NaN,NaN,220.030000,415.120000,204.060000,484.860000
NaN,NaN,220.030000,415.120000,204.070000,484.860000
NaN,NaN,220.040000,415.120000,204.040000,484.870000
NaN,NaN,220.030000,415.120000,204.040000,484.860000
NaN,NaN,220.030000,415.120000,204.030000,484.870000
NaN,NaN,220.030000,415.120000,204.050000,484.860000
NaN,NaN,220.030000,415.130000,204.050000,484.860000
NaN,NaN,220.030000,415.140000,204.050000,484.870000
NaN,NaN,220.040000,415.130000,204.030000,484.880000
NaN,NaN,220.040000,415.130000,204.040000,484.870000
NaN,NaN,220.030000,415.130000,204.050000,484.870000
NaN,NaN,220.040000,415.130000,204.030000,484.840000
NaN,NaN,220.020000,415.130000,204.040000,484.840000
NaN,NaN,220.020000,415.140000,204.040000,484.850000
NaN,NaN,220.030000,415.130000,204.050000,484.840000
NaN,NaN,220.030000,415.140000,204.060000,484.840000
NaN,NaN,220.030000,415.140000,204.070000,484.830000
NaN,NaN,220.030000,415.140000,204.080000,484.820000
NaN,NaN,220.020000,415.140000,204.080000,484.820000
NaN,NaN,220.030000,415.140000,204.060000,484.820000
NaN,NaN,220.030000,415.140000,204.060000,484.840000
NaN,NaN,220.030000,415.140000,204.060000,484.850000
NaN,NaN,220.030000,415.140000,204.060000,484.860000
NaN,NaN,220.010000,415.140000,204.060000,484.850000
NaN,NaN,220.010000,415.140000,204.050000,484.830000
NaN,NaN,220.000000,415.140000,204.050000,484.860000
NaN,NaN,220.000000,415.140000,204.070000,484.860000
NaN,NaN,220.010000,415.140000,204.040000,484.850000
NaN,NaN,220.000000,415.150000,204.050000,484.860000
NaN,NaN,220.000000,415.150000,204.040000,484.850000
NaN,NaN,219.990000,415.150000,204.020000,484.860000
NaN,NaN,219.990000,415.150000,204.020000,484.870000
NaN,NaN,219.990000,415.160000,204.040000,484.870000
NaN,NaN,219.990000,415.150000,204.050000,484.850000
NaN,NaN,219.990000,415.150000,204.030000,484.870000
NaN,NaN,219.990000,415.170000,204.040000,484.860000
NaN,NaN,219.980000,415.160000,204.040000,484.870000
NaN,NaN,219.990000,415.160000,204.060000,484.860000
NaN,NaN,219.990000,415.150000,204.060000,484.840000
NaN,NaN,220.000000,415.160000,204.070000,484.850000
NaN,NaN,219.990000,415.170000,204.030000,484.830000
NaN,NaN,219.980000,415.160000,204.040000,484.840000
NaN,NaN,219.990000,415.160000,204.040000,484.840000
NaN,NaN,219.980000,415.160000,204.030000,484.840000
NaN,NaN,219.970000,415.160000,204.030000,484.850000
NaN,NaN,219.970000,415.160000,204.020000,484.850000
NaN,NaN,219.980000,415.160000,204.030000,484.860000
NaN,NaN,219.970000,415.160000,204.010000,484.850000
NaN,NaN,219.980000,415.170000,204.020000,484.860000
NaN,NaN,219.980000,415.160000,204.010000,484.840000
NaN,NaN,219.980000,415.160000,204.030000,484.840000
NaN,NaN,219.970000,415.160000,204.040000,484.860000
NaN,NaN,219.970000,415.180000,204.040000,484.860000
NaN,NaN,219.970000,415.180000,204.040000,484.870000
NaN,NaN,219.970000,415.170000,204.030000,484.860000
NaN,NaN,219.970000,415.180000,204.030000,484.860000
NaN,NaN,219.980000,415.180000,204.030000,484.850000
NaN,NaN,219.970000,415.180000,204.030000,484.860000
NaN,NaN,219.970000,415.180000,204.000000,484.850000
NaN,NaN,219.960000,415.180000,203.990000,484.860000
NaN,NaN,219.970000,415.180000,203.980000,484.860000
NaN,NaN,219.960000,415.180000,203.980000,484.860000
NaN,NaN,219.960000,415.180000,204.000000,484.860000
NaN,NaN,219.960000,415.190000,203.990000,484.860000
NaN,NaN,219.960000,415.180000,204.000000,484.840000
NaN,NaN,219.950000,415.190000,204.000000,484.850000
NaN,NaN,219.960000,415.190000,203.990000,484.840000
NaN,NaN,219.930000,415.190000,203.990000,484.850000
NaN,NaN,219.940000,415.200000,203.990000,484.850000
NaN,NaN,219.940000,415.210000,203.990000,484.850000
NaN,NaN,219.940000,415.200000,203.980000,484.850000
NaN,NaN,219.940000,415.200000,203.970000,484.850000
NaN,NaN,219.930000,415.210000,203.990000,484.820000
NaN,NaN,219.930000,415.200000,204.000000,484.850000
NaN,NaN,219.930000,415.210000,203.990000,484.840000
NaN,NaN,219.930000,415.200000,203.990000,484.850000
NaN,NaN,219.920000,415.200000,203.990000,484.860000
NaN,NaN,219.920000,415.210000,203.980000,484.870000
NaN,NaN,219.920000,415.200000,203.980000,484.870000
NaN,NaN,219.920000,415.210000,203.980000,484.880000
NaN,NaN,219.920000,415.220000,203.970000,484.900000
NaN,NaN,219.920000,415.200000,204.000000,484.890000
NaN,NaN,219.930000,415.210000,203.980000,484.890000
NaN,NaN,219.920000,415.210000,203.970000,484.890000
NaN,NaN,219.910000,415.220000,203.980000,484.900000
NaN,NaN,219.910000,415.220000,203.990000,484.890000
NaN,NaN,219.910000,415.220000,203.960000,484.890000
NaN,NaN,219.900000,415.220000,203.950000,484.890000
NaN,NaN,219.900000,415.220000,203.940000,484.880000
NaN,NaN,219.910000,415.210000,203.950000,484.890000
NaN,NaN,219.900000,415.220000,203.970000,484.890000
NaN,NaN,219.910000,415.220000,203.950000,484.880000
NaN,NaN,219.900000,415.220000,203.940000,484.880000
NaN,NaN,219.900000,415.220000,203.940000,484.880000
NaN,NaN,219.890000,415.220000,203.950000,484.880000
NaN,NaN,219.890000,415.220000,203.950000,484.890000
NaN,NaN,219.890000,415.230000,203.930000,484.900000
NaN,NaN,219.910000,415.210000,203.950000,484.900000
NaN,NaN,219.900000,415.220000,203.950000,484.890000
NaN,NaN,219.900000,415.210000,203.940000,484.880000
NaN,NaN,219.890000,415.220000,203.930000,484.880000
NaN,NaN,219.900000,415.230000,203.940000,484.920000
NaN,NaN,219.890000,415.230000,203.960000,484.890000
NaN,NaN,219.880000,415.230000,203.960000,484.920000
NaN,NaN,219.870000,415.220000,203.940000,484.880000
NaN,NaN,219.880000,415.220000,203.940000,484.920000
NaN,NaN,219.880000,415.230000,203.930000,484.900000
NaN,NaN,219.880000,415.240000,203.940000,484.900000
NaN,NaN,219.870000,415.230000,203.940000,484.890000
NaN,NaN,219.860000,415.240000,203.940000,484.890000
NaN,NaN,219.870000,415.230000,203.940000,484.890000
NaN,NaN,219.850000,415.240000,203.930000,484.870000
NaN,NaN,219.850000,415.270000,203.920000,484.880000
NaN,NaN,219.850000,415.270000,203.950000,484.890000
NaN,NaN,219.860000,415.270000,203.940000,484.900000
NaN,NaN,219.840000,415.270000,203.940000,484.910000
NaN,NaN,219.850000,415.260000,203.950000,484.890000
NaN,NaN,219.840000,415.280000,203.950000,484.890000
NaN,NaN,219.830000,415.280000,203.960000,484.910000
NaN,NaN,219.820000,415.280000,203.940000,484.910000
NaN,NaN,219.810000,415.280000,203.940000,484.900000
NaN,NaN,219.800000,415.280000,203.930000,484.890000
NaN,NaN,219.800000,415.280000,203.940000,484.890000
NaN,NaN,219.820000,415.270000,203.960000,484.890000
NaN,NaN,219.820000,415.270000,203.930000,484.880000
NaN,NaN,219.800000,415.280000,203.950000,484.890000
NaN,NaN,219.810000,415.280000,203.950000,484.890000
NaN,NaN,219.810000,415.280000,203.900000,484.890000
NaN,NaN,219.800000,415.290000,203.920000,484.900000
NaN,NaN,219.790000,415.290000,203.910000,484.910000
NaN,NaN,219.790000,415.290000,203.930000,484.910000
NaN,NaN,219.790000,415.290000,203.930000,484.900000
NaN,NaN,219.800000,415.290000,203.930000,484.900000
NaN,NaN,219.800000,415.300000,203.930000,484.900000
NaN,NaN,219.810000,415.290000,203.930000,484.900000
NaN,NaN,219.800000,415.300000,203.900000,484.880000
NaN,NaN,219.800000,415.300000,203.900000,484.890000
NaN,NaN,219.790000,415.300000,203.880000,484.890000
NaN,NaN,219.790000,415.300000,203.900000,484.880000
NaN,NaN,219.790000,415.300000,203.900000,484.900000
NaN,NaN,219.790000,415.310000,203.910000,484.910000
NaN,NaN,219.780000,415.300000,203.910000,484.900000
NaN,NaN,219.790000,415.290000,203.940000,484.870000
NaN,NaN,219.780000,415.280000,203.920000,484.880000
NaN,NaN,219.770000,415.300000,203.910000,484.890000
NaN,NaN,219.770000,415.300000,203.930000,484.880000
NaN,NaN,219.760000,415.300000,203.930000,484.880000
NaN,NaN,219.760000,415.300000,203.940000,484.880000
NaN,NaN,219.760000,415.310000,203.940000,484.880000
NaN,NaN,219.770000,415.310000,203.940000,484.890000
NaN,NaN,219.760000,415.320000,203.940000,484.910000
NaN,NaN,219.760000,415.320000,203.920000,484.890000
NaN,NaN,219.770000,415.310000,203.930000,484.910000
NaN,NaN,219.760000,415.310000,203.930000,484.910000
NaN,NaN,219.760000,415.330000,203.920000,484.900000
NaN,NaN,219.760000,415.340000,203.920000,484.900000
NaN,NaN,219.750000,415.340000,203.940000,484.910000
NaN,NaN,219.750000,415.350000,203.900000,484.880000
NaN,NaN,219.740000,415.340000,203.920000,484.890000
NaN,NaN,219.740000,415.350000,203.910000,484.900000
NaN,NaN,219.750000,415.350000,203.910000,484.900000
NaN,NaN,219.750000,415.350000,203.910000,484.900000
NaN,NaN,219.750000,415.360000,203.920000,484.910000
NaN,NaN,219.750000,415.370000,203.910000,484.910000
NaN,NaN,219.740000,415.370000,203.920000,484.910000
NaN,NaN,219.740000,415.380000,203.890000,484.910000
NaN,NaN,219.730000,415.380000,203.890000,484.900000
NaN,NaN,219.730000,415.390000,203.910000,484.900000
NaN,NaN,219.730000,415.390000,203.910000,484.910000
NaN,NaN,219.730000,415.390000,203.920000,484.910000
NaN,NaN,219.750000,415.380000,203.900000,484.910000
NaN,NaN,219.760000,415.390000,203.890000,484.890000
NaN,NaN,219.750000,415.400000,203.900000,484.890000
NaN,NaN,219.740000,415.400000,203.910000,484.900000
NaN,NaN,219.740000,415.400000,203.910000,484.900000
NaN,NaN,219.730000,415.400000,203.890000,484.900000
NaN,NaN,219.750000,415.400000,203.900000,484.890000
NaN,NaN,219.750000,415.410000,203.900000,484.890000
NaN,NaN,219.760000,415.410000,203.880000,484.880000
NaN,NaN,219.760000,415.420000,203.900000,484.900000
NaN,NaN,219.760000,415.440000,203.910000,484.900000
NaN,NaN,219.750000,415.440000,203.930000,484.920000
NaN,NaN,219.760000,415.440000,203.930000,484.910000
NaN,NaN,219.760000,415.440000,203.920000,484.900000
NaN,NaN,219.750000,415.440000,203.920000,484.900000
NaN,NaN,219.770000,415.440000,203.920000,484.890000
NaN,NaN,219.760000,415.440000,203.910000,484.890000
NaN,NaN,219.790000,415.430000,203.900000,484.890000
NaN,NaN,219.800000,415.430000,203.910000,484.880000
NaN,NaN,219.790000,415.430000,203.930000,484.890000
NaN,NaN,219.810000,415.440000,203.930000,484.890000
NaN,NaN,219.800000,415.440000,203.920000,484.900000
NaN,NaN,219.800000,415.440000,203.920000,484.890000
NaN,NaN,219.800000,415.440000,203.910000,484.890000
NaN,NaN,219.820000,415.460000,203.890000,484.900000
NaN,NaN,219.830000,415.480000,203.920000,484.910000
NaN,NaN,219.830000,415.470000,203.910000,484.900000
NaN,NaN,219.830000,415.470000,203.930000,484.900000
NaN,NaN,219.860000,415.470000,203.920000,484.890000
NaN,NaN,219.850000,415.470000,203.920000,484.910000
NaN,NaN,219.860000,415.460000,203.900000,484.890000
NaN,NaN,219.870000,415.460000,203.910000,484.900000
NaN,NaN,219.890000,415.470000,203.860000,484.900000
NaN,NaN,219.890000,415.460000,203.880000,484.890000
NaN,NaN,219.880000,415.470000,203.880000,484.890000
NaN,NaN,219.880000,415.450000,203.900000,484.890000
NaN,NaN,219.890000,415.470000,203.910000,484.890000
NaN,NaN,219.910000,415.480000,203.900000,484.880000
NaN,NaN,219.910000,415.480000,203.890000,484.890000
NaN,NaN,219.910000,415.490000,203.890000,484.890000
NaN,NaN,219.900000,415.530000,203.890000,484.890000
NaN,NaN,219.890000,415.950000,203.910000,484.890000
NaN,NaN,219.910000,415.950000,203.890000,484.930000
NaN,NaN,219.920000,415.950000,203.880000,484.890000
NaN,NaN,219.920000,415.950000,203.890000,484.910000
NaN,NaN,219.930000,415.950000,203.880000,484.900000
NaN,NaN,219.920000,415.950000,203.880000,484.900000
NaN,NaN,219.940000,415.960000,203.870000,484.900000
NaN,NaN,219.960000,415.950000,203.900000,484.890000
NaN,NaN,219.960000,415.960000,203.890000,484.900000
NaN,NaN,219.970000,415.950000,203.880000,484.910000
NaN,NaN,219.970000,415.960000,203.890000,484.900000
NaN,NaN,219.980000,415.960000,203.900000,484.900000
NaN,NaN,219.990000,415.980000,203.900000,484.900000
NaN,NaN,219.990000,415.970000,203.880000,484.900000
NaN,NaN,219.990000,415.970000,203.870000,484.890000
NaN,NaN,220.000000,415.980000,203.880000,484.890000
NaN,NaN,220.010000,415.970000,203.870000,484.890000
NaN,NaN,220.020000,415.980000,203.900000,484.880000
NaN,NaN,220.030000,415.980000,203.890000,484.900000
NaN,NaN,220.030000,415.980000,203.880000,484.900000
NaN,NaN,220.050000,415.980000,203.910000,484.900000
NaN,NaN,220.070000,415.990000,203.900000,484.890000
NaN,NaN,220.070000,415.990000,203.910000,484.900000
NaN,NaN,220.080000,415.990000,203.900000,484.880000
NaN,NaN,220.090000,416.000000,203.900000,484.890000
NaN,NaN,220.100000,416.000000,203.910000,484.910000
NaN,NaN,220.100000,416.000000,203.900000,484.890000
NaN,NaN,220.110000,416.000000,203.910000,484.900000
NaN,NaN,220.120000,416.000000,203.890000,484.890000
NaN,NaN,220.110000,416.000000,203.880000,484.890000
NaN,NaN,220.130000,415.990000,203.900000,484.890000
NaN,NaN,220.130000,416.000000,203.880000,484.880000
NaN,NaN,220.140000,416.000000,203.880000,484.910000
NaN,NaN,220.140000,416.000000,203.910000,484.920000
NaN,NaN,220.160000,416.010000,203.900000,484.900000
NaN,NaN,220.170000,416.010000,203.890000,484.900000
NaN,NaN,220.190000,416.010000,203.870000,484.880000
NaN,NaN,220.200000,416.010000,203.890000,484.900000
NaN,NaN,220.200000,416.010000,203.890000,484.910000
NaN,NaN,220.220000,416.010000,203.870000,484.900000
NaN,NaN,220.220000,416.010000,203.870000,484.900000
NaN,NaN,220.230000,416.010000,203.870000,484.900000
NaN,NaN,220.250000,416.010000,203.880000,484.900000
NaN,NaN,220.260000,416.010000,203.890000,484.900000
NaN,NaN,220.250000,416.010000,203.890000,484.910000
NaN,NaN,220.270000,416.030000,203.900000,484.920000
NaN,NaN,220.270000,416.020000,203.920000,484.910000
NaN,NaN,220.290000,416.030000,203.920000,484.910000
NaN,NaN,220.310000,416.030000,203.920000,484.920000
NaN,NaN,220.310000,416.030000,203.890000,484.910000
NaN,NaN,220.330000,416.040000,203.910000,484.910000
NaN,NaN,220.370000,416.030000,203.850000,484.900000
NaN,NaN,220.360000,416.040000,203.880000,484.910000
NaN,NaN,220.360000,416.030000,203.870000,484.920000
NaN,NaN,220.390000,416.030000,203.890000,484.930000
NaN,NaN,220.370000,416.030000,203.870000,484.920000
NaN,NaN,220.380000,416.030000,203.860000,484.900000
NaN,NaN,220.410000,416.040000,203.860000,484.910000
NaN,NaN,220.420000,416.040000,203.840000,484.890000
NaN,NaN,220.440000,416.040000,203.860000,484.900000
NaN,NaN,220.460000,416.030000,203.860000,484.910000
NaN,NaN,220.460000,416.030000,203.880000,484.900000
NaN,NaN,220.470000,416.030000,203.880000,484.910000
NaN,NaN,220.510000,416.040000,203.900000,484.900000
NaN,NaN,220.670000,416.030000,203.880000,484.930000
NaN,NaN,220.670000,416.030000,203.870000,484.910000
NaN,NaN,220.740000,416.040000,203.840000,484.920000
NaN,NaN,220.740000,416.040000,203.860000,484.910000
NaN,NaN,220.740000,416.040000,203.850000,484.900000
NaN,NaN,220.750000,416.030000,203.840000,484.900000
NaN,NaN,220.760000,416.040000,203.860000,484.930000
NaN,NaN,220.750000,416.030000,203.850000,484.920000
NaN,NaN,220.770000,416.030000,203.870000,484.920000
NaN,NaN,220.770000,416.030000,203.870000,484.920000
NaN,NaN,220.770000,416.040000,203.870000,484.930000
NaN,NaN,220.780000,416.030000,203.840000,484.930000
NaN,NaN,220.780000,416.030000,203.850000,484.920000
NaN,NaN,220.790000,416.040000,203.830000,484.930000
NaN,NaN,220.810000,416.040000,203.840000,484.930000
NaN,NaN,220.830000,416.040000,203.830000,484.930000
NaN,NaN,220.830000,416.040000,203.860000,484.940000
NaN,NaN,220.820000,416.040000,203.810000,484.940000
NaN,NaN,220.820000,416.040000,203.840000,484.950000
NaN,NaN,220.820000,416.040000,203.800000,484.940000
NaN,NaN,220.830000,416.040000,203.790000,484.920000
NaN,NaN,220.840000,416.030000,203.820000,484.960000
NaN,NaN,220.840000,416.030000,203.770000,484.890000
NaN,NaN,220.840000,416.040000,203.800000,484.960000
NaN,NaN,220.850000,416.040000,203.820000,484.970000
NaN,NaN,220.860000,416.040000,203.830000,484.950000
NaN,NaN,220.860000,416.040000,203.780000,484.950000
NaN,NaN,220.860000,416.040000,203.770000,484.940000
NaN,NaN,220.860000,416.040000,203.790000,484.950000
NaN,NaN,220.860000,416.040000,203.780000,484.940000
NaN,NaN,220.870000,416.040000,203.790000,484.950000
NaN,NaN,220.880000,416.040000,203.790000,484.950000
NaN,NaN,220.890000,416.030000,203.780000,484.990000
NaN,NaN,220.890000,416.030000,203.760000,484.980000
NaN,NaN,220.900000,416.030000,203.770000,484.990000
NaN,NaN,220.900000,416.030000,203.760000,484.980000
NaN,NaN,220.900000,416.040000,203.770000,484.990000
NaN,NaN,220.920000,416.040000,203.760000,484.980000
NaN,NaN,220.920000,416.040000,203.770000,484.990000
NaN,NaN,220.910000,416.030000,203.760000,484.990000
NaN,NaN,220.910000,416.040000,203.790000,485.000000
NaN,NaN,220.930000,416.040000,203.800000,485.000000
NaN,NaN,220.930000,416.040000,203.790000,484.980000
NaN,NaN,220.940000,416.030000,203.780000,484.980000
NaN,NaN,220.940000,416.030000,203.790000,484.990000
NaN,NaN,220.940000,416.030000,203.790000,484.990000
NaN,NaN,220.960000,416.020000,203.780000,485.000000
NaN,NaN,220.950000,416.020000,203.740000,485.000000
NaN,NaN,220.960000,416.030000,203.750000,485.000000
NaN,NaN,220.970000,416.020000,203.760000,485.010000
NaN,NaN,220.970000,416.020000,203.740000,484.990000
NaN,NaN,220.970000,416.030000,203.750000,484.990000
NaN,NaN,220.970000,416.020000,203.740000,484.990000
NaN,NaN,220.980000,416.020000,203.750000,484.990000
NaN,NaN,220.980000,416.020000,203.740000,485.000000
NaN,NaN,220.980000,416.020000,203.750000,485.000000
NaN,NaN,220.980000,416.020000,203.750000,484.990000
NaN,NaN,220.990000,416.020000,203.780000,484.990000
NaN,NaN,220.980000,416.020000,203.750000,485.000000
NaN,NaN,220.980000,416.020000,203.740000,485.010000
NaN,NaN,220.980000,416.020000,203.760000,485.000000
NaN,NaN,220.990000,416.020000,203.740000,485.010000
NaN,NaN,220.990000,416.020000,203.700000,484.990000
NaN,NaN,221.000000,416.020000,203.720000,484.990000
NaN,NaN,221.000000,416.010000,203.720000,484.990000
NaN,NaN,221.000000,416.020000,203.740000,484.990000
NaN,NaN,221.000000,416.020000,203.750000,485.030000
NaN,NaN,221.000000,416.010000,203.770000,485.020000
NaN,NaN,220.990000,416.010000,203.750000,484.980000
NaN,NaN,221.010000,416.010000,203.760000,485.020000
NaN,NaN,221.010000,416.010000,203.760000,485.010000
NaN,NaN,221.010000,416.010000,203.750000,485.000000
NaN,NaN,221.020000,416.010000,203.730000,485.000000
NaN,NaN,221.020000,416.010000,203.760000,485.010000
NaN,NaN,221.020000,416.010000,203.750000,485.000000
NaN,NaN,221.020000,416.000000,203.740000,484.990000
NaN,NaN,221.010000,416.010000,203.750000,484.990000
NaN,NaN,221.000000,416.020000,203.670000,485.000000
NaN,NaN,221.020000,416.010000,203.680000,484.990000
NaN,NaN,221.030000,416.010000,203.710000,484.990000
NaN,NaN,221.030000,416.010000,203.700000,484.990000
NaN,NaN,221.050000,416.010000,203.680000,485.000000
NaN,NaN,221.050000,416.010000,203.700000,485.010000
NaN,NaN,221.040000,416.010000,203.700000,485.010000
NaN,NaN,221.040000,416.010000,203.710000,485.000000
NaN,NaN,221.040000,416.010000,203.700000,485.000000
NaN,NaN,221.040000,416.000000,203.720000,485.000000
NaN,NaN,221.040000,416.000000,203.700000,485.000000
NaN,NaN,221.050000,416.010000,203.700000,485.000000
NaN,NaN,221.060000,416.010000,203.700000,485.000000
NaN,NaN,221.050000,416.010000,203.710000,485.010000
NaN,NaN,221.040000,416.010000,203.700000,485.000000
NaN,NaN,221.040000,416.010000,203.650000,485.000000
NaN,NaN,221.050000,416.020000,203.670000,485.000000
NaN,NaN,221.050000,416.020000,203.700000,485.000000
NaN,NaN,221.040000,416.010000,203.700000,485.010000
NaN,NaN,221.040000,416.010000,203.690000,485.000000
NaN,NaN,221.040000,416.010000,203.710000,485.010000
NaN,NaN,221.040000,416.010000,203.730000,485.010000
NaN,NaN,221.050000,416.010000,203.720000,485.010000
NaN,NaN,221.050000,416.020000,203.720000,484.990000
NaN,NaN,221.050000,416.020000,203.720000,485.000000
NaN,NaN,221.070000,416.010000,203.740000,485.020000
NaN,NaN,221.050000,416.020000,203.700000,485.030000
NaN,NaN,221.050000,416.020000,203.700000,485.030000
NaN,NaN,221.040000,416.010000,203.700000,485.020000
NaN,NaN,221.050000,416.010000,203.720000,485.010000
NaN,NaN,221.070000,416.010000,203.690000,485.000000
NaN,NaN,221.070000,416.010000,203.680000,485.030000
NaN,NaN,221.060000,416.010000,203.680000,485.010000
NaN,NaN,221.070000,416.010000,203.700000,485.020000
NaN,NaN,221.070000,416.010000,203.700000,485.020000
NaN,NaN,221.070000,416.010000,203.700000,485.030000
NaN,NaN,221.060000,416.010000,203.710000,485.030000
NaN,NaN,221.050000,416.010000,203.710000,485.020000
NaN,NaN,221.050000,416.010000,203.710000,485.030000
NaN,NaN,221.060000,416.020000,203.710000,485.030000
NaN,NaN,221.060000,416.020000,203.690000,485.030000
NaN,NaN,221.070000,416.010000,203.700000,485.020000
NaN,NaN,221.060000,416.010000,203.700000,485.020000
NaN,NaN,221.050000,416.010000,203.710000,485.030000
NaN,NaN,221.050000,416.000000,203.730000,485.050000
NaN,NaN,221.050000,416.010000,203.700000,485.030000
NaN,NaN,221.050000,416.010000,203.700000,485.050000
NaN,NaN,221.060000,416.010000,203.730000,485.050000
NaN,NaN,221.060000,416.010000,203.740000,485.040000
NaN,NaN,221.060000,416.010000,203.730000,485.050000
NaN,NaN,221.050000,416.010000,203.710000,485.050000
NaN,NaN,221.040000,416.010000,203.700000,485.040000
NaN,NaN,221.040000,416.010000,203.700000,485.040000
NaN,NaN,221.040000,416.020000,203.680000,485.060000
NaN,NaN,221.030000,416.020000,203.710000,485.050000
NaN,NaN,221.030000,416.010000,203.730000,485.050000
NaN,NaN,221.030000,416.010000,203.710000,485.030000
NaN,NaN,221.040000,416.010000,203.730000,485.040000
NaN,NaN,221.040000,416.010000,203.720000,485.040000
NaN,NaN,221.030000,416.010000,203.720000,485.040000
NaN,NaN,221.020000,416.020000,203.670000,485.010000
NaN,NaN,221.000000,416.020000,203.690000,485.010000
NaN,NaN,221.030000,416.020000,203.650000,485.010000
NaN,NaN,221.020000,416.020000,203.680000,485.020000
NaN,NaN,221.020000,416.010000,203.690000,485.020000
NaN,NaN,221.020000,416.010000,203.690000,485.010000
NaN,NaN,221.010000,416.020000,203.680000,485.010000
NaN,NaN,221.010000,416.010000,203.720000,485.010000
NaN,NaN,221.010000,416.020000,203.690000,485.010000
NaN,NaN,221.010000,416.010000,203.700000,485.010000
NaN,NaN,221.000000,416.020000,203.720000,484.980000
NaN,NaN,220.990000,416.020000,203.710000,485.000000
NaN,NaN,221.000000,416.010000,203.700000,484.990000
NaN,NaN,221.000000,416.020000,203.700000,485.000000
NaN,NaN,221.010000,416.010000,203.710000,485.010000
NaN,NaN,221.000000,416.020000,203.680000,485.040000
NaN,NaN,221.000000,416.020000,203.720000,485.020000
NaN,NaN,221.000000,416.010000,203.690000,485.020000
NaN,NaN,220.980000,416.020000,203.700000,485.030000
NaN,NaN,220.990000,416.010000,203.720000,485.030000
NaN,NaN,220.990000,416.010000,203.710000,485.020000
NaN,NaN,220.980000,416.020000,203.700000,485.020000
NaN,NaN,220.970000,416.020000,203.720000,485.040000
NaN,NaN,220.960000,416.020000,203.740000,485.040000
NaN,NaN,220.940000,416.030000,203.720000,485.030000
NaN,NaN,220.950000,416.020000,203.740000,485.030000
NaN,NaN,220.950000,416.020000,203.750000,485.020000
NaN,NaN,220.940000,416.020000,203.740000,485.040000
NaN,NaN,220.920000,416.020000,203.730000,485.030000
NaN,NaN,220.920000,416.020000,203.730000,485.030000
NaN,NaN,220.910000,416.010000,203.670000,485.050000
NaN,NaN,220.930000,416.010000,203.700000,485.020000
NaN,NaN,220.930000,416.010000,203.730000,485.010000
NaN,NaN,220.920000,416.010000,203.730000,485.040000
NaN,NaN,220.910000,416.000000,203.730000,485.020000
NaN,NaN,220.910000,416.010000,203.730000,485.030000
NaN,NaN,220.880000,416.020000,203.700000,485.030000
NaN,NaN,220.880000,416.020000,203.720000,485.030000
NaN,NaN,220.880000,416.020000,203.710000,485.020000
NaN,NaN,220.870000,416.020000,203.730000,485.020000
NaN,NaN,220.870000,416.020000,203.750000,485.020000
NaN,NaN,220.840000,416.020000,203.730000,485.020000
NaN,NaN,220.820000,416.030000,203.750000,485.010000
NaN,NaN,220.830000,416.020000,203.730000,485.010000
NaN,NaN,220.820000,416.020000,203.740000,485.000000
NaN,NaN,220.790000,416.030000,203.730000,485.020000
NaN,NaN,220.800000,416.020000,203.740000,485.010000
NaN,NaN,220.800000,416.020000,203.740000,485.020000
NaN,NaN,220.770000,416.020000,203.740000,485.060000
NaN,NaN,220.780000,416.030000,203.720000,485.020000
NaN,NaN,220.780000,416.020000,203.710000,485.010000
NaN,NaN,220.770000,416.020000,203.710000,485.010000
NaN,NaN,220.770000,416.030000,203.730000,485.030000
NaN,NaN,220.760000,416.030000,203.750000,485.010000
NaN,NaN,220.740000,416.030000,203.730000,485.010000
NaN,NaN,220.740000,416.020000,203.710000,485.000000
NaN,NaN,220.730000,416.020000,203.730000,485.020000
NaN,NaN,220.720000,416.020000,203.720000,485.020000
NaN,NaN,220.690000,416.030000,203.730000,485.010000
NaN,NaN,220.660000,416.030000,203.740000,485.010000
NaN,NaN,220.690000,416.010000,203.700000,485.000000
NaN,NaN,220.670000,416.020000,203.710000,485.010000
NaN,NaN,220.650000,416.020000,203.710000,485.000000
NaN,NaN,220.620000,416.030000,203.720000,485.000000
NaN,NaN,220.620000,416.030000,203.680000,485.000000
NaN,NaN,220.610000,416.030000,203.700000,485.010000
NaN,NaN,220.620000,416.040000,203.690000,485.000000
NaN,NaN,220.600000,416.040000,203.710000,485.020000
NaN,NaN,220.600000,416.030000,203.710000,485.030000
NaN,NaN,220.570000,416.040000,203.680000,485.010000
NaN,NaN,220.550000,416.040000,203.690000,485.010000
NaN,NaN,220.540000,416.040000,203.690000,485.010000
NaN,NaN,220.520000,416.050000,203.700000,485.020000
NaN,NaN,220.520000,416.040000,203.690000,485.020000
NaN,NaN,220.520000,416.040000,203.720000,485.040000
NaN,NaN,220.460000,416.060000,203.620000,485.000000
NaN,NaN,220.250000,416.060000,203.630000,485.010000
NaN,NaN,220.250000,416.070000,203.680000,485.020000
NaN,NaN,220.240000,416.070000,203.700000,485.010000
NaN,NaN,220.240000,416.070000,203.670000,484.980000
NaN,NaN,220.230000,416.080000,203.700000,485.010000
NaN,NaN,220.220000,416.080000,203.690000,485.020000
NaN,NaN,220.210000,416.070000,203.690000,485.020000
NaN,NaN,220.190000,416.080000,203.710000,485.030000
NaN,NaN,220.200000,416.080000,203.670000,485.010000
NaN,NaN,220.200000,416.080000,203.690000,485.020000
NaN,NaN,220.200000,416.080000,203.690000,485.030000
NaN,NaN,220.180000,416.080000,203.660000,485.030000
NaN,NaN,220.180000,416.080000,203.660000,485.010000
NaN,NaN,220.180000,416.080000,203.630000,485.010000
NaN,NaN,220.170000,416.090000,203.680000,485.020000
NaN,NaN,220.160000,416.090000,203.680000,485.030000
NaN,NaN,220.150000,416.090000,203.660000,485.020000
NaN,NaN,220.150000,416.080000,203.640000,485.040000
NaN,NaN,220.150000,416.080000,203.640000,485.030000
NaN,NaN,220.150000,416.090000,203.670000,485.030000
NaN,NaN,220.140000,416.090000,203.680000,485.020000
NaN,NaN,220.140000,416.080000,203.630000,485.040000
NaN,NaN,220.120000,416.080000,203.650000,485.020000
NaN,NaN,220.120000,416.090000,203.660000,485.040000
NaN,NaN,220.130000,416.090000,203.650000,485.020000
NaN,NaN,220.120000,416.090000,203.630000,485.040000
NaN,NaN,220.110000,416.080000,203.650000,485.040000
NaN,NaN,220.110000,416.080000,203.650000,485.030000
NaN,NaN,220.100000,416.080000,203.630000,485.010000
NaN,NaN,220.080000,416.070000,203.630000,485.010000
NaN,NaN,220.090000,416.080000,203.660000,485.030000
NaN,NaN,220.080000,416.080000,203.650000,485.010000
NaN,NaN,220.070000,416.080000,203.650000,485.020000
NaN,NaN,220.070000,416.080000,203.640000,485.020000
NaN,NaN,220.060000,416.090000,203.640000,485.040000
NaN,NaN,220.060000,416.080000,203.660000,485.020000
NaN,NaN,220.050000,416.080000,203.680000,485.030000
NaN,NaN,220.060000,416.070000,203.680000,485.040000
NaN,NaN,220.050000,416.080000,203.690000,485.040000
NaN,NaN,220.030000,416.070000,203.680000,485.040000
NaN,NaN,220.030000,416.070000,203.670000,485.040000
NaN,NaN,220.030000,416.080000,203.650000,485.050000
NaN,NaN,220.030000,416.080000,203.640000,485.020000
NaN,NaN,220.010000,416.080000,203.640000,485.020000
NaN,NaN,220.010000,416.080000,203.650000,485.050000
NaN,NaN,220.020000,416.080000,203.650000,485.040000
NaN,NaN,220.010000,416.070000,203.640000,485.040000
NaN,NaN,220.010000,416.070000,203.640000,485.020000
NaN,NaN,219.990000,416.070000,203.650000,485.030000
NaN,NaN,219.990000,416.070000,203.700000,485.040000
NaN,NaN,219.990000,416.080000,203.680000,485.030000
NaN,NaN,219.980000,416.080000,203.690000,485.040000
NaN,NaN,219.970000,416.080000,203.680000,485.020000
NaN,NaN,219.970000,416.080000,203.690000,485.030000
NaN,NaN,219.970000,416.070000,203.700000,485.050000
NaN,NaN,219.970000,416.060000,203.680000,485.050000
NaN,NaN,219.960000,416.070000,203.680000,485.030000
NaN,NaN,219.940000,416.080000,203.680000,485.030000
NaN,NaN,219.930000,416.070000,203.680000,485.030000
NaN,NaN,219.940000,416.070000,203.640000,485.040000
NaN,NaN,219.940000,416.060000,203.660000,485.030000
NaN,NaN,219.930000,416.060000,203.670000,485.010000
NaN,NaN,219.920000,416.060000,203.590000,485.000000
NaN,NaN,219.910000,416.060000,203.620000,485.030000
NaN,NaN,219.920000,416.060000,203.660000,485.030000
NaN,NaN,219.890000,416.070000,203.630000,485.020000
NaN,NaN,219.900000,416.070000,203.650000,485.040000
NaN,NaN,219.890000,416.080000,203.670000,485.030000
NaN,NaN,219.870000,416.070000,203.680000,485.030000
NaN,NaN,219.870000,416.060000,203.660000,485.050000
NaN,NaN,219.880000,416.070000,203.680000,485.030000
NaN,NaN,219.870000,416.080000,203.690000,485.030000
NaN,NaN,219.860000,416.060000,203.710000,485.040000
NaN,NaN,219.870000,416.060000,203.710000,485.060000
NaN,NaN,219.850000,416.060000,203.670000,485.060000
NaN,NaN,219.850000,416.060000,203.670000,485.060000
NaN,NaN,219.850000,416.060000,203.650000,485.060000
NaN,NaN,219.850000,416.060000,203.630000,485.030000
NaN,NaN,219.840000,416.070000,203.630000,485.060000
NaN,NaN,219.830000,416.070000,203.640000,485.050000
NaN,NaN,219.830000,416.070000,203.640000,485.060000
NaN,NaN,219.830000,416.070000,203.660000,485.050000
NaN,NaN,219.820000,416.080000,203.660000,485.030000
NaN,NaN,219.790000,416.090000,203.640000,485.040000
NaN,NaN,219.790000,416.070000,203.640000,485.040000
NaN,NaN,219.780000,416.080000,203.670000,485.050000
NaN,NaN,219.780000,416.080000,203.650000,485.050000
NaN,NaN,219.770000,416.080000,203.620000,485.050000
NaN,NaN,219.770000,416.080000,203.610000,485.060000
NaN,NaN,219.760000,416.070000,203.327853,484.015027
NaN,NaN,219.760000,416.070000,202.970000,483.800000
NaN,NaN,219.740000,416.060000,202.960000,483.800000
NaN,NaN,219.730000,416.070000,203.000000,483.990000
NaN,NaN,219.730000,416.080000,203.010000,484.000000
NaN,NaN,219.730000,416.070000,203.010000,483.990000
NaN,NaN,219.730000,416.070000,203.010000,484.000000
NaN,NaN,219.720000,416.070000,203.000000,484.000000
NaN,NaN,219.730000,416.080000,203.000000,484.010000
NaN,NaN,219.720000,416.080000,203.000000,484.000000
NaN,NaN,219.710000,416.070000,203.000000,484.000000
NaN,NaN,219.720000,416.070000,203.000000,484.000000
NaN,NaN,219.720000,416.070000,203.000000,483.990000
NaN,NaN,219.710000,416.070000,203.010000,483.990000
NaN,NaN,219.700000,416.070000,203.000000,483.990000
NaN,NaN,219.700000,416.080000,203.020000,483.970000
NaN,NaN,219.700000,416.080000,203.000000,483.970000
NaN,NaN,219.690000,416.080000,203.010000,483.970000
NaN,NaN,219.680000,416.080000,203.010000,483.970000
NaN,NaN,219.690000,416.070000,203.000000,483.980000
NaN,NaN,219.680000,416.070000,203.000000,483.970000
NaN,NaN,219.670000,416.070000,203.000000,483.970000
NaN,NaN,219.670000,416.070000,203.000000,483.970000
NaN,NaN,219.650000,416.080000,203.000000,483.980000
NaN,NaN,219.660000,416.080000,203.000000,483.980000
NaN,NaN,219.650000,416.080000,202.990000,483.960000
NaN,NaN,219.640000,416.080000,202.970000,483.970000
NaN,NaN,219.630000,416.080000,202.980000,483.980000
NaN,NaN,219.630000,416.080000,202.990000,483.980000
NaN,NaN,219.630000,416.090000,203.000000,483.970000
NaN,NaN,219.590000,416.080000,202.980000,483.970000
NaN,NaN,219.580000,416.090000,202.970000,483.980000
NaN,NaN,219.600000,416.090000,202.970000,483.980000
NaN,NaN,219.590000,416.090000,202.980000,483.980000
NaN,NaN,219.580000,416.090000,202.980000,483.970000
NaN,NaN,219.560000,416.100000,202.980000,483.960000
NaN,NaN,219.550000,416.100000,202.970000,483.970000
NaN,NaN,219.550000,416.100000,202.970000,483.970000
NaN,NaN,219.560000,416.100000,202.980000,483.960000
NaN,NaN,219.560000,416.110000,202.980000,483.960000
NaN,NaN,219.540000,416.120000,202.970000,483.960000
NaN,NaN,219.550000,416.110000,202.950000,483.970000
NaN,NaN,219.550000,416.120000,202.940000,483.970000
NaN,NaN,219.530000,416.120000,202.930000,483.980000
NaN,NaN,219.550000,416.110000,202.930000,483.970000
NaN,NaN,219.540000,416.130000,202.950000,483.980000
NaN,NaN,219.520000,416.130000,202.930000,483.970000
NaN,NaN,219.530000,416.130000,202.910000,483.960000
NaN,NaN,219.530000,416.140000,202.920000,483.980000
NaN,NaN,219.540000,416.140000,202.920000,483.980000
NaN,NaN,219.540000,416.140000,202.920000,483.970000
NaN,NaN,219.510000,416.150000,202.910000,483.970000
NaN,NaN,219.300000,416.200000,202.920000,483.970000
NaN,NaN,219.300000,416.200000,202.910000,483.970000
NaN,NaN,219.300000,416.220000,202.910000,483.970000
NaN,NaN,219.290000,416.220000,202.920000,483.950000
NaN,NaN,219.280000,416.230000,202.910000,483.950000
NaN,NaN,219.280000,416.240000,202.900000,483.960000
NaN,NaN,219.260000,416.250000,202.900000,483.960000
NaN,NaN,219.260000,416.250000,202.910000,483.960000
NaN,NaN,219.240000,416.270000,202.890000,483.950000
NaN,NaN,219.240000,416.260000,202.880000,483.980000
NaN,NaN,219.230000,416.290000,202.890000,483.970000
NaN,NaN,219.240000,416.300000,202.890000,483.970000
NaN,NaN,219.250000,416.300000,202.890000,483.980000
NaN,NaN,219.240000,416.320000,202.920000,483.980000
NaN,NaN,219.230000,416.320000,202.900000,483.970000
NaN,NaN,219.230000,416.320000,202.900000,483.960000
NaN,NaN,219.220000,416.310000,202.900000,483.960000
NaN,NaN,219.220000,416.330000,202.900000,483.960000
NaN,NaN,219.200000,416.330000,202.900000,483.970000
NaN,NaN,219.200000,416.340000,202.900000,483.970000
NaN,NaN,219.190000,416.350000,202.900000,483.970000
NaN,NaN,219.160000,416.390000,202.910000,483.970000
NaN,NaN,219.150000,416.380000,202.910000,483.960000
NaN,NaN,219.140000,416.380000,202.890000,483.940000
NaN,NaN,219.130000,416.410000,202.890000,483.960000
NaN,NaN,219.120000,416.380000,202.900000,483.970000
NaN,NaN,219.110000,416.390000,202.890000,483.970000
NaN,NaN,219.100000,416.390000,202.890000,483.960000
NaN,NaN,219.090000,416.380000,202.870000,483.960000
NaN,NaN,219.090000,416.390000,202.870000,483.970000
NaN,NaN,219.050000,416.410000,202.860000,483.950000
NaN,NaN,219.060000,416.400000,202.860000,483.940000
NaN,NaN,219.040000,416.420000,202.840000,483.960000
NaN,NaN,219.030000,416.430000,202.860000,483.950000
NaN,NaN,219.010000,416.440000,202.860000,483.950000
NaN,NaN,218.990000,416.480000,202.860000,483.960000
NaN,NaN,218.830000,416.940000,202.860000,483.950000
NaN,NaN,218.820000,416.950000,202.870000,483.950000
NaN,NaN,218.830000,416.930000,202.870000,483.950000
NaN,NaN,218.810000,416.930000,202.860000,483.950000
NaN,NaN,218.790000,416.930000,202.860000,483.960000
NaN,NaN,218.790000,416.940000,202.870000,483.960000
NaN,NaN,218.760000,416.930000,202.850000,483.950000
NaN,NaN,218.770000,416.920000,202.840000,483.940000
NaN,NaN,218.750000,416.920000,202.840000,483.980000
NaN,NaN,218.740000,416.930000,202.840000,483.970000
NaN,NaN,218.730000,416.940000,202.840000,483.960000
NaN,NaN,218.690000,416.930000,202.840000,483.960000
NaN,NaN,218.680000,416.920000,202.840000,483.950000
NaN,NaN,218.680000,416.920000,202.850000,483.960000
NaN,NaN,218.670000,416.930000,202.840000,483.960000
NaN,NaN,218.640000,416.930000,202.840000,483.950000
NaN,NaN,218.630000,416.920000,202.830000,483.940000
NaN,NaN,218.560000,416.920000,202.830000,483.960000
NaN,NaN,218.540000,416.920000,202.830000,483.940000
NaN,NaN,218.490000,416.930000,202.830000,483.940000
NaN,NaN,218.320000,416.960000,202.820000,483.940000
NaN,NaN,218.290000,416.960000,202.830000,483.960000
NaN,NaN,218.260000,416.960000,202.830000,483.950000
NaN,NaN,218.240000,416.950000,202.830000,483.950000
NaN,NaN,218.210000,416.950000,202.830000,483.950000
NaN,NaN,218.190000,416.950000,202.830000,483.950000
NaN,NaN,218.160000,416.950000,202.830000,483.950000
NaN,NaN,218.140000,416.950000,202.820000,483.960000
NaN,NaN,218.110000,416.960000,202.820000,483.980000
NaN,NaN,218.070000,416.960000,202.840000,483.980000
NaN,NaN,218.080000,416.940000,202.840000,483.960000
NaN,NaN,218.040000,416.940000,202.810000,483.970000
NaN,NaN,218.030000,416.930000,202.810000,483.930000
NaN,NaN,218.000000,416.930000,202.810000,483.960000
NaN,NaN,217.970000,416.940000,202.810000,483.950000
NaN,NaN,217.940000,416.930000,202.810000,483.950000
NaN,NaN,217.920000,416.920000,202.800000,483.960000
NaN,NaN,217.890000,416.930000,202.810000,483.960000
NaN,NaN,217.880000,416.930000,202.790000,483.960000
NaN,NaN,217.840000,416.930000,202.810000,483.940000
NaN,NaN,217.820000,416.930000,202.780000,483.930000
NaN,NaN,217.790000,416.940000,202.780000,483.940000
NaN,NaN,217.710000,416.980000,202.780000,483.940000
NaN,NaN,217.690000,416.970000,202.790000,483.950000
NaN,NaN,217.610000,417.010000,202.770000,483.940000
NaN,NaN,217.560000,417.030000,202.790000,483.950000
NaN,NaN,217.600000,416.870000,202.800000,483.960000
NaN,NaN,215.800000,418.450000,202.790000,483.950000
NaN,NaN,215.250000,419.620000,202.800000,483.950000
NaN,NaN,215.090000,420.010000,202.790000,483.960000
NaN,NaN,215.060000,420.070000,202.770000,483.960000
NaN,NaN,215.130000,419.650000,202.770000,483.960000
NaN,NaN,215.230000,419.010000,202.780000,483.960000
NaN,NaN,215.400000,418.600000,202.780000,483.960000
NaN,NaN,215.720000,418.330000,202.740000,483.940000
NaN,NaN,215.730000,418.290000,202.750000,483.940000
NaN,NaN,215.860845,415.093319,202.740000,483.940000
NaN,NaN,215.860845,415.093319,202.760000,483.950000
NaN,NaN,215.860845,415.093319,202.750000,483.950000
NaN,NaN,215.860845,415.093319,202.740000,483.950000
NaN,NaN,215.860845,415.093319,202.730000,483.930000
NaN,NaN,215.860845,415.093319,202.730000,483.940000
NaN,NaN,215.860845,415.093319,202.720000,483.980000
NaN,NaN,215.860845,415.093319,202.700000,483.960000
NaN,NaN,215.860845,415.093319,202.710000,483.960000
NaN,NaN,215.860845,415.093319,202.700000,483.950000
NaN,NaN,215.860845,415.093319,202.700000,483.950000
NaN,NaN,215.860845,415.093319,202.690000,483.960000
NaN,NaN,215.860845,415.093319,202.710000,483.960000
NaN,NaN,215.860845,415.093319,202.700000,483.960000
NaN,NaN,215.860845,415.093319,202.700000,483.960000
NaN,NaN,215.860845,415.093319,202.690000,483.970000
NaN,NaN,215.860845,415.093319,202.700000,483.960000
NaN,NaN,215.860845,415.093319,202.700000,483.970000
NaN,NaN,215.860845,415.093319,202.700000,483.970000
NaN,NaN,215.860845,415.093319,202.690000,483.960000
NaN,NaN,215.860845,415.093319,202.680000,483.960000
NaN,NaN,215.860845,415.093319,202.680000,483.970000
NaN,NaN,215.860845,415.093319,202.680000,483.960000
NaN,NaN,215.860845,415.093319,202.670000,483.970000
NaN,NaN,215.860845,415.093319,202.660000,483.960000
NaN,NaN,215.860845,415.093319,202.670000,483.950000
NaN,NaN,215.860845,415.093319,202.660000,483.950000
NaN,NaN,215.860845,415.093319,202.690000,483.960000
NaN,NaN,215.860845,415.093319,202.670000,483.960000
NaN,NaN,215.860845,415.093319,202.670000,483.930000
NaN,NaN,215.860845,415.093319,202.670000,483.960000
NaN,NaN,215.860845,415.093319,202.680000,483.960000
NaN,NaN,215.860845,415.093319,202.660000,483.960000
214.498563,416.517322,215.860845,415.093319,202.690000,483.950000
213.681194,420.504528,215.860845,415.093319,202.680000,483.960000
212.863825,423.352532,215.860845,415.093319,202.690000,483.960000
211.501543,427.909339,215.860845,415.093319,202.650000,483.970000
211.501543,429.618142,215.860845,415.093319,202.640000,483.950000
210.411718,433.320548,215.860845,415.093319,202.670000,483.960000
210.956631,435.314151,215.860845,415.093319,202.660000,483.950000
210.956631,440.155759,215.860845,415.093319,202.630000,483.960000
210.956631,446.421368,215.860845,415.093319,202.630000,483.950000
211.229087,451.547776,215.860845,415.093319,202.650000,483.950000
210.411718,455.819783,215.860845,415.093319,202.650000,483.930000
207.414698,461.515792,215.860845,415.093319,202.660000,483.940000
207.142242,465.218198,215.860845,415.093319,202.660000,483.960000
207.142242,465.787799,215.860845,415.093319,202.630000,483.940000
205.507503,470.629406,215.860845,415.093319,202.650000,483.940000
205.507503,471.199007,215.860845,415.093319,202.650000,483.920000
205.507503,472.907810,215.860845,415.093319,202.620000,483.940000
205.507503,472.907810,215.860845,415.093319,202.570000,483.960000
205.507503,473.762211,215.860845,415.093319,202.440000,483.920000
205.507503,473.762211,215.860845,415.093319,202.300000,483.850000
205.507503,473.762211,215.860845,415.093319,202.300000,483.840000
205.507503,473.762211,215.860845,415.093319,202.310000,483.810000
205.507503,473.762211,215.860845,415.093319,202.350000,483.820000
205.507503,473.192610,215.860845,415.093319,202.450000,483.830000
205.779960,472.338209,215.860845,415.093319,202.680000,483.890000
206.052416,471.768608,215.860845,415.093319,202.790000,483.840000
206.052416,470.914207,215.860845,415.093319,202.880000,483.830000
206.324873,469.490204,215.860845,415.093319,202.920000,483.780000
206.324873,468.066202,215.860845,415.093319,203.010000,483.740000
206.324873,466.927000,215.860845,415.093319,203.060000,483.760000
206.324873,465.218198,215.860845,415.093319,203.110000,483.750000
206.324873,465.218198,215.860845,415.093319,203.170000,483.710000
206.324873,465.218198,215.860845,415.093319,203.220000,483.740000
206.324873,465.218198,215.860845,415.093319,203.260000,483.730000
206.869785,465.218198,215.860845,415.093319,203.270000,483.740000
206.869785,465.218198,215.860845,415.093319,203.260000,483.740000
206.869785,465.218198,215.860845,414.808519,203.240000,483.770000
207.142242,465.218198,216.133302,414.808519,203.230000,483.770000
207.142242,465.218198,216.133302,414.808519,203.180000,483.790000
207.142242,465.218198,216.133302,414.808519,203.130000,483.790000
207.142242,465.218198,216.133302,414.808519,203.110000,483.790000
207.142242,465.218198,216.133302,414.808519,203.050000,483.830000
207.142242,465.218198,216.133302,414.808519,203.050000,483.810000
207.142242,465.218198,216.133302,414.808519,203.000000,483.820000
207.142242,465.218198,216.133302,414.808519,203.020000,483.860000
207.142242,465.502998,216.133302,414.808519,202.980000,483.880000
207.414698,466.927000,216.133302,414.808519,202.960000,483.840000
207.414698,466.927000,216.133302,414.808519,202.970000,483.850000
207.414698,466.927000,216.133302,414.808519,202.940000,483.840000
207.414698,466.927000,216.133302,414.808519,202.950000,483.810000
207.414698,467.211801,216.133302,414.808519,202.960000,483.810000
207.414698,467.211801,216.133302,414.808519,202.980000,483.830000
207.414698,467.211801,216.133302,414.808519,202.970000,483.820000
207.414698,467.211801,216.133302,414.808519,202.970000,483.830000
207.414698,467.211801,216.133302,414.808519,202.990000,483.830000
207.414698,467.211801,216.133302,414.808519,202.980000,483.820000
207.414698,467.211801,216.133302,414.808519,202.990000,483.800000
207.414698,467.211801,216.133302,414.523719,202.990000,483.800000
207.414698,467.211801,216.133302,414.523719,203.000000,483.820000
207.414698,467.211801,217.223127,414.523719,203.000000,483.830000
207.414698,467.211801,217.223127,414.523719,203.020000,483.830000
207.414698,467.211801,217.223127,414.523719,203.010000,483.830000
207.414698,467.211801,217.223127,414.523719,203.010000,483.840000
207.414698,467.211801,217.223127,414.523719,202.960000,483.840000
207.414698,467.211801,217.223127,414.523719,202.970000,483.850000
207.414698,467.211801,217.223127,414.523719,202.940000,483.840000
207.414698,466.357400,217.223127,414.523719,202.920000,483.840000
207.414698,466.072599,217.223127,414.523719,202.930000,483.860000
207.414698,465.502998,217.223127,414.523719,202.920000,483.850000
207.959611,465.218198,217.223127,414.523719,202.900000,483.850000
208.776980,464.933397,217.223127,414.523719,202.890000,483.830000
209.321893,463.509395,217.223127,414.523719,202.900000,483.860000
209.321893,463.224595,217.223127,414.523719,202.880000,483.850000
209.321893,463.224595,217.223127,414.523719,202.870000,483.850000
209.321893,463.224595,217.223127,414.523719,202.860000,483.870000
209.321893,463.224595,217.223127,414.523719,202.890000,483.880000
209.321893,462.085393,217.223127,414.523719,202.890000,483.870000
209.321893,461.515792,217.223127,414.523719,202.880000,483.860000
209.321893,460.946191,217.223127,414.523719,202.860000,483.880000
209.321893,460.376590,217.223127,414.523719,202.880000,483.870000
209.321893,459.522189,217.223127,414.523719,202.890000,483.860000
209.321893,459.237388,217.223127,414.523719,202.860000,483.840000
209.321893,458.667788,217.223127,414.523719,202.870000,483.840000
210.684174,457.528586,217.223127,414.523719,202.860000,483.830000
210.684174,457.528586,217.223127,414.523719,202.880000,483.840000
210.684174,457.528586,217.223127,414.523719,202.870000,483.850000
210.684174,457.528586,217.223127,414.523719,202.870000,483.850000
210.684174,457.528586,218.040496,413.384517,202.880000,483.880000
210.684174,457.528586,218.040496,413.099716,202.870000,483.870000
210.684174,457.528586,218.040496,413.099716,202.870000,483.870000
210.684174,457.528586,218.040496,412.245315,202.860000,483.880000
211.501543,456.958985,218.040496,411.675714,202.850000,483.860000
212.318913,456.104584,218.040496,411.390914,202.870000,483.870000
213.681194,454.680581,218.040496,411.390914,202.850000,483.840000
213.681194,453.826180,218.040496,411.390914,202.850000,483.870000
213.681194,452.402178,219.402778,410.536512,202.850000,483.870000
213.681194,449.554173,219.402778,410.536512,202.850000,483.870000
213.681194,449.554173,219.402778,410.251712,202.860000,483.880000
214.226107,447.275770,219.675234,410.251712,202.820000,483.870000
214.226107,446.990969,219.675234,410.251712,202.830000,483.890000
214.771020,446.706169,220.220147,409.682111,202.850000,483.880000
215.043476,445.851768,220.492603,409.682111,202.860000,483.870000
215.043476,445.851768,220.765060,409.682111,202.850000,483.860000
215.315933,444.997366,220.765060,409.682111,202.830000,483.860000
215.588389,444.427765,221.309973,409.112510,202.820000,483.870000
215.588389,443.858164,221.309973,409.112510,202.830000,483.880000
215.860845,442.718963,221.309973,409.112510,202.850000,483.900000
216.405758,442.149362,221.309973,409.112510,202.850000,483.910000
216.405758,441.579761,221.309973,409.112510,202.830000,483.870000
216.678214,441.010160,221.309973,409.112510,202.830000,483.870000
216.678214,441.010160,221.854885,408.258109,202.840000,483.880000
216.678214,440.725359,221.854885,408.258109,202.840000,483.890000
216.405758,439.301357,221.854885,408.258109,202.830000,483.910000
215.860845,439.016557,221.854885,408.258109,202.810000,483.890000
216.950671,438.446956,221.854885,408.258109,202.820000,483.880000
216.950671,437.592555,221.854885,408.258109,202.810000,483.880000
216.950671,436.738153,221.854885,407.688508,202.820000,483.900000
216.950671,436.168552,221.854885,407.403707,202.810000,483.890000
217.495583,434.744550,221.854885,407.403707,202.820000,483.900000
217.495583,434.744550,222.127342,406.834107,202.810000,483.890000
217.768040,433.605348,222.672254,406.264506,202.810000,483.900000
218.312953,432.466147,222.672254,406.264506,202.780000,483.890000
218.585409,431.326945,222.672254,406.264506,202.800000,483.900000
218.585409,429.333342,222.672254,406.264506,202.780000,483.930000
218.585409,428.194140,222.672254,406.264506,202.780000,483.920000
218.585409,427.054938,222.672254,406.264506,202.800000,483.920000
218.585409,426.770138,222.672254,406.264506,202.790000,483.910000
218.585409,426.770138,222.672254,406.264506,202.790000,483.930000
218.585409,426.770138,222.672254,406.264506,202.790000,483.940000
218.585409,426.485337,222.672254,406.264506,202.760000,483.900000
218.585409,426.200537,222.672254,406.264506,202.780000,483.910000
218.585409,425.061335,222.672254,406.264506,202.780000,483.920000
218.857865,423.637333,222.672254,406.264506,202.790000,483.940000
218.857865,423.637333,222.944711,406.264506,202.770000,483.920000
218.857865,423.637333,223.762080,405.410104,202.790000,483.930000
218.857865,423.352532,223.762080,405.410104,202.770000,483.930000
218.857865,423.352532,223.762080,405.410104,202.760000,483.930000
218.857865,423.352532,223.762080,405.410104,202.770000,483.940000
218.857865,423.352532,223.762080,403.986102,202.730000,483.910000
218.857865,422.498131,223.762080,403.986102,202.730000,483.920000
218.857865,421.643730,223.762080,403.986102,202.730000,483.920000
219.130322,419.650127,223.762080,403.986102,202.750000,483.920000
219.130322,419.650127,223.762080,403.986102,202.740000,483.940000
219.402778,418.510925,223.762080,403.986102,202.740000,483.920000
219.402778,418.510925,223.762080,403.986102,202.740000,483.930000
219.402778,417.941324,223.762080,403.986102,202.720000,483.930000
219.675234,417.656523,223.762080,403.986102,202.740000,483.940000
219.675234,417.656523,223.762080,403.986102,202.750000,483.930000
219.675234,417.656523,224.034536,403.416501,202.760000,483.940000
219.675234,417.656523,224.034536,403.416501,202.740000,483.940000
219.947691,417.086923,224.034536,403.416501,202.740000,483.940000
220.765060,414.523719,224.306993,403.416501,202.750000,483.950000
220.765060,412.245315,224.306993,403.416501,202.740000,483.950000
220.765060,410.536512,224.306993,403.416501,202.670000,483.930000
220.765060,410.251712,224.306993,403.416501,202.710000,483.950000
220.765060,408.542909,224.306993,403.416501,202.690000,483.960000
220.765060,408.258109,224.306993,403.416501,202.700000,483.950000
220.765060,407.688508,224.306993,403.416501,202.690000,483.960000
220.765060,407.118907,224.306993,403.416501,202.690000,483.960000
220.765060,406.549306,224.306993,401.992499,202.690000,483.950000
220.765060,406.264506,224.306993,401.992499,202.700000,483.940000
221.582429,404.840503,224.306993,401.992499,202.690000,483.960000
221.582429,404.555703,224.306993,401.992499,202.690000,483.970000
221.854885,402.846900,224.306993,401.992499,202.700000,483.970000
221.854885,402.277299,224.306993,401.992499,202.720000,483.970000
221.854885,402.277299,224.306993,401.992499,202.700000,483.950000
221.854885,402.277299,224.306993,401.992499,202.720000,483.940000
221.854885,402.277299,224.306993,401.992499,202.710000,483.950000
221.854885,402.277299,224.306993,401.992499,202.720000,483.970000
221.854885,402.277299,224.306993,401.992499,202.730000,483.970000
221.854885,402.277299,224.306993,401.992499,202.710000,483.970000
221.854885,402.277299,224.306993,401.992499,202.700000,483.970000
221.854885,402.277299,224.306993,401.992499,202.690000,483.960000
221.854885,402.277299,224.306993,401.992499,202.700000,483.970000
221.854885,402.277299,224.306993,401.992499,202.700000,483.970000
221.854885,402.277299,224.306993,401.992499,202.700000,483.970000
221.854885,402.277299,224.306993,401.992499,202.690000,483.970000
221.854885,402.562100,224.306993,401.992499,202.690000,483.980000
222.944711,403.131701,224.306993,401.992499,202.690000,483.980000
222.944711,403.131701,224.306993,401.992499,202.680000,483.970000
222.944711,403.131701,224.306993,401.992499,202.670000,483.960000
222.944711,403.131701,224.306993,401.992499,202.690000,483.970000
222.944711,403.131701,224.306993,401.992499,202.680000,483.980000
222.944711,403.131701,224.306993,401.992499,202.670000,483.990000
222.944711,403.131701,224.306993,401.992499,202.690000,483.990000
222.944711,403.131701,224.306993,401.992499,202.670000,483.980000
222.944711,403.131701,224.306993,401.992499,202.680000,483.990000
222.944711,403.131701,224.306993,401.992499,202.680000,483.970000
222.944711,403.131701,224.306993,401.992499,202.690000,483.980000
222.944711,403.131701,224.306993,401.992499,202.650000,483.980000
222.944711,403.131701,224.306993,401.992499,202.680000,483.990000
222.944711,403.131701,224.306993,401.992499,202.700000,483.990000
222.944711,403.131701,224.306993,401.992499,202.690000,483.980000
222.944711,403.131701,224.306993,401.992499,202.670000,483.970000
222.944711,403.131701,224.306993,401.992499,202.700000,483.980000
222.944711,403.131701,224.306993,401.992499,202.710000,483.980000
222.944711,403.131701,224.306993,401.992499,202.690000,483.980000
222.944711,403.131701,224.306993,401.992499,202.710000,483.980000
222.944711,403.701302,224.306993,401.992499,202.700000,483.980000
223.217167,404.270903,224.306993,401.992499,202.710000,483.990000
223.217167,404.270903,224.306993,401.992499,202.710000,483.980000
223.217167,404.270903,224.306993,401.992499,202.700000,483.990000
223.217167,404.840503,224.306993,401.992499,202.710000,483.980000
223.217167,404.840503,224.306993,401.992499,202.730000,483.980000
223.217167,404.840503,224.306993,401.992499,202.710000,483.960000
222.944711,404.840503,224.306993,401.992499,202.730000,483.960000
222.944711,404.840503,224.306993,401.992499,202.720000,483.960000
222.944711,404.840503,224.306993,401.992499,202.700000,483.960000
222.944711,404.840503,224.306993,401.992499,202.710000,483.970000
222.944711,404.840503,224.306993,401.992499,202.710000,483.960000
222.944711,404.840503,224.306993,401.992499,202.710000,483.960000
222.944711,404.840503,224.034536,401.992499,202.730000,483.970000
222.944711,404.840503,223.762080,401.992499,202.730000,483.970000
222.944711,404.840503,223.217167,403.416501,202.680000,483.950000
222.944711,404.840503,222.944711,403.701302,202.680000,483.940000
222.944711,404.840503,222.944711,404.270903,202.700000,483.950000
222.944711,404.840503,222.672254,404.555703,202.720000,483.950000
222.944711,404.840503,222.127342,405.410104,202.730000,483.970000
222.944711,404.840503,222.127342,405.410104,202.710000,483.980000
222.944711,404.840503,222.127342,405.410104,202.740000,483.970000
222.944711,404.840503,222.127342,405.410104,202.710000,483.960000
222.944711,404.840503,222.127342,405.410104,202.680000,483.940000
222.944711,404.840503,222.127342,405.410104,202.710000,483.940000
222.944711,404.840503,222.127342,405.410104,202.720000,483.960000
222.944711,404.840503,222.127342,405.410104,202.710000,483.960000
222.944711,404.840503,222.127342,405.410104,202.710000,483.950000
222.944711,404.840503,222.127342,405.410104,202.720000,483.960000
222.944711,404.840503,222.127342,405.410104,202.710000,483.930000
222.944711,404.840503,222.127342,405.410104,202.730000,483.970000
222.944711,404.840503,222.127342,405.410104,202.760000,483.980000
222.944711,404.840503,222.127342,405.410104,202.740000,483.960000
222.944711,404.840503,222.127342,405.410104,202.710000,483.960000
222.944711,404.840503,222.127342,405.410104,202.730000,483.970000
222.944711,404.840503,222.127342,405.410104,202.740000,483.970000
222.944711,404.840503,222.127342,405.410104,202.730000,483.970000
222.944711,404.840503,222.127342,405.410104,202.720000,483.960000
222.944711,404.840503,222.127342,405.410104,202.740000,483.970000
222.944711,404.840503,222.127342,405.979705,202.740000,483.960000
222.944711,404.840503,222.127342,405.979705,202.750000,483.960000
222.944711,404.840503,222.127342,406.549306,202.750000,483.960000
222.944711,404.840503,222.127342,406.549306,202.750000,483.960000
222.944711,404.840503,222.127342,406.549306,202.770000,483.950000
222.944711,404.840503,222.127342,406.549306,202.740000,483.960000
222.944711,404.840503,222.127342,406.549306,202.710000,483.960000
221.854885,405.125304,222.127342,406.549306,202.720000,483.960000
221.854885,405.125304,222.127342,406.549306,202.740000,483.940000
221.854885,405.125304,222.127342,406.549306,202.720000,483.950000
221.854885,405.125304,222.127342,406.549306,202.740000,483.960000
221.854885,405.125304,222.127342,406.549306,202.710000,483.960000
221.854885,405.125304,222.127342,406.549306,202.740000,483.950000
221.854885,405.125304,222.127342,406.549306,202.770000,483.960000
221.854885,405.125304,222.127342,406.549306,202.760000,483.970000
NaN,NaN,222.127342,406.549306,202.760000,483.980000
NaN,NaN,222.127342,406.549306,202.750000,483.970000
NaN,NaN,222.127342,406.549306,202.760000,483.980000
NaN,NaN,222.127342,406.549306,202.750000,483.970000
NaN,NaN,222.127342,406.549306,202.750000,483.970000
NaN,NaN,222.127342,406.549306,202.730000,483.970000
NaN,NaN,222.127342,406.549306,202.700000,483.940000
NaN,NaN,222.127342,406.549306,202.710000,483.970000
NaN,NaN,222.127342,406.549306,202.710000,483.970000
NaN,NaN,222.127342,406.549306,202.710000,483.970000
NaN,NaN,222.127342,406.549306,202.700000,483.980000
NaN,NaN,222.127342,406.549306,202.680000,483.970000
NaN,NaN,222.127342,406.549306,202.670000,483.970000
NaN,NaN,NaN,NaN,202.680000,483.960000
NaN,NaN,NaN,NaN,202.720000,483.980000
NaN,NaN,NaN,NaN,202.720000,483.970000
NaN,NaN,NaN,NaN,202.720000,483.970000
NaN,NaN,NaN,NaN,202.730000,483.980000
NaN,NaN,NaN,NaN,202.710000,483.970000
NaN,NaN,NaN,NaN,202.710000,483.980000
NaN,NaN,NaN,NaN,202.720000,483.980000
NaN,NaN,NaN,NaN,202.700000,484.010000
NaN,NaN,NaN,NaN,202.700000,483.990000
NaN,NaN,NaN,NaN,202.730000,483.990000
NaN,NaN,NaN,NaN,202.720000,483.980000
NaN,NaN,NaN,NaN,202.720000,483.980000
NaN,NaN,NaN,NaN,202.710000,483.980000
NaN,NaN,NaN,NaN,202.720000,483.980000
NaN,NaN,NaN,NaN,202.720000,483.980000
NaN,NaN,NaN,NaN,202.720000,483.980000
NaN,NaN,NaN,NaN,202.710000,483.970000
NaN,NaN,NaN,NaN,202.720000,484.000000
NaN,NaN,NaN,NaN,202.720000,484.000000
NaN,NaN,NaN,NaN,202.690000,484.000000
NaN,NaN,NaN,NaN,202.700000,483.990000
NaN,NaN,NaN,NaN,202.690000,484.000000
NaN,NaN,NaN,NaN,202.710000,484.000000
NaN,NaN,NaN,NaN,202.710000,484.000000
NaN,NaN,NaN,NaN,202.710000,483.990000
NaN,NaN,NaN,NaN,202.740000,483.990000
NaN,NaN,NaN,NaN,202.720000,484.000000
NaN,NaN,NaN,NaN,202.740000,484.000000
NaN,NaN,NaN,NaN,202.730000,484.010000
NaN,NaN,NaN,NaN,202.710000,484.010000
NaN,NaN,NaN,NaN,202.690000,484.000000
NaN,NaN,NaN,NaN,202.700000,484.010000
NaN,NaN,NaN,NaN,202.700000,484.010000
NaN,NaN,NaN,NaN,202.700000,484.000000
NaN,NaN,NaN,NaN,202.730000,484.000000
NaN,NaN,NaN,NaN,202.690000,484.010000
NaN,NaN,NaN,NaN,202.720000,484.020000
NaN,NaN,NaN,NaN,NaN,NaN
NaN,NaN,NaN,NaN,NaN,NaN
NaN,NaN,NaN,NaN,NaN,NaN
NaN,NaN,NaN,NaN,NaN,NaN
NaN,NaN,NaN,NaN,NaN,NaN
NaN,NaN,NaN,NaN,NaN,NaN
NaN,NaN,NaN,NaN,NaN,NaN
NaN,NaN,NaN,NaN,NaN,NaN
NaN,NaN,NaN,NaN,NaN,NaN
NaN,NaN,NaN,NaN,NaN,NaN
NaN,NaN,NaN,NaN,NaN,NaN
NaN,NaN,NaN,NaN,NaN,NaN
NaN,NaN,NaN,NaN,NaN,NaN
NaN,NaN,NaN,NaN,NaN,NaN
NaN,NaN,NaN,NaN,NaN,NaN
NaN,NaN,NaN,NaN,NaN,NaN
NaN,NaN,NaN,NaN,NaN,NaN
NaN,NaN,NaN,NaN,NaN,NaN
NaN,NaN,NaN,NaN,NaN,NaN
NaN,NaN,NaN,NaN,NaN,NaN
NaN,NaN,NaN,NaN,NaN,NaN
NaN,NaN,NaN,NaN,NaN,NaN
NaN,NaN,NaN,NaN,NaN,NaN
NaN,NaN,NaN,NaN,NaN,NaN
NaN,NaN,NaN,NaN,NaN,NaN
NaN,NaN,NaN,NaN,NaN,NaN
NaN,NaN,NaN,NaN,NaN,NaN
NaN,NaN,NaN,NaN,NaN,NaN
NaN,NaN,NaN,NaN,NaN,NaN
NaN,NaN,NaN,NaN,NaN,NaN
NaN,NaN,NaN,NaN,NaN,NaN
NaN,NaN,NaN,NaN,NaN,NaN
NaN,NaN,NaN,NaN,NaN,NaN
NaN,NaN,NaN,NaN,NaN,NaN
NaN,NaN,NaN,NaN,NaN,NaN
NaN,NaN,NaN,NaN,NaN,NaN
NaN,NaN,NaN,NaN,NaN,NaN
NaN,NaN,NaN,NaN,NaN,NaN
NaN,NaN,NaN,NaN,NaN,NaN
NaN,NaN,NaN,NaN,NaN,NaN
NaN,NaN,NaN,NaN,NaN,NaN
NaN,NaN,NaN,NaN,NaN,NaN
NaN,NaN,NaN,NaN,NaN,NaN
NaN,NaN,NaN,NaN,NaN,NaN
NaN,NaN,NaN,NaN,NaN,NaN
NaN,NaN,NaN,NaN,NaN,NaN
NaN,NaN,NaN,NaN,NaN,NaN
NaN,NaN,NaN,NaN,NaN,NaN
NaN,NaN,NaN,NaN,NaN,NaN
NaN,NaN,NaN,NaN,NaN,NaN
NaN,NaN,NaN,NaN,NaN,NaN
NaN,NaN,NaN,NaN,NaN,NaN
NaN,NaN,NaN,NaN,NaN,NaN
NaN,NaN,NaN,NaN,NaN,NaN
NaN,NaN,NaN,NaN,NaN,NaN
NaN,NaN,NaN,NaN,NaN,NaN
NaN,NaN,NaN,NaN,NaN,NaN
NaN,NaN,NaN,NaN,NaN,NaN
NaN,NaN,NaN,NaN,NaN,NaN
NaN,NaN,NaN,NaN,NaN,NaN
NaN,NaN,NaN,NaN,NaN,NaN
NaN,NaN,NaN,NaN,NaN,NaN
NaN,NaN,NaN,NaN,NaN,NaN
NaN,NaN,NaN,NaN,NaN,NaN
NaN,NaN,NaN,NaN,NaN,NaN
NaN,NaN,NaN,NaN,NaN,NaN
NaN,NaN,NaN,NaN,NaN,NaN
NaN,NaN,NaN,NaN,NaN,NaN
NaN,NaN,NaN,NaN,NaN,NaN
NaN,NaN,NaN,NaN,NaN,NaN
NaN,NaN,NaN,NaN,NaN,NaN
NaN,NaN,NaN,NaN,NaN,NaN
NaN,NaN,NaN,NaN,NaN,NaN
NaN,NaN,NaN,NaN,NaN,NaN
NaN,NaN,NaN,NaN,NaN,NaN
NaN,NaN,NaN,NaN,NaN,NaN
NaN,NaN,NaN,NaN,NaN,NaN
NaN,NaN,NaN,NaN,NaN,NaN
NaN,NaN,NaN,NaN,NaN,NaN
NaN,NaN,NaN,NaN,NaN,NaN
NaN,NaN,NaN,NaN,NaN,NaN
NaN,NaN,NaN,NaN,NaN,NaN
NaN,NaN,NaN,NaN,NaN,NaN
NaN,NaN,NaN,NaN,NaN,NaN
NaN,NaN,NaN,NaN,NaN,NaN
NaN,NaN,NaN,NaN,NaN,NaN
NaN,NaN,NaN,NaN,NaN,NaN
NaN,NaN,NaN,NaN,NaN,NaN
NaN,NaN,NaN,NaN,NaN,NaN
NaN,NaN,NaN,NaN,NaN,NaN
NaN,NaN,NaN,NaN,NaN,NaN
NaN,NaN,NaN,NaN,NaN,NaN
NaN,NaN,NaN,NaN,NaN,NaN
NaN,NaN,NaN,NaN,NaN,NaN
NaN,NaN,NaN,NaN,NaN,NaN
NaN,NaN,NaN,NaN,NaN,NaN
NaN,NaN,NaN,NaN,NaN,NaN
NaN,NaN,NaN,NaN,NaN,NaN
NaN,NaN,NaN,NaN,NaN,NaN
NaN,NaN,NaN,NaN,NaN,NaN
NaN,NaN,NaN,NaN,NaN,NaN
NaN,NaN,NaN,NaN,NaN,NaN
NaN,NaN,NaN,NaN,NaN,NaN
NaN,NaN,NaN,NaN,NaN,NaN
NaN,NaN,NaN,NaN,NaN,NaN
NaN,NaN,NaN,NaN,NaN,NaN
NaN,NaN,NaN,NaN,NaN,NaN
NaN,NaN,NaN,NaN,NaN,NaN
NaN,NaN,NaN,NaN,NaN,NaN
NaN,NaN,NaN,NaN,NaN,NaN
NaN,NaN,NaN,NaN,NaN,NaN
NaN,NaN,NaN,NaN,NaN,NaN
NaN,NaN,NaN,NaN,NaN,NaN
NaN,NaN,NaN,NaN,NaN,NaN
NaN,NaN,NaN,NaN,NaN,NaN
NaN,NaN,NaN,NaN,NaN,NaN
NaN,NaN,NaN,NaN,NaN,NaN
NaN,NaN,NaN,NaN,NaN,NaN
NaN,NaN,NaN,NaN,NaN,NaN
NaN,NaN,NaN,NaN,NaN,NaN
NaN,NaN,NaN,NaN,NaN,NaN
NaN,NaN,NaN,NaN,NaN,NaN
NaN,NaN,NaN,NaN,NaN,NaN
NaN,NaN,NaN,NaN,NaN,NaN
NaN,NaN,NaN,NaN,NaN,NaN
NaN,NaN,NaN,NaN,NaN,NaN
NaN,NaN,NaN,NaN,NaN,NaN
NaN,NaN,NaN,NaN,NaN,NaN
NaN,NaN,NaN,NaN,NaN,NaN
NaN,NaN,NaN,NaN,NaN,NaN
NaN,NaN,NaN,NaN,NaN,NaN
NaN,NaN,NaN,NaN,NaN,NaN
NaN,NaN,NaN,NaN,NaN,NaN
NaN,NaN,NaN,NaN,NaN,NaN
NaN,NaN,NaN,NaN,NaN,NaN
NaN,NaN,NaN,NaN,NaN,NaN
NaN,NaN,NaN,NaN,NaN,NaN
NaN,NaN,NaN,NaN,NaN,NaN
NaN,NaN,NaN,NaN,NaN,NaN
NaN,NaN,NaN,NaN,NaN,NaN
NaN,NaN,NaN,NaN,NaN,NaN
NaN,NaN,NaN,NaN,NaN,NaN
NaN,NaN,NaN,NaN,NaN,NaN
NaN,NaN,NaN,NaN,NaN,NaN
NaN,NaN,NaN,NaN,NaN,NaN
NaN,NaN,NaN,NaN,NaN,NaN
NaN,NaN,NaN,NaN,NaN,NaN
NaN,NaN,NaN,NaN,NaN,NaN
NaN,NaN,NaN,NaN,NaN,NaN
NaN,NaN,NaN,NaN,NaN,NaN
NaN,NaN,NaN,NaN,NaN,NaN
NaN,NaN,NaN,NaN,NaN,NaN
NaN,NaN,NaN,NaN,NaN,NaN
NaN,NaN,NaN,NaN,NaN,NaN
NaN,NaN,NaN,NaN,NaN,NaN
NaN,NaN,NaN,NaN,NaN,NaN
NaN,NaN,NaN,NaN,NaN,NaN
NaN,NaN,NaN,NaN,NaN,NaN
NaN,NaN,NaN,NaN,NaN,NaN
NaN,NaN,NaN,NaN,NaN,NaN
NaN,NaN,NaN,NaN,NaN,NaN
NaN,NaN,NaN,NaN,NaN,NaN
NaN,NaN,NaN,NaN,NaN,NaN
NaN,NaN,NaN,NaN,NaN,NaN
NaN,NaN,NaN,NaN,NaN,NaN
NaN,NaN,NaN,NaN,NaN,NaN
NaN,NaN,NaN,NaN,NaN,NaN
NaN,NaN,NaN,NaN,NaN,NaN
NaN,NaN,NaN,NaN,NaN,NaN
NaN,NaN,NaN,NaN,NaN,NaN
NaN,NaN,NaN,NaN,NaN,NaN
NaN,NaN,NaN,NaN,NaN,NaN
NaN,NaN,NaN,NaN,NaN,NaN
NaN,NaN,NaN,NaN,NaN,NaN
NaN,NaN,NaN,NaN,NaN,NaN
NaN,NaN,NaN,NaN,NaN,NaN
NaN,NaN,NaN,NaN,NaN,NaN
NaN,NaN,NaN,NaN,NaN,NaN
NaN,NaN,NaN,NaN,NaN,NaN
NaN,NaN,NaN,NaN,NaN,NaN
NaN,NaN,NaN,NaN,NaN,NaN
NaN,NaN,NaN,NaN,NaN,NaN
NaN,NaN,NaN,NaN,NaN,NaN
NaN,NaN,NaN,NaN,NaN,NaN
NaN,NaN,NaN,NaN,NaN,NaN
NaN,NaN,NaN,NaN,NaN,NaN
NaN,NaN,NaN,NaN,NaN,NaN
NaN,NaN,NaN,NaN,NaN,NaN
NaN,NaN,NaN,NaN,NaN,NaN
NaN,NaN,NaN,NaN,NaN,NaN
NaN,NaN,NaN,NaN,NaN,NaN
NaN,NaN,NaN,NaN,NaN,NaN
NaN,NaN,NaN,NaN,NaN,NaN
NaN,NaN,NaN,NaN,NaN,NaN
NaN,NaN,NaN,NaN,NaN,NaN
NaN,NaN,NaN,NaN,NaN,NaN
NaN,NaN,NaN,NaN,NaN,NaN
NaN,NaN,NaN,NaN,NaN,NaN
NaN,NaN,NaN,NaN,NaN,NaN
NaN,NaN,NaN,NaN,NaN,NaN
NaN,NaN,NaN,NaN,NaN,NaN
NaN,NaN,NaN,NaN,NaN,NaN
NaN,NaN,NaN,NaN,NaN,NaN
NaN,NaN,NaN,NaN,NaN,NaN
NaN,NaN,NaN,NaN,NaN,NaN
NaN,NaN,NaN,NaN,NaN,NaN
NaN,NaN,NaN,NaN,NaN,NaN
NaN,NaN,NaN,NaN,NaN,NaN
NaN,NaN,NaN,NaN,NaN,NaN
NaN,NaN,NaN,NaN,NaN,NaN
NaN,NaN,NaN,NaN,NaN,NaN
NaN,NaN,NaN,NaN,NaN,NaN
NaN,NaN,NaN,NaN,NaN,NaN
NaN,NaN,NaN,NaN,NaN,NaN
NaN,NaN,NaN,NaN,NaN,NaN
NaN,NaN,NaN,NaN,NaN,NaN
NaN,NaN,NaN,NaN,NaN,NaN
NaN,NaN,NaN,NaN,NaN,NaN
NaN,NaN,NaN,NaN,NaN,NaN
NaN,NaN,NaN,NaN,NaN,NaN
NaN,NaN,NaN,NaN,NaN,NaN
NaN,NaN,NaN,NaN,NaN,NaN
NaN,NaN,NaN,NaN,NaN,NaN
NaN,NaN,NaN,NaN,NaN,NaN
NaN,NaN,NaN,NaN,NaN,NaN
NaN,NaN,NaN,NaN,NaN,NaN
NaN,NaN,NaN,NaN,NaN,NaN
NaN,NaN,NaN,NaN,NaN,NaN
NaN,NaN,NaN,NaN,NaN,NaN
NaN,NaN,NaN,NaN,NaN,NaN
NaN,NaN,NaN,NaN,NaN,NaN
NaN,NaN,NaN,NaN,NaN,NaN
NaN,NaN,NaN,NaN,NaN,NaN
NaN,NaN,NaN,NaN,NaN,NaN
NaN,NaN,NaN,NaN,NaN,NaN
NaN,NaN,NaN,NaN,NaN,NaN
NaN,NaN,NaN,NaN,NaN,NaN
NaN,NaN,NaN,NaN,NaN,NaN
NaN,NaN,NaN,NaN,NaN,NaN
NaN,NaN,NaN,NaN,NaN,NaN
NaN,NaN,NaN,NaN,NaN,NaN
NaN,NaN,NaN,NaN,NaN,NaN
NaN,NaN,NaN,NaN,NaN,NaN
NaN,NaN,NaN,NaN,NaN,NaN
NaN,NaN,NaN,NaN,NaN,NaN
NaN,NaN,NaN,NaN,NaN,NaN
NaN,NaN,NaN,NaN,NaN,NaN
NaN,NaN,NaN,NaN,NaN,NaN
NaN,NaN,NaN,NaN,NaN,NaN
NaN,NaN,NaN,NaN,NaN,NaN
NaN,NaN,NaN,NaN,NaN,NaN
NaN,NaN,NaN,NaN,NaN,NaN
NaN,NaN,NaN,NaN,NaN,NaN
NaN,NaN,NaN,NaN,NaN,NaN
NaN,NaN,NaN,NaN,NaN,NaN
NaN,NaN,NaN,NaN,NaN,NaN
NaN,NaN,NaN,NaN,NaN,NaN
NaN,NaN,NaN,NaN,NaN,NaN
NaN,NaN,NaN,NaN,NaN,NaN
NaN,NaN,NaN,NaN,NaN,NaN
NaN,NaN,NaN,NaN,NaN,NaN
NaN,NaN,NaN,NaN,NaN,NaN
NaN,NaN,NaN,NaN,NaN,NaN
NaN,NaN,NaN,NaN,NaN,NaN
NaN,NaN,NaN,NaN,NaN,NaN
NaN,NaN,NaN,NaN,NaN,NaN
NaN,NaN,NaN,NaN,NaN,NaN
NaN,NaN,NaN,NaN,NaN,NaN
NaN,NaN,NaN,NaN,NaN,NaN
NaN,NaN,NaN,NaN,NaN,NaN
NaN,NaN,NaN,NaN,NaN,NaN
NaN,NaN,NaN,NaN,NaN,NaN
NaN,NaN,NaN,NaN,NaN,NaN
NaN,NaN,NaN,NaN,NaN,NaN
NaN,NaN,NaN,NaN,NaN,NaN
NaN,NaN,NaN,NaN,NaN,NaN
NaN,NaN,NaN,NaN,NaN,NaN
NaN,NaN,NaN,NaN,NaN,NaN
NaN,NaN,NaN,NaN,NaN,NaN
NaN,NaN,NaN,NaN,NaN,NaN
NaN,NaN,NaN,NaN,NaN,NaN
NaN,NaN,NaN,NaN,NaN,NaN
NaN,NaN,NaN,NaN,NaN,NaN
NaN,NaN,NaN,NaN,NaN,NaN
NaN,NaN,NaN,NaN,NaN,NaN
NaN,NaN,NaN,NaN,NaN,NaN
NaN,NaN,NaN,NaN,NaN,NaN
NaN,NaN,NaN,NaN,NaN,NaN
NaN,NaN,NaN,NaN,NaN,NaN
NaN,NaN,NaN,NaN,NaN,NaN
NaN,NaN,NaN,NaN,NaN,NaN
NaN,NaN,NaN,NaN,NaN,NaN
NaN,NaN,NaN,NaN,NaN,NaN
NaN,NaN,NaN,NaN,NaN,NaN
NaN,NaN,NaN,NaN,NaN,NaN
NaN,NaN,NaN,NaN,NaN,NaN
NaN,NaN,NaN,NaN,NaN,NaN
NaN,NaN,NaN,NaN,NaN,NaN
NaN,NaN,NaN,NaN,NaN,NaN
NaN,NaN,NaN,NaN,NaN,NaN
NaN,NaN,NaN,NaN,NaN,NaN
NaN,NaN,NaN,NaN,NaN,NaN
NaN,NaN,NaN,NaN,NaN,NaN
NaN,NaN,NaN,NaN,NaN,NaN
NaN,NaN,NaN,NaN,NaN,NaN
NaN,NaN,NaN,NaN,NaN,NaN
NaN,NaN,NaN,NaN,NaN,NaN
NaN,NaN,NaN,NaN,NaN,NaN
NaN,NaN,NaN,NaN,NaN,NaN
NaN,NaN,NaN,NaN,NaN,NaN
NaN,NaN,NaN,NaN,NaN,NaN
NaN,NaN,NaN,NaN,NaN,NaN
NaN,NaN,NaN,NaN,NaN,NaN
NaN,NaN,NaN,NaN,NaN,NaN
NaN,NaN,NaN,NaN,NaN,NaN
NaN,NaN,NaN,NaN,NaN,NaN
NaN,NaN,NaN,NaN,NaN,NaN
NaN,NaN,NaN,NaN,NaN,NaN
NaN,NaN,NaN,NaN,NaN,NaN
NaN,NaN,NaN,NaN,NaN,NaN
NaN,NaN,NaN,NaN,NaN,NaN
NaN,NaN,NaN,NaN,NaN,NaN
NaN,NaN,NaN,NaN,NaN,NaN
NaN,NaN,NaN,NaN,NaN,NaN
NaN,NaN,NaN,NaN,NaN,NaN
NaN,NaN,NaN,NaN,NaN,NaN
NaN,NaN,NaN,NaN,NaN,NaN
NaN,NaN,NaN,NaN,NaN,NaN
NaN,NaN,NaN,NaN,NaN,NaN
NaN,NaN,NaN,NaN,NaN,NaN
NaN,NaN,NaN,NaN,NaN,NaN
NaN,NaN,NaN,NaN,NaN,NaN
NaN,NaN,NaN,NaN,NaN,NaN
NaN,NaN,NaN,NaN,NaN,NaN
NaN,NaN,NaN,NaN,NaN,NaN
NaN,NaN,NaN,NaN,NaN,NaN
NaN,NaN,NaN,NaN,NaN,NaN
NaN,NaN,NaN,NaN,NaN,NaN
NaN,NaN,NaN,NaN,NaN,NaN
NaN,NaN,NaN,NaN,NaN,NaN
NaN,NaN,NaN,NaN,NaN,NaN
NaN,NaN,NaN,NaN,NaN,NaN
NaN,NaN,NaN,NaN,NaN,NaN
NaN,NaN,NaN,NaN,NaN,NaN
NaN,NaN,NaN,NaN,NaN,NaN
NaN,NaN,NaN,NaN,NaN,NaN
NaN,NaN,NaN,NaN,NaN,NaN
NaN,NaN,NaN,NaN,NaN,NaN
NaN,NaN,NaN,NaN,NaN,NaN
NaN,NaN,NaN,NaN,NaN,NaN
NaN,NaN,NaN,NaN,NaN,NaN
NaN,NaN,NaN,NaN,NaN,NaN
NaN,NaN,NaN,NaN,NaN,NaN
NaN,NaN,NaN,NaN,NaN,NaN
NaN,NaN,NaN,NaN,NaN,NaN
NaN,NaN,NaN,NaN,NaN,NaN
NaN,NaN,NaN,NaN,NaN,NaN
NaN,NaN,NaN,NaN,NaN,NaN
NaN,NaN,NaN,NaN,NaN,NaN
NaN,NaN,NaN,NaN,NaN,NaN
NaN,NaN,NaN,NaN,NaN,NaN
NaN,NaN,NaN,NaN,NaN,NaN
NaN,NaN,NaN,NaN,NaN,NaN
NaN,NaN,NaN,NaN,NaN,NaN
NaN,NaN,NaN,NaN,NaN,NaN
NaN,NaN,NaN,NaN,NaN,NaN
NaN,NaN,NaN,NaN,NaN,NaN
NaN,NaN,NaN,NaN,NaN,NaN
NaN,NaN,NaN,NaN,NaN,NaN
NaN,NaN,NaN,NaN,NaN,NaN
NaN,NaN,NaN,NaN,NaN,NaN
NaN,NaN,NaN,NaN,NaN,NaN
NaN,NaN,NaN,NaN,NaN,NaN
NaN,NaN,NaN,NaN,NaN,NaN
NaN,NaN,NaN,NaN,NaN,NaN
NaN,NaN,NaN,NaN,NaN,NaN
NaN,NaN,NaN,NaN,NaN,NaN
NaN,NaN,NaN,NaN,NaN,NaN
NaN,NaN,NaN,NaN,NaN,NaN
NaN,NaN,NaN,NaN,NaN,NaN
NaN,NaN,NaN,NaN,NaN,NaN
NaN,NaN,NaN,NaN,NaN,NaN
NaN,NaN,NaN,NaN,NaN,NaN
NaN,NaN,NaN,NaN,NaN,NaN
NaN,NaN,NaN,NaN,NaN,NaN
NaN,NaN,NaN,NaN,NaN,NaN
NaN,NaN,NaN,NaN,NaN,NaN
NaN,NaN,NaN,NaN,NaN,NaN
NaN,NaN,NaN,NaN,NaN,NaN
NaN,NaN,NaN,NaN,NaN,NaN
NaN,NaN,NaN,NaN,NaN,NaN
NaN,NaN,NaN,NaN,NaN,NaN
NaN,NaN,NaN,NaN,NaN,NaN
NaN,NaN,NaN,NaN,NaN,NaN
NaN,NaN,NaN,NaN,NaN,NaN
NaN,NaN,NaN,NaN,NaN,NaN
NaN,NaN,NaN,NaN,NaN,NaN
NaN,NaN,NaN,NaN,NaN,NaN
NaN,NaN,NaN,NaN,NaN,NaN
NaN,NaN,NaN,NaN,NaN,NaN
NaN,NaN,NaN,NaN,NaN,NaN
NaN,NaN,NaN,NaN,NaN,NaN
NaN,NaN,NaN,NaN,NaN,NaN
NaN,NaN,NaN,NaN,NaN,NaN
NaN,NaN,NaN,NaN,NaN,NaN
NaN,NaN,NaN,NaN,NaN,NaN
NaN,NaN,NaN,NaN,NaN,NaN
NaN,NaN,NaN,NaN,NaN,NaN
NaN,NaN,NaN,NaN,NaN,NaN
NaN,NaN,NaN,NaN,NaN,NaN
NaN,NaN,NaN,NaN,NaN,NaN
NaN,NaN,NaN,NaN,NaN,NaN
NaN,NaN,NaN,NaN,NaN,NaN
NaN,NaN,NaN,NaN,NaN,NaN
NaN,NaN,NaN,NaN,NaN,NaN
NaN,NaN,NaN,NaN,NaN,NaN
NaN,NaN,NaN,NaN,NaN,NaN
NaN,NaN,NaN,NaN,NaN,NaN
NaN,NaN,NaN,NaN,NaN,NaN
NaN,NaN,NaN,NaN,NaN,NaN
NaN,NaN,NaN,NaN,NaN,NaN
NaN,NaN,NaN,NaN,NaN,NaN
NaN,NaN,NaN,NaN,NaN,NaN
NaN,NaN,NaN,NaN,NaN,NaN
NaN,NaN,NaN,NaN,NaN,NaN
NaN,NaN,NaN,NaN,NaN,NaN
NaN,NaN,NaN,NaN,NaN,NaN
NaN,NaN,NaN,NaN,NaN,NaN
NaN,NaN,NaN,NaN,NaN,NaN
NaN,NaN,NaN,NaN,NaN,NaN
NaN,NaN,NaN,NaN,NaN,NaN
NaN,NaN,NaN,NaN,NaN,NaN
NaN,NaN,NaN,NaN,NaN,NaN
NaN,NaN,NaN,NaN,NaN,NaN
NaN,NaN,NaN,NaN,NaN,NaN
NaN,NaN,NaN,NaN,NaN,NaN
NaN,NaN,NaN,NaN,NaN,NaN
NaN,NaN,NaN,NaN,NaN,NaN
NaN,NaN,NaN,NaN,NaN,NaN
NaN,NaN,NaN,NaN,NaN,NaN
NaN,NaN,NaN,NaN,NaN,NaN
NaN,NaN,NaN,NaN,NaN,NaN
NaN,NaN,NaN,NaN,NaN,NaN
NaN,NaN,NaN,NaN,NaN,NaN
NaN,NaN,NaN,NaN,NaN,NaN
NaN,NaN,NaN,NaN,NaN,NaN
NaN,NaN,NaN,NaN,NaN,NaN
NaN,NaN,NaN,NaN,NaN,NaN
NaN,NaN,NaN,NaN,NaN,NaN
NaN,NaN,NaN,NaN,NaN,NaN
NaN,NaN,NaN,NaN,NaN,NaN
NaN,NaN,NaN,NaN,NaN,NaN
NaN,NaN,NaN,NaN,NaN,NaN
NaN,NaN,NaN,NaN,NaN,NaN
NaN,NaN,NaN,NaN,NaN,NaN
NaN,NaN,NaN,NaN,NaN,NaN
NaN,NaN,NaN,NaN,NaN,NaN
NaN,NaN,NaN,NaN,NaN,NaN
NaN,NaN,NaN,NaN,NaN,NaN
NaN,NaN,NaN,NaN,NaN,NaN
NaN,NaN,NaN,NaN,NaN,NaN
NaN,NaN,NaN,NaN,NaN,NaN
NaN,NaN,NaN,NaN,NaN,NaN
NaN,NaN,NaN,NaN,NaN,NaN
NaN,NaN,NaN,NaN,NaN,NaN
NaN,NaN,NaN,NaN,NaN,NaN
NaN,NaN,NaN,NaN,NaN,NaN
NaN,NaN,NaN,NaN,NaN,NaN
NaN,NaN,NaN,NaN,NaN,NaN
NaN,NaN,NaN,NaN,NaN,NaN
NaN,NaN,NaN,NaN,NaN,NaN
NaN,NaN,NaN,NaN,NaN,NaN
NaN,NaN,NaN,NaN,NaN,NaN
NaN,NaN,NaN,NaN,NaN,NaN
NaN,NaN,NaN,NaN,NaN,NaN
NaN,NaN,NaN,NaN,NaN,NaN
NaN,NaN,NaN,NaN,NaN,NaN
NaN,NaN,NaN,NaN,NaN,NaN
NaN,NaN,NaN,NaN,NaN,NaN
NaN,NaN,NaN,NaN,NaN,NaN
NaN,NaN,NaN,NaN,NaN,NaN
NaN,NaN,NaN,NaN,NaN,NaN
NaN,NaN,NaN,NaN,NaN,NaN
NaN,NaN,NaN,NaN,NaN,NaN
NaN,NaN,NaN,NaN,NaN,NaN
NaN,NaN,NaN,NaN,NaN,NaN
NaN,NaN,NaN,NaN,NaN,NaN
NaN,NaN,NaN,NaN,NaN,NaN
NaN,NaN,NaN,NaN,NaN,NaN
NaN,NaN,NaN,NaN,NaN,NaN
NaN,NaN,NaN,NaN,NaN,NaN
NaN,NaN,NaN,NaN,NaN,NaN
NaN,NaN,NaN,NaN,NaN,NaN
NaN,NaN,NaN,NaN,NaN,NaN
NaN,NaN,NaN,NaN,NaN,NaN
NaN,NaN,NaN,NaN,NaN,NaN
NaN,NaN,NaN,NaN,NaN,NaN
NaN,NaN,NaN,NaN,NaN,NaN
NaN,NaN,NaN,NaN,NaN,NaN
NaN,NaN,NaN,NaN,NaN,NaN
NaN,NaN,NaN,NaN,NaN,NaN
NaN,NaN,NaN,NaN,NaN,NaN
NaN,NaN,NaN,NaN,NaN,NaN
NaN,NaN,NaN,NaN,NaN,NaN
NaN,NaN,NaN,NaN,NaN,NaN
NaN,NaN,NaN,NaN,NaN,NaN
NaN,NaN,NaN,NaN,NaN,NaN
NaN,NaN,NaN,NaN,NaN,NaN
NaN,NaN,NaN,NaN,NaN,NaN
NaN,NaN,NaN,NaN,NaN,NaN
NaN,NaN,NaN,NaN,NaN,NaN
NaN,NaN,NaN,NaN,NaN,NaN
NaN,NaN,NaN,NaN,NaN,NaN
NaN,NaN,NaN,NaN,NaN,NaN
NaN,NaN,NaN,NaN,NaN,NaN
NaN,NaN,NaN,NaN,NaN,NaN
NaN,NaN,NaN,NaN,NaN,NaN
NaN,NaN,NaN,NaN,NaN,NaN
NaN,NaN,NaN,NaN,NaN,NaN
NaN,NaN,NaN,NaN,NaN,NaN
NaN,NaN,NaN,NaN,NaN,NaN
NaN,NaN,NaN,NaN,NaN,NaN
NaN,NaN,NaN,NaN,NaN,NaN
NaN,NaN,NaN,NaN,NaN,NaN
NaN,NaN,NaN,NaN,NaN,NaN
NaN,NaN,NaN,NaN,NaN,NaN
NaN,NaN,NaN,NaN,NaN,NaN
NaN,NaN,NaN,NaN,NaN,NaN
NaN,NaN,NaN,NaN,NaN,NaN
NaN,NaN,NaN,NaN,NaN,NaN
NaN,NaN,NaN,NaN,NaN,NaN
NaN,NaN,NaN,NaN,NaN,NaN
NaN,NaN,NaN,NaN,NaN,NaN
NaN,NaN,NaN,NaN,NaN,NaN
NaN,NaN,NaN,NaN,NaN,NaN
NaN,NaN,NaN,NaN,NaN,NaN
NaN,NaN,NaN,NaN,NaN,NaN
NaN,NaN,NaN,NaN,NaN,NaN
NaN,NaN,NaN,NaN,NaN,NaN
NaN,NaN,NaN,NaN,NaN,NaN
NaN,NaN,NaN,NaN,NaN,NaN
NaN,NaN,NaN,NaN,NaN,NaN
NaN,NaN,NaN,NaN,NaN,NaN
NaN,NaN,NaN,NaN,NaN,NaN
NaN,NaN,NaN,NaN,NaN,NaN
NaN,NaN,NaN,NaN,NaN,NaN
NaN,NaN,NaN,NaN,NaN,NaN
NaN,NaN,NaN,NaN,NaN,NaN
NaN,NaN,NaN,NaN,NaN,NaN
NaN,NaN,NaN,NaN,NaN,NaN
NaN,NaN,NaN,NaN,NaN,NaN
NaN,NaN,NaN,NaN,NaN,NaN
NaN,NaN,NaN,NaN,NaN,NaN
NaN,NaN,NaN,NaN,NaN,NaN
NaN,NaN,NaN,NaN,NaN,NaN
NaN,NaN,NaN,NaN,NaN,NaN
NaN,NaN,NaN,NaN,NaN,NaN
NaN,NaN,NaN,NaN,NaN,NaN
NaN,NaN,NaN,NaN,NaN,NaN
NaN,NaN,NaN,NaN,NaN,NaN
NaN,NaN,NaN,NaN,NaN,NaN
NaN,NaN,NaN,NaN,NaN,NaN
NaN,NaN,NaN,NaN,NaN,NaN
NaN,NaN,NaN,NaN,NaN,NaN
NaN,NaN,NaN,NaN,NaN,NaN
NaN,NaN,NaN,NaN,NaN,NaN
NaN,NaN,NaN,NaN,NaN,NaN
NaN,NaN,NaN,NaN,NaN,NaN
NaN,NaN,NaN,NaN,NaN,NaN
NaN,NaN,NaN,NaN,NaN,NaN
NaN,NaN,NaN,NaN,NaN,NaN
NaN,NaN,NaN,NaN,NaN,NaN
NaN,NaN,NaN,NaN,NaN,NaN
NaN,NaN,NaN,NaN,NaN,NaN
NaN,NaN,NaN,NaN,NaN,NaN
NaN,NaN,NaN,NaN,NaN,NaN
NaN,NaN,NaN,NaN,NaN,NaN
NaN,NaN,NaN,NaN,NaN,NaN
NaN,NaN,NaN,NaN,NaN,NaN
NaN,NaN,NaN,NaN,NaN,NaN
NaN,NaN,NaN,NaN,NaN,NaN
NaN,NaN,NaN,NaN,NaN,NaN
NaN,NaN,NaN,NaN,NaN,NaN
NaN,NaN,NaN,NaN,NaN,NaN
NaN,NaN,NaN,NaN,NaN,NaN
NaN,NaN,NaN,NaN,NaN,NaN
NaN,NaN,NaN,NaN,NaN,NaN
NaN,NaN,NaN,NaN,NaN,NaN
NaN,NaN,NaN,NaN,NaN,NaN
NaN,NaN,NaN,NaN,NaN,NaN
NaN,NaN,NaN,NaN,NaN,NaN
NaN,NaN,NaN,NaN,NaN,NaN
NaN,NaN,NaN,NaN,NaN,NaN
NaN,NaN,NaN,NaN,NaN,NaN
NaN,NaN,NaN,NaN,NaN,NaN
NaN,NaN,NaN,NaN,NaN,NaN
NaN,NaN,NaN,NaN,NaN,NaN
NaN,NaN,NaN,NaN,NaN,NaN
NaN,NaN,NaN,NaN,NaN,NaN
NaN,NaN,NaN,NaN,NaN,NaN
NaN,NaN,NaN,NaN,NaN,NaN
NaN,NaN,NaN,NaN,NaN,NaN
NaN,NaN,NaN,NaN,NaN,NaN
NaN,NaN,NaN,NaN,NaN,NaN
NaN,NaN,NaN,NaN,NaN,NaN
NaN,NaN,NaN,NaN,NaN,NaN
NaN,NaN,NaN,NaN,NaN,NaN
NaN,NaN,NaN,NaN,NaN,NaN
NaN,NaN,NaN,NaN,NaN,NaN
NaN,NaN,NaN,NaN,NaN,NaN
NaN,NaN,NaN,NaN,NaN,NaN
NaN,NaN,NaN,NaN,NaN,NaN
NaN,NaN,NaN,NaN,NaN,NaN
NaN,NaN,NaN,NaN,NaN,NaN
NaN,NaN,NaN,NaN,NaN,NaN
NaN,NaN,NaN,NaN,NaN,NaN
NaN,NaN,NaN,NaN,NaN,NaN
NaN,NaN,NaN,NaN,NaN,NaN
NaN,NaN,NaN,NaN,NaN,NaN
NaN,NaN,NaN,NaN,NaN,NaN
NaN,NaN,NaN,NaN,NaN,NaN
NaN,NaN,NaN,NaN,NaN,NaN
NaN,NaN,NaN,NaN,NaN,NaN
NaN,NaN,NaN,NaN,NaN,NaN
NaN,NaN,NaN,NaN,NaN,NaN
NaN,NaN,NaN,NaN,NaN,NaN
NaN,NaN,NaN,NaN,NaN,NaN
NaN,NaN,NaN,NaN,NaN,NaN
NaN,NaN,NaN,NaN,NaN,NaN
NaN,NaN,NaN,NaN,NaN,NaN
NaN,NaN,NaN,NaN,NaN,NaN
NaN,NaN,NaN,NaN,NaN,NaN
NaN,NaN,NaN,NaN,NaN,NaN
NaN,NaN,NaN,NaN,NaN,NaN
NaN,NaN,NaN,NaN,NaN,NaN
NaN,NaN,NaN,NaN,NaN,NaN
NaN,NaN,NaN,NaN,NaN,NaN
NaN,NaN,NaN,NaN,NaN,NaN
NaN,NaN,NaN,NaN,NaN,NaN
NaN,NaN,NaN,NaN,NaN,NaN
NaN,NaN,NaN,NaN,NaN,NaN
NaN,NaN,NaN,NaN,NaN,NaN
NaN,NaN,NaN,NaN,NaN,NaN
NaN,NaN,NaN,NaN,NaN,NaN
NaN,NaN,NaN,NaN,NaN,NaN
NaN,NaN,NaN,NaN,NaN,NaN
NaN,NaN,NaN,NaN,NaN,NaN
NaN,NaN,NaN,NaN,NaN,NaN
NaN,NaN,NaN,NaN,NaN,NaN
NaN,NaN,NaN,NaN,NaN,NaN
NaN,NaN,NaN,NaN,NaN,NaN
NaN,NaN,NaN,NaN,NaN,NaN
NaN,NaN,NaN,NaN,NaN,NaN
NaN,NaN,NaN,NaN,NaN,NaN
NaN,NaN,NaN,NaN,NaN,NaN
NaN,NaN,NaN,NaN,NaN,NaN
NaN,NaN,NaN,NaN,NaN,NaN
NaN,NaN,NaN,NaN,NaN,NaN
NaN,NaN,NaN,NaN,NaN,NaN
NaN,NaN,NaN,NaN,NaN,NaN
NaN,NaN,NaN,NaN,NaN,NaN
NaN,NaN,NaN,NaN,NaN,NaN
NaN,NaN,NaN,NaN,NaN,NaN
NaN,NaN,NaN,NaN,NaN,NaN
NaN,NaN,NaN,NaN,NaN,NaN
NaN,NaN,NaN,NaN,NaN,NaN
NaN,NaN,NaN,NaN,NaN,NaN
NaN,NaN,NaN,NaN,NaN,NaN
NaN,NaN,NaN,NaN,NaN,NaN
NaN,NaN,NaN,NaN,NaN,NaN
NaN,NaN,NaN,NaN,NaN,NaN
NaN,NaN,NaN,NaN,NaN,NaN
NaN,NaN,NaN,NaN,NaN,NaN
NaN,NaN,NaN,NaN,NaN,NaN
NaN,NaN,NaN,NaN,NaN,NaN
NaN,NaN,NaN,NaN,NaN,NaN
NaN,NaN,NaN,NaN,NaN,NaN
NaN,NaN,NaN,NaN,NaN,NaN
NaN,NaN,NaN,NaN,NaN,NaN
NaN,NaN,NaN,NaN,NaN,NaN
NaN,NaN,NaN,NaN,NaN,NaN
NaN,NaN,NaN,NaN,NaN,NaN
NaN,NaN,NaN,NaN,NaN,NaN
NaN,NaN,NaN,NaN,NaN,NaN
NaN,NaN,NaN,NaN,NaN,NaN
NaN,NaN,NaN,NaN,NaN,NaN
NaN,NaN,NaN,NaN,NaN,NaN
NaN,NaN,NaN,NaN,NaN,NaN
NaN,NaN,NaN,NaN,NaN,NaN
NaN,NaN,NaN,NaN,NaN,NaN
NaN,NaN,NaN,NaN,NaN,NaN
NaN,NaN,NaN,NaN,NaN,NaN
NaN,NaN,NaN,NaN,NaN,NaN
NaN,NaN,NaN,NaN,NaN,NaN
NaN,NaN,NaN,NaN,NaN,NaN
NaN,NaN,NaN,NaN,NaN,NaN
NaN,NaN,NaN,NaN,NaN,NaN
NaN,NaN,NaN,NaN,NaN,NaN
NaN,NaN,NaN,NaN,NaN,NaN
NaN,NaN,NaN,NaN,NaN,NaN
NaN,NaN,NaN,NaN,NaN,NaN
NaN,NaN,NaN,NaN,NaN,NaN
NaN,NaN,NaN,NaN,NaN,NaN
NaN,NaN,NaN,NaN,NaN,NaN
NaN,NaN,NaN,NaN,NaN,NaN
NaN,NaN,NaN,NaN,NaN,NaN
NaN,NaN,NaN,NaN,NaN,NaN
NaN,NaN,NaN,NaN,NaN,NaN
NaN,NaN,NaN,NaN,NaN,NaN
NaN,NaN,NaN,NaN,NaN,NaN
NaN,NaN,NaN,NaN,NaN,NaN
NaN,NaN,NaN,NaN,NaN,NaN
NaN,NaN,NaN,NaN,NaN,NaN
NaN,NaN,NaN,NaN,NaN,NaN
NaN,NaN,NaN,NaN,NaN,NaN
NaN,NaN,NaN,NaN,NaN,NaN
NaN,NaN,NaN,NaN,NaN,NaN
NaN,NaN,NaN,NaN,NaN,NaN
NaN,NaN,NaN,NaN,NaN,NaN
NaN,NaN,NaN,NaN,NaN,NaN
NaN,NaN,NaN,NaN,NaN,NaN
NaN,NaN,NaN,NaN,NaN,NaN
NaN,NaN,NaN,NaN,NaN,NaN
NaN,NaN,NaN,NaN,NaN,NaN
NaN,NaN,NaN,NaN,NaN,NaN
NaN,NaN,NaN,NaN,NaN,NaN
NaN,NaN,NaN,NaN,NaN,NaN
NaN,NaN,NaN,NaN,NaN,NaN
NaN,NaN,NaN,NaN,NaN,NaN
NaN,NaN,NaN,NaN,NaN,NaN
NaN,NaN,NaN,NaN,NaN,NaN
NaN,NaN,NaN,NaN,NaN,NaN
NaN,NaN,NaN,NaN,NaN,NaN
NaN,NaN,NaN,NaN,NaN,NaN
NaN,NaN,NaN,NaN,NaN,NaN
NaN,NaN,NaN,NaN,NaN,NaN
NaN,NaN,NaN,NaN,NaN,NaN
NaN,NaN,NaN,NaN,NaN,NaN
NaN,NaN,NaN,NaN,NaN,NaN
NaN,NaN,NaN,NaN,NaN,NaN
NaN,NaN,NaN,NaN,NaN,NaN
NaN,NaN,NaN,NaN,NaN,NaN
NaN,NaN,NaN,NaN,NaN,NaN
NaN,NaN,NaN,NaN,NaN,NaN
NaN,NaN,NaN,NaN,NaN,NaN
NaN,NaN,NaN,NaN,NaN,NaN
NaN,NaN,NaN,NaN,NaN,NaN
NaN,NaN,NaN,NaN,NaN,NaN
NaN,NaN,NaN,NaN,NaN,NaN
NaN,NaN,NaN,NaN,NaN,NaN
NaN,NaN,NaN,NaN,NaN,NaN
NaN,NaN,NaN,NaN,NaN,NaN
NaN,NaN,NaN,NaN,NaN,NaN
NaN,NaN,NaN,NaN,NaN,NaN
NaN,NaN,NaN,NaN,NaN,NaN
NaN,NaN,NaN,NaN,NaN,NaN
NaN,NaN,NaN,NaN,NaN,NaN
NaN,NaN,NaN,NaN,NaN,NaN
NaN,NaN,NaN,NaN,NaN,NaN
NaN,NaN,NaN,NaN,NaN,NaN
NaN,NaN,NaN,NaN,NaN,NaN
NaN,NaN,NaN,NaN,NaN,NaN
NaN,NaN,NaN,NaN,NaN,NaN
NaN,NaN,NaN,NaN,NaN,NaN
NaN,NaN,NaN,NaN,NaN,NaN
NaN,NaN,NaN,NaN,NaN,NaN
NaN,NaN,NaN,NaN,NaN,NaN
NaN,NaN,NaN,NaN,NaN,NaN
NaN,NaN,NaN,NaN,NaN,NaN
NaN,NaN,NaN,NaN,NaN,NaN
NaN,NaN,NaN,NaN,NaN,NaN
NaN,NaN,NaN,NaN,NaN,NaN
NaN,NaN,NaN,NaN,NaN,NaN
NaN,NaN,NaN,NaN,NaN,NaN
NaN,NaN,NaN,NaN,NaN,NaN
NaN,NaN,NaN,NaN,NaN,NaN
NaN,NaN,NaN,NaN,NaN,NaN
NaN,NaN,NaN,NaN,NaN,NaN
NaN,NaN,NaN,NaN,NaN,NaN
NaN,NaN,NaN,NaN,NaN,NaN
NaN,NaN,NaN,NaN,NaN,NaN
NaN,NaN,NaN,NaN,NaN,NaN
NaN,NaN,NaN,NaN,NaN,NaN
NaN,NaN,NaN,NaN,NaN,NaN
NaN,NaN,NaN,NaN,NaN,NaN
NaN,NaN,NaN,NaN,NaN,NaN
NaN,NaN,NaN,NaN,NaN,NaN
NaN,NaN,NaN,NaN,NaN,NaN
NaN,NaN,NaN,NaN,NaN,NaN
NaN,NaN,NaN,NaN,NaN,NaN
NaN,NaN,NaN,NaN,NaN,NaN
NaN,NaN,NaN,NaN,NaN,NaN
NaN,NaN,NaN,NaN,NaN,NaN
NaN,NaN,NaN,NaN,NaN,NaN
NaN,NaN,NaN,NaN,NaN,NaN
NaN,NaN,NaN,NaN,NaN,NaN
NaN,NaN,NaN,NaN,NaN,NaN
NaN,NaN,NaN,NaN,NaN,NaN
NaN,NaN,NaN,NaN,NaN,NaN
NaN,NaN,NaN,NaN,NaN,NaN
NaN,NaN,NaN,NaN,NaN,NaN
NaN,NaN,NaN,NaN,NaN,NaN
NaN,NaN,NaN,NaN,NaN,NaN
NaN,NaN,NaN,NaN,NaN,NaN
NaN,NaN,NaN,NaN,NaN,NaN
NaN,NaN,NaN,NaN,NaN,NaN
NaN,NaN,NaN,NaN,NaN,NaN
NaN,NaN,NaN,NaN,NaN,NaN
NaN,NaN,NaN,NaN,NaN,NaN
NaN,NaN,NaN,NaN,NaN,NaN
NaN,NaN,NaN,NaN,NaN,NaN
NaN,NaN,NaN,NaN,NaN,NaN
NaN,NaN,NaN,NaN,NaN,NaN
NaN,NaN,NaN,NaN,NaN,NaN
NaN,NaN,NaN,NaN,NaN,NaN
NaN,NaN,NaN,NaN,NaN,NaN
NaN,NaN,NaN,NaN,NaN,NaN
NaN,NaN,NaN,NaN,NaN,NaN
NaN,NaN,NaN,NaN,NaN,NaN
NaN,NaN,NaN,NaN,NaN,NaN
NaN,NaN,NaN,NaN,NaN,NaN
NaN,NaN,NaN,NaN,NaN,NaN
NaN,NaN,NaN,NaN,NaN,NaN
NaN,NaN,NaN,NaN,NaN,NaN
NaN,NaN,NaN,NaN,NaN,NaN
NaN,NaN,NaN,NaN,NaN,NaN
NaN,NaN,NaN,NaN,NaN,NaN
NaN,NaN,NaN,NaN,NaN,NaN
NaN,NaN,NaN,NaN,NaN,NaN
NaN,NaN,NaN,NaN,NaN,NaN
NaN,NaN,NaN,NaN,NaN,NaN
NaN,NaN,NaN,NaN,NaN,NaN
NaN,NaN,NaN,NaN,NaN,NaN
NaN,NaN,NaN,NaN,NaN,NaN
NaN,NaN,NaN,NaN,NaN,NaN
NaN,NaN,NaN,NaN,NaN,NaN
NaN,NaN,NaN,NaN,NaN,NaN
NaN,NaN,NaN,NaN,NaN,NaN
NaN,NaN,NaN,NaN,NaN,NaN
NaN,NaN,NaN,NaN,NaN,NaN
NaN,NaN,NaN,NaN,NaN,NaN
NaN,NaN,NaN,NaN,NaN,NaN
NaN,NaN,NaN,NaN,NaN,NaN
NaN,NaN,NaN,NaN,NaN,NaN
NaN,NaN,NaN,NaN,NaN,NaN
NaN,NaN,NaN,NaN,NaN,NaN
NaN,NaN,NaN,NaN,NaN,NaN
NaN,NaN,NaN,NaN,NaN,NaN
NaN,NaN,NaN,NaN,NaN,NaN
NaN,NaN,NaN,NaN,NaN,NaN
NaN,NaN,NaN,NaN,NaN,NaN
NaN,NaN,NaN,NaN,NaN,NaN
NaN,NaN,NaN,NaN,NaN,NaN
NaN,NaN,NaN,NaN,NaN,NaN
NaN,NaN,NaN,NaN,NaN,NaN
NaN,NaN,NaN,NaN,NaN,NaN
NaN,NaN,NaN,NaN,NaN,NaN
NaN,NaN,NaN,NaN,NaN,NaN
NaN,NaN,NaN,NaN,NaN,NaN
NaN,NaN,NaN,NaN,NaN,NaN
NaN,NaN,NaN,NaN,NaN,NaN
NaN,NaN,NaN,NaN,NaN,NaN
NaN,NaN,NaN,NaN,NaN,NaN
NaN,NaN,NaN,NaN,NaN,NaN
NaN,NaN,NaN,NaN,NaN,NaN
NaN,NaN,NaN,NaN,NaN,NaN
NaN,NaN,NaN,NaN,NaN,NaN
NaN,NaN,NaN,NaN,NaN,NaN
NaN,NaN,NaN,NaN,NaN,NaN
NaN,NaN,NaN,NaN,NaN,NaN
NaN,NaN,NaN,NaN,NaN,NaN
NaN,NaN,NaN,NaN,NaN,NaN
NaN,NaN,NaN,NaN,NaN,NaN
NaN,NaN,NaN,NaN,NaN,NaN
NaN,NaN,NaN,NaN,NaN,NaN
NaN,NaN,NaN,NaN,NaN,NaN
NaN,NaN,NaN,NaN,NaN,NaN
NaN,NaN,NaN,NaN,NaN,NaN
NaN,NaN,NaN,NaN,NaN,NaN
NaN,NaN,NaN,NaN,NaN,NaN
NaN,NaN,NaN,NaN,NaN,NaN
NaN,NaN,NaN,NaN,NaN,NaN
NaN,NaN,NaN,NaN,NaN,NaN
NaN,NaN,NaN,NaN,NaN,NaN
NaN,NaN,NaN,NaN,NaN,NaN
NaN,NaN,NaN,NaN,NaN,NaN
NaN,NaN,NaN,NaN,NaN,NaN
NaN,NaN,NaN,NaN,NaN,NaN
NaN,NaN,NaN,NaN,NaN,NaN
NaN,NaN,NaN,NaN,NaN,NaN
NaN,NaN,NaN,NaN,NaN,NaN
NaN,NaN,NaN,NaN,NaN,NaN
NaN,NaN,NaN,NaN,NaN,NaN
NaN,NaN,NaN,NaN,NaN,NaN
NaN,NaN,NaN,NaN,NaN,NaN
NaN,NaN,NaN,NaN,NaN,NaN
NaN,NaN,NaN,NaN,NaN,NaN
NaN,NaN,NaN,NaN,NaN,NaN
NaN,NaN,NaN,NaN,NaN,NaN
NaN,NaN,NaN,NaN,NaN,NaN
NaN,NaN,NaN,NaN,NaN,NaN
NaN,NaN,NaN,NaN,NaN,NaN
NaN,NaN,NaN,NaN,NaN,NaN
NaN,NaN,NaN,NaN,NaN,NaN
NaN,NaN,NaN,NaN,NaN,NaN
NaN,NaN,NaN,NaN,NaN,NaN
NaN,NaN,NaN,NaN,NaN,NaN
NaN,NaN,NaN,NaN,NaN,NaN
NaN,NaN,NaN,NaN,NaN,NaN
NaN,NaN,NaN,NaN,NaN,NaN
NaN,NaN,NaN,NaN,NaN,NaN
NaN,NaN,NaN,NaN,NaN,NaN
NaN,NaN,NaN,NaN,NaN,NaN
NaN,NaN,NaN,NaN,NaN,NaN
NaN,NaN,NaN,NaN,NaN,NaN
NaN,NaN,NaN,NaN,NaN,NaN
NaN,NaN,NaN,NaN,NaN,NaN
NaN,NaN,NaN,NaN,NaN,NaN
NaN,NaN,NaN,NaN,NaN,NaN
NaN,NaN,NaN,NaN,NaN,NaN
NaN,NaN,NaN,NaN,NaN,NaN
NaN,NaN,NaN,NaN,NaN,NaN
NaN,NaN,NaN,NaN,NaN,NaN
NaN,NaN,NaN,NaN,NaN,NaN
NaN,NaN,NaN,NaN,NaN,NaN
NaN,NaN,NaN,NaN,NaN,NaN
NaN,NaN,NaN,NaN,NaN,NaN
NaN,NaN,NaN,NaN,NaN,NaN
NaN,NaN,NaN,NaN,NaN,NaN
NaN,NaN,NaN,NaN,NaN,NaN
NaN,NaN,NaN,NaN,NaN,NaN
NaN,NaN,NaN,NaN,NaN,NaN
NaN,NaN,NaN,NaN,NaN,NaN
NaN,NaN,NaN,NaN,NaN,NaN
NaN,NaN,NaN,NaN,NaN,NaN
NaN,NaN,NaN,NaN,NaN,NaN
NaN,NaN,NaN,NaN,NaN,NaN
NaN,NaN,NaN,NaN,NaN,NaN
NaN,NaN,NaN,NaN,NaN,NaN
NaN,NaN,NaN,NaN,NaN,NaN
NaN,NaN,NaN,NaN,NaN,NaN
NaN,NaN,NaN,NaN,NaN,NaN
NaN,NaN,NaN,NaN,NaN,NaN
NaN,NaN,NaN,NaN,NaN,NaN
NaN,NaN,NaN,NaN,NaN,NaN
NaN,NaN,NaN,NaN,NaN,NaN
NaN,NaN,NaN,NaN,NaN,NaN
NaN,NaN,NaN,NaN,NaN,NaN
NaN,NaN,NaN,NaN,NaN,NaN
NaN,NaN,NaN,NaN,NaN,NaN
NaN,NaN,NaN,NaN,NaN,NaN
NaN,NaN,NaN,NaN,NaN,NaN
NaN,NaN,NaN,NaN,NaN,NaN
NaN,NaN,NaN,NaN,NaN,NaN
NaN,NaN,NaN,NaN,NaN,NaN
NaN,NaN,NaN,NaN,NaN,NaN
NaN,NaN,NaN,NaN,NaN,NaN
NaN,NaN,NaN,NaN,NaN,NaN
NaN,NaN,NaN,NaN,NaN,NaN
NaN,NaN,NaN,NaN,NaN,NaN
NaN,NaN,NaN,NaN,NaN,NaN
NaN,NaN,NaN,NaN,NaN,NaN
NaN,NaN,NaN,NaN,NaN,NaN
NaN,NaN,NaN,NaN,NaN,NaN
NaN,NaN,NaN,NaN,NaN,NaN
NaN,NaN,NaN,NaN,NaN,NaN
NaN,NaN,NaN,NaN,NaN,NaN
NaN,NaN,NaN,NaN,NaN,NaN
NaN,NaN,NaN,NaN,NaN,NaN
NaN,NaN,NaN,NaN,NaN,NaN
NaN,NaN,NaN,NaN,NaN,NaN
NaN,NaN,NaN,NaN,NaN,NaN
NaN,NaN,NaN,NaN,NaN,NaN
NaN,NaN,NaN,NaN,NaN,NaN
NaN,NaN,NaN,NaN,NaN,NaN
NaN,NaN,NaN,NaN,NaN,NaN
NaN,NaN,NaN,NaN,NaN,NaN
NaN,NaN,NaN,NaN,NaN,NaN
NaN,NaN,NaN,NaN,NaN,NaN
NaN,NaN,NaN,NaN,NaN,NaN
NaN,NaN,NaN,NaN,NaN,NaN
NaN,NaN,NaN,NaN,NaN,NaN
NaN,NaN,NaN,NaN,NaN,NaN
NaN,NaN,NaN,NaN,NaN,NaN
NaN,NaN,NaN,NaN,NaN,NaN
NaN,NaN,NaN,NaN,NaN,NaN
NaN,NaN,NaN,NaN,NaN,NaN
NaN,NaN,NaN,NaN,NaN,NaN
NaN,NaN,NaN,NaN,NaN,NaN
NaN,NaN,NaN,NaN,NaN,NaN
NaN,NaN,NaN,NaN,NaN,NaN
NaN,NaN,NaN,NaN,NaN,NaN
NaN,NaN,NaN,NaN,NaN,NaN
NaN,NaN,NaN,NaN,NaN,NaN
NaN,NaN,NaN,NaN,NaN,NaN
NaN,NaN,NaN,NaN,NaN,NaN
NaN,NaN,NaN,NaN,NaN,NaN
NaN,NaN,NaN,NaN,NaN,NaN
NaN,NaN,NaN,NaN,NaN,NaN
NaN,NaN,NaN,NaN,NaN,NaN
NaN,NaN,NaN,NaN,NaN,NaN
NaN,NaN,NaN,NaN,NaN,NaN
