pt1_cam1_X,pt1_cam1_Y,pt2_cam1_X,pt2_cam1_Y,pt3_cam1_X,pt3_cam1_Y
NaN,NaN,NaN,NaN,NaN,NaN
NaN,NaN,NaN,NaN,NaN,NaN
NaN,NaN,NaN,NaN,NaN,NaN
NaN,NaN,NaN,NaN,NaN,NaN
NaN,NaN,NaN,NaN,NaN,NaN
NaN,NaN,NaN,NaN,NaN,NaN
NaN,NaN,NaN,NaN,NaN,NaN
NaN,NaN,NaN,NaN,NaN,NaN
NaN,NaN,NaN,NaN,NaN,NaN
NaN,NaN,NaN,NaN,NaN,NaN
NaN,NaN,NaN,NaN,NaN,NaN
NaN,NaN,NaN,NaN,NaN,NaN
NaN,NaN,NaN,NaN,NaN,NaN
NaN,NaN,NaN,NaN,NaN,NaN
NaN,NaN,NaN,NaN,NaN,NaN
NaN,NaN,NaN,NaN,NaN,NaN
NaN,NaN,NaN,NaN,NaN,NaN
NaN,NaN,NaN,NaN,NaN,NaN
NaN,NaN,NaN,NaN,NaN,NaN
NaN,NaN,NaN,NaN,NaN,NaN
NaN,NaN,NaN,NaN,NaN,NaN
NaN,NaN,NaN,NaN,NaN,NaN
NaN,NaN,NaN,NaN,NaN,NaN
NaN,NaN,NaN,NaN,NaN,NaN
NaN,NaN,NaN,NaN,NaN,NaN
NaN,NaN,NaN,NaN,NaN,NaN
NaN,NaN,NaN,NaN,NaN,NaN
NaN,NaN,NaN,NaN,NaN,NaN
NaN,NaN,NaN,NaN,NaN,NaN
NaN,NaN,NaN,NaN,NaN,NaN
NaN,NaN,NaN,NaN,NaN,NaN
NaN,NaN,NaN,NaN,NaN,NaN
NaN,NaN,NaN,NaN,NaN,NaN
NaN,NaN,NaN,NaN,NaN,NaN
NaN,NaN,NaN,NaN,NaN,NaN
NaN,NaN,NaN,NaN,NaN,NaN
NaN,NaN,NaN,NaN,NaN,NaN
NaN,NaN,NaN,NaN,NaN,NaN
NaN,NaN,NaN,NaN,NaN,NaN
NaN,NaN,NaN,NaN,NaN,NaN
NaN,NaN,NaN,NaN,NaN,NaN
NaN,NaN,NaN,NaN,NaN,NaN
NaN,NaN,NaN,NaN,NaN,NaN
NaN,NaN,NaN,NaN,NaN,NaN
NaN,NaN,NaN,NaN,NaN,NaN
NaN,NaN,NaN,NaN,NaN,NaN
NaN,NaN,NaN,NaN,NaN,NaN
NaN,NaN,NaN,NaN,NaN,NaN
NaN,NaN,NaN,NaN,NaN,NaN
NaN,NaN,NaN,NaN,NaN,NaN
NaN,NaN,NaN,NaN,NaN,NaN
NaN,NaN,NaN,NaN,NaN,NaN
NaN,NaN,NaN,NaN,NaN,NaN
NaN,NaN,NaN,NaN,NaN,NaN
NaN,NaN,NaN,NaN,NaN,NaN
NaN,NaN,NaN,NaN,NaN,NaN
NaN,NaN,NaN,NaN,NaN,NaN
NaN,NaN,NaN,NaN,NaN,NaN
NaN,NaN,NaN,NaN,NaN,NaN
NaN,NaN,NaN,NaN,NaN,NaN
NaN,NaN,NaN,NaN,NaN,NaN
NaN,NaN,NaN,NaN,NaN,NaN
NaN,NaN,NaN,NaN,NaN,NaN
NaN,NaN,NaN,NaN,NaN,NaN
NaN,NaN,NaN,NaN,NaN,NaN
NaN,NaN,NaN,NaN,NaN,NaN
NaN,NaN,NaN,NaN,NaN,NaN
NaN,NaN,NaN,NaN,NaN,NaN
NaN,NaN,NaN,NaN,NaN,NaN
NaN,NaN,NaN,NaN,NaN,NaN
NaN,NaN,NaN,NaN,NaN,NaN
NaN,NaN,NaN,NaN,NaN,NaN
NaN,NaN,NaN,NaN,NaN,NaN
NaN,NaN,NaN,NaN,NaN,NaN
NaN,NaN,NaN,NaN,NaN,NaN
NaN,NaN,NaN,NaN,NaN,NaN
NaN,NaN,NaN,NaN,NaN,NaN
NaN,NaN,NaN,NaN,NaN,NaN
NaN,NaN,NaN,NaN,NaN,NaN
NaN,NaN,NaN,NaN,NaN,NaN
NaN,NaN,NaN,NaN,NaN,NaN
NaN,NaN,NaN,NaN,NaN,NaN
NaN,NaN,NaN,NaN,NaN,NaN
NaN,NaN,NaN,NaN,NaN,NaN
NaN,NaN,NaN,NaN,NaN,NaN
NaN,NaN,NaN,NaN,NaN,NaN
NaN,NaN,NaN,NaN,NaN,NaN
NaN,NaN,NaN,NaN,NaN,NaN
NaN,NaN,NaN,NaN,NaN,NaN
NaN,NaN,NaN,NaN,NaN,NaN
NaN,NaN,NaN,NaN,NaN,NaN
NaN,NaN,NaN,NaN,NaN,NaN
NaN,NaN,NaN,NaN,NaN,NaN
NaN,NaN,NaN,NaN,NaN,NaN
NaN,NaN,NaN,NaN,NaN,NaN
NaN,NaN,NaN,NaN,NaN,NaN
NaN,NaN,NaN,NaN,NaN,NaN
NaN,NaN,NaN,NaN,NaN,NaN
NaN,NaN,NaN,NaN,NaN,NaN
NaN,NaN,NaN,NaN,NaN,NaN
NaN,NaN,NaN,NaN,NaN,NaN
NaN,NaN,NaN,NaN,NaN,NaN
NaN,NaN,NaN,NaN,NaN,NaN
NaN,NaN,NaN,NaN,NaN,NaN
NaN,NaN,NaN,NaN,NaN,NaN
NaN,NaN,NaN,NaN,NaN,NaN
NaN,NaN,NaN,NaN,NaN,NaN
NaN,NaN,NaN,NaN,NaN,NaN
NaN,NaN,NaN,NaN,NaN,NaN
NaN,NaN,NaN,NaN,NaN,NaN
NaN,NaN,NaN,NaN,NaN,NaN
NaN,NaN,NaN,NaN,NaN,NaN
NaN,NaN,NaN,NaN,NaN,NaN
NaN,NaN,NaN,NaN,NaN,NaN
NaN,NaN,NaN,NaN,NaN,NaN
NaN,NaN,NaN,NaN,NaN,NaN
NaN,NaN,NaN,NaN,NaN,NaN
NaN,NaN,NaN,NaN,NaN,NaN
NaN,NaN,NaN,NaN,NaN,NaN
NaN,NaN,NaN,NaN,NaN,NaN
NaN,NaN,NaN,NaN,NaN,NaN
NaN,NaN,NaN,NaN,NaN,NaN
NaN,NaN,NaN,NaN,NaN,NaN
NaN,NaN,NaN,NaN,NaN,NaN
NaN,NaN,NaN,NaN,NaN,NaN
NaN,NaN,NaN,NaN,NaN,NaN
NaN,NaN,NaN,NaN,NaN,NaN
NaN,NaN,NaN,NaN,NaN,NaN
NaN,NaN,NaN,NaN,NaN,NaN
NaN,NaN,NaN,NaN,NaN,NaN
NaN,NaN,NaN,NaN,NaN,NaN
NaN,NaN,NaN,NaN,NaN,NaN
NaN,NaN,NaN,NaN,NaN,NaN
NaN,NaN,NaN,NaN,NaN,NaN
NaN,NaN,NaN,NaN,NaN,NaN
NaN,NaN,NaN,NaN,NaN,NaN
NaN,NaN,NaN,NaN,NaN,NaN
NaN,NaN,NaN,NaN,NaN,NaN
NaN,NaN,NaN,NaN,NaN,NaN
NaN,NaN,NaN,NaN,NaN,NaN
NaN,NaN,NaN,NaN,NaN,NaN
NaN,NaN,NaN,NaN,NaN,NaN
NaN,NaN,NaN,NaN,NaN,NaN
NaN,NaN,NaN,NaN,NaN,NaN
NaN,NaN,NaN,NaN,NaN,NaN
NaN,NaN,NaN,NaN,NaN,NaN
NaN,NaN,NaN,NaN,NaN,NaN
NaN,NaN,NaN,NaN,NaN,NaN
NaN,NaN,NaN,NaN,NaN,NaN
NaN,NaN,NaN,NaN,NaN,NaN
NaN,NaN,NaN,NaN,NaN,NaN
NaN,NaN,NaN,NaN,NaN,NaN
NaN,NaN,NaN,NaN,NaN,NaN
NaN,NaN,NaN,NaN,NaN,NaN
NaN,NaN,NaN,NaN,NaN,NaN
NaN,NaN,NaN,NaN,NaN,NaN
NaN,NaN,NaN,NaN,NaN,NaN
NaN,NaN,NaN,NaN,NaN,NaN
NaN,NaN,NaN,NaN,NaN,NaN
NaN,NaN,NaN,NaN,NaN,NaN
NaN,NaN,NaN,NaN,NaN,NaN
NaN,NaN,NaN,NaN,NaN,NaN
NaN,NaN,NaN,NaN,NaN,NaN
NaN,NaN,NaN,NaN,NaN,NaN
NaN,NaN,NaN,NaN,NaN,NaN
NaN,NaN,NaN,NaN,NaN,NaN
NaN,NaN,NaN,NaN,NaN,NaN
NaN,NaN,NaN,NaN,NaN,NaN
NaN,NaN,NaN,NaN,NaN,NaN
NaN,NaN,NaN,NaN,NaN,NaN
NaN,NaN,NaN,NaN,NaN,NaN
NaN,NaN,NaN,NaN,NaN,NaN
NaN,NaN,NaN,NaN,NaN,NaN
NaN,NaN,NaN,NaN,NaN,NaN
NaN,NaN,NaN,NaN,NaN,NaN
NaN,NaN,NaN,NaN,NaN,NaN
NaN,NaN,NaN,NaN,NaN,NaN
NaN,NaN,NaN,NaN,NaN,NaN
NaN,NaN,NaN,NaN,NaN,NaN
NaN,NaN,NaN,NaN,NaN,NaN
NaN,NaN,NaN,NaN,NaN,NaN
NaN,NaN,NaN,NaN,NaN,NaN
NaN,NaN,NaN,NaN,NaN,NaN
NaN,NaN,NaN,NaN,NaN,NaN
NaN,NaN,NaN,NaN,NaN,NaN
NaN,NaN,NaN,NaN,NaN,NaN
NaN,NaN,NaN,NaN,NaN,NaN
NaN,NaN,NaN,NaN,NaN,NaN
NaN,NaN,NaN,NaN,NaN,NaN
NaN,NaN,NaN,NaN,NaN,NaN
NaN,NaN,NaN,NaN,NaN,NaN
NaN,NaN,NaN,NaN,NaN,NaN
NaN,NaN,NaN,NaN,NaN,NaN
NaN,NaN,NaN,NaN,NaN,NaN
NaN,NaN,NaN,NaN,NaN,NaN
NaN,NaN,NaN,NaN,NaN,NaN
NaN,NaN,NaN,NaN,NaN,NaN
NaN,NaN,NaN,NaN,NaN,NaN
NaN,NaN,NaN,NaN,NaN,NaN
NaN,NaN,NaN,NaN,NaN,NaN
NaN,NaN,NaN,NaN,NaN,NaN
NaN,NaN,NaN,NaN,NaN,NaN
NaN,NaN,NaN,NaN,NaN,NaN
NaN,NaN,NaN,NaN,NaN,NaN
NaN,NaN,NaN,NaN,NaN,NaN
NaN,NaN,NaN,NaN,NaN,NaN
NaN,NaN,NaN,NaN,NaN,NaN
NaN,NaN,NaN,NaN,NaN,NaN
NaN,NaN,NaN,NaN,NaN,NaN
NaN,NaN,NaN,NaN,NaN,NaN
NaN,NaN,NaN,NaN,NaN,NaN
NaN,NaN,NaN,NaN,NaN,NaN
NaN,NaN,NaN,NaN,NaN,NaN
NaN,NaN,NaN,NaN,NaN,NaN
NaN,NaN,NaN,NaN,NaN,NaN
NaN,NaN,NaN,NaN,NaN,NaN
NaN,NaN,NaN,NaN,NaN,NaN
NaN,NaN,NaN,NaN,NaN,NaN
NaN,NaN,NaN,NaN,NaN,NaN
NaN,NaN,294.689493,419.346060,NaN,NaN
NaN,NaN,295.000000,419.000000,NaN,NaN
NaN,NaN,295.000000,419.000000,NaN,NaN
NaN,NaN,295.000000,419.000000,NaN,NaN
NaN,NaN,295.000000,419.000000,NaN,NaN
NaN,NaN,295.000000,419.000000,NaN,NaN
NaN,NaN,295.010000,419.000000,NaN,NaN
NaN,NaN,295.000000,419.000000,NaN,NaN
NaN,NaN,294.990000,418.990000,NaN,NaN
NaN,NaN,295.000000,418.990000,NaN,NaN
NaN,NaN,295.000000,418.990000,NaN,NaN
NaN,NaN,295.000000,419.000000,NaN,NaN
NaN,NaN,295.010000,419.000000,NaN,NaN
NaN,NaN,295.010000,419.000000,NaN,NaN
NaN,NaN,295.010000,418.990000,NaN,NaN
NaN,NaN,295.010000,418.990000,NaN,NaN
NaN,NaN,295.010000,419.000000,NaN,NaN
NaN,NaN,295.010000,419.000000,NaN,NaN
NaN,NaN,295.000000,419.000000,NaN,NaN
NaN,NaN,295.000000,419.000000,NaN,NaN
NaN,NaN,295.010000,419.010000,NaN,NaN
NaN,NaN,295.010000,419.010000,NaN,NaN
NaN,NaN,295.010000,419.010000,NaN,NaN
NaN,NaN,295.010000,419.010000,NaN,NaN
NaN,NaN,295.020000,419.010000,NaN,NaN
NaN,NaN,295.010000,419.010000,NaN,NaN
NaN,NaN,295.010000,419.010000,NaN,NaN
NaN,NaN,295.010000,419.010000,NaN,NaN
NaN,NaN,295.010000,419.010000,NaN,NaN
NaN,NaN,295.000000,419.010000,NaN,NaN
NaN,NaN,295.010000,419.010000,NaN,NaN
NaN,NaN,295.010000,419.010000,NaN,NaN
NaN,NaN,295.020000,419.010000,NaN,NaN
NaN,NaN,295.010000,419.010000,NaN,NaN
NaN,NaN,295.020000,419.010000,NaN,NaN
NaN,NaN,295.020000,419.010000,NaN,NaN
NaN,NaN,295.030000,419.020000,NaN,NaN
NaN,NaN,295.030000,419.020000,NaN,NaN
NaN,NaN,295.030000,419.020000,NaN,NaN
NaN,NaN,295.030000,419.020000,NaN,NaN
NaN,NaN,295.030000,419.020000,NaN,NaN
NaN,NaN,295.030000,419.020000,NaN,NaN
NaN,NaN,295.020000,419.020000,NaN,NaN
NaN,NaN,295.030000,419.020000,NaN,NaN
NaN,NaN,295.030000,419.020000,NaN,NaN
NaN,NaN,295.030000,419.020000,NaN,NaN
NaN,NaN,295.020000,419.020000,NaN,NaN
NaN,NaN,295.030000,419.020000,NaN,NaN
NaN,NaN,295.030000,419.020000,NaN,NaN
NaN,NaN,295.030000,419.020000,NaN,NaN
NaN,NaN,295.030000,419.020000,NaN,NaN
NaN,NaN,295.040000,419.010000,NaN,NaN
NaN,NaN,295.040000,419.020000,NaN,NaN
NaN,NaN,295.040000,419.020000,NaN,NaN
NaN,NaN,295.040000,419.020000,NaN,NaN
NaN,NaN,295.040000,419.030000,NaN,NaN
NaN,NaN,295.040000,419.020000,NaN,NaN
NaN,NaN,295.030000,419.020000,NaN,NaN
NaN,NaN,295.040000,419.020000,NaN,NaN
NaN,NaN,295.030000,419.010000,NaN,NaN
NaN,NaN,295.030000,419.020000,NaN,NaN
NaN,NaN,295.030000,419.020000,NaN,NaN
NaN,NaN,295.030000,419.020000,NaN,NaN
NaN,NaN,295.040000,419.020000,NaN,NaN
NaN,NaN,295.040000,419.010000,NaN,NaN
NaN,NaN,295.040000,419.010000,NaN,NaN
NaN,NaN,295.050000,419.010000,NaN,NaN
NaN,NaN,295.040000,419.030000,NaN,NaN
NaN,NaN,295.040000,419.020000,NaN,NaN
NaN,NaN,295.040000,419.010000,NaN,NaN
NaN,NaN,295.040000,419.020000,367.449063,481.927330
NaN,NaN,295.040000,419.010000,367.000000,482.000000
NaN,NaN,295.040000,419.020000,367.010000,482.010000
NaN,NaN,295.040000,419.020000,367.020000,482.010000
NaN,NaN,295.040000,419.020000,367.020000,482.010000
NaN,NaN,295.040000,419.020000,367.020000,482.020000
NaN,NaN,295.040000,419.020000,367.030000,482.020000
NaN,NaN,295.050000,419.020000,367.050000,482.050000
NaN,NaN,295.050000,419.020000,367.050000,482.040000
NaN,NaN,295.050000,419.020000,367.050000,482.060000
NaN,NaN,295.040000,419.010000,367.100000,482.070000
NaN,NaN,295.060000,419.020000,367.100000,482.100000
NaN,NaN,295.050000,419.020000,367.110000,482.080000
NaN,NaN,295.060000,419.020000,367.110000,482.070000
NaN,NaN,295.050000,419.020000,367.110000,482.100000
NaN,NaN,295.050000,419.020000,367.130000,482.090000
NaN,NaN,295.050000,419.030000,367.130000,482.090000
NaN,NaN,295.040000,419.020000,367.120000,482.100000
NaN,NaN,295.050000,419.020000,367.140000,482.100000
NaN,NaN,295.050000,419.020000,367.150000,482.110000
NaN,NaN,295.050000,419.020000,367.150000,482.120000
NaN,NaN,295.050000,419.020000,367.160000,482.110000
NaN,NaN,295.060000,419.020000,367.170000,482.120000
NaN,NaN,295.050000,419.020000,367.180000,482.110000
NaN,NaN,295.060000,419.030000,367.190000,482.110000
NaN,NaN,295.050000,419.020000,367.230000,482.110000
NaN,NaN,295.060000,419.020000,367.230000,482.130000
NaN,NaN,295.050000,419.020000,367.220000,482.100000
NaN,NaN,295.050000,419.020000,367.210000,482.090000
NaN,NaN,295.060000,419.020000,367.240000,482.090000
NaN,NaN,295.060000,419.010000,367.280000,482.080000
NaN,NaN,295.060000,419.010000,367.290000,482.090000
NaN,NaN,295.060000,419.020000,367.280000,482.100000
NaN,NaN,295.060000,419.010000,367.310000,482.090000
NaN,NaN,295.060000,419.020000,367.310000,482.090000
NaN,NaN,295.060000,419.020000,367.290000,482.090000
NaN,NaN,295.050000,419.010000,367.300000,482.080000
NaN,NaN,295.060000,419.010000,367.310000,482.090000
NaN,NaN,295.060000,419.020000,367.310000,482.090000
NaN,NaN,295.060000,419.020000,367.330000,482.070000
NaN,NaN,295.060000,419.010000,367.380000,482.050000
NaN,NaN,295.050000,419.020000,367.370000,482.020000
NaN,NaN,295.050000,419.020000,367.360000,482.040000
NaN,NaN,295.050000,419.020000,367.370000,482.040000
NaN,NaN,295.050000,419.020000,367.360000,482.010000
NaN,NaN,295.050000,419.010000,367.350000,482.010000
NaN,NaN,295.050000,419.010000,367.340000,482.000000
NaN,NaN,295.050000,419.010000,367.330000,482.020000
NaN,NaN,295.050000,419.010000,367.350000,482.010000
NaN,NaN,295.050000,419.020000,367.350000,482.000000
NaN,NaN,295.050000,419.020000,367.350000,481.990000
NaN,NaN,295.050000,419.020000,367.350000,481.970000
NaN,NaN,295.050000,419.020000,367.340000,481.950000
NaN,NaN,295.060000,419.020000,367.390000,481.930000
NaN,NaN,295.060000,419.020000,367.360000,481.930000
NaN,NaN,295.060000,419.020000,367.360000,481.930000
NaN,NaN,295.060000,419.010000,367.440000,481.920000
NaN,NaN,295.060000,419.010000,367.520000,481.880000
NaN,NaN,295.060000,419.010000,367.570000,481.870000
NaN,NaN,295.060000,419.000000,367.510000,481.870000
NaN,NaN,295.050000,419.010000,367.350000,481.890000
NaN,NaN,295.060000,419.010000,367.330000,481.890000
NaN,NaN,295.050000,419.010000,367.360000,481.870000
NaN,NaN,295.050000,419.010000,367.350000,481.880000
NaN,NaN,295.050000,419.010000,367.350000,481.860000
NaN,NaN,295.050000,419.000000,367.380000,481.850000
NaN,NaN,295.050000,419.000000,367.370000,481.860000
NaN,NaN,295.060000,419.010000,367.380000,481.840000
NaN,NaN,295.050000,419.010000,367.370000,481.820000
NaN,NaN,295.050000,419.010000,367.390000,481.810000
NaN,NaN,295.050000,419.010000,367.380000,481.810000
NaN,NaN,295.060000,419.000000,367.480000,481.760000
NaN,NaN,295.050000,419.000000,367.720000,481.630000
NaN,NaN,295.050000,419.000000,367.680000,481.670000
NaN,NaN,295.060000,419.000000,367.710000,481.670000
NaN,NaN,295.060000,419.000000,367.710000,481.640000
NaN,NaN,295.060000,418.990000,367.690000,481.640000
NaN,NaN,295.060000,419.000000,367.680000,481.660000
NaN,NaN,295.060000,419.000000,367.760000,481.560000
NaN,NaN,295.050000,419.000000,368.070000,481.000000
NaN,NaN,295.060000,419.000000,368.070000,480.960000
NaN,NaN,295.070000,419.000000,368.070000,480.950000
NaN,NaN,295.060000,419.000000,368.070000,480.940000
NaN,NaN,295.060000,418.990000,368.090000,480.880000
NaN,NaN,295.060000,418.990000,368.100000,480.880000
NaN,NaN,295.060000,418.990000,368.190000,480.790000
NaN,NaN,295.060000,418.990000,368.250000,480.750000
NaN,NaN,295.050000,418.990000,368.210000,480.730000
NaN,NaN,295.060000,418.990000,368.220000,480.730000
NaN,NaN,295.060000,418.990000,368.250000,480.690000
NaN,NaN,295.060000,418.990000,368.240000,480.660000
NaN,NaN,295.060000,418.990000,368.240000,480.670000
NaN,NaN,295.070000,418.990000,368.310000,480.620000
NaN,NaN,295.060000,418.990000,368.360000,480.530000
NaN,NaN,295.060000,419.000000,368.570000,480.100000
NaN,NaN,295.060000,419.000000,368.810000,480.010000
NaN,NaN,295.060000,419.000000,368.830000,479.950000
NaN,NaN,295.050000,418.990000,368.850000,479.930000
NaN,NaN,295.050000,418.990000,368.870000,479.930000
NaN,NaN,295.050000,418.990000,368.870000,479.900000
NaN,NaN,295.060000,418.990000,368.870000,479.850000
NaN,NaN,295.060000,418.990000,368.940000,479.810000
NaN,NaN,295.060000,418.990000,368.930000,479.810000
NaN,NaN,295.070000,418.990000,368.950000,479.770000
NaN,NaN,295.060000,418.980000,368.940000,479.750000
NaN,NaN,295.050000,418.980000,368.920000,479.730000
NaN,NaN,295.050000,418.980000,368.930000,479.690000
NaN,NaN,295.060000,418.990000,368.980000,479.630000
NaN,NaN,295.060000,418.990000,368.990000,479.600000
NaN,NaN,295.060000,418.990000,369.030000,479.530000
NaN,NaN,295.060000,418.990000,369.140000,479.180000
NaN,NaN,295.060000,418.980000,369.150000,479.130000
NaN,NaN,295.060000,418.980000,369.150000,479.140000
NaN,NaN,295.060000,418.980000,369.200000,479.140000
NaN,NaN,295.060000,418.990000,369.200000,479.110000
NaN,NaN,295.060000,418.980000,369.230000,479.040000
NaN,NaN,295.070000,418.990000,369.290000,479.030000
NaN,NaN,295.060000,418.980000,369.320000,478.980000
NaN,NaN,295.060000,418.980000,369.320000,478.970000
NaN,NaN,295.060000,418.980000,370.682822,478.016000
NaN,NaN,295.060000,418.980000,371.090000,477.880000
NaN,NaN,295.070000,418.980000,371.070000,477.980000
NaN,NaN,295.060000,418.990000,371.010000,477.970000
NaN,NaN,295.060000,418.980000,371.010000,477.970000
NaN,NaN,295.060000,418.980000,371.010000,477.950000
NaN,NaN,295.060000,418.970000,371.010000,477.950000
NaN,NaN,295.060000,418.980000,371.020000,477.940000
NaN,NaN,295.060000,418.980000,371.020000,477.910000
NaN,NaN,295.060000,418.980000,371.020000,477.890000
NaN,NaN,295.060000,418.990000,371.020000,477.880000
NaN,NaN,295.070000,418.980000,371.020000,477.870000
NaN,NaN,295.060000,418.970000,371.050000,477.820000
NaN,NaN,295.060000,418.970000,371.050000,477.830000
NaN,NaN,295.070000,418.980000,371.050000,477.800000
NaN,NaN,295.060000,418.970000,371.060000,477.790000
NaN,NaN,295.060000,418.980000,371.050000,477.790000
NaN,NaN,295.070000,418.980000,371.060000,477.780000
NaN,NaN,295.060000,418.970000,371.050000,477.770000
NaN,NaN,295.060000,418.970000,371.060000,477.740000
NaN,NaN,295.060000,418.970000,371.050000,477.720000
NaN,NaN,295.060000,418.970000,371.060000,477.730000
NaN,NaN,295.060000,418.970000,371.060000,477.710000
NaN,NaN,295.070000,418.980000,371.060000,477.680000
NaN,NaN,295.070000,418.970000,371.060000,477.670000
NaN,NaN,295.070000,418.970000,371.080000,477.640000
NaN,NaN,295.070000,418.970000,371.090000,477.610000
NaN,NaN,295.070000,418.970000,371.090000,477.610000
NaN,NaN,295.060000,418.960000,371.080000,477.630000
NaN,NaN,295.070000,418.970000,371.100000,477.640000
NaN,NaN,295.070000,418.970000,371.100000,477.630000
NaN,NaN,295.070000,418.960000,371.120000,477.610000
NaN,NaN,295.070000,418.970000,371.110000,477.600000
NaN,NaN,295.080000,418.970000,371.110000,477.610000
NaN,NaN,295.070000,418.970000,371.130000,477.580000
NaN,NaN,295.060000,418.970000,371.140000,477.580000
NaN,NaN,295.060000,418.970000,371.140000,477.590000
NaN,NaN,295.070000,418.970000,371.150000,477.580000
NaN,NaN,295.080000,418.970000,371.160000,477.590000
NaN,NaN,295.070000,418.960000,371.160000,477.570000
NaN,NaN,295.070000,418.960000,371.160000,477.590000
NaN,NaN,295.070000,418.960000,371.150000,477.580000
NaN,NaN,295.070000,418.960000,371.150000,477.590000
NaN,NaN,295.070000,418.960000,371.170000,477.570000
NaN,NaN,295.070000,418.960000,371.160000,477.580000
NaN,NaN,295.070000,418.960000,371.150000,477.560000
NaN,NaN,295.080000,418.960000,371.150000,477.620000
NaN,NaN,295.080000,418.960000,371.150000,477.580000
NaN,NaN,295.070000,418.950000,371.140000,477.580000
NaN,NaN,295.080000,418.960000,371.130000,477.600000
NaN,NaN,295.080000,418.950000,371.110000,477.600000
NaN,NaN,295.080000,418.960000,371.130000,477.590000
NaN,NaN,295.080000,418.960000,371.130000,477.570000
NaN,NaN,295.080000,418.950000,371.130000,477.570000
NaN,NaN,295.070000,418.960000,371.760742,475.222194
NaN,NaN,295.080000,418.960000,372.010000,474.840000
NaN,NaN,295.080000,418.960000,372.010000,474.840000
NaN,NaN,295.090000,418.950000,372.010000,474.950000
NaN,NaN,295.070000,418.950000,372.010000,474.950000
NaN,NaN,295.070000,418.960000,372.010000,474.950000
NaN,NaN,295.080000,418.960000,372.020000,474.940000
NaN,NaN,295.080000,418.950000,372.020000,474.940000
NaN,NaN,295.070000,418.950000,372.030000,474.920000
NaN,NaN,295.070000,418.950000,372.030000,474.910000
NaN,NaN,295.080000,418.950000,372.020000,474.910000
NaN,NaN,295.070000,418.950000,372.030000,474.890000
NaN,NaN,295.080000,418.950000,372.020000,474.880000
NaN,NaN,295.080000,418.950000,372.030000,474.870000
NaN,NaN,295.080000,418.950000,372.030000,474.860000
NaN,NaN,295.080000,418.960000,372.050000,474.850000
NaN,NaN,295.090000,418.960000,372.040000,474.830000
NaN,NaN,295.080000,418.950000,372.050000,474.820000
NaN,NaN,295.080000,418.960000,372.060000,474.760000
NaN,NaN,295.080000,418.960000,372.070000,474.790000
NaN,NaN,295.090000,418.960000,372.040000,474.790000
NaN,NaN,295.080000,418.950000,372.040000,474.760000
NaN,NaN,295.090000,418.960000,372.040000,474.770000
NaN,NaN,295.090000,418.950000,372.030000,474.750000
NaN,NaN,295.090000,418.960000,372.030000,474.740000
NaN,NaN,295.090000,418.950000,372.040000,474.720000
NaN,NaN,295.080000,418.950000,372.030000,474.720000
NaN,NaN,295.080000,418.950000,372.030000,474.720000
NaN,NaN,295.080000,418.960000,372.030000,474.700000
NaN,NaN,295.080000,418.950000,372.020000,474.710000
NaN,NaN,295.090000,418.950000,372.020000,474.710000
NaN,NaN,295.090000,418.950000,372.010000,474.710000
NaN,NaN,295.090000,418.960000,372.030000,474.690000
NaN,NaN,295.090000,418.950000,372.010000,474.720000
NaN,NaN,295.090000,418.960000,372.010000,474.700000
NaN,NaN,295.080000,418.950000,372.000000,474.690000
NaN,NaN,295.080000,418.950000,372.050000,474.670000
NaN,NaN,295.080000,418.950000,372.030000,474.690000
NaN,NaN,295.090000,418.950000,372.050000,474.680000
NaN,NaN,295.090000,418.950000,372.040000,474.690000
NaN,NaN,295.090000,418.960000,372.040000,474.670000
NaN,NaN,295.080000,418.950000,372.030000,474.700000
NaN,NaN,295.080000,418.950000,372.030000,474.690000
NaN,NaN,295.080000,418.950000,372.020000,474.700000
NaN,NaN,295.090000,418.950000,372.030000,474.690000
NaN,NaN,295.090000,418.950000,372.060000,474.670000
NaN,NaN,295.090000,418.960000,372.060000,474.680000
NaN,NaN,295.080000,418.950000,372.040000,474.690000
NaN,NaN,295.090000,418.960000,372.070000,474.660000
NaN,NaN,295.080000,418.960000,372.070000,474.610000
NaN,NaN,295.090000,418.950000,372.070000,474.650000
NaN,NaN,295.090000,418.950000,372.060000,474.670000
NaN,NaN,295.090000,418.960000,372.060000,474.680000
NaN,NaN,295.090000,418.950000,372.070000,474.660000
NaN,NaN,295.080000,418.960000,372.060000,474.670000
NaN,NaN,295.080000,418.950000,372.050000,474.660000
NaN,NaN,295.090000,418.950000,372.070000,474.660000
NaN,NaN,295.090000,418.950000,372.080000,474.670000
NaN,NaN,295.080000,418.950000,372.070000,474.660000
NaN,NaN,295.090000,418.960000,372.070000,474.660000
NaN,NaN,295.090000,418.960000,372.080000,474.640000
NaN,NaN,295.080000,418.960000,372.070000,474.640000
NaN,NaN,295.090000,418.960000,372.070000,474.660000
NaN,NaN,295.090000,418.980000,372.070000,474.680000
NaN,NaN,295.090000,418.980000,372.080000,474.660000
NaN,NaN,295.090000,418.970000,372.100000,474.640000
NaN,NaN,295.090000,418.970000,372.100000,474.650000
NaN,NaN,295.080000,418.960000,372.090000,474.640000
NaN,NaN,295.080000,418.960000,372.100000,474.650000
NaN,NaN,295.090000,418.960000,372.100000,474.650000
NaN,NaN,295.080000,418.960000,372.090000,474.660000
NaN,NaN,295.090000,418.970000,372.080000,474.660000
NaN,NaN,295.080000,418.960000,372.090000,474.670000
NaN,NaN,295.090000,418.960000,372.100000,474.670000
NaN,NaN,295.090000,418.950000,372.100000,474.690000
NaN,NaN,295.090000,418.950000,372.100000,474.690000
NaN,NaN,295.090000,418.950000,372.120000,474.660000
NaN,NaN,295.090000,418.950000,372.120000,474.640000
NaN,NaN,295.090000,418.980000,372.130000,474.720000
NaN,NaN,295.090000,418.970000,372.130000,474.720000
NaN,NaN,295.090000,418.970000,372.130000,474.710000
NaN,NaN,295.090000,418.970000,372.140000,474.700000
NaN,NaN,295.090000,418.970000,372.120000,474.740000
NaN,NaN,295.090000,418.970000,372.120000,474.740000
NaN,NaN,295.080000,418.960000,372.110000,474.740000
NaN,NaN,295.080000,418.960000,372.120000,474.740000
NaN,NaN,295.090000,418.970000,372.130000,474.730000
NaN,NaN,295.080000,418.970000,372.130000,474.740000
NaN,NaN,295.080000,418.960000,372.130000,474.740000
NaN,NaN,295.090000,418.970000,372.140000,474.750000
NaN,NaN,295.080000,418.960000,372.130000,474.760000
NaN,NaN,295.080000,418.970000,372.130000,474.780000
NaN,NaN,295.080000,418.960000,372.130000,474.780000
NaN,NaN,295.080000,418.970000,372.150000,474.740000
NaN,NaN,295.090000,418.970000,372.150000,474.710000
NaN,NaN,295.090000,418.970000,372.140000,474.730000
NaN,NaN,295.080000,418.970000,372.150000,474.730000
NaN,NaN,295.080000,418.970000,372.140000,474.730000
NaN,NaN,295.080000,418.970000,372.150000,474.720000
NaN,NaN,295.070000,418.970000,371.221782,473.545910
NaN,NaN,295.080000,418.970000,370.960000,473.810000
NaN,NaN,295.080000,418.970000,371.020000,474.000000
NaN,NaN,295.080000,418.970000,371.020000,474.000000
NaN,NaN,295.080000,418.970000,371.020000,474.010000
NaN,NaN,295.080000,418.970000,371.030000,474.000000
NaN,NaN,295.080000,418.970000,371.040000,474.000000
NaN,NaN,295.080000,418.970000,371.040000,474.000000
NaN,NaN,295.080000,418.970000,371.050000,474.010000
NaN,NaN,295.080000,418.980000,371.070000,473.980000
NaN,NaN,295.090000,418.990000,371.070000,473.990000
NaN,NaN,295.080000,418.980000,371.080000,473.980000
NaN,NaN,295.080000,418.980000,371.080000,473.970000
NaN,NaN,295.080000,418.980000,371.090000,473.970000
NaN,NaN,295.080000,418.980000,371.100000,473.970000
NaN,NaN,295.080000,418.980000,371.100000,473.980000
NaN,NaN,295.080000,418.980000,371.120000,473.970000
NaN,NaN,295.080000,418.980000,371.130000,473.970000
NaN,NaN,295.070000,418.980000,371.130000,473.980000
NaN,NaN,295.080000,418.980000,371.140000,473.990000
NaN,NaN,295.080000,418.990000,371.130000,473.970000
NaN,NaN,295.080000,418.980000,371.150000,473.980000
NaN,NaN,295.090000,418.990000,371.170000,473.990000
NaN,NaN,295.080000,418.980000,371.200000,473.980000
NaN,NaN,295.090000,418.980000,371.180000,473.990000
NaN,NaN,295.090000,418.980000,371.190000,473.980000
NaN,NaN,295.080000,418.980000,371.210000,473.990000
NaN,NaN,295.090000,418.990000,371.210000,474.000000
NaN,NaN,295.090000,418.980000,371.250000,473.990000
NaN,NaN,295.090000,418.980000,371.260000,474.000000
NaN,NaN,295.090000,418.980000,371.280000,473.990000
NaN,NaN,295.090000,418.980000,371.310000,473.980000
NaN,NaN,295.090000,418.980000,371.300000,474.020000
NaN,NaN,295.090000,418.990000,371.300000,474.010000
NaN,NaN,295.090000,418.990000,371.300000,473.990000
NaN,NaN,295.080000,418.990000,371.310000,474.000000
NaN,NaN,295.080000,418.990000,371.330000,474.000000
NaN,NaN,295.090000,418.990000,371.320000,474.030000
NaN,NaN,295.090000,418.990000,371.340000,474.040000
NaN,NaN,295.090000,419.000000,371.380000,474.000000
NaN,NaN,295.090000,419.000000,371.430000,473.990000
NaN,NaN,295.090000,419.000000,371.410000,474.010000
NaN,NaN,295.090000,419.000000,371.410000,474.040000
NaN,NaN,295.080000,419.000000,371.430000,474.040000
NaN,NaN,295.090000,419.000000,371.450000,474.010000
NaN,NaN,295.080000,419.000000,371.420000,474.030000
NaN,NaN,295.080000,419.000000,371.420000,474.050000
NaN,NaN,295.090000,419.000000,371.480000,474.030000
NaN,NaN,295.080000,419.000000,371.870000,473.940000
NaN,NaN,295.080000,419.000000,371.860000,473.930000
NaN,NaN,295.080000,418.990000,371.880000,473.920000
NaN,NaN,295.080000,419.000000,371.880000,473.930000
NaN,NaN,295.080000,418.990000,371.930000,473.910000
NaN,NaN,295.080000,418.990000,371.920000,473.890000
NaN,NaN,295.090000,418.990000,371.970000,473.910000
NaN,NaN,295.090000,418.990000,371.940000,473.930000
NaN,NaN,295.090000,418.990000,371.930000,473.920000
NaN,NaN,295.090000,419.000000,371.940000,473.920000
NaN,NaN,295.090000,419.000000,371.930000,473.910000
NaN,NaN,295.080000,418.990000,371.930000,473.910000
NaN,NaN,295.090000,419.000000,371.900000,473.920000
NaN,NaN,295.090000,418.990000,371.900000,473.900000
NaN,NaN,295.100000,419.000000,371.930000,473.890000
NaN,NaN,295.090000,419.000000,371.890000,473.920000
NaN,NaN,295.090000,419.000000,371.920000,473.900000
NaN,NaN,295.090000,419.000000,371.930000,473.880000
NaN,NaN,295.090000,419.000000,373.916581,473.545910
NaN,NaN,295.100000,419.010000,374.130000,473.800000
NaN,NaN,295.100000,419.000000,374.110000,473.960000
NaN,NaN,295.090000,419.000000,374.010000,473.990000
NaN,NaN,295.090000,419.010000,374.020000,473.980000
NaN,NaN,295.100000,419.010000,374.020000,473.970000
NaN,NaN,295.090000,419.000000,374.020000,473.950000
NaN,NaN,295.100000,419.010000,374.020000,473.950000
NaN,NaN,295.100000,419.000000,374.020000,473.950000
NaN,NaN,295.100000,419.000000,374.020000,473.940000
NaN,NaN,295.090000,419.000000,374.000000,473.920000
NaN,NaN,295.090000,419.010000,374.010000,473.910000
NaN,NaN,295.090000,419.000000,374.020000,473.890000
NaN,NaN,295.090000,419.000000,374.010000,473.870000
NaN,NaN,295.090000,419.010000,374.000000,473.860000
NaN,NaN,295.090000,419.010000,374.000000,473.850000
NaN,NaN,295.090000,419.020000,374.000000,473.830000
NaN,NaN,295.100000,419.010000,374.000000,473.810000
NaN,NaN,295.100000,419.020000,373.970000,473.770000
NaN,NaN,295.090000,419.010000,373.970000,473.760000
NaN,NaN,295.090000,419.010000,373.990000,473.740000
NaN,NaN,295.090000,419.020000,373.990000,473.730000
NaN,NaN,295.090000,419.010000,373.980000,473.740000
NaN,NaN,295.100000,419.010000,373.980000,473.730000
NaN,NaN,295.100000,419.010000,373.990000,473.700000
NaN,NaN,295.090000,419.010000,373.990000,473.670000
NaN,NaN,295.100000,419.010000,374.000000,473.640000
NaN,NaN,295.100000,419.010000,374.000000,473.630000
NaN,NaN,295.100000,419.010000,373.990000,473.620000
NaN,NaN,295.110000,419.020000,373.990000,473.590000
NaN,NaN,295.100000,419.010000,373.980000,473.590000
NaN,NaN,295.090000,419.010000,373.980000,473.610000
NaN,NaN,295.100000,419.010000,373.980000,473.590000
NaN,NaN,295.100000,419.020000,373.980000,473.470000
NaN,NaN,295.100000,419.010000,374.010000,473.090000
NaN,NaN,295.100000,419.020000,374.020000,473.090000
NaN,NaN,295.100000,419.010000,374.020000,473.070000
NaN,NaN,295.100000,419.020000,374.000000,473.060000
NaN,NaN,295.100000,419.020000,374.010000,473.080000
NaN,NaN,295.100000,419.010000,373.990000,473.060000
NaN,NaN,295.100000,419.010000,373.980000,473.040000
NaN,NaN,295.100000,419.010000,373.980000,473.030000
NaN,NaN,295.100000,419.020000,373.970000,473.010000
NaN,NaN,295.100000,419.020000,373.970000,473.010000
NaN,NaN,295.100000,419.020000,373.960000,472.960000
NaN,NaN,295.100000,419.020000,373.950000,472.930000
NaN,NaN,295.110000,419.020000,373.930000,472.920000
NaN,NaN,295.110000,419.020000,373.930000,472.900000
NaN,NaN,295.100000,419.010000,373.960000,472.880000
NaN,NaN,295.110000,419.020000,373.960000,472.870000
NaN,NaN,295.100000,419.020000,373.960000,472.830000
NaN,NaN,295.100000,419.020000,373.950000,472.860000
NaN,NaN,295.100000,419.020000,373.970000,472.870000
NaN,NaN,295.100000,419.020000,373.980000,472.850000
NaN,NaN,295.100000,419.020000,373.990000,472.860000
NaN,NaN,295.100000,419.020000,374.010000,472.830000
NaN,NaN,295.100000,419.020000,374.020000,472.840000
NaN,NaN,295.100000,419.020000,374.000000,472.830000
NaN,NaN,295.100000,419.010000,374.000000,472.830000
NaN,NaN,295.100000,419.010000,374.000000,472.850000
NaN,NaN,295.110000,419.020000,374.020000,472.830000
NaN,NaN,295.110000,419.020000,374.030000,472.820000
NaN,NaN,295.110000,419.020000,374.050000,472.790000
NaN,NaN,295.110000,419.030000,374.070000,472.840000
NaN,NaN,295.110000,419.020000,374.070000,472.850000
NaN,NaN,295.120000,419.020000,374.080000,472.850000
NaN,NaN,295.110000,419.020000,374.080000,472.840000
NaN,NaN,295.120000,419.020000,374.120000,472.830000
NaN,NaN,295.120000,419.020000,374.150000,472.840000
NaN,NaN,295.120000,419.020000,374.180000,472.820000
NaN,NaN,295.120000,419.020000,374.160000,472.840000
NaN,NaN,295.120000,419.020000,374.140000,472.880000
NaN,NaN,295.120000,419.030000,374.170000,472.900000
NaN,NaN,295.110000,419.020000,374.170000,472.890000
NaN,NaN,295.120000,419.020000,374.160000,472.980000
NaN,NaN,295.120000,419.020000,374.150000,472.990000
NaN,NaN,295.120000,419.020000,374.180000,472.980000
NaN,NaN,295.130000,419.030000,374.210000,472.960000
NaN,NaN,295.110000,419.030000,375.533460,469.634580
NaN,NaN,295.110000,419.030000,376.110000,469.790000
NaN,NaN,295.120000,419.030000,376.160000,469.740000
NaN,NaN,295.110000,419.020000,376.000000,470.000000
NaN,NaN,295.120000,419.030000,376.020000,469.990000
NaN,NaN,295.110000,419.020000,376.040000,469.990000
NaN,NaN,295.120000,419.030000,376.050000,469.990000
NaN,NaN,295.120000,419.020000,376.080000,470.000000
NaN,NaN,295.110000,419.020000,376.080000,470.000000
NaN,NaN,295.110000,419.030000,376.090000,469.990000
NaN,NaN,295.120000,419.030000,376.100000,469.990000
NaN,NaN,295.120000,419.030000,376.120000,469.980000
NaN,NaN,295.120000,419.030000,376.120000,469.980000
NaN,NaN,295.120000,419.030000,376.140000,469.970000
NaN,NaN,295.120000,419.030000,376.140000,469.960000
NaN,NaN,295.120000,419.020000,376.140000,469.960000
NaN,NaN,295.120000,419.030000,376.150000,469.960000
NaN,NaN,295.130000,419.030000,376.150000,469.970000
NaN,NaN,295.130000,419.030000,376.160000,469.960000
NaN,NaN,295.130000,419.020000,376.160000,469.950000
NaN,NaN,295.130000,419.030000,376.170000,469.930000
NaN,NaN,295.130000,419.030000,376.170000,469.930000
NaN,NaN,295.130000,419.030000,376.170000,469.920000
NaN,NaN,295.130000,419.030000,376.180000,469.920000
NaN,NaN,295.130000,419.030000,376.190000,469.930000
NaN,NaN,295.130000,419.030000,376.190000,469.930000
NaN,NaN,295.130000,419.030000,376.170000,469.920000
NaN,NaN,295.140000,419.030000,376.190000,469.910000
NaN,NaN,295.130000,419.030000,376.200000,469.910000
NaN,NaN,295.130000,419.030000,376.190000,469.900000
NaN,NaN,295.140000,419.040000,376.190000,469.890000
NaN,NaN,295.140000,419.040000,376.170000,469.880000
NaN,NaN,295.150000,419.040000,376.180000,469.880000
NaN,NaN,295.140000,419.030000,376.170000,469.870000
NaN,NaN,295.140000,419.030000,376.190000,469.870000
NaN,NaN,295.140000,419.020000,376.180000,469.870000
NaN,NaN,295.140000,419.020000,376.190000,469.860000
NaN,NaN,295.150000,419.030000,376.170000,469.870000
NaN,NaN,295.150000,419.040000,376.180000,469.860000
NaN,NaN,295.150000,419.040000,376.160000,469.860000
NaN,NaN,295.150000,419.040000,376.180000,469.850000
NaN,NaN,295.150000,419.040000,376.180000,469.830000
NaN,NaN,295.140000,419.030000,376.180000,469.820000
NaN,NaN,295.140000,419.030000,376.170000,469.830000
NaN,NaN,295.150000,419.040000,376.160000,469.830000
NaN,NaN,295.150000,419.030000,376.160000,469.790000
NaN,NaN,295.160000,419.030000,376.140000,469.790000
NaN,NaN,295.150000,419.030000,376.130000,469.800000
NaN,NaN,295.150000,419.030000,376.100000,469.810000
NaN,NaN,295.150000,419.040000,376.110000,469.810000
NaN,NaN,295.150000,419.030000,376.110000,469.790000
NaN,NaN,295.150000,419.040000,376.100000,469.770000
NaN,NaN,295.160000,419.040000,376.100000,469.760000
NaN,NaN,295.160000,419.040000,376.100000,469.760000
NaN,NaN,295.150000,419.040000,376.090000,469.760000
NaN,NaN,295.160000,419.040000,376.090000,469.760000
NaN,NaN,295.160000,419.040000,376.100000,469.740000
NaN,NaN,295.160000,419.030000,376.080000,469.730000
NaN,NaN,295.160000,419.030000,376.070000,469.720000
NaN,NaN,295.160000,419.030000,376.060000,469.740000
NaN,NaN,295.160000,419.030000,376.070000,469.660000
NaN,NaN,295.160000,419.030000,376.080000,469.660000
NaN,NaN,295.170000,419.030000,376.050000,469.690000
NaN,NaN,295.160000,419.040000,376.050000,469.680000
NaN,NaN,295.160000,419.030000,376.040000,469.670000
NaN,NaN,295.160000,419.030000,376.040000,469.680000
NaN,NaN,295.160000,419.030000,376.040000,469.670000
NaN,NaN,295.170000,419.030000,376.050000,469.660000
NaN,NaN,295.170000,419.030000,376.040000,469.670000
NaN,NaN,295.170000,419.030000,376.040000,469.680000
NaN,NaN,295.170000,419.030000,376.040000,469.680000
NaN,NaN,295.180000,419.030000,376.020000,469.690000
NaN,NaN,295.180000,419.030000,376.020000,469.690000
NaN,NaN,295.170000,419.030000,376.020000,469.680000
NaN,NaN,295.170000,419.030000,376.020000,469.650000
NaN,NaN,295.180000,419.030000,376.020000,469.660000
NaN,NaN,295.170000,419.030000,376.000000,469.640000
NaN,NaN,295.180000,419.030000,376.010000,469.650000
NaN,NaN,295.170000,419.030000,376.000000,469.660000
NaN,NaN,295.170000,419.030000,376.010000,469.640000
NaN,NaN,295.170000,419.030000,376.020000,469.650000
NaN,NaN,295.170000,419.030000,376.000000,469.630000
NaN,NaN,295.180000,419.030000,376.000000,469.640000
NaN,NaN,295.180000,419.020000,375.990000,469.670000
NaN,NaN,295.170000,419.020000,376.000000,469.650000
NaN,NaN,295.180000,419.020000,376.010000,469.660000
NaN,NaN,295.180000,419.020000,376.000000,469.680000
NaN,NaN,295.180000,419.020000,376.000000,469.690000
NaN,NaN,295.190000,419.020000,375.980000,469.680000
NaN,NaN,295.180000,419.020000,376.010000,469.670000
NaN,NaN,295.180000,419.030000,375.990000,469.600000
NaN,NaN,295.180000,419.030000,376.000000,469.660000
NaN,NaN,295.190000,419.030000,375.990000,469.710000
NaN,NaN,295.180000,419.020000,375.990000,469.710000
NaN,NaN,295.190000,419.020000,376.000000,469.730000
NaN,NaN,295.190000,419.020000,376.010000,469.730000
NaN,NaN,295.190000,419.020000,376.010000,469.690000
NaN,NaN,295.190000,419.030000,376.000000,469.690000
NaN,NaN,295.190000,419.010000,375.990000,469.680000
NaN,NaN,295.190000,419.020000,376.000000,469.670000
NaN,NaN,295.190000,419.020000,375.990000,469.650000
NaN,NaN,295.190000,419.020000,376.000000,469.660000
NaN,NaN,295.190000,419.020000,375.990000,469.640000
NaN,NaN,295.190000,419.020000,375.990000,469.630000
NaN,NaN,295.190000,419.010000,376.000000,469.610000
NaN,NaN,295.200000,419.020000,375.970000,469.610000
NaN,NaN,295.210000,419.020000,375.990000,469.620000
NaN,NaN,295.200000,419.020000,375.980000,469.620000
NaN,NaN,295.200000,419.020000,375.970000,469.620000
NaN,NaN,295.200000,419.010000,375.980000,469.600000
NaN,NaN,295.200000,419.020000,375.960000,469.630000
NaN,NaN,295.210000,419.020000,375.950000,469.620000
NaN,NaN,295.210000,419.020000,375.950000,469.580000
NaN,NaN,295.210000,419.020000,375.940000,469.610000
NaN,NaN,295.210000,419.010000,375.940000,469.630000
NaN,NaN,295.220000,419.010000,375.950000,469.600000
NaN,NaN,295.220000,419.010000,377.150339,466.282012
NaN,NaN,295.220000,419.010000,377.080000,465.810000
NaN,NaN,295.220000,419.000000,377.010000,465.770000
NaN,NaN,295.220000,419.010000,376.990000,465.960000
NaN,NaN,295.220000,419.020000,376.990000,465.950000
NaN,NaN,295.230000,419.020000,376.990000,465.960000
NaN,NaN,295.220000,419.010000,376.990000,465.960000
NaN,NaN,295.220000,419.020000,376.980000,465.940000
NaN,NaN,295.220000,419.010000,376.990000,465.920000
NaN,NaN,295.220000,419.010000,377.010000,465.910000
NaN,NaN,295.220000,419.020000,377.000000,465.910000
NaN,NaN,295.230000,419.020000,376.970000,465.910000
NaN,NaN,295.220000,419.010000,376.980000,465.900000
NaN,NaN,295.230000,419.020000,377.000000,465.890000
NaN,NaN,295.230000,419.010000,377.000000,465.890000
NaN,NaN,295.230000,419.010000,376.980000,465.880000
NaN,NaN,295.240000,419.010000,376.990000,465.880000
NaN,NaN,295.230000,419.010000,376.990000,465.870000
NaN,NaN,295.230000,419.010000,376.990000,465.860000
NaN,NaN,295.240000,419.010000,377.000000,465.860000
NaN,NaN,295.240000,419.010000,377.000000,465.840000
NaN,NaN,295.240000,419.010000,377.000000,465.830000
NaN,NaN,295.240000,419.010000,377.010000,465.830000
NaN,NaN,295.240000,419.010000,377.000000,465.820000
NaN,NaN,295.230000,419.000000,377.010000,465.830000
NaN,NaN,295.240000,419.010000,377.000000,465.810000
NaN,NaN,295.240000,419.010000,377.000000,465.820000
NaN,NaN,295.250000,419.020000,377.000000,465.820000
NaN,NaN,295.240000,419.020000,377.010000,465.810000
NaN,NaN,295.250000,419.020000,377.000000,465.810000
NaN,NaN,295.250000,419.020000,377.010000,465.810000
NaN,NaN,295.250000,419.010000,377.020000,465.810000
NaN,NaN,295.250000,419.020000,377.020000,465.800000
NaN,NaN,295.250000,419.010000,377.030000,465.790000
NaN,NaN,295.250000,419.010000,377.040000,465.780000
NaN,NaN,295.260000,419.010000,377.030000,465.750000
NaN,NaN,295.250000,419.010000,377.040000,465.750000
NaN,NaN,295.260000,419.000000,377.040000,465.740000
NaN,NaN,295.260000,419.010000,377.040000,465.750000
NaN,NaN,295.260000,419.010000,377.030000,465.750000
NaN,NaN,295.260000,419.010000,377.020000,465.730000
NaN,NaN,295.260000,419.010000,377.020000,465.720000
NaN,NaN,295.260000,419.000000,377.040000,465.720000
NaN,NaN,295.270000,419.010000,377.030000,465.730000
NaN,NaN,295.270000,419.010000,377.030000,465.700000
NaN,NaN,295.260000,419.000000,377.040000,465.690000
NaN,NaN,295.260000,419.010000,377.040000,465.670000
NaN,NaN,295.260000,419.010000,377.040000,465.670000
NaN,NaN,295.260000,419.000000,377.050000,465.690000
NaN,NaN,295.280000,419.000000,377.020000,465.710000
NaN,NaN,295.280000,419.000000,377.030000,465.660000
NaN,NaN,295.280000,419.010000,377.030000,465.680000
NaN,NaN,295.270000,419.000000,377.030000,465.690000
NaN,NaN,295.270000,419.010000,377.040000,465.670000
NaN,NaN,295.280000,419.010000,377.040000,465.660000
NaN,NaN,295.280000,419.010000,377.040000,465.640000
NaN,NaN,295.270000,419.010000,377.050000,465.630000
NaN,NaN,295.280000,419.010000,377.060000,465.620000
NaN,NaN,295.280000,419.010000,377.060000,465.620000
NaN,NaN,295.280000,419.010000,377.060000,465.620000
NaN,NaN,295.280000,419.010000,377.050000,465.610000
NaN,NaN,295.290000,419.010000,377.040000,465.580000
NaN,NaN,295.280000,419.010000,377.060000,465.580000
NaN,NaN,295.280000,419.010000,377.050000,465.590000
NaN,NaN,295.290000,419.000000,377.050000,465.570000
NaN,NaN,295.290000,419.000000,377.060000,465.540000
NaN,NaN,295.280000,418.990000,377.050000,465.550000
NaN,NaN,295.280000,419.000000,377.040000,465.570000
NaN,NaN,295.290000,419.000000,377.050000,465.560000
NaN,NaN,295.290000,419.010000,377.040000,465.570000
NaN,NaN,295.290000,419.010000,377.050000,465.590000
NaN,NaN,295.290000,419.000000,377.050000,465.600000
NaN,NaN,295.280000,419.000000,377.050000,465.600000
NaN,NaN,295.280000,419.000000,377.050000,465.600000
NaN,NaN,295.290000,419.000000,377.050000,465.600000
NaN,NaN,295.300000,419.010000,377.060000,465.580000
NaN,NaN,295.300000,419.000000,377.050000,465.560000
NaN,NaN,295.300000,419.000000,377.050000,465.560000
NaN,NaN,295.290000,419.000000,377.040000,465.580000
NaN,NaN,295.310000,419.010000,377.060000,465.580000
NaN,NaN,295.300000,419.010000,377.050000,465.560000
NaN,NaN,295.310000,419.010000,377.050000,465.560000
NaN,NaN,295.310000,419.010000,377.060000,465.530000
NaN,NaN,295.310000,419.010000,377.060000,465.520000
NaN,NaN,295.310000,419.000000,377.060000,465.530000
NaN,NaN,295.320000,419.000000,377.060000,465.480000
NaN,NaN,295.310000,419.000000,377.150000,465.050000
NaN,NaN,295.300000,419.000000,377.140000,465.050000
NaN,NaN,295.300000,419.000000,377.130000,465.040000
NaN,NaN,295.300000,419.000000,377.140000,465.040000
NaN,NaN,295.310000,419.000000,377.140000,465.010000
NaN,NaN,295.320000,419.000000,377.120000,465.010000
NaN,NaN,295.320000,419.000000,377.150000,465.020000
NaN,NaN,295.320000,419.000000,377.140000,465.030000
NaN,NaN,295.320000,419.000000,377.160000,465.020000
NaN,NaN,295.320000,419.000000,377.140000,465.020000
NaN,NaN,295.310000,418.990000,377.140000,465.020000
NaN,NaN,295.300000,418.990000,377.150000,465.010000
NaN,NaN,295.300000,419.000000,377.140000,465.020000
NaN,NaN,295.320000,419.000000,377.150000,465.000000
NaN,NaN,295.310000,419.000000,377.150000,465.030000
NaN,NaN,295.310000,419.010000,377.150000,465.020000
NaN,NaN,295.310000,419.000000,377.170000,465.010000
NaN,NaN,295.310000,419.000000,377.180000,464.980000
NaN,NaN,295.310000,419.000000,377.170000,465.000000
NaN,NaN,295.320000,419.000000,377.170000,464.980000
NaN,NaN,295.320000,419.000000,377.160000,465.000000
NaN,NaN,295.320000,419.000000,377.160000,465.010000
NaN,NaN,295.330000,419.000000,377.160000,465.010000
NaN,NaN,295.330000,418.990000,377.200000,464.950000
NaN,NaN,295.320000,418.990000,377.180000,465.010000
NaN,NaN,295.330000,419.000000,377.170000,465.000000
NaN,NaN,295.330000,418.990000,377.190000,465.000000
NaN,NaN,295.330000,418.990000,377.190000,465.000000
NaN,NaN,295.320000,418.990000,377.190000,464.990000
NaN,NaN,295.310000,418.990000,377.210000,464.980000
NaN,NaN,295.310000,418.990000,377.190000,465.010000
NaN,NaN,295.300000,418.990000,377.210000,464.990000
NaN,NaN,295.300000,418.990000,377.210000,465.000000
NaN,NaN,295.310000,418.990000,377.240000,465.000000
NaN,NaN,295.310000,418.990000,377.230000,465.000000
NaN,NaN,295.330000,418.990000,377.220000,464.990000
NaN,NaN,295.320000,418.990000,377.200000,465.000000
NaN,NaN,295.320000,418.990000,377.200000,464.970000
NaN,NaN,295.330000,418.990000,377.180000,464.980000
NaN,NaN,295.330000,418.990000,377.200000,464.980000
NaN,NaN,295.330000,419.000000,377.190000,464.990000
NaN,NaN,295.340000,418.980000,377.200000,464.960000
NaN,NaN,295.330000,418.980000,377.200000,464.960000
NaN,NaN,295.340000,418.980000,377.200000,464.950000
NaN,NaN,295.340000,418.980000,377.200000,464.940000
NaN,NaN,295.330000,418.970000,377.190000,464.970000
NaN,NaN,295.330000,418.980000,377.190000,464.960000
NaN,NaN,295.320000,418.970000,377.190000,464.960000
NaN,NaN,295.330000,418.980000,377.220000,464.940000
NaN,NaN,295.340000,418.980000,377.190000,464.960000
NaN,NaN,295.340000,418.980000,377.190000,464.960000
NaN,NaN,295.340000,418.980000,377.200000,464.940000
NaN,NaN,295.340000,418.980000,377.190000,464.950000
NaN,NaN,295.350000,419.000000,377.210000,464.920000
NaN,NaN,295.340000,418.980000,377.200000,464.960000
NaN,NaN,295.340000,418.980000,377.230000,464.930000
NaN,NaN,295.360000,418.990000,377.210000,464.930000
NaN,NaN,295.350000,418.980000,377.210000,464.960000
NaN,NaN,295.350000,418.990000,377.220000,464.970000
NaN,NaN,295.350000,418.980000,377.230000,464.950000
NaN,NaN,295.350000,418.980000,377.220000,464.950000
NaN,NaN,295.350000,418.980000,377.210000,464.960000
NaN,NaN,295.340000,418.980000,377.200000,464.980000
NaN,NaN,295.340000,418.980000,377.240000,464.960000
NaN,NaN,295.340000,418.970000,377.230000,465.000000
NaN,NaN,295.340000,418.970000,377.220000,464.980000
NaN,NaN,295.350000,418.980000,377.200000,464.990000
NaN,NaN,295.340000,418.980000,377.200000,464.980000
NaN,NaN,295.350000,418.990000,377.240000,464.920000
NaN,NaN,295.340000,418.990000,377.220000,464.950000
NaN,NaN,295.350000,418.990000,377.220000,464.970000
NaN,NaN,295.360000,418.990000,377.190000,464.970000
NaN,NaN,295.350000,418.990000,377.210000,464.950000
NaN,NaN,295.360000,418.980000,377.190000,464.990000
NaN,NaN,295.370000,418.980000,377.190000,464.990000
NaN,NaN,295.370000,418.980000,377.180000,464.970000
NaN,NaN,295.350000,418.970000,377.180000,464.940000
NaN,NaN,295.350000,418.970000,377.150000,464.960000
NaN,NaN,295.370000,418.980000,377.130000,464.960000
NaN,NaN,295.360000,418.980000,377.130000,464.960000
NaN,NaN,295.360000,418.980000,377.110000,464.960000
NaN,NaN,295.360000,418.970000,377.130000,464.970000
NaN,NaN,295.350000,418.970000,377.130000,464.950000
NaN,NaN,295.390000,418.990000,377.150000,464.880000
NaN,NaN,295.380000,418.980000,377.170000,464.890000
NaN,NaN,295.370000,418.980000,377.140000,464.940000
NaN,NaN,295.370000,418.980000,377.140000,464.920000
NaN,NaN,295.380000,418.980000,377.150000,464.930000
NaN,NaN,295.380000,418.990000,377.120000,464.950000
NaN,NaN,295.380000,418.990000,377.090000,464.960000
NaN,NaN,295.380000,418.980000,377.100000,464.960000
NaN,NaN,295.390000,418.980000,377.100000,464.940000
NaN,NaN,295.390000,418.980000,377.080000,464.950000
NaN,NaN,295.390000,418.980000,377.060000,464.920000
NaN,NaN,295.390000,418.980000,377.100000,464.910000
NaN,NaN,295.390000,418.980000,377.080000,464.960000
NaN,NaN,295.380000,418.980000,377.050000,464.960000
NaN,NaN,295.380000,418.970000,377.050000,464.930000
NaN,NaN,295.390000,418.990000,377.130000,464.790000
NaN,NaN,295.390000,418.980000,377.090000,464.850000
NaN,NaN,295.370000,418.980000,377.040000,464.890000
NaN,NaN,295.370000,418.980000,377.020000,464.890000
NaN,NaN,295.380000,418.980000,377.040000,464.900000
NaN,NaN,295.390000,418.970000,377.030000,464.890000
NaN,NaN,295.380000,418.980000,377.030000,464.910000
NaN,NaN,295.380000,418.980000,377.010000,464.920000
NaN,NaN,295.380000,418.980000,377.010000,464.910000
NaN,NaN,295.380000,418.980000,377.010000,464.910000
NaN,NaN,295.390000,418.980000,377.020000,464.910000
NaN,NaN,295.390000,418.980000,377.010000,464.960000
NaN,NaN,295.380000,418.970000,378.767219,461.811922
NaN,NaN,295.390000,418.980000,379.070000,461.780000
NaN,NaN,295.390000,418.980000,379.100000,461.850000
NaN,NaN,295.400000,418.970000,379.050000,461.980000
NaN,NaN,295.400000,418.970000,379.050000,462.000000
NaN,NaN,295.400000,418.970000,379.040000,461.990000
NaN,NaN,295.390000,418.970000,379.040000,461.990000
NaN,NaN,295.390000,418.970000,379.060000,461.980000
NaN,NaN,295.390000,418.970000,379.070000,461.970000
NaN,NaN,295.400000,418.970000,379.060000,461.960000
NaN,NaN,295.400000,418.970000,379.060000,461.960000
NaN,NaN,295.390000,418.970000,379.050000,461.970000
NaN,NaN,295.400000,418.970000,379.060000,461.950000
NaN,NaN,295.400000,418.970000,379.070000,461.940000
NaN,NaN,295.400000,418.970000,379.080000,461.940000
NaN,NaN,295.410000,418.970000,379.090000,461.920000
NaN,NaN,295.410000,418.970000,379.100000,461.900000
NaN,NaN,295.420000,418.960000,379.090000,461.890000
NaN,NaN,295.430000,418.960000,379.090000,461.870000
NaN,NaN,295.430000,418.970000,379.080000,461.880000
NaN,NaN,295.420000,418.970000,379.060000,461.870000
NaN,NaN,295.430000,418.980000,379.090000,461.850000
NaN,NaN,295.420000,418.980000,379.100000,461.820000
NaN,NaN,295.420000,418.970000,379.100000,461.830000
NaN,NaN,295.420000,418.970000,379.100000,461.830000
NaN,NaN,295.430000,418.970000,379.090000,461.840000
NaN,NaN,295.440000,418.990000,379.080000,461.830000
NaN,NaN,295.430000,418.980000,379.100000,461.800000
NaN,NaN,295.430000,418.970000,379.120000,461.790000
NaN,NaN,295.430000,418.970000,379.120000,461.810000
NaN,NaN,295.430000,418.970000,379.130000,461.800000
NaN,NaN,295.440000,418.970000,379.150000,461.780000
NaN,NaN,295.430000,418.960000,379.140000,461.770000
NaN,NaN,295.440000,418.980000,379.160000,461.780000
NaN,NaN,295.440000,418.980000,379.160000,461.760000
NaN,NaN,295.450000,418.980000,379.180000,461.730000
NaN,NaN,295.440000,418.980000,379.160000,461.720000
NaN,NaN,295.450000,418.980000,379.160000,461.720000
NaN,NaN,295.450000,418.980000,379.170000,461.700000
NaN,NaN,295.440000,418.980000,379.190000,461.700000
NaN,NaN,295.440000,418.980000,379.190000,461.700000
NaN,NaN,295.450000,418.980000,379.200000,461.690000
NaN,NaN,295.450000,418.980000,379.200000,461.710000
NaN,NaN,295.440000,418.980000,379.190000,461.700000
NaN,NaN,295.430000,418.980000,379.210000,461.660000
NaN,NaN,295.440000,418.980000,379.210000,461.670000
NaN,NaN,295.430000,418.980000,379.220000,461.670000
NaN,NaN,295.440000,418.980000,379.220000,461.670000
NaN,NaN,295.430000,418.980000,379.260000,461.660000
NaN,NaN,295.440000,418.980000,379.230000,461.660000
NaN,NaN,295.440000,418.980000,379.210000,461.680000
NaN,NaN,295.430000,418.980000,379.230000,461.660000
NaN,NaN,295.440000,418.980000,379.240000,461.670000
NaN,NaN,295.430000,418.980000,379.220000,461.670000
NaN,NaN,295.440000,418.970000,379.220000,461.660000
NaN,NaN,295.450000,418.970000,379.200000,461.670000
NaN,NaN,295.440000,418.970000,379.200000,461.670000
NaN,NaN,295.440000,418.970000,379.200000,461.660000
NaN,NaN,295.440000,418.970000,379.220000,461.640000
NaN,NaN,295.440000,418.970000,379.200000,461.630000
NaN,NaN,295.440000,418.970000,379.200000,461.620000
NaN,NaN,295.440000,418.970000,379.180000,461.650000
NaN,NaN,295.450000,418.970000,379.170000,461.670000
NaN,NaN,295.480000,418.980000,379.190000,461.690000
NaN,NaN,295.650000,419.000000,379.130000,461.720000
NaN,NaN,295.650000,419.010000,379.140000,461.730000
NaN,NaN,295.650000,419.010000,379.120000,461.750000
NaN,NaN,295.650000,419.010000,379.120000,461.730000
NaN,NaN,295.660000,419.000000,379.140000,461.710000
NaN,NaN,295.660000,419.000000,379.160000,461.730000
NaN,NaN,295.660000,419.010000,379.160000,461.750000
NaN,NaN,295.660000,419.000000,379.140000,461.770000
NaN,NaN,295.660000,419.000000,379.130000,461.780000
NaN,NaN,295.660000,419.000000,379.130000,461.800000
NaN,NaN,295.660000,419.000000,379.140000,461.790000
NaN,NaN,295.670000,419.000000,379.160000,461.790000
NaN,NaN,295.680000,419.000000,379.170000,461.790000
NaN,NaN,295.680000,419.010000,379.160000,461.780000
NaN,NaN,295.680000,419.010000,379.220000,461.750000
NaN,NaN,295.690000,419.010000,379.210000,461.770000
NaN,NaN,295.690000,419.010000,379.200000,461.790000
NaN,NaN,295.690000,419.000000,379.200000,461.790000
NaN,NaN,295.700000,419.000000,379.180000,461.800000
NaN,NaN,295.700000,419.000000,379.160000,461.820000
NaN,NaN,295.700000,419.010000,379.170000,461.820000
NaN,NaN,295.700000,419.010000,379.210000,461.800000
NaN,NaN,295.690000,419.000000,379.200000,461.800000
NaN,NaN,295.690000,419.010000,379.200000,461.800000
NaN,NaN,295.700000,419.010000,379.190000,461.810000
NaN,NaN,295.700000,419.010000,379.180000,461.830000
NaN,NaN,295.700000,419.010000,379.200000,461.830000
NaN,NaN,295.710000,419.010000,379.200000,461.820000
NaN,NaN,295.710000,419.020000,379.220000,461.820000
NaN,NaN,295.720000,419.020000,379.270000,461.840000
NaN,NaN,295.700000,419.010000,379.230000,461.850000
NaN,NaN,295.700000,419.010000,379.230000,461.840000
NaN,NaN,295.700000,419.010000,379.220000,461.850000
NaN,NaN,295.710000,419.010000,379.220000,461.860000
NaN,NaN,295.710000,419.020000,379.220000,461.860000
NaN,NaN,295.710000,419.010000,379.210000,461.860000
NaN,NaN,295.710000,419.010000,379.220000,461.840000
NaN,NaN,295.700000,419.010000,379.220000,461.860000
NaN,NaN,295.710000,419.020000,379.230000,461.830000
NaN,NaN,295.710000,419.010000,379.240000,461.820000
NaN,NaN,295.720000,419.020000,379.250000,461.840000
NaN,NaN,295.720000,419.020000,379.260000,461.830000
NaN,NaN,295.730000,419.020000,379.250000,461.830000
NaN,NaN,295.730000,419.010000,379.260000,461.820000
NaN,NaN,295.730000,419.020000,379.340000,461.810000
NaN,NaN,295.740000,419.020000,379.350000,461.800000
NaN,NaN,295.750000,419.020000,379.310000,461.810000
NaN,NaN,295.750000,419.010000,379.300000,461.800000
NaN,NaN,295.750000,419.020000,379.300000,461.800000
NaN,NaN,295.750000,419.020000,379.310000,461.790000
NaN,NaN,295.750000,419.020000,379.300000,461.800000
NaN,NaN,295.750000,419.010000,379.290000,461.800000
NaN,NaN,295.750000,419.010000,379.290000,461.810000
NaN,NaN,295.760000,419.020000,379.300000,461.780000
NaN,NaN,295.760000,419.010000,379.290000,461.800000
NaN,NaN,295.760000,419.020000,379.320000,461.770000
NaN,NaN,295.770000,419.020000,379.300000,461.790000
NaN,NaN,295.780000,419.020000,379.300000,461.800000
NaN,NaN,295.780000,419.020000,379.300000,461.790000
NaN,NaN,295.810000,419.030000,379.310000,461.770000
NaN,NaN,295.800000,419.020000,379.320000,461.770000
NaN,NaN,295.790000,419.020000,379.340000,461.720000
NaN,NaN,295.800000,419.020000,381.910000,458.590000
NaN,NaN,295.800000,419.030000,382.220000,457.990000
NaN,NaN,295.800000,419.020000,382.210000,457.990000
NaN,NaN,295.810000,419.020000,382.080000,458.180000
NaN,NaN,295.820000,419.020000,382.090000,458.180000
NaN,NaN,295.820000,419.020000,382.120000,458.160000
NaN,NaN,295.830000,419.030000,382.120000,458.160000
NaN,NaN,295.830000,419.030000,382.130000,458.130000
NaN,NaN,295.840000,419.030000,382.120000,458.100000
NaN,NaN,295.840000,419.020000,382.150000,458.090000
NaN,NaN,295.850000,419.020000,382.150000,458.100000
NaN,NaN,295.860000,419.030000,382.150000,458.090000
NaN,NaN,295.880000,419.020000,382.230000,458.090000
NaN,NaN,295.890000,419.020000,382.220000,458.050000
NaN,NaN,295.900000,419.020000,382.230000,458.000000
NaN,NaN,295.900000,419.020000,382.240000,458.010000
NaN,NaN,295.920000,419.010000,382.270000,458.030000
NaN,NaN,295.920000,419.010000,382.250000,458.020000
NaN,NaN,295.940000,419.020000,382.280000,458.020000
NaN,NaN,295.940000,419.010000,382.310000,458.020000
NaN,NaN,295.950000,419.020000,382.310000,458.030000
NaN,NaN,295.970000,419.020000,382.330000,458.040000
NaN,NaN,295.980000,419.010000,382.320000,458.020000
NaN,NaN,296.000000,419.010000,382.320000,458.010000
NaN,NaN,296.010000,419.010000,382.330000,458.010000
NaN,NaN,296.020000,419.010000,382.310000,457.990000
NaN,NaN,296.040000,419.010000,382.370000,458.000000
NaN,NaN,296.070000,419.020000,382.330000,457.990000
NaN,NaN,296.070000,419.010000,382.330000,457.980000
NaN,NaN,296.080000,419.010000,382.340000,457.960000
NaN,NaN,296.100000,419.010000,382.350000,457.960000
NaN,NaN,296.120000,419.010000,382.390000,457.950000
NaN,NaN,296.140000,419.000000,382.360000,457.960000
NaN,NaN,296.160000,419.000000,382.390000,457.950000
NaN,NaN,296.180000,419.010000,382.440000,457.940000
NaN,NaN,296.190000,419.010000,382.440000,457.930000
NaN,NaN,296.220000,419.020000,382.460000,457.930000
NaN,NaN,296.240000,419.020000,382.520000,457.890000
NaN,NaN,296.290000,419.020000,382.690000,457.830000
NaN,NaN,296.320000,419.010000,382.720000,457.810000
NaN,NaN,296.340000,419.030000,382.680000,457.850000
NaN,NaN,296.360000,419.030000,382.700000,457.830000
NaN,NaN,296.420000,419.030000,382.810000,457.820000
NaN,NaN,296.420000,419.030000,382.800000,457.820000
NaN,NaN,296.450000,419.030000,382.790000,457.810000
NaN,NaN,296.490000,419.050000,382.810000,457.790000
NaN,NaN,296.690000,419.090000,382.830000,457.790000
NaN,NaN,296.710000,419.110000,382.820000,457.790000
NaN,NaN,296.730000,419.120000,382.840000,457.770000
NaN,NaN,296.760000,419.130000,382.860000,457.750000
NaN,NaN,296.780000,419.130000,382.890000,457.750000
NaN,NaN,296.810000,419.140000,382.890000,457.770000
NaN,NaN,296.830000,419.150000,382.860000,457.750000
NaN,NaN,296.850000,419.160000,382.930000,457.750000
NaN,NaN,296.880000,419.160000,382.900000,457.750000
NaN,NaN,296.900000,419.160000,382.900000,457.760000
NaN,NaN,296.920000,419.160000,382.920000,457.750000
NaN,NaN,296.970000,419.160000,382.970000,457.720000
NaN,NaN,296.980000,419.160000,383.000000,457.690000
NaN,NaN,297.010000,419.180000,383.010000,457.670000
NaN,NaN,297.030000,419.190000,383.040000,457.680000
NaN,NaN,297.050000,419.200000,383.020000,457.690000
NaN,NaN,297.080000,419.190000,383.020000,457.650000
NaN,NaN,297.110000,419.190000,383.010000,457.680000
NaN,NaN,297.140000,419.220000,383.050000,457.680000
NaN,NaN,297.180000,419.210000,383.060000,457.680000
NaN,NaN,297.200000,419.220000,383.070000,457.680000
NaN,NaN,297.230000,419.230000,383.050000,457.690000
NaN,NaN,297.270000,419.230000,383.050000,457.700000
NaN,NaN,297.300000,419.240000,383.080000,457.650000
NaN,NaN,297.340000,419.250000,383.090000,457.640000
NaN,NaN,297.380000,419.250000,383.100000,457.650000
NaN,NaN,297.450000,419.300000,383.140000,457.590000
NaN,NaN,297.670000,419.360000,383.110000,457.560000
NaN,NaN,297.700000,419.380000,383.120000,457.550000
NaN,NaN,297.730000,419.390000,383.110000,457.560000
NaN,NaN,297.780000,419.410000,383.130000,457.580000
NaN,NaN,297.820000,419.460000,383.140000,457.560000
NaN,NaN,297.870000,419.580000,383.150000,457.550000
NaN,NaN,297.910000,419.610000,383.140000,457.580000
NaN,NaN,297.930000,419.610000,383.200000,457.520000
NaN,NaN,297.950000,419.620000,383.360000,457.080000
NaN,NaN,297.970000,419.630000,383.360000,457.100000
NaN,NaN,298.000000,419.630000,383.410000,457.080000
NaN,NaN,298.020000,419.660000,383.440000,457.020000
NaN,NaN,298.070000,419.670000,383.450000,457.010000
NaN,NaN,298.090000,419.680000,383.540000,456.990000
NaN,NaN,298.130000,419.690000,383.570000,457.030000
NaN,NaN,298.170000,419.700000,383.560000,457.020000
NaN,NaN,298.180000,419.700000,383.600000,456.990000
NaN,NaN,298.220000,419.710000,383.600000,456.960000
NaN,NaN,298.260000,419.720000,383.620000,456.950000
NaN,NaN,298.290000,419.730000,383.630000,456.920000
NaN,NaN,298.330000,419.730000,383.650000,456.900000
NaN,NaN,298.370000,419.720000,383.670000,456.880000
NaN,NaN,298.430000,419.740000,383.690000,456.850000
NaN,NaN,298.490000,419.760000,383.660000,456.860000
NaN,NaN,298.690000,419.810000,383.670000,456.830000
NaN,NaN,298.740000,419.840000,383.690000,456.800000
NaN,NaN,298.780000,419.840000,383.680000,456.810000
NaN,NaN,298.810000,419.860000,383.690000,456.790000
NaN,NaN,298.830000,419.860000,383.690000,456.770000
NaN,NaN,298.910000,419.890000,383.720000,456.720000
NaN,NaN,298.910000,419.880000,383.760000,456.690000
NaN,NaN,298.950000,419.890000,383.760000,456.660000
NaN,NaN,298.960000,419.920000,383.750000,456.590000
NaN,NaN,298.990000,419.930000,383.740000,456.590000
NaN,NaN,299.020000,419.930000,383.720000,456.610000
NaN,NaN,299.050000,419.950000,383.740000,456.560000
NaN,NaN,299.080000,419.960000,383.730000,456.600000
NaN,NaN,299.110000,419.980000,383.780000,456.520000
NaN,NaN,299.150000,419.990000,383.820000,456.150000
NaN,NaN,299.190000,419.980000,383.830000,456.130000
NaN,NaN,299.240000,419.980000,383.810000,456.140000
NaN,NaN,299.280000,419.990000,383.780000,456.140000
NaN,NaN,299.340000,420.000000,383.820000,456.080000
NaN,NaN,299.400000,420.020000,383.830000,456.050000
NaN,NaN,299.480000,420.030000,383.880000,456.070000
NaN,NaN,299.670000,420.080000,383.870000,456.040000
NaN,NaN,299.710000,420.080000,383.860000,456.010000
NaN,NaN,299.740000,420.110000,383.850000,456.000000
NaN,NaN,299.800000,420.130000,383.880000,455.980000
NaN,NaN,299.830000,420.150000,383.870000,455.990000
NaN,NaN,299.860000,420.160000,383.840000,455.990000
NaN,NaN,299.900000,420.170000,383.860000,455.970000
NaN,NaN,299.930000,420.210000,383.890000,455.960000
NaN,NaN,299.950000,420.230000,383.900000,455.920000
NaN,NaN,299.970000,420.250000,383.920000,455.920000
NaN,NaN,300.010000,420.270000,383.940000,455.930000
NaN,NaN,300.020000,420.300000,383.940000,455.930000
NaN,NaN,300.040000,420.320000,383.950000,455.930000
NaN,NaN,300.070000,420.340000,383.960000,455.920000
NaN,NaN,300.130000,420.380000,383.980000,455.960000
NaN,NaN,300.160000,420.390000,383.970000,455.900000
NaN,NaN,300.190000,420.410000,384.020000,455.900000
NaN,NaN,300.220000,420.410000,384.030000,455.840000
NaN,NaN,300.270000,420.440000,384.090000,455.820000
NaN,NaN,300.310000,420.450000,384.040000,455.830000
NaN,NaN,300.350000,420.470000,384.050000,455.850000
NaN,NaN,300.410000,420.490000,384.100000,455.820000
NaN,NaN,300.550000,420.690000,384.110000,455.800000
NaN,NaN,300.740000,420.760000,384.180000,455.830000
NaN,NaN,300.790000,420.780000,384.190000,455.810000
NaN,NaN,300.830000,420.780000,384.170000,455.780000
NaN,NaN,300.870000,420.800000,384.190000,455.810000
NaN,NaN,300.920000,420.820000,384.190000,455.820000
NaN,NaN,300.940000,420.830000,384.270000,455.780000
NaN,NaN,300.990000,420.860000,384.270000,455.720000
NaN,NaN,300.990000,420.860000,384.270000,455.710000
NaN,NaN,301.010000,420.880000,384.290000,455.680000
NaN,NaN,301.050000,420.900000,384.320000,455.620000
NaN,NaN,301.080000,420.920000,384.340000,455.670000
NaN,NaN,301.110000,420.930000,384.320000,455.660000
NaN,NaN,301.140000,420.940000,384.350000,455.660000
NaN,NaN,301.170000,420.960000,384.360000,455.620000
NaN,NaN,301.220000,420.960000,384.400000,455.640000
NaN,NaN,301.290000,420.980000,384.360000,455.620000
NaN,NaN,301.330000,420.980000,384.340000,455.580000
NaN,NaN,301.370000,420.980000,384.360000,455.560000
NaN,NaN,301.430000,420.970000,384.430000,455.530000
NaN,NaN,301.540000,421.010000,384.400000,455.470000
NaN,NaN,301.730000,421.050000,384.530000,455.090000
NaN,NaN,301.830000,421.090000,384.770000,455.000000
NaN,NaN,301.870000,421.090000,384.750000,455.060000
NaN,NaN,301.920000,421.100000,384.750000,455.020000
NaN,NaN,301.940000,421.100000,384.800000,455.010000
NaN,NaN,301.970000,421.100000,384.810000,455.000000
NaN,NaN,302.010000,421.110000,384.800000,455.020000
NaN,NaN,302.050000,421.130000,384.810000,454.990000
NaN,NaN,302.100000,421.140000,384.810000,454.970000
NaN,NaN,302.120000,421.160000,384.850000,454.980000
NaN,NaN,302.180000,421.170000,384.890000,454.930000
NaN,NaN,302.230000,421.180000,384.910000,454.950000
NaN,NaN,302.250000,421.180000,384.920000,454.930000
NaN,NaN,302.310000,421.190000,384.910000,454.890000
NaN,NaN,302.410000,421.200000,384.970000,454.930000
NaN,NaN,302.660000,421.270000,385.090000,454.900000
NaN,NaN,302.780000,421.280000,385.070000,454.890000
NaN,NaN,302.810000,421.260000,385.080000,454.860000
NaN,NaN,302.850000,421.250000,385.130000,454.850000
NaN,NaN,302.870000,421.230000,385.150000,454.820000
NaN,NaN,302.930000,421.260000,385.130000,454.850000
NaN,NaN,302.970000,421.280000,385.180000,454.810000
NaN,NaN,303.020000,421.300000,385.170000,454.810000
NaN,NaN,303.030000,421.270000,385.170000,454.780000
NaN,NaN,303.070000,421.280000,385.160000,454.810000
NaN,NaN,303.130000,421.300000,385.180000,454.790000
NaN,NaN,303.180000,421.310000,385.240000,454.700000
NaN,NaN,303.270000,421.310000,385.300000,454.680000
NaN,NaN,303.330000,421.300000,385.270000,454.690000
NaN,NaN,303.410000,421.310000,385.270000,454.700000
NaN,NaN,303.500000,421.310000,385.270000,454.700000
NaN,NaN,303.810000,421.450000,385.400000,454.720000
NaN,NaN,303.910000,421.560000,385.530000,454.610000
NaN,NaN,303.960000,421.580000,385.550000,454.550000
NaN,NaN,304.010000,421.590000,385.640000,454.190000
NaN,NaN,304.040000,421.580000,385.680000,454.200000
NaN,NaN,304.110000,421.570000,385.740000,454.140000
NaN,NaN,304.160000,421.600000,385.710000,454.110000
NaN,NaN,304.200000,421.630000,385.780000,454.120000
NaN,NaN,304.220000,421.570000,385.810000,454.060000
NaN,NaN,304.290000,421.560000,385.850000,454.060000
NaN,NaN,304.380000,421.560000,385.850000,454.050000
NaN,NaN,304.540000,421.590000,385.850000,454.040000
NaN,NaN,304.790000,421.670000,385.860000,454.030000
NaN,NaN,304.890000,421.690000,385.870000,453.990000
NaN,NaN,304.940000,421.700000,385.900000,453.970000
NaN,NaN,305.000000,421.710000,386.000000,453.970000
NaN,NaN,305.020000,421.680000,385.980000,453.990000
NaN,NaN,305.070000,421.680000,386.010000,453.980000
NaN,NaN,305.140000,421.710000,386.070000,453.940000
NaN,NaN,305.180000,421.690000,386.090000,453.910000
NaN,NaN,305.240000,421.680000,386.100000,453.850000
NaN,NaN,305.290000,421.690000,386.060000,453.890000
NaN,NaN,305.390000,421.680000,386.100000,453.880000
NaN,NaN,305.490000,421.730000,386.110000,453.850000
NaN,NaN,305.760000,421.820000,386.140000,453.890000
NaN,NaN,305.860000,421.840000,386.160000,453.810000
NaN,NaN,305.930000,421.840000,386.180000,453.830000
NaN,NaN,305.970000,421.840000,386.190000,453.820000
NaN,NaN,306.030000,421.820000,386.190000,453.800000
NaN,NaN,306.080000,421.820000,386.190000,453.800000
NaN,NaN,306.160000,421.810000,386.240000,453.830000
NaN,NaN,306.190000,421.790000,386.220000,453.830000
NaN,NaN,306.270000,421.790000,386.250000,453.850000
NaN,NaN,306.330000,421.800000,386.300000,453.740000
NaN,NaN,306.430000,421.830000,386.340000,453.780000
NaN,NaN,306.600000,421.860000,386.390000,453.800000
NaN,NaN,306.740000,421.880000,386.510000,453.690000
NaN,NaN,306.810000,421.910000,386.660000,453.580000
NaN,NaN,306.920000,421.940000,386.740000,453.270000
NaN,NaN,306.980000,421.950000,386.790000,453.240000
NaN,NaN,307.050000,421.940000,386.770000,453.150000
NaN,NaN,307.100000,421.920000,386.810000,453.130000
NaN,NaN,307.140000,421.920000,386.850000,453.120000
NaN,NaN,307.210000,421.920000,386.860000,453.110000
NaN,NaN,307.290000,421.890000,386.900000,453.060000
NaN,NaN,307.370000,421.900000,386.850000,453.030000
NaN,NaN,307.490000,421.950000,386.890000,453.040000
NaN,NaN,307.630000,421.980000,386.930000,453.010000
NaN,NaN,307.720000,422.000000,386.900000,452.990000
NaN,NaN,307.800000,422.010000,386.970000,453.000000
NaN,NaN,307.930000,422.050000,387.000000,452.960000
NaN,NaN,307.990000,422.040000,386.990000,452.970000
NaN,NaN,308.050000,422.020000,387.000000,452.900000
NaN,NaN,308.090000,422.000000,387.060000,452.890000
NaN,NaN,308.190000,421.980000,387.090000,452.810000
NaN,NaN,308.260000,421.960000,387.070000,452.850000
NaN,NaN,308.320000,421.950000,387.110000,452.830000
NaN,NaN,308.390000,421.950000,387.160000,452.820000
NaN,NaN,308.530000,421.980000,387.150000,452.790000
NaN,NaN,308.670000,421.990000,387.210000,452.800000
NaN,NaN,308.720000,422.010000,387.270000,452.850000
NaN,NaN,308.810000,422.040000,387.270000,452.810000
NaN,NaN,308.920000,422.030000,387.340000,452.730000
NaN,NaN,309.010000,422.040000,387.430000,452.690000
NaN,NaN,309.070000,422.010000,387.640000,452.590000
NaN,NaN,309.130000,422.020000,387.680000,452.520000
NaN,NaN,309.210000,421.990000,387.700000,452.290000
NaN,NaN,309.280000,421.990000,387.720000,452.310000
NaN,NaN,309.320000,421.970000,387.750000,452.290000
NaN,NaN,309.400000,421.980000,387.770000,452.220000
NaN,NaN,309.520000,422.020000,387.790000,452.210000
NaN,NaN,309.670000,422.020000,387.790000,452.190000
NaN,NaN,309.790000,422.080000,387.870000,452.150000
NaN,NaN,309.860000,422.110000,387.870000,452.150000
NaN,NaN,309.960000,422.140000,387.870000,452.140000
NaN,NaN,310.080000,422.140000,387.860000,452.120000
NaN,NaN,310.140000,422.140000,387.950000,452.070000
NaN,NaN,310.200000,422.110000,387.920000,452.080000
NaN,NaN,310.250000,422.110000,387.970000,452.050000
NaN,NaN,310.280000,422.080000,387.930000,452.090000
NaN,NaN,310.340000,422.040000,388.030000,452.080000
NaN,NaN,310.390000,422.040000,388.070000,451.990000
NaN,NaN,310.450000,422.070000,388.468495,451.195456
NaN,NaN,310.660000,422.160000,388.110000,450.980000
NaN,NaN,310.770000,422.200000,388.040000,450.980000
NaN,NaN,310.880000,422.250000,388.060000,450.960000
NaN,NaN,310.960000,422.270000,388.060000,450.950000
NaN,NaN,311.080000,422.290000,388.080000,450.940000
NaN,NaN,311.150000,422.310000,388.070000,450.940000
NaN,NaN,311.230000,422.320000,388.120000,450.930000
NaN,NaN,311.290000,422.260000,388.140000,450.930000
NaN,NaN,311.340000,422.290000,388.130000,450.930000
NaN,NaN,311.440000,422.320000,388.150000,450.930000
NaN,NaN,311.570000,422.350000,388.140000,450.920000
NaN,NaN,311.690000,422.400000,388.160000,450.920000
NaN,NaN,311.810000,422.430000,388.160000,450.930000
NaN,NaN,311.890000,422.480000,388.160000,450.910000
NaN,NaN,311.970000,422.570000,388.210000,450.910000
NaN,NaN,312.090000,422.590000,388.210000,450.900000
NaN,NaN,312.190000,422.640000,388.220000,450.900000
NaN,NaN,312.220000,422.560000,388.220000,450.900000
NaN,NaN,312.250000,422.540000,388.250000,450.880000
NaN,NaN,312.350000,422.530000,388.230000,450.890000
NaN,NaN,312.400000,422.500000,388.270000,450.870000
NaN,NaN,312.430000,422.430000,388.270000,450.860000
NaN,NaN,312.480000,422.390000,388.290000,450.860000
NaN,NaN,312.670000,422.510000,388.270000,450.850000
NaN,NaN,312.830000,422.640000,388.280000,450.860000
NaN,NaN,312.920000,422.660000,388.300000,450.840000
NaN,NaN,313.000000,422.650000,388.320000,450.820000
NaN,NaN,313.120000,422.720000,388.340000,450.820000
NaN,NaN,313.260000,422.760000,388.340000,450.810000
NaN,NaN,313.290000,422.740000,388.370000,450.800000
NaN,NaN,313.300000,422.640000,388.420000,450.780000
NaN,NaN,313.380000,422.690000,388.420000,450.790000
NaN,NaN,313.500000,422.720000,388.450000,450.760000
NaN,NaN,313.680000,422.790000,388.490000,450.770000
NaN,NaN,313.760000,422.820000,388.770000,450.710000
NaN,NaN,313.880000,422.890000,388.770000,450.700000
NaN,NaN,313.980000,422.880000,388.800000,450.710000
NaN,NaN,314.080000,422.920000,388.860000,450.700000
NaN,NaN,314.170000,422.950000,388.880000,450.710000
NaN,NaN,314.250000,422.920000,388.870000,450.710000
NaN,NaN,314.300000,422.880000,388.870000,450.700000
NaN,NaN,314.360000,422.880000,388.870000,450.710000
NaN,NaN,314.410000,422.840000,388.890000,450.710000
NaN,NaN,314.500000,422.860000,388.910000,450.690000
NaN,NaN,314.630000,422.880000,388.920000,450.700000
NaN,NaN,314.760000,422.920000,388.930000,450.700000
NaN,NaN,314.850000,422.950000,388.930000,450.690000
NaN,NaN,315.010000,423.000000,388.970000,450.650000
NaN,NaN,315.100000,423.040000,389.010000,450.630000
NaN,NaN,315.190000,423.030000,388.980000,450.650000
NaN,NaN,315.270000,423.030000,388.980000,450.650000
NaN,NaN,315.320000,423.010000,388.980000,450.680000
NaN,NaN,315.440000,423.010000,389.110000,450.590000
NaN,NaN,315.580000,423.030000,389.050000,450.600000
NaN,NaN,315.590000,422.990000,389.010000,450.660000
NaN,NaN,315.680000,422.990000,389.040000,450.630000
NaN,NaN,315.740000,422.990000,389.030000,450.620000
NaN,NaN,315.890000,423.030000,389.040000,450.620000
NaN,NaN,315.970000,423.070000,389.050000,450.640000
NaN,NaN,316.110000,423.080000,389.090000,450.600000
NaN,NaN,316.150000,423.080000,389.090000,450.620000
NaN,NaN,316.210000,423.090000,389.110000,450.590000
NaN,NaN,316.280000,423.100000,389.120000,450.590000
NaN,NaN,316.390000,423.060000,389.130000,450.620000
NaN,NaN,316.440000,423.060000,389.110000,450.640000
NaN,NaN,316.590000,423.030000,389.110000,450.610000
NaN,NaN,316.680000,423.060000,389.170000,450.570000
NaN,NaN,316.820000,423.090000,389.150000,450.580000
NaN,NaN,316.930000,423.120000,389.150000,450.570000
NaN,NaN,317.010000,423.130000,389.140000,450.550000
NaN,NaN,317.060000,423.130000,389.150000,450.560000
NaN,NaN,317.190000,423.160000,389.100000,450.610000
NaN,NaN,317.240000,423.120000,389.120000,450.610000
NaN,NaN,317.320000,423.100000,389.120000,450.600000
NaN,NaN,317.380000,423.090000,389.230000,450.500000
NaN,NaN,317.460000,423.060000,389.630000,449.970000
NaN,NaN,317.600000,423.050000,389.870000,449.940000
NaN,NaN,317.700000,423.060000,389.890000,449.920000
NaN,NaN,317.820000,423.090000,389.890000,449.940000
NaN,NaN,317.980000,423.180000,389.920000,449.900000
NaN,NaN,318.050000,423.150000,389.920000,449.890000
NaN,NaN,318.130000,423.170000,389.940000,449.880000
NaN,NaN,318.290000,423.210000,389.950000,449.930000
NaN,NaN,318.320000,423.170000,389.950000,449.920000
NaN,NaN,318.370000,423.120000,389.950000,449.910000
NaN,NaN,318.420000,423.090000,389.950000,449.900000
NaN,NaN,318.540000,423.150000,389.960000,449.880000
NaN,NaN,318.710000,423.130000,389.990000,449.870000
NaN,NaN,318.830000,423.130000,390.020000,449.820000
NaN,NaN,318.960000,423.170000,389.980000,449.850000
NaN,NaN,319.000000,423.170000,390.010000,449.890000
NaN,NaN,319.170000,423.160000,390.020000,449.840000
NaN,NaN,319.210000,423.160000,389.980000,449.840000
NaN,NaN,319.270000,423.110000,390.010000,449.860000
NaN,NaN,319.350000,423.130000,389.990000,449.850000
NaN,NaN,319.410000,423.120000,390.020000,449.810000
NaN,NaN,319.530000,423.120000,390.080000,449.780000
NaN,NaN,319.670000,423.120000,389.990000,449.810000
NaN,NaN,319.780000,423.170000,390.020000,449.740000
NaN,NaN,319.970000,423.230000,389.980000,449.780000
NaN,NaN,320.030000,423.240000,389.980000,449.810000
NaN,NaN,320.090000,423.210000,390.010000,449.760000
NaN,NaN,320.180000,423.220000,389.980000,449.730000
NaN,NaN,320.300000,423.230000,389.990000,449.740000
NaN,NaN,320.380000,423.220000,390.050000,449.690000
NaN,NaN,320.450000,423.220000,390.040000,449.710000
NaN,NaN,320.600000,423.240000,390.030000,449.670000
NaN,NaN,320.710000,423.290000,390.040000,449.620000
NaN,NaN,320.920000,423.350000,390.030000,449.630000
NaN,NaN,320.930000,423.300000,390.030000,449.640000
NaN,NaN,321.010000,423.310000,390.040000,449.630000
NaN,NaN,321.120000,423.320000,390.050000,449.590000
NaN,NaN,321.170000,423.280000,389.980000,449.710000
NaN,NaN,321.230000,423.270000,390.000000,449.700000
NaN,NaN,321.290000,423.240000,390.020000,449.640000
NaN,NaN,321.400000,423.260000,390.010000,449.660000
NaN,NaN,321.550000,423.260000,390.020000,449.640000
NaN,NaN,321.620000,423.290000,390.010000,449.640000
NaN,NaN,321.850000,423.430000,390.010000,449.600000
NaN,NaN,322.170000,423.670000,389.990000,449.640000
NaN,NaN,322.220000,423.700000,389.990000,449.630000
NaN,NaN,322.230000,423.660000,390.000000,449.570000
NaN,NaN,322.460000,423.770000,389.980000,449.580000
NaN,NaN,322.510000,423.710000,389.970000,449.600000
NaN,NaN,322.560000,423.670000,389.930000,449.620000
NaN,NaN,322.750000,423.740000,389.970000,449.480000
NaN,NaN,322.780000,423.740000,390.030000,449.250000
NaN,NaN,322.930000,423.810000,390.010000,449.290000
NaN,NaN,323.040000,423.900000,389.970000,449.300000
NaN,NaN,323.160000,423.950000,390.000000,449.290000
NaN,NaN,323.210000,423.900000,390.030000,449.290000
NaN,NaN,323.300000,423.910000,390.030000,449.220000
NaN,NaN,323.420000,423.920000,390.050000,449.230000
NaN,NaN,323.470000,423.900000,389.970000,449.280000
NaN,NaN,323.580000,423.910000,390.010000,449.270000
NaN,NaN,326.488120,424.374912,390.020000,449.190000
NaN,NaN,326.120000,424.080000,390.010000,449.210000
NaN,NaN,326.120000,424.030000,390.040000,449.150000
NaN,NaN,326.180000,424.030000,390.000000,449.170000
NaN,NaN,326.320000,424.040000,390.000000,449.180000
NaN,NaN,326.370000,424.060000,389.990000,449.170000
NaN,NaN,326.520000,424.090000,389.950000,449.200000
NaN,NaN,326.730000,424.160000,389.960000,449.190000
NaN,NaN,326.820000,424.190000,389.980000,449.160000
NaN,NaN,326.880000,424.200000,389.950000,449.190000
NaN,NaN,326.960000,424.220000,389.940000,449.230000
NaN,NaN,327.040000,424.240000,389.900000,449.230000
NaN,NaN,327.090000,424.280000,389.930000,449.200000
NaN,NaN,327.180000,424.320000,389.910000,449.210000
NaN,NaN,327.330000,424.370000,389.930000,449.180000
NaN,NaN,327.450000,424.430000,389.920000,449.160000
NaN,NaN,327.820000,424.670000,389.920000,449.170000
NaN,NaN,327.940000,424.770000,389.900000,449.170000
NaN,NaN,328.040000,424.780000,389.900000,449.170000
NaN,NaN,328.110000,424.800000,389.900000,449.170000
NaN,NaN,328.250000,424.850000,389.910000,449.140000
NaN,NaN,328.370000,424.880000,389.910000,449.120000
NaN,NaN,328.590000,424.970000,389.840000,449.160000
NaN,NaN,328.750000,425.000000,389.880000,449.180000
NaN,NaN,328.870000,425.030000,389.870000,449.130000
NaN,NaN,328.930000,425.040000,389.890000,449.080000
NaN,NaN,328.990000,425.050000,389.870000,449.120000
NaN,NaN,329.080000,425.080000,389.840000,449.110000
NaN,NaN,329.180000,425.110000,389.850000,449.110000
NaN,NaN,329.320000,425.140000,389.830000,449.110000
NaN,NaN,329.420000,425.190000,389.810000,449.090000
NaN,NaN,329.710000,425.310000,389.800000,449.070000
NaN,NaN,329.830000,425.380000,389.800000,449.090000
NaN,NaN,329.920000,425.390000,389.820000,449.040000
NaN,NaN,330.000000,425.420000,389.800000,449.050000
NaN,NaN,330.120000,425.480000,389.800000,449.050000
NaN,NaN,330.480000,425.740000,389.840000,449.010000
NaN,NaN,330.750000,425.870000,389.720000,449.100000
NaN,NaN,330.840000,425.900000,389.720000,449.040000
NaN,NaN,330.940000,425.930000,389.740000,449.050000
NaN,NaN,331.040000,425.930000,389.740000,449.000000
NaN,NaN,331.130000,425.950000,389.680000,449.020000
NaN,NaN,331.240000,425.960000,389.770000,448.980000
NaN,NaN,331.370000,426.000000,389.730000,448.990000
NaN,NaN,331.610000,426.090000,389.720000,449.000000
NaN,NaN,331.820000,426.180000,389.720000,448.990000
NaN,NaN,331.900000,426.220000,389.660000,449.010000
NaN,NaN,332.020000,426.230000,389.660000,449.050000
NaN,NaN,332.090000,426.250000,389.660000,449.000000
NaN,NaN,332.230000,426.260000,389.700000,448.960000
NaN,NaN,332.400000,426.350000,389.670000,449.000000
NaN,NaN,332.840000,426.600000,389.620000,449.020000
NaN,NaN,333.020000,426.790000,389.560000,449.020000
NaN,NaN,333.090000,426.800000,389.620000,449.000000
NaN,NaN,333.240000,426.820000,389.620000,448.970000
NaN,NaN,333.360000,426.850000,389.600000,448.960000
NaN,NaN,333.560000,426.910000,389.640000,448.940000
NaN,NaN,333.800000,426.990000,389.610000,448.960000
NaN,NaN,333.930000,427.040000,389.650000,448.940000
NaN,NaN,334.040000,427.050000,389.650000,448.960000
NaN,NaN,334.140000,427.090000,389.680000,448.930000
NaN,NaN,334.270000,427.130000,389.670000,448.920000
NaN,NaN,334.490000,427.200000,389.640000,448.960000
NaN,NaN,334.820000,427.360000,389.590000,448.970000
NaN,NaN,334.940000,427.420000,389.620000,448.940000
NaN,NaN,335.110000,427.450000,389.600000,448.950000
NaN,NaN,335.190000,427.470000,389.630000,448.920000
NaN,NaN,335.530000,427.650000,389.560000,448.970000
NaN,NaN,335.900000,427.900000,389.550000,448.960000
NaN,NaN,336.010000,427.940000,389.570000,448.980000
NaN,NaN,336.090000,427.960000,389.610000,448.900000
NaN,NaN,336.230000,427.990000,389.610000,448.890000
NaN,NaN,336.320000,428.030000,389.650000,448.890000
NaN,NaN,336.540000,428.090000,389.580000,448.870000
NaN,NaN,336.860000,428.240000,389.560000,448.930000
NaN,NaN,337.000000,428.280000,389.540000,448.910000
NaN,NaN,337.110000,428.330000,389.600000,448.880000
NaN,NaN,337.270000,428.380000,389.570000,448.840000
NaN,NaN,337.550000,428.590000,389.610000,448.820000
NaN,NaN,337.940000,428.870000,389.530000,448.850000
NaN,NaN,338.050000,428.920000,389.260000,448.960000
NaN,NaN,338.190000,428.940000,389.340000,448.910000
NaN,NaN,338.330000,429.010000,389.390000,448.890000
NaN,NaN,338.580000,429.070000,389.380000,448.870000
NaN,NaN,338.850000,429.200000,389.380000,448.860000
NaN,NaN,339.000000,429.240000,389.380000,448.860000
NaN,NaN,339.120000,429.300000,389.300000,448.860000
NaN,NaN,339.310000,429.380000,389.330000,448.870000
NaN,NaN,339.650000,429.600000,389.390000,448.840000
NaN,NaN,340.020000,429.860000,389.370000,448.830000
NaN,NaN,340.090000,429.890000,389.410000,448.850000
NaN,NaN,340.220000,429.930000,389.400000,448.810000
NaN,NaN,340.380000,429.980000,389.440000,448.820000
NaN,NaN,340.770000,430.140000,389.460000,448.750000
NaN,NaN,340.930000,430.180000,389.400000,448.800000
NaN,NaN,341.050000,430.240000,389.390000,448.790000
NaN,NaN,341.180000,430.300000,389.380000,448.850000
NaN,NaN,341.590000,430.590000,389.250000,449.020000
NaN,NaN,342.010000,430.850000,389.310000,448.930000
NaN,NaN,342.170000,430.880000,389.400000,448.850000
NaN,NaN,342.320000,430.940000,389.470000,448.790000
NaN,NaN,342.600000,431.040000,389.750000,448.650000
NaN,NaN,342.870000,431.130000,389.730000,448.710000
NaN,NaN,343.020000,431.180000,389.790000,448.670000
NaN,NaN,343.170000,431.240000,389.800000,448.680000
NaN,NaN,343.430000,431.410000,389.810000,448.660000
NaN,NaN,344.020000,431.870000,389.810000,448.730000
NaN,NaN,344.220000,431.930000,389.830000,448.660000
NaN,NaN,344.390000,431.970000,389.860000,448.660000
NaN,NaN,344.750000,432.110000,389.850000,448.640000
NaN,NaN,344.900000,432.190000,389.860000,448.640000
NaN,NaN,345.100000,432.220000,389.920000,448.660000
NaN,NaN,345.660000,432.600000,389.940000,448.680000
NaN,NaN,346.010000,432.900000,389.940000,448.590000
NaN,NaN,346.180000,432.920000,389.920000,448.570000
NaN,NaN,346.350000,433.000000,389.960000,448.570000
NaN,NaN,346.720000,433.120000,389.970000,448.600000
NaN,NaN,346.880000,433.180000,389.970000,448.580000
NaN,NaN,347.030000,433.240000,389.970000,448.620000
NaN,NaN,347.290000,433.420000,389.980000,448.610000
NaN,NaN,347.960000,433.920000,389.980000,448.620000
NaN,NaN,348.200000,433.990000,390.010000,448.590000
NaN,NaN,348.410000,434.060000,390.010000,448.630000
NaN,NaN,348.680000,434.130000,390.040000,448.690000
NaN,NaN,348.890000,434.180000,390.060000,448.630000
NaN,NaN,349.060000,434.280000,390.070000,448.630000
NaN,NaN,349.300000,434.390000,390.110000,448.620000
NaN,NaN,349.840000,434.640000,390.080000,448.690000
NaN,NaN,350.100000,434.850000,390.170000,448.600000
NaN,NaN,350.290000,434.900000,390.160000,448.610000
NaN,NaN,350.650000,434.980000,390.240000,448.550000
NaN,NaN,350.860000,435.020000,390.230000,448.640000
NaN,NaN,351.030000,435.050000,390.190000,448.670000
NaN,NaN,351.250000,435.110000,390.240000,448.640000
NaN,NaN,351.580000,435.210000,390.210000,448.690000
NaN,NaN,351.970000,435.360000,390.240000,448.680000
NaN,NaN,352.320000,435.570000,390.340000,448.520000
NaN,NaN,352.830000,435.800000,390.500000,448.320000
NaN,NaN,353.060000,435.890000,390.770000,448.220000
NaN,NaN,353.210000,435.910000,390.780000,448.220000
NaN,NaN,353.420000,435.970000,390.760000,448.220000
NaN,NaN,353.790000,436.070000,390.790000,448.210000
356.669868,437.785184,354.010000,436.090000,390.820000,448.260000
359.364667,440.020229,354.170000,436.100000,390.860000,448.260000
361.520506,441.696513,354.450000,436.200000,390.850000,448.280000
364.215305,443.372797,354.920000,436.300000,390.860000,448.250000
366.910104,446.725365,355.150000,436.330000,390.920000,448.180000
370.143862,448.960411,355.310000,436.350000,390.910000,448.210000
373.377621,451.195456,355.560000,436.360000,390.920000,448.220000
376.072420,450.077934,355.850000,436.380000,391.020000,448.200000
376.072420,450.077934,356.060000,436.360000,391.120000,448.140000
378.767219,451.195456,356.120000,436.260000,391.100000,447.980000
384.695776,454.548024,356.260000,436.280000,391.130000,447.870000
384.695776,455.106786,356.420000,436.330000,391.380000,447.960000
384.695776,456.224308,356.960000,436.580000,391.750000,448.060000
384.695776,456.224308,357.240000,436.660000,391.870000,448.070000
384.695776,456.224308,357.740000,436.700000,391.990000,448.260000
384.695776,456.224308,358.050000,436.810000,392.090000,448.500000
384.695776,456.224308,358.310000,436.850000,392.050000,448.350000
384.695776,456.224308,358.740000,436.930000,392.040000,448.240000
384.695776,456.224308,359.000000,436.950000,391.870000,448.180000
384.695776,456.224308,359.190000,436.940000,391.800000,447.960000
384.695776,456.224308,359.300000,436.930000,391.700000,447.780000
384.695776,455.106786,359.510000,436.910000,391.660000,447.610000
384.695776,455.106786,359.940000,436.900000,391.560000,447.400000
384.695776,455.106786,359.980000,436.900000,391.480000,447.200000
384.695776,455.106786,360.040000,436.910000,391.440000,447.140000
384.695776,455.106786,360.220000,436.900000,391.460000,447.110000
384.695776,455.106786,360.360000,436.900000,391.520000,447.090000
384.695776,455.106786,360.910000,436.940000,391.730000,447.190000
384.695776,455.106786,361.090000,436.940000,391.920000,447.290000
384.695776,455.106786,361.230000,436.870000,392.090000,447.380000
384.695776,455.106786,361.510000,436.800000,392.350000,447.480000
384.695776,455.106786,362.030000,436.870000,392.730000,447.660000
384.695776,455.106786,362.210000,436.860000,392.850000,447.870000
384.695776,455.106786,362.230000,436.830000,393.110000,447.970000
384.695776,455.106786,362.310000,436.710000,393.280000,448.290000
384.695776,455.106786,362.540000,436.660000,393.510000,448.420000
384.695776,455.106786,362.890000,436.700000,393.770000,448.610000
384.695776,456.224308,362.920000,436.620000,393.960000,448.830000
384.695776,456.224308,363.000000,436.440000,394.220000,448.940000
386.312656,456.224308,363.010000,436.260000,394.260000,449.220000
386.312656,456.224308,363.090000,436.270000,394.430000,449.390000
386.312656,456.224308,363.250000,436.200000,396.013932,450.077934
386.312656,456.224308,363.480000,436.150000,396.090000,450.120000
386.312656,456.224308,364.020000,436.170000,396.090000,450.030000
386.312656,456.224308,364.140000,436.070000,396.120000,450.030000
386.312656,456.224308,364.190000,435.960000,396.190000,450.020000
386.312656,456.224308,364.350000,435.940000,396.230000,450.030000
386.312656,456.224308,364.350000,435.850000,396.260000,450.010000
386.312656,456.224308,364.500000,435.720000,396.290000,449.990000
389.007455,454.548024,364.960000,435.730000,396.290000,449.980000
389.007455,454.548024,365.080000,435.640000,396.290000,449.960000
389.007455,454.548024,365.160000,435.480000,396.310000,449.930000
389.007455,454.548024,365.200000,435.330000,396.280000,449.900000
389.007455,454.548024,365.430000,435.270000,396.260000,449.870000
389.007455,454.548024,365.870000,435.160000,396.260000,449.830000
389.007455,454.548024,365.980000,435.030000,396.210000,449.770000
389.007455,454.548024,366.140000,434.960000,396.170000,449.740000
389.007455,454.548024,366.220000,434.900000,396.120000,449.660000
389.007455,454.548024,366.310000,434.790000,396.110000,449.630000
389.007455,454.548024,366.340000,434.660000,396.050000,449.580000
389.007455,454.548024,366.460000,434.580000,396.010000,449.480000
389.007455,454.548024,366.910000,434.400000,395.990000,449.110000
388.468495,453.989263,366.930000,434.260000,395.920000,449.040000
387.390575,453.989263,366.980000,434.170000,395.850000,448.900000
386.851615,453.430502,367.110000,434.110000,395.740000,448.780000
386.851615,453.430502,367.190000,434.030000,395.620000,448.540000
386.312656,452.871740,367.310000,433.930000,395.370000,447.870000
385.773696,452.312979,367.350000,433.850000,394.880000,447.230000
385.773696,451.195456,367.520000,433.750000,394.110000,447.280000
385.234736,450.636695,367.920000,433.720000,396.013932,446.725365
385.234736,450.636695,367.960000,433.640000,396.030000,446.700000
385.234736,450.636695,368.020000,433.500000,395.850000,446.660000
384.695776,450.077934,368.090000,433.320000,395.740000,446.330000
384.156817,448.960411,368.090000,433.200000,395.560000,445.930000
383.617857,448.401649,368.280000,433.100000,394.980000,445.430000
383.617857,448.401649,368.250000,433.000000,394.350000,444.840000
383.078897,447.284127,368.260000,432.970000,394.230000,444.180000
382.539937,446.166604,368.350000,432.890000,394.150000,443.960000
382.539937,446.166604,368.380000,432.740000,394.090000,443.690000
382.539937,446.166604,368.400000,432.620000,394.060000,442.990000
382.539937,446.166604,368.470000,432.330000,393.980000,442.470000
382.539937,446.166604,369.030000,432.300000,393.940000,442.090000
382.539937,445.049081,369.030000,432.210000,393.830000,441.860000
382.539937,443.931559,369.040000,432.110000,393.870000,441.260000
382.539937,442.814036,369.200000,432.000000,393.760000,440.780000
382.000977,441.696513,369.220000,431.940000,393.750000,439.940000
382.000977,441.137752,369.280000,431.920000,393.730000,439.120000
381.462018,438.902707,369.270000,431.770000,393.680000,438.600000
381.462018,438.343945,369.330000,431.590000,393.620000,438.160000
381.462018,437.785184,369.430000,431.410000,393.580000,437.800000
381.462018,437.785184,369.770000,431.310000,393.660000,437.100000
381.462018,437.785184,369.830000,431.150000,393.650000,436.620000
381.462018,437.226423,369.910000,431.130000,393.460000,436.090000
381.462018,436.667661,370.030000,431.040000,393.330000,435.530000
381.462018,436.108900,370.040000,430.950000,393.170000,434.880000
381.462018,436.108900,370.090000,430.890000,393.010000,434.130000
381.462018,436.108900,370.160000,430.790000,392.950000,433.660000
379.306179,433.315093,370.210000,430.590000,392.850000,433.100000
380.384098,433.315093,370.140000,430.380000,392.830000,432.760000
379.306179,428.845003,370.240000,430.250000,392.820000,432.250000
378.767219,430.521287,370.290000,430.150000,392.750000,431.960000
378.767219,429.962525,374.455540,428.845003,392.670000,431.550000
378.228259,426.609957,374.080000,428.790000,392.490000,430.990000
378.228259,427.168719,374.160000,428.610000,392.170000,430.600000
378.228259,427.168719,374.080000,428.420000,392.100000,429.950000
378.228259,427.168719,374.160000,428.190000,389.007455,429.403764
378.228259,426.051196,374.240000,428.110000,388.830000,428.770000
378.228259,425.492435,374.310000,428.050000,388.770000,428.260000
376.611380,423.257389,374.410000,428.000000,388.880000,428.080000
376.611380,423.257389,374.670000,427.910000,388.850000,428.020000
376.611380,423.257389,374.770000,427.800000,388.940000,428.080000
376.611380,422.698628,374.810000,427.710000,388.990000,428.260000
376.611380,422.139867,374.830000,427.560000,387.230000,425.400000
376.611380,421.022344,374.840000,427.260000,386.670000,424.720000
376.072420,419.904821,374.900000,427.170000,386.370000,424.040000
375.533460,419.346060,375.010000,427.120000,386.020000,423.340000
374.994500,418.787298,375.050000,427.040000,385.840000,422.900000
374.994500,418.228537,375.120000,427.020000,385.773696,422.139867
374.994500,418.228537,375.190000,427.030000,385.980000,421.770000
374.994500,418.228537,375.240000,426.980000,385.910000,421.550000
374.994500,418.228537,375.300000,426.870000,385.810000,421.220000
374.994500,418.228537,375.310000,426.810000,385.690000,421.110000
374.994500,418.228537,376.611380,426.051196,385.620000,421.000000
374.994500,418.228537,377.080000,425.850000,385.600000,420.890000
NaN,NaN,377.050000,425.740000,385.600000,420.750000
NaN,NaN,376.910000,425.550000,384.520000,419.430000
NaN,NaN,376.870000,425.320000,384.370000,418.820000
NaN,NaN,376.890000,425.210000,384.120000,418.370000
NaN,NaN,376.880000,425.110000,383.810000,418.090000
NaN,NaN,376.940000,425.040000,385.234736,418.228537
NaN,NaN,377.010000,425.080000,384.970000,417.880000
NaN,NaN,377.689299,424.933673,384.900000,417.810000
NaN,NaN,377.980000,424.930000,384.910000,417.750000
NaN,NaN,377.950000,424.870000,384.910000,417.700000
NaN,NaN,377.940000,424.790000,384.910000,417.670000
NaN,NaN,377.930000,424.670000,384.910000,417.580000
NaN,NaN,377.920000,424.600000,384.940000,417.540000
NaN,NaN,377.930000,424.530000,384.950000,417.290000
NaN,NaN,377.940000,424.400000,384.990000,417.270000
NaN,NaN,377.940000,424.300000,384.990000,417.220000
NaN,NaN,377.930000,424.240000,385.000000,417.160000
NaN,NaN,377.950000,424.210000,385.010000,417.120000
NaN,NaN,377.930000,424.150000,385.020000,417.030000
NaN,NaN,377.930000,424.130000,385.020000,417.020000
NaN,NaN,377.930000,424.090000,385.050000,416.970000
NaN,NaN,377.920000,424.030000,385.050000,416.910000
NaN,NaN,377.930000,423.990000,385.080000,416.860000
NaN,NaN,377.890000,423.930000,385.070000,416.810000
NaN,NaN,377.880000,423.900000,385.080000,416.780000
NaN,NaN,377.880000,423.860000,385.130000,416.710000
NaN,NaN,377.860000,423.770000,385.180000,416.620000
NaN,NaN,377.840000,423.750000,385.160000,416.550000
NaN,NaN,377.830000,423.730000,385.160000,416.360000
NaN,NaN,377.810000,423.700000,385.160000,416.350000
NaN,NaN,377.810000,423.670000,385.180000,416.300000
NaN,NaN,377.800000,423.640000,385.170000,416.290000
NaN,NaN,377.790000,423.620000,385.210000,416.200000
NaN,NaN,377.760000,423.600000,385.220000,416.180000
NaN,NaN,377.760000,423.560000,385.230000,416.140000
NaN,NaN,377.740000,423.530000,385.230000,416.110000
NaN,NaN,377.730000,423.410000,385.220000,416.140000
NaN,NaN,377.730000,423.390000,385.180000,416.170000
NaN,NaN,377.730000,423.440000,385.190000,416.200000
NaN,NaN,377.730000,423.450000,385.170000,416.240000
NaN,NaN,377.710000,423.480000,385.140000,416.280000
NaN,NaN,377.720000,423.570000,385.090000,416.300000
NaN,NaN,377.710000,423.580000,385.070000,416.320000
NaN,NaN,377.730000,423.600000,385.070000,416.370000
NaN,NaN,377.720000,423.640000,385.040000,416.430000
NaN,NaN,377.730000,423.670000,385.010000,416.450000
NaN,NaN,377.730000,423.740000,384.970000,416.460000
NaN,NaN,377.730000,423.770000,384.970000,416.520000
NaN,NaN,377.740000,423.860000,384.980000,416.760000
NaN,NaN,377.720000,423.890000,384.980000,416.750000
NaN,NaN,377.740000,423.930000,384.940000,416.840000
NaN,NaN,377.750000,423.990000,384.870000,416.920000
NaN,NaN,377.770000,424.020000,384.810000,416.960000
NaN,NaN,377.820000,424.060000,384.780000,417.050000
NaN,NaN,377.840000,424.100000,384.790000,417.130000
NaN,NaN,377.850000,424.150000,384.780000,417.120000
NaN,NaN,377.880000,424.220000,384.790000,417.160000
NaN,NaN,377.880000,424.240000,384.710000,417.210000
NaN,NaN,377.890000,424.320000,384.650000,417.310000
NaN,NaN,377.890000,424.360000,384.640000,417.340000
NaN,NaN,377.920000,424.450000,384.620000,417.440000
NaN,NaN,377.930000,424.600000,384.570000,417.710000
NaN,NaN,377.930000,424.660000,384.600000,417.730000
NaN,NaN,377.920000,424.700000,384.500000,417.720000
NaN,NaN,377.910000,424.780000,384.270000,417.760000
NaN,NaN,377.900000,424.790000,384.130000,417.770000
NaN,NaN,377.910000,424.830000,384.130000,417.790000
NaN,NaN,377.930000,424.840000,384.350000,417.750000
NaN,NaN,377.960000,424.900000,384.670000,417.750000
NaN,NaN,377.940000,424.920000,384.600000,417.760000
NaN,NaN,377.910000,424.920000,384.720000,417.680000
NaN,NaN,377.910000,424.950000,384.730000,417.710000
NaN,NaN,377.860000,424.980000,384.670000,417.740000
NaN,NaN,377.870000,424.950000,384.760000,417.700000
NaN,NaN,377.860000,424.940000,384.880000,417.650000
NaN,NaN,377.800000,424.970000,385.010000,417.620000
NaN,NaN,377.780000,424.950000,384.900000,417.770000
NaN,NaN,377.860000,424.890000,384.830000,417.820000
NaN,NaN,377.840000,424.890000,384.810000,417.830000
NaN,NaN,377.780000,424.790000,384.860000,417.800000
NaN,NaN,377.810000,424.750000,384.850000,417.820000
NaN,NaN,377.780000,424.740000,384.640000,417.920000
NaN,NaN,377.830000,424.650000,384.250000,418.000000
NaN,NaN,377.810000,424.610000,384.230000,417.960000
NaN,NaN,377.770000,424.620000,384.140000,418.020000
NaN,NaN,377.820000,424.610000,384.240000,417.970000
NaN,NaN,377.860000,424.640000,384.350000,417.960000
NaN,NaN,377.880000,424.610000,384.520000,417.890000
NaN,NaN,377.940000,424.640000,384.910000,417.830000
NaN,NaN,378.030000,424.670000,384.890000,417.910000
NaN,NaN,377.970000,424.710000,377.470000,422.600000
NaN,NaN,377.980000,424.690000,NaN,NaN
NaN,NaN,377.950000,424.610000,NaN,NaN
NaN,NaN,377.870000,424.620000,NaN,NaN
NaN,NaN,377.810000,424.660000,NaN,NaN
NaN,NaN,377.740000,424.630000,NaN,NaN
NaN,NaN,377.670000,424.610000,NaN,NaN
NaN,NaN,377.570000,424.510000,NaN,NaN
NaN,NaN,374.455540,424.374912,NaN,NaN
NaN,NaN,373.880000,424.000000,NaN,NaN
NaN,NaN,373.760000,423.990000,NaN,NaN
NaN,NaN,373.560000,424.000000,NaN,NaN
NaN,NaN,373.340000,423.990000,NaN,NaN
NaN,NaN,373.220000,423.970000,NaN,NaN
NaN,NaN,373.110000,423.990000,NaN,NaN
NaN,NaN,373.010000,423.950000,NaN,NaN
NaN,NaN,372.880000,423.970000,NaN,NaN
NaN,NaN,372.690000,423.970000,NaN,NaN
NaN,NaN,372.530000,423.970000,NaN,NaN
NaN,NaN,372.280000,423.940000,NaN,NaN
NaN,NaN,372.160000,423.950000,NaN,NaN
NaN,NaN,372.030000,423.940000,NaN,NaN
NaN,NaN,371.900000,423.950000,NaN,NaN
NaN,NaN,371.750000,423.930000,NaN,NaN
NaN,NaN,371.480000,423.960000,NaN,NaN
NaN,NaN,371.200000,423.930000,NaN,NaN
NaN,NaN,371.030000,423.920000,NaN,NaN
NaN,NaN,370.950000,423.900000,NaN,NaN
NaN,NaN,370.880000,423.900000,NaN,NaN
NaN,NaN,370.710000,423.900000,NaN,NaN
NaN,NaN,370.520000,423.910000,NaN,NaN
NaN,NaN,370.220000,423.900000,NaN,NaN
NaN,NaN,370.110000,423.880000,NaN,NaN
NaN,NaN,370.040000,423.850000,NaN,NaN
NaN,NaN,369.960000,423.840000,NaN,NaN
NaN,NaN,369.840000,423.850000,NaN,NaN
NaN,NaN,369.650000,423.840000,NaN,NaN
NaN,NaN,369.380000,423.860000,NaN,NaN
NaN,NaN,369.260000,423.800000,NaN,NaN
NaN,NaN,369.120000,423.800000,NaN,NaN
NaN,NaN,369.070000,423.770000,NaN,NaN
NaN,NaN,368.880000,423.780000,NaN,NaN
NaN,NaN,368.750000,423.790000,NaN,NaN
NaN,NaN,368.640000,423.790000,NaN,NaN
NaN,NaN,368.440000,423.790000,NaN,NaN
NaN,NaN,368.180000,423.770000,NaN,NaN
NaN,NaN,368.110000,423.780000,NaN,NaN
NaN,NaN,368.000000,423.790000,NaN,NaN
NaN,NaN,367.980000,423.740000,NaN,NaN
NaN,NaN,367.840000,423.740000,NaN,NaN
NaN,NaN,367.740000,423.720000,NaN,NaN
NaN,NaN,367.650000,423.730000,NaN,NaN
NaN,NaN,367.450000,423.700000,NaN,NaN
NaN,NaN,367.220000,423.670000,NaN,NaN
NaN,NaN,367.100000,423.630000,NaN,NaN
NaN,NaN,367.060000,423.630000,NaN,NaN
NaN,NaN,366.920000,423.640000,NaN,NaN
NaN,NaN,366.860000,423.700000,NaN,NaN
NaN,NaN,366.780000,423.700000,NaN,NaN
NaN,NaN,366.630000,423.730000,NaN,NaN
NaN,NaN,366.280000,423.690000,NaN,NaN
NaN,NaN,366.170000,423.700000,NaN,NaN
NaN,NaN,366.090000,423.700000,NaN,NaN
NaN,NaN,366.000000,423.640000,NaN,NaN
NaN,NaN,365.910000,423.650000,NaN,NaN
NaN,NaN,365.840000,423.670000,NaN,NaN
NaN,NaN,365.760000,423.670000,NaN,NaN
NaN,NaN,365.680000,423.750000,NaN,NaN
NaN,NaN,365.490000,423.730000,NaN,NaN
NaN,NaN,365.230000,423.710000,NaN,NaN
NaN,NaN,365.130000,423.690000,NaN,NaN
NaN,NaN,365.030000,423.680000,NaN,NaN
NaN,NaN,364.960000,423.640000,NaN,NaN
NaN,NaN,364.860000,423.690000,NaN,NaN
NaN,NaN,364.770000,423.780000,NaN,NaN
NaN,NaN,364.610000,423.830000,NaN,NaN
NaN,NaN,364.320000,423.790000,NaN,NaN
NaN,NaN,364.220000,423.810000,NaN,NaN
NaN,NaN,364.140000,423.820000,NaN,NaN
NaN,NaN,364.050000,423.850000,NaN,NaN
NaN,NaN,363.940000,423.810000,NaN,NaN
NaN,NaN,363.880000,423.840000,NaN,NaN
NaN,NaN,363.830000,423.850000,NaN,NaN
NaN,NaN,363.710000,423.890000,NaN,NaN
NaN,NaN,363.610000,423.860000,NaN,NaN
NaN,NaN,363.500000,423.810000,NaN,NaN
NaN,NaN,363.230000,423.930000,NaN,NaN
NaN,NaN,363.130000,423.910000,NaN,NaN
NaN,NaN,363.080000,423.930000,NaN,NaN
NaN,NaN,363.030000,423.980000,NaN,NaN
NaN,NaN,362.980000,423.990000,NaN,NaN
NaN,NaN,361.520506,423.816151,NaN,NaN
NaN,NaN,361.790000,424.010000,NaN,NaN
NaN,NaN,361.940000,424.000000,NaN,NaN
NaN,NaN,361.890000,424.000000,NaN,NaN
NaN,NaN,361.850000,424.010000,NaN,NaN
NaN,NaN,361.790000,424.010000,NaN,NaN
NaN,NaN,361.730000,424.030000,NaN,NaN
NaN,NaN,361.700000,424.030000,NaN,NaN
NaN,NaN,361.640000,424.020000,NaN,NaN
NaN,NaN,361.600000,424.040000,NaN,NaN
NaN,NaN,361.540000,424.080000,NaN,NaN
NaN,NaN,360.990000,424.100000,NaN,NaN
NaN,NaN,360.920000,424.090000,NaN,NaN
NaN,NaN,360.880000,424.100000,NaN,NaN
NaN,NaN,360.860000,424.110000,NaN,NaN
NaN,NaN,360.780000,424.080000,NaN,NaN
NaN,NaN,360.720000,424.110000,NaN,NaN
NaN,NaN,360.660000,424.110000,NaN,NaN
NaN,NaN,360.650000,424.120000,NaN,NaN
NaN,NaN,360.550000,424.140000,NaN,NaN
NaN,NaN,359.900000,424.230000,NaN,NaN
NaN,NaN,359.230000,424.240000,NaN,NaN
NaN,NaN,359.160000,424.250000,NaN,NaN
NaN,NaN,359.090000,424.270000,NaN,NaN
NaN,NaN,359.030000,424.290000,NaN,NaN
NaN,NaN,358.980000,424.330000,NaN,NaN
NaN,NaN,358.930000,424.340000,NaN,NaN
NaN,NaN,358.860000,424.400000,NaN,NaN
NaN,NaN,358.800000,424.360000,NaN,NaN
NaN,NaN,358.740000,424.360000,NaN,NaN
NaN,NaN,358.700000,424.400000,NaN,NaN
NaN,NaN,358.620000,424.370000,NaN,NaN
NaN,NaN,358.550000,424.410000,NaN,NaN
NaN,NaN,357.930000,424.390000,NaN,NaN
NaN,NaN,357.320000,424.360000,NaN,NaN
NaN,NaN,357.250000,424.430000,NaN,NaN
NaN,NaN,357.180000,424.440000,NaN,NaN
NaN,NaN,357.140000,424.450000,NaN,NaN
NaN,NaN,357.050000,424.480000,NaN,NaN
NaN,NaN,357.010000,424.820000,NaN,NaN
NaN,NaN,356.950000,424.850000,NaN,NaN
NaN,NaN,356.930000,424.830000,NaN,NaN
NaN,NaN,356.850000,424.840000,NaN,NaN
NaN,NaN,356.810000,424.880000,NaN,NaN
NaN,NaN,356.760000,424.920000,NaN,NaN
NaN,NaN,356.720000,424.930000,NaN,NaN
NaN,NaN,356.640000,424.930000,NaN,NaN
NaN,NaN,353.975069,425.492435,NaN,NaN
NaN,NaN,353.770000,425.120000,NaN,NaN
NaN,NaN,353.700000,425.010000,NaN,NaN
NaN,NaN,353.830000,425.010000,NaN,NaN
NaN,NaN,353.740000,425.020000,NaN,NaN
NaN,NaN,353.680000,425.030000,NaN,NaN
NaN,NaN,353.570000,425.040000,NaN,NaN
NaN,NaN,353.170000,425.030000,NaN,NaN
NaN,NaN,353.040000,425.060000,NaN,NaN
NaN,NaN,353.000000,425.070000,NaN,NaN
NaN,NaN,352.930000,425.080000,NaN,NaN
NaN,NaN,352.870000,425.090000,NaN,NaN
NaN,NaN,352.780000,425.060000,NaN,NaN
NaN,NaN,352.710000,425.070000,NaN,NaN
NaN,NaN,352.600000,425.080000,NaN,NaN
NaN,NaN,352.040000,425.100000,NaN,NaN
NaN,NaN,352.020000,425.110000,NaN,NaN
NaN,NaN,351.920000,425.100000,NaN,NaN
NaN,NaN,351.890000,425.130000,NaN,NaN
NaN,NaN,351.790000,425.110000,NaN,NaN
NaN,NaN,351.670000,425.160000,NaN,NaN
NaN,NaN,351.580000,425.170000,NaN,NaN
NaN,NaN,351.030000,425.170000,NaN,NaN
NaN,NaN,350.960000,425.170000,NaN,NaN
NaN,NaN,350.870000,425.170000,NaN,NaN
NaN,NaN,350.820000,425.160000,NaN,NaN
NaN,NaN,350.710000,425.200000,NaN,NaN
NaN,NaN,350.630000,425.200000,NaN,NaN
NaN,NaN,350.460000,425.190000,NaN,NaN
NaN,NaN,350.000000,425.190000,NaN,NaN
NaN,NaN,349.920000,425.230000,NaN,NaN
NaN,NaN,349.860000,425.240000,NaN,NaN
NaN,NaN,349.810000,425.200000,NaN,NaN
NaN,NaN,349.690000,425.200000,NaN,NaN
NaN,NaN,349.580000,425.250000,NaN,NaN
NaN,NaN,349.010000,425.210000,NaN,NaN
NaN,NaN,348.960000,425.230000,NaN,NaN
NaN,NaN,348.830000,425.250000,NaN,NaN
NaN,NaN,348.790000,425.260000,NaN,NaN
NaN,NaN,348.690000,425.260000,NaN,NaN
NaN,NaN,348.520000,425.270000,NaN,NaN
NaN,NaN,348.080000,425.270000,NaN,NaN
NaN,NaN,347.980000,425.270000,NaN,NaN
NaN,NaN,347.930000,425.270000,NaN,NaN
NaN,NaN,347.810000,425.280000,NaN,NaN
NaN,NaN,347.750000,425.310000,NaN,NaN
NaN,NaN,347.610000,425.290000,NaN,NaN
NaN,NaN,347.170000,425.280000,NaN,NaN
NaN,NaN,347.090000,425.310000,NaN,NaN
NaN,NaN,346.990000,425.300000,NaN,NaN
NaN,NaN,346.900000,425.270000,NaN,NaN
NaN,NaN,346.840000,425.310000,NaN,NaN
NaN,NaN,346.710000,425.270000,NaN,NaN
NaN,NaN,346.570000,425.240000,NaN,NaN
NaN,NaN,346.120000,425.250000,NaN,NaN
NaN,NaN,345.990000,425.270000,NaN,NaN
NaN,NaN,345.950000,425.290000,NaN,NaN
NaN,NaN,345.850000,425.310000,NaN,NaN
NaN,NaN,345.730000,425.320000,NaN,NaN
NaN,NaN,344.812753,426.051196,NaN,NaN
NaN,NaN,344.760000,426.140000,NaN,NaN
NaN,NaN,344.870000,425.990000,NaN,NaN
NaN,NaN,344.810000,425.990000,NaN,NaN
NaN,NaN,344.690000,425.980000,NaN,NaN
NaN,NaN,344.650000,425.980000,NaN,NaN
NaN,NaN,344.480000,425.990000,NaN,NaN
NaN,NaN,344.160000,426.020000,NaN,NaN
NaN,NaN,344.060000,426.020000,NaN,NaN
NaN,NaN,344.000000,426.000000,NaN,NaN
NaN,NaN,343.930000,426.000000,NaN,NaN
NaN,NaN,343.870000,425.990000,NaN,NaN
NaN,NaN,343.790000,425.970000,NaN,NaN
NaN,NaN,343.710000,425.990000,NaN,NaN
NaN,NaN,343.570000,425.970000,NaN,NaN
NaN,NaN,343.130000,426.040000,NaN,NaN
NaN,NaN,343.050000,426.020000,NaN,NaN
NaN,NaN,343.040000,426.020000,NaN,NaN
NaN,NaN,342.920000,426.000000,NaN,NaN
NaN,NaN,342.860000,426.020000,NaN,NaN
NaN,NaN,342.740000,426.010000,NaN,NaN
NaN,NaN,342.640000,426.000000,NaN,NaN
NaN,NaN,342.550000,426.000000,NaN,NaN
NaN,NaN,342.060000,426.010000,NaN,NaN
NaN,NaN,342.010000,426.040000,NaN,NaN
NaN,NaN,341.930000,426.020000,NaN,NaN
NaN,NaN,341.880000,426.000000,NaN,NaN
NaN,NaN,341.780000,426.000000,NaN,NaN
NaN,NaN,341.660000,425.990000,NaN,NaN
NaN,NaN,341.530000,425.980000,NaN,NaN
NaN,NaN,341.160000,426.010000,NaN,NaN
NaN,NaN,341.030000,425.990000,NaN,NaN
NaN,NaN,340.970000,426.010000,NaN,NaN
NaN,NaN,340.890000,425.990000,NaN,NaN
NaN,NaN,340.870000,425.990000,NaN,NaN
NaN,NaN,340.710000,425.990000,NaN,NaN
NaN,NaN,340.670000,425.980000,NaN,NaN
NaN,NaN,340.490000,425.960000,NaN,NaN
NaN,NaN,340.110000,425.990000,NaN,NaN
NaN,NaN,340.020000,426.010000,NaN,NaN
NaN,NaN,339.950000,425.990000,NaN,NaN
NaN,NaN,339.870000,425.970000,NaN,NaN
NaN,NaN,339.810000,425.990000,NaN,NaN
NaN,NaN,339.750000,425.990000,NaN,NaN
NaN,NaN,339.650000,425.980000,NaN,NaN
NaN,NaN,339.550000,425.980000,NaN,NaN
NaN,NaN,339.130000,426.010000,NaN,NaN
NaN,NaN,339.070000,426.000000,NaN,NaN
NaN,NaN,339.020000,426.010000,NaN,NaN
NaN,NaN,338.930000,426.010000,NaN,NaN
NaN,NaN,338.920000,426.020000,NaN,NaN
NaN,NaN,338.810000,426.010000,NaN,NaN
NaN,NaN,338.740000,425.980000,NaN,NaN
NaN,NaN,338.630000,425.980000,NaN,NaN
NaN,NaN,338.440000,426.020000,NaN,NaN
NaN,NaN,338.140000,425.990000,NaN,NaN
NaN,NaN,338.090000,425.990000,NaN,NaN
NaN,NaN,338.050000,425.970000,NaN,NaN
NaN,NaN,338.020000,425.980000,NaN,NaN
NaN,NaN,337.900000,425.970000,NaN,NaN
NaN,NaN,337.850000,425.960000,NaN,NaN
NaN,NaN,337.730000,425.950000,NaN,NaN
NaN,NaN,337.690000,425.950000,NaN,NaN
NaN,NaN,337.590000,425.960000,NaN,NaN
NaN,NaN,337.440000,425.960000,NaN,NaN
NaN,NaN,337.140000,425.960000,NaN,NaN
NaN,NaN,337.030000,425.920000,NaN,NaN
NaN,NaN,336.990000,425.920000,NaN,NaN
NaN,NaN,336.940000,425.900000,NaN,NaN
NaN,NaN,336.810000,425.900000,NaN,NaN
NaN,NaN,336.740000,425.910000,NaN,NaN
NaN,NaN,336.660000,425.890000,NaN,NaN
NaN,NaN,336.610000,425.890000,NaN,NaN
NaN,NaN,336.460000,425.890000,NaN,NaN
NaN,NaN,336.190000,425.850000,NaN,NaN
NaN,NaN,336.150000,425.850000,NaN,NaN
NaN,NaN,336.090000,425.840000,NaN,NaN
NaN,NaN,336.010000,425.800000,NaN,NaN
NaN,NaN,335.950000,425.810000,NaN,NaN
NaN,NaN,335.880000,425.810000,NaN,NaN
NaN,NaN,335.820000,425.800000,NaN,NaN
NaN,NaN,335.730000,425.790000,NaN,NaN
NaN,NaN,335.630000,425.790000,NaN,NaN
NaN,NaN,335.610000,425.770000,NaN,NaN
NaN,NaN,335.400000,425.740000,NaN,NaN
NaN,NaN,335.200000,425.710000,NaN,NaN
NaN,NaN,335.160000,425.710000,NaN,NaN
NaN,NaN,335.070000,425.680000,NaN,NaN
NaN,NaN,334.980000,425.690000,NaN,NaN
NaN,NaN,334.940000,425.670000,NaN,NaN
NaN,NaN,334.830000,425.670000,NaN,NaN
NaN,NaN,334.790000,425.660000,NaN,NaN
NaN,NaN,334.720000,425.630000,NaN,NaN
NaN,NaN,334.690000,425.650000,NaN,NaN
NaN,NaN,334.510000,425.650000,NaN,NaN
NaN,NaN,334.240000,425.630000,NaN,NaN
NaN,NaN,334.160000,425.610000,NaN,NaN
NaN,NaN,334.120000,425.590000,NaN,NaN
NaN,NaN,334.100000,425.560000,NaN,NaN
NaN,NaN,334.020000,425.590000,NaN,NaN
NaN,NaN,333.960000,425.550000,NaN,NaN
NaN,NaN,333.930000,425.540000,NaN,NaN
NaN,NaN,333.850000,425.550000,NaN,NaN
NaN,NaN,333.750000,425.570000,NaN,NaN
NaN,NaN,333.640000,425.540000,NaN,NaN
NaN,NaN,333.580000,425.500000,NaN,NaN
NaN,NaN,333.620000,425.100000,NaN,NaN
NaN,NaN,333.510000,425.080000,NaN,NaN
NaN,NaN,333.200000,425.050000,NaN,NaN
NaN,NaN,333.180000,425.040000,NaN,NaN
NaN,NaN,333.150000,425.040000,NaN,NaN
NaN,NaN,333.100000,425.020000,NaN,NaN
NaN,NaN,333.000000,425.010000,NaN,NaN
NaN,NaN,332.990000,425.010000,NaN,NaN
NaN,NaN,332.940000,424.960000,NaN,NaN
NaN,NaN,332.870000,424.950000,NaN,NaN
NaN,NaN,332.760000,424.950000,NaN,NaN
NaN,NaN,332.680000,424.960000,NaN,NaN
NaN,NaN,332.620000,424.940000,NaN,NaN
NaN,NaN,332.550000,424.930000,NaN,NaN
NaN,NaN,332.190000,424.880000,NaN,NaN
NaN,NaN,332.120000,424.890000,NaN,NaN
NaN,NaN,332.090000,424.860000,NaN,NaN
NaN,NaN,332.060000,424.840000,NaN,NaN
NaN,NaN,332.000000,424.810000,NaN,NaN
NaN,NaN,331.970000,424.810000,NaN,NaN
NaN,NaN,331.890000,424.800000,NaN,NaN
NaN,NaN,331.880000,424.780000,NaN,NaN
NaN,NaN,331.800000,424.770000,NaN,NaN
NaN,NaN,331.750000,424.700000,NaN,NaN
NaN,NaN,331.630000,424.710000,NaN,NaN
NaN,NaN,331.590000,424.700000,NaN,NaN
NaN,NaN,331.490000,424.670000,NaN,NaN
NaN,NaN,331.190000,424.600000,NaN,NaN
NaN,NaN,331.130000,424.590000,NaN,NaN
NaN,NaN,331.090000,424.580000,NaN,NaN
NaN,NaN,331.020000,424.540000,NaN,NaN
NaN,NaN,330.970000,424.540000,NaN,NaN
NaN,NaN,330.920000,424.480000,NaN,NaN
NaN,NaN,330.970000,424.150000,NaN,NaN
NaN,NaN,330.950000,424.130000,NaN,NaN
NaN,NaN,330.900000,424.130000,NaN,NaN
NaN,NaN,330.870000,424.100000,NaN,NaN
NaN,NaN,330.800000,424.070000,NaN,NaN
NaN,NaN,330.820000,423.990000,NaN,NaN
NaN,NaN,330.790000,423.980000,NaN,NaN
NaN,NaN,330.740000,423.960000,NaN,NaN
NaN,NaN,330.700000,423.960000,NaN,NaN
NaN,NaN,330.630000,423.930000,NaN,NaN
NaN,NaN,330.550000,423.920000,NaN,NaN
NaN,NaN,330.130000,423.890000,NaN,NaN
NaN,NaN,330.090000,423.860000,NaN,NaN
NaN,NaN,330.060000,423.840000,NaN,NaN
NaN,NaN,330.010000,423.810000,NaN,NaN
NaN,NaN,330.000000,423.810000,NaN,NaN
NaN,NaN,329.990000,423.790000,NaN,NaN
NaN,NaN,329.930000,423.750000,NaN,NaN
NaN,NaN,329.870000,423.750000,NaN,NaN
NaN,NaN,329.820000,423.690000,NaN,NaN
NaN,NaN,329.790000,423.670000,NaN,NaN
NaN,NaN,329.790000,423.650000,NaN,NaN
NaN,NaN,329.740000,423.670000,NaN,NaN
NaN,NaN,329.720000,423.650000,NaN,NaN
NaN,NaN,329.640000,423.620000,NaN,NaN
NaN,NaN,329.530000,423.630000,NaN,NaN
NaN,NaN,329.200000,423.580000,NaN,NaN
NaN,NaN,329.140000,423.560000,NaN,NaN
NaN,NaN,329.100000,423.560000,NaN,NaN
NaN,NaN,329.040000,423.500000,NaN,NaN
NaN,NaN,329.080000,423.270000,NaN,NaN
NaN,NaN,329.070000,423.230000,NaN,NaN
NaN,NaN,329.060000,423.190000,NaN,NaN
NaN,NaN,329.040000,423.200000,NaN,NaN
NaN,NaN,329.030000,423.180000,NaN,NaN
NaN,NaN,328.960000,423.130000,NaN,NaN
NaN,NaN,328.900000,423.100000,NaN,NaN
NaN,NaN,328.900000,423.090000,NaN,NaN
NaN,NaN,328.900000,423.070000,NaN,NaN
NaN,NaN,328.870000,423.040000,NaN,NaN
NaN,NaN,328.840000,423.000000,NaN,NaN
NaN,NaN,328.820000,423.000000,NaN,NaN
NaN,NaN,328.730000,423.010000,NaN,NaN
NaN,NaN,328.720000,422.950000,NaN,NaN
NaN,NaN,328.680000,422.940000,NaN,NaN
NaN,NaN,NaN,NaN,NaN,NaN
NaN,NaN,NaN,NaN,NaN,NaN
NaN,NaN,NaN,NaN,NaN,NaN
NaN,NaN,NaN,NaN,NaN,NaN
NaN,NaN,NaN,NaN,NaN,NaN
NaN,NaN,NaN,NaN,NaN,NaN
NaN,NaN,NaN,NaN,NaN,NaN
NaN,NaN,NaN,NaN,NaN,NaN
NaN,NaN,NaN,NaN,NaN,NaN
NaN,NaN,NaN,NaN,NaN,NaN
NaN,NaN,NaN,NaN,NaN,NaN
NaN,NaN,NaN,NaN,NaN,NaN
NaN,NaN,NaN,NaN,NaN,NaN
NaN,NaN,NaN,NaN,NaN,NaN
NaN,NaN,NaN,NaN,NaN,NaN
NaN,NaN,NaN,NaN,NaN,NaN
NaN,NaN,NaN,NaN,NaN,NaN
NaN,NaN,NaN,NaN,NaN,NaN
NaN,NaN,NaN,NaN,NaN,NaN
NaN,NaN,NaN,NaN,NaN,NaN
NaN,NaN,NaN,NaN,NaN,NaN
NaN,NaN,NaN,NaN,NaN,NaN
NaN,NaN,NaN,NaN,NaN,NaN
NaN,NaN,NaN,NaN,NaN,NaN
NaN,NaN,NaN,NaN,NaN,NaN
NaN,NaN,NaN,NaN,NaN,NaN
NaN,NaN,NaN,NaN,NaN,NaN
NaN,NaN,NaN,NaN,NaN,NaN
NaN,NaN,NaN,NaN,NaN,NaN
NaN,NaN,NaN,NaN,NaN,NaN
NaN,NaN,NaN,NaN,NaN,NaN
NaN,NaN,NaN,NaN,NaN,NaN
NaN,NaN,NaN,NaN,NaN,NaN
NaN,NaN,NaN,NaN,NaN,NaN
NaN,NaN,NaN,NaN,NaN,NaN
NaN,NaN,NaN,NaN,NaN,NaN
NaN,NaN,NaN,NaN,NaN,NaN
NaN,NaN,NaN,NaN,NaN,NaN
NaN,NaN,NaN,NaN,NaN,NaN
NaN,NaN,NaN,NaN,NaN,NaN
NaN,NaN,NaN,NaN,NaN,NaN
NaN,NaN,NaN,NaN,NaN,NaN
NaN,NaN,NaN,NaN,NaN,NaN
NaN,NaN,NaN,NaN,NaN,NaN
NaN,NaN,NaN,NaN,NaN,NaN
NaN,NaN,NaN,NaN,NaN,NaN
NaN,NaN,NaN,NaN,NaN,NaN
NaN,NaN,NaN,NaN,NaN,NaN
NaN,NaN,NaN,NaN,NaN,NaN
NaN,NaN,NaN,NaN,NaN,NaN
NaN,NaN,NaN,NaN,NaN,NaN
NaN,NaN,NaN,NaN,NaN,NaN
NaN,NaN,NaN,NaN,NaN,NaN
NaN,NaN,NaN,NaN,NaN,NaN
NaN,NaN,NaN,NaN,NaN,NaN
NaN,NaN,NaN,NaN,NaN,NaN
NaN,NaN,NaN,NaN,NaN,NaN
NaN,NaN,NaN,NaN,NaN,NaN
NaN,NaN,NaN,NaN,NaN,NaN
NaN,NaN,NaN,NaN,NaN,NaN
NaN,NaN,NaN,NaN,NaN,NaN
NaN,NaN,NaN,NaN,NaN,NaN
NaN,NaN,NaN,NaN,NaN,NaN
NaN,NaN,NaN,NaN,NaN,NaN
NaN,NaN,NaN,NaN,NaN,NaN
NaN,NaN,NaN,NaN,NaN,NaN
NaN,NaN,NaN,NaN,NaN,NaN
NaN,NaN,NaN,NaN,NaN,NaN
NaN,NaN,NaN,NaN,NaN,NaN
NaN,NaN,NaN,NaN,NaN,NaN
NaN,NaN,NaN,NaN,NaN,NaN
NaN,NaN,NaN,NaN,NaN,NaN
NaN,NaN,NaN,NaN,NaN,NaN
NaN,NaN,NaN,NaN,NaN,NaN
NaN,NaN,NaN,NaN,NaN,NaN
NaN,NaN,NaN,NaN,NaN,NaN
NaN,NaN,NaN,NaN,NaN,NaN
NaN,NaN,NaN,NaN,NaN,NaN
NaN,NaN,NaN,NaN,NaN,NaN
NaN,NaN,NaN,NaN,NaN,NaN
NaN,NaN,NaN,NaN,NaN,NaN
NaN,NaN,NaN,NaN,NaN,NaN
NaN,NaN,NaN,NaN,NaN,NaN
NaN,NaN,NaN,NaN,NaN,NaN
NaN,NaN,NaN,NaN,NaN,NaN
NaN,NaN,NaN,NaN,NaN,NaN
NaN,NaN,NaN,NaN,NaN,NaN
NaN,NaN,NaN,NaN,NaN,NaN
NaN,NaN,NaN,NaN,NaN,NaN
NaN,NaN,NaN,NaN,NaN,NaN
NaN,NaN,NaN,NaN,NaN,NaN
NaN,NaN,NaN,NaN,NaN,NaN
NaN,NaN,NaN,NaN,NaN,NaN
NaN,NaN,NaN,NaN,NaN,NaN
NaN,NaN,NaN,NaN,NaN,NaN
NaN,NaN,NaN,NaN,NaN,NaN
NaN,NaN,NaN,NaN,NaN,NaN
NaN,NaN,NaN,NaN,NaN,NaN
NaN,NaN,NaN,NaN,NaN,NaN
NaN,NaN,NaN,NaN,NaN,NaN
NaN,NaN,NaN,NaN,NaN,NaN
NaN,NaN,NaN,NaN,NaN,NaN
NaN,NaN,NaN,NaN,NaN,NaN
NaN,NaN,NaN,NaN,NaN,NaN
NaN,NaN,NaN,NaN,NaN,NaN
NaN,NaN,NaN,NaN,NaN,NaN
NaN,NaN,NaN,NaN,NaN,NaN
NaN,NaN,NaN,NaN,NaN,NaN
NaN,NaN,NaN,NaN,NaN,NaN
NaN,NaN,NaN,NaN,NaN,NaN
NaN,NaN,NaN,NaN,NaN,NaN
NaN,NaN,NaN,NaN,NaN,NaN
NaN,NaN,NaN,NaN,NaN,NaN
NaN,NaN,NaN,NaN,NaN,NaN
NaN,NaN,NaN,NaN,NaN,NaN
NaN,NaN,NaN,NaN,NaN,NaN
NaN,NaN,NaN,NaN,NaN,NaN
NaN,NaN,NaN,NaN,NaN,NaN
NaN,NaN,NaN,NaN,NaN,NaN
NaN,NaN,NaN,NaN,NaN,NaN
NaN,NaN,NaN,NaN,NaN,NaN
NaN,NaN,NaN,NaN,NaN,NaN
NaN,NaN,NaN,NaN,NaN,NaN
NaN,NaN,NaN,NaN,NaN,NaN
NaN,NaN,NaN,NaN,NaN,NaN
NaN,NaN,NaN,NaN,NaN,NaN
NaN,NaN,NaN,NaN,NaN,NaN
NaN,NaN,NaN,NaN,NaN,NaN
NaN,NaN,NaN,NaN,NaN,NaN
NaN,NaN,NaN,NaN,NaN,NaN
NaN,NaN,NaN,NaN,NaN,NaN
NaN,NaN,NaN,NaN,NaN,NaN
NaN,NaN,NaN,NaN,NaN,NaN
NaN,NaN,NaN,NaN,NaN,NaN
NaN,NaN,NaN,NaN,NaN,NaN
NaN,NaN,NaN,NaN,NaN,NaN
NaN,NaN,NaN,NaN,NaN,NaN
NaN,NaN,NaN,NaN,NaN,NaN
NaN,NaN,NaN,NaN,NaN,NaN
NaN,NaN,NaN,NaN,NaN,NaN
NaN,NaN,NaN,NaN,NaN,NaN
NaN,NaN,NaN,NaN,NaN,NaN
NaN,NaN,NaN,NaN,NaN,NaN
NaN,NaN,NaN,NaN,NaN,NaN
NaN,NaN,NaN,NaN,NaN,NaN
NaN,NaN,NaN,NaN,NaN,NaN
NaN,NaN,NaN,NaN,NaN,NaN
NaN,NaN,NaN,NaN,NaN,NaN
NaN,NaN,NaN,NaN,NaN,NaN
NaN,NaN,NaN,NaN,NaN,NaN
NaN,NaN,NaN,NaN,NaN,NaN
NaN,NaN,NaN,NaN,NaN,NaN
NaN,NaN,NaN,NaN,NaN,NaN
NaN,NaN,NaN,NaN,NaN,NaN
NaN,NaN,NaN,NaN,NaN,NaN
NaN,NaN,NaN,NaN,NaN,NaN
NaN,NaN,NaN,NaN,NaN,NaN
NaN,NaN,NaN,NaN,NaN,NaN
NaN,NaN,NaN,NaN,NaN,NaN
NaN,NaN,NaN,NaN,NaN,NaN
NaN,NaN,NaN,NaN,NaN,NaN
NaN,NaN,NaN,NaN,NaN,NaN
NaN,NaN,NaN,NaN,NaN,NaN
NaN,NaN,NaN,NaN,NaN,NaN
NaN,NaN,NaN,NaN,NaN,NaN
NaN,NaN,NaN,NaN,NaN,NaN
NaN,NaN,NaN,NaN,NaN,NaN
NaN,NaN,NaN,NaN,NaN,NaN
NaN,NaN,NaN,NaN,NaN,NaN
NaN,NaN,NaN,NaN,NaN,NaN
NaN,NaN,NaN,NaN,NaN,NaN
NaN,NaN,NaN,NaN,NaN,NaN
NaN,NaN,NaN,NaN,NaN,NaN
NaN,NaN,NaN,NaN,NaN,NaN
NaN,NaN,NaN,NaN,NaN,NaN
NaN,NaN,NaN,NaN,NaN,NaN
NaN,NaN,NaN,NaN,NaN,NaN
NaN,NaN,NaN,NaN,NaN,NaN
NaN,NaN,NaN,NaN,NaN,NaN
NaN,NaN,NaN,NaN,NaN,NaN
NaN,NaN,NaN,NaN,NaN,NaN
NaN,NaN,NaN,NaN,NaN,NaN
NaN,NaN,NaN,NaN,NaN,NaN
NaN,NaN,NaN,NaN,NaN,NaN
NaN,NaN,NaN,NaN,NaN,NaN
NaN,NaN,NaN,NaN,NaN,NaN
NaN,NaN,NaN,NaN,NaN,NaN
NaN,NaN,NaN,NaN,NaN,NaN
NaN,NaN,NaN,NaN,NaN,NaN
NaN,NaN,NaN,NaN,NaN,NaN
NaN,NaN,NaN,NaN,NaN,NaN
NaN,NaN,NaN,NaN,NaN,NaN
NaN,NaN,NaN,NaN,NaN,NaN
NaN,NaN,NaN,NaN,NaN,NaN
NaN,NaN,NaN,NaN,NaN,NaN
NaN,NaN,NaN,NaN,NaN,NaN
NaN,NaN,NaN,NaN,NaN,NaN
NaN,NaN,NaN,NaN,NaN,NaN
NaN,NaN,NaN,NaN,NaN,NaN
NaN,NaN,NaN,NaN,NaN,NaN
NaN,NaN,NaN,NaN,NaN,NaN
NaN,NaN,NaN,NaN,NaN,NaN
NaN,NaN,NaN,NaN,NaN,NaN
NaN,NaN,NaN,NaN,NaN,NaN
NaN,NaN,NaN,NaN,NaN,NaN
NaN,NaN,NaN,NaN,NaN,NaN
NaN,NaN,NaN,NaN,NaN,NaN
NaN,NaN,NaN,NaN,NaN,NaN
NaN,NaN,NaN,NaN,NaN,NaN
NaN,NaN,NaN,NaN,NaN,NaN
NaN,NaN,NaN,NaN,NaN,NaN
NaN,NaN,NaN,NaN,NaN,NaN
NaN,NaN,NaN,NaN,NaN,NaN
NaN,NaN,NaN,NaN,NaN,NaN
NaN,NaN,NaN,NaN,NaN,NaN
NaN,NaN,NaN,NaN,NaN,NaN
NaN,NaN,NaN,NaN,NaN,NaN
NaN,NaN,NaN,NaN,NaN,NaN
NaN,NaN,NaN,NaN,NaN,NaN
NaN,NaN,NaN,NaN,NaN,NaN
NaN,NaN,NaN,NaN,NaN,NaN
NaN,NaN,NaN,NaN,NaN,NaN
NaN,NaN,NaN,NaN,NaN,NaN
NaN,NaN,NaN,NaN,NaN,NaN
NaN,NaN,NaN,NaN,NaN,NaN
NaN,NaN,NaN,NaN,NaN,NaN
NaN,NaN,NaN,NaN,NaN,NaN
NaN,NaN,NaN,NaN,NaN,NaN
NaN,NaN,NaN,NaN,NaN,NaN
NaN,NaN,NaN,NaN,NaN,NaN
NaN,NaN,NaN,NaN,NaN,NaN
NaN,NaN,NaN,NaN,NaN,NaN
NaN,NaN,NaN,NaN,NaN,NaN
NaN,NaN,NaN,NaN,NaN,NaN
NaN,NaN,NaN,NaN,NaN,NaN
NaN,NaN,NaN,NaN,NaN,NaN
NaN,NaN,NaN,NaN,NaN,NaN
NaN,NaN,NaN,NaN,NaN,NaN
NaN,NaN,NaN,NaN,NaN,NaN
NaN,NaN,NaN,NaN,NaN,NaN
NaN,NaN,NaN,NaN,NaN,NaN
NaN,NaN,NaN,NaN,NaN,NaN
NaN,NaN,NaN,NaN,NaN,NaN
NaN,NaN,NaN,NaN,NaN,NaN
NaN,NaN,NaN,NaN,NaN,NaN
NaN,NaN,NaN,NaN,NaN,NaN
NaN,NaN,NaN,NaN,NaN,NaN
NaN,NaN,NaN,NaN,NaN,NaN
NaN,NaN,NaN,NaN,NaN,NaN
NaN,NaN,NaN,NaN,NaN,NaN
NaN,NaN,NaN,NaN,NaN,NaN
NaN,NaN,NaN,NaN,NaN,NaN
NaN,NaN,NaN,NaN,NaN,NaN
NaN,NaN,NaN,NaN,NaN,NaN
NaN,NaN,NaN,NaN,NaN,NaN
NaN,NaN,NaN,NaN,NaN,NaN
NaN,NaN,NaN,NaN,NaN,NaN
NaN,NaN,NaN,NaN,NaN,NaN
NaN,NaN,NaN,NaN,NaN,NaN
NaN,NaN,NaN,NaN,NaN,NaN
NaN,NaN,NaN,NaN,NaN,NaN
NaN,NaN,NaN,NaN,NaN,NaN
NaN,NaN,NaN,NaN,NaN,NaN
NaN,NaN,NaN,NaN,NaN,NaN
NaN,NaN,NaN,NaN,NaN,NaN
NaN,NaN,NaN,NaN,NaN,NaN
NaN,NaN,NaN,NaN,NaN,NaN
NaN,NaN,NaN,NaN,NaN,NaN
NaN,NaN,NaN,NaN,NaN,NaN
NaN,NaN,NaN,NaN,NaN,NaN
NaN,NaN,NaN,NaN,NaN,NaN
NaN,NaN,NaN,NaN,NaN,NaN
NaN,NaN,NaN,NaN,NaN,NaN
NaN,NaN,NaN,NaN,NaN,NaN
NaN,NaN,NaN,NaN,NaN,NaN
NaN,NaN,NaN,NaN,NaN,NaN
NaN,NaN,NaN,NaN,NaN,NaN
NaN,NaN,NaN,NaN,NaN,NaN
NaN,NaN,NaN,NaN,NaN,NaN
NaN,NaN,NaN,NaN,NaN,NaN
NaN,NaN,NaN,NaN,NaN,NaN
NaN,NaN,NaN,NaN,NaN,NaN
NaN,NaN,NaN,NaN,NaN,NaN
NaN,NaN,NaN,NaN,NaN,NaN
NaN,NaN,NaN,NaN,NaN,NaN
NaN,NaN,NaN,NaN,NaN,NaN
NaN,NaN,NaN,NaN,NaN,NaN
NaN,NaN,NaN,NaN,NaN,NaN
NaN,NaN,NaN,NaN,NaN,NaN
NaN,NaN,NaN,NaN,NaN,NaN
NaN,NaN,NaN,NaN,NaN,NaN
NaN,NaN,NaN,NaN,NaN,NaN
NaN,NaN,NaN,NaN,NaN,NaN
NaN,NaN,NaN,NaN,NaN,NaN
NaN,NaN,NaN,NaN,NaN,NaN
NaN,NaN,NaN,NaN,NaN,NaN
NaN,NaN,NaN,NaN,NaN,NaN
NaN,NaN,NaN,NaN,NaN,NaN
NaN,NaN,NaN,NaN,NaN,NaN
NaN,NaN,NaN,NaN,NaN,NaN
NaN,NaN,NaN,NaN,NaN,NaN
NaN,NaN,NaN,NaN,NaN,NaN
NaN,NaN,NaN,NaN,NaN,NaN
NaN,NaN,NaN,NaN,NaN,NaN
NaN,NaN,NaN,NaN,NaN,NaN
NaN,NaN,NaN,NaN,NaN,NaN
NaN,NaN,NaN,NaN,NaN,NaN
NaN,NaN,NaN,NaN,NaN,NaN
NaN,NaN,NaN,NaN,NaN,NaN
NaN,NaN,NaN,NaN,NaN,NaN
NaN,NaN,NaN,NaN,NaN,NaN
NaN,NaN,NaN,NaN,NaN,NaN
NaN,NaN,NaN,NaN,NaN,NaN
NaN,NaN,NaN,NaN,NaN,NaN
NaN,NaN,NaN,NaN,NaN,NaN
NaN,NaN,NaN,NaN,NaN,NaN
NaN,NaN,NaN,NaN,NaN,NaN
NaN,NaN,NaN,NaN,NaN,NaN
NaN,NaN,NaN,NaN,NaN,NaN
NaN,NaN,NaN,NaN,NaN,NaN
NaN,NaN,NaN,NaN,NaN,NaN
NaN,NaN,NaN,NaN,NaN,NaN
NaN,NaN,NaN,NaN,NaN,NaN
NaN,NaN,NaN,NaN,NaN,NaN
NaN,NaN,NaN,NaN,NaN,NaN
NaN,NaN,NaN,NaN,NaN,NaN
NaN,NaN,NaN,NaN,NaN,NaN
NaN,NaN,NaN,NaN,NaN,NaN
NaN,NaN,NaN,NaN,NaN,NaN
NaN,NaN,NaN,NaN,NaN,NaN
NaN,NaN,NaN,NaN,NaN,NaN
NaN,NaN,NaN,NaN,NaN,NaN
NaN,NaN,NaN,NaN,NaN,NaN
NaN,NaN,NaN,NaN,NaN,NaN
NaN,NaN,NaN,NaN,NaN,NaN
NaN,NaN,NaN,NaN,NaN,NaN
NaN,NaN,NaN,NaN,NaN,NaN
NaN,NaN,NaN,NaN,NaN,NaN
NaN,NaN,NaN,NaN,NaN,NaN
NaN,NaN,NaN,NaN,NaN,NaN
NaN,NaN,NaN,NaN,NaN,NaN
NaN,NaN,NaN,NaN,NaN,NaN
NaN,NaN,NaN,NaN,NaN,NaN
NaN,NaN,NaN,NaN,NaN,NaN
NaN,NaN,NaN,NaN,NaN,NaN
NaN,NaN,NaN,NaN,NaN,NaN
NaN,NaN,NaN,NaN,NaN,NaN
NaN,NaN,NaN,NaN,NaN,NaN
NaN,NaN,NaN,NaN,NaN,NaN
NaN,NaN,NaN,NaN,NaN,NaN
NaN,NaN,NaN,NaN,NaN,NaN
NaN,NaN,NaN,NaN,NaN,NaN
NaN,NaN,NaN,NaN,NaN,NaN
NaN,NaN,NaN,NaN,NaN,NaN
NaN,NaN,NaN,NaN,NaN,NaN
NaN,NaN,NaN,NaN,NaN,NaN
NaN,NaN,NaN,NaN,NaN,NaN
NaN,NaN,NaN,NaN,NaN,NaN
NaN,NaN,NaN,NaN,NaN,NaN
NaN,NaN,NaN,NaN,NaN,NaN
NaN,NaN,NaN,NaN,NaN,NaN
NaN,NaN,NaN,NaN,NaN,NaN
NaN,NaN,NaN,NaN,NaN,NaN
NaN,NaN,NaN,NaN,NaN,NaN
NaN,NaN,NaN,NaN,NaN,NaN
NaN,NaN,NaN,NaN,NaN,NaN
NaN,NaN,NaN,NaN,NaN,NaN
NaN,NaN,NaN,NaN,NaN,NaN
NaN,NaN,NaN,NaN,NaN,NaN
NaN,NaN,NaN,NaN,NaN,NaN
NaN,NaN,NaN,NaN,NaN,NaN
NaN,NaN,NaN,NaN,NaN,NaN
NaN,NaN,NaN,NaN,NaN,NaN
NaN,NaN,NaN,NaN,NaN,NaN
NaN,NaN,NaN,NaN,NaN,NaN
NaN,NaN,NaN,NaN,NaN,NaN
NaN,NaN,NaN,NaN,NaN,NaN
NaN,NaN,NaN,NaN,NaN,NaN
NaN,NaN,NaN,NaN,NaN,NaN
NaN,NaN,NaN,NaN,NaN,NaN
NaN,NaN,NaN,NaN,NaN,NaN
NaN,NaN,NaN,NaN,NaN,NaN
NaN,NaN,NaN,NaN,NaN,NaN
NaN,NaN,NaN,NaN,NaN,NaN
NaN,NaN,NaN,NaN,NaN,NaN
NaN,NaN,NaN,NaN,NaN,NaN
NaN,NaN,NaN,NaN,NaN,NaN
NaN,NaN,NaN,NaN,NaN,NaN
NaN,NaN,NaN,NaN,NaN,NaN
NaN,NaN,NaN,NaN,NaN,NaN
NaN,NaN,NaN,NaN,NaN,NaN
NaN,NaN,NaN,NaN,NaN,NaN
NaN,NaN,NaN,NaN,NaN,NaN
NaN,NaN,NaN,NaN,NaN,NaN
NaN,NaN,NaN,NaN,NaN,NaN
NaN,NaN,NaN,NaN,NaN,NaN
NaN,NaN,NaN,NaN,NaN,NaN
NaN,NaN,NaN,NaN,NaN,NaN
NaN,NaN,NaN,NaN,NaN,NaN
NaN,NaN,NaN,NaN,NaN,NaN
NaN,NaN,NaN,NaN,NaN,NaN
NaN,NaN,NaN,NaN,NaN,NaN
NaN,NaN,NaN,NaN,NaN,NaN
NaN,NaN,NaN,NaN,NaN,NaN
NaN,NaN,NaN,NaN,NaN,NaN
NaN,NaN,NaN,NaN,NaN,NaN
NaN,NaN,NaN,NaN,NaN,NaN
NaN,NaN,NaN,NaN,NaN,NaN
NaN,NaN,NaN,NaN,NaN,NaN
NaN,NaN,NaN,NaN,NaN,NaN
NaN,NaN,NaN,NaN,NaN,NaN
NaN,NaN,NaN,NaN,NaN,NaN
NaN,NaN,NaN,NaN,NaN,NaN
NaN,NaN,NaN,NaN,NaN,NaN
NaN,NaN,NaN,NaN,NaN,NaN
NaN,NaN,NaN,NaN,NaN,NaN
NaN,NaN,NaN,NaN,NaN,NaN
NaN,NaN,NaN,NaN,NaN,NaN
NaN,NaN,NaN,NaN,NaN,NaN
NaN,NaN,NaN,NaN,NaN,NaN
NaN,NaN,NaN,NaN,NaN,NaN
NaN,NaN,NaN,NaN,NaN,NaN
NaN,NaN,NaN,NaN,NaN,NaN
NaN,NaN,NaN,NaN,NaN,NaN
NaN,NaN,NaN,NaN,NaN,NaN
NaN,NaN,NaN,NaN,NaN,NaN
NaN,NaN,NaN,NaN,NaN,NaN
NaN,NaN,NaN,NaN,NaN,NaN
NaN,NaN,NaN,NaN,NaN,NaN
NaN,NaN,NaN,NaN,NaN,NaN
NaN,NaN,NaN,NaN,NaN,NaN
NaN,NaN,NaN,NaN,NaN,NaN
NaN,NaN,NaN,NaN,NaN,NaN
NaN,NaN,NaN,NaN,NaN,NaN
NaN,NaN,NaN,NaN,NaN,NaN
NaN,NaN,NaN,NaN,NaN,NaN
NaN,NaN,NaN,NaN,NaN,NaN
NaN,NaN,NaN,NaN,NaN,NaN
NaN,NaN,NaN,NaN,NaN,NaN
NaN,NaN,NaN,NaN,NaN,NaN
NaN,NaN,NaN,NaN,NaN,NaN
NaN,NaN,NaN,NaN,NaN,NaN
NaN,NaN,NaN,NaN,NaN,NaN
NaN,NaN,NaN,NaN,NaN,NaN
NaN,NaN,NaN,NaN,NaN,NaN
NaN,NaN,NaN,NaN,NaN,NaN
NaN,NaN,NaN,NaN,NaN,NaN
NaN,NaN,NaN,NaN,NaN,NaN
NaN,NaN,NaN,NaN,NaN,NaN
NaN,NaN,NaN,NaN,NaN,NaN
NaN,NaN,NaN,NaN,NaN,NaN
NaN,NaN,NaN,NaN,NaN,NaN
NaN,NaN,NaN,NaN,NaN,NaN
NaN,NaN,NaN,NaN,NaN,NaN
NaN,NaN,NaN,NaN,NaN,NaN
NaN,NaN,NaN,NaN,NaN,NaN
NaN,NaN,NaN,NaN,NaN,NaN
NaN,NaN,NaN,NaN,NaN,NaN
NaN,NaN,NaN,NaN,NaN,NaN
NaN,NaN,NaN,NaN,NaN,NaN
NaN,NaN,NaN,NaN,NaN,NaN
NaN,NaN,NaN,NaN,NaN,NaN
NaN,NaN,NaN,NaN,NaN,NaN
NaN,NaN,NaN,NaN,NaN,NaN
NaN,NaN,NaN,NaN,NaN,NaN
NaN,NaN,NaN,NaN,NaN,NaN
NaN,NaN,NaN,NaN,NaN,NaN
NaN,NaN,NaN,NaN,NaN,NaN
NaN,NaN,NaN,NaN,NaN,NaN
NaN,NaN,NaN,NaN,NaN,NaN
NaN,NaN,NaN,NaN,NaN,NaN
NaN,NaN,NaN,NaN,NaN,NaN
NaN,NaN,NaN,NaN,NaN,NaN
NaN,NaN,NaN,NaN,NaN,NaN
NaN,NaN,NaN,NaN,NaN,NaN
NaN,NaN,NaN,NaN,NaN,NaN
NaN,NaN,NaN,NaN,NaN,NaN
NaN,NaN,NaN,NaN,NaN,NaN
NaN,NaN,NaN,NaN,NaN,NaN
NaN,NaN,NaN,NaN,NaN,NaN
NaN,NaN,NaN,NaN,NaN,NaN
NaN,NaN,NaN,NaN,NaN,NaN
NaN,NaN,NaN,NaN,NaN,NaN
NaN,NaN,NaN,NaN,NaN,NaN
NaN,NaN,NaN,NaN,NaN,NaN
NaN,NaN,NaN,NaN,NaN,NaN
NaN,NaN,NaN,NaN,NaN,NaN
NaN,NaN,NaN,NaN,NaN,NaN
NaN,NaN,NaN,NaN,NaN,NaN
NaN,NaN,NaN,NaN,NaN,NaN
NaN,NaN,NaN,NaN,NaN,NaN
NaN,NaN,NaN,NaN,NaN,NaN
NaN,NaN,NaN,NaN,NaN,NaN
NaN,NaN,NaN,NaN,NaN,NaN
NaN,NaN,NaN,NaN,NaN,NaN
NaN,NaN,NaN,NaN,NaN,NaN
NaN,NaN,NaN,NaN,NaN,NaN
NaN,NaN,NaN,NaN,NaN,NaN
NaN,NaN,NaN,NaN,NaN,NaN
NaN,NaN,NaN,NaN,NaN,NaN
NaN,NaN,NaN,NaN,NaN,NaN
NaN,NaN,NaN,NaN,NaN,NaN
NaN,NaN,NaN,NaN,NaN,NaN
NaN,NaN,NaN,NaN,NaN,NaN
NaN,NaN,NaN,NaN,NaN,NaN
NaN,NaN,NaN,NaN,NaN,NaN
NaN,NaN,NaN,NaN,NaN,NaN
NaN,NaN,NaN,NaN,NaN,NaN
NaN,NaN,NaN,NaN,NaN,NaN
NaN,NaN,NaN,NaN,NaN,NaN
NaN,NaN,NaN,NaN,NaN,NaN
NaN,NaN,NaN,NaN,NaN,NaN
NaN,NaN,NaN,NaN,NaN,NaN
NaN,NaN,NaN,NaN,NaN,NaN
NaN,NaN,NaN,NaN,NaN,NaN
NaN,NaN,NaN,NaN,NaN,NaN
NaN,NaN,NaN,NaN,NaN,NaN
NaN,NaN,NaN,NaN,NaN,NaN
NaN,NaN,NaN,NaN,NaN,NaN
NaN,NaN,NaN,NaN,NaN,NaN
NaN,NaN,NaN,NaN,NaN,NaN
NaN,NaN,NaN,NaN,NaN,NaN
NaN,NaN,NaN,NaN,NaN,NaN
NaN,NaN,NaN,NaN,NaN,NaN
NaN,NaN,NaN,NaN,NaN,NaN
NaN,NaN,NaN,NaN,NaN,NaN
NaN,NaN,NaN,NaN,NaN,NaN
NaN,NaN,NaN,NaN,NaN,NaN
NaN,NaN,NaN,NaN,NaN,NaN
NaN,NaN,NaN,NaN,NaN,NaN
NaN,NaN,NaN,NaN,NaN,NaN
NaN,NaN,NaN,NaN,NaN,NaN
NaN,NaN,NaN,NaN,NaN,NaN
NaN,NaN,NaN,NaN,NaN,NaN
NaN,NaN,NaN,NaN,NaN,NaN
NaN,NaN,NaN,NaN,NaN,NaN
NaN,NaN,NaN,NaN,NaN,NaN
NaN,NaN,NaN,NaN,NaN,NaN
NaN,NaN,NaN,NaN,NaN,NaN
NaN,NaN,NaN,NaN,NaN,NaN
NaN,NaN,NaN,NaN,NaN,NaN
NaN,NaN,NaN,NaN,NaN,NaN
NaN,NaN,NaN,NaN,NaN,NaN
NaN,NaN,NaN,NaN,NaN,NaN
NaN,NaN,NaN,NaN,NaN,NaN
NaN,NaN,NaN,NaN,NaN,NaN
NaN,NaN,NaN,NaN,NaN,NaN
NaN,NaN,NaN,NaN,NaN,NaN
NaN,NaN,NaN,NaN,NaN,NaN
NaN,NaN,NaN,NaN,NaN,NaN
NaN,NaN,NaN,NaN,NaN,NaN
NaN,NaN,NaN,NaN,NaN,NaN
NaN,NaN,NaN,NaN,NaN,NaN
NaN,NaN,NaN,NaN,NaN,NaN
NaN,NaN,NaN,NaN,NaN,NaN
NaN,NaN,NaN,NaN,NaN,NaN
NaN,NaN,NaN,NaN,NaN,NaN
NaN,NaN,NaN,NaN,NaN,NaN
NaN,NaN,NaN,NaN,NaN,NaN
NaN,NaN,NaN,NaN,NaN,NaN
NaN,NaN,NaN,NaN,NaN,NaN
NaN,NaN,NaN,NaN,NaN,NaN
NaN,NaN,NaN,NaN,NaN,NaN
NaN,NaN,NaN,NaN,NaN,NaN
NaN,NaN,NaN,NaN,NaN,NaN
NaN,NaN,NaN,NaN,NaN,NaN
NaN,NaN,NaN,NaN,NaN,NaN
NaN,NaN,NaN,NaN,NaN,NaN
NaN,NaN,NaN,NaN,NaN,NaN
NaN,NaN,NaN,NaN,NaN,NaN
NaN,NaN,NaN,NaN,NaN,NaN
NaN,NaN,NaN,NaN,NaN,NaN
NaN,NaN,NaN,NaN,NaN,NaN
NaN,NaN,NaN,NaN,NaN,NaN
NaN,NaN,NaN,NaN,NaN,NaN
NaN,NaN,NaN,NaN,NaN,NaN
NaN,NaN,NaN,NaN,NaN,NaN
NaN,NaN,NaN,NaN,NaN,NaN
NaN,NaN,NaN,NaN,NaN,NaN
NaN,NaN,NaN,NaN,NaN,NaN
NaN,NaN,NaN,NaN,NaN,NaN
NaN,NaN,NaN,NaN,NaN,NaN
NaN,NaN,NaN,NaN,NaN,NaN
NaN,NaN,NaN,NaN,NaN,NaN
NaN,NaN,NaN,NaN,NaN,NaN
NaN,NaN,NaN,NaN,NaN,NaN
NaN,NaN,NaN,NaN,NaN,NaN
NaN,NaN,NaN,NaN,NaN,NaN
NaN,NaN,NaN,NaN,NaN,NaN
NaN,NaN,NaN,NaN,NaN,NaN
NaN,NaN,NaN,NaN,NaN,NaN
NaN,NaN,NaN,NaN,NaN,NaN
NaN,NaN,NaN,NaN,NaN,NaN
NaN,NaN,NaN,NaN,NaN,NaN
NaN,NaN,NaN,NaN,NaN,NaN
NaN,NaN,NaN,NaN,NaN,NaN
NaN,NaN,NaN,NaN,NaN,NaN
NaN,NaN,NaN,NaN,NaN,NaN
NaN,NaN,NaN,NaN,NaN,NaN
NaN,NaN,NaN,NaN,NaN,NaN
NaN,NaN,NaN,NaN,NaN,NaN
NaN,NaN,NaN,NaN,NaN,NaN
NaN,NaN,NaN,NaN,NaN,NaN
NaN,NaN,NaN,NaN,NaN,NaN
NaN,NaN,NaN,NaN,NaN,NaN
NaN,NaN,NaN,NaN,NaN,NaN
NaN,NaN,NaN,NaN,NaN,NaN
NaN,NaN,NaN,NaN,NaN,NaN
NaN,NaN,NaN,NaN,NaN,NaN
NaN,NaN,NaN,NaN,NaN,NaN
NaN,NaN,NaN,NaN,NaN,NaN
NaN,NaN,NaN,NaN,NaN,NaN
NaN,NaN,NaN,NaN,NaN,NaN
NaN,NaN,NaN,NaN,NaN,NaN
NaN,NaN,NaN,NaN,NaN,NaN
NaN,NaN,NaN,NaN,NaN,NaN
NaN,NaN,NaN,NaN,NaN,NaN
NaN,NaN,NaN,NaN,NaN,NaN
NaN,NaN,NaN,NaN,NaN,NaN
NaN,NaN,NaN,NaN,NaN,NaN
NaN,NaN,NaN,NaN,NaN,NaN
NaN,NaN,NaN,NaN,NaN,NaN
NaN,NaN,NaN,NaN,NaN,NaN
NaN,NaN,NaN,NaN,NaN,NaN
NaN,NaN,NaN,NaN,NaN,NaN
NaN,NaN,NaN,NaN,NaN,NaN
NaN,NaN,NaN,NaN,NaN,NaN
NaN,NaN,NaN,NaN,NaN,NaN
NaN,NaN,NaN,NaN,NaN,NaN
NaN,NaN,NaN,NaN,NaN,NaN
NaN,NaN,NaN,NaN,NaN,NaN
NaN,NaN,NaN,NaN,NaN,NaN
NaN,NaN,NaN,NaN,NaN,NaN
NaN,NaN,NaN,NaN,NaN,NaN
NaN,NaN,NaN,NaN,NaN,NaN
NaN,NaN,NaN,NaN,NaN,NaN
NaN,NaN,NaN,NaN,NaN,NaN
NaN,NaN,NaN,NaN,NaN,NaN
NaN,NaN,NaN,NaN,NaN,NaN
NaN,NaN,NaN,NaN,NaN,NaN
NaN,NaN,NaN,NaN,NaN,NaN
NaN,NaN,NaN,NaN,NaN,NaN
NaN,NaN,NaN,NaN,NaN,NaN
NaN,NaN,NaN,NaN,NaN,NaN
NaN,NaN,NaN,NaN,NaN,NaN
NaN,NaN,NaN,NaN,NaN,NaN
NaN,NaN,NaN,NaN,NaN,NaN
NaN,NaN,NaN,NaN,NaN,NaN
NaN,NaN,NaN,NaN,NaN,NaN
NaN,NaN,NaN,NaN,NaN,NaN
NaN,NaN,NaN,NaN,NaN,NaN
NaN,NaN,NaN,NaN,NaN,NaN
NaN,NaN,NaN,NaN,NaN,NaN
NaN,NaN,NaN,NaN,NaN,NaN
NaN,NaN,NaN,NaN,NaN,NaN
NaN,NaN,NaN,NaN,NaN,NaN
NaN,NaN,NaN,NaN,NaN,NaN
NaN,NaN,NaN,NaN,NaN,NaN
NaN,NaN,NaN,NaN,NaN,NaN
NaN,NaN,NaN,NaN,NaN,NaN
NaN,NaN,NaN,NaN,NaN,NaN
NaN,NaN,NaN,NaN,NaN,NaN
NaN,NaN,NaN,NaN,NaN,NaN
NaN,NaN,NaN,NaN,NaN,NaN
NaN,NaN,NaN,NaN,NaN,NaN
NaN,NaN,NaN,NaN,NaN,NaN
NaN,NaN,NaN,NaN,NaN,NaN
NaN,NaN,NaN,NaN,NaN,NaN
NaN,NaN,NaN,NaN,NaN,NaN
NaN,NaN,NaN,NaN,NaN,NaN
NaN,NaN,NaN,NaN,NaN,NaN
NaN,NaN,NaN,NaN,NaN,NaN
NaN,NaN,NaN,NaN,NaN,NaN
NaN,NaN,NaN,NaN,NaN,NaN
NaN,NaN,NaN,NaN,NaN,NaN
NaN,NaN,NaN,NaN,NaN,NaN
NaN,NaN,NaN,NaN,NaN,NaN
NaN,NaN,NaN,NaN,NaN,NaN
NaN,NaN,NaN,NaN,NaN,NaN
NaN,NaN,NaN,NaN,NaN,NaN
NaN,NaN,NaN,NaN,NaN,NaN
NaN,NaN,NaN,NaN,NaN,NaN
NaN,NaN,NaN,NaN,NaN,NaN
NaN,NaN,NaN,NaN,NaN,NaN
NaN,NaN,NaN,NaN,NaN,NaN
NaN,NaN,NaN,NaN,NaN,NaN
NaN,NaN,NaN,NaN,NaN,NaN
NaN,NaN,NaN,NaN,NaN,NaN
NaN,NaN,NaN,NaN,NaN,NaN
NaN,NaN,NaN,NaN,NaN,NaN
NaN,NaN,NaN,NaN,NaN,NaN
NaN,NaN,NaN,NaN,NaN,NaN
NaN,NaN,NaN,NaN,NaN,NaN
NaN,NaN,NaN,NaN,NaN,NaN
NaN,NaN,NaN,NaN,NaN,NaN
NaN,NaN,NaN,NaN,NaN,NaN
NaN,NaN,NaN,NaN,NaN,NaN
NaN,NaN,NaN,NaN,NaN,NaN
NaN,NaN,NaN,NaN,NaN,NaN
NaN,NaN,NaN,NaN,NaN,NaN
NaN,NaN,NaN,NaN,NaN,NaN
NaN,NaN,NaN,NaN,NaN,NaN
NaN,NaN,NaN,NaN,NaN,NaN
NaN,NaN,NaN,NaN,NaN,NaN
NaN,NaN,NaN,NaN,NaN,NaN
NaN,NaN,NaN,NaN,NaN,NaN
NaN,NaN,NaN,NaN,NaN,NaN
NaN,NaN,NaN,NaN,NaN,NaN
NaN,NaN,NaN,NaN,NaN,NaN
NaN,NaN,NaN,NaN,NaN,NaN
NaN,NaN,NaN,NaN,NaN,NaN
