pt1_cam1_X,pt1_cam1_Y,pt2_cam1_X,pt2_cam1_Y,pt3_cam1_X,pt3_cam1_Y
NaN,NaN,915.860160,246.537715,NaN,NaN
NaN,NaN,916.000000,246.990000,NaN,NaN
NaN,NaN,916.000000,247.000000,NaN,NaN
NaN,NaN,916.020000,246.990000,NaN,NaN
NaN,NaN,916.000000,247.000000,NaN,NaN
NaN,NaN,916.000000,246.990000,NaN,NaN
NaN,NaN,915.990000,246.990000,NaN,NaN
NaN,NaN,915.990000,246.990000,NaN,NaN
NaN,NaN,915.980000,247.000000,NaN,NaN
NaN,NaN,915.990000,246.990000,NaN,NaN
NaN,NaN,915.980000,246.990000,NaN,NaN
NaN,NaN,915.990000,246.980000,NaN,NaN
NaN,NaN,915.970000,246.980000,NaN,NaN
NaN,NaN,915.960000,246.970000,NaN,NaN
NaN,NaN,915.960000,246.960000,NaN,NaN
NaN,NaN,915.970000,246.960000,NaN,NaN
NaN,NaN,915.970000,246.960000,NaN,NaN
NaN,NaN,915.970000,246.950000,NaN,NaN
NaN,NaN,915.980000,246.950000,NaN,NaN
NaN,NaN,915.970000,246.960000,NaN,NaN
NaN,NaN,915.960000,246.950000,NaN,NaN
NaN,NaN,915.940000,246.940000,NaN,NaN
NaN,NaN,915.940000,246.940000,NaN,NaN
NaN,NaN,915.940000,246.940000,NaN,NaN
NaN,NaN,915.940000,246.930000,NaN,NaN
NaN,NaN,915.940000,246.920000,NaN,NaN
NaN,NaN,915.930000,246.920000,NaN,NaN
NaN,NaN,915.920000,246.910000,NaN,NaN
NaN,NaN,915.920000,246.920000,NaN,NaN
NaN,NaN,915.920000,246.910000,NaN,NaN
NaN,NaN,915.940000,246.920000,NaN,NaN
NaN,NaN,915.930000,246.910000,NaN,NaN
NaN,NaN,915.910000,246.920000,NaN,NaN
NaN,NaN,915.910000,246.920000,NaN,NaN
NaN,NaN,915.910000,246.930000,NaN,NaN
NaN,NaN,915.910000,246.920000,NaN,NaN
NaN,NaN,915.910000,246.910000,NaN,NaN
NaN,NaN,915.910000,246.900000,NaN,NaN
NaN,NaN,915.910000,246.890000,NaN,NaN
NaN,NaN,915.910000,246.890000,NaN,NaN
NaN,NaN,915.910000,246.900000,NaN,NaN
NaN,NaN,915.900000,246.890000,NaN,NaN
NaN,NaN,915.890000,246.890000,NaN,NaN
NaN,NaN,915.880000,246.880000,NaN,NaN
NaN,NaN,915.870000,246.880000,NaN,NaN
NaN,NaN,915.890000,246.870000,NaN,NaN
NaN,NaN,915.880000,246.850000,NaN,NaN
NaN,NaN,915.880000,246.860000,NaN,NaN
NaN,NaN,915.870000,246.860000,NaN,NaN
NaN,NaN,915.870000,246.850000,NaN,NaN
NaN,NaN,915.860000,246.860000,NaN,NaN
NaN,NaN,915.850000,246.860000,NaN,NaN
NaN,NaN,915.850000,246.850000,NaN,NaN
NaN,NaN,915.850000,246.840000,NaN,NaN
NaN,NaN,915.840000,246.840000,NaN,NaN
NaN,NaN,915.840000,246.830000,NaN,NaN
NaN,NaN,915.840000,246.840000,NaN,NaN
NaN,NaN,915.830000,246.840000,NaN,NaN
NaN,NaN,915.830000,246.850000,NaN,NaN
NaN,NaN,915.830000,246.830000,NaN,NaN
NaN,NaN,915.800000,246.840000,NaN,NaN
NaN,NaN,915.810000,246.830000,NaN,NaN
NaN,NaN,915.790000,246.820000,NaN,NaN
NaN,NaN,915.780000,246.820000,NaN,NaN
NaN,NaN,915.780000,246.810000,NaN,NaN
NaN,NaN,915.780000,246.810000,NaN,NaN
NaN,NaN,915.790000,246.810000,NaN,NaN
NaN,NaN,915.790000,246.810000,NaN,NaN
NaN,NaN,915.790000,246.810000,NaN,NaN
NaN,NaN,915.780000,246.810000,NaN,NaN
NaN,NaN,915.780000,246.790000,NaN,NaN
NaN,NaN,915.780000,246.780000,NaN,NaN
NaN,NaN,915.770000,246.770000,NaN,NaN
NaN,NaN,915.760000,246.780000,NaN,NaN
NaN,NaN,915.760000,246.780000,NaN,NaN
NaN,NaN,915.750000,246.810000,NaN,NaN
NaN,NaN,915.750000,246.800000,NaN,NaN
NaN,NaN,915.750000,246.780000,NaN,NaN
NaN,NaN,915.750000,246.790000,NaN,NaN
NaN,NaN,915.750000,246.790000,NaN,NaN
NaN,NaN,915.750000,246.790000,NaN,NaN
NaN,NaN,915.740000,246.780000,NaN,NaN
NaN,NaN,915.740000,246.790000,NaN,NaN
NaN,NaN,915.730000,246.790000,NaN,NaN
NaN,NaN,915.730000,246.780000,NaN,NaN
NaN,NaN,915.740000,246.770000,NaN,NaN
NaN,NaN,915.730000,246.770000,NaN,NaN
NaN,NaN,915.720000,246.750000,NaN,NaN
NaN,NaN,915.730000,246.750000,NaN,NaN
NaN,NaN,915.710000,246.750000,NaN,NaN
NaN,NaN,915.700000,246.770000,NaN,NaN
NaN,NaN,915.700000,246.760000,NaN,NaN
NaN,NaN,915.680000,246.760000,NaN,NaN
NaN,NaN,915.650000,246.760000,NaN,NaN
NaN,NaN,915.670000,246.750000,NaN,NaN
NaN,NaN,915.660000,246.750000,NaN,NaN
NaN,NaN,915.640000,246.740000,NaN,NaN
NaN,NaN,915.640000,246.750000,NaN,NaN
NaN,NaN,915.630000,246.750000,NaN,NaN
NaN,NaN,915.640000,246.740000,NaN,NaN
NaN,NaN,915.650000,246.730000,NaN,NaN
NaN,NaN,915.620000,246.740000,NaN,NaN
NaN,NaN,915.630000,246.730000,NaN,NaN
NaN,NaN,915.620000,246.720000,NaN,NaN
NaN,NaN,915.620000,246.720000,NaN,NaN
NaN,NaN,915.620000,246.710000,NaN,NaN
NaN,NaN,915.620000,246.710000,NaN,NaN
NaN,NaN,915.620000,246.690000,NaN,NaN
NaN,NaN,915.610000,246.680000,NaN,NaN
NaN,NaN,915.600000,246.690000,NaN,NaN
NaN,NaN,915.590000,246.690000,NaN,NaN
NaN,NaN,915.580000,246.700000,NaN,NaN
NaN,NaN,915.590000,246.690000,NaN,NaN
NaN,NaN,915.560000,246.700000,NaN,NaN
NaN,NaN,915.560000,246.710000,NaN,NaN
NaN,NaN,915.570000,246.690000,NaN,NaN
NaN,NaN,915.550000,246.690000,NaN,NaN
NaN,NaN,915.560000,246.690000,NaN,NaN
NaN,NaN,915.550000,246.680000,NaN,NaN
NaN,NaN,915.520000,246.670000,NaN,NaN
NaN,NaN,915.110000,246.780000,NaN,NaN
NaN,NaN,915.100000,246.790000,NaN,NaN
NaN,NaN,915.090000,246.800000,NaN,NaN
NaN,NaN,915.090000,246.790000,NaN,NaN
NaN,NaN,915.090000,246.780000,NaN,NaN
NaN,NaN,915.080000,246.770000,NaN,NaN
NaN,NaN,915.090000,246.770000,NaN,NaN
NaN,NaN,915.080000,246.770000,NaN,NaN
NaN,NaN,915.070000,246.760000,NaN,NaN
NaN,NaN,915.070000,246.780000,NaN,NaN
NaN,NaN,915.070000,246.760000,NaN,NaN
NaN,NaN,915.060000,246.760000,NaN,NaN
NaN,NaN,915.060000,246.760000,NaN,NaN
NaN,NaN,915.060000,246.760000,NaN,NaN
NaN,NaN,915.060000,246.760000,NaN,NaN
NaN,NaN,915.040000,246.750000,NaN,NaN
NaN,NaN,915.040000,246.750000,NaN,NaN
NaN,NaN,915.040000,246.750000,NaN,NaN
NaN,NaN,915.030000,246.740000,NaN,NaN
NaN,NaN,915.030000,246.740000,NaN,NaN
NaN,NaN,915.030000,246.740000,NaN,NaN
NaN,NaN,915.030000,246.730000,NaN,NaN
NaN,NaN,915.030000,246.740000,NaN,NaN
NaN,NaN,915.020000,246.740000,NaN,NaN
NaN,NaN,915.010000,246.730000,NaN,NaN
NaN,NaN,915.010000,246.720000,NaN,NaN
NaN,NaN,915.000000,246.720000,NaN,NaN
NaN,NaN,915.000000,246.700000,NaN,NaN
NaN,NaN,914.990000,246.710000,NaN,NaN
NaN,NaN,915.000000,246.700000,NaN,NaN
NaN,NaN,914.980000,246.700000,NaN,NaN
NaN,NaN,914.980000,246.720000,NaN,NaN
NaN,NaN,914.980000,246.710000,NaN,NaN
NaN,NaN,914.970000,246.710000,NaN,NaN
NaN,NaN,914.970000,246.690000,NaN,NaN
NaN,NaN,914.960000,246.690000,NaN,NaN
NaN,NaN,914.970000,246.690000,NaN,NaN
NaN,NaN,914.960000,246.690000,NaN,NaN
NaN,NaN,914.950000,246.700000,NaN,NaN
NaN,NaN,914.960000,246.690000,NaN,NaN
NaN,NaN,914.960000,246.690000,NaN,NaN
NaN,NaN,914.940000,246.670000,NaN,NaN
NaN,NaN,914.950000,246.680000,NaN,NaN
NaN,NaN,914.950000,246.680000,NaN,NaN
NaN,NaN,914.940000,246.670000,NaN,NaN
NaN,NaN,914.930000,246.680000,NaN,NaN
NaN,NaN,914.910000,246.690000,NaN,NaN
NaN,NaN,914.930000,246.660000,NaN,NaN
NaN,NaN,914.920000,246.670000,NaN,NaN
NaN,NaN,914.930000,246.660000,NaN,NaN
NaN,NaN,914.910000,246.650000,NaN,NaN
NaN,NaN,914.900000,246.640000,NaN,NaN
NaN,NaN,914.910000,246.630000,NaN,NaN
NaN,NaN,914.900000,246.640000,NaN,NaN
NaN,NaN,914.890000,246.650000,NaN,NaN
NaN,NaN,914.890000,246.630000,NaN,NaN
NaN,NaN,914.890000,246.630000,NaN,NaN
NaN,NaN,914.880000,246.630000,NaN,NaN
NaN,NaN,914.880000,246.630000,NaN,NaN
NaN,NaN,914.880000,246.600000,NaN,NaN
NaN,NaN,914.850000,246.620000,NaN,NaN
NaN,NaN,914.850000,246.630000,NaN,NaN
NaN,NaN,914.840000,246.620000,NaN,NaN
NaN,NaN,914.840000,246.620000,NaN,NaN
NaN,NaN,914.820000,246.640000,NaN,NaN
NaN,NaN,914.820000,246.630000,NaN,NaN
NaN,NaN,914.810000,246.620000,NaN,NaN
NaN,NaN,914.820000,246.620000,NaN,NaN
NaN,NaN,914.810000,246.600000,NaN,NaN
NaN,NaN,914.800000,246.600000,NaN,NaN
NaN,NaN,914.800000,246.610000,NaN,NaN
NaN,NaN,914.800000,246.590000,NaN,NaN
NaN,NaN,914.790000,246.620000,NaN,NaN
NaN,NaN,914.780000,246.600000,NaN,NaN
NaN,NaN,914.780000,246.590000,NaN,NaN
NaN,NaN,914.770000,246.600000,NaN,NaN
NaN,NaN,914.770000,246.580000,NaN,NaN
NaN,NaN,914.770000,246.560000,NaN,NaN
NaN,NaN,914.770000,246.570000,NaN,NaN
NaN,NaN,914.760000,246.590000,NaN,NaN
NaN,NaN,914.760000,246.560000,NaN,NaN
NaN,NaN,914.760000,246.560000,NaN,NaN
NaN,NaN,914.750000,246.540000,NaN,NaN
NaN,NaN,914.760000,246.530000,NaN,NaN
NaN,NaN,914.770000,246.550000,NaN,NaN
NaN,NaN,914.740000,246.560000,NaN,NaN
NaN,NaN,914.740000,246.540000,NaN,NaN
NaN,NaN,914.740000,246.540000,NaN,NaN
NaN,NaN,914.740000,246.500000,NaN,NaN
NaN,NaN,914.840000,246.150000,NaN,NaN
NaN,NaN,914.820000,246.130000,NaN,NaN
NaN,NaN,914.810000,246.140000,NaN,NaN
NaN,NaN,914.800000,246.140000,NaN,NaN
NaN,NaN,914.800000,246.140000,NaN,NaN
NaN,NaN,914.790000,246.140000,NaN,NaN
NaN,NaN,914.790000,246.140000,NaN,NaN
NaN,NaN,914.790000,246.140000,NaN,NaN
NaN,NaN,914.790000,246.140000,NaN,NaN
NaN,NaN,914.780000,246.130000,NaN,NaN
NaN,NaN,914.760000,246.140000,NaN,NaN
NaN,NaN,914.760000,246.130000,829.383146,221.968735
NaN,NaN,914.760000,246.130000,828.990000,221.990000
NaN,NaN,914.760000,246.130000,828.990000,222.000000
NaN,NaN,914.750000,246.130000,828.990000,221.990000
NaN,NaN,914.730000,246.120000,828.990000,221.990000
NaN,NaN,914.720000,246.120000,828.970000,222.000000
NaN,NaN,914.700000,246.130000,828.970000,222.000000
NaN,NaN,914.720000,246.110000,828.970000,221.990000
NaN,NaN,914.700000,246.110000,828.970000,221.990000
NaN,NaN,914.700000,246.110000,828.970000,221.990000
NaN,NaN,914.700000,246.100000,828.970000,221.990000
NaN,NaN,914.690000,246.100000,828.950000,221.980000
NaN,NaN,914.700000,246.100000,828.950000,221.990000
NaN,NaN,914.690000,246.090000,828.940000,221.980000
NaN,NaN,914.670000,246.110000,828.940000,221.980000
NaN,NaN,914.660000,246.100000,828.940000,221.980000
NaN,NaN,914.660000,246.100000,828.940000,221.980000
NaN,NaN,914.660000,246.090000,828.940000,221.970000
NaN,NaN,914.650000,246.080000,828.920000,221.970000
NaN,NaN,914.650000,246.080000,828.920000,221.960000
NaN,NaN,914.660000,246.060000,828.910000,221.970000
NaN,NaN,914.670000,246.060000,828.910000,221.970000
NaN,NaN,914.630000,246.070000,828.910000,221.960000
NaN,NaN,914.620000,246.070000,828.910000,221.960000
NaN,NaN,914.610000,246.060000,828.900000,221.960000
NaN,NaN,914.600000,246.060000,828.900000,221.950000
NaN,NaN,914.590000,246.060000,828.900000,221.950000
NaN,NaN,914.590000,246.040000,828.880000,221.950000
NaN,NaN,914.580000,246.040000,828.890000,221.940000
NaN,NaN,914.570000,246.040000,828.890000,221.940000
NaN,NaN,914.560000,246.030000,828.890000,221.940000
NaN,NaN,914.550000,246.030000,828.880000,221.940000
NaN,NaN,914.550000,246.030000,828.870000,221.930000
NaN,NaN,914.540000,246.030000,828.870000,221.940000
NaN,NaN,914.520000,246.040000,828.850000,221.930000
NaN,NaN,914.480000,246.040000,828.870000,221.930000
NaN,NaN,914.080000,246.140000,828.850000,221.920000
NaN,NaN,914.080000,246.130000,828.860000,221.920000
NaN,NaN,914.070000,246.110000,828.850000,221.920000
NaN,NaN,914.060000,246.130000,828.850000,221.920000
NaN,NaN,914.060000,246.130000,828.820000,221.910000
NaN,NaN,914.050000,246.130000,828.810000,221.910000
NaN,NaN,914.050000,246.130000,828.820000,221.910000
NaN,NaN,914.050000,246.120000,828.820000,221.910000
NaN,NaN,914.040000,246.110000,828.810000,221.910000
NaN,NaN,914.030000,246.110000,828.800000,221.910000
NaN,NaN,914.040000,246.100000,828.790000,221.910000
NaN,NaN,914.030000,246.110000,828.790000,221.910000
NaN,NaN,914.020000,246.100000,828.780000,221.910000
NaN,NaN,914.020000,246.100000,828.780000,221.900000
NaN,NaN,914.010000,246.090000,828.770000,221.880000
NaN,NaN,914.010000,246.090000,828.780000,221.870000
NaN,NaN,914.000000,246.090000,828.770000,221.880000
NaN,NaN,914.000000,246.080000,828.770000,221.880000
NaN,NaN,914.000000,246.070000,828.770000,221.870000
NaN,NaN,914.000000,246.070000,828.760000,221.870000
NaN,NaN,914.000000,246.060000,828.760000,221.870000
NaN,NaN,913.990000,246.060000,828.750000,221.870000
NaN,NaN,913.990000,246.060000,828.750000,221.860000
NaN,NaN,913.980000,246.060000,828.740000,221.860000
NaN,NaN,913.970000,246.060000,828.730000,221.860000
NaN,NaN,913.950000,246.050000,828.730000,221.850000
NaN,NaN,913.950000,246.040000,828.730000,221.850000
NaN,NaN,913.940000,246.040000,828.710000,221.840000
NaN,NaN,913.930000,246.040000,828.720000,221.840000
NaN,NaN,913.940000,246.020000,828.690000,221.840000
NaN,NaN,913.930000,246.020000,828.700000,221.840000
NaN,NaN,913.930000,246.010000,828.700000,221.840000
NaN,NaN,913.930000,246.030000,828.690000,221.840000
NaN,NaN,913.910000,246.020000,828.690000,221.840000
NaN,NaN,913.920000,246.010000,828.690000,221.830000
NaN,NaN,913.890000,246.020000,828.680000,221.820000
NaN,NaN,913.890000,246.010000,828.670000,221.820000
NaN,NaN,913.890000,246.010000,828.660000,221.830000
NaN,NaN,913.880000,246.010000,828.660000,221.810000
NaN,NaN,913.880000,245.990000,828.650000,221.810000
NaN,NaN,913.880000,245.990000,828.650000,221.810000
NaN,NaN,913.880000,245.990000,828.640000,221.810000
NaN,NaN,913.860000,245.980000,828.640000,221.810000
NaN,NaN,913.860000,245.980000,828.640000,221.790000
NaN,NaN,913.860000,246.000000,828.620000,221.780000
NaN,NaN,913.820000,245.990000,828.610000,221.780000
NaN,NaN,913.820000,245.980000,828.620000,221.770000
NaN,NaN,913.810000,245.990000,828.610000,221.770000
NaN,NaN,913.820000,245.980000,828.600000,221.770000
NaN,NaN,913.810000,245.980000,828.600000,221.770000
NaN,NaN,913.820000,245.980000,828.600000,221.760000
NaN,NaN,913.810000,245.970000,828.590000,221.760000
NaN,NaN,913.790000,245.970000,828.590000,221.750000
NaN,NaN,913.800000,245.970000,828.600000,221.740000
NaN,NaN,913.790000,245.970000,828.580000,221.740000
NaN,NaN,913.770000,245.960000,828.570000,221.740000
NaN,NaN,913.770000,245.960000,828.580000,221.740000
NaN,NaN,913.750000,245.960000,828.570000,221.730000
NaN,NaN,913.760000,245.960000,828.570000,221.730000
NaN,NaN,913.770000,245.910000,828.510000,221.700000
NaN,NaN,913.720000,245.920000,828.350000,221.690000
NaN,NaN,913.710000,245.930000,828.340000,221.680000
NaN,NaN,913.740000,245.920000,828.340000,221.680000
NaN,NaN,913.740000,245.920000,828.350000,221.680000
NaN,NaN,913.720000,245.920000,828.350000,221.680000
NaN,NaN,913.720000,245.910000,828.340000,221.670000
NaN,NaN,913.730000,245.910000,828.320000,221.660000
NaN,NaN,913.710000,245.920000,828.330000,221.660000
NaN,NaN,913.700000,245.910000,828.320000,221.650000
NaN,NaN,913.690000,245.910000,828.320000,221.660000
NaN,NaN,913.670000,245.910000,828.310000,221.640000
NaN,NaN,913.670000,245.900000,828.300000,221.650000
NaN,NaN,913.650000,245.900000,828.290000,221.640000
NaN,NaN,913.640000,245.910000,828.280000,221.630000
NaN,NaN,913.610000,245.900000,828.260000,221.610000
NaN,NaN,913.610000,245.890000,828.270000,221.620000
NaN,NaN,913.620000,245.880000,828.270000,221.610000
NaN,NaN,913.620000,245.880000,828.270000,221.600000
NaN,NaN,913.620000,245.870000,828.270000,221.590000
NaN,NaN,913.610000,245.870000,828.260000,221.590000
NaN,NaN,913.600000,245.880000,828.250000,221.590000
NaN,NaN,913.580000,245.870000,828.250000,221.580000
NaN,NaN,913.540000,245.880000,828.250000,221.560000
NaN,NaN,913.540000,245.870000,828.240000,221.560000
NaN,NaN,913.520000,245.880000,828.220000,221.550000
NaN,NaN,913.520000,245.860000,828.240000,221.550000
NaN,NaN,913.520000,245.870000,828.210000,221.510000
NaN,NaN,913.510000,245.860000,828.210000,221.470000
NaN,NaN,913.500000,245.860000,828.210000,221.460000
NaN,NaN,913.090000,245.970000,828.190000,221.410000
NaN,NaN,913.090000,245.970000,828.200000,221.420000
NaN,NaN,913.090000,245.950000,828.180000,221.420000
NaN,NaN,913.070000,245.950000,828.170000,221.400000
NaN,NaN,913.080000,245.930000,828.170000,221.410000
NaN,NaN,913.070000,245.940000,828.170000,221.390000
NaN,NaN,913.080000,245.930000,828.160000,221.380000
NaN,NaN,913.090000,245.920000,828.170000,221.380000
NaN,NaN,913.070000,245.920000,828.160000,221.380000
NaN,NaN,913.050000,245.920000,828.160000,221.370000
NaN,NaN,913.050000,245.900000,828.160000,221.370000
NaN,NaN,913.050000,245.900000,828.140000,221.350000
NaN,NaN,913.050000,245.900000,828.140000,221.350000
NaN,NaN,913.050000,245.890000,828.140000,221.340000
NaN,NaN,913.040000,245.880000,828.140000,221.340000
NaN,NaN,913.050000,245.910000,828.110000,221.310000
NaN,NaN,913.030000,245.900000,828.100000,221.310000
NaN,NaN,913.020000,245.900000,828.100000,221.310000
NaN,NaN,913.020000,245.890000,828.110000,221.310000
NaN,NaN,913.020000,245.870000,828.100000,221.300000
NaN,NaN,913.010000,245.880000,828.090000,221.290000
NaN,NaN,913.020000,245.880000,828.080000,221.290000
NaN,NaN,913.010000,245.870000,828.080000,221.290000
NaN,NaN,913.000000,245.860000,828.080000,221.290000
NaN,NaN,913.000000,245.860000,828.070000,221.280000
NaN,NaN,912.990000,245.850000,828.060000,221.270000
NaN,NaN,912.980000,245.850000,828.040000,221.260000
NaN,NaN,912.980000,245.850000,828.060000,221.250000
NaN,NaN,912.990000,245.850000,828.060000,221.250000
NaN,NaN,912.970000,245.840000,828.050000,221.240000
NaN,NaN,912.960000,245.840000,828.050000,221.210000
NaN,NaN,912.950000,245.830000,828.060000,221.220000
NaN,NaN,912.940000,245.840000,828.040000,221.220000
NaN,NaN,912.940000,245.850000,828.050000,221.220000
NaN,NaN,912.930000,245.840000,828.040000,221.210000
NaN,NaN,912.940000,245.850000,828.040000,221.210000
NaN,NaN,912.930000,245.830000,828.040000,221.200000
NaN,NaN,912.940000,245.820000,828.040000,221.190000
NaN,NaN,912.940000,245.810000,828.030000,221.180000
NaN,NaN,912.940000,245.790000,828.030000,221.180000
NaN,NaN,912.920000,245.780000,828.020000,221.170000
NaN,NaN,912.910000,245.790000,828.020000,221.170000
NaN,NaN,912.910000,245.770000,828.020000,221.160000
NaN,NaN,912.900000,245.770000,828.010000,221.160000
NaN,NaN,912.890000,245.780000,828.010000,221.150000
NaN,NaN,912.890000,245.770000,827.990000,221.140000
NaN,NaN,912.890000,245.760000,827.990000,221.140000
NaN,NaN,912.890000,245.740000,827.990000,221.140000
NaN,NaN,912.870000,245.740000,827.980000,221.130000
NaN,NaN,912.880000,245.740000,827.990000,221.120000
NaN,NaN,912.860000,245.750000,827.980000,221.120000
NaN,NaN,912.860000,245.740000,827.980000,221.110000
NaN,NaN,912.860000,245.730000,827.980000,221.120000
NaN,NaN,912.860000,245.730000,827.970000,221.110000
NaN,NaN,912.870000,245.710000,827.980000,221.100000
NaN,NaN,912.850000,245.720000,827.960000,221.090000
NaN,NaN,912.850000,245.730000,827.970000,221.100000
NaN,NaN,912.840000,245.730000,827.960000,221.090000
NaN,NaN,912.830000,245.710000,827.960000,221.090000
NaN,NaN,912.830000,245.730000,827.970000,221.090000
NaN,NaN,912.830000,245.730000,827.930000,221.070000
NaN,NaN,912.840000,245.710000,827.930000,221.070000
NaN,NaN,912.820000,245.720000,827.930000,221.070000
NaN,NaN,912.800000,245.710000,827.940000,221.070000
NaN,NaN,912.810000,245.710000,827.930000,221.060000
NaN,NaN,912.810000,245.710000,827.920000,221.060000
NaN,NaN,912.800000,245.710000,827.920000,221.060000
NaN,NaN,912.800000,245.710000,827.920000,221.060000
NaN,NaN,912.790000,245.710000,827.920000,221.060000
NaN,NaN,912.810000,245.690000,827.920000,221.050000
NaN,NaN,912.810000,245.680000,827.910000,221.050000
NaN,NaN,912.790000,245.680000,827.910000,221.040000
NaN,NaN,912.800000,245.670000,827.910000,221.040000
NaN,NaN,912.790000,245.660000,827.900000,221.030000
NaN,NaN,912.780000,245.670000,827.900000,221.030000
NaN,NaN,912.740000,245.680000,827.910000,221.030000
NaN,NaN,912.750000,245.670000,827.890000,221.030000
NaN,NaN,912.760000,245.660000,827.890000,221.020000
NaN,NaN,912.750000,245.650000,827.880000,221.020000
NaN,NaN,912.740000,245.650000,827.880000,221.010000
NaN,NaN,912.720000,245.640000,827.880000,221.020000
NaN,NaN,912.740000,245.620000,827.880000,221.010000
NaN,NaN,912.710000,245.640000,827.880000,221.010000
NaN,NaN,912.730000,245.630000,827.880000,221.000000
NaN,NaN,912.730000,245.590000,827.870000,221.000000
NaN,NaN,912.730000,245.570000,827.860000,220.990000
NaN,NaN,912.730000,245.590000,827.860000,220.990000
NaN,NaN,912.730000,245.580000,827.860000,220.980000
NaN,NaN,912.700000,245.600000,827.860000,220.980000
NaN,NaN,912.720000,245.590000,827.860000,220.980000
NaN,NaN,912.680000,245.610000,827.850000,220.970000
NaN,NaN,912.680000,245.610000,827.850000,220.970000
NaN,NaN,912.680000,245.620000,827.860000,220.960000
NaN,NaN,912.680000,245.620000,827.840000,220.960000
NaN,NaN,912.670000,245.620000,827.850000,220.960000
NaN,NaN,912.670000,245.610000,827.840000,220.960000
NaN,NaN,912.670000,245.590000,827.840000,220.960000
NaN,NaN,912.670000,245.570000,827.840000,220.950000
NaN,NaN,912.670000,245.540000,827.820000,220.950000
NaN,NaN,912.630000,245.580000,827.820000,220.940000
NaN,NaN,912.650000,245.550000,827.820000,220.940000
NaN,NaN,912.630000,245.570000,827.820000,220.940000
NaN,NaN,912.640000,245.530000,827.820000,220.940000
NaN,NaN,912.610000,245.540000,827.810000,220.940000
NaN,NaN,912.640000,245.490000,827.810000,220.940000
NaN,NaN,912.760000,245.140000,827.810000,220.920000
NaN,NaN,912.750000,245.150000,827.800000,220.920000
NaN,NaN,912.750000,245.140000,827.800000,220.910000
NaN,NaN,912.750000,245.140000,827.800000,220.900000
NaN,NaN,912.750000,245.140000,827.790000,220.900000
NaN,NaN,912.730000,245.140000,827.800000,220.910000
NaN,NaN,912.740000,245.140000,827.800000,220.910000
NaN,NaN,912.720000,245.140000,827.800000,220.900000
NaN,NaN,912.710000,245.150000,827.790000,220.890000
NaN,NaN,912.720000,245.140000,827.800000,220.890000
NaN,NaN,912.730000,245.130000,827.800000,220.900000
NaN,NaN,912.710000,245.130000,827.800000,220.890000
NaN,NaN,912.710000,245.130000,827.790000,220.890000
NaN,NaN,912.710000,245.110000,827.790000,220.880000
NaN,NaN,912.710000,245.120000,827.780000,220.880000
NaN,NaN,912.720000,245.120000,827.770000,220.870000
NaN,NaN,912.700000,245.130000,827.780000,220.860000
NaN,NaN,912.700000,245.110000,827.780000,220.860000
NaN,NaN,912.710000,245.090000,827.780000,220.860000
NaN,NaN,912.710000,245.070000,827.780000,220.850000
NaN,NaN,912.690000,245.080000,827.770000,220.860000
NaN,NaN,912.680000,245.110000,827.770000,220.860000
NaN,NaN,912.680000,245.090000,827.770000,220.850000
NaN,NaN,912.670000,245.100000,827.770000,220.850000
NaN,NaN,912.690000,245.080000,827.760000,220.840000
NaN,NaN,912.670000,245.100000,827.760000,220.840000
NaN,NaN,912.660000,245.090000,827.760000,220.830000
NaN,NaN,912.650000,245.090000,827.760000,220.830000
NaN,NaN,912.660000,245.090000,827.770000,220.830000
NaN,NaN,912.660000,245.070000,827.760000,220.820000
NaN,NaN,912.660000,245.090000,827.770000,220.810000
NaN,NaN,912.640000,245.070000,827.750000,220.810000
NaN,NaN,912.650000,245.070000,827.760000,220.810000
NaN,NaN,912.650000,245.060000,827.760000,220.800000
NaN,NaN,912.640000,245.060000,827.780000,220.800000
NaN,NaN,912.650000,245.060000,827.770000,220.800000
NaN,NaN,912.630000,245.050000,827.770000,220.800000
NaN,NaN,912.630000,245.060000,827.750000,220.790000
NaN,NaN,912.620000,245.050000,827.750000,220.790000
NaN,NaN,912.600000,245.050000,827.750000,220.790000
NaN,NaN,912.600000,245.040000,827.740000,220.780000
NaN,NaN,912.600000,245.040000,827.740000,220.790000
NaN,NaN,912.610000,245.030000,827.740000,220.770000
NaN,NaN,912.600000,245.030000,827.740000,220.780000
NaN,NaN,912.590000,245.040000,827.740000,220.770000
NaN,NaN,912.590000,245.040000,827.750000,220.750000
NaN,NaN,912.590000,245.030000,827.730000,220.750000
NaN,NaN,912.590000,245.010000,827.730000,220.740000
NaN,NaN,912.580000,245.020000,827.740000,220.740000
NaN,NaN,912.580000,245.020000,827.740000,220.740000
NaN,NaN,912.570000,245.010000,827.710000,220.730000
NaN,NaN,912.570000,245.020000,827.710000,220.720000
NaN,NaN,912.560000,245.000000,827.720000,220.720000
NaN,NaN,912.540000,245.000000,827.720000,220.710000
NaN,NaN,912.540000,245.010000,827.720000,220.700000
NaN,NaN,912.540000,245.010000,827.710000,220.690000
NaN,NaN,912.530000,245.010000,827.710000,220.690000
NaN,NaN,912.540000,245.000000,827.700000,220.700000
NaN,NaN,912.550000,245.010000,827.700000,220.700000
NaN,NaN,912.530000,245.010000,827.710000,220.700000
NaN,NaN,912.490000,245.000000,827.700000,220.650000
NaN,NaN,912.090000,245.100000,827.670000,220.650000
NaN,NaN,912.100000,245.100000,827.670000,220.660000
NaN,NaN,912.090000,245.090000,827.680000,220.650000
NaN,NaN,912.070000,245.110000,827.670000,220.650000
NaN,NaN,912.080000,245.080000,827.670000,220.640000
NaN,NaN,912.070000,245.090000,827.680000,220.630000
NaN,NaN,912.070000,245.090000,827.680000,220.630000
NaN,NaN,912.080000,245.090000,827.680000,220.630000
NaN,NaN,912.070000,245.080000,827.680000,220.630000
NaN,NaN,912.070000,245.080000,827.680000,220.620000
NaN,NaN,912.060000,245.080000,827.670000,220.610000
NaN,NaN,912.060000,245.070000,827.690000,220.600000
NaN,NaN,912.050000,245.080000,827.690000,220.600000
NaN,NaN,912.040000,245.080000,827.690000,220.600000
NaN,NaN,912.030000,245.070000,827.680000,220.600000
NaN,NaN,912.040000,245.060000,827.680000,220.590000
NaN,NaN,912.030000,245.060000,827.650000,220.580000
NaN,NaN,912.040000,245.060000,827.650000,220.570000
NaN,NaN,912.040000,245.070000,827.660000,220.580000
NaN,NaN,912.040000,245.070000,827.660000,220.570000
NaN,NaN,912.040000,245.070000,827.660000,220.560000
NaN,NaN,912.030000,245.070000,827.670000,220.560000
NaN,NaN,912.020000,245.050000,827.670000,220.570000
NaN,NaN,912.030000,245.060000,827.670000,220.550000
NaN,NaN,912.020000,245.060000,827.660000,220.540000
NaN,NaN,912.010000,245.050000,827.660000,220.550000
NaN,NaN,912.020000,245.040000,827.670000,220.540000
NaN,NaN,912.020000,245.040000,827.670000,220.530000
NaN,NaN,912.010000,245.040000,827.660000,220.530000
NaN,NaN,912.000000,245.050000,827.640000,220.480000
NaN,NaN,912.000000,245.050000,827.640000,220.420000
NaN,NaN,912.000000,245.050000,827.630000,220.420000
NaN,NaN,912.000000,245.040000,827.630000,220.410000
NaN,NaN,912.010000,245.030000,827.620000,220.410000
NaN,NaN,912.010000,245.020000,827.620000,220.410000
NaN,NaN,912.010000,245.020000,827.620000,220.410000
NaN,NaN,911.990000,245.030000,827.610000,220.410000
NaN,NaN,911.980000,245.030000,827.600000,220.400000
NaN,NaN,911.990000,245.020000,827.600000,220.400000
NaN,NaN,911.980000,245.020000,827.600000,220.390000
NaN,NaN,911.970000,245.020000,827.600000,220.380000
NaN,NaN,911.970000,245.010000,827.600000,220.360000
NaN,NaN,911.990000,245.010000,827.570000,220.340000
NaN,NaN,911.970000,245.020000,827.560000,220.340000
NaN,NaN,911.970000,245.000000,827.600000,220.320000
NaN,NaN,911.970000,244.990000,827.590000,220.320000
NaN,NaN,911.960000,244.990000,827.580000,220.320000
NaN,NaN,911.960000,244.990000,827.580000,220.310000
NaN,NaN,911.960000,244.990000,827.580000,220.320000
NaN,NaN,911.940000,244.980000,827.580000,220.310000
NaN,NaN,911.950000,244.970000,827.580000,220.300000
NaN,NaN,911.950000,244.980000,827.540000,220.290000
NaN,NaN,911.950000,244.970000,827.530000,220.290000
NaN,NaN,911.950000,244.990000,827.550000,220.290000
NaN,NaN,911.950000,244.980000,827.550000,220.270000
NaN,NaN,911.940000,244.980000,827.550000,220.270000
NaN,NaN,911.930000,244.970000,827.540000,220.260000
NaN,NaN,911.940000,244.980000,827.540000,220.260000
NaN,NaN,911.940000,244.970000,827.530000,220.260000
NaN,NaN,911.930000,244.970000,827.530000,220.220000
NaN,NaN,911.950000,244.950000,827.530000,220.230000
NaN,NaN,911.940000,244.940000,827.510000,220.230000
NaN,NaN,911.920000,244.960000,827.360000,220.220000
NaN,NaN,911.930000,244.950000,827.370000,220.210000
NaN,NaN,911.930000,244.950000,827.370000,220.210000
NaN,NaN,911.920000,244.940000,827.380000,220.210000
NaN,NaN,911.910000,244.940000,827.370000,220.210000
NaN,NaN,911.910000,244.940000,827.330000,220.200000
NaN,NaN,911.890000,244.950000,827.340000,220.190000
NaN,NaN,911.910000,244.930000,827.330000,220.190000
NaN,NaN,911.920000,244.940000,827.340000,220.190000
NaN,NaN,911.910000,244.950000,827.350000,220.190000
NaN,NaN,911.910000,244.940000,827.350000,220.190000
NaN,NaN,911.910000,244.930000,827.330000,220.180000
NaN,NaN,911.870000,244.940000,827.330000,220.170000
NaN,NaN,911.870000,244.930000,827.320000,220.170000
NaN,NaN,911.890000,244.930000,827.330000,220.170000
NaN,NaN,911.880000,244.930000,827.320000,220.160000
NaN,NaN,911.880000,244.910000,827.310000,220.160000
NaN,NaN,911.860000,244.920000,827.320000,220.170000
NaN,NaN,911.880000,244.920000,827.310000,220.160000
NaN,NaN,911.850000,244.940000,827.310000,220.160000
NaN,NaN,911.850000,244.940000,827.320000,220.160000
NaN,NaN,911.850000,244.930000,827.320000,220.160000
NaN,NaN,911.840000,244.920000,827.290000,220.150000
NaN,NaN,911.870000,244.910000,827.300000,220.160000
NaN,NaN,911.860000,244.910000,827.300000,220.150000
NaN,NaN,911.840000,244.910000,827.300000,220.150000
NaN,NaN,911.850000,244.910000,827.290000,220.150000
NaN,NaN,911.820000,244.920000,827.320000,220.140000
NaN,NaN,911.840000,244.920000,827.310000,220.140000
NaN,NaN,911.830000,244.910000,827.300000,220.140000
NaN,NaN,911.820000,244.910000,827.290000,220.140000
NaN,NaN,911.830000,244.900000,827.300000,220.130000
NaN,NaN,911.830000,244.890000,827.300000,220.130000
NaN,NaN,911.820000,244.900000,827.290000,220.140000
NaN,NaN,911.830000,244.890000,827.300000,220.130000
NaN,NaN,911.820000,244.880000,827.290000,220.120000
NaN,NaN,911.810000,244.880000,827.280000,220.120000
NaN,NaN,911.810000,244.880000,827.270000,220.120000
NaN,NaN,911.810000,244.880000,827.280000,220.120000
NaN,NaN,911.810000,244.880000,827.280000,220.120000
NaN,NaN,911.790000,244.880000,827.280000,220.120000
NaN,NaN,911.800000,244.870000,827.280000,220.120000
NaN,NaN,911.810000,244.900000,827.280000,220.120000
NaN,NaN,911.790000,244.890000,827.280000,220.110000
NaN,NaN,911.790000,244.890000,827.260000,220.100000
NaN,NaN,911.780000,244.880000,827.250000,220.100000
NaN,NaN,911.780000,244.880000,827.270000,220.100000
NaN,NaN,911.790000,244.870000,827.260000,220.090000
NaN,NaN,911.770000,244.870000,827.260000,220.100000
NaN,NaN,911.780000,244.870000,827.270000,220.090000
NaN,NaN,911.790000,244.870000,827.230000,220.080000
NaN,NaN,911.790000,244.860000,827.250000,220.090000
NaN,NaN,911.770000,244.860000,827.250000,220.090000
NaN,NaN,911.780000,244.850000,827.260000,220.090000
NaN,NaN,911.770000,244.860000,827.250000,220.080000
NaN,NaN,911.750000,244.860000,827.260000,220.080000
NaN,NaN,911.780000,244.840000,827.250000,220.090000
NaN,NaN,911.750000,244.850000,827.210000,220.080000
NaN,NaN,911.750000,244.840000,827.220000,220.080000
NaN,NaN,911.740000,244.840000,827.230000,220.080000
NaN,NaN,911.750000,244.850000,827.220000,220.080000
NaN,NaN,911.740000,244.850000,827.220000,220.080000
NaN,NaN,911.740000,244.860000,827.210000,220.080000
NaN,NaN,911.740000,244.840000,827.220000,220.080000
NaN,NaN,911.730000,244.850000,827.220000,220.070000
NaN,NaN,911.740000,244.850000,827.210000,220.070000
NaN,NaN,911.720000,244.840000,827.220000,220.080000
NaN,NaN,911.720000,244.840000,827.210000,220.080000
NaN,NaN,911.720000,244.850000,827.210000,220.090000
NaN,NaN,911.730000,244.850000,827.210000,220.080000
NaN,NaN,911.710000,244.850000,827.210000,220.070000
NaN,NaN,911.710000,244.850000,827.210000,220.070000
NaN,NaN,911.700000,244.860000,827.200000,220.070000
NaN,NaN,911.710000,244.840000,827.190000,220.070000
NaN,NaN,911.700000,244.850000,827.180000,220.070000
NaN,NaN,911.690000,244.850000,827.190000,220.070000
NaN,NaN,911.700000,244.830000,827.200000,220.060000
NaN,NaN,911.690000,244.830000,827.190000,220.060000
NaN,NaN,911.690000,244.830000,827.190000,220.060000
NaN,NaN,911.670000,244.840000,827.190000,220.070000
NaN,NaN,911.680000,244.820000,827.200000,220.070000
NaN,NaN,911.680000,244.830000,827.200000,220.070000
NaN,NaN,911.660000,244.830000,827.200000,220.070000
NaN,NaN,911.680000,244.830000,827.190000,220.070000
NaN,NaN,911.690000,244.830000,827.190000,220.070000
NaN,NaN,911.680000,244.840000,827.190000,220.070000
NaN,NaN,911.680000,244.830000,827.190000,220.070000
NaN,NaN,911.670000,244.840000,827.180000,220.060000
NaN,NaN,911.660000,244.830000,827.170000,220.060000
NaN,NaN,911.670000,244.850000,827.170000,220.060000
NaN,NaN,911.650000,244.850000,827.180000,220.070000
NaN,NaN,911.640000,244.850000,827.190000,220.070000
NaN,NaN,911.650000,244.840000,827.180000,220.070000
NaN,NaN,911.660000,244.830000,827.180000,220.060000
NaN,NaN,911.660000,244.820000,827.180000,220.070000
NaN,NaN,911.660000,244.830000,827.180000,220.070000
NaN,NaN,911.660000,244.820000,827.180000,220.060000
NaN,NaN,911.660000,244.810000,827.180000,220.060000
NaN,NaN,911.630000,244.820000,827.190000,220.070000
NaN,NaN,911.630000,244.820000,827.190000,220.070000
NaN,NaN,911.630000,244.820000,827.180000,220.070000
NaN,NaN,911.630000,244.820000,827.170000,220.070000
NaN,NaN,911.620000,244.830000,827.160000,220.060000
NaN,NaN,911.610000,244.830000,827.160000,220.070000
NaN,NaN,911.580000,244.830000,827.170000,220.070000
NaN,NaN,911.600000,244.830000,827.160000,220.060000
NaN,NaN,911.600000,244.820000,827.150000,220.070000
NaN,NaN,911.610000,244.820000,827.150000,220.060000
NaN,NaN,911.610000,244.810000,827.140000,220.060000
NaN,NaN,911.590000,244.820000,827.130000,220.070000
NaN,NaN,911.610000,244.830000,827.140000,220.070000
NaN,NaN,911.600000,244.820000,827.140000,220.060000
NaN,NaN,911.600000,244.810000,827.140000,220.060000
NaN,NaN,911.610000,244.810000,827.140000,220.060000
NaN,NaN,911.590000,244.810000,827.130000,220.070000
NaN,NaN,911.600000,244.790000,827.140000,220.070000
NaN,NaN,911.590000,244.810000,827.120000,220.070000
NaN,NaN,911.600000,244.820000,827.150000,220.060000
NaN,NaN,911.600000,244.820000,827.150000,220.060000
NaN,NaN,911.590000,244.830000,827.140000,220.060000
NaN,NaN,911.610000,244.820000,827.150000,220.060000
NaN,NaN,911.590000,244.810000,827.150000,220.060000
NaN,NaN,911.600000,244.800000,827.150000,220.070000
NaN,NaN,911.590000,244.810000,827.140000,220.080000
NaN,NaN,911.560000,244.830000,827.140000,220.070000
NaN,NaN,911.580000,244.810000,827.130000,220.070000
NaN,NaN,911.580000,244.840000,827.130000,220.070000
NaN,NaN,911.570000,244.840000,827.130000,220.070000
NaN,NaN,911.560000,244.840000,827.130000,220.070000
NaN,NaN,911.570000,244.840000,827.130000,220.070000
NaN,NaN,911.550000,244.840000,827.120000,220.070000
NaN,NaN,911.540000,244.830000,827.130000,220.080000
NaN,NaN,911.530000,244.810000,827.120000,220.070000
NaN,NaN,911.550000,244.810000,827.130000,220.070000
NaN,NaN,911.540000,244.810000,827.120000,220.060000
NaN,NaN,911.530000,244.820000,827.120000,220.070000
NaN,NaN,911.540000,244.830000,827.130000,220.080000
NaN,NaN,911.520000,244.830000,827.130000,220.080000
NaN,NaN,911.500000,244.840000,827.120000,220.080000
NaN,NaN,911.080000,244.960000,827.130000,220.080000
NaN,NaN,911.080000,244.960000,827.130000,220.080000
NaN,NaN,911.080000,244.960000,827.130000,220.080000
NaN,NaN,911.080000,244.980000,827.130000,220.090000
NaN,NaN,911.080000,244.980000,827.130000,220.090000
NaN,NaN,911.080000,244.970000,827.130000,220.080000
NaN,NaN,911.080000,244.970000,827.130000,220.080000
NaN,NaN,911.080000,244.980000,827.130000,220.080000
NaN,NaN,911.080000,244.960000,827.120000,220.090000
NaN,NaN,911.080000,244.970000,827.120000,220.090000
NaN,NaN,911.080000,244.970000,827.130000,220.090000
NaN,NaN,911.090000,244.970000,827.130000,220.090000
NaN,NaN,911.080000,244.970000,827.140000,220.090000
NaN,NaN,911.080000,244.970000,827.140000,220.100000
NaN,NaN,911.080000,244.980000,827.130000,220.100000
NaN,NaN,911.080000,244.980000,827.110000,220.100000
NaN,NaN,911.080000,244.990000,827.120000,220.100000
NaN,NaN,911.080000,244.990000,827.130000,220.110000
NaN,NaN,911.060000,244.990000,827.120000,220.110000
NaN,NaN,911.060000,245.000000,827.130000,220.110000
NaN,NaN,911.060000,244.990000,827.130000,220.110000
NaN,NaN,911.070000,244.990000,827.130000,220.110000
NaN,NaN,911.060000,245.000000,827.130000,220.120000
NaN,NaN,911.080000,244.990000,827.120000,220.120000
NaN,NaN,911.080000,244.990000,827.120000,220.130000
NaN,NaN,911.060000,244.990000,827.110000,220.130000
NaN,NaN,911.060000,245.000000,827.120000,220.140000
NaN,NaN,911.060000,244.990000,827.120000,220.140000
NaN,NaN,911.070000,244.990000,827.110000,220.130000
NaN,NaN,911.070000,244.990000,827.110000,220.130000
NaN,NaN,911.070000,244.980000,827.110000,220.140000
NaN,NaN,911.060000,244.990000,827.110000,220.140000
NaN,NaN,911.070000,244.980000,827.110000,220.140000
NaN,NaN,911.060000,245.000000,827.120000,220.140000
NaN,NaN,911.060000,245.000000,827.120000,220.140000
NaN,NaN,911.060000,245.000000,827.120000,220.140000
NaN,NaN,911.050000,245.010000,827.120000,220.150000
NaN,NaN,911.040000,245.020000,827.120000,220.140000
NaN,NaN,911.060000,245.000000,827.130000,220.170000
NaN,NaN,911.060000,245.010000,827.120000,220.160000
NaN,NaN,911.060000,245.000000,827.130000,220.160000
NaN,NaN,911.050000,245.010000,827.120000,220.160000
NaN,NaN,911.060000,245.010000,827.120000,220.160000
NaN,NaN,911.060000,245.010000,827.120000,220.160000
NaN,NaN,911.050000,245.010000,827.120000,220.160000
NaN,NaN,911.050000,245.010000,827.120000,220.160000
NaN,NaN,911.050000,245.000000,827.110000,220.170000
NaN,NaN,911.050000,245.010000,827.120000,220.180000
NaN,NaN,911.050000,245.010000,827.110000,220.170000
NaN,NaN,911.040000,245.020000,827.120000,220.180000
NaN,NaN,911.040000,245.030000,827.130000,220.180000
NaN,NaN,911.030000,245.030000,827.140000,220.180000
NaN,NaN,911.030000,245.020000,827.130000,220.180000
NaN,NaN,911.060000,245.010000,827.140000,220.210000
NaN,NaN,911.040000,245.020000,827.130000,220.200000
NaN,NaN,911.040000,245.020000,827.130000,220.210000
NaN,NaN,911.040000,245.020000,827.130000,220.210000
NaN,NaN,911.030000,245.030000,827.130000,220.210000
NaN,NaN,911.020000,245.040000,827.120000,220.210000
NaN,NaN,911.020000,245.040000,827.120000,220.220000
NaN,NaN,911.030000,245.040000,827.120000,220.220000
NaN,NaN,911.040000,245.040000,827.120000,220.230000
NaN,NaN,911.040000,245.050000,827.120000,220.230000
NaN,NaN,911.030000,245.070000,827.110000,220.230000
NaN,NaN,911.030000,245.060000,827.120000,220.240000
NaN,NaN,911.040000,245.050000,827.120000,220.230000
NaN,NaN,911.050000,245.060000,827.120000,220.240000
NaN,NaN,911.030000,245.060000,827.120000,220.250000
NaN,NaN,911.030000,245.080000,827.150000,220.270000
NaN,NaN,911.040000,245.070000,827.140000,220.270000
NaN,NaN,911.030000,245.080000,827.130000,220.270000
NaN,NaN,911.040000,245.080000,827.140000,220.270000
NaN,NaN,911.050000,245.080000,827.130000,220.270000
NaN,NaN,911.050000,245.080000,827.130000,220.280000
NaN,NaN,911.060000,245.080000,827.140000,220.290000
NaN,NaN,911.050000,245.100000,827.140000,220.290000
NaN,NaN,911.040000,245.090000,827.130000,220.300000
NaN,NaN,911.040000,245.090000,827.140000,220.300000
NaN,NaN,911.040000,245.100000,827.130000,220.310000
NaN,NaN,911.040000,245.100000,827.140000,220.320000
NaN,NaN,911.040000,245.110000,827.130000,220.310000
NaN,NaN,911.040000,245.110000,827.130000,220.310000
NaN,NaN,911.040000,245.090000,827.140000,220.320000
NaN,NaN,911.060000,245.100000,827.170000,220.340000
NaN,NaN,911.050000,245.120000,827.170000,220.350000
NaN,NaN,911.040000,245.110000,827.160000,220.350000
NaN,NaN,911.040000,245.110000,827.160000,220.350000
NaN,NaN,911.050000,245.120000,827.170000,220.350000
NaN,NaN,911.050000,245.110000,827.160000,220.350000
NaN,NaN,911.050000,245.130000,827.160000,220.360000
NaN,NaN,911.050000,245.130000,827.170000,220.370000
NaN,NaN,911.050000,245.140000,827.170000,220.390000
NaN,NaN,911.060000,245.130000,827.170000,220.380000
NaN,NaN,911.050000,245.130000,827.180000,220.390000
NaN,NaN,911.050000,245.130000,827.180000,220.390000
NaN,NaN,911.050000,245.120000,827.180000,220.400000
NaN,NaN,911.050000,245.120000,827.180000,220.400000
NaN,NaN,911.060000,245.120000,827.170000,220.410000
NaN,NaN,911.050000,245.180000,827.200000,220.430000
NaN,NaN,911.040000,245.150000,827.200000,220.420000
NaN,NaN,911.050000,245.160000,827.180000,220.430000
NaN,NaN,911.050000,245.150000,827.180000,220.440000
NaN,NaN,911.040000,245.160000,827.180000,220.450000
NaN,NaN,911.040000,245.170000,827.180000,220.440000
NaN,NaN,911.050000,245.160000,827.190000,220.460000
NaN,NaN,911.040000,245.170000,827.180000,220.460000
NaN,NaN,911.050000,245.170000,827.180000,220.480000
NaN,NaN,911.050000,245.160000,827.180000,220.490000
NaN,NaN,911.050000,245.170000,827.190000,220.570000
NaN,NaN,911.040000,245.170000,827.210000,220.570000
NaN,NaN,911.040000,245.180000,827.200000,220.570000
NaN,NaN,911.050000,245.180000,827.210000,220.580000
NaN,NaN,911.040000,245.200000,827.200000,220.580000
NaN,NaN,911.060000,245.190000,827.220000,220.620000
NaN,NaN,911.070000,245.190000,827.210000,220.610000
NaN,NaN,911.060000,245.190000,827.230000,220.610000
NaN,NaN,911.050000,245.210000,827.190000,220.610000
NaN,NaN,911.060000,245.210000,827.200000,220.610000
NaN,NaN,911.060000,245.210000,827.210000,220.620000
NaN,NaN,911.060000,245.210000,827.220000,220.620000
NaN,NaN,911.060000,245.220000,827.230000,220.640000
NaN,NaN,911.050000,245.220000,827.240000,220.640000
NaN,NaN,911.060000,245.210000,827.230000,220.640000
NaN,NaN,911.060000,245.230000,827.240000,220.640000
NaN,NaN,911.050000,245.220000,827.240000,220.650000
NaN,NaN,911.050000,245.230000,827.230000,220.660000
NaN,NaN,911.060000,245.230000,827.230000,220.660000
NaN,NaN,911.060000,245.230000,827.230000,220.680000
NaN,NaN,911.060000,245.270000,827.270000,220.680000
NaN,NaN,911.060000,245.280000,827.270000,220.670000
NaN,NaN,911.050000,245.270000,827.270000,220.680000
NaN,NaN,911.050000,245.280000,827.260000,220.700000
NaN,NaN,911.050000,245.280000,827.260000,220.700000
NaN,NaN,911.060000,245.280000,827.260000,220.710000
NaN,NaN,911.070000,245.280000,827.270000,220.700000
NaN,NaN,911.060000,245.290000,827.270000,220.710000
NaN,NaN,911.060000,245.300000,827.280000,220.710000
NaN,NaN,911.060000,245.300000,827.270000,220.720000
NaN,NaN,911.070000,245.310000,827.270000,220.720000
NaN,NaN,911.080000,245.310000,827.290000,220.730000
NaN,NaN,911.070000,245.320000,827.300000,220.740000
NaN,NaN,911.060000,245.320000,827.290000,220.750000
NaN,NaN,911.070000,245.320000,827.290000,220.750000
NaN,NaN,911.060000,245.340000,827.310000,220.760000
NaN,NaN,911.070000,245.350000,827.310000,220.760000
NaN,NaN,911.070000,245.360000,827.280000,220.770000
NaN,NaN,911.060000,245.360000,827.290000,220.770000
NaN,NaN,911.070000,245.360000,827.300000,220.780000
NaN,NaN,911.080000,245.380000,827.290000,220.780000
NaN,NaN,911.070000,245.370000,827.310000,220.780000
NaN,NaN,911.080000,245.380000,827.310000,220.790000
NaN,NaN,911.080000,245.390000,827.330000,220.790000
NaN,NaN,911.070000,245.400000,827.320000,220.790000
NaN,NaN,911.070000,245.400000,827.330000,220.810000
NaN,NaN,911.090000,245.400000,827.330000,220.800000
NaN,NaN,911.090000,245.410000,827.330000,220.800000
NaN,NaN,911.080000,245.400000,827.320000,220.800000
NaN,NaN,911.080000,245.400000,827.330000,220.810000
NaN,NaN,911.080000,245.430000,827.350000,220.830000
NaN,NaN,911.090000,245.420000,827.360000,220.830000
NaN,NaN,911.100000,245.410000,827.370000,220.830000
NaN,NaN,911.090000,245.430000,827.360000,220.840000
NaN,NaN,911.090000,245.430000,827.360000,220.840000
NaN,NaN,911.100000,245.430000,827.360000,220.840000
NaN,NaN,911.090000,245.440000,827.370000,220.850000
NaN,NaN,911.090000,245.430000,827.360000,220.850000
NaN,NaN,911.100000,245.430000,827.370000,220.850000
NaN,NaN,911.110000,245.440000,827.370000,220.850000
NaN,NaN,911.100000,245.460000,827.380000,220.860000
NaN,NaN,911.090000,245.470000,827.370000,220.860000
NaN,NaN,911.090000,245.470000,827.390000,220.870000
NaN,NaN,911.100000,245.480000,827.390000,220.870000
NaN,NaN,911.090000,245.500000,827.390000,220.870000
NaN,NaN,911.020000,245.870000,827.410000,220.880000
NaN,NaN,911.010000,245.850000,827.410000,220.880000
NaN,NaN,911.000000,245.870000,827.400000,220.880000
NaN,NaN,911.000000,245.870000,827.420000,220.890000
NaN,NaN,911.010000,245.870000,827.410000,220.880000
NaN,NaN,911.010000,245.870000,827.420000,220.890000
NaN,NaN,911.020000,245.870000,827.420000,220.890000
NaN,NaN,911.010000,245.880000,827.420000,220.900000
NaN,NaN,911.010000,245.860000,827.420000,220.890000
NaN,NaN,911.010000,245.870000,827.440000,220.890000
NaN,NaN,911.020000,245.880000,827.440000,220.900000
NaN,NaN,911.020000,245.880000,827.430000,220.910000
NaN,NaN,911.020000,245.890000,827.430000,220.910000
NaN,NaN,911.020000,245.900000,827.440000,220.920000
NaN,NaN,911.020000,245.900000,827.450000,220.920000
NaN,NaN,911.020000,245.920000,827.470000,220.930000
NaN,NaN,911.020000,245.920000,827.510000,220.930000
NaN,NaN,911.030000,245.910000,827.650000,220.940000
NaN,NaN,911.020000,245.910000,827.630000,220.950000
NaN,NaN,911.040000,245.910000,827.640000,220.950000
NaN,NaN,911.020000,245.910000,827.640000,220.960000
NaN,NaN,911.020000,245.920000,827.650000,220.960000
NaN,NaN,911.030000,245.930000,827.640000,220.970000
NaN,NaN,911.040000,245.930000,827.640000,220.970000
NaN,NaN,911.040000,245.940000,827.650000,220.970000
NaN,NaN,911.040000,245.950000,827.660000,220.970000
NaN,NaN,911.040000,245.950000,827.660000,220.980000
NaN,NaN,911.040000,245.950000,827.660000,220.980000
NaN,NaN,911.040000,245.950000,827.660000,220.990000
NaN,NaN,911.030000,245.950000,827.660000,220.990000
NaN,NaN,911.050000,245.960000,827.680000,221.000000
NaN,NaN,911.040000,245.970000,827.680000,221.000000
NaN,NaN,911.030000,245.970000,827.680000,221.000000
NaN,NaN,911.030000,245.980000,827.690000,221.010000
NaN,NaN,911.030000,245.970000,827.690000,221.010000
NaN,NaN,911.030000,245.980000,827.700000,221.010000
NaN,NaN,911.030000,245.980000,827.710000,221.020000
NaN,NaN,911.040000,245.980000,827.710000,221.020000
NaN,NaN,911.040000,245.980000,827.710000,221.020000
NaN,NaN,911.050000,246.000000,827.720000,221.020000
NaN,NaN,911.050000,246.000000,827.730000,221.030000
NaN,NaN,911.060000,246.000000,827.720000,221.030000
NaN,NaN,911.050000,246.010000,827.730000,221.030000
NaN,NaN,911.050000,246.010000,827.730000,221.040000
NaN,NaN,911.060000,246.010000,827.740000,221.030000
NaN,NaN,911.060000,246.030000,827.770000,221.040000
NaN,NaN,911.070000,246.020000,827.770000,221.040000
NaN,NaN,911.070000,246.020000,827.760000,221.050000
NaN,NaN,911.070000,246.020000,827.770000,221.050000
NaN,NaN,911.070000,246.020000,827.770000,221.050000
NaN,NaN,911.070000,246.030000,827.760000,221.060000
NaN,NaN,911.090000,246.040000,827.760000,221.070000
NaN,NaN,911.080000,246.040000,827.780000,221.070000
NaN,NaN,911.080000,246.030000,827.780000,221.070000
NaN,NaN,911.070000,246.030000,827.790000,221.070000
NaN,NaN,911.070000,246.030000,827.770000,221.070000
NaN,NaN,911.070000,246.050000,827.770000,221.080000
NaN,NaN,911.080000,246.060000,827.770000,221.080000
NaN,NaN,911.080000,246.060000,827.780000,221.080000
NaN,NaN,911.090000,246.060000,827.780000,221.090000
NaN,NaN,911.070000,246.060000,827.810000,221.100000
NaN,NaN,911.070000,246.080000,827.810000,221.110000
NaN,NaN,911.070000,246.090000,827.810000,221.120000
NaN,NaN,911.090000,246.090000,827.790000,221.120000
NaN,NaN,911.090000,246.090000,827.800000,221.120000
NaN,NaN,911.080000,246.080000,827.800000,221.120000
NaN,NaN,911.090000,246.080000,827.800000,221.120000
NaN,NaN,911.090000,246.090000,827.800000,221.130000
NaN,NaN,911.080000,246.080000,827.810000,221.130000
NaN,NaN,911.080000,246.090000,827.820000,221.130000
NaN,NaN,911.090000,246.080000,827.820000,221.130000
NaN,NaN,911.090000,246.090000,827.820000,221.130000
NaN,NaN,911.090000,246.090000,827.820000,221.130000
NaN,NaN,911.100000,246.100000,827.830000,221.140000
NaN,NaN,911.100000,246.110000,827.830000,221.150000
NaN,NaN,911.100000,246.100000,827.830000,221.150000
NaN,NaN,911.100000,246.110000,827.840000,221.170000
NaN,NaN,911.090000,246.120000,827.840000,221.160000
NaN,NaN,911.100000,246.110000,827.840000,221.160000
NaN,NaN,911.090000,246.120000,827.850000,221.160000
NaN,NaN,911.100000,246.120000,827.850000,221.170000
NaN,NaN,911.110000,246.120000,827.860000,221.180000
NaN,NaN,911.110000,246.130000,827.870000,221.190000
NaN,NaN,911.100000,246.130000,827.870000,221.200000
NaN,NaN,911.120000,246.120000,827.870000,221.200000
NaN,NaN,911.110000,246.120000,827.870000,221.200000
NaN,NaN,911.090000,246.120000,827.870000,221.200000
NaN,NaN,911.110000,246.140000,827.880000,221.210000
NaN,NaN,911.100000,246.150000,827.880000,221.210000
NaN,NaN,911.110000,246.150000,827.880000,221.210000
NaN,NaN,911.110000,246.170000,827.900000,221.210000
NaN,NaN,911.110000,246.160000,827.900000,221.220000
NaN,NaN,911.110000,246.170000,827.890000,221.220000
NaN,NaN,911.110000,246.170000,827.900000,221.240000
NaN,NaN,911.120000,246.170000,827.890000,221.240000
NaN,NaN,911.120000,246.170000,827.890000,221.240000
NaN,NaN,911.120000,246.180000,827.890000,221.240000
NaN,NaN,911.110000,246.190000,827.900000,221.260000
NaN,NaN,911.120000,246.190000,827.900000,221.270000
NaN,NaN,911.120000,246.180000,827.910000,221.270000
NaN,NaN,911.120000,246.200000,827.900000,221.260000
NaN,NaN,911.120000,246.200000,827.910000,221.280000
NaN,NaN,911.110000,246.210000,827.910000,221.270000
NaN,NaN,911.120000,246.210000,827.920000,221.280000
NaN,NaN,911.120000,246.210000,827.920000,221.280000
NaN,NaN,911.130000,246.200000,827.940000,221.310000
NaN,NaN,911.130000,246.220000,827.930000,221.310000
NaN,NaN,911.130000,246.230000,827.950000,221.320000
NaN,NaN,911.130000,246.230000,827.950000,221.320000
NaN,NaN,911.130000,246.240000,827.950000,221.320000
NaN,NaN,911.140000,246.240000,827.970000,221.330000
NaN,NaN,911.130000,246.260000,827.960000,221.330000
NaN,NaN,911.150000,246.240000,827.960000,221.340000
NaN,NaN,911.140000,246.240000,827.960000,221.350000
NaN,NaN,911.120000,246.260000,827.960000,221.350000
NaN,NaN,911.140000,246.260000,827.970000,221.360000
NaN,NaN,911.140000,246.270000,827.990000,221.360000
NaN,NaN,911.130000,246.270000,827.980000,221.360000
NaN,NaN,911.140000,246.270000,827.970000,221.360000
NaN,NaN,911.140000,246.280000,827.970000,221.360000
NaN,NaN,911.160000,246.270000,828.000000,221.370000
NaN,NaN,911.150000,246.280000,828.000000,221.380000
NaN,NaN,911.150000,246.270000,827.990000,221.380000
NaN,NaN,911.150000,246.270000,828.000000,221.390000
NaN,NaN,911.150000,246.280000,828.010000,221.390000
NaN,NaN,911.140000,246.270000,828.010000,221.400000
NaN,NaN,911.140000,246.280000,828.010000,221.400000
NaN,NaN,911.140000,246.280000,828.020000,221.400000
NaN,NaN,911.130000,246.300000,828.020000,221.410000
NaN,NaN,911.150000,246.300000,828.010000,221.410000
NaN,NaN,911.150000,246.310000,828.010000,221.410000
NaN,NaN,911.150000,246.300000,828.010000,221.410000
NaN,NaN,911.140000,246.320000,828.010000,221.420000
NaN,NaN,911.130000,246.320000,828.010000,221.430000
NaN,NaN,911.140000,246.310000,828.010000,221.430000
NaN,NaN,911.170000,246.330000,828.030000,221.440000
NaN,NaN,911.160000,246.320000,828.030000,221.450000
NaN,NaN,911.160000,246.330000,828.020000,221.440000
NaN,NaN,911.150000,246.350000,828.040000,221.440000
NaN,NaN,911.160000,246.340000,828.030000,221.440000
NaN,NaN,911.150000,246.350000,828.030000,221.440000
NaN,NaN,911.150000,246.340000,828.040000,221.440000
NaN,NaN,911.160000,246.330000,828.040000,221.450000
NaN,NaN,911.150000,246.340000,828.040000,221.450000
NaN,NaN,911.170000,246.330000,828.040000,221.460000
NaN,NaN,911.160000,246.340000,828.040000,221.460000
NaN,NaN,911.150000,246.350000,828.050000,221.470000
NaN,NaN,911.150000,246.360000,828.050000,221.460000
NaN,NaN,911.150000,246.380000,828.070000,221.470000
NaN,NaN,911.150000,246.360000,828.070000,221.470000
NaN,NaN,911.160000,246.340000,828.070000,221.490000
NaN,NaN,911.170000,246.350000,828.080000,221.560000
NaN,NaN,911.160000,246.360000,828.080000,221.570000
NaN,NaN,911.170000,246.370000,828.090000,221.580000
NaN,NaN,911.150000,246.360000,828.090000,221.580000
NaN,NaN,911.160000,246.380000,828.090000,221.580000
NaN,NaN,911.170000,246.380000,828.090000,221.600000
NaN,NaN,911.170000,246.400000,828.100000,221.610000
NaN,NaN,911.170000,246.390000,828.110000,221.600000
NaN,NaN,911.160000,246.390000,828.110000,221.600000
NaN,NaN,911.170000,246.390000,828.100000,221.620000
NaN,NaN,911.160000,246.400000,828.110000,221.630000
NaN,NaN,911.160000,246.410000,828.110000,221.630000
NaN,NaN,911.160000,246.390000,828.110000,221.630000
NaN,NaN,911.170000,246.400000,828.100000,221.630000
NaN,NaN,911.170000,246.390000,828.110000,221.630000
NaN,NaN,911.160000,246.410000,828.130000,221.640000
NaN,NaN,911.160000,246.390000,828.130000,221.650000
NaN,NaN,911.170000,246.400000,828.120000,221.640000
NaN,NaN,911.170000,246.430000,828.120000,221.650000
NaN,NaN,911.170000,246.420000,828.130000,221.640000
NaN,NaN,911.170000,246.430000,828.140000,221.640000
NaN,NaN,911.160000,246.430000,828.140000,221.650000
NaN,NaN,911.160000,246.440000,828.130000,221.650000
NaN,NaN,911.170000,246.440000,828.130000,221.660000
NaN,NaN,911.170000,246.460000,828.130000,221.650000
NaN,NaN,911.170000,246.440000,828.130000,221.650000
NaN,NaN,911.170000,246.430000,828.140000,221.660000
NaN,NaN,911.170000,246.450000,828.140000,221.660000
NaN,NaN,911.170000,246.430000,828.140000,221.660000
NaN,NaN,911.180000,246.430000,828.150000,221.660000
NaN,NaN,911.170000,246.430000,828.150000,221.670000
NaN,NaN,911.190000,246.450000,828.150000,221.680000
NaN,NaN,911.190000,246.460000,828.150000,221.680000
NaN,NaN,911.200000,246.450000,828.160000,221.680000
NaN,NaN,911.200000,246.450000,828.160000,221.680000
NaN,NaN,911.200000,246.450000,828.160000,221.690000
NaN,NaN,911.200000,246.450000,828.160000,221.690000
NaN,NaN,911.200000,246.460000,828.160000,221.690000
NaN,NaN,911.190000,246.460000,828.170000,221.690000
NaN,NaN,911.190000,246.460000,828.170000,221.690000
NaN,NaN,911.180000,246.470000,828.170000,221.690000
NaN,NaN,911.180000,246.470000,828.160000,221.690000
NaN,NaN,911.190000,246.460000,828.160000,221.690000
NaN,NaN,911.190000,246.470000,828.160000,221.690000
NaN,NaN,911.170000,246.460000,828.180000,221.690000
NaN,NaN,911.160000,246.430000,828.170000,221.690000
NaN,NaN,911.160000,246.470000,828.180000,221.690000
NaN,NaN,911.160000,246.470000,828.190000,221.690000
NaN,NaN,911.170000,246.470000,828.180000,221.700000
NaN,NaN,911.170000,246.460000,828.180000,221.690000
NaN,NaN,911.170000,246.480000,828.190000,221.700000
NaN,NaN,911.160000,246.480000,828.180000,221.700000
NaN,NaN,911.160000,246.490000,828.190000,221.700000
NaN,NaN,911.170000,246.480000,828.200000,221.700000
NaN,NaN,911.160000,246.500000,828.190000,221.710000
NaN,NaN,911.080000,246.850000,828.200000,221.700000
NaN,NaN,911.060000,246.860000,828.210000,221.700000
NaN,NaN,911.070000,246.870000,828.210000,221.700000
NaN,NaN,911.070000,246.870000,828.200000,221.700000
NaN,NaN,911.060000,246.870000,828.220000,221.720000
NaN,NaN,911.070000,246.860000,828.210000,221.720000
NaN,NaN,911.070000,246.860000,828.220000,221.720000
NaN,NaN,911.070000,246.870000,828.220000,221.720000
NaN,NaN,911.080000,246.850000,828.230000,221.720000
NaN,NaN,911.090000,246.850000,828.230000,221.710000
NaN,NaN,911.080000,246.880000,828.240000,221.720000
NaN,NaN,911.080000,246.860000,828.230000,221.730000
NaN,NaN,911.080000,246.860000,828.230000,221.730000
NaN,NaN,911.070000,246.860000,828.230000,221.730000
NaN,NaN,911.080000,246.860000,828.230000,221.730000
NaN,NaN,911.080000,246.840000,828.240000,221.730000
NaN,NaN,911.090000,246.850000,828.250000,221.740000
NaN,NaN,911.090000,246.860000,828.250000,221.740000
NaN,NaN,911.080000,246.860000,828.260000,221.750000
NaN,NaN,911.090000,246.850000,828.240000,221.730000
NaN,NaN,911.090000,246.850000,828.250000,221.730000
NaN,NaN,911.090000,246.860000,828.260000,221.740000
NaN,NaN,911.100000,246.870000,828.270000,221.740000
NaN,NaN,911.090000,246.870000,828.260000,221.750000
NaN,NaN,911.100000,246.880000,828.260000,221.750000
NaN,NaN,911.100000,246.860000,828.260000,221.750000
NaN,NaN,911.100000,246.870000,828.270000,221.740000
NaN,NaN,911.100000,246.860000,828.270000,221.740000
NaN,NaN,911.090000,246.870000,828.290000,221.750000
NaN,NaN,911.080000,246.880000,828.280000,221.750000
NaN,NaN,911.090000,246.880000,828.280000,221.740000
NaN,NaN,911.080000,246.880000,828.280000,221.740000
NaN,NaN,911.090000,246.880000,828.290000,221.740000
NaN,NaN,911.080000,246.880000,828.280000,221.750000
NaN,NaN,911.060000,246.890000,828.290000,221.770000
NaN,NaN,911.070000,246.870000,828.290000,221.770000
NaN,NaN,911.070000,246.870000,828.290000,221.760000
NaN,NaN,911.070000,246.880000,828.290000,221.760000
NaN,NaN,911.070000,246.890000,828.290000,221.760000
NaN,NaN,911.070000,246.890000,828.300000,221.760000
NaN,NaN,911.070000,246.870000,828.290000,221.770000
NaN,NaN,911.070000,246.870000,828.300000,221.760000
NaN,NaN,911.070000,246.880000,828.300000,221.760000
NaN,NaN,911.070000,246.880000,828.300000,221.760000
NaN,NaN,911.070000,246.890000,828.290000,221.760000
NaN,NaN,911.070000,246.880000,828.300000,221.760000
NaN,NaN,911.070000,246.890000,828.300000,221.770000
NaN,NaN,911.060000,246.910000,828.300000,221.770000
NaN,NaN,911.060000,246.890000,828.310000,221.770000
NaN,NaN,911.060000,246.890000,828.300000,221.760000
NaN,NaN,911.080000,246.900000,828.300000,221.770000
NaN,NaN,911.070000,246.900000,828.310000,221.770000
NaN,NaN,911.060000,246.900000,828.310000,221.770000
NaN,NaN,911.070000,246.890000,828.320000,221.780000
NaN,NaN,911.070000,246.880000,828.310000,221.780000
NaN,NaN,911.050000,246.900000,828.310000,221.770000
NaN,NaN,911.060000,246.890000,828.310000,221.770000
NaN,NaN,911.060000,246.890000,828.310000,221.760000
NaN,NaN,911.070000,246.900000,828.320000,221.770000
NaN,NaN,911.070000,246.900000,828.330000,221.760000
NaN,NaN,911.060000,246.910000,828.330000,221.760000
NaN,NaN,911.060000,246.910000,828.330000,221.760000
NaN,NaN,911.050000,246.910000,828.320000,221.760000
NaN,NaN,911.060000,246.910000,828.310000,221.760000
NaN,NaN,911.060000,246.900000,828.320000,221.750000
NaN,NaN,911.050000,246.900000,828.310000,221.750000
NaN,NaN,911.050000,246.900000,828.330000,221.770000
NaN,NaN,911.050000,246.890000,828.320000,221.760000
NaN,NaN,911.050000,246.880000,828.310000,221.760000
NaN,NaN,911.050000,246.900000,828.320000,221.750000
NaN,NaN,911.060000,246.910000,828.310000,221.770000
NaN,NaN,911.060000,246.890000,828.320000,221.770000
NaN,NaN,911.030000,246.910000,828.330000,221.770000
NaN,NaN,911.040000,246.900000,828.330000,221.760000
NaN,NaN,911.040000,246.900000,828.340000,221.760000
NaN,NaN,911.030000,246.890000,828.330000,221.760000
NaN,NaN,911.030000,246.890000,828.330000,221.760000
NaN,NaN,911.020000,246.900000,828.320000,221.760000
NaN,NaN,911.040000,246.900000,828.320000,221.760000
NaN,NaN,911.050000,246.910000,828.330000,221.760000
NaN,NaN,911.040000,246.890000,828.330000,221.770000
NaN,NaN,911.050000,246.890000,828.330000,221.760000
NaN,NaN,911.040000,246.880000,828.340000,221.760000
NaN,NaN,911.040000,246.880000,828.340000,221.760000
NaN,NaN,911.040000,246.890000,828.320000,221.760000
NaN,NaN,911.040000,246.900000,828.330000,221.770000
NaN,NaN,911.040000,246.900000,828.330000,221.760000
NaN,NaN,911.040000,246.900000,828.340000,221.770000
NaN,NaN,911.040000,246.890000,828.340000,221.760000
NaN,NaN,911.030000,246.900000,828.340000,221.760000
NaN,NaN,911.030000,246.900000,828.340000,221.750000
NaN,NaN,911.020000,246.910000,828.330000,221.750000
NaN,NaN,911.020000,246.910000,828.330000,221.760000
NaN,NaN,911.030000,246.910000,828.330000,221.750000
NaN,NaN,911.020000,246.900000,828.360000,221.750000
NaN,NaN,911.020000,246.890000,828.360000,221.750000
NaN,NaN,911.030000,246.880000,828.340000,221.750000
NaN,NaN,911.020000,246.870000,828.340000,221.750000
NaN,NaN,911.020000,246.880000,828.340000,221.750000
NaN,NaN,911.010000,246.900000,828.330000,221.760000
NaN,NaN,911.020000,246.890000,828.340000,221.750000
NaN,NaN,911.020000,246.880000,828.360000,221.750000
NaN,NaN,911.020000,246.890000,828.360000,221.750000
NaN,NaN,911.020000,246.890000,828.350000,221.740000
NaN,NaN,911.010000,246.890000,828.340000,221.740000
NaN,NaN,911.020000,246.890000,828.350000,221.740000
NaN,NaN,911.010000,246.890000,828.350000,221.740000
NaN,NaN,911.010000,246.880000,828.350000,221.740000
NaN,NaN,911.010000,246.870000,828.330000,221.740000
NaN,NaN,911.000000,246.870000,828.330000,221.740000
NaN,NaN,911.000000,246.870000,828.350000,221.740000
NaN,NaN,911.000000,246.860000,828.340000,221.740000
NaN,NaN,911.000000,246.850000,828.340000,221.740000
NaN,NaN,911.000000,246.840000,828.340000,221.740000
NaN,NaN,910.980000,246.850000,828.340000,221.730000
NaN,NaN,910.990000,246.860000,828.340000,221.730000
NaN,NaN,910.990000,246.850000,828.340000,221.730000
NaN,NaN,910.990000,246.870000,828.340000,221.720000
NaN,NaN,910.990000,246.850000,828.330000,221.730000
NaN,NaN,910.970000,246.860000,828.330000,221.720000
NaN,NaN,910.970000,246.850000,828.330000,221.720000
NaN,NaN,910.970000,246.850000,828.340000,221.730000
NaN,NaN,910.980000,246.860000,828.340000,221.720000
NaN,NaN,910.980000,246.850000,828.340000,221.730000
NaN,NaN,910.960000,246.850000,828.290000,221.700000
NaN,NaN,910.960000,246.860000,828.310000,221.700000
NaN,NaN,910.960000,246.850000,828.320000,221.690000
NaN,NaN,910.950000,246.850000,828.300000,221.690000
NaN,NaN,910.950000,246.850000,828.310000,221.700000
NaN,NaN,910.970000,246.840000,828.300000,221.690000
NaN,NaN,910.950000,246.850000,828.310000,221.700000
NaN,NaN,910.950000,246.840000,828.320000,221.690000
NaN,NaN,910.940000,246.860000,828.320000,221.690000
NaN,NaN,910.950000,246.850000,828.310000,221.690000
NaN,NaN,910.940000,246.850000,828.320000,221.690000
NaN,NaN,910.930000,246.850000,828.320000,221.690000
NaN,NaN,910.930000,246.860000,828.310000,221.690000
NaN,NaN,910.930000,246.850000,828.300000,221.680000
NaN,NaN,910.920000,246.850000,828.310000,221.680000
NaN,NaN,910.900000,246.840000,828.300000,221.680000
NaN,NaN,910.900000,246.830000,828.300000,221.680000
NaN,NaN,910.900000,246.840000,828.290000,221.660000
NaN,NaN,910.900000,246.830000,828.300000,221.660000
NaN,NaN,910.900000,246.830000,828.310000,221.670000
NaN,NaN,910.900000,246.830000,828.300000,221.660000
NaN,NaN,910.890000,246.830000,828.310000,221.660000
NaN,NaN,910.860000,246.850000,828.290000,221.650000
NaN,NaN,910.870000,246.850000,828.290000,221.650000
NaN,NaN,910.860000,246.850000,828.300000,221.650000
NaN,NaN,910.860000,246.840000,828.300000,221.650000
NaN,NaN,910.860000,246.820000,828.300000,221.650000
NaN,NaN,910.870000,246.830000,828.300000,221.640000
NaN,NaN,910.860000,246.820000,828.300000,221.650000
NaN,NaN,910.840000,246.820000,828.310000,221.650000
NaN,NaN,910.850000,246.810000,828.290000,221.610000
NaN,NaN,910.830000,246.820000,828.290000,221.610000
NaN,NaN,910.840000,246.820000,828.270000,221.620000
NaN,NaN,910.830000,246.820000,828.270000,221.610000
NaN,NaN,910.810000,246.820000,828.290000,221.620000
NaN,NaN,910.800000,246.820000,828.290000,221.620000
NaN,NaN,910.800000,246.800000,828.290000,221.610000
NaN,NaN,910.810000,246.810000,828.270000,221.610000
NaN,NaN,910.790000,246.800000,828.270000,221.610000
NaN,NaN,910.780000,246.800000,828.270000,221.600000
NaN,NaN,910.780000,246.810000,828.260000,221.600000
NaN,NaN,910.780000,246.800000,828.270000,221.600000
NaN,NaN,910.760000,246.820000,828.280000,221.580000
NaN,NaN,910.760000,246.810000,828.270000,221.580000
NaN,NaN,910.750000,246.810000,828.280000,221.590000
NaN,NaN,910.760000,246.800000,828.270000,221.560000
NaN,NaN,910.750000,246.790000,828.280000,221.560000
NaN,NaN,910.740000,246.800000,828.260000,221.570000
NaN,NaN,910.740000,246.810000,828.280000,221.590000
NaN,NaN,910.740000,246.810000,828.280000,221.590000
NaN,NaN,910.740000,246.810000,828.260000,221.570000
NaN,NaN,910.730000,246.790000,828.260000,221.570000
NaN,NaN,910.710000,246.790000,828.260000,221.560000
NaN,NaN,910.710000,246.800000,828.260000,221.560000
NaN,NaN,910.710000,246.780000,828.260000,221.560000
NaN,NaN,910.690000,246.790000,828.250000,221.570000
NaN,NaN,910.680000,246.790000,828.250000,221.550000
NaN,NaN,910.660000,246.800000,828.240000,221.550000
NaN,NaN,910.660000,246.790000,828.240000,221.540000
NaN,NaN,910.660000,246.790000,828.240000,221.550000
NaN,NaN,910.670000,246.770000,828.210000,221.480000
NaN,NaN,910.660000,246.780000,828.220000,221.440000
NaN,NaN,910.610000,246.780000,828.210000,221.440000
NaN,NaN,910.600000,246.780000,828.210000,221.430000
NaN,NaN,910.590000,246.780000,828.200000,221.420000
NaN,NaN,910.570000,246.790000,828.200000,221.420000
NaN,NaN,910.570000,246.790000,828.200000,221.410000
NaN,NaN,910.540000,246.790000,828.210000,221.410000
NaN,NaN,910.540000,246.770000,828.200000,221.420000
NaN,NaN,910.540000,246.780000,828.200000,221.400000
NaN,NaN,910.530000,246.770000,828.220000,221.390000
NaN,NaN,910.530000,246.760000,828.210000,221.390000
NaN,NaN,910.510000,246.770000,828.210000,221.380000
NaN,NaN,910.080000,246.890000,828.200000,221.370000
NaN,NaN,910.070000,246.890000,828.200000,221.370000
NaN,NaN,910.040000,246.890000,828.190000,221.390000
NaN,NaN,910.050000,246.880000,828.180000,221.370000
NaN,NaN,910.030000,246.880000,828.180000,221.360000
NaN,NaN,910.040000,246.880000,828.180000,221.360000
NaN,NaN,910.030000,246.880000,828.190000,221.360000
NaN,NaN,910.030000,246.880000,828.180000,221.360000
NaN,NaN,910.030000,246.870000,828.180000,221.350000
NaN,NaN,910.020000,246.870000,828.170000,221.350000
NaN,NaN,910.020000,246.860000,828.170000,221.340000
NaN,NaN,910.010000,246.860000,828.170000,221.340000
NaN,NaN,910.000000,246.860000,828.170000,221.330000
NaN,NaN,909.990000,246.870000,828.170000,221.330000
NaN,NaN,909.990000,246.870000,828.180000,221.320000
NaN,NaN,909.980000,246.850000,828.180000,221.330000
NaN,NaN,909.980000,246.850000,828.170000,221.310000
NaN,NaN,909.960000,246.840000,828.150000,221.280000
NaN,NaN,909.940000,246.830000,828.170000,221.280000
NaN,NaN,909.950000,246.820000,828.170000,221.280000
NaN,NaN,909.950000,246.820000,828.160000,221.280000
NaN,NaN,909.940000,246.830000,828.160000,221.280000
NaN,NaN,909.930000,246.820000,828.160000,221.280000
NaN,NaN,909.920000,246.810000,828.160000,221.270000
NaN,NaN,909.910000,246.830000,828.150000,221.270000
NaN,NaN,909.900000,246.820000,828.140000,221.270000
NaN,NaN,909.900000,246.820000,828.150000,221.270000
NaN,NaN,909.890000,246.820000,828.150000,221.270000
NaN,NaN,909.890000,246.810000,828.150000,221.260000
NaN,NaN,909.880000,246.800000,828.140000,221.260000
NaN,NaN,909.890000,246.800000,828.140000,221.260000
NaN,NaN,909.880000,246.780000,828.140000,221.270000
NaN,NaN,909.870000,246.790000,828.130000,221.250000
NaN,NaN,909.850000,246.780000,828.140000,221.250000
NaN,NaN,909.850000,246.780000,828.130000,221.240000
NaN,NaN,909.860000,246.770000,828.130000,221.240000
NaN,NaN,909.820000,246.770000,828.120000,221.230000
NaN,NaN,909.840000,246.770000,828.130000,221.230000
NaN,NaN,909.820000,246.780000,828.130000,221.230000
NaN,NaN,909.820000,246.760000,828.120000,221.230000
NaN,NaN,909.820000,246.750000,828.120000,221.220000
NaN,NaN,909.810000,246.750000,828.120000,221.210000
NaN,NaN,909.790000,246.750000,828.120000,221.220000
NaN,NaN,909.780000,246.750000,828.120000,221.220000
NaN,NaN,909.770000,246.750000,828.100000,221.200000
NaN,NaN,909.750000,246.740000,828.100000,221.200000
NaN,NaN,909.760000,246.730000,828.110000,221.200000
NaN,NaN,909.750000,246.720000,828.120000,221.190000
NaN,NaN,909.740000,246.710000,828.110000,221.190000
NaN,NaN,909.720000,246.720000,828.110000,221.190000
NaN,NaN,909.710000,246.720000,828.110000,221.180000
NaN,NaN,909.710000,246.710000,828.100000,221.170000
NaN,NaN,909.690000,246.710000,828.090000,221.170000
NaN,NaN,909.680000,246.710000,828.090000,221.170000
NaN,NaN,909.660000,246.710000,828.090000,221.180000
NaN,NaN,909.630000,246.710000,828.080000,221.180000
NaN,NaN,909.630000,246.700000,828.090000,221.170000
NaN,NaN,909.630000,246.680000,828.090000,221.160000
NaN,NaN,909.640000,246.670000,828.080000,221.160000
NaN,NaN,909.620000,246.660000,828.070000,221.150000
NaN,NaN,909.600000,246.670000,828.080000,221.160000
NaN,NaN,909.610000,246.680000,828.080000,221.160000
NaN,NaN,909.550000,246.650000,828.070000,221.120000
NaN,NaN,909.570000,246.660000,828.080000,221.130000
NaN,NaN,909.550000,246.660000,828.060000,221.120000
NaN,NaN,909.500000,246.660000,828.060000,221.120000
NaN,NaN,909.080000,246.770000,828.060000,221.120000
NaN,NaN,909.070000,246.770000,828.070000,221.130000
NaN,NaN,909.070000,246.780000,828.070000,221.130000
NaN,NaN,909.060000,246.770000,828.070000,221.120000
NaN,NaN,909.070000,246.760000,828.070000,221.120000
NaN,NaN,909.060000,246.760000,828.060000,221.120000
NaN,NaN,909.060000,246.750000,828.050000,221.120000
NaN,NaN,909.040000,246.740000,828.050000,221.110000
NaN,NaN,909.020000,246.710000,828.050000,221.110000
NaN,NaN,909.020000,246.700000,828.050000,221.110000
NaN,NaN,909.010000,246.700000,828.050000,221.110000
NaN,NaN,909.010000,246.700000,828.030000,221.090000
NaN,NaN,909.010000,246.700000,828.020000,221.090000
NaN,NaN,909.000000,246.700000,828.030000,221.090000
NaN,NaN,909.000000,246.690000,828.030000,221.080000
NaN,NaN,908.990000,246.700000,828.030000,221.080000
NaN,NaN,908.990000,246.660000,828.030000,221.080000
NaN,NaN,908.980000,246.660000,828.020000,221.080000
NaN,NaN,908.970000,246.650000,828.030000,221.080000
NaN,NaN,908.960000,246.650000,828.020000,221.070000
NaN,NaN,908.970000,246.640000,828.030000,221.080000
NaN,NaN,908.960000,246.640000,828.030000,221.080000
NaN,NaN,908.960000,246.610000,828.020000,221.080000
NaN,NaN,908.950000,246.620000,828.030000,221.070000
NaN,NaN,908.940000,246.580000,828.020000,221.070000
NaN,NaN,908.950000,246.580000,828.020000,221.080000
NaN,NaN,908.930000,246.590000,828.020000,221.070000
NaN,NaN,908.910000,246.570000,828.030000,221.060000
NaN,NaN,908.920000,246.560000,828.020000,221.070000
NaN,NaN,908.910000,246.540000,828.010000,221.070000
NaN,NaN,908.910000,246.530000,828.010000,221.060000
NaN,NaN,908.900000,246.520000,828.010000,221.060000
NaN,NaN,908.890000,246.510000,828.000000,221.060000
NaN,NaN,908.980000,246.150000,828.010000,221.060000
NaN,NaN,908.970000,246.150000,828.010000,221.060000
NaN,NaN,908.960000,246.130000,828.000000,221.050000
NaN,NaN,908.960000,246.110000,828.000000,221.050000
NaN,NaN,908.950000,246.110000,828.000000,221.050000
NaN,NaN,908.940000,246.120000,828.000000,221.040000
NaN,NaN,908.940000,246.110000,828.000000,221.040000
NaN,NaN,908.930000,246.110000,828.000000,221.040000
NaN,NaN,908.930000,246.080000,828.000000,221.030000
NaN,NaN,908.930000,246.090000,827.980000,221.040000
NaN,NaN,908.910000,246.090000,827.990000,221.030000
NaN,NaN,908.900000,246.070000,827.980000,221.040000
NaN,NaN,908.890000,246.080000,827.980000,221.030000
NaN,NaN,908.890000,246.060000,827.980000,221.030000
NaN,NaN,908.880000,246.070000,827.980000,221.020000
NaN,NaN,908.870000,246.070000,827.970000,221.020000
NaN,NaN,908.860000,246.060000,827.980000,221.020000
NaN,NaN,908.850000,246.060000,827.980000,221.020000
NaN,NaN,908.840000,246.070000,827.970000,221.020000
NaN,NaN,908.830000,246.060000,827.970000,221.030000
NaN,NaN,908.830000,246.040000,827.980000,221.030000
NaN,NaN,908.830000,246.030000,827.980000,221.020000
NaN,NaN,908.830000,246.030000,827.980000,221.010000
NaN,NaN,908.790000,246.010000,827.970000,221.000000
NaN,NaN,908.780000,246.010000,827.980000,221.010000
NaN,NaN,908.800000,246.010000,827.970000,221.000000
NaN,NaN,908.780000,246.000000,827.970000,221.000000
NaN,NaN,908.780000,246.010000,827.960000,221.000000
NaN,NaN,908.760000,246.000000,827.960000,221.000000
NaN,NaN,908.760000,246.000000,827.950000,221.010000
NaN,NaN,908.740000,245.990000,827.950000,221.000000
NaN,NaN,908.720000,245.990000,827.940000,221.000000
NaN,NaN,908.730000,245.970000,827.950000,220.990000
NaN,NaN,908.720000,245.970000,827.950000,220.990000
NaN,NaN,908.710000,245.980000,827.950000,220.990000
NaN,NaN,908.700000,245.980000,827.950000,220.980000
NaN,NaN,908.690000,245.980000,827.950000,220.980000
NaN,NaN,908.680000,245.970000,827.950000,220.980000
NaN,NaN,908.660000,245.960000,827.960000,220.970000
NaN,NaN,908.660000,245.960000,827.960000,220.970000
NaN,NaN,908.650000,245.960000,827.950000,220.970000
NaN,NaN,908.640000,245.950000,827.940000,220.960000
NaN,NaN,908.630000,245.950000,827.950000,220.960000
NaN,NaN,908.620000,245.950000,827.960000,220.970000
NaN,NaN,908.620000,245.930000,827.950000,220.970000
NaN,NaN,908.610000,245.940000,827.950000,220.970000
NaN,NaN,908.600000,245.940000,827.940000,220.970000
NaN,NaN,908.580000,245.940000,827.940000,220.960000
NaN,NaN,908.570000,245.940000,827.940000,220.960000
NaN,NaN,908.570000,245.930000,827.950000,220.970000
NaN,NaN,908.580000,245.920000,827.950000,220.960000
NaN,NaN,908.570000,245.920000,827.950000,220.960000
NaN,NaN,908.530000,245.940000,827.950000,220.960000
NaN,NaN,908.070000,246.050000,827.920000,220.950000
NaN,NaN,908.070000,246.040000,827.930000,220.960000
NaN,NaN,908.060000,246.030000,827.930000,220.950000
NaN,NaN,908.060000,246.020000,827.920000,220.960000
NaN,NaN,908.050000,246.020000,827.920000,220.960000
NaN,NaN,908.050000,246.020000,827.920000,220.960000
NaN,NaN,908.040000,246.020000,827.930000,220.960000
NaN,NaN,908.040000,246.010000,827.920000,220.950000
NaN,NaN,908.030000,246.000000,827.940000,220.950000
NaN,NaN,908.030000,246.020000,827.940000,220.950000
NaN,NaN,908.040000,246.000000,827.930000,220.940000
NaN,NaN,908.030000,246.010000,827.920000,220.930000
NaN,NaN,908.030000,246.000000,827.920000,220.940000
NaN,NaN,908.020000,245.990000,827.920000,220.940000
NaN,NaN,908.020000,245.990000,827.930000,220.940000
NaN,NaN,908.010000,246.000000,827.930000,220.930000
NaN,NaN,907.990000,246.000000,827.920000,220.940000
NaN,NaN,907.990000,245.990000,827.930000,220.930000
NaN,NaN,907.980000,245.990000,827.920000,220.920000
NaN,NaN,907.970000,245.990000,827.930000,220.930000
NaN,NaN,907.980000,245.970000,827.920000,220.920000
NaN,NaN,907.970000,245.980000,827.920000,220.920000
NaN,NaN,907.970000,245.980000,827.920000,220.910000
NaN,NaN,907.970000,245.970000,827.930000,220.910000
NaN,NaN,907.960000,245.970000,827.930000,220.920000
NaN,NaN,907.960000,245.970000,827.930000,220.920000
NaN,NaN,907.960000,245.970000,827.920000,220.910000
NaN,NaN,907.960000,245.970000,827.930000,220.910000
NaN,NaN,907.960000,245.960000,827.930000,220.910000
NaN,NaN,907.950000,245.950000,827.920000,220.900000
NaN,NaN,907.920000,245.960000,827.930000,220.890000
NaN,NaN,907.920000,245.960000,827.910000,220.900000
NaN,NaN,907.920000,245.960000,827.920000,220.900000
NaN,NaN,907.920000,245.960000,827.920000,220.890000
NaN,NaN,907.920000,245.950000,827.920000,220.890000
NaN,NaN,907.910000,245.950000,827.930000,220.900000
NaN,NaN,907.900000,245.960000,827.920000,220.890000
NaN,NaN,907.890000,245.950000,827.920000,220.900000
NaN,NaN,907.890000,245.940000,827.920000,220.890000
NaN,NaN,907.890000,245.950000,827.920000,220.890000
NaN,NaN,907.880000,245.930000,827.920000,220.880000
NaN,NaN,907.870000,245.940000,827.910000,220.880000
NaN,NaN,907.860000,245.940000,827.910000,220.890000
NaN,NaN,907.870000,245.940000,827.920000,220.880000
NaN,NaN,907.870000,245.920000,827.920000,220.890000
NaN,NaN,907.850000,245.950000,827.940000,220.870000
NaN,NaN,907.850000,245.930000,827.930000,220.860000
NaN,NaN,907.840000,245.940000,827.930000,220.870000
NaN,NaN,907.830000,245.940000,827.920000,220.870000
NaN,NaN,907.830000,245.940000,827.920000,220.870000
NaN,NaN,907.830000,245.930000,827.920000,220.880000
NaN,NaN,907.830000,245.930000,827.910000,220.870000
NaN,NaN,907.830000,245.930000,827.910000,220.870000
NaN,NaN,907.820000,245.930000,827.910000,220.870000
NaN,NaN,907.820000,245.930000,827.920000,220.860000
NaN,NaN,907.820000,245.930000,827.910000,220.860000
NaN,NaN,907.800000,245.930000,827.910000,220.860000
NaN,NaN,907.810000,245.930000,827.910000,220.860000
NaN,NaN,907.800000,245.920000,827.920000,220.860000
NaN,NaN,907.790000,245.920000,827.930000,220.870000
NaN,NaN,907.780000,245.950000,827.940000,220.870000
NaN,NaN,907.770000,245.950000,827.930000,220.880000
NaN,NaN,907.780000,245.940000,827.940000,220.870000
NaN,NaN,907.780000,245.950000,827.940000,220.870000
NaN,NaN,907.790000,245.940000,827.930000,220.870000
NaN,NaN,907.770000,245.940000,827.940000,220.870000
NaN,NaN,907.760000,245.940000,827.940000,220.870000
NaN,NaN,907.750000,245.940000,827.950000,220.860000
NaN,NaN,907.740000,245.930000,827.950000,220.860000
NaN,NaN,907.760000,245.920000,827.940000,220.870000
NaN,NaN,907.750000,245.920000,827.940000,220.860000
NaN,NaN,907.770000,245.930000,827.950000,220.860000
NaN,NaN,907.750000,245.930000,827.950000,220.860000
NaN,NaN,907.740000,245.930000,827.950000,220.860000
NaN,NaN,907.750000,245.930000,827.960000,220.850000
NaN,NaN,907.740000,245.940000,827.950000,220.870000
NaN,NaN,907.730000,245.930000,827.950000,220.870000
NaN,NaN,907.730000,245.930000,827.950000,220.860000
NaN,NaN,907.730000,245.950000,827.950000,220.860000
NaN,NaN,907.720000,245.960000,827.960000,220.860000
NaN,NaN,907.730000,245.960000,827.970000,220.860000
NaN,NaN,907.710000,245.940000,827.960000,220.860000
NaN,NaN,907.720000,245.930000,827.960000,220.860000
NaN,NaN,907.710000,245.940000,827.960000,220.860000
NaN,NaN,907.700000,245.950000,827.970000,220.870000
NaN,NaN,907.690000,245.930000,827.960000,220.870000
NaN,NaN,907.700000,245.930000,827.960000,220.860000
NaN,NaN,907.690000,245.940000,827.970000,220.860000
NaN,NaN,907.680000,245.950000,827.970000,220.860000
NaN,NaN,907.680000,245.950000,827.980000,220.860000
NaN,NaN,907.690000,245.930000,827.980000,220.850000
NaN,NaN,907.670000,245.940000,827.980000,220.860000
NaN,NaN,907.670000,245.940000,827.980000,220.850000
NaN,NaN,907.650000,245.930000,827.990000,220.860000
NaN,NaN,907.650000,245.930000,827.980000,220.860000
NaN,NaN,907.650000,245.930000,827.990000,220.860000
NaN,NaN,907.640000,245.930000,827.980000,220.850000
NaN,NaN,907.640000,245.930000,827.980000,220.850000
NaN,NaN,907.630000,245.930000,827.990000,220.850000
NaN,NaN,907.600000,245.950000,827.990000,220.850000
NaN,NaN,907.600000,245.950000,828.010000,220.860000
NaN,NaN,907.600000,245.940000,828.000000,220.850000
NaN,NaN,907.590000,245.950000,828.000000,220.850000
NaN,NaN,907.580000,245.940000,828.000000,220.850000
NaN,NaN,907.580000,245.940000,828.000000,220.840000
NaN,NaN,907.590000,245.960000,828.010000,220.850000
NaN,NaN,907.570000,245.930000,828.010000,220.840000
NaN,NaN,907.570000,245.920000,828.000000,220.850000
NaN,NaN,907.570000,245.910000,828.020000,220.850000
NaN,NaN,907.580000,245.920000,828.010000,220.840000
NaN,NaN,907.560000,245.910000,828.030000,220.850000
NaN,NaN,907.530000,245.920000,828.030000,220.850000
NaN,NaN,907.530000,245.920000,828.010000,220.850000
NaN,NaN,907.520000,245.910000,828.030000,220.860000
NaN,NaN,907.500000,245.910000,828.030000,220.860000
NaN,NaN,907.090000,246.010000,828.040000,220.860000
NaN,NaN,907.090000,246.000000,828.040000,220.850000
NaN,NaN,907.090000,246.010000,828.040000,220.850000
NaN,NaN,907.080000,246.010000,828.040000,220.850000
NaN,NaN,907.080000,246.000000,828.050000,220.860000
NaN,NaN,907.060000,245.990000,828.040000,220.840000
NaN,NaN,907.060000,245.990000,828.050000,220.850000
NaN,NaN,907.060000,245.970000,828.040000,220.850000
NaN,NaN,907.060000,245.970000,828.050000,220.850000
NaN,NaN,907.060000,245.970000,828.040000,220.850000
NaN,NaN,907.050000,245.970000,828.030000,220.850000
NaN,NaN,907.050000,245.960000,828.040000,220.850000
NaN,NaN,907.040000,245.960000,828.040000,220.850000
NaN,NaN,907.030000,245.960000,828.050000,220.860000
NaN,NaN,907.040000,245.950000,828.050000,220.850000
NaN,NaN,907.040000,245.950000,828.050000,220.850000
NaN,NaN,907.040000,245.940000,828.050000,220.850000
NaN,NaN,907.030000,245.930000,828.060000,220.850000
NaN,NaN,907.030000,245.930000,828.050000,220.840000
NaN,NaN,907.020000,245.920000,828.050000,220.840000
NaN,NaN,907.020000,245.930000,828.060000,220.850000
NaN,NaN,907.020000,245.920000,828.060000,220.850000
NaN,NaN,907.010000,245.910000,828.050000,220.860000
NaN,NaN,907.000000,245.900000,828.060000,220.850000
NaN,NaN,906.990000,245.900000,828.070000,220.850000
NaN,NaN,906.990000,245.890000,828.060000,220.860000
NaN,NaN,906.980000,245.900000,828.070000,220.860000
NaN,NaN,906.990000,245.890000,828.080000,220.850000
NaN,NaN,906.980000,245.890000,828.090000,220.850000
NaN,NaN,906.970000,245.880000,828.090000,220.850000
NaN,NaN,906.970000,245.880000,828.080000,220.860000
NaN,NaN,906.970000,245.860000,828.090000,220.860000
NaN,NaN,906.960000,245.860000,828.090000,220.860000
NaN,NaN,906.960000,245.860000,828.090000,220.860000
NaN,NaN,906.950000,245.850000,828.090000,220.850000
NaN,NaN,906.950000,245.830000,828.090000,220.860000
NaN,NaN,906.940000,245.820000,828.090000,220.850000
NaN,NaN,906.930000,245.830000,828.090000,220.850000
NaN,NaN,906.920000,245.820000,828.100000,220.850000
NaN,NaN,906.910000,245.800000,828.100000,220.850000
NaN,NaN,906.910000,245.800000,828.100000,220.850000
NaN,NaN,906.910000,245.790000,828.110000,220.850000
NaN,NaN,906.910000,245.770000,828.110000,220.860000
NaN,NaN,906.920000,245.770000,828.110000,220.850000
NaN,NaN,906.890000,245.780000,828.100000,220.850000
NaN,NaN,906.900000,245.760000,828.110000,220.850000
NaN,NaN,906.890000,245.760000,828.120000,220.850000
NaN,NaN,906.880000,245.740000,828.120000,220.850000
NaN,NaN,906.880000,245.740000,828.120000,220.850000
NaN,NaN,906.890000,245.740000,828.120000,220.850000
NaN,NaN,906.870000,245.720000,828.130000,220.840000
NaN,NaN,906.870000,245.700000,828.110000,220.840000
NaN,NaN,906.860000,245.690000,828.120000,220.830000
NaN,NaN,906.870000,245.690000,828.130000,220.830000
NaN,NaN,906.850000,245.680000,828.130000,220.840000
NaN,NaN,906.850000,245.670000,828.140000,220.840000
NaN,NaN,906.850000,245.650000,828.140000,220.830000
NaN,NaN,906.850000,245.660000,828.130000,220.830000
NaN,NaN,906.830000,245.650000,828.120000,220.830000
NaN,NaN,906.830000,245.650000,828.140000,220.840000
NaN,NaN,906.830000,245.630000,828.140000,220.840000
NaN,NaN,906.840000,245.620000,828.140000,220.840000
NaN,NaN,906.840000,245.610000,828.140000,220.840000
NaN,NaN,906.820000,245.590000,828.140000,220.840000
NaN,NaN,906.820000,245.560000,828.160000,220.840000
NaN,NaN,906.820000,245.600000,828.150000,220.840000
NaN,NaN,906.810000,245.560000,828.160000,220.850000
NaN,NaN,906.820000,245.490000,828.160000,220.840000
NaN,NaN,906.880000,245.180000,828.160000,220.830000
NaN,NaN,906.870000,245.200000,828.170000,220.830000
NaN,NaN,906.870000,245.190000,828.170000,220.830000
NaN,NaN,906.880000,245.190000,828.180000,220.840000
NaN,NaN,906.870000,245.160000,828.180000,220.840000
NaN,NaN,906.870000,245.170000,828.180000,220.840000
NaN,NaN,906.870000,245.140000,828.190000,220.850000
NaN,NaN,906.860000,245.140000,828.200000,220.840000
NaN,NaN,906.860000,245.140000,828.190000,220.840000
NaN,NaN,906.850000,245.130000,828.200000,220.830000
NaN,NaN,906.840000,245.110000,828.190000,220.830000
NaN,NaN,906.840000,245.120000,828.190000,220.830000
NaN,NaN,906.810000,245.140000,828.200000,220.850000
NaN,NaN,906.810000,245.130000,828.180000,220.850000
NaN,NaN,906.800000,245.120000,828.190000,220.840000
NaN,NaN,906.800000,245.110000,828.210000,220.850000
NaN,NaN,906.790000,245.090000,828.210000,220.850000
NaN,NaN,906.790000,245.070000,828.210000,220.840000
NaN,NaN,906.790000,245.080000,828.190000,220.840000
NaN,NaN,906.780000,245.070000,828.180000,220.840000
NaN,NaN,906.780000,245.040000,828.210000,220.840000
NaN,NaN,906.760000,245.060000,828.220000,220.840000
NaN,NaN,906.760000,245.030000,828.220000,220.840000
NaN,NaN,906.750000,245.040000,828.230000,220.840000
NaN,NaN,906.750000,245.040000,828.230000,220.840000
NaN,NaN,906.740000,245.030000,828.240000,220.850000
NaN,NaN,906.740000,245.020000,828.260000,220.840000
NaN,NaN,906.740000,245.020000,828.250000,220.840000
NaN,NaN,906.720000,245.010000,828.260000,220.850000
NaN,NaN,906.690000,245.000000,828.270000,220.840000
NaN,NaN,906.680000,244.990000,828.260000,220.830000
NaN,NaN,906.700000,244.970000,828.270000,220.830000
NaN,NaN,906.680000,244.970000,828.270000,220.830000
NaN,NaN,906.690000,244.960000,828.260000,220.830000
NaN,NaN,906.680000,244.960000,828.280000,220.830000
NaN,NaN,906.660000,244.950000,828.300000,220.840000
NaN,NaN,906.660000,244.940000,828.300000,220.840000
NaN,NaN,906.650000,244.940000,828.290000,220.820000
NaN,NaN,906.630000,244.950000,828.300000,220.820000
NaN,NaN,906.620000,244.960000,828.290000,220.810000
NaN,NaN,906.610000,244.940000,828.290000,220.820000
NaN,NaN,906.590000,244.940000,828.290000,220.820000
NaN,NaN,906.570000,244.910000,828.340000,220.820000
NaN,NaN,906.580000,244.910000,828.330000,220.830000
NaN,NaN,906.540000,244.880000,828.340000,220.830000
NaN,NaN,906.530000,244.870000,828.330000,220.830000
NaN,NaN,906.520000,244.870000,828.310000,220.820000
NaN,NaN,906.520000,244.880000,828.310000,220.810000
NaN,NaN,906.480000,244.880000,828.320000,220.810000
NaN,NaN,906.060000,244.920000,828.340000,220.820000
NaN,NaN,906.050000,244.920000,828.350000,220.840000
NaN,NaN,906.040000,244.900000,828.330000,220.830000
NaN,NaN,906.050000,244.900000,828.350000,220.830000
NaN,NaN,906.030000,244.910000,828.350000,220.830000
NaN,NaN,906.010000,244.890000,828.350000,220.830000
NaN,NaN,905.990000,244.880000,828.350000,220.830000
NaN,NaN,905.970000,244.870000,828.340000,220.830000
NaN,NaN,905.950000,244.850000,828.310000,220.830000
NaN,NaN,905.940000,244.840000,828.320000,220.830000
NaN,NaN,905.930000,244.840000,828.340000,220.820000
NaN,NaN,905.920000,244.840000,828.350000,220.830000
NaN,NaN,905.920000,244.820000,828.370000,220.830000
NaN,NaN,905.900000,244.820000,828.350000,220.830000
NaN,NaN,905.880000,244.810000,828.360000,220.840000
NaN,NaN,905.880000,244.800000,828.360000,220.850000
NaN,NaN,905.860000,244.780000,828.360000,220.850000
NaN,NaN,905.840000,244.770000,828.360000,220.840000
NaN,NaN,905.800000,244.740000,828.380000,220.840000
NaN,NaN,905.800000,244.740000,828.400000,220.840000
NaN,NaN,905.790000,244.710000,828.410000,220.840000
NaN,NaN,905.770000,244.710000,828.420000,220.850000
NaN,NaN,905.730000,244.690000,828.420000,220.850000
NaN,NaN,905.730000,244.680000,828.430000,220.860000
NaN,NaN,905.690000,244.720000,828.410000,220.840000
NaN,NaN,905.680000,244.660000,828.430000,220.840000
NaN,NaN,905.630000,244.660000,828.430000,220.840000
NaN,NaN,905.610000,244.650000,828.440000,220.840000
NaN,NaN,905.560000,244.630000,828.490000,220.860000
NaN,NaN,905.560000,244.610000,828.640000,220.880000
NaN,NaN,905.500000,244.590000,828.660000,220.880000
NaN,NaN,905.050000,244.650000,828.660000,220.880000
NaN,NaN,905.050000,244.620000,828.660000,220.870000
NaN,NaN,905.030000,244.630000,828.640000,220.870000
NaN,NaN,904.990000,244.600000,828.660000,220.870000
NaN,NaN,904.970000,244.580000,828.660000,220.880000
NaN,NaN,904.920000,244.550000,828.670000,220.880000
NaN,NaN,904.890000,244.550000,828.680000,220.880000
NaN,NaN,904.900000,244.560000,828.670000,220.870000
NaN,NaN,904.870000,244.580000,828.700000,220.880000
NaN,NaN,904.860000,244.510000,828.680000,220.890000
NaN,NaN,904.860000,244.140000,828.680000,220.890000
NaN,NaN,904.850000,244.130000,828.680000,220.890000
NaN,NaN,904.830000,244.130000,828.700000,220.890000
NaN,NaN,904.800000,244.120000,828.710000,220.890000
NaN,NaN,904.780000,244.090000,828.710000,220.890000
NaN,NaN,904.750000,244.100000,828.710000,220.890000
NaN,NaN,904.700000,244.090000,828.720000,220.880000
NaN,NaN,904.660000,244.080000,828.720000,220.870000
NaN,NaN,904.680000,244.070000,828.720000,220.870000
NaN,NaN,904.650000,244.030000,828.720000,220.870000
NaN,NaN,904.530000,244.030000,828.730000,220.870000
NaN,NaN,904.030000,244.070000,828.740000,220.870000
NaN,NaN,904.010000,244.060000,828.750000,220.880000
NaN,NaN,903.990000,244.050000,828.750000,220.890000
NaN,NaN,903.980000,244.040000,828.760000,220.890000
NaN,NaN,903.970000,244.020000,828.760000,220.890000
NaN,NaN,903.920000,244.010000,828.770000,220.880000
NaN,NaN,903.830000,243.980000,828.780000,220.890000
NaN,NaN,903.830000,243.980000,828.780000,220.880000
NaN,NaN,903.800000,243.960000,828.780000,220.890000
NaN,NaN,903.740000,243.940000,828.780000,220.890000
NaN,NaN,903.690000,243.940000,828.790000,220.900000
NaN,NaN,903.620000,243.920000,828.790000,220.890000
NaN,NaN,903.550000,243.920000,828.800000,220.890000
NaN,NaN,903.050000,243.960000,828.800000,220.880000
NaN,NaN,903.020000,243.940000,828.800000,220.880000
NaN,NaN,903.000000,243.930000,828.800000,220.880000
NaN,NaN,902.960000,243.900000,828.840000,220.890000
NaN,NaN,902.900000,243.880000,828.830000,220.890000
NaN,NaN,902.850000,243.840000,828.830000,220.890000
NaN,NaN,902.810000,243.840000,828.850000,220.890000
NaN,NaN,902.740000,243.820000,828.840000,220.880000
NaN,NaN,902.690000,243.800000,828.840000,220.880000
NaN,NaN,902.680000,243.780000,828.860000,220.890000
NaN,NaN,902.610000,243.800000,828.860000,220.890000
NaN,NaN,902.560000,243.760000,828.870000,220.890000
NaN,NaN,902.470000,243.670000,828.880000,220.890000
NaN,NaN,902.010000,243.720000,828.880000,220.880000
NaN,NaN,901.950000,243.680000,828.870000,220.890000
NaN,NaN,901.880000,243.640000,828.880000,220.890000
NaN,NaN,901.850000,243.610000,828.880000,220.890000
NaN,NaN,901.760000,243.620000,828.880000,220.890000
NaN,NaN,901.680000,243.640000,828.900000,220.880000
NaN,NaN,901.640000,243.640000,828.900000,220.890000
NaN,NaN,901.520000,243.530000,828.890000,220.900000
NaN,NaN,901.240000,243.200000,828.910000,220.900000
NaN,NaN,901.130000,243.160000,828.900000,220.900000
NaN,NaN,901.100000,243.120000,828.910000,220.910000
NaN,NaN,901.030000,243.090000,828.900000,220.900000
NaN,NaN,900.930000,243.040000,828.910000,220.900000
NaN,NaN,900.890000,243.010000,828.920000,220.900000
NaN,NaN,900.780000,243.030000,828.920000,220.900000
NaN,NaN,900.760000,242.980000,828.920000,220.900000
NaN,NaN,900.600000,242.950000,828.930000,220.910000
NaN,NaN,900.200000,242.970000,828.930000,220.910000
NaN,NaN,900.070000,242.960000,828.930000,220.900000
NaN,NaN,900.030000,242.910000,828.930000,220.910000
NaN,NaN,899.950000,242.850000,828.910000,220.890000
NaN,NaN,899.800000,242.810000,828.930000,220.880000
NaN,NaN,899.760000,242.780000,828.940000,220.880000
NaN,NaN,899.610000,242.740000,828.940000,220.890000
NaN,NaN,899.190000,242.770000,828.950000,220.900000
NaN,NaN,899.070000,242.700000,828.940000,220.900000
NaN,NaN,899.030000,242.670000,828.930000,220.890000
NaN,NaN,898.910000,242.620000,828.940000,220.890000
NaN,NaN,898.870000,242.590000,828.960000,220.880000
NaN,NaN,898.730000,242.550000,828.970000,220.890000
NaN,NaN,898.550000,242.440000,828.960000,220.880000
NaN,NaN,898.280000,242.160000,828.970000,220.900000
NaN,NaN,898.170000,242.120000,828.980000,220.890000
NaN,NaN,898.080000,242.090000,828.970000,220.900000
NaN,NaN,897.980000,242.070000,828.970000,220.910000
NaN,NaN,897.870000,241.990000,828.980000,220.910000
NaN,NaN,897.820000,241.970000,828.980000,220.910000
NaN,NaN,897.690000,241.900000,828.990000,220.910000
NaN,NaN,897.530000,241.910000,828.990000,220.910000
NaN,NaN,897.110000,241.900000,829.000000,220.910000
NaN,NaN,897.050000,241.830000,829.000000,220.900000
NaN,NaN,896.940000,241.830000,829.010000,220.910000
NaN,NaN,896.830000,241.750000,829.010000,220.910000
NaN,NaN,896.730000,241.740000,829.010000,220.920000
NaN,NaN,896.500000,241.690000,829.020000,220.920000
NaN,NaN,896.100000,241.680000,829.030000,220.920000
NaN,NaN,896.060000,241.590000,829.030000,220.920000
NaN,NaN,895.890000,241.530000,829.030000,220.920000
NaN,NaN,895.880000,241.190000,829.030000,220.910000
NaN,NaN,895.710000,241.180000,829.040000,220.920000
NaN,NaN,895.620000,241.070000,829.060000,220.910000
NaN,NaN,895.450000,241.070000,829.050000,220.920000
NaN,NaN,895.050000,241.050000,829.050000,220.920000
NaN,NaN,894.850000,241.020000,829.040000,220.920000
NaN,NaN,894.830000,240.970000,829.050000,220.920000
NaN,NaN,894.610000,240.950000,829.050000,220.930000
NaN,NaN,894.260000,240.900000,829.050000,220.940000
NaN,NaN,894.090000,240.840000,829.050000,220.940000
NaN,NaN,893.920000,240.800000,829.060000,220.930000
NaN,NaN,893.710000,240.750000,829.060000,220.930000
NaN,NaN,893.600000,240.700000,829.050000,220.940000
NaN,NaN,893.220000,240.650000,829.050000,220.930000
NaN,NaN,893.060000,240.600000,829.050000,220.940000
NaN,NaN,892.910000,240.580000,829.050000,220.930000
NaN,NaN,892.820000,240.420000,829.060000,220.930000
NaN,NaN,892.790000,240.080000,829.080000,220.930000
NaN,NaN,892.680000,240.010000,829.090000,220.940000
NaN,NaN,892.410000,240.000000,829.080000,220.940000
NaN,NaN,892.050000,240.000000,829.080000,220.930000
NaN,NaN,891.890000,239.920000,829.080000,220.930000
NaN,NaN,891.750000,239.860000,829.090000,220.930000
NaN,NaN,891.540000,239.780000,829.090000,220.940000
NaN,NaN,891.110000,239.750000,829.080000,220.930000
NaN,NaN,890.990000,239.670000,829.090000,220.940000
NaN,NaN,890.820000,239.600000,829.100000,220.940000
NaN,NaN,890.640000,239.520000,829.100000,220.940000
NaN,NaN,890.330000,239.240000,829.090000,220.940000
NaN,NaN,890.150000,239.160000,829.100000,220.940000
NaN,NaN,890.030000,239.080000,829.100000,220.940000
NaN,NaN,889.860000,239.030000,829.110000,220.930000
NaN,NaN,889.710000,238.920000,829.120000,220.950000
NaN,NaN,889.460000,238.870000,829.120000,220.940000
NaN,NaN,889.050000,238.840000,829.130000,220.960000
NaN,NaN,888.920000,238.760000,829.140000,220.960000
NaN,NaN,888.720000,238.650000,829.130000,220.960000
NaN,NaN,888.460000,238.590000,829.130000,220.960000
NaN,NaN,888.110000,238.590000,829.130000,220.960000
NaN,NaN,887.950000,238.350000,829.140000,220.960000
NaN,NaN,887.870000,238.130000,829.140000,220.960000
NaN,NaN,887.700000,238.070000,829.150000,220.960000
NaN,NaN,887.520000,238.030000,829.150000,220.960000
NaN,NaN,887.080000,238.010000,829.140000,220.960000
NaN,NaN,886.940000,237.940000,829.140000,220.970000
NaN,NaN,886.810000,237.870000,829.140000,220.970000
NaN,NaN,886.610000,237.810000,829.150000,220.970000
NaN,NaN,886.180000,237.780000,829.170000,220.960000
NaN,NaN,886.030000,237.730000,829.160000,220.960000
NaN,NaN,885.890000,237.630000,829.160000,220.950000
NaN,NaN,885.740000,237.520000,829.160000,220.960000
NaN,NaN,885.590000,237.280000,829.150000,220.960000
NaN,NaN,885.130000,237.280000,829.150000,220.970000
NaN,NaN,885.020000,237.180000,829.150000,220.970000
NaN,NaN,884.850000,237.110000,829.150000,220.970000
881.033240,236.593128,884.600000,237.030000,829.150000,220.980000
881.033240,236.885616,884.160000,237.010000,829.150000,220.990000
880.738097,236.885616,884.010000,236.970000,829.160000,220.990000
880.738097,236.885616,883.820000,236.920000,829.170000,220.990000
880.442953,236.593128,883.670000,236.850000,829.160000,220.990000
878.081806,235.715664,883.420000,236.800000,829.170000,220.990000
876.310946,234.545713,883.100000,236.750000,829.170000,220.990000
873.654655,232.790786,882.940000,236.700000,829.170000,220.990000
869.817791,230.450883,882.750000,236.600000,829.170000,220.990000
867.456644,229.865907,882.680000,236.410000,829.190000,221.010000
864.800353,227.233516,882.690000,236.130000,829.190000,221.000000
861.553776,225.771077,882.550000,236.160000,829.190000,221.000000
858.012055,223.723662,882.210000,236.220000,829.200000,221.000000
855.060621,222.261223,882.060000,236.140000,829.190000,220.990000
852.109188,220.798784,881.980000,236.060000,829.190000,221.000000
849.748040,220.506296,881.810000,236.030000,829.200000,221.000000
847.091750,219.336344,881.650000,236.000000,829.200000,221.000000
844.435459,218.458881,881.230000,236.010000,829.230000,221.040000
841.779169,218.458881,881.120000,235.960000,829.240000,221.050000
840.598595,218.458881,880.970000,235.900000,829.230000,221.030000
839.713165,217.873905,880.830000,235.850000,829.240000,221.020000
839.713165,217.873905,880.600000,235.760000,829.230000,221.000000
839.418022,217.581417,880.160000,235.750000,829.150000,220.990000
838.532591,216.703954,880.010000,235.640000,829.160000,220.990000
838.532591,216.703954,879.910000,235.560000,829.220000,221.000000
840.008308,217.873905,879.780000,235.180000,829.220000,221.020000
840.008308,217.873905,879.600000,235.140000,829.230000,221.030000
840.008308,217.873905,879.240000,235.030000,829.200000,221.020000
840.893739,218.458881,879.080000,234.920000,829.200000,221.020000
840.893739,218.458881,878.980000,234.860000,829.190000,221.010000
841.779169,218.751369,878.790000,234.750000,829.170000,221.000000
841.779169,218.751369,878.620000,234.600000,829.160000,221.000000
841.779169,218.751369,878.376949,234.253225,829.160000,221.000000
841.779169,218.751369,877.940000,233.940000,829.170000,220.990000
841.779169,218.751369,877.800000,233.870000,829.150000,220.990000
841.779169,218.751369,877.710000,233.790000,829.150000,220.990000
841.779169,218.751369,877.570000,233.700000,829.180000,221.000000
841.779169,218.751369,877.120000,233.450000,829.150000,221.000000
841.779169,218.751369,876.980000,233.270000,829.160000,221.000000
841.779169,218.751369,876.900000,233.180000,829.160000,221.010000
841.779169,218.751369,876.750000,233.120000,829.160000,221.020000
841.779169,218.751369,876.660000,233.050000,829.160000,221.030000
841.779169,218.751369,876.460000,232.950000,829.160000,221.020000
841.779169,218.751369,876.080000,232.840000,829.170000,221.010000
841.779169,218.751369,876.000000,232.780000,829.170000,221.010000
841.779169,218.166393,875.910000,232.690000,829.180000,221.010000
841.779169,218.166393,875.840000,232.620000,829.210000,221.010000
841.779169,218.166393,875.750000,232.550000,829.230000,221.010000
841.779169,218.166393,875.580000,232.280000,829.260000,221.010000
840.598595,218.166393,875.240000,232.150000,829.270000,221.020000
840.598595,218.166393,875.170000,232.090000,829.240000,221.020000
840.598595,218.166393,875.140000,232.040000,829.240000,221.020000
840.598595,218.166393,875.070000,231.960000,829.260000,221.040000
840.598595,218.166393,875.020000,231.910000,829.240000,221.040000
840.598595,218.166393,874.960000,231.850000,829.250000,221.040000
840.598595,217.581417,874.930000,231.810000,829.230000,221.050000
840.598595,217.581417,874.890000,231.760000,829.230000,221.060000
840.598595,217.581417,874.850000,231.680000,829.240000,221.060000
840.598595,217.581417,874.780000,231.600000,829.250000,221.070000
840.598595,217.581417,874.750000,231.570000,829.260000,221.060000
840.598595,217.581417,874.720000,231.520000,829.280000,221.060000
840.598595,217.581417,874.660000,231.350000,829.270000,221.060000
840.598595,217.581417,874.640000,231.340000,829.280000,221.060000
840.598595,217.581417,874.530000,231.280000,829.270000,221.060000
840.598595,217.581417,874.230000,231.190000,829.250000,221.060000
840.598595,217.581417,874.210000,231.170000,829.250000,221.060000
842.959742,217.873905,874.200000,231.170000,829.260000,221.060000
843.845173,218.166393,874.120000,231.150000,829.220000,221.040000
844.140316,218.751369,874.100000,231.150000,825.841426,218.166393
844.140316,218.751369,874.090000,231.160000,825.841426,218.166393
843.550029,218.751369,874.090000,231.160000,825.841426,218.166393
843.550029,218.751369,874.090000,231.150000,825.841426,218.166393
843.550029,218.751369,874.080000,231.160000,826.136569,218.458881
844.140316,219.043856,874.070000,231.150000,827.612286,218.458881
844.435459,219.336344,874.050000,231.140000,829.088003,218.458881
844.435459,219.336344,874.050000,231.150000,829.383146,218.751369
844.730603,219.336344,874.070000,231.140000,829.383146,218.751369
844.730603,219.336344,874.050000,231.150000,830.858863,218.751369
845.911176,219.336344,874.040000,231.140000,831.449150,218.751369
846.796606,219.336344,874.050000,231.140000,831.744293,218.751369
846.796606,219.336344,874.040000,231.120000,832.039437,218.751369
846.796606,219.336344,874.030000,231.120000,832.629724,218.751369
846.796606,219.336344,874.040000,231.100000,832.924867,219.043856
846.796606,219.336344,874.050000,231.110000,833.220010,219.336344
846.796606,219.336344,874.060000,231.120000,833.220010,219.336344
846.796606,219.336344,874.070000,231.110000,834.400584,219.628832
846.796606,219.336344,874.070000,231.100000,834.990871,219.628832
847.682037,219.336344,874.080000,231.080000,835.581158,219.628832
849.452897,219.043856,874.090000,231.070000,835.581158,219.628832
849.452897,218.166393,874.090000,231.080000,835.876301,219.628832
849.452897,218.458881,874.090000,231.080000,835.876301,219.628832
849.452897,218.458881,874.140000,231.100000,835.876301,219.628832
849.452897,219.043856,874.140000,231.080000,835.876301,219.628832
849.452897,219.043856,874.140000,231.100000,837.942305,219.628832
849.452897,219.043856,874.140000,231.100000,838.827735,219.628832
850.633471,219.628832,874.130000,231.100000,839.122878,219.628832
850.928614,219.921320,874.110000,231.080000,839.713165,219.628832
851.223757,219.921320,874.150000,231.130000,840.598595,219.628832
852.699474,219.921320,874.120000,231.130000,840.598595,219.628832
852.994618,219.921320,874.110000,231.150000,840.598595,219.043856
852.994618,219.921320,874.100000,231.160000,840.598595,219.043856
853.584905,220.798784,874.110000,231.170000,840.598595,219.043856
853.880048,220.798784,874.130000,231.190000,840.598595,219.043856
854.470335,221.091271,874.150000,231.210000,840.893739,219.043856
854.470335,221.091271,874.160000,231.250000,840.893739,219.043856
855.060621,221.091271,874.200000,231.360000,841.188882,219.043856
855.060621,221.091271,874.220000,231.420000,841.484025,219.043856
855.060621,221.091271,874.270000,231.510000,842.074312,219.043856
855.060621,221.091271,874.350000,231.740000,842.369456,219.043856
855.060621,221.091271,874.370000,231.820000,842.369456,219.043856
855.650908,221.383759,874.380000,231.860000,842.369456,219.043856
856.241195,222.261223,874.390000,231.920000,842.369456,219.336344
856.241195,222.261223,874.430000,232.010000,842.369456,220.213808
856.241195,222.261223,874.460000,232.020000,842.369456,220.798784
856.241195,222.261223,874.550000,232.080000,842.959742,221.676247
856.241195,222.261223,874.820000,232.200000,843.845173,222.553711
856.241195,222.261223,874.810000,232.230000,844.435459,222.553711
856.241195,222.261223,874.810000,232.270000,844.730603,222.846199
856.241195,222.261223,874.840000,232.330000,845.911176,224.016150
856.241195,222.261223,874.920000,232.450000,847.091750,224.601126
856.241195,222.261223,874.920000,232.660000,848.862610,225.186101
856.241195,222.261223,874.960000,232.730000,849.452897,225.186101
856.241195,222.261223,874.950000,232.790000,849.452897,225.186101
856.241195,222.261223,874.960000,232.850000,849.452897,225.186101
856.536338,222.846199,874.990000,232.900000,849.748040,226.356053
856.831482,223.138686,875.030000,233.010000,850.338327,226.648541
857.126625,223.138686,875.020000,233.010000,850.338327,227.233516
857.421769,223.723662,875.090000,233.070000,851.814044,228.988444
857.421769,223.723662,875.070000,233.050000,851.814044,228.988444
858.012055,223.723662,874.540085,232.205810,852.699474,229.573419
858.012055,223.723662,874.830000,232.060000,853.289761,229.573419
858.012055,223.723662,875.050000,232.110000,853.584905,229.573419
858.602342,223.723662,875.070000,232.150000,855.355765,231.035859
860.373203,224.308638,875.100000,232.210000,855.946052,231.328347
860.963489,224.308638,875.130000,232.280000,855.946052,231.328347
861.848919,224.893614,875.160000,232.340000,856.536338,231.620834
861.848919,224.893614,875.180000,232.440000,857.126625,232.498298
862.734350,225.186101,875.210000,232.720000,857.716912,232.498298
863.029493,225.478589,875.260000,232.790000,858.307199,233.083274
863.324636,226.063565,875.300000,232.840000,858.602342,233.083274
863.914923,226.063565,875.310000,232.880000,859.192629,233.668249
863.914923,226.648541,875.340000,232.940000,859.782916,233.960737
864.505210,226.941029,875.360000,232.980000,860.373203,234.545713
864.800353,227.233516,875.370000,233.020000,861.258633,234.838201
865.095497,227.818492,875.380000,233.060000,861.553776,235.130689
865.685784,228.403468,875.410000,233.100000,862.144063,235.423177
865.980927,228.695956,875.460000,233.160000,862.144063,235.715664
866.276070,229.280932,875.910000,233.190000,863.029493,236.008152
866.571214,229.280932,875.950000,233.260000,863.324636,236.008152
866.571214,229.573419,875.970000,233.320000,864.505210,236.008152
867.456644,229.573419,875.990000,233.400000,865.390640,236.008152
868.046931,229.573419,876.030000,233.440000,865.685784,236.008152
868.046931,229.573419,876.050000,233.600000,865.685784,236.008152
868.046931,229.573419,876.080000,233.830000,866.276070,236.008152
868.046931,229.573419,876.080000,233.890000,868.046931,236.008152
868.046931,229.573419,876.100000,233.930000,868.637218,236.008152
868.932361,230.158395,876.120000,234.040000,868.932361,236.008152
868.932361,230.158395,876.110000,234.130000,869.227504,236.300640
868.932361,230.450883,876.120000,234.190000,869.227504,236.300640
869.227504,230.450883,876.120000,234.270000,869.227504,236.300640
869.227504,230.450883,876.130000,234.370000,869.817791,236.300640
869.227504,230.450883,876.140000,234.440000,870.112934,236.300640
869.227504,230.450883,876.150000,234.740000,870.703221,236.300640
869.227504,230.450883,876.150000,234.760000,870.998365,236.300640
869.227504,230.450883,876.170000,234.860000,871.293508,236.300640
869.227504,230.450883,876.210000,234.940000,871.588651,236.300640
869.227504,230.450883,876.220000,235.030000,872.178938,236.300640
869.227504,230.450883,876.250000,235.130000,872.178938,236.300640
869.227504,230.450883,876.240000,235.220000,873.064368,236.300640
869.227504,230.450883,876.250000,235.280000,873.654655,236.300640
869.227504,230.450883,876.230000,235.390000,873.949799,236.300640
869.227504,230.450883,876.280000,235.480000,874.244942,236.300640
869.227504,230.450883,876.250000,235.820000,874.244942,236.885616
869.227504,230.450883,876.280000,235.830000,874.244942,236.885616
869.227504,230.450883,876.290000,235.890000,874.244942,236.885616
869.522648,230.450883,876.380000,235.990000,875.130372,236.885616
869.817791,230.450883,876.420000,236.040000,875.425516,236.885616
870.112934,230.743371,876.460000,236.140000,875.720659,236.885616
870.703221,231.035859,877.070000,236.180000,876.015802,236.885616
871.588651,231.328347,877.770000,236.330000,876.015802,236.885616
872.474082,231.620834,877.780000,236.460000,876.310946,236.885616
872.474082,231.620834,877.770000,236.670000,877.196376,236.885616
873.064368,231.620834,877.820000,236.750000,877.786663,236.885616
873.359512,231.620834,877.830000,236.830000,878.672093,236.885616
873.949799,231.913322,877.860000,236.830000,879.557523,236.885616
873.949799,231.913322,877.890000,236.970000,879.852666,236.885616
873.949799,231.913322,877.850000,237.030000,879.852666,236.885616
873.949799,231.913322,877.900000,237.150000,879.852666,236.885616
873.949799,231.913322,877.940000,237.170000,879.852666,236.885616
873.949799,231.913322,877.960000,237.280000,879.852666,236.885616
874.244942,231.913322,877.970000,237.330000,879.852666,236.885616
874.244942,231.913322,877.990000,237.400000,879.852666,236.885616
874.540085,232.498298,878.040000,237.540000,879.852666,236.885616
874.540085,232.498298,878.000000,237.670000,879.852666,236.885616
875.425516,233.083274,878.050000,237.710000,879.852666,236.885616
875.425516,233.083274,878.040000,237.770000,NaN,NaN
875.720659,233.083274,878.090000,237.860000,NaN,NaN
875.720659,233.083274,878.100000,237.950000,NaN,NaN
875.720659,233.083274,878.090000,238.050000,NaN,NaN
875.720659,233.083274,878.110000,238.100000,NaN,NaN
875.720659,233.083274,878.130000,238.120000,NaN,NaN
875.720659,233.083274,878.160000,238.200000,NaN,NaN
875.720659,233.083274,878.180000,238.310000,NaN,NaN
875.720659,233.083274,878.190000,238.350000,NaN,NaN
876.015802,232.790786,878.230000,238.390000,NaN,NaN
876.015802,232.790786,878.260000,238.530000,NaN,NaN
876.015802,232.790786,878.230000,238.680000,NaN,NaN
876.015802,232.790786,878.220000,238.740000,NaN,NaN
876.015802,232.790786,878.260000,238.790000,NaN,NaN
876.015802,233.083274,878.230000,238.830000,NaN,NaN
876.015802,233.375762,878.300000,238.940000,NaN,NaN
876.015802,233.375762,878.280000,238.980000,NaN,NaN
876.015802,233.375762,878.320000,239.030000,NaN,NaN
876.015802,233.375762,878.340000,239.050000,NaN,NaN
876.015802,233.375762,878.390000,239.090000,NaN,NaN
876.015802,233.375762,878.420000,239.160000,NaN,NaN
876.015802,233.375762,878.400000,239.210000,NaN,NaN
NaN,NaN,878.540000,239.290000,NaN,NaN
NaN,NaN,878.980000,239.060000,NaN,NaN
NaN,NaN,878.980000,239.080000,NaN,NaN
NaN,NaN,878.990000,239.110000,NaN,NaN
NaN,NaN,878.980000,239.130000,NaN,NaN
NaN,NaN,878.970000,239.140000,NaN,NaN
NaN,NaN,878.960000,239.210000,NaN,NaN
NaN,NaN,878.960000,239.210000,NaN,NaN
NaN,NaN,878.960000,239.260000,NaN,NaN
NaN,NaN,878.960000,239.250000,NaN,NaN
NaN,NaN,878.930000,239.310000,NaN,NaN
NaN,NaN,878.900000,239.380000,NaN,NaN
NaN,NaN,878.860000,239.440000,NaN,NaN
NaN,NaN,878.800000,239.470000,NaN,NaN
NaN,NaN,878.790000,239.510000,NaN,NaN
NaN,NaN,878.830000,239.420000,NaN,NaN
NaN,NaN,878.810000,239.400000,NaN,NaN
NaN,NaN,878.810000,239.400000,NaN,NaN
NaN,NaN,878.780000,239.450000,NaN,NaN
NaN,NaN,878.710000,239.440000,NaN,NaN
NaN,NaN,878.700000,239.370000,NaN,NaN
NaN,NaN,878.590000,239.400000,NaN,NaN
NaN,NaN,878.580000,239.460000,NaN,NaN
NaN,NaN,878.370000,239.580000,NaN,NaN
NaN,NaN,878.070000,239.610000,NaN,NaN
NaN,NaN,878.010000,239.580000,NaN,NaN
NaN,NaN,877.980000,239.550000,NaN,NaN
NaN,NaN,877.980000,239.460000,NaN,NaN
NaN,NaN,877.940000,239.290000,NaN,NaN
NaN,NaN,877.870000,239.260000,NaN,NaN
NaN,NaN,877.840000,239.240000,NaN,NaN
NaN,NaN,877.770000,239.240000,NaN,NaN
NaN,NaN,877.740000,239.190000,NaN,NaN
NaN,NaN,877.660000,239.150000,NaN,NaN
NaN,NaN,877.610000,239.120000,NaN,NaN
NaN,NaN,877.530000,239.060000,NaN,NaN
NaN,NaN,877.210000,239.020000,NaN,NaN
NaN,NaN,877.120000,238.970000,NaN,NaN
NaN,NaN,877.040000,238.910000,NaN,NaN
NaN,NaN,877.000000,238.810000,NaN,NaN
NaN,NaN,876.920000,238.720000,NaN,NaN
NaN,NaN,876.880000,238.600000,NaN,NaN
NaN,NaN,876.830000,238.370000,NaN,NaN
NaN,NaN,876.790000,238.270000,NaN,NaN
NaN,NaN,876.720000,238.200000,NaN,NaN
NaN,NaN,876.640000,238.110000,NaN,NaN
NaN,NaN,876.580000,238.030000,NaN,NaN
NaN,NaN,876.420000,237.980000,NaN,NaN
NaN,NaN,876.160000,237.920000,NaN,NaN
NaN,NaN,876.100000,237.810000,NaN,NaN
NaN,NaN,876.060000,237.660000,NaN,NaN
NaN,NaN,875.980000,237.480000,NaN,NaN
NaN,NaN,875.950000,237.280000,NaN,NaN
NaN,NaN,875.920000,237.160000,NaN,NaN
NaN,NaN,875.870000,237.070000,NaN,NaN
NaN,NaN,875.820000,236.960000,NaN,NaN
NaN,NaN,875.770000,236.870000,NaN,NaN
NaN,NaN,875.700000,236.770000,NaN,NaN
NaN,NaN,875.610000,236.610000,NaN,NaN
NaN,NaN,875.440000,236.330000,NaN,NaN
NaN,NaN,875.080000,236.190000,NaN,NaN
NaN,NaN,875.080000,236.080000,NaN,NaN
NaN,NaN,875.040000,235.980000,NaN,NaN
NaN,NaN,875.040000,235.940000,NaN,NaN
NaN,NaN,875.050000,235.860000,NaN,NaN
NaN,NaN,875.140000,235.750000,NaN,NaN
NaN,NaN,875.190000,235.700000,NaN,NaN
NaN,NaN,875.180000,235.680000,NaN,NaN
NaN,NaN,875.000000,235.450000,NaN,NaN
NaN,NaN,874.850000,235.060000,NaN,NaN
NaN,NaN,874.810000,234.890000,NaN,NaN
NaN,NaN,874.640000,234.680000,NaN,NaN
NaN,NaN,873.840000,234.090000,NaN,NaN
NaN,NaN,873.200000,233.860000,NaN,NaN
NaN,NaN,873.220000,233.840000,NaN,NaN
NaN,NaN,873.240000,233.800000,NaN,NaN
NaN,NaN,873.280000,233.830000,NaN,NaN
NaN,NaN,873.330000,233.810000,NaN,NaN
NaN,NaN,873.290000,233.780000,NaN,NaN
NaN,NaN,873.290000,233.780000,NaN,NaN
NaN,NaN,873.260000,233.830000,NaN,NaN
NaN,NaN,873.220000,233.810000,NaN,NaN
NaN,NaN,873.270000,233.760000,NaN,NaN
NaN,NaN,873.300000,233.850000,NaN,NaN
NaN,NaN,873.300000,233.800000,NaN,NaN
NaN,NaN,873.310000,233.710000,NaN,NaN
NaN,NaN,873.320000,233.690000,NaN,NaN
NaN,NaN,873.290000,233.630000,NaN,NaN
NaN,NaN,873.270000,233.510000,NaN,NaN
NaN,NaN,873.250000,233.350000,NaN,NaN
NaN,NaN,873.250000,233.390000,NaN,NaN
NaN,NaN,873.250000,233.300000,NaN,NaN
NaN,NaN,873.230000,233.300000,NaN,NaN
NaN,NaN,873.240000,233.180000,NaN,NaN
NaN,NaN,873.230000,233.130000,NaN,NaN
NaN,NaN,873.190000,233.110000,NaN,NaN
NaN,NaN,873.190000,233.120000,NaN,NaN
NaN,NaN,873.200000,233.030000,NaN,NaN
NaN,NaN,873.190000,232.980000,NaN,NaN
NaN,NaN,873.230000,232.890000,NaN,NaN
NaN,NaN,873.170000,232.760000,NaN,NaN
NaN,NaN,873.190000,232.700000,NaN,NaN
NaN,NaN,873.200000,232.680000,NaN,NaN
NaN,NaN,873.170000,232.660000,NaN,NaN
NaN,NaN,873.180000,232.620000,NaN,NaN
NaN,NaN,873.160000,232.460000,NaN,NaN
NaN,NaN,873.170000,232.240000,NaN,NaN
NaN,NaN,873.180000,232.170000,NaN,NaN
NaN,NaN,873.170000,232.140000,NaN,NaN
NaN,NaN,873.200000,232.120000,NaN,NaN
NaN,NaN,873.180000,232.050000,NaN,NaN
NaN,NaN,873.170000,232.040000,NaN,NaN
NaN,NaN,873.200000,232.040000,NaN,NaN
NaN,NaN,873.190000,232.040000,NaN,NaN
NaN,NaN,873.180000,231.970000,NaN,NaN
NaN,NaN,873.150000,231.950000,NaN,NaN
NaN,NaN,873.180000,231.860000,NaN,NaN
NaN,NaN,873.170000,231.830000,NaN,NaN
NaN,NaN,873.140000,231.830000,NaN,NaN
NaN,NaN,873.130000,231.760000,NaN,NaN
NaN,NaN,873.100000,231.740000,NaN,NaN
NaN,NaN,873.120000,231.740000,NaN,NaN
NaN,NaN,873.100000,231.720000,NaN,NaN
NaN,NaN,873.120000,231.620000,NaN,NaN
NaN,NaN,873.110000,231.660000,NaN,NaN
NaN,NaN,873.080000,231.640000,NaN,NaN
NaN,NaN,873.070000,231.650000,NaN,NaN
NaN,NaN,873.070000,231.640000,NaN,NaN
NaN,NaN,873.070000,231.630000,NaN,NaN
NaN,NaN,873.070000,231.580000,NaN,NaN
NaN,NaN,873.080000,231.580000,NaN,NaN
NaN,NaN,873.080000,231.580000,NaN,NaN
NaN,NaN,873.090000,231.540000,NaN,NaN
NaN,NaN,873.090000,231.480000,NaN,NaN
NaN,NaN,873.070000,231.270000,NaN,NaN
NaN,NaN,873.070000,231.380000,NaN,NaN
NaN,NaN,873.060000,231.340000,NaN,NaN
NaN,NaN,873.040000,231.350000,NaN,NaN
NaN,NaN,873.060000,231.280000,NaN,NaN
NaN,NaN,873.040000,231.300000,NaN,NaN
NaN,NaN,873.070000,231.300000,NaN,NaN
NaN,NaN,873.060000,231.320000,NaN,NaN
NaN,NaN,873.070000,231.290000,NaN,NaN
NaN,NaN,873.050000,231.300000,NaN,NaN
NaN,NaN,873.070000,231.290000,NaN,NaN
NaN,NaN,873.030000,231.210000,NaN,NaN
NaN,NaN,873.050000,231.250000,NaN,NaN
NaN,NaN,873.070000,231.250000,NaN,NaN
NaN,NaN,873.070000,231.240000,NaN,NaN
NaN,NaN,873.090000,231.250000,NaN,NaN
NaN,NaN,873.080000,231.270000,NaN,NaN
NaN,NaN,873.060000,231.200000,NaN,NaN
NaN,NaN,873.060000,231.190000,NaN,NaN
NaN,NaN,873.070000,231.210000,NaN,NaN
NaN,NaN,873.100000,231.180000,NaN,NaN
NaN,NaN,873.090000,231.120000,NaN,NaN
NaN,NaN,873.090000,231.040000,NaN,NaN
NaN,NaN,873.080000,231.050000,NaN,NaN
NaN,NaN,873.080000,231.200000,NaN,NaN
NaN,NaN,873.060000,231.190000,NaN,NaN
NaN,NaN,873.070000,231.120000,NaN,NaN
NaN,NaN,873.090000,231.180000,NaN,NaN
NaN,NaN,873.100000,231.230000,NaN,NaN
NaN,NaN,873.080000,231.250000,NaN,NaN
NaN,NaN,873.080000,231.180000,NaN,NaN
NaN,NaN,873.080000,231.230000,NaN,NaN
NaN,NaN,873.070000,231.170000,NaN,NaN
NaN,NaN,873.110000,231.150000,NaN,NaN
NaN,NaN,873.110000,231.190000,NaN,NaN
NaN,NaN,873.100000,231.120000,NaN,NaN
NaN,NaN,873.090000,231.200000,NaN,NaN
NaN,NaN,873.100000,231.160000,NaN,NaN
NaN,NaN,873.090000,231.200000,NaN,NaN
NaN,NaN,873.120000,231.220000,NaN,NaN
NaN,NaN,873.100000,231.160000,NaN,NaN
NaN,NaN,873.100000,231.150000,NaN,NaN
NaN,NaN,873.130000,231.200000,NaN,NaN
NaN,NaN,873.130000,231.250000,NaN,NaN
NaN,NaN,873.130000,231.220000,NaN,NaN
NaN,NaN,873.150000,231.240000,NaN,NaN
NaN,NaN,873.120000,231.270000,NaN,NaN
NaN,NaN,873.100000,231.170000,NaN,NaN
NaN,NaN,873.100000,231.220000,NaN,NaN
NaN,NaN,873.100000,231.230000,NaN,NaN
NaN,NaN,873.100000,231.300000,NaN,NaN
NaN,NaN,873.130000,231.360000,NaN,NaN
NaN,NaN,873.140000,231.390000,NaN,NaN
NaN,NaN,873.150000,231.310000,NaN,NaN
NaN,NaN,873.180000,231.320000,NaN,NaN
NaN,NaN,873.170000,231.330000,NaN,NaN
NaN,NaN,873.150000,231.280000,NaN,NaN
NaN,NaN,873.130000,231.390000,NaN,NaN
NaN,NaN,873.180000,231.300000,NaN,NaN
NaN,NaN,873.150000,231.350000,NaN,NaN
NaN,NaN,873.150000,231.300000,NaN,NaN
NaN,NaN,873.160000,231.370000,NaN,NaN
NaN,NaN,873.170000,231.460000,NaN,NaN
NaN,NaN,873.180000,231.700000,NaN,NaN
NaN,NaN,873.180000,231.660000,NaN,NaN
NaN,NaN,873.190000,231.660000,NaN,NaN
NaN,NaN,873.220000,231.730000,NaN,NaN
NaN,NaN,873.190000,231.720000,NaN,NaN
NaN,NaN,873.160000,231.720000,NaN,NaN
NaN,NaN,873.160000,231.670000,NaN,NaN
NaN,NaN,873.190000,231.740000,NaN,NaN
NaN,NaN,873.160000,231.770000,NaN,NaN
NaN,NaN,873.170000,231.740000,NaN,NaN
NaN,NaN,873.200000,231.780000,NaN,NaN
NaN,NaN,873.230000,231.800000,NaN,NaN
NaN,NaN,873.260000,231.860000,NaN,NaN
NaN,NaN,873.240000,231.920000,NaN,NaN
NaN,NaN,873.200000,231.870000,NaN,NaN
NaN,NaN,873.230000,231.840000,NaN,NaN
NaN,NaN,873.200000,231.810000,NaN,NaN
NaN,NaN,873.220000,231.800000,NaN,NaN
NaN,NaN,873.200000,231.760000,NaN,NaN
NaN,NaN,873.230000,231.770000,NaN,NaN
NaN,NaN,873.200000,231.850000,NaN,NaN
NaN,NaN,873.220000,231.860000,NaN,NaN
NaN,NaN,873.240000,231.820000,NaN,NaN
NaN,NaN,873.260000,231.840000,NaN,NaN
NaN,NaN,873.220000,231.830000,NaN,NaN
NaN,NaN,873.220000,231.790000,NaN,NaN
NaN,NaN,873.240000,231.800000,NaN,NaN
NaN,NaN,873.230000,231.860000,NaN,NaN
NaN,NaN,873.250000,231.820000,NaN,NaN
NaN,NaN,873.300000,231.860000,NaN,NaN
NaN,NaN,873.290000,231.870000,NaN,NaN
NaN,NaN,873.330000,231.910000,NaN,NaN
NaN,NaN,873.310000,231.890000,NaN,NaN
NaN,NaN,873.330000,231.920000,NaN,NaN
NaN,NaN,873.350000,231.900000,NaN,NaN
NaN,NaN,873.320000,231.900000,NaN,NaN
NaN,NaN,873.330000,231.850000,NaN,NaN
NaN,NaN,873.330000,231.920000,NaN,NaN
NaN,NaN,873.360000,231.920000,NaN,NaN
NaN,NaN,873.350000,231.890000,NaN,NaN
NaN,NaN,873.360000,231.900000,NaN,NaN
NaN,NaN,873.370000,231.940000,NaN,NaN
NaN,NaN,873.360000,231.920000,NaN,NaN
NaN,NaN,873.330000,231.870000,NaN,NaN
NaN,NaN,873.360000,231.910000,NaN,NaN
NaN,NaN,873.350000,232.000000,NaN,NaN
NaN,NaN,873.340000,231.920000,NaN,NaN
NaN,NaN,873.400000,231.990000,NaN,NaN
NaN,NaN,873.400000,232.000000,NaN,NaN
NaN,NaN,873.460000,231.980000,NaN,NaN
NaN,NaN,874.080000,231.980000,NaN,NaN
NaN,NaN,874.700000,232.080000,NaN,NaN
NaN,NaN,874.680000,232.090000,NaN,NaN
NaN,NaN,874.680000,232.070000,NaN,NaN
NaN,NaN,NaN,NaN,NaN,NaN
NaN,NaN,NaN,NaN,NaN,NaN
NaN,NaN,NaN,NaN,NaN,NaN
NaN,NaN,NaN,NaN,NaN,NaN
NaN,NaN,NaN,NaN,NaN,NaN
NaN,NaN,NaN,NaN,NaN,NaN
NaN,NaN,NaN,NaN,NaN,NaN
NaN,NaN,NaN,NaN,NaN,NaN
NaN,NaN,NaN,NaN,NaN,NaN
NaN,NaN,NaN,NaN,NaN,NaN
NaN,NaN,NaN,NaN,NaN,NaN
NaN,NaN,NaN,NaN,NaN,NaN
NaN,NaN,NaN,NaN,NaN,NaN
NaN,NaN,NaN,NaN,NaN,NaN
NaN,NaN,NaN,NaN,NaN,NaN
NaN,NaN,NaN,NaN,NaN,NaN
NaN,NaN,NaN,NaN,NaN,NaN
NaN,NaN,NaN,NaN,NaN,NaN
NaN,NaN,NaN,NaN,NaN,NaN
NaN,NaN,NaN,NaN,NaN,NaN
NaN,NaN,NaN,NaN,NaN,NaN
NaN,NaN,NaN,NaN,NaN,NaN
NaN,NaN,NaN,NaN,NaN,NaN
NaN,NaN,NaN,NaN,NaN,NaN
NaN,NaN,NaN,NaN,NaN,NaN
NaN,NaN,NaN,NaN,NaN,NaN
NaN,NaN,NaN,NaN,NaN,NaN
NaN,NaN,NaN,NaN,NaN,NaN
NaN,NaN,NaN,NaN,NaN,NaN
NaN,NaN,NaN,NaN,NaN,NaN
NaN,NaN,NaN,NaN,NaN,NaN
NaN,NaN,NaN,NaN,NaN,NaN
NaN,NaN,NaN,NaN,NaN,NaN
NaN,NaN,NaN,NaN,NaN,NaN
NaN,NaN,NaN,NaN,NaN,NaN
NaN,NaN,NaN,NaN,NaN,NaN
NaN,NaN,NaN,NaN,NaN,NaN
NaN,NaN,NaN,NaN,NaN,NaN
NaN,NaN,NaN,NaN,NaN,NaN
NaN,NaN,NaN,NaN,NaN,NaN
NaN,NaN,NaN,NaN,NaN,NaN
NaN,NaN,NaN,NaN,NaN,NaN
NaN,NaN,NaN,NaN,NaN,NaN
NaN,NaN,NaN,NaN,NaN,NaN
NaN,NaN,NaN,NaN,NaN,NaN
NaN,NaN,NaN,NaN,NaN,NaN
NaN,NaN,NaN,NaN,NaN,NaN
NaN,NaN,NaN,NaN,NaN,NaN
NaN,NaN,NaN,NaN,NaN,NaN
NaN,NaN,NaN,NaN,NaN,NaN
NaN,NaN,NaN,NaN,NaN,NaN
NaN,NaN,NaN,NaN,NaN,NaN
NaN,NaN,NaN,NaN,NaN,NaN
NaN,NaN,NaN,NaN,NaN,NaN
NaN,NaN,NaN,NaN,NaN,NaN
NaN,NaN,NaN,NaN,NaN,NaN
NaN,NaN,NaN,NaN,NaN,NaN
NaN,NaN,NaN,NaN,NaN,NaN
NaN,NaN,NaN,NaN,NaN,NaN
NaN,NaN,NaN,NaN,NaN,NaN
NaN,NaN,NaN,NaN,NaN,NaN
NaN,NaN,NaN,NaN,NaN,NaN
NaN,NaN,NaN,NaN,NaN,NaN
NaN,NaN,NaN,NaN,NaN,NaN
NaN,NaN,NaN,NaN,NaN,NaN
NaN,NaN,NaN,NaN,NaN,NaN
NaN,NaN,NaN,NaN,NaN,NaN
NaN,NaN,NaN,NaN,NaN,NaN
NaN,NaN,NaN,NaN,NaN,NaN
NaN,NaN,NaN,NaN,NaN,NaN
NaN,NaN,NaN,NaN,NaN,NaN
NaN,NaN,NaN,NaN,NaN,NaN
NaN,NaN,NaN,NaN,NaN,NaN
NaN,NaN,NaN,NaN,NaN,NaN
NaN,NaN,NaN,NaN,NaN,NaN
NaN,NaN,NaN,NaN,NaN,NaN
NaN,NaN,NaN,NaN,NaN,NaN
NaN,NaN,NaN,NaN,NaN,NaN
NaN,NaN,NaN,NaN,NaN,NaN
NaN,NaN,NaN,NaN,NaN,NaN
NaN,NaN,NaN,NaN,NaN,NaN
NaN,NaN,NaN,NaN,NaN,NaN
NaN,NaN,NaN,NaN,NaN,NaN
NaN,NaN,NaN,NaN,NaN,NaN
NaN,NaN,NaN,NaN,NaN,NaN
NaN,NaN,NaN,NaN,NaN,NaN
NaN,NaN,NaN,NaN,NaN,NaN
NaN,NaN,NaN,NaN,NaN,NaN
NaN,NaN,NaN,NaN,NaN,NaN
NaN,NaN,NaN,NaN,NaN,NaN
NaN,NaN,NaN,NaN,NaN,NaN
NaN,NaN,NaN,NaN,NaN,NaN
NaN,NaN,NaN,NaN,NaN,NaN
NaN,NaN,NaN,NaN,NaN,NaN
NaN,NaN,NaN,NaN,NaN,NaN
NaN,NaN,NaN,NaN,NaN,NaN
NaN,NaN,NaN,NaN,NaN,NaN
NaN,NaN,NaN,NaN,NaN,NaN
NaN,NaN,NaN,NaN,NaN,NaN
NaN,NaN,NaN,NaN,NaN,NaN
NaN,NaN,NaN,NaN,NaN,NaN
NaN,NaN,NaN,NaN,NaN,NaN
NaN,NaN,NaN,NaN,NaN,NaN
NaN,NaN,NaN,NaN,NaN,NaN
NaN,NaN,NaN,NaN,NaN,NaN
NaN,NaN,NaN,NaN,NaN,NaN
NaN,NaN,NaN,NaN,NaN,NaN
NaN,NaN,NaN,NaN,NaN,NaN
NaN,NaN,NaN,NaN,NaN,NaN
NaN,NaN,NaN,NaN,NaN,NaN
NaN,NaN,NaN,NaN,NaN,NaN
NaN,NaN,NaN,NaN,NaN,NaN
NaN,NaN,NaN,NaN,NaN,NaN
NaN,NaN,NaN,NaN,NaN,NaN
NaN,NaN,NaN,NaN,NaN,NaN
NaN,NaN,NaN,NaN,NaN,NaN
NaN,NaN,NaN,NaN,NaN,NaN
NaN,NaN,NaN,NaN,NaN,NaN
NaN,NaN,NaN,NaN,NaN,NaN
NaN,NaN,NaN,NaN,NaN,NaN
NaN,NaN,NaN,NaN,NaN,NaN
NaN,NaN,NaN,NaN,NaN,NaN
NaN,NaN,NaN,NaN,NaN,NaN
NaN,NaN,NaN,NaN,NaN,NaN
NaN,NaN,NaN,NaN,NaN,NaN
NaN,NaN,NaN,NaN,NaN,NaN
NaN,NaN,NaN,NaN,NaN,NaN
NaN,NaN,NaN,NaN,NaN,NaN
NaN,NaN,NaN,NaN,NaN,NaN
NaN,NaN,NaN,NaN,NaN,NaN
NaN,NaN,NaN,NaN,NaN,NaN
NaN,NaN,NaN,NaN,NaN,NaN
NaN,NaN,NaN,NaN,NaN,NaN
NaN,NaN,NaN,NaN,NaN,NaN
NaN,NaN,NaN,NaN,NaN,NaN
NaN,NaN,NaN,NaN,NaN,NaN
NaN,NaN,NaN,NaN,NaN,NaN
NaN,NaN,NaN,NaN,NaN,NaN
NaN,NaN,NaN,NaN,NaN,NaN
NaN,NaN,NaN,NaN,NaN,NaN
NaN,NaN,NaN,NaN,NaN,NaN
NaN,NaN,NaN,NaN,NaN,NaN
NaN,NaN,NaN,NaN,NaN,NaN
NaN,NaN,NaN,NaN,NaN,NaN
NaN,NaN,NaN,NaN,NaN,NaN
NaN,NaN,NaN,NaN,NaN,NaN
NaN,NaN,NaN,NaN,NaN,NaN
NaN,NaN,NaN,NaN,NaN,NaN
NaN,NaN,NaN,NaN,NaN,NaN
NaN,NaN,NaN,NaN,NaN,NaN
NaN,NaN,NaN,NaN,NaN,NaN
NaN,NaN,NaN,NaN,NaN,NaN
NaN,NaN,NaN,NaN,NaN,NaN
NaN,NaN,NaN,NaN,NaN,NaN
NaN,NaN,NaN,NaN,NaN,NaN
NaN,NaN,NaN,NaN,NaN,NaN
NaN,NaN,NaN,NaN,NaN,NaN
NaN,NaN,NaN,NaN,NaN,NaN
NaN,NaN,NaN,NaN,NaN,NaN
NaN,NaN,NaN,NaN,NaN,NaN
NaN,NaN,NaN,NaN,NaN,NaN
NaN,NaN,NaN,NaN,NaN,NaN
NaN,NaN,NaN,NaN,NaN,NaN
NaN,NaN,NaN,NaN,NaN,NaN
NaN,NaN,NaN,NaN,NaN,NaN
NaN,NaN,NaN,NaN,NaN,NaN
NaN,NaN,NaN,NaN,NaN,NaN
NaN,NaN,NaN,NaN,NaN,NaN
NaN,NaN,NaN,NaN,NaN,NaN
NaN,NaN,NaN,NaN,NaN,NaN
NaN,NaN,NaN,NaN,NaN,NaN
NaN,NaN,NaN,NaN,NaN,NaN
NaN,NaN,NaN,NaN,NaN,NaN
NaN,NaN,NaN,NaN,NaN,NaN
NaN,NaN,NaN,NaN,NaN,NaN
NaN,NaN,NaN,NaN,NaN,NaN
NaN,NaN,NaN,NaN,NaN,NaN
NaN,NaN,NaN,NaN,NaN,NaN
NaN,NaN,NaN,NaN,NaN,NaN
NaN,NaN,NaN,NaN,NaN,NaN
NaN,NaN,NaN,NaN,NaN,NaN
NaN,NaN,NaN,NaN,NaN,NaN
NaN,NaN,NaN,NaN,NaN,NaN
NaN,NaN,NaN,NaN,NaN,NaN
NaN,NaN,NaN,NaN,NaN,NaN
NaN,NaN,NaN,NaN,NaN,NaN
NaN,NaN,NaN,NaN,NaN,NaN
NaN,NaN,NaN,NaN,NaN,NaN
NaN,NaN,NaN,NaN,NaN,NaN
NaN,NaN,NaN,NaN,NaN,NaN
NaN,NaN,NaN,NaN,NaN,NaN
NaN,NaN,NaN,NaN,NaN,NaN
NaN,NaN,NaN,NaN,NaN,NaN
NaN,NaN,NaN,NaN,NaN,NaN
NaN,NaN,NaN,NaN,NaN,NaN
NaN,NaN,NaN,NaN,NaN,NaN
NaN,NaN,NaN,NaN,NaN,NaN
NaN,NaN,NaN,NaN,NaN,NaN
NaN,NaN,NaN,NaN,NaN,NaN
NaN,NaN,NaN,NaN,NaN,NaN
NaN,NaN,NaN,NaN,NaN,NaN
NaN,NaN,NaN,NaN,NaN,NaN
NaN,NaN,NaN,NaN,NaN,NaN
NaN,NaN,NaN,NaN,NaN,NaN
NaN,NaN,NaN,NaN,NaN,NaN
NaN,NaN,NaN,NaN,NaN,NaN
NaN,NaN,NaN,NaN,NaN,NaN
NaN,NaN,NaN,NaN,NaN,NaN
NaN,NaN,NaN,NaN,NaN,NaN
NaN,NaN,NaN,NaN,NaN,NaN
NaN,NaN,NaN,NaN,NaN,NaN
NaN,NaN,NaN,NaN,NaN,NaN
NaN,NaN,NaN,NaN,NaN,NaN
NaN,NaN,NaN,NaN,NaN,NaN
NaN,NaN,NaN,NaN,NaN,NaN
NaN,NaN,NaN,NaN,NaN,NaN
NaN,NaN,NaN,NaN,NaN,NaN
NaN,NaN,NaN,NaN,NaN,NaN
NaN,NaN,NaN,NaN,NaN,NaN
NaN,NaN,NaN,NaN,NaN,NaN
NaN,NaN,NaN,NaN,NaN,NaN
NaN,NaN,NaN,NaN,NaN,NaN
NaN,NaN,NaN,NaN,NaN,NaN
NaN,NaN,NaN,NaN,NaN,NaN
NaN,NaN,NaN,NaN,NaN,NaN
NaN,NaN,NaN,NaN,NaN,NaN
NaN,NaN,NaN,NaN,NaN,NaN
NaN,NaN,NaN,NaN,NaN,NaN
NaN,NaN,NaN,NaN,NaN,NaN
NaN,NaN,NaN,NaN,NaN,NaN
NaN,NaN,NaN,NaN,NaN,NaN
NaN,NaN,NaN,NaN,NaN,NaN
NaN,NaN,NaN,NaN,NaN,NaN
NaN,NaN,NaN,NaN,NaN,NaN
NaN,NaN,NaN,NaN,NaN,NaN
NaN,NaN,NaN,NaN,NaN,NaN
NaN,NaN,NaN,NaN,NaN,NaN
NaN,NaN,NaN,NaN,NaN,NaN
NaN,NaN,NaN,NaN,NaN,NaN
NaN,NaN,NaN,NaN,NaN,NaN
NaN,NaN,NaN,NaN,NaN,NaN
NaN,NaN,NaN,NaN,NaN,NaN
NaN,NaN,NaN,NaN,NaN,NaN
NaN,NaN,NaN,NaN,NaN,NaN
NaN,NaN,NaN,NaN,NaN,NaN
NaN,NaN,NaN,NaN,NaN,NaN
NaN,NaN,NaN,NaN,NaN,NaN
NaN,NaN,NaN,NaN,NaN,NaN
NaN,NaN,NaN,NaN,NaN,NaN
NaN,NaN,NaN,NaN,NaN,NaN
NaN,NaN,NaN,NaN,NaN,NaN
NaN,NaN,NaN,NaN,NaN,NaN
NaN,NaN,NaN,NaN,NaN,NaN
NaN,NaN,NaN,NaN,NaN,NaN
NaN,NaN,NaN,NaN,NaN,NaN
NaN,NaN,NaN,NaN,NaN,NaN
NaN,NaN,NaN,NaN,NaN,NaN
NaN,NaN,NaN,NaN,NaN,NaN
NaN,NaN,NaN,NaN,NaN,NaN
NaN,NaN,NaN,NaN,NaN,NaN
NaN,NaN,NaN,NaN,NaN,NaN
NaN,NaN,NaN,NaN,NaN,NaN
NaN,NaN,NaN,NaN,NaN,NaN
NaN,NaN,NaN,NaN,NaN,NaN
NaN,NaN,NaN,NaN,NaN,NaN
NaN,NaN,NaN,NaN,NaN,NaN
NaN,NaN,NaN,NaN,NaN,NaN
NaN,NaN,NaN,NaN,NaN,NaN
NaN,NaN,NaN,NaN,NaN,NaN
NaN,NaN,NaN,NaN,NaN,NaN
NaN,NaN,NaN,NaN,NaN,NaN
NaN,NaN,NaN,NaN,NaN,NaN
NaN,NaN,NaN,NaN,NaN,NaN
NaN,NaN,NaN,NaN,NaN,NaN
NaN,NaN,NaN,NaN,NaN,NaN
NaN,NaN,NaN,NaN,NaN,NaN
NaN,NaN,NaN,NaN,NaN,NaN
NaN,NaN,NaN,NaN,NaN,NaN
NaN,NaN,NaN,NaN,NaN,NaN
NaN,NaN,NaN,NaN,NaN,NaN
NaN,NaN,NaN,NaN,NaN,NaN
NaN,NaN,NaN,NaN,NaN,NaN
NaN,NaN,NaN,NaN,NaN,NaN
NaN,NaN,NaN,NaN,NaN,NaN
NaN,NaN,NaN,NaN,NaN,NaN
NaN,NaN,NaN,NaN,NaN,NaN
NaN,NaN,NaN,NaN,NaN,NaN
NaN,NaN,NaN,NaN,NaN,NaN
NaN,NaN,NaN,NaN,NaN,NaN
NaN,NaN,NaN,NaN,NaN,NaN
NaN,NaN,NaN,NaN,NaN,NaN
NaN,NaN,NaN,NaN,NaN,NaN
NaN,NaN,NaN,NaN,NaN,NaN
NaN,NaN,NaN,NaN,NaN,NaN
NaN,NaN,NaN,NaN,NaN,NaN
NaN,NaN,NaN,NaN,NaN,NaN
NaN,NaN,NaN,NaN,NaN,NaN
NaN,NaN,NaN,NaN,NaN,NaN
NaN,NaN,NaN,NaN,NaN,NaN
NaN,NaN,NaN,NaN,NaN,NaN
NaN,NaN,NaN,NaN,NaN,NaN
NaN,NaN,NaN,NaN,NaN,NaN
NaN,NaN,NaN,NaN,NaN,NaN
NaN,NaN,NaN,NaN,NaN,NaN
NaN,NaN,NaN,NaN,NaN,NaN
NaN,NaN,NaN,NaN,NaN,NaN
NaN,NaN,NaN,NaN,NaN,NaN
NaN,NaN,NaN,NaN,NaN,NaN
NaN,NaN,NaN,NaN,NaN,NaN
NaN,NaN,NaN,NaN,NaN,NaN
NaN,NaN,NaN,NaN,NaN,NaN
NaN,NaN,NaN,NaN,NaN,NaN
NaN,NaN,NaN,NaN,NaN,NaN
NaN,NaN,NaN,NaN,NaN,NaN
NaN,NaN,NaN,NaN,NaN,NaN
NaN,NaN,NaN,NaN,NaN,NaN
NaN,NaN,NaN,NaN,NaN,NaN
NaN,NaN,NaN,NaN,NaN,NaN
NaN,NaN,NaN,NaN,NaN,NaN
NaN,NaN,NaN,NaN,NaN,NaN
NaN,NaN,NaN,NaN,NaN,NaN
NaN,NaN,NaN,NaN,NaN,NaN
NaN,NaN,NaN,NaN,NaN,NaN
NaN,NaN,NaN,NaN,NaN,NaN
NaN,NaN,NaN,NaN,NaN,NaN
NaN,NaN,NaN,NaN,NaN,NaN
NaN,NaN,NaN,NaN,NaN,NaN
NaN,NaN,NaN,NaN,NaN,NaN
NaN,NaN,NaN,NaN,NaN,NaN
NaN,NaN,NaN,NaN,NaN,NaN
NaN,NaN,NaN,NaN,NaN,NaN
NaN,NaN,NaN,NaN,NaN,NaN
NaN,NaN,NaN,NaN,NaN,NaN
NaN,NaN,NaN,NaN,NaN,NaN
NaN,NaN,NaN,NaN,NaN,NaN
NaN,NaN,NaN,NaN,NaN,NaN
NaN,NaN,NaN,NaN,NaN,NaN
NaN,NaN,NaN,NaN,NaN,NaN
NaN,NaN,NaN,NaN,NaN,NaN
NaN,NaN,NaN,NaN,NaN,NaN
NaN,NaN,NaN,NaN,NaN,NaN
NaN,NaN,NaN,NaN,NaN,NaN
NaN,NaN,NaN,NaN,NaN,NaN
NaN,NaN,NaN,NaN,NaN,NaN
NaN,NaN,NaN,NaN,NaN,NaN
NaN,NaN,NaN,NaN,NaN,NaN
NaN,NaN,NaN,NaN,NaN,NaN
NaN,NaN,NaN,NaN,NaN,NaN
NaN,NaN,NaN,NaN,NaN,NaN
NaN,NaN,NaN,NaN,NaN,NaN
NaN,NaN,NaN,NaN,NaN,NaN
NaN,NaN,NaN,NaN,NaN,NaN
NaN,NaN,NaN,NaN,NaN,NaN
NaN,NaN,NaN,NaN,NaN,NaN
NaN,NaN,NaN,NaN,NaN,NaN
NaN,NaN,NaN,NaN,NaN,NaN
NaN,NaN,NaN,NaN,NaN,NaN
NaN,NaN,NaN,NaN,NaN,NaN
NaN,NaN,NaN,NaN,NaN,NaN
NaN,NaN,NaN,NaN,NaN,NaN
NaN,NaN,NaN,NaN,NaN,NaN
NaN,NaN,NaN,NaN,NaN,NaN
NaN,NaN,NaN,NaN,NaN,NaN
NaN,NaN,NaN,NaN,NaN,NaN
NaN,NaN,NaN,NaN,NaN,NaN
NaN,NaN,NaN,NaN,NaN,NaN
NaN,NaN,NaN,NaN,NaN,NaN
NaN,NaN,NaN,NaN,NaN,NaN
NaN,NaN,NaN,NaN,NaN,NaN
NaN,NaN,NaN,NaN,NaN,NaN
NaN,NaN,NaN,NaN,NaN,NaN
NaN,NaN,NaN,NaN,NaN,NaN
NaN,NaN,NaN,NaN,NaN,NaN
NaN,NaN,NaN,NaN,NaN,NaN
NaN,NaN,NaN,NaN,NaN,NaN
NaN,NaN,NaN,NaN,NaN,NaN
NaN,NaN,NaN,NaN,NaN,NaN
NaN,NaN,NaN,NaN,NaN,NaN
NaN,NaN,NaN,NaN,NaN,NaN
NaN,NaN,NaN,NaN,NaN,NaN
NaN,NaN,NaN,NaN,NaN,NaN
NaN,NaN,NaN,NaN,NaN,NaN
NaN,NaN,NaN,NaN,NaN,NaN
NaN,NaN,NaN,NaN,NaN,NaN
NaN,NaN,NaN,NaN,NaN,NaN
NaN,NaN,NaN,NaN,NaN,NaN
NaN,NaN,NaN,NaN,NaN,NaN
NaN,NaN,NaN,NaN,NaN,NaN
NaN,NaN,NaN,NaN,NaN,NaN
NaN,NaN,NaN,NaN,NaN,NaN
NaN,NaN,NaN,NaN,NaN,NaN
NaN,NaN,NaN,NaN,NaN,NaN
NaN,NaN,NaN,NaN,NaN,NaN
NaN,NaN,NaN,NaN,NaN,NaN
NaN,NaN,NaN,NaN,NaN,NaN
NaN,NaN,NaN,NaN,NaN,NaN
NaN,NaN,NaN,NaN,NaN,NaN
NaN,NaN,NaN,NaN,NaN,NaN
NaN,NaN,NaN,NaN,NaN,NaN
NaN,NaN,NaN,NaN,NaN,NaN
NaN,NaN,NaN,NaN,NaN,NaN
NaN,NaN,NaN,NaN,NaN,NaN
NaN,NaN,NaN,NaN,NaN,NaN
NaN,NaN,NaN,NaN,NaN,NaN
NaN,NaN,NaN,NaN,NaN,NaN
NaN,NaN,NaN,NaN,NaN,NaN
NaN,NaN,NaN,NaN,NaN,NaN
NaN,NaN,NaN,NaN,NaN,NaN
NaN,NaN,NaN,NaN,NaN,NaN
NaN,NaN,NaN,NaN,NaN,NaN
NaN,NaN,NaN,NaN,NaN,NaN
NaN,NaN,NaN,NaN,NaN,NaN
NaN,NaN,NaN,NaN,NaN,NaN
NaN,NaN,NaN,NaN,NaN,NaN
NaN,NaN,NaN,NaN,NaN,NaN
NaN,NaN,NaN,NaN,NaN,NaN
NaN,NaN,NaN,NaN,NaN,NaN
NaN,NaN,NaN,NaN,NaN,NaN
NaN,NaN,NaN,NaN,NaN,NaN
NaN,NaN,NaN,NaN,NaN,NaN
NaN,NaN,NaN,NaN,NaN,NaN
NaN,NaN,NaN,NaN,NaN,NaN
NaN,NaN,NaN,NaN,NaN,NaN
NaN,NaN,NaN,NaN,NaN,NaN
NaN,NaN,NaN,NaN,NaN,NaN
NaN,NaN,NaN,NaN,NaN,NaN
NaN,NaN,NaN,NaN,NaN,NaN
NaN,NaN,NaN,NaN,NaN,NaN
NaN,NaN,NaN,NaN,NaN,NaN
NaN,NaN,NaN,NaN,NaN,NaN
NaN,NaN,NaN,NaN,NaN,NaN
NaN,NaN,NaN,NaN,NaN,NaN
NaN,NaN,NaN,NaN,NaN,NaN
NaN,NaN,NaN,NaN,NaN,NaN
NaN,NaN,NaN,NaN,NaN,NaN
NaN,NaN,NaN,NaN,NaN,NaN
NaN,NaN,NaN,NaN,NaN,NaN
NaN,NaN,NaN,NaN,NaN,NaN
NaN,NaN,NaN,NaN,NaN,NaN
NaN,NaN,NaN,NaN,NaN,NaN
NaN,NaN,NaN,NaN,NaN,NaN
NaN,NaN,NaN,NaN,NaN,NaN
NaN,NaN,NaN,NaN,NaN,NaN
NaN,NaN,NaN,NaN,NaN,NaN
NaN,NaN,NaN,NaN,NaN,NaN
NaN,NaN,NaN,NaN,NaN,NaN
NaN,NaN,NaN,NaN,NaN,NaN
NaN,NaN,NaN,NaN,NaN,NaN
NaN,NaN,NaN,NaN,NaN,NaN
NaN,NaN,NaN,NaN,NaN,NaN
NaN,NaN,NaN,NaN,NaN,NaN
NaN,NaN,NaN,NaN,NaN,NaN
NaN,NaN,NaN,NaN,NaN,NaN
NaN,NaN,NaN,NaN,NaN,NaN
NaN,NaN,NaN,NaN,NaN,NaN
NaN,NaN,NaN,NaN,NaN,NaN
NaN,NaN,NaN,NaN,NaN,NaN
NaN,NaN,NaN,NaN,NaN,NaN
NaN,NaN,NaN,NaN,NaN,NaN
NaN,NaN,NaN,NaN,NaN,NaN
NaN,NaN,NaN,NaN,NaN,NaN
NaN,NaN,NaN,NaN,NaN,NaN
NaN,NaN,NaN,NaN,NaN,NaN
NaN,NaN,NaN,NaN,NaN,NaN
NaN,NaN,NaN,NaN,NaN,NaN
NaN,NaN,NaN,NaN,NaN,NaN
NaN,NaN,NaN,NaN,NaN,NaN
NaN,NaN,NaN,NaN,NaN,NaN
NaN,NaN,NaN,NaN,NaN,NaN
NaN,NaN,NaN,NaN,NaN,NaN
NaN,NaN,NaN,NaN,NaN,NaN
NaN,NaN,NaN,NaN,NaN,NaN
NaN,NaN,NaN,NaN,NaN,NaN
NaN,NaN,NaN,NaN,NaN,NaN
NaN,NaN,NaN,NaN,NaN,NaN
NaN,NaN,NaN,NaN,NaN,NaN
NaN,NaN,NaN,NaN,NaN,NaN
NaN,NaN,NaN,NaN,NaN,NaN
NaN,NaN,NaN,NaN,NaN,NaN
NaN,NaN,NaN,NaN,NaN,NaN
NaN,NaN,NaN,NaN,NaN,NaN
NaN,NaN,NaN,NaN,NaN,NaN
NaN,NaN,NaN,NaN,NaN,NaN
NaN,NaN,NaN,NaN,NaN,NaN
NaN,NaN,NaN,NaN,NaN,NaN
NaN,NaN,NaN,NaN,NaN,NaN
NaN,NaN,NaN,NaN,NaN,NaN
NaN,NaN,NaN,NaN,NaN,NaN
NaN,NaN,NaN,NaN,NaN,NaN
NaN,NaN,NaN,NaN,NaN,NaN
NaN,NaN,NaN,NaN,NaN,NaN
NaN,NaN,NaN,NaN,NaN,NaN
NaN,NaN,NaN,NaN,NaN,NaN
NaN,NaN,NaN,NaN,NaN,NaN
NaN,NaN,NaN,NaN,NaN,NaN
NaN,NaN,NaN,NaN,NaN,NaN
NaN,NaN,NaN,NaN,NaN,NaN
NaN,NaN,NaN,NaN,NaN,NaN
NaN,NaN,NaN,NaN,NaN,NaN
NaN,NaN,NaN,NaN,NaN,NaN
NaN,NaN,NaN,NaN,NaN,NaN
NaN,NaN,NaN,NaN,NaN,NaN
NaN,NaN,NaN,NaN,NaN,NaN
NaN,NaN,NaN,NaN,NaN,NaN
NaN,NaN,NaN,NaN,NaN,NaN
NaN,NaN,NaN,NaN,NaN,NaN
NaN,NaN,NaN,NaN,NaN,NaN
NaN,NaN,NaN,NaN,NaN,NaN
NaN,NaN,NaN,NaN,NaN,NaN
NaN,NaN,NaN,NaN,NaN,NaN
NaN,NaN,NaN,NaN,NaN,NaN
NaN,NaN,NaN,NaN,NaN,NaN
NaN,NaN,NaN,NaN,NaN,NaN
NaN,NaN,NaN,NaN,NaN,NaN
NaN,NaN,NaN,NaN,NaN,NaN
NaN,NaN,NaN,NaN,NaN,NaN
NaN,NaN,NaN,NaN,NaN,NaN
NaN,NaN,NaN,NaN,NaN,NaN
NaN,NaN,NaN,NaN,NaN,NaN
NaN,NaN,NaN,NaN,NaN,NaN
NaN,NaN,NaN,NaN,NaN,NaN
NaN,NaN,NaN,NaN,NaN,NaN
NaN,NaN,NaN,NaN,NaN,NaN
NaN,NaN,NaN,NaN,NaN,NaN
NaN,NaN,NaN,NaN,NaN,NaN
NaN,NaN,NaN,NaN,NaN,NaN
NaN,NaN,NaN,NaN,NaN,NaN
NaN,NaN,NaN,NaN,NaN,NaN
NaN,NaN,NaN,NaN,NaN,NaN
NaN,NaN,NaN,NaN,NaN,NaN
NaN,NaN,NaN,NaN,NaN,NaN
NaN,NaN,NaN,NaN,NaN,NaN
NaN,NaN,NaN,NaN,NaN,NaN
NaN,NaN,NaN,NaN,NaN,NaN
NaN,NaN,NaN,NaN,NaN,NaN
NaN,NaN,NaN,NaN,NaN,NaN
NaN,NaN,NaN,NaN,NaN,NaN
NaN,NaN,NaN,NaN,NaN,NaN
NaN,NaN,NaN,NaN,NaN,NaN
NaN,NaN,NaN,NaN,NaN,NaN
NaN,NaN,NaN,NaN,NaN,NaN
NaN,NaN,NaN,NaN,NaN,NaN
NaN,NaN,NaN,NaN,NaN,NaN
NaN,NaN,NaN,NaN,NaN,NaN
NaN,NaN,NaN,NaN,NaN,NaN
NaN,NaN,NaN,NaN,NaN,NaN
NaN,NaN,NaN,NaN,NaN,NaN
NaN,NaN,NaN,NaN,NaN,NaN
NaN,NaN,NaN,NaN,NaN,NaN
NaN,NaN,NaN,NaN,NaN,NaN
NaN,NaN,NaN,NaN,NaN,NaN
NaN,NaN,NaN,NaN,NaN,NaN
NaN,NaN,NaN,NaN,NaN,NaN
NaN,NaN,NaN,NaN,NaN,NaN
NaN,NaN,NaN,NaN,NaN,NaN
NaN,NaN,NaN,NaN,NaN,NaN
NaN,NaN,NaN,NaN,NaN,NaN
NaN,NaN,NaN,NaN,NaN,NaN
NaN,NaN,NaN,NaN,NaN,NaN
NaN,NaN,NaN,NaN,NaN,NaN
NaN,NaN,NaN,NaN,NaN,NaN
NaN,NaN,NaN,NaN,NaN,NaN
NaN,NaN,NaN,NaN,NaN,NaN
NaN,NaN,NaN,NaN,NaN,NaN
NaN,NaN,NaN,NaN,NaN,NaN
NaN,NaN,NaN,NaN,NaN,NaN
NaN,NaN,NaN,NaN,NaN,NaN
NaN,NaN,NaN,NaN,NaN,NaN
NaN,NaN,NaN,NaN,NaN,NaN
NaN,NaN,NaN,NaN,NaN,NaN
NaN,NaN,NaN,NaN,NaN,NaN
NaN,NaN,NaN,NaN,NaN,NaN
NaN,NaN,NaN,NaN,NaN,NaN
NaN,NaN,NaN,NaN,NaN,NaN
NaN,NaN,NaN,NaN,NaN,NaN
NaN,NaN,NaN,NaN,NaN,NaN
NaN,NaN,NaN,NaN,NaN,NaN
NaN,NaN,NaN,NaN,NaN,NaN
NaN,NaN,NaN,NaN,NaN,NaN
NaN,NaN,NaN,NaN,NaN,NaN
NaN,NaN,NaN,NaN,NaN,NaN
NaN,NaN,NaN,NaN,NaN,NaN
NaN,NaN,NaN,NaN,NaN,NaN
NaN,NaN,NaN,NaN,NaN,NaN
NaN,NaN,NaN,NaN,NaN,NaN
NaN,NaN,NaN,NaN,NaN,NaN
NaN,NaN,NaN,NaN,NaN,NaN
NaN,NaN,NaN,NaN,NaN,NaN
NaN,NaN,NaN,NaN,NaN,NaN
NaN,NaN,NaN,NaN,NaN,NaN
NaN,NaN,NaN,NaN,NaN,NaN
NaN,NaN,NaN,NaN,NaN,NaN
NaN,NaN,NaN,NaN,NaN,NaN
NaN,NaN,NaN,NaN,NaN,NaN
NaN,NaN,NaN,NaN,NaN,NaN
NaN,NaN,NaN,NaN,NaN,NaN
NaN,NaN,NaN,NaN,NaN,NaN
NaN,NaN,NaN,NaN,NaN,NaN
NaN,NaN,NaN,NaN,NaN,NaN
NaN,NaN,NaN,NaN,NaN,NaN
NaN,NaN,NaN,NaN,NaN,NaN
NaN,NaN,NaN,NaN,NaN,NaN
NaN,NaN,NaN,NaN,NaN,NaN
NaN,NaN,NaN,NaN,NaN,NaN
NaN,NaN,NaN,NaN,NaN,NaN
NaN,NaN,NaN,NaN,NaN,NaN
NaN,NaN,NaN,NaN,NaN,NaN
NaN,NaN,NaN,NaN,NaN,NaN
NaN,NaN,NaN,NaN,NaN,NaN
NaN,NaN,NaN,NaN,NaN,NaN
NaN,NaN,NaN,NaN,NaN,NaN
NaN,NaN,NaN,NaN,NaN,NaN
NaN,NaN,NaN,NaN,NaN,NaN
NaN,NaN,NaN,NaN,NaN,NaN
NaN,NaN,NaN,NaN,NaN,NaN
NaN,NaN,NaN,NaN,NaN,NaN
NaN,NaN,NaN,NaN,NaN,NaN
NaN,NaN,NaN,NaN,NaN,NaN
NaN,NaN,NaN,NaN,NaN,NaN
NaN,NaN,NaN,NaN,NaN,NaN
NaN,NaN,NaN,NaN,NaN,NaN
NaN,NaN,NaN,NaN,NaN,NaN
NaN,NaN,NaN,NaN,NaN,NaN
NaN,NaN,NaN,NaN,NaN,NaN
NaN,NaN,NaN,NaN,NaN,NaN
NaN,NaN,NaN,NaN,NaN,NaN
NaN,NaN,NaN,NaN,NaN,NaN
NaN,NaN,NaN,NaN,NaN,NaN
NaN,NaN,NaN,NaN,NaN,NaN
NaN,NaN,NaN,NaN,NaN,NaN
NaN,NaN,NaN,NaN,NaN,NaN
NaN,NaN,NaN,NaN,NaN,NaN
NaN,NaN,NaN,NaN,NaN,NaN
NaN,NaN,NaN,NaN,NaN,NaN
NaN,NaN,NaN,NaN,NaN,NaN
NaN,NaN,NaN,NaN,NaN,NaN
NaN,NaN,NaN,NaN,NaN,NaN
NaN,NaN,NaN,NaN,NaN,NaN
NaN,NaN,NaN,NaN,NaN,NaN
NaN,NaN,NaN,NaN,NaN,NaN
NaN,NaN,NaN,NaN,NaN,NaN
NaN,NaN,NaN,NaN,NaN,NaN
NaN,NaN,NaN,NaN,NaN,NaN
NaN,NaN,NaN,NaN,NaN,NaN
NaN,NaN,NaN,NaN,NaN,NaN
NaN,NaN,NaN,NaN,NaN,NaN
NaN,NaN,NaN,NaN,NaN,NaN
NaN,NaN,NaN,NaN,NaN,NaN
NaN,NaN,NaN,NaN,NaN,NaN
NaN,NaN,NaN,NaN,NaN,NaN
NaN,NaN,NaN,NaN,NaN,NaN
NaN,NaN,NaN,NaN,NaN,NaN
NaN,NaN,NaN,NaN,NaN,NaN
NaN,NaN,NaN,NaN,NaN,NaN
NaN,NaN,NaN,NaN,NaN,NaN
NaN,NaN,NaN,NaN,NaN,NaN
NaN,NaN,NaN,NaN,NaN,NaN
NaN,NaN,NaN,NaN,NaN,NaN
NaN,NaN,NaN,NaN,NaN,NaN
NaN,NaN,NaN,NaN,NaN,NaN
NaN,NaN,NaN,NaN,NaN,NaN
NaN,NaN,NaN,NaN,NaN,NaN
NaN,NaN,NaN,NaN,NaN,NaN
NaN,NaN,NaN,NaN,NaN,NaN
NaN,NaN,NaN,NaN,NaN,NaN
NaN,NaN,NaN,NaN,NaN,NaN
NaN,NaN,NaN,NaN,NaN,NaN
NaN,NaN,NaN,NaN,NaN,NaN
NaN,NaN,NaN,NaN,NaN,NaN
NaN,NaN,NaN,NaN,NaN,NaN
NaN,NaN,NaN,NaN,NaN,NaN
NaN,NaN,NaN,NaN,NaN,NaN
NaN,NaN,NaN,NaN,NaN,NaN
NaN,NaN,NaN,NaN,NaN,NaN
NaN,NaN,NaN,NaN,NaN,NaN
NaN,NaN,NaN,NaN,NaN,NaN
NaN,NaN,NaN,NaN,NaN,NaN
NaN,NaN,NaN,NaN,NaN,NaN
NaN,NaN,NaN,NaN,NaN,NaN
NaN,NaN,NaN,NaN,NaN,NaN
