pt1_cam1_X,pt1_cam1_Y,pt2_cam1_X,pt2_cam1_Y,pt3_cam1_X,pt3_cam1_Y
NaN,NaN,NaN,NaN,NaN,NaN
NaN,NaN,NaN,NaN,NaN,NaN
NaN,NaN,NaN,NaN,NaN,NaN
NaN,NaN,NaN,NaN,NaN,NaN
NaN,NaN,NaN,NaN,NaN,NaN
NaN,NaN,NaN,NaN,NaN,NaN
NaN,NaN,NaN,NaN,NaN,NaN
NaN,NaN,NaN,NaN,NaN,NaN
NaN,NaN,NaN,NaN,NaN,NaN
NaN,NaN,NaN,NaN,NaN,NaN
NaN,NaN,NaN,NaN,NaN,NaN
NaN,NaN,NaN,NaN,NaN,NaN
NaN,NaN,NaN,NaN,NaN,NaN
NaN,NaN,NaN,NaN,NaN,NaN
NaN,NaN,NaN,NaN,NaN,NaN
NaN,NaN,NaN,NaN,NaN,NaN
NaN,NaN,NaN,NaN,NaN,NaN
NaN,NaN,NaN,NaN,NaN,NaN
NaN,NaN,NaN,NaN,NaN,NaN
NaN,NaN,NaN,NaN,NaN,NaN
NaN,NaN,NaN,NaN,NaN,NaN
NaN,NaN,NaN,NaN,NaN,NaN
NaN,NaN,NaN,NaN,NaN,NaN
NaN,NaN,NaN,NaN,NaN,NaN
NaN,NaN,NaN,NaN,NaN,NaN
NaN,NaN,NaN,NaN,NaN,NaN
NaN,NaN,NaN,NaN,NaN,NaN
NaN,NaN,NaN,NaN,NaN,NaN
NaN,NaN,NaN,NaN,NaN,NaN
NaN,NaN,NaN,NaN,NaN,NaN
NaN,NaN,NaN,NaN,NaN,NaN
NaN,NaN,NaN,NaN,NaN,NaN
NaN,NaN,NaN,NaN,NaN,NaN
NaN,NaN,NaN,NaN,NaN,NaN
NaN,NaN,NaN,NaN,NaN,NaN
NaN,NaN,NaN,NaN,NaN,NaN
NaN,NaN,NaN,NaN,NaN,NaN
NaN,NaN,NaN,NaN,NaN,NaN
NaN,NaN,NaN,NaN,NaN,NaN
NaN,NaN,NaN,NaN,NaN,NaN
NaN,NaN,NaN,NaN,NaN,NaN
NaN,NaN,NaN,NaN,NaN,NaN
NaN,NaN,NaN,NaN,NaN,NaN
NaN,NaN,NaN,NaN,NaN,NaN
NaN,NaN,NaN,NaN,NaN,NaN
NaN,NaN,NaN,NaN,NaN,NaN
NaN,NaN,NaN,NaN,NaN,NaN
NaN,NaN,NaN,NaN,NaN,NaN
NaN,NaN,NaN,NaN,NaN,NaN
NaN,NaN,NaN,NaN,NaN,NaN
NaN,NaN,NaN,NaN,NaN,NaN
NaN,NaN,NaN,NaN,NaN,NaN
NaN,NaN,NaN,NaN,NaN,NaN
NaN,NaN,NaN,NaN,NaN,NaN
NaN,NaN,NaN,NaN,NaN,NaN
NaN,NaN,NaN,NaN,NaN,NaN
NaN,NaN,NaN,NaN,NaN,NaN
NaN,NaN,NaN,NaN,NaN,NaN
NaN,NaN,NaN,NaN,NaN,NaN
NaN,NaN,NaN,NaN,NaN,NaN
NaN,NaN,NaN,NaN,NaN,NaN
NaN,NaN,NaN,NaN,NaN,NaN
NaN,NaN,NaN,NaN,NaN,NaN
NaN,NaN,NaN,NaN,NaN,NaN
NaN,NaN,NaN,NaN,NaN,NaN
NaN,NaN,NaN,NaN,NaN,NaN
NaN,NaN,NaN,NaN,NaN,NaN
NaN,NaN,NaN,NaN,NaN,NaN
NaN,NaN,NaN,NaN,NaN,NaN
NaN,NaN,NaN,NaN,NaN,NaN
NaN,NaN,NaN,NaN,NaN,NaN
NaN,NaN,NaN,NaN,NaN,NaN
NaN,NaN,NaN,NaN,NaN,NaN
NaN,NaN,NaN,NaN,NaN,NaN
NaN,NaN,NaN,NaN,NaN,NaN
NaN,NaN,NaN,NaN,NaN,NaN
NaN,NaN,NaN,NaN,NaN,NaN
NaN,NaN,NaN,NaN,NaN,NaN
NaN,NaN,NaN,NaN,NaN,NaN
NaN,NaN,NaN,NaN,NaN,NaN
NaN,NaN,NaN,NaN,NaN,NaN
NaN,NaN,NaN,NaN,NaN,NaN
NaN,NaN,NaN,NaN,NaN,NaN
NaN,NaN,NaN,NaN,NaN,NaN
NaN,NaN,NaN,NaN,NaN,NaN
NaN,NaN,NaN,NaN,397.221307,426.691977
NaN,NaN,NaN,NaN,397.000000,427.000000
NaN,NaN,NaN,NaN,397.000000,427.010000
NaN,NaN,NaN,NaN,397.000000,427.010000
NaN,NaN,NaN,NaN,397.000000,427.010000
NaN,NaN,NaN,NaN,397.000000,427.010000
NaN,NaN,NaN,NaN,397.000000,427.000000
NaN,NaN,NaN,NaN,397.000000,427.000000
NaN,NaN,NaN,NaN,397.000000,427.010000
NaN,NaN,NaN,NaN,397.000000,427.010000
NaN,NaN,NaN,NaN,397.000000,427.010000
NaN,NaN,NaN,NaN,397.000000,427.010000
NaN,NaN,NaN,NaN,397.010000,427.010000
NaN,NaN,NaN,NaN,397.000000,427.010000
NaN,NaN,NaN,NaN,397.010000,427.010000
NaN,NaN,NaN,NaN,397.010000,427.010000
NaN,NaN,NaN,NaN,397.010000,427.020000
NaN,NaN,NaN,NaN,397.000000,427.020000
NaN,NaN,NaN,NaN,397.010000,427.020000
NaN,NaN,NaN,NaN,397.010000,427.010000
NaN,NaN,NaN,NaN,396.980000,427.020000
NaN,NaN,NaN,NaN,396.990000,427.020000
NaN,NaN,NaN,NaN,397.000000,427.040000
NaN,NaN,NaN,NaN,397.000000,427.030000
NaN,NaN,NaN,NaN,397.000000,427.020000
NaN,NaN,NaN,NaN,397.000000,427.020000
NaN,NaN,NaN,NaN,396.990000,427.030000
NaN,NaN,NaN,NaN,396.990000,427.030000
NaN,NaN,NaN,NaN,396.990000,427.030000
NaN,NaN,NaN,NaN,397.000000,427.030000
NaN,NaN,NaN,NaN,397.000000,427.020000
NaN,NaN,NaN,NaN,397.000000,427.040000
NaN,NaN,NaN,NaN,397.000000,427.040000
NaN,NaN,NaN,NaN,397.000000,427.040000
NaN,NaN,NaN,NaN,396.990000,427.040000
NaN,NaN,NaN,NaN,397.000000,427.040000
NaN,NaN,NaN,NaN,397.000000,427.040000
NaN,NaN,NaN,NaN,397.000000,427.030000
NaN,NaN,NaN,NaN,397.010000,427.040000
NaN,NaN,NaN,NaN,397.010000,427.030000
NaN,NaN,NaN,NaN,397.010000,427.040000
NaN,NaN,NaN,NaN,397.000000,427.030000
NaN,NaN,NaN,NaN,397.000000,427.030000
NaN,NaN,NaN,NaN,397.010000,427.030000
NaN,NaN,NaN,NaN,397.010000,427.030000
NaN,NaN,NaN,NaN,396.990000,427.040000
NaN,NaN,NaN,NaN,397.000000,427.040000
NaN,NaN,NaN,NaN,396.990000,427.040000
NaN,NaN,NaN,NaN,396.990000,427.040000
NaN,NaN,NaN,NaN,396.990000,427.030000
NaN,NaN,NaN,NaN,396.990000,427.050000
NaN,NaN,NaN,NaN,397.010000,427.050000
NaN,NaN,NaN,NaN,397.000000,427.040000
NaN,NaN,NaN,NaN,397.000000,427.030000
NaN,NaN,NaN,NaN,397.000000,427.040000
NaN,NaN,NaN,NaN,397.000000,427.040000
NaN,NaN,NaN,NaN,396.990000,427.040000
NaN,NaN,NaN,NaN,396.990000,427.040000
NaN,NaN,NaN,NaN,396.990000,427.040000
NaN,NaN,NaN,NaN,396.990000,427.050000
NaN,NaN,NaN,NaN,397.000000,427.040000
NaN,NaN,NaN,NaN,396.990000,427.050000
NaN,NaN,NaN,NaN,396.990000,427.050000
NaN,NaN,NaN,NaN,397.000000,427.050000
NaN,NaN,NaN,NaN,396.990000,427.040000
NaN,NaN,NaN,NaN,397.000000,427.050000
NaN,NaN,NaN,NaN,397.000000,427.050000
NaN,NaN,NaN,NaN,396.990000,427.050000
NaN,NaN,NaN,NaN,396.990000,427.060000
NaN,NaN,NaN,NaN,396.990000,427.040000
NaN,NaN,NaN,NaN,396.990000,427.040000
NaN,NaN,NaN,NaN,396.990000,427.050000
NaN,NaN,NaN,NaN,396.990000,427.040000
NaN,NaN,NaN,NaN,396.980000,427.050000
NaN,NaN,NaN,NaN,396.980000,427.040000
NaN,NaN,NaN,NaN,396.990000,427.050000
NaN,NaN,NaN,NaN,397.000000,427.050000
NaN,NaN,NaN,NaN,396.990000,427.060000
NaN,NaN,NaN,NaN,396.990000,427.060000
NaN,NaN,NaN,NaN,396.990000,427.060000
NaN,NaN,NaN,NaN,396.980000,427.060000
NaN,NaN,NaN,NaN,396.980000,427.060000
NaN,NaN,NaN,NaN,396.980000,427.060000
NaN,NaN,NaN,NaN,396.980000,427.060000
NaN,NaN,NaN,NaN,396.980000,427.060000
NaN,NaN,NaN,NaN,396.980000,427.060000
NaN,NaN,NaN,NaN,396.980000,427.070000
NaN,NaN,NaN,NaN,396.980000,427.070000
NaN,NaN,NaN,NaN,396.980000,427.070000
NaN,NaN,NaN,NaN,396.990000,427.070000
NaN,NaN,NaN,NaN,396.980000,427.060000
NaN,NaN,NaN,NaN,396.980000,427.070000
NaN,NaN,NaN,NaN,396.980000,427.060000
NaN,NaN,NaN,NaN,396.980000,427.060000
NaN,NaN,NaN,NaN,396.980000,427.050000
NaN,NaN,NaN,NaN,396.980000,427.050000
NaN,NaN,NaN,NaN,396.980000,427.050000
NaN,NaN,NaN,NaN,396.980000,427.060000
NaN,NaN,NaN,NaN,396.990000,427.050000
NaN,NaN,NaN,NaN,396.980000,427.050000
NaN,NaN,NaN,NaN,396.980000,427.050000
NaN,NaN,NaN,NaN,396.990000,427.060000
NaN,NaN,NaN,NaN,396.980000,427.060000
NaN,NaN,NaN,NaN,396.980000,427.050000
NaN,NaN,NaN,NaN,396.990000,427.050000
NaN,NaN,NaN,NaN,396.980000,427.040000
NaN,NaN,NaN,NaN,396.980000,427.050000
NaN,NaN,NaN,NaN,396.990000,427.050000
NaN,NaN,NaN,NaN,396.980000,427.050000
NaN,NaN,NaN,NaN,396.980000,427.050000
NaN,NaN,NaN,NaN,396.990000,427.060000
NaN,NaN,NaN,NaN,396.990000,427.060000
NaN,NaN,NaN,NaN,396.980000,427.060000
NaN,NaN,NaN,NaN,396.990000,427.050000
NaN,NaN,NaN,NaN,396.990000,427.050000
NaN,NaN,NaN,NaN,396.990000,427.050000
NaN,NaN,NaN,NaN,397.000000,427.040000
NaN,NaN,NaN,NaN,397.000000,427.030000
NaN,NaN,NaN,NaN,397.000000,427.030000
NaN,NaN,NaN,NaN,397.010000,427.030000
NaN,NaN,NaN,NaN,397.000000,427.020000
NaN,NaN,NaN,NaN,397.010000,427.030000
NaN,NaN,NaN,NaN,397.010000,427.020000
NaN,NaN,NaN,NaN,397.010000,427.020000
NaN,NaN,NaN,NaN,397.020000,427.020000
NaN,NaN,NaN,NaN,397.030000,427.040000
NaN,NaN,NaN,NaN,397.010000,427.030000
NaN,NaN,NaN,NaN,397.010000,427.020000
NaN,NaN,NaN,NaN,397.010000,427.020000
NaN,NaN,NaN,NaN,397.010000,427.010000
NaN,NaN,NaN,NaN,397.000000,427.020000
NaN,NaN,NaN,NaN,397.010000,427.010000
NaN,NaN,NaN,NaN,397.000000,427.010000
NaN,NaN,NaN,NaN,397.010000,427.010000
NaN,NaN,NaN,NaN,397.010000,427.010000
NaN,NaN,NaN,NaN,397.020000,427.010000
NaN,NaN,NaN,NaN,397.020000,427.020000
NaN,NaN,NaN,NaN,397.020000,427.020000
NaN,NaN,NaN,NaN,397.000000,427.010000
NaN,NaN,NaN,NaN,397.000000,427.020000
NaN,NaN,NaN,NaN,397.010000,427.030000
NaN,NaN,NaN,NaN,397.010000,427.020000
NaN,NaN,NaN,NaN,397.010000,427.020000
NaN,NaN,NaN,NaN,397.000000,427.020000
NaN,NaN,NaN,NaN,397.010000,427.010000
NaN,NaN,NaN,NaN,397.020000,427.020000
NaN,NaN,NaN,NaN,397.010000,427.020000
NaN,NaN,NaN,NaN,397.010000,427.020000
NaN,NaN,NaN,NaN,397.010000,427.010000
NaN,NaN,NaN,NaN,397.010000,427.010000
NaN,NaN,NaN,NaN,397.020000,427.010000
NaN,NaN,NaN,NaN,397.010000,427.010000
NaN,NaN,NaN,NaN,397.020000,427.010000
NaN,NaN,NaN,NaN,397.010000,427.010000
NaN,NaN,NaN,NaN,397.010000,427.020000
NaN,NaN,NaN,NaN,397.010000,427.010000
NaN,NaN,NaN,NaN,397.010000,427.010000
NaN,NaN,NaN,NaN,397.020000,427.010000
NaN,NaN,NaN,NaN,397.020000,427.000000
NaN,NaN,NaN,NaN,397.020000,427.010000
NaN,NaN,NaN,NaN,397.020000,427.000000
NaN,NaN,NaN,NaN,397.010000,427.020000
NaN,NaN,NaN,NaN,397.010000,427.010000
NaN,NaN,NaN,NaN,397.010000,427.010000
NaN,NaN,NaN,NaN,397.010000,427.010000
NaN,NaN,NaN,NaN,397.010000,427.020000
NaN,NaN,NaN,NaN,397.010000,427.010000
NaN,NaN,NaN,NaN,397.010000,427.010000
NaN,NaN,NaN,NaN,397.020000,427.020000
NaN,NaN,NaN,NaN,397.010000,427.010000
NaN,NaN,NaN,NaN,397.010000,427.020000
NaN,NaN,NaN,NaN,397.010000,427.010000
NaN,NaN,NaN,NaN,397.010000,427.010000
NaN,NaN,NaN,NaN,397.010000,427.000000
NaN,NaN,NaN,NaN,397.010000,427.010000
NaN,NaN,NaN,NaN,397.010000,427.010000
NaN,NaN,NaN,NaN,397.010000,427.000000
NaN,NaN,NaN,NaN,397.000000,427.010000
NaN,NaN,NaN,NaN,397.010000,427.000000
NaN,NaN,NaN,NaN,397.010000,427.000000
NaN,NaN,NaN,NaN,397.000000,427.000000
NaN,NaN,NaN,NaN,397.010000,427.000000
NaN,NaN,NaN,NaN,397.020000,427.000000
NaN,NaN,NaN,NaN,397.020000,427.000000
NaN,NaN,NaN,NaN,397.020000,427.010000
NaN,NaN,NaN,NaN,396.990000,427.000000
NaN,NaN,NaN,NaN,397.000000,427.010000
NaN,NaN,NaN,NaN,397.000000,427.010000
NaN,NaN,NaN,NaN,397.000000,426.990000
NaN,NaN,NaN,NaN,397.000000,427.000000
NaN,NaN,NaN,NaN,397.010000,427.000000
NaN,NaN,NaN,NaN,397.000000,427.000000
NaN,NaN,NaN,NaN,397.000000,427.000000
NaN,NaN,NaN,NaN,397.000000,426.990000
NaN,NaN,NaN,NaN,396.990000,426.990000
NaN,NaN,NaN,NaN,396.990000,427.000000
NaN,NaN,NaN,NaN,397.000000,426.990000
NaN,NaN,NaN,NaN,397.010000,426.990000
NaN,NaN,NaN,NaN,397.010000,426.980000
NaN,NaN,NaN,NaN,397.010000,426.980000
NaN,NaN,NaN,NaN,397.010000,426.970000
NaN,NaN,NaN,NaN,397.000000,426.970000
NaN,NaN,NaN,NaN,397.010000,426.970000
NaN,NaN,NaN,NaN,397.010000,426.980000
NaN,NaN,NaN,NaN,397.010000,426.970000
NaN,NaN,NaN,NaN,397.010000,426.970000
NaN,NaN,NaN,NaN,397.000000,426.980000
NaN,NaN,NaN,NaN,397.000000,426.980000
NaN,NaN,NaN,NaN,396.990000,426.980000
NaN,NaN,NaN,NaN,397.000000,426.980000
NaN,NaN,NaN,NaN,397.000000,426.980000
NaN,NaN,NaN,NaN,397.000000,426.970000
NaN,NaN,NaN,NaN,397.000000,426.970000
NaN,NaN,NaN,NaN,397.010000,426.970000
NaN,NaN,NaN,NaN,397.000000,426.980000
NaN,NaN,NaN,NaN,397.010000,426.970000
NaN,NaN,NaN,NaN,397.010000,426.980000
NaN,NaN,NaN,NaN,397.020000,426.970000
NaN,NaN,NaN,NaN,397.010000,426.970000
NaN,NaN,NaN,NaN,397.010000,426.970000
NaN,NaN,NaN,NaN,397.010000,426.970000
NaN,NaN,NaN,NaN,397.010000,426.970000
NaN,NaN,NaN,NaN,397.020000,426.960000
NaN,NaN,NaN,NaN,397.010000,426.960000
NaN,NaN,NaN,NaN,397.010000,426.970000
NaN,NaN,NaN,NaN,397.010000,426.970000
NaN,NaN,NaN,NaN,397.020000,426.960000
NaN,NaN,NaN,NaN,397.010000,426.970000
NaN,NaN,NaN,NaN,397.010000,426.970000
NaN,NaN,NaN,NaN,397.000000,426.960000
NaN,NaN,NaN,NaN,397.000000,426.970000
NaN,NaN,NaN,NaN,396.990000,426.960000
NaN,NaN,NaN,NaN,396.990000,426.960000
NaN,NaN,NaN,NaN,396.990000,426.960000
NaN,NaN,NaN,NaN,397.000000,426.970000
NaN,NaN,NaN,NaN,397.000000,426.960000
NaN,NaN,NaN,NaN,397.000000,426.960000
NaN,NaN,NaN,NaN,397.000000,426.960000
NaN,NaN,NaN,NaN,397.000000,426.960000
NaN,NaN,NaN,NaN,397.010000,426.950000
NaN,NaN,NaN,NaN,397.000000,426.960000
NaN,NaN,NaN,NaN,397.010000,426.970000
NaN,NaN,NaN,NaN,397.010000,426.960000
NaN,NaN,NaN,NaN,397.010000,426.960000
NaN,NaN,NaN,NaN,397.010000,426.960000
NaN,NaN,NaN,NaN,397.010000,426.960000
NaN,NaN,NaN,NaN,397.010000,426.960000
NaN,NaN,NaN,NaN,397.000000,426.950000
NaN,NaN,NaN,NaN,397.000000,426.960000
NaN,NaN,NaN,NaN,396.990000,426.950000
NaN,NaN,NaN,NaN,396.990000,426.950000
NaN,NaN,NaN,NaN,396.990000,426.940000
NaN,NaN,NaN,NaN,397.000000,426.940000
NaN,NaN,NaN,NaN,397.000000,426.940000
NaN,NaN,NaN,NaN,397.000000,426.940000
NaN,NaN,NaN,NaN,397.000000,426.940000
NaN,NaN,NaN,NaN,397.000000,426.940000
NaN,NaN,NaN,NaN,397.000000,426.940000
NaN,NaN,NaN,NaN,397.010000,426.940000
NaN,NaN,NaN,NaN,397.010000,426.930000
NaN,NaN,NaN,NaN,397.010000,426.930000
NaN,NaN,NaN,NaN,397.020000,426.930000
NaN,NaN,NaN,NaN,397.010000,426.930000
NaN,NaN,NaN,NaN,397.010000,426.940000
NaN,NaN,NaN,NaN,397.010000,426.940000
NaN,NaN,NaN,NaN,397.010000,426.930000
NaN,NaN,NaN,NaN,397.000000,426.930000
NaN,NaN,NaN,NaN,396.990000,426.920000
NaN,NaN,NaN,NaN,396.990000,426.920000
NaN,NaN,NaN,NaN,396.990000,426.920000
NaN,NaN,NaN,NaN,396.990000,426.910000
NaN,NaN,NaN,NaN,397.000000,426.920000
NaN,NaN,NaN,NaN,397.000000,426.910000
NaN,NaN,NaN,NaN,396.990000,426.920000
NaN,NaN,NaN,NaN,397.000000,426.910000
NaN,NaN,NaN,NaN,396.990000,426.920000
NaN,NaN,NaN,NaN,397.000000,426.920000
NaN,NaN,NaN,NaN,397.000000,426.920000
NaN,NaN,NaN,NaN,397.000000,426.920000
NaN,NaN,NaN,NaN,397.000000,426.920000
NaN,NaN,NaN,NaN,397.000000,426.910000
NaN,NaN,NaN,NaN,397.000000,426.920000
NaN,NaN,NaN,NaN,397.000000,426.920000
NaN,NaN,NaN,NaN,397.000000,426.930000
NaN,NaN,NaN,NaN,397.010000,426.920000
NaN,NaN,NaN,NaN,397.010000,426.920000
NaN,NaN,NaN,NaN,397.000000,426.910000
NaN,NaN,NaN,NaN,396.990000,426.900000
NaN,NaN,NaN,NaN,396.990000,426.910000
NaN,NaN,NaN,NaN,396.990000,426.910000
NaN,NaN,NaN,NaN,396.990000,426.900000
NaN,NaN,NaN,NaN,396.990000,426.890000
NaN,NaN,NaN,NaN,396.990000,426.900000
NaN,NaN,NaN,NaN,397.000000,426.920000
NaN,NaN,NaN,NaN,397.000000,426.920000
NaN,NaN,NaN,NaN,396.990000,426.910000
NaN,NaN,NaN,NaN,396.990000,426.920000
NaN,NaN,NaN,NaN,397.000000,426.910000
NaN,NaN,NaN,NaN,396.990000,426.910000
NaN,NaN,NaN,NaN,397.000000,426.920000
NaN,NaN,NaN,NaN,397.000000,426.920000
NaN,NaN,NaN,NaN,397.000000,426.920000
NaN,NaN,NaN,NaN,397.000000,426.910000
NaN,NaN,NaN,NaN,397.000000,426.910000
NaN,NaN,NaN,NaN,397.000000,426.910000
NaN,NaN,NaN,NaN,396.990000,426.900000
NaN,NaN,NaN,NaN,396.990000,426.910000
NaN,NaN,NaN,NaN,396.990000,426.900000
NaN,NaN,NaN,NaN,396.990000,426.890000
NaN,NaN,NaN,NaN,396.980000,426.890000
NaN,NaN,NaN,NaN,396.990000,426.890000
NaN,NaN,NaN,NaN,396.990000,426.890000
NaN,NaN,NaN,NaN,397.000000,426.890000
NaN,NaN,NaN,NaN,396.990000,426.890000
NaN,NaN,NaN,NaN,396.990000,426.880000
NaN,NaN,NaN,NaN,396.990000,426.870000
NaN,NaN,NaN,NaN,396.990000,426.870000
NaN,NaN,NaN,NaN,396.990000,426.870000
NaN,NaN,NaN,NaN,396.990000,426.870000
NaN,NaN,NaN,NaN,396.990000,426.870000
NaN,NaN,NaN,NaN,396.990000,426.870000
NaN,NaN,NaN,NaN,396.990000,426.870000
NaN,NaN,NaN,NaN,396.980000,426.880000
NaN,NaN,NaN,NaN,396.980000,426.880000
NaN,NaN,NaN,NaN,396.990000,426.880000
NaN,NaN,NaN,NaN,396.990000,426.880000
NaN,NaN,NaN,NaN,396.980000,426.880000
NaN,NaN,NaN,NaN,396.990000,426.870000
NaN,NaN,NaN,NaN,396.980000,426.860000
NaN,NaN,NaN,NaN,396.980000,426.860000
NaN,NaN,NaN,NaN,396.980000,426.870000
NaN,NaN,NaN,NaN,396.980000,426.870000
NaN,NaN,NaN,NaN,396.980000,426.870000
NaN,NaN,NaN,NaN,396.980000,426.860000
NaN,NaN,NaN,NaN,396.980000,426.860000
NaN,NaN,NaN,NaN,396.990000,426.850000
NaN,NaN,NaN,NaN,396.970000,426.830000
NaN,NaN,NaN,NaN,396.990000,426.830000
NaN,NaN,NaN,NaN,396.990000,426.840000
NaN,NaN,NaN,NaN,396.990000,426.840000
NaN,NaN,NaN,NaN,396.990000,426.840000
NaN,NaN,NaN,NaN,396.970000,426.820000
NaN,NaN,NaN,NaN,396.980000,426.820000
NaN,NaN,NaN,NaN,396.970000,426.830000
NaN,NaN,NaN,NaN,396.960000,426.820000
NaN,NaN,NaN,NaN,396.980000,426.820000
NaN,NaN,NaN,NaN,396.980000,426.820000
NaN,NaN,NaN,NaN,396.980000,426.820000
NaN,NaN,NaN,NaN,396.980000,426.820000
NaN,NaN,NaN,NaN,396.980000,426.820000
NaN,NaN,NaN,NaN,396.970000,426.830000
NaN,NaN,NaN,NaN,396.960000,426.820000
NaN,NaN,NaN,NaN,396.960000,426.820000
NaN,NaN,NaN,NaN,396.960000,426.830000
NaN,NaN,NaN,NaN,396.950000,426.830000
NaN,NaN,NaN,NaN,396.950000,426.820000
NaN,NaN,NaN,NaN,396.950000,426.820000
NaN,NaN,NaN,NaN,396.960000,426.820000
NaN,NaN,NaN,NaN,396.960000,426.810000
NaN,NaN,NaN,NaN,396.960000,426.820000
NaN,NaN,NaN,NaN,396.960000,426.820000
NaN,NaN,NaN,NaN,396.950000,426.810000
NaN,NaN,NaN,NaN,396.960000,426.820000
NaN,NaN,NaN,NaN,396.960000,426.820000
NaN,NaN,NaN,NaN,396.960000,426.810000
NaN,NaN,NaN,NaN,396.980000,426.810000
NaN,NaN,NaN,NaN,396.960000,426.800000
NaN,NaN,NaN,NaN,396.970000,426.810000
NaN,NaN,NaN,NaN,396.970000,426.800000
NaN,NaN,NaN,NaN,396.960000,426.800000
NaN,NaN,NaN,NaN,396.960000,426.800000
NaN,NaN,NaN,NaN,396.960000,426.800000
NaN,NaN,NaN,NaN,396.960000,426.810000
NaN,NaN,NaN,NaN,396.960000,426.810000
NaN,NaN,NaN,NaN,396.960000,426.790000
NaN,NaN,NaN,NaN,396.960000,426.800000
NaN,NaN,NaN,NaN,396.950000,426.810000
NaN,NaN,NaN,NaN,396.950000,426.800000
NaN,NaN,NaN,NaN,396.940000,426.800000
NaN,NaN,NaN,NaN,396.950000,426.800000
NaN,NaN,NaN,NaN,396.970000,426.790000
NaN,NaN,NaN,NaN,396.960000,426.790000
NaN,NaN,NaN,NaN,396.960000,426.780000
NaN,NaN,NaN,NaN,396.950000,426.780000
NaN,NaN,NaN,NaN,396.960000,426.790000
NaN,NaN,NaN,NaN,396.950000,426.800000
NaN,NaN,NaN,NaN,396.950000,426.790000
NaN,NaN,NaN,NaN,396.950000,426.800000
NaN,NaN,NaN,NaN,396.950000,426.790000
NaN,NaN,NaN,NaN,396.960000,426.790000
NaN,NaN,NaN,NaN,396.950000,426.790000
NaN,NaN,NaN,NaN,396.950000,426.800000
NaN,NaN,NaN,NaN,396.950000,426.780000
NaN,NaN,NaN,NaN,396.950000,426.780000
NaN,NaN,NaN,NaN,396.950000,426.770000
NaN,NaN,NaN,NaN,396.950000,426.780000
NaN,NaN,NaN,NaN,396.940000,426.780000
NaN,NaN,NaN,NaN,396.940000,426.770000
NaN,NaN,NaN,NaN,396.930000,426.780000
NaN,NaN,NaN,NaN,396.940000,426.790000
NaN,NaN,NaN,NaN,396.940000,426.790000
NaN,NaN,NaN,NaN,396.940000,426.780000
NaN,NaN,NaN,NaN,396.940000,426.780000
NaN,NaN,NaN,NaN,396.940000,426.770000
NaN,NaN,NaN,NaN,396.950000,426.780000
NaN,NaN,NaN,NaN,396.940000,426.780000
NaN,NaN,NaN,NaN,396.940000,426.780000
NaN,NaN,NaN,NaN,396.920000,426.790000
NaN,NaN,NaN,NaN,396.920000,426.790000
NaN,NaN,NaN,NaN,396.920000,426.780000
NaN,NaN,NaN,NaN,396.920000,426.800000
NaN,NaN,NaN,NaN,396.930000,426.800000
NaN,NaN,NaN,NaN,396.930000,426.800000
NaN,NaN,NaN,NaN,396.930000,426.800000
NaN,NaN,NaN,NaN,396.920000,426.800000
NaN,NaN,NaN,NaN,396.930000,426.790000
NaN,NaN,NaN,NaN,396.940000,426.800000
NaN,NaN,NaN,NaN,396.940000,426.800000
NaN,NaN,NaN,NaN,396.930000,426.800000
NaN,NaN,NaN,NaN,396.920000,426.800000
NaN,NaN,NaN,NaN,396.910000,426.810000
NaN,NaN,NaN,NaN,396.920000,426.800000
NaN,NaN,NaN,NaN,396.920000,426.800000
NaN,NaN,NaN,NaN,396.930000,426.810000
NaN,NaN,NaN,NaN,396.910000,426.800000
NaN,NaN,NaN,NaN,396.930000,426.800000
NaN,NaN,NaN,NaN,396.920000,426.790000
NaN,NaN,NaN,NaN,396.920000,426.780000
NaN,NaN,NaN,NaN,396.920000,426.780000
NaN,NaN,NaN,NaN,396.910000,426.780000
NaN,NaN,NaN,NaN,396.900000,426.780000
NaN,NaN,NaN,NaN,396.890000,426.790000
NaN,NaN,NaN,NaN,396.900000,426.800000
NaN,NaN,NaN,NaN,396.900000,426.790000
NaN,NaN,NaN,NaN,396.900000,426.790000
NaN,NaN,NaN,NaN,396.890000,426.800000
NaN,NaN,NaN,NaN,396.890000,426.800000
NaN,NaN,NaN,NaN,396.900000,426.790000
NaN,NaN,NaN,NaN,396.900000,426.790000
NaN,NaN,NaN,NaN,396.900000,426.800000
NaN,NaN,NaN,NaN,396.900000,426.800000
NaN,NaN,NaN,NaN,396.890000,426.780000
NaN,NaN,NaN,NaN,396.900000,426.780000
NaN,NaN,NaN,NaN,396.910000,426.790000
NaN,NaN,NaN,NaN,396.900000,426.790000
NaN,NaN,NaN,NaN,396.900000,426.800000
NaN,NaN,NaN,NaN,396.900000,426.810000
NaN,NaN,NaN,NaN,396.900000,426.810000
NaN,NaN,NaN,NaN,396.910000,426.810000
NaN,NaN,NaN,NaN,396.910000,426.800000
NaN,NaN,NaN,NaN,396.910000,426.800000
NaN,NaN,NaN,NaN,396.900000,426.800000
NaN,NaN,NaN,NaN,396.910000,426.800000
NaN,NaN,NaN,NaN,396.900000,426.800000
NaN,NaN,NaN,NaN,396.900000,426.790000
NaN,NaN,NaN,NaN,396.900000,426.800000
NaN,NaN,NaN,NaN,396.900000,426.800000
NaN,NaN,NaN,NaN,396.910000,426.810000
NaN,NaN,NaN,NaN,396.900000,426.810000
NaN,NaN,NaN,NaN,396.910000,426.810000
NaN,NaN,NaN,NaN,396.920000,426.810000
NaN,NaN,NaN,NaN,396.920000,426.810000
NaN,NaN,NaN,NaN,396.910000,426.800000
NaN,NaN,NaN,NaN,396.920000,426.790000
NaN,NaN,NaN,NaN,396.900000,426.800000
NaN,NaN,NaN,NaN,396.900000,426.800000
NaN,NaN,NaN,NaN,396.900000,426.810000
NaN,NaN,NaN,NaN,396.900000,426.800000
NaN,NaN,NaN,NaN,396.900000,426.800000
NaN,NaN,NaN,NaN,396.900000,426.800000
NaN,NaN,NaN,NaN,396.890000,426.800000
NaN,NaN,NaN,NaN,396.900000,426.790000
NaN,NaN,NaN,NaN,396.900000,426.780000
NaN,NaN,NaN,NaN,396.900000,426.780000
NaN,NaN,NaN,NaN,396.900000,426.780000
NaN,NaN,NaN,NaN,396.900000,426.780000
NaN,NaN,NaN,NaN,396.900000,426.790000
NaN,NaN,NaN,NaN,396.890000,426.790000
NaN,NaN,NaN,NaN,396.900000,426.800000
NaN,NaN,NaN,NaN,396.900000,426.800000
NaN,NaN,NaN,NaN,396.900000,426.790000
NaN,NaN,NaN,NaN,396.900000,426.790000
NaN,NaN,NaN,NaN,396.900000,426.790000
NaN,NaN,NaN,NaN,396.890000,426.800000
NaN,NaN,NaN,NaN,396.890000,426.800000
NaN,NaN,NaN,NaN,396.910000,426.790000
NaN,NaN,NaN,NaN,396.900000,426.780000
NaN,NaN,NaN,NaN,396.900000,426.780000
NaN,NaN,NaN,NaN,396.900000,426.800000
NaN,NaN,NaN,NaN,396.900000,426.800000
NaN,NaN,NaN,NaN,396.900000,426.810000
NaN,NaN,NaN,NaN,396.890000,426.800000
NaN,NaN,NaN,NaN,396.900000,426.800000
NaN,NaN,NaN,NaN,396.900000,426.800000
NaN,NaN,NaN,NaN,396.900000,426.790000
NaN,NaN,NaN,NaN,396.890000,426.790000
NaN,NaN,NaN,NaN,396.890000,426.790000
NaN,NaN,294.485255,430.465220,396.910000,426.800000
NaN,NaN,294.010000,429.990000,396.900000,426.800000
NaN,NaN,294.010000,429.980000,396.890000,426.790000
NaN,NaN,294.030000,430.010000,396.900000,426.810000
NaN,NaN,294.040000,430.010000,396.900000,426.810000
NaN,NaN,294.030000,430.020000,396.900000,426.800000
NaN,NaN,294.040000,430.030000,396.890000,426.800000
NaN,NaN,294.030000,430.000000,396.890000,426.790000
NaN,NaN,294.030000,430.010000,396.890000,426.800000
NaN,NaN,294.020000,430.020000,396.900000,426.790000
NaN,NaN,294.020000,430.000000,396.890000,426.780000
NaN,NaN,294.020000,430.000000,396.900000,426.790000
NaN,NaN,294.030000,430.000000,396.900000,426.800000
NaN,NaN,294.040000,429.990000,396.900000,426.800000
NaN,NaN,294.030000,430.000000,396.900000,426.800000
NaN,NaN,294.040000,429.990000,396.890000,426.790000
NaN,NaN,294.030000,430.000000,396.890000,426.790000
NaN,NaN,294.020000,430.000000,396.890000,426.790000
NaN,NaN,294.070000,430.000000,396.900000,426.810000
NaN,NaN,294.050000,429.980000,396.900000,426.800000
NaN,NaN,294.050000,429.990000,396.900000,426.800000
NaN,NaN,294.020000,429.980000,396.900000,426.800000
NaN,NaN,294.050000,429.980000,396.900000,426.800000
NaN,NaN,294.060000,429.990000,396.890000,426.800000
NaN,NaN,294.050000,429.990000,396.900000,426.810000
NaN,NaN,294.030000,429.990000,396.900000,426.800000
NaN,NaN,294.060000,429.990000,396.890000,426.800000
NaN,NaN,294.050000,429.970000,396.890000,426.800000
NaN,NaN,294.060000,429.990000,396.890000,426.810000
NaN,NaN,294.070000,429.990000,396.880000,426.800000
NaN,NaN,294.080000,429.990000,396.880000,426.800000
NaN,NaN,294.070000,429.980000,396.890000,426.800000
NaN,NaN,294.070000,429.990000,396.870000,426.800000
NaN,NaN,294.040000,429.970000,396.880000,426.780000
NaN,NaN,294.060000,429.970000,396.870000,426.800000
NaN,NaN,294.090000,429.950000,396.870000,426.800000
NaN,NaN,294.070000,429.960000,396.870000,426.800000
NaN,NaN,294.050000,429.970000,396.870000,426.810000
NaN,NaN,294.060000,429.970000,396.880000,426.800000
NaN,NaN,294.020000,429.960000,396.890000,426.810000
NaN,NaN,294.050000,429.980000,396.880000,426.810000
NaN,NaN,294.060000,429.990000,396.880000,426.810000
NaN,NaN,294.060000,429.990000,396.880000,426.810000
NaN,NaN,294.070000,429.990000,396.870000,426.800000
NaN,NaN,294.110000,429.990000,396.870000,426.810000
NaN,NaN,294.090000,430.000000,396.870000,426.800000
NaN,NaN,294.070000,430.000000,396.870000,426.800000
NaN,NaN,294.060000,430.030000,396.880000,426.820000
NaN,NaN,294.100000,429.980000,396.860000,426.810000
NaN,NaN,294.070000,429.980000,396.870000,426.810000
NaN,NaN,294.090000,430.000000,396.870000,426.810000
NaN,NaN,294.090000,430.000000,396.860000,426.800000
NaN,NaN,294.090000,429.990000,396.850000,426.800000
NaN,NaN,294.070000,429.980000,396.860000,426.810000
NaN,NaN,294.080000,429.980000,396.860000,426.810000
NaN,NaN,294.090000,429.990000,396.860000,426.800000
NaN,NaN,294.080000,429.980000,396.850000,426.800000
NaN,NaN,294.100000,429.990000,396.860000,426.800000
NaN,NaN,294.080000,429.960000,396.860000,426.800000
NaN,NaN,294.090000,429.960000,396.860000,426.810000
NaN,NaN,294.080000,429.970000,396.870000,426.820000
NaN,NaN,294.090000,429.960000,396.870000,426.830000
NaN,NaN,294.070000,429.950000,396.870000,426.820000
NaN,NaN,294.110000,429.970000,396.870000,426.820000
NaN,NaN,294.110000,429.930000,396.860000,426.810000
NaN,NaN,294.100000,429.940000,396.870000,426.820000
NaN,NaN,294.120000,429.960000,396.860000,426.820000
NaN,NaN,294.090000,429.960000,396.850000,426.810000
NaN,NaN,294.100000,429.970000,396.850000,426.810000
NaN,NaN,294.110000,429.990000,396.860000,426.800000
NaN,NaN,294.100000,429.980000,396.870000,426.820000
NaN,NaN,294.100000,429.970000,396.870000,426.810000
NaN,NaN,294.100000,429.960000,396.870000,426.820000
NaN,NaN,294.110000,429.950000,396.860000,426.830000
NaN,NaN,294.110000,429.980000,396.880000,426.830000
NaN,NaN,294.110000,429.980000,396.860000,426.820000
NaN,NaN,294.130000,429.960000,396.860000,426.820000
NaN,NaN,294.150000,429.960000,396.860000,426.820000
NaN,NaN,294.130000,430.000000,396.850000,426.830000
NaN,NaN,294.130000,429.990000,396.860000,426.840000
NaN,NaN,294.120000,429.960000,396.850000,426.830000
NaN,NaN,294.140000,429.950000,396.840000,426.820000
NaN,NaN,294.140000,429.980000,396.850000,426.820000
NaN,NaN,294.150000,429.990000,396.860000,426.830000
NaN,NaN,294.150000,429.980000,396.850000,426.830000
NaN,NaN,294.170000,429.980000,396.850000,426.820000
NaN,NaN,294.180000,429.960000,396.860000,426.830000
NaN,NaN,294.150000,429.950000,396.860000,426.830000
NaN,NaN,294.150000,429.960000,396.860000,426.830000
NaN,NaN,294.140000,429.960000,396.850000,426.830000
NaN,NaN,294.120000,429.950000,396.850000,426.840000
NaN,NaN,294.160000,429.970000,396.850000,426.840000
NaN,NaN,294.160000,429.990000,396.850000,426.830000
NaN,NaN,294.210000,429.970000,396.830000,426.850000
NaN,NaN,294.180000,429.950000,396.840000,426.860000
NaN,NaN,294.170000,429.950000,396.850000,426.850000
NaN,NaN,294.200000,429.930000,396.850000,426.860000
NaN,NaN,294.190000,429.940000,396.840000,426.850000
NaN,NaN,294.170000,429.950000,396.840000,426.860000
NaN,NaN,294.150000,429.960000,396.840000,426.860000
NaN,NaN,294.160000,429.920000,396.840000,426.860000
NaN,NaN,294.160000,429.940000,396.850000,426.860000
NaN,NaN,294.190000,429.930000,396.830000,426.860000
NaN,NaN,294.200000,429.910000,396.840000,426.860000
NaN,NaN,294.200000,429.900000,396.840000,426.870000
NaN,NaN,294.210000,429.950000,396.850000,426.870000
NaN,NaN,294.180000,429.920000,396.850000,426.860000
NaN,NaN,294.240000,429.950000,396.850000,426.860000
NaN,NaN,294.230000,429.930000,396.830000,426.850000
NaN,NaN,294.190000,429.910000,396.840000,426.860000
NaN,NaN,294.180000,429.910000,396.840000,426.860000
NaN,NaN,294.160000,429.920000,396.830000,426.850000
NaN,NaN,294.180000,429.980000,396.840000,426.870000
NaN,NaN,294.200000,430.000000,396.840000,426.860000
NaN,NaN,294.180000,429.970000,396.840000,426.870000
NaN,NaN,294.180000,429.960000,396.840000,426.860000
NaN,NaN,294.200000,429.950000,396.830000,426.870000
NaN,NaN,294.200000,429.960000,396.830000,426.860000
NaN,NaN,294.180000,429.960000,396.820000,426.860000
NaN,NaN,294.200000,429.980000,396.830000,426.860000
NaN,NaN,294.190000,429.950000,396.840000,426.870000
NaN,NaN,294.190000,429.940000,396.840000,426.870000
NaN,NaN,294.210000,429.950000,396.840000,426.870000
NaN,NaN,294.180000,429.990000,396.820000,426.860000
NaN,NaN,294.220000,429.980000,396.820000,426.880000
NaN,NaN,294.190000,429.950000,396.820000,426.880000
NaN,NaN,294.230000,429.930000,396.820000,426.880000
NaN,NaN,294.210000,429.950000,396.810000,426.890000
NaN,NaN,294.210000,429.950000,396.820000,426.890000
NaN,NaN,294.220000,429.950000,396.810000,426.880000
NaN,NaN,294.210000,429.950000,396.810000,426.880000
NaN,NaN,294.220000,429.960000,396.820000,426.890000
NaN,NaN,294.230000,429.940000,396.820000,426.890000
NaN,NaN,294.210000,429.930000,396.830000,426.890000
NaN,NaN,294.230000,429.950000,396.830000,426.880000
NaN,NaN,294.220000,429.950000,396.830000,426.900000
NaN,NaN,294.220000,429.940000,396.840000,426.910000
NaN,NaN,294.220000,429.960000,396.830000,426.910000
NaN,NaN,294.250000,429.930000,396.810000,426.910000
NaN,NaN,294.230000,429.950000,396.810000,426.910000
NaN,NaN,294.210000,429.940000,396.830000,426.910000
NaN,NaN,294.260000,429.950000,396.820000,426.900000
NaN,NaN,294.250000,429.940000,396.820000,426.900000
NaN,NaN,294.280000,429.960000,396.830000,426.910000
NaN,NaN,294.220000,429.930000,396.830000,426.910000
NaN,NaN,294.240000,429.930000,396.820000,426.910000
NaN,NaN,294.230000,429.940000,396.820000,426.900000
NaN,NaN,294.240000,429.950000,396.830000,426.910000
NaN,NaN,294.290000,429.950000,396.830000,426.920000
NaN,NaN,294.270000,429.950000,396.850000,426.930000
NaN,NaN,294.250000,429.960000,396.840000,426.930000
NaN,NaN,294.250000,429.960000,396.840000,426.920000
NaN,NaN,294.250000,429.970000,396.830000,426.920000
NaN,NaN,294.320000,429.930000,396.830000,426.920000
NaN,NaN,294.290000,429.930000,396.820000,426.920000
NaN,NaN,294.300000,429.940000,396.820000,426.910000
NaN,NaN,294.270000,429.920000,396.840000,426.930000
NaN,NaN,294.270000,429.960000,396.820000,426.930000
NaN,NaN,294.260000,429.960000,396.840000,426.920000
NaN,NaN,294.270000,429.970000,396.840000,426.930000
NaN,NaN,294.280000,429.960000,396.830000,426.920000
NaN,NaN,294.320000,429.980000,396.830000,426.930000
NaN,NaN,294.320000,429.990000,396.830000,426.930000
NaN,NaN,294.330000,429.960000,396.840000,426.950000
NaN,NaN,294.290000,429.950000,396.830000,426.920000
NaN,NaN,294.280000,429.940000,396.840000,426.940000
NaN,NaN,294.280000,429.930000,396.830000,426.940000
NaN,NaN,294.290000,429.940000,396.840000,426.940000
NaN,NaN,294.280000,429.970000,396.800000,426.940000
NaN,NaN,294.280000,429.960000,396.800000,426.930000
NaN,NaN,294.290000,429.940000,396.820000,426.940000
NaN,NaN,294.310000,429.960000,396.810000,426.940000
NaN,NaN,294.330000,429.950000,396.810000,426.940000
NaN,NaN,294.290000,429.940000,396.820000,426.950000
NaN,NaN,294.300000,429.950000,396.820000,426.950000
NaN,NaN,294.320000,429.950000,396.820000,426.950000
NaN,NaN,294.310000,429.930000,396.820000,426.960000
NaN,NaN,294.290000,429.940000,396.820000,426.970000
NaN,NaN,294.290000,429.930000,396.820000,426.970000
NaN,NaN,294.310000,429.930000,396.810000,426.970000
NaN,NaN,294.350000,429.940000,396.820000,426.980000
NaN,NaN,294.360000,429.940000,396.820000,426.980000
NaN,NaN,294.340000,429.950000,396.820000,426.980000
NaN,NaN,294.300000,429.950000,396.830000,426.980000
NaN,NaN,294.320000,429.940000,396.820000,426.970000
NaN,NaN,294.320000,429.940000,396.820000,426.960000
NaN,NaN,294.330000,429.960000,396.820000,426.980000
NaN,NaN,294.360000,429.970000,396.820000,426.980000
NaN,NaN,294.340000,429.980000,396.810000,426.990000
NaN,NaN,294.340000,429.950000,396.800000,426.980000
NaN,NaN,294.370000,429.950000,396.820000,426.990000
NaN,NaN,294.380000,429.930000,396.820000,426.990000
NaN,NaN,294.330000,429.930000,396.820000,426.980000
NaN,NaN,294.310000,429.980000,396.830000,426.980000
NaN,NaN,294.370000,429.970000,396.820000,426.980000
NaN,NaN,294.360000,429.980000,396.820000,426.980000
NaN,NaN,294.370000,429.950000,396.820000,427.000000
NaN,NaN,294.370000,429.960000,396.830000,427.000000
NaN,NaN,294.370000,429.960000,396.810000,426.990000
NaN,NaN,294.380000,429.950000,396.820000,426.990000
NaN,NaN,294.350000,429.970000,396.810000,426.980000
NaN,NaN,294.370000,429.990000,396.820000,426.990000
NaN,NaN,294.330000,429.980000,396.810000,426.990000
NaN,NaN,294.350000,429.970000,396.820000,426.990000
NaN,NaN,294.340000,429.960000,396.820000,427.000000
NaN,NaN,294.390000,429.990000,396.810000,427.000000
NaN,NaN,294.310000,429.990000,396.810000,427.000000
NaN,NaN,294.360000,429.990000,396.800000,426.990000
NaN,NaN,294.350000,429.980000,396.800000,426.990000
NaN,NaN,294.350000,429.980000,396.800000,426.990000
NaN,NaN,294.360000,429.980000,396.810000,427.000000
NaN,NaN,294.360000,429.970000,396.800000,427.000000
NaN,NaN,294.340000,430.000000,396.810000,427.020000
NaN,NaN,294.360000,429.950000,396.810000,427.020000
NaN,NaN,294.380000,429.940000,396.800000,427.020000
NaN,NaN,294.370000,429.980000,396.800000,427.020000
NaN,NaN,294.410000,429.980000,396.800000,427.040000
NaN,NaN,294.400000,429.960000,396.820000,427.020000
NaN,NaN,294.360000,429.960000,396.800000,427.030000
NaN,NaN,294.400000,429.950000,396.810000,427.020000
NaN,NaN,294.380000,429.940000,396.810000,427.020000
NaN,NaN,294.410000,429.970000,396.820000,427.040000
NaN,NaN,294.390000,429.950000,396.830000,427.040000
NaN,NaN,294.390000,429.960000,396.830000,427.050000
NaN,NaN,294.400000,429.950000,396.820000,427.040000
NaN,NaN,294.410000,429.960000,396.820000,427.040000
NaN,NaN,294.420000,429.950000,396.830000,427.050000
NaN,NaN,294.390000,429.960000,396.830000,427.060000
NaN,NaN,294.430000,429.940000,396.830000,427.060000
NaN,NaN,294.400000,429.940000,396.820000,427.060000
NaN,NaN,294.400000,429.930000,396.820000,427.060000
NaN,NaN,294.430000,429.930000,396.830000,427.070000
NaN,NaN,294.400000,429.960000,396.830000,427.070000
NaN,NaN,294.360000,429.970000,396.830000,427.080000
NaN,NaN,294.360000,429.960000,396.820000,427.070000
NaN,NaN,294.330000,429.950000,396.820000,427.070000
NaN,NaN,294.390000,429.940000,396.820000,427.070000
NaN,NaN,294.380000,429.950000,396.800000,427.070000
NaN,NaN,294.380000,429.950000,396.790000,427.070000
NaN,NaN,294.430000,429.960000,396.810000,427.090000
NaN,NaN,294.390000,429.970000,396.810000,427.080000
NaN,NaN,294.460000,429.970000,396.820000,427.090000
NaN,NaN,294.620000,429.910000,396.820000,427.090000
NaN,NaN,294.670000,429.950000,396.770000,427.120000
NaN,NaN,294.690000,429.920000,396.760000,427.110000
NaN,NaN,294.670000,429.940000,396.770000,427.110000
NaN,NaN,294.700000,429.930000,396.780000,427.100000
NaN,NaN,294.670000,429.930000,396.790000,427.120000
NaN,NaN,294.610000,429.920000,396.790000,427.130000
NaN,NaN,294.580000,429.940000,396.790000,427.130000
NaN,NaN,294.650000,429.940000,396.770000,427.120000
NaN,NaN,294.720000,429.930000,396.790000,427.130000
NaN,NaN,294.690000,429.940000,396.800000,427.140000
NaN,NaN,294.640000,429.940000,396.790000,427.130000
NaN,NaN,294.710000,429.930000,396.810000,427.150000
NaN,NaN,294.660000,429.940000,396.790000,427.150000
NaN,NaN,294.660000,429.960000,396.790000,427.140000
NaN,NaN,294.670000,429.940000,396.780000,427.140000
NaN,NaN,294.660000,429.970000,396.750000,427.130000
NaN,NaN,294.670000,429.940000,396.770000,427.160000
NaN,NaN,294.710000,429.930000,396.770000,427.160000
NaN,NaN,294.650000,429.930000,396.780000,427.150000
NaN,NaN,294.720000,429.920000,396.780000,427.150000
NaN,NaN,294.710000,429.910000,396.770000,427.150000
NaN,NaN,294.750000,429.910000,396.780000,427.170000
NaN,NaN,294.650000,429.940000,396.780000,427.150000
NaN,NaN,294.690000,429.920000,396.780000,427.150000
NaN,NaN,294.700000,429.930000,396.790000,427.160000
NaN,NaN,294.720000,429.930000,396.790000,427.170000
NaN,NaN,294.740000,429.920000,396.770000,427.160000
NaN,NaN,294.780000,429.910000,396.770000,427.160000
NaN,NaN,294.740000,429.940000,396.750000,427.150000
NaN,NaN,294.820000,429.940000,396.770000,427.160000
NaN,NaN,294.810000,429.930000,396.770000,427.170000
NaN,NaN,294.770000,429.940000,396.760000,427.170000
NaN,NaN,294.790000,429.940000,396.770000,427.190000
NaN,NaN,294.810000,429.920000,396.780000,427.200000
NaN,NaN,294.800000,429.910000,396.780000,427.210000
NaN,NaN,294.810000,429.920000,396.770000,427.190000
NaN,NaN,294.750000,429.960000,396.770000,427.190000
NaN,NaN,294.800000,429.920000,396.770000,427.200000
NaN,NaN,294.760000,429.920000,396.780000,427.190000
NaN,NaN,294.800000,429.920000,396.760000,427.190000
NaN,NaN,294.770000,429.910000,396.760000,427.190000
NaN,NaN,294.780000,429.940000,396.770000,427.180000
NaN,NaN,294.760000,429.930000,396.770000,427.190000
NaN,NaN,294.820000,429.940000,396.780000,427.200000
NaN,NaN,294.790000,429.950000,396.770000,427.200000
NaN,NaN,294.850000,429.920000,396.770000,427.200000
NaN,NaN,294.800000,429.920000,396.770000,427.190000
NaN,NaN,294.740000,429.920000,396.760000,427.180000
NaN,NaN,294.740000,429.910000,396.780000,427.170000
NaN,NaN,294.800000,429.890000,396.770000,427.170000
NaN,NaN,294.790000,429.910000,396.760000,427.170000
NaN,NaN,294.810000,429.910000,396.750000,427.180000
NaN,NaN,294.840000,429.900000,396.770000,427.200000
NaN,NaN,294.970000,429.880000,396.770000,427.210000
NaN,NaN,294.880000,429.870000,396.770000,427.190000
NaN,NaN,294.820000,429.890000,396.760000,427.190000
NaN,NaN,294.860000,429.900000,396.790000,427.200000
NaN,NaN,294.900000,429.890000,396.770000,427.190000
NaN,NaN,294.890000,429.880000,396.790000,427.200000
NaN,NaN,294.880000,429.920000,396.780000,427.200000
NaN,NaN,294.900000,429.920000,396.760000,427.210000
NaN,NaN,294.850000,429.940000,396.750000,427.210000
NaN,NaN,294.800000,429.950000,396.770000,427.220000
NaN,NaN,294.870000,429.890000,396.770000,427.220000
NaN,NaN,294.870000,429.880000,396.780000,427.240000
NaN,NaN,294.910000,429.890000,396.760000,427.220000
NaN,NaN,294.920000,429.890000,396.780000,427.240000
NaN,NaN,294.800000,429.900000,396.790000,427.240000
NaN,NaN,294.900000,429.900000,396.780000,427.220000
NaN,NaN,294.940000,429.890000,396.770000,427.220000
NaN,NaN,294.920000,429.890000,396.770000,427.220000
NaN,NaN,294.910000,429.890000,396.780000,427.240000
NaN,NaN,294.920000,429.860000,396.780000,427.220000
NaN,NaN,294.850000,429.890000,396.780000,427.210000
NaN,NaN,294.990000,429.830000,396.780000,427.200000
NaN,NaN,294.850000,429.950000,396.740000,427.230000
NaN,NaN,294.870000,429.940000,396.750000,427.210000
NaN,NaN,294.930000,429.910000,396.760000,427.210000
NaN,NaN,294.940000,429.890000,396.760000,427.220000
NaN,NaN,295.030000,429.870000,396.760000,427.230000
NaN,NaN,295.050000,429.820000,396.780000,427.230000
NaN,NaN,295.060000,429.830000,396.770000,427.210000
NaN,NaN,295.130000,429.850000,396.760000,427.210000
NaN,NaN,295.140000,429.860000,396.750000,427.200000
NaN,NaN,295.060000,429.840000,396.750000,427.190000
NaN,NaN,295.140000,429.830000,396.790000,427.210000
NaN,NaN,295.090000,429.850000,396.800000,427.210000
NaN,NaN,295.060000,429.890000,396.800000,427.210000
NaN,NaN,295.000000,429.890000,396.780000,427.220000
NaN,NaN,295.050000,429.820000,396.780000,427.210000
NaN,NaN,295.070000,429.810000,396.790000,427.200000
NaN,NaN,294.910000,429.860000,396.790000,427.190000
NaN,NaN,294.950000,429.840000,396.770000,427.190000
NaN,NaN,294.930000,429.850000,396.760000,427.190000
NaN,NaN,295.000000,429.830000,396.760000,427.190000
NaN,NaN,295.180000,429.770000,396.770000,427.190000
NaN,NaN,295.170000,429.790000,396.790000,427.190000
NaN,NaN,295.110000,429.790000,396.780000,427.190000
NaN,NaN,295.120000,429.740000,396.780000,427.180000
NaN,NaN,295.060000,429.840000,396.780000,427.190000
NaN,NaN,295.150000,429.780000,396.790000,427.190000
NaN,NaN,295.190000,429.760000,396.810000,427.180000
NaN,NaN,295.140000,429.770000,396.800000,427.180000
NaN,NaN,295.120000,429.790000,396.800000,427.200000
NaN,NaN,295.120000,429.810000,396.810000,427.200000
NaN,NaN,294.940000,429.930000,396.800000,427.190000
NaN,NaN,294.900000,429.890000,396.800000,427.200000
NaN,NaN,294.930000,429.910000,396.800000,427.190000
NaN,NaN,294.930000,429.910000,396.810000,427.190000
NaN,NaN,294.900000,429.940000,396.800000,427.190000
NaN,NaN,294.960000,429.860000,396.810000,427.190000
NaN,NaN,295.140000,429.780000,396.810000,427.200000
NaN,NaN,295.150000,429.770000,396.810000,427.200000
NaN,NaN,295.230000,429.750000,396.810000,427.190000
NaN,NaN,295.260000,429.740000,396.810000,427.170000
NaN,NaN,295.390000,429.760000,396.820000,427.190000
NaN,NaN,295.170000,429.800000,396.810000,427.180000
NaN,NaN,295.010000,429.860000,396.820000,427.180000
NaN,NaN,294.970000,429.870000,396.820000,427.170000
NaN,NaN,295.100000,429.840000,396.830000,427.190000
NaN,NaN,295.200000,429.850000,396.810000,427.230000
NaN,NaN,295.390000,429.760000,396.820000,427.220000
NaN,NaN,295.710000,429.680000,396.820000,427.210000
NaN,NaN,295.720000,429.690000,396.800000,427.210000
NaN,NaN,295.760000,429.630000,396.800000,427.210000
NaN,NaN,295.830000,429.590000,396.810000,427.200000
NaN,NaN,295.850000,429.590000,396.820000,427.200000
NaN,NaN,295.910000,429.590000,396.830000,427.200000
NaN,NaN,295.830000,429.630000,396.820000,427.200000
NaN,NaN,295.750000,429.650000,396.810000,427.210000
NaN,NaN,295.810000,429.670000,396.820000,427.200000
NaN,NaN,295.790000,429.650000,396.820000,427.210000
NaN,NaN,295.860000,429.610000,396.810000,427.210000
NaN,NaN,295.830000,429.630000,396.820000,427.210000
NaN,NaN,295.920000,429.550000,396.810000,427.210000
NaN,NaN,296.060000,429.160000,396.790000,427.230000
NaN,NaN,295.990000,429.180000,396.810000,427.240000
NaN,NaN,295.840000,429.240000,396.790000,427.240000
NaN,NaN,295.880000,429.230000,396.790000,427.220000
NaN,NaN,295.890000,429.230000,396.790000,427.230000
NaN,NaN,295.920000,429.200000,396.800000,427.220000
NaN,NaN,295.940000,429.190000,396.790000,427.210000
NaN,NaN,295.960000,429.170000,396.760000,427.210000
NaN,NaN,295.990000,429.100000,396.760000,427.220000
NaN,NaN,296.030000,429.120000,396.770000,427.210000
NaN,NaN,296.070000,429.100000,396.790000,427.230000
NaN,NaN,296.040000,429.140000,396.810000,427.250000
NaN,NaN,296.030000,429.110000,396.790000,427.240000
NaN,NaN,296.040000,429.110000,396.800000,427.230000
NaN,NaN,296.080000,429.100000,396.800000,427.240000
NaN,NaN,296.180000,429.170000,396.750000,427.270000
NaN,NaN,296.230000,429.090000,396.760000,427.250000
NaN,NaN,296.050000,429.240000,396.750000,427.230000
NaN,NaN,295.960000,429.240000,396.770000,427.260000
NaN,NaN,296.010000,429.250000,396.770000,427.270000
NaN,NaN,295.970000,429.280000,396.770000,427.250000
NaN,NaN,296.010000,429.170000,396.770000,427.240000
NaN,NaN,296.080000,429.170000,396.780000,427.250000
NaN,NaN,296.050000,429.190000,396.770000,427.240000
NaN,NaN,296.110000,429.170000,396.790000,427.240000
NaN,NaN,296.100000,429.220000,396.790000,427.250000
NaN,NaN,296.140000,429.200000,396.790000,427.220000
NaN,NaN,296.200000,429.160000,396.770000,427.220000
NaN,NaN,296.100000,429.190000,396.770000,427.220000
NaN,NaN,296.120000,429.170000,396.770000,427.210000
NaN,NaN,296.170000,429.140000,396.790000,427.280000
NaN,NaN,296.160000,429.170000,396.780000,427.250000
NaN,NaN,296.130000,429.180000,396.770000,427.250000
NaN,NaN,296.190000,429.140000,396.770000,427.260000
NaN,NaN,296.180000,429.090000,396.750000,427.240000
NaN,NaN,296.220000,429.090000,396.760000,427.260000
NaN,NaN,296.160000,429.140000,396.780000,427.270000
NaN,NaN,296.230000,429.110000,396.800000,427.280000
NaN,NaN,296.260000,429.130000,396.800000,427.270000
NaN,NaN,296.270000,429.130000,396.790000,427.270000
NaN,NaN,296.360000,429.120000,396.790000,427.270000
NaN,NaN,296.510000,429.060000,396.780000,427.260000
NaN,NaN,296.570000,429.110000,396.790000,427.260000
NaN,NaN,296.520000,429.090000,396.790000,427.270000
NaN,NaN,296.420000,429.120000,396.790000,427.260000
NaN,NaN,296.290000,429.130000,396.810000,427.270000
NaN,NaN,296.380000,429.110000,396.810000,427.280000
NaN,NaN,296.380000,429.070000,396.810000,427.260000
NaN,NaN,296.300000,429.120000,396.840000,427.280000
NaN,NaN,296.390000,429.080000,396.820000,427.280000
NaN,NaN,296.390000,429.080000,396.830000,427.300000
NaN,NaN,296.360000,429.070000,396.810000,427.280000
NaN,NaN,296.370000,429.100000,396.820000,427.300000
NaN,NaN,296.450000,429.100000,396.790000,427.270000
NaN,NaN,296.540000,429.080000,396.790000,427.270000
NaN,NaN,296.590000,429.080000,396.800000,427.290000
NaN,NaN,296.550000,429.100000,396.800000,427.300000
NaN,NaN,296.590000,429.080000,396.810000,427.290000
NaN,NaN,296.580000,429.080000,396.800000,427.260000
NaN,NaN,296.600000,429.070000,396.800000,427.290000
NaN,NaN,296.590000,429.060000,396.800000,427.330000
NaN,NaN,296.680000,429.050000,396.800000,427.300000
NaN,NaN,296.650000,429.020000,396.810000,427.320000
NaN,NaN,296.600000,429.060000,396.800000,427.300000
NaN,NaN,296.710000,429.050000,396.790000,427.310000
NaN,NaN,296.610000,429.060000,396.770000,427.300000
NaN,NaN,296.720000,429.060000,396.780000,427.310000
NaN,NaN,296.640000,429.100000,396.790000,427.300000
NaN,NaN,296.640000,429.110000,396.780000,427.280000
NaN,NaN,296.650000,429.080000,396.750000,427.290000
NaN,NaN,296.660000,429.050000,396.760000,427.310000
NaN,NaN,296.610000,429.030000,396.750000,427.290000
NaN,NaN,296.650000,429.040000,396.750000,427.310000
NaN,NaN,296.670000,429.030000,396.750000,427.300000
NaN,NaN,296.550000,429.030000,396.730000,427.290000
NaN,NaN,296.550000,429.100000,396.740000,427.350000
NaN,NaN,296.730000,429.060000,396.750000,427.370000
NaN,NaN,296.720000,429.090000,396.740000,427.350000
NaN,NaN,296.670000,429.080000,396.750000,427.350000
NaN,NaN,296.640000,429.120000,396.730000,427.320000
NaN,NaN,296.690000,429.080000,396.730000,427.320000
NaN,NaN,296.700000,429.070000,396.750000,427.340000
NaN,NaN,296.700000,429.060000,396.750000,427.340000
NaN,NaN,296.740000,429.030000,396.740000,427.320000
NaN,NaN,296.830000,429.050000,396.750000,427.330000
NaN,NaN,296.860000,429.040000,396.740000,427.350000
NaN,NaN,296.800000,429.090000,396.740000,427.340000
NaN,NaN,296.770000,429.060000,396.740000,427.360000
NaN,NaN,296.750000,429.110000,396.750000,427.360000
NaN,NaN,296.720000,429.100000,396.750000,427.370000
NaN,NaN,296.910000,429.060000,396.720000,427.380000
NaN,NaN,296.890000,429.050000,396.750000,427.370000
NaN,NaN,296.960000,429.000000,396.750000,427.380000
NaN,NaN,296.960000,428.990000,396.730000,427.340000
NaN,NaN,296.930000,429.050000,396.750000,427.360000
NaN,NaN,296.900000,429.050000,396.780000,427.370000
NaN,NaN,296.850000,429.070000,396.750000,427.360000
NaN,NaN,296.890000,429.100000,396.760000,427.350000
NaN,NaN,296.840000,429.140000,396.750000,427.350000
NaN,NaN,296.870000,429.110000,396.720000,427.340000
NaN,NaN,296.970000,429.070000,396.740000,427.370000
NaN,NaN,296.970000,429.110000,396.750000,427.340000
NaN,NaN,296.960000,429.100000,396.740000,427.350000
NaN,NaN,296.990000,429.080000,396.740000,427.350000
NaN,NaN,296.930000,429.050000,396.730000,427.330000
NaN,NaN,296.910000,429.080000,396.740000,427.380000
NaN,NaN,296.940000,429.060000,396.700000,427.350000
NaN,NaN,296.880000,429.040000,396.730000,427.370000
NaN,NaN,296.970000,429.020000,396.730000,427.360000
NaN,NaN,296.970000,429.000000,396.740000,427.360000
NaN,NaN,296.970000,429.010000,396.740000,427.380000
NaN,NaN,296.940000,429.040000,396.740000,427.370000
NaN,NaN,296.960000,429.040000,396.730000,427.370000
NaN,NaN,296.960000,429.060000,396.710000,427.360000
NaN,NaN,296.970000,429.060000,396.740000,427.380000
NaN,NaN,296.930000,429.090000,396.740000,427.410000
NaN,NaN,296.970000,429.090000,396.750000,427.390000
NaN,NaN,296.990000,429.080000,396.720000,427.380000
NaN,NaN,297.030000,429.040000,396.710000,427.380000
NaN,NaN,297.010000,429.060000,396.710000,427.390000
NaN,NaN,297.040000,429.050000,396.670000,427.370000
NaN,NaN,297.040000,429.070000,396.710000,427.360000
NaN,NaN,297.060000,429.110000,396.690000,427.360000
NaN,NaN,296.980000,429.060000,396.680000,427.360000
NaN,NaN,296.990000,429.110000,396.690000,427.370000
NaN,NaN,297.040000,429.070000,396.710000,427.400000
NaN,NaN,297.060000,429.070000,396.720000,427.420000
NaN,NaN,297.130000,429.040000,396.690000,427.400000
NaN,NaN,297.070000,429.050000,396.700000,427.390000
NaN,NaN,297.080000,429.050000,396.700000,427.370000
NaN,NaN,297.140000,429.040000,396.710000,427.360000
NaN,NaN,297.220000,429.040000,396.720000,427.410000
NaN,NaN,297.120000,429.070000,396.700000,427.380000
NaN,NaN,297.190000,429.090000,396.700000,427.460000
NaN,NaN,297.220000,429.040000,396.820000,427.990000
NaN,NaN,297.060000,429.080000,396.820000,427.990000
NaN,NaN,297.090000,429.090000,396.840000,428.010000
NaN,NaN,297.130000,429.050000,396.830000,428.020000
NaN,NaN,297.150000,429.070000,396.840000,428.020000
NaN,NaN,297.130000,429.070000,396.800000,428.010000
NaN,NaN,297.090000,429.030000,396.780000,428.000000
NaN,NaN,297.220000,429.050000,396.760000,427.960000
NaN,NaN,297.220000,429.050000,396.780000,427.990000
NaN,NaN,297.310000,429.040000,396.780000,427.980000
NaN,NaN,297.290000,429.030000,396.770000,427.970000
NaN,NaN,297.210000,429.070000,396.750000,427.980000
NaN,NaN,297.210000,429.040000,396.790000,428.020000
NaN,NaN,297.300000,429.060000,396.790000,428.010000
NaN,NaN,297.290000,429.090000,396.790000,427.980000
NaN,NaN,297.340000,429.080000,396.780000,427.980000
NaN,NaN,297.200000,429.040000,396.810000,428.010000
NaN,NaN,297.290000,429.150000,396.800000,428.020000
NaN,NaN,297.390000,429.080000,396.800000,428.000000
NaN,NaN,297.450000,429.040000,396.760000,427.990000
NaN,NaN,297.610000,429.000000,396.780000,428.010000
NaN,NaN,297.610000,429.000000,396.790000,428.010000
NaN,NaN,297.590000,429.030000,396.780000,428.010000
NaN,NaN,297.650000,428.990000,396.770000,428.000000
NaN,NaN,297.650000,429.030000,396.760000,428.020000
NaN,NaN,297.640000,429.040000,396.740000,428.000000
NaN,NaN,297.600000,429.060000,396.790000,428.030000
NaN,NaN,297.680000,429.010000,396.790000,428.030000
NaN,NaN,297.670000,429.030000,396.790000,428.030000
NaN,NaN,297.620000,429.000000,396.780000,428.000000
NaN,NaN,297.570000,429.020000,396.760000,428.000000
NaN,NaN,297.700000,429.040000,396.800000,428.080000
NaN,NaN,297.590000,429.040000,396.800000,428.080000
NaN,NaN,297.550000,429.030000,396.800000,428.050000
NaN,NaN,297.540000,429.050000,396.780000,428.050000
NaN,NaN,297.610000,429.050000,396.770000,428.030000
NaN,NaN,297.580000,429.060000,396.760000,428.050000
NaN,NaN,297.600000,429.030000,396.780000,428.060000
NaN,NaN,297.670000,429.050000,396.780000,428.030000
NaN,NaN,297.710000,429.020000,396.790000,428.030000
NaN,NaN,297.700000,429.000000,396.790000,428.050000
NaN,NaN,297.620000,429.050000,396.740000,428.030000
NaN,NaN,297.680000,429.070000,396.740000,428.060000
NaN,NaN,297.620000,429.040000,396.760000,428.040000
NaN,NaN,297.630000,429.010000,396.740000,428.060000
NaN,NaN,297.740000,429.040000,396.750000,428.050000
NaN,NaN,297.720000,429.050000,396.750000,428.120000
NaN,NaN,297.720000,429.060000,396.730000,428.090000
NaN,NaN,297.810000,429.030000,396.710000,428.060000
NaN,NaN,297.780000,429.020000,396.740000,428.090000
NaN,NaN,297.770000,428.980000,396.720000,428.080000
NaN,NaN,297.780000,429.020000,396.720000,428.060000
NaN,NaN,297.720000,429.010000,396.720000,428.080000
NaN,NaN,297.820000,428.990000,396.700000,428.050000
NaN,NaN,297.770000,429.000000,396.690000,428.050000
NaN,NaN,297.750000,429.040000,396.720000,428.060000
NaN,NaN,297.750000,429.000000,396.740000,428.060000
NaN,NaN,297.810000,428.970000,396.720000,428.090000
NaN,NaN,297.820000,428.970000,396.720000,428.070000
NaN,NaN,297.800000,429.000000,396.740000,428.100000
NaN,NaN,297.800000,429.000000,396.690000,428.100000
NaN,NaN,297.920000,429.030000,396.720000,428.100000
NaN,NaN,297.920000,428.990000,396.740000,428.130000
NaN,NaN,297.930000,429.030000,396.720000,428.120000
NaN,NaN,297.910000,429.020000,396.740000,428.120000
NaN,NaN,297.890000,429.030000,396.730000,428.120000
NaN,NaN,297.940000,429.020000,396.730000,428.110000
NaN,NaN,297.870000,429.030000,396.720000,428.110000
NaN,NaN,297.860000,429.050000,396.720000,428.100000
NaN,NaN,297.880000,429.030000,396.710000,428.110000
NaN,NaN,297.880000,429.030000,396.700000,428.120000
NaN,NaN,297.880000,429.030000,396.710000,428.100000
NaN,NaN,297.960000,429.050000,396.700000,428.130000
NaN,NaN,297.960000,429.060000,396.700000,428.090000
NaN,NaN,297.920000,429.050000,396.710000,428.080000
NaN,NaN,297.950000,429.050000,396.720000,428.100000
NaN,NaN,297.830000,428.980000,396.740000,428.140000
NaN,NaN,297.860000,429.020000,396.730000,428.120000
NaN,NaN,297.940000,429.010000,396.700000,428.090000
NaN,NaN,297.950000,428.990000,396.740000,428.110000
NaN,NaN,297.940000,428.960000,396.710000,428.090000
NaN,NaN,297.960000,428.960000,396.720000,428.100000
NaN,NaN,297.960000,428.990000,396.700000,428.130000
NaN,NaN,297.960000,429.000000,396.680000,428.140000
NaN,NaN,297.950000,428.990000,396.660000,428.110000
NaN,NaN,297.980000,429.010000,396.680000,428.120000
NaN,NaN,297.970000,429.000000,396.690000,428.150000
NaN,NaN,297.980000,429.000000,396.690000,428.140000
NaN,NaN,297.990000,429.020000,396.700000,428.140000
NaN,NaN,298.030000,429.020000,396.690000,428.140000
NaN,NaN,297.990000,429.010000,396.680000,428.150000
NaN,NaN,297.990000,429.000000,396.750000,428.260000
NaN,NaN,298.020000,429.000000,396.700000,428.220000
NaN,NaN,298.050000,428.980000,396.650000,428.160000
NaN,NaN,298.050000,428.970000,396.670000,428.160000
NaN,NaN,298.050000,429.000000,396.670000,428.160000
NaN,NaN,298.070000,429.000000,396.680000,428.180000
NaN,NaN,298.080000,429.020000,396.680000,428.190000
NaN,NaN,298.100000,429.000000,396.700000,428.190000
NaN,NaN,298.110000,429.000000,396.690000,428.190000
NaN,NaN,298.130000,429.040000,396.680000,428.190000
NaN,NaN,298.140000,429.030000,396.650000,428.170000
NaN,NaN,298.190000,429.010000,396.660000,428.180000
NaN,NaN,298.180000,429.010000,396.660000,428.170000
NaN,NaN,298.190000,429.030000,396.650000,428.170000
NaN,NaN,298.240000,429.050000,396.690000,428.160000
NaN,NaN,298.250000,429.030000,396.610000,428.200000
NaN,NaN,298.210000,429.030000,396.640000,428.200000
NaN,NaN,298.170000,429.050000,396.680000,428.210000
NaN,NaN,298.180000,429.030000,396.690000,428.200000
NaN,NaN,298.220000,429.020000,396.670000,428.210000
NaN,NaN,298.240000,429.060000,396.670000,428.220000
NaN,NaN,298.260000,429.050000,396.640000,428.180000
NaN,NaN,298.300000,429.020000,396.630000,428.190000
NaN,NaN,298.290000,429.050000,396.630000,428.170000
NaN,NaN,298.300000,429.030000,396.620000,428.170000
NaN,NaN,298.280000,429.040000,396.610000,428.150000
NaN,NaN,298.270000,429.010000,396.620000,428.180000
NaN,NaN,298.310000,429.010000,396.590000,428.200000
NaN,NaN,298.380000,429.010000,396.620000,428.230000
NaN,NaN,298.390000,429.030000,396.620000,428.200000
NaN,NaN,298.380000,429.010000,396.630000,428.220000
NaN,NaN,298.370000,429.040000,396.630000,428.190000
NaN,NaN,298.440000,429.040000,396.620000,428.200000
NaN,NaN,298.440000,429.010000,396.620000,428.210000
NaN,NaN,298.440000,429.030000,396.650000,428.220000
NaN,NaN,298.380000,429.010000,396.620000,428.180000
NaN,NaN,298.410000,428.990000,396.650000,428.200000
NaN,NaN,298.530000,428.990000,396.640000,428.180000
NaN,NaN,298.700000,428.990000,396.690000,428.190000
NaN,NaN,298.700000,429.000000,396.670000,428.200000
NaN,NaN,298.760000,429.020000,396.650000,428.220000
NaN,NaN,298.750000,428.990000,396.640000,428.190000
NaN,NaN,298.750000,428.990000,396.650000,428.180000
NaN,NaN,298.760000,428.980000,396.660000,428.210000
NaN,NaN,298.770000,428.950000,396.660000,428.220000
NaN,NaN,298.850000,428.950000,396.630000,428.210000
NaN,NaN,298.850000,428.990000,396.600000,428.230000
NaN,NaN,298.820000,429.000000,396.600000,428.200000
NaN,NaN,298.880000,429.010000,396.600000,428.190000
NaN,NaN,298.870000,429.010000,396.610000,428.210000
NaN,NaN,298.890000,428.980000,396.650000,428.230000
NaN,NaN,298.890000,428.980000,396.640000,428.210000
NaN,NaN,298.910000,428.930000,396.620000,428.240000
NaN,NaN,298.900000,428.960000,396.590000,428.250000
NaN,NaN,298.950000,428.940000,396.530000,428.270000
NaN,NaN,298.930000,428.980000,395.930000,428.200000
NaN,NaN,298.930000,428.950000,395.220000,428.090000
NaN,NaN,298.910000,428.940000,395.220000,428.090000
NaN,NaN,298.930000,428.920000,395.220000,428.060000
NaN,NaN,298.930000,428.950000,395.230000,428.060000
NaN,NaN,298.970000,428.860000,395.220000,428.040000
NaN,NaN,299.000000,428.890000,395.210000,428.040000
NaN,NaN,298.990000,428.890000,395.180000,428.060000
NaN,NaN,299.000000,428.870000,395.190000,428.060000
NaN,NaN,299.030000,428.890000,395.200000,428.050000
NaN,NaN,299.040000,428.860000,395.210000,428.080000
NaN,NaN,299.060000,428.880000,395.220000,428.070000
NaN,NaN,299.040000,428.870000,395.200000,428.070000
NaN,NaN,299.060000,428.860000,395.190000,428.070000
NaN,NaN,299.070000,428.890000,395.190000,428.070000
NaN,NaN,299.080000,428.860000,395.180000,428.090000
NaN,NaN,299.090000,428.880000,395.160000,428.100000
NaN,NaN,299.130000,428.810000,395.170000,428.090000
NaN,NaN,299.160000,428.800000,395.170000,428.080000
NaN,NaN,299.170000,428.830000,395.180000,428.100000
NaN,NaN,299.230000,428.900000,395.180000,428.060000
NaN,NaN,299.290000,428.870000,395.160000,428.060000
NaN,NaN,299.310000,428.840000,395.180000,428.090000
NaN,NaN,299.310000,428.850000,395.170000,428.080000
NaN,NaN,299.320000,428.830000,395.170000,428.130000
NaN,NaN,299.300000,428.870000,395.140000,428.120000
NaN,NaN,299.330000,428.820000,395.170000,428.130000
NaN,NaN,299.340000,428.780000,395.140000,428.090000
NaN,NaN,299.400000,428.780000,395.100000,428.100000
NaN,NaN,299.400000,428.780000,395.130000,428.120000
NaN,NaN,299.380000,428.790000,395.120000,428.130000
NaN,NaN,299.350000,428.820000,395.110000,428.080000
NaN,NaN,299.410000,428.750000,395.120000,428.110000
NaN,NaN,299.390000,428.770000,395.100000,428.090000
NaN,NaN,299.420000,428.740000,395.080000,428.090000
NaN,NaN,299.490000,428.740000,395.100000,428.090000
NaN,NaN,299.620000,428.730000,395.100000,428.090000
NaN,NaN,299.650000,428.690000,395.140000,428.120000
NaN,NaN,299.720000,428.680000,395.120000,428.090000
NaN,NaN,299.750000,428.660000,395.110000,428.130000
NaN,NaN,299.810000,428.490000,395.090000,428.140000
NaN,NaN,299.890000,428.260000,395.100000,428.120000
NaN,NaN,299.940000,428.200000,395.090000,428.130000
NaN,NaN,299.950000,428.220000,395.090000,428.130000
NaN,NaN,299.950000,428.240000,395.080000,428.140000
NaN,NaN,299.970000,428.290000,395.080000,428.130000
NaN,NaN,299.990000,428.230000,395.060000,428.130000
NaN,NaN,300.110000,428.180000,395.070000,428.150000
NaN,NaN,300.120000,428.130000,395.090000,428.160000
NaN,NaN,300.130000,428.120000,395.090000,428.160000
NaN,NaN,300.130000,428.030000,395.050000,428.130000
NaN,NaN,300.130000,428.100000,395.040000,428.120000
NaN,NaN,300.210000,428.090000,395.050000,428.150000
NaN,NaN,300.260000,428.050000,395.050000,428.130000
NaN,NaN,300.290000,428.050000,395.030000,428.120000
NaN,NaN,300.370000,428.010000,395.030000,428.150000
NaN,NaN,300.430000,428.030000,395.060000,428.190000
NaN,NaN,300.480000,428.010000,395.040000,428.190000
NaN,NaN,300.560000,428.010000,395.040000,428.210000
NaN,NaN,300.580000,427.970000,395.050000,428.170000
NaN,NaN,300.560000,427.980000,395.070000,428.230000
NaN,NaN,300.590000,427.960000,395.030000,428.170000
NaN,NaN,300.650000,427.950000,395.010000,428.170000
NaN,NaN,300.720000,427.910000,395.030000,428.170000
NaN,NaN,300.750000,427.890000,395.000000,428.160000
NaN,NaN,300.810000,427.930000,395.030000,428.180000
NaN,NaN,300.860000,427.920000,395.020000,428.200000
NaN,NaN,300.850000,427.920000,394.980000,428.210000
NaN,NaN,300.900000,427.890000,394.990000,428.270000
NaN,NaN,300.950000,427.860000,395.000000,428.250000
NaN,NaN,301.010000,427.840000,395.000000,428.220000
NaN,NaN,301.010000,427.840000,394.980000,428.210000
NaN,NaN,301.060000,427.830000,395.010000,428.250000
NaN,NaN,301.070000,427.850000,394.990000,428.210000
NaN,NaN,301.110000,427.840000,394.980000,428.210000
NaN,NaN,301.130000,427.800000,395.000000,428.210000
NaN,NaN,301.160000,427.830000,395.000000,428.230000
NaN,NaN,301.180000,427.800000,394.980000,428.220000
NaN,NaN,301.200000,427.800000,394.980000,428.260000
NaN,NaN,301.280000,427.770000,394.980000,428.240000
NaN,NaN,301.330000,427.760000,394.980000,428.290000
NaN,NaN,301.340000,427.780000,394.980000,428.250000
NaN,NaN,301.450000,427.790000,394.970000,428.250000
NaN,NaN,301.660000,427.820000,394.950000,428.200000
NaN,NaN,301.700000,427.790000,394.940000,428.200000
NaN,NaN,301.860000,427.790000,394.930000,428.230000
NaN,NaN,301.940000,427.800000,394.950000,428.270000
NaN,NaN,302.060000,427.750000,394.960000,428.270000
NaN,NaN,302.070000,427.700000,394.950000,428.260000
NaN,NaN,302.080000,427.660000,394.940000,428.230000
NaN,NaN,302.150000,427.730000,394.940000,428.250000
NaN,NaN,302.410000,427.730000,394.960000,428.240000
NaN,NaN,302.620000,427.700000,394.950000,428.240000
NaN,NaN,302.790000,427.700000,394.960000,428.270000
NaN,NaN,302.850000,427.650000,394.960000,428.290000
NaN,NaN,302.860000,427.710000,394.950000,428.210000
NaN,NaN,302.990000,427.660000,394.950000,428.230000
NaN,NaN,303.140000,427.610000,394.960000,428.230000
NaN,NaN,303.250000,427.670000,394.950000,428.240000
NaN,NaN,303.360000,427.660000,394.930000,428.250000
NaN,NaN,303.540000,427.670000,394.950000,428.260000
NaN,NaN,303.580000,427.740000,394.950000,428.280000
NaN,NaN,303.670000,427.720000,394.960000,428.250000
NaN,NaN,303.800000,427.620000,394.920000,428.260000
NaN,NaN,303.870000,427.680000,394.950000,428.270000
NaN,NaN,303.890000,427.720000,394.950000,428.270000
NaN,NaN,303.960000,427.660000,394.960000,428.260000
NaN,NaN,304.080000,427.660000,394.970000,428.280000
NaN,NaN,304.180000,427.630000,394.960000,428.280000
NaN,NaN,304.390000,427.630000,394.930000,428.280000
NaN,NaN,304.440000,427.760000,394.970000,428.390000
NaN,NaN,304.390000,427.720000,394.940000,428.300000
NaN,NaN,304.550000,427.690000,394.960000,428.300000
NaN,NaN,304.610000,427.730000,394.950000,428.290000
NaN,NaN,304.750000,427.740000,394.950000,428.280000
NaN,NaN,304.780000,427.770000,394.920000,428.290000
NaN,NaN,304.860000,427.750000,394.900000,428.280000
NaN,NaN,305.010000,427.780000,394.930000,428.320000
NaN,NaN,305.020000,427.740000,394.930000,428.330000
NaN,NaN,305.080000,427.700000,394.920000,428.340000
NaN,NaN,305.150000,427.710000,394.920000,428.320000
NaN,NaN,305.270000,427.780000,394.930000,428.280000
NaN,NaN,305.430000,427.710000,394.930000,428.280000
NaN,NaN,305.540000,427.730000,394.920000,428.330000
NaN,NaN,305.610000,427.680000,394.910000,428.300000
NaN,NaN,305.880000,427.670000,394.930000,428.280000
NaN,NaN,305.970000,427.610000,394.940000,428.280000
NaN,NaN,306.100000,427.470000,394.940000,428.330000
NaN,NaN,306.240000,427.280000,394.910000,428.320000
NaN,NaN,306.390000,427.180000,394.910000,428.330000
NaN,NaN,306.530000,427.210000,394.930000,428.310000
NaN,NaN,306.640000,427.190000,394.910000,428.310000
NaN,NaN,306.740000,427.170000,394.920000,428.310000
NaN,NaN,306.860000,427.140000,394.910000,428.310000
NaN,NaN,306.920000,427.160000,394.930000,428.330000
NaN,NaN,307.020000,427.150000,394.900000,428.330000
NaN,NaN,307.200000,427.130000,394.910000,428.340000
NaN,NaN,307.340000,427.110000,394.910000,428.300000
NaN,NaN,307.460000,427.100000,394.900000,428.310000
NaN,NaN,307.640000,427.040000,394.870000,428.320000
NaN,NaN,307.750000,427.040000,394.900000,428.300000
NaN,NaN,307.960000,427.000000,394.920000,428.250000
NaN,NaN,308.080000,426.970000,394.910000,428.270000
NaN,NaN,308.220000,427.000000,394.870000,428.250000
NaN,NaN,308.260000,427.040000,394.910000,428.300000
NaN,NaN,308.470000,427.020000,394.910000,428.280000
NaN,NaN,308.570000,426.990000,394.900000,428.320000
NaN,NaN,308.740000,426.990000,394.910000,428.330000
NaN,NaN,308.890000,426.940000,394.890000,428.320000
NaN,NaN,308.990000,426.860000,394.890000,428.320000
NaN,NaN,309.120000,426.840000,394.890000,428.320000
NaN,NaN,309.180000,426.910000,394.910000,428.350000
NaN,NaN,309.360000,426.850000,394.920000,428.380000
NaN,NaN,309.650000,426.760000,394.920000,428.370000
NaN,NaN,309.880000,426.710000,394.910000,428.360000
NaN,NaN,309.930000,426.710000,394.920000,428.260000
NaN,NaN,310.030000,426.660000,394.930000,428.300000
NaN,NaN,310.170000,426.660000,394.920000,428.290000
NaN,NaN,310.200000,426.630000,394.920000,428.260000
NaN,NaN,310.340000,426.570000,394.930000,428.290000
NaN,NaN,310.450000,426.560000,394.920000,428.320000
NaN,NaN,310.640000,426.370000,394.910000,428.350000
NaN,NaN,310.810000,426.110000,394.870000,428.320000
NaN,NaN,310.920000,426.130000,394.900000,428.380000
NaN,NaN,311.020000,426.090000,394.920000,428.400000
NaN,NaN,311.140000,426.100000,394.910000,428.390000
NaN,NaN,311.230000,426.090000,394.890000,428.330000
NaN,NaN,311.350000,426.050000,394.890000,428.370000
NaN,NaN,311.620000,426.030000,394.900000,428.370000
NaN,NaN,311.750000,425.970000,394.900000,428.350000
NaN,NaN,311.950000,425.960000,394.870000,428.340000
NaN,NaN,312.090000,425.900000,394.880000,428.310000
NaN,NaN,312.190000,425.830000,394.900000,428.320000
NaN,NaN,312.190000,425.810000,394.900000,428.310000
NaN,NaN,312.560000,425.770000,394.860000,428.280000
NaN,NaN,312.670000,425.760000,394.880000,428.270000
NaN,NaN,312.830000,425.630000,394.860000,428.280000
NaN,NaN,312.990000,425.560000,394.870000,428.310000
NaN,NaN,313.070000,425.120000,394.860000,428.320000
NaN,NaN,313.180000,425.090000,394.870000,428.320000
NaN,NaN,313.280000,425.060000,394.880000,428.320000
NaN,NaN,313.450000,424.980000,394.880000,428.290000
NaN,NaN,313.680000,424.930000,394.890000,428.340000
NaN,NaN,313.790000,424.920000,394.870000,428.320000
NaN,NaN,313.910000,424.880000,394.900000,428.350000
NaN,NaN,314.120000,424.740000,394.860000,428.350000
NaN,NaN,314.340000,424.560000,394.860000,428.340000
316.888755,427.852975,314.660000,424.130000,394.860000,428.360000
317.208805,427.852975,314.930000,424.070000,394.870000,428.350000
318.168955,427.852975,315.030000,424.010000,394.890000,428.360000
319.449156,427.852975,315.120000,423.930000,394.870000,428.350000
320.409306,427.852975,315.160000,423.870000,394.860000,428.410000
321.689506,427.852975,315.230000,423.790000,394.870000,428.380000
323.289756,427.852975,315.370000,423.730000,394.840000,428.320000
324.569956,427.852975,315.610000,423.540000,394.800000,428.310000
325.530106,427.562726,315.830000,422.950000,394.830000,428.330000
326.810306,427.562726,316.030000,422.340000,394.830000,428.360000
326.810306,427.562726,316.190000,422.200000,394.820000,428.340000
326.810306,427.562726,316.270000,422.100000,394.830000,428.350000
326.810306,427.562726,316.420000,422.050000,394.840000,428.360000
327.130356,427.562726,316.840000,421.860000,394.860000,428.390000
328.090506,427.562726,316.930000,421.840000,394.840000,428.350000
328.410556,427.562726,317.010000,421.810000,394.800000,428.330000
329.050656,427.272476,317.200000,421.770000,394.820000,428.350000
329.690756,426.691977,317.360000,421.760000,394.820000,428.360000
329.690756,426.691977,317.720000,421.590000,394.870000,428.370000
330.650906,426.401728,317.910000,421.140000,394.860000,428.380000
330.970956,426.111479,318.080000,421.100000,394.850000,428.350000
330.970956,425.821229,318.130000,420.990000,394.840000,428.360000
330.970956,425.821229,318.150000,420.950000,394.840000,428.370000
330.970956,425.821229,318.150000,420.960000,394.830000,428.340000
330.970956,425.821229,319.129106,421.177238,394.840000,428.380000
330.970956,425.821229,319.300000,420.890000,394.790000,428.330000
330.970956,425.821229,319.770000,420.740000,394.810000,428.360000
330.970956,425.821229,320.110000,420.380000,394.830000,428.400000
330.970956,425.821229,320.300000,419.870000,394.860000,428.300000
333.211306,425.240730,319.129106,419.435742,394.850000,428.350000
336.091756,424.660231,319.220000,418.960000,394.860000,428.390000
340.572456,424.950481,320.089256,420.306490,394.860000,428.330000
345.373206,424.079733,320.510000,420.130000,394.820000,428.350000
349.213806,423.789483,320.470000,419.810000,394.840000,428.390000
352.414306,423.208984,320.310000,419.710000,394.840000,428.330000
356.574956,422.338236,320.260000,419.600000,394.840000,428.300000
360.415557,422.047987,320.310000,419.310000,394.840000,428.320000
362.655907,421.467488,320.310000,419.140000,394.850000,428.340000
362.975957,421.467488,320.350000,419.010000,394.850000,428.360000
362.655907,421.467488,320.420000,418.910000,394.830000,428.400000
362.655907,421.467488,320.470000,418.770000,394.860000,428.380000
362.655907,421.467488,320.810000,418.610000,394.840000,428.370000
362.655907,421.467488,320.930000,418.330000,394.810000,428.330000
362.335857,421.467488,321.000000,418.220000,394.810000,428.370000
360.415557,421.467488,321.050000,418.180000,394.810000,428.400000
359.775456,421.757737,321.150000,418.090000,394.820000,428.400000
359.455406,421.757737,321.240000,418.030000,394.810000,428.390000
358.175206,422.047987,321.320000,417.970000,394.830000,428.410000
358.175206,422.047987,321.450000,417.920000,394.790000,428.380000
358.175206,422.047987,321.720000,417.840000,394.800000,428.420000
359.135356,422.047987,321.820000,417.750000,394.790000,428.410000
361.055657,422.047987,321.900000,417.670000,394.780000,428.410000
362.015807,422.047987,321.970000,417.550000,394.770000,428.370000
362.335857,422.047987,322.050000,417.310000,394.780000,428.410000
362.335857,422.047987,322.160000,417.220000,394.790000,428.410000
362.335857,422.047987,322.210000,417.170000,394.780000,428.370000
362.335857,422.047987,322.340000,417.130000,394.780000,428.410000
362.335857,422.047987,322.430000,417.070000,394.790000,428.460000
362.335857,422.047987,322.770000,416.980000,394.890000,429.050000
362.335857,422.047987,322.780000,416.920000,395.020000,429.580000
362.335857,422.047987,322.840000,416.870000,395.000000,429.570000
362.335857,422.047987,322.870000,416.840000,395.040000,429.610000
362.335857,422.047987,322.840000,416.790000,395.010000,429.570000
362.335857,422.047987,322.890000,416.740000,395.020000,429.560000
362.335857,422.047987,322.930000,416.700000,395.050000,429.600000
362.335857,422.047987,322.950000,416.630000,395.050000,429.610000
362.335857,422.047987,323.010000,416.600000,395.030000,429.610000
362.335857,422.047987,323.020000,416.550000,394.990000,429.580000
362.335857,422.047987,323.090000,416.450000,395.010000,429.620000
363.616057,421.177238,323.160000,416.270000,395.000000,429.570000
363.616057,421.177238,323.200000,416.240000,394.990000,429.550000
363.616057,421.177238,323.240000,416.180000,394.990000,429.570000
363.616057,421.177238,323.350000,416.150000,395.020000,429.620000
363.616057,421.177238,323.630000,416.060000,394.980000,429.640000
363.936107,420.596739,323.970000,416.020000,394.990000,429.600000
364.256157,420.596739,324.060000,415.980000,395.010000,429.620000
364.256157,420.596739,324.110000,415.950000,395.010000,429.660000
364.256157,420.596739,324.150000,415.930000,395.000000,429.640000
364.256157,420.596739,324.230000,415.860000,395.000000,429.620000
364.256157,420.596739,324.230000,415.860000,394.990000,429.620000
364.256157,420.596739,324.260000,415.810000,395.010000,429.660000
364.256157,420.596739,324.290000,415.810000,395.000000,429.610000
364.256157,420.596739,324.320000,415.770000,394.990000,429.670000
364.256157,420.596739,324.290000,415.750000,394.990000,429.580000
364.256157,420.596739,324.280000,415.690000,395.000000,429.580000
365.536357,419.435742,324.300000,415.670000,395.000000,429.600000
365.536357,419.435742,324.290000,415.640000,395.010000,429.590000
365.536357,419.435742,324.310000,415.620000,395.000000,429.600000
365.536357,419.435742,324.280000,415.640000,395.050000,429.710000
365.536357,419.435742,324.290000,415.610000,395.020000,429.620000
365.536357,419.435742,324.300000,415.600000,395.020000,429.590000
365.216307,419.435742,324.280000,415.580000,395.040000,429.680000
365.216307,419.435742,324.290000,415.520000,395.050000,429.690000
365.216307,419.435742,324.300000,415.330000,395.010000,429.590000
365.216307,419.435742,324.320000,415.300000,395.010000,429.620000
365.216307,419.435742,324.310000,415.250000,395.010000,429.640000
365.216307,419.435742,324.290000,415.210000,395.010000,429.650000
365.216307,419.435742,324.300000,415.160000,395.030000,429.620000
365.216307,419.435742,324.250000,415.090000,394.990000,429.490000
365.216307,419.435742,324.280000,415.050000,394.880000,429.030000
365.216307,419.435742,324.300000,415.060000,394.890000,429.050000
365.216307,419.435742,324.290000,415.030000,394.900000,429.050000
365.216307,419.435742,324.300000,415.010000,394.880000,429.060000
365.216307,419.435742,324.360000,414.980000,394.840000,429.020000
365.216307,419.435742,324.380000,415.010000,394.850000,429.040000
365.216307,419.435742,324.360000,414.960000,394.840000,429.030000
365.216307,419.435742,324.370000,414.970000,394.870000,429.030000
365.216307,419.435742,324.390000,414.940000,394.860000,429.040000
365.216307,419.435742,324.390000,414.930000,394.850000,429.030000
365.216307,419.435742,324.390000,414.940000,394.860000,429.050000
365.216307,419.435742,324.390000,414.910000,394.880000,429.040000
365.216307,419.435742,324.390000,414.870000,394.880000,429.040000
365.216307,419.435742,324.569956,415.952748,394.890000,429.060000
365.216307,419.435742,324.980000,416.010000,394.900000,429.050000
365.216307,419.435742,324.990000,415.990000,394.880000,429.050000
365.216307,419.435742,325.000000,415.980000,394.860000,429.040000
365.216307,419.435742,325.010000,415.980000,394.860000,429.040000
365.216307,419.435742,325.020000,415.960000,394.860000,429.020000
365.216307,419.435742,325.010000,415.920000,394.890000,429.080000
365.216307,419.435742,325.010000,415.920000,394.860000,429.090000
365.216307,419.435742,325.000000,415.920000,394.840000,429.070000
365.216307,419.435742,325.010000,415.930000,394.870000,429.030000
365.216307,419.435742,325.000000,415.940000,394.880000,429.020000
365.216307,419.435742,325.020000,415.950000,394.860000,429.040000
365.216307,419.435742,325.010000,415.950000,394.870000,429.040000
365.216307,419.435742,325.010000,415.970000,394.860000,429.020000
365.216307,419.435742,324.990000,415.960000,394.860000,429.030000
365.216307,419.435742,324.980000,415.970000,394.840000,429.040000
365.216307,419.435742,324.960000,415.990000,394.850000,429.050000
364.896257,419.145492,324.940000,415.990000,394.840000,429.040000
365.536357,418.564993,324.930000,416.010000,394.860000,429.050000
365.536357,418.564993,324.930000,416.010000,394.850000,429.050000
365.536357,418.564993,324.920000,416.030000,394.860000,429.060000
365.536357,418.564993,324.910000,416.050000,394.880000,429.060000
365.536357,418.564993,324.910000,416.070000,394.860000,429.050000
365.536357,418.564993,324.890000,416.090000,394.860000,429.030000
365.536357,418.564993,324.900000,416.130000,394.870000,429.060000
365.536357,418.564993,324.900000,416.150000,394.850000,429.040000
365.536357,418.564993,324.860000,416.170000,394.850000,429.050000
365.536357,418.564993,324.840000,416.210000,394.860000,429.040000
365.216307,418.564993,324.870000,416.280000,394.870000,429.040000
365.216307,418.564993,324.850000,416.310000,394.870000,429.040000
365.216307,418.564993,324.850000,416.350000,394.850000,429.030000
364.896257,418.564993,324.830000,416.410000,394.830000,429.050000
364.256157,418.564993,324.820000,416.460000,394.810000,429.030000
364.256157,418.564993,324.840000,416.650000,394.810000,429.040000
364.256157,418.564993,324.840000,416.730000,394.830000,429.010000
364.256157,418.564993,324.840000,416.810000,394.820000,429.020000
363.936107,418.564993,324.800000,416.910000,394.850000,429.070000
363.936107,418.564993,324.790000,416.920000,394.850000,429.080000
363.936107,418.564993,324.790000,416.980000,394.860000,429.090000
363.936107,418.564993,324.770000,417.030000,394.870000,429.080000
363.616057,418.564993,324.720000,417.100000,394.860000,429.070000
362.975957,418.564993,324.740000,417.150000,394.830000,429.070000
362.975957,418.564993,324.680000,417.190000,394.830000,429.040000
362.975957,418.564993,324.670000,417.230000,394.790000,429.050000
362.975957,418.564993,324.760000,417.310000,394.800000,429.030000
362.975957,418.564993,324.770000,417.400000,394.790000,429.010000
362.975957,418.564993,324.830000,417.450000,394.820000,429.050000
362.975957,418.564993,324.810000,417.700000,394.850000,429.070000
362.975957,418.564993,324.820000,417.770000,394.810000,429.050000
362.975957,418.564993,324.760000,417.820000,394.830000,429.070000
362.975957,418.564993,324.760000,417.910000,394.820000,429.070000
362.975957,418.564993,324.820000,418.010000,394.840000,429.080000
362.975957,418.564993,324.830000,418.050000,394.820000,429.070000
362.975957,418.564993,324.790000,418.090000,394.820000,429.070000
362.975957,418.564993,324.770000,418.170000,394.820000,429.050000
362.975957,418.564993,324.820000,418.230000,394.840000,429.060000
362.975957,418.564993,324.810000,418.390000,394.820000,429.040000
362.335857,418.855243,324.870000,418.560000,394.830000,429.020000
361.695757,418.855243,324.890000,418.640000,394.800000,429.030000
361.695757,418.855243,324.860000,418.780000,394.790000,429.040000
361.695757,418.855243,324.860000,418.810000,394.790000,429.070000
361.695757,418.855243,324.860000,418.850000,394.810000,429.050000
361.695757,418.855243,324.870000,418.890000,394.800000,429.050000
361.695757,418.855243,324.860000,418.970000,394.780000,429.050000
361.695757,418.855243,324.890000,419.070000,394.800000,429.050000
361.055657,418.855243,324.900000,419.100000,394.810000,429.050000
360.735607,419.145492,324.990000,419.320000,394.800000,429.060000
360.735607,419.145492,325.000000,419.650000,394.810000,429.040000
360.735607,419.145492,325.020000,419.710000,394.800000,429.040000
360.735607,419.145492,325.030000,419.830000,394.780000,429.030000
360.415557,419.145492,325.030000,419.910000,394.770000,429.020000
360.415557,419.145492,325.130000,420.010000,394.770000,429.030000
360.415557,419.145492,325.190000,420.260000,394.750000,429.060000
360.095507,419.145492,325.180000,420.400000,394.760000,429.070000
360.095507,419.145492,325.260000,420.680000,394.760000,429.050000
360.095507,419.145492,325.220000,420.760000,394.780000,429.060000
360.095507,419.145492,325.230000,420.790000,394.810000,429.080000
359.775456,419.145492,325.370000,420.890000,394.800000,429.080000
359.455406,419.145492,325.390000,420.970000,394.820000,429.120000
359.455406,419.145492,325.420000,421.040000,394.800000,429.110000
359.455406,419.145492,325.470000,421.110000,394.780000,429.100000
359.455406,419.145492,325.530000,421.210000,394.800000,429.070000
359.455406,419.145492,325.610000,421.270000,394.830000,429.050000
359.135356,419.145492,325.720000,421.350000,394.790000,429.060000
359.135356,419.145492,325.780000,421.470000,394.820000,429.050000
358.495256,419.435742,325.750000,421.740000,394.800000,429.040000
358.175206,419.435742,325.820000,421.760000,394.780000,429.040000
358.175206,419.435742,325.800000,421.820000,394.730000,429.030000
357.855156,419.435742,325.900000,421.790000,394.760000,429.050000
357.855156,419.435742,325.940000,421.840000,394.740000,429.060000
357.855156,419.435742,325.880000,421.900000,394.750000,429.050000
357.855156,419.435742,325.900000,421.900000,394.750000,429.060000
357.855156,419.435742,325.870000,421.920000,394.760000,429.070000
357.855156,419.435742,325.930000,421.900000,394.760000,429.050000
357.535106,419.435742,325.920000,421.930000,394.770000,429.040000
356.895006,419.435742,325.970000,421.940000,394.770000,429.050000
356.254906,419.725991,326.050000,422.000000,394.810000,429.040000
356.254906,419.725991,326.030000,422.000000,394.780000,429.020000
356.254906,419.725991,325.850156,422.628485,394.790000,429.050000
356.254906,419.725991,326.010000,423.010000,394.800000,429.050000
356.254906,419.725991,326.010000,423.020000,394.810000,429.050000
356.254906,419.725991,325.980000,423.030000,394.780000,429.050000
356.254906,419.725991,325.970000,423.040000,394.810000,429.050000
356.254906,419.725991,325.980000,423.050000,394.820000,429.050000
356.254906,419.725991,325.980000,423.050000,394.790000,429.050000
356.254906,420.306490,325.990000,423.050000,394.810000,429.060000
356.254906,420.306490,325.970000,423.050000,394.800000,429.080000
356.254906,420.306490,325.980000,423.050000,394.800000,429.090000
354.974706,420.306490,325.970000,423.060000,394.780000,429.070000
354.974706,420.306490,326.020000,423.060000,394.790000,429.050000
354.974706,420.306490,326.020000,423.060000,394.810000,429.050000
354.654656,420.306490,326.010000,423.090000,394.730000,428.980000
353.374456,420.306490,326.020000,423.070000,394.770000,429.020000
353.374456,420.306490,326.030000,423.090000,394.750000,428.990000
353.374456,420.306490,326.050000,423.080000,394.750000,429.020000
353.374456,420.306490,326.040000,423.070000,394.760000,429.020000
353.374456,420.306490,326.100000,423.060000,394.750000,429.030000
353.374456,420.306490,326.120000,423.070000,394.770000,429.020000
353.054406,420.306490,326.130000,423.040000,394.770000,429.050000
353.054406,420.306490,326.130000,423.050000,394.770000,429.040000
353.054406,420.306490,326.140000,423.010000,394.770000,429.040000
352.734356,420.306490,326.150000,423.020000,394.750000,429.030000
351.774206,420.306490,326.160000,423.010000,394.740000,429.020000
351.774206,420.596739,326.180000,422.980000,394.760000,429.020000
351.134106,420.596739,326.180000,422.970000,394.750000,429.010000
350.494006,420.886989,326.200000,422.970000,394.760000,429.020000
350.494006,421.177238,326.260000,422.960000,394.710000,429.000000
350.494006,421.177238,326.250000,422.960000,394.720000,429.000000
350.173956,421.467488,326.230000,422.940000,394.700000,429.030000
349.533856,421.467488,326.240000,422.930000,394.690000,428.990000
349.533856,421.467488,326.260000,422.920000,394.710000,428.980000
349.533856,421.467488,326.230000,422.910000,394.700000,428.980000
349.533856,421.467488,326.260000,422.910000,394.720000,429.010000
349.533856,421.467488,326.230000,422.900000,394.710000,428.980000
348.893756,421.467488,326.240000,422.910000,394.720000,429.010000
348.893756,421.467488,326.240000,422.910000,394.740000,429.030000
348.893756,421.467488,326.260000,422.840000,394.710000,429.020000
348.893756,421.467488,326.300000,422.860000,394.690000,428.990000
348.893756,421.467488,326.300000,422.860000,394.720000,429.010000
348.893756,421.467488,326.310000,422.850000,394.680000,429.010000
348.893756,421.467488,326.290000,422.850000,394.690000,429.000000
348.893756,421.467488,326.300000,422.880000,394.730000,429.010000
348.893756,421.467488,326.320000,422.870000,394.710000,429.000000
348.893756,421.467488,326.340000,422.840000,394.710000,429.030000
348.893756,421.467488,326.310000,422.850000,394.700000,429.000000
348.893756,421.467488,326.390000,422.840000,394.700000,429.010000
348.893756,421.467488,326.430000,422.850000,394.710000,428.990000
348.893756,421.467488,326.450000,422.870000,394.710000,428.990000
348.573706,421.467488,326.460000,422.870000,394.750000,429.010000
347.293506,421.757737,326.450000,422.880000,394.720000,429.010000
346.013306,422.338236,326.440000,422.870000,394.690000,429.000000
345.373206,422.338236,326.480000,422.860000,394.690000,429.000000
345.373206,422.338236,326.700000,422.820000,394.700000,429.000000
344.733106,422.628485,326.700000,422.790000,394.690000,428.990000
343.772956,422.628485,326.690000,422.810000,394.740000,428.990000
343.452906,422.918735,326.730000,422.780000,394.740000,429.030000
343.452906,422.918735,326.740000,422.790000,394.750000,428.980000
343.132856,422.918735,326.760000,422.790000,394.720000,428.980000
342.172706,423.208984,326.820000,422.760000,394.750000,428.990000
342.172706,423.208984,326.860000,422.730000,394.780000,429.000000
341.852656,423.208984,326.880000,422.700000,394.730000,428.990000
340.892506,423.499234,326.920000,422.650000,394.750000,429.000000
340.892506,423.499234,326.910000,422.590000,394.740000,429.010000
340.892506,423.499234,326.940000,422.580000,394.790000,429.030000
340.892506,423.499234,327.010000,422.580000,394.750000,429.020000
339.932356,423.789483,327.060000,422.560000,394.720000,429.010000
339.932356,423.789483,327.100000,422.570000,394.750000,429.010000
339.932356,423.789483,327.180000,422.490000,394.760000,429.000000
339.932356,423.789483,327.250000,422.370000,394.760000,429.030000
339.932356,423.789483,327.310000,422.350000,394.790000,429.030000
339.932356,423.789483,327.390000,422.290000,394.770000,429.030000
339.932356,423.789483,327.610000,422.220000,394.720000,428.970000
339.932356,424.079733,327.740000,422.210000,394.730000,428.980000
339.932356,424.079733,327.800000,422.220000,394.710000,428.980000
339.612306,424.079733,327.900000,422.180000,394.710000,429.000000
339.292256,424.079733,328.010000,422.170000,394.690000,429.020000
339.292256,424.079733,328.060000,422.160000,394.720000,429.020000
338.972206,424.369982,328.100000,422.140000,394.720000,429.010000
338.652156,424.369982,328.160000,422.140000,394.740000,429.020000
338.652156,424.369982,328.230000,422.110000,394.710000,429.010000
338.652156,424.369982,328.290000,422.070000,394.760000,429.010000
338.332106,424.369982,328.320000,422.060000,394.750000,429.010000
338.012056,424.369982,328.400000,422.060000,394.730000,429.020000
338.012056,424.369982,328.430000,422.040000,394.730000,429.020000
338.012056,424.369982,328.450000,422.020000,394.740000,428.980000
338.012056,424.369982,328.600000,421.940000,394.750000,428.980000
338.012056,424.369982,328.800000,421.980000,394.740000,428.990000
338.012056,424.369982,328.830000,421.940000,394.720000,429.010000
337.692006,424.369982,328.880000,421.900000,394.730000,429.020000
337.051906,424.369982,328.960000,421.880000,394.700000,429.010000
337.051906,424.369982,329.050000,421.830000,394.710000,429.020000
337.051906,424.369982,329.080000,421.790000,394.740000,429.010000
337.051906,424.369982,329.160000,421.760000,394.740000,429.000000
336.731856,424.369982,329.250000,421.670000,394.720000,428.990000
336.731856,424.369982,329.310000,421.610000,394.750000,428.990000
335.451656,424.950481,329.620000,421.340000,394.750000,429.000000
335.131606,424.950481,330.010806,421.177238,394.780000,429.050000
335.131606,424.950481,330.030000,420.990000,394.790000,429.040000
334.491506,424.950481,330.090000,420.970000,394.750000,429.000000
333.851406,424.950481,330.130000,420.940000,394.730000,428.990000
333.851406,424.950481,330.190000,420.940000,394.720000,428.990000
333.211306,424.950481,330.270000,420.940000,394.800000,428.980000
332.891256,425.240730,330.320000,420.940000,394.770000,428.970000
332.571206,425.240730,330.380000,420.930000,394.750000,429.010000
332.571206,425.240730,330.410000,420.920000,394.760000,428.990000
331.931106,425.240730,330.480000,420.890000,394.760000,428.970000
331.931106,425.821229,330.920000,420.790000,394.760000,428.970000
331.291006,425.821229,331.110000,420.680000,394.780000,428.990000
331.291006,425.821229,331.360000,420.540000,394.780000,428.980000
331.291006,425.821229,331.770000,420.200000,394.790000,429.010000
331.291006,425.821229,331.970000,420.130000,394.750000,429.030000
331.291006,425.821229,332.160000,420.090000,394.760000,428.990000
331.291006,425.821229,332.440000,420.050000,394.770000,428.980000
331.291006,425.821229,332.750000,419.920000,394.760000,428.990000
331.291006,425.821229,332.880000,419.830000,394.780000,428.980000
331.291006,425.821229,333.040000,419.790000,394.760000,428.970000
331.291006,425.821229,333.230000,419.800000,394.750000,429.000000
331.291006,425.821229,333.440000,419.790000,394.730000,429.010000
331.291006,425.821229,333.870000,419.760000,394.750000,429.000000
331.291006,425.821229,333.990000,419.720000,394.770000,429.020000
331.291006,425.821229,334.170000,419.650000,394.760000,429.000000
331.291006,425.821229,334.171456,419.435742,394.750000,428.980000
331.291006,425.530980,334.090000,419.000000,394.740000,428.960000
330.650906,425.821229,334.210000,419.000000,394.750000,428.980000
330.650906,425.821229,334.310000,419.010000,394.770000,428.980000
330.650906,425.821229,334.460000,419.000000,394.760000,428.990000
331.611056,425.240730,334.800000,419.020000,394.790000,428.990000
331.611056,425.240730,334.930000,419.010000,394.780000,428.980000
331.611056,425.240730,335.180000,419.020000,394.800000,429.000000
331.611056,425.240730,335.570000,419.080000,394.780000,429.020000
331.611056,425.240730,336.060000,419.200000,394.770000,429.020000
331.611056,425.240730,336.730000,419.260000,394.730000,428.990000
332.251156,425.240730,336.890000,419.340000,394.790000,428.980000
332.571206,425.240730,336.900000,419.610000,394.770000,428.990000
332.571206,425.240730,336.940000,419.640000,394.790000,428.990000
333.531356,425.240730,336.990000,419.650000,394.790000,428.980000
334.171456,425.240730,337.080000,419.670000,394.770000,428.970000
334.171456,425.240730,337.240000,419.750000,394.790000,428.990000
334.171456,425.240730,337.280000,419.770000,394.810000,429.010000
334.171456,425.240730,337.380000,419.780000,394.810000,429.000000
334.171456,425.240730,337.290000,419.800000,394.800000,428.980000
334.171456,425.240730,337.520000,419.710000,394.810000,428.980000
334.171456,425.240730,337.870000,419.690000,394.800000,428.990000
334.171456,425.240730,337.970000,419.700000,394.820000,429.000000
334.171456,425.240730,338.050000,419.780000,394.810000,428.990000
334.171456,425.240730,338.120000,419.810000,394.830000,428.980000
334.171456,425.240730,338.070000,419.840000,394.780000,428.950000
334.171456,425.240730,338.180000,419.890000,394.770000,428.950000
334.171456,425.240730,338.510000,419.930000,394.750000,428.920000
334.171456,425.240730,338.890000,419.940000,394.770000,428.950000
334.171456,425.240730,338.980000,420.060000,394.740000,428.970000
334.171456,425.240730,339.120000,420.040000,394.740000,428.970000
334.171456,425.240730,339.220000,420.110000,394.740000,428.970000
334.171456,425.240730,339.292256,420.306490,394.760000,428.980000
334.171456,425.240730,339.010000,420.010000,394.760000,428.960000
334.171456,425.240730,339.040000,420.020000,394.800000,428.980000
334.171456,425.240730,339.070000,420.060000,394.800000,428.970000
334.171456,425.240730,339.080000,420.050000,394.800000,429.000000
NaN,NaN,339.090000,420.070000,394.790000,428.990000
NaN,NaN,339.110000,420.090000,394.770000,428.980000
NaN,NaN,339.130000,420.120000,394.770000,428.970000
NaN,NaN,339.150000,420.220000,394.750000,429.030000
NaN,NaN,339.130000,420.190000,394.780000,429.030000
NaN,NaN,339.130000,420.270000,394.780000,429.020000
NaN,NaN,339.120000,420.270000,394.750000,429.000000
NaN,NaN,339.140000,420.260000,394.760000,428.980000
NaN,NaN,339.120000,420.300000,394.780000,429.000000
NaN,NaN,339.170000,420.280000,394.800000,429.010000
NaN,NaN,339.170000,420.320000,394.800000,428.990000
NaN,NaN,339.190000,420.370000,394.800000,429.000000
NaN,NaN,339.220000,420.410000,394.810000,429.020000
NaN,NaN,339.180000,420.400000,394.770000,428.960000
NaN,NaN,339.190000,420.420000,394.780000,428.980000
NaN,NaN,339.170000,420.270000,394.790000,428.990000
NaN,NaN,339.210000,420.310000,394.790000,428.990000
NaN,NaN,339.180000,420.320000,394.810000,428.980000
NaN,NaN,338.972206,421.177238,394.770000,429.010000
NaN,NaN,339.030000,421.380000,394.750000,428.990000
NaN,NaN,339.010000,421.500000,394.730000,428.980000
NaN,NaN,338.960000,421.530000,394.710000,428.950000
NaN,NaN,338.940000,421.590000,394.730000,428.970000
NaN,NaN,338.940000,421.650000,394.720000,428.960000
NaN,NaN,338.890000,421.630000,394.750000,428.920000
NaN,NaN,338.900000,421.660000,394.710000,428.920000
NaN,NaN,338.880000,421.680000,394.730000,428.950000
NaN,NaN,338.870000,421.750000,394.740000,428.960000
NaN,NaN,338.880000,421.740000,394.730000,428.970000
NaN,NaN,338.840000,421.770000,394.700000,428.970000
NaN,NaN,338.860000,421.760000,394.720000,428.970000
NaN,NaN,338.830000,421.790000,394.730000,428.970000
NaN,NaN,338.810000,421.790000,394.760000,428.970000
NaN,NaN,338.780000,421.820000,394.730000,428.960000
NaN,NaN,338.750000,421.820000,394.750000,428.950000
NaN,NaN,338.720000,421.840000,394.740000,428.940000
NaN,NaN,338.680000,421.830000,394.740000,428.960000
NaN,NaN,338.680000,421.830000,394.740000,428.940000
NaN,NaN,338.640000,421.830000,394.720000,428.920000
NaN,NaN,338.680000,421.840000,394.700000,428.930000
NaN,NaN,338.610000,421.880000,394.750000,428.940000
NaN,NaN,338.640000,421.880000,394.780000,428.980000
NaN,NaN,338.640000,421.890000,394.760000,428.970000
NaN,NaN,338.580000,421.890000,394.790000,428.960000
NaN,NaN,338.360000,421.910000,394.780000,428.950000
NaN,NaN,338.220000,421.930000,394.770000,428.970000
NaN,NaN,338.250000,421.890000,394.780000,428.990000
NaN,NaN,338.210000,421.900000,394.760000,428.960000
NaN,NaN,338.240000,421.950000,394.740000,428.940000
NaN,NaN,338.240000,421.950000,394.740000,428.960000
NaN,NaN,338.300000,421.970000,394.760000,428.970000
NaN,NaN,338.300000,421.970000,394.760000,428.970000
NaN,NaN,338.240000,421.970000,394.740000,428.980000
NaN,NaN,338.270000,421.970000,394.750000,428.970000
NaN,NaN,338.220000,421.980000,394.750000,429.010000
NaN,NaN,338.180000,421.970000,394.740000,428.990000
NaN,NaN,338.090000,421.970000,394.760000,428.990000
NaN,NaN,338.110000,421.980000,394.740000,428.990000
NaN,NaN,338.090000,421.980000,394.690000,428.970000
NaN,NaN,338.050000,421.970000,394.690000,429.000000
NaN,NaN,338.020000,422.000000,394.750000,428.980000
NaN,NaN,338.020000,422.010000,394.750000,428.970000
NaN,NaN,337.950000,422.000000,394.730000,428.940000
NaN,NaN,337.900000,421.990000,394.760000,428.980000
NaN,NaN,337.930000,421.990000,394.770000,428.990000
NaN,NaN,337.930000,421.990000,394.750000,428.960000
NaN,NaN,337.900000,422.010000,394.740000,428.970000
NaN,NaN,337.830000,422.010000,394.760000,428.960000
NaN,NaN,337.830000,421.980000,394.750000,428.950000
NaN,NaN,337.830000,421.970000,394.740000,428.960000
NaN,NaN,337.810000,422.010000,394.710000,428.980000
NaN,NaN,337.780000,422.010000,394.750000,428.980000
NaN,NaN,337.730000,422.020000,394.740000,429.010000
NaN,NaN,337.690000,422.020000,394.740000,428.980000
NaN,NaN,337.690000,422.030000,394.770000,428.960000
NaN,NaN,337.660000,422.020000,394.750000,428.960000
NaN,NaN,337.630000,422.050000,394.740000,428.960000
NaN,NaN,337.640000,422.050000,394.740000,428.940000
NaN,NaN,337.480000,422.090000,394.710000,428.980000
NaN,NaN,337.260000,422.080000,394.740000,428.940000
NaN,NaN,337.210000,422.060000,394.730000,428.920000
NaN,NaN,337.190000,422.080000,394.740000,428.970000
NaN,NaN,337.140000,422.080000,394.760000,428.970000
NaN,NaN,337.150000,422.080000,394.730000,428.960000
NaN,NaN,337.130000,422.080000,394.690000,428.950000
NaN,NaN,337.080000,422.100000,394.680000,428.970000
NaN,NaN,337.100000,422.090000,394.700000,428.950000
NaN,NaN,337.060000,422.130000,394.710000,428.970000
NaN,NaN,337.080000,422.120000,394.700000,428.930000
NaN,NaN,337.000000,422.130000,394.670000,428.910000
NaN,NaN,336.930000,422.140000,394.690000,428.940000
NaN,NaN,336.940000,422.120000,394.660000,428.940000
NaN,NaN,336.870000,422.110000,394.700000,428.970000
NaN,NaN,336.910000,422.120000,394.750000,429.020000
NaN,NaN,336.900000,422.120000,394.750000,429.010000
NaN,NaN,336.850000,422.110000,394.760000,429.020000
NaN,NaN,336.750000,422.100000,394.750000,429.000000
NaN,NaN,336.790000,422.090000,394.740000,428.990000
NaN,NaN,336.770000,422.110000,394.730000,429.000000
NaN,NaN,336.760000,422.130000,394.670000,428.980000
NaN,NaN,336.710000,422.130000,394.710000,428.990000
NaN,NaN,336.650000,422.130000,394.700000,428.980000
NaN,NaN,336.610000,422.130000,394.700000,428.950000
NaN,NaN,336.620000,422.120000,394.720000,428.990000
NaN,NaN,336.610000,422.120000,394.740000,428.990000
NaN,NaN,336.560000,422.110000,394.720000,429.000000
NaN,NaN,336.520000,422.110000,394.720000,429.010000
NaN,NaN,336.290000,422.110000,394.750000,429.000000
NaN,NaN,336.210000,422.130000,394.710000,428.900000
NaN,NaN,336.180000,422.120000,394.700000,428.930000
NaN,NaN,336.200000,422.080000,394.660000,428.960000
NaN,NaN,336.220000,422.080000,394.670000,428.980000
NaN,NaN,336.170000,422.100000,394.670000,428.990000
NaN,NaN,336.190000,422.110000,394.670000,429.000000
NaN,NaN,336.150000,422.130000,394.670000,429.000000
NaN,NaN,336.130000,422.090000,394.650000,428.980000
NaN,NaN,336.140000,422.110000,394.670000,429.000000
NaN,NaN,336.130000,422.090000,394.680000,429.000000
NaN,NaN,336.120000,422.110000,394.680000,429.010000
NaN,NaN,336.040000,422.110000,394.680000,429.040000
NaN,NaN,336.050000,422.110000,394.670000,429.040000
NaN,NaN,336.040000,422.100000,394.690000,429.010000
NaN,NaN,336.040000,422.120000,394.660000,429.020000
NaN,NaN,335.990000,422.090000,394.710000,428.990000
NaN,NaN,335.960000,422.060000,394.710000,429.010000
NaN,NaN,335.960000,422.060000,394.650000,429.000000
NaN,NaN,335.940000,422.050000,394.660000,428.980000
NaN,NaN,335.930000,422.040000,394.690000,429.030000
NaN,NaN,335.880000,422.040000,394.660000,429.040000
NaN,NaN,335.880000,422.040000,394.650000,429.070000
NaN,NaN,335.890000,422.040000,394.650000,429.060000
NaN,NaN,335.800000,422.040000,394.660000,429.070000
NaN,NaN,335.760000,422.020000,394.680000,429.090000
NaN,NaN,335.770000,422.030000,394.680000,429.050000
NaN,NaN,335.760000,422.040000,394.680000,429.080000
NaN,NaN,335.670000,422.030000,394.680000,429.090000
NaN,NaN,335.670000,422.020000,394.660000,429.060000
NaN,NaN,335.690000,422.030000,394.660000,429.070000
NaN,NaN,335.590000,422.010000,394.660000,429.100000
NaN,NaN,335.560000,421.970000,394.690000,429.070000
NaN,NaN,335.550000,422.010000,394.710000,429.060000
NaN,NaN,335.580000,422.000000,394.700000,429.060000
NaN,NaN,335.500000,421.990000,394.700000,429.060000
NaN,NaN,335.360000,421.970000,394.650000,429.040000
NaN,NaN,335.380000,421.950000,394.610000,429.040000
NaN,NaN,335.360000,421.940000,394.650000,429.050000
NaN,NaN,335.350000,421.960000,394.650000,429.070000
NaN,NaN,335.330000,421.950000,394.580000,429.040000
NaN,NaN,335.280000,421.920000,394.600000,429.060000
NaN,NaN,335.240000,421.910000,394.610000,429.050000
NaN,NaN,335.240000,421.930000,394.610000,429.030000
NaN,NaN,335.230000,421.910000,394.630000,429.050000
NaN,NaN,335.190000,421.950000,394.630000,429.030000
NaN,NaN,335.180000,421.930000,394.660000,429.060000
NaN,NaN,335.210000,421.920000,394.690000,429.090000
NaN,NaN,335.130000,421.920000,394.710000,429.080000
NaN,NaN,335.140000,421.890000,392.100507,426.401728
NaN,NaN,335.100000,421.870000,391.860000,425.890000
NaN,NaN,334.990000,421.860000,391.790000,425.810000
NaN,NaN,335.050000,421.860000,392.010000,426.000000
NaN,NaN,335.030000,421.840000,392.010000,426.000000
NaN,NaN,335.050000,421.830000,392.010000,426.010000
NaN,NaN,334.970000,421.810000,392.000000,426.000000
NaN,NaN,334.970000,421.800000,391.990000,426.010000
NaN,NaN,334.950000,421.830000,391.990000,426.000000
NaN,NaN,334.880000,421.820000,392.010000,425.990000
NaN,NaN,334.910000,421.850000,392.010000,425.990000
NaN,NaN,334.840000,421.860000,392.010000,425.990000
NaN,NaN,334.890000,421.900000,392.010000,425.990000
NaN,NaN,334.810000,421.870000,392.000000,425.990000
NaN,NaN,334.690000,421.850000,392.010000,425.990000
NaN,NaN,334.700000,421.850000,392.000000,425.990000
NaN,NaN,334.700000,421.850000,392.000000,425.990000
NaN,NaN,334.730000,421.810000,392.000000,425.980000
NaN,NaN,334.700000,421.840000,392.000000,425.980000
NaN,NaN,334.610000,421.830000,392.010000,425.990000
NaN,NaN,334.630000,421.830000,392.010000,425.980000
NaN,NaN,334.600000,421.810000,392.010000,425.970000
NaN,NaN,334.610000,421.830000,392.010000,425.980000
NaN,NaN,334.550000,421.840000,392.000000,425.980000
NaN,NaN,334.550000,421.820000,392.000000,425.990000
NaN,NaN,334.520000,421.770000,392.000000,425.980000
NaN,NaN,334.380000,421.720000,392.010000,425.980000
NaN,NaN,334.280000,421.740000,392.010000,425.980000
NaN,NaN,334.280000,421.760000,392.010000,425.990000
NaN,NaN,334.310000,421.750000,392.010000,425.990000
NaN,NaN,334.330000,421.750000,392.010000,425.980000
NaN,NaN,334.310000,421.780000,392.000000,425.980000
NaN,NaN,334.320000,421.780000,392.000000,425.960000
NaN,NaN,334.240000,421.730000,392.000000,425.960000
NaN,NaN,334.330000,421.730000,391.990000,425.960000
NaN,NaN,334.310000,421.720000,392.000000,425.960000
NaN,NaN,334.250000,421.710000,392.000000,425.950000
NaN,NaN,334.280000,421.710000,392.010000,425.950000
NaN,NaN,334.220000,421.690000,391.990000,425.950000
NaN,NaN,334.160000,421.690000,392.000000,425.950000
NaN,NaN,334.160000,421.690000,391.980000,425.940000
NaN,NaN,334.170000,421.690000,392.000000,425.940000
NaN,NaN,334.090000,421.740000,392.000000,425.950000
NaN,NaN,334.040000,421.650000,392.000000,425.950000
NaN,NaN,333.990000,421.650000,392.000000,425.950000
NaN,NaN,333.930000,421.660000,392.000000,425.950000
NaN,NaN,333.950000,421.580000,391.990000,425.950000
NaN,NaN,333.950000,421.590000,391.980000,425.950000
NaN,NaN,333.980000,421.660000,391.990000,425.950000
NaN,NaN,333.950000,421.620000,391.980000,425.960000
NaN,NaN,333.920000,421.610000,391.980000,425.960000
NaN,NaN,333.980000,421.620000,391.970000,425.950000
NaN,NaN,334.010000,421.640000,391.970000,425.950000
NaN,NaN,333.950000,421.600000,391.970000,425.950000
NaN,NaN,333.910000,421.650000,391.970000,425.950000
NaN,NaN,333.860000,421.620000,391.980000,425.950000
NaN,NaN,333.860000,421.540000,391.980000,425.940000
NaN,NaN,333.580000,420.790000,391.970000,425.930000
NaN,NaN,333.290000,420.180000,391.970000,425.930000
NaN,NaN,333.190000,420.160000,391.960000,425.920000
NaN,NaN,333.180000,420.160000,391.960000,425.920000
NaN,NaN,333.120000,420.120000,391.950000,425.920000
NaN,NaN,333.170000,420.110000,391.970000,425.920000
NaN,NaN,333.110000,420.100000,391.970000,425.920000
NaN,NaN,333.060000,420.130000,391.970000,425.920000
NaN,NaN,333.000000,420.120000,391.980000,425.930000
NaN,NaN,333.110000,420.150000,391.970000,425.920000
NaN,NaN,333.120000,420.150000,391.950000,425.920000
NaN,NaN,333.020000,420.100000,391.930000,425.920000
NaN,NaN,333.010000,420.100000,391.940000,425.920000
NaN,NaN,332.940000,420.080000,391.950000,425.920000
NaN,NaN,332.900000,420.040000,391.950000,425.910000
NaN,NaN,332.840000,419.970000,391.950000,425.890000
NaN,NaN,332.930000,420.010000,391.940000,425.900000
NaN,NaN,333.000000,420.040000,391.940000,425.900000
NaN,NaN,332.900000,420.020000,391.930000,425.900000
NaN,NaN,332.910000,420.040000,391.930000,425.890000
NaN,NaN,332.820000,420.030000,391.920000,425.900000
NaN,NaN,332.630000,419.990000,391.930000,425.900000
NaN,NaN,332.570000,420.000000,391.930000,425.910000
NaN,NaN,332.510000,419.970000,391.920000,425.910000
NaN,NaN,332.600000,420.010000,391.930000,425.910000
NaN,NaN,332.640000,420.030000,391.910000,425.900000
NaN,NaN,332.620000,420.040000,391.910000,425.900000
NaN,NaN,332.600000,420.050000,391.910000,425.890000
NaN,NaN,332.580000,420.050000,391.910000,425.880000
NaN,NaN,332.540000,419.980000,391.920000,425.880000
NaN,NaN,332.420000,419.920000,391.920000,425.880000
NaN,NaN,332.280000,419.950000,391.910000,425.870000
NaN,NaN,332.330000,419.930000,391.910000,425.880000
NaN,NaN,332.260000,419.940000,391.920000,425.890000
NaN,NaN,332.320000,419.970000,391.910000,425.870000
NaN,NaN,332.260000,419.990000,391.920000,425.880000
NaN,NaN,332.260000,419.970000,391.910000,425.870000
NaN,NaN,332.160000,419.980000,391.910000,425.860000
NaN,NaN,332.170000,419.950000,391.900000,425.860000
NaN,NaN,332.140000,419.950000,391.900000,425.870000
NaN,NaN,332.140000,419.970000,NaN,NaN
NaN,NaN,332.100000,419.970000,NaN,NaN
NaN,NaN,332.040000,419.970000,NaN,NaN
NaN,NaN,332.040000,419.950000,NaN,NaN
NaN,NaN,332.050000,419.970000,NaN,NaN
NaN,NaN,331.880000,420.020000,NaN,NaN
NaN,NaN,331.850000,420.000000,NaN,NaN
NaN,NaN,331.870000,419.990000,NaN,NaN
NaN,NaN,331.840000,419.970000,NaN,NaN
NaN,NaN,331.780000,420.000000,NaN,NaN
NaN,NaN,331.760000,420.000000,NaN,NaN
NaN,NaN,331.770000,419.980000,NaN,NaN
NaN,NaN,331.840000,420.030000,NaN,NaN
NaN,NaN,331.780000,420.030000,NaN,NaN
NaN,NaN,331.630000,420.030000,NaN,NaN
NaN,NaN,331.660000,420.030000,NaN,NaN
NaN,NaN,331.620000,420.040000,NaN,NaN
NaN,NaN,331.640000,420.010000,NaN,NaN
NaN,NaN,331.590000,420.040000,NaN,NaN
NaN,NaN,331.480000,420.070000,NaN,NaN
NaN,NaN,331.460000,420.010000,NaN,NaN
NaN,NaN,331.510000,419.960000,NaN,NaN
NaN,NaN,331.520000,420.020000,NaN,NaN
NaN,NaN,331.390000,420.030000,NaN,NaN
NaN,NaN,331.350000,420.010000,NaN,NaN
NaN,NaN,331.310000,420.050000,NaN,NaN
NaN,NaN,331.300000,420.050000,NaN,NaN
NaN,NaN,331.240000,420.030000,NaN,NaN
NaN,NaN,331.260000,420.030000,NaN,NaN
NaN,NaN,331.250000,420.030000,NaN,NaN
NaN,NaN,331.310000,420.110000,NaN,NaN
NaN,NaN,331.160000,420.050000,NaN,NaN
NaN,NaN,331.120000,420.060000,NaN,NaN
NaN,NaN,331.070000,420.080000,NaN,NaN
NaN,NaN,331.140000,420.090000,NaN,NaN
NaN,NaN,331.000000,420.040000,NaN,NaN
NaN,NaN,330.970000,420.060000,NaN,NaN
NaN,NaN,330.970000,420.080000,NaN,NaN
NaN,NaN,330.900000,420.100000,NaN,NaN
NaN,NaN,330.910000,420.140000,NaN,NaN
NaN,NaN,330.930000,420.110000,NaN,NaN
NaN,NaN,330.910000,420.050000,NaN,NaN
NaN,NaN,330.900000,420.010000,NaN,NaN
NaN,NaN,330.760000,420.060000,NaN,NaN
NaN,NaN,330.840000,420.060000,NaN,NaN
NaN,NaN,330.750000,420.160000,NaN,NaN
NaN,NaN,330.720000,420.130000,NaN,NaN
NaN,NaN,330.650000,420.160000,NaN,NaN
NaN,NaN,330.670000,420.100000,NaN,NaN
NaN,NaN,330.610000,420.090000,NaN,NaN
NaN,NaN,330.650000,420.030000,NaN,NaN
NaN,NaN,330.690000,420.110000,NaN,NaN
NaN,NaN,330.460000,420.060000,NaN,NaN
NaN,NaN,330.390000,420.100000,NaN,NaN
NaN,NaN,330.250000,420.090000,NaN,NaN
NaN,NaN,330.280000,420.090000,NaN,NaN
NaN,NaN,330.280000,420.100000,NaN,NaN
NaN,NaN,330.300000,420.120000,NaN,NaN
NaN,NaN,330.170000,420.130000,NaN,NaN
NaN,NaN,330.250000,420.180000,NaN,NaN
NaN,NaN,330.150000,420.200000,NaN,NaN
NaN,NaN,330.120000,420.220000,NaN,NaN
NaN,NaN,330.020000,420.160000,NaN,NaN
NaN,NaN,329.990000,420.150000,NaN,NaN
NaN,NaN,329.980000,420.160000,NaN,NaN
NaN,NaN,330.000000,420.150000,NaN,NaN
NaN,NaN,329.990000,420.130000,NaN,NaN
NaN,NaN,329.960000,420.080000,NaN,NaN
NaN,NaN,329.820000,420.140000,NaN,NaN
NaN,NaN,329.920000,420.140000,NaN,NaN
NaN,NaN,329.810000,420.100000,NaN,NaN
NaN,NaN,329.800000,420.120000,NaN,NaN
NaN,NaN,329.780000,420.100000,NaN,NaN
NaN,NaN,329.820000,420.120000,NaN,NaN
NaN,NaN,329.680000,420.110000,NaN,NaN
NaN,NaN,329.500000,420.200000,NaN,NaN
NaN,NaN,329.670000,420.260000,NaN,NaN
NaN,NaN,329.600000,420.210000,NaN,NaN
NaN,NaN,329.480000,420.240000,NaN,NaN
NaN,NaN,329.600000,420.230000,NaN,NaN
NaN,NaN,329.320000,420.130000,NaN,NaN
NaN,NaN,329.330000,420.140000,NaN,NaN
NaN,NaN,329.330000,420.170000,NaN,NaN
NaN,NaN,329.320000,420.190000,NaN,NaN
NaN,NaN,329.270000,420.220000,NaN,NaN
NaN,NaN,329.200000,420.150000,NaN,NaN
NaN,NaN,329.100000,420.100000,NaN,NaN
NaN,NaN,329.100000,420.130000,NaN,NaN
NaN,NaN,328.990000,420.150000,NaN,NaN
NaN,NaN,328.960000,420.140000,NaN,NaN
NaN,NaN,329.040000,420.110000,NaN,NaN
NaN,NaN,328.980000,420.120000,NaN,NaN
NaN,NaN,328.920000,420.110000,NaN,NaN
NaN,NaN,328.940000,420.130000,NaN,NaN
NaN,NaN,328.870000,420.160000,NaN,NaN
NaN,NaN,328.710000,420.220000,NaN,NaN
NaN,NaN,328.720000,420.190000,NaN,NaN
NaN,NaN,328.660000,420.240000,NaN,NaN
NaN,NaN,328.680000,420.220000,NaN,NaN
NaN,NaN,328.560000,420.170000,NaN,NaN
NaN,NaN,328.260000,420.180000,NaN,NaN
NaN,NaN,328.260000,420.180000,NaN,NaN
NaN,NaN,328.190000,420.190000,NaN,NaN
NaN,NaN,328.220000,420.170000,NaN,NaN
NaN,NaN,328.140000,420.210000,NaN,NaN
NaN,NaN,328.110000,420.200000,NaN,NaN
NaN,NaN,328.160000,420.250000,NaN,NaN
NaN,NaN,328.140000,420.200000,NaN,NaN
NaN,NaN,328.070000,420.240000,NaN,NaN
NaN,NaN,328.010000,420.280000,NaN,NaN
NaN,NaN,328.030000,420.350000,NaN,NaN
NaN,NaN,327.920000,420.300000,NaN,NaN
NaN,NaN,327.900000,420.340000,NaN,NaN
NaN,NaN,327.820000,420.320000,NaN,NaN
NaN,NaN,327.830000,420.310000,NaN,NaN
NaN,NaN,327.710000,420.340000,NaN,NaN
NaN,NaN,327.730000,420.290000,NaN,NaN
NaN,NaN,327.640000,420.260000,NaN,NaN
NaN,NaN,327.570000,420.310000,NaN,NaN
NaN,NaN,327.210000,420.250000,NaN,NaN
NaN,NaN,327.130000,420.320000,NaN,NaN
NaN,NaN,327.050000,420.370000,NaN,NaN
NaN,NaN,327.010000,420.350000,NaN,NaN
NaN,NaN,327.060000,420.330000,NaN,NaN
NaN,NaN,327.010000,420.330000,NaN,NaN
NaN,NaN,326.850000,420.270000,NaN,NaN
NaN,NaN,326.840000,420.270000,NaN,NaN
NaN,NaN,326.780000,420.260000,NaN,NaN
NaN,NaN,326.710000,420.310000,NaN,NaN
NaN,NaN,326.690000,420.320000,NaN,NaN
NaN,NaN,326.620000,420.360000,NaN,NaN
NaN,NaN,326.490000,420.370000,NaN,NaN
NaN,NaN,326.340000,420.360000,NaN,NaN
NaN,NaN,326.420000,420.360000,NaN,NaN
NaN,NaN,326.330000,420.400000,NaN,NaN
NaN,NaN,326.250000,420.360000,NaN,NaN
NaN,NaN,326.050000,420.360000,NaN,NaN
NaN,NaN,326.010000,420.350000,NaN,NaN
NaN,NaN,326.040000,420.350000,NaN,NaN
NaN,NaN,325.980000,420.400000,NaN,NaN
NaN,NaN,326.090000,420.310000,NaN,NaN
NaN,NaN,326.080000,420.390000,NaN,NaN
NaN,NaN,325.900000,420.480000,NaN,NaN
NaN,NaN,326.010000,421.310000,NaN,NaN
NaN,NaN,326.130000,422.090000,NaN,NaN
NaN,NaN,326.200000,422.770000,NaN,NaN
NaN,NaN,326.180000,422.800000,NaN,NaN
NaN,NaN,326.180000,422.810000,NaN,NaN
NaN,NaN,326.180000,422.770000,NaN,NaN
NaN,NaN,326.200000,422.770000,NaN,NaN
NaN,NaN,326.160000,422.820000,NaN,NaN
NaN,NaN,326.150000,422.780000,NaN,NaN
NaN,NaN,326.050000,422.810000,NaN,NaN
NaN,NaN,326.030000,422.800000,NaN,NaN
NaN,NaN,326.050000,422.830000,NaN,NaN
NaN,NaN,326.050000,422.840000,NaN,NaN
NaN,NaN,326.060000,422.840000,NaN,NaN
NaN,NaN,326.080000,422.840000,NaN,NaN
NaN,NaN,326.020000,422.880000,NaN,NaN
NaN,NaN,326.020000,422.900000,NaN,NaN
NaN,NaN,325.960000,422.880000,NaN,NaN
NaN,NaN,325.890000,422.880000,NaN,NaN
NaN,NaN,325.820000,422.900000,NaN,NaN
NaN,NaN,325.780000,422.880000,NaN,NaN
NaN,NaN,325.740000,422.870000,NaN,NaN
NaN,NaN,325.770000,422.900000,NaN,NaN
NaN,NaN,325.750000,422.900000,NaN,NaN
NaN,NaN,325.770000,422.930000,NaN,NaN
NaN,NaN,325.790000,422.920000,NaN,NaN
NaN,NaN,325.700000,422.930000,NaN,NaN
NaN,NaN,325.510000,422.960000,NaN,NaN
NaN,NaN,325.270000,422.910000,NaN,NaN
NaN,NaN,325.240000,422.910000,NaN,NaN
NaN,NaN,325.230000,422.920000,NaN,NaN
NaN,NaN,325.200000,422.900000,NaN,NaN
NaN,NaN,325.160000,422.900000,NaN,NaN
NaN,NaN,325.200000,422.900000,NaN,NaN
NaN,NaN,325.200000,422.930000,NaN,NaN
NaN,NaN,325.160000,422.930000,NaN,NaN
NaN,NaN,325.100000,422.940000,NaN,NaN
NaN,NaN,325.120000,422.940000,NaN,NaN
NaN,NaN,325.120000,422.940000,NaN,NaN
NaN,NaN,325.090000,422.950000,NaN,NaN
NaN,NaN,325.110000,422.960000,NaN,NaN
NaN,NaN,325.040000,423.000000,NaN,NaN
NaN,NaN,325.000000,422.940000,NaN,NaN
NaN,NaN,324.960000,422.970000,NaN,NaN
NaN,NaN,325.000000,422.950000,NaN,NaN
NaN,NaN,325.010000,422.990000,NaN,NaN
NaN,NaN,325.000000,423.000000,NaN,NaN
NaN,NaN,325.000000,422.980000,NaN,NaN
NaN,NaN,324.920000,422.980000,NaN,NaN
NaN,NaN,324.900000,422.990000,NaN,NaN
NaN,NaN,324.880000,422.990000,NaN,NaN
NaN,NaN,324.920000,422.980000,NaN,NaN
NaN,NaN,324.840000,422.980000,NaN,NaN
NaN,NaN,324.760000,422.970000,NaN,NaN
NaN,NaN,324.830000,423.030000,NaN,NaN
NaN,NaN,324.810000,423.010000,NaN,NaN
NaN,NaN,324.770000,422.980000,NaN,NaN
NaN,NaN,324.550000,422.980000,NaN,NaN
NaN,NaN,324.350000,422.960000,NaN,NaN
NaN,NaN,324.330000,422.980000,NaN,NaN
NaN,NaN,324.230000,422.980000,NaN,NaN
NaN,NaN,324.370000,423.000000,NaN,NaN
NaN,NaN,324.230000,423.010000,NaN,NaN
NaN,NaN,324.180000,423.040000,NaN,NaN
NaN,NaN,324.120000,423.010000,NaN,NaN
NaN,NaN,324.130000,423.000000,NaN,NaN
NaN,NaN,324.100000,423.000000,NaN,NaN
NaN,NaN,324.030000,422.990000,NaN,NaN
NaN,NaN,323.970000,423.020000,NaN,NaN
NaN,NaN,323.930000,423.030000,NaN,NaN
NaN,NaN,323.920000,423.030000,NaN,NaN
NaN,NaN,323.860000,423.010000,NaN,NaN
NaN,NaN,323.890000,423.020000,NaN,NaN
NaN,NaN,323.830000,423.030000,NaN,NaN
NaN,NaN,323.760000,423.020000,NaN,NaN
NaN,NaN,323.780000,423.040000,NaN,NaN
NaN,NaN,323.800000,423.070000,NaN,NaN
NaN,NaN,323.800000,423.050000,NaN,NaN
NaN,NaN,323.670000,423.020000,NaN,NaN
NaN,NaN,323.640000,423.040000,NaN,NaN
NaN,NaN,323.530000,423.050000,NaN,NaN
NaN,NaN,323.350000,423.070000,NaN,NaN
NaN,NaN,323.340000,423.110000,NaN,NaN
NaN,NaN,323.270000,423.060000,NaN,NaN
NaN,NaN,323.240000,423.090000,NaN,NaN
NaN,NaN,323.240000,423.100000,NaN,NaN
NaN,NaN,323.240000,423.100000,NaN,NaN
NaN,NaN,323.150000,423.140000,NaN,NaN
NaN,NaN,323.180000,423.140000,NaN,NaN
NaN,NaN,323.180000,423.120000,NaN,NaN
NaN,NaN,323.170000,423.120000,NaN,NaN
NaN,NaN,323.180000,423.110000,NaN,NaN
NaN,NaN,323.100000,423.080000,NaN,NaN
NaN,NaN,323.090000,423.120000,NaN,NaN
NaN,NaN,323.060000,423.130000,NaN,NaN
NaN,NaN,323.000000,423.110000,NaN,NaN
NaN,NaN,323.030000,423.120000,NaN,NaN
NaN,NaN,323.000000,423.150000,NaN,NaN
NaN,NaN,323.000000,423.120000,NaN,NaN
NaN,NaN,322.970000,423.140000,NaN,NaN
NaN,NaN,322.960000,423.120000,NaN,NaN
NaN,NaN,322.900000,423.140000,NaN,NaN
NaN,NaN,322.930000,423.150000,NaN,NaN
NaN,NaN,322.920000,423.160000,NaN,NaN
NaN,NaN,322.860000,423.170000,NaN,NaN
NaN,NaN,322.840000,423.160000,NaN,NaN
NaN,NaN,322.800000,423.190000,NaN,NaN
NaN,NaN,322.870000,423.170000,NaN,NaN
NaN,NaN,322.750000,423.210000,NaN,NaN
NaN,NaN,322.720000,423.220000,NaN,NaN
NaN,NaN,322.680000,423.190000,NaN,NaN
NaN,NaN,322.700000,423.210000,NaN,NaN
NaN,NaN,322.700000,423.220000,NaN,NaN
NaN,NaN,322.640000,423.250000,NaN,NaN
NaN,NaN,322.570000,423.220000,NaN,NaN
NaN,NaN,322.690000,423.250000,NaN,NaN
NaN,NaN,322.660000,423.230000,NaN,NaN
NaN,NaN,322.580000,423.210000,NaN,NaN
NaN,NaN,322.520000,423.200000,NaN,NaN
NaN,NaN,322.210000,423.220000,NaN,NaN
NaN,NaN,322.240000,423.210000,NaN,NaN
NaN,NaN,322.230000,423.210000,NaN,NaN
NaN,NaN,322.190000,423.190000,NaN,NaN
NaN,NaN,322.250000,423.220000,NaN,NaN
NaN,NaN,322.130000,423.220000,NaN,NaN
NaN,NaN,322.120000,423.220000,NaN,NaN
NaN,NaN,322.170000,423.240000,NaN,NaN
NaN,NaN,322.090000,423.210000,NaN,NaN
NaN,NaN,322.060000,423.250000,NaN,NaN
NaN,NaN,322.060000,423.250000,NaN,NaN
NaN,NaN,322.040000,423.250000,NaN,NaN
NaN,NaN,322.050000,423.210000,NaN,NaN
NaN,NaN,321.930000,423.260000,NaN,NaN
NaN,NaN,321.940000,423.270000,NaN,NaN
NaN,NaN,321.910000,423.250000,NaN,NaN
NaN,NaN,321.890000,423.290000,NaN,NaN
NaN,NaN,321.900000,423.240000,NaN,NaN
NaN,NaN,321.880000,423.220000,NaN,NaN
NaN,NaN,321.930000,423.240000,NaN,NaN
NaN,NaN,321.820000,423.240000,NaN,NaN
NaN,NaN,321.810000,423.220000,NaN,NaN
NaN,NaN,321.780000,423.250000,NaN,NaN
NaN,NaN,321.810000,423.260000,NaN,NaN
NaN,NaN,321.790000,423.290000,NaN,NaN
NaN,NaN,321.720000,423.260000,NaN,NaN
NaN,NaN,321.720000,423.280000,NaN,NaN
NaN,NaN,321.710000,423.270000,NaN,NaN
NaN,NaN,321.710000,423.270000,NaN,NaN
NaN,NaN,321.730000,423.320000,NaN,NaN
NaN,NaN,321.720000,423.330000,NaN,NaN
NaN,NaN,321.770000,423.360000,NaN,NaN
NaN,NaN,321.710000,423.340000,NaN,NaN
NaN,NaN,321.660000,423.330000,NaN,NaN
NaN,NaN,321.600000,423.340000,NaN,NaN
NaN,NaN,321.440000,423.310000,NaN,NaN
NaN,NaN,321.170000,423.270000,NaN,NaN
NaN,NaN,321.090000,423.240000,NaN,NaN
NaN,NaN,321.180000,423.250000,NaN,NaN
NaN,NaN,321.140000,423.290000,NaN,NaN
NaN,NaN,321.170000,423.350000,NaN,NaN
NaN,NaN,321.140000,423.300000,NaN,NaN
NaN,NaN,321.060000,423.290000,NaN,NaN
NaN,NaN,321.030000,423.300000,NaN,NaN
NaN,NaN,321.000000,423.300000,NaN,NaN
NaN,NaN,321.000000,423.350000,NaN,NaN
NaN,NaN,320.910000,423.340000,NaN,NaN
NaN,NaN,320.820000,423.330000,NaN,NaN
NaN,NaN,320.900000,423.350000,NaN,NaN
NaN,NaN,320.900000,423.360000,NaN,NaN
NaN,NaN,320.890000,423.360000,NaN,NaN
NaN,NaN,320.940000,423.400000,NaN,NaN
NaN,NaN,320.910000,423.380000,NaN,NaN
NaN,NaN,320.830000,423.330000,NaN,NaN
NaN,NaN,320.770000,423.300000,NaN,NaN
NaN,NaN,320.820000,423.350000,NaN,NaN
NaN,NaN,320.770000,423.320000,NaN,NaN
NaN,NaN,320.690000,423.320000,NaN,NaN
NaN,NaN,320.660000,423.290000,NaN,NaN
NaN,NaN,320.700000,423.340000,NaN,NaN
NaN,NaN,320.620000,423.330000,NaN,NaN
NaN,NaN,320.660000,423.350000,NaN,NaN
NaN,NaN,320.770000,423.350000,NaN,NaN
NaN,NaN,320.700000,423.330000,NaN,NaN
NaN,NaN,320.670000,423.340000,NaN,NaN
NaN,NaN,320.420000,423.300000,NaN,NaN
NaN,NaN,320.180000,423.340000,NaN,NaN
NaN,NaN,320.190000,423.330000,NaN,NaN
NaN,NaN,320.220000,423.340000,NaN,NaN
NaN,NaN,320.130000,423.340000,NaN,NaN
NaN,NaN,320.140000,423.330000,NaN,NaN
NaN,NaN,320.180000,423.390000,NaN,NaN
NaN,NaN,320.140000,423.340000,NaN,NaN
NaN,NaN,320.010000,423.270000,NaN,NaN
NaN,NaN,320.070000,423.350000,NaN,NaN
NaN,NaN,320.100000,423.380000,NaN,NaN
NaN,NaN,320.070000,423.320000,NaN,NaN
NaN,NaN,320.020000,423.300000,NaN,NaN
NaN,NaN,320.000000,423.320000,NaN,NaN
NaN,NaN,320.040000,423.340000,NaN,NaN
NaN,NaN,320.000000,423.360000,NaN,NaN
NaN,NaN,319.900000,423.330000,NaN,NaN
NaN,NaN,319.890000,423.330000,NaN,NaN
NaN,NaN,319.800000,423.290000,NaN,NaN
NaN,NaN,319.880000,423.290000,NaN,NaN
NaN,NaN,319.840000,423.280000,NaN,NaN
NaN,NaN,319.790000,423.270000,NaN,NaN
NaN,NaN,319.780000,423.320000,NaN,NaN
NaN,NaN,319.740000,423.310000,NaN,NaN
NaN,NaN,319.840000,423.330000,NaN,NaN
NaN,NaN,319.840000,423.340000,NaN,NaN
NaN,NaN,319.800000,423.320000,NaN,NaN
NaN,NaN,319.860000,423.370000,NaN,NaN
NaN,NaN,319.760000,423.330000,NaN,NaN
NaN,NaN,319.690000,423.330000,NaN,NaN
NaN,NaN,319.680000,423.360000,NaN,NaN
NaN,NaN,319.810000,423.380000,NaN,NaN
NaN,NaN,319.830000,423.390000,NaN,NaN
NaN,NaN,319.740000,423.400000,NaN,NaN
NaN,NaN,319.720000,423.310000,NaN,NaN
NaN,NaN,319.560000,423.380000,NaN,NaN
NaN,NaN,319.350000,423.350000,NaN,NaN
NaN,NaN,319.490000,423.330000,NaN,NaN
NaN,NaN,319.610000,423.370000,NaN,NaN
NaN,NaN,319.590000,423.370000,NaN,NaN
NaN,NaN,319.450000,423.390000,NaN,NaN
NaN,NaN,319.190000,423.280000,NaN,NaN
NaN,NaN,319.160000,423.280000,NaN,NaN
NaN,NaN,319.100000,423.290000,NaN,NaN
NaN,NaN,319.110000,423.270000,NaN,NaN
NaN,NaN,319.120000,423.330000,NaN,NaN
NaN,NaN,319.050000,423.360000,NaN,NaN
NaN,NaN,319.160000,423.380000,NaN,NaN
NaN,NaN,319.360000,423.390000,NaN,NaN
NaN,NaN,319.240000,423.330000,NaN,NaN
NaN,NaN,319.210000,423.330000,NaN,NaN
NaN,NaN,319.130000,423.380000,NaN,NaN
NaN,NaN,319.100000,423.360000,NaN,NaN
NaN,NaN,318.850000,423.250000,NaN,NaN
NaN,NaN,318.920000,423.240000,NaN,NaN
NaN,NaN,318.870000,423.250000,NaN,NaN
NaN,NaN,318.900000,423.290000,NaN,NaN
NaN,NaN,318.890000,423.260000,NaN,NaN
NaN,NaN,318.940000,423.310000,NaN,NaN
NaN,NaN,319.070000,423.360000,NaN,NaN
NaN,NaN,319.020000,423.350000,NaN,NaN
NaN,NaN,319.000000,423.330000,NaN,NaN
NaN,NaN,319.040000,423.380000,NaN,NaN
NaN,NaN,318.990000,423.360000,NaN,NaN
NaN,NaN,318.940000,423.370000,NaN,NaN
NaN,NaN,318.960000,423.300000,NaN,NaN
NaN,NaN,318.900000,423.310000,NaN,NaN
NaN,NaN,318.890000,423.330000,NaN,NaN
NaN,NaN,318.860000,423.300000,NaN,NaN
NaN,NaN,318.700000,423.240000,NaN,NaN
NaN,NaN,318.810000,423.330000,NaN,NaN
NaN,NaN,318.670000,423.330000,NaN,NaN
NaN,NaN,318.810000,423.340000,NaN,NaN
NaN,NaN,318.750000,423.320000,NaN,NaN
NaN,NaN,318.760000,423.290000,NaN,NaN
NaN,NaN,318.580000,423.290000,NaN,NaN
NaN,NaN,318.360000,423.270000,NaN,NaN
NaN,NaN,318.320000,423.300000,NaN,NaN
NaN,NaN,318.300000,423.280000,NaN,NaN
NaN,NaN,318.190000,423.310000,NaN,NaN
NaN,NaN,318.300000,423.300000,NaN,NaN
NaN,NaN,318.200000,423.250000,NaN,NaN
NaN,NaN,318.250000,423.250000,NaN,NaN
NaN,NaN,318.240000,423.250000,NaN,NaN
NaN,NaN,318.410000,423.340000,NaN,NaN
NaN,NaN,318.750000,423.470000,NaN,NaN
NaN,NaN,319.110000,424.330000,NaN,NaN
NaN,NaN,319.670000,425.250000,NaN,NaN
NaN,NaN,320.000000,426.070000,NaN,NaN
NaN,NaN,320.230000,426.760000,NaN,NaN
NaN,NaN,320.170000,426.760000,NaN,NaN
NaN,NaN,320.100000,426.740000,NaN,NaN
NaN,NaN,320.080000,426.760000,NaN,NaN
NaN,NaN,320.080000,426.770000,NaN,NaN
NaN,NaN,320.090000,426.770000,NaN,NaN
NaN,NaN,320.100000,426.850000,NaN,NaN
NaN,NaN,320.090000,426.850000,NaN,NaN
NaN,NaN,320.110000,426.840000,NaN,NaN
NaN,NaN,320.120000,426.870000,NaN,NaN
NaN,NaN,320.140000,426.890000,NaN,NaN
NaN,NaN,320.070000,426.870000,NaN,NaN
NaN,NaN,320.100000,426.880000,NaN,NaN
NaN,NaN,320.080000,426.860000,NaN,NaN
NaN,NaN,320.000000,426.870000,NaN,NaN
NaN,NaN,320.000000,426.860000,NaN,NaN
NaN,NaN,320.020000,426.870000,NaN,NaN
NaN,NaN,320.050000,426.900000,NaN,NaN
NaN,NaN,319.940000,426.930000,NaN,NaN
NaN,NaN,319.970000,426.940000,NaN,NaN
NaN,NaN,320.020000,426.950000,NaN,NaN
NaN,NaN,319.970000,426.910000,NaN,NaN
NaN,NaN,319.920000,426.880000,NaN,NaN
NaN,NaN,319.930000,426.900000,NaN,NaN
NaN,NaN,319.920000,426.950000,NaN,NaN
NaN,NaN,319.970000,426.930000,NaN,NaN
NaN,NaN,320.000000,426.920000,NaN,NaN
NaN,NaN,319.970000,426.900000,NaN,NaN
NaN,NaN,319.960000,426.900000,NaN,NaN
NaN,NaN,319.920000,426.870000,NaN,NaN
NaN,NaN,319.900000,426.870000,NaN,NaN
NaN,NaN,319.990000,426.900000,NaN,NaN
NaN,NaN,319.910000,426.920000,NaN,NaN
NaN,NaN,319.880000,426.920000,NaN,NaN
NaN,NaN,319.840000,426.920000,NaN,NaN
NaN,NaN,319.860000,426.920000,NaN,NaN
NaN,NaN,319.820000,426.920000,NaN,NaN
NaN,NaN,319.910000,426.930000,NaN,NaN
NaN,NaN,319.830000,426.920000,NaN,NaN
NaN,NaN,319.900000,427.000000,NaN,NaN
NaN,NaN,319.880000,427.000000,NaN,NaN
NaN,NaN,319.910000,426.960000,NaN,NaN
NaN,NaN,319.840000,426.970000,NaN,NaN
NaN,NaN,319.820000,426.990000,NaN,NaN
NaN,NaN,319.830000,426.980000,NaN,NaN
NaN,NaN,319.880000,426.990000,NaN,NaN
NaN,NaN,319.850000,426.990000,NaN,NaN
NaN,NaN,319.770000,426.990000,NaN,NaN
NaN,NaN,319.820000,427.000000,NaN,NaN
NaN,NaN,319.720000,427.000000,NaN,NaN
NaN,NaN,319.810000,427.040000,NaN,NaN
NaN,NaN,319.760000,427.010000,NaN,NaN
NaN,NaN,319.720000,426.990000,NaN,NaN
NaN,NaN,319.670000,427.030000,NaN,NaN
NaN,NaN,319.760000,427.010000,NaN,NaN
NaN,NaN,319.800000,427.030000,NaN,NaN
NaN,NaN,319.760000,427.070000,NaN,NaN
NaN,NaN,319.780000,427.090000,NaN,NaN
NaN,NaN,319.700000,427.080000,NaN,NaN
NaN,NaN,319.740000,427.100000,NaN,NaN
NaN,NaN,319.740000,427.070000,NaN,NaN
NaN,NaN,319.740000,427.060000,NaN,NaN
NaN,NaN,319.670000,427.030000,NaN,NaN
NaN,NaN,319.670000,427.040000,NaN,NaN
NaN,NaN,319.670000,427.060000,NaN,NaN
NaN,NaN,319.660000,427.080000,NaN,NaN
NaN,NaN,319.750000,427.110000,NaN,NaN
NaN,NaN,319.680000,427.090000,NaN,NaN
NaN,NaN,319.690000,427.070000,NaN,NaN
NaN,NaN,319.540000,427.070000,NaN,NaN
NaN,NaN,319.450000,427.120000,NaN,NaN
NaN,NaN,319.500000,427.090000,NaN,NaN
NaN,NaN,319.720000,427.070000,NaN,NaN
NaN,NaN,319.620000,427.070000,NaN,NaN
NaN,NaN,319.720000,427.110000,NaN,NaN
NaN,NaN,319.650000,427.130000,NaN,NaN
NaN,NaN,319.640000,427.130000,NaN,NaN
NaN,NaN,319.740000,427.100000,NaN,NaN
NaN,NaN,319.750000,427.130000,NaN,NaN
NaN,NaN,319.780000,427.090000,NaN,NaN
NaN,NaN,319.760000,427.100000,NaN,NaN
NaN,NaN,319.760000,427.080000,NaN,NaN
NaN,NaN,319.720000,427.070000,NaN,NaN
NaN,NaN,319.670000,427.100000,NaN,NaN
NaN,NaN,319.760000,427.080000,NaN,NaN
NaN,NaN,319.660000,427.130000,NaN,NaN
NaN,NaN,319.600000,427.080000,NaN,NaN
NaN,NaN,319.510000,427.090000,NaN,NaN
NaN,NaN,319.370000,427.080000,NaN,NaN
NaN,NaN,319.430000,427.060000,NaN,NaN
NaN,NaN,319.420000,427.090000,NaN,NaN
NaN,NaN,319.380000,427.100000,NaN,NaN
NaN,NaN,319.430000,427.110000,NaN,NaN
NaN,NaN,319.460000,427.110000,NaN,NaN
NaN,NaN,319.390000,427.070000,NaN,NaN
NaN,NaN,319.340000,427.080000,NaN,NaN
NaN,NaN,319.500000,427.100000,NaN,NaN
NaN,NaN,319.550000,427.110000,NaN,NaN
NaN,NaN,319.590000,427.110000,NaN,NaN
NaN,NaN,319.640000,427.130000,NaN,NaN
NaN,NaN,319.620000,427.120000,NaN,NaN
NaN,NaN,319.640000,427.130000,NaN,NaN
NaN,NaN,319.620000,427.130000,NaN,NaN
NaN,NaN,319.610000,427.180000,NaN,NaN
NaN,NaN,319.510000,427.190000,NaN,NaN
NaN,NaN,319.310000,427.130000,NaN,NaN
NaN,NaN,319.270000,427.150000,NaN,NaN
NaN,NaN,319.280000,427.170000,NaN,NaN
NaN,NaN,319.380000,427.180000,NaN,NaN
NaN,NaN,319.440000,427.170000,NaN,NaN
NaN,NaN,319.480000,427.200000,NaN,NaN
NaN,NaN,319.450000,427.190000,NaN,NaN
NaN,NaN,319.360000,427.180000,NaN,NaN
NaN,NaN,319.350000,427.190000,NaN,NaN
NaN,NaN,319.360000,427.150000,NaN,NaN
NaN,NaN,319.390000,427.150000,NaN,NaN
NaN,NaN,319.310000,427.150000,NaN,NaN
NaN,NaN,319.360000,427.150000,NaN,NaN
NaN,NaN,319.290000,427.200000,NaN,NaN
NaN,NaN,319.330000,427.150000,NaN,NaN
NaN,NaN,319.390000,427.160000,NaN,NaN
NaN,NaN,319.340000,427.170000,NaN,NaN
NaN,NaN,319.350000,427.180000,NaN,NaN
NaN,NaN,319.380000,427.180000,NaN,NaN
NaN,NaN,319.280000,427.160000,NaN,NaN
NaN,NaN,319.260000,427.200000,NaN,NaN
NaN,NaN,319.250000,427.180000,NaN,NaN
NaN,NaN,319.280000,427.180000,NaN,NaN
NaN,NaN,319.250000,427.170000,NaN,NaN
NaN,NaN,319.320000,427.210000,NaN,NaN
NaN,NaN,319.330000,427.240000,NaN,NaN
NaN,NaN,319.370000,427.280000,NaN,NaN
NaN,NaN,319.400000,427.250000,NaN,NaN
NaN,NaN,319.400000,427.230000,NaN,NaN
NaN,NaN,319.370000,427.240000,NaN,NaN
NaN,NaN,319.300000,427.270000,NaN,NaN
NaN,NaN,319.380000,427.240000,NaN,NaN
NaN,NaN,319.360000,427.230000,NaN,NaN
NaN,NaN,319.290000,427.230000,NaN,NaN
NaN,NaN,319.270000,427.210000,NaN,NaN
NaN,NaN,319.320000,427.210000,NaN,NaN
NaN,NaN,319.360000,427.220000,NaN,NaN
NaN,NaN,319.270000,427.220000,NaN,NaN
NaN,NaN,319.250000,427.200000,NaN,NaN
NaN,NaN,319.260000,427.220000,NaN,NaN
NaN,NaN,319.300000,427.240000,NaN,NaN
NaN,NaN,319.270000,427.290000,NaN,NaN
NaN,NaN,319.270000,427.250000,NaN,NaN
NaN,NaN,319.270000,427.240000,NaN,NaN
NaN,NaN,319.260000,427.250000,NaN,NaN
NaN,NaN,319.170000,427.230000,NaN,NaN
NaN,NaN,319.240000,427.250000,NaN,NaN
NaN,NaN,319.220000,427.230000,NaN,NaN
NaN,NaN,319.260000,427.250000,NaN,NaN
NaN,NaN,319.270000,427.200000,NaN,NaN
NaN,NaN,319.270000,427.220000,NaN,NaN
NaN,NaN,319.310000,427.180000,NaN,NaN
NaN,NaN,319.320000,427.240000,NaN,NaN
NaN,NaN,319.260000,427.230000,NaN,NaN
NaN,NaN,319.260000,427.180000,NaN,NaN
NaN,NaN,319.200000,427.170000,NaN,NaN
NaN,NaN,319.260000,427.160000,NaN,NaN
NaN,NaN,319.320000,427.210000,NaN,NaN
NaN,NaN,319.270000,427.160000,NaN,NaN
NaN,NaN,319.220000,427.180000,NaN,NaN
NaN,NaN,319.230000,427.210000,NaN,NaN
NaN,NaN,319.320000,427.240000,NaN,NaN
NaN,NaN,319.300000,427.250000,NaN,NaN
NaN,NaN,319.290000,427.210000,NaN,NaN
NaN,NaN,319.320000,427.200000,NaN,NaN
NaN,NaN,319.280000,427.200000,NaN,NaN
NaN,NaN,319.230000,427.190000,NaN,NaN
NaN,NaN,319.230000,427.220000,NaN,NaN
NaN,NaN,319.260000,427.190000,NaN,NaN
NaN,NaN,319.140000,427.180000,NaN,NaN
NaN,NaN,319.170000,427.230000,NaN,NaN
NaN,NaN,319.150000,427.200000,NaN,NaN
NaN,NaN,319.230000,427.210000,NaN,NaN
NaN,NaN,319.190000,427.190000,NaN,NaN
NaN,NaN,319.210000,427.240000,NaN,NaN
NaN,NaN,319.140000,427.240000,NaN,NaN
NaN,NaN,319.160000,427.220000,NaN,NaN
NaN,NaN,319.220000,427.290000,NaN,NaN
NaN,NaN,319.150000,427.270000,NaN,NaN
NaN,NaN,319.180000,427.280000,NaN,NaN
NaN,NaN,319.140000,427.270000,NaN,NaN
NaN,NaN,319.130000,427.230000,NaN,NaN
NaN,NaN,319.120000,427.190000,NaN,NaN
NaN,NaN,319.100000,427.230000,NaN,NaN
NaN,NaN,319.380000,427.170000,NaN,NaN
NaN,NaN,319.510000,427.200000,NaN,NaN
NaN,NaN,319.380000,427.210000,NaN,NaN
NaN,NaN,319.300000,427.150000,NaN,NaN
NaN,NaN,319.150000,427.150000,NaN,NaN
NaN,NaN,319.150000,427.180000,NaN,NaN
NaN,NaN,319.070000,427.170000,NaN,NaN
NaN,NaN,319.100000,427.180000,NaN,NaN
NaN,NaN,319.050000,427.160000,NaN,NaN
NaN,NaN,319.110000,427.190000,NaN,NaN
NaN,NaN,319.100000,427.190000,NaN,NaN
NaN,NaN,319.070000,427.190000,NaN,NaN
NaN,NaN,319.070000,427.210000,NaN,NaN
NaN,NaN,319.080000,427.280000,NaN,NaN
NaN,NaN,319.060000,427.290000,NaN,NaN
NaN,NaN,319.030000,427.230000,NaN,NaN
NaN,NaN,319.050000,427.240000,NaN,NaN
NaN,NaN,319.060000,427.160000,NaN,NaN
NaN,NaN,319.040000,427.180000,NaN,NaN
NaN,NaN,319.100000,427.220000,NaN,NaN
NaN,NaN,319.180000,427.190000,NaN,NaN
NaN,NaN,319.120000,427.260000,NaN,NaN
NaN,NaN,319.100000,427.270000,NaN,NaN
NaN,NaN,319.140000,427.270000,NaN,NaN
NaN,NaN,319.110000,427.250000,NaN,NaN
NaN,NaN,319.090000,427.260000,NaN,NaN
NaN,NaN,319.030000,427.250000,NaN,NaN
NaN,NaN,319.000000,427.240000,NaN,NaN
NaN,NaN,319.060000,427.250000,NaN,NaN
NaN,NaN,319.090000,427.240000,NaN,NaN
NaN,NaN,318.920000,427.260000,NaN,NaN
NaN,NaN,319.090000,427.190000,NaN,NaN
NaN,NaN,319.120000,427.210000,NaN,NaN
NaN,NaN,319.040000,427.250000,NaN,NaN
NaN,NaN,319.060000,427.240000,NaN,NaN
NaN,NaN,319.090000,427.300000,NaN,NaN
NaN,NaN,319.040000,427.230000,NaN,NaN
NaN,NaN,319.030000,427.210000,NaN,NaN
NaN,NaN,319.010000,427.240000,NaN,NaN
NaN,NaN,319.050000,427.270000,NaN,NaN
NaN,NaN,319.060000,427.240000,NaN,NaN
NaN,NaN,319.040000,427.210000,NaN,NaN
NaN,NaN,318.960000,427.180000,NaN,NaN
NaN,NaN,319.070000,427.190000,NaN,NaN
NaN,NaN,319.000000,427.240000,NaN,NaN
NaN,NaN,319.040000,427.210000,NaN,NaN
NaN,NaN,318.990000,427.230000,NaN,NaN
NaN,NaN,318.960000,427.260000,NaN,NaN
NaN,NaN,319.000000,427.240000,NaN,NaN
NaN,NaN,319.030000,427.240000,NaN,NaN
NaN,NaN,319.000000,427.240000,NaN,NaN
NaN,NaN,319.010000,427.270000,NaN,NaN
NaN,NaN,318.980000,427.300000,NaN,NaN
NaN,NaN,319.000000,427.250000,NaN,NaN
NaN,NaN,318.990000,427.210000,NaN,NaN
NaN,NaN,318.940000,427.210000,NaN,NaN
NaN,NaN,319.000000,427.240000,NaN,NaN
NaN,NaN,318.970000,427.260000,NaN,NaN
NaN,NaN,319.020000,427.240000,NaN,NaN
NaN,NaN,318.970000,427.270000,NaN,NaN
NaN,NaN,318.970000,427.180000,NaN,NaN
NaN,NaN,319.020000,427.230000,NaN,NaN
NaN,NaN,319.010000,427.210000,NaN,NaN
NaN,NaN,319.040000,427.230000,NaN,NaN
NaN,NaN,319.000000,427.230000,NaN,NaN
NaN,NaN,319.000000,427.240000,NaN,NaN
NaN,NaN,318.910000,427.210000,NaN,NaN
NaN,NaN,318.940000,427.210000,NaN,NaN
NaN,NaN,319.030000,427.250000,NaN,NaN
NaN,NaN,319.020000,427.260000,NaN,NaN
NaN,NaN,318.960000,427.280000,NaN,NaN
NaN,NaN,318.970000,427.310000,NaN,NaN
NaN,NaN,318.930000,427.270000,NaN,NaN
NaN,NaN,318.990000,427.230000,NaN,NaN
NaN,NaN,318.990000,427.220000,NaN,NaN
NaN,NaN,318.970000,427.230000,NaN,NaN
NaN,NaN,319.030000,427.250000,NaN,NaN
NaN,NaN,319.000000,427.290000,NaN,NaN
NaN,NaN,318.930000,427.300000,NaN,NaN
NaN,NaN,NaN,NaN,NaN,NaN
NaN,NaN,NaN,NaN,NaN,NaN
NaN,NaN,NaN,NaN,NaN,NaN
NaN,NaN,NaN,NaN,NaN,NaN
NaN,NaN,NaN,NaN,NaN,NaN
NaN,NaN,NaN,NaN,NaN,NaN
NaN,NaN,NaN,NaN,NaN,NaN
NaN,NaN,NaN,NaN,NaN,NaN
NaN,NaN,NaN,NaN,NaN,NaN
NaN,NaN,NaN,NaN,NaN,NaN
NaN,NaN,NaN,NaN,NaN,NaN
NaN,NaN,NaN,NaN,NaN,NaN
NaN,NaN,NaN,NaN,NaN,NaN
NaN,NaN,NaN,NaN,NaN,NaN
NaN,NaN,NaN,NaN,NaN,NaN
NaN,NaN,NaN,NaN,NaN,NaN
NaN,NaN,NaN,NaN,NaN,NaN
NaN,NaN,NaN,NaN,NaN,NaN
NaN,NaN,NaN,NaN,NaN,NaN
NaN,NaN,NaN,NaN,NaN,NaN
NaN,NaN,NaN,NaN,NaN,NaN
NaN,NaN,NaN,NaN,NaN,NaN
NaN,NaN,NaN,NaN,NaN,NaN
NaN,NaN,NaN,NaN,NaN,NaN
NaN,NaN,NaN,NaN,NaN,NaN
NaN,NaN,NaN,NaN,NaN,NaN
NaN,NaN,NaN,NaN,NaN,NaN
NaN,NaN,NaN,NaN,NaN,NaN
NaN,NaN,NaN,NaN,NaN,NaN
NaN,NaN,NaN,NaN,NaN,NaN
NaN,NaN,NaN,NaN,NaN,NaN
NaN,NaN,NaN,NaN,NaN,NaN
NaN,NaN,NaN,NaN,NaN,NaN
NaN,NaN,NaN,NaN,NaN,NaN
NaN,NaN,NaN,NaN,NaN,NaN
NaN,NaN,NaN,NaN,NaN,NaN
NaN,NaN,NaN,NaN,NaN,NaN
NaN,NaN,NaN,NaN,NaN,NaN
NaN,NaN,NaN,NaN,NaN,NaN
NaN,NaN,NaN,NaN,NaN,NaN
NaN,NaN,NaN,NaN,NaN,NaN
NaN,NaN,NaN,NaN,NaN,NaN
NaN,NaN,NaN,NaN,NaN,NaN
NaN,NaN,NaN,NaN,NaN,NaN
NaN,NaN,NaN,NaN,NaN,NaN
NaN,NaN,NaN,NaN,NaN,NaN
NaN,NaN,NaN,NaN,NaN,NaN
NaN,NaN,NaN,NaN,NaN,NaN
NaN,NaN,NaN,NaN,NaN,NaN
NaN,NaN,NaN,NaN,NaN,NaN
NaN,NaN,NaN,NaN,NaN,NaN
NaN,NaN,NaN,NaN,NaN,NaN
NaN,NaN,NaN,NaN,NaN,NaN
NaN,NaN,NaN,NaN,NaN,NaN
NaN,NaN,NaN,NaN,NaN,NaN
NaN,NaN,NaN,NaN,NaN,NaN
NaN,NaN,NaN,NaN,NaN,NaN
NaN,NaN,NaN,NaN,NaN,NaN
NaN,NaN,NaN,NaN,NaN,NaN
NaN,NaN,NaN,NaN,NaN,NaN
NaN,NaN,NaN,NaN,NaN,NaN
NaN,NaN,NaN,NaN,NaN,NaN
NaN,NaN,NaN,NaN,NaN,NaN
NaN,NaN,NaN,NaN,NaN,NaN
NaN,NaN,NaN,NaN,NaN,NaN
NaN,NaN,NaN,NaN,NaN,NaN
NaN,NaN,NaN,NaN,NaN,NaN
NaN,NaN,NaN,NaN,NaN,NaN
NaN,NaN,NaN,NaN,NaN,NaN
NaN,NaN,NaN,NaN,NaN,NaN
NaN,NaN,NaN,NaN,NaN,NaN
NaN,NaN,NaN,NaN,NaN,NaN
NaN,NaN,NaN,NaN,NaN,NaN
NaN,NaN,NaN,NaN,NaN,NaN
NaN,NaN,NaN,NaN,NaN,NaN
NaN,NaN,NaN,NaN,NaN,NaN
NaN,NaN,NaN,NaN,NaN,NaN
NaN,NaN,NaN,NaN,NaN,NaN
NaN,NaN,NaN,NaN,NaN,NaN
NaN,NaN,NaN,NaN,NaN,NaN
NaN,NaN,NaN,NaN,NaN,NaN
NaN,NaN,NaN,NaN,NaN,NaN
NaN,NaN,NaN,NaN,NaN,NaN
NaN,NaN,NaN,NaN,NaN,NaN
NaN,NaN,NaN,NaN,NaN,NaN
NaN,NaN,NaN,NaN,NaN,NaN
NaN,NaN,NaN,NaN,NaN,NaN
NaN,NaN,NaN,NaN,NaN,NaN
NaN,NaN,NaN,NaN,NaN,NaN
NaN,NaN,NaN,NaN,NaN,NaN
NaN,NaN,NaN,NaN,NaN,NaN
NaN,NaN,NaN,NaN,NaN,NaN
NaN,NaN,NaN,NaN,NaN,NaN
NaN,NaN,NaN,NaN,NaN,NaN
NaN,NaN,NaN,NaN,NaN,NaN
NaN,NaN,NaN,NaN,NaN,NaN
NaN,NaN,NaN,NaN,NaN,NaN
NaN,NaN,NaN,NaN,NaN,NaN
NaN,NaN,NaN,NaN,NaN,NaN
NaN,NaN,NaN,NaN,NaN,NaN
NaN,NaN,NaN,NaN,NaN,NaN
NaN,NaN,NaN,NaN,NaN,NaN
NaN,NaN,NaN,NaN,NaN,NaN
NaN,NaN,NaN,NaN,NaN,NaN
NaN,NaN,NaN,NaN,NaN,NaN
NaN,NaN,NaN,NaN,NaN,NaN
NaN,NaN,NaN,NaN,NaN,NaN
NaN,NaN,NaN,NaN,NaN,NaN
NaN,NaN,NaN,NaN,NaN,NaN
NaN,NaN,NaN,NaN,NaN,NaN
NaN,NaN,NaN,NaN,NaN,NaN
NaN,NaN,NaN,NaN,NaN,NaN
NaN,NaN,NaN,NaN,NaN,NaN
NaN,NaN,NaN,NaN,NaN,NaN
NaN,NaN,NaN,NaN,NaN,NaN
NaN,NaN,NaN,NaN,NaN,NaN
NaN,NaN,NaN,NaN,NaN,NaN
NaN,NaN,NaN,NaN,NaN,NaN
NaN,NaN,NaN,NaN,NaN,NaN
NaN,NaN,NaN,NaN,NaN,NaN
NaN,NaN,NaN,NaN,NaN,NaN
NaN,NaN,NaN,NaN,NaN,NaN
NaN,NaN,NaN,NaN,NaN,NaN
NaN,NaN,NaN,NaN,NaN,NaN
NaN,NaN,NaN,NaN,NaN,NaN
NaN,NaN,NaN,NaN,NaN,NaN
NaN,NaN,NaN,NaN,NaN,NaN
NaN,NaN,NaN,NaN,NaN,NaN
NaN,NaN,NaN,NaN,NaN,NaN
NaN,NaN,NaN,NaN,NaN,NaN
NaN,NaN,NaN,NaN,NaN,NaN
NaN,NaN,NaN,NaN,NaN,NaN
NaN,NaN,NaN,NaN,NaN,NaN
NaN,NaN,NaN,NaN,NaN,NaN
NaN,NaN,NaN,NaN,NaN,NaN
NaN,NaN,NaN,NaN,NaN,NaN
NaN,NaN,NaN,NaN,NaN,NaN
NaN,NaN,NaN,NaN,NaN,NaN
NaN,NaN,NaN,NaN,NaN,NaN
NaN,NaN,NaN,NaN,NaN,NaN
NaN,NaN,NaN,NaN,NaN,NaN
NaN,NaN,NaN,NaN,NaN,NaN
NaN,NaN,NaN,NaN,NaN,NaN
NaN,NaN,NaN,NaN,NaN,NaN
NaN,NaN,NaN,NaN,NaN,NaN
NaN,NaN,NaN,NaN,NaN,NaN
NaN,NaN,NaN,NaN,NaN,NaN
NaN,NaN,NaN,NaN,NaN,NaN
NaN,NaN,NaN,NaN,NaN,NaN
NaN,NaN,NaN,NaN,NaN,NaN
NaN,NaN,NaN,NaN,NaN,NaN
NaN,NaN,NaN,NaN,NaN,NaN
NaN,NaN,NaN,NaN,NaN,NaN
NaN,NaN,NaN,NaN,NaN,NaN
NaN,NaN,NaN,NaN,NaN,NaN
NaN,NaN,NaN,NaN,NaN,NaN
NaN,NaN,NaN,NaN,NaN,NaN
NaN,NaN,NaN,NaN,NaN,NaN
NaN,NaN,NaN,NaN,NaN,NaN
NaN,NaN,NaN,NaN,NaN,NaN
NaN,NaN,NaN,NaN,NaN,NaN
NaN,NaN,NaN,NaN,NaN,NaN
NaN,NaN,NaN,NaN,NaN,NaN
NaN,NaN,NaN,NaN,NaN,NaN
NaN,NaN,NaN,NaN,NaN,NaN
NaN,NaN,NaN,NaN,NaN,NaN
NaN,NaN,NaN,NaN,NaN,NaN
NaN,NaN,NaN,NaN,NaN,NaN
NaN,NaN,NaN,NaN,NaN,NaN
NaN,NaN,NaN,NaN,NaN,NaN
NaN,NaN,NaN,NaN,NaN,NaN
NaN,NaN,NaN,NaN,NaN,NaN
NaN,NaN,NaN,NaN,NaN,NaN
NaN,NaN,NaN,NaN,NaN,NaN
NaN,NaN,NaN,NaN,NaN,NaN
NaN,NaN,NaN,NaN,NaN,NaN
NaN,NaN,NaN,NaN,NaN,NaN
NaN,NaN,NaN,NaN,NaN,NaN
NaN,NaN,NaN,NaN,NaN,NaN
NaN,NaN,NaN,NaN,NaN,NaN
NaN,NaN,NaN,NaN,NaN,NaN
NaN,NaN,NaN,NaN,NaN,NaN
NaN,NaN,NaN,NaN,NaN,NaN
NaN,NaN,NaN,NaN,NaN,NaN
NaN,NaN,NaN,NaN,NaN,NaN
NaN,NaN,NaN,NaN,NaN,NaN
NaN,NaN,NaN,NaN,NaN,NaN
NaN,NaN,NaN,NaN,NaN,NaN
NaN,NaN,NaN,NaN,NaN,NaN
NaN,NaN,NaN,NaN,NaN,NaN
NaN,NaN,NaN,NaN,NaN,NaN
NaN,NaN,NaN,NaN,NaN,NaN
NaN,NaN,NaN,NaN,NaN,NaN
NaN,NaN,NaN,NaN,NaN,NaN
NaN,NaN,NaN,NaN,NaN,NaN
NaN,NaN,NaN,NaN,NaN,NaN
NaN,NaN,NaN,NaN,NaN,NaN
NaN,NaN,NaN,NaN,NaN,NaN
NaN,NaN,NaN,NaN,NaN,NaN
NaN,NaN,NaN,NaN,NaN,NaN
NaN,NaN,NaN,NaN,NaN,NaN
NaN,NaN,NaN,NaN,NaN,NaN
NaN,NaN,NaN,NaN,NaN,NaN
NaN,NaN,NaN,NaN,NaN,NaN
NaN,NaN,NaN,NaN,NaN,NaN
NaN,NaN,NaN,NaN,NaN,NaN
NaN,NaN,NaN,NaN,NaN,NaN
NaN,NaN,NaN,NaN,NaN,NaN
NaN,NaN,NaN,NaN,NaN,NaN
NaN,NaN,NaN,NaN,NaN,NaN
NaN,NaN,NaN,NaN,NaN,NaN
NaN,NaN,NaN,NaN,NaN,NaN
NaN,NaN,NaN,NaN,NaN,NaN
NaN,NaN,NaN,NaN,NaN,NaN
NaN,NaN,NaN,NaN,NaN,NaN
NaN,NaN,NaN,NaN,NaN,NaN
NaN,NaN,NaN,NaN,NaN,NaN
NaN,NaN,NaN,NaN,NaN,NaN
NaN,NaN,NaN,NaN,NaN,NaN
NaN,NaN,NaN,NaN,NaN,NaN
NaN,NaN,NaN,NaN,NaN,NaN
NaN,NaN,NaN,NaN,NaN,NaN
NaN,NaN,NaN,NaN,NaN,NaN
NaN,NaN,NaN,NaN,NaN,NaN
NaN,NaN,NaN,NaN,NaN,NaN
NaN,NaN,NaN,NaN,NaN,NaN
NaN,NaN,NaN,NaN,NaN,NaN
NaN,NaN,NaN,NaN,NaN,NaN
NaN,NaN,NaN,NaN,NaN,NaN
NaN,NaN,NaN,NaN,NaN,NaN
NaN,NaN,NaN,NaN,NaN,NaN
NaN,NaN,NaN,NaN,NaN,NaN
NaN,NaN,NaN,NaN,NaN,NaN
NaN,NaN,NaN,NaN,NaN,NaN
NaN,NaN,NaN,NaN,NaN,NaN
NaN,NaN,NaN,NaN,NaN,NaN
NaN,NaN,NaN,NaN,NaN,NaN
NaN,NaN,NaN,NaN,NaN,NaN
NaN,NaN,NaN,NaN,NaN,NaN
NaN,NaN,NaN,NaN,NaN,NaN
NaN,NaN,NaN,NaN,NaN,NaN
NaN,NaN,NaN,NaN,NaN,NaN
NaN,NaN,NaN,NaN,NaN,NaN
NaN,NaN,NaN,NaN,NaN,NaN
NaN,NaN,NaN,NaN,NaN,NaN
NaN,NaN,NaN,NaN,NaN,NaN
NaN,NaN,NaN,NaN,NaN,NaN
NaN,NaN,NaN,NaN,NaN,NaN
NaN,NaN,NaN,NaN,NaN,NaN
NaN,NaN,NaN,NaN,NaN,NaN
NaN,NaN,NaN,NaN,NaN,NaN
NaN,NaN,NaN,NaN,NaN,NaN
NaN,NaN,NaN,NaN,NaN,NaN
NaN,NaN,NaN,NaN,NaN,NaN
NaN,NaN,NaN,NaN,NaN,NaN
NaN,NaN,NaN,NaN,NaN,NaN
NaN,NaN,NaN,NaN,NaN,NaN
NaN,NaN,NaN,NaN,NaN,NaN
NaN,NaN,NaN,NaN,NaN,NaN
NaN,NaN,NaN,NaN,NaN,NaN
NaN,NaN,NaN,NaN,NaN,NaN
NaN,NaN,NaN,NaN,NaN,NaN
NaN,NaN,NaN,NaN,NaN,NaN
NaN,NaN,NaN,NaN,NaN,NaN
NaN,NaN,NaN,NaN,NaN,NaN
NaN,NaN,NaN,NaN,NaN,NaN
NaN,NaN,NaN,NaN,NaN,NaN
