pt1_cam1_U,pt1_cam1_V,pt2_cam1_U,pt2_cam1_V,pt3_cam1_U,pt3_cam1_V
NaN,NaN,NaN,NaN,NaN,NaN
NaN,NaN,NaN,NaN,NaN,NaN
NaN,NaN,NaN,NaN,NaN,NaN
NaN,NaN,NaN,NaN,NaN,NaN
NaN,NaN,NaN,NaN,NaN,NaN
NaN,NaN,NaN,NaN,NaN,NaN
NaN,NaN,NaN,NaN,NaN,NaN
NaN,NaN,NaN,NaN,NaN,NaN
NaN,NaN,NaN,NaN,NaN,NaN
NaN,NaN,NaN,NaN,NaN,NaN
NaN,NaN,NaN,NaN,NaN,NaN
NaN,NaN,NaN,NaN,NaN,NaN
NaN,NaN,NaN,NaN,NaN,NaN
NaN,NaN,NaN,NaN,NaN,NaN
NaN,NaN,NaN,NaN,NaN,NaN
NaN,NaN,NaN,NaN,NaN,NaN
NaN,NaN,NaN,NaN,NaN,NaN
NaN,NaN,NaN,NaN,NaN,NaN
NaN,NaN,NaN,NaN,NaN,NaN
NaN,NaN,NaN,NaN,NaN,NaN
NaN,NaN,NaN,NaN,NaN,NaN
NaN,NaN,NaN,NaN,NaN,NaN
NaN,NaN,NaN,NaN,NaN,NaN
NaN,NaN,NaN,NaN,NaN,NaN
NaN,NaN,NaN,NaN,NaN,NaN
NaN,NaN,NaN,NaN,NaN,NaN
NaN,NaN,NaN,NaN,NaN,NaN
NaN,NaN,NaN,NaN,NaN,NaN
NaN,NaN,NaN,NaN,NaN,NaN
NaN,NaN,NaN,NaN,NaN,NaN
NaN,NaN,NaN,NaN,NaN,NaN
NaN,NaN,NaN,NaN,NaN,NaN
NaN,NaN,NaN,NaN,NaN,NaN
NaN,NaN,NaN,NaN,NaN,NaN
NaN,NaN,NaN,NaN,NaN,NaN
NaN,NaN,NaN,NaN,NaN,NaN
NaN,NaN,NaN,NaN,NaN,NaN
NaN,NaN,NaN,NaN,NaN,NaN
NaN,NaN,NaN,NaN,NaN,NaN
NaN,NaN,NaN,NaN,NaN,NaN
NaN,NaN,NaN,NaN,NaN,NaN
NaN,NaN,NaN,NaN,NaN,NaN
NaN,NaN,NaN,NaN,NaN,NaN
NaN,NaN,NaN,NaN,NaN,NaN
NaN,NaN,NaN,NaN,NaN,NaN
NaN,NaN,NaN,NaN,NaN,NaN
NaN,NaN,NaN,NaN,NaN,NaN
NaN,NaN,NaN,NaN,NaN,NaN
NaN,NaN,NaN,NaN,NaN,NaN
NaN,NaN,NaN,NaN,NaN,NaN
NaN,NaN,NaN,NaN,NaN,NaN
NaN,NaN,NaN,NaN,NaN,NaN
NaN,NaN,NaN,NaN,NaN,NaN
NaN,NaN,NaN,NaN,NaN,NaN
NaN,NaN,NaN,NaN,NaN,NaN
NaN,NaN,NaN,NaN,NaN,NaN
NaN,NaN,NaN,NaN,NaN,NaN
NaN,NaN,NaN,NaN,NaN,NaN
NaN,NaN,NaN,NaN,NaN,NaN
NaN,NaN,NaN,NaN,NaN,NaN
NaN,NaN,NaN,NaN,NaN,NaN
NaN,NaN,NaN,NaN,NaN,NaN
NaN,NaN,NaN,NaN,NaN,NaN
NaN,NaN,NaN,NaN,NaN,NaN
NaN,NaN,NaN,NaN,NaN,NaN
NaN,NaN,NaN,NaN,NaN,NaN
NaN,NaN,NaN,NaN,NaN,NaN
NaN,NaN,NaN,NaN,NaN,NaN
NaN,NaN,NaN,NaN,NaN,NaN
NaN,NaN,NaN,NaN,NaN,NaN
NaN,NaN,NaN,NaN,NaN,NaN
NaN,NaN,NaN,NaN,NaN,NaN
NaN,NaN,NaN,NaN,NaN,NaN
NaN,NaN,NaN,NaN,NaN,NaN
NaN,NaN,NaN,NaN,NaN,NaN
NaN,NaN,NaN,NaN,NaN,NaN
NaN,NaN,NaN,NaN,NaN,NaN
NaN,NaN,NaN,NaN,NaN,NaN
NaN,NaN,NaN,NaN,NaN,NaN
NaN,NaN,NaN,NaN,NaN,NaN
NaN,NaN,NaN,NaN,NaN,NaN
NaN,NaN,NaN,NaN,NaN,NaN
NaN,NaN,NaN,NaN,NaN,NaN
NaN,NaN,NaN,NaN,NaN,NaN
NaN,NaN,NaN,NaN,NaN,NaN
NaN,NaN,NaN,NaN,NaN,NaN
NaN,NaN,NaN,NaN,NaN,NaN
NaN,NaN,NaN,NaN,NaN,NaN
NaN,NaN,NaN,NaN,NaN,NaN
NaN,NaN,NaN,NaN,NaN,NaN
NaN,NaN,NaN,NaN,NaN,NaN
NaN,NaN,NaN,NaN,NaN,NaN
NaN,NaN,NaN,NaN,NaN,NaN
NaN,NaN,NaN,NaN,NaN,NaN
NaN,NaN,NaN,NaN,NaN,NaN
NaN,NaN,NaN,NaN,NaN,NaN
NaN,NaN,NaN,NaN,NaN,NaN
NaN,NaN,NaN,NaN,NaN,NaN
NaN,NaN,NaN,NaN,NaN,NaN
NaN,NaN,NaN,NaN,NaN,NaN
NaN,NaN,NaN,NaN,NaN,NaN
NaN,NaN,NaN,NaN,NaN,NaN
NaN,NaN,NaN,NaN,NaN,NaN
NaN,NaN,NaN,NaN,NaN,NaN
NaN,NaN,NaN,NaN,NaN,NaN
NaN,NaN,NaN,NaN,NaN,NaN
NaN,NaN,NaN,NaN,NaN,NaN
NaN,NaN,NaN,NaN,NaN,NaN
NaN,NaN,NaN,NaN,NaN,NaN
NaN,NaN,NaN,NaN,NaN,NaN
NaN,NaN,NaN,NaN,NaN,NaN
NaN,NaN,NaN,NaN,NaN,NaN
NaN,NaN,NaN,NaN,NaN,NaN
NaN,NaN,NaN,NaN,NaN,NaN
NaN,NaN,NaN,NaN,NaN,NaN
NaN,NaN,NaN,NaN,NaN,NaN
NaN,NaN,NaN,NaN,NaN,NaN
NaN,NaN,NaN,NaN,NaN,NaN
NaN,NaN,NaN,NaN,NaN,NaN
NaN,NaN,NaN,NaN,NaN,NaN
NaN,NaN,NaN,NaN,NaN,NaN
NaN,NaN,NaN,NaN,NaN,NaN
NaN,NaN,NaN,NaN,NaN,NaN
NaN,NaN,NaN,NaN,NaN,NaN
NaN,NaN,NaN,NaN,NaN,NaN
NaN,NaN,NaN,NaN,NaN,NaN
NaN,NaN,NaN,NaN,NaN,NaN
NaN,NaN,NaN,NaN,NaN,NaN
NaN,NaN,NaN,NaN,NaN,NaN
NaN,NaN,NaN,NaN,NaN,NaN
NaN,NaN,NaN,NaN,NaN,NaN
NaN,NaN,NaN,NaN,NaN,NaN
NaN,NaN,NaN,NaN,NaN,NaN
NaN,NaN,NaN,NaN,NaN,NaN
NaN,NaN,NaN,NaN,NaN,NaN
NaN,NaN,NaN,NaN,NaN,NaN
NaN,NaN,NaN,NaN,NaN,NaN
NaN,NaN,NaN,NaN,NaN,NaN
NaN,NaN,NaN,NaN,NaN,NaN
NaN,NaN,NaN,NaN,NaN,NaN
NaN,NaN,NaN,NaN,NaN,NaN
NaN,NaN,NaN,NaN,NaN,NaN
NaN,NaN,NaN,NaN,NaN,NaN
NaN,NaN,NaN,NaN,NaN,NaN
NaN,NaN,NaN,NaN,NaN,NaN
NaN,NaN,NaN,NaN,NaN,NaN
NaN,NaN,NaN,NaN,NaN,NaN
NaN,NaN,NaN,NaN,NaN,NaN
NaN,NaN,NaN,NaN,NaN,NaN
NaN,NaN,NaN,NaN,NaN,NaN
NaN,NaN,NaN,NaN,NaN,NaN
NaN,NaN,NaN,NaN,NaN,NaN
NaN,NaN,NaN,NaN,NaN,NaN
NaN,NaN,NaN,NaN,NaN,NaN
NaN,NaN,NaN,NaN,NaN,NaN
NaN,NaN,NaN,NaN,NaN,NaN
NaN,NaN,NaN,NaN,NaN,NaN
NaN,NaN,NaN,NaN,NaN,NaN
NaN,NaN,NaN,NaN,NaN,NaN
NaN,NaN,NaN,NaN,NaN,NaN
NaN,NaN,NaN,NaN,NaN,NaN
NaN,NaN,NaN,NaN,NaN,NaN
NaN,NaN,NaN,NaN,NaN,NaN
NaN,NaN,NaN,NaN,NaN,NaN
NaN,NaN,NaN,NaN,NaN,NaN
NaN,NaN,NaN,NaN,NaN,NaN
NaN,NaN,NaN,NaN,NaN,NaN
NaN,NaN,NaN,NaN,NaN,NaN
NaN,NaN,NaN,NaN,NaN,NaN
NaN,NaN,NaN,NaN,NaN,NaN
NaN,NaN,NaN,NaN,NaN,NaN
NaN,NaN,NaN,NaN,NaN,NaN
NaN,NaN,NaN,NaN,NaN,NaN
NaN,NaN,NaN,NaN,NaN,NaN
NaN,NaN,NaN,NaN,NaN,NaN
NaN,NaN,NaN,NaN,NaN,NaN
NaN,NaN,NaN,NaN,NaN,NaN
NaN,NaN,NaN,NaN,NaN,NaN
NaN,NaN,NaN,NaN,NaN,NaN
NaN,NaN,NaN,NaN,NaN,NaN
NaN,NaN,NaN,NaN,NaN,NaN
NaN,NaN,NaN,NaN,NaN,NaN
NaN,NaN,NaN,NaN,NaN,NaN
NaN,NaN,NaN,NaN,NaN,NaN
NaN,NaN,NaN,NaN,NaN,NaN
NaN,NaN,NaN,NaN,NaN,NaN
NaN,NaN,NaN,NaN,NaN,NaN
NaN,NaN,NaN,NaN,NaN,NaN
NaN,NaN,NaN,NaN,NaN,NaN
NaN,NaN,NaN,NaN,NaN,NaN
NaN,NaN,NaN,NaN,NaN,NaN
NaN,NaN,NaN,NaN,NaN,NaN
NaN,NaN,NaN,NaN,NaN,NaN
NaN,NaN,NaN,NaN,NaN,NaN
NaN,NaN,NaN,NaN,NaN,NaN
NaN,NaN,NaN,NaN,NaN,NaN
NaN,NaN,NaN,NaN,NaN,NaN
NaN,NaN,NaN,NaN,NaN,NaN
NaN,NaN,NaN,NaN,NaN,NaN
NaN,NaN,NaN,NaN,NaN,NaN
NaN,NaN,NaN,NaN,NaN,NaN
NaN,NaN,NaN,NaN,NaN,NaN
NaN,NaN,NaN,NaN,NaN,NaN
NaN,NaN,NaN,NaN,NaN,NaN
NaN,NaN,NaN,NaN,NaN,NaN
NaN,NaN,NaN,NaN,NaN,NaN
NaN,NaN,NaN,NaN,NaN,NaN
NaN,NaN,NaN,NaN,NaN,NaN
NaN,NaN,NaN,NaN,NaN,NaN
NaN,NaN,NaN,NaN,NaN,NaN
NaN,NaN,NaN,NaN,NaN,NaN
NaN,NaN,NaN,NaN,NaN,NaN
NaN,NaN,NaN,NaN,NaN,NaN
NaN,NaN,NaN,NaN,NaN,NaN
NaN,NaN,NaN,NaN,NaN,NaN
NaN,NaN,NaN,NaN,NaN,NaN
NaN,NaN,NaN,NaN,NaN,NaN
NaN,NaN,NaN,NaN,NaN,NaN
NaN,NaN,NaN,NaN,NaN,NaN
NaN,NaN,NaN,NaN,NaN,NaN
NaN,NaN,NaN,NaN,NaN,NaN
NaN,NaN,NaN,NaN,NaN,NaN
NaN,NaN,NaN,NaN,NaN,NaN
NaN,NaN,NaN,NaN,NaN,NaN
NaN,NaN,NaN,NaN,NaN,NaN
NaN,NaN,NaN,NaN,NaN,NaN
NaN,NaN,NaN,NaN,NaN,NaN
NaN,NaN,NaN,NaN,NaN,NaN
NaN,NaN,NaN,NaN,NaN,NaN
NaN,NaN,NaN,NaN,NaN,NaN
NaN,NaN,NaN,NaN,NaN,NaN
NaN,NaN,NaN,NaN,NaN,NaN
NaN,NaN,NaN,NaN,NaN,NaN
NaN,NaN,NaN,NaN,NaN,NaN
NaN,NaN,NaN,NaN,NaN,NaN
NaN,NaN,NaN,NaN,NaN,NaN
NaN,NaN,NaN,NaN,NaN,NaN
NaN,NaN,NaN,NaN,NaN,NaN
NaN,NaN,NaN,NaN,NaN,NaN
NaN,NaN,NaN,NaN,NaN,NaN
NaN,NaN,NaN,NaN,NaN,NaN
NaN,NaN,NaN,NaN,NaN,NaN
NaN,NaN,NaN,NaN,NaN,NaN
NaN,NaN,NaN,NaN,NaN,NaN
NaN,NaN,NaN,NaN,NaN,NaN
NaN,NaN,NaN,NaN,NaN,NaN
NaN,NaN,NaN,NaN,NaN,NaN
NaN,NaN,NaN,NaN,NaN,NaN
NaN,NaN,NaN,NaN,NaN,NaN
NaN,NaN,NaN,NaN,NaN,NaN
NaN,NaN,NaN,NaN,NaN,NaN
NaN,NaN,NaN,NaN,NaN,NaN
NaN,NaN,NaN,NaN,NaN,NaN
NaN,NaN,NaN,NaN,NaN,NaN
NaN,NaN,NaN,NaN,NaN,NaN
NaN,NaN,NaN,NaN,NaN,NaN
NaN,NaN,NaN,NaN,NaN,NaN
NaN,NaN,NaN,NaN,NaN,NaN
NaN,NaN,NaN,NaN,NaN,NaN
NaN,NaN,NaN,NaN,NaN,NaN
NaN,NaN,NaN,NaN,NaN,NaN
NaN,NaN,NaN,NaN,NaN,NaN
NaN,NaN,NaN,NaN,NaN,NaN
NaN,NaN,NaN,NaN,NaN,NaN
NaN,NaN,NaN,NaN,NaN,NaN
NaN,NaN,NaN,NaN,NaN,NaN
NaN,NaN,NaN,NaN,NaN,NaN
NaN,NaN,NaN,NaN,NaN,NaN
NaN,NaN,NaN,NaN,NaN,NaN
NaN,NaN,NaN,NaN,NaN,NaN
NaN,NaN,NaN,NaN,NaN,NaN
NaN,NaN,NaN,NaN,NaN,NaN
NaN,NaN,NaN,NaN,NaN,NaN
NaN,NaN,NaN,NaN,NaN,NaN
NaN,NaN,NaN,NaN,NaN,NaN
NaN,NaN,NaN,NaN,NaN,NaN
NaN,NaN,NaN,NaN,NaN,NaN
NaN,NaN,NaN,NaN,NaN,NaN
NaN,NaN,NaN,NaN,NaN,NaN
NaN,NaN,NaN,NaN,NaN,NaN
NaN,NaN,NaN,NaN,NaN,NaN
NaN,NaN,NaN,NaN,NaN,NaN
NaN,NaN,NaN,NaN,NaN,NaN
NaN,NaN,NaN,NaN,NaN,NaN
NaN,NaN,NaN,NaN,NaN,NaN
NaN,NaN,NaN,NaN,NaN,NaN
NaN,NaN,NaN,NaN,NaN,NaN
NaN,NaN,NaN,NaN,NaN,NaN
NaN,NaN,NaN,NaN,NaN,NaN
NaN,NaN,NaN,NaN,NaN,NaN
NaN,NaN,NaN,NaN,NaN,NaN
NaN,NaN,NaN,NaN,NaN,NaN
NaN,NaN,NaN,NaN,NaN,NaN
NaN,NaN,NaN,NaN,NaN,NaN
NaN,NaN,NaN,NaN,NaN,NaN
NaN,NaN,NaN,NaN,NaN,NaN
NaN,NaN,NaN,NaN,NaN,NaN
NaN,NaN,NaN,NaN,NaN,NaN
NaN,NaN,NaN,NaN,NaN,NaN
NaN,NaN,NaN,NaN,NaN,NaN
NaN,NaN,NaN,NaN,NaN,NaN
NaN,NaN,NaN,NaN,NaN,NaN
NaN,NaN,NaN,NaN,NaN,NaN
NaN,NaN,NaN,NaN,NaN,NaN
NaN,NaN,NaN,NaN,NaN,NaN
NaN,NaN,NaN,NaN,NaN,NaN
NaN,NaN,NaN,NaN,NaN,NaN
NaN,NaN,NaN,NaN,NaN,NaN
NaN,NaN,NaN,NaN,NaN,NaN
NaN,NaN,NaN,NaN,NaN,NaN
NaN,NaN,NaN,NaN,NaN,NaN
NaN,NaN,NaN,NaN,NaN,NaN
NaN,NaN,NaN,NaN,NaN,NaN
NaN,NaN,NaN,NaN,NaN,NaN
NaN,NaN,NaN,NaN,NaN,NaN
NaN,NaN,NaN,NaN,NaN,NaN
NaN,NaN,NaN,NaN,NaN,NaN
NaN,NaN,NaN,NaN,NaN,NaN
NaN,NaN,NaN,NaN,NaN,NaN
NaN,NaN,NaN,NaN,NaN,NaN
NaN,NaN,NaN,NaN,NaN,NaN
NaN,NaN,NaN,NaN,NaN,NaN
NaN,NaN,NaN,NaN,NaN,NaN
NaN,NaN,NaN,NaN,NaN,NaN
NaN,NaN,NaN,NaN,NaN,NaN
NaN,NaN,NaN,NaN,NaN,NaN
NaN,NaN,NaN,NaN,NaN,NaN
NaN,NaN,NaN,NaN,NaN,NaN
NaN,NaN,NaN,NaN,NaN,NaN
NaN,NaN,NaN,NaN,NaN,NaN
NaN,NaN,NaN,NaN,NaN,NaN
NaN,NaN,NaN,NaN,NaN,NaN
NaN,NaN,NaN,NaN,NaN,NaN
NaN,NaN,NaN,NaN,NaN,NaN
NaN,NaN,NaN,NaN,NaN,NaN
NaN,NaN,NaN,NaN,NaN,NaN
NaN,NaN,NaN,NaN,NaN,NaN
NaN,NaN,NaN,NaN,NaN,NaN
NaN,NaN,NaN,NaN,NaN,NaN
NaN,NaN,NaN,NaN,NaN,NaN
NaN,NaN,NaN,NaN,NaN,NaN
NaN,NaN,NaN,NaN,NaN,NaN
NaN,NaN,NaN,NaN,NaN,NaN
NaN,NaN,NaN,NaN,NaN,NaN
NaN,NaN,NaN,NaN,NaN,NaN
NaN,NaN,NaN,NaN,NaN,NaN
NaN,NaN,NaN,NaN,NaN,NaN
NaN,NaN,NaN,NaN,NaN,NaN
NaN,NaN,NaN,NaN,NaN,NaN
NaN,NaN,NaN,NaN,NaN,NaN
NaN,NaN,NaN,NaN,NaN,NaN
NaN,NaN,NaN,NaN,NaN,NaN
NaN,NaN,NaN,NaN,NaN,NaN
NaN,NaN,NaN,NaN,NaN,NaN
NaN,NaN,NaN,NaN,NaN,NaN
NaN,NaN,NaN,NaN,NaN,NaN
NaN,NaN,NaN,NaN,NaN,NaN
NaN,NaN,NaN,NaN,NaN,NaN
NaN,NaN,NaN,NaN,NaN,NaN
NaN,NaN,NaN,NaN,NaN,NaN
NaN,NaN,NaN,NaN,NaN,NaN
NaN,NaN,NaN,NaN,NaN,NaN
NaN,NaN,NaN,NaN,NaN,NaN
NaN,NaN,NaN,NaN,NaN,NaN
NaN,NaN,NaN,NaN,NaN,NaN
NaN,NaN,NaN,NaN,NaN,NaN
NaN,NaN,NaN,NaN,NaN,NaN
NaN,NaN,NaN,NaN,NaN,NaN
NaN,NaN,NaN,NaN,NaN,NaN
NaN,NaN,NaN,NaN,NaN,NaN
NaN,NaN,NaN,NaN,NaN,NaN
NaN,NaN,NaN,NaN,NaN,NaN
NaN,NaN,NaN,NaN,NaN,NaN
NaN,NaN,NaN,NaN,NaN,NaN
NaN,NaN,NaN,NaN,NaN,NaN
NaN,NaN,NaN,NaN,NaN,NaN
NaN,NaN,NaN,NaN,NaN,NaN
NaN,NaN,NaN,NaN,NaN,NaN
NaN,NaN,NaN,NaN,NaN,NaN
NaN,NaN,NaN,NaN,NaN,NaN
NaN,NaN,NaN,NaN,NaN,NaN
NaN,NaN,NaN,NaN,NaN,NaN
NaN,NaN,NaN,NaN,NaN,NaN
NaN,NaN,NaN,NaN,NaN,NaN
NaN,NaN,NaN,NaN,NaN,NaN
NaN,NaN,NaN,NaN,NaN,NaN
NaN,NaN,NaN,NaN,NaN,NaN
NaN,NaN,NaN,NaN,NaN,NaN
NaN,NaN,NaN,NaN,NaN,NaN
NaN,NaN,NaN,NaN,NaN,NaN
NaN,NaN,NaN,NaN,NaN,NaN
NaN,NaN,NaN,NaN,NaN,NaN
NaN,NaN,NaN,NaN,NaN,NaN
NaN,NaN,NaN,NaN,NaN,NaN
NaN,NaN,NaN,NaN,NaN,NaN
NaN,NaN,NaN,NaN,NaN,NaN
NaN,NaN,NaN,NaN,NaN,NaN
NaN,NaN,NaN,NaN,NaN,NaN
NaN,NaN,NaN,NaN,NaN,NaN
NaN,NaN,NaN,NaN,NaN,NaN
NaN,NaN,NaN,NaN,NaN,NaN
NaN,NaN,NaN,NaN,NaN,NaN
NaN,NaN,NaN,NaN,NaN,NaN
NaN,NaN,NaN,NaN,NaN,NaN
NaN,NaN,NaN,NaN,NaN,NaN
NaN,NaN,NaN,NaN,NaN,NaN
NaN,NaN,NaN,NaN,NaN,NaN
NaN,NaN,NaN,NaN,NaN,NaN
NaN,NaN,NaN,NaN,NaN,NaN
NaN,NaN,NaN,NaN,NaN,NaN
NaN,NaN,NaN,NaN,NaN,NaN
NaN,NaN,NaN,NaN,NaN,NaN
NaN,NaN,NaN,NaN,NaN,NaN
NaN,NaN,NaN,NaN,NaN,NaN
NaN,NaN,NaN,NaN,NaN,NaN
NaN,NaN,NaN,NaN,NaN,NaN
NaN,NaN,NaN,NaN,NaN,NaN
NaN,NaN,NaN,NaN,NaN,NaN
NaN,NaN,NaN,NaN,NaN,NaN
NaN,NaN,NaN,NaN,NaN,NaN
NaN,NaN,NaN,NaN,NaN,NaN
NaN,NaN,NaN,NaN,NaN,NaN
NaN,NaN,NaN,NaN,NaN,NaN
NaN,NaN,NaN,NaN,NaN,NaN
NaN,NaN,NaN,NaN,NaN,NaN
NaN,NaN,NaN,NaN,NaN,NaN
NaN,NaN,NaN,NaN,NaN,NaN
NaN,NaN,NaN,NaN,NaN,NaN
NaN,NaN,NaN,NaN,NaN,NaN
NaN,NaN,NaN,NaN,NaN,NaN
NaN,NaN,NaN,NaN,NaN,NaN
NaN,NaN,NaN,NaN,NaN,NaN
NaN,NaN,NaN,NaN,NaN,NaN
NaN,NaN,NaN,NaN,NaN,NaN
NaN,NaN,NaN,NaN,NaN,NaN
NaN,NaN,NaN,NaN,NaN,NaN
NaN,NaN,NaN,NaN,NaN,NaN
NaN,NaN,NaN,NaN,NaN,NaN
NaN,NaN,NaN,NaN,NaN,NaN
NaN,NaN,NaN,NaN,NaN,NaN
NaN,NaN,NaN,NaN,NaN,NaN
NaN,NaN,NaN,NaN,NaN,NaN
NaN,NaN,NaN,NaN,NaN,NaN
NaN,NaN,NaN,NaN,NaN,NaN
NaN,NaN,NaN,NaN,NaN,NaN
NaN,NaN,NaN,NaN,NaN,NaN
NaN,NaN,NaN,NaN,NaN,NaN
NaN,NaN,NaN,NaN,NaN,NaN
NaN,NaN,NaN,NaN,NaN,NaN
NaN,NaN,NaN,NaN,NaN,NaN
NaN,NaN,NaN,NaN,NaN,NaN
NaN,NaN,NaN,NaN,NaN,NaN
NaN,NaN,NaN,NaN,NaN,NaN
NaN,NaN,NaN,NaN,NaN,NaN
NaN,NaN,1121.554275,417.317920,NaN,NaN
NaN,NaN,1122.020000,417.000000,NaN,NaN
NaN,NaN,1122.010000,417.000000,NaN,NaN
NaN,NaN,1122.010000,417.010000,NaN,NaN
NaN,NaN,1122.000000,417.020000,NaN,NaN
NaN,NaN,1122.000000,417.000000,NaN,NaN
NaN,NaN,1122.000000,417.000000,NaN,NaN
NaN,NaN,1122.030000,417.000000,NaN,NaN
NaN,NaN,1122.030000,416.990000,NaN,NaN
NaN,NaN,1122.010000,417.010000,NaN,NaN
NaN,NaN,1121.990000,417.000000,NaN,NaN
NaN,NaN,1122.020000,417.010000,NaN,NaN
NaN,NaN,1121.990000,417.010000,NaN,NaN
NaN,NaN,1122.000000,417.000000,NaN,NaN
NaN,NaN,1122.141787,417.191248,NaN,NaN
NaN,NaN,1122.141787,417.191248,NaN,NaN
NaN,NaN,1122.417211,417.078750,NaN,NaN
NaN,NaN,1122.417211,417.078750,NaN,NaN
NaN,NaN,1122.417211,417.078750,NaN,NaN
NaN,NaN,1122.417211,417.078750,NaN,NaN
NaN,NaN,1122.279499,417.078750,NaN,NaN
NaN,NaN,1122.141787,417.078750,NaN,NaN
NaN,NaN,1122.141787,417.078750,NaN,NaN
NaN,NaN,1122.004075,417.078750,NaN,NaN
NaN,NaN,1122.004075,416.966252,NaN,NaN
NaN,NaN,1122.004075,416.966252,NaN,NaN
NaN,NaN,1122.004075,416.966252,NaN,NaN
NaN,NaN,1122.004075,416.966252,NaN,NaN
NaN,NaN,1122.004075,416.966252,NaN,NaN
NaN,NaN,1122.004075,416.966252,NaN,NaN
NaN,NaN,1122.004075,416.966252,NaN,NaN
NaN,NaN,1122.004075,416.966252,NaN,NaN
NaN,NaN,1122.004075,416.966252,NaN,NaN
NaN,NaN,1122.004075,416.966252,NaN,NaN
NaN,NaN,1122.004075,416.966252,NaN,NaN
NaN,NaN,1122.004075,416.966252,NaN,NaN
NaN,NaN,1122.004075,416.966252,NaN,NaN
NaN,NaN,1122.004075,416.966252,NaN,NaN
NaN,NaN,1122.004075,416.966252,NaN,NaN
NaN,NaN,1121.866363,416.966252,NaN,NaN
NaN,NaN,1121.866363,416.853754,NaN,NaN
NaN,NaN,1121.866363,416.853754,NaN,NaN
NaN,NaN,1121.866363,416.853754,NaN,NaN
NaN,NaN,1121.866363,416.853754,NaN,NaN
NaN,NaN,1121.866363,416.853754,NaN,NaN
NaN,NaN,1121.866363,416.853754,NaN,NaN
NaN,NaN,1121.866363,416.741256,NaN,NaN
NaN,NaN,1121.866363,416.741256,NaN,NaN
NaN,NaN,1121.866363,416.741256,NaN,NaN
NaN,NaN,1121.866363,416.741256,NaN,NaN
NaN,NaN,1121.866363,416.741256,NaN,NaN
NaN,NaN,1121.866363,416.741256,NaN,NaN
NaN,NaN,1121.866363,416.741256,NaN,NaN
NaN,NaN,1121.728651,416.741256,NaN,NaN
NaN,NaN,1121.728651,416.741256,NaN,NaN
NaN,NaN,1121.728651,416.741256,NaN,NaN
NaN,NaN,1121.728651,416.741256,NaN,NaN
NaN,NaN,1121.728651,416.741256,NaN,NaN
NaN,NaN,1121.728651,416.741256,NaN,NaN
NaN,NaN,1121.728651,416.741256,NaN,NaN
NaN,NaN,1121.728651,416.628758,NaN,NaN
NaN,NaN,1121.590938,416.066267,NaN,NaN
NaN,NaN,1121.590938,416.066267,NaN,NaN
NaN,NaN,1121.590938,416.066267,NaN,NaN
NaN,NaN,1121.590938,416.066267,NaN,NaN
NaN,NaN,1121.728651,416.291263,NaN,NaN
NaN,NaN,1121.728651,416.291263,NaN,NaN
NaN,NaN,1121.728651,416.291263,NaN,NaN
NaN,NaN,1121.728651,416.291263,NaN,NaN
NaN,NaN,1121.728651,416.291263,NaN,NaN
NaN,NaN,1121.728651,416.291263,NaN,NaN
NaN,NaN,1121.728651,416.291263,NaN,NaN
NaN,NaN,1121.728651,416.291263,NaN,NaN
NaN,NaN,1121.728651,416.291263,NaN,NaN
NaN,NaN,1121.728651,416.291263,NaN,NaN
NaN,NaN,1121.728651,416.291263,NaN,NaN
NaN,NaN,1121.728651,416.403761,NaN,NaN
NaN,NaN,1121.728651,416.403761,NaN,NaN
NaN,NaN,1121.728651,416.516259,NaN,NaN
NaN,NaN,1121.728651,416.516259,NaN,NaN
NaN,NaN,1121.728651,416.516259,NaN,NaN
NaN,NaN,1121.728651,416.516259,NaN,NaN
NaN,NaN,1121.728651,416.516259,NaN,NaN
NaN,NaN,1121.728651,416.516259,NaN,NaN
NaN,NaN,1121.728651,416.516259,NaN,NaN
NaN,NaN,1121.728651,416.516259,NaN,NaN
NaN,NaN,1121.728651,416.516259,NaN,NaN
NaN,NaN,1121.728651,416.516259,NaN,NaN
NaN,NaN,1121.728651,416.516259,NaN,NaN
NaN,NaN,1121.728651,416.516259,NaN,NaN
NaN,NaN,1121.728651,416.516259,NaN,NaN
NaN,NaN,1121.728651,416.516259,NaN,NaN
NaN,NaN,1121.728651,416.516259,NaN,NaN
NaN,NaN,1121.728651,416.516259,NaN,NaN
NaN,NaN,1121.728651,416.516259,NaN,NaN
NaN,NaN,1121.728651,416.516259,NaN,NaN
NaN,NaN,1121.728651,416.516259,NaN,NaN
NaN,NaN,1121.728651,416.516259,NaN,NaN
NaN,NaN,1121.728651,416.516259,NaN,NaN
NaN,NaN,1121.728651,416.516259,NaN,NaN
NaN,NaN,1121.728651,416.516259,NaN,NaN
NaN,NaN,1121.728651,416.516259,NaN,NaN
NaN,NaN,1121.728651,416.516259,NaN,NaN
NaN,NaN,1121.728651,416.516259,NaN,NaN
NaN,NaN,1121.728651,416.516259,NaN,NaN
NaN,NaN,1121.728651,416.516259,NaN,NaN
NaN,NaN,1121.866363,416.628758,NaN,NaN
NaN,NaN,1121.866363,416.628758,NaN,NaN
NaN,NaN,1121.866363,416.628758,NaN,NaN
NaN,NaN,1121.866363,416.628758,NaN,NaN
NaN,NaN,1121.866363,416.628758,NaN,NaN
NaN,NaN,1121.866363,416.628758,NaN,NaN
NaN,NaN,1121.866363,416.628758,NaN,NaN
NaN,NaN,1121.866363,416.628758,NaN,NaN
NaN,NaN,1121.866363,416.628758,NaN,NaN
NaN,NaN,1121.866363,416.628758,NaN,NaN
NaN,NaN,1121.866363,416.628758,NaN,NaN
NaN,NaN,1121.866363,416.628758,NaN,NaN
NaN,NaN,1121.866363,416.628758,NaN,NaN
NaN,NaN,1121.866363,416.628758,NaN,NaN
NaN,NaN,1121.866363,416.741256,NaN,NaN
NaN,NaN,1121.866363,416.741256,NaN,NaN
NaN,NaN,1121.866363,416.741256,NaN,NaN
NaN,NaN,1121.866363,416.741256,NaN,NaN
NaN,NaN,1121.728651,416.628758,NaN,NaN
NaN,NaN,1121.728651,416.628758,NaN,NaN
NaN,NaN,1121.728651,416.628758,NaN,NaN
NaN,NaN,1121.728651,416.628758,NaN,NaN
NaN,NaN,1121.728651,416.628758,NaN,NaN
NaN,NaN,1121.728651,416.628758,NaN,NaN
NaN,NaN,1121.728651,416.628758,NaN,NaN
NaN,NaN,1121.866363,416.516259,NaN,NaN
NaN,NaN,1121.866363,416.516259,NaN,NaN
NaN,NaN,1121.866363,416.516259,NaN,NaN
NaN,NaN,1121.728651,416.516259,NaN,NaN
NaN,NaN,1121.728651,416.516259,NaN,NaN
NaN,NaN,1121.728651,416.628758,NaN,NaN
NaN,NaN,1121.728651,416.628758,NaN,NaN
NaN,NaN,1121.728651,416.628758,NaN,NaN
NaN,NaN,1121.728651,416.628758,NaN,NaN
NaN,NaN,1121.728651,416.628758,NaN,NaN
NaN,NaN,1121.728651,416.628758,NaN,NaN
NaN,NaN,1121.728651,416.628758,NaN,NaN
NaN,NaN,1121.728651,416.628758,NaN,NaN
NaN,NaN,1121.728651,416.628758,NaN,NaN
NaN,NaN,1121.728651,416.628758,NaN,NaN
NaN,NaN,1121.728651,416.628758,NaN,NaN
NaN,NaN,1121.728651,416.628758,NaN,NaN
NaN,NaN,1121.728651,416.628758,NaN,NaN
NaN,NaN,1121.728651,416.628758,NaN,NaN
NaN,NaN,1121.728651,416.628758,NaN,NaN
NaN,NaN,1121.728651,416.628758,NaN,NaN
NaN,NaN,1121.728651,416.628758,NaN,NaN
NaN,NaN,1121.728651,416.628758,NaN,NaN
NaN,NaN,1121.728651,416.628758,NaN,NaN
NaN,NaN,1121.728651,416.628758,NaN,NaN
NaN,NaN,1121.728651,416.628758,NaN,NaN
NaN,NaN,1121.728651,416.628758,NaN,NaN
NaN,NaN,1121.728651,416.628758,NaN,NaN
NaN,NaN,1121.728651,416.741256,NaN,NaN
NaN,NaN,1121.728651,416.741256,NaN,NaN
NaN,NaN,1121.728651,416.741256,NaN,NaN
NaN,NaN,1121.728651,416.741256,NaN,NaN
NaN,NaN,1121.728651,416.741256,NaN,NaN
NaN,NaN,1121.728651,416.741256,NaN,NaN
NaN,NaN,1121.728651,416.741256,NaN,NaN
NaN,NaN,1121.866363,416.741256,NaN,NaN
NaN,NaN,1121.866363,416.741256,NaN,NaN
NaN,NaN,1121.866363,416.741256,NaN,NaN
NaN,NaN,1121.866363,416.741256,NaN,NaN
NaN,NaN,1121.866363,416.741256,NaN,NaN
NaN,NaN,1121.866363,416.741256,NaN,NaN
NaN,NaN,1122.004075,416.741256,NaN,NaN
NaN,NaN,1122.004075,416.741256,NaN,NaN
NaN,NaN,1122.004075,416.741256,NaN,NaN
NaN,NaN,1122.004075,416.741256,NaN,NaN
NaN,NaN,1122.004075,416.741256,NaN,NaN
NaN,NaN,1122.004075,416.741256,NaN,NaN
NaN,NaN,1122.004075,416.741256,NaN,NaN
NaN,NaN,1122.004075,416.741256,NaN,NaN
NaN,NaN,1122.004075,416.741256,NaN,NaN
NaN,NaN,1122.004075,416.741256,NaN,NaN
NaN,NaN,1122.004075,416.741256,NaN,NaN
NaN,NaN,1121.866363,416.741256,NaN,NaN
NaN,NaN,1121.866363,416.741256,NaN,NaN
NaN,NaN,1121.866363,416.741256,NaN,NaN
NaN,NaN,1121.866363,416.741256,NaN,NaN
NaN,NaN,1121.866363,416.741256,NaN,NaN
NaN,NaN,1121.866363,416.741256,NaN,NaN
NaN,NaN,1121.866363,416.741256,NaN,NaN
NaN,NaN,1121.866363,416.853754,NaN,NaN
NaN,NaN,1121.866363,416.853754,NaN,NaN
NaN,NaN,1121.866363,416.853754,NaN,NaN
NaN,NaN,1122.004075,416.853754,NaN,NaN
NaN,NaN,1122.004075,416.853754,NaN,NaN
NaN,NaN,1122.004075,416.853754,NaN,NaN
NaN,NaN,1122.004075,416.853754,NaN,NaN
NaN,NaN,1122.004075,416.853754,NaN,NaN
NaN,NaN,1122.004075,416.853754,NaN,NaN
NaN,NaN,1122.004075,416.853754,NaN,NaN
NaN,NaN,1122.004075,416.853754,NaN,NaN
NaN,NaN,1122.004075,416.853754,NaN,NaN
NaN,NaN,1122.004075,416.853754,NaN,NaN
NaN,NaN,1122.004075,416.853754,NaN,NaN
NaN,NaN,1122.004075,416.853754,NaN,NaN
NaN,NaN,1122.004075,416.853754,NaN,NaN
NaN,NaN,1122.004075,416.853754,NaN,NaN
NaN,NaN,1122.004075,416.853754,NaN,NaN
NaN,NaN,1122.004075,416.853754,NaN,NaN
NaN,NaN,1122.004075,416.853754,NaN,NaN
NaN,NaN,1122.004075,416.741256,NaN,NaN
NaN,NaN,1122.004075,416.741256,NaN,NaN
NaN,NaN,1122.004075,416.628758,NaN,NaN
NaN,NaN,1122.004075,416.628758,NaN,NaN
NaN,NaN,1122.004075,416.628758,NaN,NaN
NaN,NaN,1122.004075,416.516259,NaN,NaN
NaN,NaN,1122.004075,416.516259,NaN,NaN
NaN,NaN,1122.004075,416.516259,NaN,NaN
NaN,NaN,1122.004075,416.403761,NaN,NaN
NaN,NaN,1121.866363,416.291263,NaN,NaN
NaN,NaN,1121.866363,416.291263,NaN,NaN
NaN,NaN,1122.004075,416.403761,NaN,NaN
NaN,NaN,1122.141787,416.516259,NaN,NaN
NaN,NaN,1122.004075,416.516259,NaN,NaN
NaN,NaN,1122.004075,416.516259,NaN,NaN
NaN,NaN,1121.866363,416.516259,NaN,NaN
NaN,NaN,1121.590938,416.291263,NaN,NaN
NaN,NaN,1121.590938,416.291263,NaN,NaN
NaN,NaN,1121.590938,416.291263,NaN,NaN
NaN,NaN,1121.590938,416.291263,NaN,NaN
NaN,NaN,1121.453226,416.291263,NaN,NaN
NaN,NaN,1121.315514,416.403761,NaN,NaN
NaN,NaN,1121.315514,416.516259,NaN,NaN
NaN,NaN,1121.315514,416.516259,NaN,NaN
NaN,NaN,1121.177802,416.516259,NaN,NaN
NaN,NaN,1121.177802,416.516259,NaN,NaN
NaN,NaN,1121.177802,416.516259,NaN,NaN
NaN,NaN,1121.177802,416.516259,NaN,NaN
NaN,NaN,1121.177802,416.516259,NaN,NaN
NaN,NaN,1121.177802,416.516259,NaN,NaN
NaN,NaN,1121.177802,416.516259,NaN,NaN
NaN,NaN,1121.177802,416.516259,NaN,NaN
NaN,NaN,1121.177802,416.628758,NaN,NaN
NaN,NaN,1121.177802,416.628758,NaN,NaN
NaN,NaN,1121.177802,416.628758,NaN,NaN
NaN,NaN,1121.177802,416.628758,NaN,NaN
NaN,NaN,1120.626953,416.628758,NaN,NaN
NaN,NaN,1120.626953,416.628758,NaN,NaN
NaN,NaN,1120.626953,416.628758,NaN,NaN
NaN,NaN,1120.764666,416.628758,NaN,NaN
NaN,NaN,1120.902378,416.628758,NaN,NaN
NaN,NaN,1120.902378,416.628758,NaN,NaN
NaN,NaN,1120.902378,416.628758,NaN,NaN
NaN,NaN,1120.902378,416.628758,NaN,NaN
NaN,NaN,1120.902378,416.741256,NaN,NaN
NaN,NaN,1120.902378,416.741256,NaN,NaN
NaN,NaN,1120.902378,416.741256,NaN,NaN
NaN,NaN,1121.040090,416.853754,NaN,NaN
NaN,NaN,1121.315514,416.966252,NaN,NaN
NaN,NaN,1121.453226,416.966252,NaN,NaN
NaN,NaN,1121.453226,416.966252,NaN,NaN
NaN,NaN,1121.453226,416.966252,NaN,NaN
NaN,NaN,1121.453226,416.741256,NaN,NaN
NaN,NaN,1121.453226,416.741256,NaN,NaN
NaN,NaN,1121.453226,416.741256,NaN,NaN
NaN,NaN,1121.453226,416.628758,NaN,NaN
NaN,NaN,1121.453226,416.628758,NaN,NaN
NaN,NaN,1121.453226,416.628758,NaN,NaN
NaN,NaN,1121.453226,416.628758,NaN,NaN
NaN,NaN,1121.453226,416.628758,NaN,NaN
NaN,NaN,1121.453226,416.628758,NaN,NaN
NaN,NaN,1121.453226,416.628758,NaN,NaN
NaN,NaN,1121.453226,416.628758,NaN,NaN
NaN,NaN,1121.453226,416.628758,NaN,NaN
NaN,NaN,1121.453226,416.628758,NaN,NaN
NaN,NaN,1121.453226,416.628758,NaN,NaN
NaN,NaN,1121.453226,416.516259,NaN,NaN
NaN,NaN,1121.453226,416.516259,NaN,NaN
NaN,NaN,1121.453226,416.403761,NaN,NaN
NaN,NaN,1121.453226,416.403761,NaN,NaN
NaN,NaN,1121.177802,416.291263,NaN,NaN
NaN,NaN,1121.177802,416.291263,NaN,NaN
NaN,NaN,1121.177802,416.291263,NaN,NaN
NaN,NaN,1121.177802,416.291263,NaN,NaN
NaN,NaN,1121.177802,416.291263,NaN,NaN
NaN,NaN,1121.177802,416.291263,NaN,NaN
NaN,NaN,1121.040090,416.291263,NaN,NaN
NaN,NaN,1121.040090,416.291263,NaN,NaN
NaN,NaN,1121.177802,416.628758,NaN,NaN
NaN,NaN,1121.177802,416.628758,NaN,NaN
NaN,NaN,1121.315514,416.628758,NaN,NaN
NaN,NaN,1121.315514,416.628758,NaN,NaN
NaN,NaN,1121.315514,416.628758,NaN,NaN
NaN,NaN,1121.315514,416.628758,NaN,NaN
NaN,NaN,1121.315514,416.628758,NaN,NaN
NaN,NaN,1121.315514,416.628758,NaN,NaN
NaN,NaN,1121.315514,416.628758,NaN,NaN
NaN,NaN,1121.315514,416.628758,NaN,NaN
NaN,NaN,1121.315514,416.628758,NaN,NaN
NaN,NaN,1121.315514,416.628758,NaN,NaN
NaN,NaN,1121.315514,416.628758,NaN,NaN
NaN,NaN,1121.315514,416.628758,NaN,NaN
NaN,NaN,1121.315514,416.628758,NaN,NaN
NaN,NaN,1121.315514,416.628758,NaN,NaN
NaN,NaN,1121.315514,416.628758,NaN,NaN
NaN,NaN,1121.315514,416.628758,NaN,NaN
NaN,NaN,1121.315514,416.628758,NaN,NaN
NaN,NaN,1121.315514,416.628758,NaN,NaN
NaN,NaN,1121.315514,416.628758,NaN,NaN
NaN,NaN,1121.315514,416.628758,NaN,NaN
NaN,NaN,1121.315514,416.628758,NaN,NaN
NaN,NaN,1121.315514,416.628758,NaN,NaN
NaN,NaN,1121.315514,416.628758,NaN,NaN
NaN,NaN,1121.315514,416.628758,NaN,NaN
NaN,NaN,1121.315514,416.628758,NaN,NaN
NaN,NaN,1121.315514,416.628758,NaN,NaN
NaN,NaN,1121.315514,416.628758,NaN,NaN
NaN,NaN,1121.315514,416.628758,NaN,NaN
NaN,NaN,1121.315514,416.628758,NaN,NaN
NaN,NaN,1121.315514,416.628758,NaN,NaN
NaN,NaN,1121.315514,416.628758,NaN,NaN
NaN,NaN,1121.315514,416.628758,NaN,NaN
NaN,NaN,1121.315514,416.628758,NaN,NaN
NaN,NaN,1121.315514,416.628758,NaN,NaN
NaN,NaN,1121.315514,416.966252,NaN,NaN
NaN,NaN,1121.315514,416.966252,NaN,NaN
NaN,NaN,1121.315514,416.853754,NaN,NaN
NaN,NaN,1121.315514,416.853754,NaN,NaN
NaN,NaN,1121.315514,416.966252,NaN,NaN
NaN,NaN,1121.315514,416.966252,NaN,NaN
NaN,NaN,1121.315514,416.853754,NaN,NaN
NaN,NaN,1121.315514,416.741256,NaN,NaN
NaN,NaN,1121.453226,416.741256,NaN,NaN
NaN,NaN,1121.453226,416.741256,NaN,NaN
NaN,NaN,1121.453226,416.741256,NaN,NaN
NaN,NaN,1121.453226,416.741256,NaN,NaN
NaN,NaN,1121.453226,416.741256,NaN,NaN
NaN,NaN,1121.453226,416.853754,NaN,NaN
NaN,NaN,1121.453226,416.853754,NaN,NaN
NaN,NaN,1121.453226,416.853754,NaN,NaN
NaN,NaN,1121.453226,416.853754,NaN,NaN
NaN,NaN,1121.453226,416.853754,NaN,NaN
NaN,NaN,1121.453226,416.853754,NaN,NaN
NaN,NaN,1121.453226,416.853754,NaN,NaN
NaN,NaN,1121.453226,416.853754,NaN,NaN
NaN,NaN,1121.453226,416.853754,NaN,NaN
NaN,NaN,1121.453226,416.853754,NaN,NaN
NaN,NaN,1121.453226,416.853754,NaN,NaN
NaN,NaN,1121.453226,416.853754,NaN,NaN
NaN,NaN,1121.453226,416.853754,NaN,NaN
NaN,NaN,1121.453226,416.853754,NaN,NaN
NaN,NaN,1121.453226,416.853754,NaN,NaN
NaN,NaN,1121.453226,416.853754,NaN,NaN
NaN,NaN,1121.453226,416.853754,NaN,NaN
NaN,NaN,1121.453226,416.853754,NaN,NaN
NaN,NaN,1121.453226,416.853754,NaN,NaN
NaN,NaN,1121.453226,416.853754,NaN,NaN
NaN,NaN,1121.453226,416.853754,NaN,NaN
NaN,NaN,1121.453226,416.853754,NaN,NaN
NaN,NaN,1121.453226,416.853754,NaN,NaN
NaN,NaN,1121.453226,416.853754,NaN,NaN
NaN,NaN,1121.453226,416.853754,NaN,NaN
NaN,NaN,1121.453226,416.853754,NaN,NaN
NaN,NaN,1121.453226,416.853754,NaN,NaN
NaN,NaN,1121.453226,416.853754,NaN,NaN
NaN,NaN,1121.453226,416.853754,NaN,NaN
NaN,NaN,1121.453226,416.853754,NaN,NaN
NaN,NaN,1121.453226,416.741256,NaN,NaN
NaN,NaN,1121.453226,416.741256,NaN,NaN
NaN,NaN,1121.453226,416.741256,NaN,NaN
NaN,NaN,1121.315514,416.741256,NaN,NaN
NaN,NaN,1121.315514,416.741256,NaN,NaN
NaN,NaN,1121.315514,416.741256,NaN,NaN
NaN,NaN,1121.453226,416.741256,NaN,NaN
NaN,NaN,1121.453226,416.741256,NaN,NaN
NaN,NaN,1121.453226,416.741256,NaN,NaN
NaN,NaN,1121.590938,416.741256,NaN,NaN
NaN,NaN,1121.590938,416.741256,NaN,NaN
NaN,NaN,1121.590938,416.741256,NaN,NaN
NaN,NaN,1121.590938,416.741256,NaN,NaN
NaN,NaN,1121.590938,416.516259,NaN,NaN
NaN,NaN,1121.590938,416.516259,NaN,NaN
NaN,NaN,1121.590938,416.516259,NaN,NaN
NaN,NaN,1121.590938,416.516259,NaN,NaN
NaN,NaN,1121.590938,416.516259,NaN,NaN
NaN,NaN,1121.177802,416.291263,NaN,NaN
NaN,NaN,1121.177802,416.403761,NaN,NaN
NaN,NaN,1121.177802,416.403761,NaN,NaN
NaN,NaN,1121.177802,416.403761,NaN,NaN
NaN,NaN,1121.177802,416.403761,NaN,NaN
NaN,NaN,1121.315514,416.516259,NaN,NaN
NaN,NaN,1121.453226,416.516259,NaN,NaN
NaN,NaN,1121.453226,416.516259,NaN,NaN
NaN,NaN,1121.453226,416.516259,NaN,NaN
NaN,NaN,1121.453226,416.516259,NaN,NaN
NaN,NaN,1121.453226,416.516259,NaN,NaN
NaN,NaN,1121.453226,416.516259,NaN,NaN
NaN,NaN,1121.453226,416.516259,NaN,NaN
NaN,NaN,1121.453226,416.516259,NaN,NaN
NaN,NaN,1121.453226,416.516259,NaN,NaN
NaN,NaN,1121.453226,416.516259,NaN,NaN
NaN,NaN,1121.453226,416.516259,NaN,NaN
NaN,NaN,1121.453226,416.516259,NaN,NaN
NaN,NaN,1120.902378,416.516259,NaN,NaN
NaN,NaN,1120.902378,416.516259,NaN,NaN
NaN,NaN,1120.902378,416.516259,NaN,NaN
NaN,NaN,1120.902378,416.516259,NaN,NaN
NaN,NaN,1121.040090,416.628758,NaN,NaN
NaN,NaN,1121.177802,416.741256,NaN,NaN
NaN,NaN,1121.177802,416.741256,NaN,NaN
NaN,NaN,1121.315514,416.628758,NaN,NaN
NaN,NaN,1121.315514,416.628758,NaN,NaN
NaN,NaN,1121.315514,416.628758,NaN,NaN
NaN,NaN,1121.315514,416.628758,NaN,NaN
NaN,NaN,1121.040090,416.628758,NaN,NaN
NaN,NaN,1121.040090,416.628758,NaN,NaN
NaN,NaN,1121.040090,416.628758,NaN,NaN
NaN,NaN,1121.040090,416.628758,NaN,NaN
NaN,NaN,1121.040090,416.628758,NaN,NaN
NaN,NaN,1121.040090,416.628758,NaN,NaN
NaN,NaN,1121.177802,416.628758,NaN,NaN
NaN,NaN,1121.177802,416.628758,NaN,NaN
NaN,NaN,1121.453226,416.628758,NaN,NaN
NaN,NaN,1121.453226,416.628758,NaN,NaN
NaN,NaN,1121.453226,416.628758,NaN,NaN
NaN,NaN,1121.453226,416.628758,NaN,NaN
NaN,NaN,1121.453226,416.628758,NaN,NaN
NaN,NaN,1121.453226,416.628758,NaN,NaN
NaN,NaN,1121.315514,416.628758,NaN,NaN
NaN,NaN,1121.315514,416.628758,NaN,NaN
NaN,NaN,1121.315514,416.628758,NaN,NaN
NaN,NaN,1121.315514,416.628758,NaN,NaN
NaN,NaN,1121.315514,416.628758,NaN,NaN
NaN,NaN,1121.453226,416.628758,NaN,NaN
NaN,NaN,1121.453226,416.628758,NaN,NaN
NaN,NaN,1121.453226,416.628758,NaN,NaN
NaN,NaN,1121.453226,416.853754,NaN,NaN
NaN,NaN,1121.453226,416.853754,NaN,NaN
NaN,NaN,1121.453226,416.853754,NaN,NaN
NaN,NaN,1121.453226,416.853754,NaN,NaN
NaN,NaN,1121.453226,416.741256,NaN,NaN
NaN,NaN,1121.453226,416.853754,NaN,NaN
NaN,NaN,1121.453226,416.853754,NaN,NaN
NaN,NaN,1121.590938,416.853754,NaN,NaN
NaN,NaN,1121.728651,416.853754,NaN,NaN
NaN,NaN,1121.728651,416.628758,NaN,NaN
NaN,NaN,1121.728651,416.628758,NaN,NaN
NaN,NaN,1121.728651,416.628758,NaN,NaN
NaN,NaN,1121.728651,416.628758,NaN,NaN
NaN,NaN,1121.453226,416.628758,NaN,NaN
NaN,NaN,1121.315514,416.628758,NaN,NaN
NaN,NaN,1121.315514,416.628758,NaN,NaN
NaN,NaN,1121.453226,416.741256,NaN,NaN
NaN,NaN,1121.590938,416.741256,NaN,NaN
NaN,NaN,1121.728651,416.741256,NaN,NaN
NaN,NaN,1121.728651,416.741256,NaN,NaN
NaN,NaN,1121.728651,416.741256,NaN,NaN
NaN,NaN,1121.866363,416.741256,NaN,NaN
NaN,NaN,1121.866363,416.741256,NaN,NaN
NaN,NaN,1121.866363,416.741256,NaN,NaN
NaN,NaN,1121.866363,416.741256,NaN,NaN
NaN,NaN,1121.866363,416.741256,NaN,NaN
NaN,NaN,1121.866363,416.741256,NaN,NaN
NaN,NaN,1121.866363,416.741256,NaN,NaN
NaN,NaN,1121.728651,416.628758,NaN,NaN
NaN,NaN,1121.728651,416.628758,NaN,NaN
NaN,NaN,1121.728651,416.628758,NaN,NaN
NaN,NaN,1121.728651,416.628758,NaN,NaN
NaN,NaN,1121.728651,416.628758,NaN,NaN
NaN,NaN,1121.728651,416.628758,NaN,NaN
NaN,NaN,1121.728651,416.628758,NaN,NaN
NaN,NaN,1121.728651,416.628758,NaN,NaN
NaN,NaN,1121.728651,416.628758,NaN,NaN
NaN,NaN,1121.728651,416.628758,NaN,NaN
NaN,NaN,1121.728651,416.628758,NaN,NaN
NaN,NaN,1121.728651,416.741256,NaN,NaN
NaN,NaN,1121.590938,416.853754,NaN,NaN
NaN,NaN,1121.590938,416.741256,NaN,NaN
NaN,NaN,1121.590938,416.741256,NaN,NaN
NaN,NaN,1121.590938,416.741256,NaN,NaN
NaN,NaN,1121.590938,416.741256,NaN,NaN
NaN,NaN,1121.590938,416.741256,NaN,NaN
NaN,NaN,1121.590938,416.741256,NaN,NaN
NaN,NaN,1121.590938,416.741256,NaN,NaN
NaN,NaN,1121.728651,416.741256,NaN,NaN
NaN,NaN,1121.866363,416.853754,NaN,NaN
NaN,NaN,1121.866363,416.853754,NaN,NaN
NaN,NaN,1121.866363,416.741256,NaN,NaN
NaN,NaN,1121.866363,416.741256,NaN,NaN
NaN,NaN,1121.866363,416.741256,NaN,NaN
NaN,NaN,1121.866363,416.741256,NaN,NaN
NaN,NaN,1121.728651,416.853754,NaN,NaN
NaN,NaN,1121.728651,416.853754,NaN,NaN
NaN,NaN,1121.728651,416.853754,NaN,NaN
NaN,NaN,1121.728651,416.853754,1099.797991,368.395192
NaN,NaN,1121.866363,416.741256,1100.010000,367.990000
NaN,NaN,1121.866363,416.741256,1100.010000,367.990000
NaN,NaN,1122.004075,416.628758,1100.000000,368.000000
NaN,NaN,1122.004075,416.628758,1100.000000,367.990000
NaN,NaN,1122.004075,416.628758,1100.010000,368.000000
NaN,NaN,1122.004075,416.628758,1100.020000,367.980000
NaN,NaN,1121.866363,416.628758,1100.010000,367.980000
NaN,NaN,1121.866363,416.628758,1100.010000,367.990000
NaN,NaN,1121.866363,416.628758,1100.020000,367.980000
NaN,NaN,1121.866363,416.628758,1099.990000,367.990000
NaN,NaN,1121.866363,416.628758,1099.980000,367.990000
NaN,NaN,1121.866363,416.628758,1100.010000,368.000000
NaN,NaN,1121.866363,416.628758,1099.990000,368.000000
NaN,NaN,1121.866363,416.628758,1100.010000,368.000000
NaN,NaN,1121.866363,416.628758,1100.000000,368.000000
NaN,NaN,1121.866363,416.628758,1100.000000,368.000000
NaN,NaN,1121.866363,416.628758,1100.010000,367.990000
NaN,NaN,1121.866363,416.628758,1100.000000,367.990000
NaN,NaN,1121.866363,416.516259,1099.990000,367.980000
NaN,NaN,1121.866363,416.516259,1099.990000,367.990000
NaN,NaN,1121.866363,416.516259,1100.000000,367.990000
NaN,NaN,1121.866363,416.516259,1100.000000,367.990000
NaN,NaN,1121.866363,416.516259,1100.000000,368.010000
NaN,NaN,1121.866363,416.516259,1100.000000,368.000000
NaN,NaN,1121.866363,416.516259,1100.000000,368.010000
NaN,NaN,1121.866363,416.516259,1099.990000,368.000000
NaN,NaN,1121.866363,416.516259,1100.020000,368.010000
NaN,NaN,1121.866363,416.516259,1100.010000,368.020000
NaN,NaN,1121.866363,416.516259,1100.010000,368.000000
NaN,NaN,1121.866363,416.516259,1100.010000,368.020000
NaN,NaN,1121.866363,416.516259,1100.010000,368.010000
NaN,NaN,1121.866363,416.516259,1100.000000,368.000000
NaN,NaN,1121.866363,416.516259,1100.000000,368.000000
NaN,NaN,1121.866363,416.516259,1100.000000,368.020000
NaN,NaN,1121.866363,416.516259,1099.990000,368.020000
NaN,NaN,1121.866363,416.516259,1100.000000,368.000000
NaN,NaN,1121.866363,416.516259,1100.000000,368.000000
NaN,NaN,1121.866363,416.516259,1100.020000,367.980000
NaN,NaN,1121.866363,416.516259,1100.010000,368.010000
NaN,NaN,1121.728651,416.628758,1100.010000,368.010000
NaN,NaN,1121.728651,416.628758,1100.010000,368.000000
NaN,NaN,1121.728651,416.516259,1100.000000,367.970000
NaN,NaN,1121.728651,416.516259,1100.010000,367.990000
NaN,NaN,1121.728651,416.516259,1100.000000,367.960000
NaN,NaN,1121.728651,416.516259,1100.010000,367.950000
NaN,NaN,1121.728651,416.516259,1100.040000,367.970000
NaN,NaN,1121.590938,416.516259,1099.990000,367.990000
NaN,NaN,1121.590938,416.516259,1100.010000,367.990000
NaN,NaN,1121.453226,416.516259,1100.000000,367.990000
NaN,NaN,1121.453226,416.516259,1100.010000,367.980000
NaN,NaN,1121.453226,416.516259,1100.020000,367.970000
NaN,NaN,1121.453226,416.516259,1100.010000,367.970000
NaN,NaN,1121.590938,416.516259,1100.020000,367.980000
NaN,NaN,1121.590938,416.516259,1100.030000,367.990000
NaN,NaN,1121.590938,416.403761,1100.010000,368.000000
NaN,NaN,1121.590938,416.403761,1100.010000,368.000000
NaN,NaN,1121.590938,416.403761,1100.000000,368.010000
NaN,NaN,1121.590938,416.403761,1100.020000,367.990000
NaN,NaN,1121.453226,416.403761,1100.010000,367.970000
NaN,NaN,1121.453226,416.403761,1100.010000,367.980000
NaN,NaN,1121.453226,416.403761,1099.990000,368.000000
NaN,NaN,1121.590938,416.403761,1099.990000,367.990000
NaN,NaN,1121.590938,416.403761,1099.980000,368.000000
NaN,NaN,1121.590938,416.403761,1100.010000,368.000000
NaN,NaN,1121.590938,416.403761,1099.990000,367.980000
NaN,NaN,1121.590938,416.403761,1099.990000,367.990000
NaN,NaN,1121.590938,416.403761,1100.010000,367.980000
NaN,NaN,1121.590938,416.403761,1099.990000,367.970000
NaN,NaN,1121.590938,416.403761,1099.990000,367.980000
NaN,NaN,1121.590938,416.403761,1099.990000,367.980000
NaN,NaN,1121.590938,416.403761,1100.010000,367.990000
NaN,NaN,1121.590938,416.403761,1100.010000,367.990000
NaN,NaN,1121.453226,416.516259,1100.000000,367.970000
NaN,NaN,1121.453226,416.516259,1099.990000,367.980000
NaN,NaN,1121.453226,416.516259,1099.990000,367.990000
NaN,NaN,1121.453226,416.516259,1100.000000,368.000000
NaN,NaN,1121.453226,416.516259,1100.010000,367.990000
NaN,NaN,1121.453226,416.516259,1100.000000,368.000000
NaN,NaN,1121.453226,416.516259,1100.000000,368.000000
NaN,NaN,1121.453226,416.516259,1100.010000,367.980000
NaN,NaN,1121.315514,416.516259,1100.010000,367.990000
NaN,NaN,1121.315514,416.516259,1099.990000,367.990000
NaN,NaN,1121.315514,416.516259,1100.000000,367.980000
NaN,NaN,1121.315514,416.516259,1099.980000,367.990000
NaN,NaN,1121.315514,416.516259,1099.990000,368.000000
NaN,NaN,1121.315514,416.516259,1099.980000,367.990000
NaN,NaN,1121.177802,416.516259,1099.990000,367.990000
NaN,NaN,1121.040090,416.516259,1100.000000,367.990000
NaN,NaN,1121.177802,416.516259,1099.980000,367.980000
NaN,NaN,1121.177802,416.516259,1099.980000,367.990000
NaN,NaN,1121.177802,416.516259,1099.990000,367.970000
NaN,NaN,1121.315514,416.628758,1099.990000,367.990000
NaN,NaN,1121.315514,416.741256,1099.990000,368.000000
NaN,NaN,1121.315514,416.741256,1099.990000,367.970000
NaN,NaN,1121.177802,416.741256,1099.990000,367.970000
NaN,NaN,1121.177802,416.741256,1099.990000,367.970000
NaN,NaN,1121.040090,416.741256,1099.980000,367.970000
NaN,NaN,1121.040090,416.741256,1099.980000,367.990000
NaN,NaN,1121.040090,416.628758,1100.000000,367.980000
NaN,NaN,1120.902378,416.628758,1100.010000,367.960000
NaN,NaN,1120.902378,416.628758,1100.000000,367.970000
NaN,NaN,1120.902378,416.628758,1100.020000,367.990000
NaN,NaN,1120.902378,416.628758,1100.020000,367.970000
NaN,NaN,1120.902378,416.516259,1100.000000,367.980000
NaN,NaN,1120.626953,416.403761,1100.000000,367.980000
NaN,NaN,1120.626953,416.403761,1099.990000,367.980000
NaN,NaN,1120.351529,416.628758,1099.990000,367.980000
NaN,NaN,1120.351529,416.628758,1100.000000,367.980000
NaN,NaN,1120.351529,416.628758,1100.000000,367.980000
NaN,NaN,1120.626953,416.853754,1099.990000,367.980000
NaN,NaN,1120.764666,416.853754,1099.990000,367.980000
NaN,NaN,1120.489241,416.853754,1099.990000,367.990000
NaN,NaN,1120.489241,416.853754,1100.000000,368.000000
NaN,NaN,1120.489241,416.853754,1099.990000,368.000000
NaN,NaN,1120.626953,416.741256,1100.000000,368.000000
NaN,NaN,1120.626953,416.741256,1100.000000,368.000000
NaN,NaN,1120.626953,416.741256,1099.990000,367.980000
NaN,NaN,1120.626953,416.741256,1099.980000,368.000000
NaN,NaN,1120.626953,416.741256,1099.980000,368.000000
NaN,NaN,1120.489241,416.853754,1099.990000,367.990000
NaN,NaN,1120.489241,416.853754,1099.990000,367.990000
NaN,NaN,1120.489241,416.853754,1099.990000,368.000000
NaN,NaN,1120.489241,416.853754,1099.980000,368.000000
NaN,NaN,1120.489241,416.853754,1099.980000,367.990000
NaN,NaN,1120.489241,416.853754,1099.980000,367.980000
NaN,NaN,1120.489241,416.853754,1099.970000,368.000000
NaN,NaN,1120.489241,416.853754,1100.010000,367.960000
NaN,NaN,1120.489241,416.853754,1100.010000,368.010000
NaN,NaN,1120.489241,416.853754,1100.000000,368.010000
NaN,NaN,1120.351529,416.853754,1100.000000,367.990000
NaN,NaN,1120.351529,416.853754,1099.990000,367.970000
NaN,NaN,1120.213817,416.853754,1100.000000,367.990000
NaN,NaN,1120.076105,416.853754,1099.980000,367.980000
NaN,NaN,1120.076105,416.853754,1099.990000,367.960000
NaN,NaN,1120.076105,416.853754,1099.970000,367.990000
NaN,NaN,1120.213817,416.741256,1100.000000,368.010000
NaN,NaN,1120.213817,416.741256,1100.000000,368.000000
NaN,NaN,1120.076105,416.741256,1099.990000,367.990000
NaN,NaN,1120.076105,416.741256,1099.990000,367.990000
NaN,NaN,1120.076105,416.741256,1099.990000,367.990000
NaN,NaN,1120.076105,416.741256,1100.000000,367.980000
NaN,NaN,1120.076105,416.741256,1100.000000,367.990000
NaN,NaN,1120.076105,416.741256,1099.990000,367.990000
NaN,NaN,1120.076105,416.741256,1100.010000,367.970000
NaN,NaN,1120.076105,416.741256,1100.000000,367.980000
NaN,NaN,1120.076105,416.741256,1099.970000,367.990000
NaN,NaN,1120.351529,416.741256,1100.000000,367.990000
NaN,NaN,1120.351529,416.741256,1099.990000,368.010000
NaN,NaN,1120.351529,416.741256,1099.990000,368.000000
NaN,NaN,1120.351529,416.741256,1099.980000,368.000000
NaN,NaN,1120.351529,416.741256,1099.990000,368.000000
NaN,NaN,1120.351529,416.741256,1100.000000,368.010000
NaN,NaN,1120.351529,416.741256,1100.010000,368.010000
NaN,NaN,1120.351529,416.741256,1100.000000,368.010000
NaN,NaN,1120.351529,416.741256,1099.990000,368.010000
NaN,NaN,1120.351529,416.741256,1099.990000,368.020000
NaN,NaN,1120.351529,416.741256,1100.010000,367.990000
NaN,NaN,1120.351529,416.741256,1100.000000,367.990000
NaN,NaN,1120.213817,416.741256,1100.000000,368.000000
NaN,NaN,1120.213817,416.741256,1099.990000,368.000000
NaN,NaN,1120.213817,416.741256,1100.000000,368.000000
NaN,NaN,1120.076105,416.741256,1100.000000,368.000000
NaN,NaN,1120.076105,416.741256,1099.990000,368.020000
NaN,NaN,1120.076105,416.741256,1099.990000,368.010000
NaN,NaN,1120.076105,416.741256,1099.990000,368.000000
NaN,NaN,1120.076105,416.741256,1099.990000,368.000000
NaN,NaN,1120.076105,416.741256,1099.990000,367.990000
NaN,NaN,1120.076105,416.741256,1099.990000,367.990000
NaN,NaN,1120.076105,416.741256,1099.990000,368.000000
NaN,NaN,1120.076105,416.741256,1100.000000,367.990000
NaN,NaN,1120.076105,416.741256,1100.000000,367.990000
NaN,NaN,1120.076105,416.741256,1099.990000,368.020000
NaN,NaN,1120.076105,416.741256,1100.000000,368.000000
NaN,NaN,1120.076105,416.741256,1100.000000,368.010000
NaN,NaN,1119.938393,416.741256,1100.000000,368.010000
NaN,NaN,1119.938393,416.741256,1100.010000,368.000000
NaN,NaN,1119.800680,416.741256,1099.990000,367.990000
NaN,NaN,1119.662968,416.741256,1099.970000,367.980000
NaN,NaN,1119.662968,416.741256,1099.980000,367.970000
NaN,NaN,1119.800680,416.741256,1099.980000,367.990000
NaN,NaN,1119.938393,416.741256,1099.990000,367.990000
NaN,NaN,1119.938393,416.741256,1100.000000,367.980000
NaN,NaN,1119.938393,416.853754,1100.000000,367.990000
NaN,NaN,1119.938393,416.853754,1099.990000,368.010000
NaN,NaN,1119.938393,416.853754,1099.990000,368.010000
NaN,NaN,1119.938393,416.853754,1099.980000,368.020000
NaN,NaN,1119.938393,416.853754,1099.980000,368.010000
NaN,NaN,1119.938393,416.853754,1099.980000,368.010000
NaN,NaN,1119.938393,416.853754,1099.990000,368.020000
NaN,NaN,1119.938393,416.853754,1099.990000,368.000000
NaN,NaN,1119.938393,416.853754,1099.980000,368.010000
NaN,NaN,1119.938393,416.853754,1100.010000,368.000000
NaN,NaN,1119.938393,416.853754,1100.000000,368.000000
NaN,NaN,1119.938393,416.853754,1099.980000,368.010000
NaN,NaN,1119.938393,416.853754,1099.990000,368.000000
NaN,NaN,1119.938393,416.966252,1100.000000,367.980000
NaN,NaN,1119.938393,416.966252,1100.000000,367.970000
NaN,NaN,1119.938393,416.966252,1099.980000,368.010000
NaN,NaN,1119.938393,417.078750,1099.990000,368.010000
NaN,NaN,1119.938393,417.078750,1100.000000,367.990000
NaN,NaN,1119.938393,417.191248,1100.010000,367.990000
NaN,NaN,1119.938393,417.191248,1100.010000,368.000000
NaN,NaN,1119.938393,417.191248,1100.010000,367.980000
NaN,NaN,1119.938393,417.191248,1100.000000,368.000000
NaN,NaN,1119.938393,417.078750,1099.990000,368.000000
NaN,NaN,1119.938393,416.966252,1100.000000,368.000000
NaN,NaN,1119.938393,416.966252,1100.000000,368.000000
NaN,NaN,1119.938393,416.853754,1099.980000,368.020000
NaN,NaN,1119.938393,416.853754,1099.990000,367.980000
NaN,NaN,1119.938393,416.853754,1100.010000,367.970000
NaN,NaN,1119.938393,416.853754,1100.020000,367.990000
NaN,NaN,1119.938393,416.853754,1100.010000,367.990000
NaN,NaN,1119.938393,416.966252,1100.000000,368.000000
NaN,NaN,1119.938393,416.966252,1100.010000,368.010000
NaN,NaN,1119.938393,416.966252,1099.990000,368.000000
NaN,NaN,1119.938393,416.966252,1100.000000,368.000000
NaN,NaN,1119.938393,416.966252,1100.000000,368.020000
NaN,NaN,1119.938393,416.966252,1100.000000,368.020000
NaN,NaN,1119.938393,416.966252,1099.990000,368.020000
NaN,NaN,1119.938393,416.966252,1099.990000,368.000000
NaN,NaN,1119.938393,416.966252,1099.990000,368.000000
NaN,NaN,1119.938393,416.966252,1099.990000,368.000000
NaN,NaN,1119.938393,416.966252,1099.990000,368.020000
NaN,NaN,1119.938393,416.966252,1099.990000,368.010000
NaN,NaN,1119.938393,416.966252,1100.000000,368.000000
NaN,NaN,1119.800680,416.966252,1099.980000,368.010000
NaN,NaN,1119.800680,416.966252,1099.980000,368.010000
NaN,NaN,1119.800680,416.966252,1099.980000,368.020000
NaN,NaN,1119.800680,416.966252,1099.980000,368.010000
NaN,NaN,1119.800680,417.078750,1100.000000,368.000000
NaN,NaN,1119.800680,417.078750,1099.990000,368.020000
NaN,NaN,1119.800680,417.078750,1099.990000,368.010000
NaN,NaN,1119.662968,417.191248,1099.990000,368.010000
NaN,NaN,1119.662968,417.191248,1100.000000,367.990000
NaN,NaN,1119.662968,417.191248,1099.990000,368.010000
NaN,NaN,1119.662968,417.191248,1099.990000,368.020000
NaN,NaN,1119.800680,416.966252,1100.010000,368.000000
NaN,NaN,1119.800680,416.966252,1100.010000,368.020000
NaN,NaN,1119.800680,416.966252,1100.000000,368.030000
NaN,NaN,1119.800680,416.966252,1100.020000,368.030000
NaN,NaN,1119.800680,416.966252,1100.000000,368.040000
NaN,NaN,1119.800680,416.966252,1100.010000,368.020000
NaN,NaN,1119.800680,416.966252,1100.000000,368.010000
NaN,NaN,1119.800680,416.966252,1100.000000,368.020000
NaN,NaN,1119.800680,416.966252,1100.000000,368.020000
NaN,NaN,1119.800680,417.078750,1100.000000,368.020000
NaN,NaN,1119.800680,417.078750,1100.000000,368.040000
NaN,NaN,1119.800680,417.078750,1100.020000,368.030000
NaN,NaN,1119.800680,417.078750,1099.990000,368.040000
NaN,NaN,1119.800680,417.078750,1100.000000,368.030000
NaN,NaN,1119.800680,417.078750,1100.010000,368.040000
NaN,NaN,1119.800680,417.078750,1099.990000,368.010000
NaN,NaN,1119.525256,417.078750,1100.010000,368.020000
NaN,NaN,1119.525256,417.078750,1100.000000,368.000000
NaN,NaN,1119.387544,417.078750,1100.000000,368.000000
NaN,NaN,1119.387544,417.078750,1100.000000,367.990000
NaN,NaN,1119.249832,417.078750,1100.000000,368.010000
NaN,NaN,1119.249832,417.078750,1100.010000,367.990000
NaN,NaN,1119.249832,417.078750,1100.010000,368.010000
NaN,NaN,1119.249832,417.191248,1100.000000,368.020000
NaN,NaN,1119.249832,417.191248,1099.990000,368.000000
NaN,NaN,1119.112120,417.191248,1100.000000,368.000000
NaN,NaN,1119.112120,417.303746,1100.010000,367.980000
NaN,NaN,1119.112120,417.303746,1100.000000,367.980000
NaN,NaN,1119.112120,417.303746,1100.000000,368.000000
NaN,NaN,1119.112120,417.303746,1100.010000,368.000000
NaN,NaN,1119.112120,417.303746,1100.000000,368.010000
NaN,NaN,1119.112120,417.303746,1100.000000,368.010000
NaN,NaN,1119.112120,417.303746,1100.010000,368.010000
NaN,NaN,1119.112120,417.303746,1100.000000,368.010000
NaN,NaN,1119.112120,417.303746,1100.020000,368.020000
NaN,NaN,1119.112120,417.303746,1100.020000,368.020000
NaN,NaN,1119.112120,417.303746,1100.010000,367.990000
NaN,NaN,1119.112120,417.303746,1100.000000,368.000000
NaN,NaN,1119.112120,417.303746,1099.980000,368.010000
NaN,NaN,1119.112120,417.303746,1099.990000,368.020000
NaN,NaN,1119.112120,417.303746,1099.990000,368.020000
NaN,NaN,1119.112120,417.303746,1100.000000,368.010000
NaN,NaN,1119.112120,417.303746,1099.990000,368.020000
NaN,NaN,1119.112120,417.303746,1099.980000,368.010000
NaN,NaN,1119.112120,417.303746,1099.980000,368.020000
NaN,NaN,1119.112120,417.303746,1099.990000,368.010000
NaN,NaN,1119.112120,417.303746,1100.000000,368.020000
NaN,NaN,1119.112120,417.303746,1099.990000,368.020000
NaN,NaN,1119.112120,417.303746,1099.970000,368.020000
NaN,NaN,1119.112120,417.303746,1099.970000,368.010000
NaN,NaN,1119.112120,417.303746,1099.980000,368.000000
NaN,NaN,1119.249832,417.303746,1099.990000,367.990000
NaN,NaN,1119.249832,417.303746,1099.990000,368.010000
1117.012248,418.397661,1119.249832,417.303746,1099.980000,368.010000
1117.012248,417.317920,1119.249832,417.303746,1099.980000,368.010000
1116.160618,414.618566,1119.249832,417.303746,1099.990000,368.000000
1115.592865,412.459082,1119.249832,417.303746,1099.990000,368.010000
1115.025111,411.109405,1119.249832,417.191248,1099.990000,368.000000
1114.173481,409.219857,1119.387544,417.191248,1099.990000,368.010000
1113.037974,407.330309,1119.387544,417.191248,1099.990000,368.000000
1112.186344,405.170826,1119.387544,417.191248,1100.010000,368.020000
1111.334714,400.042053,1119.387544,417.191248,1100.010000,368.000000
1109.631454,396.262957,1119.387544,417.191248,1100.050000,368.010000
1108.212071,391.943991,1119.387544,417.191248,1100.050000,368.040000
1106.224934,387.625024,1119.387544,417.191248,1099.980000,367.990000
1104.521674,383.575993,1119.387544,417.191248,1099.920000,367.970000
1103.386167,379.796897,1119.387544,417.191248,1099.840000,368.010000
1102.818414,376.287737,1119.387544,417.191248,1099.860000,368.110000
1102.250660,374.668124,1119.387544,417.191248,1099.930000,368.140000
1101.966783,373.318447,1119.387544,417.191248,1099.970000,368.210000
1101.682907,371.698834,1119.387544,417.191248,1100.010000,368.240000
1101.399030,371.428899,1119.387544,417.191248,1099.990000,368.190000
1101.399030,371.158964,1119.387544,417.191248,1099.970000,368.170000
1101.399030,370.619093,1119.387544,417.191248,1099.930000,368.080000
1101.399030,370.619093,1119.387544,417.191248,1099.960000,368.030000
1101.399030,370.619093,1119.387544,417.191248,1099.980000,368.070000
1101.399030,371.428899,1119.387544,417.191248,1099.980000,368.160000
1101.399030,372.778576,1119.387544,417.191248,1100.030000,368.220000
1101.399030,372.778576,1119.387544,417.191248,1100.060000,368.200000
1101.399030,373.318447,1119.249832,417.191248,1100.020000,368.120000
1101.966783,374.128253,1119.249832,417.191248,1100.070000,368.100000
1102.534537,374.938059,1119.112120,417.303746,1100.050000,368.060000
1102.534537,375.477930,1118.974408,417.416244,1100.000000,368.090000
1103.102290,376.827607,1118.974408,417.416244,1099.950000,368.050000
1103.386167,378.447220,1118.974408,417.416244,1099.890000,367.960000
1103.670044,379.526962,1118.974408,417.416244,1099.870000,367.850000
1103.953920,380.606703,1118.974408,417.416244,1099.850000,367.730000
1104.237797,381.416509,1118.974408,417.416244,1099.870000,367.680000
1104.521674,382.496251,1118.974408,417.416244,1099.860000,367.600000
1104.805550,383.036122,1118.974408,417.416244,1099.850000,367.640000
1105.089427,383.845928,1118.974408,417.416244,1099.890000,367.640000
1105.089427,384.115864,1118.974408,417.416244,1099.900000,367.670000
1105.657180,384.115864,1118.836695,417.528742,1099.890000,367.680000
1105.657180,384.115864,1118.836695,417.528742,1099.910000,367.640000
1105.657180,384.115864,1118.698983,417.641241,1099.900000,367.640000
1105.657180,384.115864,1118.698983,417.641241,1099.900000,367.650000
1105.657180,384.115864,1118.698983,417.641241,1099.890000,367.680000
1105.657180,384.115864,1118.698983,417.641241,1099.870000,367.680000
1105.657180,383.845928,1118.561271,417.641241,1099.870000,367.720000
1105.657180,383.845928,1118.561271,417.641241,1099.890000,367.710000
1105.657180,383.845928,1118.561271,417.641241,1099.870000,367.760000
1105.657180,383.845928,1118.561271,417.641241,1099.880000,367.790000
1105.657180,383.845928,1118.561271,417.641241,1099.910000,367.790000
1105.657180,383.845928,1118.561271,417.641241,1099.890000,367.840000
1105.657180,383.845928,1118.561271,417.641241,1099.880000,367.870000
1105.657180,383.845928,1118.561271,417.641241,1099.860000,367.860000
1105.657180,383.845928,1118.561271,417.641241,1099.890000,367.890000
1105.657180,383.845928,1118.561271,417.641241,1099.900000,367.880000
1105.657180,383.845928,1118.561271,417.641241,1099.910000,367.910000
1105.657180,383.845928,1118.561271,417.641241,1099.910000,367.930000
1105.657180,385.195605,1118.561271,417.641241,1099.930000,367.920000
1105.657180,385.195605,1118.561271,417.641241,1099.920000,367.920000
1105.657180,385.195605,1118.561271,417.641241,1099.920000,367.940000
1105.657180,386.005412,1118.561271,417.641241,1099.930000,367.940000
1105.941057,387.085153,1118.561271,417.641241,1099.950000,367.940000
1106.224934,387.355089,1118.561271,417.641241,1099.960000,367.950000
1106.224934,388.974701,1118.561271,417.641241,1099.970000,367.960000
1106.792687,390.054443,1118.561271,417.641241,1099.980000,367.970000
1107.076564,390.054443,1118.561271,417.641241,1099.970000,368.010000
1107.928194,391.404120,1118.561271,417.641241,1099.970000,368.040000
1107.928194,391.674055,1118.561271,417.641241,1100.000000,368.020000
1107.928194,392.753797,1118.561271,417.641241,1099.990000,368.000000
1108.212071,393.023732,1118.561271,417.641241,1099.990000,368.030000
1108.212071,393.563603,1118.561271,417.641241,1100.010000,368.030000
1108.212071,393.833539,1118.561271,417.641241,1100.010000,368.040000
1108.212071,394.373409,1118.561271,417.641241,1100.020000,368.070000
1108.212071,394.643345,1118.561271,417.641241,1100.020000,368.070000
1108.495947,394.913280,1118.561271,417.641241,1100.020000,368.060000
1109.063701,395.723086,1118.561271,417.753739,1100.040000,368.060000
1110.199207,397.072764,1118.561271,417.753739,1100.020000,368.060000
1110.483084,397.342699,1118.423559,417.866237,1100.020000,368.040000
1110.766961,397.882570,1118.423559,417.866237,1100.020000,368.060000
1110.766961,397.882570,1118.423559,417.866237,1100.030000,368.050000
1110.766961,398.152505,1118.285847,417.866237,1100.020000,368.050000
1110.766961,398.152505,1118.285847,417.866237,1100.020000,368.050000
1111.050838,398.962311,1118.285847,417.866237,1100.040000,368.050000
1111.050838,398.962311,1118.010423,417.978735,1100.020000,368.050000
1111.618591,399.502182,1118.010423,417.978735,1100.010000,368.060000
1111.618591,399.502182,1118.010423,417.978735,1100.010000,368.020000
1111.618591,399.502182,1118.010423,417.978735,1100.000000,368.030000
1111.618591,400.311989,1118.010423,417.978735,1100.010000,368.030000
1111.902468,401.391730,1118.010423,417.978735,1100.000000,368.040000
1112.186344,402.741407,1118.010423,418.091233,1100.000000,368.030000
1112.186344,403.281278,1118.010423,418.091233,1099.990000,368.020000
1112.186344,403.551214,1118.010423,418.091233,1099.990000,368.030000
1112.186344,404.630955,1118.010423,418.091233,1099.990000,368.020000
1112.186344,405.440761,1117.872710,418.091233,1099.990000,368.010000
1112.186344,405.980632,1117.872710,418.091233,1099.970000,368.010000
1112.470221,407.330309,1117.872710,418.091233,1099.960000,368.000000
1112.470221,407.330309,1117.734998,418.091233,1099.970000,368.010000
1112.470221,407.600245,1117.734998,418.091233,1099.960000,368.020000
1112.470221,407.600245,1117.734998,418.091233,1099.960000,368.010000
1112.470221,408.140116,1117.734998,418.091233,1099.980000,368.000000
1112.470221,408.410051,1117.597286,418.091233,1099.960000,367.990000
1112.754098,408.949922,1117.459574,418.203731,1099.960000,367.990000
1113.037974,410.029664,1117.459574,418.203731,1099.970000,368.000000
1113.605728,410.839470,1117.459574,418.203731,1099.950000,367.990000
1113.605728,411.379341,1117.184150,418.316229,1099.940000,367.980000
1113.605728,411.379341,1117.184150,418.316229,1099.950000,367.990000
1113.605728,412.189147,1117.184150,418.316229,1099.930000,367.970000
1113.605728,412.998953,1117.184150,418.316229,1099.940000,367.960000
1113.605728,414.618566,1117.184150,418.316229,1099.940000,367.970000
1113.605728,414.618566,1117.184150,418.316229,1099.950000,367.970000
1113.605728,415.428372,1117.184150,418.316229,1099.960000,367.960000
1113.605728,415.428372,1117.184150,418.316229,1099.960000,367.960000
1113.889604,415.428372,1117.184150,418.316229,1099.950000,367.970000
1114.173481,415.968243,1117.184150,418.316229,1099.940000,367.930000
1114.173481,415.968243,1117.184150,418.316229,1099.950000,367.950000
1114.173481,415.968243,1117.184150,418.316229,1099.960000,367.950000
1114.173481,415.968243,1117.046438,418.428727,1099.940000,367.940000
1114.173481,415.968243,1117.046438,418.428727,1099.950000,367.930000
1114.173481,415.968243,1117.046438,418.428727,1099.950000,367.920000
1114.173481,415.968243,1117.046438,418.428727,1099.950000,367.940000
1114.173481,415.968243,1117.046438,418.428727,1099.940000,367.910000
1114.173481,415.968243,1117.046438,418.428727,1099.960000,367.920000
1114.173481,415.968243,1117.046438,418.428727,1099.950000,367.930000
1114.173481,415.968243,1117.046438,418.428727,1099.950000,367.910000
1114.173481,415.968243,1117.046438,418.428727,1099.970000,367.890000
1114.173481,415.968243,1117.046438,418.428727,1099.960000,367.890000
1114.173481,415.968243,1116.908725,418.428727,1099.960000,367.870000
1114.173481,415.968243,1116.908725,418.541226,1099.940000,367.900000
1114.173481,415.968243,1116.908725,418.541226,1099.940000,367.890000
1114.173481,415.968243,1116.908725,418.541226,1099.950000,367.870000
1114.173481,416.238178,1116.771013,418.766222,1099.930000,367.890000
1114.173481,417.047984,1116.771013,418.878720,1099.950000,367.880000
1114.457358,417.587855,1116.771013,418.878720,1099.950000,367.870000
1114.457358,418.397661,1116.771013,418.878720,1099.950000,367.870000
1114.741235,418.937532,1116.633301,418.878720,1099.950000,367.870000
1115.025111,419.747339,1116.633301,418.878720,1099.950000,367.870000
1115.025111,419.747339,1116.633301,418.878720,1099.970000,367.870000
1115.025111,419.747339,1116.633301,418.878720,1099.950000,367.840000
1115.592865,420.287209,1116.633301,418.878720,1099.960000,367.850000
1115.592865,420.827080,1116.633301,418.878720,1099.950000,367.840000
1115.592865,421.366951,1116.633301,418.878720,1099.950000,367.830000
1116.444495,421.906822,1116.633301,418.878720,1099.950000,367.830000
1116.444495,421.906822,1116.495589,418.991218,1099.960000,367.780000
1116.444495,422.176757,1116.495589,418.991218,1099.960000,367.780000
1116.728371,422.716628,1116.495589,418.991218,1099.950000,367.760000
1116.728371,423.526434,1116.495589,418.991218,1099.940000,367.760000
1117.012248,423.796370,1116.495589,418.991218,1099.940000,367.770000
1117.012248,423.796370,1116.495589,418.991218,1099.930000,367.770000
1117.012248,423.796370,1116.495589,418.991218,1099.920000,367.750000
1117.012248,423.796370,1116.495589,418.991218,1099.930000,367.760000
1117.012248,423.796370,1116.495589,418.991218,1099.930000,367.760000
1117.012248,423.796370,1116.495589,418.991218,1099.920000,367.760000
1117.012248,423.796370,1116.495589,418.991218,1099.930000,367.770000
1117.012248,423.796370,1116.495589,418.991218,1099.930000,367.740000
1117.012248,423.796370,1116.495589,418.991218,1099.920000,367.760000
1117.012248,423.796370,1116.495589,419.103716,1099.920000,367.750000
1117.012248,423.796370,1116.495589,419.103716,1099.930000,367.750000
1117.863878,423.796370,1116.357877,419.103716,1099.930000,367.710000
1119.283262,423.796370,1116.357877,419.103716,1099.930000,367.700000
1118.431632,423.796370,1116.357877,419.103716,1099.920000,367.720000
1117.863878,423.796370,1116.357877,419.103716,1099.910000,367.710000
1117.296125,423.796370,1116.357877,419.103716,1099.910000,367.700000
1117.296125,423.796370,1116.357877,419.103716,1099.890000,367.700000
1117.296125,423.796370,1116.357877,419.103716,1099.900000,367.690000
1117.296125,423.796370,1116.357877,419.103716,1099.900000,367.700000
1117.296125,423.796370,1116.357877,419.103716,1099.890000,367.680000
NaN,NaN,1116.357877,419.103716,1099.880000,367.660000
NaN,NaN,1116.357877,419.103716,1099.870000,367.650000
NaN,NaN,1116.357877,419.103716,1099.860000,367.630000
NaN,NaN,1116.357877,419.103716,1099.860000,367.620000
NaN,NaN,1116.357877,419.103716,1099.860000,367.630000
NaN,NaN,1116.357877,419.103716,1099.840000,367.610000
NaN,NaN,1116.357877,419.103716,1099.800000,367.570000
NaN,NaN,1116.357877,419.103716,1099.790000,367.580000
NaN,NaN,1116.357877,419.103716,1099.800000,367.550000
NaN,NaN,1116.357877,419.103716,1099.810000,367.560000
NaN,NaN,1116.357877,419.103716,1099.810000,367.560000
NaN,NaN,1116.357877,419.103716,1099.770000,367.580000
NaN,NaN,1116.357877,419.103716,1099.730000,367.550000
NaN,NaN,1116.357877,419.103716,1099.740000,367.550000
NaN,NaN,1116.357877,419.103716,1099.730000,367.510000
NaN,NaN,1116.357877,419.103716,1099.730000,367.330000
NaN,NaN,1116.357877,419.103716,1099.720000,367.300000
NaN,NaN,1116.357877,419.103716,1099.720000,367.280000
NaN,NaN,1116.357877,419.103716,1099.690000,367.280000
NaN,NaN,1116.357877,419.103716,1099.680000,367.260000
NaN,NaN,1116.357877,419.103716,1099.660000,367.230000
NaN,NaN,1116.357877,419.103716,1099.680000,367.170000
NaN,NaN,1116.357877,419.103716,1099.660000,367.170000
NaN,NaN,1116.357877,419.103716,1099.610000,367.140000
NaN,NaN,1116.357877,419.103716,1099.600000,367.100000
NaN,NaN,1116.357877,419.103716,1099.590000,367.090000
NaN,NaN,1116.357877,419.103716,1099.560000,367.050000
NaN,NaN,1116.357877,419.103716,1099.530000,367.020000
NaN,NaN,1116.357877,419.103716,1099.510000,367.010000
NaN,NaN,1116.357877,419.103716,1099.160000,367.030000
NaN,NaN,1116.357877,419.103716,1099.120000,366.980000
NaN,NaN,1116.357877,419.103716,1099.120000,366.950000
NaN,NaN,NaN,NaN,1099.110000,366.930000
NaN,NaN,NaN,NaN,1099.090000,366.880000
NaN,NaN,NaN,NaN,1099.080000,366.870000
NaN,NaN,NaN,NaN,1099.080000,366.800000
NaN,NaN,NaN,NaN,1099.070000,366.740000
NaN,NaN,NaN,NaN,1099.070000,366.720000
NaN,NaN,NaN,NaN,1099.050000,366.650000
NaN,NaN,NaN,NaN,1099.030000,366.600000
NaN,NaN,NaN,NaN,1099.030000,366.570000
NaN,NaN,NaN,NaN,1099.000000,366.540000
NaN,NaN,NaN,NaN,1098.990000,366.520000
NaN,NaN,NaN,NaN,1099.020000,366.240000
NaN,NaN,NaN,NaN,1098.980000,366.160000
NaN,NaN,NaN,NaN,1098.970000,366.140000
NaN,NaN,NaN,NaN,1098.950000,366.080000
NaN,NaN,NaN,NaN,1098.940000,366.030000
NaN,NaN,NaN,NaN,1098.930000,366.010000
NaN,NaN,NaN,NaN,1098.910000,365.960000
NaN,NaN,NaN,NaN,1098.900000,365.930000
NaN,NaN,NaN,NaN,1098.840000,365.830000
NaN,NaN,NaN,NaN,1098.850000,365.820000
NaN,NaN,NaN,NaN,1098.850000,365.770000
NaN,NaN,NaN,NaN,1098.800000,365.690000
NaN,NaN,NaN,NaN,1098.790000,365.670000
NaN,NaN,NaN,NaN,1098.790000,365.580000
NaN,NaN,NaN,NaN,1098.770000,365.570000
NaN,NaN,NaN,NaN,1098.750000,365.530000
NaN,NaN,NaN,NaN,1098.780000,365.210000
NaN,NaN,NaN,NaN,1098.760000,365.170000
NaN,NaN,NaN,NaN,1098.730000,365.110000
NaN,NaN,NaN,NaN,1098.730000,365.080000
NaN,NaN,NaN,NaN,1098.720000,365.040000
NaN,NaN,NaN,NaN,1098.670000,364.990000
NaN,NaN,NaN,NaN,1098.650000,364.940000
NaN,NaN,NaN,NaN,1098.630000,364.900000
NaN,NaN,NaN,NaN,1098.610000,364.860000
NaN,NaN,NaN,NaN,1098.590000,364.850000
NaN,NaN,NaN,NaN,1098.610000,364.800000
NaN,NaN,NaN,NaN,1098.570000,364.790000
NaN,NaN,NaN,NaN,1098.480000,364.720000
NaN,NaN,NaN,NaN,1098.130000,364.700000
NaN,NaN,NaN,NaN,1098.100000,364.670000
NaN,NaN,NaN,NaN,1098.090000,364.650000
NaN,NaN,NaN,NaN,1098.070000,364.590000
NaN,NaN,NaN,NaN,1098.040000,364.550000
NaN,NaN,NaN,NaN,1098.000000,364.510000
NaN,NaN,NaN,NaN,1098.030000,364.190000
NaN,NaN,NaN,NaN,1098.020000,364.130000
NaN,NaN,NaN,NaN,1098.010000,364.080000
NaN,NaN,NaN,NaN,1098.000000,364.000000
NaN,NaN,NaN,NaN,1098.000000,363.990000
NaN,NaN,NaN,NaN,1097.980000,363.920000
NaN,NaN,NaN,NaN,1097.970000,363.890000
NaN,NaN,NaN,NaN,1097.940000,363.840000
NaN,NaN,NaN,NaN,1097.940000,363.790000
NaN,NaN,NaN,NaN,1097.910000,363.780000
NaN,NaN,NaN,NaN,1097.890000,363.740000
NaN,NaN,NaN,NaN,1097.870000,363.650000
NaN,NaN,NaN,NaN,1097.860000,363.590000
NaN,NaN,NaN,NaN,1097.870000,363.540000
NaN,NaN,NaN,NaN,1097.880000,363.230000
NaN,NaN,NaN,NaN,1097.870000,363.120000
NaN,NaN,NaN,NaN,1097.840000,363.120000
NaN,NaN,NaN,NaN,1097.830000,363.060000
NaN,NaN,NaN,NaN,1097.810000,362.940000
NaN,NaN,NaN,NaN,1097.800000,362.930000
NaN,NaN,NaN,NaN,1097.780000,362.910000
NaN,NaN,NaN,NaN,1097.790000,362.860000
NaN,NaN,NaN,NaN,1097.760000,362.770000
NaN,NaN,NaN,NaN,1097.740000,362.690000
NaN,NaN,NaN,NaN,1097.720000,362.620000
NaN,NaN,NaN,NaN,1097.670000,362.590000
NaN,NaN,NaN,NaN,1097.660000,362.490000
NaN,NaN,NaN,NaN,1097.700000,362.190000
NaN,NaN,NaN,NaN,1097.700000,362.150000
NaN,NaN,NaN,NaN,1097.710000,362.100000
NaN,NaN,NaN,NaN,1097.630000,362.100000
NaN,NaN,NaN,NaN,1097.620000,362.000000
NaN,NaN,NaN,NaN,1097.640000,361.940000
NaN,NaN,NaN,NaN,1097.660000,361.920000
NaN,NaN,NaN,NaN,1097.620000,361.880000
NaN,NaN,NaN,NaN,1097.610000,361.830000
NaN,NaN,NaN,NaN,1097.630000,361.800000
NaN,NaN,NaN,NaN,1097.570000,361.750000
NaN,NaN,NaN,NaN,1097.570000,361.720000
NaN,NaN,NaN,NaN,1097.590000,361.700000
NaN,NaN,NaN,NaN,1097.530000,361.660000
NaN,NaN,NaN,NaN,1097.070000,361.630000
NaN,NaN,NaN,NaN,1096.990000,361.560000
NaN,NaN,NaN,NaN,1097.050000,361.300000
NaN,NaN,NaN,NaN,1096.980000,361.240000
NaN,NaN,NaN,NaN,1096.990000,361.230000
NaN,NaN,NaN,NaN,1096.960000,361.200000
NaN,NaN,NaN,NaN,1096.960000,361.160000
NaN,NaN,NaN,NaN,1096.920000,361.160000
NaN,NaN,NaN,NaN,1096.910000,361.100000
NaN,NaN,NaN,NaN,1096.900000,361.060000
NaN,NaN,NaN,NaN,1096.890000,361.010000
NaN,NaN,NaN,NaN,1096.860000,360.970000
NaN,NaN,NaN,NaN,1096.840000,360.950000
NaN,NaN,NaN,NaN,1096.800000,360.920000
NaN,NaN,NaN,NaN,1096.770000,360.900000
NaN,NaN,NaN,NaN,1096.760000,360.860000
NaN,NaN,NaN,NaN,1096.750000,360.830000
NaN,NaN,NaN,NaN,1096.740000,360.800000
NaN,NaN,NaN,NaN,1096.730000,360.780000
NaN,NaN,NaN,NaN,1096.720000,360.740000
NaN,NaN,NaN,NaN,1096.710000,360.690000
NaN,NaN,NaN,NaN,1096.680000,360.700000
NaN,NaN,NaN,NaN,1096.700000,360.520000
NaN,NaN,NaN,NaN,1096.730000,360.320000
NaN,NaN,NaN,NaN,1096.690000,360.320000
NaN,NaN,NaN,NaN,1096.680000,360.330000
NaN,NaN,NaN,NaN,1096.670000,360.320000
NaN,NaN,NaN,NaN,1096.670000,360.280000
NaN,NaN,NaN,NaN,1096.680000,360.230000
NaN,NaN,NaN,NaN,1096.660000,360.210000
NaN,NaN,NaN,NaN,1096.690000,360.200000
NaN,NaN,NaN,NaN,1096.690000,360.210000
NaN,NaN,NaN,NaN,1096.710000,360.190000
NaN,NaN,NaN,NaN,1096.710000,360.180000
NaN,NaN,NaN,NaN,1096.710000,360.200000
NaN,NaN,NaN,NaN,1096.690000,360.190000
NaN,NaN,NaN,NaN,1096.680000,360.180000
NaN,NaN,NaN,NaN,1096.690000,360.190000
NaN,NaN,NaN,NaN,1096.700000,360.190000
NaN,NaN,NaN,NaN,1096.700000,360.200000
NaN,NaN,NaN,NaN,1096.680000,360.180000
NaN,NaN,NaN,NaN,1096.680000,360.180000
NaN,NaN,NaN,NaN,1096.690000,360.170000
NaN,NaN,NaN,NaN,1096.680000,360.170000
NaN,NaN,NaN,NaN,1096.670000,360.150000
NaN,NaN,NaN,NaN,1096.680000,360.170000
NaN,NaN,NaN,NaN,1096.680000,360.160000
NaN,NaN,NaN,NaN,1096.680000,360.140000
NaN,NaN,NaN,NaN,1096.690000,360.150000
NaN,NaN,NaN,NaN,1096.660000,360.120000
NaN,NaN,NaN,NaN,1096.680000,360.120000
NaN,NaN,NaN,NaN,1096.670000,360.090000
NaN,NaN,NaN,NaN,1096.640000,360.070000
NaN,NaN,NaN,NaN,1096.610000,360.050000
NaN,NaN,NaN,NaN,1096.600000,360.050000
NaN,NaN,NaN,NaN,1096.600000,360.030000
NaN,NaN,NaN,NaN,1096.530000,359.930000
NaN,NaN,NaN,NaN,1096.020000,360.000000
NaN,NaN,NaN,NaN,1096.010000,359.980000
NaN,NaN,NaN,NaN,1095.990000,359.930000
NaN,NaN,NaN,NaN,1095.990000,359.900000
NaN,NaN,NaN,NaN,1095.940000,359.880000
NaN,NaN,NaN,NaN,1095.950000,359.860000
NaN,NaN,NaN,NaN,1095.950000,359.790000
NaN,NaN,NaN,NaN,1095.940000,359.800000
NaN,NaN,NaN,NaN,1095.900000,359.790000
NaN,NaN,NaN,NaN,1095.880000,359.760000
NaN,NaN,NaN,NaN,1095.860000,359.720000
NaN,NaN,NaN,NaN,1095.860000,359.690000
NaN,NaN,NaN,NaN,1095.860000,359.620000
NaN,NaN,NaN,NaN,1095.850000,359.570000
NaN,NaN,NaN,NaN,1095.870000,359.600000
NaN,NaN,NaN,NaN,1095.840000,359.600000
NaN,NaN,NaN,NaN,1095.850000,359.560000
NaN,NaN,NaN,NaN,1095.820000,359.540000
NaN,NaN,NaN,NaN,1095.810000,359.510000
NaN,NaN,NaN,NaN,1095.780000,359.360000
NaN,NaN,NaN,NaN,1095.790000,359.340000
NaN,NaN,NaN,NaN,1095.780000,359.310000
NaN,NaN,NaN,NaN,1095.790000,359.290000
NaN,NaN,NaN,NaN,1095.770000,359.260000
NaN,NaN,NaN,NaN,1095.780000,359.240000
NaN,NaN,NaN,NaN,1095.750000,359.230000
NaN,NaN,NaN,NaN,1095.740000,359.150000
NaN,NaN,NaN,NaN,1095.720000,359.140000
NaN,NaN,NaN,NaN,1095.710000,359.140000
NaN,NaN,NaN,NaN,1095.700000,359.110000
NaN,NaN,NaN,NaN,1095.670000,359.110000
NaN,NaN,NaN,NaN,1095.680000,359.080000
NaN,NaN,NaN,NaN,1095.680000,359.070000
NaN,NaN,NaN,NaN,1095.690000,359.020000
NaN,NaN,NaN,NaN,1095.690000,358.990000
NaN,NaN,NaN,NaN,1095.630000,358.990000
NaN,NaN,NaN,NaN,1095.650000,358.990000
NaN,NaN,NaN,NaN,1095.630000,358.960000
NaN,NaN,NaN,NaN,1095.580000,358.950000
NaN,NaN,NaN,NaN,1095.580000,358.940000
NaN,NaN,NaN,NaN,1095.640000,358.850000
NaN,NaN,NaN,NaN,1095.660000,358.850000
NaN,NaN,NaN,NaN,1095.630000,358.840000
NaN,NaN,NaN,NaN,1095.590000,358.840000
NaN,NaN,NaN,NaN,1095.580000,358.760000
NaN,NaN,NaN,NaN,1095.580000,358.720000
NaN,NaN,NaN,NaN,1095.550000,358.720000
NaN,NaN,NaN,NaN,1095.500000,358.630000
NaN,NaN,NaN,NaN,1094.950000,358.720000
NaN,NaN,NaN,NaN,1094.930000,358.720000
NaN,NaN,NaN,NaN,1094.910000,358.660000
NaN,NaN,NaN,NaN,1094.890000,358.590000
NaN,NaN,NaN,NaN,1094.910000,358.540000
NaN,NaN,NaN,NaN,1094.900000,358.270000
NaN,NaN,NaN,NaN,1094.850000,358.260000
NaN,NaN,NaN,NaN,1094.880000,358.210000
NaN,NaN,NaN,NaN,1094.850000,358.200000
NaN,NaN,NaN,NaN,1094.800000,358.110000
NaN,NaN,NaN,NaN,1094.770000,358.060000
NaN,NaN,NaN,NaN,1094.730000,358.010000
NaN,NaN,NaN,NaN,1094.720000,357.970000
NaN,NaN,NaN,NaN,1094.730000,357.910000
NaN,NaN,NaN,NaN,1094.660000,357.920000
NaN,NaN,NaN,NaN,1094.590000,357.900000
NaN,NaN,NaN,NaN,1094.600000,357.860000
NaN,NaN,NaN,NaN,1094.620000,357.750000
NaN,NaN,NaN,NaN,1094.570000,357.710000
NaN,NaN,NaN,NaN,1094.560000,357.600000
NaN,NaN,NaN,NaN,1094.480000,357.590000
NaN,NaN,NaN,NaN,1093.940000,357.720000
NaN,NaN,NaN,NaN,1093.890000,357.650000
NaN,NaN,NaN,NaN,1093.920000,357.610000
NaN,NaN,NaN,NaN,1093.900000,357.570000
NaN,NaN,NaN,NaN,1093.920000,357.440000
NaN,NaN,NaN,NaN,1093.920000,357.120000
NaN,NaN,NaN,NaN,1093.910000,357.100000
NaN,NaN,NaN,NaN,1093.840000,357.050000
NaN,NaN,NaN,NaN,1093.800000,356.990000
NaN,NaN,NaN,NaN,1093.790000,356.960000
NaN,NaN,NaN,NaN,1093.820000,356.920000
NaN,NaN,NaN,NaN,1093.810000,356.900000
NaN,NaN,NaN,NaN,1093.790000,356.870000
NaN,NaN,NaN,NaN,1093.730000,356.820000
NaN,NaN,NaN,NaN,1093.730000,356.790000
NaN,NaN,NaN,NaN,1093.730000,356.750000
NaN,NaN,NaN,NaN,1093.690000,356.720000
NaN,NaN,NaN,NaN,1093.680000,356.700000
NaN,NaN,NaN,NaN,1093.650000,356.640000
NaN,NaN,NaN,NaN,1093.660000,356.600000
NaN,NaN,NaN,NaN,1093.640000,356.590000
NaN,NaN,NaN,NaN,1093.640000,356.540000
NaN,NaN,NaN,NaN,1093.660000,356.230000
NaN,NaN,NaN,NaN,1093.640000,356.200000
NaN,NaN,NaN,NaN,1093.570000,356.190000
NaN,NaN,NaN,NaN,1093.610000,356.150000
NaN,NaN,NaN,NaN,1093.600000,356.130000
NaN,NaN,NaN,NaN,1093.620000,356.150000
NaN,NaN,NaN,NaN,1093.600000,356.100000
NaN,NaN,NaN,NaN,1093.610000,356.050000
NaN,NaN,NaN,NaN,1093.600000,356.050000
NaN,NaN,NaN,NaN,1093.570000,356.080000
NaN,NaN,NaN,NaN,1093.580000,356.020000
NaN,NaN,NaN,NaN,1093.580000,356.050000
NaN,NaN,NaN,NaN,1093.620000,356.050000
NaN,NaN,NaN,NaN,1093.540000,356.010000
NaN,NaN,NaN,NaN,1093.080000,356.090000
NaN,NaN,NaN,NaN,1093.040000,356.070000
NaN,NaN,NaN,NaN,1093.050000,356.020000
NaN,NaN,NaN,NaN,1093.060000,356.060000
NaN,NaN,NaN,NaN,1093.070000,356.050000
NaN,NaN,NaN,NaN,1093.110000,356.010000
NaN,NaN,NaN,NaN,1093.100000,355.980000
NaN,NaN,NaN,NaN,1093.060000,355.960000
NaN,NaN,NaN,NaN,1093.050000,355.970000
NaN,NaN,NaN,NaN,1093.060000,355.950000
NaN,NaN,NaN,NaN,1093.050000,355.900000
NaN,NaN,NaN,NaN,1093.050000,355.900000
NaN,NaN,NaN,NaN,1093.010000,355.860000
NaN,NaN,NaN,NaN,1092.990000,355.850000
NaN,NaN,NaN,NaN,1093.020000,355.890000
NaN,NaN,NaN,NaN,1093.000000,355.830000
NaN,NaN,NaN,NaN,1093.010000,355.830000
NaN,NaN,NaN,NaN,1092.980000,355.850000
NaN,NaN,NaN,NaN,1092.960000,355.820000
NaN,NaN,NaN,NaN,1092.970000,355.840000
NaN,NaN,NaN,NaN,1092.950000,355.810000
NaN,NaN,NaN,NaN,1092.950000,355.820000
NaN,NaN,NaN,NaN,1092.960000,355.790000
NaN,NaN,NaN,NaN,1092.950000,355.780000
NaN,NaN,NaN,NaN,1092.920000,355.800000
NaN,NaN,NaN,NaN,1092.950000,355.760000
NaN,NaN,NaN,NaN,1092.930000,355.730000
NaN,NaN,NaN,NaN,1092.900000,355.730000
NaN,NaN,NaN,NaN,1092.880000,355.690000
NaN,NaN,NaN,NaN,1092.860000,355.680000
NaN,NaN,NaN,NaN,1092.830000,355.660000
NaN,NaN,NaN,NaN,1092.860000,355.640000
NaN,NaN,NaN,NaN,1092.850000,355.660000
NaN,NaN,NaN,NaN,1092.810000,355.550000
NaN,NaN,NaN,NaN,1092.850000,355.170000
NaN,NaN,NaN,NaN,1092.800000,355.140000
NaN,NaN,NaN,NaN,1092.750000,355.100000
NaN,NaN,NaN,NaN,1092.780000,355.140000
NaN,NaN,NaN,NaN,1092.720000,355.110000
NaN,NaN,NaN,NaN,1092.720000,355.100000
NaN,NaN,NaN,NaN,1092.700000,355.120000
NaN,NaN,NaN,NaN,1092.690000,355.120000
NaN,NaN,NaN,NaN,1092.670000,355.100000
NaN,NaN,NaN,NaN,1092.640000,355.080000
NaN,NaN,NaN,NaN,1092.620000,355.110000
NaN,NaN,NaN,NaN,1092.590000,355.080000
NaN,NaN,NaN,NaN,1092.530000,355.050000
NaN,NaN,NaN,NaN,1092.030000,355.100000
NaN,NaN,NaN,NaN,1091.990000,355.080000
NaN,NaN,NaN,NaN,1091.990000,355.080000
NaN,NaN,NaN,NaN,1091.960000,355.040000
NaN,NaN,NaN,NaN,1091.741830,354.979792
NaN,NaN,NaN,NaN,1092.000000,355.010000
NaN,NaN,NaN,NaN,1091.990000,355.000000
NaN,NaN,NaN,NaN,1091.980000,355.000000
NaN,NaN,NaN,NaN,1091.970000,354.970000
NaN,NaN,NaN,NaN,1091.960000,354.970000
NaN,NaN,NaN,NaN,1091.950000,354.950000
NaN,NaN,NaN,NaN,1091.930000,354.950000
NaN,NaN,NaN,NaN,1091.910000,354.930000
NaN,NaN,NaN,NaN,1091.900000,354.930000
NaN,NaN,NaN,NaN,1091.880000,354.930000
NaN,NaN,NaN,NaN,1091.880000,354.940000
NaN,NaN,NaN,NaN,1091.880000,354.920000
NaN,NaN,NaN,NaN,1091.860000,354.900000
NaN,NaN,NaN,NaN,1091.860000,354.890000
NaN,NaN,NaN,NaN,1091.850000,354.910000
NaN,NaN,NaN,NaN,1091.840000,354.900000
NaN,NaN,NaN,NaN,1091.840000,354.910000
NaN,NaN,NaN,NaN,1091.820000,354.890000
NaN,NaN,NaN,NaN,1091.770000,354.910000
NaN,NaN,NaN,NaN,1091.790000,354.890000
NaN,NaN,NaN,NaN,1091.740000,354.860000
NaN,NaN,NaN,NaN,1091.750000,354.870000
NaN,NaN,NaN,NaN,1091.740000,354.860000
NaN,NaN,NaN,NaN,1091.730000,354.860000
NaN,NaN,NaN,NaN,1091.750000,354.840000
NaN,NaN,NaN,NaN,1091.710000,354.840000
NaN,NaN,NaN,NaN,1091.700000,354.840000
NaN,NaN,NaN,NaN,1091.690000,354.820000
NaN,NaN,NaN,NaN,1091.670000,354.810000
NaN,NaN,NaN,NaN,1091.670000,354.820000
NaN,NaN,NaN,NaN,1091.660000,354.810000
NaN,NaN,NaN,NaN,1091.630000,354.780000
NaN,NaN,NaN,NaN,1091.640000,354.780000
NaN,NaN,NaN,NaN,1091.610000,354.720000
NaN,NaN,NaN,NaN,1091.620000,354.730000
NaN,NaN,NaN,NaN,1091.600000,354.770000
NaN,NaN,NaN,NaN,1091.610000,354.750000
NaN,NaN,NaN,NaN,1091.590000,354.720000
NaN,NaN,NaN,NaN,1091.560000,354.700000
NaN,NaN,NaN,NaN,1091.550000,354.680000
NaN,NaN,NaN,NaN,1091.530000,354.690000
NaN,NaN,NaN,NaN,1091.530000,354.700000
NaN,NaN,NaN,NaN,1091.490000,354.700000
NaN,NaN,NaN,NaN,1090.950000,354.790000
NaN,NaN,NaN,NaN,1090.930000,354.790000
NaN,NaN,NaN,NaN,1090.920000,354.780000
NaN,NaN,NaN,NaN,1090.910000,354.780000
NaN,NaN,NaN,NaN,1090.910000,354.750000
NaN,NaN,NaN,NaN,1090.900000,354.750000
NaN,NaN,NaN,NaN,1090.890000,354.740000
NaN,NaN,NaN,NaN,1090.870000,354.760000
NaN,NaN,NaN,NaN,1090.850000,354.740000
NaN,NaN,NaN,NaN,1090.830000,354.730000
NaN,NaN,NaN,NaN,1090.800000,354.730000
NaN,NaN,NaN,NaN,1090.820000,354.710000
NaN,NaN,NaN,NaN,1090.800000,354.710000
NaN,NaN,NaN,NaN,1090.810000,354.710000
NaN,NaN,NaN,NaN,1090.760000,354.680000
NaN,NaN,NaN,NaN,1090.770000,354.670000
NaN,NaN,NaN,NaN,1090.780000,354.660000
NaN,NaN,NaN,NaN,1090.770000,354.670000
NaN,NaN,NaN,NaN,1090.760000,354.680000
NaN,NaN,NaN,NaN,1090.760000,354.670000
NaN,NaN,NaN,NaN,1090.770000,354.690000
NaN,NaN,NaN,NaN,1090.760000,354.690000
NaN,NaN,NaN,NaN,1090.750000,354.680000
NaN,NaN,NaN,NaN,NaN,NaN
NaN,NaN,NaN,NaN,NaN,NaN
NaN,NaN,NaN,NaN,NaN,NaN
NaN,NaN,NaN,NaN,NaN,NaN
NaN,NaN,NaN,NaN,NaN,NaN
NaN,NaN,NaN,NaN,NaN,NaN
NaN,NaN,NaN,NaN,NaN,NaN
NaN,NaN,NaN,NaN,NaN,NaN
NaN,NaN,NaN,NaN,NaN,NaN
NaN,NaN,NaN,NaN,NaN,NaN
NaN,NaN,NaN,NaN,NaN,NaN
NaN,NaN,NaN,NaN,NaN,NaN
NaN,NaN,NaN,NaN,NaN,NaN
NaN,NaN,NaN,NaN,NaN,NaN
NaN,NaN,NaN,NaN,NaN,NaN
NaN,NaN,NaN,NaN,NaN,NaN
NaN,NaN,NaN,NaN,NaN,NaN
NaN,NaN,NaN,NaN,NaN,NaN
NaN,NaN,NaN,NaN,NaN,NaN
NaN,NaN,NaN,NaN,NaN,NaN
NaN,NaN,NaN,NaN,NaN,NaN
NaN,NaN,NaN,NaN,NaN,NaN
NaN,NaN,NaN,NaN,NaN,NaN
NaN,NaN,NaN,NaN,NaN,NaN
NaN,NaN,NaN,NaN,NaN,NaN
NaN,NaN,NaN,NaN,NaN,NaN
NaN,NaN,NaN,NaN,NaN,NaN
NaN,NaN,NaN,NaN,NaN,NaN
NaN,NaN,NaN,NaN,NaN,NaN
NaN,NaN,NaN,NaN,NaN,NaN
NaN,NaN,NaN,NaN,NaN,NaN
NaN,NaN,NaN,NaN,NaN,NaN
NaN,NaN,NaN,NaN,NaN,NaN
NaN,NaN,NaN,NaN,NaN,NaN
NaN,NaN,NaN,NaN,NaN,NaN
NaN,NaN,NaN,NaN,NaN,NaN
NaN,NaN,NaN,NaN,NaN,NaN
NaN,NaN,NaN,NaN,NaN,NaN
NaN,NaN,NaN,NaN,NaN,NaN
NaN,NaN,NaN,NaN,NaN,NaN
NaN,NaN,NaN,NaN,NaN,NaN
NaN,NaN,NaN,NaN,NaN,NaN
NaN,NaN,NaN,NaN,NaN,NaN
NaN,NaN,NaN,NaN,NaN,NaN
NaN,NaN,NaN,NaN,NaN,NaN
NaN,NaN,NaN,NaN,NaN,NaN
NaN,NaN,NaN,NaN,NaN,NaN
NaN,NaN,NaN,NaN,NaN,NaN
NaN,NaN,NaN,NaN,NaN,NaN
NaN,NaN,NaN,NaN,NaN,NaN
NaN,NaN,NaN,NaN,NaN,NaN
NaN,NaN,NaN,NaN,NaN,NaN
NaN,NaN,NaN,NaN,NaN,NaN
NaN,NaN,NaN,NaN,NaN,NaN
NaN,NaN,NaN,NaN,NaN,NaN
NaN,NaN,NaN,NaN,NaN,NaN
NaN,NaN,NaN,NaN,NaN,NaN
NaN,NaN,NaN,NaN,NaN,NaN
NaN,NaN,NaN,NaN,NaN,NaN
NaN,NaN,NaN,NaN,NaN,NaN
NaN,NaN,NaN,NaN,NaN,NaN
NaN,NaN,NaN,NaN,NaN,NaN
NaN,NaN,NaN,NaN,NaN,NaN
NaN,NaN,NaN,NaN,NaN,NaN
NaN,NaN,NaN,NaN,NaN,NaN
NaN,NaN,NaN,NaN,NaN,NaN
NaN,NaN,NaN,NaN,NaN,NaN
NaN,NaN,NaN,NaN,NaN,NaN
NaN,NaN,NaN,NaN,NaN,NaN
NaN,NaN,NaN,NaN,NaN,NaN
NaN,NaN,NaN,NaN,NaN,NaN
NaN,NaN,NaN,NaN,NaN,NaN
NaN,NaN,NaN,NaN,NaN,NaN
NaN,NaN,NaN,NaN,NaN,NaN
NaN,NaN,NaN,NaN,NaN,NaN
NaN,NaN,NaN,NaN,NaN,NaN
NaN,NaN,NaN,NaN,NaN,NaN
NaN,NaN,NaN,NaN,NaN,NaN
NaN,NaN,NaN,NaN,NaN,NaN
NaN,NaN,NaN,NaN,NaN,NaN
NaN,NaN,NaN,NaN,NaN,NaN
NaN,NaN,NaN,NaN,NaN,NaN
NaN,NaN,NaN,NaN,NaN,NaN
NaN,NaN,NaN,NaN,NaN,NaN
NaN,NaN,NaN,NaN,NaN,NaN
NaN,NaN,NaN,NaN,NaN,NaN
NaN,NaN,NaN,NaN,NaN,NaN
NaN,NaN,NaN,NaN,NaN,NaN
NaN,NaN,NaN,NaN,NaN,NaN
NaN,NaN,NaN,NaN,NaN,NaN
NaN,NaN,NaN,NaN,NaN,NaN
NaN,NaN,NaN,NaN,NaN,NaN
NaN,NaN,NaN,NaN,NaN,NaN
NaN,NaN,NaN,NaN,NaN,NaN
NaN,NaN,NaN,NaN,NaN,NaN
NaN,NaN,NaN,NaN,NaN,NaN
NaN,NaN,NaN,NaN,NaN,NaN
NaN,NaN,NaN,NaN,NaN,NaN
NaN,NaN,NaN,NaN,NaN,NaN
NaN,NaN,NaN,NaN,NaN,NaN
NaN,NaN,NaN,NaN,NaN,NaN
NaN,NaN,NaN,NaN,NaN,NaN
NaN,NaN,NaN,NaN,NaN,NaN
NaN,NaN,NaN,NaN,NaN,NaN
NaN,NaN,NaN,NaN,NaN,NaN
NaN,NaN,NaN,NaN,NaN,NaN
NaN,NaN,NaN,NaN,NaN,NaN
NaN,NaN,NaN,NaN,NaN,NaN
NaN,NaN,NaN,NaN,NaN,NaN
NaN,NaN,NaN,NaN,NaN,NaN
NaN,NaN,NaN,NaN,NaN,NaN
NaN,NaN,NaN,NaN,NaN,NaN
NaN,NaN,NaN,NaN,NaN,NaN
NaN,NaN,NaN,NaN,NaN,NaN
NaN,NaN,NaN,NaN,NaN,NaN
NaN,NaN,NaN,NaN,NaN,NaN
NaN,NaN,NaN,NaN,NaN,NaN
NaN,NaN,NaN,NaN,NaN,NaN
NaN,NaN,NaN,NaN,NaN,NaN
NaN,NaN,NaN,NaN,NaN,NaN
NaN,NaN,NaN,NaN,NaN,NaN
NaN,NaN,NaN,NaN,NaN,NaN
NaN,NaN,NaN,NaN,NaN,NaN
NaN,NaN,NaN,NaN,NaN,NaN
NaN,NaN,NaN,NaN,NaN,NaN
NaN,NaN,NaN,NaN,NaN,NaN
NaN,NaN,NaN,NaN,NaN,NaN
NaN,NaN,NaN,NaN,NaN,NaN
NaN,NaN,NaN,NaN,NaN,NaN
NaN,NaN,NaN,NaN,NaN,NaN
NaN,NaN,NaN,NaN,NaN,NaN
NaN,NaN,NaN,NaN,NaN,NaN
NaN,NaN,NaN,NaN,NaN,NaN
NaN,NaN,NaN,NaN,NaN,NaN
NaN,NaN,NaN,NaN,NaN,NaN
NaN,NaN,NaN,NaN,NaN,NaN
NaN,NaN,NaN,NaN,NaN,NaN
NaN,NaN,NaN,NaN,NaN,NaN
NaN,NaN,NaN,NaN,NaN,NaN
NaN,NaN,NaN,NaN,NaN,NaN
NaN,NaN,NaN,NaN,NaN,NaN
NaN,NaN,NaN,NaN,NaN,NaN
NaN,NaN,NaN,NaN,NaN,NaN
NaN,NaN,NaN,NaN,NaN,NaN
NaN,NaN,NaN,NaN,NaN,NaN
NaN,NaN,NaN,NaN,NaN,NaN
NaN,NaN,NaN,NaN,NaN,NaN
NaN,NaN,NaN,NaN,NaN,NaN
NaN,NaN,NaN,NaN,NaN,NaN
NaN,NaN,NaN,NaN,NaN,NaN
NaN,NaN,NaN,NaN,NaN,NaN
NaN,NaN,NaN,NaN,NaN,NaN
NaN,NaN,NaN,NaN,NaN,NaN
NaN,NaN,NaN,NaN,NaN,NaN
NaN,NaN,NaN,NaN,NaN,NaN
NaN,NaN,NaN,NaN,NaN,NaN
NaN,NaN,NaN,NaN,NaN,NaN
NaN,NaN,NaN,NaN,NaN,NaN
NaN,NaN,NaN,NaN,NaN,NaN
NaN,NaN,NaN,NaN,NaN,NaN
NaN,NaN,NaN,NaN,NaN,NaN
NaN,NaN,NaN,NaN,NaN,NaN
NaN,NaN,NaN,NaN,NaN,NaN
NaN,NaN,NaN,NaN,NaN,NaN
NaN,NaN,NaN,NaN,NaN,NaN
NaN,NaN,NaN,NaN,NaN,NaN
NaN,NaN,NaN,NaN,NaN,NaN
NaN,NaN,NaN,NaN,NaN,NaN
NaN,NaN,NaN,NaN,NaN,NaN
NaN,NaN,NaN,NaN,NaN,NaN
NaN,NaN,NaN,NaN,NaN,NaN
NaN,NaN,NaN,NaN,NaN,NaN
NaN,NaN,NaN,NaN,NaN,NaN
NaN,NaN,NaN,NaN,NaN,NaN
NaN,NaN,NaN,NaN,NaN,NaN
NaN,NaN,NaN,NaN,NaN,NaN
NaN,NaN,NaN,NaN,NaN,NaN
NaN,NaN,NaN,NaN,NaN,NaN
NaN,NaN,NaN,NaN,NaN,NaN
NaN,NaN,NaN,NaN,NaN,NaN
NaN,NaN,NaN,NaN,NaN,NaN
NaN,NaN,NaN,NaN,NaN,NaN
NaN,NaN,NaN,NaN,NaN,NaN
NaN,NaN,NaN,NaN,NaN,NaN
NaN,NaN,NaN,NaN,NaN,NaN
NaN,NaN,NaN,NaN,NaN,NaN
NaN,NaN,NaN,NaN,NaN,NaN
NaN,NaN,NaN,NaN,NaN,NaN
NaN,NaN,NaN,NaN,NaN,NaN
NaN,NaN,NaN,NaN,NaN,NaN
NaN,NaN,NaN,NaN,NaN,NaN
NaN,NaN,NaN,NaN,NaN,NaN
NaN,NaN,NaN,NaN,NaN,NaN
NaN,NaN,NaN,NaN,NaN,NaN
NaN,NaN,NaN,NaN,NaN,NaN
NaN,NaN,NaN,NaN,NaN,NaN
NaN,NaN,NaN,NaN,NaN,NaN
NaN,NaN,NaN,NaN,NaN,NaN
NaN,NaN,NaN,NaN,NaN,NaN
NaN,NaN,NaN,NaN,NaN,NaN
NaN,NaN,NaN,NaN,NaN,NaN
NaN,NaN,NaN,NaN,NaN,NaN
NaN,NaN,NaN,NaN,NaN,NaN
NaN,NaN,NaN,NaN,NaN,NaN
NaN,NaN,NaN,NaN,NaN,NaN
NaN,NaN,NaN,NaN,NaN,NaN
NaN,NaN,NaN,NaN,NaN,NaN
NaN,NaN,NaN,NaN,NaN,NaN
NaN,NaN,NaN,NaN,NaN,NaN
NaN,NaN,NaN,NaN,NaN,NaN
NaN,NaN,NaN,NaN,NaN,NaN
NaN,NaN,NaN,NaN,NaN,NaN
NaN,NaN,NaN,NaN,NaN,NaN
NaN,NaN,NaN,NaN,NaN,NaN
NaN,NaN,NaN,NaN,NaN,NaN
NaN,NaN,NaN,NaN,NaN,NaN
NaN,NaN,NaN,NaN,NaN,NaN
NaN,NaN,NaN,NaN,NaN,NaN
NaN,NaN,NaN,NaN,NaN,NaN
NaN,NaN,NaN,NaN,NaN,NaN
NaN,NaN,NaN,NaN,NaN,NaN
NaN,NaN,NaN,NaN,NaN,NaN
NaN,NaN,NaN,NaN,NaN,NaN
NaN,NaN,NaN,NaN,NaN,NaN
NaN,NaN,NaN,NaN,NaN,NaN
NaN,NaN,NaN,NaN,NaN,NaN
NaN,NaN,NaN,NaN,NaN,NaN
NaN,NaN,NaN,NaN,NaN,NaN
NaN,NaN,NaN,NaN,NaN,NaN
NaN,NaN,NaN,NaN,NaN,NaN
NaN,NaN,NaN,NaN,NaN,NaN
NaN,NaN,NaN,NaN,NaN,NaN
NaN,NaN,NaN,NaN,NaN,NaN
NaN,NaN,NaN,NaN,NaN,NaN
NaN,NaN,NaN,NaN,NaN,NaN
NaN,NaN,NaN,NaN,NaN,NaN
NaN,NaN,NaN,NaN,NaN,NaN
NaN,NaN,NaN,NaN,NaN,NaN
NaN,NaN,NaN,NaN,NaN,NaN
NaN,NaN,NaN,NaN,NaN,NaN
NaN,NaN,NaN,NaN,NaN,NaN
NaN,NaN,NaN,NaN,NaN,NaN
NaN,NaN,NaN,NaN,NaN,NaN
NaN,NaN,NaN,NaN,NaN,NaN
NaN,NaN,NaN,NaN,NaN,NaN
NaN,NaN,NaN,NaN,NaN,NaN
NaN,NaN,NaN,NaN,NaN,NaN
NaN,NaN,NaN,NaN,NaN,NaN
NaN,NaN,NaN,NaN,NaN,NaN
NaN,NaN,NaN,NaN,NaN,NaN
NaN,NaN,NaN,NaN,NaN,NaN
NaN,NaN,NaN,NaN,NaN,NaN
NaN,NaN,NaN,NaN,NaN,NaN
NaN,NaN,NaN,NaN,NaN,NaN
NaN,NaN,NaN,NaN,NaN,NaN
NaN,NaN,NaN,NaN,NaN,NaN
NaN,NaN,NaN,NaN,NaN,NaN
NaN,NaN,NaN,NaN,NaN,NaN
NaN,NaN,NaN,NaN,NaN,NaN
NaN,NaN,NaN,NaN,NaN,NaN
NaN,NaN,NaN,NaN,NaN,NaN
NaN,NaN,NaN,NaN,NaN,NaN
NaN,NaN,NaN,NaN,NaN,NaN
NaN,NaN,NaN,NaN,NaN,NaN
NaN,NaN,NaN,NaN,NaN,NaN
NaN,NaN,NaN,NaN,NaN,NaN
NaN,NaN,NaN,NaN,NaN,NaN
NaN,NaN,NaN,NaN,NaN,NaN
NaN,NaN,NaN,NaN,NaN,NaN
NaN,NaN,NaN,NaN,NaN,NaN
NaN,NaN,NaN,NaN,NaN,NaN
NaN,NaN,NaN,NaN,NaN,NaN
NaN,NaN,NaN,NaN,NaN,NaN
NaN,NaN,NaN,NaN,NaN,NaN
NaN,NaN,NaN,NaN,NaN,NaN
NaN,NaN,NaN,NaN,NaN,NaN
NaN,NaN,NaN,NaN,NaN,NaN
NaN,NaN,NaN,NaN,NaN,NaN
NaN,NaN,NaN,NaN,NaN,NaN
NaN,NaN,NaN,NaN,NaN,NaN
NaN,NaN,NaN,NaN,NaN,NaN
NaN,NaN,NaN,NaN,NaN,NaN
NaN,NaN,NaN,NaN,NaN,NaN
NaN,NaN,NaN,NaN,NaN,NaN
NaN,NaN,NaN,NaN,NaN,NaN
NaN,NaN,NaN,NaN,NaN,NaN
NaN,NaN,NaN,NaN,NaN,NaN
NaN,NaN,NaN,NaN,NaN,NaN
NaN,NaN,NaN,NaN,NaN,NaN
NaN,NaN,NaN,NaN,NaN,NaN
NaN,NaN,NaN,NaN,NaN,NaN
NaN,NaN,NaN,NaN,NaN,NaN
NaN,NaN,NaN,NaN,NaN,NaN
NaN,NaN,NaN,NaN,NaN,NaN
NaN,NaN,NaN,NaN,NaN,NaN
NaN,NaN,NaN,NaN,NaN,NaN
NaN,NaN,NaN,NaN,NaN,NaN
NaN,NaN,NaN,NaN,NaN,NaN
NaN,NaN,NaN,NaN,NaN,NaN
NaN,NaN,NaN,NaN,NaN,NaN
NaN,NaN,NaN,NaN,NaN,NaN
NaN,NaN,NaN,NaN,NaN,NaN
NaN,NaN,NaN,NaN,NaN,NaN
NaN,NaN,NaN,NaN,NaN,NaN
NaN,NaN,NaN,NaN,NaN,NaN
NaN,NaN,NaN,NaN,NaN,NaN
NaN,NaN,NaN,NaN,NaN,NaN
NaN,NaN,NaN,NaN,NaN,NaN
NaN,NaN,NaN,NaN,NaN,NaN
NaN,NaN,NaN,NaN,NaN,NaN
NaN,NaN,NaN,NaN,NaN,NaN
NaN,NaN,NaN,NaN,NaN,NaN
NaN,NaN,NaN,NaN,NaN,NaN
NaN,NaN,NaN,NaN,NaN,NaN
NaN,NaN,NaN,NaN,NaN,NaN
NaN,NaN,NaN,NaN,NaN,NaN
NaN,NaN,NaN,NaN,NaN,NaN
NaN,NaN,NaN,NaN,NaN,NaN
NaN,NaN,NaN,NaN,NaN,NaN
NaN,NaN,NaN,NaN,NaN,NaN
NaN,NaN,NaN,NaN,NaN,NaN
NaN,NaN,NaN,NaN,NaN,NaN
NaN,NaN,NaN,NaN,NaN,NaN
NaN,NaN,NaN,NaN,NaN,NaN
NaN,NaN,NaN,NaN,NaN,NaN
NaN,NaN,NaN,NaN,NaN,NaN
NaN,NaN,NaN,NaN,NaN,NaN
NaN,NaN,NaN,NaN,NaN,NaN
NaN,NaN,NaN,NaN,NaN,NaN
NaN,NaN,NaN,NaN,NaN,NaN
NaN,NaN,NaN,NaN,NaN,NaN
NaN,NaN,NaN,NaN,NaN,NaN
NaN,NaN,NaN,NaN,NaN,NaN
NaN,NaN,NaN,NaN,NaN,NaN
NaN,NaN,NaN,NaN,NaN,NaN
NaN,NaN,NaN,NaN,NaN,NaN
NaN,NaN,NaN,NaN,NaN,NaN
NaN,NaN,NaN,NaN,NaN,NaN
NaN,NaN,NaN,NaN,NaN,NaN
NaN,NaN,NaN,NaN,NaN,NaN
NaN,NaN,NaN,NaN,NaN,NaN
NaN,NaN,NaN,NaN,NaN,NaN
NaN,NaN,NaN,NaN,NaN,NaN
NaN,NaN,NaN,NaN,NaN,NaN
NaN,NaN,NaN,NaN,NaN,NaN
NaN,NaN,NaN,NaN,NaN,NaN
NaN,NaN,NaN,NaN,NaN,NaN
NaN,NaN,NaN,NaN,NaN,NaN
NaN,NaN,NaN,NaN,NaN,NaN
NaN,NaN,NaN,NaN,NaN,NaN
NaN,NaN,NaN,NaN,NaN,NaN
NaN,NaN,NaN,NaN,NaN,NaN
NaN,NaN,NaN,NaN,NaN,NaN
NaN,NaN,NaN,NaN,NaN,NaN
NaN,NaN,NaN,NaN,NaN,NaN
NaN,NaN,NaN,NaN,NaN,NaN
NaN,NaN,NaN,NaN,NaN,NaN
NaN,NaN,NaN,NaN,NaN,NaN
NaN,NaN,NaN,NaN,NaN,NaN
NaN,NaN,NaN,NaN,NaN,NaN
NaN,NaN,NaN,NaN,NaN,NaN
NaN,NaN,NaN,NaN,NaN,NaN
NaN,NaN,NaN,NaN,NaN,NaN
NaN,NaN,NaN,NaN,NaN,NaN
NaN,NaN,NaN,NaN,NaN,NaN
NaN,NaN,NaN,NaN,NaN,NaN
NaN,NaN,NaN,NaN,NaN,NaN
NaN,NaN,NaN,NaN,NaN,NaN
NaN,NaN,NaN,NaN,NaN,NaN
NaN,NaN,NaN,NaN,NaN,NaN
NaN,NaN,NaN,NaN,NaN,NaN
NaN,NaN,NaN,NaN,NaN,NaN
NaN,NaN,NaN,NaN,NaN,NaN
NaN,NaN,NaN,NaN,NaN,NaN
NaN,NaN,NaN,NaN,NaN,NaN
NaN,NaN,NaN,NaN,NaN,NaN
NaN,NaN,NaN,NaN,NaN,NaN
NaN,NaN,NaN,NaN,NaN,NaN
NaN,NaN,NaN,NaN,NaN,NaN
NaN,NaN,NaN,NaN,NaN,NaN
NaN,NaN,NaN,NaN,NaN,NaN
NaN,NaN,NaN,NaN,NaN,NaN
NaN,NaN,NaN,NaN,NaN,NaN
NaN,NaN,NaN,NaN,NaN,NaN
NaN,NaN,NaN,NaN,NaN,NaN
NaN,NaN,NaN,NaN,NaN,NaN
NaN,NaN,NaN,NaN,NaN,NaN
NaN,NaN,NaN,NaN,NaN,NaN
NaN,NaN,NaN,NaN,NaN,NaN
NaN,NaN,NaN,NaN,NaN,NaN
NaN,NaN,NaN,NaN,NaN,NaN
NaN,NaN,NaN,NaN,NaN,NaN
NaN,NaN,NaN,NaN,NaN,NaN
NaN,NaN,NaN,NaN,NaN,NaN
NaN,NaN,NaN,NaN,NaN,NaN
NaN,NaN,NaN,NaN,NaN,NaN
NaN,NaN,NaN,NaN,NaN,NaN
NaN,NaN,NaN,NaN,NaN,NaN
NaN,NaN,NaN,NaN,NaN,NaN
NaN,NaN,NaN,NaN,NaN,NaN
NaN,NaN,NaN,NaN,NaN,NaN
NaN,NaN,NaN,NaN,NaN,NaN
NaN,NaN,NaN,NaN,NaN,NaN
NaN,NaN,NaN,NaN,NaN,NaN
NaN,NaN,NaN,NaN,NaN,NaN
NaN,NaN,NaN,NaN,NaN,NaN
NaN,NaN,NaN,NaN,NaN,NaN
NaN,NaN,NaN,NaN,NaN,NaN
NaN,NaN,NaN,NaN,NaN,NaN
NaN,NaN,NaN,NaN,NaN,NaN
NaN,NaN,NaN,NaN,NaN,NaN
NaN,NaN,NaN,NaN,NaN,NaN
NaN,NaN,NaN,NaN,NaN,NaN
NaN,NaN,NaN,NaN,NaN,NaN
NaN,NaN,NaN,NaN,NaN,NaN
NaN,NaN,NaN,NaN,NaN,NaN
NaN,NaN,NaN,NaN,NaN,NaN
NaN,NaN,NaN,NaN,NaN,NaN
NaN,NaN,NaN,NaN,NaN,NaN
NaN,NaN,NaN,NaN,NaN,NaN
NaN,NaN,NaN,NaN,NaN,NaN
NaN,NaN,NaN,NaN,NaN,NaN
NaN,NaN,NaN,NaN,NaN,NaN
NaN,NaN,NaN,NaN,NaN,NaN
NaN,NaN,NaN,NaN,NaN,NaN
NaN,NaN,NaN,NaN,NaN,NaN
NaN,NaN,NaN,NaN,NaN,NaN
NaN,NaN,NaN,NaN,NaN,NaN
NaN,NaN,NaN,NaN,NaN,NaN
NaN,NaN,NaN,NaN,NaN,NaN
NaN,NaN,NaN,NaN,NaN,NaN
NaN,NaN,NaN,NaN,NaN,NaN
NaN,NaN,NaN,NaN,NaN,NaN
NaN,NaN,NaN,NaN,NaN,NaN
NaN,NaN,NaN,NaN,NaN,NaN
NaN,NaN,NaN,NaN,NaN,NaN
NaN,NaN,NaN,NaN,NaN,NaN
NaN,NaN,NaN,NaN,NaN,NaN
NaN,NaN,NaN,NaN,NaN,NaN
NaN,NaN,NaN,NaN,NaN,NaN
NaN,NaN,NaN,NaN,NaN,NaN
NaN,NaN,NaN,NaN,NaN,NaN
NaN,NaN,NaN,NaN,NaN,NaN
NaN,NaN,NaN,NaN,NaN,NaN
NaN,NaN,NaN,NaN,NaN,NaN
NaN,NaN,NaN,NaN,NaN,NaN
NaN,NaN,NaN,NaN,NaN,NaN
NaN,NaN,NaN,NaN,NaN,NaN
NaN,NaN,NaN,NaN,NaN,NaN
NaN,NaN,NaN,NaN,NaN,NaN
NaN,NaN,NaN,NaN,NaN,NaN
NaN,NaN,NaN,NaN,NaN,NaN
NaN,NaN,NaN,NaN,NaN,NaN
NaN,NaN,NaN,NaN,NaN,NaN
NaN,NaN,NaN,NaN,NaN,NaN
NaN,NaN,NaN,NaN,NaN,NaN
NaN,NaN,NaN,NaN,NaN,NaN
NaN,NaN,NaN,NaN,NaN,NaN
NaN,NaN,NaN,NaN,NaN,NaN
NaN,NaN,NaN,NaN,NaN,NaN
NaN,NaN,NaN,NaN,NaN,NaN
NaN,NaN,NaN,NaN,NaN,NaN
NaN,NaN,NaN,NaN,NaN,NaN
NaN,NaN,NaN,NaN,NaN,NaN
NaN,NaN,NaN,NaN,NaN,NaN
NaN,NaN,NaN,NaN,NaN,NaN
NaN,NaN,NaN,NaN,NaN,NaN
NaN,NaN,NaN,NaN,NaN,NaN
NaN,NaN,NaN,NaN,NaN,NaN
NaN,NaN,NaN,NaN,NaN,NaN
NaN,NaN,NaN,NaN,NaN,NaN
NaN,NaN,NaN,NaN,NaN,NaN
NaN,NaN,NaN,NaN,NaN,NaN
NaN,NaN,NaN,NaN,NaN,NaN
NaN,NaN,NaN,NaN,NaN,NaN
NaN,NaN,NaN,NaN,NaN,NaN
NaN,NaN,NaN,NaN,NaN,NaN
NaN,NaN,NaN,NaN,NaN,NaN
NaN,NaN,NaN,NaN,NaN,NaN
NaN,NaN,NaN,NaN,NaN,NaN
NaN,NaN,NaN,NaN,NaN,NaN
NaN,NaN,NaN,NaN,NaN,NaN
NaN,NaN,NaN,NaN,NaN,NaN
NaN,NaN,NaN,NaN,NaN,NaN
NaN,NaN,NaN,NaN,NaN,NaN
NaN,NaN,NaN,NaN,NaN,NaN
NaN,NaN,NaN,NaN,NaN,NaN
NaN,NaN,NaN,NaN,NaN,NaN
NaN,NaN,NaN,NaN,NaN,NaN
NaN,NaN,NaN,NaN,NaN,NaN
NaN,NaN,NaN,NaN,NaN,NaN
NaN,NaN,NaN,NaN,NaN,NaN
NaN,NaN,NaN,NaN,NaN,NaN
NaN,NaN,NaN,NaN,NaN,NaN
NaN,NaN,NaN,NaN,NaN,NaN
NaN,NaN,NaN,NaN,NaN,NaN
NaN,NaN,NaN,NaN,NaN,NaN
NaN,NaN,NaN,NaN,NaN,NaN
NaN,NaN,NaN,NaN,NaN,NaN
NaN,NaN,NaN,NaN,NaN,NaN
NaN,NaN,NaN,NaN,NaN,NaN
NaN,NaN,NaN,NaN,NaN,NaN
NaN,NaN,NaN,NaN,NaN,NaN
NaN,NaN,NaN,NaN,NaN,NaN
NaN,NaN,NaN,NaN,NaN,NaN
NaN,NaN,NaN,NaN,NaN,NaN
NaN,NaN,NaN,NaN,NaN,NaN
NaN,NaN,NaN,NaN,NaN,NaN
NaN,NaN,NaN,NaN,NaN,NaN
NaN,NaN,NaN,NaN,NaN,NaN
NaN,NaN,NaN,NaN,NaN,NaN
NaN,NaN,NaN,NaN,NaN,NaN
NaN,NaN,NaN,NaN,NaN,NaN
NaN,NaN,NaN,NaN,NaN,NaN
NaN,NaN,NaN,NaN,NaN,NaN
NaN,NaN,NaN,NaN,NaN,NaN
NaN,NaN,NaN,NaN,NaN,NaN
NaN,NaN,NaN,NaN,NaN,NaN
NaN,NaN,NaN,NaN,NaN,NaN
NaN,NaN,NaN,NaN,NaN,NaN
NaN,NaN,NaN,NaN,NaN,NaN
NaN,NaN,NaN,NaN,NaN,NaN
NaN,NaN,NaN,NaN,NaN,NaN
NaN,NaN,NaN,NaN,NaN,NaN
NaN,NaN,NaN,NaN,NaN,NaN
NaN,NaN,NaN,NaN,NaN,NaN
NaN,NaN,NaN,NaN,NaN,NaN
NaN,NaN,NaN,NaN,NaN,NaN
NaN,NaN,NaN,NaN,NaN,NaN
NaN,NaN,NaN,NaN,NaN,NaN
NaN,NaN,NaN,NaN,NaN,NaN
NaN,NaN,NaN,NaN,NaN,NaN
NaN,NaN,NaN,NaN,NaN,NaN
NaN,NaN,NaN,NaN,NaN,NaN
NaN,NaN,NaN,NaN,NaN,NaN
NaN,NaN,NaN,NaN,NaN,NaN
NaN,NaN,NaN,NaN,NaN,NaN
NaN,NaN,NaN,NaN,NaN,NaN
NaN,NaN,NaN,NaN,NaN,NaN
NaN,NaN,NaN,NaN,NaN,NaN
NaN,NaN,NaN,NaN,NaN,NaN
NaN,NaN,NaN,NaN,NaN,NaN
NaN,NaN,NaN,NaN,NaN,NaN
NaN,NaN,NaN,NaN,NaN,NaN
NaN,NaN,NaN,NaN,NaN,NaN
NaN,NaN,NaN,NaN,NaN,NaN
NaN,NaN,NaN,NaN,NaN,NaN
NaN,NaN,NaN,NaN,NaN,NaN
NaN,NaN,NaN,NaN,NaN,NaN
NaN,NaN,NaN,NaN,NaN,NaN
NaN,NaN,NaN,NaN,NaN,NaN
NaN,NaN,NaN,NaN,NaN,NaN
NaN,NaN,NaN,NaN,NaN,NaN
NaN,NaN,NaN,NaN,NaN,NaN
NaN,NaN,NaN,NaN,NaN,NaN
NaN,NaN,NaN,NaN,NaN,NaN
NaN,NaN,NaN,NaN,NaN,NaN
NaN,NaN,NaN,NaN,NaN,NaN
NaN,NaN,NaN,NaN,NaN,NaN
NaN,NaN,NaN,NaN,NaN,NaN
NaN,NaN,NaN,NaN,NaN,NaN
NaN,NaN,NaN,NaN,NaN,NaN
NaN,NaN,NaN,NaN,NaN,NaN
NaN,NaN,NaN,NaN,NaN,NaN
NaN,NaN,NaN,NaN,NaN,NaN
NaN,NaN,NaN,NaN,NaN,NaN
NaN,NaN,NaN,NaN,NaN,NaN
NaN,NaN,NaN,NaN,NaN,NaN
NaN,NaN,NaN,NaN,NaN,NaN
NaN,NaN,NaN,NaN,NaN,NaN
NaN,NaN,NaN,NaN,NaN,NaN
NaN,NaN,NaN,NaN,NaN,NaN
NaN,NaN,NaN,NaN,NaN,NaN
NaN,NaN,NaN,NaN,NaN,NaN
NaN,NaN,NaN,NaN,NaN,NaN
NaN,NaN,NaN,NaN,NaN,NaN
NaN,NaN,NaN,NaN,NaN,NaN
NaN,NaN,NaN,NaN,NaN,NaN
NaN,NaN,NaN,NaN,NaN,NaN
NaN,NaN,NaN,NaN,NaN,NaN
NaN,NaN,NaN,NaN,NaN,NaN
NaN,NaN,NaN,NaN,NaN,NaN
NaN,NaN,NaN,NaN,NaN,NaN
NaN,NaN,NaN,NaN,NaN,NaN
NaN,NaN,NaN,NaN,NaN,NaN
NaN,NaN,NaN,NaN,NaN,NaN
NaN,NaN,NaN,NaN,NaN,NaN
NaN,NaN,NaN,NaN,NaN,NaN
NaN,NaN,NaN,NaN,NaN,NaN
NaN,NaN,NaN,NaN,NaN,NaN
NaN,NaN,NaN,NaN,NaN,NaN
NaN,NaN,NaN,NaN,NaN,NaN
NaN,NaN,NaN,NaN,NaN,NaN
NaN,NaN,NaN,NaN,NaN,NaN
NaN,NaN,NaN,NaN,NaN,NaN
NaN,NaN,NaN,NaN,NaN,NaN
NaN,NaN,NaN,NaN,NaN,NaN
NaN,NaN,NaN,NaN,NaN,NaN
NaN,NaN,NaN,NaN,NaN,NaN
NaN,NaN,NaN,NaN,NaN,NaN
NaN,NaN,NaN,NaN,NaN,NaN
NaN,NaN,NaN,NaN,NaN,NaN
NaN,NaN,NaN,NaN,NaN,NaN
NaN,NaN,NaN,NaN,NaN,NaN
NaN,NaN,NaN,NaN,NaN,NaN
NaN,NaN,NaN,NaN,NaN,NaN
NaN,NaN,NaN,NaN,NaN,NaN
NaN,NaN,NaN,NaN,NaN,NaN
NaN,NaN,NaN,NaN,NaN,NaN
NaN,NaN,NaN,NaN,NaN,NaN
NaN,NaN,NaN,NaN,NaN,NaN
NaN,NaN,NaN,NaN,NaN,NaN
NaN,NaN,NaN,NaN,NaN,NaN
NaN,NaN,NaN,NaN,NaN,NaN
NaN,NaN,NaN,NaN,NaN,NaN
NaN,NaN,NaN,NaN,NaN,NaN
NaN,NaN,NaN,NaN,NaN,NaN
NaN,NaN,NaN,NaN,NaN,NaN
NaN,NaN,NaN,NaN,NaN,NaN
NaN,NaN,NaN,NaN,NaN,NaN
NaN,NaN,NaN,NaN,NaN,NaN
NaN,NaN,NaN,NaN,NaN,NaN
NaN,NaN,NaN,NaN,NaN,NaN
NaN,NaN,NaN,NaN,NaN,NaN
NaN,NaN,NaN,NaN,NaN,NaN
NaN,NaN,NaN,NaN,NaN,NaN
NaN,NaN,NaN,NaN,NaN,NaN
NaN,NaN,NaN,NaN,NaN,NaN
NaN,NaN,NaN,NaN,NaN,NaN
NaN,NaN,NaN,NaN,NaN,NaN
NaN,NaN,NaN,NaN,NaN,NaN
NaN,NaN,NaN,NaN,NaN,NaN
NaN,NaN,NaN,NaN,NaN,NaN
NaN,NaN,NaN,NaN,NaN,NaN
NaN,NaN,NaN,NaN,NaN,NaN
NaN,NaN,NaN,NaN,NaN,NaN
NaN,NaN,NaN,NaN,NaN,NaN
NaN,NaN,NaN,NaN,NaN,NaN
NaN,NaN,NaN,NaN,NaN,NaN
NaN,NaN,NaN,NaN,NaN,NaN
NaN,NaN,NaN,NaN,NaN,NaN
NaN,NaN,NaN,NaN,NaN,NaN
NaN,NaN,NaN,NaN,NaN,NaN
NaN,NaN,NaN,NaN,NaN,NaN
NaN,NaN,NaN,NaN,NaN,NaN
NaN,NaN,NaN,NaN,NaN,NaN
NaN,NaN,NaN,NaN,NaN,NaN
NaN,NaN,NaN,NaN,NaN,NaN
NaN,NaN,NaN,NaN,NaN,NaN
NaN,NaN,NaN,NaN,NaN,NaN
NaN,NaN,NaN,NaN,NaN,NaN
NaN,NaN,NaN,NaN,NaN,NaN
NaN,NaN,NaN,NaN,NaN,NaN
NaN,NaN,NaN,NaN,NaN,NaN
NaN,NaN,NaN,NaN,NaN,NaN
NaN,NaN,NaN,NaN,NaN,NaN
NaN,NaN,NaN,NaN,NaN,NaN
NaN,NaN,NaN,NaN,NaN,NaN
NaN,NaN,NaN,NaN,NaN,NaN
NaN,NaN,NaN,NaN,NaN,NaN
NaN,NaN,NaN,NaN,NaN,NaN
NaN,NaN,NaN,NaN,NaN,NaN
NaN,NaN,NaN,NaN,NaN,NaN
NaN,NaN,NaN,NaN,NaN,NaN
NaN,NaN,NaN,NaN,NaN,NaN
NaN,NaN,NaN,NaN,NaN,NaN
NaN,NaN,NaN,NaN,NaN,NaN
NaN,NaN,NaN,NaN,NaN,NaN
NaN,NaN,NaN,NaN,NaN,NaN
NaN,NaN,NaN,NaN,NaN,NaN
NaN,NaN,NaN,NaN,NaN,NaN
NaN,NaN,NaN,NaN,NaN,NaN
NaN,NaN,NaN,NaN,NaN,NaN
NaN,NaN,NaN,NaN,NaN,NaN
NaN,NaN,NaN,NaN,NaN,NaN
NaN,NaN,NaN,NaN,NaN,NaN
NaN,NaN,NaN,NaN,NaN,NaN
NaN,NaN,NaN,NaN,NaN,NaN
NaN,NaN,NaN,NaN,NaN,NaN
NaN,NaN,NaN,NaN,NaN,NaN
NaN,NaN,NaN,NaN,NaN,NaN
NaN,NaN,NaN,NaN,NaN,NaN
NaN,NaN,NaN,NaN,NaN,NaN
NaN,NaN,NaN,NaN,NaN,NaN
NaN,NaN,NaN,NaN,NaN,NaN
NaN,NaN,NaN,NaN,NaN,NaN
NaN,NaN,NaN,NaN,NaN,NaN
NaN,NaN,NaN,NaN,NaN,NaN
NaN,NaN,NaN,NaN,NaN,NaN
NaN,NaN,NaN,NaN,NaN,NaN
NaN,NaN,NaN,NaN,NaN,NaN
NaN,NaN,NaN,NaN,NaN,NaN
NaN,NaN,NaN,NaN,NaN,NaN
NaN,NaN,NaN,NaN,NaN,NaN
NaN,NaN,NaN,NaN,NaN,NaN
NaN,NaN,NaN,NaN,NaN,NaN
NaN,NaN,NaN,NaN,NaN,NaN
NaN,NaN,NaN,NaN,NaN,NaN
NaN,NaN,NaN,NaN,NaN,NaN
NaN,NaN,NaN,NaN,NaN,NaN
NaN,NaN,NaN,NaN,NaN,NaN
NaN,NaN,NaN,NaN,NaN,NaN
NaN,NaN,NaN,NaN,NaN,NaN
NaN,NaN,NaN,NaN,NaN,NaN
NaN,NaN,NaN,NaN,NaN,NaN
NaN,NaN,NaN,NaN,NaN,NaN
NaN,NaN,NaN,NaN,NaN,NaN
NaN,NaN,NaN,NaN,NaN,NaN
NaN,NaN,NaN,NaN,NaN,NaN
NaN,NaN,NaN,NaN,NaN,NaN
NaN,NaN,NaN,NaN,NaN,NaN
NaN,NaN,NaN,NaN,NaN,NaN
NaN,NaN,NaN,NaN,NaN,NaN
NaN,NaN,NaN,NaN,NaN,NaN
NaN,NaN,NaN,NaN,NaN,NaN
NaN,NaN,NaN,NaN,NaN,NaN
NaN,NaN,NaN,NaN,NaN,NaN
NaN,NaN,NaN,NaN,NaN,NaN
NaN,NaN,NaN,NaN,NaN,NaN
NaN,NaN,NaN,NaN,NaN,NaN
NaN,NaN,NaN,NaN,NaN,NaN
NaN,NaN,NaN,NaN,NaN,NaN
NaN,NaN,NaN,NaN,NaN,NaN
NaN,NaN,NaN,NaN,NaN,NaN
NaN,NaN,NaN,NaN,NaN,NaN
NaN,NaN,NaN,NaN,NaN,NaN
NaN,NaN,NaN,NaN,NaN,NaN
NaN,NaN,NaN,NaN,NaN,NaN
NaN,NaN,NaN,NaN,NaN,NaN
NaN,NaN,NaN,NaN,NaN,NaN
NaN,NaN,NaN,NaN,NaN,NaN
NaN,NaN,NaN,NaN,NaN,NaN
NaN,NaN,NaN,NaN,NaN,NaN
NaN,NaN,NaN,NaN,NaN,NaN
NaN,NaN,NaN,NaN,NaN,NaN
NaN,NaN,NaN,NaN,NaN,NaN
NaN,NaN,NaN,NaN,NaN,NaN
NaN,NaN,NaN,NaN,NaN,NaN
NaN,NaN,NaN,NaN,NaN,NaN
NaN,NaN,NaN,NaN,NaN,NaN
NaN,NaN,NaN,NaN,NaN,NaN
NaN,NaN,NaN,NaN,NaN,NaN
NaN,NaN,NaN,NaN,NaN,NaN
NaN,NaN,NaN,NaN,NaN,NaN
NaN,NaN,NaN,NaN,NaN,NaN
NaN,NaN,NaN,NaN,NaN,NaN
NaN,NaN,NaN,NaN,NaN,NaN
NaN,NaN,NaN,NaN,NaN,NaN
NaN,NaN,NaN,NaN,NaN,NaN
NaN,NaN,NaN,NaN,NaN,NaN
NaN,NaN,NaN,NaN,NaN,NaN
NaN,NaN,NaN,NaN,NaN,NaN
NaN,NaN,NaN,NaN,NaN,NaN
NaN,NaN,NaN,NaN,NaN,NaN
NaN,NaN,NaN,NaN,NaN,NaN
NaN,NaN,NaN,NaN,NaN,NaN
NaN,NaN,NaN,NaN,NaN,NaN
NaN,NaN,NaN,NaN,NaN,NaN
NaN,NaN,NaN,NaN,NaN,NaN
NaN,NaN,NaN,NaN,NaN,NaN
NaN,NaN,NaN,NaN,NaN,NaN
NaN,NaN,NaN,NaN,NaN,NaN
NaN,NaN,NaN,NaN,NaN,NaN
NaN,NaN,NaN,NaN,NaN,NaN
NaN,NaN,NaN,NaN,NaN,NaN
NaN,NaN,NaN,NaN,NaN,NaN
NaN,NaN,NaN,NaN,NaN,NaN
NaN,NaN,NaN,NaN,NaN,NaN
NaN,NaN,NaN,NaN,NaN,NaN
NaN,NaN,NaN,NaN,NaN,NaN
NaN,NaN,NaN,NaN,NaN,NaN
NaN,NaN,NaN,NaN,NaN,NaN
NaN,NaN,NaN,NaN,NaN,NaN
NaN,NaN,NaN,NaN,NaN,NaN
NaN,NaN,NaN,NaN,NaN,NaN
NaN,NaN,NaN,NaN,NaN,NaN
NaN,NaN,NaN,NaN,NaN,NaN
NaN,NaN,NaN,NaN,NaN,NaN
NaN,NaN,NaN,NaN,NaN,NaN
NaN,NaN,NaN,NaN,NaN,NaN
NaN,NaN,NaN,NaN,NaN,NaN
NaN,NaN,NaN,NaN,NaN,NaN
NaN,NaN,NaN,NaN,NaN,NaN
NaN,NaN,NaN,NaN,NaN,NaN
NaN,NaN,NaN,NaN,NaN,NaN
NaN,NaN,NaN,NaN,NaN,NaN
NaN,NaN,NaN,NaN,NaN,NaN
NaN,NaN,NaN,NaN,NaN,NaN
NaN,NaN,NaN,NaN,NaN,NaN
NaN,NaN,NaN,NaN,NaN,NaN
NaN,NaN,NaN,NaN,NaN,NaN
NaN,NaN,NaN,NaN,NaN,NaN
NaN,NaN,NaN,NaN,NaN,NaN
NaN,NaN,NaN,NaN,NaN,NaN
NaN,NaN,NaN,NaN,NaN,NaN
NaN,NaN,NaN,NaN,NaN,NaN
NaN,NaN,NaN,NaN,NaN,NaN
NaN,NaN,NaN,NaN,NaN,NaN
NaN,NaN,NaN,NaN,NaN,NaN
NaN,NaN,NaN,NaN,NaN,NaN
NaN,NaN,NaN,NaN,NaN,NaN
NaN,NaN,NaN,NaN,NaN,NaN
NaN,NaN,NaN,NaN,NaN,NaN
NaN,NaN,NaN,NaN,NaN,NaN
NaN,NaN,NaN,NaN,NaN,NaN
NaN,NaN,NaN,NaN,NaN,NaN
NaN,NaN,NaN,NaN,NaN,NaN
NaN,NaN,NaN,NaN,NaN,NaN
NaN,NaN,NaN,NaN,NaN,NaN
NaN,NaN,NaN,NaN,NaN,NaN
NaN,NaN,NaN,NaN,NaN,NaN
NaN,NaN,NaN,NaN,NaN,NaN
NaN,NaN,NaN,NaN,NaN,NaN
NaN,NaN,NaN,NaN,NaN,NaN
NaN,NaN,NaN,NaN,NaN,NaN
NaN,NaN,NaN,NaN,NaN,NaN
NaN,NaN,NaN,NaN,NaN,NaN
NaN,NaN,NaN,NaN,NaN,NaN
NaN,NaN,NaN,NaN,NaN,NaN
NaN,NaN,NaN,NaN,NaN,NaN
NaN,NaN,NaN,NaN,NaN,NaN
NaN,NaN,NaN,NaN,NaN,NaN
NaN,NaN,NaN,NaN,NaN,NaN
NaN,NaN,NaN,NaN,NaN,NaN
NaN,NaN,NaN,NaN,NaN,NaN
NaN,NaN,NaN,NaN,NaN,NaN
NaN,NaN,NaN,NaN,NaN,NaN
NaN,NaN,NaN,NaN,NaN,NaN
NaN,NaN,NaN,NaN,NaN,NaN
NaN,NaN,NaN,NaN,NaN,NaN
NaN,NaN,NaN,NaN,NaN,NaN
NaN,NaN,NaN,NaN,NaN,NaN
NaN,NaN,NaN,NaN,NaN,NaN
NaN,NaN,NaN,NaN,NaN,NaN
NaN,NaN,NaN,NaN,NaN,NaN
NaN,NaN,NaN,NaN,NaN,NaN
NaN,NaN,NaN,NaN,NaN,NaN
NaN,NaN,NaN,NaN,NaN,NaN
NaN,NaN,NaN,NaN,NaN,NaN
NaN,NaN,NaN,NaN,NaN,NaN
NaN,NaN,NaN,NaN,NaN,NaN
NaN,NaN,NaN,NaN,NaN,NaN
NaN,NaN,NaN,NaN,NaN,NaN
NaN,NaN,NaN,NaN,NaN,NaN
NaN,NaN,NaN,NaN,NaN,NaN
NaN,NaN,NaN,NaN,NaN,NaN
NaN,NaN,NaN,NaN,NaN,NaN
NaN,NaN,NaN,NaN,NaN,NaN
NaN,NaN,NaN,NaN,NaN,NaN
NaN,NaN,NaN,NaN,NaN,NaN
NaN,NaN,NaN,NaN,NaN,NaN
NaN,NaN,NaN,NaN,NaN,NaN
NaN,NaN,NaN,NaN,NaN,NaN
NaN,NaN,NaN,NaN,NaN,NaN
NaN,NaN,NaN,NaN,NaN,NaN
NaN,NaN,NaN,NaN,NaN,NaN
NaN,NaN,NaN,NaN,NaN,NaN
NaN,NaN,NaN,NaN,NaN,NaN
NaN,NaN,NaN,NaN,NaN,NaN
NaN,NaN,NaN,NaN,NaN,NaN
NaN,NaN,NaN,NaN,NaN,NaN
NaN,NaN,NaN,NaN,NaN,NaN
NaN,NaN,NaN,NaN,NaN,NaN
NaN,NaN,NaN,NaN,NaN,NaN
NaN,NaN,NaN,NaN,NaN,NaN
NaN,NaN,NaN,NaN,NaN,NaN
NaN,NaN,NaN,NaN,NaN,NaN
NaN,NaN,NaN,NaN,NaN,NaN
NaN,NaN,NaN,NaN,NaN,NaN
NaN,NaN,NaN,NaN,NaN,NaN
NaN,NaN,NaN,NaN,NaN,NaN
NaN,NaN,NaN,NaN,NaN,NaN
NaN,NaN,NaN,NaN,NaN,NaN
NaN,NaN,NaN,NaN,NaN,NaN
NaN,NaN,NaN,NaN,NaN,NaN
NaN,NaN,NaN,NaN,NaN,NaN
NaN,NaN,NaN,NaN,NaN,NaN
NaN,NaN,NaN,NaN,NaN,NaN
NaN,NaN,NaN,NaN,NaN,NaN
NaN,NaN,NaN,NaN,NaN,NaN
NaN,NaN,NaN,NaN,NaN,NaN
NaN,NaN,NaN,NaN,NaN,NaN
NaN,NaN,NaN,NaN,NaN,NaN
NaN,NaN,NaN,NaN,NaN,NaN
NaN,NaN,NaN,NaN,NaN,NaN
NaN,NaN,NaN,NaN,NaN,NaN
NaN,NaN,NaN,NaN,NaN,NaN
NaN,NaN,NaN,NaN,NaN,NaN
NaN,NaN,NaN,NaN,NaN,NaN
NaN,NaN,NaN,NaN,NaN,NaN
NaN,NaN,NaN,NaN,NaN,NaN
NaN,NaN,NaN,NaN,NaN,NaN
NaN,NaN,NaN,NaN,NaN,NaN
NaN,NaN,NaN,NaN,NaN,NaN
NaN,NaN,NaN,NaN,NaN,NaN
NaN,NaN,NaN,NaN,NaN,NaN
NaN,NaN,NaN,NaN,NaN,NaN
NaN,NaN,NaN,NaN,NaN,NaN
NaN,NaN,NaN,NaN,NaN,NaN
NaN,NaN,NaN,NaN,NaN,NaN
NaN,NaN,NaN,NaN,NaN,NaN
NaN,NaN,NaN,NaN,NaN,NaN
NaN,NaN,NaN,NaN,NaN,NaN
NaN,NaN,NaN,NaN,NaN,NaN
NaN,NaN,NaN,NaN,NaN,NaN
NaN,NaN,NaN,NaN,NaN,NaN
NaN,NaN,NaN,NaN,NaN,NaN
NaN,NaN,NaN,NaN,NaN,NaN
NaN,NaN,NaN,NaN,NaN,NaN
NaN,NaN,NaN,NaN,NaN,NaN
NaN,NaN,NaN,NaN,NaN,NaN
NaN,NaN,NaN,NaN,NaN,NaN
NaN,NaN,NaN,NaN,NaN,NaN
NaN,NaN,NaN,NaN,NaN,NaN
NaN,NaN,NaN,NaN,NaN,NaN
NaN,NaN,NaN,NaN,NaN,NaN
NaN,NaN,NaN,NaN,NaN,NaN
NaN,NaN,NaN,NaN,NaN,NaN
NaN,NaN,NaN,NaN,NaN,NaN
NaN,NaN,NaN,NaN,NaN,NaN
NaN,NaN,NaN,NaN,NaN,NaN
NaN,NaN,NaN,NaN,NaN,NaN
NaN,NaN,NaN,NaN,NaN,NaN
NaN,NaN,NaN,NaN,NaN,NaN
NaN,NaN,NaN,NaN,NaN,NaN
NaN,NaN,NaN,NaN,NaN,NaN
NaN,NaN,NaN,NaN,NaN,NaN
NaN,NaN,NaN,NaN,NaN,NaN
NaN,NaN,NaN,NaN,NaN,NaN
NaN,NaN,NaN,NaN,NaN,NaN
NaN,NaN,NaN,NaN,NaN,NaN
NaN,NaN,NaN,NaN,NaN,NaN
NaN,NaN,NaN,NaN,NaN,NaN
NaN,NaN,NaN,NaN,NaN,NaN
NaN,NaN,NaN,NaN,NaN,NaN
NaN,NaN,NaN,NaN,NaN,NaN
NaN,NaN,NaN,NaN,NaN,NaN
NaN,NaN,NaN,NaN,NaN,NaN
NaN,NaN,NaN,NaN,NaN,NaN
NaN,NaN,NaN,NaN,NaN,NaN
NaN,NaN,NaN,NaN,NaN,NaN
NaN,NaN,NaN,NaN,NaN,NaN
NaN,NaN,NaN,NaN,NaN,NaN
NaN,NaN,NaN,NaN,NaN,NaN
NaN,NaN,NaN,NaN,NaN,NaN
NaN,NaN,NaN,NaN,NaN,NaN
NaN,NaN,NaN,NaN,NaN,NaN
NaN,NaN,NaN,NaN,NaN,NaN
NaN,NaN,NaN,NaN,NaN,NaN
NaN,NaN,NaN,NaN,NaN,NaN
NaN,NaN,NaN,NaN,NaN,NaN
NaN,NaN,NaN,NaN,NaN,NaN
NaN,NaN,NaN,NaN,NaN,NaN
NaN,NaN,NaN,NaN,NaN,NaN
NaN,NaN,NaN,NaN,NaN,NaN
NaN,NaN,NaN,NaN,NaN,NaN
NaN,NaN,NaN,NaN,NaN,NaN
NaN,NaN,NaN,NaN,NaN,NaN
NaN,NaN,NaN,NaN,NaN,NaN
NaN,NaN,NaN,NaN,NaN,NaN
NaN,NaN,NaN,NaN,NaN,NaN
NaN,NaN,NaN,NaN,NaN,NaN
NaN,NaN,NaN,NaN,NaN,NaN
NaN,NaN,NaN,NaN,NaN,NaN
NaN,NaN,NaN,NaN,NaN,NaN
NaN,NaN,NaN,NaN,NaN,NaN
NaN,NaN,NaN,NaN,NaN,NaN
NaN,NaN,NaN,NaN,NaN,NaN
NaN,NaN,NaN,NaN,NaN,NaN
NaN,NaN,NaN,NaN,NaN,NaN
NaN,NaN,NaN,NaN,NaN,NaN
NaN,NaN,NaN,NaN,NaN,NaN
NaN,NaN,NaN,NaN,NaN,NaN
NaN,NaN,NaN,NaN,NaN,NaN
NaN,NaN,NaN,NaN,NaN,NaN
NaN,NaN,NaN,NaN,NaN,NaN
NaN,NaN,NaN,NaN,NaN,NaN
NaN,NaN,NaN,NaN,NaN,NaN
NaN,NaN,NaN,NaN,NaN,NaN
NaN,NaN,NaN,NaN,NaN,NaN
NaN,NaN,NaN,NaN,NaN,NaN
NaN,NaN,NaN,NaN,NaN,NaN
NaN,NaN,NaN,NaN,NaN,NaN
NaN,NaN,NaN,NaN,NaN,NaN
NaN,NaN,NaN,NaN,NaN,NaN
NaN,NaN,NaN,NaN,NaN,NaN
NaN,NaN,NaN,NaN,NaN,NaN
NaN,NaN,NaN,NaN,NaN,NaN
NaN,NaN,NaN,NaN,NaN,NaN
NaN,NaN,NaN,NaN,NaN,NaN
NaN,NaN,NaN,NaN,NaN,NaN
NaN,NaN,NaN,NaN,NaN,NaN
NaN,NaN,NaN,NaN,NaN,NaN
NaN,NaN,NaN,NaN,NaN,NaN
NaN,NaN,NaN,NaN,NaN,NaN
NaN,NaN,NaN,NaN,NaN,NaN
NaN,NaN,NaN,NaN,NaN,NaN
NaN,NaN,NaN,NaN,NaN,NaN
NaN,NaN,NaN,NaN,NaN,NaN
NaN,NaN,NaN,NaN,NaN,NaN
NaN,NaN,NaN,NaN,NaN,NaN
NaN,NaN,NaN,NaN,NaN,NaN
NaN,NaN,NaN,NaN,NaN,NaN
NaN,NaN,NaN,NaN,NaN,NaN
NaN,NaN,NaN,NaN,NaN,NaN
NaN,NaN,NaN,NaN,NaN,NaN
NaN,NaN,NaN,NaN,NaN,NaN
NaN,NaN,NaN,NaN,NaN,NaN
NaN,NaN,NaN,NaN,NaN,NaN
NaN,NaN,NaN,NaN,NaN,NaN
NaN,NaN,NaN,NaN,NaN,NaN
NaN,NaN,NaN,NaN,NaN,NaN
NaN,NaN,NaN,NaN,NaN,NaN
NaN,NaN,NaN,NaN,NaN,NaN
NaN,NaN,NaN,NaN,NaN,NaN
NaN,NaN,NaN,NaN,NaN,NaN
NaN,NaN,NaN,NaN,NaN,NaN
NaN,NaN,NaN,NaN,NaN,NaN
NaN,NaN,NaN,NaN,NaN,NaN
NaN,NaN,NaN,NaN,NaN,NaN
NaN,NaN,NaN,NaN,NaN,NaN
NaN,NaN,NaN,NaN,NaN,NaN
NaN,NaN,NaN,NaN,NaN,NaN
NaN,NaN,NaN,NaN,NaN,NaN
NaN,NaN,NaN,NaN,NaN,NaN
NaN,NaN,NaN,NaN,NaN,NaN
NaN,NaN,NaN,NaN,NaN,NaN
NaN,NaN,NaN,NaN,NaN,NaN
NaN,NaN,NaN,NaN,NaN,NaN
NaN,NaN,NaN,NaN,NaN,NaN
NaN,NaN,NaN,NaN,NaN,NaN
NaN,NaN,NaN,NaN,NaN,NaN
NaN,NaN,NaN,NaN,NaN,NaN
NaN,NaN,NaN,NaN,NaN,NaN
NaN,NaN,NaN,NaN,NaN,NaN
NaN,NaN,NaN,NaN,NaN,NaN
NaN,NaN,NaN,NaN,NaN,NaN
NaN,NaN,NaN,NaN,NaN,NaN
NaN,NaN,NaN,NaN,NaN,NaN
NaN,NaN,NaN,NaN,NaN,NaN
NaN,NaN,NaN,NaN,NaN,NaN
NaN,NaN,NaN,NaN,NaN,NaN
NaN,NaN,NaN,NaN,NaN,NaN
NaN,NaN,NaN,NaN,NaN,NaN
NaN,NaN,NaN,NaN,NaN,NaN
NaN,NaN,NaN,NaN,NaN,NaN
NaN,NaN,NaN,NaN,NaN,NaN
NaN,NaN,NaN,NaN,NaN,NaN
NaN,NaN,NaN,NaN,NaN,NaN
NaN,NaN,NaN,NaN,NaN,NaN
NaN,NaN,NaN,NaN,NaN,NaN
NaN,NaN,NaN,NaN,NaN,NaN
NaN,NaN,NaN,NaN,NaN,NaN
NaN,NaN,NaN,NaN,NaN,NaN
NaN,NaN,NaN,NaN,NaN,NaN
NaN,NaN,NaN,NaN,NaN,NaN
NaN,NaN,NaN,NaN,NaN,NaN
NaN,NaN,NaN,NaN,NaN,NaN
NaN,NaN,NaN,NaN,NaN,NaN
NaN,NaN,NaN,NaN,NaN,NaN
NaN,NaN,NaN,NaN,NaN,NaN
NaN,NaN,NaN,NaN,NaN,NaN
NaN,NaN,NaN,NaN,NaN,NaN
NaN,NaN,NaN,NaN,NaN,NaN
NaN,NaN,NaN,NaN,NaN,NaN
NaN,NaN,NaN,NaN,NaN,NaN
NaN,NaN,NaN,NaN,NaN,NaN
NaN,NaN,NaN,NaN,NaN,NaN
NaN,NaN,NaN,NaN,NaN,NaN
NaN,NaN,NaN,NaN,NaN,NaN
NaN,NaN,NaN,NaN,NaN,NaN
NaN,NaN,NaN,NaN,NaN,NaN
NaN,NaN,NaN,NaN,NaN,NaN
NaN,NaN,NaN,NaN,NaN,NaN
NaN,NaN,NaN,NaN,NaN,NaN
NaN,NaN,NaN,NaN,NaN,NaN
NaN,NaN,NaN,NaN,NaN,NaN
NaN,NaN,NaN,NaN,NaN,NaN
NaN,NaN,NaN,NaN,NaN,NaN
NaN,NaN,NaN,NaN,NaN,NaN
NaN,NaN,NaN,NaN,NaN,NaN
NaN,NaN,NaN,NaN,NaN,NaN
NaN,NaN,NaN,NaN,NaN,NaN
NaN,NaN,NaN,NaN,NaN,NaN
NaN,NaN,NaN,NaN,NaN,NaN
NaN,NaN,NaN,NaN,NaN,NaN
NaN,NaN,NaN,NaN,NaN,NaN
NaN,NaN,NaN,NaN,NaN,NaN
NaN,NaN,NaN,NaN,NaN,NaN
NaN,NaN,NaN,NaN,NaN,NaN
NaN,NaN,NaN,NaN,NaN,NaN
NaN,NaN,NaN,NaN,NaN,NaN
NaN,NaN,NaN,NaN,NaN,NaN
NaN,NaN,NaN,NaN,NaN,NaN
NaN,NaN,NaN,NaN,NaN,NaN
NaN,NaN,NaN,NaN,NaN,NaN
NaN,NaN,NaN,NaN,NaN,NaN
NaN,NaN,NaN,NaN,NaN,NaN
NaN,NaN,NaN,NaN,NaN,NaN
NaN,NaN,NaN,NaN,NaN,NaN
NaN,NaN,NaN,NaN,NaN,NaN
NaN,NaN,NaN,NaN,NaN,NaN
NaN,NaN,NaN,NaN,NaN,NaN
NaN,NaN,NaN,NaN,NaN,NaN
NaN,NaN,NaN,NaN,NaN,NaN
NaN,NaN,NaN,NaN,NaN,NaN
NaN,NaN,NaN,NaN,NaN,NaN
NaN,NaN,NaN,NaN,NaN,NaN
NaN,NaN,NaN,NaN,NaN,NaN
NaN,NaN,NaN,NaN,NaN,NaN
NaN,NaN,NaN,NaN,NaN,NaN
NaN,NaN,NaN,NaN,NaN,NaN
NaN,NaN,NaN,NaN,NaN,NaN
NaN,NaN,NaN,NaN,NaN,NaN
NaN,NaN,NaN,NaN,NaN,NaN
NaN,NaN,NaN,NaN,NaN,NaN
NaN,NaN,NaN,NaN,NaN,NaN
NaN,NaN,NaN,NaN,NaN,NaN
NaN,NaN,NaN,NaN,NaN,NaN
NaN,NaN,NaN,NaN,NaN,NaN
NaN,NaN,NaN,NaN,NaN,NaN
NaN,NaN,NaN,NaN,NaN,NaN
NaN,NaN,NaN,NaN,NaN,NaN
NaN,NaN,NaN,NaN,NaN,NaN
NaN,NaN,NaN,NaN,NaN,NaN
NaN,NaN,NaN,NaN,NaN,NaN
NaN,NaN,NaN,NaN,NaN,NaN
NaN,NaN,NaN,NaN,NaN,NaN
NaN,NaN,NaN,NaN,NaN,NaN
NaN,NaN,NaN,NaN,NaN,NaN
NaN,NaN,NaN,NaN,NaN,NaN
NaN,NaN,NaN,NaN,NaN,NaN
NaN,NaN,NaN,NaN,NaN,NaN
NaN,NaN,NaN,NaN,NaN,NaN
NaN,NaN,NaN,NaN,NaN,NaN
NaN,NaN,NaN,NaN,NaN,NaN
NaN,NaN,NaN,NaN,NaN,NaN
NaN,NaN,NaN,NaN,NaN,NaN
NaN,NaN,NaN,NaN,NaN,NaN
NaN,NaN,NaN,NaN,NaN,NaN
NaN,NaN,NaN,NaN,NaN,NaN
NaN,NaN,NaN,NaN,NaN,NaN
NaN,NaN,NaN,NaN,NaN,NaN
NaN,NaN,NaN,NaN,NaN,NaN
NaN,NaN,NaN,NaN,NaN,NaN
NaN,NaN,NaN,NaN,NaN,NaN
NaN,NaN,NaN,NaN,NaN,NaN
NaN,NaN,NaN,NaN,NaN,NaN
NaN,NaN,NaN,NaN,NaN,NaN
NaN,NaN,NaN,NaN,NaN,NaN
NaN,NaN,NaN,NaN,NaN,NaN
NaN,NaN,NaN,NaN,NaN,NaN
NaN,NaN,NaN,NaN,NaN,NaN
NaN,NaN,NaN,NaN,NaN,NaN
NaN,NaN,NaN,NaN,NaN,NaN
NaN,NaN,NaN,NaN,NaN,NaN
NaN,NaN,NaN,NaN,NaN,NaN
NaN,NaN,NaN,NaN,NaN,NaN
NaN,NaN,NaN,NaN,NaN,NaN
NaN,NaN,NaN,NaN,NaN,NaN
NaN,NaN,NaN,NaN,NaN,NaN
NaN,NaN,NaN,NaN,NaN,NaN
NaN,NaN,NaN,NaN,NaN,NaN
NaN,NaN,NaN,NaN,NaN,NaN
NaN,NaN,NaN,NaN,NaN,NaN
NaN,NaN,NaN,NaN,NaN,NaN
NaN,NaN,NaN,NaN,NaN,NaN
NaN,NaN,NaN,NaN,NaN,NaN
NaN,NaN,NaN,NaN,NaN,NaN
NaN,NaN,NaN,NaN,NaN,NaN
NaN,NaN,NaN,NaN,NaN,NaN
NaN,NaN,NaN,NaN,NaN,NaN
NaN,NaN,NaN,NaN,NaN,NaN
NaN,NaN,NaN,NaN,NaN,NaN
NaN,NaN,NaN,NaN,NaN,NaN
NaN,NaN,NaN,NaN,NaN,NaN
NaN,NaN,NaN,NaN,NaN,NaN
NaN,NaN,NaN,NaN,NaN,NaN
NaN,NaN,NaN,NaN,NaN,NaN
NaN,NaN,NaN,NaN,NaN,NaN
NaN,NaN,NaN,NaN,NaN,NaN
NaN,NaN,NaN,NaN,NaN,NaN
NaN,NaN,NaN,NaN,NaN,NaN
NaN,NaN,NaN,NaN,NaN,NaN
NaN,NaN,NaN,NaN,NaN,NaN
NaN,NaN,NaN,NaN,NaN,NaN
NaN,NaN,NaN,NaN,NaN,NaN
NaN,NaN,NaN,NaN,NaN,NaN
NaN,NaN,NaN,NaN,NaN,NaN
NaN,NaN,NaN,NaN,NaN,NaN
NaN,NaN,NaN,NaN,NaN,NaN
NaN,NaN,NaN,NaN,NaN,NaN
NaN,NaN,NaN,NaN,NaN,NaN
NaN,NaN,NaN,NaN,NaN,NaN
NaN,NaN,NaN,NaN,NaN,NaN
NaN,NaN,NaN,NaN,NaN,NaN
NaN,NaN,NaN,NaN,NaN,NaN
NaN,NaN,NaN,NaN,NaN,NaN
