pt1_cam1_X,pt1_cam1_Y,pt2_cam1_X,pt2_cam1_Y,pt3_cam1_X,pt3_cam1_Y
NaN,NaN,434.103200,639.867702,527.372615,660.303516
NaN,NaN,434.010000,640.000000,526.990000,660.000000
NaN,NaN,434.000000,640.000000,527.000000,660.000000
NaN,NaN,434.000000,640.000000,527.000000,660.000000
NaN,NaN,434.010000,640.010000,526.990000,660.010000
NaN,NaN,434.010000,640.010000,526.990000,660.010000
NaN,NaN,434.010000,640.010000,526.990000,660.010000
NaN,NaN,434.010000,640.010000,526.990000,660.010000
NaN,NaN,434.010000,640.010000,526.990000,660.020000
NaN,NaN,434.010000,640.010000,526.990000,660.020000
NaN,NaN,434.000000,640.010000,526.990000,660.020000
NaN,NaN,434.000000,640.010000,526.990000,660.020000
NaN,NaN,434.000000,640.010000,526.980000,660.030000
NaN,NaN,434.000000,640.010000,526.980000,660.030000
NaN,NaN,434.000000,640.000000,526.970000,660.030000
NaN,NaN,434.010000,640.000000,526.970000,660.020000
NaN,NaN,434.010000,640.000000,526.960000,660.030000
NaN,NaN,434.000000,640.000000,526.970000,660.030000
NaN,NaN,434.000000,640.000000,526.970000,660.030000
NaN,NaN,434.000000,640.010000,526.970000,660.040000
NaN,NaN,434.000000,640.000000,526.960000,660.040000
NaN,NaN,434.010000,640.000000,526.970000,660.040000
NaN,NaN,434.010000,640.000000,526.960000,660.050000
NaN,NaN,434.030000,640.000000,526.970000,660.050000
NaN,NaN,434.020000,640.000000,526.960000,660.050000
NaN,NaN,434.010000,640.000000,526.960000,660.050000
NaN,NaN,434.020000,640.010000,526.960000,660.050000
NaN,NaN,434.010000,640.010000,526.950000,660.050000
NaN,NaN,434.010000,640.010000,526.950000,660.060000
NaN,NaN,434.010000,640.010000,526.950000,660.070000
NaN,NaN,434.010000,640.010000,526.950000,660.070000
NaN,NaN,434.010000,640.010000,526.960000,660.070000
NaN,NaN,434.010000,640.010000,526.950000,660.070000
NaN,NaN,434.010000,640.010000,526.950000,660.070000
NaN,NaN,434.010000,640.010000,526.960000,660.070000
NaN,NaN,434.020000,640.010000,526.950000,660.070000
NaN,NaN,434.020000,640.010000,526.960000,660.070000
NaN,NaN,434.020000,640.020000,526.960000,660.080000
NaN,NaN,434.020000,640.010000,526.950000,660.080000
NaN,NaN,434.010000,640.020000,526.940000,660.070000
NaN,NaN,434.010000,640.020000,526.940000,660.080000
NaN,NaN,434.010000,640.020000,526.950000,660.080000
NaN,NaN,434.010000,640.020000,526.950000,660.080000
NaN,NaN,434.010000,640.020000,526.950000,660.080000
NaN,NaN,434.010000,640.020000,526.940000,660.080000
NaN,NaN,434.020000,640.000000,526.940000,660.090000
NaN,NaN,434.030000,640.020000,526.940000,660.090000
NaN,NaN,434.030000,640.020000,526.940000,660.090000
NaN,NaN,434.030000,640.020000,526.940000,660.090000
NaN,NaN,434.020000,640.020000,526.940000,660.100000
NaN,NaN,434.020000,640.020000,526.940000,660.100000
NaN,NaN,434.010000,640.020000,526.940000,660.110000
NaN,NaN,434.020000,640.020000,526.940000,660.110000
NaN,NaN,434.020000,640.020000,526.940000,660.110000
NaN,NaN,434.020000,640.030000,526.940000,660.120000
NaN,NaN,434.020000,640.020000,526.940000,660.120000
NaN,NaN,434.020000,640.020000,526.930000,660.110000
NaN,NaN,434.010000,640.020000,526.930000,660.120000
NaN,NaN,434.010000,640.030000,526.930000,660.120000
NaN,NaN,434.010000,640.030000,526.930000,660.130000
NaN,NaN,434.020000,640.020000,526.920000,660.150000
NaN,NaN,434.010000,640.030000,526.920000,660.130000
NaN,NaN,434.020000,640.040000,526.920000,660.140000
NaN,NaN,434.020000,640.040000,526.920000,660.140000
NaN,NaN,434.020000,640.030000,526.920000,660.140000
NaN,NaN,434.020000,640.030000,526.920000,660.140000
NaN,NaN,434.020000,640.030000,526.920000,660.140000
NaN,NaN,434.020000,640.030000,526.920000,660.140000
NaN,NaN,434.020000,640.030000,526.920000,660.140000
NaN,NaN,434.020000,640.030000,526.910000,660.150000
NaN,NaN,434.020000,640.030000,526.900000,660.150000
NaN,NaN,434.020000,640.030000,526.900000,660.160000
NaN,NaN,434.020000,640.030000,526.910000,660.150000
NaN,NaN,434.030000,640.040000,526.910000,660.160000
NaN,NaN,434.030000,640.030000,526.910000,660.160000
NaN,NaN,434.020000,640.030000,526.900000,660.170000
NaN,NaN,434.020000,640.030000,526.900000,660.170000
NaN,NaN,434.010000,640.030000,526.900000,660.170000
NaN,NaN,434.020000,640.030000,526.900000,660.170000
NaN,NaN,434.020000,640.040000,526.900000,660.170000
NaN,NaN,434.020000,640.040000,526.900000,660.160000
NaN,NaN,434.030000,640.040000,526.900000,660.180000
NaN,NaN,434.020000,640.040000,526.890000,660.180000
NaN,NaN,434.020000,640.040000,526.890000,660.170000
NaN,NaN,434.020000,640.040000,526.900000,660.180000
NaN,NaN,434.030000,640.050000,526.890000,660.180000
NaN,NaN,434.020000,640.050000,526.890000,660.180000
NaN,NaN,434.020000,640.040000,526.890000,660.190000
NaN,NaN,434.020000,640.040000,526.890000,660.190000
NaN,NaN,434.010000,640.050000,526.890000,660.200000
NaN,NaN,434.020000,640.050000,526.880000,660.200000
NaN,NaN,434.010000,640.050000,526.880000,660.200000
NaN,NaN,434.010000,640.050000,526.880000,660.210000
NaN,NaN,434.010000,640.040000,526.870000,660.220000
NaN,NaN,434.010000,640.050000,526.880000,660.220000
NaN,NaN,434.020000,640.050000,526.870000,660.220000
NaN,NaN,434.010000,640.050000,526.870000,660.220000
NaN,NaN,434.020000,640.060000,526.860000,660.230000
NaN,NaN,434.010000,640.060000,526.870000,660.220000
NaN,NaN,434.010000,640.050000,526.870000,660.220000
NaN,NaN,434.010000,640.060000,526.870000,660.230000
NaN,NaN,434.010000,640.060000,526.870000,660.230000
NaN,NaN,434.010000,640.060000,526.870000,660.240000
NaN,NaN,434.010000,640.060000,526.870000,660.250000
NaN,NaN,434.000000,640.060000,526.870000,660.240000
NaN,NaN,434.010000,640.070000,526.850000,660.260000
NaN,NaN,434.000000,640.060000,526.860000,660.250000
NaN,NaN,434.000000,640.060000,526.850000,660.250000
NaN,NaN,434.000000,640.070000,526.850000,660.240000
NaN,NaN,434.000000,640.070000,526.850000,660.240000
NaN,NaN,434.000000,640.070000,526.850000,660.250000
NaN,NaN,434.000000,640.070000,526.850000,660.260000
NaN,NaN,434.000000,640.070000,526.850000,660.260000
NaN,NaN,434.000000,640.070000,526.850000,660.260000
NaN,NaN,434.000000,640.080000,526.850000,660.270000
NaN,NaN,434.010000,640.080000,526.840000,660.270000
NaN,NaN,434.000000,640.080000,526.840000,660.260000
NaN,NaN,434.000000,640.080000,526.840000,660.260000
NaN,NaN,434.000000,640.090000,526.840000,660.270000
NaN,NaN,434.000000,640.080000,526.840000,660.270000
NaN,NaN,434.000000,640.070000,526.840000,660.280000
NaN,NaN,434.000000,640.080000,526.830000,660.280000
NaN,NaN,434.010000,640.080000,526.830000,660.290000
NaN,NaN,434.010000,640.080000,526.830000,660.280000
NaN,NaN,434.010000,640.090000,526.830000,660.290000
NaN,NaN,434.000000,640.090000,526.830000,660.280000
NaN,NaN,434.010000,640.090000,526.830000,660.280000
NaN,NaN,434.000000,640.090000,526.830000,660.280000
NaN,NaN,434.000000,640.080000,526.830000,660.280000
NaN,NaN,434.000000,640.090000,526.820000,660.290000
NaN,NaN,434.000000,640.080000,526.820000,660.300000
NaN,NaN,434.000000,640.090000,526.820000,660.300000
NaN,NaN,434.000000,640.090000,526.820000,660.290000
NaN,NaN,434.000000,640.090000,526.820000,660.290000
NaN,NaN,434.000000,640.090000,526.820000,660.280000
NaN,NaN,434.000000,640.080000,526.800000,660.290000
NaN,NaN,434.000000,640.090000,526.800000,660.290000
NaN,NaN,434.000000,640.100000,526.800000,660.290000
NaN,NaN,434.000000,640.090000,526.800000,660.300000
NaN,NaN,434.000000,640.090000,526.810000,660.300000
NaN,NaN,434.000000,640.090000,526.800000,660.310000
NaN,NaN,433.990000,640.090000,526.800000,660.310000
NaN,NaN,434.000000,640.090000,526.810000,660.310000
NaN,NaN,434.000000,640.100000,526.810000,660.310000
NaN,NaN,434.000000,640.100000,526.800000,660.320000
NaN,NaN,434.000000,640.100000,526.790000,660.320000
NaN,NaN,434.000000,640.090000,526.790000,660.310000
NaN,NaN,434.000000,640.100000,526.790000,660.310000
NaN,NaN,434.000000,640.100000,526.790000,660.320000
NaN,NaN,433.990000,640.100000,526.790000,660.320000
NaN,NaN,433.990000,640.110000,526.770000,660.310000
NaN,NaN,433.990000,640.100000,526.770000,660.320000
NaN,NaN,433.990000,640.100000,526.770000,660.320000
NaN,NaN,433.980000,640.100000,526.770000,660.330000
NaN,NaN,433.990000,640.100000,526.780000,660.320000
NaN,NaN,434.000000,640.100000,526.780000,660.310000
NaN,NaN,433.990000,640.110000,526.780000,660.310000
NaN,NaN,433.990000,640.110000,526.780000,660.320000
NaN,NaN,433.990000,640.110000,526.790000,660.320000
NaN,NaN,433.990000,640.120000,526.780000,660.320000
NaN,NaN,433.980000,640.120000,526.780000,660.320000
NaN,NaN,433.980000,640.120000,526.770000,660.320000
NaN,NaN,433.990000,640.120000,526.780000,660.320000
NaN,NaN,433.980000,640.120000,526.770000,660.300000
NaN,NaN,433.980000,640.130000,526.770000,660.310000
NaN,NaN,433.980000,640.130000,526.750000,660.320000
NaN,NaN,433.970000,640.130000,526.760000,660.320000
NaN,NaN,433.970000,640.130000,526.760000,660.330000
NaN,NaN,433.970000,640.130000,526.750000,660.330000
NaN,NaN,433.970000,640.130000,526.760000,660.340000
NaN,NaN,433.980000,640.130000,526.770000,660.330000
NaN,NaN,433.980000,640.120000,526.760000,660.330000
NaN,NaN,433.970000,640.130000,526.770000,660.330000
NaN,NaN,433.970000,640.130000,526.760000,660.330000
NaN,NaN,433.970000,640.120000,526.770000,660.330000
NaN,NaN,433.970000,640.130000,526.760000,660.340000
NaN,NaN,433.970000,640.140000,526.760000,660.330000
NaN,NaN,433.970000,640.130000,526.760000,660.340000
NaN,NaN,433.970000,640.140000,526.770000,660.330000
NaN,NaN,433.970000,640.140000,526.760000,660.340000
NaN,NaN,433.970000,640.130000,526.760000,660.360000
NaN,NaN,433.970000,640.130000,526.760000,660.360000
NaN,NaN,433.960000,640.140000,526.760000,660.360000
NaN,NaN,433.960000,640.140000,526.750000,660.350000
NaN,NaN,433.960000,640.140000,526.750000,660.350000
NaN,NaN,433.970000,640.140000,526.740000,660.360000
NaN,NaN,433.960000,640.140000,526.740000,660.360000
NaN,NaN,433.960000,640.140000,526.750000,660.360000
NaN,NaN,433.960000,640.140000,526.740000,660.360000
NaN,NaN,433.960000,640.140000,526.750000,660.360000
NaN,NaN,433.960000,640.140000,526.750000,660.370000
NaN,NaN,433.960000,640.130000,526.760000,660.370000
NaN,NaN,433.960000,640.140000,526.750000,660.360000
NaN,NaN,433.960000,640.140000,526.740000,660.360000
NaN,NaN,433.960000,640.150000,526.750000,660.370000
NaN,NaN,433.950000,640.160000,526.740000,660.360000
NaN,NaN,433.960000,640.160000,526.740000,660.360000
NaN,NaN,433.960000,640.160000,526.740000,660.370000
NaN,NaN,433.960000,640.150000,526.740000,660.370000
NaN,NaN,433.960000,640.160000,526.740000,660.370000
NaN,NaN,433.950000,640.160000,526.740000,660.380000
NaN,NaN,433.950000,640.160000,526.740000,660.390000
NaN,NaN,433.950000,640.150000,526.740000,660.380000
NaN,NaN,433.950000,640.150000,526.750000,660.380000
NaN,NaN,433.950000,640.160000,526.750000,660.380000
NaN,NaN,433.950000,640.160000,526.730000,660.370000
NaN,NaN,433.940000,640.160000,526.730000,660.360000
NaN,NaN,433.950000,640.160000,526.740000,660.360000
NaN,NaN,433.950000,640.170000,526.730000,660.360000
NaN,NaN,433.950000,640.160000,526.730000,660.360000
NaN,NaN,433.940000,640.170000,526.710000,660.370000
NaN,NaN,433.940000,640.170000,526.730000,660.360000
NaN,NaN,433.940000,640.170000,526.720000,660.360000
NaN,NaN,433.940000,640.170000,526.730000,660.360000
NaN,NaN,433.940000,640.170000,526.720000,660.360000
NaN,NaN,433.950000,640.170000,526.730000,660.370000
NaN,NaN,433.950000,640.170000,526.730000,660.360000
NaN,NaN,433.950000,640.170000,526.720000,660.360000
NaN,NaN,433.950000,640.170000,526.730000,660.380000
NaN,NaN,433.940000,640.170000,526.720000,660.380000
NaN,NaN,433.940000,640.170000,526.730000,660.360000
NaN,NaN,433.940000,640.180000,526.720000,660.370000
NaN,NaN,433.940000,640.180000,526.720000,660.370000
NaN,NaN,433.940000,640.180000,526.730000,660.360000
NaN,NaN,433.940000,640.180000,526.730000,660.360000
NaN,NaN,433.930000,640.180000,526.700000,660.380000
NaN,NaN,433.930000,640.180000,526.710000,660.370000
NaN,NaN,433.930000,640.180000,526.700000,660.370000
NaN,NaN,433.940000,640.170000,526.700000,660.360000
NaN,NaN,433.930000,640.180000,526.700000,660.360000
NaN,NaN,433.930000,640.170000,526.710000,660.360000
NaN,NaN,433.930000,640.180000,526.720000,660.360000
NaN,NaN,433.930000,640.180000,526.710000,660.370000
NaN,NaN,433.930000,640.180000,526.700000,660.370000
NaN,NaN,433.930000,640.180000,526.690000,660.360000
NaN,NaN,433.930000,640.180000,526.710000,660.360000
NaN,NaN,433.930000,640.180000,526.700000,660.370000
NaN,NaN,433.930000,640.180000,526.710000,660.370000
NaN,NaN,433.930000,640.180000,526.710000,660.370000
NaN,NaN,433.930000,640.180000,526.700000,660.370000
NaN,NaN,433.920000,640.190000,526.720000,660.360000
NaN,NaN,433.920000,640.180000,526.720000,660.350000
NaN,NaN,433.920000,640.180000,526.710000,660.350000
NaN,NaN,433.930000,640.180000,526.710000,660.360000
NaN,NaN,433.930000,640.180000,526.700000,660.350000
NaN,NaN,433.930000,640.190000,526.700000,660.360000
NaN,NaN,433.920000,640.190000,526.710000,660.360000
NaN,NaN,433.920000,640.190000,526.710000,660.360000
NaN,NaN,433.930000,640.200000,526.710000,660.360000
NaN,NaN,433.920000,640.180000,526.710000,660.370000
NaN,NaN,433.910000,640.190000,526.710000,660.360000
NaN,NaN,433.920000,640.190000,526.710000,660.360000
NaN,NaN,433.920000,640.180000,526.700000,660.360000
NaN,NaN,433.910000,640.190000,526.710000,660.370000
NaN,NaN,433.920000,640.190000,526.700000,660.350000
NaN,NaN,433.920000,640.190000,526.710000,660.350000
NaN,NaN,433.920000,640.190000,526.710000,660.360000
NaN,NaN,433.910000,640.190000,526.700000,660.360000
NaN,NaN,433.910000,640.200000,526.700000,660.340000
NaN,NaN,433.910000,640.190000,526.700000,660.350000
NaN,NaN,433.910000,640.190000,526.690000,660.340000
NaN,NaN,433.910000,640.190000,526.710000,660.340000
NaN,NaN,433.910000,640.200000,526.710000,660.340000
NaN,NaN,433.910000,640.200000,526.700000,660.350000
NaN,NaN,433.910000,640.200000,526.710000,660.350000
NaN,NaN,433.910000,640.200000,526.700000,660.350000
NaN,NaN,433.910000,640.200000,526.690000,660.340000
NaN,NaN,433.920000,640.200000,526.700000,660.340000
NaN,NaN,433.910000,640.210000,526.700000,660.340000
NaN,NaN,433.910000,640.210000,526.690000,660.340000
NaN,NaN,433.920000,640.200000,526.680000,660.360000
NaN,NaN,433.910000,640.200000,526.680000,660.360000
NaN,NaN,433.910000,640.200000,526.680000,660.360000
NaN,NaN,433.910000,640.210000,526.680000,660.360000
NaN,NaN,433.910000,640.210000,526.700000,660.350000
NaN,NaN,433.910000,640.210000,526.690000,660.360000
NaN,NaN,433.910000,640.200000,526.680000,660.350000
NaN,NaN,433.910000,640.210000,526.690000,660.360000
NaN,NaN,433.910000,640.210000,526.700000,660.350000
NaN,NaN,433.910000,640.210000,526.690000,660.360000
NaN,NaN,433.910000,640.210000,526.690000,660.350000
NaN,NaN,433.910000,640.200000,526.700000,660.350000
NaN,NaN,433.900000,640.190000,526.690000,660.340000
NaN,NaN,433.900000,640.200000,526.700000,660.340000
NaN,NaN,433.900000,640.200000,526.700000,660.320000
NaN,NaN,433.890000,640.200000,526.670000,660.340000
NaN,NaN,433.890000,640.210000,526.680000,660.340000
NaN,NaN,433.890000,640.210000,526.670000,660.330000
NaN,NaN,433.880000,640.210000,526.670000,660.330000
NaN,NaN,433.890000,640.210000,526.680000,660.320000
NaN,NaN,433.880000,640.200000,526.680000,660.330000
NaN,NaN,433.880000,640.200000,526.690000,660.330000
NaN,NaN,433.890000,640.210000,526.690000,660.330000
NaN,NaN,433.890000,640.200000,526.690000,660.320000
NaN,NaN,433.880000,640.200000,526.690000,660.340000
NaN,NaN,433.880000,640.200000,526.680000,660.330000
NaN,NaN,433.880000,640.190000,526.680000,660.330000
NaN,NaN,433.880000,640.190000,526.680000,660.320000
NaN,NaN,433.880000,640.190000,526.680000,660.310000
NaN,NaN,433.880000,640.190000,526.690000,660.310000
NaN,NaN,433.890000,640.210000,526.690000,660.290000
NaN,NaN,433.900000,640.200000,526.700000,660.310000
NaN,NaN,433.890000,640.200000,526.690000,660.290000
NaN,NaN,433.890000,640.190000,526.680000,660.290000
NaN,NaN,433.890000,640.210000,526.690000,660.280000
NaN,NaN,433.890000,640.200000,526.680000,660.280000
NaN,NaN,433.890000,640.200000,526.690000,660.290000
NaN,NaN,433.890000,640.200000,526.680000,660.290000
NaN,NaN,433.900000,640.200000,526.670000,660.280000
NaN,NaN,433.900000,640.200000,526.690000,660.280000
NaN,NaN,433.890000,640.200000,526.680000,660.290000
NaN,NaN,433.890000,640.190000,526.690000,660.280000
NaN,NaN,433.890000,640.200000,526.680000,660.280000
NaN,NaN,433.880000,640.200000,526.700000,660.270000
NaN,NaN,433.880000,640.200000,526.690000,660.270000
NaN,NaN,433.890000,640.210000,525.736310,660.855836
NaN,NaN,433.890000,640.210000,525.890000,660.990000
NaN,NaN,433.880000,640.200000,526.000000,660.990000
NaN,NaN,433.880000,640.200000,526.000000,661.000000
NaN,NaN,433.880000,640.190000,526.000000,661.000000
NaN,NaN,433.870000,640.200000,526.000000,660.990000
NaN,NaN,433.880000,640.190000,526.000000,660.990000
NaN,NaN,433.880000,640.200000,526.000000,660.990000
NaN,NaN,433.880000,640.200000,526.000000,661.000000
NaN,NaN,433.880000,640.200000,526.000000,661.000000
NaN,NaN,433.880000,640.200000,526.000000,661.000000
NaN,NaN,433.880000,640.200000,526.000000,661.000000
NaN,NaN,433.880000,640.200000,526.000000,661.000000
NaN,NaN,433.880000,640.200000,525.990000,661.000000
NaN,NaN,433.860000,640.190000,525.990000,661.010000
NaN,NaN,433.870000,640.200000,525.980000,661.000000
NaN,NaN,433.870000,640.210000,525.980000,661.000000
NaN,NaN,433.880000,640.200000,525.980000,661.000000
NaN,NaN,433.870000,640.200000,525.990000,661.010000
NaN,NaN,433.870000,640.200000,525.990000,661.010000
NaN,NaN,433.880000,640.200000,525.990000,661.010000
NaN,NaN,433.880000,640.190000,525.980000,661.010000
NaN,NaN,433.880000,640.190000,525.980000,661.010000
NaN,NaN,433.880000,640.200000,525.980000,661.000000
NaN,NaN,433.880000,640.190000,525.980000,661.010000
NaN,NaN,433.880000,640.190000,525.980000,661.010000
NaN,NaN,433.860000,640.200000,525.970000,661.010000
NaN,NaN,433.860000,640.200000,525.970000,661.010000
NaN,NaN,433.870000,640.200000,525.970000,661.010000
NaN,NaN,433.860000,640.200000,525.970000,661.010000
NaN,NaN,433.870000,640.200000,525.960000,661.020000
NaN,NaN,433.870000,640.200000,525.960000,661.010000
NaN,NaN,433.870000,640.190000,525.970000,661.010000
NaN,NaN,433.870000,640.190000,525.960000,661.010000
NaN,NaN,433.870000,640.190000,525.970000,661.010000
NaN,NaN,433.860000,640.190000,525.960000,661.010000
NaN,NaN,433.870000,640.190000,525.960000,661.010000
NaN,NaN,433.860000,640.190000,525.960000,661.010000
NaN,NaN,433.870000,640.180000,525.960000,661.010000
NaN,NaN,433.870000,640.180000,525.960000,661.010000
NaN,NaN,433.870000,640.180000,525.970000,661.010000
NaN,NaN,433.870000,640.190000,525.960000,661.020000
NaN,NaN,433.860000,640.190000,525.960000,661.010000
NaN,NaN,433.870000,640.190000,525.960000,661.010000
NaN,NaN,433.870000,640.180000,525.960000,661.010000
NaN,NaN,433.870000,640.200000,525.950000,661.010000
NaN,NaN,433.860000,640.190000,525.950000,661.010000
NaN,NaN,433.860000,640.190000,525.950000,661.010000
NaN,NaN,433.870000,640.180000,525.950000,661.010000
NaN,NaN,433.860000,640.190000,525.950000,661.010000
NaN,NaN,433.870000,640.190000,525.950000,661.020000
NaN,NaN,433.870000,640.190000,525.950000,661.020000
NaN,NaN,433.870000,640.200000,525.950000,661.010000
NaN,NaN,433.870000,640.190000,525.940000,661.010000
NaN,NaN,433.860000,640.190000,525.940000,661.010000
NaN,NaN,433.860000,640.190000,525.950000,661.010000
NaN,NaN,433.860000,640.190000,525.940000,661.020000
NaN,NaN,433.860000,640.190000,525.940000,661.020000
NaN,NaN,433.860000,640.190000,525.950000,661.020000
NaN,NaN,433.850000,640.190000,525.940000,661.020000
NaN,NaN,433.860000,640.190000,525.930000,661.020000
NaN,NaN,433.850000,640.170000,525.940000,661.010000
NaN,NaN,433.850000,640.170000,525.930000,661.010000
NaN,NaN,433.850000,640.180000,525.940000,661.010000
NaN,NaN,433.850000,640.170000,525.930000,661.020000
NaN,NaN,433.850000,640.180000,525.930000,661.010000
NaN,NaN,433.840000,640.170000,525.930000,661.020000
NaN,NaN,433.840000,640.170000,525.930000,661.020000
NaN,NaN,433.840000,640.170000,525.920000,661.020000
NaN,NaN,433.840000,640.170000,525.930000,661.020000
NaN,NaN,433.850000,640.170000,525.930000,661.020000
NaN,NaN,433.850000,640.180000,525.930000,661.020000
NaN,NaN,433.850000,640.170000,525.930000,661.020000
NaN,NaN,433.840000,640.170000,525.930000,661.020000
NaN,NaN,433.840000,640.170000,525.930000,661.020000
NaN,NaN,433.870000,640.190000,525.920000,661.020000
NaN,NaN,433.860000,640.170000,525.920000,661.020000
NaN,NaN,433.860000,640.170000,525.930000,661.010000
NaN,NaN,433.870000,640.170000,525.930000,661.020000
NaN,NaN,433.860000,640.170000,525.920000,661.020000
NaN,NaN,433.860000,640.170000,525.920000,661.020000
NaN,NaN,433.850000,640.170000,525.920000,661.010000
NaN,NaN,433.860000,640.170000,525.930000,661.020000
NaN,NaN,433.850000,640.170000,525.920000,661.010000
NaN,NaN,433.850000,640.170000,525.920000,661.010000
NaN,NaN,433.860000,640.170000,525.920000,661.010000
NaN,NaN,433.850000,640.180000,525.920000,661.010000
NaN,NaN,433.860000,640.180000,525.920000,661.020000
NaN,NaN,433.860000,640.170000,525.930000,661.010000
NaN,NaN,433.850000,640.170000,525.920000,661.020000
NaN,NaN,433.850000,640.170000,525.910000,661.020000
NaN,NaN,433.850000,640.160000,525.910000,661.020000
NaN,NaN,433.860000,640.160000,525.920000,661.020000
NaN,NaN,433.860000,640.160000,525.920000,661.010000
NaN,NaN,433.850000,640.160000,525.920000,661.010000
NaN,NaN,433.850000,640.160000,525.920000,661.010000
NaN,NaN,433.850000,640.170000,525.920000,661.010000
NaN,NaN,433.850000,640.160000,525.910000,661.020000
NaN,NaN,433.860000,640.150000,525.920000,661.020000
NaN,NaN,433.860000,640.150000,525.920000,661.020000
NaN,NaN,433.860000,640.160000,525.910000,661.020000
NaN,NaN,433.850000,640.150000,525.910000,661.020000
NaN,NaN,433.850000,640.150000,525.910000,661.010000
NaN,NaN,433.850000,640.150000,525.910000,661.020000
NaN,NaN,433.860000,640.150000,525.910000,661.020000
NaN,NaN,433.860000,640.150000,525.910000,661.020000
NaN,NaN,433.860000,640.150000,525.900000,661.020000
NaN,NaN,433.860000,640.150000,525.900000,661.030000
NaN,NaN,433.850000,640.150000,525.900000,661.020000
NaN,NaN,433.850000,640.160000,525.910000,661.020000
NaN,NaN,433.860000,640.160000,525.910000,661.020000
NaN,NaN,433.850000,640.160000,525.910000,661.020000
NaN,NaN,433.850000,640.160000,525.910000,661.020000
NaN,NaN,433.860000,640.150000,525.910000,661.020000
NaN,NaN,433.860000,640.160000,525.900000,661.030000
NaN,NaN,433.860000,640.150000,525.900000,661.030000
NaN,NaN,433.870000,640.170000,525.900000,661.040000
NaN,NaN,433.870000,640.150000,525.890000,661.040000
NaN,NaN,433.870000,640.150000,525.890000,661.040000
NaN,NaN,433.860000,640.150000,525.890000,661.040000
NaN,NaN,433.870000,640.150000,525.880000,661.030000
NaN,NaN,433.860000,640.150000,525.890000,661.030000
NaN,NaN,433.860000,640.150000,525.890000,661.020000
NaN,NaN,433.860000,640.140000,525.890000,661.030000
NaN,NaN,433.870000,640.140000,525.890000,661.030000
NaN,NaN,433.860000,640.140000,525.890000,661.030000
NaN,NaN,433.870000,640.150000,525.890000,661.030000
NaN,NaN,433.860000,640.150000,525.890000,661.030000
NaN,NaN,433.860000,640.150000,525.890000,661.030000
NaN,NaN,433.860000,640.150000,525.890000,661.030000
NaN,NaN,433.860000,640.140000,525.890000,661.040000
NaN,NaN,433.870000,640.140000,525.890000,661.040000
NaN,NaN,433.870000,640.140000,525.880000,661.040000
NaN,NaN,433.870000,640.150000,525.880000,661.040000
NaN,NaN,433.870000,640.150000,525.880000,661.040000
NaN,NaN,433.880000,640.140000,525.870000,661.050000
NaN,NaN,433.880000,640.140000,525.870000,661.050000
NaN,NaN,433.880000,640.140000,525.870000,661.050000
NaN,NaN,433.880000,640.130000,525.870000,661.050000
NaN,NaN,433.880000,640.140000,525.870000,661.050000
NaN,NaN,433.880000,640.140000,525.860000,661.050000
NaN,NaN,433.880000,640.140000,525.860000,661.050000
NaN,NaN,433.880000,640.140000,525.870000,661.060000
NaN,NaN,433.880000,640.140000,525.870000,661.060000
NaN,NaN,433.890000,640.140000,525.860000,661.060000
NaN,NaN,433.890000,640.140000,525.860000,661.060000
NaN,NaN,433.890000,640.130000,525.860000,661.070000
NaN,NaN,433.890000,640.130000,525.860000,661.070000
NaN,NaN,433.890000,640.140000,525.860000,661.070000
NaN,NaN,433.890000,640.130000,525.860000,661.070000
NaN,NaN,433.890000,640.140000,525.850000,661.060000
NaN,NaN,433.900000,640.130000,525.860000,661.070000
NaN,NaN,433.900000,640.130000,525.850000,661.060000
NaN,NaN,433.900000,640.120000,525.860000,661.070000
NaN,NaN,433.900000,640.120000,525.850000,661.080000
NaN,NaN,433.900000,640.120000,525.850000,661.080000
NaN,NaN,433.900000,640.120000,525.850000,661.080000
NaN,NaN,433.910000,640.120000,525.860000,661.080000
NaN,NaN,433.910000,640.130000,525.860000,661.080000
NaN,NaN,433.910000,640.130000,525.860000,661.080000
NaN,NaN,433.920000,640.130000,525.850000,661.080000
NaN,NaN,433.920000,640.130000,525.850000,661.080000
NaN,NaN,433.920000,640.130000,525.850000,661.080000
NaN,NaN,433.930000,640.120000,525.840000,661.080000
NaN,NaN,433.920000,640.120000,525.840000,661.080000
NaN,NaN,433.930000,640.120000,525.850000,661.080000
NaN,NaN,433.930000,640.120000,525.850000,661.080000
NaN,NaN,433.930000,640.110000,525.850000,661.080000
NaN,NaN,433.940000,640.120000,525.860000,661.090000
NaN,NaN,433.940000,640.120000,525.850000,661.090000
NaN,NaN,433.940000,640.120000,525.850000,661.090000
NaN,NaN,433.950000,640.120000,525.840000,661.090000
NaN,NaN,433.960000,640.120000,525.850000,661.090000
NaN,NaN,433.960000,640.120000,525.850000,661.100000
NaN,NaN,433.950000,640.110000,525.850000,661.100000
NaN,NaN,433.950000,640.110000,525.850000,661.100000
NaN,NaN,433.960000,640.110000,525.850000,661.090000
NaN,NaN,433.960000,640.110000,525.850000,661.090000
NaN,NaN,433.960000,640.110000,525.850000,661.100000
NaN,NaN,433.960000,640.110000,525.850000,661.100000
NaN,NaN,433.970000,640.100000,525.850000,661.100000
NaN,NaN,433.980000,640.090000,525.850000,661.090000
NaN,NaN,433.980000,640.100000,525.850000,661.090000
NaN,NaN,433.990000,640.100000,525.850000,661.090000
NaN,NaN,433.990000,640.100000,525.850000,661.090000
NaN,NaN,434.000000,640.090000,525.850000,661.100000
NaN,NaN,434.010000,640.100000,525.850000,661.090000
NaN,NaN,434.010000,640.090000,525.850000,661.100000
NaN,NaN,434.010000,640.090000,525.860000,661.100000
NaN,NaN,434.010000,640.090000,525.860000,661.100000
NaN,NaN,434.020000,640.100000,525.860000,661.090000
NaN,NaN,434.020000,640.100000,525.860000,661.100000
NaN,NaN,434.030000,640.090000,525.860000,661.100000
NaN,NaN,434.040000,640.090000,525.860000,661.100000
NaN,NaN,434.030000,640.100000,525.860000,661.100000
NaN,NaN,434.040000,640.090000,525.860000,661.110000
NaN,NaN,434.050000,640.090000,525.870000,661.100000
NaN,NaN,434.050000,640.080000,525.860000,661.100000
NaN,NaN,434.050000,640.080000,525.870000,661.110000
NaN,NaN,434.060000,640.080000,525.870000,661.110000
NaN,NaN,434.060000,640.080000,525.860000,661.100000
NaN,NaN,434.070000,640.080000,525.860000,661.100000
NaN,NaN,434.080000,640.080000,525.860000,661.110000
NaN,NaN,434.080000,640.080000,525.870000,661.110000
NaN,NaN,434.090000,640.080000,525.870000,661.110000
NaN,NaN,434.090000,640.080000,525.870000,661.100000
NaN,NaN,434.100000,640.080000,525.870000,661.100000
NaN,NaN,434.100000,640.080000,525.880000,661.100000
NaN,NaN,434.110000,640.080000,525.870000,661.100000
NaN,NaN,434.120000,640.080000,525.880000,661.100000
NaN,NaN,434.140000,640.100000,525.890000,661.110000
NaN,NaN,434.140000,640.090000,525.890000,661.120000
NaN,NaN,434.140000,640.080000,525.890000,661.120000
NaN,NaN,434.140000,640.090000,525.890000,661.110000
NaN,NaN,434.150000,640.090000,525.890000,661.110000
NaN,NaN,434.150000,640.090000,525.890000,661.110000
NaN,NaN,434.160000,640.090000,525.890000,661.110000
NaN,NaN,434.170000,640.080000,525.890000,661.110000
NaN,NaN,434.160000,640.080000,525.890000,661.110000
NaN,NaN,434.170000,640.080000,525.890000,661.110000
NaN,NaN,434.170000,640.080000,525.900000,661.110000
NaN,NaN,434.180000,640.080000,525.900000,661.110000
NaN,NaN,434.190000,640.080000,525.900000,661.110000
NaN,NaN,434.200000,640.080000,525.900000,661.110000
NaN,NaN,434.210000,640.070000,525.890000,661.100000
NaN,NaN,434.240000,640.070000,525.890000,661.100000
NaN,NaN,434.230000,640.070000,525.890000,661.100000
NaN,NaN,434.230000,640.070000,525.900000,661.100000
NaN,NaN,434.230000,640.090000,525.900000,661.110000
NaN,NaN,434.230000,640.080000,525.900000,661.100000
NaN,NaN,434.230000,640.090000,525.900000,661.100000
NaN,NaN,434.240000,640.090000,525.910000,661.110000
NaN,NaN,434.250000,640.090000,525.910000,661.100000
NaN,NaN,434.250000,640.090000,525.910000,661.100000
NaN,NaN,434.260000,640.090000,525.920000,661.100000
NaN,NaN,434.270000,640.100000,525.910000,661.100000
NaN,NaN,434.280000,640.090000,525.920000,661.110000
NaN,NaN,434.280000,640.090000,525.920000,661.110000
NaN,NaN,434.300000,640.080000,525.920000,661.100000
NaN,NaN,434.310000,640.080000,525.930000,661.100000
NaN,NaN,434.320000,640.090000,525.930000,661.100000
NaN,NaN,434.330000,640.100000,525.930000,661.110000
NaN,NaN,434.330000,640.090000,525.930000,661.110000
NaN,NaN,434.340000,640.090000,525.930000,661.110000
NaN,NaN,434.350000,640.100000,525.940000,661.110000
NaN,NaN,434.340000,640.100000,525.940000,661.110000
NaN,NaN,434.350000,640.090000,525.940000,661.100000
NaN,NaN,434.370000,640.090000,525.940000,661.100000
NaN,NaN,434.390000,640.090000,525.950000,661.100000
NaN,NaN,434.400000,640.090000,525.950000,661.100000
NaN,NaN,434.390000,640.090000,525.950000,661.100000
NaN,NaN,434.400000,640.100000,525.960000,661.100000
NaN,NaN,434.420000,640.090000,525.960000,661.090000
NaN,NaN,434.430000,640.100000,525.960000,661.090000
NaN,NaN,434.430000,640.100000,525.970000,661.100000
NaN,NaN,434.490000,640.110000,525.980000,661.110000
NaN,NaN,434.740000,640.080000,525.980000,661.100000
NaN,NaN,434.750000,640.070000,525.980000,661.100000
NaN,NaN,434.760000,640.080000,525.980000,661.100000
NaN,NaN,434.770000,640.090000,525.980000,661.090000
NaN,NaN,434.780000,640.100000,525.990000,661.090000
NaN,NaN,434.770000,640.110000,525.990000,661.090000
NaN,NaN,434.810000,640.110000,526.000000,661.090000
NaN,NaN,434.810000,640.110000,526.000000,661.090000
NaN,NaN,434.820000,640.110000,526.000000,661.090000
NaN,NaN,434.830000,640.120000,526.000000,661.090000
NaN,NaN,434.870000,640.120000,526.010000,661.100000
NaN,NaN,434.890000,640.150000,526.010000,661.090000
NaN,NaN,434.930000,640.130000,526.010000,661.090000
NaN,NaN,434.930000,640.130000,526.010000,661.080000
NaN,NaN,434.980000,640.140000,526.010000,661.080000
NaN,NaN,434.990000,640.130000,526.010000,661.080000
NaN,NaN,435.000000,640.130000,526.010000,661.080000
NaN,NaN,435.010000,640.130000,526.010000,661.090000
NaN,NaN,435.020000,640.130000,526.010000,661.090000
NaN,NaN,435.030000,640.140000,526.020000,661.090000
NaN,NaN,435.060000,640.160000,526.030000,661.100000
NaN,NaN,435.080000,640.170000,526.030000,661.090000
NaN,NaN,435.090000,640.180000,526.030000,661.080000
NaN,NaN,435.130000,640.180000,526.030000,661.080000
NaN,NaN,435.150000,640.170000,526.030000,661.080000
NaN,NaN,435.170000,640.170000,526.040000,661.090000
NaN,NaN,435.170000,640.180000,526.030000,661.090000
NaN,NaN,435.170000,640.180000,526.040000,661.090000
NaN,NaN,435.190000,640.180000,526.050000,661.100000
NaN,NaN,435.290000,640.210000,526.050000,661.090000
NaN,NaN,435.300000,640.180000,526.050000,661.100000
NaN,NaN,435.320000,640.190000,526.050000,661.090000
NaN,NaN,435.370000,640.200000,526.040000,661.090000
NaN,NaN,435.420000,640.200000,526.050000,661.100000
NaN,NaN,435.400000,640.230000,526.060000,661.090000
NaN,NaN,435.420000,640.210000,526.060000,661.090000
NaN,NaN,435.480000,640.220000,526.060000,661.090000
NaN,NaN,435.990000,640.010000,526.060000,661.090000
NaN,NaN,436.020000,640.000000,526.070000,661.090000
NaN,NaN,436.940000,638.850000,526.080000,661.090000
NaN,NaN,437.540000,638.070000,526.080000,661.090000
NaN,NaN,437.650000,637.870000,526.080000,661.090000
NaN,NaN,437.660000,638.040000,526.080000,661.090000
NaN,NaN,437.660000,638.040000,526.080000,661.080000
NaN,NaN,437.750000,637.980000,526.090000,661.070000
NaN,NaN,437.760000,637.990000,526.090000,661.070000
NaN,NaN,437.790000,638.000000,526.100000,661.070000
NaN,NaN,437.810000,637.990000,526.090000,661.070000
NaN,NaN,437.860000,637.960000,526.100000,661.070000
NaN,NaN,437.900000,637.950000,526.100000,661.080000
NaN,NaN,437.930000,637.950000,526.100000,661.070000
NaN,NaN,437.940000,637.940000,526.100000,661.070000
NaN,NaN,437.960000,637.930000,526.100000,661.070000
NaN,NaN,437.980000,637.920000,526.100000,661.070000
NaN,NaN,438.020000,637.910000,526.110000,661.070000
NaN,NaN,438.050000,637.910000,526.110000,661.060000
NaN,NaN,438.080000,637.910000,526.110000,661.060000
NaN,NaN,438.100000,637.900000,526.110000,661.060000
NaN,NaN,438.140000,637.890000,526.120000,661.070000
NaN,NaN,438.220000,637.860000,526.130000,661.060000
NaN,NaN,438.220000,637.870000,526.130000,661.060000
NaN,NaN,438.270000,637.870000,526.120000,661.060000
NaN,NaN,438.290000,637.840000,526.110000,661.060000
NaN,NaN,438.340000,637.840000,526.120000,661.060000
NaN,NaN,438.350000,637.820000,526.120000,661.060000
NaN,NaN,438.400000,637.810000,526.130000,661.060000
NaN,NaN,438.460000,637.780000,526.130000,661.060000
NaN,NaN,438.670000,637.700000,526.150000,661.060000
NaN,NaN,438.730000,637.690000,526.160000,661.050000
NaN,NaN,438.770000,637.680000,526.200000,661.060000
NaN,NaN,438.800000,637.670000,526.220000,661.050000
NaN,NaN,438.830000,637.650000,526.210000,661.060000
NaN,NaN,438.900000,637.630000,526.220000,661.050000
NaN,NaN,438.930000,637.630000,526.210000,661.050000
NaN,NaN,438.990000,637.620000,526.230000,661.040000
NaN,NaN,438.990000,637.610000,526.240000,661.040000
NaN,NaN,439.020000,637.610000,526.250000,661.040000
NaN,NaN,439.080000,637.600000,526.250000,661.040000
NaN,NaN,439.120000,637.610000,526.240000,661.030000
NaN,NaN,439.190000,637.600000,526.250000,661.020000
NaN,NaN,439.210000,637.590000,526.250000,661.020000
NaN,NaN,439.290000,637.550000,526.250000,661.020000
NaN,NaN,439.350000,637.530000,526.250000,661.020000
NaN,NaN,439.370000,637.520000,526.250000,661.020000
NaN,NaN,439.450000,637.520000,526.250000,661.020000
NaN,NaN,439.590000,637.450000,526.260000,661.010000
NaN,NaN,439.740000,637.150000,526.260000,661.010000
NaN,NaN,439.790000,637.140000,526.270000,661.020000
NaN,NaN,439.830000,637.120000,526.280000,661.020000
NaN,NaN,439.920000,637.130000,526.260000,661.010000
NaN,NaN,439.930000,637.130000,526.270000,661.010000
NaN,NaN,439.960000,637.110000,526.270000,661.010000
NaN,NaN,439.970000,637.120000,526.270000,661.000000
NaN,NaN,440.030000,637.100000,526.270000,661.000000
NaN,NaN,440.090000,637.070000,526.260000,661.000000
NaN,NaN,440.120000,637.070000,526.260000,661.000000
NaN,NaN,440.170000,637.060000,526.270000,660.990000
NaN,NaN,440.230000,637.050000,526.260000,660.990000
NaN,NaN,440.280000,637.050000,526.270000,660.980000
NaN,NaN,440.280000,637.050000,526.260000,660.970000
NaN,NaN,440.350000,637.020000,526.270000,660.970000
NaN,NaN,440.420000,637.020000,526.280000,660.970000
NaN,NaN,440.530000,637.000000,526.280000,660.970000
NaN,NaN,440.520000,637.030000,526.300000,660.970000
NaN,NaN,440.600000,637.050000,526.300000,660.960000
NaN,NaN,440.590000,637.050000,526.290000,660.960000
NaN,NaN,440.610000,637.060000,526.290000,660.960000
NaN,NaN,440.640000,637.060000,526.300000,660.960000
NaN,NaN,440.730000,637.020000,526.300000,660.960000
NaN,NaN,440.760000,637.030000,526.310000,660.970000
NaN,NaN,440.820000,637.000000,526.310000,660.970000
NaN,NaN,440.840000,637.000000,526.320000,660.970000
NaN,NaN,440.870000,637.010000,526.310000,660.970000
NaN,NaN,440.910000,637.010000,526.310000,660.970000
NaN,NaN,440.990000,636.990000,526.330000,660.970000
NaN,NaN,441.020000,636.990000,526.340000,660.960000
NaN,NaN,441.050000,636.980000,526.340000,660.970000
NaN,NaN,441.100000,636.990000,526.340000,660.960000
NaN,NaN,441.140000,637.000000,526.340000,660.960000
NaN,NaN,441.270000,636.970000,526.330000,660.960000
NaN,NaN,441.300000,636.950000,526.350000,660.960000
NaN,NaN,441.360000,636.920000,526.350000,660.950000
NaN,NaN,441.420000,636.920000,526.350000,660.960000
NaN,NaN,441.450000,636.940000,526.340000,660.960000
NaN,NaN,441.530000,636.900000,526.360000,660.960000
NaN,NaN,441.660000,636.850000,526.350000,660.960000
NaN,NaN,441.730000,636.810000,526.350000,660.960000
NaN,NaN,441.800000,636.790000,526.360000,660.950000
NaN,NaN,441.850000,636.750000,526.350000,660.950000
NaN,NaN,441.910000,636.750000,526.360000,660.950000
NaN,NaN,441.900000,636.800000,526.350000,660.950000
NaN,NaN,441.960000,636.810000,526.350000,660.950000
NaN,NaN,441.980000,636.810000,526.370000,660.950000
NaN,NaN,442.010000,636.830000,526.370000,660.960000
NaN,NaN,442.140000,636.750000,526.380000,660.950000
NaN,NaN,442.190000,636.710000,526.360000,660.950000
NaN,NaN,442.360000,636.600000,526.370000,660.950000
NaN,NaN,442.780000,636.140000,526.370000,660.960000
NaN,NaN,442.990000,635.840000,526.370000,660.950000
NaN,NaN,443.010000,635.810000,526.380000,660.950000
NaN,NaN,443.050000,635.830000,526.380000,660.950000
NaN,NaN,443.080000,635.820000,526.380000,660.950000
NaN,NaN,443.180000,635.790000,526.380000,660.940000
NaN,NaN,443.210000,635.780000,526.380000,660.940000
NaN,NaN,443.280000,635.780000,526.380000,660.940000
NaN,NaN,443.370000,635.750000,526.380000,660.930000
NaN,NaN,443.400000,635.750000,526.380000,660.930000
NaN,NaN,443.440000,635.750000,526.380000,660.930000
NaN,NaN,443.480000,635.760000,526.380000,660.930000
NaN,NaN,443.940000,635.500000,526.380000,660.920000
NaN,NaN,444.090000,635.160000,526.380000,660.920000
NaN,NaN,444.090000,635.170000,526.380000,660.920000
NaN,NaN,444.120000,635.190000,526.380000,660.920000
NaN,NaN,444.190000,635.190000,526.390000,660.920000
NaN,NaN,444.230000,635.170000,526.390000,660.920000
NaN,NaN,444.260000,635.170000,526.390000,660.920000
NaN,NaN,444.300000,635.190000,526.400000,660.920000
NaN,NaN,444.330000,635.200000,526.390000,660.910000
NaN,NaN,444.470000,635.190000,526.400000,660.910000
NaN,NaN,444.770000,635.080000,526.400000,660.910000
NaN,NaN,444.820000,635.070000,526.410000,660.910000
NaN,NaN,444.850000,635.090000,526.410000,660.910000
NaN,NaN,444.870000,635.090000,526.410000,660.910000
NaN,NaN,444.940000,635.090000,526.400000,660.900000
NaN,NaN,444.960000,635.130000,526.400000,660.900000
NaN,NaN,444.990000,635.120000,526.400000,660.890000
NaN,NaN,445.040000,635.110000,526.400000,660.890000
NaN,NaN,445.050000,635.130000,526.400000,660.890000
NaN,NaN,445.060000,635.160000,526.400000,660.880000
NaN,NaN,445.100000,635.160000,526.400000,660.890000
NaN,NaN,445.140000,635.160000,526.410000,660.890000
NaN,NaN,445.210000,635.200000,526.400000,660.890000
NaN,NaN,445.230000,635.210000,526.400000,660.880000
NaN,NaN,445.230000,635.210000,526.410000,660.890000
NaN,NaN,445.280000,635.220000,526.410000,660.890000
NaN,NaN,445.300000,635.220000,526.410000,660.880000
NaN,NaN,445.360000,635.240000,526.400000,660.880000
NaN,NaN,445.370000,635.260000,526.420000,660.880000
NaN,NaN,445.450000,635.240000,526.420000,660.880000
NaN,NaN,445.750000,635.180000,526.440000,660.870000
NaN,NaN,445.740000,635.200000,526.420000,660.870000
NaN,NaN,445.760000,635.200000,526.430000,660.870000
NaN,NaN,445.790000,635.220000,526.420000,660.860000
NaN,NaN,445.850000,635.230000,526.420000,660.860000
NaN,NaN,445.910000,635.240000,526.430000,660.870000
NaN,NaN,445.960000,635.290000,526.430000,660.870000
NaN,NaN,445.990000,635.280000,526.440000,660.870000
NaN,NaN,446.030000,635.300000,526.420000,660.870000
NaN,NaN,446.030000,635.320000,526.420000,660.870000
NaN,NaN,446.090000,635.320000,526.430000,660.860000
NaN,NaN,446.100000,635.330000,526.430000,660.860000
NaN,NaN,446.160000,635.380000,526.460000,660.860000
NaN,NaN,446.160000,635.400000,526.450000,660.850000
NaN,NaN,446.190000,635.430000,526.440000,660.840000
NaN,NaN,446.230000,635.490000,526.460000,660.840000
NaN,NaN,446.220000,635.730000,526.460000,660.850000
NaN,NaN,446.270000,635.720000,526.480000,660.850000
NaN,NaN,446.330000,635.730000,526.470000,660.840000
NaN,NaN,446.350000,635.770000,526.470000,660.840000
NaN,NaN,446.380000,635.820000,526.480000,660.850000
NaN,NaN,446.410000,635.820000,526.490000,660.840000
NaN,NaN,446.510000,635.840000,526.490000,660.840000
NaN,NaN,446.720000,635.790000,526.500000,660.840000
NaN,NaN,446.750000,635.800000,526.950000,660.910000
NaN,NaN,446.780000,635.840000,526.950000,660.910000
NaN,NaN,446.790000,635.850000,526.950000,660.920000
NaN,NaN,446.900000,635.890000,526.950000,660.910000
NaN,NaN,446.910000,635.890000,526.950000,660.910000
NaN,NaN,446.930000,635.890000,526.950000,660.910000
NaN,NaN,446.990000,635.930000,526.970000,660.910000
NaN,NaN,447.010000,635.950000,526.970000,660.920000
NaN,NaN,447.030000,635.960000,526.970000,660.910000
NaN,NaN,447.070000,636.000000,526.970000,660.900000
NaN,NaN,447.120000,636.010000,526.970000,660.890000
NaN,NaN,447.130000,636.030000,526.970000,660.900000
NaN,NaN,447.150000,636.040000,526.970000,660.900000
NaN,NaN,447.190000,636.050000,526.970000,660.900000
NaN,NaN,447.230000,636.050000,526.970000,660.900000
NaN,NaN,447.270000,636.080000,526.970000,660.900000
NaN,NaN,447.330000,636.140000,526.980000,660.890000
NaN,NaN,447.360000,636.150000,526.970000,660.890000
NaN,NaN,447.400000,636.160000,526.990000,660.890000
NaN,NaN,447.420000,636.160000,526.990000,660.890000
NaN,NaN,447.550000,636.190000,526.980000,660.880000
NaN,NaN,447.740000,636.170000,527.000000,660.900000
NaN,NaN,447.750000,636.170000,527.000000,660.900000
NaN,NaN,447.780000,636.200000,526.980000,660.900000
NaN,NaN,447.840000,636.240000,526.980000,660.900000
NaN,NaN,447.870000,636.260000,526.980000,660.900000
NaN,NaN,447.890000,636.260000,526.990000,660.900000
NaN,NaN,447.980000,636.310000,527.000000,660.910000
NaN,NaN,448.000000,636.340000,527.010000,660.900000
NaN,NaN,448.010000,636.350000,527.000000,660.880000
NaN,NaN,448.090000,636.390000,526.990000,660.870000
NaN,NaN,448.110000,636.430000,526.990000,660.880000
NaN,NaN,448.120000,636.450000,527.010000,660.880000
NaN,NaN,448.150000,636.510000,527.000000,660.880000
NaN,NaN,448.220000,636.720000,527.020000,660.880000
NaN,NaN,448.280000,636.760000,527.000000,660.880000
NaN,NaN,448.370000,636.750000,527.030000,660.890000
NaN,NaN,448.410000,636.770000,527.040000,660.890000
NaN,NaN,448.440000,636.800000,527.030000,660.890000
NaN,NaN,448.550000,636.860000,527.030000,660.880000
NaN,NaN,448.800000,636.840000,527.030000,660.880000
NaN,NaN,448.820000,636.860000,527.020000,660.870000
NaN,NaN,448.870000,636.890000,527.030000,660.870000
NaN,NaN,448.880000,636.910000,527.020000,660.870000
NaN,NaN,448.960000,636.950000,527.030000,660.860000
NaN,NaN,448.980000,636.970000,527.010000,660.850000
NaN,NaN,449.030000,636.980000,527.010000,660.860000
NaN,NaN,449.060000,637.020000,527.020000,660.850000
NaN,NaN,449.100000,637.050000,527.030000,660.860000
NaN,NaN,449.140000,637.080000,527.030000,660.860000
NaN,NaN,449.160000,637.110000,527.020000,660.850000
NaN,NaN,449.240000,637.180000,527.030000,660.850000
NaN,NaN,449.280000,637.160000,527.040000,660.840000
NaN,NaN,449.320000,637.230000,527.040000,660.850000
NaN,NaN,449.350000,637.240000,527.050000,660.850000
NaN,NaN,449.390000,637.250000,527.040000,660.860000
NaN,NaN,449.440000,637.250000,527.030000,660.850000
NaN,NaN,449.520000,637.290000,527.020000,660.840000
NaN,NaN,449.740000,637.270000,527.030000,660.850000
NaN,NaN,449.770000,637.300000,527.030000,660.850000
NaN,NaN,449.800000,637.330000,527.040000,660.850000
NaN,NaN,449.850000,637.380000,527.030000,660.840000
NaN,NaN,449.880000,637.410000,527.030000,660.840000
NaN,NaN,449.900000,637.430000,527.030000,660.840000
NaN,NaN,449.930000,637.490000,527.030000,660.840000
NaN,NaN,449.950000,637.800000,527.050000,660.830000
NaN,NaN,450.030000,637.870000,527.070000,660.820000
NaN,NaN,450.030000,637.890000,527.070000,660.820000
NaN,NaN,450.050000,637.900000,527.070000,660.810000
NaN,NaN,450.100000,637.930000,527.070000,660.820000
NaN,NaN,450.130000,637.940000,527.080000,660.810000
NaN,NaN,450.120000,637.960000,527.050000,660.810000
NaN,NaN,450.140000,638.000000,527.050000,660.810000
NaN,NaN,450.180000,638.040000,527.030000,660.800000
NaN,NaN,450.210000,638.060000,527.040000,660.800000
NaN,NaN,450.240000,638.100000,527.070000,660.790000
NaN,NaN,450.270000,638.110000,527.060000,660.790000
NaN,NaN,450.320000,638.140000,527.070000,660.790000
NaN,NaN,450.380000,638.170000,527.070000,660.790000
NaN,NaN,450.420000,638.200000,527.060000,660.780000
NaN,NaN,450.430000,638.260000,527.070000,660.780000
NaN,NaN,450.580000,638.290000,527.090000,660.790000
NaN,NaN,450.740000,638.260000,527.100000,660.790000
NaN,NaN,450.800000,638.280000,527.080000,660.780000
NaN,NaN,450.840000,638.320000,527.090000,660.780000
NaN,NaN,450.890000,638.390000,527.090000,660.770000
NaN,NaN,450.950000,638.420000,527.070000,660.770000
NaN,NaN,450.990000,638.440000,527.050000,660.760000
NaN,NaN,450.980000,638.530000,527.080000,660.770000
NaN,NaN,450.970000,638.910000,527.090000,660.770000
NaN,NaN,451.010000,638.950000,527.080000,660.780000
NaN,NaN,451.080000,638.980000,527.090000,660.770000
NaN,NaN,451.130000,638.990000,527.080000,660.770000
NaN,NaN,451.160000,639.040000,527.090000,660.770000
NaN,NaN,451.170000,639.070000,527.090000,660.760000
NaN,NaN,451.240000,639.130000,527.090000,660.760000
NaN,NaN,451.370000,639.130000,527.090000,660.780000
NaN,NaN,451.370000,639.180000,527.100000,660.770000
NaN,NaN,451.380000,639.200000,527.100000,660.780000
NaN,NaN,451.470000,639.240000,527.110000,660.770000
NaN,NaN,451.720000,639.190000,527.110000,660.760000
NaN,NaN,451.770000,639.220000,527.110000,660.780000
NaN,NaN,451.850000,639.250000,527.100000,660.780000
NaN,NaN,451.880000,639.300000,527.110000,660.770000
NaN,NaN,451.920000,639.360000,527.100000,660.780000
NaN,NaN,451.940000,639.430000,527.100000,660.770000
NaN,NaN,452.020000,639.480000,527.100000,660.770000
NaN,NaN,451.910000,639.940000,527.090000,660.760000
NaN,NaN,451.960000,639.990000,527.100000,660.760000
NaN,NaN,452.020000,639.980000,527.090000,660.760000
NaN,NaN,452.050000,640.050000,527.090000,660.750000
NaN,NaN,452.150000,640.110000,527.140000,660.750000
NaN,NaN,452.250000,640.070000,527.130000,660.760000
NaN,NaN,452.310000,640.150000,527.140000,660.770000
NaN,NaN,452.310000,640.190000,527.140000,660.770000
NaN,NaN,452.380000,640.190000,527.140000,660.760000
NaN,NaN,452.520000,640.170000,527.140000,660.770000
NaN,NaN,452.860000,640.070000,527.140000,660.760000
NaN,NaN,452.920000,640.080000,527.130000,660.760000
NaN,NaN,453.020000,640.050000,527.140000,660.760000
NaN,NaN,453.080000,640.060000,527.130000,660.760000
NaN,NaN,453.130000,640.090000,527.130000,660.760000
NaN,NaN,453.120000,640.120000,527.120000,660.730000
NaN,NaN,453.170000,640.170000,527.130000,660.740000
NaN,NaN,453.230000,640.200000,527.120000,660.740000
NaN,NaN,453.270000,640.250000,527.130000,660.740000
NaN,NaN,453.340000,640.260000,527.130000,660.750000
NaN,NaN,453.470000,640.190000,527.130000,660.730000
NaN,NaN,453.710000,640.170000,527.130000,660.740000
NaN,NaN,453.730000,640.190000,527.150000,660.740000
NaN,NaN,453.810000,640.190000,527.160000,660.750000
NaN,NaN,453.870000,640.220000,527.160000,660.720000
NaN,NaN,453.890000,640.270000,527.120000,660.730000
NaN,NaN,453.940000,640.300000,527.110000,660.740000
NaN,NaN,453.990000,640.300000,527.110000,660.740000
NaN,NaN,454.010000,640.370000,527.110000,660.740000
NaN,NaN,454.090000,640.420000,527.120000,660.740000
NaN,NaN,454.100000,640.490000,527.100000,660.740000
NaN,NaN,454.040000,640.940000,527.120000,660.750000
NaN,NaN,454.120000,640.970000,527.130000,660.750000
NaN,NaN,454.120000,641.020000,527.130000,660.740000
NaN,NaN,454.070000,641.230000,527.160000,660.770000
NaN,NaN,454.100000,641.240000,527.170000,660.750000
NaN,NaN,454.180000,641.210000,527.150000,660.740000
NaN,NaN,454.220000,641.250000,527.140000,660.750000
NaN,NaN,454.290000,641.290000,527.140000,660.760000
NaN,NaN,454.270000,641.410000,527.150000,660.740000
NaN,NaN,453.980000,642.190000,527.160000,660.750000
NaN,NaN,453.730000,642.870000,527.170000,660.740000
NaN,NaN,453.350000,643.440000,527.140000,660.740000
NaN,NaN,453.420000,643.440000,527.130000,660.740000
NaN,NaN,453.490000,643.510000,527.150000,660.740000
NaN,NaN,453.810000,643.330000,527.140000,660.730000
NaN,NaN,454.030000,643.000000,527.140000,660.740000
NaN,NaN,454.110000,643.060000,527.130000,660.730000
NaN,NaN,454.150000,643.070000,527.130000,660.740000
NaN,NaN,454.170000,643.150000,527.130000,660.750000
NaN,NaN,454.220000,643.150000,527.110000,660.750000
NaN,NaN,454.240000,643.210000,527.120000,660.740000
NaN,NaN,454.440000,643.190000,527.110000,660.740000
NaN,NaN,454.870000,642.950000,527.140000,660.740000
NaN,NaN,454.900000,642.990000,527.130000,660.740000
NaN,NaN,454.970000,643.020000,527.090000,660.730000
NaN,NaN,455.030000,643.050000,527.090000,660.730000
NaN,NaN,455.090000,643.070000,527.080000,660.740000
NaN,NaN,455.250000,643.070000,527.100000,660.750000
NaN,NaN,455.240000,643.150000,527.110000,660.750000
NaN,NaN,455.230000,643.240000,527.100000,660.740000
NaN,NaN,455.540000,643.140000,527.090000,660.740000
NaN,NaN,455.930000,642.970000,527.090000,660.740000
NaN,NaN,456.010000,643.000000,527.070000,660.740000
NaN,NaN,456.010000,643.120000,527.150000,660.750000
NaN,NaN,456.080000,643.100000,527.140000,660.760000
NaN,NaN,456.150000,643.110000,527.140000,660.750000
NaN,NaN,456.200000,643.190000,527.140000,660.750000
NaN,NaN,456.250000,643.190000,527.140000,660.740000
NaN,NaN,456.350000,643.220000,527.130000,660.740000
NaN,NaN,456.420000,643.250000,527.120000,660.750000
NaN,NaN,456.520000,643.250000,527.120000,660.750000
NaN,NaN,457.020000,643.050000,527.110000,660.750000
NaN,NaN,457.040000,643.100000,527.130000,660.740000
NaN,NaN,457.090000,643.130000,527.120000,660.740000
NaN,NaN,457.080000,643.200000,527.150000,660.740000
NaN,NaN,457.150000,643.250000,527.160000,660.750000
NaN,NaN,457.200000,643.320000,527.120000,660.760000
NaN,NaN,457.230000,643.350000,527.140000,660.750000
NaN,NaN,457.310000,643.420000,527.090000,660.750000
NaN,NaN,457.340000,643.530000,527.130000,660.760000
NaN,NaN,457.200000,644.080000,527.120000,660.770000
NaN,NaN,457.020000,644.770000,527.130000,660.770000
NaN,NaN,457.100000,644.840000,527.130000,660.760000
NaN,NaN,457.090000,644.930000,527.120000,660.750000
NaN,NaN,457.150000,644.980000,527.130000,660.750000
NaN,NaN,457.240000,645.060000,527.130000,660.760000
NaN,NaN,457.240000,645.130000,527.140000,660.750000
NaN,NaN,457.350000,645.220000,527.140000,660.760000
NaN,NaN,457.390000,645.280000,527.130000,660.760000
NaN,NaN,457.510000,645.330000,527.090000,660.760000
NaN,NaN,457.840000,645.190000,527.120000,660.750000
NaN,NaN,457.870000,645.340000,527.120000,660.740000
NaN,NaN,457.980000,645.360000,527.100000,660.760000
NaN,NaN,457.970000,645.640000,527.040000,660.770000
NaN,NaN,457.950000,646.010000,527.080000,660.770000
NaN,NaN,458.040000,646.070000,527.100000,660.780000
NaN,NaN,458.070000,646.130000,527.120000,660.780000
NaN,NaN,458.190000,646.200000,527.120000,660.770000
NaN,NaN,458.230000,646.330000,527.100000,660.770000
NaN,NaN,458.250000,646.430000,527.100000,660.780000
NaN,NaN,458.270000,646.890000,527.100000,660.780000
NaN,NaN,458.370000,646.950000,527.100000,660.770000
NaN,NaN,458.460000,646.980000,527.100000,660.770000
NaN,NaN,458.790000,646.980000,527.110000,660.760000
NaN,NaN,458.910000,647.010000,527.100000,660.780000
NaN,NaN,459.030000,647.070000,527.120000,660.770000
NaN,NaN,459.110000,647.140000,527.100000,660.780000
NaN,NaN,459.220000,647.190000,527.110000,660.770000
NaN,NaN,459.380000,647.290000,527.110000,660.780000
NaN,NaN,459.850000,647.130000,527.100000,660.770000
NaN,NaN,459.910000,647.230000,527.100000,660.750000
NaN,NaN,459.980000,647.310000,527.120000,660.750000
NaN,NaN,460.160000,647.350000,527.110000,660.760000
NaN,NaN,460.140000,647.520000,527.110000,660.760000
NaN,NaN,460.070000,647.980000,527.100000,660.770000
NaN,NaN,460.210000,648.020000,527.100000,660.780000
NaN,NaN,460.270000,648.090000,527.100000,660.780000
NaN,NaN,460.500000,648.110000,527.100000,660.770000
NaN,NaN,460.840000,648.030000,527.090000,660.760000
NaN,NaN,461.060000,648.050000,527.080000,660.760000
NaN,NaN,461.150000,648.080000,527.070000,660.760000
NaN,NaN,461.310000,648.140000,527.090000,660.750000
NaN,NaN,461.460000,648.180000,527.100000,660.760000
NaN,NaN,461.880000,648.080000,527.130000,660.800000
NaN,NaN,461.950000,648.130000,527.140000,660.790000
NaN,NaN,462.060000,648.210000,527.150000,660.800000
NaN,NaN,462.150000,648.250000,527.140000,660.800000
NaN,NaN,462.280000,648.310000,527.130000,660.780000
NaN,NaN,462.380000,648.360000,527.110000,660.770000
NaN,NaN,462.580000,648.420000,527.100000,660.770000
NaN,NaN,462.850000,648.470000,527.090000,660.780000
NaN,NaN,462.810000,648.990000,527.100000,660.770000
NaN,NaN,462.960000,649.080000,527.100000,660.780000
NaN,NaN,463.040000,649.200000,527.080000,660.770000
NaN,NaN,463.110000,649.310000,527.090000,660.770000
NaN,NaN,463.190000,649.570000,527.100000,660.770000
NaN,NaN,463.170000,650.020000,527.100000,660.780000
NaN,NaN,463.310000,650.150000,527.120000,660.790000
NaN,NaN,463.530000,650.210000,527.080000,660.800000
NaN,NaN,463.790000,650.260000,527.080000,660.810000
NaN,NaN,463.940000,650.370000,527.070000,660.800000
NaN,NaN,463.970000,650.590000,527.060000,660.790000
NaN,NaN,464.020000,651.000000,527.050000,660.790000
NaN,NaN,464.120000,651.130000,527.050000,660.790000
NaN,NaN,464.320000,651.210000,527.080000,660.790000
NaN,NaN,464.410000,651.410000,527.100000,660.800000
NaN,NaN,464.710000,651.750000,527.100000,660.790000
NaN,NaN,464.810000,651.910000,527.110000,660.790000
NaN,NaN,464.970000,652.000000,527.090000,660.790000
NaN,NaN,465.120000,652.070000,527.090000,660.800000
NaN,NaN,465.240000,652.190000,527.080000,660.810000
NaN,NaN,465.350000,652.400000,527.060000,660.800000
NaN,NaN,465.380000,652.930000,527.060000,660.790000
NaN,NaN,465.610000,652.980000,527.050000,660.820000
NaN,NaN,465.920000,653.020000,527.060000,660.800000
NaN,NaN,466.090000,653.070000,527.050000,660.790000
NaN,NaN,466.210000,653.160000,527.040000,660.790000
NaN,NaN,466.430000,653.250000,527.060000,660.780000
NaN,NaN,466.760000,653.250000,527.060000,660.790000
NaN,NaN,466.920000,653.320000,527.060000,660.800000
NaN,NaN,467.040000,653.440000,527.070000,660.800000
NaN,NaN,467.060000,653.890000,527.070000,660.800000
NaN,NaN,467.160000,653.960000,527.080000,660.800000
NaN,NaN,467.290000,654.020000,527.060000,660.800000
NaN,NaN,467.540000,654.100000,527.060000,660.800000
NaN,NaN,467.880000,654.040000,527.080000,660.810000
NaN,NaN,467.960000,654.110000,527.080000,660.810000
NaN,NaN,468.070000,654.190000,527.070000,660.810000
NaN,NaN,468.190000,654.340000,527.040000,660.820000
NaN,NaN,468.310000,654.420000,527.060000,660.810000
NaN,NaN,468.320000,654.840000,527.070000,660.800000
NaN,NaN,468.420000,654.920000,526.827180,659.751197
NaN,NaN,468.690000,654.980000,526.980000,659.870000
NaN,NaN,468.800000,655.050000,526.990000,660.000000
NaN,NaN,468.870000,655.160000,527.000000,660.000000
NaN,NaN,468.980000,655.240000,527.000000,660.000000
NaN,NaN,469.060000,655.320000,527.000000,660.000000
NaN,NaN,469.080000,655.470000,526.990000,660.000000
NaN,NaN,469.140000,655.870000,526.990000,659.990000
NaN,NaN,469.170000,655.920000,526.990000,660.000000
NaN,NaN,469.250000,656.010000,526.990000,660.000000
NaN,NaN,469.300000,656.070000,526.990000,660.000000
NaN,NaN,469.560000,656.100000,526.990000,660.010000
NaN,NaN,469.830000,656.110000,527.000000,660.010000
471.738227,657.541920,469.920000,656.120000,526.990000,660.000000
475.010838,658.094239,469.950000,656.190000,527.000000,660.010000
477.192579,657.541920,469.970000,656.270000,526.990000,660.010000
477.738014,657.541920,469.980000,656.310000,526.990000,660.010000
477.738014,659.751197,469.950000,656.350000,526.990000,660.010000
479.374320,657.541920,470.010000,656.360000,526.990000,660.010000
479.374320,658.094239,470.120000,656.350000,526.990000,660.010000
479.374320,658.094239,470.170000,656.380000,527.000000,660.010000
479.919755,658.094239,470.130000,656.350000,527.000000,660.010000
481.010625,658.646558,470.270000,656.290000,526.990000,660.010000
483.192366,659.198878,470.410000,656.070000,527.000000,660.010000
487.010412,661.408155,470.910000,655.710000,527.000000,660.010000
489.192153,660.855836,470.900000,655.490000,527.000000,660.010000
490.283023,660.855836,470.660000,655.900000,527.000000,660.010000
495.737375,662.512793,470.090000,656.910000,526.990000,660.010000
496.828245,663.617432,469.680000,657.460000,527.000000,660.010000
500.646292,664.169751,469.700000,657.030000,527.000000,660.010000
506.646079,664.722071,470.000000,656.730000,526.990000,660.010000
510.464125,666.379029,470.120000,656.310000,527.010000,660.020000
512.100430,666.931348,470.100000,656.220000,527.050000,659.970000
518.100217,669.692944,469.990000,656.300000,527.170000,659.920000
518.645653,669.692944,469.990000,656.250000,527.360000,659.820000
519.191088,669.692944,469.950000,656.300000,528.000000,659.740000
521.372828,670.245264,469.910000,656.420000,528.463486,659.198878
521.918264,670.245264,469.840000,656.750000,528.880000,659.030000
523.009134,670.245264,469.920000,656.720000,529.100000,659.040000
523.009134,670.245264,469.930000,656.730000,529.100000,659.070000
524.645439,670.245264,469.970000,656.720000,529.040000,659.080000
524.645439,670.245264,470.020000,656.710000,528.940000,659.070000
524.645439,670.245264,470.110000,656.760000,528.980000,659.050000
524.100004,670.245264,470.110000,656.730000,528.980000,659.020000
524.100004,670.245264,470.140000,656.740000,528.990000,658.990000
524.100004,670.245264,470.140000,656.750000,529.000000,658.940000
521.918264,670.245264,470.190000,656.760000,529.040000,658.900000
521.918264,669.692944,470.220000,656.750000,529.010000,658.850000
521.918264,669.692944,470.290000,656.710000,528.990000,658.820000
521.918264,669.692944,470.310000,656.700000,528.980000,658.790000
521.918264,669.692944,470.340000,656.720000,528.990000,658.740000
521.372828,669.692944,470.400000,656.690000,528.990000,658.710000
521.372828,669.692944,470.410000,656.650000,528.980000,658.690000
520.827393,669.692944,470.420000,656.640000,529.000000,658.680000
520.281958,669.140625,470.420000,656.630000,528.990000,658.680000
519.736523,668.588306,470.440000,656.590000,528.990000,658.660000
522.463699,668.588306,470.480000,656.510000,529.020000,658.660000
522.463699,668.588306,470.760000,656.060000,529.040000,658.660000
522.463699,668.588306,470.720000,656.020000,529.040000,658.630000
522.463699,668.588306,470.770000,656.010000,529.010000,658.610000
522.463699,668.588306,470.760000,655.980000,529.000000,658.590000
522.463699,668.588306,470.760000,655.930000,528.990000,658.590000
522.463699,668.588306,470.770000,655.870000,528.970000,658.580000
522.463699,668.588306,470.760000,655.870000,529.000000,658.560000
522.463699,668.588306,470.720000,655.870000,528.980000,658.550000
522.463699,668.588306,470.700000,655.880000,528.990000,658.550000
522.463699,668.588306,470.720000,655.830000,528.990000,658.530000
522.463699,668.588306,470.670000,655.820000,528.970000,658.560000
522.463699,668.588306,470.690000,655.790000,528.980000,658.530000
522.463699,668.588306,470.650000,655.800000,528.980000,658.530000
522.463699,668.588306,470.630000,655.770000,528.980000,658.540000
522.463699,668.588306,470.640000,655.680000,530.645226,657.541920
522.463699,668.588306,470.670000,655.620000,531.370000,657.900000
522.463699,668.588306,470.700000,655.530000,531.400000,658.040000
522.463699,668.588306,470.820000,655.090000,531.370000,658.040000
522.463699,668.588306,470.830000,655.040000,530.990000,658.000000
522.463699,668.588306,470.840000,654.960000,530.980000,658.000000
522.463699,668.588306,470.860000,654.900000,530.970000,657.990000
522.463699,668.588306,470.850000,654.870000,530.960000,657.990000
522.463699,668.588306,470.860000,654.800000,530.950000,657.990000
522.463699,668.588306,470.850000,654.780000,530.930000,657.990000
522.463699,668.588306,470.810000,654.780000,530.920000,657.990000
522.463699,668.588306,470.860000,654.710000,530.910000,658.000000
522.463699,668.588306,470.900000,654.630000,530.900000,658.000000
522.463699,668.588306,470.840000,654.600000,530.880000,657.990000
522.463699,668.588306,470.900000,654.490000,530.870000,658.000000
522.463699,668.588306,470.990000,654.020000,530.860000,658.000000
522.463699,668.588306,471.030000,653.900000,530.830000,657.970000
522.463699,668.588306,470.990000,653.860000,530.810000,657.970000
521.918264,668.588306,470.960000,653.820000,530.800000,657.970000
521.918264,668.588306,470.950000,653.800000,530.790000,657.970000
521.918264,668.588306,470.970000,653.730000,530.770000,657.960000
521.918264,668.588306,470.960000,653.690000,530.760000,657.960000
521.372828,668.588306,470.970000,653.580000,530.760000,657.960000
521.372828,668.588306,471.120000,653.070000,530.740000,657.970000
521.372828,668.588306,471.120000,653.010000,530.730000,657.970000
521.372828,668.588306,471.100000,653.000000,530.700000,657.950000
521.372828,668.588306,471.110000,652.830000,530.690000,657.950000
521.372828,668.588306,471.110000,652.730000,530.680000,657.950000
521.372828,668.588306,471.130000,652.620000,530.680000,657.950000
521.372828,668.588306,471.100000,652.590000,530.670000,657.940000
520.281958,668.588306,471.150000,652.470000,530.670000,657.960000
520.281958,668.588306,471.270000,652.070000,530.660000,657.970000
520.281958,668.588306,471.300000,651.990000,530.640000,657.960000
519.191088,668.035987,471.370000,651.900000,530.660000,657.970000
519.191088,668.035987,471.380000,651.860000,530.660000,657.970000
519.191088,668.035987,471.370000,651.790000,530.640000,657.980000
519.191088,668.035987,471.440000,651.710000,530.640000,657.990000
519.191088,668.035987,471.420000,651.670000,530.660000,657.990000
518.645653,668.035987,471.380000,651.640000,530.650000,658.000000
516.463912,666.931348,471.360000,651.570000,530.670000,658.010000
516.463912,666.931348,471.360000,651.570000,530.710000,658.020000
516.463912,666.931348,471.360000,651.540000,530.740000,658.020000
516.463912,666.931348,471.370000,651.440000,530.760000,658.030000
515.918477,666.931348,471.460000,651.010000,530.780000,658.030000
515.918477,666.931348,471.800000,651.000000,530.810000,658.050000
515.918477,666.931348,471.800000,650.990000,530.800000,658.040000
515.918477,666.931348,471.780000,650.900000,530.810000,658.060000
513.191301,665.826709,471.780000,650.850000,530.800000,658.060000
513.191301,665.826709,471.800000,650.850000,530.820000,658.050000
513.191301,665.826709,471.770000,650.800000,530.830000,658.050000
513.191301,665.826709,471.750000,650.740000,530.840000,658.050000
513.191301,665.826709,471.750000,650.690000,530.860000,658.050000
513.191301,665.826709,471.730000,650.680000,530.860000,658.050000
513.191301,665.826709,471.730000,650.620000,530.860000,658.050000
513.191301,665.826709,471.750000,650.560000,530.880000,658.060000
513.191301,665.826709,471.740000,650.540000,530.880000,658.050000
513.191301,665.826709,471.690000,650.450000,530.880000,658.040000
513.191301,665.826709,471.780000,649.990000,530.870000,658.050000
513.191301,665.826709,471.750000,649.940000,530.860000,658.060000
512.645866,665.274390,471.730000,649.900000,530.870000,658.060000
510.464125,663.065113,471.740000,649.860000,528.463486,658.094239
510.464125,663.065113,471.740000,649.780000,527.650000,657.980000
510.464125,663.065113,471.760000,649.760000,527.570000,657.980000
510.464125,663.065113,471.750000,649.710000,527.440000,657.980000
510.464125,663.065113,471.740000,649.690000,527.390000,657.990000
510.464125,663.065113,471.770000,649.600000,527.280000,658.000000
510.464125,663.065113,471.670000,649.440000,527.220000,658.010000
510.464125,663.065113,471.770000,648.990000,527.150000,658.030000
510.464125,663.065113,471.810000,648.940000,527.100000,658.030000
510.464125,663.065113,471.810000,648.920000,527.060000,658.030000
510.464125,663.065113,471.840000,648.880000,527.020000,658.020000
510.464125,663.065113,471.890000,648.820000,527.000000,658.010000
510.464125,663.065113,471.940000,648.800000,527.000000,657.980000
510.464125,663.065113,471.920000,648.770000,527.000000,657.950000
510.464125,663.065113,471.940000,648.730000,527.020000,657.940000
510.464125,663.065113,471.930000,648.670000,527.020000,657.940000
509.918690,662.512793,472.000000,648.560000,527.150000,657.980000
508.282384,661.960474,471.950000,648.000000,527.180000,657.990000
508.282384,661.408155,472.000000,647.980000,527.200000,657.940000
508.282384,661.408155,472.020000,647.910000,527.240000,657.980000
507.736949,660.855836,471.990000,647.890000,527.260000,657.990000
507.736949,660.855836,471.990000,647.810000,527.290000,657.970000
505.009773,658.094239,471.990000,647.760000,527.320000,657.960000
503.918903,657.541920,471.980000,647.730000,527.330000,657.950000
503.918903,657.541920,471.950000,647.670000,524.645439,655.884962
501.191727,655.332642,471.870000,647.620000,524.720000,655.680000
501.191727,655.332642,471.820000,647.620000,524.520000,655.420000
501.191727,655.332642,471.770000,647.610000,524.410000,655.270000
501.191727,655.332642,471.720000,647.630000,524.420000,655.000000
501.191727,655.332642,471.710000,647.600000,522.463699,648.704811
500.646292,655.332642,471.700000,647.610000,521.730000,648.660000
500.646292,655.332642,471.650000,647.510000,521.430000,648.290000
498.464551,653.123365,471.680000,647.140000,521.220000,648.070000
498.464551,653.123365,471.192792,645.943214,520.190000,646.960000
498.464551,653.123365,470.960000,645.800000,519.190000,646.040000
498.464551,652.571046,470.930000,645.740000,518.260000,645.250000
498.464551,652.571046,470.900000,645.920000,517.810000,644.460000
498.464551,652.571046,470.880000,645.890000,517.540000,644.150000
498.464551,652.571046,470.870000,645.880000,516.680000,643.440000
498.464551,652.571046,470.870000,645.830000,514.827606,642.076979
498.464551,652.571046,470.890000,645.790000,511.554995,639.867702
496.828245,651.466407,470.920000,645.740000,511.009560,639.315382
496.282810,651.466407,470.930000,645.690000,508.827819,638.210744
496.282810,651.466407,470.930000,645.650000,508.282384,638.210744
495.191940,650.914088,470.920000,645.620000,506.646079,637.658425
494.646505,650.914088,470.920000,645.590000,505.009773,636.001467
494.646505,650.914088,470.970000,645.480000,505.009773,634.896828
490.828459,648.704811,471.010000,645.090000,505.009773,634.344509
490.828459,648.704811,471.000000,645.060000,504.464338,633.792189
490.828459,648.704811,470.990000,645.030000,501.737162,633.239870
490.828459,648.704811,470.980000,645.000000,501.737162,633.239870
490.828459,648.704811,470.960000,644.980000,501.737162,633.239870
490.283023,648.704811,470.960000,644.970000,500.646292,632.687551
490.283023,648.704811,470.950000,644.940000,498.464551,629.925954
491.373894,648.704811,470.940000,644.900000,498.464551,629.925954
491.373894,648.704811,470.940000,644.860000,498.464551,629.925954
491.373894,648.704811,470.960000,644.820000,497.919116,629.925954
490.828459,649.257130,470.960000,644.810000,497.373681,629.925954
488.646718,649.809449,470.930000,644.780000,497.373681,629.925954
488.646718,648.152491,470.930000,644.760000,497.373681,629.925954
488.646718,648.152491,470.930000,644.700000,497.373681,629.925954
489.192153,648.152491,470.980000,644.670000,496.828245,629.925954
489.192153,648.152491,470.970000,644.660000,496.282810,629.925954
489.192153,648.152491,470.980000,644.650000,496.282810,630.478274
489.192153,648.152491,470.980000,644.660000,495.737375,631.582912
488.101283,648.152491,471.000000,644.630000,495.191940,632.135231
488.101283,648.152491,471.000000,644.630000,495.191940,632.135231
488.101283,648.152491,471.020000,644.590000,495.191940,632.135231
488.101283,648.152491,471.010000,644.610000,495.191940,632.135231
487.010412,648.152491,471.020000,644.630000,495.191940,632.135231
487.010412,647.600172,471.020000,644.630000,495.191940,632.135231
487.010412,647.600172,471.040000,644.630000,495.191940,632.135231
487.010412,647.600172,471.060000,644.610000,495.191940,632.135231
486.464977,647.600172,471.040000,644.640000,495.191940,632.687551
485.919542,647.600172,471.060000,644.640000,495.191940,632.687551
485.374107,647.600172,471.060000,644.650000,495.191940,632.687551
485.374107,647.600172,471.090000,644.700000,495.191940,632.687551
485.374107,647.600172,471.070000,644.720000,495.191940,632.687551
484.283236,647.600172,471.100000,644.710000,495.191940,632.687551
483.737801,648.152491,471.110000,644.720000,495.191940,632.687551
483.737801,648.152491,471.110000,644.750000,494.101070,633.792189
481.556061,646.495533,471.170000,644.730000,494.101070,633.792189
481.556061,646.495533,471.190000,644.730000,494.101070,633.792189
481.556061,646.495533,471.200000,644.700000,494.101070,633.792189
481.010625,646.495533,471.190000,644.740000,493.555634,634.344509
479.919755,646.495533,471.200000,644.730000,493.555634,634.344509
479.919755,646.495533,471.240000,644.710000,493.555634,634.344509
479.919755,646.495533,471.240000,644.700000,493.555634,634.344509
479.919755,646.495533,471.260000,644.700000,493.555634,634.344509
479.919755,646.495533,471.320000,644.690000,493.555634,634.344509
479.919755,646.495533,471.300000,644.720000,493.555634,634.344509
479.919755,646.495533,471.310000,644.780000,493.555634,634.896828
479.919755,646.495533,471.300000,644.760000,493.010199,634.896828
479.374320,646.495533,471.290000,644.760000,493.010199,634.896828
479.374320,646.495533,471.270000,644.760000,493.010199,634.896828
478.828885,646.495533,471.300000,644.690000,493.010199,634.896828
478.283449,646.495533,471.300000,644.680000,493.010199,634.896828
477.738014,646.495533,471.300000,644.670000,491.373894,636.001467
477.738014,646.495533,471.320000,644.640000,491.373894,636.001467
477.738014,646.495533,471.340000,644.640000,490.828459,636.001467
477.738014,646.495533,471.330000,644.610000,490.283023,636.001467
477.192579,646.495533,471.330000,644.600000,490.283023,636.001467
477.192579,646.495533,471.370000,644.530000,490.283023,636.001467
477.192579,646.495533,471.940000,643.840000,490.283023,636.001467
477.192579,646.495533,472.470000,643.270000,489.192153,636.001467
476.647144,646.495533,472.920000,643.110000,488.646718,636.001467
475.556274,646.495533,473.000000,643.070000,488.646718,636.001467
475.556274,646.495533,473.030000,643.040000,488.646718,636.001467
475.010838,646.495533,473.000000,643.050000,488.646718,636.001467
475.010838,646.495533,472.990000,643.070000,488.646718,636.001467
475.010838,646.495533,472.970000,643.060000,487.010412,637.106105
475.010838,646.495533,472.950000,643.040000,487.010412,637.106105
475.010838,646.495533,472.940000,643.050000,486.464977,637.106105
475.010838,646.495533,472.930000,643.050000,484.283236,637.658425
475.010838,646.495533,472.900000,643.040000,482.646931,637.658425
475.010838,646.495533,472.880000,643.030000,482.646931,637.658425
475.010838,646.495533,472.880000,643.030000,482.646931,637.658425
475.010838,646.495533,472.870000,643.010000,482.646931,637.658425
475.010838,646.495533,472.850000,642.990000,482.646931,637.658425
475.010838,646.495533,472.860000,642.980000,482.646931,637.658425
475.010838,646.495533,472.850000,643.000000,482.646931,637.658425
475.010838,646.495533,472.760000,643.000000,482.646931,637.658425
475.010838,646.495533,472.790000,642.980000,482.646931,637.658425
475.010838,646.495533,472.770000,642.990000,482.646931,637.658425
475.010838,646.495533,472.750000,642.970000,482.646931,637.658425
475.010838,646.495533,472.700000,642.960000,482.646931,637.658425
475.010838,646.495533,472.630000,642.990000,482.646931,637.658425
475.010838,646.495533,472.590000,643.010000,482.646931,637.658425
475.010838,646.495533,472.510000,643.020000,482.646931,637.658425
475.010838,646.495533,472.210000,643.090000,482.646931,637.658425
475.010838,646.495533,472.170000,643.090000,482.646931,637.658425
475.010838,646.495533,472.110000,643.100000,482.646931,637.658425
475.010838,646.495533,472.090000,643.110000,482.101496,637.658425
475.010838,646.495533,472.070000,643.100000,482.101496,638.210744
475.010838,646.495533,472.150000,643.040000,482.101496,638.210744
475.010838,646.495533,472.160000,643.020000,482.101496,638.210744
NaN,NaN,472.150000,642.970000,482.101496,638.210744
NaN,NaN,472.160000,642.950000,482.101496,638.210744
NaN,NaN,472.160000,642.930000,481.556061,638.210744
NaN,NaN,472.180000,642.880000,480.465190,638.763063
NaN,NaN,472.150000,642.910000,480.465190,638.763063
NaN,NaN,472.110000,642.900000,480.465190,638.763063
NaN,NaN,472.120000,642.900000,480.465190,638.763063
NaN,NaN,472.040000,642.960000,480.465190,638.763063
NaN,NaN,471.950000,643.000000,479.919755,638.763063
NaN,NaN,471.920000,643.040000,478.828885,638.763063
NaN,NaN,472.060000,642.960000,478.828885,638.763063
NaN,NaN,471.970000,643.010000,478.828885,638.763063
NaN,NaN,471.960000,642.970000,478.828885,638.763063
NaN,NaN,471.980000,642.990000,478.828885,638.763063
NaN,NaN,471.910000,643.020000,478.283449,638.763063
NaN,NaN,471.740000,643.100000,476.647144,638.763063
NaN,NaN,471.700000,643.060000,476.647144,637.106105
NaN,NaN,471.640000,643.050000,476.647144,637.106105
NaN,NaN,471.640000,643.000000,476.647144,636.553786
NaN,NaN,471.650000,643.020000,476.647144,636.001467
NaN,NaN,471.740000,642.930000,476.647144,634.344509
NaN,NaN,471.720000,642.880000,476.647144,632.135231
NaN,NaN,471.680000,642.890000,476.647144,631.582912
NaN,NaN,471.710000,642.820000,476.647144,631.582912
NaN,NaN,471.680000,642.790000,476.647144,631.582912
NaN,NaN,472.829098,642.076979,476.647144,631.582912
NaN,NaN,473.080000,641.860000,476.647144,631.030593
NaN,NaN,472.970000,641.750000,477.192579,629.925954
NaN,NaN,472.970000,641.690000,477.192579,629.925954
NaN,NaN,473.010000,641.720000,477.192579,629.925954
NaN,NaN,473.000000,641.760000,476.101709,630.478274
NaN,NaN,472.960000,641.790000,475.010838,631.030593
NaN,NaN,472.930000,641.840000,475.556274,628.268996
NaN,NaN,472.880000,641.830000,475.556274,628.268996
NaN,NaN,472.850000,641.810000,475.556274,628.268996
NaN,NaN,472.830000,641.800000,475.010838,628.268996
NaN,NaN,472.810000,641.760000,473.919968,628.821316
NaN,NaN,472.820000,641.770000,473.919968,628.821316
NaN,NaN,472.840000,641.760000,473.919968,628.821316
NaN,NaN,472.820000,641.740000,472.283663,629.373635
NaN,NaN,472.790000,641.720000,471.738227,629.373635
NaN,NaN,472.790000,641.690000,471.738227,629.373635
NaN,NaN,472.740000,641.640000,471.738227,629.373635
NaN,NaN,472.710000,641.580000,471.738227,629.373635
NaN,NaN,472.660000,641.520000,471.738227,629.373635
NaN,NaN,472.600000,641.160000,471.738227,629.373635
NaN,NaN,472.580000,641.140000,471.738227,629.373635
NaN,NaN,472.590000,641.100000,471.738227,629.373635
NaN,NaN,472.570000,641.080000,471.738227,629.373635
NaN,NaN,472.550000,641.030000,472.283663,629.373635
NaN,NaN,472.490000,641.010000,472.283663,629.373635
NaN,NaN,472.130000,640.960000,473.919968,630.478274
NaN,NaN,472.100000,640.950000,481.010625,633.239870
NaN,NaN,472.080000,640.970000,NaN,NaN
NaN,NaN,472.040000,640.980000,NaN,NaN
NaN,NaN,472.030000,640.930000,NaN,NaN
NaN,NaN,472.000000,640.900000,NaN,NaN
NaN,NaN,471.990000,640.870000,NaN,NaN
NaN,NaN,471.940000,640.870000,NaN,NaN
NaN,NaN,471.920000,640.850000,NaN,NaN
NaN,NaN,471.870000,640.800000,NaN,NaN
NaN,NaN,471.860000,640.790000,NaN,NaN
NaN,NaN,471.820000,640.760000,NaN,NaN
NaN,NaN,471.820000,640.730000,NaN,NaN
NaN,NaN,471.790000,640.690000,NaN,NaN
NaN,NaN,471.760000,640.680000,NaN,NaN
NaN,NaN,471.750000,640.670000,NaN,NaN
NaN,NaN,471.720000,640.680000,NaN,NaN
NaN,NaN,471.700000,640.670000,NaN,NaN
NaN,NaN,471.630000,640.080000,NaN,NaN
NaN,NaN,471.830000,638.770000,NaN,NaN
NaN,NaN,472.010000,637.800000,NaN,NaN
NaN,NaN,472.060000,637.390000,NaN,NaN
NaN,NaN,472.040000,637.310000,NaN,NaN
NaN,NaN,472.030000,637.350000,NaN,NaN
NaN,NaN,472.060000,637.230000,NaN,NaN
NaN,NaN,472.040000,637.250000,NaN,NaN
NaN,NaN,472.030000,637.190000,NaN,NaN
NaN,NaN,472.030000,637.160000,NaN,NaN
NaN,NaN,472.040000,637.150000,NaN,NaN
NaN,NaN,471.970000,637.230000,NaN,NaN
NaN,NaN,471.960000,637.190000,NaN,NaN
NaN,NaN,471.980000,637.140000,NaN,NaN
NaN,NaN,471.920000,637.150000,NaN,NaN
NaN,NaN,471.880000,637.080000,NaN,NaN
NaN,NaN,471.790000,637.160000,NaN,NaN
NaN,NaN,471.738227,633.239870,NaN,NaN
NaN,NaN,471.950000,632.830000,NaN,NaN
NaN,NaN,471.950000,632.930000,NaN,NaN
NaN,NaN,471.930000,632.940000,NaN,NaN
NaN,NaN,471.920000,632.910000,NaN,NaN
NaN,NaN,471.880000,632.900000,NaN,NaN
NaN,NaN,471.850000,632.880000,NaN,NaN
NaN,NaN,471.840000,632.870000,NaN,NaN
NaN,NaN,471.820000,632.860000,NaN,NaN
NaN,NaN,471.790000,632.850000,NaN,NaN
NaN,NaN,471.770000,632.830000,NaN,NaN
NaN,NaN,471.750000,632.840000,NaN,NaN
NaN,NaN,471.720000,632.830000,NaN,NaN
NaN,NaN,471.690000,632.830000,NaN,NaN
NaN,NaN,471.670000,632.810000,NaN,NaN
NaN,NaN,471.650000,632.800000,NaN,NaN
NaN,NaN,471.630000,632.790000,NaN,NaN
NaN,NaN,471.610000,632.790000,NaN,NaN
NaN,NaN,471.590000,632.780000,NaN,NaN
NaN,NaN,471.510000,632.760000,NaN,NaN
NaN,NaN,471.160000,632.690000,NaN,NaN
NaN,NaN,471.150000,632.680000,NaN,NaN
NaN,NaN,471.120000,632.660000,NaN,NaN
NaN,NaN,471.080000,632.670000,NaN,NaN
NaN,NaN,471.070000,632.670000,NaN,NaN
NaN,NaN,471.030000,632.670000,NaN,NaN
NaN,NaN,471.030000,632.680000,NaN,NaN
NaN,NaN,471.010000,632.690000,NaN,NaN
NaN,NaN,470.990000,632.710000,NaN,NaN
NaN,NaN,470.960000,632.710000,NaN,NaN
NaN,NaN,470.940000,632.720000,NaN,NaN
NaN,NaN,470.900000,632.710000,NaN,NaN
NaN,NaN,470.890000,632.720000,NaN,NaN
NaN,NaN,470.850000,632.730000,NaN,NaN
NaN,NaN,470.820000,632.750000,NaN,NaN
NaN,NaN,470.800000,632.740000,NaN,NaN
NaN,NaN,470.790000,632.760000,NaN,NaN
NaN,NaN,470.760000,632.740000,NaN,NaN
NaN,NaN,470.750000,632.770000,NaN,NaN
NaN,NaN,470.740000,632.770000,NaN,NaN
NaN,NaN,470.720000,632.780000,NaN,NaN
NaN,NaN,470.700000,632.790000,NaN,NaN
NaN,NaN,470.680000,632.800000,NaN,NaN
NaN,NaN,470.670000,632.810000,NaN,NaN
NaN,NaN,470.620000,632.820000,NaN,NaN
NaN,NaN,470.590000,632.830000,NaN,NaN
NaN,NaN,470.550000,632.850000,NaN,NaN
NaN,NaN,470.550000,632.860000,NaN,NaN
NaN,NaN,470.530000,632.860000,NaN,NaN
NaN,NaN,470.470000,632.880000,NaN,NaN
NaN,NaN,470.130000,632.840000,NaN,NaN
NaN,NaN,470.110000,632.840000,NaN,NaN
NaN,NaN,470.110000,632.840000,NaN,NaN
NaN,NaN,470.080000,632.840000,NaN,NaN
NaN,NaN,470.080000,632.860000,NaN,NaN
NaN,NaN,470.060000,632.860000,NaN,NaN
NaN,NaN,470.030000,632.880000,NaN,NaN
NaN,NaN,470.020000,632.890000,NaN,NaN
NaN,NaN,470.000000,632.880000,NaN,NaN
NaN,NaN,469.990000,632.890000,NaN,NaN
NaN,NaN,469.960000,632.900000,NaN,NaN
NaN,NaN,469.930000,632.900000,NaN,NaN
NaN,NaN,469.920000,632.930000,NaN,NaN
NaN,NaN,469.900000,632.920000,NaN,NaN
NaN,NaN,469.910000,632.930000,NaN,NaN
NaN,NaN,469.890000,632.950000,NaN,NaN
NaN,NaN,469.890000,632.920000,NaN,NaN
NaN,NaN,469.860000,632.910000,NaN,NaN
NaN,NaN,469.840000,632.930000,NaN,NaN
NaN,NaN,469.820000,632.940000,NaN,NaN
NaN,NaN,469.840000,632.960000,NaN,NaN
NaN,NaN,469.810000,632.950000,NaN,NaN
NaN,NaN,469.800000,632.950000,NaN,NaN
NaN,NaN,469.780000,632.980000,NaN,NaN
NaN,NaN,469.750000,633.010000,NaN,NaN
NaN,NaN,469.730000,633.010000,NaN,NaN
NaN,NaN,469.710000,633.030000,NaN,NaN
NaN,NaN,469.690000,633.030000,NaN,NaN
NaN,NaN,469.680000,633.040000,NaN,NaN
NaN,NaN,469.630000,633.040000,NaN,NaN
NaN,NaN,469.640000,633.070000,NaN,NaN
NaN,NaN,469.620000,633.070000,NaN,NaN
NaN,NaN,469.630000,633.090000,NaN,NaN
NaN,NaN,469.650000,633.100000,NaN,NaN
NaN,NaN,469.600000,633.090000,NaN,NaN
NaN,NaN,469.550000,633.120000,NaN,NaN
NaN,NaN,469.510000,633.140000,NaN,NaN
NaN,NaN,468.970000,633.100000,NaN,NaN
NaN,NaN,468.970000,633.120000,NaN,NaN
NaN,NaN,468.930000,633.120000,NaN,NaN
NaN,NaN,468.940000,633.120000,NaN,NaN
NaN,NaN,468.910000,633.140000,NaN,NaN
NaN,NaN,468.870000,633.190000,NaN,NaN
NaN,NaN,468.870000,633.230000,NaN,NaN
NaN,NaN,468.810000,633.200000,NaN,NaN
NaN,NaN,468.820000,633.240000,NaN,NaN
NaN,NaN,468.800000,633.220000,NaN,NaN
NaN,NaN,468.770000,633.240000,NaN,NaN
NaN,NaN,468.770000,633.310000,NaN,NaN
NaN,NaN,468.750000,633.290000,NaN,NaN
NaN,NaN,468.700000,633.380000,NaN,NaN
NaN,NaN,468.670000,633.350000,NaN,NaN
NaN,NaN,468.620000,633.400000,NaN,NaN
NaN,NaN,468.580000,633.410000,NaN,NaN
NaN,NaN,468.580000,633.390000,NaN,NaN
NaN,NaN,468.530000,633.400000,NaN,NaN
NaN,NaN,467.980000,633.410000,NaN,NaN
NaN,NaN,467.960000,633.420000,NaN,NaN
NaN,NaN,467.920000,633.460000,NaN,NaN
NaN,NaN,467.870000,633.550000,NaN,NaN
NaN,NaN,467.950000,633.820000,NaN,NaN
NaN,NaN,467.930000,633.840000,NaN,NaN
NaN,NaN,467.930000,633.840000,NaN,NaN
NaN,NaN,467.900000,633.900000,NaN,NaN
NaN,NaN,467.880000,633.930000,NaN,NaN
NaN,NaN,467.850000,633.950000,NaN,NaN
NaN,NaN,467.810000,633.950000,NaN,NaN
NaN,NaN,467.780000,633.970000,NaN,NaN
NaN,NaN,467.770000,634.010000,NaN,NaN
NaN,NaN,467.780000,634.060000,NaN,NaN
NaN,NaN,467.760000,634.080000,NaN,NaN
NaN,NaN,467.700000,634.110000,NaN,NaN
NaN,NaN,467.670000,634.090000,NaN,NaN
NaN,NaN,467.660000,634.140000,NaN,NaN
NaN,NaN,467.610000,634.210000,NaN,NaN
NaN,NaN,467.560000,634.200000,NaN,NaN
NaN,NaN,467.570000,634.270000,NaN,NaN
NaN,NaN,467.550000,634.250000,NaN,NaN
NaN,NaN,467.460000,634.260000,NaN,NaN
NaN,NaN,466.990000,634.270000,NaN,NaN
NaN,NaN,466.960000,634.260000,NaN,NaN
NaN,NaN,466.940000,634.290000,NaN,NaN
NaN,NaN,466.930000,634.340000,NaN,NaN
NaN,NaN,466.920000,634.380000,NaN,NaN
NaN,NaN,466.910000,634.430000,NaN,NaN
NaN,NaN,466.880000,634.420000,NaN,NaN
NaN,NaN,466.870000,634.510000,NaN,NaN
NaN,NaN,466.900000,634.800000,NaN,NaN
NaN,NaN,466.890000,634.840000,NaN,NaN
NaN,NaN,466.810000,634.850000,NaN,NaN
NaN,NaN,466.800000,634.820000,NaN,NaN
NaN,NaN,466.770000,634.850000,NaN,NaN
NaN,NaN,466.770000,634.900000,NaN,NaN
NaN,NaN,466.740000,634.910000,NaN,NaN
NaN,NaN,466.710000,634.940000,NaN,NaN
NaN,NaN,466.660000,634.990000,NaN,NaN
NaN,NaN,466.660000,634.990000,NaN,NaN
NaN,NaN,466.640000,635.000000,NaN,NaN
NaN,NaN,466.640000,635.060000,NaN,NaN
NaN,NaN,466.620000,635.050000,NaN,NaN
NaN,NaN,466.540000,635.040000,NaN,NaN
NaN,NaN,466.050000,635.030000,NaN,NaN
NaN,NaN,466.020000,635.050000,NaN,NaN
NaN,NaN,465.970000,635.130000,NaN,NaN
NaN,NaN,465.970000,635.130000,NaN,NaN
NaN,NaN,465.920000,635.150000,NaN,NaN
NaN,NaN,465.880000,635.230000,NaN,NaN
NaN,NaN,465.870000,635.270000,NaN,NaN
NaN,NaN,465.840000,635.300000,NaN,NaN
NaN,NaN,465.810000,635.300000,NaN,NaN
NaN,NaN,465.800000,635.350000,NaN,NaN
NaN,NaN,465.780000,635.420000,NaN,NaN
NaN,NaN,465.760000,635.410000,NaN,NaN
NaN,NaN,465.740000,635.500000,NaN,NaN
NaN,NaN,465.810000,635.850000,NaN,NaN
NaN,NaN,465.770000,635.900000,NaN,NaN
NaN,NaN,465.760000,635.940000,NaN,NaN
NaN,NaN,465.730000,635.950000,NaN,NaN
NaN,NaN,465.690000,636.000000,NaN,NaN
NaN,NaN,465.710000,636.000000,NaN,NaN
NaN,NaN,465.650000,636.000000,NaN,NaN
NaN,NaN,465.640000,636.050000,NaN,NaN
NaN,NaN,465.630000,636.140000,NaN,NaN
NaN,NaN,465.580000,636.180000,NaN,NaN
NaN,NaN,465.560000,636.260000,NaN,NaN
NaN,NaN,465.530000,636.340000,NaN,NaN
NaN,NaN,465.530000,636.390000,NaN,NaN
NaN,NaN,465.500000,636.470000,NaN,NaN
NaN,NaN,465.150000,636.820000,NaN,NaN
NaN,NaN,465.100000,636.810000,NaN,NaN
NaN,NaN,465.090000,636.870000,NaN,NaN
NaN,NaN,465.080000,636.940000,NaN,NaN
NaN,NaN,465.090000,637.000000,NaN,NaN
NaN,NaN,465.050000,637.020000,NaN,NaN
NaN,NaN,464.980000,637.040000,NaN,NaN
NaN,NaN,464.940000,637.080000,NaN,NaN
NaN,NaN,464.920000,637.090000,NaN,NaN
NaN,NaN,464.930000,637.130000,NaN,NaN
NaN,NaN,464.920000,637.140000,NaN,NaN
NaN,NaN,464.890000,637.140000,NaN,NaN
NaN,NaN,464.830000,637.170000,NaN,NaN
NaN,NaN,464.840000,637.190000,NaN,NaN
NaN,NaN,464.810000,637.170000,NaN,NaN
NaN,NaN,464.770000,637.180000,NaN,NaN
NaN,NaN,464.730000,637.220000,NaN,NaN
NaN,NaN,464.740000,637.260000,NaN,NaN
NaN,NaN,464.730000,637.290000,NaN,NaN
NaN,NaN,464.720000,637.270000,NaN,NaN
NaN,NaN,464.710000,637.300000,NaN,NaN
NaN,NaN,464.610000,637.360000,NaN,NaN
NaN,NaN,464.640000,637.380000,NaN,NaN
NaN,NaN,464.650000,637.340000,NaN,NaN
NaN,NaN,464.640000,637.410000,NaN,NaN
NaN,NaN,464.630000,637.450000,NaN,NaN
NaN,NaN,464.570000,637.460000,NaN,NaN
NaN,NaN,464.560000,637.500000,NaN,NaN
NaN,NaN,464.660000,637.960000,NaN,NaN
NaN,NaN,464.620000,637.990000,NaN,NaN
NaN,NaN,464.560000,638.020000,NaN,NaN
NaN,NaN,464.550000,638.030000,NaN,NaN
NaN,NaN,464.550000,638.000000,NaN,NaN
NaN,NaN,464.500000,638.060000,NaN,NaN
NaN,NaN,464.110000,638.030000,NaN,NaN
NaN,NaN,464.110000,638.050000,NaN,NaN
NaN,NaN,464.050000,638.000000,NaN,NaN
NaN,NaN,464.020000,638.050000,NaN,NaN
NaN,NaN,464.000000,638.060000,NaN,NaN
NaN,NaN,463.980000,638.090000,NaN,NaN
NaN,NaN,463.960000,638.140000,NaN,NaN
NaN,NaN,463.920000,638.120000,NaN,NaN
NaN,NaN,463.910000,638.120000,NaN,NaN
NaN,NaN,463.880000,638.110000,NaN,NaN
NaN,NaN,463.880000,638.190000,NaN,NaN
NaN,NaN,463.850000,638.200000,NaN,NaN
NaN,NaN,463.800000,638.160000,NaN,NaN
NaN,NaN,463.790000,638.170000,NaN,NaN
NaN,NaN,463.760000,638.180000,NaN,NaN
NaN,NaN,463.730000,638.170000,NaN,NaN
NaN,NaN,463.710000,638.190000,NaN,NaN
NaN,NaN,463.670000,638.230000,NaN,NaN
NaN,NaN,463.660000,638.250000,NaN,NaN
NaN,NaN,463.650000,638.260000,NaN,NaN
NaN,NaN,463.610000,638.290000,NaN,NaN
NaN,NaN,463.590000,638.310000,NaN,NaN
NaN,NaN,463.540000,638.320000,NaN,NaN
NaN,NaN,463.070000,638.250000,NaN,NaN
NaN,NaN,463.060000,638.250000,NaN,NaN
NaN,NaN,463.020000,638.260000,NaN,NaN
NaN,NaN,462.990000,638.270000,NaN,NaN
NaN,NaN,462.990000,638.320000,NaN,NaN
NaN,NaN,462.980000,638.320000,NaN,NaN
NaN,NaN,462.980000,638.330000,NaN,NaN
NaN,NaN,462.940000,638.340000,NaN,NaN
NaN,NaN,462.930000,638.440000,NaN,NaN
NaN,NaN,463.010000,638.760000,NaN,NaN
NaN,NaN,463.040000,638.840000,NaN,NaN
NaN,NaN,463.050000,638.850000,NaN,NaN
NaN,NaN,463.010000,638.810000,NaN,NaN
NaN,NaN,463.010000,638.840000,NaN,NaN
NaN,NaN,462.960000,638.840000,NaN,NaN
NaN,NaN,462.920000,638.880000,NaN,NaN
NaN,NaN,462.880000,638.920000,NaN,NaN
NaN,NaN,462.890000,638.950000,NaN,NaN
NaN,NaN,462.870000,638.960000,NaN,NaN
NaN,NaN,462.810000,638.940000,NaN,NaN
NaN,NaN,462.780000,638.960000,NaN,NaN
NaN,NaN,462.750000,638.930000,NaN,NaN
NaN,NaN,462.750000,638.970000,NaN,NaN
NaN,NaN,462.690000,638.990000,NaN,NaN
NaN,NaN,462.650000,638.990000,NaN,NaN
NaN,NaN,462.640000,639.030000,NaN,NaN
NaN,NaN,462.570000,639.050000,NaN,NaN
NaN,NaN,462.500000,639.050000,NaN,NaN
NaN,NaN,461.960000,638.930000,NaN,NaN
NaN,NaN,461.880000,638.900000,NaN,NaN
NaN,NaN,461.860000,638.900000,NaN,NaN
NaN,NaN,461.880000,638.870000,NaN,NaN
NaN,NaN,461.860000,638.950000,NaN,NaN
NaN,NaN,461.820000,638.990000,NaN,NaN
NaN,NaN,461.810000,639.050000,NaN,NaN
NaN,NaN,461.770000,639.050000,NaN,NaN
NaN,NaN,461.760000,639.040000,NaN,NaN
NaN,NaN,461.760000,639.120000,NaN,NaN
NaN,NaN,461.730000,639.110000,NaN,NaN
NaN,NaN,461.640000,639.100000,NaN,NaN
NaN,NaN,461.630000,639.110000,NaN,NaN
NaN,NaN,461.610000,639.070000,NaN,NaN
NaN,NaN,461.610000,639.140000,NaN,NaN
NaN,NaN,461.530000,639.110000,NaN,NaN
NaN,NaN,461.050000,639.050000,NaN,NaN
NaN,NaN,461.020000,639.020000,NaN,NaN
NaN,NaN,461.000000,639.040000,NaN,NaN
NaN,NaN,460.900000,639.050000,NaN,NaN
NaN,NaN,460.910000,639.040000,NaN,NaN
NaN,NaN,460.930000,639.110000,NaN,NaN
NaN,NaN,460.910000,639.230000,NaN,NaN
NaN,NaN,460.890000,639.200000,NaN,NaN
NaN,NaN,460.790000,639.230000,NaN,NaN
NaN,NaN,460.740000,639.170000,NaN,NaN
NaN,NaN,460.620000,639.120000,NaN,NaN
NaN,NaN,460.700000,639.160000,NaN,NaN
NaN,NaN,460.660000,639.230000,NaN,NaN
NaN,NaN,460.670000,639.280000,NaN,NaN
NaN,NaN,460.610000,639.250000,NaN,NaN
NaN,NaN,460.580000,639.260000,NaN,NaN
NaN,NaN,460.520000,639.280000,NaN,NaN
NaN,NaN,460.070000,639.280000,NaN,NaN
NaN,NaN,460.010000,639.220000,NaN,NaN
NaN,NaN,459.980000,639.270000,NaN,NaN
NaN,NaN,459.860000,639.250000,NaN,NaN
NaN,NaN,459.840000,639.280000,NaN,NaN
NaN,NaN,459.740000,639.300000,NaN,NaN
NaN,NaN,459.730000,639.310000,NaN,NaN
NaN,NaN,459.720000,639.330000,NaN,NaN
NaN,NaN,459.850000,639.550000,NaN,NaN
NaN,NaN,460.000000,639.910000,NaN,NaN
NaN,NaN,459.950000,639.860000,NaN,NaN
NaN,NaN,459.970000,640.000000,NaN,NaN
NaN,NaN,459.900000,639.950000,NaN,NaN
NaN,NaN,459.910000,640.010000,NaN,NaN
NaN,NaN,459.930000,640.030000,NaN,NaN
NaN,NaN,459.870000,640.020000,NaN,NaN
NaN,NaN,459.890000,640.090000,NaN,NaN
NaN,NaN,459.850000,640.070000,NaN,NaN
NaN,NaN,459.830000,640.070000,NaN,NaN
NaN,NaN,459.770000,640.070000,NaN,NaN
NaN,NaN,459.790000,640.060000,NaN,NaN
NaN,NaN,459.780000,640.100000,NaN,NaN
NaN,NaN,459.750000,640.150000,NaN,NaN
NaN,NaN,459.710000,640.060000,NaN,NaN
NaN,NaN,459.660000,640.060000,NaN,NaN
NaN,NaN,459.670000,640.090000,NaN,NaN
NaN,NaN,459.700000,640.120000,NaN,NaN
NaN,NaN,459.660000,640.170000,NaN,NaN
NaN,NaN,459.650000,640.170000,NaN,NaN
NaN,NaN,459.640000,640.180000,NaN,NaN
NaN,NaN,459.660000,640.200000,NaN,NaN
NaN,NaN,459.610000,640.160000,NaN,NaN
NaN,NaN,459.620000,640.240000,NaN,NaN
NaN,NaN,459.590000,640.240000,NaN,NaN
NaN,NaN,459.620000,640.220000,NaN,NaN
NaN,NaN,459.500000,640.180000,NaN,NaN
NaN,NaN,459.060000,640.070000,NaN,NaN
NaN,NaN,459.030000,640.080000,NaN,NaN
NaN,NaN,459.120000,640.130000,NaN,NaN
NaN,NaN,459.120000,640.110000,NaN,NaN
NaN,NaN,459.150000,640.160000,NaN,NaN
NaN,NaN,459.160000,640.210000,NaN,NaN
NaN,NaN,459.140000,640.220000,NaN,NaN
NaN,NaN,459.120000,640.180000,NaN,NaN
NaN,NaN,459.140000,640.260000,NaN,NaN
NaN,NaN,459.110000,640.260000,NaN,NaN
NaN,NaN,459.100000,640.260000,NaN,NaN
NaN,NaN,459.100000,640.250000,NaN,NaN
NaN,NaN,459.080000,640.200000,NaN,NaN
NaN,NaN,459.050000,640.250000,NaN,NaN
NaN,NaN,459.030000,640.260000,NaN,NaN
NaN,NaN,459.040000,640.240000,NaN,NaN
NaN,NaN,459.050000,640.300000,NaN,NaN
NaN,NaN,459.010000,640.300000,NaN,NaN
NaN,NaN,459.010000,640.300000,NaN,NaN
NaN,NaN,458.970000,640.240000,NaN,NaN
NaN,NaN,459.010000,640.280000,NaN,NaN
NaN,NaN,458.990000,640.250000,NaN,NaN
NaN,NaN,458.950000,640.260000,NaN,NaN
NaN,NaN,458.920000,640.230000,NaN,NaN
NaN,NaN,458.900000,640.220000,NaN,NaN
NaN,NaN,458.900000,640.260000,NaN,NaN
NaN,NaN,458.870000,640.190000,NaN,NaN
NaN,NaN,458.910000,640.250000,NaN,NaN
NaN,NaN,458.880000,640.250000,NaN,NaN
NaN,NaN,458.880000,640.280000,NaN,NaN
NaN,NaN,458.850000,640.250000,NaN,NaN
NaN,NaN,458.830000,640.260000,NaN,NaN
NaN,NaN,458.810000,640.260000,NaN,NaN
NaN,NaN,458.760000,640.230000,NaN,NaN
NaN,NaN,458.750000,640.200000,NaN,NaN
NaN,NaN,458.730000,640.190000,NaN,NaN
NaN,NaN,458.700000,640.150000,NaN,NaN
NaN,NaN,NaN,NaN,NaN,NaN
NaN,NaN,NaN,NaN,NaN,NaN
NaN,NaN,NaN,NaN,NaN,NaN
NaN,NaN,NaN,NaN,NaN,NaN
NaN,NaN,NaN,NaN,NaN,NaN
NaN,NaN,NaN,NaN,NaN,NaN
NaN,NaN,NaN,NaN,NaN,NaN
NaN,NaN,NaN,NaN,NaN,NaN
NaN,NaN,NaN,NaN,NaN,NaN
NaN,NaN,NaN,NaN,NaN,NaN
NaN,NaN,NaN,NaN,NaN,NaN
NaN,NaN,NaN,NaN,NaN,NaN
NaN,NaN,NaN,NaN,NaN,NaN
NaN,NaN,NaN,NaN,NaN,NaN
NaN,NaN,NaN,NaN,NaN,NaN
NaN,NaN,NaN,NaN,NaN,NaN
NaN,NaN,NaN,NaN,NaN,NaN
NaN,NaN,NaN,NaN,NaN,NaN
NaN,NaN,NaN,NaN,NaN,NaN
NaN,NaN,NaN,NaN,NaN,NaN
NaN,NaN,NaN,NaN,NaN,NaN
NaN,NaN,NaN,NaN,NaN,NaN
NaN,NaN,NaN,NaN,NaN,NaN
NaN,NaN,NaN,NaN,NaN,NaN
NaN,NaN,NaN,NaN,NaN,NaN
NaN,NaN,NaN,NaN,NaN,NaN
NaN,NaN,NaN,NaN,NaN,NaN
NaN,NaN,NaN,NaN,NaN,NaN
NaN,NaN,NaN,NaN,NaN,NaN
NaN,NaN,NaN,NaN,NaN,NaN
NaN,NaN,NaN,NaN,NaN,NaN
NaN,NaN,NaN,NaN,NaN,NaN
NaN,NaN,NaN,NaN,NaN,NaN
NaN,NaN,NaN,NaN,NaN,NaN
NaN,NaN,NaN,NaN,NaN,NaN
NaN,NaN,NaN,NaN,NaN,NaN
NaN,NaN,NaN,NaN,NaN,NaN
NaN,NaN,NaN,NaN,NaN,NaN
NaN,NaN,NaN,NaN,NaN,NaN
NaN,NaN,NaN,NaN,NaN,NaN
NaN,NaN,NaN,NaN,NaN,NaN
NaN,NaN,NaN,NaN,NaN,NaN
NaN,NaN,NaN,NaN,NaN,NaN
NaN,NaN,NaN,NaN,NaN,NaN
NaN,NaN,NaN,NaN,NaN,NaN
NaN,NaN,NaN,NaN,NaN,NaN
NaN,NaN,NaN,NaN,NaN,NaN
NaN,NaN,NaN,NaN,NaN,NaN
NaN,NaN,NaN,NaN,NaN,NaN
NaN,NaN,NaN,NaN,NaN,NaN
NaN,NaN,NaN,NaN,NaN,NaN
NaN,NaN,NaN,NaN,NaN,NaN
NaN,NaN,NaN,NaN,NaN,NaN
NaN,NaN,NaN,NaN,NaN,NaN
NaN,NaN,NaN,NaN,NaN,NaN
NaN,NaN,NaN,NaN,NaN,NaN
NaN,NaN,NaN,NaN,NaN,NaN
NaN,NaN,NaN,NaN,NaN,NaN
NaN,NaN,NaN,NaN,NaN,NaN
NaN,NaN,NaN,NaN,NaN,NaN
NaN,NaN,NaN,NaN,NaN,NaN
NaN,NaN,NaN,NaN,NaN,NaN
NaN,NaN,NaN,NaN,NaN,NaN
NaN,NaN,NaN,NaN,NaN,NaN
NaN,NaN,NaN,NaN,NaN,NaN
NaN,NaN,NaN,NaN,NaN,NaN
NaN,NaN,NaN,NaN,NaN,NaN
NaN,NaN,NaN,NaN,NaN,NaN
NaN,NaN,NaN,NaN,NaN,NaN
NaN,NaN,NaN,NaN,NaN,NaN
NaN,NaN,NaN,NaN,NaN,NaN
NaN,NaN,NaN,NaN,NaN,NaN
NaN,NaN,NaN,NaN,NaN,NaN
NaN,NaN,NaN,NaN,NaN,NaN
NaN,NaN,NaN,NaN,NaN,NaN
NaN,NaN,NaN,NaN,NaN,NaN
NaN,NaN,NaN,NaN,NaN,NaN
NaN,NaN,NaN,NaN,NaN,NaN
NaN,NaN,NaN,NaN,NaN,NaN
NaN,NaN,NaN,NaN,NaN,NaN
NaN,NaN,NaN,NaN,NaN,NaN
NaN,NaN,NaN,NaN,NaN,NaN
NaN,NaN,NaN,NaN,NaN,NaN
NaN,NaN,NaN,NaN,NaN,NaN
NaN,NaN,NaN,NaN,NaN,NaN
NaN,NaN,NaN,NaN,NaN,NaN
NaN,NaN,NaN,NaN,NaN,NaN
NaN,NaN,NaN,NaN,NaN,NaN
NaN,NaN,NaN,NaN,NaN,NaN
NaN,NaN,NaN,NaN,NaN,NaN
NaN,NaN,NaN,NaN,NaN,NaN
NaN,NaN,NaN,NaN,NaN,NaN
NaN,NaN,NaN,NaN,NaN,NaN
NaN,NaN,NaN,NaN,NaN,NaN
NaN,NaN,NaN,NaN,NaN,NaN
NaN,NaN,NaN,NaN,NaN,NaN
NaN,NaN,NaN,NaN,NaN,NaN
NaN,NaN,NaN,NaN,NaN,NaN
NaN,NaN,NaN,NaN,NaN,NaN
NaN,NaN,NaN,NaN,NaN,NaN
NaN,NaN,NaN,NaN,NaN,NaN
NaN,NaN,NaN,NaN,NaN,NaN
NaN,NaN,NaN,NaN,NaN,NaN
NaN,NaN,NaN,NaN,NaN,NaN
NaN,NaN,NaN,NaN,NaN,NaN
NaN,NaN,NaN,NaN,NaN,NaN
NaN,NaN,NaN,NaN,NaN,NaN
NaN,NaN,NaN,NaN,NaN,NaN
NaN,NaN,NaN,NaN,NaN,NaN
NaN,NaN,NaN,NaN,NaN,NaN
NaN,NaN,NaN,NaN,NaN,NaN
NaN,NaN,NaN,NaN,NaN,NaN
NaN,NaN,NaN,NaN,NaN,NaN
NaN,NaN,NaN,NaN,NaN,NaN
NaN,NaN,NaN,NaN,NaN,NaN
NaN,NaN,NaN,NaN,NaN,NaN
NaN,NaN,NaN,NaN,NaN,NaN
NaN,NaN,NaN,NaN,NaN,NaN
NaN,NaN,NaN,NaN,NaN,NaN
NaN,NaN,NaN,NaN,NaN,NaN
NaN,NaN,NaN,NaN,NaN,NaN
NaN,NaN,NaN,NaN,NaN,NaN
NaN,NaN,NaN,NaN,NaN,NaN
NaN,NaN,NaN,NaN,NaN,NaN
NaN,NaN,NaN,NaN,NaN,NaN
NaN,NaN,NaN,NaN,NaN,NaN
NaN,NaN,NaN,NaN,NaN,NaN
NaN,NaN,NaN,NaN,NaN,NaN
NaN,NaN,NaN,NaN,NaN,NaN
NaN,NaN,NaN,NaN,NaN,NaN
NaN,NaN,NaN,NaN,NaN,NaN
NaN,NaN,NaN,NaN,NaN,NaN
NaN,NaN,NaN,NaN,NaN,NaN
NaN,NaN,NaN,NaN,NaN,NaN
NaN,NaN,NaN,NaN,NaN,NaN
NaN,NaN,NaN,NaN,NaN,NaN
NaN,NaN,NaN,NaN,NaN,NaN
NaN,NaN,NaN,NaN,NaN,NaN
NaN,NaN,NaN,NaN,NaN,NaN
NaN,NaN,NaN,NaN,NaN,NaN
NaN,NaN,NaN,NaN,NaN,NaN
NaN,NaN,NaN,NaN,NaN,NaN
NaN,NaN,NaN,NaN,NaN,NaN
NaN,NaN,NaN,NaN,NaN,NaN
NaN,NaN,NaN,NaN,NaN,NaN
NaN,NaN,NaN,NaN,NaN,NaN
NaN,NaN,NaN,NaN,NaN,NaN
NaN,NaN,NaN,NaN,NaN,NaN
NaN,NaN,NaN,NaN,NaN,NaN
NaN,NaN,NaN,NaN,NaN,NaN
NaN,NaN,NaN,NaN,NaN,NaN
NaN,NaN,NaN,NaN,NaN,NaN
NaN,NaN,NaN,NaN,NaN,NaN
NaN,NaN,NaN,NaN,NaN,NaN
NaN,NaN,NaN,NaN,NaN,NaN
NaN,NaN,NaN,NaN,NaN,NaN
NaN,NaN,NaN,NaN,NaN,NaN
NaN,NaN,NaN,NaN,NaN,NaN
NaN,NaN,NaN,NaN,NaN,NaN
NaN,NaN,NaN,NaN,NaN,NaN
NaN,NaN,NaN,NaN,NaN,NaN
NaN,NaN,NaN,NaN,NaN,NaN
NaN,NaN,NaN,NaN,NaN,NaN
NaN,NaN,NaN,NaN,NaN,NaN
NaN,NaN,NaN,NaN,NaN,NaN
NaN,NaN,NaN,NaN,NaN,NaN
NaN,NaN,NaN,NaN,NaN,NaN
NaN,NaN,NaN,NaN,NaN,NaN
NaN,NaN,NaN,NaN,NaN,NaN
NaN,NaN,NaN,NaN,NaN,NaN
NaN,NaN,NaN,NaN,NaN,NaN
NaN,NaN,NaN,NaN,NaN,NaN
NaN,NaN,NaN,NaN,NaN,NaN
NaN,NaN,NaN,NaN,NaN,NaN
NaN,NaN,NaN,NaN,NaN,NaN
NaN,NaN,NaN,NaN,NaN,NaN
NaN,NaN,NaN,NaN,NaN,NaN
NaN,NaN,NaN,NaN,NaN,NaN
NaN,NaN,NaN,NaN,NaN,NaN
NaN,NaN,NaN,NaN,NaN,NaN
NaN,NaN,NaN,NaN,NaN,NaN
NaN,NaN,NaN,NaN,NaN,NaN
NaN,NaN,NaN,NaN,NaN,NaN
NaN,NaN,NaN,NaN,NaN,NaN
NaN,NaN,NaN,NaN,NaN,NaN
NaN,NaN,NaN,NaN,NaN,NaN
NaN,NaN,NaN,NaN,NaN,NaN
NaN,NaN,NaN,NaN,NaN,NaN
NaN,NaN,NaN,NaN,NaN,NaN
NaN,NaN,NaN,NaN,NaN,NaN
NaN,NaN,NaN,NaN,NaN,NaN
NaN,NaN,NaN,NaN,NaN,NaN
NaN,NaN,NaN,NaN,NaN,NaN
NaN,NaN,NaN,NaN,NaN,NaN
NaN,NaN,NaN,NaN,NaN,NaN
NaN,NaN,NaN,NaN,NaN,NaN
NaN,NaN,NaN,NaN,NaN,NaN
NaN,NaN,NaN,NaN,NaN,NaN
NaN,NaN,NaN,NaN,NaN,NaN
NaN,NaN,NaN,NaN,NaN,NaN
NaN,NaN,NaN,NaN,NaN,NaN
NaN,NaN,NaN,NaN,NaN,NaN
NaN,NaN,NaN,NaN,NaN,NaN
NaN,NaN,NaN,NaN,NaN,NaN
NaN,NaN,NaN,NaN,NaN,NaN
NaN,NaN,NaN,NaN,NaN,NaN
NaN,NaN,NaN,NaN,NaN,NaN
NaN,NaN,NaN,NaN,NaN,NaN
NaN,NaN,NaN,NaN,NaN,NaN
NaN,NaN,NaN,NaN,NaN,NaN
NaN,NaN,NaN,NaN,NaN,NaN
NaN,NaN,NaN,NaN,NaN,NaN
NaN,NaN,NaN,NaN,NaN,NaN
NaN,NaN,NaN,NaN,NaN,NaN
NaN,NaN,NaN,NaN,NaN,NaN
NaN,NaN,NaN,NaN,NaN,NaN
NaN,NaN,NaN,NaN,NaN,NaN
NaN,NaN,NaN,NaN,NaN,NaN
NaN,NaN,NaN,NaN,NaN,NaN
NaN,NaN,NaN,NaN,NaN,NaN
NaN,NaN,NaN,NaN,NaN,NaN
NaN,NaN,NaN,NaN,NaN,NaN
NaN,NaN,NaN,NaN,NaN,NaN
NaN,NaN,NaN,NaN,NaN,NaN
NaN,NaN,NaN,NaN,NaN,NaN
NaN,NaN,NaN,NaN,NaN,NaN
NaN,NaN,NaN,NaN,NaN,NaN
NaN,NaN,NaN,NaN,NaN,NaN
NaN,NaN,NaN,NaN,NaN,NaN
NaN,NaN,NaN,NaN,NaN,NaN
NaN,NaN,NaN,NaN,NaN,NaN
NaN,NaN,NaN,NaN,NaN,NaN
NaN,NaN,NaN,NaN,NaN,NaN
NaN,NaN,NaN,NaN,NaN,NaN
NaN,NaN,NaN,NaN,NaN,NaN
NaN,NaN,NaN,NaN,NaN,NaN
NaN,NaN,NaN,NaN,NaN,NaN
NaN,NaN,NaN,NaN,NaN,NaN
NaN,NaN,NaN,NaN,NaN,NaN
NaN,NaN,NaN,NaN,NaN,NaN
NaN,NaN,NaN,NaN,NaN,NaN
NaN,NaN,NaN,NaN,NaN,NaN
NaN,NaN,NaN,NaN,NaN,NaN
NaN,NaN,NaN,NaN,NaN,NaN
NaN,NaN,NaN,NaN,NaN,NaN
NaN,NaN,NaN,NaN,NaN,NaN
NaN,NaN,NaN,NaN,NaN,NaN
NaN,NaN,NaN,NaN,NaN,NaN
NaN,NaN,NaN,NaN,NaN,NaN
NaN,NaN,NaN,NaN,NaN,NaN
NaN,NaN,NaN,NaN,NaN,NaN
NaN,NaN,NaN,NaN,NaN,NaN
NaN,NaN,NaN,NaN,NaN,NaN
NaN,NaN,NaN,NaN,NaN,NaN
NaN,NaN,NaN,NaN,NaN,NaN
NaN,NaN,NaN,NaN,NaN,NaN
NaN,NaN,NaN,NaN,NaN,NaN
NaN,NaN,NaN,NaN,NaN,NaN
NaN,NaN,NaN,NaN,NaN,NaN
NaN,NaN,NaN,NaN,NaN,NaN
NaN,NaN,NaN,NaN,NaN,NaN
NaN,NaN,NaN,NaN,NaN,NaN
NaN,NaN,NaN,NaN,NaN,NaN
NaN,NaN,NaN,NaN,NaN,NaN
NaN,NaN,NaN,NaN,NaN,NaN
NaN,NaN,NaN,NaN,NaN,NaN
NaN,NaN,NaN,NaN,NaN,NaN
NaN,NaN,NaN,NaN,NaN,NaN
NaN,NaN,NaN,NaN,NaN,NaN
NaN,NaN,NaN,NaN,NaN,NaN
NaN,NaN,NaN,NaN,NaN,NaN
NaN,NaN,NaN,NaN,NaN,NaN
NaN,NaN,NaN,NaN,NaN,NaN
NaN,NaN,NaN,NaN,NaN,NaN
NaN,NaN,NaN,NaN,NaN,NaN
NaN,NaN,NaN,NaN,NaN,NaN
NaN,NaN,NaN,NaN,NaN,NaN
NaN,NaN,NaN,NaN,NaN,NaN
NaN,NaN,NaN,NaN,NaN,NaN
NaN,NaN,NaN,NaN,NaN,NaN
NaN,NaN,NaN,NaN,NaN,NaN
NaN,NaN,NaN,NaN,NaN,NaN
NaN,NaN,NaN,NaN,NaN,NaN
NaN,NaN,NaN,NaN,NaN,NaN
NaN,NaN,NaN,NaN,NaN,NaN
NaN,NaN,NaN,NaN,NaN,NaN
NaN,NaN,NaN,NaN,NaN,NaN
NaN,NaN,NaN,NaN,NaN,NaN
NaN,NaN,NaN,NaN,NaN,NaN
NaN,NaN,NaN,NaN,NaN,NaN
NaN,NaN,NaN,NaN,NaN,NaN
NaN,NaN,NaN,NaN,NaN,NaN
NaN,NaN,NaN,NaN,NaN,NaN
NaN,NaN,NaN,NaN,NaN,NaN
NaN,NaN,NaN,NaN,NaN,NaN
NaN,NaN,NaN,NaN,NaN,NaN
NaN,NaN,NaN,NaN,NaN,NaN
NaN,NaN,NaN,NaN,NaN,NaN
NaN,NaN,NaN,NaN,NaN,NaN
NaN,NaN,NaN,NaN,NaN,NaN
NaN,NaN,NaN,NaN,NaN,NaN
NaN,NaN,NaN,NaN,NaN,NaN
NaN,NaN,NaN,NaN,NaN,NaN
NaN,NaN,NaN,NaN,NaN,NaN
NaN,NaN,NaN,NaN,NaN,NaN
NaN,NaN,NaN,NaN,NaN,NaN
NaN,NaN,NaN,NaN,NaN,NaN
NaN,NaN,NaN,NaN,NaN,NaN
NaN,NaN,NaN,NaN,NaN,NaN
NaN,NaN,NaN,NaN,NaN,NaN
NaN,NaN,NaN,NaN,NaN,NaN
NaN,NaN,NaN,NaN,NaN,NaN
NaN,NaN,NaN,NaN,NaN,NaN
NaN,NaN,NaN,NaN,NaN,NaN
NaN,NaN,NaN,NaN,NaN,NaN
NaN,NaN,NaN,NaN,NaN,NaN
NaN,NaN,NaN,NaN,NaN,NaN
NaN,NaN,NaN,NaN,NaN,NaN
NaN,NaN,NaN,NaN,NaN,NaN
NaN,NaN,NaN,NaN,NaN,NaN
NaN,NaN,NaN,NaN,NaN,NaN
NaN,NaN,NaN,NaN,NaN,NaN
NaN,NaN,NaN,NaN,NaN,NaN
NaN,NaN,NaN,NaN,NaN,NaN
NaN,NaN,NaN,NaN,NaN,NaN
NaN,NaN,NaN,NaN,NaN,NaN
NaN,NaN,NaN,NaN,NaN,NaN
NaN,NaN,NaN,NaN,NaN,NaN
NaN,NaN,NaN,NaN,NaN,NaN
NaN,NaN,NaN,NaN,NaN,NaN
NaN,NaN,NaN,NaN,NaN,NaN
NaN,NaN,NaN,NaN,NaN,NaN
NaN,NaN,NaN,NaN,NaN,NaN
NaN,NaN,NaN,NaN,NaN,NaN
NaN,NaN,NaN,NaN,NaN,NaN
NaN,NaN,NaN,NaN,NaN,NaN
NaN,NaN,NaN,NaN,NaN,NaN
NaN,NaN,NaN,NaN,NaN,NaN
NaN,NaN,NaN,NaN,NaN,NaN
NaN,NaN,NaN,NaN,NaN,NaN
NaN,NaN,NaN,NaN,NaN,NaN
NaN,NaN,NaN,NaN,NaN,NaN
NaN,NaN,NaN,NaN,NaN,NaN
NaN,NaN,NaN,NaN,NaN,NaN
NaN,NaN,NaN,NaN,NaN,NaN
NaN,NaN,NaN,NaN,NaN,NaN
NaN,NaN,NaN,NaN,NaN,NaN
NaN,NaN,NaN,NaN,NaN,NaN
NaN,NaN,NaN,NaN,NaN,NaN
NaN,NaN,NaN,NaN,NaN,NaN
NaN,NaN,NaN,NaN,NaN,NaN
NaN,NaN,NaN,NaN,NaN,NaN
NaN,NaN,NaN,NaN,NaN,NaN
NaN,NaN,NaN,NaN,NaN,NaN
NaN,NaN,NaN,NaN,NaN,NaN
NaN,NaN,NaN,NaN,NaN,NaN
NaN,NaN,NaN,NaN,NaN,NaN
NaN,NaN,NaN,NaN,NaN,NaN
NaN,NaN,NaN,NaN,NaN,NaN
NaN,NaN,NaN,NaN,NaN,NaN
NaN,NaN,NaN,NaN,NaN,NaN
NaN,NaN,NaN,NaN,NaN,NaN
NaN,NaN,NaN,NaN,NaN,NaN
NaN,NaN,NaN,NaN,NaN,NaN
NaN,NaN,NaN,NaN,NaN,NaN
NaN,NaN,NaN,NaN,NaN,NaN
NaN,NaN,NaN,NaN,NaN,NaN
NaN,NaN,NaN,NaN,NaN,NaN
NaN,NaN,NaN,NaN,NaN,NaN
NaN,NaN,NaN,NaN,NaN,NaN
NaN,NaN,NaN,NaN,NaN,NaN
NaN,NaN,NaN,NaN,NaN,NaN
NaN,NaN,NaN,NaN,NaN,NaN
NaN,NaN,NaN,NaN,NaN,NaN
NaN,NaN,NaN,NaN,NaN,NaN
NaN,NaN,NaN,NaN,NaN,NaN
NaN,NaN,NaN,NaN,NaN,NaN
NaN,NaN,NaN,NaN,NaN,NaN
NaN,NaN,NaN,NaN,NaN,NaN
NaN,NaN,NaN,NaN,NaN,NaN
NaN,NaN,NaN,NaN,NaN,NaN
NaN,NaN,NaN,NaN,NaN,NaN
NaN,NaN,NaN,NaN,NaN,NaN
NaN,NaN,NaN,NaN,NaN,NaN
NaN,NaN,NaN,NaN,NaN,NaN
NaN,NaN,NaN,NaN,NaN,NaN
NaN,NaN,NaN,NaN,NaN,NaN
NaN,NaN,NaN,NaN,NaN,NaN
NaN,NaN,NaN,NaN,NaN,NaN
NaN,NaN,NaN,NaN,NaN,NaN
NaN,NaN,NaN,NaN,NaN,NaN
NaN,NaN,NaN,NaN,NaN,NaN
NaN,NaN,NaN,NaN,NaN,NaN
NaN,NaN,NaN,NaN,NaN,NaN
NaN,NaN,NaN,NaN,NaN,NaN
NaN,NaN,NaN,NaN,NaN,NaN
NaN,NaN,NaN,NaN,NaN,NaN
NaN,NaN,NaN,NaN,NaN,NaN
NaN,NaN,NaN,NaN,NaN,NaN
NaN,NaN,NaN,NaN,NaN,NaN
NaN,NaN,NaN,NaN,NaN,NaN
NaN,NaN,NaN,NaN,NaN,NaN
NaN,NaN,NaN,NaN,NaN,NaN
NaN,NaN,NaN,NaN,NaN,NaN
NaN,NaN,NaN,NaN,NaN,NaN
NaN,NaN,NaN,NaN,NaN,NaN
NaN,NaN,NaN,NaN,NaN,NaN
NaN,NaN,NaN,NaN,NaN,NaN
NaN,NaN,NaN,NaN,NaN,NaN
NaN,NaN,NaN,NaN,NaN,NaN
NaN,NaN,NaN,NaN,NaN,NaN
NaN,NaN,NaN,NaN,NaN,NaN
NaN,NaN,NaN,NaN,NaN,NaN
NaN,NaN,NaN,NaN,NaN,NaN
NaN,NaN,NaN,NaN,NaN,NaN
NaN,NaN,NaN,NaN,NaN,NaN
NaN,NaN,NaN,NaN,NaN,NaN
NaN,NaN,NaN,NaN,NaN,NaN
NaN,NaN,NaN,NaN,NaN,NaN
NaN,NaN,NaN,NaN,NaN,NaN
NaN,NaN,NaN,NaN,NaN,NaN
NaN,NaN,NaN,NaN,NaN,NaN
NaN,NaN,NaN,NaN,NaN,NaN
NaN,NaN,NaN,NaN,NaN,NaN
NaN,NaN,NaN,NaN,NaN,NaN
NaN,NaN,NaN,NaN,NaN,NaN
NaN,NaN,NaN,NaN,NaN,NaN
NaN,NaN,NaN,NaN,NaN,NaN
NaN,NaN,NaN,NaN,NaN,NaN
NaN,NaN,NaN,NaN,NaN,NaN
NaN,NaN,NaN,NaN,NaN,NaN
NaN,NaN,NaN,NaN,NaN,NaN
NaN,NaN,NaN,NaN,NaN,NaN
NaN,NaN,NaN,NaN,NaN,NaN
NaN,NaN,NaN,NaN,NaN,NaN
NaN,NaN,NaN,NaN,NaN,NaN
NaN,NaN,NaN,NaN,NaN,NaN
NaN,NaN,NaN,NaN,NaN,NaN
NaN,NaN,NaN,NaN,NaN,NaN
NaN,NaN,NaN,NaN,NaN,NaN
NaN,NaN,NaN,NaN,NaN,NaN
NaN,NaN,NaN,NaN,NaN,NaN
NaN,NaN,NaN,NaN,NaN,NaN
NaN,NaN,NaN,NaN,NaN,NaN
NaN,NaN,NaN,NaN,NaN,NaN
NaN,NaN,NaN,NaN,NaN,NaN
NaN,NaN,NaN,NaN,NaN,NaN
NaN,NaN,NaN,NaN,NaN,NaN
NaN,NaN,NaN,NaN,NaN,NaN
NaN,NaN,NaN,NaN,NaN,NaN
NaN,NaN,NaN,NaN,NaN,NaN
NaN,NaN,NaN,NaN,NaN,NaN
NaN,NaN,NaN,NaN,NaN,NaN
NaN,NaN,NaN,NaN,NaN,NaN
NaN,NaN,NaN,NaN,NaN,NaN
NaN,NaN,NaN,NaN,NaN,NaN
NaN,NaN,NaN,NaN,NaN,NaN
NaN,NaN,NaN,NaN,NaN,NaN
NaN,NaN,NaN,NaN,NaN,NaN
NaN,NaN,NaN,NaN,NaN,NaN
NaN,NaN,NaN,NaN,NaN,NaN
NaN,NaN,NaN,NaN,NaN,NaN
NaN,NaN,NaN,NaN,NaN,NaN
NaN,NaN,NaN,NaN,NaN,NaN
NaN,NaN,NaN,NaN,NaN,NaN
NaN,NaN,NaN,NaN,NaN,NaN
NaN,NaN,NaN,NaN,NaN,NaN
NaN,NaN,NaN,NaN,NaN,NaN
NaN,NaN,NaN,NaN,NaN,NaN
NaN,NaN,NaN,NaN,NaN,NaN
NaN,NaN,NaN,NaN,NaN,NaN
