pt1_cam1_X,pt1_cam1_Y,pt2_cam1_X,pt2_cam1_Y,pt3_cam1_X,pt3_cam1_Y
NaN,NaN,NaN,NaN,NaN,NaN
NaN,NaN,NaN,NaN,NaN,NaN
NaN,NaN,NaN,NaN,NaN,NaN
NaN,NaN,NaN,NaN,NaN,NaN
NaN,NaN,NaN,NaN,NaN,NaN
NaN,NaN,NaN,NaN,NaN,NaN
NaN,NaN,NaN,NaN,NaN,NaN
NaN,NaN,NaN,NaN,NaN,NaN
NaN,NaN,NaN,NaN,NaN,NaN
NaN,NaN,NaN,NaN,NaN,NaN
NaN,NaN,NaN,NaN,NaN,NaN
NaN,NaN,NaN,NaN,NaN,NaN
NaN,NaN,NaN,NaN,NaN,NaN
NaN,NaN,NaN,NaN,NaN,NaN
NaN,NaN,NaN,NaN,NaN,NaN
NaN,NaN,NaN,NaN,NaN,NaN
NaN,NaN,NaN,NaN,NaN,NaN
NaN,NaN,NaN,NaN,NaN,NaN
NaN,NaN,NaN,NaN,NaN,NaN
NaN,NaN,NaN,NaN,NaN,NaN
NaN,NaN,NaN,NaN,NaN,NaN
NaN,NaN,NaN,NaN,NaN,NaN
NaN,NaN,NaN,NaN,NaN,NaN
NaN,NaN,NaN,NaN,NaN,NaN
NaN,NaN,NaN,NaN,NaN,NaN
NaN,NaN,NaN,NaN,NaN,NaN
NaN,NaN,NaN,NaN,NaN,NaN
NaN,NaN,NaN,NaN,NaN,NaN
NaN,NaN,NaN,NaN,NaN,NaN
NaN,NaN,NaN,NaN,NaN,NaN
NaN,NaN,NaN,NaN,NaN,NaN
NaN,NaN,NaN,NaN,NaN,NaN
NaN,NaN,NaN,NaN,NaN,NaN
NaN,NaN,NaN,NaN,NaN,NaN
NaN,NaN,NaN,NaN,NaN,NaN
NaN,NaN,NaN,NaN,NaN,NaN
NaN,NaN,NaN,NaN,NaN,NaN
NaN,NaN,NaN,NaN,NaN,NaN
NaN,NaN,NaN,NaN,NaN,NaN
NaN,NaN,NaN,NaN,NaN,NaN
NaN,NaN,NaN,NaN,NaN,NaN
NaN,NaN,NaN,NaN,NaN,NaN
NaN,NaN,NaN,NaN,NaN,NaN
NaN,NaN,NaN,NaN,NaN,NaN
NaN,NaN,NaN,NaN,NaN,NaN
NaN,NaN,NaN,NaN,NaN,NaN
NaN,NaN,NaN,NaN,NaN,NaN
NaN,NaN,NaN,NaN,NaN,NaN
NaN,NaN,NaN,NaN,NaN,NaN
NaN,NaN,NaN,NaN,NaN,NaN
NaN,NaN,NaN,NaN,NaN,NaN
NaN,NaN,NaN,NaN,NaN,NaN
NaN,NaN,NaN,NaN,NaN,NaN
NaN,NaN,NaN,NaN,NaN,NaN
NaN,NaN,NaN,NaN,NaN,NaN
NaN,NaN,NaN,NaN,NaN,NaN
NaN,NaN,NaN,NaN,NaN,NaN
NaN,NaN,NaN,NaN,NaN,NaN
NaN,NaN,NaN,NaN,NaN,NaN
NaN,NaN,NaN,NaN,NaN,NaN
NaN,NaN,NaN,NaN,NaN,NaN
NaN,NaN,NaN,NaN,NaN,NaN
NaN,NaN,NaN,NaN,NaN,NaN
NaN,NaN,NaN,NaN,NaN,NaN
NaN,NaN,NaN,NaN,NaN,NaN
NaN,NaN,NaN,NaN,NaN,NaN
NaN,NaN,NaN,NaN,NaN,NaN
NaN,NaN,NaN,NaN,NaN,NaN
NaN,NaN,NaN,NaN,NaN,NaN
NaN,NaN,NaN,NaN,NaN,NaN
NaN,NaN,NaN,NaN,NaN,NaN
NaN,NaN,NaN,NaN,NaN,NaN
NaN,NaN,NaN,NaN,NaN,NaN
NaN,NaN,NaN,NaN,NaN,NaN
NaN,NaN,NaN,NaN,NaN,NaN
NaN,NaN,NaN,NaN,NaN,NaN
NaN,NaN,NaN,NaN,NaN,NaN
NaN,NaN,NaN,NaN,NaN,NaN
NaN,NaN,NaN,NaN,NaN,NaN
NaN,NaN,NaN,NaN,NaN,NaN
NaN,NaN,NaN,NaN,NaN,NaN
NaN,NaN,NaN,NaN,NaN,NaN
NaN,NaN,NaN,NaN,NaN,NaN
NaN,NaN,NaN,NaN,NaN,NaN
NaN,NaN,NaN,NaN,NaN,NaN
NaN,NaN,NaN,NaN,NaN,NaN
NaN,NaN,NaN,NaN,NaN,NaN
NaN,NaN,NaN,NaN,NaN,NaN
NaN,NaN,NaN,NaN,NaN,NaN
NaN,NaN,NaN,NaN,NaN,NaN
NaN,NaN,NaN,NaN,NaN,NaN
NaN,NaN,NaN,NaN,NaN,NaN
NaN,NaN,NaN,NaN,NaN,NaN
NaN,NaN,NaN,NaN,NaN,NaN
NaN,NaN,NaN,NaN,NaN,NaN
NaN,NaN,NaN,NaN,NaN,NaN
NaN,NaN,NaN,NaN,NaN,NaN
NaN,NaN,NaN,NaN,NaN,NaN
NaN,NaN,NaN,NaN,NaN,NaN
NaN,NaN,NaN,NaN,NaN,NaN
NaN,NaN,NaN,NaN,NaN,NaN
NaN,NaN,NaN,NaN,NaN,NaN
NaN,NaN,NaN,NaN,NaN,NaN
NaN,NaN,NaN,NaN,NaN,NaN
NaN,NaN,NaN,NaN,NaN,NaN
NaN,NaN,NaN,NaN,NaN,NaN
NaN,NaN,NaN,NaN,NaN,NaN
NaN,NaN,NaN,NaN,NaN,NaN
NaN,NaN,NaN,NaN,NaN,NaN
NaN,NaN,NaN,NaN,NaN,NaN
NaN,NaN,NaN,NaN,NaN,NaN
NaN,NaN,NaN,NaN,NaN,NaN
NaN,NaN,NaN,NaN,NaN,NaN
NaN,NaN,NaN,NaN,NaN,NaN
NaN,NaN,NaN,NaN,NaN,NaN
NaN,NaN,NaN,NaN,NaN,NaN
NaN,NaN,NaN,NaN,NaN,NaN
NaN,NaN,NaN,NaN,NaN,NaN
NaN,NaN,NaN,NaN,NaN,NaN
NaN,NaN,NaN,NaN,NaN,NaN
NaN,NaN,NaN,NaN,NaN,NaN
NaN,NaN,NaN,NaN,NaN,NaN
NaN,NaN,NaN,NaN,NaN,NaN
NaN,NaN,NaN,NaN,NaN,NaN
NaN,NaN,NaN,NaN,NaN,NaN
NaN,NaN,NaN,NaN,NaN,NaN
NaN,NaN,NaN,NaN,NaN,NaN
NaN,NaN,NaN,NaN,NaN,NaN
NaN,NaN,NaN,NaN,NaN,NaN
NaN,NaN,NaN,NaN,NaN,NaN
NaN,NaN,NaN,NaN,NaN,NaN
NaN,NaN,NaN,NaN,NaN,NaN
NaN,NaN,NaN,NaN,NaN,NaN
NaN,NaN,NaN,NaN,NaN,NaN
NaN,NaN,NaN,NaN,NaN,NaN
NaN,NaN,NaN,NaN,NaN,NaN
NaN,NaN,NaN,NaN,NaN,NaN
NaN,NaN,NaN,NaN,NaN,NaN
NaN,NaN,NaN,NaN,NaN,NaN
NaN,NaN,NaN,NaN,NaN,NaN
NaN,NaN,NaN,NaN,NaN,NaN
NaN,NaN,NaN,NaN,NaN,NaN
NaN,NaN,NaN,NaN,NaN,NaN
NaN,NaN,NaN,NaN,NaN,NaN
NaN,NaN,NaN,NaN,NaN,NaN
NaN,NaN,NaN,NaN,NaN,NaN
NaN,NaN,NaN,NaN,NaN,NaN
NaN,NaN,NaN,NaN,NaN,NaN
NaN,NaN,NaN,NaN,NaN,NaN
NaN,NaN,NaN,NaN,NaN,NaN
NaN,NaN,NaN,NaN,NaN,NaN
NaN,NaN,NaN,NaN,NaN,NaN
NaN,NaN,NaN,NaN,NaN,NaN
NaN,NaN,NaN,NaN,NaN,NaN
NaN,NaN,NaN,NaN,NaN,NaN
NaN,NaN,NaN,NaN,NaN,NaN
NaN,NaN,NaN,NaN,NaN,NaN
NaN,NaN,NaN,NaN,NaN,NaN
NaN,NaN,NaN,NaN,NaN,NaN
NaN,NaN,NaN,NaN,NaN,NaN
NaN,NaN,NaN,NaN,NaN,NaN
NaN,NaN,NaN,NaN,NaN,NaN
NaN,NaN,NaN,NaN,NaN,NaN
NaN,NaN,NaN,NaN,NaN,NaN
NaN,NaN,NaN,NaN,NaN,NaN
NaN,NaN,NaN,NaN,NaN,NaN
NaN,NaN,NaN,NaN,NaN,NaN
NaN,NaN,NaN,NaN,NaN,NaN
NaN,NaN,NaN,NaN,NaN,NaN
NaN,NaN,NaN,NaN,NaN,NaN
NaN,NaN,NaN,NaN,NaN,NaN
NaN,NaN,NaN,NaN,NaN,NaN
NaN,NaN,NaN,NaN,NaN,NaN
NaN,NaN,NaN,NaN,NaN,NaN
NaN,NaN,NaN,NaN,NaN,NaN
NaN,NaN,NaN,NaN,NaN,NaN
NaN,NaN,NaN,NaN,NaN,NaN
NaN,NaN,NaN,NaN,NaN,NaN
NaN,NaN,NaN,NaN,NaN,NaN
NaN,NaN,NaN,NaN,NaN,NaN
NaN,NaN,NaN,NaN,NaN,NaN
NaN,NaN,NaN,NaN,NaN,NaN
NaN,NaN,NaN,NaN,NaN,NaN
NaN,NaN,NaN,NaN,NaN,NaN
NaN,NaN,NaN,NaN,NaN,NaN
NaN,NaN,NaN,NaN,NaN,NaN
NaN,NaN,NaN,NaN,NaN,NaN
NaN,NaN,NaN,NaN,NaN,NaN
NaN,NaN,NaN,NaN,NaN,NaN
NaN,NaN,NaN,NaN,NaN,NaN
NaN,NaN,NaN,NaN,NaN,NaN
NaN,NaN,NaN,NaN,NaN,NaN
NaN,NaN,NaN,NaN,NaN,NaN
NaN,NaN,NaN,NaN,NaN,NaN
NaN,NaN,NaN,NaN,NaN,NaN
NaN,NaN,NaN,NaN,NaN,NaN
NaN,NaN,NaN,NaN,NaN,NaN
NaN,NaN,NaN,NaN,NaN,NaN
NaN,NaN,NaN,NaN,NaN,NaN
NaN,NaN,NaN,NaN,NaN,NaN
NaN,NaN,NaN,NaN,NaN,NaN
NaN,NaN,NaN,NaN,NaN,NaN
NaN,NaN,NaN,NaN,NaN,NaN
NaN,NaN,NaN,NaN,NaN,NaN
NaN,NaN,NaN,NaN,NaN,NaN
NaN,NaN,NaN,NaN,NaN,NaN
NaN,NaN,NaN,NaN,NaN,NaN
NaN,NaN,NaN,NaN,NaN,NaN
NaN,NaN,NaN,NaN,NaN,NaN
NaN,NaN,NaN,NaN,NaN,NaN
NaN,NaN,NaN,NaN,NaN,NaN
NaN,NaN,NaN,NaN,NaN,NaN
NaN,NaN,NaN,NaN,NaN,NaN
NaN,NaN,NaN,NaN,NaN,NaN
NaN,NaN,NaN,NaN,NaN,NaN
NaN,NaN,NaN,NaN,NaN,NaN
NaN,NaN,NaN,NaN,NaN,NaN
NaN,NaN,NaN,NaN,NaN,NaN
NaN,NaN,NaN,NaN,NaN,NaN
NaN,NaN,NaN,NaN,NaN,NaN
NaN,NaN,NaN,NaN,NaN,NaN
NaN,NaN,NaN,NaN,NaN,NaN
NaN,NaN,NaN,NaN,NaN,NaN
NaN,NaN,NaN,NaN,NaN,NaN
NaN,NaN,NaN,NaN,NaN,NaN
NaN,NaN,NaN,NaN,NaN,NaN
NaN,NaN,NaN,NaN,NaN,NaN
NaN,NaN,NaN,NaN,NaN,NaN
NaN,NaN,NaN,NaN,NaN,NaN
NaN,NaN,NaN,NaN,NaN,NaN
NaN,NaN,NaN,NaN,NaN,NaN
NaN,NaN,NaN,NaN,NaN,NaN
NaN,NaN,NaN,NaN,NaN,NaN
NaN,NaN,NaN,NaN,NaN,NaN
NaN,NaN,NaN,NaN,NaN,NaN
NaN,NaN,NaN,NaN,NaN,NaN
NaN,NaN,NaN,NaN,NaN,NaN
NaN,NaN,NaN,NaN,NaN,NaN
NaN,NaN,NaN,NaN,NaN,NaN
NaN,NaN,NaN,NaN,NaN,NaN
NaN,NaN,NaN,NaN,NaN,NaN
NaN,NaN,NaN,NaN,NaN,NaN
NaN,NaN,NaN,NaN,NaN,NaN
NaN,NaN,NaN,NaN,NaN,NaN
NaN,NaN,NaN,NaN,NaN,NaN
NaN,NaN,NaN,NaN,NaN,NaN
NaN,NaN,NaN,NaN,NaN,NaN
NaN,NaN,NaN,NaN,NaN,NaN
NaN,NaN,NaN,NaN,NaN,NaN
NaN,NaN,NaN,NaN,NaN,NaN
NaN,NaN,NaN,NaN,NaN,NaN
NaN,NaN,NaN,NaN,NaN,NaN
NaN,NaN,NaN,NaN,NaN,NaN
NaN,NaN,NaN,NaN,NaN,NaN
NaN,NaN,NaN,NaN,NaN,NaN
NaN,NaN,NaN,NaN,NaN,NaN
NaN,NaN,NaN,NaN,NaN,NaN
NaN,NaN,NaN,NaN,NaN,NaN
NaN,NaN,NaN,NaN,NaN,NaN
NaN,NaN,NaN,NaN,NaN,NaN
NaN,NaN,NaN,NaN,NaN,NaN
NaN,NaN,NaN,NaN,NaN,NaN
NaN,NaN,NaN,NaN,NaN,NaN
NaN,NaN,NaN,NaN,NaN,NaN
NaN,NaN,NaN,NaN,NaN,NaN
NaN,NaN,NaN,NaN,NaN,NaN
NaN,NaN,NaN,NaN,NaN,NaN
NaN,NaN,NaN,NaN,NaN,NaN
NaN,NaN,NaN,NaN,NaN,NaN
NaN,NaN,NaN,NaN,NaN,NaN
NaN,NaN,NaN,NaN,NaN,NaN
NaN,NaN,NaN,NaN,NaN,NaN
NaN,NaN,NaN,NaN,NaN,NaN
NaN,NaN,NaN,NaN,NaN,NaN
NaN,NaN,NaN,NaN,NaN,NaN
NaN,NaN,NaN,NaN,NaN,NaN
NaN,NaN,NaN,NaN,NaN,NaN
NaN,NaN,NaN,NaN,NaN,NaN
NaN,NaN,NaN,NaN,NaN,NaN
NaN,NaN,NaN,NaN,NaN,NaN
NaN,NaN,NaN,NaN,NaN,NaN
NaN,NaN,NaN,NaN,NaN,NaN
NaN,NaN,NaN,NaN,NaN,NaN
NaN,NaN,NaN,NaN,NaN,NaN
NaN,NaN,NaN,NaN,NaN,NaN
NaN,NaN,NaN,NaN,NaN,NaN
NaN,NaN,NaN,NaN,NaN,NaN
NaN,NaN,NaN,NaN,NaN,NaN
NaN,NaN,NaN,NaN,NaN,NaN
NaN,NaN,NaN,NaN,NaN,NaN
NaN,NaN,NaN,NaN,NaN,NaN
NaN,NaN,NaN,NaN,NaN,NaN
NaN,NaN,NaN,NaN,NaN,NaN
NaN,NaN,NaN,NaN,NaN,NaN
NaN,NaN,NaN,NaN,NaN,NaN
NaN,NaN,NaN,NaN,NaN,NaN
NaN,NaN,NaN,NaN,NaN,NaN
NaN,NaN,NaN,NaN,NaN,NaN
NaN,NaN,NaN,NaN,NaN,NaN
NaN,NaN,NaN,NaN,NaN,NaN
NaN,NaN,NaN,NaN,NaN,NaN
NaN,NaN,NaN,NaN,NaN,NaN
NaN,NaN,NaN,NaN,NaN,NaN
NaN,NaN,NaN,NaN,NaN,NaN
NaN,NaN,NaN,NaN,NaN,NaN
NaN,NaN,NaN,NaN,NaN,NaN
NaN,NaN,NaN,NaN,NaN,NaN
NaN,NaN,NaN,NaN,NaN,NaN
NaN,NaN,NaN,NaN,NaN,NaN
NaN,NaN,NaN,NaN,NaN,NaN
NaN,NaN,NaN,NaN,NaN,NaN
NaN,NaN,NaN,NaN,NaN,NaN
NaN,NaN,NaN,NaN,NaN,NaN
NaN,NaN,NaN,NaN,NaN,NaN
NaN,NaN,NaN,NaN,NaN,NaN
NaN,NaN,NaN,NaN,NaN,NaN
NaN,NaN,NaN,NaN,NaN,NaN
NaN,NaN,NaN,NaN,NaN,NaN
NaN,NaN,NaN,NaN,NaN,NaN
NaN,NaN,NaN,NaN,NaN,NaN
NaN,NaN,NaN,NaN,NaN,NaN
NaN,NaN,NaN,NaN,NaN,NaN
NaN,NaN,NaN,NaN,NaN,NaN
NaN,NaN,NaN,NaN,NaN,NaN
NaN,NaN,NaN,NaN,NaN,NaN
NaN,NaN,NaN,NaN,NaN,NaN
NaN,NaN,NaN,NaN,NaN,NaN
NaN,NaN,NaN,NaN,NaN,NaN
NaN,NaN,NaN,NaN,NaN,NaN
NaN,NaN,NaN,NaN,NaN,NaN
NaN,NaN,NaN,NaN,NaN,NaN
NaN,NaN,NaN,NaN,NaN,NaN
NaN,NaN,NaN,NaN,NaN,NaN
NaN,NaN,NaN,NaN,NaN,NaN
NaN,NaN,NaN,NaN,NaN,NaN
NaN,NaN,NaN,NaN,NaN,NaN
NaN,NaN,NaN,NaN,NaN,NaN
NaN,NaN,NaN,NaN,NaN,NaN
NaN,NaN,NaN,NaN,NaN,NaN
NaN,NaN,NaN,NaN,NaN,NaN
NaN,NaN,NaN,NaN,NaN,NaN
NaN,NaN,NaN,NaN,NaN,NaN
NaN,NaN,NaN,NaN,NaN,NaN
NaN,NaN,NaN,NaN,NaN,NaN
NaN,NaN,NaN,NaN,NaN,NaN
NaN,NaN,NaN,NaN,NaN,NaN
NaN,NaN,NaN,NaN,NaN,NaN
NaN,NaN,NaN,NaN,NaN,NaN
NaN,NaN,NaN,NaN,NaN,NaN
NaN,NaN,NaN,NaN,NaN,NaN
NaN,NaN,NaN,NaN,NaN,NaN
NaN,NaN,NaN,NaN,NaN,NaN
NaN,NaN,NaN,NaN,NaN,NaN
NaN,NaN,NaN,NaN,NaN,NaN
NaN,NaN,NaN,NaN,NaN,NaN
NaN,NaN,NaN,NaN,NaN,NaN
NaN,NaN,NaN,NaN,NaN,NaN
NaN,NaN,NaN,NaN,NaN,NaN
NaN,NaN,NaN,NaN,NaN,NaN
NaN,NaN,NaN,NaN,NaN,NaN
NaN,NaN,NaN,NaN,NaN,NaN
NaN,NaN,NaN,NaN,NaN,NaN
NaN,NaN,NaN,NaN,NaN,NaN
NaN,NaN,NaN,NaN,NaN,NaN
NaN,NaN,NaN,NaN,NaN,NaN
NaN,NaN,NaN,NaN,NaN,NaN
NaN,NaN,NaN,NaN,NaN,NaN
NaN,NaN,NaN,NaN,NaN,NaN
NaN,NaN,NaN,NaN,NaN,NaN
NaN,NaN,NaN,NaN,NaN,NaN
NaN,NaN,NaN,NaN,NaN,NaN
NaN,NaN,NaN,NaN,NaN,NaN
NaN,NaN,NaN,NaN,NaN,NaN
NaN,NaN,NaN,NaN,NaN,NaN
NaN,NaN,NaN,NaN,NaN,NaN
NaN,NaN,NaN,NaN,NaN,NaN
NaN,NaN,NaN,NaN,NaN,NaN
NaN,NaN,NaN,NaN,NaN,NaN
NaN,NaN,NaN,NaN,NaN,NaN
NaN,NaN,NaN,NaN,NaN,NaN
NaN,NaN,NaN,NaN,NaN,NaN
NaN,NaN,NaN,NaN,NaN,NaN
NaN,NaN,NaN,NaN,NaN,NaN
NaN,NaN,NaN,NaN,NaN,NaN
NaN,NaN,NaN,NaN,NaN,NaN
NaN,NaN,NaN,NaN,NaN,NaN
NaN,NaN,NaN,NaN,NaN,NaN
NaN,NaN,NaN,NaN,NaN,NaN
NaN,NaN,NaN,NaN,NaN,NaN
NaN,NaN,NaN,NaN,NaN,NaN
NaN,NaN,NaN,NaN,NaN,NaN
NaN,NaN,NaN,NaN,NaN,NaN
NaN,NaN,NaN,NaN,NaN,NaN
NaN,NaN,NaN,NaN,NaN,NaN
NaN,NaN,NaN,NaN,NaN,NaN
NaN,NaN,NaN,NaN,NaN,NaN
NaN,NaN,NaN,NaN,NaN,NaN
NaN,NaN,NaN,NaN,NaN,NaN
NaN,NaN,NaN,NaN,NaN,NaN
NaN,NaN,NaN,NaN,NaN,NaN
NaN,NaN,NaN,NaN,NaN,NaN
NaN,NaN,NaN,NaN,NaN,NaN
NaN,NaN,NaN,NaN,NaN,NaN
NaN,NaN,NaN,NaN,NaN,NaN
NaN,NaN,NaN,NaN,NaN,NaN
NaN,NaN,NaN,NaN,NaN,NaN
NaN,NaN,NaN,NaN,NaN,NaN
NaN,NaN,NaN,NaN,NaN,NaN
NaN,NaN,NaN,NaN,NaN,NaN
NaN,NaN,NaN,NaN,NaN,NaN
NaN,NaN,NaN,NaN,NaN,NaN
NaN,NaN,NaN,NaN,NaN,NaN
NaN,NaN,NaN,NaN,NaN,NaN
NaN,NaN,NaN,NaN,NaN,NaN
NaN,NaN,NaN,NaN,NaN,NaN
NaN,NaN,NaN,NaN,NaN,NaN
NaN,NaN,NaN,NaN,NaN,NaN
NaN,NaN,NaN,NaN,NaN,NaN
NaN,NaN,NaN,NaN,NaN,NaN
NaN,NaN,NaN,NaN,NaN,NaN
NaN,NaN,NaN,NaN,NaN,NaN
NaN,NaN,NaN,NaN,NaN,NaN
NaN,NaN,NaN,NaN,NaN,NaN
NaN,NaN,NaN,NaN,NaN,NaN
NaN,NaN,NaN,NaN,NaN,NaN
NaN,NaN,NaN,NaN,NaN,NaN
NaN,NaN,NaN,NaN,NaN,NaN
NaN,NaN,NaN,NaN,NaN,NaN
NaN,NaN,NaN,NaN,NaN,NaN
NaN,NaN,NaN,NaN,NaN,NaN
NaN,NaN,NaN,NaN,NaN,NaN
NaN,NaN,NaN,NaN,NaN,NaN
NaN,NaN,NaN,NaN,NaN,NaN
NaN,NaN,NaN,NaN,NaN,NaN
NaN,NaN,NaN,NaN,NaN,NaN
NaN,NaN,NaN,NaN,NaN,NaN
NaN,NaN,NaN,NaN,NaN,NaN
NaN,NaN,NaN,NaN,NaN,NaN
NaN,NaN,NaN,NaN,NaN,NaN
NaN,NaN,NaN,NaN,NaN,NaN
NaN,NaN,NaN,NaN,NaN,NaN
NaN,NaN,NaN,NaN,NaN,NaN
NaN,NaN,NaN,NaN,NaN,NaN
NaN,NaN,NaN,NaN,NaN,NaN
NaN,NaN,NaN,NaN,NaN,NaN
NaN,NaN,NaN,NaN,NaN,NaN
NaN,NaN,NaN,NaN,NaN,NaN
NaN,NaN,NaN,NaN,NaN,NaN
NaN,NaN,NaN,NaN,NaN,NaN
NaN,NaN,NaN,NaN,NaN,NaN
NaN,NaN,NaN,NaN,NaN,NaN
NaN,NaN,NaN,NaN,NaN,NaN
NaN,NaN,NaN,NaN,NaN,NaN
NaN,NaN,NaN,NaN,NaN,NaN
NaN,NaN,NaN,NaN,NaN,NaN
NaN,NaN,NaN,NaN,NaN,NaN
NaN,NaN,NaN,NaN,NaN,NaN
NaN,NaN,NaN,NaN,NaN,NaN
NaN,NaN,NaN,NaN,NaN,NaN
NaN,NaN,NaN,NaN,NaN,NaN
NaN,NaN,NaN,NaN,NaN,NaN
NaN,NaN,NaN,NaN,NaN,NaN
NaN,NaN,NaN,NaN,NaN,NaN
NaN,NaN,NaN,NaN,NaN,NaN
NaN,NaN,NaN,NaN,NaN,NaN
NaN,NaN,NaN,NaN,NaN,NaN
NaN,NaN,NaN,NaN,NaN,NaN
NaN,NaN,NaN,NaN,NaN,NaN
NaN,NaN,NaN,NaN,NaN,NaN
NaN,NaN,NaN,NaN,NaN,NaN
NaN,NaN,NaN,NaN,NaN,NaN
NaN,NaN,NaN,NaN,NaN,NaN
NaN,NaN,NaN,NaN,NaN,NaN
NaN,NaN,NaN,NaN,NaN,NaN
NaN,NaN,NaN,NaN,NaN,NaN
NaN,NaN,NaN,NaN,NaN,NaN
NaN,NaN,NaN,NaN,NaN,NaN
NaN,NaN,NaN,NaN,NaN,NaN
NaN,NaN,NaN,NaN,NaN,NaN
NaN,NaN,NaN,NaN,NaN,NaN
NaN,NaN,NaN,NaN,NaN,NaN
NaN,NaN,NaN,NaN,NaN,NaN
NaN,NaN,NaN,NaN,NaN,NaN
NaN,NaN,NaN,NaN,NaN,NaN
NaN,NaN,NaN,NaN,NaN,NaN
NaN,NaN,NaN,NaN,NaN,NaN
NaN,NaN,NaN,NaN,NaN,NaN
NaN,NaN,NaN,NaN,NaN,NaN
NaN,NaN,NaN,NaN,NaN,NaN
NaN,NaN,NaN,NaN,NaN,NaN
NaN,NaN,NaN,NaN,NaN,NaN
NaN,NaN,NaN,NaN,NaN,NaN
NaN,NaN,NaN,NaN,NaN,NaN
NaN,NaN,NaN,NaN,NaN,NaN
NaN,NaN,NaN,NaN,NaN,NaN
NaN,NaN,NaN,NaN,NaN,NaN
NaN,NaN,NaN,NaN,NaN,NaN
NaN,NaN,NaN,NaN,NaN,NaN
NaN,NaN,NaN,NaN,NaN,NaN
NaN,NaN,NaN,NaN,NaN,NaN
NaN,NaN,NaN,NaN,NaN,NaN
NaN,NaN,NaN,NaN,NaN,NaN
NaN,NaN,NaN,NaN,NaN,NaN
NaN,NaN,NaN,NaN,NaN,NaN
NaN,NaN,NaN,NaN,NaN,NaN
NaN,NaN,NaN,NaN,NaN,NaN
NaN,NaN,NaN,NaN,NaN,NaN
NaN,NaN,NaN,NaN,NaN,NaN
NaN,NaN,NaN,NaN,NaN,NaN
NaN,NaN,NaN,NaN,NaN,NaN
NaN,NaN,NaN,NaN,NaN,NaN
NaN,NaN,NaN,NaN,NaN,NaN
NaN,NaN,NaN,NaN,NaN,NaN
NaN,NaN,NaN,NaN,NaN,NaN
NaN,NaN,NaN,NaN,NaN,NaN
NaN,NaN,NaN,NaN,NaN,NaN
NaN,NaN,NaN,NaN,NaN,NaN
NaN,NaN,NaN,NaN,NaN,NaN
NaN,NaN,NaN,NaN,NaN,NaN
NaN,NaN,NaN,NaN,NaN,NaN
NaN,NaN,NaN,NaN,NaN,NaN
NaN,NaN,NaN,NaN,NaN,NaN
NaN,NaN,NaN,NaN,NaN,NaN
NaN,NaN,NaN,NaN,NaN,NaN
NaN,NaN,NaN,NaN,NaN,NaN
NaN,NaN,NaN,NaN,NaN,NaN
NaN,NaN,NaN,NaN,NaN,NaN
NaN,NaN,NaN,NaN,NaN,NaN
NaN,NaN,NaN,NaN,NaN,NaN
NaN,NaN,NaN,NaN,NaN,NaN
NaN,NaN,NaN,NaN,NaN,NaN
NaN,NaN,NaN,NaN,NaN,NaN
NaN,NaN,NaN,NaN,NaN,NaN
NaN,NaN,NaN,NaN,NaN,NaN
NaN,NaN,NaN,NaN,NaN,NaN
NaN,NaN,NaN,NaN,NaN,NaN
NaN,NaN,NaN,NaN,NaN,NaN
NaN,NaN,NaN,NaN,NaN,NaN
NaN,NaN,NaN,NaN,NaN,NaN
NaN,NaN,NaN,NaN,NaN,NaN
NaN,NaN,NaN,NaN,NaN,NaN
NaN,NaN,NaN,NaN,NaN,NaN
NaN,NaN,NaN,NaN,NaN,NaN
NaN,NaN,NaN,NaN,NaN,NaN
NaN,NaN,NaN,NaN,NaN,NaN
NaN,NaN,NaN,NaN,NaN,NaN
NaN,NaN,NaN,NaN,NaN,NaN
NaN,NaN,NaN,NaN,NaN,NaN
NaN,NaN,NaN,NaN,NaN,NaN
NaN,NaN,NaN,NaN,NaN,NaN
NaN,NaN,NaN,NaN,NaN,NaN
NaN,NaN,NaN,NaN,NaN,NaN
NaN,NaN,NaN,NaN,NaN,NaN
NaN,NaN,NaN,NaN,NaN,NaN
NaN,NaN,NaN,NaN,NaN,NaN
NaN,NaN,NaN,NaN,NaN,NaN
NaN,NaN,NaN,NaN,NaN,NaN
NaN,NaN,NaN,NaN,NaN,NaN
NaN,NaN,NaN,NaN,NaN,NaN
NaN,NaN,NaN,NaN,NaN,NaN
NaN,NaN,NaN,NaN,NaN,NaN
NaN,NaN,NaN,NaN,NaN,NaN
NaN,NaN,NaN,NaN,NaN,NaN
NaN,NaN,NaN,NaN,NaN,NaN
NaN,NaN,NaN,NaN,NaN,NaN
NaN,NaN,NaN,NaN,NaN,NaN
NaN,NaN,NaN,NaN,NaN,NaN
NaN,NaN,NaN,NaN,NaN,NaN
NaN,NaN,NaN,NaN,NaN,NaN
NaN,NaN,NaN,NaN,NaN,NaN
NaN,NaN,NaN,NaN,NaN,NaN
NaN,NaN,NaN,NaN,NaN,NaN
NaN,NaN,NaN,NaN,NaN,NaN
NaN,NaN,NaN,NaN,NaN,NaN
NaN,NaN,NaN,NaN,NaN,NaN
NaN,NaN,NaN,NaN,NaN,NaN
NaN,NaN,NaN,NaN,NaN,NaN
NaN,NaN,NaN,NaN,NaN,NaN
NaN,NaN,NaN,NaN,NaN,NaN
NaN,NaN,NaN,NaN,NaN,NaN
NaN,NaN,NaN,NaN,NaN,NaN
NaN,NaN,NaN,NaN,NaN,NaN
NaN,NaN,NaN,NaN,NaN,NaN
NaN,NaN,NaN,NaN,NaN,NaN
NaN,NaN,NaN,NaN,NaN,NaN
NaN,NaN,NaN,NaN,NaN,NaN
NaN,NaN,NaN,NaN,NaN,NaN
NaN,NaN,NaN,NaN,NaN,NaN
NaN,NaN,NaN,NaN,NaN,NaN
NaN,NaN,NaN,NaN,NaN,NaN
NaN,NaN,NaN,NaN,NaN,NaN
NaN,NaN,NaN,NaN,NaN,NaN
NaN,NaN,NaN,NaN,NaN,NaN
NaN,NaN,NaN,NaN,NaN,NaN
NaN,NaN,NaN,NaN,NaN,NaN
NaN,NaN,NaN,NaN,NaN,NaN
NaN,NaN,NaN,NaN,NaN,NaN
NaN,NaN,NaN,NaN,NaN,NaN
NaN,NaN,NaN,NaN,NaN,NaN
NaN,NaN,NaN,NaN,NaN,NaN
NaN,NaN,NaN,NaN,NaN,NaN
NaN,NaN,NaN,NaN,NaN,NaN
NaN,NaN,NaN,NaN,NaN,NaN
NaN,NaN,NaN,NaN,NaN,NaN
NaN,NaN,NaN,NaN,NaN,NaN
NaN,NaN,NaN,NaN,NaN,NaN
NaN,NaN,NaN,NaN,NaN,NaN
NaN,NaN,NaN,NaN,NaN,NaN
NaN,NaN,NaN,NaN,NaN,NaN
NaN,NaN,NaN,NaN,NaN,NaN
NaN,NaN,NaN,NaN,NaN,NaN
NaN,NaN,NaN,NaN,NaN,NaN
NaN,NaN,NaN,NaN,NaN,NaN
NaN,NaN,NaN,NaN,NaN,NaN
NaN,NaN,NaN,NaN,NaN,NaN
NaN,NaN,NaN,NaN,NaN,NaN
NaN,NaN,NaN,NaN,NaN,NaN
NaN,NaN,NaN,NaN,NaN,NaN
NaN,NaN,NaN,NaN,NaN,NaN
NaN,NaN,NaN,NaN,NaN,NaN
NaN,NaN,NaN,NaN,NaN,NaN
NaN,NaN,NaN,NaN,NaN,NaN
NaN,NaN,NaN,NaN,NaN,NaN
NaN,NaN,NaN,NaN,NaN,NaN
NaN,NaN,NaN,NaN,NaN,NaN
NaN,NaN,NaN,NaN,NaN,NaN
NaN,NaN,NaN,NaN,NaN,NaN
NaN,NaN,NaN,NaN,NaN,NaN
NaN,NaN,NaN,NaN,NaN,NaN
NaN,NaN,NaN,NaN,NaN,NaN
NaN,NaN,NaN,NaN,NaN,NaN
NaN,NaN,NaN,NaN,NaN,NaN
NaN,NaN,NaN,NaN,NaN,NaN
NaN,NaN,NaN,NaN,NaN,NaN
NaN,NaN,NaN,NaN,NaN,NaN
NaN,NaN,NaN,NaN,NaN,NaN
NaN,NaN,NaN,NaN,NaN,NaN
NaN,NaN,NaN,NaN,NaN,NaN
NaN,NaN,NaN,NaN,NaN,NaN
NaN,NaN,NaN,NaN,NaN,NaN
NaN,NaN,NaN,NaN,NaN,NaN
NaN,NaN,NaN,NaN,NaN,NaN
NaN,NaN,NaN,NaN,NaN,NaN
NaN,NaN,NaN,NaN,NaN,NaN
NaN,NaN,NaN,NaN,NaN,NaN
NaN,NaN,NaN,NaN,NaN,NaN
NaN,NaN,NaN,NaN,NaN,NaN
NaN,NaN,NaN,NaN,NaN,NaN
NaN,NaN,NaN,NaN,NaN,NaN
NaN,NaN,NaN,NaN,NaN,NaN
NaN,NaN,NaN,NaN,NaN,NaN
NaN,NaN,NaN,NaN,NaN,NaN
NaN,NaN,NaN,NaN,NaN,NaN
NaN,NaN,NaN,NaN,NaN,NaN
NaN,NaN,NaN,NaN,NaN,NaN
NaN,NaN,NaN,NaN,NaN,NaN
NaN,NaN,NaN,NaN,NaN,NaN
NaN,NaN,NaN,NaN,NaN,NaN
NaN,NaN,NaN,NaN,NaN,NaN
NaN,NaN,NaN,NaN,NaN,NaN
NaN,NaN,NaN,NaN,NaN,NaN
NaN,NaN,NaN,NaN,NaN,NaN
NaN,NaN,NaN,NaN,NaN,NaN
NaN,NaN,NaN,NaN,NaN,NaN
NaN,NaN,NaN,NaN,NaN,NaN
NaN,NaN,NaN,NaN,NaN,NaN
NaN,NaN,NaN,NaN,NaN,NaN
NaN,NaN,NaN,NaN,NaN,NaN
NaN,NaN,NaN,NaN,NaN,NaN
NaN,NaN,NaN,NaN,NaN,NaN
NaN,NaN,NaN,NaN,NaN,NaN
NaN,NaN,NaN,NaN,NaN,NaN
NaN,NaN,NaN,NaN,NaN,NaN
NaN,NaN,NaN,NaN,NaN,NaN
NaN,NaN,NaN,NaN,NaN,NaN
NaN,NaN,NaN,NaN,NaN,NaN
NaN,NaN,NaN,NaN,NaN,NaN
NaN,NaN,NaN,NaN,NaN,NaN
NaN,NaN,NaN,NaN,NaN,NaN
NaN,NaN,NaN,NaN,NaN,NaN
NaN,NaN,NaN,NaN,NaN,NaN
NaN,NaN,NaN,NaN,NaN,NaN
NaN,NaN,NaN,NaN,NaN,NaN
NaN,NaN,NaN,NaN,NaN,NaN
NaN,NaN,NaN,NaN,NaN,NaN
NaN,NaN,NaN,NaN,NaN,NaN
NaN,NaN,NaN,NaN,NaN,NaN
NaN,NaN,NaN,NaN,NaN,NaN
NaN,NaN,NaN,NaN,NaN,NaN
NaN,NaN,NaN,NaN,NaN,NaN
NaN,NaN,NaN,NaN,NaN,NaN
NaN,NaN,NaN,NaN,NaN,NaN
NaN,NaN,NaN,NaN,NaN,NaN
NaN,NaN,NaN,NaN,NaN,NaN
NaN,NaN,NaN,NaN,NaN,NaN
NaN,NaN,NaN,NaN,NaN,NaN
NaN,NaN,NaN,NaN,NaN,NaN
NaN,NaN,NaN,NaN,NaN,NaN
NaN,NaN,NaN,NaN,NaN,NaN
NaN,NaN,NaN,NaN,NaN,NaN
NaN,NaN,NaN,NaN,NaN,NaN
NaN,NaN,NaN,NaN,NaN,NaN
NaN,NaN,NaN,NaN,NaN,NaN
NaN,NaN,NaN,NaN,NaN,NaN
NaN,NaN,NaN,NaN,NaN,NaN
NaN,NaN,NaN,NaN,NaN,NaN
NaN,NaN,NaN,NaN,NaN,NaN
NaN,NaN,NaN,NaN,NaN,NaN
NaN,NaN,NaN,NaN,NaN,NaN
NaN,NaN,NaN,NaN,NaN,NaN
NaN,NaN,NaN,NaN,NaN,NaN
NaN,NaN,NaN,NaN,NaN,NaN
NaN,NaN,NaN,NaN,NaN,NaN
NaN,NaN,NaN,NaN,NaN,NaN
NaN,NaN,NaN,NaN,NaN,NaN
NaN,NaN,NaN,NaN,NaN,NaN
NaN,NaN,NaN,NaN,NaN,NaN
NaN,NaN,NaN,NaN,NaN,NaN
NaN,NaN,NaN,NaN,NaN,NaN
NaN,NaN,NaN,NaN,NaN,NaN
NaN,NaN,NaN,NaN,NaN,NaN
NaN,NaN,NaN,NaN,NaN,NaN
NaN,NaN,NaN,NaN,NaN,NaN
NaN,NaN,NaN,NaN,NaN,NaN
NaN,NaN,NaN,NaN,NaN,NaN
NaN,NaN,NaN,NaN,NaN,NaN
NaN,NaN,NaN,NaN,NaN,NaN
NaN,NaN,NaN,NaN,NaN,NaN
NaN,NaN,NaN,NaN,NaN,NaN
NaN,NaN,NaN,NaN,NaN,NaN
NaN,NaN,NaN,NaN,NaN,NaN
NaN,NaN,NaN,NaN,NaN,NaN
NaN,NaN,NaN,NaN,NaN,NaN
NaN,NaN,NaN,NaN,NaN,NaN
NaN,NaN,NaN,NaN,NaN,NaN
NaN,NaN,NaN,NaN,NaN,NaN
NaN,NaN,NaN,NaN,NaN,NaN
NaN,NaN,NaN,NaN,NaN,NaN
NaN,NaN,NaN,NaN,NaN,NaN
NaN,NaN,NaN,NaN,NaN,NaN
NaN,NaN,NaN,NaN,NaN,NaN
NaN,NaN,NaN,NaN,NaN,NaN
NaN,NaN,NaN,NaN,NaN,NaN
NaN,NaN,NaN,NaN,NaN,NaN
NaN,NaN,NaN,NaN,NaN,NaN
NaN,NaN,NaN,NaN,NaN,NaN
NaN,NaN,NaN,NaN,NaN,NaN
NaN,NaN,NaN,NaN,NaN,NaN
NaN,NaN,NaN,NaN,NaN,NaN
NaN,NaN,NaN,NaN,NaN,NaN
NaN,NaN,NaN,NaN,NaN,NaN
NaN,NaN,NaN,NaN,NaN,NaN
NaN,NaN,NaN,NaN,NaN,NaN
NaN,NaN,NaN,NaN,NaN,NaN
NaN,NaN,NaN,NaN,NaN,NaN
NaN,NaN,NaN,NaN,NaN,NaN
NaN,NaN,NaN,NaN,NaN,NaN
NaN,NaN,NaN,NaN,NaN,NaN
NaN,NaN,NaN,NaN,NaN,NaN
NaN,NaN,NaN,NaN,NaN,NaN
NaN,NaN,NaN,NaN,NaN,NaN
NaN,NaN,NaN,NaN,NaN,NaN
NaN,NaN,NaN,NaN,NaN,NaN
NaN,NaN,NaN,NaN,NaN,NaN
NaN,NaN,NaN,NaN,NaN,NaN
NaN,NaN,NaN,NaN,NaN,NaN
NaN,NaN,NaN,NaN,NaN,NaN
NaN,NaN,NaN,NaN,NaN,NaN
NaN,NaN,NaN,NaN,NaN,NaN
NaN,NaN,NaN,NaN,NaN,NaN
NaN,NaN,NaN,NaN,NaN,NaN
NaN,NaN,NaN,NaN,NaN,NaN
NaN,NaN,NaN,NaN,NaN,NaN
NaN,NaN,NaN,NaN,NaN,NaN
NaN,NaN,NaN,NaN,NaN,NaN
NaN,NaN,NaN,NaN,NaN,NaN
NaN,NaN,NaN,NaN,NaN,NaN
NaN,NaN,NaN,NaN,NaN,NaN
NaN,NaN,NaN,NaN,NaN,NaN
NaN,NaN,NaN,NaN,NaN,NaN
NaN,NaN,NaN,NaN,NaN,NaN
NaN,NaN,NaN,NaN,NaN,NaN
NaN,NaN,NaN,NaN,NaN,NaN
NaN,NaN,NaN,NaN,NaN,NaN
NaN,NaN,NaN,NaN,NaN,NaN
NaN,NaN,NaN,NaN,NaN,NaN
NaN,NaN,NaN,NaN,NaN,NaN
NaN,NaN,NaN,NaN,NaN,NaN
NaN,NaN,NaN,NaN,NaN,NaN
NaN,NaN,NaN,NaN,NaN,NaN
NaN,NaN,NaN,NaN,NaN,NaN
NaN,NaN,NaN,NaN,NaN,NaN
NaN,NaN,NaN,NaN,NaN,NaN
NaN,NaN,NaN,NaN,NaN,NaN
NaN,NaN,NaN,NaN,NaN,NaN
NaN,NaN,NaN,NaN,NaN,NaN
NaN,NaN,NaN,NaN,NaN,NaN
NaN,NaN,NaN,NaN,NaN,NaN
NaN,NaN,NaN,NaN,NaN,NaN
NaN,NaN,NaN,NaN,NaN,NaN
NaN,NaN,NaN,NaN,NaN,NaN
NaN,NaN,NaN,NaN,NaN,NaN
NaN,NaN,NaN,NaN,NaN,NaN
NaN,NaN,NaN,NaN,NaN,NaN
NaN,NaN,NaN,NaN,NaN,NaN
NaN,NaN,NaN,NaN,NaN,NaN
NaN,NaN,NaN,NaN,NaN,NaN
NaN,NaN,NaN,NaN,NaN,NaN
NaN,NaN,NaN,NaN,NaN,NaN
NaN,NaN,NaN,NaN,NaN,NaN
NaN,NaN,NaN,NaN,NaN,NaN
NaN,NaN,NaN,NaN,NaN,NaN
NaN,NaN,NaN,NaN,1040.368749,670.609172
NaN,NaN,NaN,NaN,1040.000000,671.000000
NaN,NaN,NaN,NaN,1040.000000,671.010000
NaN,NaN,NaN,NaN,1039.990000,671.010000
NaN,NaN,NaN,NaN,1040.000000,671.010000
NaN,NaN,NaN,NaN,1039.990000,671.020000
NaN,NaN,NaN,NaN,1040.000000,671.020000
NaN,NaN,NaN,NaN,1039.990000,671.030000
NaN,NaN,NaN,NaN,1039.980000,671.030000
NaN,NaN,NaN,NaN,1039.990000,671.040000
NaN,NaN,NaN,NaN,1039.980000,671.040000
NaN,NaN,NaN,NaN,1039.990000,671.050000
NaN,NaN,NaN,NaN,1039.990000,671.060000
NaN,NaN,NaN,NaN,1040.000000,671.050000
NaN,NaN,NaN,NaN,1039.970000,671.080000
NaN,NaN,NaN,NaN,1039.970000,671.080000
NaN,NaN,NaN,NaN,1039.960000,671.080000
NaN,NaN,NaN,NaN,1039.960000,671.090000
NaN,NaN,NaN,NaN,1039.970000,671.090000
NaN,NaN,NaN,NaN,1039.970000,671.090000
NaN,NaN,NaN,NaN,1039.970000,671.090000
NaN,NaN,NaN,NaN,1039.970000,671.090000
NaN,NaN,NaN,NaN,1039.970000,671.100000
NaN,NaN,NaN,NaN,1039.970000,671.110000
NaN,NaN,NaN,NaN,1039.960000,671.110000
NaN,NaN,NaN,NaN,1039.950000,671.120000
NaN,NaN,NaN,NaN,1039.950000,671.140000
NaN,NaN,NaN,NaN,1039.950000,671.150000
NaN,NaN,NaN,NaN,1039.940000,671.150000
NaN,NaN,NaN,NaN,1039.940000,671.160000
NaN,NaN,NaN,NaN,1039.950000,671.160000
NaN,NaN,NaN,NaN,1039.950000,671.160000
NaN,NaN,NaN,NaN,1039.950000,671.160000
NaN,NaN,NaN,NaN,1039.950000,671.170000
NaN,NaN,NaN,NaN,1039.950000,671.170000
NaN,NaN,NaN,NaN,1039.940000,671.180000
NaN,NaN,NaN,NaN,1039.930000,671.180000
NaN,NaN,NaN,NaN,1039.930000,671.180000
NaN,NaN,NaN,NaN,1039.930000,671.180000
NaN,NaN,NaN,NaN,1039.930000,671.180000
NaN,NaN,NaN,NaN,1039.930000,671.190000
NaN,NaN,NaN,NaN,1039.920000,671.190000
NaN,NaN,NaN,NaN,1039.930000,671.190000
NaN,NaN,NaN,NaN,1039.920000,671.210000
NaN,NaN,NaN,NaN,1039.920000,671.200000
NaN,NaN,NaN,NaN,1039.920000,671.200000
NaN,NaN,NaN,NaN,1039.920000,671.210000
NaN,NaN,NaN,NaN,1039.920000,671.210000
NaN,NaN,NaN,NaN,1039.920000,671.210000
NaN,NaN,NaN,NaN,1039.910000,671.200000
NaN,NaN,NaN,NaN,1039.910000,671.210000
NaN,NaN,NaN,NaN,1039.900000,671.210000
NaN,NaN,NaN,NaN,1039.900000,671.230000
NaN,NaN,NaN,NaN,1039.900000,671.230000
NaN,NaN,NaN,NaN,1039.890000,671.240000
NaN,NaN,NaN,NaN,1039.900000,671.230000
NaN,NaN,NaN,NaN,1039.900000,671.240000
NaN,NaN,NaN,NaN,1039.900000,671.250000
NaN,NaN,NaN,NaN,1039.880000,671.260000
NaN,NaN,NaN,NaN,1039.880000,671.260000
NaN,NaN,NaN,NaN,1039.880000,671.260000
NaN,NaN,NaN,NaN,1039.880000,671.250000
NaN,NaN,NaN,NaN,1039.870000,671.250000
NaN,NaN,NaN,NaN,1039.870000,671.250000
NaN,NaN,NaN,NaN,1039.870000,671.260000
NaN,NaN,NaN,NaN,1039.870000,671.260000
NaN,NaN,NaN,NaN,1039.870000,671.260000
NaN,NaN,NaN,NaN,1039.860000,671.260000
NaN,NaN,NaN,NaN,1039.860000,671.270000
NaN,NaN,NaN,NaN,1039.850000,671.260000
NaN,NaN,NaN,NaN,1039.850000,671.260000
NaN,NaN,NaN,NaN,1039.850000,671.250000
NaN,NaN,NaN,NaN,1039.870000,671.260000
NaN,NaN,NaN,NaN,1039.860000,671.280000
NaN,NaN,NaN,NaN,1039.850000,671.260000
NaN,NaN,NaN,NaN,1039.850000,671.270000
NaN,NaN,NaN,NaN,1039.850000,671.270000
NaN,NaN,NaN,NaN,1039.860000,671.270000
NaN,NaN,NaN,NaN,1039.850000,671.280000
NaN,NaN,NaN,NaN,1039.850000,671.280000
NaN,NaN,NaN,NaN,1039.860000,671.290000
NaN,NaN,NaN,NaN,1039.850000,671.290000
NaN,NaN,NaN,NaN,1039.850000,671.290000
NaN,NaN,NaN,NaN,1039.850000,671.310000
NaN,NaN,NaN,NaN,1039.840000,671.310000
NaN,NaN,NaN,NaN,1039.850000,671.300000
NaN,NaN,NaN,NaN,1039.850000,671.290000
NaN,NaN,NaN,NaN,1039.840000,671.290000
NaN,NaN,NaN,NaN,1039.840000,671.300000
NaN,NaN,NaN,NaN,1039.830000,671.290000
NaN,NaN,NaN,NaN,1039.830000,671.280000
NaN,NaN,NaN,NaN,1039.830000,671.280000
NaN,NaN,NaN,NaN,1039.830000,671.290000
NaN,NaN,NaN,NaN,1039.830000,671.300000
NaN,NaN,NaN,NaN,1039.830000,671.300000
NaN,NaN,NaN,NaN,1039.820000,671.300000
NaN,NaN,NaN,NaN,1039.830000,671.290000
NaN,NaN,NaN,NaN,1039.820000,671.300000
NaN,NaN,NaN,NaN,1039.820000,671.290000
NaN,NaN,NaN,NaN,1039.820000,671.300000
NaN,NaN,NaN,NaN,1039.820000,671.310000
NaN,NaN,NaN,NaN,1039.820000,671.310000
NaN,NaN,NaN,NaN,1039.810000,671.310000
NaN,NaN,NaN,NaN,1039.820000,671.320000
NaN,NaN,NaN,NaN,1039.810000,671.310000
NaN,NaN,NaN,NaN,1039.800000,671.310000
NaN,NaN,NaN,NaN,1039.800000,671.300000
NaN,NaN,NaN,NaN,1039.800000,671.300000
NaN,NaN,NaN,NaN,1039.790000,671.310000
NaN,NaN,NaN,NaN,1039.810000,671.320000
NaN,NaN,NaN,NaN,1039.810000,671.310000
NaN,NaN,NaN,NaN,1039.820000,671.310000
NaN,NaN,NaN,NaN,1039.810000,671.300000
NaN,NaN,NaN,NaN,1039.810000,671.300000
NaN,NaN,NaN,NaN,1039.820000,671.300000
NaN,NaN,NaN,NaN,1039.820000,671.300000
NaN,NaN,NaN,NaN,1039.820000,671.300000
NaN,NaN,NaN,NaN,1039.820000,671.300000
NaN,NaN,NaN,NaN,1039.800000,671.320000
NaN,NaN,NaN,NaN,1039.820000,671.320000
NaN,NaN,NaN,NaN,1039.820000,671.300000
NaN,NaN,NaN,NaN,1039.810000,671.320000
NaN,NaN,NaN,NaN,1039.800000,671.320000
NaN,NaN,NaN,NaN,1039.800000,671.340000
NaN,NaN,NaN,NaN,1039.800000,671.340000
NaN,NaN,NaN,NaN,1039.800000,671.330000
NaN,NaN,NaN,NaN,1039.810000,671.330000
NaN,NaN,NaN,NaN,1039.800000,671.340000
NaN,NaN,NaN,NaN,1039.810000,671.330000
NaN,NaN,NaN,NaN,1039.810000,671.320000
NaN,NaN,NaN,NaN,1039.810000,671.330000
NaN,NaN,NaN,NaN,1039.810000,671.330000
NaN,NaN,NaN,NaN,1039.810000,671.320000
NaN,NaN,NaN,NaN,1039.790000,671.330000
NaN,NaN,NaN,NaN,1039.800000,671.330000
NaN,NaN,NaN,NaN,1039.820000,671.320000
NaN,NaN,NaN,NaN,1039.820000,671.330000
NaN,NaN,NaN,NaN,1039.820000,671.340000
NaN,NaN,NaN,NaN,1039.810000,671.340000
NaN,NaN,NaN,NaN,1039.810000,671.350000
NaN,NaN,NaN,NaN,1039.810000,671.330000
NaN,NaN,NaN,NaN,1039.810000,671.320000
NaN,NaN,NaN,NaN,1039.810000,671.320000
NaN,NaN,NaN,NaN,1039.800000,671.320000
NaN,NaN,NaN,NaN,1039.800000,671.330000
NaN,NaN,NaN,NaN,1039.800000,671.320000
NaN,NaN,NaN,NaN,1039.810000,671.320000
NaN,NaN,NaN,NaN,1039.810000,671.330000
NaN,NaN,NaN,NaN,1039.810000,671.330000
NaN,NaN,NaN,NaN,1039.810000,671.320000
NaN,NaN,NaN,NaN,1039.810000,671.320000
NaN,NaN,NaN,NaN,1039.820000,671.320000
NaN,NaN,NaN,NaN,1039.820000,671.310000
NaN,NaN,NaN,NaN,1039.810000,671.310000
NaN,NaN,NaN,NaN,1039.810000,671.320000
NaN,NaN,NaN,NaN,1039.800000,671.320000
NaN,NaN,NaN,NaN,1039.820000,671.320000
NaN,NaN,NaN,NaN,1039.810000,671.320000
NaN,NaN,NaN,NaN,1039.810000,671.320000
NaN,NaN,NaN,NaN,1039.820000,671.330000
NaN,NaN,NaN,NaN,1039.810000,671.330000
NaN,NaN,NaN,NaN,1039.810000,671.330000
NaN,NaN,NaN,NaN,1039.810000,671.330000
NaN,NaN,NaN,NaN,1039.810000,671.350000
NaN,NaN,NaN,NaN,1039.810000,671.330000
NaN,NaN,NaN,NaN,1039.810000,671.320000
NaN,NaN,NaN,NaN,1039.810000,671.340000
NaN,NaN,NaN,NaN,1039.810000,671.330000
NaN,NaN,NaN,NaN,1039.820000,671.330000
NaN,NaN,NaN,NaN,1039.820000,671.330000
NaN,NaN,NaN,NaN,1039.820000,671.310000
NaN,NaN,NaN,NaN,1039.820000,671.310000
NaN,NaN,NaN,NaN,1039.820000,671.320000
NaN,NaN,NaN,NaN,1039.820000,671.310000
NaN,NaN,NaN,NaN,1039.820000,671.310000
NaN,NaN,NaN,NaN,1039.830000,671.300000
NaN,NaN,NaN,NaN,1039.830000,671.300000
NaN,NaN,NaN,NaN,1039.830000,671.290000
NaN,NaN,NaN,NaN,1039.820000,671.310000
NaN,NaN,NaN,NaN,1039.810000,671.290000
NaN,NaN,NaN,NaN,1039.820000,671.300000
NaN,NaN,NaN,NaN,1039.830000,671.290000
NaN,NaN,NaN,NaN,1039.820000,671.280000
NaN,NaN,NaN,NaN,1039.820000,671.290000
NaN,NaN,NaN,NaN,1039.820000,671.290000
NaN,NaN,NaN,NaN,1039.820000,671.290000
NaN,NaN,NaN,NaN,1039.820000,671.290000
NaN,NaN,NaN,NaN,1039.810000,671.290000
NaN,NaN,NaN,NaN,1039.810000,671.290000
NaN,NaN,NaN,NaN,1039.810000,671.290000
NaN,NaN,NaN,NaN,1039.820000,671.280000
NaN,NaN,NaN,NaN,1039.810000,671.270000
NaN,NaN,NaN,NaN,1039.820000,671.280000
NaN,NaN,NaN,NaN,1039.800000,671.290000
NaN,NaN,NaN,NaN,1039.810000,671.290000
NaN,NaN,NaN,NaN,1039.820000,671.280000
NaN,NaN,NaN,NaN,1039.820000,671.270000
NaN,NaN,NaN,NaN,1039.810000,671.270000
NaN,NaN,NaN,NaN,1039.810000,671.280000
NaN,NaN,NaN,NaN,1039.810000,671.280000
NaN,NaN,NaN,NaN,1039.810000,671.290000
NaN,NaN,NaN,NaN,1039.820000,671.300000
NaN,NaN,NaN,NaN,1039.820000,671.270000
NaN,NaN,NaN,NaN,1039.810000,671.260000
NaN,NaN,NaN,NaN,1039.810000,671.270000
NaN,NaN,NaN,NaN,1039.820000,671.270000
NaN,NaN,NaN,NaN,1039.810000,671.270000
NaN,NaN,NaN,NaN,1039.820000,671.280000
NaN,NaN,NaN,NaN,1039.810000,671.300000
NaN,NaN,NaN,NaN,1039.810000,671.270000
NaN,NaN,NaN,NaN,1039.810000,671.270000
NaN,NaN,NaN,NaN,1039.810000,671.280000
NaN,NaN,NaN,NaN,1039.810000,671.270000
NaN,NaN,NaN,NaN,1039.810000,671.260000
NaN,NaN,NaN,NaN,1039.810000,671.260000
NaN,NaN,NaN,NaN,1039.820000,671.280000
NaN,NaN,NaN,NaN,1039.820000,671.280000
NaN,NaN,NaN,NaN,1039.820000,671.290000
NaN,NaN,NaN,NaN,1039.820000,671.290000
NaN,NaN,NaN,NaN,1039.820000,671.290000
NaN,NaN,NaN,NaN,1039.820000,671.290000
NaN,NaN,NaN,NaN,1039.820000,671.290000
NaN,NaN,NaN,NaN,1039.820000,671.280000
NaN,NaN,NaN,NaN,1039.830000,671.290000
NaN,NaN,NaN,NaN,1039.820000,671.290000
NaN,NaN,NaN,NaN,1039.830000,671.280000
NaN,NaN,NaN,NaN,1039.820000,671.290000
NaN,NaN,NaN,NaN,1039.820000,671.290000
NaN,NaN,NaN,NaN,1039.830000,671.290000
NaN,NaN,NaN,NaN,1039.830000,671.290000
NaN,NaN,NaN,NaN,1039.830000,671.300000
NaN,NaN,NaN,NaN,1039.830000,671.300000
NaN,NaN,NaN,NaN,1039.840000,671.300000
NaN,NaN,NaN,NaN,1039.830000,671.300000
NaN,NaN,NaN,NaN,1039.840000,671.310000
NaN,NaN,NaN,NaN,1039.830000,671.320000
NaN,NaN,NaN,NaN,1039.830000,671.320000
NaN,NaN,NaN,NaN,1039.830000,671.300000
NaN,NaN,NaN,NaN,1039.810000,671.300000
NaN,NaN,NaN,NaN,1039.820000,671.300000
NaN,NaN,NaN,NaN,1039.820000,671.290000
NaN,NaN,NaN,NaN,1039.820000,671.290000
NaN,NaN,NaN,NaN,1039.830000,671.290000
NaN,NaN,NaN,NaN,1039.830000,671.290000
NaN,NaN,NaN,NaN,1039.840000,671.290000
NaN,NaN,NaN,NaN,1039.840000,671.290000
NaN,NaN,NaN,NaN,1039.840000,671.290000
NaN,NaN,NaN,NaN,1039.840000,671.290000
NaN,NaN,NaN,NaN,1039.830000,671.290000
NaN,NaN,NaN,NaN,1039.830000,671.280000
NaN,NaN,NaN,NaN,1039.830000,671.290000
NaN,NaN,NaN,NaN,1039.820000,671.290000
NaN,NaN,NaN,NaN,1039.830000,671.290000
NaN,NaN,NaN,NaN,1039.810000,671.290000
NaN,NaN,NaN,NaN,1039.810000,671.290000
NaN,NaN,NaN,NaN,1039.830000,671.270000
NaN,NaN,NaN,NaN,1039.830000,671.270000
NaN,NaN,NaN,NaN,1039.820000,671.270000
NaN,NaN,NaN,NaN,1039.820000,671.280000
NaN,NaN,NaN,NaN,1039.820000,671.270000
NaN,NaN,NaN,NaN,1039.830000,671.270000
NaN,NaN,NaN,NaN,1039.830000,671.270000
NaN,NaN,NaN,NaN,1039.830000,671.280000
NaN,NaN,NaN,NaN,1039.830000,671.280000
NaN,NaN,NaN,NaN,1039.820000,671.290000
NaN,NaN,NaN,NaN,1039.810000,671.280000
NaN,NaN,NaN,NaN,1039.810000,671.270000
NaN,NaN,NaN,NaN,1039.810000,671.280000
NaN,NaN,NaN,NaN,1039.820000,671.320000
NaN,NaN,NaN,NaN,1039.840000,671.310000
NaN,NaN,NaN,NaN,1039.840000,671.290000
NaN,NaN,NaN,NaN,1039.850000,671.300000
NaN,NaN,NaN,NaN,1039.860000,671.300000
NaN,NaN,NaN,NaN,1039.860000,671.300000
NaN,NaN,NaN,NaN,1039.860000,671.290000
NaN,NaN,NaN,NaN,1039.860000,671.300000
NaN,NaN,NaN,NaN,1039.870000,671.300000
NaN,NaN,NaN,NaN,1039.870000,671.300000
NaN,NaN,NaN,NaN,1039.860000,671.300000
NaN,NaN,NaN,NaN,1039.860000,671.320000
NaN,NaN,NaN,NaN,1039.860000,671.310000
NaN,NaN,NaN,NaN,1039.850000,671.320000
NaN,NaN,1046.604658,587.529181,1039.870000,671.300000
NaN,NaN,1047.010000,587.980000,1039.850000,671.330000
NaN,NaN,1047.010000,587.980000,1039.850000,671.330000
NaN,NaN,1047.010000,587.980000,1039.850000,671.320000
NaN,NaN,1047.020000,587.980000,1039.850000,671.320000
NaN,NaN,1047.020000,587.980000,1039.840000,671.330000
NaN,NaN,1047.020000,587.980000,1039.860000,671.330000
NaN,NaN,1047.020000,587.980000,1039.860000,671.320000
NaN,NaN,1047.010000,587.990000,1039.860000,671.320000
NaN,NaN,1047.010000,587.990000,1039.860000,671.340000
NaN,NaN,1047.020000,587.990000,1039.850000,671.340000
NaN,NaN,1047.020000,587.990000,1039.850000,671.340000
NaN,NaN,1047.020000,587.990000,1039.850000,671.340000
NaN,NaN,1047.020000,587.990000,1039.840000,671.340000
NaN,NaN,1047.020000,587.990000,1039.840000,671.330000
NaN,NaN,1047.020000,587.990000,1039.840000,671.350000
NaN,NaN,1047.020000,587.990000,1039.850000,671.350000
NaN,NaN,1047.020000,587.990000,1039.840000,671.370000
NaN,NaN,1047.020000,587.990000,1039.850000,671.350000
NaN,NaN,1047.020000,587.990000,1039.840000,671.370000
NaN,NaN,1047.020000,587.990000,1039.840000,671.360000
NaN,NaN,1047.030000,587.990000,1039.840000,671.360000
NaN,NaN,1047.030000,587.990000,1039.840000,671.370000
NaN,NaN,1047.030000,587.990000,1039.840000,671.360000
NaN,NaN,1047.030000,588.000000,1039.840000,671.360000
NaN,NaN,1047.030000,588.000000,1039.850000,671.360000
NaN,NaN,1047.030000,588.000000,1039.850000,671.360000
NaN,NaN,1047.030000,588.000000,1039.840000,671.360000
NaN,NaN,1047.030000,587.990000,1039.840000,671.360000
NaN,NaN,1047.030000,588.000000,1039.840000,671.360000
NaN,NaN,1047.030000,588.000000,1039.840000,671.370000
NaN,NaN,1047.040000,588.000000,1039.840000,671.400000
NaN,NaN,1047.030000,588.010000,1039.840000,671.390000
NaN,NaN,1047.040000,588.010000,1039.850000,671.360000
NaN,NaN,1047.040000,588.010000,1039.850000,671.360000
NaN,NaN,1047.040000,588.010000,1039.850000,671.360000
NaN,NaN,1047.040000,588.010000,1039.850000,671.350000
NaN,NaN,1047.040000,588.010000,1039.850000,671.360000
NaN,NaN,1047.040000,588.010000,1039.850000,671.370000
NaN,NaN,1047.040000,588.010000,1039.860000,671.370000
NaN,NaN,1047.040000,588.010000,1039.860000,671.360000
NaN,NaN,1047.040000,588.010000,1039.860000,671.350000
NaN,NaN,1047.040000,588.010000,1039.860000,671.360000
NaN,NaN,1047.040000,588.010000,1039.860000,671.350000
NaN,NaN,1047.040000,588.010000,1039.850000,671.360000
NaN,NaN,1047.040000,588.010000,1039.860000,671.370000
NaN,NaN,1047.050000,588.020000,1039.860000,671.380000
NaN,NaN,1047.050000,588.030000,1039.840000,671.370000
NaN,NaN,1047.050000,588.020000,1039.830000,671.370000
NaN,NaN,1047.050000,588.020000,1039.840000,671.350000
NaN,NaN,1047.050000,588.020000,1039.840000,671.350000
NaN,NaN,1047.050000,588.020000,1039.840000,671.360000
NaN,NaN,1047.050000,588.020000,1039.850000,671.360000
NaN,NaN,1047.050000,588.020000,1039.850000,671.360000
NaN,NaN,1047.060000,588.020000,1039.840000,671.360000
NaN,NaN,1047.060000,588.030000,1039.850000,671.360000
NaN,NaN,1047.060000,588.030000,1039.860000,671.360000
NaN,NaN,1047.060000,588.030000,1039.850000,671.370000
NaN,NaN,1047.060000,588.030000,1039.850000,671.360000
NaN,NaN,1047.060000,588.030000,1039.860000,671.360000
NaN,NaN,1047.060000,588.030000,1039.860000,671.360000
NaN,NaN,1047.070000,588.040000,1039.850000,671.360000
NaN,NaN,1047.070000,588.040000,1039.840000,671.390000
NaN,NaN,1047.070000,588.040000,1039.850000,671.380000
NaN,NaN,1047.060000,588.040000,1039.840000,671.380000
NaN,NaN,1047.060000,588.050000,1039.850000,671.370000
NaN,NaN,1047.070000,588.050000,1039.850000,671.380000
NaN,NaN,1047.070000,588.040000,1039.850000,671.360000
NaN,NaN,1047.060000,588.050000,1039.840000,671.370000
NaN,NaN,1047.070000,588.050000,1039.840000,671.380000
NaN,NaN,1047.070000,588.050000,1039.850000,671.380000
NaN,NaN,1047.070000,588.050000,1039.850000,671.370000
NaN,NaN,1047.070000,588.050000,1039.840000,671.370000
NaN,NaN,1047.070000,588.040000,1039.860000,671.390000
NaN,NaN,1047.070000,588.050000,1039.860000,671.400000
NaN,NaN,1047.070000,588.050000,1039.860000,671.390000
NaN,NaN,1047.070000,588.050000,1039.840000,671.410000
NaN,NaN,1047.080000,588.050000,1039.840000,671.400000
NaN,NaN,1047.090000,588.050000,1039.840000,671.400000
NaN,NaN,1047.090000,588.050000,1039.840000,671.390000
NaN,NaN,1047.090000,588.060000,1039.830000,671.400000
NaN,NaN,1047.080000,588.060000,1039.840000,671.390000
NaN,NaN,1047.080000,588.060000,1039.840000,671.390000
NaN,NaN,1047.080000,588.070000,1039.840000,671.400000
NaN,NaN,1047.080000,588.060000,1039.840000,671.400000
NaN,NaN,1047.090000,588.070000,1039.840000,671.390000
NaN,NaN,1047.090000,588.070000,1039.840000,671.390000
NaN,NaN,1047.080000,588.060000,1039.850000,671.380000
NaN,NaN,1047.080000,588.060000,1039.850000,671.390000
NaN,NaN,1047.080000,588.060000,1039.840000,671.380000
NaN,NaN,1047.080000,588.060000,1039.840000,671.390000
NaN,NaN,1047.090000,588.080000,1039.830000,671.380000
NaN,NaN,1047.090000,588.080000,1039.840000,671.380000
NaN,NaN,1047.090000,588.080000,1039.850000,671.370000
NaN,NaN,1047.100000,588.080000,1039.840000,671.360000
NaN,NaN,1047.090000,588.080000,1039.850000,671.380000
NaN,NaN,1047.100000,588.080000,1039.850000,671.370000
NaN,NaN,1047.090000,588.080000,1039.860000,671.370000
NaN,NaN,1047.090000,588.080000,1039.860000,671.370000
NaN,NaN,1047.100000,588.080000,1039.860000,671.370000
NaN,NaN,1047.100000,588.080000,1039.850000,671.380000
NaN,NaN,1047.100000,588.090000,1039.850000,671.380000
NaN,NaN,1047.100000,588.090000,1039.850000,671.380000
NaN,NaN,1047.100000,588.090000,1039.850000,671.390000
NaN,NaN,1047.100000,588.090000,1039.870000,671.370000
NaN,NaN,1047.100000,588.100000,1039.870000,671.380000
NaN,NaN,1047.110000,588.100000,1039.850000,671.420000
NaN,NaN,1047.120000,588.100000,1039.870000,671.400000
NaN,NaN,1047.120000,588.100000,1039.870000,671.400000
NaN,NaN,1047.120000,588.100000,1039.860000,671.400000
NaN,NaN,1047.120000,588.100000,1039.870000,671.400000
NaN,NaN,1047.120000,588.100000,1039.870000,671.390000
NaN,NaN,1047.120000,588.110000,1039.860000,671.400000
NaN,NaN,1047.120000,588.110000,1039.870000,671.390000
NaN,NaN,1047.120000,588.110000,1039.870000,671.390000
NaN,NaN,1047.120000,588.110000,1039.880000,671.390000
NaN,NaN,1047.120000,588.120000,1039.880000,671.380000
NaN,NaN,1047.120000,588.120000,1039.880000,671.370000
NaN,NaN,1047.120000,588.120000,1039.890000,671.360000
NaN,NaN,1047.130000,588.120000,1039.880000,671.370000
NaN,NaN,1047.130000,588.130000,1039.880000,671.380000
NaN,NaN,1047.140000,588.130000,1039.880000,671.360000
NaN,NaN,1047.130000,588.140000,1039.880000,671.360000
NaN,NaN,1047.140000,588.140000,1039.890000,671.370000
NaN,NaN,1047.140000,588.140000,1039.870000,671.370000
NaN,NaN,1047.140000,588.140000,1039.880000,671.350000
NaN,NaN,1047.140000,588.150000,1039.890000,671.360000
NaN,NaN,1047.140000,588.150000,1039.890000,671.360000
NaN,NaN,1047.140000,588.150000,1039.900000,671.360000
NaN,NaN,1047.140000,588.140000,1039.890000,671.380000
NaN,NaN,1047.140000,588.140000,1039.890000,671.360000
NaN,NaN,1047.140000,588.150000,1039.900000,671.360000
NaN,NaN,1047.150000,588.160000,1039.890000,671.370000
NaN,NaN,1047.150000,588.150000,1039.890000,671.370000
NaN,NaN,1047.150000,588.160000,1039.900000,671.360000
NaN,NaN,1047.150000,588.160000,1039.900000,671.350000
NaN,NaN,1047.150000,588.180000,1039.900000,671.390000
NaN,NaN,1047.140000,588.170000,1039.910000,671.400000
NaN,NaN,1047.140000,588.180000,1039.900000,671.390000
NaN,NaN,1047.140000,588.180000,1039.900000,671.410000
NaN,NaN,1047.150000,588.170000,1039.900000,671.410000
NaN,NaN,1047.150000,588.180000,1039.890000,671.410000
NaN,NaN,1047.150000,588.190000,1039.900000,671.400000
NaN,NaN,1047.150000,588.190000,1039.900000,671.400000
NaN,NaN,1047.150000,588.190000,1039.900000,671.390000
NaN,NaN,1047.150000,588.190000,1039.900000,671.390000
NaN,NaN,1047.160000,588.200000,1039.900000,671.380000
NaN,NaN,1047.160000,588.200000,1039.900000,671.370000
NaN,NaN,1047.160000,588.200000,1039.900000,671.380000
NaN,NaN,1047.160000,588.210000,1039.900000,671.370000
NaN,NaN,1047.160000,588.210000,1039.910000,671.380000
NaN,NaN,1047.180000,588.240000,1039.890000,671.360000
NaN,NaN,1047.180000,588.230000,1039.900000,671.350000
NaN,NaN,1047.180000,588.230000,1039.900000,671.360000
NaN,NaN,1047.180000,588.230000,1039.900000,671.370000
NaN,NaN,1047.180000,588.230000,1039.900000,671.360000
NaN,NaN,1047.180000,588.240000,1039.910000,671.370000
NaN,NaN,1047.190000,588.240000,1039.900000,671.370000
NaN,NaN,1047.180000,588.250000,1039.900000,671.380000
NaN,NaN,1047.180000,588.250000,1039.900000,671.390000
NaN,NaN,1047.190000,588.250000,1039.900000,671.390000
NaN,NaN,1047.190000,588.250000,1039.900000,671.400000
NaN,NaN,1047.190000,588.250000,1039.900000,671.390000
NaN,NaN,1047.190000,588.260000,1039.890000,671.390000
NaN,NaN,1047.190000,588.260000,1039.910000,671.370000
NaN,NaN,1047.190000,588.270000,1039.900000,671.390000
NaN,NaN,1047.200000,588.300000,1039.910000,671.400000
NaN,NaN,1047.200000,588.300000,1039.910000,671.420000
NaN,NaN,1047.210000,588.290000,1039.910000,671.420000
NaN,NaN,1047.210000,588.300000,1039.900000,671.400000
NaN,NaN,1047.210000,588.310000,1039.900000,671.410000
NaN,NaN,1047.210000,588.310000,1039.910000,671.400000
NaN,NaN,1047.210000,588.310000,1039.920000,671.380000
NaN,NaN,1047.210000,588.320000,1039.900000,671.380000
NaN,NaN,1047.220000,588.330000,1039.910000,671.380000
NaN,NaN,1047.220000,588.330000,1039.910000,671.380000
NaN,NaN,1047.210000,588.340000,1039.910000,671.380000
NaN,NaN,1047.220000,588.340000,1039.910000,671.390000
NaN,NaN,1047.220000,588.350000,1039.910000,671.390000
NaN,NaN,1047.220000,588.360000,1039.910000,671.390000
NaN,NaN,1047.220000,588.360000,1039.910000,671.390000
NaN,NaN,1047.240000,588.390000,1039.890000,671.410000
NaN,NaN,1047.230000,588.380000,1039.880000,671.410000
NaN,NaN,1047.230000,588.390000,1039.880000,671.410000
NaN,NaN,1047.230000,588.390000,1039.880000,671.390000
NaN,NaN,1047.230000,588.390000,1039.880000,671.400000
NaN,NaN,1047.230000,588.400000,1039.880000,671.390000
NaN,NaN,1047.240000,588.410000,1039.880000,671.390000
NaN,NaN,1047.240000,588.410000,1039.880000,671.390000
NaN,NaN,1047.240000,588.420000,1039.870000,671.390000
NaN,NaN,1047.240000,588.430000,1039.880000,671.390000
NaN,NaN,1047.250000,588.450000,1039.880000,671.400000
NaN,NaN,1047.250000,588.450000,1039.880000,671.400000
NaN,NaN,1047.250000,588.470000,1039.880000,671.400000
NaN,NaN,1047.250000,588.470000,1039.880000,671.400000
NaN,NaN,1047.250000,588.480000,1039.890000,671.390000
NaN,NaN,1047.260000,588.510000,1039.870000,671.410000
NaN,NaN,1047.290000,588.780000,1039.860000,671.420000
NaN,NaN,1047.290000,588.780000,1039.870000,671.420000
NaN,NaN,1047.300000,588.790000,1039.870000,671.410000
NaN,NaN,1047.290000,588.800000,1039.880000,671.410000
NaN,NaN,1047.300000,588.810000,1039.890000,671.400000
NaN,NaN,1047.300000,588.810000,1039.880000,671.410000
NaN,NaN,1047.300000,588.820000,1039.880000,671.410000
NaN,NaN,1047.300000,588.830000,1039.880000,671.430000
NaN,NaN,1047.300000,588.830000,1039.890000,671.420000
NaN,NaN,1047.300000,588.840000,1039.880000,671.420000
NaN,NaN,1047.310000,588.850000,1039.880000,671.410000
NaN,NaN,1047.310000,588.850000,1039.880000,671.420000
NaN,NaN,1047.310000,588.860000,1039.880000,671.410000
NaN,NaN,1047.320000,588.860000,1039.880000,671.410000
NaN,NaN,1047.330000,588.890000,1039.880000,671.400000
NaN,NaN,1047.320000,588.890000,1039.880000,671.390000
NaN,NaN,1047.320000,588.900000,1039.880000,671.390000
NaN,NaN,1047.320000,588.910000,1039.880000,671.380000
NaN,NaN,1047.320000,588.910000,1039.880000,671.390000
NaN,NaN,1047.330000,588.930000,1039.890000,671.400000
NaN,NaN,1047.330000,588.940000,1039.890000,671.390000
NaN,NaN,1047.340000,588.940000,1039.870000,671.400000
NaN,NaN,1047.340000,588.960000,1039.860000,671.400000
NaN,NaN,1047.340000,588.960000,1039.860000,671.410000
NaN,NaN,1047.340000,588.970000,1039.870000,671.410000
NaN,NaN,1047.340000,588.980000,1039.870000,671.400000
NaN,NaN,1047.340000,588.990000,1039.870000,671.400000
NaN,NaN,1047.340000,588.990000,1039.870000,671.400000
NaN,NaN,1047.350000,589.000000,1039.870000,671.410000
NaN,NaN,1047.350000,589.020000,1039.870000,671.410000
NaN,NaN,1047.360000,589.030000,1039.870000,671.410000
NaN,NaN,1047.360000,589.040000,1039.870000,671.430000
NaN,NaN,1047.360000,589.040000,1039.870000,671.420000
NaN,NaN,1047.360000,589.040000,1039.860000,671.410000
NaN,NaN,1047.360000,589.060000,1039.860000,671.410000
NaN,NaN,1047.360000,589.070000,1039.860000,671.400000
NaN,NaN,1047.350000,589.080000,1039.860000,671.400000
NaN,NaN,1047.360000,589.100000,1039.860000,671.410000
NaN,NaN,1047.360000,589.110000,1039.860000,671.420000
NaN,NaN,1047.380000,589.130000,1039.860000,671.400000
NaN,NaN,1047.380000,589.140000,1039.860000,671.410000
NaN,NaN,1047.380000,589.150000,1039.860000,671.420000
NaN,NaN,1047.380000,589.170000,1039.860000,671.430000
NaN,NaN,1047.390000,589.180000,1039.850000,671.420000
NaN,NaN,1047.400000,589.210000,1039.830000,671.440000
NaN,NaN,1047.410000,589.220000,1039.840000,671.450000
NaN,NaN,1047.410000,589.230000,1039.850000,671.440000
NaN,NaN,1047.410000,589.250000,1039.850000,671.420000
NaN,NaN,1047.400000,589.260000,1039.850000,671.420000
NaN,NaN,1047.400000,589.280000,1039.860000,671.400000
NaN,NaN,1047.420000,589.300000,1039.860000,671.410000
NaN,NaN,1047.420000,589.320000,1039.850000,671.410000
NaN,NaN,1047.420000,589.330000,1039.850000,671.400000
NaN,NaN,1047.430000,589.360000,1039.850000,671.420000
NaN,NaN,1047.440000,589.380000,1039.850000,671.430000
NaN,NaN,1047.440000,589.400000,1039.850000,671.430000
NaN,NaN,1047.450000,589.420000,1039.860000,671.430000
NaN,NaN,1047.460000,589.440000,1039.870000,671.430000
NaN,NaN,1047.470000,589.470000,1039.870000,671.410000
NaN,NaN,1047.500000,589.560000,1039.840000,671.420000
NaN,NaN,1047.770000,589.840000,1039.850000,671.420000
NaN,NaN,1047.780000,589.860000,1039.850000,671.430000
NaN,NaN,1047.780000,589.870000,1039.840000,671.430000
NaN,NaN,1047.780000,589.880000,1039.840000,671.430000
NaN,NaN,1047.790000,589.890000,1039.840000,671.430000
NaN,NaN,1047.800000,589.910000,1039.840000,671.420000
NaN,NaN,1047.790000,589.920000,1039.850000,671.410000
NaN,NaN,1047.800000,589.930000,1039.860000,671.410000
NaN,NaN,1047.800000,589.940000,1039.860000,671.410000
NaN,NaN,1047.810000,589.960000,1039.850000,671.420000
NaN,NaN,1047.810000,589.980000,1039.840000,671.420000
NaN,NaN,1047.800000,589.990000,1039.850000,671.430000
NaN,NaN,1047.810000,590.010000,1039.840000,671.440000
NaN,NaN,1047.820000,590.030000,1039.850000,671.440000
NaN,NaN,1047.840000,590.080000,1039.840000,671.480000
NaN,NaN,1047.830000,590.090000,1039.820000,671.670000
NaN,NaN,1047.830000,590.090000,1039.830000,671.660000
NaN,NaN,1047.840000,590.110000,1039.840000,671.640000
NaN,NaN,1047.850000,590.120000,1039.840000,671.650000
NaN,NaN,1047.840000,590.140000,1039.840000,671.650000
NaN,NaN,1047.850000,590.150000,1039.820000,671.650000
NaN,NaN,1047.850000,590.180000,1039.820000,671.660000
NaN,NaN,1047.850000,590.180000,1039.820000,671.660000
NaN,NaN,1047.850000,590.200000,1039.820000,671.650000
NaN,NaN,1047.860000,590.230000,1039.830000,671.630000
NaN,NaN,1047.860000,590.260000,1039.830000,671.640000
NaN,NaN,1047.860000,590.270000,1039.820000,671.660000
NaN,NaN,1047.870000,590.290000,1039.830000,671.660000
NaN,NaN,1047.860000,590.310000,1039.840000,671.660000
NaN,NaN,1047.870000,590.340000,1039.820000,671.630000
NaN,NaN,1047.880000,590.370000,1039.820000,671.670000
NaN,NaN,1047.880000,590.380000,1039.830000,671.660000
NaN,NaN,1047.880000,590.400000,1039.840000,671.660000
NaN,NaN,1047.870000,590.420000,1039.840000,671.640000
NaN,NaN,1047.880000,590.460000,1039.840000,671.650000
NaN,NaN,1047.880000,590.510000,1039.830000,671.620000
NaN,NaN,1047.890000,590.780000,1039.840000,671.620000
NaN,NaN,1047.900000,590.800000,1039.840000,671.620000
NaN,NaN,1047.900000,590.820000,1039.850000,671.620000
NaN,NaN,1047.900000,590.830000,1039.850000,671.620000
NaN,NaN,1047.900000,590.860000,1039.830000,671.620000
NaN,NaN,1047.910000,590.870000,1039.830000,671.620000
NaN,NaN,1047.900000,590.880000,1039.850000,671.620000
NaN,NaN,1047.900000,590.900000,1039.850000,671.620000
NaN,NaN,1047.900000,590.940000,1039.840000,671.650000
NaN,NaN,1047.900000,590.940000,1039.840000,671.630000
NaN,NaN,1047.900000,590.950000,1039.850000,671.630000
NaN,NaN,1047.900000,590.960000,1039.850000,671.640000
NaN,NaN,1047.900000,590.980000,1039.840000,671.630000
NaN,NaN,1047.900000,590.990000,1039.840000,671.630000
NaN,NaN,1047.910000,591.000000,1039.840000,671.630000
NaN,NaN,1047.910000,591.020000,1039.850000,671.620000
NaN,NaN,1047.910000,591.030000,1039.860000,671.620000
NaN,NaN,1047.910000,591.040000,1039.860000,671.620000
NaN,NaN,1047.910000,591.060000,1039.860000,671.610000
NaN,NaN,1047.910000,591.080000,1039.870000,671.610000
NaN,NaN,1047.910000,591.090000,1039.870000,671.600000
NaN,NaN,1047.900000,591.100000,1039.870000,671.610000
NaN,NaN,1047.910000,591.120000,1039.870000,671.620000
NaN,NaN,1047.900000,591.180000,1039.860000,671.590000
NaN,NaN,1047.900000,591.180000,1039.870000,671.610000
NaN,NaN,1047.900000,591.190000,1039.860000,671.610000
NaN,NaN,1047.890000,591.200000,1039.870000,671.600000
NaN,NaN,1047.890000,591.220000,1039.870000,671.590000
NaN,NaN,1047.900000,591.220000,1039.870000,671.580000
NaN,NaN,1047.900000,591.260000,1039.870000,671.590000
NaN,NaN,1047.900000,591.280000,1039.860000,671.590000
NaN,NaN,1047.890000,591.300000,1039.860000,671.590000
NaN,NaN,1047.890000,591.320000,1039.870000,671.590000
NaN,NaN,1047.890000,591.330000,1039.870000,671.590000
NaN,NaN,1047.890000,591.350000,1039.880000,671.590000
NaN,NaN,1047.880000,591.390000,1039.870000,671.600000
NaN,NaN,1047.880000,591.410000,1039.880000,671.590000
NaN,NaN,1047.880000,591.430000,1039.880000,671.600000
NaN,NaN,1047.880000,591.540000,1039.860000,671.580000
NaN,NaN,1047.890000,591.810000,1039.870000,671.570000
NaN,NaN,1047.880000,591.840000,1039.870000,671.580000
NaN,NaN,1047.880000,591.850000,1039.870000,671.580000
NaN,NaN,1047.870000,591.850000,1039.870000,671.580000
NaN,NaN,1047.870000,591.890000,1039.880000,671.580000
NaN,NaN,1047.870000,591.900000,1039.890000,671.580000
NaN,NaN,1047.870000,591.910000,1039.880000,671.570000
NaN,NaN,1047.870000,591.930000,1039.880000,671.560000
NaN,NaN,1047.870000,591.940000,1039.890000,671.570000
NaN,NaN,1047.870000,591.950000,1039.890000,671.560000
NaN,NaN,1047.870000,591.960000,1039.890000,671.570000
NaN,NaN,1047.860000,591.990000,1039.890000,671.560000
NaN,NaN,1047.870000,592.000000,1039.900000,671.560000
NaN,NaN,1047.860000,592.020000,1039.890000,671.570000
NaN,NaN,1047.870000,592.050000,1039.900000,671.550000
NaN,NaN,1047.860000,592.050000,1039.900000,671.550000
NaN,NaN,1047.860000,592.060000,1039.900000,671.540000
NaN,NaN,1047.860000,592.080000,1039.910000,671.540000
NaN,NaN,1047.850000,592.090000,1039.900000,671.550000
NaN,NaN,1047.850000,592.110000,1039.900000,671.540000
NaN,NaN,1047.830000,592.130000,1039.900000,671.540000
NaN,NaN,1047.840000,592.150000,1039.900000,671.530000
NaN,NaN,1047.840000,592.180000,1039.910000,671.530000
NaN,NaN,1047.830000,592.190000,1039.910000,671.530000
NaN,NaN,1047.830000,592.200000,1039.900000,671.550000
NaN,NaN,1047.830000,592.220000,1039.900000,671.540000
NaN,NaN,1047.810000,592.240000,1039.910000,671.530000
NaN,NaN,1047.810000,592.260000,1039.900000,671.530000
NaN,NaN,1047.810000,592.270000,1039.910000,671.530000
NaN,NaN,1047.810000,592.320000,1039.900000,671.530000
NaN,NaN,1047.800000,592.330000,1039.910000,671.520000
NaN,NaN,1047.790000,592.350000,1039.910000,671.520000
NaN,NaN,1047.780000,592.370000,1039.920000,671.540000
NaN,NaN,1047.780000,592.390000,1039.930000,671.540000
NaN,NaN,1047.780000,592.430000,1039.910000,671.530000
NaN,NaN,1047.790000,592.450000,1039.910000,671.530000
NaN,NaN,1047.780000,592.460000,1039.920000,671.510000
NaN,NaN,1047.790000,592.520000,1039.920000,671.350000
NaN,NaN,1047.800000,592.810000,1039.920000,671.340000
NaN,NaN,1047.810000,592.830000,1039.930000,671.340000
NaN,NaN,1047.790000,592.830000,1039.930000,671.330000
NaN,NaN,1047.790000,592.850000,1039.920000,671.340000
NaN,NaN,1047.780000,592.860000,1039.930000,671.350000
NaN,NaN,1047.780000,592.890000,1039.930000,671.350000
NaN,NaN,1047.790000,592.930000,1039.940000,671.360000
NaN,NaN,1047.780000,592.940000,1039.940000,671.340000
NaN,NaN,1047.780000,592.940000,1039.930000,671.340000
NaN,NaN,1047.780000,592.950000,1039.940000,671.350000
NaN,NaN,1047.780000,592.960000,1039.940000,671.350000
NaN,NaN,1047.780000,592.980000,1039.940000,671.360000
NaN,NaN,1047.770000,592.990000,1039.940000,671.340000
NaN,NaN,1047.770000,593.000000,1039.940000,671.340000
NaN,NaN,1047.770000,593.010000,1039.940000,671.340000
NaN,NaN,1047.760000,593.030000,1039.940000,671.340000
NaN,NaN,1047.760000,593.040000,1039.930000,671.340000
NaN,NaN,1047.760000,593.050000,1039.930000,671.350000
NaN,NaN,1047.750000,593.070000,1039.930000,671.340000
NaN,NaN,1047.750000,593.090000,1039.930000,671.330000
NaN,NaN,1047.750000,593.090000,1039.930000,671.340000
NaN,NaN,1047.730000,593.130000,1039.920000,671.350000
NaN,NaN,1047.720000,593.130000,1039.930000,671.340000
NaN,NaN,1047.720000,593.140000,1039.930000,671.340000
NaN,NaN,1047.720000,593.150000,1039.930000,671.350000
NaN,NaN,1047.730000,593.180000,1039.940000,671.350000
NaN,NaN,1047.720000,593.190000,1039.930000,671.350000
NaN,NaN,1047.720000,593.200000,1039.930000,671.350000
NaN,NaN,1047.720000,593.210000,1039.930000,671.340000
NaN,NaN,1047.720000,593.220000,1039.940000,671.350000
NaN,NaN,1047.710000,593.240000,1039.940000,671.340000
NaN,NaN,1047.710000,593.260000,1039.940000,671.340000
NaN,NaN,1047.700000,593.270000,1039.930000,671.340000
NaN,NaN,1047.700000,593.290000,1039.920000,671.340000
NaN,NaN,1047.690000,593.330000,1039.930000,671.330000
NaN,NaN,1047.690000,593.350000,1039.940000,671.340000
NaN,NaN,1047.690000,593.390000,1039.930000,671.330000
NaN,NaN,1047.690000,593.400000,1039.940000,671.320000
NaN,NaN,1047.690000,593.420000,1039.940000,671.320000
NaN,NaN,1047.690000,593.430000,1039.930000,671.320000
NaN,NaN,1047.690000,593.450000,1039.930000,671.320000
NaN,NaN,1047.690000,593.500000,1039.920000,671.320000
NaN,NaN,1047.690000,593.780000,1039.930000,671.320000
NaN,NaN,1047.690000,593.790000,1039.930000,671.330000
NaN,NaN,1047.690000,593.810000,1039.940000,671.320000
NaN,NaN,1047.690000,593.830000,1039.940000,671.330000
NaN,NaN,1047.680000,593.840000,1039.940000,671.330000
NaN,NaN,1047.670000,593.850000,1039.940000,671.320000
NaN,NaN,1047.670000,593.870000,1039.940000,671.320000
NaN,NaN,1047.680000,593.880000,1039.940000,671.310000
NaN,NaN,1047.670000,593.910000,1039.940000,671.310000
NaN,NaN,1047.660000,593.940000,1039.930000,671.340000
NaN,NaN,1047.670000,593.950000,1039.940000,671.330000
NaN,NaN,1047.660000,593.960000,1039.940000,671.320000
NaN,NaN,1047.660000,593.970000,1039.930000,671.330000
NaN,NaN,1047.660000,593.990000,1039.930000,671.330000
NaN,NaN,1047.660000,593.990000,1039.930000,671.330000
NaN,NaN,1047.650000,594.000000,1039.940000,671.320000
NaN,NaN,1047.650000,594.020000,1039.940000,671.320000
NaN,NaN,1047.650000,594.030000,1039.930000,671.320000
NaN,NaN,1047.650000,594.050000,1039.940000,671.330000
NaN,NaN,1047.650000,594.060000,1039.940000,671.330000
NaN,NaN,1047.640000,594.080000,1039.940000,671.320000
NaN,NaN,1047.640000,594.080000,1039.940000,671.330000
NaN,NaN,1047.640000,594.100000,1039.940000,671.330000
NaN,NaN,1047.650000,594.120000,1039.940000,671.310000
NaN,NaN,1047.660000,594.150000,1039.950000,671.300000
NaN,NaN,1047.660000,594.150000,1039.930000,671.310000
NaN,NaN,1047.650000,594.160000,1039.940000,671.330000
NaN,NaN,1047.650000,594.170000,1039.940000,671.330000
NaN,NaN,1047.640000,594.180000,1039.950000,671.320000
NaN,NaN,1047.630000,594.200000,1039.950000,671.310000
NaN,NaN,1047.630000,594.220000,1039.950000,671.330000
NaN,NaN,1047.630000,594.250000,1039.940000,671.330000
NaN,NaN,1047.640000,594.270000,1039.940000,671.320000
NaN,NaN,1047.640000,594.270000,1039.950000,671.330000
NaN,NaN,1047.630000,594.300000,1039.940000,671.320000
NaN,NaN,1047.630000,594.310000,1039.940000,671.320000
NaN,NaN,1047.620000,594.340000,1039.950000,671.310000
NaN,NaN,1047.620000,594.360000,1039.940000,671.310000
NaN,NaN,1047.620000,594.380000,1039.940000,671.310000
NaN,NaN,1047.620000,594.460000,1039.930000,671.310000
NaN,NaN,1047.630000,594.780000,1039.930000,671.310000
NaN,NaN,1047.630000,594.800000,1039.940000,671.300000
NaN,NaN,1047.640000,594.820000,1039.940000,671.310000
NaN,NaN,1047.630000,594.830000,1039.930000,671.330000
NaN,NaN,1047.630000,594.840000,1039.940000,671.320000
NaN,NaN,1047.630000,594.850000,1039.940000,671.320000
NaN,NaN,1047.640000,594.860000,1039.940000,671.310000
NaN,NaN,1047.630000,594.880000,1039.950000,671.300000
NaN,NaN,1047.630000,594.900000,1039.940000,671.300000
NaN,NaN,1047.630000,594.920000,1039.940000,671.300000
NaN,NaN,1047.630000,594.940000,1039.940000,671.300000
NaN,NaN,1047.630000,594.950000,1039.940000,671.300000
NaN,NaN,1047.630000,594.970000,1039.930000,671.310000
NaN,NaN,1047.630000,594.980000,1039.930000,671.310000
NaN,NaN,1047.660000,595.030000,1039.930000,671.300000
NaN,NaN,1047.650000,595.030000,1039.940000,671.310000
NaN,NaN,1047.640000,595.040000,1039.940000,671.310000
NaN,NaN,1047.640000,595.050000,1039.940000,671.310000
NaN,NaN,1047.640000,595.070000,1039.940000,671.310000
NaN,NaN,1047.640000,595.080000,1039.950000,671.310000
NaN,NaN,1047.630000,595.100000,1039.950000,671.310000
NaN,NaN,1047.640000,595.110000,1039.950000,671.310000
NaN,NaN,1047.640000,595.130000,1039.950000,671.300000
NaN,NaN,1047.640000,595.140000,1039.950000,671.300000
NaN,NaN,1047.650000,595.170000,1039.940000,671.300000
NaN,NaN,1047.650000,595.180000,1039.940000,671.300000
NaN,NaN,1047.650000,595.200000,1039.940000,671.320000
NaN,NaN,1047.650000,595.210000,1039.950000,671.310000
NaN,NaN,1047.650000,595.230000,1039.940000,671.310000
NaN,NaN,1047.680000,595.290000,1039.960000,671.320000
NaN,NaN,1047.670000,595.320000,1039.950000,671.320000
NaN,NaN,1047.660000,595.330000,1039.950000,671.310000
NaN,NaN,1047.660000,595.350000,1039.950000,671.300000
NaN,NaN,1047.670000,595.370000,1039.950000,671.300000
NaN,NaN,1047.670000,595.400000,1039.960000,671.300000
NaN,NaN,1047.660000,595.430000,1039.970000,671.310000
NaN,NaN,1047.660000,595.450000,1039.960000,671.320000
NaN,NaN,1047.650000,595.500000,1039.960000,671.320000
NaN,NaN,1047.670000,595.790000,1039.960000,671.320000
NaN,NaN,1047.680000,595.810000,1039.960000,671.320000
NaN,NaN,1047.680000,595.820000,1039.960000,671.310000
NaN,NaN,1047.680000,595.840000,1039.960000,671.310000
NaN,NaN,1047.680000,595.850000,1039.960000,671.310000
NaN,NaN,1047.680000,595.870000,1039.960000,671.300000
NaN,NaN,1047.690000,595.910000,1039.960000,671.300000
NaN,NaN,1047.680000,595.920000,1039.960000,671.300000
NaN,NaN,1047.680000,595.930000,1039.960000,671.290000
NaN,NaN,1047.690000,595.940000,1039.950000,671.310000
NaN,NaN,1047.690000,595.950000,1039.960000,671.300000
NaN,NaN,1047.690000,595.970000,1039.960000,671.310000
NaN,NaN,1047.680000,595.990000,1039.960000,671.300000
NaN,NaN,1047.680000,596.020000,1039.960000,671.310000
NaN,NaN,1047.680000,596.020000,1039.960000,671.300000
NaN,NaN,1047.680000,596.050000,1039.970000,671.310000
NaN,NaN,1047.690000,596.060000,1039.960000,671.300000
NaN,NaN,1047.690000,596.090000,1039.960000,671.300000
NaN,NaN,1047.690000,596.100000,1039.970000,671.290000
NaN,NaN,1047.700000,596.110000,1039.970000,671.290000
NaN,NaN,1047.700000,596.120000,1039.970000,671.290000
NaN,NaN,1047.710000,596.180000,1039.950000,671.300000
NaN,NaN,1047.710000,596.180000,1039.950000,671.300000
NaN,NaN,1047.720000,596.190000,1039.970000,671.310000
NaN,NaN,1047.710000,596.210000,1039.970000,671.300000
NaN,NaN,1047.710000,596.240000,1039.970000,671.300000
NaN,NaN,1047.710000,596.260000,1039.980000,671.300000
NaN,NaN,1047.710000,596.270000,1039.980000,671.290000
NaN,NaN,1047.710000,596.310000,1039.980000,671.290000
NaN,NaN,1047.720000,596.330000,1039.990000,671.300000
NaN,NaN,1047.720000,596.350000,1039.990000,671.280000
NaN,NaN,1047.720000,596.370000,1040.000000,671.270000
NaN,NaN,1047.730000,596.400000,1040.000000,671.270000
NaN,NaN,1047.730000,596.420000,1039.990000,671.280000
NaN,NaN,1047.740000,596.470000,1040.010000,671.280000
NaN,NaN,1047.750000,596.800000,1040.000000,671.290000
NaN,NaN,1047.760000,596.860000,1039.990000,671.270000
NaN,NaN,1047.760000,596.860000,1040.010000,671.270000
NaN,NaN,1047.760000,596.880000,1040.010000,671.260000
NaN,NaN,1047.760000,596.880000,1040.000000,671.260000
NaN,NaN,1047.760000,596.890000,1040.000000,671.270000
NaN,NaN,1047.770000,596.900000,1040.010000,671.260000
NaN,NaN,1047.760000,596.930000,1040.010000,671.270000
NaN,NaN,1047.760000,596.940000,1040.010000,671.260000
NaN,NaN,1047.770000,596.950000,1040.000000,671.270000
NaN,NaN,1047.780000,596.960000,1040.000000,671.270000
NaN,NaN,1047.790000,596.980000,1040.010000,671.260000
NaN,NaN,1047.790000,596.990000,1040.010000,671.260000
NaN,NaN,1047.800000,597.010000,1040.020000,671.260000
NaN,NaN,1047.800000,597.030000,1040.020000,671.260000
NaN,NaN,1047.800000,597.030000,1040.010000,671.270000
NaN,NaN,1047.810000,597.070000,1040.010000,671.270000
NaN,NaN,1047.810000,597.080000,1040.020000,671.270000
NaN,NaN,1047.810000,597.090000,1040.020000,671.260000
NaN,NaN,1047.810000,597.100000,1040.030000,671.260000
NaN,NaN,1047.810000,597.110000,1040.030000,671.250000
NaN,NaN,1047.820000,597.130000,1040.020000,671.250000
NaN,NaN,1047.820000,597.140000,1040.030000,671.250000
NaN,NaN,1047.830000,597.170000,1040.020000,671.250000
NaN,NaN,1047.830000,597.190000,1040.030000,671.260000
NaN,NaN,1047.830000,597.200000,1040.030000,671.240000
NaN,NaN,1047.840000,597.220000,1040.030000,671.250000
NaN,NaN,1047.840000,597.240000,1040.030000,671.240000
NaN,NaN,1047.850000,597.260000,1040.030000,671.250000
NaN,NaN,1047.850000,597.280000,1040.030000,671.260000
NaN,NaN,1047.840000,597.300000,1040.050000,671.250000
NaN,NaN,1047.860000,597.350000,1040.040000,671.240000
NaN,NaN,1047.860000,597.370000,1040.040000,671.230000
NaN,NaN,1047.860000,597.380000,1040.040000,671.230000
NaN,NaN,1047.860000,597.410000,1040.040000,671.220000
NaN,NaN,1047.860000,597.430000,1040.040000,671.230000
NaN,NaN,1047.860000,597.440000,1040.050000,671.220000
NaN,NaN,1047.870000,597.470000,1040.050000,671.220000
NaN,NaN,1047.870000,597.510000,1040.060000,671.220000
NaN,NaN,1047.870000,597.820000,1040.060000,671.220000
NaN,NaN,1047.880000,597.840000,1040.060000,671.220000
NaN,NaN,1047.880000,597.850000,1040.060000,671.220000
NaN,NaN,1047.880000,597.870000,1040.060000,671.210000
NaN,NaN,1047.890000,597.880000,1040.060000,671.210000
NaN,NaN,1047.900000,597.900000,1040.070000,671.220000
NaN,NaN,1047.900000,597.920000,1040.070000,671.210000
NaN,NaN,1047.900000,597.960000,1040.070000,671.200000
NaN,NaN,1047.910000,597.970000,1040.060000,671.210000
NaN,NaN,1047.910000,597.980000,1040.070000,671.230000
NaN,NaN,1047.910000,597.990000,1040.070000,671.220000
NaN,NaN,1047.910000,598.000000,1040.070000,671.210000
NaN,NaN,1047.910000,598.020000,1040.070000,671.200000
NaN,NaN,1047.910000,598.020000,1040.080000,671.200000
NaN,NaN,1047.930000,598.040000,1040.080000,671.200000
NaN,NaN,1047.930000,598.050000,1040.090000,671.210000
NaN,NaN,1047.940000,598.070000,1040.080000,671.200000
NaN,NaN,1047.940000,598.080000,1040.080000,671.210000
NaN,NaN,1047.930000,598.100000,1040.090000,671.200000
NaN,NaN,1047.940000,598.120000,1040.090000,671.210000
NaN,NaN,1047.950000,598.130000,1040.090000,671.210000
NaN,NaN,1047.950000,598.140000,1040.080000,671.200000
NaN,NaN,1047.940000,598.200000,1040.070000,671.210000
NaN,NaN,1047.950000,598.210000,1040.080000,671.210000
NaN,NaN,1047.950000,598.220000,1040.080000,671.210000
NaN,NaN,1047.960000,598.240000,1040.080000,671.210000
NaN,NaN,1047.960000,598.250000,1040.090000,671.210000
NaN,NaN,1047.970000,598.270000,1040.090000,671.210000
NaN,NaN,1047.970000,598.290000,1040.090000,671.220000
NaN,NaN,1047.980000,598.310000,1040.080000,671.220000
NaN,NaN,1047.980000,598.320000,1040.080000,671.210000
NaN,NaN,1047.980000,598.340000,1040.080000,671.230000
NaN,NaN,1047.980000,598.360000,1040.080000,671.220000
NaN,NaN,1047.990000,598.390000,1040.080000,671.220000
NaN,NaN,1047.990000,598.420000,1040.080000,671.220000
NaN,NaN,1047.990000,598.440000,1040.070000,671.220000
NaN,NaN,1048.000000,598.470000,1040.070000,671.220000
NaN,NaN,1048.010000,598.510000,1040.060000,671.230000
NaN,NaN,1048.020000,598.820000,1040.080000,671.220000
NaN,NaN,1048.020000,598.840000,1040.080000,671.220000
NaN,NaN,1048.030000,598.850000,1040.090000,671.220000
NaN,NaN,1048.030000,598.860000,1040.090000,671.220000
NaN,NaN,1048.040000,598.880000,1040.080000,671.220000
NaN,NaN,1048.040000,598.890000,1040.080000,671.230000
NaN,NaN,1048.040000,598.910000,1040.090000,671.220000
NaN,NaN,1048.050000,598.920000,1040.080000,671.230000
NaN,NaN,1048.050000,598.940000,1040.080000,671.230000
NaN,NaN,1048.050000,598.950000,1040.080000,671.230000
NaN,NaN,1048.050000,598.970000,1040.080000,671.230000
NaN,NaN,1048.060000,598.980000,1040.090000,671.230000
NaN,NaN,1048.060000,598.990000,1040.090000,671.230000
NaN,NaN,1048.060000,599.010000,1040.090000,671.230000
NaN,NaN,1048.070000,599.050000,1040.090000,671.250000
NaN,NaN,1048.070000,599.060000,1040.100000,671.240000
NaN,NaN,1048.070000,599.070000,1040.100000,671.240000
NaN,NaN,1048.070000,599.070000,1040.110000,671.240000
NaN,NaN,1048.080000,599.090000,1040.110000,671.240000
NaN,NaN,1048.080000,599.100000,1040.110000,671.240000
NaN,NaN,1048.080000,599.120000,1040.110000,671.220000
NaN,NaN,1048.090000,599.140000,1040.090000,671.230000
NaN,NaN,1048.090000,599.150000,1040.100000,671.230000
NaN,NaN,1048.090000,599.170000,1040.080000,671.230000
NaN,NaN,1048.090000,599.180000,1040.100000,671.230000
NaN,NaN,1048.090000,599.200000,1040.100000,671.230000
NaN,NaN,1048.100000,599.220000,1040.090000,671.230000
NaN,NaN,1048.100000,599.230000,1040.100000,671.230000
NaN,NaN,1048.100000,599.260000,1040.100000,671.230000
NaN,NaN,1048.120000,599.330000,1040.100000,671.190000
NaN,NaN,1048.110000,599.340000,1040.090000,671.210000
NaN,NaN,1048.120000,599.360000,1040.080000,671.210000
NaN,NaN,1048.120000,599.360000,1040.090000,671.210000
NaN,NaN,1048.120000,599.400000,1040.090000,671.200000
NaN,NaN,1048.120000,599.430000,1040.090000,671.200000
NaN,NaN,1048.120000,599.460000,1040.080000,671.210000
NaN,NaN,1048.120000,599.470000,1040.080000,671.200000
NaN,NaN,1048.120000,599.520000,1040.080000,671.200000
NaN,NaN,1048.140000,599.850000,1040.080000,671.200000
NaN,NaN,1048.140000,599.870000,1040.080000,671.210000
NaN,NaN,1048.150000,599.890000,1040.070000,671.200000
NaN,NaN,1048.150000,599.910000,1040.070000,671.200000
NaN,NaN,1048.150000,599.940000,1040.070000,671.190000
NaN,NaN,1048.150000,599.960000,1040.070000,671.190000
NaN,NaN,1048.170000,600.000000,1040.060000,671.200000
NaN,NaN,1048.160000,600.010000,1040.060000,671.190000
NaN,NaN,1048.160000,600.020000,1040.070000,671.200000
NaN,NaN,1048.160000,600.040000,1040.070000,671.190000
NaN,NaN,1048.170000,600.070000,1040.060000,671.170000
NaN,NaN,1048.180000,600.100000,1040.060000,671.170000
NaN,NaN,1048.170000,600.110000,1040.070000,671.170000
NaN,NaN,1048.170000,600.130000,1040.080000,671.180000
NaN,NaN,1048.170000,600.160000,1040.090000,671.170000
NaN,NaN,1048.170000,600.180000,1040.080000,671.170000
NaN,NaN,1048.160000,600.210000,1040.090000,671.170000
NaN,NaN,1048.160000,600.230000,1040.090000,671.170000
NaN,NaN,1048.160000,600.260000,1040.090000,671.170000
NaN,NaN,1048.150000,600.300000,1040.080000,671.170000
NaN,NaN,1048.160000,600.320000,1040.080000,671.170000
NaN,NaN,1048.150000,600.370000,1040.090000,671.170000
NaN,NaN,1048.160000,600.390000,1040.090000,671.180000
NaN,NaN,1048.160000,600.420000,1040.090000,671.160000
NaN,NaN,1048.160000,600.450000,1040.090000,671.150000
NaN,NaN,1048.160000,600.490000,1040.090000,671.150000
NaN,NaN,1048.170000,600.820000,1040.090000,671.150000
NaN,NaN,1048.170000,600.840000,1040.080000,671.140000
NaN,NaN,1048.170000,600.860000,1040.080000,671.140000
NaN,NaN,1048.170000,600.880000,1040.090000,671.140000
NaN,NaN,1048.170000,600.920000,1040.090000,671.130000
NaN,NaN,1048.170000,600.940000,1040.100000,671.130000
NaN,NaN,1048.160000,600.970000,1040.090000,671.130000
NaN,NaN,1048.160000,600.990000,1040.090000,671.120000
NaN,NaN,1048.160000,601.010000,1040.090000,671.130000
NaN,NaN,1048.160000,601.030000,1040.090000,671.130000
NaN,NaN,1048.150000,601.090000,1040.090000,671.120000
NaN,NaN,1048.150000,601.110000,1040.080000,671.120000
NaN,NaN,1048.150000,601.120000,1040.080000,671.120000
NaN,NaN,1048.160000,601.140000,1040.070000,671.110000
NaN,NaN,1048.150000,601.170000,1040.070000,671.110000
NaN,NaN,1048.150000,601.210000,1040.080000,671.110000
NaN,NaN,1048.140000,601.240000,1040.100000,671.090000
NaN,NaN,1048.150000,601.270000,1040.100000,671.080000
NaN,NaN,1048.140000,601.300000,1040.090000,671.090000
NaN,NaN,1048.130000,601.330000,1040.090000,671.080000
NaN,NaN,1048.130000,601.360000,1040.090000,671.090000
NaN,NaN,1048.120000,601.410000,1040.090000,671.080000
NaN,NaN,1048.130000,601.440000,1040.090000,671.080000
NaN,NaN,1048.130000,601.530000,1040.090000,671.080000
NaN,NaN,1048.150000,601.870000,1040.090000,671.070000
NaN,NaN,1048.160000,601.920000,1040.090000,671.080000
NaN,NaN,1048.150000,601.940000,1040.090000,671.090000
NaN,NaN,1048.150000,601.960000,1040.080000,671.080000
NaN,NaN,1048.140000,602.000000,1040.090000,671.080000
NaN,NaN,1048.150000,602.030000,1040.100000,671.080000
NaN,NaN,1048.140000,602.070000,1040.110000,671.070000
NaN,NaN,1048.140000,602.090000,1040.110000,671.060000
NaN,NaN,1048.150000,602.140000,1040.110000,671.060000
NaN,NaN,1048.140000,602.180000,1040.100000,671.080000
NaN,NaN,1048.130000,602.220000,1040.100000,671.070000
NaN,NaN,1048.130000,602.260000,1040.110000,671.050000
NaN,NaN,1048.130000,602.300000,1040.110000,671.050000
NaN,NaN,1048.140000,602.340000,1040.110000,671.050000
NaN,NaN,1048.150000,602.390000,1040.110000,671.050000
NaN,NaN,1048.140000,602.430000,1040.110000,671.050000
NaN,NaN,1048.150000,602.570000,1040.090000,671.030000
NaN,NaN,1048.160000,602.880000,1040.100000,671.030000
NaN,NaN,1048.160000,602.910000,1040.100000,671.030000
NaN,NaN,1048.170000,602.940000,1040.100000,671.040000
NaN,NaN,1048.160000,602.970000,1040.110000,671.030000
NaN,NaN,1048.170000,603.010000,1040.120000,671.020000
NaN,NaN,1048.170000,603.040000,1040.110000,671.020000
NaN,NaN,1048.170000,603.070000,1040.120000,671.030000
NaN,NaN,1048.160000,603.120000,1040.120000,671.030000
NaN,NaN,1048.160000,603.160000,1040.120000,671.030000
NaN,NaN,1048.160000,603.190000,1040.120000,671.030000
NaN,NaN,1048.160000,603.230000,1040.120000,671.020000
NaN,NaN,1048.160000,603.280000,1040.120000,671.030000
NaN,NaN,1048.170000,603.330000,1040.120000,671.030000
NaN,NaN,1048.170000,603.380000,1040.120000,671.020000
NaN,NaN,1048.170000,603.530000,1040.110000,671.020000
NaN,NaN,1048.180000,603.860000,1040.100000,671.030000
NaN,NaN,1048.180000,603.910000,1040.110000,671.020000
NaN,NaN,1048.190000,603.950000,1040.100000,671.020000
NaN,NaN,1048.190000,604.000000,1040.120000,671.020000
NaN,NaN,1048.190000,604.030000,1040.110000,671.010000
NaN,NaN,1048.200000,604.080000,1040.100000,671.000000
NaN,NaN,1048.200000,604.130000,1040.110000,671.000000
NaN,NaN,1048.200000,604.180000,1040.110000,671.000000
NaN,NaN,1048.210000,604.250000,1040.110000,670.990000
NaN,NaN,1048.210000,604.310000,1040.110000,670.990000
NaN,NaN,1048.220000,604.370000,1040.130000,670.980000
NaN,NaN,1048.220000,604.430000,1040.130000,670.980000
NaN,NaN,1048.230000,604.520000,1040.130000,670.980000
NaN,NaN,1048.230000,604.860000,1040.130000,670.980000
NaN,NaN,1048.240000,604.950000,1040.140000,670.980000
NaN,NaN,1048.240000,604.980000,1040.140000,670.980000
NaN,NaN,1048.260000,605.040000,1040.150000,670.960000
NaN,NaN,1048.250000,605.080000,1040.140000,670.960000
NaN,NaN,1048.260000,605.130000,1040.140000,670.970000
NaN,NaN,1048.250000,605.180000,1040.140000,670.960000
NaN,NaN,1048.260000,605.260000,1040.140000,670.960000
NaN,NaN,1048.260000,605.330000,1040.140000,670.970000
NaN,NaN,1048.270000,605.420000,1040.140000,670.960000
NaN,NaN,1048.280000,605.870000,1040.140000,670.960000
NaN,NaN,1048.290000,605.930000,1040.150000,670.950000
NaN,NaN,1048.300000,606.010000,1040.140000,670.950000
NaN,NaN,1048.300000,606.090000,1040.150000,670.950000
NaN,NaN,1048.320000,606.170000,1040.150000,670.950000
NaN,NaN,1048.340000,606.240000,1040.140000,670.950000
NaN,NaN,1048.330000,606.370000,1040.130000,670.910000
NaN,NaN,1048.350000,606.450000,1040.130000,670.920000
NaN,NaN,1048.360000,606.880000,1040.130000,670.920000
NaN,NaN,1048.380000,606.960000,1040.130000,670.920000
NaN,NaN,1048.410000,607.020000,1040.140000,670.910000
NaN,NaN,1048.410000,607.090000,1040.140000,670.920000
NaN,NaN,1048.410000,607.160000,1040.140000,670.920000
NaN,NaN,1048.400000,607.240000,1040.150000,670.920000
NaN,NaN,1048.430000,607.340000,1040.150000,670.920000
NaN,NaN,1048.440000,607.460000,1040.150000,670.920000
NaN,NaN,1048.450000,607.890000,1040.150000,670.920000
NaN,NaN,1048.460000,607.970000,1040.150000,670.920000
NaN,NaN,1048.470000,608.050000,1040.160000,670.920000
NaN,NaN,1048.510000,608.130000,1040.160000,670.910000
NaN,NaN,1048.790000,608.210000,1040.160000,670.910000
NaN,NaN,1048.790000,608.360000,1040.150000,670.900000
NaN,NaN,1048.780000,608.420000,1040.160000,670.910000
NaN,NaN,1048.790000,608.560000,1040.170000,670.900000
NaN,NaN,1048.790000,608.960000,1040.170000,670.900000
NaN,NaN,1048.780000,609.050000,1040.170000,670.900000
NaN,NaN,1048.790000,609.120000,1040.170000,670.900000
NaN,NaN,1048.800000,609.220000,1040.160000,670.900000
NaN,NaN,1048.820000,609.350000,1040.160000,670.890000
NaN,NaN,1048.810000,609.450000,1040.170000,670.880000
NaN,NaN,1048.820000,609.900000,1040.160000,670.880000
NaN,NaN,1048.830000,609.980000,1040.160000,670.890000
NaN,NaN,1048.830000,610.060000,1040.160000,670.890000
NaN,NaN,1048.840000,610.160000,1040.160000,670.880000
NaN,NaN,1048.840000,610.260000,1040.170000,670.860000
NaN,NaN,1048.850000,610.380000,1040.160000,670.880000
NaN,NaN,1048.850000,610.580000,1040.170000,670.870000
NaN,NaN,1048.820000,610.950000,1040.170000,670.870000
NaN,NaN,1048.830000,611.050000,1040.170000,670.860000
NaN,NaN,1048.840000,611.130000,1040.160000,670.860000
NaN,NaN,1048.830000,611.230000,1040.170000,670.850000
NaN,NaN,1048.820000,611.340000,1040.160000,670.860000
NaN,NaN,1048.820000,611.490000,1040.170000,670.860000
NaN,NaN,1048.810000,611.930000,1040.170000,670.850000
NaN,NaN,1048.810000,612.020000,1040.180000,670.860000
NaN,NaN,1048.810000,612.110000,1040.180000,670.860000
NaN,NaN,1048.800000,612.230000,1040.180000,670.860000
NaN,NaN,1048.800000,612.350000,1040.180000,670.860000
NaN,NaN,1048.800000,612.550000,1040.170000,670.860000
NaN,NaN,1048.750000,612.950000,1040.190000,670.860000
NaN,NaN,1048.750000,613.080000,1040.190000,670.880000
NaN,NaN,1048.740000,613.200000,1040.180000,670.870000
NaN,NaN,1048.740000,613.300000,1040.170000,670.860000
NaN,NaN,1048.740000,613.450000,1040.180000,670.860000
NaN,NaN,1048.700000,613.920000,1040.180000,670.860000
NaN,NaN,1048.710000,614.030000,1040.180000,670.850000
NaN,NaN,1048.690000,614.130000,1040.180000,670.860000
NaN,NaN,1048.680000,614.280000,1040.190000,670.850000
NaN,NaN,1048.670000,614.400000,1040.190000,670.850000
NaN,NaN,1048.600000,614.920000,1040.200000,670.850000
NaN,NaN,1048.600000,615.020000,1040.190000,670.850000
NaN,NaN,1048.580000,615.120000,1040.190000,670.840000
NaN,NaN,1048.570000,615.250000,1040.200000,670.850000
NaN,NaN,1048.560000,615.410000,1040.200000,670.840000
NaN,NaN,1048.460000,615.950000,1040.210000,670.830000
NaN,NaN,1048.190000,616.050000,1040.200000,670.830000
NaN,NaN,1048.170000,616.210000,1040.210000,670.810000
NaN,NaN,1048.170000,616.330000,1040.200000,670.810000
NaN,NaN,1048.130000,616.580000,1040.210000,670.820000
NaN,NaN,1048.100000,616.970000,1040.210000,670.830000
NaN,NaN,1048.080000,617.080000,1040.220000,670.810000
NaN,NaN,1048.070000,617.200000,1040.210000,670.830000
NaN,NaN,1048.060000,617.390000,1040.210000,670.820000
NaN,NaN,1048.000000,617.930000,1040.210000,670.820000
NaN,NaN,1048.000000,618.070000,1040.220000,670.820000
NaN,NaN,1047.980000,618.200000,1040.220000,670.820000
NaN,NaN,1047.960000,618.420000,1040.210000,670.830000
NaN,NaN,1047.940000,618.920000,1040.210000,670.820000
NaN,NaN,1047.920000,619.050000,1040.200000,670.830000
NaN,NaN,1047.920000,619.170000,1040.210000,670.820000
NaN,NaN,1047.900000,619.420000,1040.200000,670.820000
NaN,NaN,1047.850000,619.930000,1040.200000,670.830000
NaN,NaN,1047.870000,620.040000,1040.190000,670.830000
NaN,NaN,1047.850000,620.190000,1040.190000,670.850000
NaN,NaN,1047.830000,620.360000,1040.200000,670.830000
NaN,NaN,1047.790000,620.930000,1040.210000,670.830000
NaN,NaN,1047.790000,621.050000,1040.200000,670.820000
NaN,NaN,1047.800000,621.190000,1040.210000,670.810000
NaN,NaN,1047.770000,621.390000,1040.200000,670.830000
NaN,NaN,1047.740000,621.920000,1040.210000,670.830000
NaN,NaN,1047.750000,622.070000,1040.190000,670.830000
NaN,NaN,1047.750000,622.190000,1040.210000,670.830000
NaN,NaN,1047.750000,622.470000,1040.210000,670.850000
NaN,NaN,1047.710000,622.960000,1040.210000,670.830000
NaN,NaN,1047.770000,623.090000,1040.220000,670.830000
NaN,NaN,1047.800000,623.350000,1040.220000,670.830000
NaN,NaN,1047.750000,623.920000,1040.200000,670.830000
NaN,NaN,1047.780000,624.110000,1040.210000,670.830000
NaN,NaN,1047.800000,624.320000,1040.210000,670.830000
NaN,NaN,1047.780000,624.890000,1040.210000,670.820000
NaN,NaN,1047.800000,625.050000,1040.210000,670.830000
NaN,NaN,1047.840000,625.230000,1040.210000,670.830000
NaN,NaN,1047.880000,625.470000,1040.210000,670.830000
NaN,NaN,1047.880000,625.970000,1040.210000,670.850000
NaN,NaN,1047.910000,626.140000,1040.220000,670.820000
NaN,NaN,1047.960000,626.320000,1040.220000,670.830000
NaN,NaN,1047.930000,626.870000,1040.210000,670.840000
NaN,NaN,1047.980000,627.000000,1040.210000,670.840000
NaN,NaN,1048.020000,627.130000,1040.220000,670.830000
NaN,NaN,1048.090000,627.300000,1040.220000,670.840000
NaN,NaN,1048.110000,627.540000,1040.210000,670.840000
NaN,NaN,1048.190000,628.070000,1040.190000,670.850000
NaN,NaN,1048.200000,628.690000,1040.190000,670.860000
NaN,NaN,1048.260000,628.820000,1040.200000,670.850000
NaN,NaN,1048.360000,628.970000,1040.210000,670.850000
NaN,NaN,1048.450000,629.120000,1040.200000,670.850000
NaN,NaN,1048.820000,629.190000,1040.210000,670.850000
NaN,NaN,1048.910000,629.380000,1040.210000,670.850000
NaN,NaN,1048.960000,629.930000,1040.200000,670.840000
NaN,NaN,1049.070000,630.060000,1040.200000,670.840000
NaN,NaN,1049.110000,630.220000,1040.200000,670.840000
NaN,NaN,1049.150000,630.360000,1040.190000,670.840000
NaN,NaN,1049.260000,631.040000,1040.200000,670.830000
NaN,NaN,1049.320000,631.750000,1040.210000,670.830000
NaN,NaN,1049.410000,631.890000,1040.220000,670.830000
NaN,NaN,1050.069052,633.134793,1040.200000,670.830000
NaN,NaN,1050.069052,633.134793,1040.200000,670.830000
NaN,NaN,1050.069052,633.134793,1040.190000,670.840000
NaN,NaN,1050.069052,633.841857,1040.190000,670.840000
NaN,NaN,1050.069052,633.841857,1040.180000,670.840000
NaN,NaN,1050.069052,634.195389,1040.180000,670.850000
NaN,NaN,1050.069052,634.902453,1040.190000,670.840000
1051.155393,635.462989,1050.069052,635.255985,1040.180000,670.840000
1050.843245,636.737141,1050.069052,635.255985,1040.180000,670.840000
1050.843245,638.966906,1050.069052,635.609516,1040.180000,670.840000
1049.906803,639.603982,1050.069052,637.023644,1040.180000,670.830000
1050.218950,639.922520,1050.069052,637.730708,1040.190000,670.820000
1049.906803,642.152286,1050.069052,638.437771,1040.190000,670.830000
1049.906803,643.426438,1050.069052,639.144835,1040.200000,670.830000
1049.906803,644.700590,1050.069052,639.144835,1040.200000,670.840000
1049.906803,644.700590,1050.069052,639.144835,1040.200000,670.840000
1049.906803,644.700590,1050.069052,639.144835,1040.190000,670.840000
1049.906803,644.700590,1050.069052,639.144835,1040.200000,670.840000
1049.906803,647.567431,1050.069052,639.144835,1040.210000,670.850000
1049.594655,650.752811,1050.069052,639.144835,1040.210000,670.840000
1047.721770,658.716260,1050.069052,639.144835,1040.200000,670.830000
1046.161032,663.812867,1050.069052,639.144835,1040.210000,670.830000
1045.224589,664.449943,1050.069052,639.144835,1040.180000,670.850000
1044.288147,667.635323,1050.069052,639.144835,1040.200000,670.870000
1043.663852,669.546551,1050.069052,639.144835,1040.180000,670.970000
1041.790967,672.094854,1050.069052,639.144835,1040.160000,671.170000
1041.790967,674.006082,1050.069052,639.144835,1040.190000,671.470000
1041.408067,675.558619,1050.069052,639.144835,1040.150000,672.240000
1040.715188,677.326278,1050.069052,639.144835,1040.190000,673.860000
1040.715188,679.801001,1050.069052,639.144835,1040.070000,674.940000
1040.715188,680.154533,1050.069052,639.144835,1040.160000,675.420000
1040.715188,681.215129,1050.069052,639.144835,1039.675870,675.558619
1040.715188,682.982788,1050.069052,639.144835,1039.675870,675.558619
1040.715188,682.982788,1050.069052,639.144835,1039.675870,675.558619
1040.715188,682.982788,1050.069052,639.144835,1039.675870,675.912150
1040.715188,682.982788,1050.069052,639.144835,1038.982991,676.619214
1043.833143,681.922192,1050.069052,639.144835,1038.636552,677.326278
1043.833143,681.568660,1050.069052,639.144835,1038.636552,677.326278
1043.833143,680.861597,1050.069052,639.144835,1038.636552,677.326278
1043.833143,679.801001,1050.069052,639.144835,1038.636552,677.326278
1043.833143,677.679810,1050.069052,639.144835,1038.636552,677.326278
1043.833143,677.326278,1050.069052,639.144835,1038.636552,676.265682
1043.833143,677.326278,1050.069052,639.144835,1038.636552,674.851555
1043.833143,676.972746,1050.069052,639.144835,1038.636552,674.144491
1044.179582,675.912150,1050.069052,639.144835,1038.636552,673.437427
1044.179582,675.912150,1050.069052,639.144835,1038.636552,673.437427
1044.179582,675.912150,1050.069052,639.144835,1038.636552,673.437427
1044.179582,675.205087,1050.069052,639.144835,1038.636552,673.437427
1044.179582,675.205087,1050.069052,639.144835,1038.636552,673.437427
1044.179582,675.205087,1050.069052,639.851899,1038.636552,673.437427
1044.179582,675.912150,1050.069052,639.851899,1038.636552,673.437427
1044.179582,675.912150,1050.069052,641.266026,1038.636552,673.437427
1044.179582,677.326278,1050.069052,641.266026,1038.290112,673.790959
1044.179582,677.326278,1050.069052,641.973090,1038.290112,673.790959
1044.179582,678.386874,1050.069052,642.326622,1037.943673,674.498023
1044.179582,678.386874,1050.069052,642.326622,1037.250794,675.205087
1044.179582,678.386874,1050.069052,642.680154,1037.250794,675.205087
1044.179582,678.033342,1050.069052,642.680154,1037.250794,675.205087
1044.179582,677.679810,1050.069052,642.680154,1037.250794,675.205087
1044.179582,677.326278,1050.069052,642.680154,1036.904355,675.558619
1044.526022,676.619214,1050.069052,642.680154,1036.904355,675.558619
1044.526022,676.619214,1050.069052,642.680154,1036.904355,675.558619
1044.526022,676.619214,1050.069052,642.680154,1036.904355,675.558619
1044.526022,676.619214,1050.069052,642.680154,1036.904355,675.558619
1044.526022,676.619214,1050.069052,642.680154,1036.904355,675.558619
1044.526022,676.619214,1050.069052,642.680154,1036.904355,675.558619
1044.526022,676.619214,1050.069052,642.680154,1036.904355,675.558619
1044.526022,676.619214,1050.069052,642.680154,1036.904355,675.558619
1044.526022,676.619214,1050.069052,642.680154,1036.904355,675.558619
1044.526022,676.619214,1050.069052,642.680154,1036.904355,675.558619
1044.526022,676.619214,1050.069052,642.680154,1036.904355,675.558619
1044.526022,676.619214,1050.069052,642.680154,1036.904355,675.558619
1044.526022,676.619214,1050.069052,642.680154,1036.904355,675.558619
1044.526022,676.619214,1050.069052,642.680154,1036.904355,675.558619
1044.526022,676.619214,1050.069052,642.680154,1036.904355,675.558619
1044.526022,676.619214,1050.069052,642.680154,1036.904355,675.558619
1044.526022,676.619214,1050.069052,642.680154,1036.904355,675.558619
1044.526022,676.619214,1050.069052,642.680154,1036.904355,675.558619
1044.526022,676.619214,1050.069052,642.680154,1036.904355,675.558619
1044.526022,676.619214,1050.069052,642.680154,1036.904355,675.558619
1044.526022,676.619214,1050.069052,642.680154,1036.904355,675.558619
1044.526022,676.619214,1050.069052,642.680154,1036.904355,675.558619
1044.526022,676.619214,1050.069052,642.680154,1036.904355,675.558619
1044.526022,676.619214,1050.069052,643.387218,1036.904355,675.558619
1044.526022,676.619214,1050.069052,644.094281,1036.904355,675.558619
1044.526022,676.619214,1050.069052,644.094281,1036.904355,675.558619
1044.526022,676.619214,1050.069052,644.094281,1036.904355,675.558619
1044.526022,676.619214,1050.069052,644.094281,1036.904355,675.558619
1044.526022,676.619214,1050.069052,644.094281,1036.904355,675.558619
1044.526022,676.619214,1050.069052,644.094281,1036.904355,675.558619
1044.526022,676.619214,1050.069052,644.094281,1036.904355,675.558619
1044.526022,676.619214,1050.069052,644.094281,1036.904355,675.558619
1044.526022,676.619214,1050.069052,644.094281,1036.904355,675.558619
1044.526022,676.619214,1050.069052,644.094281,1036.904355,675.558619
1043.833143,675.912150,1050.069052,644.094281,1036.904355,675.558619
1043.833143,675.912150,1050.069052,644.094281,1036.904355,675.558619
1043.833143,675.912150,1050.069052,644.094281,1036.904355,675.558619
1043.833143,675.912150,1050.069052,644.094281,1036.904355,675.558619
1043.833143,675.912150,1050.069052,644.094281,1036.904355,675.558619
1043.833143,675.912150,1050.069052,644.094281,1036.904355,675.558619
1043.833143,675.558619,1050.069052,644.094281,1036.904355,675.558619
1043.833143,674.498023,1050.069052,644.094281,1036.904355,675.558619
1043.833143,674.498023,1050.069052,644.094281,1036.904355,675.558619
1043.833143,674.498023,1050.069052,644.094281,1036.904355,675.558619
1043.833143,674.498023,1050.069052,644.094281,1036.904355,675.558619
1043.833143,674.144491,1050.069052,644.094281,1036.904355,675.558619
1043.486703,672.730363,1050.069052,644.094281,1036.904355,675.558619
1043.486703,672.023300,1050.069052,644.094281,1036.904355,675.558619
1043.486703,672.023300,1050.069052,644.094281,1036.904355,675.558619
1043.486703,671.316236,1050.069052,644.094281,1036.904355,675.558619
1043.486703,671.316236,1050.069052,644.094281,1036.904355,675.558619
1043.486703,671.316236,1050.069052,644.094281,1036.904355,675.558619
1043.486703,671.316236,1050.069052,644.094281,1036.904355,675.558619
1043.486703,671.316236,1050.069052,644.094281,1036.904355,675.558619
1043.486703,671.316236,1050.069052,644.094281,1036.904355,675.558619
1043.486703,670.609172,1050.069052,644.094281,1036.904355,675.205087
1043.833143,670.255640,1050.069052,644.094281,1036.904355,673.790959
1043.833143,670.255640,1050.069052,644.094281,1036.904355,673.790959
1043.833143,669.902108,1050.069052,644.094281,1036.904355,673.790959
1043.833143,668.487981,1050.069052,644.094281,1038.290112,672.730363
1043.833143,668.487981,1050.069052,644.094281,1038.636552,672.376832
1044.526022,668.134449,1050.069052,644.094281,1038.982991,672.023300
1044.526022,668.134449,1050.069052,644.094281,1039.329430,671.316236
1044.526022,667.780917,1050.069052,644.094281,1039.675870,670.962704
1044.526022,667.073853,1050.069052,644.094281,1040.368749,669.548577
1044.526022,667.073853,1050.069052,644.094281,1040.715188,668.841513
1044.526022,666.013258,1050.069052,644.094281,1040.715188,668.487981
1044.526022,666.013258,1050.069052,644.094281,1041.754506,667.427385
1044.526022,666.013258,1050.069052,644.094281,1042.100946,666.366790
1044.526022,665.659726,1050.069052,644.094281,1042.100946,665.659726
1044.872461,665.306194,1050.069052,644.094281,1042.100946,665.306194
1044.872461,664.952662,1050.069052,644.094281,1042.100946,665.306194
1044.872461,663.892067,1050.069052,644.094281,1042.100946,663.892067
1045.218901,663.538535,1050.069052,644.094281,1042.447385,663.538535
1045.218901,662.831471,1050.069052,644.094281,1042.793825,662.831471
1045.565340,662.831471,1050.069052,644.094281,1042.793825,662.831471
1045.911779,662.124407,1050.069052,644.094281,1042.793825,661.770875
1046.258219,661.770875,1050.069052,644.094281,1042.793825,661.417343
1046.258219,661.063812,1050.069052,644.094281,1042.793825,661.063812
1046.951098,660.356748,1050.069052,644.094281,1042.793825,661.063812
1046.604658,660.356748,1050.069052,644.094281,1042.793825,660.710280
1046.604658,660.356748,1050.069052,644.094281,1043.140264,660.356748
1046.604658,659.296152,1050.069052,644.094281,1043.140264,660.003216
1046.604658,659.296152,1050.069052,644.094281,1043.140264,659.649684
1046.604658,659.296152,1050.069052,644.094281,1043.140264,657.528493
1046.951098,658.589088,1050.069052,644.094281,1043.140264,657.528493
1046.951098,657.882025,1050.069052,644.094281,1043.140264,657.528493
1046.951098,657.882025,1050.069052,644.094281,1043.140264,657.528493
1047.297537,657.174961,1050.069052,644.094281,1043.140264,657.528493
1047.297537,656.114365,1050.069052,644.094281,1043.140264,657.528493
1047.297537,656.114365,1050.069052,644.094281,1043.140264,657.174961
1047.297537,656.114365,1050.069052,644.094281,1043.140264,657.174961
1047.297537,656.114365,1050.069052,644.094281,1043.140264,656.821429
1047.297537,655.053770,1050.069052,644.094281,1043.140264,656.114365
1047.297537,655.053770,1050.069052,644.094281,1043.140264,656.114365
1047.297537,655.053770,1050.069052,644.094281,1043.140264,655.407302
1047.297537,655.053770,1050.069052,644.094281,1043.140264,655.053770
1047.297537,654.346706,1050.069052,644.094281,1043.140264,655.053770
1047.297537,654.346706,1050.069052,644.094281,1043.140264,654.700238
1047.297537,654.346706,1050.069052,644.094281,1043.833143,652.932578
1047.297537,654.346706,1050.069052,644.094281,1043.833143,652.932578
1047.297537,654.346706,1050.069052,644.094281,1044.179582,652.932578
1047.297537,654.346706,1050.069052,644.094281,1044.526022,652.579047
1047.990416,651.871983,1050.069052,644.094281,1044.526022,652.225515
1047.990416,651.871983,1050.069052,644.094281,1044.526022,651.518451
1047.990416,651.871983,1050.069052,644.094281,1044.526022,651.164919
1048.336855,651.518451,1050.069052,644.094281,1044.526022,651.164919
1048.336855,651.518451,1050.069052,644.094281,1044.526022,651.164919
1048.336855,651.518451,1050.069052,644.094281,1044.526022,651.164919
1048.336855,650.811387,1050.069052,644.094281,1044.526022,651.164919
1048.336855,650.457855,1050.069052,644.094281,1044.526022,650.104323
1048.336855,650.457855,1050.069052,644.094281,1044.526022,650.104323
1048.336855,649.397260,1050.069052,644.094281,1044.526022,650.104323
1048.336855,649.397260,1050.069052,644.094281,1044.872461,649.750792
1048.336855,649.397260,1050.069052,644.094281,1042.793825,650.457855
1048.336855,649.397260,1050.069052,644.094281,1042.793825,650.457855
1048.336855,649.043728,1050.069052,644.094281,1042.793825,650.457855
1048.683295,647.983132,1050.069052,644.094281,1042.793825,650.457855
1048.683295,647.983132,1050.069052,644.094281,1042.793825,650.457855
1048.683295,647.276068,1050.069052,644.094281,1043.833143,648.690196
1048.683295,647.276068,1050.069052,644.094281,1043.833143,647.983132
1048.683295,647.276068,1050.069052,644.094281,1043.833143,647.983132
1048.683295,647.276068,1050.069052,644.094281,1043.833143,646.922536
1048.683295,647.276068,1050.069052,644.094281,1043.833143,646.922536
1048.683295,647.276068,1050.069052,644.094281,1043.833143,646.922536
1048.683295,647.276068,1050.069052,644.094281,1043.833143,646.922536
1048.683295,647.276068,1050.069052,644.094281,1043.833143,646.922536
1048.683295,647.276068,1050.069052,644.094281,1043.833143,645.861941
1049.722613,647.276068,1050.069052,644.094281,1043.833143,645.861941
1049.722613,647.276068,1050.069052,644.094281,1043.833143,645.861941
1049.722613,647.276068,1050.069052,644.094281,1043.833143,645.508409
1049.722613,647.276068,1050.069052,644.094281,1043.833143,645.508409
1049.722613,647.276068,1050.069052,644.094281,1043.833143,645.508409
1049.722613,647.276068,1050.069052,644.094281,1043.833143,645.508409
1049.722613,646.922536,1050.069052,644.094281,1043.833143,645.508409
1049.722613,646.922536,1050.069052,644.094281,1043.833143,645.508409
1049.722613,646.569005,1050.069052,644.094281,1043.833143,645.508409
1049.722613,646.215473,1050.069052,644.094281,1044.179582,644.094281
1049.722613,646.215473,1050.069052,644.094281,1044.526022,644.094281
1049.722613,646.215473,1050.069052,644.094281,1044.526022,643.387218
1049.722613,644.801345,1050.069052,644.094281,1044.526022,643.387218
1049.722613,644.801345,1050.069052,644.094281,1044.526022,643.033686
1049.722613,644.801345,1050.069052,644.094281,1044.526022,642.326622
1049.722613,644.801345,1050.069052,644.094281,1044.526022,641.973090
1049.722613,644.801345,1050.069052,644.094281,1044.526022,641.619558
1049.722613,644.801345,1050.069052,644.094281,1044.526022,641.619558
1049.722613,644.801345,1050.069052,644.094281,1044.526022,640.912495
1049.722613,644.801345,1050.069052,644.094281,1044.526022,640.912495
1049.722613,644.801345,1050.069052,644.094281,1044.526022,640.912495
1049.722613,644.801345,1050.069052,644.094281,1044.526022,640.912495
1049.722613,644.801345,1050.069052,643.033686,1044.526022,640.912495
1049.722613,644.801345,1050.069052,643.033686,1044.526022,640.912495
1049.722613,644.801345,1050.069052,643.033686,1044.526022,640.912495
1049.722613,644.447813,1050.069052,643.033686,1044.526022,640.912495
1049.722613,643.740750,1050.069052,643.033686,1044.872461,639.144835
1049.376174,643.033686,1050.069052,643.033686,1044.872461,639.144835
1049.376174,643.033686,1050.069052,643.033686,1045.218901,638.437771
1049.376174,643.033686,1050.069052,643.033686,1045.565340,637.730708
1049.376174,643.033686,1050.069052,643.033686,1045.911779,637.377176
1049.376174,643.033686,1050.069052,643.033686,1045.911779,637.023644
1049.376174,643.033686,1050.069052,643.033686,1046.258219,636.670112
1049.376174,643.033686,1051.108371,643.387218,1046.258219,636.670112
1049.376174,643.033686,1051.108371,643.387218,1046.258219,636.670112
1049.376174,643.033686,1051.108371,643.387218,1046.258219,636.670112
1049.376174,643.033686,1051.108371,643.387218,1046.258219,636.670112
1049.376174,643.033686,1051.108371,643.387218,1046.258219,636.670112
1049.376174,643.033686,1051.108371,643.387218,1046.258219,636.670112
1049.376174,643.033686,1051.108371,643.387218,1046.258219,636.670112
1049.376174,643.033686,1051.108371,643.387218,1046.258219,636.670112
1049.376174,643.033686,1051.108371,643.387218,1046.258219,636.670112
1049.376174,643.033686,1051.108371,643.387218,1046.258219,636.670112
1049.376174,643.033686,1051.108371,643.387218,1046.258219,636.670112
1049.376174,643.033686,1051.108371,643.387218,1046.258219,636.670112
1049.376174,643.033686,1051.108371,643.387218,1046.258219,635.609516
1049.376174,643.033686,1051.108371,643.387218,1046.258219,635.609516
1049.376174,643.033686,1051.108371,643.387218,1046.258219,635.609516
1049.376174,643.033686,1051.108371,643.387218,1046.258219,635.609516
1049.376174,643.033686,1051.108371,643.387218,1046.258219,635.609516
1049.376174,643.033686,1051.108371,643.387218,1046.258219,635.609516
1049.376174,643.033686,1051.108371,643.387218,1046.258219,635.609516
1049.376174,643.033686,1051.108371,643.387218,1046.258219,635.609516
1049.376174,643.033686,1051.108371,643.387218,1046.258219,635.609516
1049.376174,643.033686,1051.108371,643.387218,1046.258219,635.609516
1049.376174,643.033686,1051.108371,643.387218,1046.258219,635.609516
1049.376174,643.033686,1051.108371,643.387218,1046.258219,635.609516
1049.376174,643.033686,1051.108371,643.387218,1046.258219,635.609516
1049.376174,643.033686,1049.722613,644.801345,1046.258219,635.609516
1049.376174,643.033686,1049.722613,644.801345,1046.258219,635.609516
1049.376174,643.033686,1049.722613,644.801345,1046.258219,635.609516
1049.376174,643.033686,1049.722613,644.801345,1046.258219,635.609516
1049.376174,643.033686,1049.722613,644.801345,1046.258219,635.609516
1049.376174,643.033686,1049.722613,644.801345,1046.258219,635.609516
1049.376174,643.033686,1049.722613,644.801345,1046.258219,635.609516
1049.376174,643.033686,1049.722613,644.801345,1046.258219,635.609516
1049.376174,643.033686,1049.722613,644.801345,1046.258219,635.609516
1049.376174,643.033686,1049.722613,644.801345,1046.258219,635.609516
1049.376174,643.033686,1049.722613,644.801345,1046.258219,635.609516
1049.376174,643.033686,1049.722613,644.801345,1046.258219,635.609516
1049.376174,643.033686,1049.722613,644.801345,1046.258219,635.609516
1049.376174,643.033686,1049.722613,644.801345,1046.258219,635.609516
1049.376174,643.033686,1049.722613,644.801345,1046.258219,635.609516
1049.376174,643.033686,1049.722613,644.801345,1046.258219,635.609516
1049.376174,643.033686,1049.722613,644.801345,1046.258219,635.609516
1049.376174,643.033686,1049.722613,644.801345,1046.258219,635.609516
1049.376174,643.033686,1049.722613,644.801345,1046.258219,635.609516
1049.376174,643.033686,1049.722613,644.801345,1046.258219,635.609516
1049.376174,643.033686,1049.722613,644.801345,1046.258219,635.609516
1049.376174,643.033686,1049.722613,644.801345,1046.258219,635.609516
1049.376174,643.033686,1049.722613,644.801345,1046.258219,635.609516
1049.376174,643.033686,1049.722613,644.801345,1046.258219,635.609516
1049.376174,643.033686,1049.376174,645.154877,1046.258219,635.609516
1049.376174,643.033686,1049.376174,645.154877,1046.258219,635.609516
1049.376174,643.033686,1047.990416,644.801345,1046.258219,635.609516
1049.376174,643.033686,1047.643976,644.801345,1046.258219,635.609516
1049.376174,643.033686,1047.643976,644.801345,1046.258219,635.609516
1049.376174,643.033686,1046.258219,644.801345,1046.258219,635.609516
1049.376174,643.033686,1045.911779,644.801345,1046.258219,635.609516
1049.376174,643.033686,1045.911779,644.801345,1046.258219,635.609516
1049.376174,643.033686,1045.911779,644.801345,1046.258219,635.609516
1049.376174,643.033686,1045.911779,644.801345,1046.258219,635.609516
NaN,NaN,1045.565340,644.447813,1046.258219,635.609516
NaN,NaN,1045.218901,644.094281,1046.258219,635.609516
NaN,NaN,1045.218901,644.094281,1046.258219,635.609516
NaN,NaN,1045.218901,644.094281,1046.258219,635.609516
NaN,NaN,1045.218901,644.094281,1046.258219,635.609516
NaN,NaN,1045.218901,644.094281,1046.258219,635.609516
NaN,NaN,1045.218901,644.094281,1046.258219,635.609516
NaN,NaN,1045.218901,644.094281,1046.258219,635.609516
NaN,NaN,1045.218901,644.094281,1046.258219,635.609516
NaN,NaN,1045.218901,644.094281,1046.258219,635.609516
NaN,NaN,1045.218901,644.094281,1046.258219,635.609516
NaN,NaN,1045.218901,644.094281,1046.258219,635.609516
NaN,NaN,1045.218901,644.094281,1046.258219,635.609516
NaN,NaN,1045.218901,644.094281,1046.258219,635.609516
NaN,NaN,1045.218901,644.094281,1046.258219,635.609516
NaN,NaN,1045.218901,644.094281,1046.258219,635.609516
NaN,NaN,1045.218901,644.094281,1046.258219,635.609516
NaN,NaN,1045.218901,644.094281,1046.258219,635.609516
NaN,NaN,1045.218901,644.094281,1046.258219,635.609516
NaN,NaN,1045.218901,644.094281,1046.258219,635.609516
NaN,NaN,1045.218901,644.094281,1046.258219,635.609516
NaN,NaN,1045.218901,644.094281,1046.258219,635.609516
NaN,NaN,1045.218901,644.094281,1046.258219,635.609516
NaN,NaN,1045.218901,644.094281,1046.258219,635.609516
NaN,NaN,1045.218901,643.740750,1046.258219,635.609516
NaN,NaN,1045.218901,643.740750,1046.258219,635.609516
NaN,NaN,1045.218901,643.740750,1046.258219,635.609516
NaN,NaN,1045.218901,643.740750,1046.258219,635.609516
NaN,NaN,1045.218901,643.740750,1046.258219,635.609516
NaN,NaN,1045.218901,643.740750,1046.258219,635.609516
NaN,NaN,1045.218901,643.740750,1046.258219,635.609516
NaN,NaN,1045.218901,643.740750,1046.258219,635.609516
NaN,NaN,1044.872461,643.033686,1046.258219,635.609516
NaN,NaN,1044.872461,643.033686,1046.258219,635.609516
NaN,NaN,1044.872461,643.033686,1046.258219,635.609516
NaN,NaN,1044.526022,643.033686,1046.258219,635.609516
NaN,NaN,1044.526022,643.033686,1046.258219,635.609516
NaN,NaN,1044.526022,643.033686,1046.258219,635.609516
NaN,NaN,1044.526022,643.033686,1046.258219,635.609516
NaN,NaN,1044.526022,643.033686,1046.258219,635.609516
NaN,NaN,1044.526022,643.033686,1046.258219,635.609516
NaN,NaN,1044.526022,643.033686,1046.258219,635.609516
NaN,NaN,1044.526022,643.033686,1046.258219,635.609516
NaN,NaN,1044.526022,643.033686,1046.258219,635.609516
NaN,NaN,1044.526022,643.033686,1046.258219,635.609516
NaN,NaN,1044.526022,643.033686,1046.258219,635.609516
NaN,NaN,1044.526022,643.033686,1046.258219,635.609516
NaN,NaN,1044.526022,643.033686,NaN,NaN
NaN,NaN,1044.526022,643.033686,NaN,NaN
NaN,NaN,1044.526022,643.033686,NaN,NaN
NaN,NaN,1044.526022,643.033686,NaN,NaN
NaN,NaN,1044.526022,643.033686,NaN,NaN
NaN,NaN,1044.526022,643.033686,NaN,NaN
NaN,NaN,1044.526022,643.033686,NaN,NaN
NaN,NaN,1044.526022,643.033686,NaN,NaN
NaN,NaN,1044.526022,643.033686,NaN,NaN
NaN,NaN,1044.526022,643.033686,NaN,NaN
NaN,NaN,1044.526022,643.033686,NaN,NaN
NaN,NaN,1044.526022,643.033686,NaN,NaN
NaN,NaN,1044.526022,643.033686,NaN,NaN
NaN,NaN,1044.526022,643.033686,NaN,NaN
NaN,NaN,1044.526022,643.033686,NaN,NaN
NaN,NaN,1044.526022,643.033686,NaN,NaN
NaN,NaN,1044.526022,643.033686,NaN,NaN
NaN,NaN,1044.526022,643.033686,NaN,NaN
NaN,NaN,1044.526022,643.033686,NaN,NaN
NaN,NaN,1044.526022,643.033686,NaN,NaN
NaN,NaN,1044.526022,643.033686,NaN,NaN
NaN,NaN,1044.526022,643.033686,NaN,NaN
NaN,NaN,1044.526022,643.033686,NaN,NaN
NaN,NaN,1044.526022,643.033686,NaN,NaN
NaN,NaN,1044.526022,643.033686,NaN,NaN
NaN,NaN,1044.526022,643.033686,NaN,NaN
NaN,NaN,1044.526022,642.326622,NaN,NaN
NaN,NaN,1044.526022,642.326622,NaN,NaN
NaN,NaN,1044.526022,642.326622,NaN,NaN
NaN,NaN,1044.526022,642.326622,NaN,NaN
NaN,NaN,1044.526022,642.326622,NaN,NaN
NaN,NaN,1044.526022,642.326622,NaN,NaN
NaN,NaN,1044.526022,642.326622,NaN,NaN
NaN,NaN,1044.526022,642.326622,NaN,NaN
NaN,NaN,1044.526022,642.326622,NaN,NaN
NaN,NaN,1044.526022,642.326622,NaN,NaN
NaN,NaN,1044.526022,642.326622,NaN,NaN
NaN,NaN,1044.526022,642.326622,NaN,NaN
NaN,NaN,1044.526022,642.326622,NaN,NaN
NaN,NaN,1044.526022,642.326622,NaN,NaN
NaN,NaN,1044.526022,642.326622,NaN,NaN
NaN,NaN,1044.526022,642.326622,NaN,NaN
NaN,NaN,1044.526022,642.326622,NaN,NaN
NaN,NaN,1044.526022,642.326622,NaN,NaN
NaN,NaN,1044.526022,642.326622,NaN,NaN
NaN,NaN,1044.526022,642.326622,NaN,NaN
NaN,NaN,1044.526022,642.326622,NaN,NaN
NaN,NaN,1044.526022,642.326622,NaN,NaN
NaN,NaN,1044.526022,642.326622,NaN,NaN
NaN,NaN,1044.526022,642.326622,NaN,NaN
NaN,NaN,1044.526022,642.326622,NaN,NaN
NaN,NaN,1042.793825,641.619558,NaN,NaN
NaN,NaN,1042.793825,641.619558,NaN,NaN
NaN,NaN,1042.793825,641.619558,NaN,NaN
NaN,NaN,1042.793825,641.619558,NaN,NaN
NaN,NaN,1042.793825,641.619558,NaN,NaN
NaN,NaN,1042.793825,641.619558,NaN,NaN
NaN,NaN,1042.793825,641.619558,NaN,NaN
NaN,NaN,1042.793825,641.619558,NaN,NaN
NaN,NaN,1042.793825,641.619558,NaN,NaN
NaN,NaN,1042.793825,641.619558,NaN,NaN
NaN,NaN,1042.793825,641.619558,NaN,NaN
NaN,NaN,1043.833143,641.619558,NaN,NaN
NaN,NaN,1044.179582,641.619558,NaN,NaN
NaN,NaN,1044.179582,641.619558,NaN,NaN
NaN,NaN,1044.179582,641.619558,NaN,NaN
NaN,NaN,1044.179582,641.619558,NaN,NaN
NaN,NaN,1044.179582,641.619558,NaN,NaN
NaN,NaN,1044.179582,641.619558,NaN,NaN
NaN,NaN,1044.179582,641.619558,NaN,NaN
NaN,NaN,1044.179582,641.619558,NaN,NaN
NaN,NaN,1044.179582,641.619558,NaN,NaN
NaN,NaN,1044.179582,641.619558,NaN,NaN
NaN,NaN,1044.179582,641.619558,NaN,NaN
NaN,NaN,1044.179582,641.619558,NaN,NaN
NaN,NaN,1044.179582,641.619558,NaN,NaN
NaN,NaN,1044.179582,641.619558,NaN,NaN
NaN,NaN,1044.179582,641.619558,NaN,NaN
NaN,NaN,1044.179582,641.619558,NaN,NaN
NaN,NaN,1044.179582,641.619558,NaN,NaN
NaN,NaN,1044.179582,641.619558,NaN,NaN
NaN,NaN,1044.179582,641.619558,NaN,NaN
NaN,NaN,1044.179582,641.619558,NaN,NaN
NaN,NaN,1044.179582,641.619558,NaN,NaN
NaN,NaN,1044.179582,641.619558,NaN,NaN
NaN,NaN,1044.179582,641.619558,NaN,NaN
NaN,NaN,1044.179582,641.619558,NaN,NaN
NaN,NaN,1044.179582,641.619558,NaN,NaN
NaN,NaN,1044.179582,641.619558,NaN,NaN
NaN,NaN,1044.179582,641.619558,NaN,NaN
NaN,NaN,1044.179582,641.619558,NaN,NaN
NaN,NaN,1044.179582,641.619558,NaN,NaN
NaN,NaN,1044.179582,641.619558,NaN,NaN
NaN,NaN,1044.179582,641.619558,NaN,NaN
NaN,NaN,1044.179582,641.619558,NaN,NaN
NaN,NaN,1044.179582,641.619558,NaN,NaN
NaN,NaN,1044.179582,641.619558,NaN,NaN
NaN,NaN,1044.179582,641.619558,NaN,NaN
NaN,NaN,1044.179582,641.619558,NaN,NaN
NaN,NaN,1044.179582,641.619558,NaN,NaN
NaN,NaN,1044.179582,641.619558,NaN,NaN
NaN,NaN,1044.179582,641.619558,NaN,NaN
NaN,NaN,1044.179582,641.619558,NaN,NaN
NaN,NaN,1044.179582,641.619558,NaN,NaN
NaN,NaN,1044.179582,641.619558,NaN,NaN
NaN,NaN,1044.179582,641.619558,NaN,NaN
NaN,NaN,1044.179582,641.619558,NaN,NaN
NaN,NaN,1044.179582,641.619558,NaN,NaN
NaN,NaN,1044.179582,641.619558,NaN,NaN
NaN,NaN,1044.179582,641.619558,NaN,NaN
NaN,NaN,1044.179582,641.619558,NaN,NaN
NaN,NaN,1044.179582,641.619558,NaN,NaN
NaN,NaN,1044.179582,641.619558,NaN,NaN
NaN,NaN,1044.179582,641.619558,NaN,NaN
NaN,NaN,1044.179582,641.619558,NaN,NaN
NaN,NaN,1044.179582,641.619558,NaN,NaN
NaN,NaN,1044.179582,641.619558,NaN,NaN
NaN,NaN,1044.179582,641.619558,NaN,NaN
NaN,NaN,1044.179582,641.619558,NaN,NaN
NaN,NaN,1044.179582,641.619558,NaN,NaN
NaN,NaN,1044.179582,641.619558,NaN,NaN
NaN,NaN,1044.179582,641.619558,NaN,NaN
NaN,NaN,1044.179582,641.619558,NaN,NaN
NaN,NaN,1044.179582,641.619558,NaN,NaN
NaN,NaN,1044.179582,641.619558,NaN,NaN
NaN,NaN,1044.179582,641.619558,NaN,NaN
NaN,NaN,1044.179582,641.619558,NaN,NaN
NaN,NaN,1044.179582,641.619558,NaN,NaN
NaN,NaN,1044.179582,641.619558,NaN,NaN
NaN,NaN,1044.179582,641.619558,NaN,NaN
NaN,NaN,1044.179582,641.619558,NaN,NaN
NaN,NaN,1044.179582,641.619558,NaN,NaN
NaN,NaN,1044.179582,641.619558,NaN,NaN
NaN,NaN,1044.179582,641.619558,NaN,NaN
NaN,NaN,1044.179582,641.619558,NaN,NaN
NaN,NaN,1044.179582,641.619558,NaN,NaN
NaN,NaN,1044.179582,641.619558,NaN,NaN
NaN,NaN,1044.179582,641.619558,NaN,NaN
NaN,NaN,1044.179582,641.619558,NaN,NaN
NaN,NaN,1044.179582,641.619558,NaN,NaN
NaN,NaN,1044.179582,641.619558,NaN,NaN
NaN,NaN,1044.179582,641.619558,NaN,NaN
NaN,NaN,1044.179582,641.619558,NaN,NaN
NaN,NaN,1044.179582,641.619558,NaN,NaN
NaN,NaN,1044.179582,641.619558,NaN,NaN
NaN,NaN,1044.179582,641.619558,NaN,NaN
NaN,NaN,1044.179582,641.619558,NaN,NaN
NaN,NaN,1044.179582,641.619558,NaN,NaN
NaN,NaN,1044.179582,641.619558,NaN,NaN
NaN,NaN,1044.179582,641.619558,NaN,NaN
NaN,NaN,1044.179582,641.619558,NaN,NaN
NaN,NaN,1044.179582,641.619558,NaN,NaN
NaN,NaN,1044.179582,641.619558,NaN,NaN
NaN,NaN,1044.179582,641.619558,NaN,NaN
NaN,NaN,1044.179582,641.619558,NaN,NaN
NaN,NaN,1044.179582,641.619558,NaN,NaN
NaN,NaN,1044.179582,641.619558,NaN,NaN
NaN,NaN,1044.179582,641.619558,NaN,NaN
NaN,NaN,1044.179582,641.619558,NaN,NaN
NaN,NaN,1044.179582,641.619558,NaN,NaN
NaN,NaN,1044.179582,641.619558,NaN,NaN
NaN,NaN,1044.179582,641.619558,NaN,NaN
NaN,NaN,1044.179582,641.619558,NaN,NaN
NaN,NaN,1044.179582,641.619558,NaN,NaN
NaN,NaN,1044.179582,641.619558,NaN,NaN
NaN,NaN,1044.179582,641.619558,NaN,NaN
NaN,NaN,1044.179582,641.619558,NaN,NaN
NaN,NaN,1044.179582,641.619558,NaN,NaN
NaN,NaN,1044.179582,641.619558,NaN,NaN
NaN,NaN,1044.179582,641.619558,NaN,NaN
NaN,NaN,1044.179582,641.619558,NaN,NaN
NaN,NaN,NaN,NaN,NaN,NaN
NaN,NaN,NaN,NaN,NaN,NaN
NaN,NaN,NaN,NaN,NaN,NaN
NaN,NaN,NaN,NaN,NaN,NaN
NaN,NaN,NaN,NaN,NaN,NaN
NaN,NaN,NaN,NaN,NaN,NaN
NaN,NaN,NaN,NaN,NaN,NaN
NaN,NaN,NaN,NaN,NaN,NaN
NaN,NaN,NaN,NaN,NaN,NaN
NaN,NaN,NaN,NaN,NaN,NaN
NaN,NaN,NaN,NaN,NaN,NaN
NaN,NaN,NaN,NaN,NaN,NaN
NaN,NaN,NaN,NaN,NaN,NaN
NaN,NaN,NaN,NaN,NaN,NaN
NaN,NaN,NaN,NaN,NaN,NaN
NaN,NaN,NaN,NaN,NaN,NaN
NaN,NaN,NaN,NaN,NaN,NaN
NaN,NaN,NaN,NaN,NaN,NaN
NaN,NaN,NaN,NaN,NaN,NaN
NaN,NaN,NaN,NaN,NaN,NaN
NaN,NaN,NaN,NaN,NaN,NaN
NaN,NaN,NaN,NaN,NaN,NaN
NaN,NaN,NaN,NaN,NaN,NaN
NaN,NaN,NaN,NaN,NaN,NaN
NaN,NaN,NaN,NaN,NaN,NaN
NaN,NaN,NaN,NaN,NaN,NaN
NaN,NaN,NaN,NaN,NaN,NaN
NaN,NaN,NaN,NaN,NaN,NaN
NaN,NaN,NaN,NaN,NaN,NaN
NaN,NaN,NaN,NaN,NaN,NaN
NaN,NaN,NaN,NaN,NaN,NaN
NaN,NaN,NaN,NaN,NaN,NaN
NaN,NaN,NaN,NaN,NaN,NaN
NaN,NaN,NaN,NaN,NaN,NaN
NaN,NaN,NaN,NaN,NaN,NaN
NaN,NaN,NaN,NaN,NaN,NaN
NaN,NaN,NaN,NaN,NaN,NaN
NaN,NaN,NaN,NaN,NaN,NaN
NaN,NaN,NaN,NaN,NaN,NaN
NaN,NaN,NaN,NaN,NaN,NaN
NaN,NaN,NaN,NaN,NaN,NaN
NaN,NaN,NaN,NaN,NaN,NaN
NaN,NaN,NaN,NaN,NaN,NaN
NaN,NaN,NaN,NaN,NaN,NaN
NaN,NaN,NaN,NaN,NaN,NaN
NaN,NaN,NaN,NaN,NaN,NaN
NaN,NaN,NaN,NaN,NaN,NaN
NaN,NaN,NaN,NaN,NaN,NaN
NaN,NaN,NaN,NaN,NaN,NaN
NaN,NaN,NaN,NaN,NaN,NaN
NaN,NaN,NaN,NaN,NaN,NaN
NaN,NaN,NaN,NaN,NaN,NaN
NaN,NaN,NaN,NaN,NaN,NaN
NaN,NaN,NaN,NaN,NaN,NaN
NaN,NaN,NaN,NaN,NaN,NaN
NaN,NaN,NaN,NaN,NaN,NaN
NaN,NaN,NaN,NaN,NaN,NaN
NaN,NaN,NaN,NaN,NaN,NaN
NaN,NaN,NaN,NaN,NaN,NaN
NaN,NaN,NaN,NaN,NaN,NaN
NaN,NaN,NaN,NaN,NaN,NaN
NaN,NaN,NaN,NaN,NaN,NaN
NaN,NaN,NaN,NaN,NaN,NaN
NaN,NaN,NaN,NaN,NaN,NaN
NaN,NaN,NaN,NaN,NaN,NaN
NaN,NaN,NaN,NaN,NaN,NaN
NaN,NaN,NaN,NaN,NaN,NaN
NaN,NaN,NaN,NaN,NaN,NaN
NaN,NaN,NaN,NaN,NaN,NaN
NaN,NaN,NaN,NaN,NaN,NaN
NaN,NaN,NaN,NaN,NaN,NaN
NaN,NaN,NaN,NaN,NaN,NaN
NaN,NaN,NaN,NaN,NaN,NaN
NaN,NaN,NaN,NaN,NaN,NaN
NaN,NaN,NaN,NaN,NaN,NaN
NaN,NaN,NaN,NaN,NaN,NaN
NaN,NaN,NaN,NaN,NaN,NaN
NaN,NaN,NaN,NaN,NaN,NaN
NaN,NaN,NaN,NaN,NaN,NaN
NaN,NaN,NaN,NaN,NaN,NaN
NaN,NaN,NaN,NaN,NaN,NaN
NaN,NaN,NaN,NaN,NaN,NaN
NaN,NaN,NaN,NaN,NaN,NaN
NaN,NaN,NaN,NaN,NaN,NaN
NaN,NaN,NaN,NaN,NaN,NaN
NaN,NaN,NaN,NaN,NaN,NaN
NaN,NaN,NaN,NaN,NaN,NaN
NaN,NaN,NaN,NaN,NaN,NaN
NaN,NaN,NaN,NaN,NaN,NaN
NaN,NaN,NaN,NaN,NaN,NaN
NaN,NaN,NaN,NaN,NaN,NaN
NaN,NaN,NaN,NaN,NaN,NaN
NaN,NaN,NaN,NaN,NaN,NaN
NaN,NaN,NaN,NaN,NaN,NaN
NaN,NaN,NaN,NaN,NaN,NaN
NaN,NaN,NaN,NaN,NaN,NaN
NaN,NaN,NaN,NaN,NaN,NaN
NaN,NaN,NaN,NaN,NaN,NaN
NaN,NaN,NaN,NaN,NaN,NaN
NaN,NaN,NaN,NaN,NaN,NaN
NaN,NaN,NaN,NaN,NaN,NaN
NaN,NaN,NaN,NaN,NaN,NaN
NaN,NaN,NaN,NaN,NaN,NaN
NaN,NaN,NaN,NaN,NaN,NaN
NaN,NaN,NaN,NaN,NaN,NaN
NaN,NaN,NaN,NaN,NaN,NaN
NaN,NaN,NaN,NaN,NaN,NaN
NaN,NaN,NaN,NaN,NaN,NaN
NaN,NaN,NaN,NaN,NaN,NaN
NaN,NaN,NaN,NaN,NaN,NaN
NaN,NaN,NaN,NaN,NaN,NaN
NaN,NaN,NaN,NaN,NaN,NaN
NaN,NaN,NaN,NaN,NaN,NaN
NaN,NaN,NaN,NaN,NaN,NaN
NaN,NaN,NaN,NaN,NaN,NaN
NaN,NaN,NaN,NaN,NaN,NaN
NaN,NaN,NaN,NaN,NaN,NaN
NaN,NaN,NaN,NaN,NaN,NaN
NaN,NaN,NaN,NaN,NaN,NaN
NaN,NaN,NaN,NaN,NaN,NaN
NaN,NaN,NaN,NaN,NaN,NaN
NaN,NaN,NaN,NaN,NaN,NaN
NaN,NaN,NaN,NaN,NaN,NaN
NaN,NaN,NaN,NaN,NaN,NaN
NaN,NaN,NaN,NaN,NaN,NaN
NaN,NaN,NaN,NaN,NaN,NaN
NaN,NaN,NaN,NaN,NaN,NaN
NaN,NaN,NaN,NaN,NaN,NaN
NaN,NaN,NaN,NaN,NaN,NaN
NaN,NaN,NaN,NaN,NaN,NaN
NaN,NaN,NaN,NaN,NaN,NaN
NaN,NaN,NaN,NaN,NaN,NaN
NaN,NaN,NaN,NaN,NaN,NaN
NaN,NaN,NaN,NaN,NaN,NaN
NaN,NaN,NaN,NaN,NaN,NaN
NaN,NaN,NaN,NaN,NaN,NaN
NaN,NaN,NaN,NaN,NaN,NaN
NaN,NaN,NaN,NaN,NaN,NaN
NaN,NaN,NaN,NaN,NaN,NaN
NaN,NaN,NaN,NaN,NaN,NaN
NaN,NaN,NaN,NaN,NaN,NaN
NaN,NaN,NaN,NaN,NaN,NaN
NaN,NaN,NaN,NaN,NaN,NaN
NaN,NaN,NaN,NaN,NaN,NaN
NaN,NaN,NaN,NaN,NaN,NaN
NaN,NaN,NaN,NaN,NaN,NaN
NaN,NaN,NaN,NaN,NaN,NaN
NaN,NaN,NaN,NaN,NaN,NaN
NaN,NaN,NaN,NaN,NaN,NaN
NaN,NaN,NaN,NaN,NaN,NaN
NaN,NaN,NaN,NaN,NaN,NaN
NaN,NaN,NaN,NaN,NaN,NaN
NaN,NaN,NaN,NaN,NaN,NaN
NaN,NaN,NaN,NaN,NaN,NaN
NaN,NaN,NaN,NaN,NaN,NaN
NaN,NaN,NaN,NaN,NaN,NaN
NaN,NaN,NaN,NaN,NaN,NaN
NaN,NaN,NaN,NaN,NaN,NaN
NaN,NaN,NaN,NaN,NaN,NaN
NaN,NaN,NaN,NaN,NaN,NaN
NaN,NaN,NaN,NaN,NaN,NaN
NaN,NaN,NaN,NaN,NaN,NaN
NaN,NaN,NaN,NaN,NaN,NaN
NaN,NaN,NaN,NaN,NaN,NaN
NaN,NaN,NaN,NaN,NaN,NaN
NaN,NaN,NaN,NaN,NaN,NaN
NaN,NaN,NaN,NaN,NaN,NaN
NaN,NaN,NaN,NaN,NaN,NaN
NaN,NaN,NaN,NaN,NaN,NaN
NaN,NaN,NaN,NaN,NaN,NaN
NaN,NaN,NaN,NaN,NaN,NaN
NaN,NaN,NaN,NaN,NaN,NaN
NaN,NaN,NaN,NaN,NaN,NaN
NaN,NaN,NaN,NaN,NaN,NaN
NaN,NaN,NaN,NaN,NaN,NaN
NaN,NaN,NaN,NaN,NaN,NaN
NaN,NaN,NaN,NaN,NaN,NaN
NaN,NaN,NaN,NaN,NaN,NaN
NaN,NaN,NaN,NaN,NaN,NaN
NaN,NaN,NaN,NaN,NaN,NaN
NaN,NaN,NaN,NaN,NaN,NaN
NaN,NaN,NaN,NaN,NaN,NaN
NaN,NaN,NaN,NaN,NaN,NaN
NaN,NaN,NaN,NaN,NaN,NaN
NaN,NaN,NaN,NaN,NaN,NaN
NaN,NaN,NaN,NaN,NaN,NaN
NaN,NaN,NaN,NaN,NaN,NaN
NaN,NaN,NaN,NaN,NaN,NaN
NaN,NaN,NaN,NaN,NaN,NaN
NaN,NaN,NaN,NaN,NaN,NaN
NaN,NaN,NaN,NaN,NaN,NaN
NaN,NaN,NaN,NaN,NaN,NaN
NaN,NaN,NaN,NaN,NaN,NaN
NaN,NaN,NaN,NaN,NaN,NaN
NaN,NaN,NaN,NaN,NaN,NaN
NaN,NaN,NaN,NaN,NaN,NaN
NaN,NaN,NaN,NaN,NaN,NaN
NaN,NaN,NaN,NaN,NaN,NaN
NaN,NaN,NaN,NaN,NaN,NaN
NaN,NaN,NaN,NaN,NaN,NaN
NaN,NaN,NaN,NaN,NaN,NaN
NaN,NaN,NaN,NaN,NaN,NaN
NaN,NaN,NaN,NaN,NaN,NaN
NaN,NaN,NaN,NaN,NaN,NaN
NaN,NaN,NaN,NaN,NaN,NaN
NaN,NaN,NaN,NaN,NaN,NaN
NaN,NaN,NaN,NaN,NaN,NaN
NaN,NaN,NaN,NaN,NaN,NaN
NaN,NaN,NaN,NaN,NaN,NaN
NaN,NaN,NaN,NaN,NaN,NaN
NaN,NaN,NaN,NaN,NaN,NaN
NaN,NaN,NaN,NaN,NaN,NaN
NaN,NaN,NaN,NaN,NaN,NaN
NaN,NaN,NaN,NaN,NaN,NaN
NaN,NaN,NaN,NaN,NaN,NaN
NaN,NaN,NaN,NaN,NaN,NaN
NaN,NaN,NaN,NaN,NaN,NaN
NaN,NaN,NaN,NaN,NaN,NaN
NaN,NaN,NaN,NaN,NaN,NaN
NaN,NaN,NaN,NaN,NaN,NaN
NaN,NaN,NaN,NaN,NaN,NaN
NaN,NaN,NaN,NaN,NaN,NaN
NaN,NaN,NaN,NaN,NaN,NaN
NaN,NaN,NaN,NaN,NaN,NaN
NaN,NaN,NaN,NaN,NaN,NaN
NaN,NaN,NaN,NaN,NaN,NaN
NaN,NaN,NaN,NaN,NaN,NaN
NaN,NaN,NaN,NaN,NaN,NaN
NaN,NaN,NaN,NaN,NaN,NaN
NaN,NaN,NaN,NaN,NaN,NaN
NaN,NaN,NaN,NaN,NaN,NaN
NaN,NaN,NaN,NaN,NaN,NaN
NaN,NaN,NaN,NaN,NaN,NaN
NaN,NaN,NaN,NaN,NaN,NaN
NaN,NaN,NaN,NaN,NaN,NaN
NaN,NaN,NaN,NaN,NaN,NaN
NaN,NaN,NaN,NaN,NaN,NaN
NaN,NaN,NaN,NaN,NaN,NaN
NaN,NaN,NaN,NaN,NaN,NaN
NaN,NaN,NaN,NaN,NaN,NaN
NaN,NaN,NaN,NaN,NaN,NaN
NaN,NaN,NaN,NaN,NaN,NaN
NaN,NaN,NaN,NaN,NaN,NaN
NaN,NaN,NaN,NaN,NaN,NaN
NaN,NaN,NaN,NaN,NaN,NaN
NaN,NaN,NaN,NaN,NaN,NaN
NaN,NaN,NaN,NaN,NaN,NaN
NaN,NaN,NaN,NaN,NaN,NaN
NaN,NaN,NaN,NaN,NaN,NaN
NaN,NaN,NaN,NaN,NaN,NaN
NaN,NaN,NaN,NaN,NaN,NaN
NaN,NaN,NaN,NaN,NaN,NaN
NaN,NaN,NaN,NaN,NaN,NaN
NaN,NaN,NaN,NaN,NaN,NaN
NaN,NaN,NaN,NaN,NaN,NaN
NaN,NaN,NaN,NaN,NaN,NaN
NaN,NaN,NaN,NaN,NaN,NaN
NaN,NaN,NaN,NaN,NaN,NaN
NaN,NaN,NaN,NaN,NaN,NaN
NaN,NaN,NaN,NaN,NaN,NaN
NaN,NaN,NaN,NaN,NaN,NaN
NaN,NaN,NaN,NaN,NaN,NaN
NaN,NaN,NaN,NaN,NaN,NaN
NaN,NaN,NaN,NaN,NaN,NaN
NaN,NaN,NaN,NaN,NaN,NaN
NaN,NaN,NaN,NaN,NaN,NaN
NaN,NaN,NaN,NaN,NaN,NaN
NaN,NaN,NaN,NaN,NaN,NaN
NaN,NaN,NaN,NaN,NaN,NaN
NaN,NaN,NaN,NaN,NaN,NaN
NaN,NaN,NaN,NaN,NaN,NaN
NaN,NaN,NaN,NaN,NaN,NaN
NaN,NaN,NaN,NaN,NaN,NaN
NaN,NaN,NaN,NaN,NaN,NaN
NaN,NaN,NaN,NaN,NaN,NaN
NaN,NaN,NaN,NaN,NaN,NaN
NaN,NaN,NaN,NaN,NaN,NaN
NaN,NaN,NaN,NaN,NaN,NaN
NaN,NaN,NaN,NaN,NaN,NaN
NaN,NaN,NaN,NaN,NaN,NaN
NaN,NaN,NaN,NaN,NaN,NaN
NaN,NaN,NaN,NaN,NaN,NaN
NaN,NaN,NaN,NaN,NaN,NaN
NaN,NaN,NaN,NaN,NaN,NaN
NaN,NaN,NaN,NaN,NaN,NaN
NaN,NaN,NaN,NaN,NaN,NaN
NaN,NaN,NaN,NaN,NaN,NaN
NaN,NaN,NaN,NaN,NaN,NaN
NaN,NaN,NaN,NaN,NaN,NaN
NaN,NaN,NaN,NaN,NaN,NaN
NaN,NaN,NaN,NaN,NaN,NaN
NaN,NaN,NaN,NaN,NaN,NaN
NaN,NaN,NaN,NaN,NaN,NaN
NaN,NaN,NaN,NaN,NaN,NaN
NaN,NaN,NaN,NaN,NaN,NaN
NaN,NaN,NaN,NaN,NaN,NaN
NaN,NaN,NaN,NaN,NaN,NaN
NaN,NaN,NaN,NaN,NaN,NaN
NaN,NaN,NaN,NaN,NaN,NaN
NaN,NaN,NaN,NaN,NaN,NaN
NaN,NaN,NaN,NaN,NaN,NaN
NaN,NaN,NaN,NaN,NaN,NaN
NaN,NaN,NaN,NaN,NaN,NaN
NaN,NaN,NaN,NaN,NaN,NaN
NaN,NaN,NaN,NaN,NaN,NaN
NaN,NaN,NaN,NaN,NaN,NaN
NaN,NaN,NaN,NaN,NaN,NaN
NaN,NaN,NaN,NaN,NaN,NaN
NaN,NaN,NaN,NaN,NaN,NaN
NaN,NaN,NaN,NaN,NaN,NaN
NaN,NaN,NaN,NaN,NaN,NaN
NaN,NaN,NaN,NaN,NaN,NaN
NaN,NaN,NaN,NaN,NaN,NaN
NaN,NaN,NaN,NaN,NaN,NaN
NaN,NaN,NaN,NaN,NaN,NaN
NaN,NaN,NaN,NaN,NaN,NaN
NaN,NaN,NaN,NaN,NaN,NaN
NaN,NaN,NaN,NaN,NaN,NaN
NaN,NaN,NaN,NaN,NaN,NaN
NaN,NaN,NaN,NaN,NaN,NaN
NaN,NaN,NaN,NaN,NaN,NaN
NaN,NaN,NaN,NaN,NaN,NaN
NaN,NaN,NaN,NaN,NaN,NaN
NaN,NaN,NaN,NaN,NaN,NaN
NaN,NaN,NaN,NaN,NaN,NaN
NaN,NaN,NaN,NaN,NaN,NaN
NaN,NaN,NaN,NaN,NaN,NaN
NaN,NaN,NaN,NaN,NaN,NaN
NaN,NaN,NaN,NaN,NaN,NaN
NaN,NaN,NaN,NaN,NaN,NaN
NaN,NaN,NaN,NaN,NaN,NaN
NaN,NaN,NaN,NaN,NaN,NaN
NaN,NaN,NaN,NaN,NaN,NaN
NaN,NaN,NaN,NaN,NaN,NaN
NaN,NaN,NaN,NaN,NaN,NaN
NaN,NaN,NaN,NaN,NaN,NaN
NaN,NaN,NaN,NaN,NaN,NaN
NaN,NaN,NaN,NaN,NaN,NaN
NaN,NaN,NaN,NaN,NaN,NaN
NaN,NaN,NaN,NaN,NaN,NaN
NaN,NaN,NaN,NaN,NaN,NaN
NaN,NaN,NaN,NaN,NaN,NaN
NaN,NaN,NaN,NaN,NaN,NaN
NaN,NaN,NaN,NaN,NaN,NaN
NaN,NaN,NaN,NaN,NaN,NaN
NaN,NaN,NaN,NaN,NaN,NaN
NaN,NaN,NaN,NaN,NaN,NaN
NaN,NaN,NaN,NaN,NaN,NaN
NaN,NaN,NaN,NaN,NaN,NaN
NaN,NaN,NaN,NaN,NaN,NaN
NaN,NaN,NaN,NaN,NaN,NaN
NaN,NaN,NaN,NaN,NaN,NaN
NaN,NaN,NaN,NaN,NaN,NaN
NaN,NaN,NaN,NaN,NaN,NaN
NaN,NaN,NaN,NaN,NaN,NaN
NaN,NaN,NaN,NaN,NaN,NaN
NaN,NaN,NaN,NaN,NaN,NaN
NaN,NaN,NaN,NaN,NaN,NaN
NaN,NaN,NaN,NaN,NaN,NaN
NaN,NaN,NaN,NaN,NaN,NaN
NaN,NaN,NaN,NaN,NaN,NaN
NaN,NaN,NaN,NaN,NaN,NaN
NaN,NaN,NaN,NaN,NaN,NaN
NaN,NaN,NaN,NaN,NaN,NaN
NaN,NaN,NaN,NaN,NaN,NaN
NaN,NaN,NaN,NaN,NaN,NaN
NaN,NaN,NaN,NaN,NaN,NaN
NaN,NaN,NaN,NaN,NaN,NaN
NaN,NaN,NaN,NaN,NaN,NaN
NaN,NaN,NaN,NaN,NaN,NaN
NaN,NaN,NaN,NaN,NaN,NaN
NaN,NaN,NaN,NaN,NaN,NaN
NaN,NaN,NaN,NaN,NaN,NaN
NaN,NaN,NaN,NaN,NaN,NaN
NaN,NaN,NaN,NaN,NaN,NaN
NaN,NaN,NaN,NaN,NaN,NaN
NaN,NaN,NaN,NaN,NaN,NaN
NaN,NaN,NaN,NaN,NaN,NaN
NaN,NaN,NaN,NaN,NaN,NaN
NaN,NaN,NaN,NaN,NaN,NaN
NaN,NaN,NaN,NaN,NaN,NaN
NaN,NaN,NaN,NaN,NaN,NaN
NaN,NaN,NaN,NaN,NaN,NaN
NaN,NaN,NaN,NaN,NaN,NaN
NaN,NaN,NaN,NaN,NaN,NaN
NaN,NaN,NaN,NaN,NaN,NaN
NaN,NaN,NaN,NaN,NaN,NaN
NaN,NaN,NaN,NaN,NaN,NaN
NaN,NaN,NaN,NaN,NaN,NaN
NaN,NaN,NaN,NaN,NaN,NaN
NaN,NaN,NaN,NaN,NaN,NaN
NaN,NaN,NaN,NaN,NaN,NaN
NaN,NaN,NaN,NaN,NaN,NaN
NaN,NaN,NaN,NaN,NaN,NaN
NaN,NaN,NaN,NaN,NaN,NaN
NaN,NaN,NaN,NaN,NaN,NaN
NaN,NaN,NaN,NaN,NaN,NaN
NaN,NaN,NaN,NaN,NaN,NaN
NaN,NaN,NaN,NaN,NaN,NaN
NaN,NaN,NaN,NaN,NaN,NaN
NaN,NaN,NaN,NaN,NaN,NaN
NaN,NaN,NaN,NaN,NaN,NaN
NaN,NaN,NaN,NaN,NaN,NaN
NaN,NaN,NaN,NaN,NaN,NaN
NaN,NaN,NaN,NaN,NaN,NaN
NaN,NaN,NaN,NaN,NaN,NaN
NaN,NaN,NaN,NaN,NaN,NaN
NaN,NaN,NaN,NaN,NaN,NaN
NaN,NaN,NaN,NaN,NaN,NaN
NaN,NaN,NaN,NaN,NaN,NaN
NaN,NaN,NaN,NaN,NaN,NaN
NaN,NaN,NaN,NaN,NaN,NaN
NaN,NaN,NaN,NaN,NaN,NaN
NaN,NaN,NaN,NaN,NaN,NaN
NaN,NaN,NaN,NaN,NaN,NaN
NaN,NaN,NaN,NaN,NaN,NaN
NaN,NaN,NaN,NaN,NaN,NaN
NaN,NaN,NaN,NaN,NaN,NaN
NaN,NaN,NaN,NaN,NaN,NaN
NaN,NaN,NaN,NaN,NaN,NaN
NaN,NaN,NaN,NaN,NaN,NaN
NaN,NaN,NaN,NaN,NaN,NaN
NaN,NaN,NaN,NaN,NaN,NaN
NaN,NaN,NaN,NaN,NaN,NaN
NaN,NaN,NaN,NaN,NaN,NaN
NaN,NaN,NaN,NaN,NaN,NaN
NaN,NaN,NaN,NaN,NaN,NaN
NaN,NaN,NaN,NaN,NaN,NaN
NaN,NaN,NaN,NaN,NaN,NaN
NaN,NaN,NaN,NaN,NaN,NaN
NaN,NaN,NaN,NaN,NaN,NaN
NaN,NaN,NaN,NaN,NaN,NaN
NaN,NaN,NaN,NaN,NaN,NaN
NaN,NaN,NaN,NaN,NaN,NaN
NaN,NaN,NaN,NaN,NaN,NaN
NaN,NaN,NaN,NaN,NaN,NaN
NaN,NaN,NaN,NaN,NaN,NaN
NaN,NaN,NaN,NaN,NaN,NaN
NaN,NaN,NaN,NaN,NaN,NaN
NaN,NaN,NaN,NaN,NaN,NaN
NaN,NaN,NaN,NaN,NaN,NaN
NaN,NaN,NaN,NaN,NaN,NaN
NaN,NaN,NaN,NaN,NaN,NaN
NaN,NaN,NaN,NaN,NaN,NaN
NaN,NaN,NaN,NaN,NaN,NaN
NaN,NaN,NaN,NaN,NaN,NaN
NaN,NaN,NaN,NaN,NaN,NaN
NaN,NaN,NaN,NaN,NaN,NaN
NaN,NaN,NaN,NaN,NaN,NaN
NaN,NaN,NaN,NaN,NaN,NaN
NaN,NaN,NaN,NaN,NaN,NaN
NaN,NaN,NaN,NaN,NaN,NaN
NaN,NaN,NaN,NaN,NaN,NaN
NaN,NaN,NaN,NaN,NaN,NaN
NaN,NaN,NaN,NaN,NaN,NaN
NaN,NaN,NaN,NaN,NaN,NaN
NaN,NaN,NaN,NaN,NaN,NaN
NaN,NaN,NaN,NaN,NaN,NaN
NaN,NaN,NaN,NaN,NaN,NaN
NaN,NaN,NaN,NaN,NaN,NaN
NaN,NaN,NaN,NaN,NaN,NaN
NaN,NaN,NaN,NaN,NaN,NaN
NaN,NaN,NaN,NaN,NaN,NaN
NaN,NaN,NaN,NaN,NaN,NaN
NaN,NaN,NaN,NaN,NaN,NaN
NaN,NaN,NaN,NaN,NaN,NaN
NaN,NaN,NaN,NaN,NaN,NaN
NaN,NaN,NaN,NaN,NaN,NaN
NaN,NaN,NaN,NaN,NaN,NaN
NaN,NaN,NaN,NaN,NaN,NaN
NaN,NaN,NaN,NaN,NaN,NaN
NaN,NaN,NaN,NaN,NaN,NaN
NaN,NaN,NaN,NaN,NaN,NaN
NaN,NaN,NaN,NaN,NaN,NaN
NaN,NaN,NaN,NaN,NaN,NaN
NaN,NaN,NaN,NaN,NaN,NaN
NaN,NaN,NaN,NaN,NaN,NaN
NaN,NaN,NaN,NaN,NaN,NaN
NaN,NaN,NaN,NaN,NaN,NaN
NaN,NaN,NaN,NaN,NaN,NaN
NaN,NaN,NaN,NaN,NaN,NaN
NaN,NaN,NaN,NaN,NaN,NaN
NaN,NaN,NaN,NaN,NaN,NaN
NaN,NaN,NaN,NaN,NaN,NaN
NaN,NaN,NaN,NaN,NaN,NaN
NaN,NaN,NaN,NaN,NaN,NaN
NaN,NaN,NaN,NaN,NaN,NaN
NaN,NaN,NaN,NaN,NaN,NaN
NaN,NaN,NaN,NaN,NaN,NaN
NaN,NaN,NaN,NaN,NaN,NaN
NaN,NaN,NaN,NaN,NaN,NaN
NaN,NaN,NaN,NaN,NaN,NaN
NaN,NaN,NaN,NaN,NaN,NaN
NaN,NaN,NaN,NaN,NaN,NaN
NaN,NaN,NaN,NaN,NaN,NaN
NaN,NaN,NaN,NaN,NaN,NaN
NaN,NaN,NaN,NaN,NaN,NaN
NaN,NaN,NaN,NaN,NaN,NaN
NaN,NaN,NaN,NaN,NaN,NaN
NaN,NaN,NaN,NaN,NaN,NaN
NaN,NaN,NaN,NaN,NaN,NaN
NaN,NaN,NaN,NaN,NaN,NaN
NaN,NaN,NaN,NaN,NaN,NaN
NaN,NaN,NaN,NaN,NaN,NaN
NaN,NaN,NaN,NaN,NaN,NaN
NaN,NaN,NaN,NaN,NaN,NaN
NaN,NaN,NaN,NaN,NaN,NaN
NaN,NaN,NaN,NaN,NaN,NaN
NaN,NaN,NaN,NaN,NaN,NaN
NaN,NaN,NaN,NaN,NaN,NaN
NaN,NaN,NaN,NaN,NaN,NaN
NaN,NaN,NaN,NaN,NaN,NaN
NaN,NaN,NaN,NaN,NaN,NaN
NaN,NaN,NaN,NaN,NaN,NaN
NaN,NaN,NaN,NaN,NaN,NaN
NaN,NaN,NaN,NaN,NaN,NaN
NaN,NaN,NaN,NaN,NaN,NaN
NaN,NaN,NaN,NaN,NaN,NaN
NaN,NaN,NaN,NaN,NaN,NaN
NaN,NaN,NaN,NaN,NaN,NaN
NaN,NaN,NaN,NaN,NaN,NaN
NaN,NaN,NaN,NaN,NaN,NaN
NaN,NaN,NaN,NaN,NaN,NaN
NaN,NaN,NaN,NaN,NaN,NaN
NaN,NaN,NaN,NaN,NaN,NaN
NaN,NaN,NaN,NaN,NaN,NaN
NaN,NaN,NaN,NaN,NaN,NaN
NaN,NaN,NaN,NaN,NaN,NaN
NaN,NaN,NaN,NaN,NaN,NaN
NaN,NaN,NaN,NaN,NaN,NaN
NaN,NaN,NaN,NaN,NaN,NaN
NaN,NaN,NaN,NaN,NaN,NaN
NaN,NaN,NaN,NaN,NaN,NaN
NaN,NaN,NaN,NaN,NaN,NaN
NaN,NaN,NaN,NaN,NaN,NaN
NaN,NaN,NaN,NaN,NaN,NaN
NaN,NaN,NaN,NaN,NaN,NaN
NaN,NaN,NaN,NaN,NaN,NaN
NaN,NaN,NaN,NaN,NaN,NaN
