pt1_cam1_X,pt1_cam1_Y,pt2_cam1_X,pt2_cam1_Y,pt3_cam1_X,pt3_cam1_Y
NaN,NaN,NaN,NaN,NaN,NaN
NaN,NaN,NaN,NaN,NaN,NaN
NaN,NaN,NaN,NaN,NaN,NaN
NaN,NaN,NaN,NaN,NaN,NaN
NaN,NaN,NaN,NaN,NaN,NaN
NaN,NaN,NaN,NaN,NaN,NaN
NaN,NaN,NaN,NaN,NaN,NaN
NaN,NaN,NaN,NaN,NaN,NaN
NaN,NaN,NaN,NaN,NaN,NaN
NaN,NaN,NaN,NaN,NaN,NaN
NaN,NaN,NaN,NaN,NaN,NaN
NaN,NaN,NaN,NaN,NaN,NaN
NaN,NaN,NaN,NaN,NaN,NaN
NaN,NaN,NaN,NaN,NaN,NaN
NaN,NaN,NaN,NaN,NaN,NaN
NaN,NaN,NaN,NaN,NaN,NaN
NaN,NaN,NaN,NaN,NaN,NaN
NaN,NaN,NaN,NaN,NaN,NaN
NaN,NaN,NaN,NaN,NaN,NaN
NaN,NaN,NaN,NaN,NaN,NaN
NaN,NaN,NaN,NaN,NaN,NaN
NaN,NaN,NaN,NaN,NaN,NaN
NaN,NaN,NaN,NaN,NaN,NaN
NaN,NaN,NaN,NaN,NaN,NaN
NaN,NaN,NaN,NaN,NaN,NaN
NaN,NaN,NaN,NaN,NaN,NaN
NaN,NaN,NaN,NaN,NaN,NaN
NaN,NaN,NaN,NaN,NaN,NaN
NaN,NaN,NaN,NaN,NaN,NaN
NaN,NaN,NaN,NaN,NaN,NaN
NaN,NaN,NaN,NaN,NaN,NaN
NaN,NaN,NaN,NaN,NaN,NaN
NaN,NaN,NaN,NaN,NaN,NaN
NaN,NaN,NaN,NaN,NaN,NaN
NaN,NaN,NaN,NaN,NaN,NaN
NaN,NaN,NaN,NaN,NaN,NaN
NaN,NaN,NaN,NaN,NaN,NaN
NaN,NaN,NaN,NaN,NaN,NaN
NaN,NaN,NaN,NaN,NaN,NaN
NaN,NaN,NaN,NaN,NaN,NaN
NaN,NaN,NaN,NaN,NaN,NaN
NaN,NaN,NaN,NaN,NaN,NaN
NaN,NaN,NaN,NaN,NaN,NaN
NaN,NaN,NaN,NaN,NaN,NaN
NaN,NaN,NaN,NaN,NaN,NaN
NaN,NaN,NaN,NaN,NaN,NaN
NaN,NaN,NaN,NaN,NaN,NaN
NaN,NaN,NaN,NaN,NaN,NaN
NaN,NaN,NaN,NaN,NaN,NaN
NaN,NaN,NaN,NaN,NaN,NaN
NaN,NaN,NaN,NaN,NaN,NaN
NaN,NaN,NaN,NaN,NaN,NaN
NaN,NaN,NaN,NaN,NaN,NaN
NaN,NaN,NaN,NaN,NaN,NaN
NaN,NaN,NaN,NaN,NaN,NaN
NaN,NaN,NaN,NaN,NaN,NaN
NaN,NaN,NaN,NaN,NaN,NaN
NaN,NaN,NaN,NaN,NaN,NaN
NaN,NaN,NaN,NaN,NaN,NaN
NaN,NaN,NaN,NaN,NaN,NaN
NaN,NaN,NaN,NaN,NaN,NaN
NaN,NaN,NaN,NaN,NaN,NaN
NaN,NaN,NaN,NaN,NaN,NaN
NaN,NaN,NaN,NaN,NaN,NaN
NaN,NaN,NaN,NaN,NaN,NaN
NaN,NaN,NaN,NaN,NaN,NaN
NaN,NaN,NaN,NaN,NaN,NaN
NaN,NaN,NaN,NaN,NaN,NaN
NaN,NaN,NaN,NaN,NaN,NaN
NaN,NaN,NaN,NaN,NaN,NaN
NaN,NaN,NaN,NaN,NaN,NaN
NaN,NaN,NaN,NaN,NaN,NaN
NaN,NaN,NaN,NaN,NaN,NaN
NaN,NaN,NaN,NaN,NaN,NaN
NaN,NaN,NaN,NaN,NaN,NaN
NaN,NaN,NaN,NaN,NaN,NaN
NaN,NaN,NaN,NaN,NaN,NaN
NaN,NaN,NaN,NaN,NaN,NaN
NaN,NaN,NaN,NaN,NaN,NaN
NaN,NaN,NaN,NaN,NaN,NaN
NaN,NaN,NaN,NaN,NaN,NaN
NaN,NaN,NaN,NaN,NaN,NaN
NaN,NaN,NaN,NaN,NaN,NaN
NaN,NaN,NaN,NaN,NaN,NaN
NaN,NaN,NaN,NaN,NaN,NaN
NaN,NaN,NaN,NaN,NaN,NaN
NaN,NaN,NaN,NaN,NaN,NaN
NaN,NaN,NaN,NaN,NaN,NaN
NaN,NaN,NaN,NaN,NaN,NaN
NaN,NaN,NaN,NaN,NaN,NaN
NaN,NaN,NaN,NaN,NaN,NaN
NaN,NaN,NaN,NaN,NaN,NaN
NaN,NaN,NaN,NaN,NaN,NaN
NaN,NaN,NaN,NaN,NaN,NaN
NaN,NaN,NaN,NaN,NaN,NaN
NaN,NaN,NaN,NaN,NaN,NaN
NaN,NaN,NaN,NaN,NaN,NaN
NaN,NaN,NaN,NaN,NaN,NaN
NaN,NaN,NaN,NaN,NaN,NaN
NaN,NaN,NaN,NaN,NaN,NaN
NaN,NaN,NaN,NaN,NaN,NaN
NaN,NaN,NaN,NaN,NaN,NaN
NaN,NaN,NaN,NaN,NaN,NaN
NaN,NaN,NaN,NaN,NaN,NaN
NaN,NaN,NaN,NaN,NaN,NaN
NaN,NaN,NaN,NaN,NaN,NaN
NaN,NaN,NaN,NaN,NaN,NaN
NaN,NaN,NaN,NaN,NaN,NaN
NaN,NaN,NaN,NaN,NaN,NaN
NaN,NaN,NaN,NaN,NaN,NaN
NaN,NaN,NaN,NaN,NaN,NaN
NaN,NaN,NaN,NaN,NaN,NaN
NaN,NaN,NaN,NaN,NaN,NaN
NaN,NaN,NaN,NaN,NaN,NaN
NaN,NaN,NaN,NaN,NaN,NaN
NaN,NaN,NaN,NaN,NaN,NaN
NaN,NaN,NaN,NaN,NaN,NaN
NaN,NaN,NaN,NaN,NaN,NaN
NaN,NaN,NaN,NaN,NaN,NaN
NaN,NaN,NaN,NaN,NaN,NaN
NaN,NaN,NaN,NaN,NaN,NaN
NaN,NaN,NaN,NaN,NaN,NaN
NaN,NaN,NaN,NaN,NaN,NaN
NaN,NaN,NaN,NaN,NaN,NaN
NaN,NaN,NaN,NaN,NaN,NaN
NaN,NaN,NaN,NaN,NaN,NaN
NaN,NaN,NaN,NaN,NaN,NaN
NaN,NaN,NaN,NaN,NaN,NaN
NaN,NaN,NaN,NaN,NaN,NaN
NaN,NaN,NaN,NaN,NaN,NaN
NaN,NaN,NaN,NaN,NaN,NaN
NaN,NaN,NaN,NaN,NaN,NaN
NaN,NaN,NaN,NaN,NaN,NaN
NaN,NaN,NaN,NaN,NaN,NaN
NaN,NaN,NaN,NaN,NaN,NaN
NaN,NaN,NaN,NaN,NaN,NaN
NaN,NaN,NaN,NaN,NaN,NaN
NaN,NaN,NaN,NaN,NaN,NaN
NaN,NaN,NaN,NaN,NaN,NaN
NaN,NaN,NaN,NaN,NaN,NaN
NaN,NaN,NaN,NaN,NaN,NaN
NaN,NaN,NaN,NaN,NaN,NaN
NaN,NaN,NaN,NaN,NaN,NaN
NaN,NaN,NaN,NaN,NaN,NaN
NaN,NaN,NaN,NaN,NaN,NaN
NaN,NaN,NaN,NaN,NaN,NaN
NaN,NaN,NaN,NaN,NaN,NaN
NaN,NaN,NaN,NaN,NaN,NaN
NaN,NaN,NaN,NaN,NaN,NaN
NaN,NaN,NaN,NaN,NaN,NaN
NaN,NaN,NaN,NaN,NaN,NaN
NaN,NaN,NaN,NaN,NaN,NaN
NaN,NaN,NaN,NaN,751.615877,233.894489
NaN,NaN,NaN,NaN,752.000000,234.010000
NaN,NaN,NaN,NaN,752.000000,234.010000
NaN,NaN,NaN,NaN,752.000000,234.000000
NaN,NaN,NaN,NaN,751.990000,234.000000
NaN,NaN,NaN,NaN,752.000000,233.990000
NaN,NaN,NaN,NaN,752.000000,234.000000
NaN,NaN,NaN,NaN,752.000000,234.000000
NaN,NaN,NaN,NaN,752.000000,233.990000
NaN,NaN,NaN,NaN,752.010000,234.000000
NaN,NaN,NaN,NaN,752.000000,233.990000
NaN,NaN,NaN,NaN,752.000000,233.990000
NaN,NaN,NaN,NaN,751.990000,233.980000
NaN,NaN,NaN,NaN,751.980000,233.990000
NaN,NaN,NaN,NaN,751.980000,233.990000
NaN,NaN,NaN,NaN,751.980000,233.980000
NaN,NaN,NaN,NaN,752.000000,233.970000
NaN,NaN,NaN,NaN,752.000000,233.970000
NaN,NaN,NaN,NaN,752.000000,233.970000
NaN,NaN,NaN,NaN,751.990000,233.970000
NaN,NaN,NaN,NaN,751.990000,233.970000
NaN,NaN,NaN,NaN,751.990000,233.970000
NaN,NaN,NaN,NaN,751.990000,233.980000
NaN,NaN,NaN,NaN,751.990000,233.970000
NaN,NaN,NaN,NaN,751.980000,233.960000
NaN,NaN,NaN,NaN,751.980000,233.970000
NaN,NaN,NaN,NaN,751.980000,233.960000
NaN,NaN,NaN,NaN,751.990000,233.960000
NaN,NaN,NaN,NaN,751.980000,233.960000
NaN,NaN,NaN,NaN,751.980000,233.960000
NaN,NaN,NaN,NaN,751.970000,233.950000
NaN,NaN,NaN,NaN,751.990000,233.950000
NaN,NaN,NaN,NaN,751.990000,233.950000
NaN,NaN,NaN,NaN,751.980000,233.950000
NaN,NaN,NaN,NaN,751.970000,233.950000
NaN,NaN,NaN,NaN,751.970000,233.940000
NaN,NaN,NaN,NaN,751.970000,233.950000
NaN,NaN,NaN,NaN,751.970000,233.950000
NaN,NaN,NaN,NaN,751.970000,233.950000
NaN,NaN,NaN,NaN,751.980000,233.950000
NaN,NaN,NaN,NaN,751.970000,233.930000
NaN,NaN,NaN,NaN,751.970000,233.940000
NaN,NaN,NaN,NaN,751.980000,233.930000
NaN,NaN,NaN,NaN,751.980000,233.930000
NaN,NaN,NaN,NaN,751.980000,233.920000
NaN,NaN,NaN,NaN,751.980000,233.930000
NaN,NaN,NaN,NaN,751.970000,233.930000
NaN,NaN,NaN,NaN,751.970000,233.920000
NaN,NaN,NaN,NaN,751.980000,233.930000
NaN,NaN,NaN,NaN,751.970000,233.930000
NaN,NaN,NaN,NaN,751.970000,233.930000
NaN,NaN,NaN,NaN,751.970000,233.930000
NaN,NaN,NaN,NaN,751.960000,233.920000
NaN,NaN,NaN,NaN,751.950000,233.910000
NaN,NaN,NaN,NaN,751.970000,233.910000
NaN,NaN,NaN,NaN,751.980000,233.900000
NaN,NaN,NaN,NaN,751.980000,233.900000
NaN,NaN,NaN,NaN,751.970000,233.900000
NaN,NaN,NaN,NaN,751.980000,233.910000
NaN,NaN,NaN,NaN,751.970000,233.900000
NaN,NaN,NaN,NaN,751.960000,233.900000
NaN,NaN,NaN,NaN,751.960000,233.890000
NaN,NaN,NaN,NaN,751.960000,233.890000
NaN,NaN,NaN,NaN,751.950000,233.890000
NaN,NaN,NaN,NaN,751.950000,233.880000
NaN,NaN,NaN,NaN,751.950000,233.880000
NaN,NaN,NaN,NaN,751.960000,233.870000
NaN,NaN,NaN,NaN,751.950000,233.860000
NaN,NaN,NaN,NaN,751.940000,233.870000
NaN,NaN,NaN,NaN,751.950000,233.860000
NaN,NaN,NaN,NaN,751.960000,233.870000
NaN,NaN,NaN,NaN,751.950000,233.860000
NaN,NaN,NaN,NaN,751.940000,233.870000
NaN,NaN,NaN,NaN,751.930000,233.870000
NaN,NaN,NaN,NaN,751.920000,233.860000
NaN,NaN,NaN,NaN,751.920000,233.850000
NaN,NaN,NaN,NaN,751.930000,233.840000
NaN,NaN,NaN,NaN,751.940000,233.840000
NaN,NaN,NaN,NaN,751.930000,233.840000
NaN,NaN,NaN,NaN,751.930000,233.840000
NaN,NaN,NaN,NaN,751.930000,233.830000
NaN,NaN,NaN,NaN,751.930000,233.840000
NaN,NaN,NaN,NaN,751.920000,233.830000
NaN,NaN,NaN,NaN,751.920000,233.840000
NaN,NaN,NaN,NaN,751.920000,233.830000
NaN,NaN,NaN,NaN,751.920000,233.840000
NaN,NaN,NaN,NaN,751.920000,233.830000
NaN,NaN,NaN,NaN,751.910000,233.830000
NaN,NaN,NaN,NaN,751.890000,233.840000
NaN,NaN,NaN,NaN,751.900000,233.820000
NaN,NaN,NaN,NaN,751.890000,233.820000
NaN,NaN,NaN,NaN,751.900000,233.820000
NaN,NaN,NaN,NaN,751.900000,233.810000
NaN,NaN,NaN,NaN,751.890000,233.810000
NaN,NaN,NaN,NaN,751.890000,233.800000
NaN,NaN,NaN,NaN,751.900000,233.810000
NaN,NaN,NaN,NaN,751.880000,233.810000
NaN,NaN,NaN,NaN,751.890000,233.800000
NaN,NaN,NaN,NaN,751.890000,233.800000
NaN,NaN,NaN,NaN,751.880000,233.800000
NaN,NaN,NaN,NaN,751.860000,233.790000
NaN,NaN,NaN,NaN,751.870000,233.790000
NaN,NaN,NaN,NaN,751.870000,233.780000
NaN,NaN,NaN,NaN,751.860000,233.780000
NaN,NaN,NaN,NaN,751.870000,233.760000
NaN,NaN,NaN,NaN,751.860000,233.760000
NaN,NaN,NaN,NaN,751.860000,233.760000
NaN,NaN,NaN,NaN,751.850000,233.760000
NaN,NaN,NaN,NaN,751.850000,233.770000
NaN,NaN,NaN,NaN,751.840000,233.760000
NaN,NaN,NaN,NaN,751.840000,233.750000
NaN,NaN,NaN,NaN,751.820000,233.760000
NaN,NaN,NaN,NaN,751.820000,233.770000
NaN,NaN,NaN,NaN,751.820000,233.760000
NaN,NaN,NaN,NaN,751.840000,233.740000
NaN,NaN,NaN,NaN,751.830000,233.750000
NaN,NaN,NaN,NaN,751.840000,233.760000
NaN,NaN,NaN,NaN,751.820000,233.750000
NaN,NaN,NaN,NaN,751.840000,233.760000
NaN,NaN,NaN,NaN,751.840000,233.750000
NaN,NaN,NaN,NaN,751.830000,233.750000
NaN,NaN,NaN,NaN,751.830000,233.750000
NaN,NaN,NaN,NaN,751.830000,233.750000
NaN,NaN,NaN,NaN,751.820000,233.750000
NaN,NaN,NaN,NaN,751.820000,233.750000
NaN,NaN,NaN,NaN,751.820000,233.750000
NaN,NaN,NaN,NaN,751.810000,233.750000
NaN,NaN,NaN,NaN,751.820000,233.740000
NaN,NaN,NaN,NaN,751.820000,233.750000
NaN,NaN,NaN,NaN,751.830000,233.740000
NaN,NaN,NaN,NaN,751.810000,233.750000
NaN,NaN,NaN,NaN,751.810000,233.760000
NaN,NaN,NaN,NaN,751.810000,233.760000
NaN,NaN,NaN,NaN,751.820000,233.760000
NaN,NaN,NaN,NaN,751.830000,233.750000
NaN,NaN,NaN,NaN,751.820000,233.750000
NaN,NaN,NaN,NaN,751.810000,233.750000
NaN,NaN,NaN,NaN,751.810000,233.750000
NaN,NaN,NaN,NaN,751.810000,233.740000
NaN,NaN,NaN,NaN,751.810000,233.740000
NaN,NaN,NaN,NaN,751.820000,233.740000
NaN,NaN,NaN,NaN,751.830000,233.750000
NaN,NaN,NaN,NaN,751.820000,233.740000
NaN,NaN,NaN,NaN,751.810000,233.730000
NaN,NaN,NaN,NaN,751.800000,233.730000
NaN,NaN,NaN,NaN,751.780000,233.730000
NaN,NaN,NaN,NaN,751.770000,233.720000
NaN,NaN,NaN,NaN,751.760000,233.720000
NaN,NaN,NaN,NaN,751.740000,233.720000
NaN,NaN,NaN,NaN,751.700000,233.710000
NaN,NaN,NaN,NaN,751.700000,233.730000
NaN,NaN,NaN,NaN,751.720000,233.730000
NaN,NaN,NaN,NaN,751.710000,233.730000
NaN,NaN,NaN,NaN,751.710000,233.730000
NaN,NaN,NaN,NaN,751.720000,233.720000
NaN,NaN,NaN,NaN,751.720000,233.720000
NaN,NaN,NaN,NaN,751.710000,233.720000
NaN,NaN,NaN,NaN,751.730000,233.720000
NaN,NaN,NaN,NaN,751.710000,233.720000
NaN,NaN,NaN,NaN,751.710000,233.720000
NaN,NaN,NaN,NaN,751.710000,233.720000
NaN,NaN,NaN,NaN,751.690000,233.700000
NaN,NaN,NaN,NaN,751.690000,233.710000
NaN,NaN,NaN,NaN,751.670000,233.700000
NaN,NaN,NaN,NaN,751.670000,233.710000
NaN,NaN,NaN,NaN,751.670000,233.710000
NaN,NaN,NaN,NaN,751.680000,233.730000
NaN,NaN,NaN,NaN,751.670000,233.740000
NaN,NaN,NaN,NaN,751.680000,233.720000
NaN,NaN,NaN,NaN,751.670000,233.730000
NaN,NaN,NaN,NaN,751.690000,233.710000
NaN,NaN,NaN,NaN,751.626184,232.330533
NaN,NaN,NaN,NaN,752.020000,231.790000
NaN,NaN,NaN,NaN,752.010000,231.770000
NaN,NaN,NaN,NaN,751.990000,231.990000
NaN,NaN,NaN,NaN,751.980000,231.990000
NaN,NaN,NaN,NaN,751.980000,231.980000
NaN,NaN,NaN,NaN,751.980000,231.980000
NaN,NaN,NaN,NaN,751.960000,231.990000
NaN,NaN,NaN,NaN,751.970000,231.980000
NaN,NaN,NaN,NaN,751.970000,231.990000
NaN,NaN,NaN,NaN,751.960000,231.980000
NaN,NaN,NaN,NaN,751.960000,231.970000
NaN,NaN,NaN,NaN,751.960000,231.960000
NaN,NaN,NaN,NaN,751.950000,231.970000
NaN,NaN,NaN,NaN,751.950000,231.970000
NaN,NaN,NaN,NaN,751.950000,231.960000
NaN,NaN,NaN,NaN,751.940000,231.960000
NaN,NaN,NaN,NaN,751.940000,231.960000
NaN,NaN,NaN,NaN,751.950000,231.950000
NaN,NaN,NaN,NaN,751.940000,231.950000
NaN,NaN,NaN,NaN,751.950000,231.950000
NaN,NaN,NaN,NaN,751.950000,231.940000
NaN,NaN,NaN,NaN,751.930000,231.940000
NaN,NaN,NaN,NaN,751.930000,231.930000
NaN,NaN,NaN,NaN,751.920000,231.920000
NaN,NaN,NaN,NaN,751.920000,231.920000
NaN,NaN,NaN,NaN,751.930000,231.920000
NaN,NaN,NaN,NaN,751.940000,231.910000
NaN,NaN,NaN,NaN,751.940000,231.910000
NaN,NaN,NaN,NaN,751.920000,231.910000
NaN,NaN,NaN,NaN,751.920000,231.900000
NaN,NaN,NaN,NaN,751.910000,231.900000
NaN,NaN,NaN,NaN,751.900000,231.900000
NaN,NaN,NaN,NaN,751.910000,231.900000
NaN,NaN,NaN,NaN,751.920000,231.890000
NaN,NaN,NaN,NaN,751.900000,231.890000
NaN,NaN,NaN,NaN,751.910000,231.880000
NaN,NaN,NaN,NaN,751.920000,231.890000
NaN,NaN,NaN,NaN,751.900000,231.880000
NaN,NaN,NaN,NaN,751.930000,231.880000
NaN,NaN,NaN,NaN,751.910000,231.870000
NaN,NaN,NaN,NaN,751.910000,231.870000
NaN,NaN,NaN,NaN,751.910000,231.870000
NaN,NaN,NaN,NaN,751.890000,231.860000
NaN,NaN,NaN,NaN,751.890000,231.860000
NaN,NaN,NaN,NaN,751.890000,231.860000
NaN,NaN,NaN,NaN,751.870000,231.850000
NaN,NaN,NaN,NaN,751.870000,231.850000
NaN,NaN,NaN,NaN,751.880000,231.850000
NaN,NaN,NaN,NaN,751.890000,231.850000
NaN,NaN,NaN,NaN,751.870000,231.850000
NaN,NaN,NaN,NaN,751.880000,231.860000
NaN,NaN,NaN,NaN,751.890000,231.850000
NaN,NaN,NaN,NaN,751.860000,231.850000
NaN,NaN,NaN,NaN,751.870000,231.850000
NaN,NaN,NaN,NaN,751.870000,231.850000
NaN,NaN,NaN,NaN,751.870000,231.840000
NaN,NaN,NaN,NaN,751.850000,231.830000
NaN,NaN,NaN,NaN,751.860000,231.840000
NaN,NaN,NaN,NaN,751.850000,231.830000
NaN,NaN,NaN,NaN,751.850000,231.840000
NaN,NaN,NaN,NaN,751.840000,231.830000
NaN,NaN,NaN,NaN,751.840000,231.830000
NaN,NaN,NaN,NaN,751.840000,231.820000
NaN,NaN,NaN,NaN,751.810000,231.820000
NaN,NaN,NaN,NaN,751.810000,231.820000
NaN,NaN,NaN,NaN,751.820000,231.820000
NaN,NaN,NaN,NaN,751.810000,231.840000
NaN,NaN,NaN,NaN,751.820000,231.840000
NaN,NaN,NaN,NaN,751.830000,231.840000
NaN,NaN,NaN,NaN,751.820000,231.840000
NaN,NaN,NaN,NaN,751.820000,231.840000
NaN,NaN,NaN,NaN,751.800000,231.840000
NaN,NaN,NaN,NaN,751.790000,231.830000
NaN,NaN,NaN,NaN,751.800000,231.830000
NaN,NaN,NaN,NaN,751.770000,231.830000
NaN,NaN,NaN,NaN,751.770000,231.830000
NaN,NaN,NaN,NaN,751.780000,231.830000
NaN,NaN,NaN,NaN,751.780000,231.830000
NaN,NaN,NaN,NaN,751.760000,231.840000
NaN,NaN,NaN,NaN,751.750000,231.840000
NaN,NaN,NaN,NaN,751.770000,231.830000
NaN,NaN,NaN,NaN,751.750000,231.840000
NaN,NaN,NaN,NaN,751.750000,231.840000
NaN,NaN,NaN,NaN,751.740000,231.820000
NaN,NaN,NaN,NaN,751.760000,231.830000
NaN,NaN,NaN,NaN,751.750000,231.830000
NaN,NaN,NaN,NaN,751.740000,231.830000
NaN,NaN,NaN,NaN,751.730000,231.830000
NaN,NaN,NaN,NaN,751.760000,231.830000
NaN,NaN,NaN,NaN,751.750000,231.830000
NaN,NaN,NaN,NaN,751.770000,231.830000
NaN,NaN,NaN,NaN,751.760000,231.840000
NaN,NaN,NaN,NaN,751.750000,231.830000
NaN,NaN,NaN,NaN,751.750000,231.840000
NaN,NaN,NaN,NaN,751.750000,231.840000
NaN,NaN,NaN,NaN,751.760000,231.840000
NaN,NaN,NaN,NaN,751.720000,231.840000
NaN,NaN,NaN,NaN,751.710000,231.840000
NaN,NaN,NaN,NaN,751.740000,231.850000
NaN,NaN,NaN,NaN,751.760000,231.840000
NaN,NaN,NaN,NaN,751.750000,231.840000
NaN,NaN,NaN,NaN,751.730000,231.840000
NaN,NaN,NaN,NaN,751.730000,231.840000
NaN,NaN,NaN,NaN,751.740000,231.840000
NaN,NaN,NaN,NaN,751.740000,231.840000
NaN,NaN,NaN,NaN,751.740000,231.840000
NaN,NaN,NaN,NaN,751.730000,231.840000
NaN,NaN,NaN,NaN,751.730000,231.850000
NaN,NaN,NaN,NaN,751.730000,231.850000
NaN,NaN,NaN,NaN,751.730000,231.850000
NaN,NaN,NaN,NaN,751.730000,231.850000
NaN,NaN,NaN,NaN,751.700000,231.820000
NaN,NaN,NaN,NaN,751.720000,231.840000
NaN,NaN,NaN,NaN,751.730000,231.850000
NaN,NaN,NaN,NaN,751.730000,231.850000
NaN,NaN,NaN,NaN,751.710000,231.860000
NaN,NaN,NaN,NaN,751.710000,231.840000
NaN,NaN,NaN,NaN,751.700000,231.840000
NaN,NaN,NaN,NaN,751.690000,231.850000
NaN,NaN,NaN,NaN,751.700000,231.850000
NaN,NaN,NaN,NaN,751.720000,231.850000
NaN,NaN,NaN,NaN,751.710000,231.840000
NaN,NaN,NaN,NaN,751.710000,231.860000
NaN,NaN,NaN,NaN,751.730000,231.860000
NaN,NaN,NaN,NaN,751.740000,231.860000
NaN,NaN,NaN,NaN,751.720000,231.850000
NaN,NaN,NaN,NaN,751.660000,231.850000
NaN,NaN,NaN,NaN,751.690000,231.850000
NaN,NaN,NaN,NaN,751.690000,231.860000
NaN,NaN,NaN,NaN,751.700000,231.850000
NaN,NaN,NaN,NaN,751.720000,231.860000
NaN,NaN,NaN,NaN,751.710000,231.860000
NaN,NaN,NaN,NaN,751.720000,231.860000
NaN,NaN,NaN,NaN,751.720000,231.860000
NaN,NaN,NaN,NaN,751.730000,231.860000
NaN,NaN,NaN,NaN,751.730000,231.860000
NaN,NaN,NaN,NaN,751.710000,231.860000
NaN,NaN,NaN,NaN,751.720000,231.860000
NaN,NaN,NaN,NaN,751.690000,231.850000
NaN,NaN,NaN,NaN,751.690000,231.850000
NaN,NaN,NaN,NaN,751.690000,231.850000
NaN,NaN,NaN,NaN,751.690000,231.840000
NaN,NaN,NaN,NaN,751.680000,231.850000
NaN,NaN,NaN,NaN,751.690000,231.850000
NaN,NaN,NaN,NaN,751.660000,231.840000
NaN,NaN,NaN,NaN,751.640000,231.840000
NaN,NaN,NaN,NaN,751.640000,231.840000
NaN,NaN,NaN,NaN,751.660000,231.840000
NaN,NaN,NaN,NaN,751.060548,231.287896
NaN,NaN,NaN,NaN,751.000000,231.000000
NaN,NaN,NaN,NaN,751.010000,231.000000
NaN,NaN,NaN,NaN,751.000000,231.000000
NaN,NaN,NaN,NaN,750.990000,231.000000
NaN,NaN,NaN,NaN,751.000000,230.990000
NaN,NaN,NaN,NaN,750.990000,230.990000
NaN,NaN,NaN,NaN,750.990000,230.990000
NaN,NaN,NaN,NaN,750.990000,231.000000
NaN,NaN,NaN,NaN,750.990000,230.990000
NaN,NaN,NaN,NaN,750.980000,230.990000
NaN,NaN,NaN,NaN,750.980000,230.980000
NaN,NaN,NaN,NaN,750.980000,230.980000
NaN,NaN,NaN,NaN,750.970000,230.980000
NaN,NaN,NaN,NaN,750.960000,230.980000
NaN,NaN,NaN,NaN,750.970000,230.980000
NaN,NaN,NaN,NaN,750.970000,230.970000
NaN,NaN,NaN,NaN,750.990000,230.990000
NaN,NaN,NaN,NaN,750.960000,230.980000
NaN,NaN,NaN,NaN,750.960000,230.970000
NaN,NaN,NaN,NaN,750.950000,230.970000
NaN,NaN,NaN,NaN,750.950000,230.970000
NaN,NaN,NaN,NaN,750.950000,230.970000
NaN,NaN,NaN,NaN,750.960000,230.980000
NaN,NaN,NaN,NaN,750.960000,230.970000
NaN,NaN,NaN,NaN,750.960000,230.970000
NaN,NaN,NaN,NaN,750.950000,230.980000
NaN,NaN,NaN,NaN,750.960000,230.980000
NaN,NaN,NaN,NaN,750.950000,230.960000
NaN,NaN,NaN,NaN,750.960000,230.970000
NaN,NaN,NaN,NaN,750.960000,230.970000
NaN,NaN,NaN,NaN,750.960000,230.960000
NaN,NaN,NaN,NaN,750.960000,230.960000
NaN,NaN,NaN,NaN,750.950000,230.970000
NaN,NaN,NaN,NaN,750.950000,230.970000
NaN,NaN,NaN,NaN,750.950000,230.970000
NaN,NaN,NaN,NaN,750.940000,230.970000
NaN,NaN,NaN,NaN,750.950000,230.960000
NaN,NaN,NaN,NaN,750.940000,230.960000
NaN,NaN,NaN,NaN,750.940000,230.960000
NaN,NaN,NaN,NaN,750.960000,230.970000
NaN,NaN,NaN,NaN,750.930000,230.960000
NaN,NaN,NaN,NaN,750.950000,230.960000
NaN,NaN,NaN,NaN,750.950000,230.970000
NaN,NaN,NaN,NaN,750.940000,230.970000
NaN,NaN,NaN,NaN,750.930000,230.960000
NaN,NaN,NaN,NaN,750.940000,230.960000
NaN,NaN,NaN,NaN,750.950000,230.960000
NaN,NaN,NaN,NaN,750.960000,230.960000
NaN,NaN,NaN,NaN,750.960000,230.950000
NaN,NaN,NaN,NaN,750.980000,230.970000
NaN,NaN,NaN,NaN,750.960000,230.960000
NaN,NaN,NaN,NaN,750.970000,230.960000
NaN,NaN,NaN,NaN,750.960000,230.980000
NaN,NaN,NaN,NaN,750.960000,230.960000
NaN,NaN,NaN,NaN,750.970000,230.960000
NaN,NaN,NaN,NaN,750.960000,230.970000
NaN,NaN,NaN,NaN,750.960000,230.970000
NaN,NaN,NaN,NaN,750.950000,230.970000
NaN,NaN,NaN,NaN,750.960000,230.960000
NaN,NaN,NaN,NaN,750.960000,230.960000
NaN,NaN,NaN,NaN,750.950000,230.970000
NaN,NaN,NaN,NaN,750.950000,230.970000
NaN,NaN,NaN,NaN,750.960000,230.970000
NaN,NaN,NaN,NaN,750.960000,230.970000
NaN,NaN,NaN,NaN,750.950000,230.970000
NaN,NaN,NaN,NaN,750.950000,230.970000
NaN,NaN,NaN,NaN,750.960000,230.970000
NaN,NaN,NaN,NaN,750.950000,230.970000
NaN,NaN,NaN,NaN,750.960000,230.960000
NaN,NaN,NaN,NaN,750.950000,230.960000
NaN,NaN,NaN,NaN,750.950000,230.960000
NaN,NaN,NaN,NaN,750.950000,230.950000
NaN,NaN,NaN,NaN,750.950000,230.950000
NaN,NaN,NaN,NaN,750.950000,230.960000
NaN,NaN,NaN,NaN,750.950000,230.950000
NaN,NaN,NaN,NaN,750.950000,230.950000
NaN,NaN,NaN,NaN,750.960000,230.940000
NaN,NaN,NaN,NaN,750.950000,230.940000
NaN,NaN,NaN,NaN,750.940000,230.930000
NaN,NaN,NaN,NaN,750.940000,230.950000
NaN,NaN,NaN,NaN,750.950000,230.940000
NaN,NaN,NaN,NaN,750.960000,230.940000
NaN,NaN,NaN,NaN,750.930000,230.950000
NaN,NaN,NaN,NaN,750.940000,230.940000
NaN,NaN,NaN,NaN,750.950000,230.940000
NaN,NaN,NaN,NaN,750.940000,230.950000
NaN,NaN,NaN,NaN,750.940000,230.940000
NaN,NaN,NaN,NaN,750.970000,230.940000
NaN,NaN,NaN,NaN,750.960000,230.930000
NaN,NaN,NaN,NaN,750.960000,230.930000
NaN,NaN,NaN,NaN,750.950000,230.920000
NaN,NaN,NaN,NaN,750.950000,230.920000
NaN,NaN,NaN,NaN,750.950000,230.920000
NaN,NaN,NaN,NaN,750.970000,230.920000
NaN,NaN,NaN,NaN,750.950000,230.920000
NaN,NaN,NaN,NaN,750.960000,230.920000
NaN,NaN,NaN,NaN,750.950000,230.920000
NaN,NaN,NaN,NaN,750.940000,230.930000
NaN,NaN,NaN,NaN,750.930000,230.920000
NaN,NaN,NaN,NaN,750.950000,230.920000
NaN,NaN,NaN,NaN,750.940000,230.920000
NaN,NaN,NaN,NaN,750.940000,230.920000
NaN,NaN,NaN,NaN,750.940000,230.920000
NaN,NaN,NaN,NaN,750.940000,230.920000
NaN,NaN,NaN,NaN,750.940000,230.920000
NaN,NaN,NaN,NaN,750.940000,230.920000
NaN,NaN,NaN,NaN,750.920000,230.920000
NaN,NaN,NaN,NaN,750.910000,230.920000
NaN,NaN,NaN,NaN,750.910000,230.920000
NaN,NaN,NaN,NaN,750.910000,230.920000
NaN,NaN,NaN,NaN,750.910000,230.920000
NaN,NaN,NaN,NaN,750.920000,230.920000
NaN,NaN,NaN,NaN,750.920000,230.900000
NaN,NaN,NaN,NaN,750.920000,230.910000
NaN,NaN,NaN,NaN,750.920000,230.900000
NaN,NaN,NaN,NaN,750.910000,230.910000
NaN,NaN,NaN,NaN,750.900000,230.910000
NaN,NaN,NaN,NaN,750.910000,230.910000
NaN,NaN,NaN,NaN,750.910000,230.910000
NaN,NaN,NaN,NaN,750.900000,230.900000
NaN,NaN,NaN,NaN,750.910000,230.900000
NaN,NaN,NaN,NaN,750.910000,230.900000
NaN,NaN,NaN,NaN,750.910000,230.900000
NaN,NaN,NaN,NaN,750.900000,230.900000
NaN,NaN,NaN,NaN,750.890000,230.900000
NaN,NaN,NaN,NaN,750.910000,230.890000
NaN,NaN,NaN,NaN,750.900000,230.890000
NaN,NaN,NaN,NaN,750.870000,230.900000
NaN,NaN,NaN,NaN,750.870000,230.900000
NaN,NaN,NaN,NaN,750.880000,230.890000
NaN,NaN,NaN,NaN,750.880000,230.890000
NaN,NaN,NaN,NaN,750.880000,230.900000
NaN,NaN,NaN,NaN,750.880000,230.890000
NaN,NaN,NaN,NaN,750.890000,230.890000
NaN,NaN,NaN,NaN,750.880000,230.880000
NaN,NaN,NaN,NaN,750.880000,230.880000
NaN,NaN,NaN,NaN,750.870000,230.880000
NaN,NaN,829.368344,209.392516,750.860000,230.890000
NaN,NaN,829.000000,209.000000,750.860000,230.890000
NaN,NaN,829.000000,209.000000,750.870000,230.880000
NaN,NaN,828.990000,209.010000,750.870000,230.900000
NaN,NaN,828.990000,209.010000,750.870000,230.890000
NaN,NaN,828.970000,209.010000,750.840000,230.890000
NaN,NaN,828.980000,209.010000,750.850000,230.880000
NaN,NaN,828.980000,209.010000,750.840000,230.890000
NaN,NaN,828.990000,209.010000,750.850000,230.890000
NaN,NaN,828.980000,209.010000,750.840000,230.880000
NaN,NaN,828.980000,209.020000,750.840000,230.870000
NaN,NaN,828.980000,209.010000,750.850000,230.880000
NaN,NaN,828.990000,209.010000,750.860000,230.860000
NaN,NaN,828.990000,209.000000,750.850000,230.870000
NaN,NaN,828.980000,209.000000,750.840000,230.880000
NaN,NaN,828.980000,209.000000,750.830000,230.870000
NaN,NaN,828.980000,209.000000,750.840000,230.860000
NaN,NaN,828.980000,209.000000,750.820000,230.860000
NaN,NaN,828.980000,209.000000,750.830000,230.860000
NaN,NaN,828.980000,209.000000,750.830000,230.850000
NaN,NaN,828.980000,209.000000,750.810000,230.860000
NaN,NaN,828.970000,209.000000,750.830000,230.850000
NaN,NaN,828.980000,208.990000,750.830000,230.860000
NaN,NaN,828.970000,209.000000,750.820000,230.850000
NaN,NaN,828.980000,208.990000,750.830000,230.860000
NaN,NaN,828.970000,208.990000,750.830000,230.850000
NaN,NaN,828.970000,208.990000,750.840000,230.860000
NaN,NaN,828.980000,208.990000,750.830000,230.850000
NaN,NaN,828.980000,208.990000,750.810000,230.840000
NaN,NaN,828.980000,208.990000,750.810000,230.850000
NaN,NaN,828.980000,208.990000,750.810000,230.850000
NaN,NaN,828.980000,208.990000,750.820000,230.860000
NaN,NaN,828.970000,208.990000,750.820000,230.870000
NaN,NaN,828.970000,208.990000,750.820000,230.850000
NaN,NaN,828.980000,208.980000,750.820000,230.850000
NaN,NaN,828.970000,208.980000,750.810000,230.860000
NaN,NaN,828.960000,208.980000,750.820000,230.850000
NaN,NaN,828.960000,208.980000,750.820000,230.850000
NaN,NaN,828.970000,208.980000,750.810000,230.860000
NaN,NaN,828.970000,208.980000,750.810000,230.860000
NaN,NaN,828.960000,208.980000,750.830000,230.850000
NaN,NaN,828.960000,208.980000,750.820000,230.840000
NaN,NaN,828.960000,208.980000,750.820000,230.830000
NaN,NaN,828.960000,208.980000,750.810000,230.850000
NaN,NaN,828.960000,208.980000,750.810000,230.850000
NaN,NaN,828.960000,208.980000,750.810000,230.850000
NaN,NaN,828.960000,208.980000,750.830000,230.840000
NaN,NaN,828.950000,208.980000,750.810000,230.840000
NaN,NaN,828.960000,208.980000,750.820000,230.830000
NaN,NaN,828.960000,208.980000,750.810000,230.840000
NaN,NaN,828.950000,208.980000,750.780000,230.860000
NaN,NaN,828.950000,208.980000,750.810000,230.850000
NaN,NaN,828.960000,208.970000,750.790000,230.840000
NaN,NaN,828.960000,208.980000,750.800000,230.840000
NaN,NaN,828.950000,208.980000,750.790000,230.820000
NaN,NaN,828.950000,208.980000,750.800000,230.830000
NaN,NaN,828.950000,208.980000,750.800000,230.840000
NaN,NaN,828.960000,208.970000,750.800000,230.840000
NaN,NaN,828.950000,208.970000,750.810000,230.850000
NaN,NaN,828.950000,208.970000,750.800000,230.850000
NaN,NaN,828.950000,208.970000,750.840000,230.840000
NaN,NaN,828.950000,208.970000,750.820000,230.840000
NaN,NaN,828.950000,208.970000,750.810000,230.850000
NaN,NaN,828.950000,208.970000,750.820000,230.840000
NaN,NaN,828.940000,208.970000,750.810000,230.830000
NaN,NaN,828.940000,208.960000,750.810000,230.860000
NaN,NaN,828.940000,208.970000,750.820000,230.860000
NaN,NaN,828.940000,208.970000,750.820000,230.850000
NaN,NaN,828.940000,208.960000,750.820000,230.850000
NaN,NaN,828.940000,208.960000,750.830000,230.850000
NaN,NaN,828.940000,208.960000,750.810000,230.850000
NaN,NaN,828.940000,208.960000,750.830000,230.840000
NaN,NaN,828.930000,208.960000,750.820000,230.840000
NaN,NaN,828.940000,208.960000,750.820000,230.850000
NaN,NaN,828.940000,208.960000,750.830000,230.840000
NaN,NaN,828.940000,208.960000,750.820000,230.830000
NaN,NaN,828.940000,208.960000,750.830000,230.850000
NaN,NaN,828.940000,208.960000,750.830000,230.840000
NaN,NaN,828.940000,208.960000,750.830000,230.840000
NaN,NaN,828.930000,208.950000,750.820000,230.840000
NaN,NaN,828.930000,208.950000,750.800000,230.840000
NaN,NaN,828.920000,208.940000,750.820000,230.850000
NaN,NaN,828.920000,208.950000,750.820000,230.840000
NaN,NaN,828.920000,208.940000,750.810000,230.840000
NaN,NaN,828.920000,208.950000,750.820000,230.830000
NaN,NaN,828.910000,208.950000,750.820000,230.830000
NaN,NaN,828.910000,208.950000,750.800000,230.830000
NaN,NaN,828.910000,208.940000,750.790000,230.830000
NaN,NaN,828.910000,208.940000,750.790000,230.830000
NaN,NaN,828.910000,208.940000,750.800000,230.830000
NaN,NaN,828.910000,208.940000,750.790000,230.830000
NaN,NaN,828.910000,208.940000,750.780000,230.820000
NaN,NaN,828.910000,208.940000,750.770000,230.830000
NaN,NaN,828.900000,208.940000,750.770000,230.830000
NaN,NaN,828.910000,208.930000,750.770000,230.830000
NaN,NaN,828.900000,208.940000,750.770000,230.830000
NaN,NaN,828.900000,208.940000,750.750000,230.830000
NaN,NaN,828.900000,208.930000,750.730000,230.810000
NaN,NaN,828.900000,208.930000,750.710000,230.820000
NaN,NaN,828.900000,208.930000,750.710000,230.820000
NaN,NaN,828.900000,208.930000,750.700000,230.810000
NaN,NaN,828.900000,208.930000,750.700000,230.810000
NaN,NaN,828.900000,208.920000,750.690000,230.810000
NaN,NaN,828.890000,208.930000,750.660000,230.790000
NaN,NaN,828.890000,208.920000,750.650000,230.800000
NaN,NaN,828.890000,208.920000,750.640000,230.810000
NaN,NaN,828.900000,208.920000,750.600000,230.790000
NaN,NaN,828.890000,208.920000,750.600000,230.790000
NaN,NaN,828.890000,208.920000,750.630000,230.780000
NaN,NaN,828.890000,208.920000,750.630000,230.780000
NaN,NaN,828.880000,208.910000,750.620000,230.790000
NaN,NaN,828.890000,208.910000,750.590000,230.770000
NaN,NaN,828.890000,208.910000,750.600000,230.780000
NaN,NaN,828.890000,208.910000,750.590000,230.770000
NaN,NaN,828.890000,208.900000,750.610000,230.770000
NaN,NaN,828.880000,208.910000,750.610000,230.770000
NaN,NaN,828.890000,208.910000,750.600000,230.760000
NaN,NaN,828.890000,208.900000,750.600000,230.780000
NaN,NaN,828.890000,208.900000,750.560000,230.780000
NaN,NaN,828.890000,208.910000,750.560000,230.780000
NaN,NaN,828.880000,208.910000,750.570000,230.770000
NaN,NaN,828.890000,208.900000,750.570000,230.760000
NaN,NaN,828.890000,208.900000,750.580000,230.760000
NaN,NaN,828.880000,208.900000,750.590000,230.770000
NaN,NaN,828.870000,208.900000,750.570000,230.770000
NaN,NaN,828.870000,208.890000,750.560000,230.740000
NaN,NaN,828.870000,208.890000,750.550000,230.740000
NaN,NaN,828.860000,208.900000,750.540000,230.740000
NaN,NaN,828.860000,208.890000,750.570000,230.740000
NaN,NaN,828.860000,208.890000,750.560000,230.730000
NaN,NaN,828.860000,208.900000,750.550000,230.740000
NaN,NaN,828.860000,208.890000,750.560000,230.740000
NaN,NaN,828.860000,208.900000,750.550000,230.740000
NaN,NaN,828.860000,208.890000,750.550000,230.740000
NaN,NaN,828.860000,208.890000,750.550000,230.750000
NaN,NaN,828.860000,208.890000,750.560000,230.740000
NaN,NaN,828.860000,208.880000,750.570000,230.740000
NaN,NaN,828.850000,208.880000,750.520000,230.750000
NaN,NaN,828.850000,208.880000,750.290000,230.790000
NaN,NaN,828.850000,208.880000,750.290000,230.790000
NaN,NaN,828.840000,208.880000,750.300000,230.770000
NaN,NaN,828.840000,208.880000,750.290000,230.780000
NaN,NaN,828.840000,208.870000,750.290000,230.780000
NaN,NaN,828.830000,208.870000,750.290000,230.780000
NaN,NaN,828.830000,208.870000,750.300000,230.800000
NaN,NaN,828.830000,208.860000,750.300000,230.780000
NaN,NaN,828.840000,208.870000,750.310000,230.780000
NaN,NaN,828.840000,208.860000,750.300000,230.780000
NaN,NaN,828.830000,208.860000,750.320000,230.790000
NaN,NaN,828.830000,208.860000,750.330000,230.790000
NaN,NaN,828.820000,208.860000,750.320000,230.810000
NaN,NaN,828.820000,208.860000,750.320000,230.810000
NaN,NaN,828.820000,208.850000,750.310000,230.810000
NaN,NaN,828.820000,208.860000,750.300000,230.800000
NaN,NaN,828.820000,208.850000,750.310000,230.790000
NaN,NaN,828.820000,208.850000,750.340000,230.810000
NaN,NaN,828.820000,208.840000,750.350000,230.800000
NaN,NaN,828.810000,208.840000,750.340000,230.800000
NaN,NaN,828.810000,208.850000,750.340000,230.800000
NaN,NaN,828.810000,208.850000,750.340000,230.810000
NaN,NaN,828.810000,208.840000,750.360000,230.810000
NaN,NaN,828.810000,208.840000,750.380000,230.800000
NaN,NaN,828.810000,208.840000,750.380000,230.810000
NaN,NaN,828.810000,208.840000,750.380000,230.820000
NaN,NaN,828.810000,208.830000,750.380000,230.810000
NaN,NaN,828.800000,208.840000,750.390000,230.800000
NaN,NaN,828.800000,208.840000,750.390000,230.810000
NaN,NaN,828.800000,208.830000,750.400000,230.810000
NaN,NaN,828.800000,208.830000,750.390000,230.800000
NaN,NaN,828.800000,208.830000,750.400000,230.810000
NaN,NaN,828.790000,208.820000,750.390000,230.830000
NaN,NaN,828.790000,208.820000,750.340000,230.840000
NaN,NaN,828.790000,208.820000,750.340000,230.840000
NaN,NaN,828.790000,208.820000,750.330000,230.830000
NaN,NaN,828.780000,208.810000,750.370000,230.820000
NaN,NaN,828.780000,208.810000,750.360000,230.820000
NaN,NaN,828.780000,208.810000,750.370000,230.820000
NaN,NaN,828.770000,208.810000,750.350000,230.830000
NaN,NaN,828.770000,208.810000,750.340000,230.830000
NaN,NaN,828.780000,208.810000,750.350000,230.820000
NaN,NaN,828.780000,208.800000,750.370000,230.820000
NaN,NaN,828.770000,208.800000,750.350000,230.820000
NaN,NaN,828.770000,208.810000,750.350000,230.810000
NaN,NaN,828.760000,208.800000,750.370000,230.810000
NaN,NaN,828.770000,208.790000,750.370000,230.820000
NaN,NaN,828.760000,208.790000,750.370000,230.840000
NaN,NaN,828.750000,208.790000,750.350000,230.830000
NaN,NaN,828.750000,208.780000,750.370000,230.830000
NaN,NaN,828.750000,208.780000,750.350000,230.830000
NaN,NaN,828.750000,208.780000,750.350000,230.830000
NaN,NaN,828.740000,208.780000,750.350000,230.840000
NaN,NaN,828.730000,208.780000,750.340000,230.830000
NaN,NaN,828.740000,208.770000,750.360000,230.830000
NaN,NaN,828.730000,208.770000,750.350000,230.830000
NaN,NaN,828.730000,208.770000,750.350000,230.820000
NaN,NaN,828.720000,208.770000,750.330000,230.810000
NaN,NaN,828.720000,208.770000,750.360000,230.830000
NaN,NaN,828.720000,208.760000,750.380000,230.820000
NaN,NaN,828.730000,208.760000,750.340000,230.830000
NaN,NaN,828.710000,208.760000,750.360000,230.820000
NaN,NaN,828.700000,208.750000,750.340000,230.860000
NaN,NaN,828.700000,208.750000,750.330000,230.860000
NaN,NaN,828.710000,208.740000,750.370000,230.860000
NaN,NaN,828.710000,208.740000,750.380000,230.860000
NaN,NaN,828.700000,208.740000,750.370000,230.860000
NaN,NaN,828.690000,208.730000,750.380000,230.860000
NaN,NaN,828.700000,208.720000,750.380000,230.860000
NaN,NaN,828.690000,208.720000,750.380000,230.860000
NaN,NaN,828.690000,208.720000,750.390000,230.860000
NaN,NaN,828.690000,208.730000,750.400000,230.870000
NaN,NaN,828.700000,208.710000,750.400000,230.880000
NaN,NaN,828.690000,208.710000,750.410000,230.890000
NaN,NaN,828.690000,208.700000,750.460000,230.880000
NaN,NaN,828.680000,208.710000,750.720000,230.860000
NaN,NaN,828.680000,208.700000,750.730000,230.850000
NaN,NaN,828.650000,208.700000,750.720000,230.870000
NaN,NaN,828.640000,208.710000,750.730000,230.870000
NaN,NaN,828.650000,208.700000,750.760000,230.870000
NaN,NaN,828.650000,208.700000,750.770000,230.870000
NaN,NaN,828.650000,208.690000,750.770000,230.870000
NaN,NaN,828.650000,208.690000,750.780000,230.890000
NaN,NaN,828.650000,208.690000,750.790000,230.880000
NaN,NaN,828.640000,208.690000,750.800000,230.880000
NaN,NaN,828.630000,208.680000,750.800000,230.890000
NaN,NaN,828.630000,208.680000,750.810000,230.880000
NaN,NaN,828.630000,208.670000,750.800000,230.890000
NaN,NaN,828.610000,208.680000,750.810000,230.890000
NaN,NaN,828.610000,208.670000,750.820000,230.890000
NaN,NaN,828.610000,208.670000,750.820000,230.890000
NaN,NaN,828.600000,208.670000,750.840000,230.880000
NaN,NaN,828.580000,208.660000,750.840000,230.900000
NaN,NaN,828.580000,208.660000,750.840000,230.900000
NaN,NaN,828.580000,208.650000,750.820000,230.900000
NaN,NaN,828.570000,208.660000,750.840000,230.900000
NaN,NaN,828.570000,208.650000,750.850000,230.900000
NaN,NaN,828.570000,208.660000,750.850000,230.900000
NaN,NaN,828.570000,208.650000,750.870000,230.890000
NaN,NaN,828.570000,208.650000,750.860000,230.890000
NaN,NaN,828.560000,208.640000,750.850000,230.900000
NaN,NaN,828.550000,208.630000,750.860000,230.890000
NaN,NaN,828.550000,208.620000,750.870000,230.900000
NaN,NaN,828.560000,208.630000,750.880000,230.910000
NaN,NaN,828.550000,208.620000,750.880000,230.910000
NaN,NaN,828.530000,208.620000,750.880000,230.920000
NaN,NaN,828.530000,208.620000,750.890000,230.930000
NaN,NaN,828.490000,208.610000,750.870000,230.940000
NaN,NaN,828.180000,208.730000,750.880000,230.940000
NaN,NaN,828.180000,208.720000,750.880000,230.940000
NaN,NaN,828.180000,208.720000,750.890000,230.940000
NaN,NaN,828.180000,208.720000,750.900000,230.940000
NaN,NaN,828.180000,208.700000,750.900000,230.940000
NaN,NaN,828.170000,208.710000,750.890000,230.930000
NaN,NaN,828.170000,208.700000,750.900000,230.930000
NaN,NaN,828.170000,208.700000,750.910000,230.930000
NaN,NaN,828.160000,208.700000,750.920000,230.920000
NaN,NaN,828.150000,208.690000,750.930000,230.920000
NaN,NaN,828.150000,208.690000,750.910000,230.930000
NaN,NaN,828.140000,208.680000,750.910000,230.920000
NaN,NaN,828.130000,208.670000,750.900000,230.930000
NaN,NaN,828.130000,208.660000,750.900000,230.940000
NaN,NaN,828.100000,208.660000,750.910000,230.920000
NaN,NaN,828.110000,208.650000,750.910000,230.920000
NaN,NaN,828.100000,208.650000,750.930000,230.910000
NaN,NaN,828.100000,208.640000,750.930000,230.910000
NaN,NaN,828.100000,208.640000,750.940000,230.900000
NaN,NaN,828.100000,208.620000,750.950000,230.900000
NaN,NaN,828.090000,208.620000,750.940000,230.910000
NaN,NaN,828.090000,208.610000,750.960000,230.910000
NaN,NaN,828.080000,208.620000,750.950000,230.900000
NaN,NaN,828.070000,208.610000,750.940000,230.910000
NaN,NaN,828.070000,208.600000,750.940000,230.910000
NaN,NaN,828.060000,208.600000,750.920000,230.910000
NaN,NaN,828.060000,208.600000,750.930000,230.920000
NaN,NaN,828.060000,208.580000,750.960000,230.930000
NaN,NaN,828.050000,208.580000,750.940000,230.930000
NaN,NaN,828.040000,208.560000,750.960000,230.920000
NaN,NaN,828.040000,208.560000,750.950000,230.920000
NaN,NaN,828.040000,208.550000,750.960000,230.910000
NaN,NaN,828.030000,208.550000,750.930000,230.920000
NaN,NaN,828.020000,208.550000,750.940000,230.930000
NaN,NaN,828.020000,208.540000,750.940000,230.940000
NaN,NaN,828.010000,208.540000,750.940000,230.920000
NaN,NaN,828.010000,208.530000,750.940000,230.920000
NaN,NaN,828.010000,208.520000,750.940000,230.920000
NaN,NaN,828.000000,208.520000,750.950000,230.920000
NaN,NaN,828.020000,208.480000,750.950000,230.920000
NaN,NaN,828.040000,208.360000,750.930000,230.920000
NaN,NaN,828.040000,208.350000,750.940000,230.920000
NaN,NaN,828.030000,208.360000,750.970000,230.930000
NaN,NaN,828.030000,208.340000,750.960000,230.910000
NaN,NaN,828.010000,208.340000,750.970000,230.920000
NaN,NaN,828.010000,208.330000,750.950000,230.920000
NaN,NaN,828.010000,208.320000,750.950000,230.920000
NaN,NaN,828.010000,208.320000,750.950000,230.920000
NaN,NaN,828.000000,208.310000,750.930000,230.930000
NaN,NaN,827.990000,208.310000,750.940000,230.930000
NaN,NaN,827.990000,208.300000,750.940000,230.940000
NaN,NaN,827.990000,208.290000,750.940000,230.940000
NaN,NaN,827.980000,208.280000,750.930000,230.930000
NaN,NaN,827.970000,208.280000,750.940000,230.920000
NaN,NaN,827.970000,208.260000,750.920000,230.930000
NaN,NaN,827.960000,208.270000,750.940000,230.920000
NaN,NaN,827.950000,208.260000,750.950000,230.930000
NaN,NaN,827.950000,208.250000,750.940000,230.930000
NaN,NaN,827.940000,208.240000,750.940000,230.930000
NaN,NaN,827.930000,208.250000,750.980000,230.920000
NaN,NaN,827.930000,208.230000,750.960000,230.920000
NaN,NaN,827.920000,208.230000,750.970000,230.920000
NaN,NaN,827.910000,208.230000,750.970000,230.930000
NaN,NaN,827.910000,208.220000,750.980000,230.940000
NaN,NaN,827.910000,208.210000,750.990000,230.930000
NaN,NaN,827.900000,208.210000,750.990000,230.930000
NaN,NaN,827.890000,208.210000,750.980000,230.940000
NaN,NaN,827.890000,208.210000,750.970000,230.940000
NaN,NaN,827.890000,208.200000,750.970000,230.950000
NaN,NaN,827.880000,208.200000,750.970000,230.950000
NaN,NaN,827.870000,208.190000,750.980000,230.940000
NaN,NaN,827.870000,208.190000,750.990000,230.950000
NaN,NaN,827.870000,208.180000,751.000000,230.960000
NaN,NaN,827.860000,208.180000,751.000000,230.950000
NaN,NaN,827.840000,208.140000,750.980000,230.950000
NaN,NaN,827.840000,208.140000,750.980000,230.950000
NaN,NaN,827.840000,208.140000,750.970000,230.960000
NaN,NaN,827.830000,208.140000,750.990000,230.960000
NaN,NaN,827.830000,208.140000,750.990000,230.950000
NaN,NaN,827.820000,208.140000,750.980000,230.960000
NaN,NaN,827.810000,208.130000,751.000000,230.950000
NaN,NaN,827.810000,208.130000,750.990000,230.950000
NaN,NaN,827.800000,208.130000,751.010000,230.960000
NaN,NaN,827.780000,208.120000,750.990000,230.950000
NaN,NaN,827.780000,208.110000,751.000000,230.950000
NaN,NaN,827.780000,208.110000,750.990000,230.970000
NaN,NaN,827.770000,208.110000,750.990000,230.970000
NaN,NaN,827.770000,208.100000,751.000000,230.970000
NaN,NaN,827.760000,208.090000,751.000000,230.960000
NaN,NaN,827.750000,208.080000,751.040000,230.970000
NaN,NaN,827.740000,208.080000,751.020000,230.990000
NaN,NaN,827.730000,208.090000,751.030000,230.980000
NaN,NaN,827.720000,208.100000,751.030000,230.960000
NaN,NaN,827.720000,208.080000,751.010000,230.980000
NaN,NaN,827.700000,208.080000,751.020000,230.970000
NaN,NaN,827.710000,208.080000,751.020000,230.970000
NaN,NaN,827.700000,208.070000,751.020000,230.980000
NaN,NaN,827.700000,208.060000,751.040000,230.980000
NaN,NaN,827.680000,208.060000,751.050000,230.990000
NaN,NaN,827.670000,208.060000,751.050000,230.980000
NaN,NaN,827.660000,208.060000,751.040000,230.980000
NaN,NaN,827.650000,208.060000,751.050000,230.980000
NaN,NaN,827.650000,208.050000,751.060000,230.990000
NaN,NaN,827.640000,208.050000,751.080000,230.980000
NaN,NaN,827.620000,208.030000,751.909003,228.420644
NaN,NaN,827.610000,208.030000,751.626184,228.420644
NaN,NaN,827.600000,208.040000,752.010000,228.000000
NaN,NaN,827.580000,208.040000,752.020000,228.000000
NaN,NaN,827.570000,208.040000,752.030000,228.000000
NaN,NaN,827.560000,208.040000,752.040000,227.990000
NaN,NaN,827.560000,208.040000,752.040000,228.010000
NaN,NaN,827.540000,208.030000,752.060000,228.000000
NaN,NaN,827.540000,208.030000,752.070000,228.010000
NaN,NaN,827.530000,208.030000,752.080000,228.010000
NaN,NaN,827.520000,208.030000,752.080000,228.010000
NaN,NaN,827.500000,208.030000,752.130000,228.020000
NaN,NaN,827.180000,208.130000,752.120000,228.030000
NaN,NaN,827.170000,208.130000,752.120000,228.020000
NaN,NaN,827.160000,208.130000,752.150000,228.020000
NaN,NaN,827.140000,208.130000,752.190000,228.040000
NaN,NaN,827.140000,208.130000,752.200000,228.030000
NaN,NaN,827.130000,208.120000,752.190000,228.030000
NaN,NaN,827.120000,208.110000,752.160000,228.030000
NaN,NaN,827.110000,208.120000,752.180000,228.030000
NaN,NaN,827.110000,208.120000,752.200000,228.030000
NaN,NaN,827.110000,208.110000,752.210000,228.020000
NaN,NaN,827.100000,208.110000,752.210000,228.020000
NaN,NaN,827.090000,208.120000,752.220000,228.020000
NaN,NaN,827.090000,208.110000,752.210000,228.030000
NaN,NaN,827.070000,208.110000,752.220000,228.030000
NaN,NaN,827.060000,208.100000,752.220000,228.040000
NaN,NaN,827.060000,208.090000,752.230000,228.020000
NaN,NaN,827.050000,208.090000,752.220000,228.030000
NaN,NaN,827.040000,208.090000,752.230000,228.020000
NaN,NaN,827.040000,208.080000,752.250000,228.040000
NaN,NaN,827.030000,208.080000,752.240000,228.020000
NaN,NaN,827.020000,208.080000,752.250000,228.040000
NaN,NaN,827.010000,208.080000,752.270000,228.030000
NaN,NaN,827.020000,208.080000,752.260000,228.040000
NaN,NaN,827.010000,208.070000,752.280000,228.050000
NaN,NaN,827.000000,208.070000,752.260000,228.050000
NaN,NaN,827.000000,208.060000,752.270000,228.060000
NaN,NaN,826.990000,208.060000,752.280000,228.040000
NaN,NaN,826.990000,208.060000,752.270000,228.040000
NaN,NaN,826.970000,208.050000,752.290000,228.030000
NaN,NaN,826.970000,208.050000,752.290000,228.040000
NaN,NaN,826.960000,208.040000,752.290000,228.030000
NaN,NaN,826.960000,208.040000,752.290000,228.020000
NaN,NaN,826.950000,208.030000,752.290000,228.010000
NaN,NaN,826.940000,208.020000,752.300000,228.020000
NaN,NaN,826.930000,208.020000,752.300000,228.010000
NaN,NaN,826.930000,208.020000,752.300000,228.010000
NaN,NaN,826.920000,208.010000,752.270000,228.010000
NaN,NaN,826.910000,208.010000,752.270000,228.000000
NaN,NaN,826.900000,208.000000,752.250000,228.010000
NaN,NaN,826.900000,208.000000,752.250000,228.010000
NaN,NaN,826.890000,207.990000,752.260000,228.020000
NaN,NaN,826.870000,207.980000,752.270000,228.000000
NaN,NaN,826.860000,207.990000,752.260000,228.000000
NaN,NaN,826.860000,207.980000,752.260000,228.010000
NaN,NaN,826.850000,207.970000,752.260000,228.000000
NaN,NaN,826.850000,207.960000,752.270000,228.010000
NaN,NaN,826.840000,207.960000,752.250000,228.010000
NaN,NaN,826.830000,207.960000,752.250000,227.990000
NaN,NaN,826.800000,207.940000,752.290000,228.000000
NaN,NaN,826.800000,207.940000,752.280000,228.000000
NaN,NaN,826.780000,207.950000,752.270000,228.000000
NaN,NaN,826.780000,207.930000,752.280000,228.000000
NaN,NaN,826.760000,207.930000,752.280000,228.000000
NaN,NaN,826.760000,207.930000,752.270000,228.000000
NaN,NaN,826.750000,207.920000,752.270000,228.000000
NaN,NaN,826.740000,207.920000,752.270000,228.000000
NaN,NaN,826.740000,207.920000,752.260000,228.010000
NaN,NaN,826.730000,207.920000,752.280000,228.000000
NaN,NaN,826.720000,207.910000,752.270000,228.000000
NaN,NaN,826.710000,207.900000,752.270000,228.000000
NaN,NaN,826.700000,207.900000,752.191821,227.378007
NaN,NaN,826.690000,207.890000,752.000000,227.000000
NaN,NaN,826.690000,207.890000,751.990000,227.010000
NaN,NaN,826.650000,207.890000,752.000000,227.020000
NaN,NaN,826.640000,207.880000,751.990000,227.010000
NaN,NaN,826.630000,207.880000,751.980000,227.010000
NaN,NaN,826.620000,207.880000,751.990000,226.990000
NaN,NaN,826.610000,207.870000,751.990000,227.000000
NaN,NaN,826.610000,207.870000,751.990000,227.000000
NaN,NaN,826.590000,207.870000,751.990000,227.000000
NaN,NaN,826.570000,207.860000,752.010000,226.990000
NaN,NaN,826.560000,207.870000,752.010000,226.990000
NaN,NaN,826.560000,207.850000,752.010000,227.000000
NaN,NaN,826.540000,207.850000,752.000000,227.000000
NaN,NaN,826.530000,207.850000,752.000000,227.000000
NaN,NaN,826.490000,207.850000,752.010000,227.000000
NaN,NaN,826.170000,207.960000,752.010000,226.990000
NaN,NaN,826.160000,207.960000,752.010000,226.990000
NaN,NaN,826.140000,207.940000,752.000000,227.000000
NaN,NaN,826.130000,207.940000,752.010000,227.000000
NaN,NaN,826.120000,207.950000,752.000000,227.000000
NaN,NaN,826.110000,207.940000,752.010000,226.990000
NaN,NaN,826.100000,207.920000,752.010000,226.990000
NaN,NaN,826.090000,207.920000,752.010000,226.980000
NaN,NaN,826.090000,207.920000,752.020000,226.980000
NaN,NaN,826.090000,207.910000,752.010000,226.980000
NaN,NaN,826.070000,207.910000,752.010000,226.980000
NaN,NaN,826.070000,207.880000,752.010000,226.980000
NaN,NaN,826.060000,207.880000,752.000000,226.980000
NaN,NaN,826.050000,207.880000,752.000000,226.990000
NaN,NaN,826.030000,207.880000,752.010000,226.980000
NaN,NaN,826.020000,207.870000,752.000000,226.970000
NaN,NaN,826.020000,207.860000,752.010000,226.960000
NaN,NaN,826.010000,207.830000,751.990000,226.980000
NaN,NaN,826.000000,207.820000,751.990000,226.960000
NaN,NaN,826.000000,207.810000,752.000000,226.950000
NaN,NaN,825.990000,207.800000,751.980000,226.950000
NaN,NaN,825.980000,207.790000,751.980000,226.940000
NaN,NaN,825.970000,207.780000,751.980000,226.940000
NaN,NaN,825.960000,207.770000,752.000000,226.920000
NaN,NaN,825.950000,207.760000,751.960000,226.920000
NaN,NaN,825.940000,207.750000,751.960000,226.920000
NaN,NaN,825.930000,207.750000,751.960000,226.910000
NaN,NaN,825.920000,207.740000,751.940000,226.910000
NaN,NaN,825.920000,207.710000,751.930000,226.900000
NaN,NaN,825.900000,207.710000,751.910000,226.900000
NaN,NaN,825.890000,207.690000,751.900000,226.890000
NaN,NaN,825.880000,207.680000,751.890000,226.880000
NaN,NaN,825.860000,207.660000,751.870000,226.840000
NaN,NaN,825.860000,207.650000,751.870000,226.840000
NaN,NaN,825.860000,207.620000,751.850000,226.860000
NaN,NaN,825.840000,207.630000,751.840000,226.860000
NaN,NaN,825.830000,207.610000,751.840000,226.850000
NaN,NaN,825.840000,207.560000,751.850000,226.840000
NaN,NaN,825.820000,207.540000,751.830000,226.810000
NaN,NaN,825.820000,207.530000,751.790000,226.810000
NaN,NaN,825.820000,207.490000,751.810000,226.810000
NaN,NaN,825.880000,207.330000,751.800000,226.810000
NaN,NaN,825.890000,207.310000,751.790000,226.790000
NaN,NaN,825.870000,207.300000,751.770000,226.810000
NaN,NaN,825.870000,207.280000,751.790000,226.790000
NaN,NaN,825.840000,207.280000,751.780000,226.770000
NaN,NaN,825.830000,207.250000,751.760000,226.760000
NaN,NaN,825.840000,207.220000,751.909003,226.596029
NaN,NaN,825.820000,207.210000,751.909003,226.596029
NaN,NaN,825.810000,207.200000,751.990000,227.000000
NaN,NaN,825.790000,207.190000,751.990000,227.000000
NaN,NaN,825.780000,207.170000,751.980000,227.000000
NaN,NaN,825.770000,207.160000,751.970000,227.000000
NaN,NaN,825.760000,207.150000,751.960000,227.000000
NaN,NaN,825.740000,207.130000,751.950000,227.000000
NaN,NaN,825.710000,207.120000,751.960000,226.990000
NaN,NaN,825.720000,207.110000,751.960000,226.990000
NaN,NaN,825.690000,207.100000,751.960000,226.980000
NaN,NaN,825.670000,207.090000,751.950000,226.980000
NaN,NaN,825.670000,207.060000,751.960000,226.960000
NaN,NaN,825.650000,207.050000,751.950000,226.960000
NaN,NaN,825.640000,207.040000,751.950000,226.960000
NaN,NaN,825.580000,207.040000,751.920000,226.950000
NaN,NaN,825.570000,207.030000,751.930000,226.950000
NaN,NaN,825.550000,207.020000,751.910000,226.940000
NaN,NaN,825.540000,207.000000,751.900000,226.940000
NaN,NaN,825.470000,207.020000,751.910000,226.950000
NaN,NaN,825.090000,207.140000,751.910000,226.940000
NaN,NaN,825.060000,207.120000,751.910000,226.940000
NaN,NaN,825.040000,207.110000,751.890000,226.930000
NaN,NaN,825.030000,207.090000,751.890000,226.930000
NaN,NaN,825.030000,207.070000,751.880000,226.920000
NaN,NaN,825.010000,207.050000,751.880000,226.910000
NaN,NaN,825.000000,207.030000,751.880000,226.900000
NaN,NaN,824.980000,207.030000,751.880000,226.900000
NaN,NaN,824.970000,207.010000,751.870000,226.890000
NaN,NaN,824.950000,207.000000,751.850000,226.890000
NaN,NaN,824.930000,206.980000,751.850000,226.890000
NaN,NaN,824.920000,206.970000,751.850000,226.880000
NaN,NaN,824.900000,206.950000,751.840000,226.880000
NaN,NaN,824.890000,206.940000,751.840000,226.870000
NaN,NaN,824.880000,206.930000,751.820000,226.880000
NaN,NaN,824.860000,206.920000,751.830000,226.880000
NaN,NaN,824.850000,206.890000,751.830000,226.870000
NaN,NaN,824.840000,206.870000,751.840000,226.850000
NaN,NaN,824.820000,206.850000,751.830000,226.840000
NaN,NaN,824.800000,206.830000,751.840000,226.830000
NaN,NaN,824.780000,206.810000,751.830000,226.820000
NaN,NaN,824.780000,206.800000,751.820000,226.820000
NaN,NaN,824.760000,206.770000,751.810000,226.820000
NaN,NaN,824.750000,206.760000,751.810000,226.820000
NaN,NaN,824.740000,206.740000,751.790000,226.820000
NaN,NaN,824.730000,206.700000,751.626184,226.856688
NaN,NaN,824.770000,206.650000,751.860000,227.020000
NaN,NaN,824.740000,206.640000,751.990000,227.000000
NaN,NaN,824.680000,206.660000,751.990000,227.000000
NaN,NaN,824.670000,206.630000,751.990000,226.990000
NaN,NaN,824.650000,206.620000,752.000000,226.980000
NaN,NaN,824.610000,206.590000,751.990000,226.990000
NaN,NaN,824.640000,206.500000,751.990000,226.980000
NaN,NaN,824.780000,206.260000,751.980000,226.990000
NaN,NaN,824.770000,206.240000,751.970000,226.980000
NaN,NaN,824.750000,206.220000,751.970000,226.980000
NaN,NaN,824.740000,206.200000,751.970000,226.970000
NaN,NaN,824.710000,206.180000,751.970000,226.980000
NaN,NaN,824.680000,206.150000,751.960000,226.970000
NaN,NaN,824.660000,206.130000,751.960000,226.960000
NaN,NaN,824.650000,206.110000,751.950000,226.940000
NaN,NaN,824.630000,206.090000,751.940000,226.950000
NaN,NaN,824.600000,206.070000,751.940000,226.930000
NaN,NaN,824.600000,206.050000,751.930000,226.940000
NaN,NaN,824.550000,206.040000,751.930000,226.930000
NaN,NaN,824.530000,206.020000,751.910000,226.930000
NaN,NaN,824.460000,206.030000,751.890000,226.930000
NaN,NaN,824.050000,206.200000,751.890000,226.930000
NaN,NaN,824.030000,206.170000,751.880000,226.910000
NaN,NaN,824.020000,206.130000,751.880000,226.920000
NaN,NaN,824.000000,206.110000,751.890000,226.910000
NaN,NaN,823.990000,206.080000,751.890000,226.910000
NaN,NaN,823.980000,206.060000,751.890000,226.900000
NaN,NaN,823.970000,206.040000,751.880000,226.890000
NaN,NaN,823.970000,206.010000,751.870000,226.900000
NaN,NaN,823.940000,205.970000,751.870000,226.900000
NaN,NaN,823.940000,205.960000,751.830000,226.890000
NaN,NaN,823.900000,205.960000,751.830000,226.890000
NaN,NaN,823.890000,205.950000,751.820000,226.870000
NaN,NaN,823.890000,205.920000,751.830000,226.870000
NaN,NaN,823.870000,205.890000,751.820000,226.860000
NaN,NaN,823.850000,205.870000,751.820000,226.850000
NaN,NaN,823.830000,205.850000,751.800000,226.860000
NaN,NaN,823.820000,205.830000,751.800000,226.850000
NaN,NaN,823.800000,205.810000,751.800000,226.850000
NaN,NaN,823.800000,205.780000,751.800000,226.840000
NaN,NaN,823.770000,205.760000,751.810000,226.830000
NaN,NaN,823.760000,205.760000,751.800000,226.820000
NaN,NaN,823.740000,205.740000,751.780000,226.840000
NaN,NaN,823.730000,205.720000,751.780000,226.820000
NaN,NaN,823.700000,205.700000,751.770000,226.820000
NaN,NaN,823.700000,205.670000,751.770000,226.820000
NaN,NaN,823.660000,205.660000,751.760000,226.820000
NaN,NaN,823.650000,205.650000,751.770000,226.820000
NaN,NaN,823.650000,205.620000,751.750000,226.810000
NaN,NaN,823.620000,205.600000,751.780000,226.810000
NaN,NaN,823.520000,205.620000,751.780000,226.800000
NaN,NaN,823.020000,205.810000,751.770000,226.810000
NaN,NaN,823.020000,205.800000,751.770000,226.810000
NaN,NaN,823.010000,205.790000,751.750000,226.800000
NaN,NaN,823.010000,205.770000,751.750000,226.800000
NaN,NaN,822.990000,205.750000,751.770000,226.810000
NaN,NaN,822.980000,205.700000,751.770000,226.810000
NaN,NaN,822.960000,205.690000,751.770000,226.810000
NaN,NaN,822.940000,205.650000,751.760000,226.810000
NaN,NaN,822.940000,205.610000,751.740000,226.820000
NaN,NaN,822.900000,205.620000,751.730000,226.820000
NaN,NaN,822.930000,205.530000,751.750000,226.810000
NaN,NaN,823.030000,205.330000,751.730000,226.810000
NaN,NaN,823.010000,205.300000,751.720000,226.810000
NaN,NaN,823.000000,205.260000,751.710000,226.820000
NaN,NaN,822.990000,205.240000,751.750000,226.810000
NaN,NaN,822.980000,205.210000,751.730000,226.810000
NaN,NaN,822.960000,205.190000,751.720000,226.800000
NaN,NaN,822.970000,205.160000,751.700000,226.800000
NaN,NaN,822.950000,205.140000,751.710000,226.810000
NaN,NaN,822.930000,205.130000,751.710000,226.820000
NaN,NaN,822.930000,205.110000,751.700000,226.800000
NaN,NaN,822.880000,205.070000,751.700000,226.790000
NaN,NaN,822.890000,205.050000,751.700000,226.800000
NaN,NaN,822.860000,205.040000,751.909003,225.292733
NaN,NaN,822.860000,205.030000,752.020000,224.750000
NaN,NaN,822.840000,205.020000,752.030000,224.720000
NaN,NaN,822.820000,205.000000,752.000000,224.980000
NaN,NaN,822.810000,204.970000,751.980000,224.970000
NaN,NaN,822.790000,204.960000,751.970000,224.970000
NaN,NaN,822.760000,204.940000,751.970000,224.960000
NaN,NaN,822.760000,204.920000,751.970000,224.950000
NaN,NaN,822.740000,204.910000,751.970000,224.950000
NaN,NaN,822.720000,204.900000,751.970000,224.950000
NaN,NaN,822.710000,204.880000,751.960000,224.960000
NaN,NaN,822.690000,204.840000,751.940000,224.950000
NaN,NaN,822.660000,204.840000,751.960000,224.950000
NaN,NaN,822.640000,204.830000,751.940000,224.950000
NaN,NaN,822.620000,204.830000,751.940000,224.950000
NaN,NaN,822.530000,204.820000,751.930000,224.940000
NaN,NaN,822.070000,205.000000,751.940000,224.930000
NaN,NaN,822.050000,204.980000,751.930000,224.930000
NaN,NaN,822.030000,204.950000,751.920000,224.930000
NaN,NaN,822.020000,204.950000,751.910000,224.930000
NaN,NaN,822.000000,204.920000,751.910000,224.920000
NaN,NaN,821.990000,204.890000,751.910000,224.930000
NaN,NaN,821.980000,204.880000,751.900000,224.920000
NaN,NaN,821.960000,204.860000,751.920000,224.910000
NaN,NaN,821.940000,204.870000,751.910000,224.920000
NaN,NaN,821.930000,204.820000,751.890000,224.910000
NaN,NaN,821.910000,204.790000,751.890000,224.930000
NaN,NaN,821.880000,204.780000,751.900000,224.910000
NaN,NaN,821.870000,204.780000,751.890000,224.910000
NaN,NaN,821.850000,204.760000,751.880000,224.910000
NaN,NaN,821.820000,204.720000,751.870000,224.930000
NaN,NaN,821.810000,204.730000,751.860000,224.910000
NaN,NaN,821.810000,204.720000,751.850000,224.910000
NaN,NaN,821.800000,204.700000,751.870000,224.900000
NaN,NaN,821.780000,204.680000,751.870000,224.900000
NaN,NaN,821.760000,204.660000,751.870000,224.900000
NaN,NaN,821.740000,204.610000,751.850000,224.910000
NaN,NaN,821.720000,204.620000,751.860000,224.900000
NaN,NaN,821.750000,204.560000,751.850000,224.900000
NaN,NaN,821.740000,204.540000,751.850000,224.890000
NaN,NaN,821.740000,204.480000,751.860000,224.890000
NaN,NaN,821.860000,204.270000,751.860000,224.890000
NaN,NaN,821.870000,204.240000,751.860000,224.890000
NaN,NaN,821.850000,204.220000,751.850000,224.890000
NaN,NaN,821.820000,204.200000,751.860000,224.900000
NaN,NaN,821.760000,204.200000,751.860000,224.890000
NaN,NaN,821.760000,204.170000,751.860000,224.890000
NaN,NaN,821.750000,204.150000,751.860000,224.890000
NaN,NaN,821.730000,204.140000,751.870000,224.900000
NaN,NaN,821.710000,204.130000,751.870000,224.900000
NaN,NaN,821.670000,204.130000,751.860000,224.880000
NaN,NaN,821.660000,204.090000,751.860000,224.880000
NaN,NaN,821.630000,204.080000,752.191821,223.989436
NaN,NaN,821.630000,204.070000,751.909003,222.425481
NaN,NaN,821.610000,204.060000,752.030000,221.740000
NaN,NaN,821.570000,204.040000,752.030000,221.740000
NaN,NaN,821.540000,204.010000,752.010000,221.990000
NaN,NaN,821.480000,204.000000,752.010000,221.980000
NaN,NaN,820.980000,204.200000,752.000000,221.980000
NaN,NaN,820.980000,204.150000,752.000000,221.970000
NaN,NaN,820.990000,204.110000,751.980000,221.980000
NaN,NaN,820.940000,204.110000,751.990000,221.970000
NaN,NaN,820.940000,204.090000,751.990000,221.960000
NaN,NaN,820.910000,204.080000,751.980000,221.960000
NaN,NaN,820.890000,204.050000,751.990000,221.960000
NaN,NaN,820.870000,204.040000,751.990000,221.960000
NaN,NaN,820.850000,204.020000,751.990000,221.950000
NaN,NaN,820.830000,203.990000,751.980000,221.950000
NaN,NaN,820.820000,203.970000,751.980000,221.940000
NaN,NaN,820.780000,203.980000,751.970000,221.940000
NaN,NaN,820.760000,203.950000,751.980000,221.930000
NaN,NaN,820.760000,203.940000,751.970000,221.930000
NaN,NaN,820.760000,203.910000,751.960000,221.930000
NaN,NaN,820.710000,203.900000,751.960000,221.930000
NaN,NaN,820.710000,203.890000,751.950000,221.930000
NaN,NaN,820.640000,203.870000,751.950000,221.920000
NaN,NaN,820.650000,203.850000,751.940000,221.910000
NaN,NaN,820.630000,203.840000,751.950000,221.910000
NaN,NaN,820.660000,203.790000,751.940000,221.900000
NaN,NaN,820.600000,203.790000,751.930000,221.900000
NaN,NaN,820.560000,203.780000,751.930000,221.890000
NaN,NaN,820.550000,203.770000,751.890000,221.880000
NaN,NaN,820.530000,203.760000,751.890000,221.880000
NaN,NaN,820.450000,203.740000,751.890000,221.880000
NaN,NaN,819.920000,203.920000,751.870000,221.870000
NaN,NaN,819.370000,204.080000,751.870000,221.850000
NaN,NaN,819.320000,204.080000,751.860000,221.850000
NaN,NaN,819.290000,204.070000,751.860000,221.830000
NaN,NaN,819.260000,204.050000,751.840000,221.830000
NaN,NaN,819.200000,204.040000,751.830000,221.830000
NaN,NaN,819.170000,204.040000,754.171548,221.643503
NaN,NaN,819.160000,204.020000,753.888730,218.515591
NaN,NaN,819.140000,204.000000,754.454367,218.254932
NaN,NaN,819.110000,203.980000,754.120000,217.800000
NaN,NaN,819.110000,203.950000,754.010000,217.790000
NaN,NaN,819.070000,203.940000,753.980000,217.990000
NaN,NaN,819.050000,203.910000,753.970000,217.990000
NaN,NaN,819.000000,203.880000,753.970000,217.990000
NaN,NaN,818.970000,203.890000,753.960000,217.990000
NaN,NaN,818.950000,203.870000,753.950000,217.970000
NaN,NaN,818.960000,203.800000,753.950000,217.960000
NaN,NaN,818.860000,203.780000,753.930000,217.960000
NaN,NaN,818.830000,203.760000,753.940000,217.950000
NaN,NaN,818.790000,203.710000,753.940000,217.930000
NaN,NaN,818.760000,203.670000,753.920000,217.920000
NaN,NaN,818.770000,203.560000,753.930000,217.920000
NaN,NaN,818.810000,203.460000,753.930000,217.910000
NaN,NaN,818.800000,203.420000,753.920000,217.920000
NaN,NaN,818.760000,203.330000,753.920000,217.920000
NaN,NaN,818.740000,203.270000,753.910000,217.910000
NaN,NaN,818.730000,203.210000,753.890000,217.900000
NaN,NaN,818.650000,203.160000,753.870000,217.890000
NaN,NaN,818.630000,203.150000,753.870000,217.900000
NaN,NaN,818.590000,203.060000,753.860000,217.900000
NaN,NaN,818.560000,203.040000,753.860000,217.900000
NaN,NaN,818.510000,202.980000,753.850000,217.890000
NaN,NaN,817.870000,203.220000,753.850000,217.870000
NaN,NaN,817.220000,203.470000,753.830000,217.870000
NaN,NaN,817.190000,203.350000,753.830000,217.870000
NaN,NaN,817.130000,203.260000,753.820000,217.880000
NaN,NaN,817.080000,203.200000,753.820000,217.850000
NaN,NaN,817.020000,203.140000,753.830000,217.850000
NaN,NaN,816.960000,203.090000,753.820000,217.870000
NaN,NaN,816.920000,203.040000,753.840000,217.870000
NaN,NaN,816.870000,202.980000,753.840000,217.860000
NaN,NaN,816.820000,202.960000,753.860000,217.850000
NaN,NaN,816.720000,202.940000,753.850000,217.860000
NaN,NaN,816.690000,202.900000,753.840000,217.860000
NaN,NaN,816.630000,202.840000,753.830000,217.860000
NaN,NaN,816.560000,202.790000,753.840000,217.860000
NaN,NaN,815.880000,203.010000,753.850000,217.860000
NaN,NaN,815.190000,203.200000,753.810000,217.860000
NaN,NaN,815.160000,203.150000,753.860000,217.850000
NaN,NaN,815.110000,203.140000,753.850000,217.830000
NaN,NaN,815.030000,203.070000,753.850000,217.830000
NaN,NaN,814.960000,203.030000,753.850000,217.840000
NaN,NaN,814.890000,203.020000,753.860000,217.840000
NaN,NaN,814.820000,203.000000,753.870000,217.850000
NaN,NaN,814.790000,202.940000,753.870000,217.840000
NaN,NaN,814.750000,202.900000,753.860000,217.840000
NaN,NaN,814.710000,202.890000,753.850000,217.850000
NaN,NaN,814.710000,202.740000,753.860000,217.830000
NaN,NaN,814.710000,202.660000,753.850000,217.840000
NaN,NaN,814.650000,202.620000,753.850000,217.830000
NaN,NaN,814.540000,202.600000,753.850000,217.820000
NaN,NaN,813.790000,202.870000,753.850000,217.830000
NaN,NaN,813.140000,202.970000,753.860000,217.810000
NaN,NaN,812.700000,202.980000,753.860000,217.810000
NaN,NaN,812.600000,202.990000,753.860000,217.810000
NaN,NaN,812.410000,202.970000,753.860000,217.820000
NaN,NaN,812.340000,202.920000,753.850000,217.850000
NaN,NaN,812.240000,202.900000,753.860000,217.860000
NaN,NaN,812.220000,202.900000,753.850000,217.840000
NaN,NaN,812.100000,202.900000,753.850000,217.850000
NaN,NaN,811.960000,202.860000,753.860000,217.850000
NaN,NaN,811.910000,202.790000,753.870000,217.830000
NaN,NaN,811.800000,202.740000,753.870000,217.840000
809.786241,201.051419,811.800000,202.660000,753.850000,217.840000
809.786241,201.051419,811.760000,202.570000,753.860000,217.830000
809.210297,201.051419,811.760000,202.430000,753.860000,217.820000
806.906520,201.051419,811.740000,202.380000,753.850000,217.820000
797.115469,203.136693,811.790000,202.300000,753.850000,217.830000
790.204138,206.003946,811.810000,202.240000,753.880000,217.820000
786.748473,207.828561,811.770000,202.210000,753.870000,217.830000
782.716864,212.259768,811.730000,202.160000,753.860000,217.820000
779.261198,212.520428,811.740000,202.100000,753.820000,217.830000
775.805533,214.866361,811.640000,202.100000,753.850000,217.830000
775.805533,214.866361,811.470000,202.160000,753.840000,217.810000
771.485952,216.169658,810.970000,202.340000,753.840000,217.810000
767.454342,217.994273,810.880000,202.310000,753.790000,217.800000
766.014482,220.340206,810.820000,202.350000,753.800000,217.780000
763.710705,221.382843,810.840000,202.310000,753.820000,217.770000
763.710705,223.728777,810.780000,202.230000,754.454367,217.212295
764.862593,223.728777,810.590000,202.090000,754.070000,216.990000
765.438537,223.728777,810.180000,202.090000,753.980000,217.000000
765.438537,223.728777,810.090000,202.050000,754.000000,216.990000
766.878398,222.946799,810.100000,202.130000,754.010000,216.970000
768.894203,221.904162,809.210297,201.312078,754.010000,216.960000
768.894203,221.904162,808.950000,200.990000,753.980000,216.950000
769.182175,221.643503,808.860000,200.970000,753.990000,216.960000
770.046091,220.600866,808.780000,200.950000,753.990000,216.990000
770.622035,219.818888,808.620000,200.950000,754.000000,216.970000
772.061896,219.297569,808.300000,200.960000,753.980000,216.970000
772.061896,218.776251,808.200000,200.940000,753.990000,216.970000
773.789728,217.994273,808.070000,200.910000,754.000000,216.970000
774.077701,217.733613,807.980000,200.890000,754.000000,216.970000
775.805533,216.951636,807.880000,200.860000,754.000000,216.970000
777.821338,216.169658,807.790000,200.810000,753.990000,216.970000
778.397282,216.169658,807.740000,200.790000,753.990000,216.970000
780.701059,215.908998,807.610000,200.720000,753.980000,216.960000
780.701059,215.908998,807.380000,200.620000,753.980000,216.960000
781.277003,215.387680,807.200000,200.480000,753.980000,216.960000
781.277003,215.387680,807.030000,200.160000,753.980000,216.940000
781.277003,214.866361,806.970000,200.150000,753.970000,216.940000
782.716864,213.563065,806.930000,200.140000,753.970000,216.940000
782.716864,213.563065,806.820000,200.070000,754.000000,216.950000
782.716864,213.563065,806.790000,200.000000,753.990000,216.930000
782.716864,213.563065,806.740000,199.910000,753.970000,216.920000
782.716864,213.563065,806.620000,199.730000,753.960000,216.920000
782.716864,213.563065,806.620000,199.630000,753.970000,216.920000
782.716864,213.563065,806.550000,199.520000,753.970000,216.910000
782.428892,213.563065,806.240000,199.090000,753.970000,216.910000
782.428892,213.563065,806.180000,199.180000,753.980000,216.910000
782.428892,213.563065,806.160000,200.870000,753.980000,216.900000
782.428892,213.563065,805.940000,201.690000,753.980000,216.900000
780.989031,213.563065,805.970000,201.530000,753.980000,216.910000
780.989031,213.563065,805.940000,201.300000,753.980000,216.910000
780.701059,213.563065,805.900000,201.080000,753.970000,216.900000
780.701059,213.563065,805.750000,201.050000,753.970000,216.900000
780.701059,213.563065,805.690000,201.010000,753.970000,216.890000
780.701059,213.563065,805.550000,200.950000,753.950000,216.910000
780.701059,213.563065,805.390000,200.910000,753.960000,216.890000
780.413087,212.259768,805.310000,200.860000,753.970000,216.900000
780.413087,211.217131,805.240000,200.840000,753.970000,216.880000
780.413087,210.174494,805.200000,200.790000,753.960000,216.890000
780.701059,209.131857,805.150000,200.720000,753.950000,216.880000
782.140919,207.828561,805.100000,200.690000,753.960000,216.890000
783.868752,207.046583,805.070000,200.720000,753.940000,216.870000
784.156724,206.785923,805.050000,200.620000,753.950000,216.870000
784.156724,206.785923,805.050000,200.510000,753.950000,216.870000
785.884557,206.003946,805.010000,200.150000,753.950000,216.870000
786.748473,205.221968,804.960000,200.100000,753.950000,216.870000
787.036445,204.961308,804.910000,200.120000,753.950000,216.870000
787.036445,204.961308,804.870000,200.090000,753.940000,216.870000
787.324417,204.439990,804.850000,200.080000,753.930000,216.860000
787.324417,204.179331,804.840000,200.090000,753.950000,216.890000
787.612389,203.658012,804.870000,200.050000,753.920000,216.890000
788.188334,202.876034,804.930000,200.010000,753.920000,216.890000
788.188334,202.876034,804.920000,200.030000,753.930000,216.870000
788.188334,202.876034,804.960000,200.020000,753.920000,216.860000
788.476306,202.876034,804.900000,200.080000,753.910000,216.870000
788.476306,202.876034,804.840000,200.080000,753.910000,216.860000
788.764278,202.354716,804.750000,200.050000,753.920000,216.850000
789.340222,201.572738,804.740000,200.070000,753.910000,216.860000
790.204138,201.051419,804.760000,200.040000,753.910000,216.850000
790.204138,201.051419,804.630000,200.040000,753.920000,216.830000
790.204138,201.051419,804.680000,199.990000,753.910000,216.830000
790.204138,201.051419,804.750000,199.880000,753.910000,216.830000
790.204138,201.051419,804.740000,199.860000,753.900000,216.820000
790.204138,201.051419,804.830000,199.790000,753.870000,216.820000
791.068055,200.790760,804.730000,199.900000,753.880000,216.810000
791.068055,200.790760,804.800000,199.870000,753.860000,216.820000
791.643999,200.790760,804.820000,199.780000,753.870000,216.820000
791.931971,200.530101,804.820000,199.720000,753.890000,216.800000
791.931971,200.530101,804.840000,199.700000,753.880000,216.820000
791.931971,200.530101,804.780000,199.650000,753.870000,216.820000
793.083859,200.530101,804.860000,199.640000,753.860000,216.800000
793.083859,200.530101,804.860000,199.680000,753.850000,216.800000
793.083859,200.530101,804.900000,199.610000,753.840000,216.800000
793.083859,200.530101,804.960000,199.440000,753.840000,216.790000
793.659804,200.530101,805.010000,199.190000,753.850000,216.790000
793.947776,200.269441,805.030000,199.190000,753.850000,216.790000
793.947776,200.269441,805.000000,199.280000,753.850000,216.800000
793.947776,200.269441,805.060000,198.930000,753.840000,216.800000
793.947776,200.269441,805.040000,198.880000,753.830000,216.810000
793.947776,200.269441,805.190000,198.960000,753.810000,216.810000
793.947776,200.269441,805.120000,198.930000,753.800000,216.800000
794.235748,200.269441,805.140000,198.750000,753.800000,216.810000
794.523720,200.269441,805.170000,198.760000,753.800000,216.790000
794.523720,200.269441,805.220000,198.730000,753.790000,216.790000
794.523720,200.269441,805.290000,198.650000,753.790000,216.810000
795.099664,200.269441,805.330000,198.800000,753.770000,216.800000
795.387636,200.269441,805.410000,198.720000,753.790000,216.800000
795.387636,200.269441,805.400000,198.750000,753.780000,216.770000
796.251552,200.269441,805.380000,198.540000,753.780000,216.770000
796.539525,200.269441,805.380000,198.170000,753.790000,216.770000
797.403441,200.008782,805.500000,198.140000,753.790000,216.770000
797.403441,200.008782,805.750000,198.200000,753.780000,216.770000
797.403441,200.008782,805.640000,198.040000,753.770000,216.790000
797.691413,200.008782,805.800000,198.020000,753.770000,216.770000
797.691413,200.008782,805.960000,198.000000,753.790000,216.750000
797.979385,200.008782,805.930000,197.840000,753.780000,216.750000
800.571134,199.748123,805.940000,198.020000,753.750000,216.760000
801.147078,199.748123,806.030000,198.010000,753.760000,216.760000
801.723022,199.748123,806.090000,197.930000,753.740000,216.750000
801.723022,199.748123,806.080000,198.070000,753.740000,216.770000
801.723022,199.748123,806.070000,198.010000,753.740000,216.750000
802.010995,199.748123,806.030000,198.050000,753.770000,216.760000
803.738827,199.748123,806.060000,197.890000,753.750000,216.760000
804.602743,199.748123,806.120000,198.020000,753.730000,216.750000
804.890716,199.748123,806.030000,198.040000,753.730000,216.740000
804.890716,199.748123,806.070000,198.040000,753.730000,216.740000
804.890716,199.748123,806.090000,198.090000,753.740000,216.750000
805.754632,199.226804,806.070000,198.090000,753.730000,216.740000
806.906520,199.226804,806.160000,198.130000,753.730000,216.760000
806.906520,199.226804,806.300000,198.130000,753.730000,216.740000
808.346381,198.184167,806.310000,198.170000,753.740000,216.740000
808.346381,198.184167,806.460000,198.230000,753.730000,216.730000
808.346381,198.184167,806.710000,198.250000,753.730000,216.710000
808.922325,198.184167,806.730000,198.290000,753.740000,216.720000
809.786241,198.184167,806.840000,198.290000,753.750000,216.710000
809.786241,198.184167,806.890000,198.400000,753.720000,216.720000
810.362185,198.184167,806.900000,198.390000,753.720000,216.730000
810.362185,198.184167,806.880000,198.530000,753.730000,216.730000
810.938130,198.184167,806.880000,198.810000,753.740000,216.730000
NaN,NaN,806.920000,198.810000,753.740000,216.750000
NaN,NaN,808.790000,200.820000,753.730000,216.750000
NaN,NaN,809.010000,200.850000,753.740000,216.730000
NaN,NaN,808.890000,200.840000,753.690000,216.720000
NaN,NaN,808.830000,200.860000,753.710000,216.730000
NaN,NaN,808.790000,200.840000,753.720000,216.720000
NaN,NaN,808.740000,200.870000,753.720000,216.730000
NaN,NaN,808.720000,200.860000,753.740000,216.720000
NaN,NaN,808.750000,200.890000,753.740000,216.740000
NaN,NaN,808.780000,200.840000,753.740000,216.730000
NaN,NaN,808.780000,200.910000,753.750000,216.750000
NaN,NaN,808.810000,200.850000,753.720000,216.730000
NaN,NaN,808.750000,200.830000,753.730000,216.740000
NaN,NaN,808.760000,200.870000,753.730000,216.740000
NaN,NaN,808.760000,200.880000,753.730000,216.730000
NaN,NaN,808.720000,200.880000,753.730000,216.730000
NaN,NaN,808.700000,200.870000,753.720000,216.730000
NaN,NaN,808.690000,200.880000,753.730000,216.740000
NaN,NaN,808.710000,200.880000,753.730000,216.730000
NaN,NaN,808.680000,200.850000,753.710000,216.730000
NaN,NaN,808.640000,200.830000,753.710000,216.750000
NaN,NaN,808.680000,200.910000,753.700000,216.720000
NaN,NaN,808.680000,200.880000,753.690000,216.720000
NaN,NaN,808.720000,200.930000,753.700000,216.720000
NaN,NaN,808.650000,200.920000,753.700000,216.690000
NaN,NaN,808.680000,200.940000,753.680000,216.730000
NaN,NaN,808.650000,200.920000,753.670000,216.730000
NaN,NaN,808.630000,200.980000,753.670000,216.730000
NaN,NaN,808.620000,200.990000,753.680000,216.730000
NaN,NaN,808.650000,200.970000,753.670000,216.710000
NaN,NaN,808.680000,200.980000,753.650000,216.700000
NaN,NaN,808.650000,200.970000,753.680000,216.710000
NaN,NaN,808.700000,200.970000,753.660000,216.720000
NaN,NaN,808.620000,200.980000,753.660000,216.710000
NaN,NaN,808.540000,201.020000,753.660000,216.690000
NaN,NaN,808.420000,200.920000,754.171548,215.127021
NaN,NaN,808.380000,201.000000,754.100000,214.760000
NaN,NaN,808.360000,201.030000,754.010000,214.760000
NaN,NaN,808.340000,201.080000,753.990000,214.970000
NaN,NaN,808.320000,201.120000,754.010000,214.980000
NaN,NaN,808.320000,201.120000,754.000000,214.970000
NaN,NaN,808.390000,201.080000,754.010000,214.970000
NaN,NaN,808.280000,201.160000,754.000000,214.980000
NaN,NaN,808.190000,201.140000,753.990000,214.970000
NaN,NaN,808.190000,201.140000,754.000000,214.970000
NaN,NaN,808.210000,201.150000,754.000000,214.960000
NaN,NaN,808.220000,201.140000,754.000000,214.970000
NaN,NaN,808.130000,201.190000,754.000000,214.960000
NaN,NaN,808.040000,201.280000,753.990000,214.950000
NaN,NaN,807.970000,201.450000,753.980000,214.940000
NaN,NaN,807.860000,202.000000,753.980000,214.930000
NaN,NaN,807.870000,201.920000,753.970000,214.930000
NaN,NaN,807.960000,201.920000,753.980000,214.930000
NaN,NaN,807.940000,201.970000,753.980000,214.920000
NaN,NaN,807.950000,202.000000,753.970000,214.920000
NaN,NaN,807.920000,202.060000,753.970000,214.920000
NaN,NaN,807.870000,202.070000,753.970000,214.910000
NaN,NaN,807.750000,202.070000,753.970000,214.910000
NaN,NaN,807.640000,202.060000,753.970000,214.910000
NaN,NaN,807.600000,202.060000,753.970000,214.900000
NaN,NaN,807.600000,202.140000,753.980000,214.900000
NaN,NaN,807.530000,202.200000,753.970000,214.900000
NaN,NaN,807.350000,202.160000,753.970000,214.890000
NaN,NaN,807.330000,202.200000,753.970000,214.890000
NaN,NaN,807.280000,202.240000,753.960000,214.900000
NaN,NaN,807.340000,202.250000,753.970000,214.910000
NaN,NaN,807.420000,202.300000,753.960000,214.900000
NaN,NaN,807.420000,202.360000,753.950000,214.910000
NaN,NaN,807.480000,202.430000,753.950000,214.900000
NaN,NaN,807.600000,202.490000,753.960000,214.890000
NaN,NaN,807.550000,202.750000,753.970000,214.900000
NaN,NaN,807.620000,202.810000,753.960000,214.890000
NaN,NaN,807.680000,202.850000,753.950000,214.890000
NaN,NaN,807.760000,202.900000,753.960000,214.880000
NaN,NaN,807.810000,202.920000,753.950000,214.880000
NaN,NaN,807.860000,202.980000,753.940000,214.890000
NaN,NaN,807.920000,202.970000,753.960000,214.880000
NaN,NaN,807.970000,202.990000,753.960000,214.870000
NaN,NaN,808.000000,203.040000,753.950000,214.870000
NaN,NaN,808.050000,203.050000,753.940000,214.880000
NaN,NaN,808.140000,203.080000,753.950000,214.870000
NaN,NaN,808.090000,203.120000,753.960000,214.860000
NaN,NaN,808.140000,203.100000,753.930000,214.860000
NaN,NaN,808.180000,203.110000,753.930000,214.870000
NaN,NaN,808.260000,203.090000,753.940000,214.870000
NaN,NaN,808.320000,203.140000,753.940000,214.870000
NaN,NaN,808.350000,203.160000,753.940000,214.880000
NaN,NaN,808.380000,203.180000,753.930000,214.870000
NaN,NaN,808.490000,203.190000,753.950000,214.870000
NaN,NaN,808.700000,203.220000,753.940000,214.870000
NaN,NaN,808.700000,203.220000,753.940000,214.870000
NaN,NaN,808.740000,203.240000,753.920000,214.870000
NaN,NaN,808.780000,203.290000,753.920000,214.850000
NaN,NaN,808.790000,203.370000,753.930000,214.850000
NaN,NaN,808.880000,203.320000,753.940000,214.870000
NaN,NaN,808.900000,203.320000,753.910000,214.880000
NaN,NaN,808.940000,203.290000,753.920000,214.880000
NaN,NaN,808.960000,203.350000,753.920000,214.880000
NaN,NaN,808.980000,203.290000,753.920000,214.870000
NaN,NaN,809.010000,203.290000,753.900000,214.870000
NaN,NaN,809.060000,203.300000,753.910000,214.870000
NaN,NaN,809.060000,203.320000,753.920000,214.860000
NaN,NaN,809.060000,203.320000,753.910000,214.860000
NaN,NaN,809.070000,203.320000,753.910000,214.860000
NaN,NaN,809.090000,203.310000,753.920000,214.860000
NaN,NaN,809.100000,203.280000,753.920000,214.860000
NaN,NaN,809.100000,203.340000,753.920000,214.870000
NaN,NaN,809.100000,203.390000,753.910000,214.870000
NaN,NaN,809.140000,203.370000,753.910000,214.870000
NaN,NaN,809.100000,203.370000,753.920000,214.870000
NaN,NaN,809.050000,203.280000,753.910000,214.880000
NaN,NaN,809.080000,203.320000,753.910000,214.880000
NaN,NaN,809.120000,203.290000,753.910000,214.880000
NaN,NaN,809.150000,203.270000,753.920000,214.880000
NaN,NaN,809.140000,203.310000,753.910000,214.880000
NaN,NaN,809.190000,203.240000,753.910000,214.870000
NaN,NaN,809.160000,203.210000,753.910000,214.860000
NaN,NaN,809.130000,203.250000,753.900000,214.860000
NaN,NaN,809.150000,203.200000,753.900000,214.850000
NaN,NaN,809.050000,203.230000,753.900000,214.850000
NaN,NaN,809.150000,203.180000,753.900000,214.860000
NaN,NaN,809.010000,203.250000,753.890000,214.840000
NaN,NaN,808.990000,203.240000,753.900000,214.840000
NaN,NaN,809.020000,203.180000,753.890000,214.830000
NaN,NaN,809.030000,203.180000,753.900000,214.820000
NaN,NaN,809.000000,203.120000,753.900000,214.850000
NaN,NaN,808.990000,203.070000,753.890000,214.860000
NaN,NaN,808.930000,203.100000,753.880000,214.840000
NaN,NaN,808.900000,203.130000,753.890000,214.840000
NaN,NaN,808.930000,203.100000,753.880000,214.830000
NaN,NaN,808.910000,203.090000,753.870000,214.830000
NaN,NaN,808.910000,203.080000,753.860000,214.840000
NaN,NaN,808.890000,203.040000,753.850000,214.830000
NaN,NaN,808.870000,202.980000,753.860000,214.820000
NaN,NaN,808.810000,203.040000,753.870000,214.830000
NaN,NaN,808.790000,203.010000,753.860000,214.820000
NaN,NaN,808.800000,202.940000,753.860000,214.820000
NaN,NaN,808.850000,202.880000,753.840000,214.830000
NaN,NaN,808.750000,202.940000,753.850000,214.820000
NaN,NaN,808.630000,202.940000,753.840000,214.830000
NaN,NaN,808.660000,202.840000,753.810000,214.840000
NaN,NaN,808.610000,202.890000,753.820000,214.820000
NaN,NaN,808.530000,202.970000,753.840000,214.810000
NaN,NaN,808.230000,203.050000,753.820000,214.820000
NaN,NaN,808.210000,203.040000,753.840000,214.820000
NaN,NaN,808.200000,203.000000,753.840000,214.830000
NaN,NaN,808.210000,203.030000,753.830000,214.810000
NaN,NaN,808.190000,203.010000,753.830000,214.810000
NaN,NaN,808.150000,202.980000,753.820000,214.800000
NaN,NaN,808.170000,202.920000,753.840000,214.810000
NaN,NaN,808.140000,202.900000,753.850000,214.810000
NaN,NaN,808.110000,202.900000,753.830000,214.810000
NaN,NaN,808.030000,202.900000,753.820000,214.800000
NaN,NaN,808.070000,202.850000,753.820000,214.800000
NaN,NaN,808.070000,202.810000,753.820000,214.810000
NaN,NaN,808.020000,202.800000,753.800000,214.800000
NaN,NaN,807.990000,202.780000,753.810000,214.800000
NaN,NaN,807.990000,202.720000,753.800000,214.810000
NaN,NaN,807.980000,202.740000,753.800000,214.800000
NaN,NaN,807.960000,202.720000,753.800000,214.790000
NaN,NaN,807.970000,202.670000,753.790000,214.810000
NaN,NaN,807.920000,202.700000,753.810000,214.810000
NaN,NaN,807.910000,202.710000,753.830000,214.800000
NaN,NaN,807.860000,202.730000,753.810000,214.800000
NaN,NaN,807.870000,202.690000,753.820000,214.810000
NaN,NaN,807.840000,202.660000,753.820000,214.810000
NaN,NaN,807.830000,202.660000,753.800000,214.800000
NaN,NaN,807.800000,202.650000,753.790000,214.800000
NaN,NaN,807.770000,202.640000,753.810000,214.810000
NaN,NaN,807.710000,202.670000,753.800000,214.800000
NaN,NaN,807.720000,202.650000,753.750000,214.780000
NaN,NaN,807.720000,202.630000,753.760000,214.790000
NaN,NaN,807.550000,202.680000,753.770000,214.790000
NaN,NaN,807.390000,202.730000,753.790000,214.790000
NaN,NaN,807.370000,202.700000,753.790000,214.800000
NaN,NaN,807.340000,202.680000,753.770000,214.810000
NaN,NaN,807.300000,202.730000,753.770000,214.790000
NaN,NaN,807.300000,202.690000,753.770000,214.780000
NaN,NaN,807.230000,202.660000,753.780000,214.790000
NaN,NaN,807.260000,202.660000,753.780000,214.790000
NaN,NaN,807.220000,202.660000,753.770000,214.770000
NaN,NaN,807.190000,202.640000,753.760000,214.780000
NaN,NaN,807.170000,202.640000,753.760000,214.780000
NaN,NaN,807.190000,202.610000,753.760000,214.780000
NaN,NaN,807.190000,202.590000,753.770000,214.780000
NaN,NaN,807.190000,202.550000,753.770000,214.780000
NaN,NaN,807.130000,202.570000,753.770000,214.760000
NaN,NaN,807.170000,202.510000,753.790000,214.750000
NaN,NaN,807.360000,202.200000,753.780000,214.760000
NaN,NaN,807.570000,202.110000,753.780000,214.780000
NaN,NaN,807.550000,202.130000,753.780000,214.770000
NaN,NaN,807.550000,202.110000,753.800000,214.760000
NaN,NaN,807.530000,202.100000,753.770000,214.760000
NaN,NaN,807.490000,202.110000,753.780000,214.760000
NaN,NaN,807.310000,202.150000,753.770000,214.750000
NaN,NaN,807.260000,202.150000,753.770000,214.770000
NaN,NaN,807.270000,202.160000,753.750000,214.750000
NaN,NaN,807.330000,202.110000,753.750000,214.750000
NaN,NaN,807.300000,202.100000,753.770000,214.750000
NaN,NaN,807.350000,202.090000,753.760000,214.760000
NaN,NaN,807.240000,202.080000,753.750000,214.750000
NaN,NaN,807.240000,202.070000,753.730000,214.750000
NaN,NaN,807.330000,202.040000,753.740000,214.730000
NaN,NaN,807.300000,202.040000,753.730000,214.740000
NaN,NaN,807.260000,202.030000,753.770000,214.740000
NaN,NaN,807.340000,202.000000,753.770000,214.760000
NaN,NaN,807.350000,201.980000,753.750000,214.750000
NaN,NaN,807.330000,201.990000,753.770000,214.750000
NaN,NaN,807.300000,202.010000,753.780000,214.760000
NaN,NaN,807.350000,201.950000,753.780000,214.750000
NaN,NaN,807.370000,201.950000,753.780000,214.760000
NaN,NaN,807.300000,201.990000,753.770000,214.750000
NaN,NaN,807.330000,201.970000,753.790000,214.740000
NaN,NaN,807.350000,201.950000,753.780000,214.730000
NaN,NaN,807.370000,201.920000,753.780000,214.740000
NaN,NaN,807.270000,201.980000,753.780000,214.760000
NaN,NaN,807.330000,201.970000,753.750000,214.730000
NaN,NaN,807.370000,201.940000,753.760000,214.750000
NaN,NaN,807.360000,201.950000,753.750000,214.740000
NaN,NaN,807.350000,201.950000,753.770000,214.740000
NaN,NaN,807.360000,201.960000,753.760000,214.750000
NaN,NaN,807.370000,201.950000,753.760000,214.760000
NaN,NaN,807.460000,201.930000,753.750000,214.760000
NaN,NaN,807.610000,201.890000,753.760000,214.750000
NaN,NaN,807.690000,201.880000,753.760000,214.740000
NaN,NaN,807.680000,201.850000,753.750000,214.740000
NaN,NaN,807.730000,201.840000,753.740000,214.730000
NaN,NaN,807.660000,201.860000,753.760000,214.730000
NaN,NaN,807.710000,201.850000,753.750000,214.760000
NaN,NaN,807.690000,201.850000,753.750000,214.750000
NaN,NaN,807.720000,201.840000,753.730000,214.740000
NaN,NaN,807.750000,201.810000,753.770000,214.750000
NaN,NaN,807.760000,201.820000,753.740000,214.750000
NaN,NaN,807.770000,201.820000,753.760000,214.750000
NaN,NaN,807.790000,201.810000,753.750000,214.750000
NaN,NaN,807.830000,201.800000,753.760000,214.760000
NaN,NaN,807.870000,201.760000,753.760000,214.760000
NaN,NaN,807.860000,201.790000,753.750000,214.750000
NaN,NaN,807.830000,201.790000,753.750000,214.760000
NaN,NaN,807.880000,201.760000,753.750000,214.760000
NaN,NaN,807.860000,201.770000,753.760000,214.760000
NaN,NaN,807.900000,201.740000,753.750000,214.770000
NaN,NaN,807.880000,201.750000,753.750000,214.770000
NaN,NaN,807.910000,201.760000,753.740000,214.760000
NaN,NaN,807.930000,201.760000,753.780000,214.760000
NaN,NaN,807.940000,201.760000,753.740000,214.740000
NaN,NaN,807.910000,201.750000,753.750000,214.740000
NaN,NaN,807.890000,201.780000,753.730000,214.740000
NaN,NaN,807.900000,201.770000,753.740000,214.750000
NaN,NaN,807.940000,201.740000,753.750000,214.740000
NaN,NaN,807.970000,201.730000,753.740000,214.750000
NaN,NaN,807.990000,201.730000,753.750000,214.740000
NaN,NaN,807.980000,201.740000,753.760000,214.760000
NaN,NaN,808.000000,201.740000,753.740000,214.770000
NaN,NaN,807.970000,201.770000,753.770000,214.760000
NaN,NaN,808.040000,201.680000,753.750000,214.770000
NaN,NaN,808.010000,201.710000,753.740000,214.760000
NaN,NaN,807.980000,201.750000,753.740000,214.760000
NaN,NaN,808.020000,201.700000,753.760000,214.760000
NaN,NaN,807.980000,201.770000,753.750000,214.750000
NaN,NaN,808.070000,201.700000,753.720000,214.720000
NaN,NaN,808.040000,201.720000,753.720000,214.750000
NaN,NaN,808.050000,201.730000,753.740000,214.750000
NaN,NaN,808.060000,201.690000,753.730000,214.750000
NaN,NaN,808.010000,201.780000,753.740000,214.740000
NaN,NaN,808.020000,201.760000,753.750000,214.740000
NaN,NaN,807.980000,201.820000,753.750000,214.730000
NaN,NaN,808.030000,201.750000,753.740000,214.730000
NaN,NaN,808.010000,201.780000,753.730000,214.710000
NaN,NaN,808.050000,201.720000,753.750000,214.710000
NaN,NaN,808.040000,201.780000,753.750000,214.730000
NaN,NaN,807.990000,201.840000,753.750000,214.750000
NaN,NaN,808.040000,201.770000,753.720000,214.740000
NaN,NaN,808.040000,201.780000,753.740000,214.740000
NaN,NaN,808.020000,201.780000,753.740000,214.740000
NaN,NaN,808.130000,201.600000,753.720000,214.750000
NaN,NaN,808.470000,201.130000,753.750000,214.740000
NaN,NaN,808.690000,201.030000,753.750000,214.760000
NaN,NaN,808.690000,201.040000,753.720000,214.750000
NaN,NaN,808.670000,201.030000,753.740000,214.740000
NaN,NaN,808.680000,201.010000,753.780000,214.740000
NaN,NaN,808.660000,201.060000,753.780000,214.730000
NaN,NaN,808.680000,201.040000,753.770000,214.720000
NaN,NaN,808.690000,201.050000,753.770000,214.740000
NaN,NaN,808.700000,201.030000,753.780000,214.740000
NaN,NaN,808.720000,201.010000,753.780000,214.740000
NaN,NaN,808.670000,201.050000,753.770000,214.730000
NaN,NaN,808.640000,201.060000,753.760000,214.750000
NaN,NaN,808.660000,201.070000,753.750000,214.760000
NaN,NaN,808.640000,201.080000,753.750000,214.740000
NaN,NaN,808.570000,201.050000,753.740000,214.760000
NaN,NaN,808.570000,201.110000,753.770000,214.760000
NaN,NaN,808.600000,201.070000,753.760000,214.780000
NaN,NaN,808.640000,201.050000,753.760000,214.780000
NaN,NaN,808.600000,201.090000,753.770000,214.770000
NaN,NaN,808.570000,201.100000,753.770000,214.770000
NaN,NaN,808.530000,201.120000,753.760000,214.770000
NaN,NaN,808.290000,201.240000,753.760000,214.760000
NaN,NaN,808.280000,201.230000,753.760000,214.750000
NaN,NaN,808.230000,201.290000,753.770000,214.750000
NaN,NaN,808.210000,201.270000,753.770000,214.770000
NaN,NaN,808.200000,201.280000,753.760000,214.770000
NaN,NaN,808.240000,201.210000,753.750000,214.770000
NaN,NaN,808.270000,201.190000,753.760000,214.760000
NaN,NaN,808.200000,201.220000,753.760000,214.760000
NaN,NaN,808.180000,201.250000,753.760000,214.750000
NaN,NaN,808.180000,201.330000,753.740000,214.740000
NaN,NaN,808.180000,201.280000,753.730000,214.750000
NaN,NaN,808.180000,201.290000,753.730000,214.750000
NaN,NaN,808.210000,201.210000,753.740000,214.750000
NaN,NaN,808.190000,201.220000,753.760000,214.760000
NaN,NaN,808.200000,201.220000,753.760000,214.750000
NaN,NaN,808.190000,201.170000,753.780000,214.730000
NaN,NaN,808.160000,201.200000,753.760000,214.740000
NaN,NaN,808.180000,201.190000,753.740000,214.730000
NaN,NaN,808.160000,201.210000,753.750000,214.750000
NaN,NaN,808.170000,201.160000,753.750000,214.740000
NaN,NaN,808.140000,201.210000,753.760000,214.740000
NaN,NaN,808.140000,201.120000,753.750000,214.740000
NaN,NaN,808.130000,201.120000,753.750000,214.730000
NaN,NaN,808.100000,201.140000,753.730000,214.740000
NaN,NaN,808.100000,201.140000,753.730000,214.730000
NaN,NaN,808.110000,201.100000,753.720000,214.710000
NaN,NaN,808.100000,201.140000,753.700000,214.720000
NaN,NaN,808.090000,201.150000,753.740000,214.740000
NaN,NaN,808.100000,201.120000,753.730000,214.750000
NaN,NaN,808.070000,201.150000,753.730000,214.740000
NaN,NaN,808.060000,201.160000,753.740000,214.740000
NaN,NaN,808.080000,201.160000,753.730000,214.740000
NaN,NaN,808.100000,201.100000,753.750000,214.760000
NaN,NaN,808.060000,201.120000,753.740000,214.750000
NaN,NaN,808.050000,201.110000,753.760000,214.750000
NaN,NaN,808.060000,201.090000,753.750000,214.750000
NaN,NaN,808.060000,201.070000,753.740000,214.750000
NaN,NaN,808.040000,201.050000,753.750000,214.740000
NaN,NaN,807.980000,201.070000,753.720000,214.710000
NaN,NaN,808.010000,201.060000,753.730000,214.720000
NaN,NaN,808.010000,201.040000,753.720000,214.720000
NaN,NaN,807.970000,201.050000,753.720000,214.720000
NaN,NaN,807.990000,201.030000,753.730000,214.740000
NaN,NaN,807.970000,201.030000,753.720000,214.750000
NaN,NaN,807.970000,201.040000,753.680000,214.750000
NaN,NaN,807.940000,201.010000,753.690000,214.770000
NaN,NaN,807.970000,201.000000,753.730000,214.730000
NaN,NaN,807.970000,201.000000,753.710000,214.730000
NaN,NaN,807.940000,201.020000,753.720000,214.750000
NaN,NaN,807.910000,201.020000,753.740000,214.730000
NaN,NaN,807.910000,201.000000,753.740000,214.730000
NaN,NaN,807.900000,201.030000,753.740000,214.730000
NaN,NaN,807.920000,201.030000,753.750000,214.730000
NaN,NaN,807.880000,200.980000,753.680000,214.730000
NaN,NaN,807.850000,201.000000,753.700000,214.710000
NaN,NaN,807.860000,200.980000,753.710000,214.720000
NaN,NaN,807.830000,200.990000,753.720000,214.720000
NaN,NaN,807.850000,200.960000,753.730000,214.730000
NaN,NaN,807.850000,200.960000,753.710000,214.730000
NaN,NaN,807.820000,201.010000,753.720000,214.730000
NaN,NaN,807.840000,200.960000,753.720000,214.740000
NaN,NaN,807.840000,200.980000,753.720000,214.730000
NaN,NaN,807.810000,200.980000,753.730000,214.730000
NaN,NaN,807.800000,200.890000,753.730000,214.730000
NaN,NaN,807.770000,200.910000,753.720000,214.730000
NaN,NaN,807.720000,200.950000,753.740000,214.720000
NaN,NaN,807.700000,200.970000,753.740000,214.730000
NaN,NaN,807.770000,200.970000,753.730000,214.730000
NaN,NaN,807.700000,200.990000,753.710000,214.710000
NaN,NaN,807.710000,200.970000,753.720000,214.710000
NaN,NaN,807.640000,200.940000,753.720000,214.740000
NaN,NaN,807.650000,200.940000,753.710000,214.740000
NaN,NaN,807.640000,200.940000,753.710000,214.750000
NaN,NaN,807.660000,200.940000,753.710000,214.740000
NaN,NaN,807.650000,200.920000,753.710000,214.740000
NaN,NaN,807.570000,200.930000,753.730000,214.730000
NaN,NaN,807.610000,200.920000,753.720000,214.730000
NaN,NaN,807.630000,200.930000,753.730000,214.740000
NaN,NaN,807.570000,200.910000,753.730000,214.750000
NaN,NaN,807.590000,200.900000,753.730000,214.750000
NaN,NaN,807.550000,200.890000,753.720000,214.740000
NaN,NaN,807.590000,200.860000,753.710000,214.720000
NaN,NaN,807.570000,200.920000,753.730000,214.730000
NaN,NaN,807.560000,200.870000,753.720000,214.730000
NaN,NaN,807.500000,200.970000,753.730000,214.740000
NaN,NaN,807.260000,200.910000,753.760000,214.720000
NaN,NaN,807.280000,200.900000,753.730000,214.720000
NaN,NaN,807.270000,200.920000,753.710000,214.740000
NaN,NaN,807.240000,200.880000,753.740000,214.740000
NaN,NaN,807.240000,200.880000,753.720000,214.740000
NaN,NaN,807.210000,200.900000,753.720000,214.740000
NaN,NaN,807.150000,200.900000,753.710000,214.730000
NaN,NaN,807.190000,200.880000,753.720000,214.730000
NaN,NaN,807.180000,200.860000,753.710000,214.740000
NaN,NaN,807.230000,200.870000,753.710000,214.740000
NaN,NaN,807.190000,200.860000,753.710000,214.730000
NaN,NaN,807.150000,200.930000,753.710000,214.720000
NaN,NaN,807.140000,200.940000,753.720000,214.730000
NaN,NaN,807.180000,200.880000,753.690000,214.760000
NaN,NaN,807.200000,200.830000,753.700000,214.740000
NaN,NaN,807.170000,200.830000,753.710000,214.710000
NaN,NaN,807.220000,200.830000,753.700000,214.730000
NaN,NaN,807.220000,200.880000,753.720000,214.750000
NaN,NaN,807.190000,200.810000,753.720000,214.750000
NaN,NaN,807.180000,200.750000,753.730000,214.750000
NaN,NaN,807.150000,200.830000,753.720000,214.730000
NaN,NaN,807.100000,200.890000,753.690000,214.730000
NaN,NaN,807.090000,200.940000,753.700000,214.740000
NaN,NaN,807.090000,200.870000,753.680000,214.730000
NaN,NaN,807.140000,200.900000,753.680000,214.730000
NaN,NaN,807.120000,200.870000,753.700000,214.730000
NaN,NaN,807.170000,200.850000,753.690000,214.720000
NaN,NaN,807.200000,200.880000,753.700000,214.720000
NaN,NaN,807.100000,200.870000,753.680000,214.760000
NaN,NaN,807.140000,200.840000,753.690000,214.750000
NaN,NaN,807.150000,200.860000,753.710000,214.750000
NaN,NaN,807.100000,200.840000,753.710000,214.720000
NaN,NaN,807.150000,200.840000,753.710000,214.710000
NaN,NaN,807.110000,200.860000,753.710000,214.720000
NaN,NaN,807.110000,200.860000,753.700000,214.710000
NaN,NaN,807.120000,200.870000,753.700000,214.720000
NaN,NaN,807.120000,200.830000,753.690000,214.720000
NaN,NaN,807.100000,200.830000,753.670000,214.720000
NaN,NaN,807.110000,200.800000,753.690000,214.720000
NaN,NaN,807.100000,200.820000,753.690000,214.720000
NaN,NaN,807.110000,200.810000,753.690000,214.720000
NaN,NaN,807.100000,200.800000,753.680000,214.710000
NaN,NaN,807.110000,200.790000,753.680000,214.710000
NaN,NaN,807.090000,200.790000,753.690000,214.760000
NaN,NaN,807.150000,200.750000,753.720000,214.730000
NaN,NaN,807.090000,200.730000,753.730000,214.730000
NaN,NaN,807.120000,200.720000,753.720000,214.740000
NaN,NaN,807.130000,200.680000,753.700000,214.750000
NaN,NaN,807.150000,200.710000,753.700000,214.730000
NaN,NaN,807.130000,200.690000,753.690000,214.720000
NaN,NaN,807.120000,200.690000,753.680000,214.720000
NaN,NaN,807.110000,200.680000,753.690000,214.720000
NaN,NaN,807.070000,200.720000,753.680000,214.720000
NaN,NaN,807.050000,200.560000,753.680000,214.720000
NaN,NaN,807.010000,200.170000,753.710000,214.720000
NaN,NaN,807.030000,200.180000,753.700000,214.720000
NaN,NaN,807.020000,200.130000,753.660000,214.720000
NaN,NaN,807.010000,200.050000,753.680000,214.730000
NaN,NaN,807.020000,200.260000,753.660000,214.710000
NaN,NaN,806.980000,200.250000,753.660000,214.710000
NaN,NaN,806.990000,200.170000,753.660000,214.720000
NaN,NaN,807.000000,200.130000,753.680000,214.730000
NaN,NaN,807.000000,200.090000,753.680000,214.760000
NaN,NaN,806.990000,200.190000,753.680000,214.740000
NaN,NaN,806.950000,200.160000,753.680000,214.730000
NaN,NaN,806.960000,200.150000,753.660000,214.740000
NaN,NaN,806.940000,200.140000,753.680000,214.740000
NaN,NaN,806.920000,200.110000,753.690000,214.730000
NaN,NaN,806.930000,200.110000,753.690000,214.740000
NaN,NaN,806.940000,200.120000,753.670000,214.730000
NaN,NaN,806.930000,200.070000,753.670000,214.740000
NaN,NaN,806.910000,200.020000,753.670000,214.740000
NaN,NaN,806.960000,200.080000,753.630000,214.720000
NaN,NaN,806.980000,200.050000,753.670000,214.730000
NaN,NaN,806.940000,200.010000,753.650000,214.700000
NaN,NaN,806.950000,200.020000,753.660000,214.700000
NaN,NaN,807.000000,200.010000,753.640000,214.720000
NaN,NaN,806.940000,200.010000,753.650000,214.730000
NaN,NaN,806.930000,200.010000,753.650000,214.720000
NaN,NaN,806.920000,199.960000,753.650000,214.720000
NaN,NaN,806.960000,199.930000,753.630000,214.730000
NaN,NaN,806.920000,199.930000,753.650000,214.730000
NaN,NaN,806.930000,199.930000,753.650000,214.710000
NaN,NaN,806.900000,199.980000,753.640000,214.720000
NaN,NaN,806.900000,199.960000,753.640000,214.730000
NaN,NaN,806.900000,199.970000,753.650000,214.710000
NaN,NaN,806.920000,199.930000,753.670000,214.710000
NaN,NaN,806.920000,199.900000,753.660000,214.720000
NaN,NaN,806.900000,200.000000,753.660000,214.710000
NaN,NaN,806.880000,199.990000,753.640000,214.690000
NaN,NaN,806.890000,199.990000,753.630000,214.700000
NaN,NaN,806.890000,199.910000,753.640000,214.710000
NaN,NaN,806.880000,199.900000,753.630000,214.710000
NaN,NaN,806.900000,199.860000,753.630000,214.720000
NaN,NaN,806.890000,199.870000,753.650000,214.720000
NaN,NaN,806.920000,199.920000,753.650000,214.710000
NaN,NaN,806.910000,199.880000,753.670000,214.710000
NaN,NaN,806.870000,199.870000,753.660000,214.710000
NaN,NaN,806.860000,199.850000,753.650000,214.720000
NaN,NaN,806.860000,199.860000,753.630000,214.720000
NaN,NaN,806.890000,199.820000,753.630000,214.720000
NaN,NaN,806.870000,199.810000,753.620000,214.690000
NaN,NaN,806.890000,199.850000,753.630000,214.690000
NaN,NaN,806.830000,199.830000,753.620000,214.680000
NaN,NaN,806.830000,199.820000,753.630000,214.700000
NaN,NaN,806.820000,199.870000,753.640000,214.730000
NaN,NaN,806.860000,199.870000,753.630000,214.730000
NaN,NaN,806.870000,199.870000,753.630000,214.710000
NaN,NaN,806.860000,199.830000,753.640000,214.700000
NaN,NaN,806.840000,199.870000,753.630000,214.710000
NaN,NaN,806.850000,199.900000,753.630000,214.700000
NaN,NaN,NaN,NaN,753.620000,214.720000
NaN,NaN,NaN,NaN,753.630000,214.710000
NaN,NaN,NaN,NaN,753.630000,214.720000
NaN,NaN,NaN,NaN,753.630000,214.710000
NaN,NaN,NaN,NaN,753.620000,214.710000
NaN,NaN,NaN,NaN,753.630000,214.720000
NaN,NaN,NaN,NaN,753.610000,214.710000
NaN,NaN,NaN,NaN,753.610000,214.730000
NaN,NaN,NaN,NaN,753.620000,214.720000
NaN,NaN,NaN,NaN,753.610000,214.720000
NaN,NaN,NaN,NaN,753.640000,214.690000
NaN,NaN,NaN,NaN,753.620000,214.700000
NaN,NaN,NaN,NaN,753.640000,214.700000
NaN,NaN,NaN,NaN,753.630000,214.710000
NaN,NaN,NaN,NaN,753.640000,214.720000
NaN,NaN,NaN,NaN,753.620000,214.710000
NaN,NaN,NaN,NaN,753.610000,214.710000
NaN,NaN,NaN,NaN,753.600000,214.700000
NaN,NaN,NaN,NaN,753.600000,214.700000
NaN,NaN,NaN,NaN,753.610000,214.700000
NaN,NaN,NaN,NaN,753.610000,214.700000
NaN,NaN,NaN,NaN,753.620000,214.720000
NaN,NaN,NaN,NaN,753.590000,214.740000
NaN,NaN,NaN,NaN,753.580000,214.720000
NaN,NaN,NaN,NaN,753.600000,214.700000
NaN,NaN,NaN,NaN,753.590000,214.690000
NaN,NaN,NaN,NaN,753.580000,214.700000
NaN,NaN,NaN,NaN,753.590000,214.690000
NaN,NaN,NaN,NaN,753.570000,214.700000
NaN,NaN,NaN,NaN,753.590000,214.690000
NaN,NaN,NaN,NaN,753.590000,214.710000
NaN,NaN,NaN,NaN,753.600000,214.700000
NaN,NaN,NaN,NaN,753.580000,214.700000
NaN,NaN,NaN,NaN,753.600000,214.700000
NaN,NaN,NaN,NaN,753.570000,214.710000
NaN,NaN,NaN,NaN,753.570000,214.700000
NaN,NaN,NaN,NaN,753.580000,214.710000
NaN,NaN,NaN,NaN,753.590000,214.720000
NaN,NaN,NaN,NaN,753.580000,214.710000
NaN,NaN,NaN,NaN,753.570000,214.690000
NaN,NaN,NaN,NaN,753.580000,214.710000
NaN,NaN,NaN,NaN,753.600000,214.710000
NaN,NaN,NaN,NaN,753.600000,214.720000
NaN,NaN,NaN,NaN,753.590000,214.690000
NaN,NaN,NaN,NaN,753.600000,214.700000
NaN,NaN,NaN,NaN,753.630000,214.720000
NaN,NaN,NaN,NaN,753.620000,214.700000
NaN,NaN,NaN,NaN,753.600000,214.690000
NaN,NaN,NaN,NaN,753.580000,214.700000
NaN,NaN,NaN,NaN,753.610000,214.700000
NaN,NaN,NaN,NaN,753.600000,214.680000
NaN,NaN,NaN,NaN,753.600000,214.690000
NaN,NaN,NaN,NaN,753.600000,214.720000
NaN,NaN,NaN,NaN,753.600000,214.730000
NaN,NaN,NaN,NaN,753.580000,214.710000
NaN,NaN,NaN,NaN,753.570000,214.710000
NaN,NaN,NaN,NaN,753.570000,214.710000
NaN,NaN,NaN,NaN,753.560000,214.700000
NaN,NaN,NaN,NaN,753.580000,214.690000
NaN,NaN,NaN,NaN,753.560000,214.670000
NaN,NaN,NaN,NaN,NaN,NaN
NaN,NaN,NaN,NaN,NaN,NaN
NaN,NaN,NaN,NaN,NaN,NaN
NaN,NaN,NaN,NaN,NaN,NaN
NaN,NaN,NaN,NaN,NaN,NaN
NaN,NaN,NaN,NaN,NaN,NaN
NaN,NaN,NaN,NaN,NaN,NaN
NaN,NaN,NaN,NaN,NaN,NaN
NaN,NaN,NaN,NaN,NaN,NaN
NaN,NaN,NaN,NaN,NaN,NaN
NaN,NaN,NaN,NaN,NaN,NaN
NaN,NaN,NaN,NaN,NaN,NaN
NaN,NaN,NaN,NaN,NaN,NaN
NaN,NaN,NaN,NaN,NaN,NaN
NaN,NaN,NaN,NaN,NaN,NaN
NaN,NaN,NaN,NaN,NaN,NaN
NaN,NaN,NaN,NaN,NaN,NaN
NaN,NaN,NaN,NaN,NaN,NaN
NaN,NaN,NaN,NaN,NaN,NaN
NaN,NaN,NaN,NaN,NaN,NaN
NaN,NaN,NaN,NaN,NaN,NaN
NaN,NaN,NaN,NaN,NaN,NaN
NaN,NaN,NaN,NaN,NaN,NaN
NaN,NaN,NaN,NaN,NaN,NaN
NaN,NaN,NaN,NaN,NaN,NaN
NaN,NaN,NaN,NaN,NaN,NaN
NaN,NaN,NaN,NaN,NaN,NaN
NaN,NaN,NaN,NaN,NaN,NaN
NaN,NaN,NaN,NaN,NaN,NaN
NaN,NaN,NaN,NaN,NaN,NaN
NaN,NaN,NaN,NaN,NaN,NaN
NaN,NaN,NaN,NaN,NaN,NaN
NaN,NaN,NaN,NaN,NaN,NaN
NaN,NaN,NaN,NaN,NaN,NaN
NaN,NaN,NaN,NaN,NaN,NaN
NaN,NaN,NaN,NaN,NaN,NaN
NaN,NaN,NaN,NaN,NaN,NaN
NaN,NaN,NaN,NaN,NaN,NaN
NaN,NaN,NaN,NaN,NaN,NaN
NaN,NaN,NaN,NaN,NaN,NaN
NaN,NaN,NaN,NaN,NaN,NaN
NaN,NaN,NaN,NaN,NaN,NaN
NaN,NaN,NaN,NaN,NaN,NaN
NaN,NaN,NaN,NaN,NaN,NaN
NaN,NaN,NaN,NaN,NaN,NaN
NaN,NaN,NaN,NaN,NaN,NaN
NaN,NaN,NaN,NaN,NaN,NaN
NaN,NaN,NaN,NaN,NaN,NaN
NaN,NaN,NaN,NaN,NaN,NaN
NaN,NaN,NaN,NaN,NaN,NaN
NaN,NaN,NaN,NaN,NaN,NaN
NaN,NaN,NaN,NaN,NaN,NaN
NaN,NaN,NaN,NaN,NaN,NaN
NaN,NaN,NaN,NaN,NaN,NaN
NaN,NaN,NaN,NaN,NaN,NaN
NaN,NaN,NaN,NaN,NaN,NaN
NaN,NaN,NaN,NaN,NaN,NaN
NaN,NaN,NaN,NaN,NaN,NaN
NaN,NaN,NaN,NaN,NaN,NaN
NaN,NaN,NaN,NaN,NaN,NaN
NaN,NaN,NaN,NaN,NaN,NaN
NaN,NaN,NaN,NaN,NaN,NaN
NaN,NaN,NaN,NaN,NaN,NaN
NaN,NaN,NaN,NaN,NaN,NaN
NaN,NaN,NaN,NaN,NaN,NaN
NaN,NaN,NaN,NaN,NaN,NaN
NaN,NaN,NaN,NaN,NaN,NaN
NaN,NaN,NaN,NaN,NaN,NaN
NaN,NaN,NaN,NaN,NaN,NaN
NaN,NaN,NaN,NaN,NaN,NaN
NaN,NaN,NaN,NaN,NaN,NaN
NaN,NaN,NaN,NaN,NaN,NaN
NaN,NaN,NaN,NaN,NaN,NaN
NaN,NaN,NaN,NaN,NaN,NaN
NaN,NaN,NaN,NaN,NaN,NaN
NaN,NaN,NaN,NaN,NaN,NaN
NaN,NaN,NaN,NaN,NaN,NaN
NaN,NaN,NaN,NaN,NaN,NaN
NaN,NaN,NaN,NaN,NaN,NaN
NaN,NaN,NaN,NaN,NaN,NaN
NaN,NaN,NaN,NaN,NaN,NaN
NaN,NaN,NaN,NaN,NaN,NaN
NaN,NaN,NaN,NaN,NaN,NaN
NaN,NaN,NaN,NaN,NaN,NaN
NaN,NaN,NaN,NaN,NaN,NaN
NaN,NaN,NaN,NaN,NaN,NaN
NaN,NaN,NaN,NaN,NaN,NaN
NaN,NaN,NaN,NaN,NaN,NaN
NaN,NaN,NaN,NaN,NaN,NaN
NaN,NaN,NaN,NaN,NaN,NaN
NaN,NaN,NaN,NaN,NaN,NaN
NaN,NaN,NaN,NaN,NaN,NaN
NaN,NaN,NaN,NaN,NaN,NaN
NaN,NaN,NaN,NaN,NaN,NaN
NaN,NaN,NaN,NaN,NaN,NaN
NaN,NaN,NaN,NaN,NaN,NaN
NaN,NaN,NaN,NaN,NaN,NaN
NaN,NaN,NaN,NaN,NaN,NaN
NaN,NaN,NaN,NaN,NaN,NaN
NaN,NaN,NaN,NaN,NaN,NaN
NaN,NaN,NaN,NaN,NaN,NaN
NaN,NaN,NaN,NaN,NaN,NaN
NaN,NaN,NaN,NaN,NaN,NaN
NaN,NaN,NaN,NaN,NaN,NaN
NaN,NaN,NaN,NaN,NaN,NaN
NaN,NaN,NaN,NaN,NaN,NaN
NaN,NaN,NaN,NaN,NaN,NaN
NaN,NaN,NaN,NaN,NaN,NaN
NaN,NaN,NaN,NaN,NaN,NaN
NaN,NaN,NaN,NaN,NaN,NaN
NaN,NaN,NaN,NaN,NaN,NaN
NaN,NaN,NaN,NaN,NaN,NaN
NaN,NaN,NaN,NaN,NaN,NaN
NaN,NaN,NaN,NaN,NaN,NaN
NaN,NaN,NaN,NaN,NaN,NaN
NaN,NaN,NaN,NaN,NaN,NaN
NaN,NaN,NaN,NaN,NaN,NaN
NaN,NaN,NaN,NaN,NaN,NaN
NaN,NaN,NaN,NaN,NaN,NaN
NaN,NaN,NaN,NaN,NaN,NaN
NaN,NaN,NaN,NaN,NaN,NaN
NaN,NaN,NaN,NaN,NaN,NaN
NaN,NaN,NaN,NaN,NaN,NaN
NaN,NaN,NaN,NaN,NaN,NaN
NaN,NaN,NaN,NaN,NaN,NaN
NaN,NaN,NaN,NaN,NaN,NaN
NaN,NaN,NaN,NaN,NaN,NaN
NaN,NaN,NaN,NaN,NaN,NaN
NaN,NaN,NaN,NaN,NaN,NaN
NaN,NaN,NaN,NaN,NaN,NaN
NaN,NaN,NaN,NaN,NaN,NaN
NaN,NaN,NaN,NaN,NaN,NaN
NaN,NaN,NaN,NaN,NaN,NaN
NaN,NaN,NaN,NaN,NaN,NaN
NaN,NaN,NaN,NaN,NaN,NaN
NaN,NaN,NaN,NaN,NaN,NaN
NaN,NaN,NaN,NaN,NaN,NaN
NaN,NaN,NaN,NaN,NaN,NaN
NaN,NaN,NaN,NaN,NaN,NaN
NaN,NaN,NaN,NaN,NaN,NaN
NaN,NaN,NaN,NaN,NaN,NaN
NaN,NaN,NaN,NaN,NaN,NaN
NaN,NaN,NaN,NaN,NaN,NaN
NaN,NaN,NaN,NaN,NaN,NaN
NaN,NaN,NaN,NaN,NaN,NaN
NaN,NaN,NaN,NaN,NaN,NaN
NaN,NaN,NaN,NaN,NaN,NaN
NaN,NaN,NaN,NaN,NaN,NaN
NaN,NaN,NaN,NaN,NaN,NaN
NaN,NaN,NaN,NaN,NaN,NaN
NaN,NaN,NaN,NaN,NaN,NaN
NaN,NaN,NaN,NaN,NaN,NaN
NaN,NaN,NaN,NaN,NaN,NaN
NaN,NaN,NaN,NaN,NaN,NaN
NaN,NaN,NaN,NaN,NaN,NaN
NaN,NaN,NaN,NaN,NaN,NaN
NaN,NaN,NaN,NaN,NaN,NaN
NaN,NaN,NaN,NaN,NaN,NaN
NaN,NaN,NaN,NaN,NaN,NaN
NaN,NaN,NaN,NaN,NaN,NaN
NaN,NaN,NaN,NaN,NaN,NaN
NaN,NaN,NaN,NaN,NaN,NaN
NaN,NaN,NaN,NaN,NaN,NaN
NaN,NaN,NaN,NaN,NaN,NaN
NaN,NaN,NaN,NaN,NaN,NaN
NaN,NaN,NaN,NaN,NaN,NaN
NaN,NaN,NaN,NaN,NaN,NaN
NaN,NaN,NaN,NaN,NaN,NaN
NaN,NaN,NaN,NaN,NaN,NaN
NaN,NaN,NaN,NaN,NaN,NaN
NaN,NaN,NaN,NaN,NaN,NaN
NaN,NaN,NaN,NaN,NaN,NaN
NaN,NaN,NaN,NaN,NaN,NaN
NaN,NaN,NaN,NaN,NaN,NaN
NaN,NaN,NaN,NaN,NaN,NaN
NaN,NaN,NaN,NaN,NaN,NaN
NaN,NaN,NaN,NaN,NaN,NaN
NaN,NaN,NaN,NaN,NaN,NaN
NaN,NaN,NaN,NaN,NaN,NaN
NaN,NaN,NaN,NaN,NaN,NaN
NaN,NaN,NaN,NaN,NaN,NaN
NaN,NaN,NaN,NaN,NaN,NaN
NaN,NaN,NaN,NaN,NaN,NaN
NaN,NaN,NaN,NaN,NaN,NaN
NaN,NaN,NaN,NaN,NaN,NaN
NaN,NaN,NaN,NaN,NaN,NaN
NaN,NaN,NaN,NaN,NaN,NaN
NaN,NaN,NaN,NaN,NaN,NaN
NaN,NaN,NaN,NaN,NaN,NaN
NaN,NaN,NaN,NaN,NaN,NaN
NaN,NaN,NaN,NaN,NaN,NaN
NaN,NaN,NaN,NaN,NaN,NaN
NaN,NaN,NaN,NaN,NaN,NaN
NaN,NaN,NaN,NaN,NaN,NaN
NaN,NaN,NaN,NaN,NaN,NaN
NaN,NaN,NaN,NaN,NaN,NaN
NaN,NaN,NaN,NaN,NaN,NaN
NaN,NaN,NaN,NaN,NaN,NaN
NaN,NaN,NaN,NaN,NaN,NaN
NaN,NaN,NaN,NaN,NaN,NaN
NaN,NaN,NaN,NaN,NaN,NaN
NaN,NaN,NaN,NaN,NaN,NaN
NaN,NaN,NaN,NaN,NaN,NaN
NaN,NaN,NaN,NaN,NaN,NaN
NaN,NaN,NaN,NaN,NaN,NaN
NaN,NaN,NaN,NaN,NaN,NaN
NaN,NaN,NaN,NaN,NaN,NaN
NaN,NaN,NaN,NaN,NaN,NaN
NaN,NaN,NaN,NaN,NaN,NaN
NaN,NaN,NaN,NaN,NaN,NaN
NaN,NaN,NaN,NaN,NaN,NaN
NaN,NaN,NaN,NaN,NaN,NaN
NaN,NaN,NaN,NaN,NaN,NaN
NaN,NaN,NaN,NaN,NaN,NaN
NaN,NaN,NaN,NaN,NaN,NaN
NaN,NaN,NaN,NaN,NaN,NaN
NaN,NaN,NaN,NaN,NaN,NaN
NaN,NaN,NaN,NaN,NaN,NaN
NaN,NaN,NaN,NaN,NaN,NaN
NaN,NaN,NaN,NaN,NaN,NaN
NaN,NaN,NaN,NaN,NaN,NaN
NaN,NaN,NaN,NaN,NaN,NaN
NaN,NaN,NaN,NaN,NaN,NaN
NaN,NaN,NaN,NaN,NaN,NaN
NaN,NaN,NaN,NaN,NaN,NaN
NaN,NaN,NaN,NaN,NaN,NaN
NaN,NaN,NaN,NaN,NaN,NaN
NaN,NaN,NaN,NaN,NaN,NaN
NaN,NaN,NaN,NaN,NaN,NaN
NaN,NaN,NaN,NaN,NaN,NaN
NaN,NaN,NaN,NaN,NaN,NaN
NaN,NaN,NaN,NaN,NaN,NaN
NaN,NaN,NaN,NaN,NaN,NaN
NaN,NaN,NaN,NaN,NaN,NaN
NaN,NaN,NaN,NaN,NaN,NaN
NaN,NaN,NaN,NaN,NaN,NaN
NaN,NaN,NaN,NaN,NaN,NaN
NaN,NaN,NaN,NaN,NaN,NaN
NaN,NaN,NaN,NaN,NaN,NaN
NaN,NaN,NaN,NaN,NaN,NaN
NaN,NaN,NaN,NaN,NaN,NaN
NaN,NaN,NaN,NaN,NaN,NaN
NaN,NaN,NaN,NaN,NaN,NaN
NaN,NaN,NaN,NaN,NaN,NaN
NaN,NaN,NaN,NaN,NaN,NaN
NaN,NaN,NaN,NaN,NaN,NaN
NaN,NaN,NaN,NaN,NaN,NaN
NaN,NaN,NaN,NaN,NaN,NaN
NaN,NaN,NaN,NaN,NaN,NaN
NaN,NaN,NaN,NaN,NaN,NaN
NaN,NaN,NaN,NaN,NaN,NaN
NaN,NaN,NaN,NaN,NaN,NaN
NaN,NaN,NaN,NaN,NaN,NaN
NaN,NaN,NaN,NaN,NaN,NaN
NaN,NaN,NaN,NaN,NaN,NaN
NaN,NaN,NaN,NaN,NaN,NaN
NaN,NaN,NaN,NaN,NaN,NaN
NaN,NaN,NaN,NaN,NaN,NaN
NaN,NaN,NaN,NaN,NaN,NaN
NaN,NaN,NaN,NaN,NaN,NaN
NaN,NaN,NaN,NaN,NaN,NaN
NaN,NaN,NaN,NaN,NaN,NaN
NaN,NaN,NaN,NaN,NaN,NaN
NaN,NaN,NaN,NaN,NaN,NaN
NaN,NaN,NaN,NaN,NaN,NaN
NaN,NaN,NaN,NaN,NaN,NaN
NaN,NaN,NaN,NaN,NaN,NaN
NaN,NaN,NaN,NaN,NaN,NaN
NaN,NaN,NaN,NaN,NaN,NaN
NaN,NaN,NaN,NaN,NaN,NaN
NaN,NaN,NaN,NaN,NaN,NaN
NaN,NaN,NaN,NaN,NaN,NaN
NaN,NaN,NaN,NaN,NaN,NaN
NaN,NaN,NaN,NaN,NaN,NaN
NaN,NaN,NaN,NaN,NaN,NaN
NaN,NaN,NaN,NaN,NaN,NaN
NaN,NaN,NaN,NaN,NaN,NaN
NaN,NaN,NaN,NaN,NaN,NaN
NaN,NaN,NaN,NaN,NaN,NaN
NaN,NaN,NaN,NaN,NaN,NaN
NaN,NaN,NaN,NaN,NaN,NaN
NaN,NaN,NaN,NaN,NaN,NaN
NaN,NaN,NaN,NaN,NaN,NaN
NaN,NaN,NaN,NaN,NaN,NaN
NaN,NaN,NaN,NaN,NaN,NaN
NaN,NaN,NaN,NaN,NaN,NaN
NaN,NaN,NaN,NaN,NaN,NaN
NaN,NaN,NaN,NaN,NaN,NaN
NaN,NaN,NaN,NaN,NaN,NaN
NaN,NaN,NaN,NaN,NaN,NaN
NaN,NaN,NaN,NaN,NaN,NaN
NaN,NaN,NaN,NaN,NaN,NaN
NaN,NaN,NaN,NaN,NaN,NaN
NaN,NaN,NaN,NaN,NaN,NaN
NaN,NaN,NaN,NaN,NaN,NaN
NaN,NaN,NaN,NaN,NaN,NaN
NaN,NaN,NaN,NaN,NaN,NaN
NaN,NaN,NaN,NaN,NaN,NaN
NaN,NaN,NaN,NaN,NaN,NaN
NaN,NaN,NaN,NaN,NaN,NaN
NaN,NaN,NaN,NaN,NaN,NaN
NaN,NaN,NaN,NaN,NaN,NaN
NaN,NaN,NaN,NaN,NaN,NaN
NaN,NaN,NaN,NaN,NaN,NaN
NaN,NaN,NaN,NaN,NaN,NaN
NaN,NaN,NaN,NaN,NaN,NaN
NaN,NaN,NaN,NaN,NaN,NaN
NaN,NaN,NaN,NaN,NaN,NaN
NaN,NaN,NaN,NaN,NaN,NaN
NaN,NaN,NaN,NaN,NaN,NaN
NaN,NaN,NaN,NaN,NaN,NaN
NaN,NaN,NaN,NaN,NaN,NaN
NaN,NaN,NaN,NaN,NaN,NaN
NaN,NaN,NaN,NaN,NaN,NaN
NaN,NaN,NaN,NaN,NaN,NaN
NaN,NaN,NaN,NaN,NaN,NaN
NaN,NaN,NaN,NaN,NaN,NaN
NaN,NaN,NaN,NaN,NaN,NaN
NaN,NaN,NaN,NaN,NaN,NaN
NaN,NaN,NaN,NaN,NaN,NaN
NaN,NaN,NaN,NaN,NaN,NaN
NaN,NaN,NaN,NaN,NaN,NaN
NaN,NaN,NaN,NaN,NaN,NaN
NaN,NaN,NaN,NaN,NaN,NaN
NaN,NaN,NaN,NaN,NaN,NaN
NaN,NaN,NaN,NaN,NaN,NaN
NaN,NaN,NaN,NaN,NaN,NaN
NaN,NaN,NaN,NaN,NaN,NaN
NaN,NaN,NaN,NaN,NaN,NaN
NaN,NaN,NaN,NaN,NaN,NaN
NaN,NaN,NaN,NaN,NaN,NaN
NaN,NaN,NaN,NaN,NaN,NaN
NaN,NaN,NaN,NaN,NaN,NaN
NaN,NaN,NaN,NaN,NaN,NaN
NaN,NaN,NaN,NaN,NaN,NaN
NaN,NaN,NaN,NaN,NaN,NaN
NaN,NaN,NaN,NaN,NaN,NaN
NaN,NaN,NaN,NaN,NaN,NaN
NaN,NaN,NaN,NaN,NaN,NaN
NaN,NaN,NaN,NaN,NaN,NaN
NaN,NaN,NaN,NaN,NaN,NaN
NaN,NaN,NaN,NaN,NaN,NaN
NaN,NaN,NaN,NaN,NaN,NaN
NaN,NaN,NaN,NaN,NaN,NaN
NaN,NaN,NaN,NaN,NaN,NaN
NaN,NaN,NaN,NaN,NaN,NaN
NaN,NaN,NaN,NaN,NaN,NaN
NaN,NaN,NaN,NaN,NaN,NaN
NaN,NaN,NaN,NaN,NaN,NaN
NaN,NaN,NaN,NaN,NaN,NaN
NaN,NaN,NaN,NaN,NaN,NaN
NaN,NaN,NaN,NaN,NaN,NaN
NaN,NaN,NaN,NaN,NaN,NaN
NaN,NaN,NaN,NaN,NaN,NaN
NaN,NaN,NaN,NaN,NaN,NaN
NaN,NaN,NaN,NaN,NaN,NaN
NaN,NaN,NaN,NaN,NaN,NaN
NaN,NaN,NaN,NaN,NaN,NaN
NaN,NaN,NaN,NaN,NaN,NaN
NaN,NaN,NaN,NaN,NaN,NaN
NaN,NaN,NaN,NaN,NaN,NaN
NaN,NaN,NaN,NaN,NaN,NaN
NaN,NaN,NaN,NaN,NaN,NaN
NaN,NaN,NaN,NaN,NaN,NaN
NaN,NaN,NaN,NaN,NaN,NaN
NaN,NaN,NaN,NaN,NaN,NaN
NaN,NaN,NaN,NaN,NaN,NaN
NaN,NaN,NaN,NaN,NaN,NaN
NaN,NaN,NaN,NaN,NaN,NaN
NaN,NaN,NaN,NaN,NaN,NaN
NaN,NaN,NaN,NaN,NaN,NaN
NaN,NaN,NaN,NaN,NaN,NaN
NaN,NaN,NaN,NaN,NaN,NaN
NaN,NaN,NaN,NaN,NaN,NaN
NaN,NaN,NaN,NaN,NaN,NaN
NaN,NaN,NaN,NaN,NaN,NaN
NaN,NaN,NaN,NaN,NaN,NaN
NaN,NaN,NaN,NaN,NaN,NaN
NaN,NaN,NaN,NaN,NaN,NaN
NaN,NaN,NaN,NaN,NaN,NaN
NaN,NaN,NaN,NaN,NaN,NaN
NaN,NaN,NaN,NaN,NaN,NaN
NaN,NaN,NaN,NaN,NaN,NaN
NaN,NaN,NaN,NaN,NaN,NaN
NaN,NaN,NaN,NaN,NaN,NaN
NaN,NaN,NaN,NaN,NaN,NaN
NaN,NaN,NaN,NaN,NaN,NaN
NaN,NaN,NaN,NaN,NaN,NaN
NaN,NaN,NaN,NaN,NaN,NaN
NaN,NaN,NaN,NaN,NaN,NaN
NaN,NaN,NaN,NaN,NaN,NaN
NaN,NaN,NaN,NaN,NaN,NaN
NaN,NaN,NaN,NaN,NaN,NaN
NaN,NaN,NaN,NaN,NaN,NaN
NaN,NaN,NaN,NaN,NaN,NaN
NaN,NaN,NaN,NaN,NaN,NaN
NaN,NaN,NaN,NaN,NaN,NaN
NaN,NaN,NaN,NaN,NaN,NaN
NaN,NaN,NaN,NaN,NaN,NaN
NaN,NaN,NaN,NaN,NaN,NaN
NaN,NaN,NaN,NaN,NaN,NaN
NaN,NaN,NaN,NaN,NaN,NaN
NaN,NaN,NaN,NaN,NaN,NaN
NaN,NaN,NaN,NaN,NaN,NaN
NaN,NaN,NaN,NaN,NaN,NaN
NaN,NaN,NaN,NaN,NaN,NaN
NaN,NaN,NaN,NaN,NaN,NaN
NaN,NaN,NaN,NaN,NaN,NaN
NaN,NaN,NaN,NaN,NaN,NaN
NaN,NaN,NaN,NaN,NaN,NaN
NaN,NaN,NaN,NaN,NaN,NaN
NaN,NaN,NaN,NaN,NaN,NaN
NaN,NaN,NaN,NaN,NaN,NaN
NaN,NaN,NaN,NaN,NaN,NaN
NaN,NaN,NaN,NaN,NaN,NaN
NaN,NaN,NaN,NaN,NaN,NaN
NaN,NaN,NaN,NaN,NaN,NaN
NaN,NaN,NaN,NaN,NaN,NaN
NaN,NaN,NaN,NaN,NaN,NaN
NaN,NaN,NaN,NaN,NaN,NaN
NaN,NaN,NaN,NaN,NaN,NaN
NaN,NaN,NaN,NaN,NaN,NaN
NaN,NaN,NaN,NaN,NaN,NaN
NaN,NaN,NaN,NaN,NaN,NaN
NaN,NaN,NaN,NaN,NaN,NaN
NaN,NaN,NaN,NaN,NaN,NaN
NaN,NaN,NaN,NaN,NaN,NaN
NaN,NaN,NaN,NaN,NaN,NaN
NaN,NaN,NaN,NaN,NaN,NaN
NaN,NaN,NaN,NaN,NaN,NaN
NaN,NaN,NaN,NaN,NaN,NaN
NaN,NaN,NaN,NaN,NaN,NaN
NaN,NaN,NaN,NaN,NaN,NaN
NaN,NaN,NaN,NaN,NaN,NaN
NaN,NaN,NaN,NaN,NaN,NaN
NaN,NaN,NaN,NaN,NaN,NaN
NaN,NaN,NaN,NaN,NaN,NaN
NaN,NaN,NaN,NaN,NaN,NaN
NaN,NaN,NaN,NaN,NaN,NaN
NaN,NaN,NaN,NaN,NaN,NaN
NaN,NaN,NaN,NaN,NaN,NaN
NaN,NaN,NaN,NaN,NaN,NaN
NaN,NaN,NaN,NaN,NaN,NaN
NaN,NaN,NaN,NaN,NaN,NaN
NaN,NaN,NaN,NaN,NaN,NaN
NaN,NaN,NaN,NaN,NaN,NaN
NaN,NaN,NaN,NaN,NaN,NaN
NaN,NaN,NaN,NaN,NaN,NaN
NaN,NaN,NaN,NaN,NaN,NaN
NaN,NaN,NaN,NaN,NaN,NaN
NaN,NaN,NaN,NaN,NaN,NaN
NaN,NaN,NaN,NaN,NaN,NaN
NaN,NaN,NaN,NaN,NaN,NaN
NaN,NaN,NaN,NaN,NaN,NaN
NaN,NaN,NaN,NaN,NaN,NaN
NaN,NaN,NaN,NaN,NaN,NaN
NaN,NaN,NaN,NaN,NaN,NaN
NaN,NaN,NaN,NaN,NaN,NaN
NaN,NaN,NaN,NaN,NaN,NaN
NaN,NaN,NaN,NaN,NaN,NaN
NaN,NaN,NaN,NaN,NaN,NaN
NaN,NaN,NaN,NaN,NaN,NaN
NaN,NaN,NaN,NaN,NaN,NaN
NaN,NaN,NaN,NaN,NaN,NaN
NaN,NaN,NaN,NaN,NaN,NaN
NaN,NaN,NaN,NaN,NaN,NaN
NaN,NaN,NaN,NaN,NaN,NaN
NaN,NaN,NaN,NaN,NaN,NaN
NaN,NaN,NaN,NaN,NaN,NaN
NaN,NaN,NaN,NaN,NaN,NaN
NaN,NaN,NaN,NaN,NaN,NaN
NaN,NaN,NaN,NaN,NaN,NaN
NaN,NaN,NaN,NaN,NaN,NaN
NaN,NaN,NaN,NaN,NaN,NaN
NaN,NaN,NaN,NaN,NaN,NaN
NaN,NaN,NaN,NaN,NaN,NaN
NaN,NaN,NaN,NaN,NaN,NaN
NaN,NaN,NaN,NaN,NaN,NaN
NaN,NaN,NaN,NaN,NaN,NaN
NaN,NaN,NaN,NaN,NaN,NaN
NaN,NaN,NaN,NaN,NaN,NaN
NaN,NaN,NaN,NaN,NaN,NaN
NaN,NaN,NaN,NaN,NaN,NaN
NaN,NaN,NaN,NaN,NaN,NaN
NaN,NaN,NaN,NaN,NaN,NaN
NaN,NaN,NaN,NaN,NaN,NaN
NaN,NaN,NaN,NaN,NaN,NaN
NaN,NaN,NaN,NaN,NaN,NaN
NaN,NaN,NaN,NaN,NaN,NaN
NaN,NaN,NaN,NaN,NaN,NaN
NaN,NaN,NaN,NaN,NaN,NaN
NaN,NaN,NaN,NaN,NaN,NaN
NaN,NaN,NaN,NaN,NaN,NaN
NaN,NaN,NaN,NaN,NaN,NaN
NaN,NaN,NaN,NaN,NaN,NaN
NaN,NaN,NaN,NaN,NaN,NaN
NaN,NaN,NaN,NaN,NaN,NaN
NaN,NaN,NaN,NaN,NaN,NaN
NaN,NaN,NaN,NaN,NaN,NaN
NaN,NaN,NaN,NaN,NaN,NaN
NaN,NaN,NaN,NaN,NaN,NaN
NaN,NaN,NaN,NaN,NaN,NaN
NaN,NaN,NaN,NaN,NaN,NaN
NaN,NaN,NaN,NaN,NaN,NaN
NaN,NaN,NaN,NaN,NaN,NaN
NaN,NaN,NaN,NaN,NaN,NaN
NaN,NaN,NaN,NaN,NaN,NaN
NaN,NaN,NaN,NaN,NaN,NaN
NaN,NaN,NaN,NaN,NaN,NaN
NaN,NaN,NaN,NaN,NaN,NaN
NaN,NaN,NaN,NaN,NaN,NaN
NaN,NaN,NaN,NaN,NaN,NaN
NaN,NaN,NaN,NaN,NaN,NaN
NaN,NaN,NaN,NaN,NaN,NaN
NaN,NaN,NaN,NaN,NaN,NaN
NaN,NaN,NaN,NaN,NaN,NaN
NaN,NaN,NaN,NaN,NaN,NaN
NaN,NaN,NaN,NaN,NaN,NaN
NaN,NaN,NaN,NaN,NaN,NaN
NaN,NaN,NaN,NaN,NaN,NaN
NaN,NaN,NaN,NaN,NaN,NaN
NaN,NaN,NaN,NaN,NaN,NaN
NaN,NaN,NaN,NaN,NaN,NaN
NaN,NaN,NaN,NaN,NaN,NaN
NaN,NaN,NaN,NaN,NaN,NaN
NaN,NaN,NaN,NaN,NaN,NaN
NaN,NaN,NaN,NaN,NaN,NaN
NaN,NaN,NaN,NaN,NaN,NaN
NaN,NaN,NaN,NaN,NaN,NaN
NaN,NaN,NaN,NaN,NaN,NaN
NaN,NaN,NaN,NaN,NaN,NaN
NaN,NaN,NaN,NaN,NaN,NaN
NaN,NaN,NaN,NaN,NaN,NaN
NaN,NaN,NaN,NaN,NaN,NaN
NaN,NaN,NaN,NaN,NaN,NaN
NaN,NaN,NaN,NaN,NaN,NaN
NaN,NaN,NaN,NaN,NaN,NaN
NaN,NaN,NaN,NaN,NaN,NaN
NaN,NaN,NaN,NaN,NaN,NaN
NaN,NaN,NaN,NaN,NaN,NaN
NaN,NaN,NaN,NaN,NaN,NaN
NaN,NaN,NaN,NaN,NaN,NaN
NaN,NaN,NaN,NaN,NaN,NaN
NaN,NaN,NaN,NaN,NaN,NaN
NaN,NaN,NaN,NaN,NaN,NaN
NaN,NaN,NaN,NaN,NaN,NaN
NaN,NaN,NaN,NaN,NaN,NaN
NaN,NaN,NaN,NaN,NaN,NaN
NaN,NaN,NaN,NaN,NaN,NaN
NaN,NaN,NaN,NaN,NaN,NaN
NaN,NaN,NaN,NaN,NaN,NaN
NaN,NaN,NaN,NaN,NaN,NaN
NaN,NaN,NaN,NaN,NaN,NaN
NaN,NaN,NaN,NaN,NaN,NaN
NaN,NaN,NaN,NaN,NaN,NaN
NaN,NaN,NaN,NaN,NaN,NaN
NaN,NaN,NaN,NaN,NaN,NaN
NaN,NaN,NaN,NaN,NaN,NaN
NaN,NaN,NaN,NaN,NaN,NaN
NaN,NaN,NaN,NaN,NaN,NaN
NaN,NaN,NaN,NaN,NaN,NaN
NaN,NaN,NaN,NaN,NaN,NaN
NaN,NaN,NaN,NaN,NaN,NaN
NaN,NaN,NaN,NaN,NaN,NaN
NaN,NaN,NaN,NaN,NaN,NaN
NaN,NaN,NaN,NaN,NaN,NaN
NaN,NaN,NaN,NaN,NaN,NaN
NaN,NaN,NaN,NaN,NaN,NaN
NaN,NaN,NaN,NaN,NaN,NaN
NaN,NaN,NaN,NaN,NaN,NaN
NaN,NaN,NaN,NaN,NaN,NaN
NaN,NaN,NaN,NaN,NaN,NaN
NaN,NaN,NaN,NaN,NaN,NaN
NaN,NaN,NaN,NaN,NaN,NaN
NaN,NaN,NaN,NaN,NaN,NaN
NaN,NaN,NaN,NaN,NaN,NaN
NaN,NaN,NaN,NaN,NaN,NaN
NaN,NaN,NaN,NaN,NaN,NaN
NaN,NaN,NaN,NaN,NaN,NaN
NaN,NaN,NaN,NaN,NaN,NaN
NaN,NaN,NaN,NaN,NaN,NaN
NaN,NaN,NaN,NaN,NaN,NaN
NaN,NaN,NaN,NaN,NaN,NaN
NaN,NaN,NaN,NaN,NaN,NaN
NaN,NaN,NaN,NaN,NaN,NaN
NaN,NaN,NaN,NaN,NaN,NaN
NaN,NaN,NaN,NaN,NaN,NaN
NaN,NaN,NaN,NaN,NaN,NaN
NaN,NaN,NaN,NaN,NaN,NaN
NaN,NaN,NaN,NaN,NaN,NaN
NaN,NaN,NaN,NaN,NaN,NaN
NaN,NaN,NaN,NaN,NaN,NaN
NaN,NaN,NaN,NaN,NaN,NaN
NaN,NaN,NaN,NaN,NaN,NaN
NaN,NaN,NaN,NaN,NaN,NaN
NaN,NaN,NaN,NaN,NaN,NaN
NaN,NaN,NaN,NaN,NaN,NaN
NaN,NaN,NaN,NaN,NaN,NaN
NaN,NaN,NaN,NaN,NaN,NaN
NaN,NaN,NaN,NaN,NaN,NaN
NaN,NaN,NaN,NaN,NaN,NaN
NaN,NaN,NaN,NaN,NaN,NaN
NaN,NaN,NaN,NaN,NaN,NaN
NaN,NaN,NaN,NaN,NaN,NaN
NaN,NaN,NaN,NaN,NaN,NaN
NaN,NaN,NaN,NaN,NaN,NaN
NaN,NaN,NaN,NaN,NaN,NaN
NaN,NaN,NaN,NaN,NaN,NaN
NaN,NaN,NaN,NaN,NaN,NaN
NaN,NaN,NaN,NaN,NaN,NaN
NaN,NaN,NaN,NaN,NaN,NaN
NaN,NaN,NaN,NaN,NaN,NaN
NaN,NaN,NaN,NaN,NaN,NaN
NaN,NaN,NaN,NaN,NaN,NaN
NaN,NaN,NaN,NaN,NaN,NaN
NaN,NaN,NaN,NaN,NaN,NaN
NaN,NaN,NaN,NaN,NaN,NaN
NaN,NaN,NaN,NaN,NaN,NaN
NaN,NaN,NaN,NaN,NaN,NaN
NaN,NaN,NaN,NaN,NaN,NaN
NaN,NaN,NaN,NaN,NaN,NaN
NaN,NaN,NaN,NaN,NaN,NaN
NaN,NaN,NaN,NaN,NaN,NaN
NaN,NaN,NaN,NaN,NaN,NaN
NaN,NaN,NaN,NaN,NaN,NaN
NaN,NaN,NaN,NaN,NaN,NaN
NaN,NaN,NaN,NaN,NaN,NaN
NaN,NaN,NaN,NaN,NaN,NaN
NaN,NaN,NaN,NaN,NaN,NaN
NaN,NaN,NaN,NaN,NaN,NaN
NaN,NaN,NaN,NaN,NaN,NaN
NaN,NaN,NaN,NaN,NaN,NaN
NaN,NaN,NaN,NaN,NaN,NaN
NaN,NaN,NaN,NaN,NaN,NaN
NaN,NaN,NaN,NaN,NaN,NaN
NaN,NaN,NaN,NaN,NaN,NaN
NaN,NaN,NaN,NaN,NaN,NaN
NaN,NaN,NaN,NaN,NaN,NaN
NaN,NaN,NaN,NaN,NaN,NaN
NaN,NaN,NaN,NaN,NaN,NaN
NaN,NaN,NaN,NaN,NaN,NaN
NaN,NaN,NaN,NaN,NaN,NaN
NaN,NaN,NaN,NaN,NaN,NaN
NaN,NaN,NaN,NaN,NaN,NaN
NaN,NaN,NaN,NaN,NaN,NaN
NaN,NaN,NaN,NaN,NaN,NaN
NaN,NaN,NaN,NaN,NaN,NaN
NaN,NaN,NaN,NaN,NaN,NaN
NaN,NaN,NaN,NaN,NaN,NaN
NaN,NaN,NaN,NaN,NaN,NaN
NaN,NaN,NaN,NaN,NaN,NaN
NaN,NaN,NaN,NaN,NaN,NaN
NaN,NaN,NaN,NaN,NaN,NaN
NaN,NaN,NaN,NaN,NaN,NaN
NaN,NaN,NaN,NaN,NaN,NaN
NaN,NaN,NaN,NaN,NaN,NaN
NaN,NaN,NaN,NaN,NaN,NaN
NaN,NaN,NaN,NaN,NaN,NaN
NaN,NaN,NaN,NaN,NaN,NaN
NaN,NaN,NaN,NaN,NaN,NaN
NaN,NaN,NaN,NaN,NaN,NaN
NaN,NaN,NaN,NaN,NaN,NaN
NaN,NaN,NaN,NaN,NaN,NaN
NaN,NaN,NaN,NaN,NaN,NaN
NaN,NaN,NaN,NaN,NaN,NaN
NaN,NaN,NaN,NaN,NaN,NaN
NaN,NaN,NaN,NaN,NaN,NaN
NaN,NaN,NaN,NaN,NaN,NaN
NaN,NaN,NaN,NaN,NaN,NaN
NaN,NaN,NaN,NaN,NaN,NaN
NaN,NaN,NaN,NaN,NaN,NaN
NaN,NaN,NaN,NaN,NaN,NaN
NaN,NaN,NaN,NaN,NaN,NaN
NaN,NaN,NaN,NaN,NaN,NaN
NaN,NaN,NaN,NaN,NaN,NaN
NaN,NaN,NaN,NaN,NaN,NaN
NaN,NaN,NaN,NaN,NaN,NaN
NaN,NaN,NaN,NaN,NaN,NaN
NaN,NaN,NaN,NaN,NaN,NaN
NaN,NaN,NaN,NaN,NaN,NaN
NaN,NaN,NaN,NaN,NaN,NaN
NaN,NaN,NaN,NaN,NaN,NaN
NaN,NaN,NaN,NaN,NaN,NaN
NaN,NaN,NaN,NaN,NaN,NaN
NaN,NaN,NaN,NaN,NaN,NaN
NaN,NaN,NaN,NaN,NaN,NaN
NaN,NaN,NaN,NaN,NaN,NaN
NaN,NaN,NaN,NaN,NaN,NaN
NaN,NaN,NaN,NaN,NaN,NaN
NaN,NaN,NaN,NaN,NaN,NaN
NaN,NaN,NaN,NaN,NaN,NaN
NaN,NaN,NaN,NaN,NaN,NaN
NaN,NaN,NaN,NaN,NaN,NaN
NaN,NaN,NaN,NaN,NaN,NaN
NaN,NaN,NaN,NaN,NaN,NaN
NaN,NaN,NaN,NaN,NaN,NaN
NaN,NaN,NaN,NaN,NaN,NaN
NaN,NaN,NaN,NaN,NaN,NaN
NaN,NaN,NaN,NaN,NaN,NaN
NaN,NaN,NaN,NaN,NaN,NaN
NaN,NaN,NaN,NaN,NaN,NaN
NaN,NaN,NaN,NaN,NaN,NaN
NaN,NaN,NaN,NaN,NaN,NaN
NaN,NaN,NaN,NaN,NaN,NaN
NaN,NaN,NaN,NaN,NaN,NaN
NaN,NaN,NaN,NaN,NaN,NaN
NaN,NaN,NaN,NaN,NaN,NaN
NaN,NaN,NaN,NaN,NaN,NaN
NaN,NaN,NaN,NaN,NaN,NaN
NaN,NaN,NaN,NaN,NaN,NaN
NaN,NaN,NaN,NaN,NaN,NaN
NaN,NaN,NaN,NaN,NaN,NaN
NaN,NaN,NaN,NaN,NaN,NaN
NaN,NaN,NaN,NaN,NaN,NaN
NaN,NaN,NaN,NaN,NaN,NaN
NaN,NaN,NaN,NaN,NaN,NaN
NaN,NaN,NaN,NaN,NaN,NaN
NaN,NaN,NaN,NaN,NaN,NaN
NaN,NaN,NaN,NaN,NaN,NaN
NaN,NaN,NaN,NaN,NaN,NaN
NaN,NaN,NaN,NaN,NaN,NaN
NaN,NaN,NaN,NaN,NaN,NaN
NaN,NaN,NaN,NaN,NaN,NaN
NaN,NaN,NaN,NaN,NaN,NaN
NaN,NaN,NaN,NaN,NaN,NaN
NaN,NaN,NaN,NaN,NaN,NaN
NaN,NaN,NaN,NaN,NaN,NaN
NaN,NaN,NaN,NaN,NaN,NaN
NaN,NaN,NaN,NaN,NaN,NaN
NaN,NaN,NaN,NaN,NaN,NaN
NaN,NaN,NaN,NaN,NaN,NaN
NaN,NaN,NaN,NaN,NaN,NaN
NaN,NaN,NaN,NaN,NaN,NaN
NaN,NaN,NaN,NaN,NaN,NaN
NaN,NaN,NaN,NaN,NaN,NaN
NaN,NaN,NaN,NaN,NaN,NaN
NaN,NaN,NaN,NaN,NaN,NaN
NaN,NaN,NaN,NaN,NaN,NaN
NaN,NaN,NaN,NaN,NaN,NaN
NaN,NaN,NaN,NaN,NaN,NaN
NaN,NaN,NaN,NaN,NaN,NaN
NaN,NaN,NaN,NaN,NaN,NaN
NaN,NaN,NaN,NaN,NaN,NaN
NaN,NaN,NaN,NaN,NaN,NaN
NaN,NaN,NaN,NaN,NaN,NaN
NaN,NaN,NaN,NaN,NaN,NaN
NaN,NaN,NaN,NaN,NaN,NaN
NaN,NaN,NaN,NaN,NaN,NaN
NaN,NaN,NaN,NaN,NaN,NaN
NaN,NaN,NaN,NaN,NaN,NaN
NaN,NaN,NaN,NaN,NaN,NaN
NaN,NaN,NaN,NaN,NaN,NaN
NaN,NaN,NaN,NaN,NaN,NaN
NaN,NaN,NaN,NaN,NaN,NaN
NaN,NaN,NaN,NaN,NaN,NaN
NaN,NaN,NaN,NaN,NaN,NaN
NaN,NaN,NaN,NaN,NaN,NaN
NaN,NaN,NaN,NaN,NaN,NaN
NaN,NaN,NaN,NaN,NaN,NaN
NaN,NaN,NaN,NaN,NaN,NaN
NaN,NaN,NaN,NaN,NaN,NaN
NaN,NaN,NaN,NaN,NaN,NaN
NaN,NaN,NaN,NaN,NaN,NaN
NaN,NaN,NaN,NaN,NaN,NaN
NaN,NaN,NaN,NaN,NaN,NaN
NaN,NaN,NaN,NaN,NaN,NaN
NaN,NaN,NaN,NaN,NaN,NaN
NaN,NaN,NaN,NaN,NaN,NaN
NaN,NaN,NaN,NaN,NaN,NaN
NaN,NaN,NaN,NaN,NaN,NaN
NaN,NaN,NaN,NaN,NaN,NaN
NaN,NaN,NaN,NaN,NaN,NaN
NaN,NaN,NaN,NaN,NaN,NaN
NaN,NaN,NaN,NaN,NaN,NaN
NaN,NaN,NaN,NaN,NaN,NaN
NaN,NaN,NaN,NaN,NaN,NaN
NaN,NaN,NaN,NaN,NaN,NaN
NaN,NaN,NaN,NaN,NaN,NaN
NaN,NaN,NaN,NaN,NaN,NaN
NaN,NaN,NaN,NaN,NaN,NaN
NaN,NaN,NaN,NaN,NaN,NaN
NaN,NaN,NaN,NaN,NaN,NaN
NaN,NaN,NaN,NaN,NaN,NaN
NaN,NaN,NaN,NaN,NaN,NaN
NaN,NaN,NaN,NaN,NaN,NaN
NaN,NaN,NaN,NaN,NaN,NaN
NaN,NaN,NaN,NaN,NaN,NaN
NaN,NaN,NaN,NaN,NaN,NaN
NaN,NaN,NaN,NaN,NaN,NaN
NaN,NaN,NaN,NaN,NaN,NaN
NaN,NaN,NaN,NaN,NaN,NaN
NaN,NaN,NaN,NaN,NaN,NaN
NaN,NaN,NaN,NaN,NaN,NaN
NaN,NaN,NaN,NaN,NaN,NaN
NaN,NaN,NaN,NaN,NaN,NaN
NaN,NaN,NaN,NaN,NaN,NaN
NaN,NaN,NaN,NaN,NaN,NaN
NaN,NaN,NaN,NaN,NaN,NaN
NaN,NaN,NaN,NaN,NaN,NaN
NaN,NaN,NaN,NaN,NaN,NaN
NaN,NaN,NaN,NaN,NaN,NaN
NaN,NaN,NaN,NaN,NaN,NaN
NaN,NaN,NaN,NaN,NaN,NaN
NaN,NaN,NaN,NaN,NaN,NaN
NaN,NaN,NaN,NaN,NaN,NaN
NaN,NaN,NaN,NaN,NaN,NaN
NaN,NaN,NaN,NaN,NaN,NaN
NaN,NaN,NaN,NaN,NaN,NaN
NaN,NaN,NaN,NaN,NaN,NaN
NaN,NaN,NaN,NaN,NaN,NaN
NaN,NaN,NaN,NaN,NaN,NaN
NaN,NaN,NaN,NaN,NaN,NaN
NaN,NaN,NaN,NaN,NaN,NaN
NaN,NaN,NaN,NaN,NaN,NaN
NaN,NaN,NaN,NaN,NaN,NaN
NaN,NaN,NaN,NaN,NaN,NaN
NaN,NaN,NaN,NaN,NaN,NaN
NaN,NaN,NaN,NaN,NaN,NaN
NaN,NaN,NaN,NaN,NaN,NaN
NaN,NaN,NaN,NaN,NaN,NaN
NaN,NaN,NaN,NaN,NaN,NaN
NaN,NaN,NaN,NaN,NaN,NaN
NaN,NaN,NaN,NaN,NaN,NaN
NaN,NaN,NaN,NaN,NaN,NaN
NaN,NaN,NaN,NaN,NaN,NaN
NaN,NaN,NaN,NaN,NaN,NaN
NaN,NaN,NaN,NaN,NaN,NaN
NaN,NaN,NaN,NaN,NaN,NaN
NaN,NaN,NaN,NaN,NaN,NaN
NaN,NaN,NaN,NaN,NaN,NaN
NaN,NaN,NaN,NaN,NaN,NaN
NaN,NaN,NaN,NaN,NaN,NaN
NaN,NaN,NaN,NaN,NaN,NaN
NaN,NaN,NaN,NaN,NaN,NaN
NaN,NaN,NaN,NaN,NaN,NaN
NaN,NaN,NaN,NaN,NaN,NaN
NaN,NaN,NaN,NaN,NaN,NaN
NaN,NaN,NaN,NaN,NaN,NaN
NaN,NaN,NaN,NaN,NaN,NaN
NaN,NaN,NaN,NaN,NaN,NaN
NaN,NaN,NaN,NaN,NaN,NaN
NaN,NaN,NaN,NaN,NaN,NaN
NaN,NaN,NaN,NaN,NaN,NaN
NaN,NaN,NaN,NaN,NaN,NaN
NaN,NaN,NaN,NaN,NaN,NaN
NaN,NaN,NaN,NaN,NaN,NaN
NaN,NaN,NaN,NaN,NaN,NaN
NaN,NaN,NaN,NaN,NaN,NaN
NaN,NaN,NaN,NaN,NaN,NaN
NaN,NaN,NaN,NaN,NaN,NaN
NaN,NaN,NaN,NaN,NaN,NaN
NaN,NaN,NaN,NaN,NaN,NaN
NaN,NaN,NaN,NaN,NaN,NaN
NaN,NaN,NaN,NaN,NaN,NaN
NaN,NaN,NaN,NaN,NaN,NaN
NaN,NaN,NaN,NaN,NaN,NaN
NaN,NaN,NaN,NaN,NaN,NaN
NaN,NaN,NaN,NaN,NaN,NaN
NaN,NaN,NaN,NaN,NaN,NaN
NaN,NaN,NaN,NaN,NaN,NaN
NaN,NaN,NaN,NaN,NaN,NaN
NaN,NaN,NaN,NaN,NaN,NaN
NaN,NaN,NaN,NaN,NaN,NaN
NaN,NaN,NaN,NaN,NaN,NaN
NaN,NaN,NaN,NaN,NaN,NaN
NaN,NaN,NaN,NaN,NaN,NaN
NaN,NaN,NaN,NaN,NaN,NaN
NaN,NaN,NaN,NaN,NaN,NaN
NaN,NaN,NaN,NaN,NaN,NaN
NaN,NaN,NaN,NaN,NaN,NaN
NaN,NaN,NaN,NaN,NaN,NaN
NaN,NaN,NaN,NaN,NaN,NaN
NaN,NaN,NaN,NaN,NaN,NaN
NaN,NaN,NaN,NaN,NaN,NaN
NaN,NaN,NaN,NaN,NaN,NaN
NaN,NaN,NaN,NaN,NaN,NaN
NaN,NaN,NaN,NaN,NaN,NaN
NaN,NaN,NaN,NaN,NaN,NaN
NaN,NaN,NaN,NaN,NaN,NaN
NaN,NaN,NaN,NaN,NaN,NaN
NaN,NaN,NaN,NaN,NaN,NaN
NaN,NaN,NaN,NaN,NaN,NaN
NaN,NaN,NaN,NaN,NaN,NaN
NaN,NaN,NaN,NaN,NaN,NaN
NaN,NaN,NaN,NaN,NaN,NaN
NaN,NaN,NaN,NaN,NaN,NaN
NaN,NaN,NaN,NaN,NaN,NaN
NaN,NaN,NaN,NaN,NaN,NaN
NaN,NaN,NaN,NaN,NaN,NaN
NaN,NaN,NaN,NaN,NaN,NaN
NaN,NaN,NaN,NaN,NaN,NaN
NaN,NaN,NaN,NaN,NaN,NaN
NaN,NaN,NaN,NaN,NaN,NaN
NaN,NaN,NaN,NaN,NaN,NaN
NaN,NaN,NaN,NaN,NaN,NaN
NaN,NaN,NaN,NaN,NaN,NaN
NaN,NaN,NaN,NaN,NaN,NaN
NaN,NaN,NaN,NaN,NaN,NaN
NaN,NaN,NaN,NaN,NaN,NaN
NaN,NaN,NaN,NaN,NaN,NaN
NaN,NaN,NaN,NaN,NaN,NaN
NaN,NaN,NaN,NaN,NaN,NaN
NaN,NaN,NaN,NaN,NaN,NaN
NaN,NaN,NaN,NaN,NaN,NaN
NaN,NaN,NaN,NaN,NaN,NaN
NaN,NaN,NaN,NaN,NaN,NaN
NaN,NaN,NaN,NaN,NaN,NaN
NaN,NaN,NaN,NaN,NaN,NaN
NaN,NaN,NaN,NaN,NaN,NaN
NaN,NaN,NaN,NaN,NaN,NaN
NaN,NaN,NaN,NaN,NaN,NaN
NaN,NaN,NaN,NaN,NaN,NaN
NaN,NaN,NaN,NaN,NaN,NaN
NaN,NaN,NaN,NaN,NaN,NaN
NaN,NaN,NaN,NaN,NaN,NaN
NaN,NaN,NaN,NaN,NaN,NaN
NaN,NaN,NaN,NaN,NaN,NaN
NaN,NaN,NaN,NaN,NaN,NaN
NaN,NaN,NaN,NaN,NaN,NaN
NaN,NaN,NaN,NaN,NaN,NaN
NaN,NaN,NaN,NaN,NaN,NaN
NaN,NaN,NaN,NaN,NaN,NaN
NaN,NaN,NaN,NaN,NaN,NaN
NaN,NaN,NaN,NaN,NaN,NaN
NaN,NaN,NaN,NaN,NaN,NaN
NaN,NaN,NaN,NaN,NaN,NaN
NaN,NaN,NaN,NaN,NaN,NaN
NaN,NaN,NaN,NaN,NaN,NaN
NaN,NaN,NaN,NaN,NaN,NaN
NaN,NaN,NaN,NaN,NaN,NaN
NaN,NaN,NaN,NaN,NaN,NaN
NaN,NaN,NaN,NaN,NaN,NaN
NaN,NaN,NaN,NaN,NaN,NaN
NaN,NaN,NaN,NaN,NaN,NaN
NaN,NaN,NaN,NaN,NaN,NaN
NaN,NaN,NaN,NaN,NaN,NaN
NaN,NaN,NaN,NaN,NaN,NaN
NaN,NaN,NaN,NaN,NaN,NaN
