pt1_cam1_X,pt1_cam1_Y,pt2_cam1_X,pt2_cam1_Y,pt3_cam1_X,pt3_cam1_Y
NaN,NaN,NaN,NaN,NaN,NaN
NaN,NaN,NaN,NaN,NaN,NaN
NaN,NaN,NaN,NaN,NaN,NaN
NaN,NaN,NaN,NaN,NaN,NaN
NaN,NaN,NaN,NaN,NaN,NaN
NaN,NaN,NaN,NaN,NaN,NaN
NaN,NaN,NaN,NaN,NaN,NaN
NaN,NaN,NaN,NaN,NaN,NaN
NaN,NaN,NaN,NaN,NaN,NaN
NaN,NaN,NaN,NaN,NaN,NaN
NaN,NaN,NaN,NaN,NaN,NaN
NaN,NaN,NaN,NaN,NaN,NaN
NaN,NaN,NaN,NaN,NaN,NaN
NaN,NaN,NaN,NaN,NaN,NaN
NaN,NaN,NaN,NaN,NaN,NaN
NaN,NaN,NaN,NaN,NaN,NaN
NaN,NaN,NaN,NaN,NaN,NaN
NaN,NaN,NaN,NaN,NaN,NaN
NaN,NaN,NaN,NaN,NaN,NaN
NaN,NaN,NaN,NaN,NaN,NaN
NaN,NaN,NaN,NaN,NaN,NaN
NaN,NaN,NaN,NaN,NaN,NaN
NaN,NaN,NaN,NaN,NaN,NaN
NaN,NaN,NaN,NaN,NaN,NaN
NaN,NaN,NaN,NaN,NaN,NaN
NaN,NaN,NaN,NaN,NaN,NaN
NaN,NaN,NaN,NaN,NaN,NaN
NaN,NaN,NaN,NaN,NaN,NaN
NaN,NaN,NaN,NaN,NaN,NaN
NaN,NaN,NaN,NaN,NaN,NaN
NaN,NaN,NaN,NaN,NaN,NaN
NaN,NaN,NaN,NaN,NaN,NaN
NaN,NaN,NaN,NaN,NaN,NaN
NaN,NaN,NaN,NaN,NaN,NaN
NaN,NaN,NaN,NaN,NaN,NaN
NaN,NaN,NaN,NaN,NaN,NaN
NaN,NaN,NaN,NaN,NaN,NaN
NaN,NaN,NaN,NaN,NaN,NaN
NaN,NaN,NaN,NaN,NaN,NaN
NaN,NaN,NaN,NaN,NaN,NaN
NaN,NaN,NaN,NaN,NaN,NaN
NaN,NaN,NaN,NaN,NaN,NaN
NaN,NaN,NaN,NaN,NaN,NaN
NaN,NaN,NaN,NaN,NaN,NaN
NaN,NaN,NaN,NaN,NaN,NaN
NaN,NaN,NaN,NaN,NaN,NaN
NaN,NaN,NaN,NaN,NaN,NaN
NaN,NaN,NaN,NaN,NaN,NaN
NaN,NaN,NaN,NaN,NaN,NaN
NaN,NaN,NaN,NaN,NaN,NaN
NaN,NaN,NaN,NaN,NaN,NaN
NaN,NaN,NaN,NaN,NaN,NaN
NaN,NaN,NaN,NaN,NaN,NaN
NaN,NaN,NaN,NaN,NaN,NaN
NaN,NaN,NaN,NaN,NaN,NaN
NaN,NaN,NaN,NaN,NaN,NaN
NaN,NaN,NaN,NaN,NaN,NaN
NaN,NaN,NaN,NaN,NaN,NaN
NaN,NaN,NaN,NaN,NaN,NaN
NaN,NaN,NaN,NaN,NaN,NaN
NaN,NaN,NaN,NaN,NaN,NaN
NaN,NaN,NaN,NaN,NaN,NaN
NaN,NaN,NaN,NaN,NaN,NaN
NaN,NaN,NaN,NaN,NaN,NaN
NaN,NaN,NaN,NaN,NaN,NaN
NaN,NaN,NaN,NaN,NaN,NaN
NaN,NaN,NaN,NaN,NaN,NaN
NaN,NaN,NaN,NaN,NaN,NaN
NaN,NaN,NaN,NaN,NaN,NaN
NaN,NaN,NaN,NaN,NaN,NaN
NaN,NaN,NaN,NaN,NaN,NaN
NaN,NaN,NaN,NaN,NaN,NaN
NaN,NaN,NaN,NaN,NaN,NaN
NaN,NaN,NaN,NaN,NaN,NaN
NaN,NaN,NaN,NaN,NaN,NaN
NaN,NaN,NaN,NaN,NaN,NaN
NaN,NaN,NaN,NaN,NaN,NaN
NaN,NaN,NaN,NaN,NaN,NaN
NaN,NaN,NaN,NaN,NaN,NaN
NaN,NaN,NaN,NaN,NaN,NaN
NaN,NaN,NaN,NaN,NaN,NaN
NaN,NaN,NaN,NaN,NaN,NaN
NaN,NaN,NaN,NaN,NaN,NaN
NaN,NaN,NaN,NaN,NaN,NaN
NaN,NaN,NaN,NaN,NaN,NaN
NaN,NaN,NaN,NaN,NaN,NaN
NaN,NaN,NaN,NaN,NaN,NaN
NaN,NaN,NaN,NaN,NaN,NaN
NaN,NaN,NaN,NaN,NaN,NaN
NaN,NaN,NaN,NaN,NaN,NaN
NaN,NaN,NaN,NaN,NaN,NaN
NaN,NaN,NaN,NaN,NaN,NaN
NaN,NaN,NaN,NaN,NaN,NaN
NaN,NaN,NaN,NaN,NaN,NaN
NaN,NaN,NaN,NaN,NaN,NaN
NaN,NaN,NaN,NaN,NaN,NaN
NaN,NaN,NaN,NaN,NaN,NaN
NaN,NaN,NaN,NaN,NaN,NaN
NaN,NaN,NaN,NaN,NaN,NaN
NaN,NaN,NaN,NaN,NaN,NaN
NaN,NaN,NaN,NaN,NaN,NaN
NaN,NaN,NaN,NaN,NaN,NaN
NaN,NaN,NaN,NaN,NaN,NaN
NaN,NaN,NaN,NaN,NaN,NaN
NaN,NaN,NaN,NaN,NaN,NaN
NaN,NaN,NaN,NaN,NaN,NaN
NaN,NaN,NaN,NaN,NaN,NaN
NaN,NaN,NaN,NaN,NaN,NaN
NaN,NaN,NaN,NaN,NaN,NaN
NaN,NaN,NaN,NaN,NaN,NaN
NaN,NaN,NaN,NaN,NaN,NaN
NaN,NaN,NaN,NaN,NaN,NaN
NaN,NaN,NaN,NaN,NaN,NaN
NaN,NaN,NaN,NaN,NaN,NaN
NaN,NaN,NaN,NaN,NaN,NaN
NaN,NaN,NaN,NaN,NaN,NaN
NaN,NaN,NaN,NaN,NaN,NaN
NaN,NaN,NaN,NaN,NaN,NaN
NaN,NaN,NaN,NaN,NaN,NaN
NaN,NaN,NaN,NaN,NaN,NaN
NaN,NaN,NaN,NaN,NaN,NaN
NaN,NaN,NaN,NaN,NaN,NaN
NaN,NaN,NaN,NaN,NaN,NaN
NaN,NaN,NaN,NaN,NaN,NaN
NaN,NaN,NaN,NaN,NaN,NaN
NaN,NaN,NaN,NaN,NaN,NaN
NaN,NaN,NaN,NaN,NaN,NaN
NaN,NaN,NaN,NaN,NaN,NaN
NaN,NaN,NaN,NaN,NaN,NaN
NaN,NaN,NaN,NaN,NaN,NaN
NaN,NaN,NaN,NaN,NaN,NaN
NaN,NaN,NaN,NaN,NaN,NaN
NaN,NaN,NaN,NaN,NaN,NaN
NaN,NaN,NaN,NaN,NaN,NaN
NaN,NaN,NaN,NaN,NaN,NaN
NaN,NaN,NaN,NaN,NaN,NaN
NaN,NaN,NaN,NaN,NaN,NaN
NaN,NaN,NaN,NaN,NaN,NaN
NaN,NaN,NaN,NaN,NaN,NaN
NaN,NaN,NaN,NaN,NaN,NaN
NaN,NaN,NaN,NaN,NaN,NaN
NaN,NaN,NaN,NaN,NaN,NaN
NaN,NaN,NaN,NaN,NaN,NaN
NaN,NaN,NaN,NaN,NaN,NaN
NaN,NaN,NaN,NaN,NaN,NaN
NaN,NaN,NaN,NaN,NaN,NaN
NaN,NaN,NaN,NaN,NaN,NaN
NaN,NaN,NaN,NaN,NaN,NaN
NaN,NaN,NaN,NaN,NaN,NaN
NaN,NaN,NaN,NaN,NaN,NaN
NaN,NaN,NaN,NaN,NaN,NaN
NaN,NaN,NaN,NaN,NaN,NaN
NaN,NaN,NaN,NaN,NaN,NaN
NaN,NaN,NaN,NaN,NaN,NaN
NaN,NaN,NaN,NaN,NaN,NaN
NaN,NaN,NaN,NaN,NaN,NaN
NaN,NaN,NaN,NaN,NaN,NaN
NaN,NaN,NaN,NaN,NaN,NaN
NaN,NaN,NaN,NaN,NaN,NaN
NaN,NaN,NaN,NaN,NaN,NaN
NaN,NaN,NaN,NaN,NaN,NaN
NaN,NaN,NaN,NaN,NaN,NaN
NaN,NaN,NaN,NaN,NaN,NaN
NaN,NaN,NaN,NaN,NaN,NaN
NaN,NaN,NaN,NaN,NaN,NaN
NaN,NaN,NaN,NaN,NaN,NaN
NaN,NaN,NaN,NaN,NaN,NaN
NaN,NaN,NaN,NaN,NaN,NaN
NaN,NaN,NaN,NaN,NaN,NaN
NaN,NaN,NaN,NaN,NaN,NaN
NaN,NaN,NaN,NaN,NaN,NaN
NaN,NaN,NaN,NaN,NaN,NaN
NaN,NaN,NaN,NaN,NaN,NaN
NaN,NaN,NaN,NaN,NaN,NaN
NaN,NaN,NaN,NaN,NaN,NaN
NaN,NaN,NaN,NaN,NaN,NaN
NaN,NaN,NaN,NaN,NaN,NaN
NaN,NaN,NaN,NaN,NaN,NaN
NaN,NaN,NaN,NaN,NaN,NaN
NaN,NaN,NaN,NaN,NaN,NaN
NaN,NaN,NaN,NaN,NaN,NaN
NaN,NaN,NaN,NaN,NaN,NaN
NaN,NaN,NaN,NaN,NaN,NaN
NaN,NaN,NaN,NaN,NaN,NaN
NaN,NaN,NaN,NaN,NaN,NaN
NaN,NaN,NaN,NaN,NaN,NaN
NaN,NaN,NaN,NaN,NaN,NaN
NaN,NaN,NaN,NaN,NaN,NaN
NaN,NaN,NaN,NaN,NaN,NaN
NaN,NaN,NaN,NaN,NaN,NaN
NaN,NaN,NaN,NaN,NaN,NaN
NaN,NaN,NaN,NaN,NaN,NaN
NaN,NaN,NaN,NaN,NaN,NaN
NaN,NaN,NaN,NaN,NaN,NaN
NaN,NaN,NaN,NaN,NaN,NaN
NaN,NaN,NaN,NaN,NaN,NaN
NaN,NaN,NaN,NaN,NaN,NaN
NaN,NaN,NaN,NaN,NaN,NaN
NaN,NaN,NaN,NaN,NaN,NaN
NaN,NaN,NaN,NaN,NaN,NaN
NaN,NaN,NaN,NaN,NaN,NaN
NaN,NaN,NaN,NaN,NaN,NaN
NaN,NaN,NaN,NaN,NaN,NaN
NaN,NaN,NaN,NaN,NaN,NaN
NaN,NaN,NaN,NaN,NaN,NaN
NaN,NaN,NaN,NaN,NaN,NaN
NaN,NaN,NaN,NaN,NaN,NaN
NaN,NaN,NaN,NaN,NaN,NaN
NaN,NaN,NaN,NaN,NaN,NaN
NaN,NaN,NaN,NaN,NaN,NaN
NaN,NaN,NaN,NaN,NaN,NaN
NaN,NaN,NaN,NaN,NaN,NaN
NaN,NaN,NaN,NaN,NaN,NaN
NaN,NaN,NaN,NaN,NaN,NaN
NaN,NaN,NaN,NaN,NaN,NaN
NaN,NaN,NaN,NaN,NaN,NaN
NaN,NaN,NaN,NaN,NaN,NaN
NaN,NaN,NaN,NaN,NaN,NaN
NaN,NaN,NaN,NaN,NaN,NaN
NaN,NaN,NaN,NaN,NaN,NaN
NaN,NaN,NaN,NaN,NaN,NaN
NaN,NaN,NaN,NaN,NaN,NaN
NaN,NaN,NaN,NaN,NaN,NaN
NaN,NaN,NaN,NaN,NaN,NaN
NaN,NaN,NaN,NaN,NaN,NaN
NaN,NaN,NaN,NaN,NaN,NaN
NaN,NaN,NaN,NaN,NaN,NaN
NaN,NaN,NaN,NaN,NaN,NaN
NaN,NaN,NaN,NaN,NaN,NaN
NaN,NaN,NaN,NaN,NaN,NaN
NaN,NaN,NaN,NaN,NaN,NaN
NaN,NaN,NaN,NaN,NaN,NaN
NaN,NaN,NaN,NaN,NaN,NaN
NaN,NaN,NaN,NaN,NaN,NaN
NaN,NaN,NaN,NaN,NaN,NaN
NaN,NaN,NaN,NaN,NaN,NaN
NaN,NaN,NaN,NaN,NaN,NaN
NaN,NaN,NaN,NaN,NaN,NaN
NaN,NaN,NaN,NaN,NaN,NaN
NaN,NaN,NaN,NaN,NaN,NaN
NaN,NaN,NaN,NaN,NaN,NaN
NaN,NaN,NaN,NaN,NaN,NaN
NaN,NaN,NaN,NaN,NaN,NaN
NaN,NaN,NaN,NaN,NaN,NaN
NaN,NaN,NaN,NaN,NaN,NaN
NaN,NaN,NaN,NaN,NaN,NaN
NaN,NaN,NaN,NaN,NaN,NaN
NaN,NaN,NaN,NaN,NaN,NaN
NaN,NaN,NaN,NaN,NaN,NaN
NaN,NaN,NaN,NaN,NaN,NaN
NaN,NaN,NaN,NaN,NaN,NaN
NaN,NaN,NaN,NaN,NaN,NaN
NaN,NaN,NaN,NaN,NaN,NaN
NaN,NaN,NaN,NaN,NaN,NaN
NaN,NaN,NaN,NaN,NaN,NaN
NaN,NaN,NaN,NaN,NaN,NaN
NaN,NaN,NaN,NaN,NaN,NaN
NaN,NaN,NaN,NaN,NaN,NaN
NaN,NaN,NaN,NaN,NaN,NaN
NaN,NaN,NaN,NaN,NaN,NaN
NaN,NaN,NaN,NaN,NaN,NaN
NaN,NaN,NaN,NaN,NaN,NaN
NaN,NaN,NaN,NaN,NaN,NaN
NaN,NaN,NaN,NaN,NaN,NaN
NaN,NaN,NaN,NaN,NaN,NaN
NaN,NaN,NaN,NaN,NaN,NaN
NaN,NaN,NaN,NaN,NaN,NaN
NaN,NaN,NaN,NaN,NaN,NaN
NaN,NaN,NaN,NaN,NaN,NaN
NaN,NaN,NaN,NaN,NaN,NaN
NaN,NaN,NaN,NaN,NaN,NaN
NaN,NaN,NaN,NaN,NaN,NaN
NaN,NaN,NaN,NaN,NaN,NaN
NaN,NaN,NaN,NaN,NaN,NaN
NaN,NaN,NaN,NaN,NaN,NaN
NaN,NaN,NaN,NaN,NaN,NaN
NaN,NaN,NaN,NaN,NaN,NaN
NaN,NaN,NaN,NaN,NaN,NaN
NaN,NaN,NaN,NaN,NaN,NaN
NaN,NaN,NaN,NaN,NaN,NaN
NaN,NaN,NaN,NaN,NaN,NaN
NaN,NaN,NaN,NaN,NaN,NaN
NaN,NaN,NaN,NaN,NaN,NaN
NaN,NaN,NaN,NaN,NaN,NaN
NaN,NaN,NaN,NaN,NaN,NaN
NaN,NaN,NaN,NaN,NaN,NaN
NaN,NaN,NaN,NaN,NaN,NaN
NaN,NaN,NaN,NaN,NaN,NaN
NaN,NaN,NaN,NaN,NaN,NaN
NaN,NaN,NaN,NaN,NaN,NaN
NaN,NaN,NaN,NaN,NaN,NaN
NaN,NaN,NaN,NaN,NaN,NaN
NaN,NaN,NaN,NaN,NaN,NaN
NaN,NaN,NaN,NaN,NaN,NaN
NaN,NaN,NaN,NaN,NaN,NaN
NaN,NaN,NaN,NaN,NaN,NaN
NaN,NaN,NaN,NaN,NaN,NaN
NaN,NaN,NaN,NaN,NaN,NaN
NaN,NaN,NaN,NaN,NaN,NaN
NaN,NaN,NaN,NaN,NaN,NaN
NaN,NaN,NaN,NaN,NaN,NaN
NaN,NaN,NaN,NaN,NaN,NaN
NaN,NaN,NaN,NaN,NaN,NaN
NaN,NaN,NaN,NaN,NaN,NaN
NaN,NaN,NaN,NaN,NaN,NaN
NaN,NaN,NaN,NaN,NaN,NaN
NaN,NaN,NaN,NaN,NaN,NaN
NaN,NaN,NaN,NaN,NaN,NaN
NaN,NaN,NaN,NaN,NaN,NaN
NaN,NaN,NaN,NaN,NaN,NaN
NaN,NaN,NaN,NaN,NaN,NaN
NaN,NaN,NaN,NaN,NaN,NaN
NaN,NaN,NaN,NaN,NaN,NaN
NaN,NaN,NaN,NaN,NaN,NaN
NaN,NaN,NaN,NaN,NaN,NaN
NaN,NaN,NaN,NaN,NaN,NaN
NaN,NaN,NaN,NaN,NaN,NaN
NaN,NaN,NaN,NaN,NaN,NaN
NaN,NaN,NaN,NaN,NaN,NaN
NaN,NaN,NaN,NaN,NaN,NaN
NaN,NaN,NaN,NaN,NaN,NaN
NaN,NaN,NaN,NaN,NaN,NaN
NaN,NaN,NaN,NaN,NaN,NaN
NaN,NaN,NaN,NaN,NaN,NaN
NaN,NaN,NaN,NaN,NaN,NaN
NaN,NaN,NaN,NaN,NaN,NaN
NaN,NaN,NaN,NaN,NaN,NaN
NaN,NaN,NaN,NaN,NaN,NaN
NaN,NaN,NaN,NaN,NaN,NaN
NaN,NaN,NaN,NaN,NaN,NaN
NaN,NaN,NaN,NaN,NaN,NaN
NaN,NaN,NaN,NaN,NaN,NaN
NaN,NaN,NaN,NaN,NaN,NaN
NaN,NaN,NaN,NaN,NaN,NaN
NaN,NaN,NaN,NaN,NaN,NaN
NaN,NaN,NaN,NaN,NaN,NaN
NaN,NaN,NaN,NaN,NaN,NaN
NaN,NaN,NaN,NaN,NaN,NaN
NaN,NaN,NaN,NaN,NaN,NaN
NaN,NaN,NaN,NaN,NaN,NaN
NaN,NaN,NaN,NaN,NaN,NaN
NaN,NaN,NaN,NaN,NaN,NaN
NaN,NaN,NaN,NaN,NaN,NaN
NaN,NaN,NaN,NaN,NaN,NaN
NaN,NaN,NaN,NaN,NaN,NaN
NaN,NaN,NaN,NaN,NaN,NaN
NaN,NaN,NaN,NaN,NaN,NaN
NaN,NaN,NaN,NaN,NaN,NaN
NaN,NaN,NaN,NaN,NaN,NaN
NaN,NaN,NaN,NaN,NaN,NaN
NaN,NaN,NaN,NaN,NaN,NaN
NaN,NaN,NaN,NaN,NaN,NaN
NaN,NaN,NaN,NaN,NaN,NaN
NaN,NaN,NaN,NaN,NaN,NaN
NaN,NaN,NaN,NaN,NaN,NaN
NaN,NaN,NaN,NaN,NaN,NaN
NaN,NaN,NaN,NaN,NaN,NaN
NaN,NaN,NaN,NaN,NaN,NaN
NaN,NaN,NaN,NaN,NaN,NaN
NaN,NaN,NaN,NaN,NaN,NaN
NaN,NaN,NaN,NaN,NaN,NaN
NaN,NaN,NaN,NaN,NaN,NaN
NaN,NaN,NaN,NaN,NaN,NaN
NaN,NaN,NaN,NaN,NaN,NaN
NaN,NaN,NaN,NaN,NaN,NaN
NaN,NaN,NaN,NaN,NaN,NaN
NaN,NaN,NaN,NaN,NaN,NaN
NaN,NaN,NaN,NaN,NaN,NaN
NaN,NaN,NaN,NaN,NaN,NaN
NaN,NaN,NaN,NaN,NaN,NaN
NaN,NaN,NaN,NaN,NaN,NaN
NaN,NaN,NaN,NaN,NaN,NaN
NaN,NaN,NaN,NaN,NaN,NaN
NaN,NaN,NaN,NaN,NaN,NaN
NaN,NaN,NaN,NaN,NaN,NaN
NaN,NaN,NaN,NaN,NaN,NaN
NaN,NaN,NaN,NaN,NaN,NaN
NaN,NaN,NaN,NaN,NaN,NaN
NaN,NaN,NaN,NaN,NaN,NaN
NaN,NaN,NaN,NaN,NaN,NaN
NaN,NaN,NaN,NaN,NaN,NaN
NaN,NaN,NaN,NaN,NaN,NaN
NaN,NaN,NaN,NaN,NaN,NaN
NaN,NaN,NaN,NaN,NaN,NaN
NaN,NaN,NaN,NaN,NaN,NaN
NaN,NaN,NaN,NaN,NaN,NaN
NaN,NaN,NaN,NaN,NaN,NaN
NaN,NaN,NaN,NaN,NaN,NaN
NaN,NaN,NaN,NaN,NaN,NaN
NaN,NaN,NaN,NaN,NaN,NaN
NaN,NaN,NaN,NaN,NaN,NaN
NaN,NaN,NaN,NaN,NaN,NaN
NaN,NaN,NaN,NaN,NaN,NaN
NaN,NaN,NaN,NaN,NaN,NaN
NaN,NaN,NaN,NaN,NaN,NaN
NaN,NaN,NaN,NaN,NaN,NaN
NaN,NaN,NaN,NaN,NaN,NaN
NaN,NaN,NaN,NaN,NaN,NaN
NaN,NaN,NaN,NaN,NaN,NaN
NaN,NaN,NaN,NaN,NaN,NaN
NaN,NaN,NaN,NaN,NaN,NaN
NaN,NaN,NaN,NaN,NaN,NaN
NaN,NaN,NaN,NaN,NaN,NaN
NaN,NaN,NaN,NaN,NaN,NaN
NaN,NaN,NaN,NaN,NaN,NaN
NaN,NaN,NaN,NaN,NaN,NaN
NaN,NaN,NaN,NaN,NaN,NaN
NaN,NaN,NaN,NaN,NaN,NaN
NaN,NaN,NaN,NaN,NaN,NaN
NaN,NaN,NaN,NaN,NaN,NaN
NaN,NaN,NaN,NaN,NaN,NaN
NaN,NaN,NaN,NaN,NaN,NaN
NaN,NaN,NaN,NaN,NaN,NaN
NaN,NaN,NaN,NaN,NaN,NaN
NaN,NaN,NaN,NaN,NaN,NaN
NaN,NaN,NaN,NaN,NaN,NaN
NaN,NaN,NaN,NaN,NaN,NaN
NaN,NaN,NaN,NaN,NaN,NaN
NaN,NaN,NaN,NaN,NaN,NaN
NaN,NaN,NaN,NaN,NaN,NaN
NaN,NaN,NaN,NaN,NaN,NaN
NaN,NaN,NaN,NaN,NaN,NaN
NaN,NaN,NaN,NaN,NaN,NaN
NaN,NaN,NaN,NaN,NaN,NaN
NaN,NaN,NaN,NaN,NaN,NaN
NaN,NaN,NaN,NaN,NaN,NaN
NaN,NaN,NaN,NaN,NaN,NaN
NaN,NaN,NaN,NaN,NaN,NaN
NaN,NaN,NaN,NaN,NaN,NaN
NaN,NaN,NaN,NaN,NaN,NaN
NaN,NaN,NaN,NaN,NaN,NaN
NaN,NaN,NaN,NaN,NaN,NaN
NaN,NaN,NaN,NaN,NaN,NaN
NaN,NaN,NaN,NaN,NaN,NaN
NaN,NaN,NaN,NaN,NaN,NaN
NaN,NaN,NaN,NaN,NaN,NaN
NaN,NaN,NaN,NaN,NaN,NaN
NaN,NaN,NaN,NaN,NaN,NaN
NaN,NaN,NaN,NaN,NaN,NaN
NaN,NaN,NaN,NaN,NaN,NaN
NaN,NaN,NaN,NaN,NaN,NaN
NaN,NaN,NaN,NaN,NaN,NaN
NaN,NaN,NaN,NaN,NaN,NaN
NaN,NaN,NaN,NaN,NaN,NaN
NaN,NaN,NaN,NaN,NaN,NaN
NaN,NaN,NaN,NaN,NaN,NaN
NaN,NaN,NaN,NaN,NaN,NaN
NaN,NaN,NaN,NaN,NaN,NaN
NaN,NaN,NaN,NaN,NaN,NaN
NaN,NaN,NaN,NaN,NaN,NaN
NaN,NaN,NaN,NaN,NaN,NaN
NaN,NaN,NaN,NaN,NaN,NaN
NaN,NaN,NaN,NaN,NaN,NaN
NaN,NaN,NaN,NaN,NaN,NaN
NaN,NaN,NaN,NaN,NaN,NaN
NaN,NaN,NaN,NaN,NaN,NaN
NaN,NaN,NaN,NaN,NaN,NaN
NaN,NaN,NaN,NaN,NaN,NaN
NaN,NaN,NaN,NaN,NaN,NaN
NaN,NaN,NaN,NaN,NaN,NaN
NaN,NaN,NaN,NaN,NaN,NaN
NaN,NaN,NaN,NaN,NaN,NaN
NaN,NaN,NaN,NaN,NaN,NaN
NaN,NaN,NaN,NaN,NaN,NaN
NaN,NaN,NaN,NaN,NaN,NaN
NaN,NaN,NaN,NaN,NaN,NaN
NaN,NaN,NaN,NaN,NaN,NaN
NaN,NaN,NaN,NaN,NaN,NaN
NaN,NaN,NaN,NaN,NaN,NaN
NaN,NaN,NaN,NaN,NaN,NaN
NaN,NaN,NaN,NaN,NaN,NaN
NaN,NaN,NaN,NaN,NaN,NaN
NaN,NaN,NaN,NaN,NaN,NaN
NaN,NaN,NaN,NaN,NaN,NaN
NaN,NaN,NaN,NaN,NaN,NaN
NaN,NaN,NaN,NaN,NaN,NaN
NaN,NaN,NaN,NaN,NaN,NaN
NaN,NaN,NaN,NaN,NaN,NaN
NaN,NaN,NaN,NaN,NaN,NaN
NaN,NaN,NaN,NaN,NaN,NaN
NaN,NaN,NaN,NaN,NaN,NaN
NaN,NaN,NaN,NaN,NaN,NaN
NaN,NaN,NaN,NaN,NaN,NaN
NaN,NaN,NaN,NaN,NaN,NaN
NaN,NaN,NaN,NaN,NaN,NaN
NaN,NaN,NaN,NaN,NaN,NaN
NaN,NaN,NaN,NaN,NaN,NaN
NaN,NaN,NaN,NaN,NaN,NaN
NaN,NaN,NaN,NaN,NaN,NaN
NaN,NaN,NaN,NaN,NaN,NaN
NaN,NaN,NaN,NaN,NaN,NaN
NaN,NaN,NaN,NaN,NaN,NaN
NaN,NaN,NaN,NaN,NaN,NaN
NaN,NaN,NaN,NaN,NaN,NaN
NaN,NaN,NaN,NaN,NaN,NaN
NaN,NaN,NaN,NaN,NaN,NaN
NaN,NaN,NaN,NaN,NaN,NaN
NaN,NaN,NaN,NaN,NaN,NaN
NaN,NaN,NaN,NaN,NaN,NaN
NaN,NaN,NaN,NaN,NaN,NaN
NaN,NaN,NaN,NaN,NaN,NaN
NaN,NaN,NaN,NaN,NaN,NaN
NaN,NaN,NaN,NaN,NaN,NaN
NaN,NaN,NaN,NaN,NaN,NaN
NaN,NaN,NaN,NaN,NaN,NaN
NaN,NaN,NaN,NaN,NaN,NaN
NaN,NaN,NaN,NaN,NaN,NaN
NaN,NaN,NaN,NaN,NaN,NaN
NaN,NaN,NaN,NaN,NaN,NaN
NaN,NaN,NaN,NaN,NaN,NaN
NaN,NaN,NaN,NaN,NaN,NaN
NaN,NaN,NaN,NaN,NaN,NaN
NaN,NaN,NaN,NaN,NaN,NaN
NaN,NaN,NaN,NaN,NaN,NaN
NaN,NaN,NaN,NaN,NaN,NaN
NaN,NaN,NaN,NaN,NaN,NaN
NaN,NaN,NaN,NaN,NaN,NaN
NaN,NaN,NaN,NaN,NaN,NaN
NaN,NaN,NaN,NaN,NaN,NaN
NaN,NaN,NaN,NaN,NaN,NaN
NaN,NaN,NaN,NaN,NaN,NaN
NaN,NaN,NaN,NaN,NaN,NaN
NaN,NaN,NaN,NaN,NaN,NaN
NaN,NaN,NaN,NaN,NaN,NaN
NaN,NaN,NaN,NaN,NaN,NaN
NaN,NaN,NaN,NaN,NaN,NaN
NaN,NaN,NaN,NaN,NaN,NaN
NaN,NaN,NaN,NaN,NaN,NaN
NaN,NaN,NaN,NaN,NaN,NaN
NaN,NaN,NaN,NaN,NaN,NaN
NaN,NaN,NaN,NaN,NaN,NaN
NaN,NaN,NaN,NaN,NaN,NaN
NaN,NaN,NaN,NaN,NaN,NaN
NaN,NaN,NaN,NaN,NaN,NaN
NaN,NaN,NaN,NaN,NaN,NaN
NaN,NaN,NaN,NaN,NaN,NaN
NaN,NaN,NaN,NaN,NaN,NaN
NaN,NaN,NaN,NaN,NaN,NaN
NaN,NaN,NaN,NaN,NaN,NaN
NaN,NaN,NaN,NaN,NaN,NaN
NaN,NaN,NaN,NaN,NaN,NaN
NaN,NaN,NaN,NaN,NaN,NaN
NaN,NaN,NaN,NaN,NaN,NaN
NaN,NaN,NaN,NaN,NaN,NaN
NaN,NaN,NaN,NaN,NaN,NaN
NaN,NaN,NaN,NaN,NaN,NaN
NaN,NaN,NaN,NaN,NaN,NaN
NaN,NaN,NaN,NaN,NaN,NaN
NaN,NaN,NaN,NaN,NaN,NaN
NaN,NaN,NaN,NaN,NaN,NaN
NaN,NaN,NaN,NaN,NaN,NaN
NaN,NaN,NaN,NaN,NaN,NaN
NaN,NaN,NaN,NaN,NaN,NaN
NaN,NaN,NaN,NaN,NaN,NaN
NaN,NaN,NaN,NaN,NaN,NaN
NaN,NaN,NaN,NaN,NaN,NaN
NaN,NaN,NaN,NaN,NaN,NaN
NaN,NaN,NaN,NaN,NaN,NaN
NaN,NaN,NaN,NaN,NaN,NaN
NaN,NaN,NaN,NaN,NaN,NaN
NaN,NaN,NaN,NaN,NaN,NaN
NaN,NaN,NaN,NaN,NaN,NaN
NaN,NaN,NaN,NaN,NaN,NaN
NaN,NaN,NaN,NaN,NaN,NaN
NaN,NaN,NaN,NaN,NaN,NaN
NaN,NaN,NaN,NaN,NaN,NaN
NaN,NaN,NaN,NaN,NaN,NaN
NaN,NaN,NaN,NaN,NaN,NaN
NaN,NaN,NaN,NaN,NaN,NaN
NaN,NaN,NaN,NaN,NaN,NaN
NaN,NaN,NaN,NaN,NaN,NaN
NaN,NaN,NaN,NaN,NaN,NaN
NaN,NaN,NaN,NaN,NaN,NaN
NaN,NaN,NaN,NaN,NaN,NaN
NaN,NaN,NaN,NaN,NaN,NaN
NaN,NaN,NaN,NaN,NaN,NaN
NaN,NaN,NaN,NaN,NaN,NaN
NaN,NaN,NaN,NaN,NaN,NaN
NaN,NaN,NaN,NaN,NaN,NaN
NaN,NaN,NaN,NaN,NaN,NaN
NaN,NaN,NaN,NaN,NaN,NaN
NaN,NaN,NaN,NaN,NaN,NaN
NaN,NaN,NaN,NaN,NaN,NaN
NaN,NaN,NaN,NaN,NaN,NaN
NaN,NaN,NaN,NaN,NaN,NaN
NaN,NaN,NaN,NaN,NaN,NaN
NaN,NaN,NaN,NaN,NaN,NaN
NaN,NaN,NaN,NaN,NaN,NaN
NaN,NaN,NaN,NaN,NaN,NaN
NaN,NaN,NaN,NaN,NaN,NaN
NaN,NaN,NaN,NaN,NaN,NaN
NaN,NaN,NaN,NaN,NaN,NaN
NaN,NaN,NaN,NaN,NaN,NaN
NaN,NaN,NaN,NaN,NaN,NaN
NaN,NaN,NaN,NaN,NaN,NaN
NaN,NaN,NaN,NaN,NaN,NaN
NaN,NaN,NaN,NaN,NaN,NaN
NaN,NaN,NaN,NaN,NaN,NaN
NaN,NaN,NaN,NaN,NaN,NaN
NaN,NaN,NaN,NaN,NaN,NaN
NaN,NaN,NaN,NaN,NaN,NaN
NaN,NaN,NaN,NaN,NaN,NaN
NaN,NaN,NaN,NaN,NaN,NaN
NaN,NaN,NaN,NaN,NaN,NaN
NaN,NaN,NaN,NaN,NaN,NaN
NaN,NaN,NaN,NaN,NaN,NaN
NaN,NaN,NaN,NaN,NaN,NaN
NaN,NaN,NaN,NaN,NaN,NaN
NaN,NaN,NaN,NaN,NaN,NaN
NaN,NaN,NaN,NaN,NaN,NaN
NaN,NaN,NaN,NaN,NaN,NaN
NaN,NaN,NaN,NaN,NaN,NaN
NaN,NaN,NaN,NaN,NaN,NaN
NaN,NaN,NaN,NaN,NaN,NaN
NaN,NaN,NaN,NaN,NaN,NaN
NaN,NaN,NaN,NaN,NaN,NaN
NaN,NaN,NaN,NaN,NaN,NaN
NaN,NaN,NaN,NaN,NaN,NaN
NaN,NaN,NaN,NaN,NaN,NaN
NaN,NaN,NaN,NaN,NaN,NaN
NaN,NaN,NaN,NaN,NaN,NaN
NaN,NaN,NaN,NaN,NaN,NaN
NaN,NaN,NaN,NaN,NaN,NaN
NaN,NaN,NaN,NaN,NaN,NaN
NaN,NaN,NaN,NaN,NaN,NaN
NaN,NaN,NaN,NaN,NaN,NaN
NaN,NaN,NaN,NaN,NaN,NaN
NaN,NaN,NaN,NaN,NaN,NaN
NaN,NaN,NaN,NaN,NaN,NaN
NaN,NaN,NaN,NaN,NaN,NaN
NaN,NaN,NaN,NaN,NaN,NaN
NaN,NaN,671.145071,232.300594,NaN,NaN
NaN,NaN,671.010000,232.000000,NaN,NaN
NaN,NaN,671.010000,232.000000,NaN,NaN
NaN,NaN,671.010000,232.010000,NaN,NaN
NaN,NaN,671.010000,232.000000,NaN,NaN
NaN,NaN,671.010000,232.010000,NaN,NaN
NaN,NaN,671.010000,232.030000,NaN,NaN
NaN,NaN,671.010000,232.000000,NaN,NaN
NaN,NaN,671.010000,231.990000,NaN,NaN
NaN,NaN,671.020000,232.000000,NaN,NaN
NaN,NaN,671.020000,232.020000,NaN,NaN
NaN,NaN,671.010000,232.000000,NaN,NaN
NaN,NaN,671.000000,232.020000,NaN,NaN
NaN,NaN,671.010000,232.000000,NaN,NaN
NaN,NaN,670.990000,232.020000,NaN,NaN
NaN,NaN,670.990000,232.010000,NaN,NaN
NaN,NaN,671.000000,232.000000,NaN,NaN
NaN,NaN,671.010000,232.000000,NaN,NaN
NaN,NaN,671.000000,232.000000,NaN,NaN
NaN,NaN,671.010000,232.000000,NaN,NaN
NaN,NaN,671.010000,232.020000,NaN,NaN
NaN,NaN,671.010000,232.010000,NaN,NaN
NaN,NaN,671.000000,231.990000,NaN,NaN
NaN,NaN,670.990000,232.000000,NaN,NaN
NaN,NaN,670.990000,232.010000,NaN,NaN
NaN,NaN,671.000000,232.000000,NaN,NaN
NaN,NaN,671.000000,232.000000,NaN,NaN
NaN,NaN,671.010000,232.000000,NaN,NaN
NaN,NaN,671.010000,232.000000,NaN,NaN
NaN,NaN,671.020000,232.010000,NaN,NaN
NaN,NaN,671.020000,232.000000,NaN,NaN
NaN,NaN,671.010000,232.000000,NaN,NaN
NaN,NaN,671.010000,231.990000,NaN,NaN
NaN,NaN,671.010000,232.010000,NaN,NaN
NaN,NaN,671.000000,232.010000,NaN,NaN
NaN,NaN,671.000000,232.010000,NaN,NaN
NaN,NaN,671.000000,232.020000,NaN,NaN
NaN,NaN,671.010000,232.020000,NaN,NaN
NaN,NaN,671.000000,232.010000,NaN,NaN
NaN,NaN,671.010000,232.010000,NaN,NaN
NaN,NaN,671.010000,232.010000,NaN,NaN
NaN,NaN,671.010000,232.020000,NaN,NaN
NaN,NaN,671.000000,232.010000,NaN,NaN
NaN,NaN,671.000000,232.010000,NaN,NaN
NaN,NaN,671.000000,232.010000,NaN,NaN
NaN,NaN,671.010000,232.010000,NaN,NaN
NaN,NaN,671.000000,232.010000,NaN,NaN
NaN,NaN,671.000000,232.020000,NaN,NaN
NaN,NaN,671.010000,232.030000,NaN,NaN
NaN,NaN,671.010000,232.030000,NaN,NaN
NaN,NaN,671.010000,232.020000,NaN,NaN
NaN,NaN,671.010000,232.010000,NaN,NaN
NaN,NaN,671.010000,232.020000,NaN,NaN
NaN,NaN,671.000000,232.020000,NaN,NaN
NaN,NaN,671.000000,232.030000,NaN,NaN
NaN,NaN,671.010000,232.020000,NaN,NaN
NaN,NaN,671.010000,232.020000,NaN,NaN
NaN,NaN,671.010000,232.010000,NaN,NaN
NaN,NaN,671.000000,232.030000,NaN,NaN
NaN,NaN,671.020000,232.030000,NaN,NaN
NaN,NaN,671.020000,232.030000,NaN,NaN
NaN,NaN,671.020000,232.020000,NaN,NaN
NaN,NaN,671.020000,232.030000,NaN,NaN
NaN,NaN,671.020000,232.020000,NaN,NaN
NaN,NaN,671.030000,232.020000,NaN,NaN
NaN,NaN,671.010000,232.050000,NaN,NaN
NaN,NaN,671.010000,232.040000,NaN,NaN
NaN,NaN,671.020000,232.020000,NaN,NaN
NaN,NaN,671.010000,232.040000,NaN,NaN
NaN,NaN,671.020000,232.040000,NaN,NaN
NaN,NaN,671.020000,232.040000,NaN,NaN
NaN,NaN,671.010000,232.040000,NaN,NaN
NaN,NaN,671.020000,232.050000,NaN,NaN
NaN,NaN,671.020000,232.030000,NaN,NaN
NaN,NaN,671.010000,232.040000,NaN,NaN
NaN,NaN,671.020000,232.030000,NaN,NaN
NaN,NaN,671.030000,232.030000,NaN,NaN
NaN,NaN,671.030000,232.030000,NaN,NaN
NaN,NaN,671.020000,232.050000,NaN,NaN
NaN,NaN,671.010000,232.060000,NaN,NaN
NaN,NaN,671.030000,232.040000,NaN,NaN
NaN,NaN,671.020000,232.040000,NaN,NaN
NaN,NaN,671.020000,232.050000,NaN,NaN
NaN,NaN,671.030000,232.050000,NaN,NaN
NaN,NaN,671.030000,232.050000,NaN,NaN
NaN,NaN,671.020000,232.040000,NaN,NaN
NaN,NaN,671.020000,232.050000,NaN,NaN
NaN,NaN,671.020000,232.040000,NaN,NaN
NaN,NaN,671.030000,232.050000,NaN,NaN
NaN,NaN,671.010000,232.030000,NaN,NaN
NaN,NaN,671.020000,232.050000,NaN,NaN
NaN,NaN,671.010000,232.050000,NaN,NaN
NaN,NaN,671.030000,232.050000,NaN,NaN
NaN,NaN,671.030000,232.040000,NaN,NaN
NaN,NaN,671.030000,232.040000,NaN,NaN
NaN,NaN,671.030000,232.040000,NaN,NaN
NaN,NaN,671.020000,232.040000,NaN,NaN
NaN,NaN,671.020000,232.030000,NaN,NaN
NaN,NaN,671.030000,232.050000,NaN,NaN
NaN,NaN,671.030000,232.050000,NaN,NaN
NaN,NaN,671.020000,232.060000,NaN,NaN
NaN,NaN,671.020000,232.050000,NaN,NaN
NaN,NaN,671.020000,232.050000,NaN,NaN
NaN,NaN,671.030000,232.060000,NaN,NaN
NaN,NaN,671.010000,232.070000,NaN,NaN
NaN,NaN,671.020000,232.060000,NaN,NaN
NaN,NaN,671.030000,232.060000,NaN,NaN
NaN,NaN,671.040000,232.060000,NaN,NaN
NaN,NaN,671.030000,232.060000,NaN,NaN
NaN,NaN,671.010000,232.040000,NaN,NaN
NaN,NaN,671.030000,232.060000,NaN,NaN
NaN,NaN,671.020000,232.070000,NaN,NaN
NaN,NaN,671.020000,232.060000,NaN,NaN
NaN,NaN,671.030000,232.070000,NaN,NaN
NaN,NaN,671.030000,232.040000,NaN,NaN
NaN,NaN,671.020000,232.050000,NaN,NaN
NaN,NaN,671.030000,232.050000,NaN,NaN
NaN,NaN,671.030000,232.050000,NaN,NaN
NaN,NaN,671.020000,232.050000,NaN,NaN
NaN,NaN,671.030000,232.050000,NaN,NaN
NaN,NaN,671.040000,232.070000,NaN,NaN
NaN,NaN,671.040000,232.050000,NaN,NaN
NaN,NaN,671.040000,232.070000,NaN,NaN
NaN,NaN,671.040000,232.080000,NaN,NaN
NaN,NaN,671.050000,232.060000,NaN,NaN
NaN,NaN,671.040000,232.060000,NaN,NaN
NaN,NaN,671.020000,232.050000,NaN,NaN
NaN,NaN,671.030000,232.050000,NaN,NaN
NaN,NaN,671.030000,232.060000,NaN,NaN
NaN,NaN,671.030000,232.070000,NaN,NaN
NaN,NaN,671.030000,232.060000,NaN,NaN
NaN,NaN,671.040000,232.060000,NaN,NaN
NaN,NaN,671.030000,232.060000,NaN,NaN
NaN,NaN,671.030000,232.060000,NaN,NaN
NaN,NaN,671.030000,232.050000,NaN,NaN
NaN,NaN,671.040000,232.050000,NaN,NaN
NaN,NaN,671.030000,232.040000,NaN,NaN
NaN,NaN,671.040000,232.050000,NaN,NaN
NaN,NaN,671.040000,232.060000,NaN,NaN
NaN,NaN,671.050000,232.060000,NaN,NaN
NaN,NaN,671.030000,232.070000,NaN,NaN
NaN,NaN,671.040000,232.070000,NaN,NaN
NaN,NaN,671.040000,232.050000,NaN,NaN
NaN,NaN,671.040000,232.070000,NaN,NaN
NaN,NaN,671.040000,232.070000,NaN,NaN
NaN,NaN,671.030000,232.080000,NaN,NaN
NaN,NaN,671.040000,232.090000,NaN,NaN
NaN,NaN,671.040000,232.080000,638.237138,236.962883
NaN,NaN,671.030000,232.080000,637.990000,236.990000
NaN,NaN,671.050000,232.060000,638.010000,237.020000
NaN,NaN,671.050000,232.060000,638.020000,237.020000
NaN,NaN,671.050000,232.060000,638.020000,237.010000
NaN,NaN,671.040000,232.060000,638.010000,237.000000
NaN,NaN,671.050000,232.060000,638.010000,237.000000
NaN,NaN,671.050000,232.070000,638.000000,237.000000
NaN,NaN,671.050000,232.060000,638.010000,237.010000
NaN,NaN,671.050000,232.070000,638.020000,237.010000
NaN,NaN,671.050000,232.070000,638.010000,237.010000
NaN,NaN,671.040000,232.070000,638.010000,237.010000
NaN,NaN,671.040000,232.070000,638.020000,237.000000
NaN,NaN,671.050000,232.070000,638.010000,237.000000
NaN,NaN,671.040000,232.070000,638.020000,236.990000
NaN,NaN,671.050000,232.080000,638.020000,236.990000
NaN,NaN,671.060000,232.070000,638.020000,236.990000
NaN,NaN,671.040000,232.090000,638.020000,237.000000
NaN,NaN,671.040000,232.090000,638.020000,236.990000
NaN,NaN,671.040000,232.070000,638.020000,236.980000
NaN,NaN,671.040000,232.080000,638.030000,236.980000
NaN,NaN,671.040000,232.080000,638.010000,236.980000
NaN,NaN,671.040000,232.090000,638.020000,236.980000
NaN,NaN,671.040000,232.090000,638.020000,236.960000
NaN,NaN,671.040000,232.080000,638.010000,236.980000
NaN,NaN,671.040000,232.070000,638.010000,236.960000
NaN,NaN,671.050000,232.060000,638.010000,236.970000
NaN,NaN,671.050000,232.060000,638.020000,236.970000
NaN,NaN,671.050000,232.070000,638.020000,236.980000
NaN,NaN,671.050000,232.080000,638.020000,237.000000
NaN,NaN,671.050000,232.060000,638.020000,236.990000
NaN,NaN,671.060000,232.100000,638.020000,236.970000
NaN,NaN,671.050000,232.070000,637.990000,236.980000
NaN,NaN,671.060000,232.060000,638.010000,236.990000
NaN,NaN,671.060000,232.080000,637.980000,236.970000
NaN,NaN,671.070000,232.080000,638.000000,236.970000
NaN,NaN,671.060000,232.090000,638.000000,236.980000
NaN,NaN,671.060000,232.070000,638.010000,236.970000
NaN,NaN,671.050000,232.080000,637.980000,236.970000
NaN,NaN,671.060000,232.080000,638.010000,236.970000
NaN,NaN,671.050000,232.100000,638.010000,236.970000
NaN,NaN,671.060000,232.090000,638.000000,236.960000
NaN,NaN,671.060000,232.090000,638.020000,236.960000
NaN,NaN,671.060000,232.080000,638.010000,236.970000
NaN,NaN,671.070000,232.080000,637.990000,236.970000
NaN,NaN,671.050000,232.100000,637.980000,236.950000
NaN,NaN,671.060000,232.100000,638.000000,236.960000
NaN,NaN,671.070000,232.090000,637.990000,236.960000
NaN,NaN,671.070000,232.060000,637.990000,236.970000
NaN,NaN,671.070000,232.080000,638.000000,236.970000
NaN,NaN,671.070000,232.090000,637.990000,236.970000
NaN,NaN,671.070000,232.060000,637.990000,236.970000
NaN,NaN,671.070000,232.050000,637.990000,236.960000
NaN,NaN,671.070000,232.080000,638.000000,236.960000
NaN,NaN,671.070000,232.060000,637.970000,236.970000
NaN,NaN,671.070000,232.050000,637.980000,236.980000
NaN,NaN,671.080000,232.070000,637.980000,236.980000
NaN,NaN,671.070000,232.060000,637.990000,236.980000
NaN,NaN,671.070000,232.060000,637.990000,236.980000
NaN,NaN,671.070000,232.070000,637.990000,236.980000
NaN,NaN,671.060000,232.070000,637.990000,236.970000
NaN,NaN,671.080000,232.040000,637.980000,236.970000
NaN,NaN,671.070000,232.070000,637.980000,236.950000
NaN,NaN,671.060000,232.070000,637.980000,236.940000
NaN,NaN,671.060000,232.050000,637.980000,236.930000
NaN,NaN,671.050000,232.070000,637.960000,236.950000
NaN,NaN,671.070000,232.080000,637.950000,236.950000
NaN,NaN,671.070000,232.080000,637.960000,236.950000
NaN,NaN,671.080000,232.070000,637.970000,236.950000
NaN,NaN,671.070000,232.080000,637.970000,236.950000
NaN,NaN,671.070000,232.060000,637.970000,236.950000
NaN,NaN,671.080000,232.080000,637.970000,236.950000
NaN,NaN,671.080000,232.060000,637.970000,236.940000
NaN,NaN,671.070000,232.070000,637.970000,236.950000
NaN,NaN,671.080000,232.080000,637.970000,236.950000
NaN,NaN,671.070000,232.070000,637.970000,236.950000
NaN,NaN,671.070000,232.070000,637.970000,236.960000
NaN,NaN,671.070000,232.080000,637.950000,236.970000
NaN,NaN,671.080000,232.080000,637.950000,236.950000
NaN,NaN,671.060000,232.060000,637.970000,236.960000
NaN,NaN,671.060000,232.050000,637.960000,236.950000
NaN,NaN,671.070000,232.060000,637.960000,236.950000
NaN,NaN,671.080000,232.060000,637.960000,236.950000
NaN,NaN,671.070000,232.050000,637.960000,236.940000
NaN,NaN,671.070000,232.060000,637.960000,236.930000
NaN,NaN,671.070000,232.070000,637.960000,236.930000
NaN,NaN,671.070000,232.060000,637.960000,236.950000
NaN,NaN,671.070000,232.050000,637.950000,236.940000
NaN,NaN,671.080000,232.050000,637.960000,236.950000
NaN,NaN,671.080000,232.060000,637.950000,236.940000
NaN,NaN,671.080000,232.060000,637.970000,236.950000
NaN,NaN,671.080000,232.040000,637.960000,236.930000
NaN,NaN,671.090000,232.080000,637.950000,236.980000
NaN,NaN,671.080000,232.080000,637.950000,236.980000
NaN,NaN,671.080000,232.060000,637.940000,236.970000
NaN,NaN,671.090000,232.020000,637.940000,236.960000
NaN,NaN,671.100000,232.040000,637.950000,236.960000
NaN,NaN,671.100000,232.060000,637.940000,236.950000
NaN,NaN,671.100000,232.070000,637.950000,236.960000
NaN,NaN,671.090000,232.060000,637.930000,236.940000
NaN,NaN,671.100000,232.060000,637.920000,236.930000
NaN,NaN,671.100000,232.050000,637.930000,236.930000
NaN,NaN,671.090000,232.060000,637.940000,236.940000
NaN,NaN,671.100000,232.050000,637.930000,236.930000
NaN,NaN,671.100000,232.050000,637.910000,236.930000
NaN,NaN,671.090000,232.040000,637.930000,236.930000
NaN,NaN,671.100000,232.060000,637.920000,236.930000
NaN,NaN,671.090000,232.070000,637.930000,236.940000
NaN,NaN,671.100000,232.060000,637.920000,236.940000
NaN,NaN,671.110000,232.050000,637.920000,236.940000
NaN,NaN,671.100000,232.050000,637.910000,236.950000
NaN,NaN,671.100000,232.060000,637.910000,236.930000
NaN,NaN,671.100000,232.050000,637.920000,236.940000
NaN,NaN,671.100000,232.040000,637.920000,236.940000
NaN,NaN,671.090000,232.040000,637.920000,236.940000
NaN,NaN,671.090000,232.050000,637.930000,236.940000
NaN,NaN,671.100000,232.050000,637.920000,236.950000
NaN,NaN,671.090000,232.040000,637.920000,236.930000
NaN,NaN,671.100000,232.040000,637.910000,236.940000
NaN,NaN,671.100000,232.040000,637.910000,236.950000
NaN,NaN,671.090000,232.050000,637.900000,236.950000
NaN,NaN,671.100000,232.040000,637.920000,236.930000
NaN,NaN,671.100000,232.070000,637.900000,236.930000
NaN,NaN,671.090000,232.060000,637.910000,236.950000
NaN,NaN,671.100000,232.060000,637.910000,236.950000
NaN,NaN,671.100000,232.050000,637.900000,236.930000
NaN,NaN,671.100000,232.050000,637.900000,236.930000
NaN,NaN,671.100000,232.070000,637.900000,236.940000
NaN,NaN,671.110000,232.080000,637.900000,236.940000
NaN,NaN,671.100000,232.070000,637.890000,236.950000
NaN,NaN,671.110000,232.070000,637.890000,236.940000
NaN,NaN,671.100000,232.060000,637.920000,236.950000
NaN,NaN,671.110000,232.070000,637.900000,236.950000
NaN,NaN,671.100000,232.070000,637.880000,236.960000
NaN,NaN,671.110000,232.070000,637.890000,236.950000
NaN,NaN,671.100000,232.070000,637.900000,236.930000
NaN,NaN,671.120000,232.080000,637.910000,236.930000
NaN,NaN,671.110000,232.060000,637.890000,236.930000
NaN,NaN,671.120000,232.070000,637.880000,236.920000
NaN,NaN,671.120000,232.060000,637.890000,236.930000
NaN,NaN,671.110000,232.070000,637.900000,236.930000
NaN,NaN,671.110000,232.070000,637.900000,236.930000
NaN,NaN,671.120000,232.060000,637.900000,236.940000
NaN,NaN,671.120000,232.060000,637.900000,236.940000
NaN,NaN,671.120000,232.090000,637.900000,236.940000
NaN,NaN,671.120000,232.070000,637.900000,236.960000
NaN,NaN,671.120000,232.070000,637.880000,236.960000
NaN,NaN,671.120000,232.070000,637.910000,236.970000
NaN,NaN,671.130000,232.080000,637.890000,236.960000
NaN,NaN,671.130000,232.070000,637.890000,236.950000
NaN,NaN,671.120000,232.070000,637.900000,236.950000
NaN,NaN,671.130000,232.080000,637.910000,236.930000
NaN,NaN,671.140000,232.090000,637.900000,236.940000
NaN,NaN,671.140000,232.080000,637.920000,236.950000
NaN,NaN,671.130000,232.120000,637.910000,236.950000
NaN,NaN,671.140000,232.080000,637.900000,236.930000
NaN,NaN,671.120000,232.090000,637.910000,236.930000
NaN,NaN,671.140000,232.080000,637.890000,236.950000
NaN,NaN,671.140000,232.080000,637.890000,236.930000
NaN,NaN,671.120000,232.070000,637.890000,236.950000
NaN,NaN,671.120000,232.070000,637.890000,236.950000
NaN,NaN,671.140000,232.090000,637.900000,236.940000
NaN,NaN,671.130000,232.080000,637.890000,236.950000
NaN,NaN,671.140000,232.090000,637.890000,236.940000
NaN,NaN,671.130000,232.090000,637.880000,236.940000
NaN,NaN,671.140000,232.080000,637.900000,236.940000
NaN,NaN,671.130000,232.080000,637.890000,236.940000
NaN,NaN,671.140000,232.100000,637.860000,236.920000
NaN,NaN,671.130000,232.100000,637.870000,236.940000
NaN,NaN,671.140000,232.090000,637.870000,236.920000
NaN,NaN,671.140000,232.080000,637.900000,236.930000
NaN,NaN,671.150000,232.080000,637.880000,236.910000
NaN,NaN,671.150000,232.080000,637.870000,236.920000
NaN,NaN,671.150000,232.090000,637.870000,236.930000
NaN,NaN,671.150000,232.090000,637.890000,236.930000
NaN,NaN,671.150000,232.100000,637.880000,236.940000
NaN,NaN,671.150000,232.090000,637.870000,236.940000
NaN,NaN,671.140000,232.100000,637.870000,236.940000
NaN,NaN,671.150000,232.090000,637.870000,236.940000
NaN,NaN,671.160000,232.100000,637.870000,236.940000
NaN,NaN,671.150000,232.070000,637.880000,236.950000
NaN,NaN,671.150000,232.100000,637.870000,236.940000
NaN,NaN,671.140000,232.130000,637.880000,236.950000
NaN,NaN,671.160000,232.100000,637.880000,236.940000
NaN,NaN,671.160000,232.100000,637.870000,236.940000
NaN,NaN,671.170000,232.100000,637.850000,236.950000
NaN,NaN,671.170000,232.100000,637.860000,236.940000
NaN,NaN,671.160000,232.120000,637.870000,236.940000
NaN,NaN,671.170000,232.120000,637.870000,236.950000
NaN,NaN,671.170000,232.120000,637.870000,236.940000
NaN,NaN,671.160000,232.120000,637.870000,236.950000
NaN,NaN,671.170000,232.120000,637.880000,236.950000
NaN,NaN,671.170000,232.130000,637.870000,236.960000
NaN,NaN,671.170000,232.120000,637.880000,236.960000
NaN,NaN,671.170000,232.110000,637.880000,236.960000
NaN,NaN,671.170000,232.130000,637.890000,236.960000
NaN,NaN,671.180000,232.120000,637.870000,236.970000
NaN,NaN,671.190000,232.120000,637.910000,236.960000
NaN,NaN,671.200000,232.120000,637.910000,236.960000
NaN,NaN,671.180000,232.130000,637.890000,236.960000
NaN,NaN,671.190000,232.120000,637.890000,236.960000
NaN,NaN,671.190000,232.130000,637.880000,236.950000
NaN,NaN,671.190000,232.140000,637.890000,236.950000
NaN,NaN,671.190000,232.130000,637.890000,236.950000
NaN,NaN,671.190000,232.130000,637.890000,236.950000
NaN,NaN,671.190000,232.130000,637.880000,236.960000
NaN,NaN,671.200000,232.130000,637.880000,236.970000
NaN,NaN,671.210000,232.150000,637.880000,236.960000
NaN,NaN,671.220000,232.140000,637.890000,236.950000
NaN,NaN,671.200000,232.140000,637.860000,236.960000
NaN,NaN,671.210000,232.140000,637.890000,236.960000
NaN,NaN,671.210000,232.160000,637.870000,236.970000
NaN,NaN,671.210000,232.140000,637.870000,236.950000
NaN,NaN,671.220000,232.170000,637.860000,236.950000
NaN,NaN,671.210000,232.150000,637.860000,236.960000
NaN,NaN,671.220000,232.160000,637.860000,236.960000
NaN,NaN,671.220000,232.150000,637.850000,236.950000
NaN,NaN,671.220000,232.160000,637.850000,236.950000
NaN,NaN,671.210000,232.160000,637.870000,236.970000
NaN,NaN,671.220000,232.140000,637.860000,236.960000
NaN,NaN,671.230000,232.140000,637.880000,236.950000
NaN,NaN,671.220000,232.160000,637.860000,236.950000
NaN,NaN,671.240000,232.160000,637.870000,236.960000
NaN,NaN,671.240000,232.170000,637.860000,236.960000
NaN,NaN,671.240000,232.170000,637.850000,237.000000
NaN,NaN,671.230000,232.180000,637.840000,236.970000
NaN,NaN,671.240000,232.180000,637.850000,236.960000
NaN,NaN,671.250000,232.190000,637.860000,236.990000
NaN,NaN,671.240000,232.150000,637.860000,236.980000
NaN,NaN,671.250000,232.150000,637.870000,236.980000
NaN,NaN,671.230000,232.160000,637.870000,236.980000
NaN,NaN,671.250000,232.200000,637.860000,236.970000
NaN,NaN,671.260000,232.190000,637.840000,236.960000
NaN,NaN,671.270000,232.180000,637.850000,236.980000
NaN,NaN,671.260000,232.210000,637.850000,236.970000
NaN,NaN,671.260000,232.210000,637.860000,236.970000
NaN,NaN,671.260000,232.200000,637.870000,236.970000
NaN,NaN,671.260000,232.230000,637.860000,236.980000
NaN,NaN,671.270000,232.190000,637.850000,236.970000
NaN,NaN,671.260000,232.200000,637.850000,236.960000
NaN,NaN,671.240000,232.190000,637.850000,236.970000
NaN,NaN,671.250000,232.220000,637.860000,236.970000
NaN,NaN,671.250000,232.220000,637.870000,236.960000
NaN,NaN,671.240000,232.220000,637.870000,236.960000
NaN,NaN,671.250000,232.210000,637.880000,236.960000
NaN,NaN,671.270000,232.210000,637.880000,236.970000
NaN,NaN,671.270000,232.200000,637.870000,236.960000
NaN,NaN,671.280000,232.250000,637.880000,236.960000
NaN,NaN,671.270000,232.210000,637.880000,236.970000
NaN,NaN,671.280000,232.200000,637.890000,236.960000
NaN,NaN,671.290000,232.210000,637.880000,236.960000
NaN,NaN,671.290000,232.190000,637.880000,236.960000
NaN,NaN,671.280000,232.220000,637.880000,236.960000
NaN,NaN,671.270000,232.240000,637.880000,236.960000
NaN,NaN,671.280000,232.240000,637.890000,236.960000
NaN,NaN,671.280000,232.190000,637.890000,236.960000
NaN,NaN,671.300000,232.200000,637.890000,236.970000
NaN,NaN,671.280000,232.240000,637.850000,237.000000
NaN,NaN,671.290000,232.210000,637.860000,236.990000
NaN,NaN,671.300000,232.220000,637.850000,236.980000
NaN,NaN,671.310000,232.220000,637.840000,237.000000
NaN,NaN,671.320000,232.220000,637.840000,236.980000
NaN,NaN,671.320000,232.210000,637.830000,236.980000
NaN,NaN,671.310000,232.210000,637.830000,236.970000
NaN,NaN,671.320000,232.200000,637.840000,236.980000
NaN,NaN,671.310000,232.200000,637.830000,236.980000
NaN,NaN,671.310000,232.190000,637.830000,236.970000
NaN,NaN,671.310000,232.210000,637.840000,236.970000
NaN,NaN,671.310000,232.230000,637.840000,236.960000
NaN,NaN,671.310000,232.220000,637.850000,236.980000
NaN,NaN,671.290000,232.210000,637.820000,236.960000
NaN,NaN,671.300000,232.200000,637.810000,236.970000
NaN,NaN,671.300000,232.220000,637.850000,237.000000
NaN,NaN,671.290000,232.220000,637.860000,236.990000
NaN,NaN,671.290000,232.230000,637.860000,236.990000
NaN,NaN,671.300000,232.190000,637.850000,236.980000
NaN,NaN,671.300000,232.250000,637.820000,236.980000
NaN,NaN,671.290000,232.240000,637.830000,236.970000
NaN,NaN,671.280000,232.250000,637.830000,236.960000
NaN,NaN,671.290000,232.230000,637.840000,236.970000
NaN,NaN,671.290000,232.230000,637.850000,236.950000
NaN,NaN,671.320000,232.200000,637.830000,236.990000
NaN,NaN,671.300000,232.200000,637.840000,236.980000
NaN,NaN,671.300000,232.210000,637.830000,236.980000
NaN,NaN,671.300000,232.210000,637.840000,236.990000
NaN,NaN,671.300000,232.210000,637.820000,236.990000
NaN,NaN,671.320000,232.240000,637.810000,236.980000
NaN,NaN,671.350000,232.200000,637.810000,236.970000
NaN,NaN,671.340000,232.180000,637.850000,236.990000
NaN,NaN,671.320000,232.240000,637.810000,236.990000
NaN,NaN,671.310000,232.240000,637.810000,236.980000
NaN,NaN,671.320000,232.240000,637.820000,236.980000
NaN,NaN,671.330000,232.220000,637.820000,236.980000
NaN,NaN,671.310000,232.210000,637.860000,236.980000
NaN,NaN,671.310000,232.190000,637.850000,236.980000
NaN,NaN,671.330000,232.190000,637.820000,236.970000
NaN,NaN,671.330000,232.180000,637.820000,236.970000
NaN,NaN,671.330000,232.190000,637.820000,236.970000
NaN,NaN,671.340000,232.240000,637.830000,236.970000
NaN,NaN,671.320000,232.240000,637.820000,236.970000
NaN,NaN,671.320000,232.220000,637.820000,236.980000
NaN,NaN,671.320000,232.220000,637.820000,236.970000
NaN,NaN,671.350000,232.200000,637.830000,236.990000
NaN,NaN,671.340000,232.200000,637.830000,236.990000
NaN,NaN,671.340000,232.210000,637.830000,237.000000
NaN,NaN,671.340000,232.190000,637.820000,236.990000
NaN,NaN,671.320000,232.210000,637.820000,236.970000
NaN,NaN,671.310000,232.240000,637.820000,236.970000
NaN,NaN,671.330000,232.220000,637.840000,236.990000
NaN,NaN,671.340000,232.210000,637.830000,236.980000
NaN,NaN,671.340000,232.210000,637.840000,236.990000
NaN,NaN,671.340000,232.210000,637.850000,236.990000
NaN,NaN,671.350000,232.230000,637.840000,236.980000
NaN,NaN,671.330000,232.250000,637.850000,236.990000
NaN,NaN,671.330000,232.260000,637.840000,236.980000
NaN,NaN,671.330000,232.230000,637.840000,236.970000
NaN,NaN,671.350000,232.230000,637.820000,236.970000
NaN,NaN,671.350000,232.240000,637.850000,236.990000
NaN,NaN,671.340000,232.190000,637.860000,237.000000
NaN,NaN,671.330000,232.230000,637.860000,237.000000
NaN,NaN,671.350000,232.200000,637.850000,236.990000
NaN,NaN,671.340000,232.210000,637.830000,236.980000
NaN,NaN,671.360000,232.180000,637.850000,236.970000
NaN,NaN,671.370000,232.190000,637.830000,236.970000
NaN,NaN,671.360000,232.170000,637.830000,236.970000
NaN,NaN,671.350000,232.170000,637.840000,236.970000
NaN,NaN,671.360000,232.190000,637.850000,236.990000
NaN,NaN,671.380000,232.180000,637.870000,236.990000
NaN,NaN,671.360000,232.170000,637.880000,236.980000
NaN,NaN,671.360000,232.150000,637.880000,236.980000
NaN,NaN,671.360000,232.210000,637.880000,236.970000
NaN,NaN,671.360000,232.190000,637.870000,236.980000
NaN,NaN,671.410000,232.140000,637.860000,236.990000
NaN,NaN,671.390000,232.160000,637.850000,237.000000
NaN,NaN,671.380000,232.160000,637.810000,237.010000
NaN,NaN,671.360000,232.170000,637.820000,236.990000
NaN,NaN,671.370000,232.150000,637.840000,236.990000
NaN,NaN,671.370000,232.180000,637.850000,236.980000
NaN,NaN,671.380000,232.160000,637.850000,236.990000
NaN,NaN,671.380000,232.170000,637.810000,236.990000
NaN,NaN,671.370000,232.180000,637.840000,236.990000
NaN,NaN,671.370000,232.170000,637.830000,236.990000
NaN,NaN,671.390000,232.190000,637.830000,237.000000
NaN,NaN,671.390000,232.170000,637.840000,236.990000
NaN,NaN,671.390000,232.160000,637.830000,237.000000
NaN,NaN,671.390000,232.170000,637.830000,237.000000
NaN,NaN,671.390000,232.150000,637.820000,237.000000
NaN,NaN,671.400000,232.170000,637.820000,236.990000
NaN,NaN,671.390000,232.190000,637.820000,236.980000
NaN,NaN,671.400000,232.180000,637.820000,236.970000
NaN,NaN,671.400000,232.190000,637.820000,236.970000
NaN,NaN,671.400000,232.180000,637.810000,236.960000
NaN,NaN,671.380000,232.180000,637.820000,236.960000
NaN,NaN,671.390000,232.180000,637.820000,236.980000
NaN,NaN,671.380000,232.170000,637.810000,236.990000
NaN,NaN,671.390000,232.180000,637.810000,236.970000
NaN,NaN,671.390000,232.190000,637.820000,236.960000
NaN,NaN,671.390000,232.180000,637.820000,236.950000
NaN,NaN,671.400000,232.180000,637.810000,236.950000
NaN,NaN,671.390000,232.210000,637.810000,236.960000
NaN,NaN,671.400000,232.210000,637.800000,236.960000
NaN,NaN,671.390000,232.200000,637.810000,236.960000
NaN,NaN,671.430000,232.190000,637.730000,236.950000
NaN,NaN,671.430000,232.200000,637.760000,236.970000
NaN,NaN,671.410000,232.200000,637.780000,236.960000
NaN,NaN,671.400000,232.200000,637.780000,236.960000
NaN,NaN,671.420000,232.200000,637.790000,236.960000
NaN,NaN,671.410000,232.180000,637.800000,236.960000
NaN,NaN,671.420000,232.170000,637.800000,236.970000
NaN,NaN,671.430000,232.160000,637.790000,236.970000
NaN,NaN,671.430000,232.210000,637.800000,236.970000
NaN,NaN,671.430000,232.180000,637.800000,236.970000
NaN,NaN,671.440000,232.190000,637.790000,236.970000
NaN,NaN,671.420000,232.200000,637.790000,236.960000
NaN,NaN,671.420000,232.170000,637.780000,236.960000
NaN,NaN,671.420000,232.200000,637.810000,236.960000
NaN,NaN,671.420000,232.180000,637.810000,236.950000
NaN,NaN,671.420000,232.170000,637.790000,236.950000
NaN,NaN,671.420000,232.170000,637.790000,236.950000
NaN,NaN,671.450000,232.190000,637.800000,236.950000
NaN,NaN,671.450000,232.190000,637.800000,236.960000
NaN,NaN,671.440000,232.190000,637.780000,236.960000
NaN,NaN,671.430000,232.180000,637.810000,236.960000
NaN,NaN,671.440000,232.200000,637.800000,236.960000
NaN,NaN,671.430000,232.170000,637.800000,236.940000
NaN,NaN,671.440000,232.190000,637.810000,236.950000
NaN,NaN,671.490000,232.180000,637.810000,236.960000
NaN,NaN,671.920000,232.170000,637.800000,236.960000
NaN,NaN,671.910000,232.200000,637.820000,236.950000
NaN,NaN,671.920000,232.170000,637.810000,236.950000
NaN,NaN,671.920000,232.180000,637.790000,236.950000
NaN,NaN,671.920000,232.180000,637.800000,236.960000
NaN,NaN,671.930000,232.170000,637.770000,236.950000
NaN,NaN,671.930000,232.190000,637.790000,236.960000
NaN,NaN,671.940000,232.170000,637.780000,236.950000
NaN,NaN,671.910000,232.210000,637.780000,236.950000
NaN,NaN,671.920000,232.190000,637.760000,236.940000
NaN,NaN,671.920000,232.190000,637.780000,236.940000
NaN,NaN,671.930000,232.200000,637.770000,236.930000
NaN,NaN,671.930000,232.190000,637.770000,236.930000
NaN,NaN,671.940000,232.210000,637.790000,236.930000
NaN,NaN,671.940000,232.180000,637.760000,236.930000
NaN,NaN,671.930000,232.190000,637.790000,236.920000
NaN,NaN,671.940000,232.180000,637.790000,236.920000
NaN,NaN,671.930000,232.170000,637.760000,236.900000
NaN,NaN,671.930000,232.170000,637.760000,236.920000
NaN,NaN,671.930000,232.200000,637.790000,236.940000
NaN,NaN,671.950000,232.210000,637.790000,236.950000
NaN,NaN,671.950000,232.200000,637.810000,236.950000
NaN,NaN,671.960000,232.180000,637.790000,236.960000
NaN,NaN,671.960000,232.200000,637.810000,236.950000
NaN,NaN,671.960000,232.210000,637.810000,236.950000
NaN,NaN,671.950000,232.210000,637.810000,236.940000
NaN,NaN,671.960000,232.220000,637.810000,236.950000
NaN,NaN,671.950000,232.210000,637.800000,236.940000
NaN,NaN,671.960000,232.210000,637.790000,236.940000
NaN,NaN,671.970000,232.200000,637.750000,236.950000
NaN,NaN,671.960000,232.210000,637.760000,236.960000
NaN,NaN,671.960000,232.220000,637.780000,236.940000
NaN,NaN,671.970000,232.210000,637.810000,236.950000
NaN,NaN,671.960000,232.220000,637.800000,236.940000
NaN,NaN,671.950000,232.240000,637.760000,236.940000
NaN,NaN,671.990000,232.210000,637.790000,236.940000
NaN,NaN,671.970000,232.220000,637.780000,236.940000
NaN,NaN,671.970000,232.230000,637.770000,236.940000
NaN,NaN,671.960000,232.220000,637.780000,236.940000
NaN,NaN,671.980000,232.220000,637.800000,236.940000
NaN,NaN,671.980000,232.230000,637.780000,236.930000
NaN,NaN,671.960000,232.260000,637.780000,236.950000
NaN,NaN,671.960000,232.250000,637.780000,236.950000
NaN,NaN,671.990000,232.260000,637.780000,236.940000
NaN,NaN,671.980000,232.230000,637.790000,236.950000
NaN,NaN,671.990000,232.250000,637.790000,236.950000
NaN,NaN,671.990000,232.230000,637.790000,236.960000
NaN,NaN,671.990000,232.220000,637.800000,236.940000
NaN,NaN,672.000000,232.260000,637.810000,236.940000
NaN,NaN,672.000000,232.260000,637.760000,236.950000
NaN,NaN,671.990000,232.250000,637.780000,236.960000
NaN,NaN,671.990000,232.250000,637.780000,236.960000
NaN,NaN,672.010000,232.230000,637.760000,236.950000
NaN,NaN,672.010000,232.290000,637.780000,236.940000
NaN,NaN,672.000000,232.280000,637.780000,236.950000
NaN,NaN,672.020000,232.250000,637.780000,236.960000
NaN,NaN,672.010000,232.250000,637.790000,236.950000
NaN,NaN,672.010000,232.280000,637.780000,236.960000
NaN,NaN,672.020000,232.260000,637.780000,236.950000
NaN,NaN,672.020000,232.280000,637.790000,236.950000
NaN,NaN,672.020000,232.270000,637.790000,236.960000
NaN,NaN,672.030000,232.320000,637.790000,236.950000
NaN,NaN,672.030000,232.300000,637.790000,236.950000
NaN,NaN,672.020000,232.310000,637.780000,236.960000
NaN,NaN,672.020000,232.290000,637.800000,236.960000
NaN,NaN,672.020000,232.290000,637.750000,236.930000
NaN,NaN,672.020000,232.280000,637.750000,236.930000
NaN,NaN,672.010000,232.290000,637.770000,236.950000
NaN,NaN,672.030000,232.310000,637.770000,236.950000
NaN,NaN,672.030000,232.320000,637.780000,236.960000
NaN,NaN,672.030000,232.310000,637.760000,236.960000
NaN,NaN,672.020000,232.320000,637.750000,236.920000
NaN,NaN,672.030000,232.330000,637.750000,236.940000
NaN,NaN,672.040000,232.370000,637.730000,236.920000
NaN,NaN,672.050000,232.350000,637.750000,236.940000
NaN,NaN,672.040000,232.350000,637.740000,236.940000
NaN,NaN,672.030000,232.360000,637.740000,236.940000
NaN,NaN,672.040000,232.370000,637.740000,236.940000
NaN,NaN,672.050000,232.360000,637.740000,236.940000
NaN,NaN,672.060000,232.380000,637.750000,236.940000
NaN,NaN,672.090000,232.410000,637.750000,236.970000
NaN,NaN,672.080000,232.420000,637.740000,236.950000
NaN,NaN,672.070000,232.430000,637.750000,236.940000
NaN,NaN,672.060000,232.430000,637.760000,236.950000
NaN,NaN,672.070000,232.420000,637.740000,236.950000
NaN,NaN,672.070000,232.420000,637.730000,236.950000
NaN,NaN,672.080000,232.410000,637.740000,236.950000
NaN,NaN,672.070000,232.380000,637.740000,236.940000
NaN,NaN,672.080000,232.410000,637.750000,236.950000
NaN,NaN,672.090000,232.450000,637.750000,236.940000
NaN,NaN,672.080000,232.440000,637.770000,236.950000
NaN,NaN,672.070000,232.410000,637.740000,236.960000
NaN,NaN,672.080000,232.410000,637.750000,236.950000
NaN,NaN,672.080000,232.420000,637.750000,236.950000
NaN,NaN,672.080000,232.390000,637.750000,236.940000
NaN,NaN,672.100000,232.390000,637.710000,236.970000
NaN,NaN,672.120000,232.370000,637.710000,236.950000
NaN,NaN,672.100000,232.370000,637.720000,236.970000
NaN,NaN,672.120000,232.390000,637.730000,236.950000
NaN,NaN,672.120000,232.420000,637.720000,236.950000
NaN,NaN,672.120000,232.430000,637.710000,236.950000
NaN,NaN,672.130000,232.450000,637.740000,236.960000
NaN,NaN,672.140000,232.480000,637.740000,236.950000
NaN,NaN,672.130000,232.800000,637.720000,236.940000
NaN,NaN,672.120000,232.800000,637.700000,236.940000
NaN,NaN,672.120000,232.810000,637.700000,236.940000
NaN,NaN,672.130000,232.780000,637.740000,236.950000
NaN,NaN,672.130000,232.780000,637.680000,236.940000
NaN,NaN,672.130000,232.820000,637.710000,236.950000
NaN,NaN,672.130000,232.820000,637.710000,236.950000
NaN,NaN,672.130000,232.810000,637.740000,236.980000
NaN,NaN,672.140000,232.830000,637.750000,236.990000
NaN,NaN,672.130000,232.840000,637.740000,236.970000
NaN,NaN,672.130000,232.810000,637.730000,236.950000
NaN,NaN,672.140000,232.810000,637.730000,236.960000
NaN,NaN,672.140000,232.820000,637.700000,236.960000
NaN,NaN,672.140000,232.810000,637.700000,236.940000
NaN,NaN,672.150000,232.820000,637.700000,236.950000
NaN,NaN,672.140000,232.840000,637.710000,236.960000
NaN,NaN,672.160000,232.850000,637.680000,236.950000
NaN,NaN,672.160000,232.820000,637.710000,236.960000
NaN,NaN,672.160000,232.820000,637.720000,236.960000
NaN,NaN,672.160000,232.840000,637.690000,236.960000
NaN,NaN,672.160000,232.820000,637.710000,236.940000
NaN,NaN,672.170000,232.850000,637.720000,236.970000
NaN,NaN,672.190000,232.890000,637.680000,236.970000
NaN,NaN,672.180000,232.890000,637.680000,236.960000
NaN,NaN,672.210000,232.880000,637.690000,236.970000
NaN,NaN,672.200000,232.870000,637.710000,236.970000
NaN,NaN,672.210000,232.890000,637.700000,236.960000
NaN,NaN,672.220000,232.890000,637.710000,236.940000
NaN,NaN,672.230000,232.870000,637.690000,236.950000
NaN,NaN,672.220000,232.900000,637.710000,236.960000
NaN,NaN,672.240000,232.910000,637.680000,236.940000
NaN,NaN,672.240000,232.910000,637.700000,236.960000
NaN,NaN,672.240000,232.890000,637.700000,236.960000
NaN,NaN,672.220000,232.940000,637.700000,236.980000
NaN,NaN,672.230000,232.950000,637.700000,236.960000
NaN,NaN,672.230000,232.950000,637.710000,236.960000
NaN,NaN,672.260000,232.950000,637.680000,236.950000
NaN,NaN,672.260000,232.920000,637.600000,236.930000
NaN,NaN,672.260000,232.930000,637.630000,236.950000
NaN,NaN,672.260000,232.930000,637.640000,236.950000
NaN,NaN,672.250000,232.910000,637.650000,236.960000
NaN,NaN,672.260000,232.910000,637.640000,236.940000
NaN,NaN,672.250000,232.890000,637.660000,236.940000
NaN,NaN,672.260000,232.930000,637.570000,236.910000
NaN,NaN,672.280000,232.940000,637.670000,236.930000
NaN,NaN,672.280000,232.930000,637.680000,236.940000
NaN,NaN,672.310000,232.950000,637.640000,236.930000
NaN,NaN,672.300000,232.930000,637.640000,236.930000
NaN,NaN,672.330000,232.930000,637.680000,236.940000
NaN,NaN,672.310000,232.930000,637.660000,236.950000
NaN,NaN,672.310000,232.930000,637.670000,236.940000
NaN,NaN,672.300000,232.920000,637.690000,236.960000
NaN,NaN,672.340000,232.960000,637.660000,236.950000
NaN,NaN,672.350000,232.990000,637.630000,236.960000
NaN,NaN,672.320000,232.990000,637.640000,236.960000
NaN,NaN,672.350000,233.010000,637.650000,236.940000
NaN,NaN,672.330000,233.010000,637.680000,236.960000
NaN,NaN,672.330000,233.000000,637.660000,236.960000
NaN,NaN,672.330000,232.970000,637.700000,236.970000
NaN,NaN,672.350000,233.000000,637.650000,236.950000
NaN,NaN,672.360000,232.990000,637.660000,236.970000
NaN,NaN,672.370000,232.990000,637.680000,236.960000
NaN,NaN,672.350000,233.000000,637.680000,236.960000
NaN,NaN,672.360000,233.000000,637.690000,236.960000
NaN,NaN,672.370000,233.000000,637.690000,236.970000
NaN,NaN,672.370000,233.000000,637.690000,236.970000
NaN,NaN,672.360000,233.020000,637.680000,236.970000
NaN,NaN,672.380000,233.010000,637.650000,236.970000
NaN,NaN,672.380000,233.010000,637.650000,236.970000
NaN,NaN,672.370000,233.060000,637.660000,236.970000
NaN,NaN,672.380000,233.020000,637.670000,236.980000
NaN,NaN,672.420000,233.030000,637.650000,236.980000
NaN,NaN,672.380000,233.040000,637.690000,236.980000
NaN,NaN,672.440000,233.040000,637.680000,236.990000
NaN,NaN,672.430000,233.070000,637.660000,236.970000
NaN,NaN,672.410000,233.060000,637.650000,236.960000
NaN,NaN,672.410000,233.070000,637.670000,236.970000
NaN,NaN,672.430000,233.080000,637.650000,236.960000
NaN,NaN,672.430000,233.080000,637.670000,236.970000
NaN,NaN,672.420000,233.100000,637.670000,236.980000
NaN,NaN,672.430000,233.100000,637.700000,236.990000
NaN,NaN,672.440000,233.110000,637.690000,236.980000
NaN,NaN,672.450000,233.070000,637.660000,236.960000
NaN,NaN,672.420000,233.090000,637.660000,236.960000
NaN,NaN,672.420000,233.120000,637.650000,236.960000
NaN,NaN,672.490000,233.070000,637.670000,236.980000
NaN,NaN,672.920000,233.010000,637.670000,236.980000
NaN,NaN,672.910000,233.020000,637.650000,236.970000
NaN,NaN,672.900000,233.030000,637.650000,236.970000
NaN,NaN,672.890000,233.030000,637.650000,236.970000
NaN,NaN,672.880000,233.050000,637.670000,236.960000
NaN,NaN,672.890000,233.040000,637.690000,236.960000
NaN,NaN,672.890000,233.050000,637.650000,236.940000
NaN,NaN,672.890000,233.060000,637.680000,236.960000
NaN,NaN,672.890000,233.060000,637.630000,236.930000
NaN,NaN,672.890000,233.050000,637.650000,236.920000
NaN,NaN,672.880000,233.060000,637.680000,236.940000
NaN,NaN,672.890000,233.060000,637.660000,236.950000
NaN,NaN,672.890000,233.070000,637.680000,236.950000
NaN,NaN,672.890000,233.100000,637.690000,236.950000
NaN,NaN,672.890000,233.100000,637.680000,236.960000
NaN,NaN,672.890000,233.100000,637.660000,236.960000
NaN,NaN,672.880000,233.070000,637.670000,236.950000
NaN,NaN,672.900000,233.070000,637.680000,236.960000
NaN,NaN,672.910000,233.080000,637.680000,236.940000
NaN,NaN,672.910000,233.080000,637.700000,236.950000
NaN,NaN,672.900000,233.100000,637.720000,236.980000
NaN,NaN,672.880000,233.110000,637.710000,236.980000
NaN,NaN,672.870000,233.110000,637.720000,236.980000
NaN,NaN,672.880000,233.090000,637.710000,236.970000
NaN,NaN,672.870000,233.100000,637.690000,236.970000
NaN,NaN,672.890000,233.100000,637.730000,236.960000
NaN,NaN,672.890000,233.080000,637.690000,236.990000
NaN,NaN,672.900000,233.100000,637.700000,237.000000
NaN,NaN,672.900000,233.100000,637.700000,236.980000
NaN,NaN,672.900000,233.110000,637.700000,236.980000
NaN,NaN,672.890000,233.140000,637.720000,236.970000
NaN,NaN,672.920000,233.130000,637.720000,236.960000
NaN,NaN,672.940000,233.130000,637.720000,236.960000
NaN,NaN,672.940000,233.140000,637.710000,236.970000
NaN,NaN,672.940000,233.150000,637.680000,236.980000
NaN,NaN,672.940000,233.170000,637.700000,236.960000
NaN,NaN,672.940000,233.180000,637.730000,236.970000
NaN,NaN,672.940000,233.160000,637.730000,236.970000
NaN,NaN,672.920000,233.170000,637.720000,236.960000
NaN,NaN,672.930000,233.210000,637.730000,236.970000
NaN,NaN,672.940000,233.210000,637.720000,236.950000
NaN,NaN,672.970000,233.220000,637.710000,236.930000
NaN,NaN,672.930000,233.250000,637.710000,236.950000
NaN,NaN,672.940000,233.250000,637.730000,236.960000
NaN,NaN,672.940000,233.280000,637.720000,236.950000
NaN,NaN,672.930000,233.250000,637.720000,236.960000
NaN,NaN,672.920000,233.270000,637.760000,236.980000
NaN,NaN,672.940000,233.230000,637.760000,236.970000
NaN,NaN,672.930000,233.200000,637.760000,236.980000
NaN,NaN,672.930000,233.150000,637.740000,236.970000
NaN,NaN,672.940000,233.120000,637.730000,236.970000
NaN,NaN,672.950000,233.100000,637.770000,236.970000
NaN,NaN,672.930000,233.110000,637.770000,236.970000
NaN,NaN,672.930000,233.050000,637.770000,236.950000
NaN,NaN,672.930000,233.060000,637.790000,236.970000
NaN,NaN,672.940000,233.060000,637.770000,236.960000
NaN,NaN,672.950000,233.060000,637.690000,236.940000
NaN,NaN,672.930000,233.090000,637.720000,236.960000
NaN,NaN,672.950000,233.130000,637.730000,236.930000
NaN,NaN,672.950000,233.110000,637.720000,236.950000
NaN,NaN,672.940000,233.120000,637.730000,236.950000
NaN,NaN,672.940000,233.150000,637.730000,236.960000
NaN,NaN,672.950000,233.160000,637.720000,236.950000
NaN,NaN,672.960000,233.170000,637.740000,236.960000
NaN,NaN,672.950000,233.210000,637.720000,236.960000
NaN,NaN,672.940000,233.270000,637.710000,236.950000
NaN,NaN,672.950000,233.290000,637.720000,236.950000
NaN,NaN,672.950000,233.290000,637.730000,236.950000
NaN,NaN,672.950000,233.270000,637.740000,236.940000
NaN,NaN,672.960000,233.330000,637.740000,236.940000
NaN,NaN,672.950000,233.340000,637.720000,236.940000
NaN,NaN,672.940000,233.310000,637.730000,236.940000
NaN,NaN,672.940000,233.340000,637.770000,236.940000
NaN,NaN,672.940000,233.330000,637.750000,236.930000
NaN,NaN,672.940000,233.330000,637.750000,236.920000
NaN,NaN,672.930000,233.320000,637.750000,236.940000
NaN,NaN,672.940000,233.310000,637.750000,236.920000
NaN,NaN,672.950000,233.380000,637.760000,236.950000
NaN,NaN,672.950000,233.330000,637.780000,236.950000
NaN,NaN,672.950000,233.270000,637.750000,236.940000
NaN,NaN,672.950000,233.260000,637.750000,236.940000
NaN,NaN,672.940000,233.220000,637.750000,236.950000
NaN,NaN,672.910000,233.220000,637.740000,236.950000
NaN,NaN,672.910000,233.160000,637.690000,236.960000
NaN,NaN,672.910000,233.160000,637.700000,236.950000
NaN,NaN,672.890000,233.120000,637.720000,236.940000
NaN,NaN,672.880000,233.070000,637.760000,236.920000
NaN,NaN,672.900000,233.040000,637.740000,236.900000
NaN,NaN,672.860000,233.050000,637.770000,236.910000
NaN,NaN,672.820000,233.040000,637.750000,236.920000
NaN,NaN,672.850000,233.070000,637.770000,236.930000
NaN,NaN,672.820000,233.060000,637.760000,236.920000
NaN,NaN,672.820000,233.090000,637.780000,236.940000
NaN,NaN,672.790000,233.100000,637.740000,236.940000
NaN,NaN,672.760000,233.130000,637.740000,236.940000
NaN,NaN,672.780000,233.150000,637.740000,236.930000
NaN,NaN,672.780000,233.170000,637.750000,236.940000
NaN,NaN,672.780000,233.230000,637.770000,236.940000
NaN,NaN,672.800000,233.280000,637.770000,236.940000
NaN,NaN,672.780000,233.330000,637.760000,236.930000
NaN,NaN,672.780000,233.380000,637.780000,236.940000
NaN,NaN,672.780000,233.410000,637.710000,236.930000
NaN,NaN,672.770000,233.390000,637.750000,236.940000
NaN,NaN,672.770000,233.460000,637.740000,236.930000
NaN,NaN,672.780000,233.810000,637.760000,236.960000
NaN,NaN,672.780000,233.800000,637.770000,236.940000
NaN,NaN,672.800000,233.800000,637.760000,236.970000
NaN,NaN,672.760000,233.780000,637.770000,236.950000
NaN,NaN,672.790000,233.800000,637.740000,236.960000
NaN,NaN,672.800000,233.800000,637.760000,236.960000
NaN,NaN,672.820000,233.800000,637.760000,236.960000
NaN,NaN,672.830000,233.770000,637.750000,236.950000
670.397164,235.528332,672.850000,233.780000,637.760000,236.970000
668.153441,235.886970,672.850000,233.800000,637.760000,236.950000
665.161811,236.604245,672.850000,233.780000,637.770000,236.940000
662.918088,237.321520,672.850000,233.780000,637.750000,236.950000
661.422273,237.680158,672.860000,233.770000,637.730000,236.970000
661.796227,237.680158,672.960000,233.790000,637.730000,236.960000
656.934827,240.190621,672.970000,233.760000,637.720000,236.940000
655.812966,241.266534,672.980000,233.760000,637.730000,236.940000
653.195289,241.266534,672.990000,233.730000,637.710000,236.960000
653.195289,241.266534,672.990000,233.750000,637.770000,236.960000
653.195289,241.266534,672.980000,233.740000,637.790000,236.970000
652.447382,241.266534,672.950000,233.730000,637.710000,236.990000
651.325520,241.625171,672.960000,233.820000,637.680000,237.010000
649.081798,241.983809,672.940000,233.890000,637.610000,237.070000
649.081798,242.342446,671.519025,232.659231,637.590000,237.070000
647.212029,243.059722,671.820000,232.980000,637.670000,237.060000
645.342260,242.701084,671.900000,233.020000,637.690000,237.050000
645.342260,242.701084,671.880000,233.030000,637.740000,237.040000
645.342260,242.701084,671.870000,233.040000,637.750000,237.040000
645.342260,242.701084,671.840000,233.060000,637.790000,237.060000
645.342260,242.701084,671.830000,233.070000,637.780000,237.050000
645.342260,242.701084,671.800000,233.070000,637.740000,237.020000
645.342260,242.701084,671.780000,233.080000,637.730000,237.020000
646.464121,242.701084,671.770000,233.070000,637.690000,237.040000
648.333890,242.342446,671.740000,233.070000,637.670000,237.020000
649.081798,242.342446,671.710000,233.060000,637.650000,237.030000
648.333890,242.342446,671.700000,233.070000,637.650000,237.030000
648.333890,242.342446,671.680000,233.080000,637.640000,237.040000
648.333890,242.342446,671.660000,233.080000,637.620000,237.040000
648.707844,242.342446,671.650000,233.090000,637.660000,237.080000
649.081798,242.342446,671.650000,233.110000,637.640000,237.090000
649.081798,242.342446,671.620000,233.120000,637.600000,237.110000
649.829705,242.342446,671.600000,233.140000,637.620000,237.110000
649.829705,242.342446,671.580000,233.140000,637.590000,237.100000
649.829705,242.342446,671.520000,233.160000,637.410000,237.110000
649.829705,242.342446,671.260000,233.130000,636.920000,237.030000
649.829705,242.342446,671.240000,233.130000,636.880000,237.040000
649.829705,242.342446,671.230000,233.150000,636.940000,237.040000
649.829705,242.342446,671.200000,233.160000,636.910000,237.040000
649.829705,242.342446,671.180000,233.150000,636.960000,237.050000
649.829705,242.342446,671.130000,233.150000,636.960000,237.030000
649.829705,242.342446,671.110000,233.170000,636.960000,237.030000
649.829705,242.342446,671.110000,233.170000,637.000000,237.050000
649.829705,242.342446,671.090000,233.170000,636.980000,237.040000
649.829705,242.342446,671.100000,233.180000,636.990000,237.030000
649.829705,242.342446,671.100000,233.190000,636.960000,237.010000
649.829705,242.342446,671.090000,233.200000,636.960000,237.030000
649.829705,242.342446,671.080000,233.190000,636.970000,237.020000
649.829705,242.342446,671.080000,233.200000,636.990000,237.040000
649.829705,242.342446,671.060000,233.230000,636.970000,237.010000
649.829705,242.342446,671.050000,233.220000,636.920000,237.020000
649.829705,242.342446,671.040000,233.230000,636.890000,237.030000
649.829705,242.342446,671.060000,233.240000,636.930000,237.050000
649.829705,242.342446,671.030000,233.240000,636.890000,237.090000
650.951567,242.342446,671.030000,233.240000,636.860000,237.040000
650.951567,242.342446,671.010000,233.250000,636.880000,237.050000
650.951567,242.342446,671.020000,233.270000,636.880000,237.010000
650.951567,242.342446,670.990000,233.270000,636.850000,237.000000
650.951567,242.342446,670.980000,233.280000,636.850000,237.020000
650.951567,242.342446,670.970000,233.290000,636.860000,237.020000
650.951567,242.342446,670.970000,233.320000,636.850000,237.030000
650.951567,242.342446,670.970000,233.330000,636.860000,237.030000
650.951567,242.342446,670.960000,233.360000,636.900000,237.050000
650.951567,242.342446,670.940000,233.370000,636.860000,237.060000
650.951567,242.342446,670.950000,233.400000,636.850000,237.080000
650.951567,242.342446,670.940000,233.390000,636.900000,237.080000
650.951567,242.342446,670.930000,233.410000,636.840000,237.050000
650.951567,242.342446,670.930000,233.430000,636.830000,237.040000
650.951567,242.342446,670.930000,233.460000,636.870000,237.090000
650.951567,242.342446,670.940000,233.510000,636.890000,237.100000
650.951567,242.342446,670.940000,233.590000,636.860000,237.070000
650.951567,242.342446,670.950000,233.590000,636.870000,237.070000
650.951567,242.342446,670.930000,233.610000,636.830000,237.070000
650.951567,242.342446,670.950000,233.640000,636.860000,237.090000
650.951567,242.342446,670.930000,233.650000,636.850000,237.080000
650.951567,242.342446,670.920000,233.670000,636.850000,237.100000
650.951567,242.342446,670.940000,233.700000,636.860000,237.090000
651.325520,242.342446,670.940000,233.710000,636.890000,237.110000
651.699474,242.342446,670.920000,233.720000,636.860000,237.090000
651.699474,242.342446,670.920000,233.730000,636.720000,237.160000
651.699474,242.342446,670.910000,233.750000,636.700000,237.110000
651.699474,242.342446,670.910000,233.750000,636.750000,237.130000
651.699474,242.342446,670.920000,233.770000,636.730000,237.130000
651.699474,242.342446,670.900000,233.780000,636.770000,237.150000
651.699474,242.342446,670.880000,233.780000,636.820000,237.150000
651.699474,242.342446,670.880000,233.800000,636.840000,237.130000
651.699474,242.342446,670.880000,233.820000,636.900000,237.160000
651.699474,242.342446,670.890000,233.820000,636.880000,237.150000
651.699474,242.342446,670.870000,233.840000,636.890000,237.180000
651.699474,242.342446,670.880000,233.880000,636.870000,237.170000
651.699474,242.342446,670.840000,233.880000,636.910000,237.160000
651.699474,242.342446,670.840000,233.900000,636.870000,237.150000
651.699474,242.342446,670.830000,233.890000,636.870000,237.160000
651.699474,242.342446,670.840000,233.920000,636.890000,237.150000
651.699474,242.342446,670.830000,233.950000,636.860000,237.090000
651.699474,242.342446,670.820000,233.940000,636.810000,237.090000
651.699474,242.342446,670.810000,233.960000,636.820000,237.100000
651.699474,242.342446,670.800000,233.990000,636.860000,237.110000
651.699474,242.342446,670.800000,234.000000,636.940000,237.120000
651.699474,242.342446,670.770000,234.000000,636.920000,237.120000
651.699474,242.342446,670.790000,233.990000,636.920000,237.130000
651.699474,242.342446,670.750000,233.990000,636.930000,237.120000
651.699474,242.342446,670.740000,234.010000,636.920000,237.120000
651.699474,242.342446,670.740000,234.020000,636.840000,237.050000
651.699474,242.342446,670.710000,234.010000,636.840000,237.040000
651.699474,242.342446,670.720000,234.020000,636.910000,237.060000
651.699474,242.342446,670.730000,234.030000,636.900000,237.060000
651.699474,242.342446,670.720000,234.020000,636.930000,237.070000
651.699474,242.342446,670.720000,234.040000,636.980000,237.070000
652.447382,241.266534,670.670000,234.060000,636.880000,237.070000
652.447382,241.266534,670.690000,234.050000,636.910000,237.050000
652.447382,241.266534,670.710000,234.060000,636.950000,237.040000
652.447382,241.266534,670.700000,234.060000,636.980000,237.020000
652.447382,241.266534,670.680000,234.080000,637.030000,237.000000
652.447382,241.266534,670.680000,234.100000,637.110000,237.000000
652.447382,241.266534,670.690000,234.110000,637.130000,236.990000
652.447382,241.266534,670.710000,234.140000,637.110000,236.960000
652.447382,241.266534,670.710000,234.170000,637.160000,236.950000
652.447382,241.266534,670.680000,234.170000,637.140000,236.950000
652.447382,241.266534,670.680000,234.200000,637.170000,236.940000
652.447382,241.266534,670.680000,234.240000,637.150000,236.940000
652.447382,241.266534,670.670000,234.250000,637.240000,236.950000
652.447382,241.266534,670.660000,234.270000,637.230000,236.900000
652.447382,241.266534,670.650000,234.260000,637.250000,236.900000
652.447382,241.266534,670.650000,234.300000,637.260000,236.900000
653.195289,240.907896,670.650000,234.320000,637.310000,236.890000
653.569243,240.907896,670.640000,234.330000,637.330000,236.870000
653.569243,240.907896,670.590000,234.380000,637.320000,236.840000
653.569243,240.907896,670.570000,234.410000,637.340000,236.840000
653.569243,240.907896,670.460000,234.510000,637.360000,236.840000
653.569243,240.907896,670.040000,234.680000,637.380000,236.800000
653.569243,240.907896,670.020000,234.700000,637.480000,236.830000
653.569243,240.907896,670.010000,234.680000,637.910000,236.900000
653.569243,240.907896,670.010000,234.760000,637.900000,236.870000
653.569243,240.907896,669.990000,234.780000,637.910000,236.850000
653.569243,240.907896,669.970000,234.790000,637.910000,236.850000
653.569243,240.907896,669.970000,234.780000,637.920000,236.840000
653.569243,240.907896,669.940000,234.820000,637.940000,236.840000
653.943197,240.907896,669.930000,234.820000,637.940000,236.790000
654.691105,240.907896,669.920000,234.870000,637.960000,236.780000
654.691105,240.907896,669.940000,234.880000,637.980000,236.780000
654.691105,240.907896,669.940000,234.860000,638.000000,236.770000
654.691105,240.907896,669.930000,234.870000,638.030000,236.750000
656.186920,240.907896,669.940000,234.880000,638.050000,236.750000
657.308781,240.907896,669.900000,234.870000,638.060000,236.710000
657.308781,240.907896,669.910000,234.940000,638.070000,236.730000
657.308781,240.907896,669.880000,234.920000,638.080000,236.680000
657.682735,240.907896,669.890000,234.930000,638.100000,236.710000
658.056689,240.907896,669.880000,234.970000,638.140000,236.700000
658.056689,240.907896,669.900000,234.960000,638.150000,236.680000
658.056689,240.907896,669.880000,234.990000,638.190000,236.670000
658.056689,240.907896,669.880000,234.970000,638.190000,236.650000
658.056689,240.907896,669.860000,234.970000,638.240000,236.640000
658.056689,240.907896,669.890000,234.950000,638.260000,236.630000
658.056689,240.907896,669.890000,234.940000,638.280000,236.470000
658.056689,240.907896,669.890000,234.970000,638.310000,236.050000
658.056689,240.907896,669.910000,234.980000,638.440000,236.030000
658.056689,240.907896,669.900000,234.980000,638.860000,235.970000
658.430642,240.549258,669.900000,235.000000,638.910000,235.950000
658.430642,240.549258,669.880000,235.040000,638.950000,235.930000
658.430642,240.549258,669.880000,235.010000,639.010000,235.850000
658.430642,240.549258,669.890000,235.010000,639.040000,235.840000
659.178550,240.190621,669.890000,235.050000,639.070000,235.790000
659.178550,240.190621,669.880000,235.090000,639.140000,235.760000
659.178550,240.190621,669.860000,235.090000,639.260000,235.670000
659.178550,240.190621,669.870000,235.130000,639.370000,235.570000
659.178550,240.190621,669.840000,235.100000,639.530000,235.120000
659.178550,240.190621,669.850000,235.120000,639.960000,235.060000
659.178550,240.190621,669.900000,235.080000,639.970000,235.050000
659.178550,240.190621,669.810000,235.060000,640.120000,235.110000
659.178550,240.190621,669.860000,235.070000,640.120000,235.000000
659.178550,240.190621,669.880000,235.040000,640.170000,234.990000
659.178550,240.190621,669.880000,235.050000,640.230000,234.970000
659.178550,240.190621,669.880000,235.040000,640.320000,235.010000
659.178550,240.190621,669.880000,235.010000,640.320000,235.010000
659.178550,240.190621,669.880000,235.060000,640.420000,235.010000
659.178550,240.190621,669.860000,235.090000,640.870000,234.960000
659.178550,240.190621,669.870000,235.080000,640.840000,234.960000
659.178550,240.190621,669.850000,235.080000,640.920000,234.900000
659.178550,240.190621,669.830000,235.100000,640.930000,234.800000
659.178550,240.190621,669.790000,235.080000,640.980000,234.770000
659.178550,240.190621,669.680000,235.120000,641.010000,234.780000
659.178550,240.190621,669.640000,235.160000,641.080000,234.720000
659.926458,240.190621,669.630000,235.180000,641.080000,234.750000
659.926458,240.190621,669.650000,235.200000,641.220000,234.660000
659.926458,240.190621,669.610000,235.190000,641.370000,234.750000
659.926458,240.190621,669.630000,235.160000,641.850000,234.750000
659.926458,240.190621,669.275302,234.093782,641.720000,234.670000
659.926458,240.190621,669.000000,233.970000,641.810000,234.600000
660.300411,239.114708,668.990000,234.010000,643.300000,231.830000
660.300411,239.114708,668.980000,234.010000,643.950000,230.630000
660.300411,239.114708,668.970000,234.010000,644.510000,230.770000
660.300411,239.114708,668.970000,234.010000,644.600000,231.240000
660.300411,239.114708,668.970000,234.010000,644.630000,231.840000
660.300411,239.114708,668.960000,234.010000,644.620000,231.860000
660.300411,239.114708,668.960000,234.010000,644.760000,231.890000
660.300411,239.114708,668.960000,234.010000,644.810000,231.900000
660.300411,239.114708,668.960000,234.020000,644.900000,231.920000
660.300411,239.114708,668.960000,234.020000,645.000000,231.920000
660.300411,239.114708,668.940000,234.040000,645.070000,231.920000
660.300411,239.114708,668.940000,234.040000,645.100000,231.920000
660.300411,239.114708,668.940000,234.050000,645.080000,232.000000
660.300411,239.114708,668.940000,234.060000,645.180000,231.930000
660.300411,239.114708,668.940000,234.080000,645.240000,231.930000
660.300411,239.114708,668.930000,234.090000,645.350000,231.850000
660.300411,239.114708,668.930000,234.100000,645.360000,231.860000
660.300411,239.114708,668.910000,234.120000,645.620000,231.900000
660.300411,239.114708,668.910000,234.130000,645.990000,231.910000
660.300411,239.114708,668.900000,234.150000,646.080000,231.990000
660.674365,239.114708,668.910000,234.160000,646.180000,231.950000
660.674365,239.114708,668.890000,234.190000,646.170000,231.960000
660.674365,239.114708,668.900000,234.210000,646.320000,232.010000
660.674365,239.114708,668.890000,234.240000,646.510000,231.940000
660.674365,239.114708,668.870000,234.240000,647.050000,231.920000
660.674365,239.114708,668.870000,234.290000,647.690000,231.970000
660.674365,239.114708,668.840000,234.310000,647.850000,231.950000
660.674365,239.114708,668.840000,234.320000,647.910000,231.940000
660.674365,239.114708,668.840000,234.330000,648.020000,232.010000
660.674365,239.114708,668.840000,234.350000,648.070000,231.900000
660.674365,238.397433,668.840000,234.370000,648.060000,231.930000
660.674365,238.397433,668.840000,234.400000,648.140000,231.910000
660.674365,238.397433,668.830000,234.450000,648.230000,231.950000
660.674365,238.397433,668.820000,234.490000,648.180000,231.880000
660.674365,238.397433,668.800000,234.620000,648.190000,231.910000
661.796227,238.038795,668.800000,234.670000,648.330000,231.990000
661.796227,238.038795,668.800000,234.700000,648.390000,231.900000
661.796227,238.038795,668.790000,234.740000,648.440000,231.840000
661.796227,238.038795,668.790000,234.760000,648.480000,231.800000
661.796227,238.038795,668.800000,234.780000,649.050000,231.900000
661.796227,238.038795,668.780000,234.870000,649.610000,232.130000
661.796227,238.038795,668.800000,234.890000,649.720000,232.100000
661.796227,238.038795,668.820000,234.890000,649.690000,232.240000
661.796227,238.038795,668.810000,234.890000,649.880000,232.210000
661.796227,238.038795,668.830000,234.900000,650.000000,232.190000
661.796227,238.038795,668.830000,234.930000,649.970000,232.240000
661.796227,238.038795,668.840000,234.940000,649.840000,232.900000
661.796227,238.038795,668.850000,234.950000,649.810000,233.130000
661.796227,238.038795,668.860000,234.950000,652.447382,233.376507
661.796227,238.038795,668.860000,234.940000,652.150000,233.020000
662.544134,238.038795,668.860000,234.950000,652.100000,232.820000
662.918088,237.680158,668.880000,234.960000,652.230000,232.810000
662.918088,237.680158,668.930000,234.990000,652.350000,232.780000
662.918088,237.680158,668.930000,235.020000,652.460000,232.790000
662.918088,237.680158,668.920000,235.050000,652.700000,232.680000
662.918088,237.680158,668.920000,235.110000,652.840000,232.590000
662.918088,237.680158,668.930000,235.110000,652.990000,232.240000
662.918088,237.680158,668.930000,235.130000,653.070000,232.180000
663.665996,237.321520,668.950000,235.160000,653.160000,232.110000
663.665996,237.321520,668.970000,235.170000,653.290000,232.040000
663.665996,237.321520,668.970000,235.190000,653.420000,232.010000
663.665996,237.321520,668.970000,235.180000,653.560000,231.970000
663.665996,237.321520,668.960000,235.200000,653.560000,231.950000
663.665996,237.321520,668.970000,235.210000,653.690000,231.910000
663.665996,237.321520,668.960000,235.250000,653.740000,231.890000
663.665996,237.321520,668.950000,235.280000,653.780000,231.850000
663.665996,237.321520,668.960000,235.300000,653.820000,231.830000
663.665996,237.321520,668.970000,235.300000,653.860000,231.840000
663.665996,237.321520,668.970000,235.310000,653.870000,231.800000
663.665996,237.321520,668.980000,235.350000,653.910000,231.840000
663.665996,237.321520,668.980000,235.490000,653.950000,231.890000
663.665996,237.321520,668.980000,235.590000,653.990000,231.910000
663.665996,237.321520,668.990000,235.590000,654.060000,231.950000
663.665996,237.321520,668.990000,235.620000,654.050000,231.950000
663.665996,237.321520,668.990000,235.640000,654.110000,232.010000
663.665996,237.321520,669.000000,235.660000,654.120000,232.010000
663.665996,237.321520,669.000000,235.660000,654.140000,232.030000
663.665996,237.321520,669.000000,235.680000,654.230000,232.030000
663.665996,237.321520,668.990000,235.690000,654.330000,231.970000
663.665996,237.321520,669.000000,235.720000,654.470000,232.000000
663.665996,237.321520,669.010000,235.730000,654.660000,231.980000
663.665996,237.321520,669.030000,235.760000,654.750000,231.940000
664.787857,237.321520,669.040000,235.770000,654.780000,231.900000
664.787857,237.321520,669.050000,235.780000,654.840000,231.920000
664.787857,237.321520,669.050000,235.780000,654.860000,231.850000
664.787857,237.321520,669.100000,235.850000,655.030000,231.810000
665.161811,236.962883,669.090000,235.830000,655.090000,231.840000
665.535764,236.962883,669.110000,235.830000,655.210000,231.870000
665.535764,236.962883,669.110000,235.840000,655.290000,231.920000
665.535764,236.962883,669.110000,235.880000,655.360000,231.910000
665.909718,236.604245,669.140000,235.880000,655.590000,231.910000
665.909718,236.604245,669.120000,235.910000,655.710000,231.900000
665.909718,236.604245,669.170000,235.940000,656.150000,231.860000
666.283672,236.604245,669.160000,235.930000,656.900000,231.880000
666.657626,236.604245,669.170000,235.940000,658.056689,231.941956
666.657626,236.604245,669.180000,235.960000,658.050000,232.020000
666.657626,236.604245,669.170000,235.940000,658.040000,232.000000
666.657626,236.604245,669.180000,235.960000,658.090000,231.990000
666.657626,236.604245,669.200000,235.990000,658.110000,232.010000
666.657626,236.604245,669.200000,235.990000,658.210000,232.010000
666.657626,236.604245,669.160000,236.050000,658.200000,232.010000
666.657626,236.604245,669.180000,236.050000,658.240000,232.020000
666.657626,236.604245,669.200000,236.050000,658.290000,232.010000
666.657626,236.604245,669.190000,236.060000,658.300000,231.980000
666.657626,236.604245,669.200000,236.070000,658.340000,231.980000
666.657626,236.604245,669.180000,236.090000,658.340000,231.970000
666.657626,236.604245,669.210000,236.090000,658.380000,231.970000
666.657626,236.604245,669.200000,236.130000,658.390000,231.990000
666.657626,236.604245,669.190000,236.150000,658.360000,231.960000
666.657626,236.604245,669.210000,236.210000,658.370000,231.960000
666.657626,236.604245,669.240000,236.210000,658.380000,231.960000
666.657626,236.604245,669.240000,236.250000,658.410000,231.980000
666.657626,236.604245,669.250000,236.240000,658.380000,231.970000
666.657626,236.604245,669.290000,236.260000,658.370000,231.980000
666.657626,236.604245,669.280000,236.320000,658.410000,232.000000
666.657626,236.604245,669.260000,236.400000,658.400000,232.010000
666.657626,236.604245,668.527395,234.811057,658.400000,232.030000
666.657626,236.604245,668.900000,234.950000,658.370000,232.070000
666.657626,236.604245,669.040000,235.020000,658.360000,232.090000
666.657626,236.604245,669.050000,235.010000,658.360000,232.090000
666.657626,236.604245,669.090000,235.010000,658.390000,232.100000
666.657626,236.604245,669.090000,235.010000,658.370000,232.110000
667.779487,236.962883,669.110000,235.030000,662.810000,231.260000
667.779487,236.962883,669.120000,235.050000,661.048319,230.866043
667.779487,236.962883,669.120000,235.050000,661.010000,230.880000
667.779487,236.962883,669.140000,235.050000,661.050000,230.980000
NaN,NaN,669.140000,235.070000,661.080000,230.990000
NaN,NaN,669.140000,235.080000,661.100000,230.990000
NaN,NaN,669.160000,235.100000,661.170000,230.980000
NaN,NaN,669.150000,235.110000,661.190000,230.980000
NaN,NaN,669.130000,235.100000,661.180000,230.960000
NaN,NaN,669.140000,235.110000,661.220000,230.970000
NaN,NaN,669.150000,235.140000,661.260000,230.970000
NaN,NaN,669.150000,235.140000,661.280000,230.960000
NaN,NaN,669.140000,235.140000,661.290000,230.950000
NaN,NaN,669.120000,235.180000,661.270000,230.960000
NaN,NaN,669.120000,235.200000,662.918088,230.866043
NaN,NaN,669.120000,235.210000,662.918088,230.866043
NaN,NaN,669.110000,235.210000,662.918088,230.866043
NaN,NaN,669.110000,235.220000,663.292042,230.866043
NaN,NaN,669.100000,235.240000,663.292042,230.866043
NaN,NaN,669.090000,235.250000,663.292042,230.866043
NaN,NaN,669.100000,235.270000,663.292042,230.866043
NaN,NaN,669.090000,235.300000,663.292042,230.866043
NaN,NaN,669.090000,235.280000,663.292042,230.866043
NaN,NaN,669.110000,235.310000,663.292042,230.866043
NaN,NaN,669.110000,235.310000,663.292042,230.866043
NaN,NaN,669.120000,235.310000,663.292042,230.866043
NaN,NaN,669.110000,235.290000,663.665996,230.866043
NaN,NaN,669.110000,235.320000,664.039949,230.866043
NaN,NaN,669.100000,235.320000,665.535764,230.866043
NaN,NaN,669.100000,235.310000,665.909718,230.866043
NaN,NaN,669.100000,235.340000,665.909718,230.866043
NaN,NaN,669.090000,235.320000,665.909718,230.866043
NaN,NaN,669.090000,235.350000,665.909718,230.866043
NaN,NaN,669.090000,235.340000,665.909718,230.866043
NaN,NaN,669.090000,235.370000,666.283672,230.866043
NaN,NaN,669.100000,235.390000,667.031580,230.866043
NaN,NaN,669.100000,235.430000,667.405533,230.866043
NaN,NaN,669.090000,235.440000,667.405533,230.866043
NaN,NaN,669.050000,235.470000,667.405533,230.866043
NaN,NaN,669.070000,235.460000,667.405533,230.866043
NaN,NaN,669.070000,235.500000,667.405533,230.866043
NaN,NaN,669.040000,235.630000,667.405533,230.866043
NaN,NaN,669.030000,235.660000,667.405533,230.866043
NaN,NaN,669.020000,235.680000,667.405533,230.866043
NaN,NaN,669.020000,235.680000,667.405533,230.866043
NaN,NaN,669.030000,235.660000,667.405533,230.866043
NaN,NaN,669.030000,235.680000,667.405533,230.866043
NaN,NaN,669.030000,235.700000,667.405533,230.866043
NaN,NaN,669.010000,235.730000,667.405533,230.866043
NaN,NaN,669.010000,235.700000,667.405533,230.866043
NaN,NaN,669.000000,235.730000,667.405533,230.866043
NaN,NaN,669.000000,235.720000,667.405533,230.866043
NaN,NaN,669.000000,235.730000,667.405533,230.866043
NaN,NaN,668.980000,235.770000,667.405533,230.866043
NaN,NaN,668.990000,235.740000,667.405533,230.866043
NaN,NaN,668.990000,235.760000,667.405533,230.866043
NaN,NaN,668.990000,235.750000,667.405533,230.866043
NaN,NaN,669.000000,235.750000,667.405533,230.866043
NaN,NaN,669.000000,235.770000,667.779487,230.866043
NaN,NaN,668.970000,235.760000,667.779487,230.866043
NaN,NaN,668.970000,235.770000,667.779487,230.866043
NaN,NaN,668.980000,235.760000,667.779487,230.866043
NaN,NaN,668.970000,235.760000,667.779487,230.866043
NaN,NaN,668.980000,235.770000,667.779487,230.866043
NaN,NaN,668.950000,235.760000,667.779487,230.866043
NaN,NaN,668.960000,235.760000,667.779487,230.866043
NaN,NaN,668.970000,235.770000,667.779487,230.866043
NaN,NaN,668.950000,235.770000,667.779487,230.866043
NaN,NaN,668.920000,235.800000,667.779487,230.866043
NaN,NaN,668.940000,235.750000,667.779487,230.866043
NaN,NaN,668.920000,235.750000,667.779487,230.866043
NaN,NaN,668.930000,235.740000,667.779487,230.866043
NaN,NaN,668.930000,235.760000,667.779487,230.866043
NaN,NaN,668.930000,235.760000,667.779487,230.866043
NaN,NaN,668.910000,235.770000,667.779487,230.866043
NaN,NaN,668.930000,235.780000,667.779487,230.866043
NaN,NaN,668.940000,235.790000,667.779487,230.866043
NaN,NaN,668.940000,235.760000,667.779487,230.866043
NaN,NaN,668.950000,235.770000,667.779487,230.866043
NaN,NaN,668.960000,235.770000,667.779487,230.866043
NaN,NaN,668.960000,235.760000,667.779487,230.866043
NaN,NaN,668.960000,235.770000,667.779487,230.866043
NaN,NaN,668.960000,235.780000,667.779487,230.866043
NaN,NaN,669.000000,235.810000,667.779487,230.866043
NaN,NaN,668.980000,235.780000,667.779487,230.866043
NaN,NaN,668.980000,235.770000,667.779487,230.866043
NaN,NaN,668.980000,235.760000,667.779487,230.866043
NaN,NaN,668.980000,235.780000,667.779487,230.866043
NaN,NaN,668.990000,235.800000,667.779487,230.866043
NaN,NaN,668.990000,235.780000,667.779487,230.866043
NaN,NaN,668.990000,235.810000,661.490000,231.180000
NaN,NaN,669.000000,235.780000,661.850000,231.190000
NaN,NaN,669.000000,235.790000,661.840000,231.180000
NaN,NaN,669.010000,235.770000,661.830000,231.180000
NaN,NaN,669.020000,235.790000,661.850000,231.200000
NaN,NaN,669.010000,235.800000,661.860000,231.220000
NaN,NaN,669.020000,235.800000,661.880000,231.220000
NaN,NaN,669.020000,235.760000,661.870000,231.200000
NaN,NaN,669.020000,235.770000,661.930000,231.150000
NaN,NaN,669.020000,235.750000,661.940000,231.190000
NaN,NaN,669.010000,235.780000,661.920000,231.190000
NaN,NaN,669.040000,235.780000,661.920000,231.190000
NaN,NaN,669.030000,235.770000,661.920000,231.190000
NaN,NaN,669.010000,235.780000,661.930000,231.210000
NaN,NaN,669.010000,235.750000,661.940000,231.190000
NaN,NaN,669.020000,235.770000,661.950000,231.210000
NaN,NaN,669.010000,235.730000,661.930000,231.210000
NaN,NaN,668.980000,235.750000,661.920000,231.200000
NaN,NaN,668.940000,235.760000,661.940000,231.190000
NaN,NaN,668.990000,235.730000,661.940000,231.200000
NaN,NaN,669.000000,235.710000,661.920000,231.190000
NaN,NaN,668.990000,235.690000,661.920000,231.200000
NaN,NaN,669.020000,235.700000,661.910000,231.220000
NaN,NaN,669.010000,235.700000,661.920000,231.200000
NaN,NaN,668.970000,235.670000,661.900000,231.200000
NaN,NaN,668.930000,235.650000,661.870000,231.210000
NaN,NaN,668.930000,235.700000,661.860000,231.180000
NaN,NaN,668.980000,235.670000,661.880000,231.170000
NaN,NaN,668.960000,235.670000,661.870000,231.170000
NaN,NaN,668.980000,235.630000,661.850000,231.170000
NaN,NaN,668.970000,235.630000,661.880000,231.170000
NaN,NaN,668.980000,235.600000,661.880000,231.170000
NaN,NaN,668.970000,235.570000,661.860000,231.170000
NaN,NaN,668.990000,235.600000,661.870000,231.170000
NaN,NaN,669.010000,235.580000,661.860000,231.160000
NaN,NaN,669.020000,235.570000,661.860000,231.160000
NaN,NaN,669.030000,235.530000,661.870000,231.150000
NaN,NaN,669.050000,235.310000,661.880000,231.120000
NaN,NaN,669.120000,235.270000,661.900000,231.130000
NaN,NaN,669.100000,235.290000,661.870000,231.140000
NaN,NaN,669.100000,235.280000,661.870000,231.130000
NaN,NaN,669.150000,235.260000,661.830000,231.120000
NaN,NaN,669.120000,235.250000,661.850000,231.120000
NaN,NaN,669.130000,235.240000,661.860000,231.110000
NaN,NaN,669.100000,235.240000,661.830000,231.090000
NaN,NaN,669.070000,235.230000,661.830000,231.090000
NaN,NaN,669.080000,235.240000,661.820000,231.090000
NaN,NaN,669.120000,235.240000,661.840000,231.110000
NaN,NaN,669.170000,235.180000,661.850000,231.080000
NaN,NaN,669.130000,235.170000,661.860000,231.090000
NaN,NaN,669.110000,235.170000,661.830000,231.110000
NaN,NaN,669.120000,235.170000,661.830000,231.110000
NaN,NaN,669.130000,235.150000,661.850000,231.110000
NaN,NaN,669.180000,235.130000,661.870000,231.080000
NaN,NaN,669.120000,235.140000,661.850000,231.080000
NaN,NaN,669.130000,235.120000,661.880000,231.080000
NaN,NaN,669.170000,235.110000,661.880000,231.080000
NaN,NaN,669.160000,235.080000,661.860000,231.070000
NaN,NaN,669.170000,235.110000,661.860000,231.090000
NaN,NaN,669.170000,235.080000,661.890000,231.090000
NaN,NaN,669.160000,235.050000,661.890000,231.070000
NaN,NaN,669.180000,235.090000,661.880000,231.060000
NaN,NaN,669.180000,235.070000,661.920000,231.060000
NaN,NaN,669.180000,235.040000,661.900000,231.040000
NaN,NaN,669.180000,235.030000,661.930000,231.060000
NaN,NaN,669.170000,235.020000,661.930000,231.050000
NaN,NaN,669.200000,235.030000,661.930000,231.040000
NaN,NaN,669.170000,235.030000,661.920000,231.040000
NaN,NaN,669.160000,235.000000,661.860000,230.990000
NaN,NaN,669.170000,234.990000,661.870000,231.000000
NaN,NaN,669.170000,234.990000,661.900000,231.020000
NaN,NaN,669.130000,234.990000,661.880000,231.030000
NaN,NaN,669.110000,234.970000,661.870000,231.010000
NaN,NaN,669.120000,234.960000,661.890000,231.020000
NaN,NaN,669.140000,234.990000,661.900000,231.000000
NaN,NaN,669.150000,234.960000,661.930000,230.990000
NaN,NaN,669.140000,234.950000,661.910000,230.980000
NaN,NaN,669.150000,234.920000,661.960000,230.990000
NaN,NaN,669.120000,234.960000,661.890000,230.990000
NaN,NaN,669.110000,234.980000,661.920000,230.980000
NaN,NaN,669.120000,234.940000,661.920000,231.000000
NaN,NaN,669.170000,234.920000,661.930000,231.000000
NaN,NaN,669.110000,234.950000,661.970000,231.020000
NaN,NaN,668.901349,235.528332,662.010000,230.990000
NaN,NaN,669.010000,236.000000,662.000000,230.970000
NaN,NaN,669.010000,235.990000,661.990000,230.970000
NaN,NaN,669.030000,236.000000,662.010000,230.970000
NaN,NaN,669.030000,236.000000,662.050000,230.990000
NaN,NaN,669.040000,235.990000,662.100000,231.000000
NaN,NaN,669.020000,235.980000,662.060000,230.990000
NaN,NaN,669.040000,235.990000,662.080000,230.980000
NaN,NaN,669.030000,235.980000,662.070000,230.990000
NaN,NaN,669.030000,235.980000,662.050000,230.980000
NaN,NaN,669.030000,235.980000,662.080000,231.000000
NaN,NaN,669.030000,235.980000,662.060000,230.980000
NaN,NaN,669.050000,235.980000,662.080000,230.980000
NaN,NaN,669.050000,235.970000,662.070000,230.970000
NaN,NaN,669.060000,235.970000,662.100000,230.980000
NaN,NaN,669.060000,235.960000,662.120000,230.950000
NaN,NaN,669.060000,235.970000,662.130000,230.950000
NaN,NaN,669.060000,235.960000,662.160000,230.940000
NaN,NaN,669.070000,235.960000,662.160000,230.950000
NaN,NaN,669.060000,235.950000,662.190000,230.970000
NaN,NaN,669.060000,235.930000,662.130000,230.900000
NaN,NaN,669.070000,235.940000,662.140000,230.920000
NaN,NaN,669.070000,235.940000,662.150000,230.940000
NaN,NaN,669.070000,235.940000,662.150000,230.940000
NaN,NaN,669.080000,235.930000,662.170000,230.900000
NaN,NaN,669.090000,235.930000,662.150000,230.900000
NaN,NaN,669.090000,235.920000,662.130000,230.860000
NaN,NaN,669.100000,235.920000,662.160000,230.880000
NaN,NaN,669.090000,235.910000,662.140000,230.870000
NaN,NaN,669.090000,235.910000,662.120000,230.870000
NaN,NaN,669.100000,235.880000,662.170000,230.830000
NaN,NaN,669.090000,235.890000,662.160000,230.850000
NaN,NaN,669.090000,235.890000,662.140000,230.830000
NaN,NaN,669.100000,235.880000,662.150000,230.810000
NaN,NaN,669.090000,235.890000,662.150000,230.810000
NaN,NaN,669.080000,235.880000,662.070000,230.800000
NaN,NaN,669.080000,235.900000,662.030000,230.810000
NaN,NaN,669.080000,235.890000,662.060000,230.820000
NaN,NaN,669.080000,235.900000,662.050000,230.800000
NaN,NaN,669.070000,235.890000,662.030000,230.800000
NaN,NaN,669.070000,235.890000,662.030000,230.800000
NaN,NaN,669.070000,235.880000,662.030000,230.820000
NaN,NaN,669.060000,235.870000,662.040000,230.830000
NaN,NaN,669.060000,235.880000,662.010000,230.790000
NaN,NaN,669.070000,235.880000,662.020000,230.810000
NaN,NaN,669.050000,235.870000,661.980000,230.790000
NaN,NaN,669.050000,235.870000,662.000000,230.800000
NaN,NaN,669.060000,235.870000,662.020000,230.790000
NaN,NaN,669.060000,235.890000,662.010000,230.810000
NaN,NaN,669.060000,235.880000,662.040000,230.820000
NaN,NaN,669.070000,235.880000,662.040000,230.810000
NaN,NaN,669.070000,235.880000,662.010000,230.800000
NaN,NaN,669.060000,235.880000,662.040000,230.800000
NaN,NaN,669.060000,235.870000,662.060000,230.800000
NaN,NaN,669.060000,235.870000,662.060000,230.800000
NaN,NaN,669.070000,235.870000,662.080000,230.780000
NaN,NaN,669.070000,235.870000,662.070000,230.790000
NaN,NaN,669.070000,235.870000,662.060000,230.780000
NaN,NaN,669.090000,235.870000,662.060000,230.760000
NaN,NaN,669.080000,235.860000,662.080000,230.750000
NaN,NaN,669.090000,235.870000,662.090000,230.770000
NaN,NaN,669.080000,235.860000,662.090000,230.800000
NaN,NaN,669.090000,235.870000,NaN,NaN
NaN,NaN,669.110000,235.870000,NaN,NaN
NaN,NaN,669.110000,235.870000,NaN,NaN
NaN,NaN,669.100000,235.860000,NaN,NaN
NaN,NaN,669.100000,235.860000,NaN,NaN
NaN,NaN,669.090000,235.860000,NaN,NaN
NaN,NaN,669.100000,235.860000,NaN,NaN
NaN,NaN,669.090000,235.860000,NaN,NaN
NaN,NaN,669.100000,235.860000,NaN,NaN
NaN,NaN,669.100000,235.870000,NaN,NaN
NaN,NaN,669.100000,235.860000,NaN,NaN
NaN,NaN,669.100000,235.850000,NaN,NaN
NaN,NaN,669.110000,235.850000,NaN,NaN
NaN,NaN,669.100000,235.840000,NaN,NaN
NaN,NaN,669.100000,235.830000,NaN,NaN
NaN,NaN,669.100000,235.820000,NaN,NaN
NaN,NaN,669.100000,235.810000,NaN,NaN
NaN,NaN,669.110000,235.810000,NaN,NaN
NaN,NaN,669.110000,235.800000,NaN,NaN
NaN,NaN,669.110000,235.800000,NaN,NaN
NaN,NaN,669.100000,235.790000,NaN,NaN
NaN,NaN,669.110000,235.780000,NaN,NaN
NaN,NaN,669.090000,235.760000,NaN,NaN
NaN,NaN,669.090000,235.770000,NaN,NaN
NaN,NaN,669.100000,235.760000,NaN,NaN
NaN,NaN,669.110000,235.750000,NaN,NaN
NaN,NaN,669.100000,235.750000,NaN,NaN
NaN,NaN,669.110000,235.740000,NaN,NaN
NaN,NaN,669.130000,235.720000,NaN,NaN
NaN,NaN,669.120000,235.720000,NaN,NaN
NaN,NaN,669.110000,235.720000,NaN,NaN
NaN,NaN,669.120000,235.720000,NaN,NaN
NaN,NaN,669.110000,235.720000,NaN,NaN
NaN,NaN,669.120000,235.730000,NaN,NaN
NaN,NaN,669.120000,235.720000,NaN,NaN
NaN,NaN,669.120000,235.710000,NaN,NaN
NaN,NaN,669.120000,235.700000,NaN,NaN
NaN,NaN,669.110000,235.700000,NaN,NaN
NaN,NaN,669.120000,235.690000,NaN,NaN
NaN,NaN,669.120000,235.680000,NaN,NaN
NaN,NaN,669.110000,235.680000,NaN,NaN
NaN,NaN,669.140000,235.680000,NaN,NaN
NaN,NaN,669.130000,235.680000,NaN,NaN
NaN,NaN,669.150000,235.670000,NaN,NaN
NaN,NaN,669.150000,235.680000,NaN,NaN
NaN,NaN,669.130000,235.670000,NaN,NaN
NaN,NaN,669.140000,235.670000,NaN,NaN
NaN,NaN,669.130000,235.670000,NaN,NaN
NaN,NaN,669.140000,235.660000,NaN,NaN
NaN,NaN,669.130000,235.660000,NaN,NaN
NaN,NaN,669.130000,235.660000,NaN,NaN
NaN,NaN,669.130000,235.650000,NaN,NaN
NaN,NaN,669.140000,235.670000,NaN,NaN
NaN,NaN,669.130000,235.670000,NaN,NaN
NaN,NaN,669.140000,235.680000,NaN,NaN
NaN,NaN,669.140000,235.660000,NaN,NaN
NaN,NaN,669.130000,235.650000,NaN,NaN
NaN,NaN,669.140000,235.660000,NaN,NaN
NaN,NaN,669.140000,235.670000,NaN,NaN
NaN,NaN,669.150000,235.670000,NaN,NaN
NaN,NaN,669.140000,235.670000,NaN,NaN
NaN,NaN,669.140000,235.660000,NaN,NaN
NaN,NaN,669.130000,235.650000,NaN,NaN
NaN,NaN,669.130000,235.640000,NaN,NaN
NaN,NaN,669.140000,235.670000,NaN,NaN
NaN,NaN,669.140000,235.660000,NaN,NaN
NaN,NaN,669.140000,235.650000,NaN,NaN
NaN,NaN,669.140000,235.640000,NaN,NaN
NaN,NaN,669.150000,235.640000,NaN,NaN
NaN,NaN,669.150000,235.620000,NaN,NaN
NaN,NaN,669.160000,235.640000,NaN,NaN
NaN,NaN,669.150000,235.630000,NaN,NaN
NaN,NaN,669.160000,235.620000,NaN,NaN
NaN,NaN,669.180000,235.610000,NaN,NaN
NaN,NaN,669.170000,235.600000,NaN,NaN
NaN,NaN,669.170000,235.620000,NaN,NaN
NaN,NaN,669.180000,235.600000,NaN,NaN
NaN,NaN,669.190000,235.600000,NaN,NaN
NaN,NaN,669.190000,235.610000,NaN,NaN
NaN,NaN,669.210000,235.600000,NaN,NaN
NaN,NaN,669.200000,235.580000,NaN,NaN
NaN,NaN,669.210000,235.580000,NaN,NaN
NaN,NaN,669.210000,235.560000,NaN,NaN
NaN,NaN,669.200000,235.530000,NaN,NaN
NaN,NaN,669.200000,235.530000,NaN,NaN
NaN,NaN,669.210000,235.510000,NaN,NaN
NaN,NaN,669.180000,235.340000,NaN,NaN
NaN,NaN,669.180000,235.340000,NaN,NaN
NaN,NaN,669.210000,235.310000,NaN,NaN
NaN,NaN,669.200000,235.320000,NaN,NaN
NaN,NaN,669.200000,235.320000,NaN,NaN
NaN,NaN,669.190000,235.320000,NaN,NaN
NaN,NaN,669.200000,235.310000,NaN,NaN
NaN,NaN,669.190000,235.310000,NaN,NaN
NaN,NaN,669.200000,235.310000,NaN,NaN
NaN,NaN,669.180000,235.300000,NaN,NaN
NaN,NaN,669.160000,235.290000,NaN,NaN
NaN,NaN,669.150000,235.280000,NaN,NaN
NaN,NaN,669.160000,235.280000,NaN,NaN
NaN,NaN,669.150000,235.270000,NaN,NaN
NaN,NaN,669.130000,235.270000,NaN,NaN
NaN,NaN,669.110000,235.260000,NaN,NaN
NaN,NaN,669.140000,235.260000,NaN,NaN
NaN,NaN,669.140000,235.220000,NaN,NaN
NaN,NaN,669.120000,235.220000,NaN,NaN
NaN,NaN,669.120000,235.220000,NaN,NaN
NaN,NaN,669.130000,235.220000,NaN,NaN
NaN,NaN,669.120000,235.230000,NaN,NaN
NaN,NaN,669.130000,235.230000,NaN,NaN
NaN,NaN,669.120000,235.230000,NaN,NaN
NaN,NaN,669.150000,235.250000,NaN,NaN
NaN,NaN,669.110000,235.240000,NaN,NaN
NaN,NaN,669.120000,235.230000,NaN,NaN
NaN,NaN,669.130000,235.230000,NaN,NaN
NaN,NaN,669.120000,235.230000,NaN,NaN
NaN,NaN,669.120000,235.230000,NaN,NaN
NaN,NaN,669.140000,235.230000,NaN,NaN
NaN,NaN,669.150000,235.240000,NaN,NaN
NaN,NaN,669.130000,235.240000,NaN,NaN
NaN,NaN,669.130000,235.230000,NaN,NaN
NaN,NaN,669.150000,235.230000,NaN,NaN
NaN,NaN,669.160000,235.230000,NaN,NaN
NaN,NaN,669.180000,235.230000,NaN,NaN
NaN,NaN,669.200000,235.240000,NaN,NaN
NaN,NaN,669.190000,235.230000,NaN,NaN
NaN,NaN,669.220000,235.230000,NaN,NaN
NaN,NaN,669.220000,235.210000,NaN,NaN
NaN,NaN,669.250000,235.210000,NaN,NaN
NaN,NaN,669.270000,235.200000,NaN,NaN
NaN,NaN,669.290000,235.190000,NaN,NaN
NaN,NaN,669.320000,235.190000,NaN,NaN
NaN,NaN,669.310000,235.180000,NaN,NaN
NaN,NaN,669.320000,235.170000,NaN,NaN
NaN,NaN,669.360000,235.140000,NaN,NaN
NaN,NaN,669.340000,235.150000,NaN,NaN
NaN,NaN,669.370000,235.140000,NaN,NaN
NaN,NaN,669.380000,235.160000,NaN,NaN
NaN,NaN,669.420000,235.140000,NaN,NaN
NaN,NaN,669.400000,235.150000,NaN,NaN
NaN,NaN,669.420000,235.140000,NaN,NaN
NaN,NaN,669.460000,235.140000,NaN,NaN
NaN,NaN,669.430000,235.140000,NaN,NaN
NaN,NaN,669.470000,235.140000,NaN,NaN
NaN,NaN,669.480000,235.130000,NaN,NaN
NaN,NaN,669.470000,235.110000,NaN,NaN
NaN,NaN,669.510000,235.110000,NaN,NaN
NaN,NaN,670.070000,235.140000,NaN,NaN
NaN,NaN,670.560000,235.160000,NaN,NaN
NaN,NaN,670.510000,235.150000,NaN,NaN
NaN,NaN,670.520000,235.150000,NaN,NaN
NaN,NaN,670.520000,235.150000,NaN,NaN
NaN,NaN,670.490000,235.150000,NaN,NaN
NaN,NaN,670.030000,235.130000,NaN,NaN
NaN,NaN,670.060000,235.120000,NaN,NaN
NaN,NaN,670.070000,235.140000,NaN,NaN
NaN,NaN,670.050000,235.140000,NaN,NaN
NaN,NaN,670.040000,235.140000,NaN,NaN
NaN,NaN,670.070000,235.150000,NaN,NaN
NaN,NaN,670.070000,235.140000,NaN,NaN
NaN,NaN,670.060000,235.140000,NaN,NaN
NaN,NaN,670.070000,235.130000,NaN,NaN
NaN,NaN,670.090000,235.140000,NaN,NaN
NaN,NaN,670.090000,235.140000,NaN,NaN
NaN,NaN,670.100000,235.140000,NaN,NaN
NaN,NaN,670.140000,235.130000,NaN,NaN
NaN,NaN,670.150000,235.150000,NaN,NaN
NaN,NaN,670.130000,235.170000,NaN,NaN
NaN,NaN,670.120000,235.160000,NaN,NaN
NaN,NaN,670.100000,235.170000,NaN,NaN
NaN,NaN,670.120000,235.180000,NaN,NaN
NaN,NaN,670.100000,235.150000,NaN,NaN
NaN,NaN,670.090000,235.170000,NaN,NaN
NaN,NaN,670.080000,235.200000,NaN,NaN
NaN,NaN,670.070000,235.180000,NaN,NaN
NaN,NaN,670.060000,235.190000,NaN,NaN
NaN,NaN,670.090000,235.200000,NaN,NaN
NaN,NaN,670.080000,235.190000,NaN,NaN
NaN,NaN,670.080000,235.190000,NaN,NaN
NaN,NaN,670.100000,235.220000,NaN,NaN
NaN,NaN,670.090000,235.230000,NaN,NaN
NaN,NaN,670.090000,235.210000,NaN,NaN
NaN,NaN,670.070000,235.220000,NaN,NaN
NaN,NaN,670.080000,235.220000,NaN,NaN
NaN,NaN,670.080000,235.220000,NaN,NaN
NaN,NaN,670.080000,235.220000,NaN,NaN
NaN,NaN,670.080000,235.230000,NaN,NaN
NaN,NaN,670.070000,235.230000,NaN,NaN
NaN,NaN,670.050000,235.220000,NaN,NaN
NaN,NaN,670.050000,235.230000,NaN,NaN
NaN,NaN,670.040000,235.240000,NaN,NaN
NaN,NaN,670.040000,235.210000,NaN,NaN
NaN,NaN,670.040000,235.220000,NaN,NaN
NaN,NaN,670.030000,235.220000,NaN,NaN
NaN,NaN,669.990000,235.220000,NaN,NaN
NaN,NaN,670.000000,235.200000,NaN,NaN
NaN,NaN,670.030000,235.230000,NaN,NaN
NaN,NaN,670.050000,235.230000,NaN,NaN
NaN,NaN,670.030000,235.220000,NaN,NaN
NaN,NaN,670.040000,235.230000,NaN,NaN
NaN,NaN,670.010000,235.240000,NaN,NaN
NaN,NaN,670.020000,235.240000,NaN,NaN
NaN,NaN,669.980000,235.220000,NaN,NaN
NaN,NaN,670.000000,235.220000,NaN,NaN
NaN,NaN,670.010000,235.240000,NaN,NaN
NaN,NaN,670.010000,235.220000,NaN,NaN
NaN,NaN,670.000000,235.230000,NaN,NaN
NaN,NaN,670.020000,235.190000,NaN,NaN
NaN,NaN,670.010000,235.190000,NaN,NaN
NaN,NaN,669.990000,235.180000,NaN,NaN
NaN,NaN,670.000000,235.140000,NaN,NaN
NaN,NaN,669.990000,235.170000,NaN,NaN
NaN,NaN,670.000000,235.130000,NaN,NaN
NaN,NaN,670.000000,235.140000,NaN,NaN
NaN,NaN,669.980000,235.140000,NaN,NaN
NaN,NaN,670.010000,235.090000,NaN,NaN
NaN,NaN,670.020000,235.080000,NaN,NaN
NaN,NaN,670.040000,235.060000,NaN,NaN
NaN,NaN,670.040000,235.070000,NaN,NaN
NaN,NaN,670.070000,235.050000,NaN,NaN
NaN,NaN,670.050000,235.100000,NaN,NaN
NaN,NaN,669.990000,235.090000,NaN,NaN
NaN,NaN,669.970000,235.120000,NaN,NaN
NaN,NaN,669.990000,235.110000,NaN,NaN
NaN,NaN,670.010000,235.050000,NaN,NaN
NaN,NaN,670.050000,235.060000,NaN,NaN
NaN,NaN,670.050000,235.080000,NaN,NaN
NaN,NaN,670.050000,235.040000,NaN,NaN
NaN,NaN,670.060000,235.040000,NaN,NaN
NaN,NaN,670.060000,235.070000,NaN,NaN
NaN,NaN,670.060000,235.060000,NaN,NaN
NaN,NaN,670.070000,235.080000,NaN,NaN
NaN,NaN,670.080000,235.080000,NaN,NaN
NaN,NaN,670.050000,235.100000,NaN,NaN
NaN,NaN,670.060000,235.100000,NaN,NaN
NaN,NaN,670.080000,235.080000,NaN,NaN
NaN,NaN,670.060000,235.100000,NaN,NaN
NaN,NaN,670.070000,235.120000,NaN,NaN
NaN,NaN,670.100000,235.130000,NaN,NaN
NaN,NaN,670.010000,235.210000,NaN,NaN
NaN,NaN,670.010000,235.160000,NaN,NaN
NaN,NaN,670.030000,235.110000,NaN,NaN
NaN,NaN,670.040000,235.170000,NaN,NaN
NaN,NaN,670.040000,235.140000,NaN,NaN
NaN,NaN,670.080000,235.090000,NaN,NaN
NaN,NaN,670.080000,235.100000,NaN,NaN
NaN,NaN,670.070000,235.120000,NaN,NaN
NaN,NaN,670.100000,235.120000,NaN,NaN
NaN,NaN,670.070000,235.150000,NaN,NaN
NaN,NaN,670.060000,235.120000,NaN,NaN
NaN,NaN,670.070000,235.130000,NaN,NaN
NaN,NaN,670.070000,235.110000,NaN,NaN
NaN,NaN,670.060000,235.120000,NaN,NaN
NaN,NaN,670.050000,235.120000,NaN,NaN
NaN,NaN,670.090000,235.150000,NaN,NaN
NaN,NaN,670.080000,235.110000,NaN,NaN
NaN,NaN,670.090000,235.150000,NaN,NaN
NaN,NaN,670.080000,235.090000,NaN,NaN
NaN,NaN,670.080000,235.130000,NaN,NaN
NaN,NaN,670.070000,235.160000,NaN,NaN
NaN,NaN,670.080000,235.150000,NaN,NaN
NaN,NaN,670.070000,235.180000,NaN,NaN
NaN,NaN,670.080000,235.170000,NaN,NaN
NaN,NaN,670.050000,235.200000,NaN,NaN
NaN,NaN,670.060000,235.200000,NaN,NaN
NaN,NaN,670.090000,235.190000,NaN,NaN
NaN,NaN,670.080000,235.200000,NaN,NaN
NaN,NaN,670.060000,235.240000,NaN,NaN
NaN,NaN,670.110000,235.150000,NaN,NaN
NaN,NaN,670.070000,235.130000,NaN,NaN
NaN,NaN,670.070000,235.150000,NaN,NaN
NaN,NaN,670.070000,235.190000,NaN,NaN
NaN,NaN,670.060000,235.170000,NaN,NaN
NaN,NaN,670.060000,235.200000,NaN,NaN
NaN,NaN,670.090000,235.220000,NaN,NaN
NaN,NaN,670.060000,235.260000,NaN,NaN
NaN,NaN,670.060000,235.280000,NaN,NaN
NaN,NaN,670.030000,235.270000,NaN,NaN
NaN,NaN,670.060000,235.330000,NaN,NaN
NaN,NaN,670.080000,235.290000,NaN,NaN
NaN,NaN,670.060000,235.330000,NaN,NaN
NaN,NaN,670.050000,235.290000,NaN,NaN
NaN,NaN,670.040000,235.310000,NaN,NaN
NaN,NaN,670.020000,235.310000,NaN,NaN
NaN,NaN,670.050000,235.300000,NaN,NaN
NaN,NaN,670.090000,235.280000,NaN,NaN
NaN,NaN,670.080000,235.280000,NaN,NaN
NaN,NaN,670.040000,235.260000,NaN,NaN
NaN,NaN,670.030000,235.330000,NaN,NaN
NaN,NaN,670.030000,235.300000,NaN,NaN
NaN,NaN,670.010000,235.250000,NaN,NaN
NaN,NaN,670.020000,235.320000,NaN,NaN
NaN,NaN,670.090000,235.310000,NaN,NaN
NaN,NaN,670.050000,235.340000,NaN,NaN
NaN,NaN,670.020000,235.360000,NaN,NaN
NaN,NaN,670.030000,235.390000,NaN,NaN
NaN,NaN,670.020000,235.440000,NaN,NaN
NaN,NaN,670.030000,235.410000,NaN,NaN
NaN,NaN,670.010000,235.430000,NaN,NaN
NaN,NaN,670.080000,235.430000,NaN,NaN
NaN,NaN,670.060000,235.480000,NaN,NaN
NaN,NaN,670.010000,235.960000,NaN,NaN
NaN,NaN,670.030000,235.970000,NaN,NaN
NaN,NaN,670.050000,236.020000,NaN,NaN
NaN,NaN,669.980000,235.980000,NaN,NaN
NaN,NaN,670.020000,236.000000,NaN,NaN
NaN,NaN,670.020000,235.890000,NaN,NaN
NaN,NaN,670.020000,235.940000,NaN,NaN
NaN,NaN,670.050000,235.870000,NaN,NaN
NaN,NaN,670.020000,235.800000,NaN,NaN
NaN,NaN,670.030000,235.840000,NaN,NaN
NaN,NaN,670.080000,235.890000,NaN,NaN
NaN,NaN,670.050000,235.950000,NaN,NaN
NaN,NaN,670.090000,236.010000,NaN,NaN
NaN,NaN,670.090000,235.860000,NaN,NaN
NaN,NaN,670.100000,235.990000,NaN,NaN
NaN,NaN,670.080000,236.010000,NaN,NaN
NaN,NaN,670.060000,236.020000,NaN,NaN
NaN,NaN,670.040000,236.060000,NaN,NaN
NaN,NaN,669.990000,236.100000,NaN,NaN
NaN,NaN,669.970000,236.140000,NaN,NaN
NaN,NaN,670.080000,235.950000,NaN,NaN
NaN,NaN,670.070000,235.960000,NaN,NaN
NaN,NaN,670.070000,235.980000,NaN,NaN
NaN,NaN,670.020000,236.000000,NaN,NaN
NaN,NaN,670.030000,235.970000,NaN,NaN
NaN,NaN,670.090000,235.970000,NaN,NaN
NaN,NaN,670.070000,236.030000,NaN,NaN
NaN,NaN,670.090000,236.070000,NaN,NaN
NaN,NaN,669.960000,236.250000,NaN,NaN
NaN,NaN,669.960000,236.270000,NaN,NaN
NaN,NaN,669.970000,236.120000,NaN,NaN
NaN,NaN,670.020000,236.140000,NaN,NaN
NaN,NaN,669.970000,236.160000,NaN,NaN
NaN,NaN,670.000000,236.150000,NaN,NaN
NaN,NaN,669.980000,236.120000,NaN,NaN
NaN,NaN,670.010000,236.020000,NaN,NaN
NaN,NaN,670.030000,236.120000,NaN,NaN
NaN,NaN,670.000000,236.120000,NaN,NaN
NaN,NaN,670.020000,236.150000,NaN,NaN
NaN,NaN,669.980000,236.150000,NaN,NaN
NaN,NaN,670.020000,236.140000,NaN,NaN
NaN,NaN,670.000000,236.090000,NaN,NaN
NaN,NaN,670.000000,236.070000,NaN,NaN
NaN,NaN,670.020000,236.250000,NaN,NaN
NaN,NaN,669.990000,236.190000,NaN,NaN
NaN,NaN,670.000000,236.200000,NaN,NaN
NaN,NaN,670.000000,236.100000,NaN,NaN
NaN,NaN,670.000000,236.140000,NaN,NaN
NaN,NaN,669.960000,236.110000,NaN,NaN
NaN,NaN,669.980000,236.150000,NaN,NaN
NaN,NaN,670.040000,236.130000,NaN,NaN
NaN,NaN,670.120000,236.080000,NaN,NaN
NaN,NaN,670.060000,236.110000,NaN,NaN
NaN,NaN,670.040000,236.120000,NaN,NaN
NaN,NaN,670.030000,236.080000,NaN,NaN
NaN,NaN,670.040000,236.120000,NaN,NaN
NaN,NaN,669.960000,236.140000,NaN,NaN
NaN,NaN,670.000000,236.110000,NaN,NaN
NaN,NaN,669.960000,237.690000,NaN,NaN
NaN,NaN,669.960000,238.710000,NaN,NaN
NaN,NaN,670.000000,238.990000,NaN,NaN
NaN,NaN,669.970000,238.770000,NaN,NaN
NaN,NaN,670.010000,238.730000,NaN,NaN
NaN,NaN,670.000000,238.700000,NaN,NaN
NaN,NaN,670.020000,238.800000,NaN,NaN
NaN,NaN,670.010000,238.800000,NaN,NaN
NaN,NaN,670.030000,238.770000,NaN,NaN
NaN,NaN,670.030000,238.740000,NaN,NaN
NaN,NaN,670.000000,238.770000,NaN,NaN
NaN,NaN,670.060000,238.730000,NaN,NaN
NaN,NaN,670.050000,238.720000,NaN,NaN
NaN,NaN,670.040000,238.730000,NaN,NaN
NaN,NaN,670.020000,238.770000,NaN,NaN
NaN,NaN,670.000000,238.840000,NaN,NaN
NaN,NaN,670.020000,238.790000,NaN,NaN
NaN,NaN,669.990000,238.790000,NaN,NaN
NaN,NaN,670.020000,238.800000,NaN,NaN
NaN,NaN,670.020000,238.820000,NaN,NaN
NaN,NaN,670.050000,238.830000,NaN,NaN
NaN,NaN,670.030000,238.850000,NaN,NaN
NaN,NaN,670.030000,238.890000,NaN,NaN
NaN,NaN,670.040000,238.890000,NaN,NaN
NaN,NaN,670.000000,238.870000,NaN,NaN
NaN,NaN,670.030000,238.820000,NaN,NaN
NaN,NaN,670.040000,238.860000,NaN,NaN
NaN,NaN,670.070000,238.820000,NaN,NaN
NaN,NaN,670.060000,238.870000,NaN,NaN
NaN,NaN,670.090000,238.910000,NaN,NaN
NaN,NaN,670.040000,238.810000,NaN,NaN
NaN,NaN,670.060000,238.900000,NaN,NaN
NaN,NaN,670.050000,238.900000,NaN,NaN
NaN,NaN,670.050000,238.890000,NaN,NaN
NaN,NaN,670.000000,238.920000,NaN,NaN
NaN,NaN,670.020000,238.910000,NaN,NaN
NaN,NaN,670.040000,238.940000,NaN,NaN
NaN,NaN,670.040000,238.950000,NaN,NaN
NaN,NaN,670.030000,238.960000,NaN,NaN
NaN,NaN,670.030000,238.980000,NaN,NaN
NaN,NaN,670.050000,238.960000,NaN,NaN
NaN,NaN,670.090000,238.920000,NaN,NaN
NaN,NaN,670.050000,238.970000,NaN,NaN
NaN,NaN,670.050000,238.960000,NaN,NaN
NaN,NaN,670.050000,238.940000,NaN,NaN
NaN,NaN,670.070000,238.970000,NaN,NaN
NaN,NaN,670.070000,238.980000,NaN,NaN
NaN,NaN,670.050000,238.960000,NaN,NaN
NaN,NaN,670.040000,238.980000,NaN,NaN
NaN,NaN,670.060000,238.970000,NaN,NaN
NaN,NaN,670.060000,239.010000,NaN,NaN
NaN,NaN,670.090000,239.020000,NaN,NaN
NaN,NaN,670.090000,238.980000,NaN,NaN
NaN,NaN,670.110000,239.040000,NaN,NaN
NaN,NaN,670.140000,239.040000,NaN,NaN
NaN,NaN,670.150000,239.040000,NaN,NaN
NaN,NaN,670.090000,239.060000,NaN,NaN
NaN,NaN,670.120000,239.060000,NaN,NaN
NaN,NaN,670.110000,239.000000,NaN,NaN
NaN,NaN,670.130000,239.020000,NaN,NaN
NaN,NaN,670.140000,239.050000,NaN,NaN
NaN,NaN,670.130000,239.080000,NaN,NaN
NaN,NaN,670.100000,239.120000,NaN,NaN
NaN,NaN,670.090000,239.110000,NaN,NaN
NaN,NaN,670.110000,239.140000,NaN,NaN
NaN,NaN,670.130000,239.100000,NaN,NaN
NaN,NaN,670.050000,239.160000,NaN,NaN
NaN,NaN,670.040000,239.130000,NaN,NaN
NaN,NaN,670.090000,239.130000,NaN,NaN
NaN,NaN,670.100000,239.060000,NaN,NaN
NaN,NaN,670.100000,239.080000,NaN,NaN
NaN,NaN,670.150000,239.080000,NaN,NaN
NaN,NaN,670.130000,239.130000,NaN,NaN
NaN,NaN,670.170000,239.120000,NaN,NaN
NaN,NaN,670.160000,239.140000,NaN,NaN
NaN,NaN,670.160000,239.150000,NaN,NaN
NaN,NaN,670.170000,239.180000,NaN,NaN
NaN,NaN,670.160000,239.230000,NaN,NaN
NaN,NaN,670.090000,239.290000,NaN,NaN
NaN,NaN,670.140000,239.250000,NaN,NaN
NaN,NaN,670.160000,239.230000,NaN,NaN
NaN,NaN,670.160000,239.160000,NaN,NaN
NaN,NaN,670.190000,239.220000,NaN,NaN
NaN,NaN,670.170000,239.330000,NaN,NaN
NaN,NaN,670.170000,239.320000,NaN,NaN
NaN,NaN,670.160000,239.360000,NaN,NaN
NaN,NaN,670.140000,239.370000,NaN,NaN
NaN,NaN,670.120000,239.340000,NaN,NaN
NaN,NaN,670.140000,239.370000,NaN,NaN
NaN,NaN,670.170000,239.300000,NaN,NaN
NaN,NaN,670.190000,239.260000,NaN,NaN
NaN,NaN,670.170000,239.230000,NaN,NaN
NaN,NaN,670.090000,239.210000,NaN,NaN
NaN,NaN,670.120000,239.300000,NaN,NaN
NaN,NaN,670.130000,239.180000,NaN,NaN
NaN,NaN,670.160000,239.270000,NaN,NaN
NaN,NaN,670.140000,239.460000,NaN,NaN
NaN,NaN,670.150000,239.800000,NaN,NaN
NaN,NaN,670.210000,239.820000,NaN,NaN
NaN,NaN,670.200000,239.760000,NaN,NaN
NaN,NaN,670.200000,239.750000,NaN,NaN
NaN,NaN,670.160000,239.870000,NaN,NaN
NaN,NaN,670.140000,239.800000,NaN,NaN
NaN,NaN,670.180000,239.800000,NaN,NaN
NaN,NaN,670.220000,239.810000,NaN,NaN
NaN,NaN,670.120000,239.860000,NaN,NaN
NaN,NaN,670.160000,239.800000,NaN,NaN
NaN,NaN,670.140000,239.830000,NaN,NaN
NaN,NaN,670.230000,239.790000,NaN,NaN
NaN,NaN,670.190000,239.870000,NaN,NaN
NaN,NaN,670.150000,239.850000,NaN,NaN
NaN,NaN,670.220000,239.880000,NaN,NaN
NaN,NaN,670.230000,239.870000,NaN,NaN
NaN,NaN,670.140000,239.880000,NaN,NaN
NaN,NaN,670.170000,239.930000,NaN,NaN
NaN,NaN,670.180000,239.930000,NaN,NaN
NaN,NaN,670.170000,239.890000,NaN,NaN
NaN,NaN,670.140000,239.840000,NaN,NaN
NaN,NaN,670.160000,239.860000,NaN,NaN
NaN,NaN,670.180000,239.880000,NaN,NaN
NaN,NaN,670.270000,239.960000,NaN,NaN
NaN,NaN,670.290000,239.920000,NaN,NaN
NaN,NaN,670.270000,239.880000,NaN,NaN
NaN,NaN,670.270000,239.840000,NaN,NaN
NaN,NaN,670.260000,239.830000,NaN,NaN
NaN,NaN,670.290000,239.890000,NaN,NaN
NaN,NaN,670.240000,239.880000,NaN,NaN
NaN,NaN,670.270000,239.900000,NaN,NaN
NaN,NaN,670.250000,239.900000,NaN,NaN
NaN,NaN,670.260000,239.920000,NaN,NaN
NaN,NaN,670.300000,239.890000,NaN,NaN
NaN,NaN,670.360000,239.760000,NaN,NaN
NaN,NaN,670.310000,239.910000,NaN,NaN
NaN,NaN,670.220000,239.890000,NaN,NaN
NaN,NaN,670.250000,239.850000,NaN,NaN
NaN,NaN,670.230000,239.950000,NaN,NaN
NaN,NaN,670.250000,239.970000,NaN,NaN
NaN,NaN,670.310000,239.920000,NaN,NaN
NaN,NaN,670.270000,239.930000,NaN,NaN
NaN,NaN,670.250000,239.920000,NaN,NaN
NaN,NaN,670.250000,240.000000,NaN,NaN
NaN,NaN,670.240000,240.050000,NaN,NaN
NaN,NaN,670.220000,239.990000,NaN,NaN
NaN,NaN,670.320000,239.960000,NaN,NaN
NaN,NaN,670.330000,240.000000,NaN,NaN
NaN,NaN,670.300000,239.930000,NaN,NaN
NaN,NaN,670.290000,239.920000,NaN,NaN
NaN,NaN,670.290000,239.920000,NaN,NaN
NaN,NaN,670.210000,239.960000,NaN,NaN
NaN,NaN,670.260000,239.990000,NaN,NaN
NaN,NaN,670.220000,239.960000,NaN,NaN
NaN,NaN,670.290000,239.900000,NaN,NaN
NaN,NaN,670.210000,240.010000,NaN,NaN
NaN,NaN,670.280000,239.960000,NaN,NaN
NaN,NaN,670.280000,239.980000,NaN,NaN
NaN,NaN,670.170000,240.020000,NaN,NaN
NaN,NaN,670.170000,239.990000,NaN,NaN
NaN,NaN,670.230000,239.990000,NaN,NaN
NaN,NaN,670.250000,239.960000,NaN,NaN
NaN,NaN,670.280000,239.920000,NaN,NaN
NaN,NaN,670.270000,239.960000,NaN,NaN
NaN,NaN,670.270000,239.960000,NaN,NaN
NaN,NaN,670.210000,239.940000,NaN,NaN
NaN,NaN,670.270000,239.960000,NaN,NaN
NaN,NaN,670.320000,239.960000,NaN,NaN
NaN,NaN,670.200000,239.880000,NaN,NaN
NaN,NaN,670.190000,240.100000,NaN,NaN
NaN,NaN,670.260000,239.970000,NaN,NaN
NaN,NaN,670.290000,239.990000,NaN,NaN
NaN,NaN,670.300000,240.020000,NaN,NaN
NaN,NaN,670.320000,240.050000,NaN,NaN
NaN,NaN,670.270000,240.080000,NaN,NaN
NaN,NaN,670.340000,240.090000,NaN,NaN
NaN,NaN,670.310000,240.110000,NaN,NaN
NaN,NaN,670.280000,240.040000,NaN,NaN
NaN,NaN,670.310000,240.040000,NaN,NaN
NaN,NaN,670.330000,240.120000,NaN,NaN
NaN,NaN,670.390000,240.090000,NaN,NaN
NaN,NaN,670.350000,240.070000,NaN,NaN
NaN,NaN,670.290000,240.040000,NaN,NaN
NaN,NaN,670.240000,240.170000,NaN,NaN
NaN,NaN,670.210000,240.090000,NaN,NaN
NaN,NaN,670.220000,240.190000,NaN,NaN
NaN,NaN,670.230000,240.120000,NaN,NaN
NaN,NaN,670.260000,240.050000,NaN,NaN
NaN,NaN,670.190000,240.100000,NaN,NaN
NaN,NaN,670.270000,240.080000,NaN,NaN
NaN,NaN,670.240000,240.120000,NaN,NaN
NaN,NaN,670.280000,240.150000,NaN,NaN
NaN,NaN,670.220000,240.160000,NaN,NaN
NaN,NaN,670.180000,240.210000,NaN,NaN
NaN,NaN,670.180000,240.110000,NaN,NaN
NaN,NaN,670.220000,240.000000,NaN,NaN
NaN,NaN,670.200000,240.110000,NaN,NaN
NaN,NaN,670.270000,240.040000,NaN,NaN
NaN,NaN,670.320000,240.000000,NaN,NaN
NaN,NaN,670.230000,240.210000,NaN,NaN
NaN,NaN,670.230000,240.170000,NaN,NaN
NaN,NaN,670.260000,240.250000,NaN,NaN
NaN,NaN,670.320000,240.130000,NaN,NaN
NaN,NaN,670.310000,240.110000,NaN,NaN
NaN,NaN,670.240000,240.100000,NaN,NaN
NaN,NaN,670.250000,240.210000,NaN,NaN
NaN,NaN,670.250000,240.140000,NaN,NaN
NaN,NaN,670.260000,240.230000,NaN,NaN
NaN,NaN,670.270000,240.120000,NaN,NaN
NaN,NaN,670.300000,240.140000,NaN,NaN
NaN,NaN,670.330000,240.110000,NaN,NaN
NaN,NaN,670.210000,240.230000,NaN,NaN
NaN,NaN,670.260000,240.150000,NaN,NaN
NaN,NaN,670.140000,240.210000,NaN,NaN
NaN,NaN,670.100000,240.180000,NaN,NaN
NaN,NaN,670.130000,240.210000,NaN,NaN
NaN,NaN,670.250000,240.100000,NaN,NaN
NaN,NaN,670.190000,240.030000,NaN,NaN
NaN,NaN,670.220000,240.100000,NaN,NaN
NaN,NaN,670.280000,240.140000,NaN,NaN
NaN,NaN,670.200000,240.250000,NaN,NaN
NaN,NaN,670.190000,240.250000,NaN,NaN
NaN,NaN,670.220000,240.130000,NaN,NaN
NaN,NaN,670.220000,240.250000,NaN,NaN
NaN,NaN,670.250000,240.200000,NaN,NaN
NaN,NaN,670.270000,240.220000,NaN,NaN
NaN,NaN,670.200000,240.230000,NaN,NaN
NaN,NaN,670.210000,240.320000,NaN,NaN
NaN,NaN,670.170000,240.140000,NaN,NaN
NaN,NaN,670.250000,240.150000,NaN,NaN
NaN,NaN,670.210000,240.300000,NaN,NaN
NaN,NaN,670.230000,240.220000,NaN,NaN
NaN,NaN,670.170000,240.200000,NaN,NaN
NaN,NaN,670.170000,240.260000,NaN,NaN
NaN,NaN,670.160000,240.340000,NaN,NaN
NaN,NaN,670.170000,240.260000,NaN,NaN
NaN,NaN,670.150000,240.210000,NaN,NaN
NaN,NaN,670.140000,240.330000,NaN,NaN
NaN,NaN,670.190000,240.370000,NaN,NaN
NaN,NaN,670.110000,240.390000,NaN,NaN
NaN,NaN,670.130000,240.270000,NaN,NaN
NaN,NaN,670.200000,240.170000,NaN,NaN
NaN,NaN,670.180000,240.180000,NaN,NaN
NaN,NaN,670.180000,240.150000,NaN,NaN
NaN,NaN,670.200000,240.240000,NaN,NaN
NaN,NaN,670.220000,240.060000,NaN,NaN
NaN,NaN,670.210000,240.100000,NaN,NaN
NaN,NaN,670.270000,240.100000,NaN,NaN
NaN,NaN,670.250000,240.220000,NaN,NaN
NaN,NaN,670.160000,240.290000,NaN,NaN
NaN,NaN,670.210000,240.240000,NaN,NaN
NaN,NaN,670.200000,240.280000,NaN,NaN
NaN,NaN,670.220000,240.240000,NaN,NaN
NaN,NaN,670.330000,240.180000,NaN,NaN
NaN,NaN,670.160000,240.250000,NaN,NaN
NaN,NaN,670.190000,240.230000,NaN,NaN
NaN,NaN,670.160000,240.290000,NaN,NaN
NaN,NaN,670.180000,240.320000,NaN,NaN
NaN,NaN,670.130000,240.090000,NaN,NaN
NaN,NaN,670.080000,240.010000,NaN,NaN
NaN,NaN,670.050000,240.030000,NaN,NaN
NaN,NaN,NaN,NaN,NaN,NaN
NaN,NaN,NaN,NaN,NaN,NaN
NaN,NaN,NaN,NaN,NaN,NaN
NaN,NaN,NaN,NaN,NaN,NaN
NaN,NaN,NaN,NaN,NaN,NaN
NaN,NaN,NaN,NaN,NaN,NaN
NaN,NaN,NaN,NaN,NaN,NaN
NaN,NaN,NaN,NaN,NaN,NaN
NaN,NaN,NaN,NaN,NaN,NaN
NaN,NaN,NaN,NaN,NaN,NaN
NaN,NaN,NaN,NaN,NaN,NaN
NaN,NaN,NaN,NaN,NaN,NaN
NaN,NaN,NaN,NaN,NaN,NaN
NaN,NaN,NaN,NaN,NaN,NaN
NaN,NaN,NaN,NaN,NaN,NaN
NaN,NaN,NaN,NaN,NaN,NaN
NaN,NaN,NaN,NaN,NaN,NaN
NaN,NaN,NaN,NaN,NaN,NaN
NaN,NaN,NaN,NaN,NaN,NaN
NaN,NaN,NaN,NaN,NaN,NaN
NaN,NaN,NaN,NaN,NaN,NaN
NaN,NaN,NaN,NaN,NaN,NaN
NaN,NaN,NaN,NaN,NaN,NaN
NaN,NaN,NaN,NaN,NaN,NaN
NaN,NaN,NaN,NaN,NaN,NaN
NaN,NaN,NaN,NaN,NaN,NaN
NaN,NaN,NaN,NaN,NaN,NaN
NaN,NaN,NaN,NaN,NaN,NaN
NaN,NaN,NaN,NaN,NaN,NaN
NaN,NaN,NaN,NaN,NaN,NaN
NaN,NaN,NaN,NaN,NaN,NaN
NaN,NaN,NaN,NaN,NaN,NaN
NaN,NaN,NaN,NaN,NaN,NaN
NaN,NaN,NaN,NaN,NaN,NaN
NaN,NaN,NaN,NaN,NaN,NaN
NaN,NaN,NaN,NaN,NaN,NaN
NaN,NaN,NaN,NaN,NaN,NaN
NaN,NaN,NaN,NaN,NaN,NaN
NaN,NaN,NaN,NaN,NaN,NaN
NaN,NaN,NaN,NaN,NaN,NaN
NaN,NaN,NaN,NaN,NaN,NaN
NaN,NaN,NaN,NaN,NaN,NaN
NaN,NaN,NaN,NaN,NaN,NaN
NaN,NaN,NaN,NaN,NaN,NaN
NaN,NaN,NaN,NaN,NaN,NaN
NaN,NaN,NaN,NaN,NaN,NaN
NaN,NaN,NaN,NaN,NaN,NaN
NaN,NaN,NaN,NaN,NaN,NaN
NaN,NaN,NaN,NaN,NaN,NaN
NaN,NaN,NaN,NaN,NaN,NaN
NaN,NaN,NaN,NaN,NaN,NaN
NaN,NaN,NaN,NaN,NaN,NaN
NaN,NaN,NaN,NaN,NaN,NaN
NaN,NaN,NaN,NaN,NaN,NaN
NaN,NaN,NaN,NaN,NaN,NaN
NaN,NaN,NaN,NaN,NaN,NaN
NaN,NaN,NaN,NaN,NaN,NaN
NaN,NaN,NaN,NaN,NaN,NaN
NaN,NaN,NaN,NaN,NaN,NaN
NaN,NaN,NaN,NaN,NaN,NaN
NaN,NaN,NaN,NaN,NaN,NaN
NaN,NaN,NaN,NaN,NaN,NaN
NaN,NaN,NaN,NaN,NaN,NaN
NaN,NaN,NaN,NaN,NaN,NaN
NaN,NaN,NaN,NaN,NaN,NaN
NaN,NaN,NaN,NaN,NaN,NaN
NaN,NaN,NaN,NaN,NaN,NaN
NaN,NaN,NaN,NaN,NaN,NaN
NaN,NaN,NaN,NaN,NaN,NaN
NaN,NaN,NaN,NaN,NaN,NaN
NaN,NaN,NaN,NaN,NaN,NaN
NaN,NaN,NaN,NaN,NaN,NaN
NaN,NaN,NaN,NaN,NaN,NaN
NaN,NaN,NaN,NaN,NaN,NaN
NaN,NaN,NaN,NaN,NaN,NaN
NaN,NaN,NaN,NaN,NaN,NaN
NaN,NaN,NaN,NaN,NaN,NaN
NaN,NaN,NaN,NaN,NaN,NaN
NaN,NaN,NaN,NaN,NaN,NaN
NaN,NaN,NaN,NaN,NaN,NaN
NaN,NaN,NaN,NaN,NaN,NaN
NaN,NaN,NaN,NaN,NaN,NaN
NaN,NaN,NaN,NaN,NaN,NaN
NaN,NaN,NaN,NaN,NaN,NaN
NaN,NaN,NaN,NaN,NaN,NaN
NaN,NaN,NaN,NaN,NaN,NaN
NaN,NaN,NaN,NaN,NaN,NaN
NaN,NaN,NaN,NaN,NaN,NaN
NaN,NaN,NaN,NaN,NaN,NaN
NaN,NaN,NaN,NaN,NaN,NaN
NaN,NaN,NaN,NaN,NaN,NaN
NaN,NaN,NaN,NaN,NaN,NaN
NaN,NaN,NaN,NaN,NaN,NaN
NaN,NaN,NaN,NaN,NaN,NaN
NaN,NaN,NaN,NaN,NaN,NaN
NaN,NaN,NaN,NaN,NaN,NaN
NaN,NaN,NaN,NaN,NaN,NaN
NaN,NaN,NaN,NaN,NaN,NaN
NaN,NaN,NaN,NaN,NaN,NaN
NaN,NaN,NaN,NaN,NaN,NaN
NaN,NaN,NaN,NaN,NaN,NaN
NaN,NaN,NaN,NaN,NaN,NaN
NaN,NaN,NaN,NaN,NaN,NaN
NaN,NaN,NaN,NaN,NaN,NaN
NaN,NaN,NaN,NaN,NaN,NaN
