pt1_cam1_X,pt1_cam1_Y,pt2_cam1_X,pt2_cam1_Y,pt3_cam1_X,pt3_cam1_Y
NaN,NaN,NaN,NaN,650.985359,382.322103
NaN,NaN,NaN,NaN,651.000000,382.010000
NaN,NaN,NaN,NaN,651.000000,382.000000
NaN,NaN,NaN,NaN,651.000000,382.000000
NaN,NaN,NaN,NaN,651.000000,382.000000
NaN,NaN,NaN,NaN,651.000000,381.990000
NaN,NaN,NaN,NaN,650.990000,381.990000
NaN,NaN,NaN,NaN,650.990000,381.990000
NaN,NaN,NaN,NaN,650.990000,381.990000
NaN,NaN,NaN,NaN,650.990000,381.980000
NaN,NaN,NaN,NaN,650.980000,381.980000
NaN,NaN,NaN,NaN,650.980000,381.970000
NaN,NaN,NaN,NaN,650.980000,381.970000
NaN,NaN,NaN,NaN,650.970000,381.970000
NaN,NaN,NaN,NaN,650.970000,381.960000
NaN,NaN,NaN,NaN,650.960000,381.960000
NaN,NaN,NaN,NaN,650.960000,381.950000
NaN,NaN,NaN,NaN,650.950000,381.950000
NaN,NaN,NaN,NaN,650.940000,381.950000
NaN,NaN,NaN,NaN,650.950000,381.940000
NaN,NaN,NaN,NaN,650.950000,381.930000
NaN,NaN,NaN,NaN,650.940000,381.930000
NaN,NaN,NaN,NaN,650.940000,381.930000
NaN,NaN,NaN,NaN,650.940000,381.920000
NaN,NaN,NaN,NaN,650.930000,381.920000
NaN,NaN,NaN,NaN,650.930000,381.920000
NaN,NaN,NaN,NaN,650.930000,381.910000
NaN,NaN,NaN,NaN,650.920000,381.900000
NaN,NaN,NaN,NaN,650.920000,381.900000
NaN,NaN,NaN,NaN,650.910000,381.900000
NaN,NaN,NaN,NaN,650.900000,381.890000
NaN,NaN,NaN,NaN,650.890000,381.880000
NaN,NaN,NaN,NaN,650.900000,381.880000
NaN,NaN,NaN,NaN,650.900000,381.880000
NaN,NaN,NaN,NaN,650.890000,381.870000
NaN,NaN,NaN,NaN,650.890000,381.870000
NaN,NaN,NaN,NaN,650.880000,381.870000
NaN,NaN,NaN,NaN,650.880000,381.860000
NaN,NaN,NaN,NaN,650.870000,381.860000
NaN,NaN,NaN,NaN,650.870000,381.850000
NaN,NaN,NaN,NaN,650.860000,381.850000
NaN,NaN,NaN,NaN,650.860000,381.850000
NaN,NaN,NaN,NaN,650.860000,381.830000
NaN,NaN,NaN,NaN,650.850000,381.830000
NaN,NaN,NaN,NaN,650.850000,381.830000
NaN,NaN,NaN,NaN,650.850000,381.810000
NaN,NaN,NaN,NaN,650.840000,381.810000
NaN,NaN,NaN,NaN,650.830000,381.800000
NaN,NaN,NaN,NaN,650.830000,381.800000
NaN,NaN,NaN,NaN,650.830000,381.800000
NaN,NaN,NaN,NaN,650.820000,381.790000
NaN,NaN,NaN,NaN,650.820000,381.780000
NaN,NaN,NaN,NaN,650.810000,381.770000
NaN,NaN,NaN,NaN,650.800000,381.760000
NaN,NaN,NaN,NaN,650.800000,381.760000
NaN,NaN,NaN,NaN,650.800000,381.760000
NaN,NaN,NaN,NaN,650.790000,381.750000
NaN,NaN,NaN,NaN,650.790000,381.750000
NaN,NaN,NaN,NaN,650.780000,381.750000
NaN,NaN,NaN,NaN,650.770000,381.730000
NaN,NaN,NaN,NaN,650.770000,381.720000
NaN,NaN,NaN,NaN,650.760000,381.710000
NaN,NaN,NaN,NaN,650.750000,381.700000
NaN,NaN,NaN,NaN,650.750000,381.680000
NaN,NaN,NaN,NaN,650.740000,381.670000
NaN,NaN,NaN,NaN,650.720000,381.670000
NaN,NaN,NaN,NaN,650.730000,381.670000
NaN,NaN,NaN,NaN,650.730000,381.660000
NaN,NaN,NaN,NaN,650.720000,381.650000
NaN,NaN,NaN,NaN,650.710000,381.650000
NaN,NaN,NaN,NaN,650.710000,381.640000
NaN,NaN,NaN,NaN,650.700000,381.640000
NaN,NaN,NaN,NaN,650.700000,381.620000
NaN,NaN,NaN,NaN,650.690000,381.600000
NaN,NaN,NaN,NaN,650.690000,381.610000
NaN,NaN,NaN,NaN,650.690000,381.600000
NaN,NaN,NaN,NaN,650.680000,381.580000
NaN,NaN,NaN,NaN,650.670000,381.570000
NaN,NaN,NaN,NaN,650.670000,381.550000
NaN,NaN,NaN,NaN,650.670000,381.560000
NaN,NaN,NaN,NaN,650.660000,381.540000
NaN,NaN,NaN,NaN,650.660000,381.530000
NaN,NaN,NaN,NaN,650.660000,381.530000
NaN,NaN,NaN,NaN,650.650000,381.540000
NaN,NaN,NaN,NaN,650.640000,381.540000
NaN,NaN,NaN,NaN,650.650000,381.520000
NaN,NaN,NaN,NaN,650.630000,381.500000
NaN,NaN,NaN,NaN,650.620000,381.310000
NaN,NaN,NaN,NaN,650.610000,381.300000
NaN,NaN,NaN,NaN,650.610000,381.300000
NaN,NaN,NaN,NaN,650.580000,381.250000
NaN,NaN,NaN,NaN,650.590000,381.260000
NaN,NaN,NaN,NaN,650.590000,381.270000
NaN,NaN,NaN,NaN,650.590000,381.260000
NaN,NaN,NaN,NaN,650.570000,381.250000
NaN,NaN,NaN,NaN,650.580000,381.240000
NaN,NaN,NaN,NaN,650.570000,381.240000
NaN,NaN,NaN,NaN,650.570000,381.230000
NaN,NaN,NaN,NaN,650.560000,381.220000
NaN,NaN,NaN,NaN,650.550000,381.220000
NaN,NaN,NaN,NaN,650.550000,381.210000
NaN,NaN,NaN,NaN,650.540000,381.200000
NaN,NaN,NaN,NaN,650.540000,381.200000
NaN,NaN,NaN,NaN,650.540000,381.190000
NaN,NaN,NaN,NaN,650.530000,381.190000
NaN,NaN,NaN,NaN,650.480000,381.190000
NaN,NaN,NaN,NaN,650.280000,381.180000
NaN,NaN,NaN,NaN,650.280000,381.170000
NaN,NaN,NaN,NaN,650.280000,381.170000
NaN,NaN,NaN,NaN,650.270000,381.170000
NaN,NaN,NaN,NaN,650.270000,381.160000
NaN,NaN,NaN,NaN,650.270000,381.160000
NaN,NaN,NaN,NaN,650.270000,381.160000
NaN,NaN,NaN,NaN,650.270000,381.160000
NaN,NaN,NaN,NaN,650.260000,381.150000
NaN,NaN,NaN,NaN,650.250000,381.150000
NaN,NaN,NaN,NaN,650.250000,381.150000
NaN,NaN,NaN,NaN,650.250000,381.140000
NaN,NaN,NaN,NaN,650.250000,381.130000
NaN,NaN,NaN,NaN,650.240000,381.130000
NaN,NaN,NaN,NaN,650.240000,381.120000
NaN,NaN,NaN,NaN,650.240000,381.110000
NaN,NaN,NaN,NaN,650.240000,381.110000
NaN,NaN,NaN,NaN,650.240000,381.100000
NaN,NaN,NaN,NaN,650.230000,381.100000
NaN,NaN,NaN,NaN,650.230000,381.100000
NaN,NaN,NaN,NaN,650.230000,381.090000
NaN,NaN,NaN,NaN,650.230000,381.090000
NaN,NaN,NaN,NaN,650.230000,381.080000
NaN,NaN,NaN,NaN,650.220000,381.080000
NaN,NaN,NaN,NaN,650.230000,381.080000
NaN,NaN,NaN,NaN,650.220000,381.080000
NaN,NaN,NaN,NaN,650.220000,381.080000
NaN,NaN,NaN,NaN,650.220000,381.070000
NaN,NaN,NaN,NaN,650.210000,381.070000
NaN,NaN,NaN,NaN,650.220000,381.050000
NaN,NaN,NaN,NaN,650.200000,381.060000
NaN,NaN,NaN,NaN,650.200000,381.050000
NaN,NaN,NaN,NaN,650.200000,381.050000
NaN,NaN,NaN,NaN,650.200000,381.040000
NaN,NaN,NaN,NaN,650.200000,381.030000
NaN,NaN,NaN,NaN,650.200000,381.030000
NaN,NaN,NaN,NaN,650.200000,381.030000
NaN,NaN,NaN,NaN,650.200000,381.030000
NaN,NaN,NaN,NaN,650.200000,381.030000
NaN,NaN,NaN,NaN,650.190000,381.030000
NaN,NaN,NaN,NaN,650.190000,381.020000
NaN,NaN,NaN,NaN,650.190000,381.020000
NaN,NaN,NaN,NaN,650.180000,381.020000
NaN,NaN,NaN,NaN,650.180000,381.020000
NaN,NaN,NaN,NaN,650.170000,381.000000
NaN,NaN,NaN,NaN,650.170000,381.010000
NaN,NaN,NaN,NaN,650.170000,381.000000
NaN,NaN,NaN,NaN,650.170000,381.010000
NaN,NaN,NaN,NaN,650.170000,381.000000
NaN,NaN,NaN,NaN,650.170000,380.990000
NaN,NaN,NaN,NaN,650.160000,380.990000
NaN,NaN,NaN,NaN,650.160000,380.990000
NaN,NaN,NaN,NaN,650.150000,380.980000
NaN,NaN,NaN,NaN,650.160000,380.980000
NaN,NaN,NaN,NaN,650.160000,380.990000
NaN,NaN,NaN,NaN,650.160000,380.980000
NaN,NaN,NaN,NaN,650.160000,380.980000
NaN,NaN,NaN,NaN,650.150000,380.970000
NaN,NaN,NaN,NaN,650.150000,380.970000
NaN,NaN,NaN,NaN,650.140000,380.970000
NaN,NaN,NaN,NaN,650.140000,380.960000
NaN,NaN,NaN,NaN,650.140000,380.960000
NaN,NaN,NaN,NaN,650.140000,380.960000
NaN,NaN,NaN,NaN,650.140000,380.960000
NaN,NaN,NaN,NaN,650.130000,380.960000
NaN,NaN,NaN,NaN,650.130000,380.960000
NaN,NaN,NaN,NaN,650.120000,380.950000
NaN,NaN,NaN,NaN,650.120000,380.940000
NaN,NaN,NaN,NaN,650.120000,380.940000
NaN,NaN,NaN,NaN,650.120000,380.940000
NaN,NaN,NaN,NaN,650.120000,380.940000
NaN,NaN,NaN,NaN,650.120000,380.930000
NaN,NaN,NaN,NaN,650.110000,380.930000
NaN,NaN,NaN,NaN,650.120000,380.920000
NaN,NaN,NaN,NaN,650.120000,380.910000
NaN,NaN,NaN,NaN,650.110000,380.900000
NaN,NaN,NaN,NaN,650.110000,380.900000
NaN,NaN,NaN,NaN,650.100000,380.890000
NaN,NaN,NaN,NaN,650.100000,380.890000
NaN,NaN,NaN,NaN,650.100000,380.890000
NaN,NaN,NaN,NaN,650.100000,380.880000
NaN,NaN,NaN,NaN,650.100000,380.880000
NaN,NaN,NaN,NaN,650.090000,380.880000
NaN,NaN,NaN,NaN,650.100000,380.880000
NaN,NaN,NaN,NaN,650.090000,380.870000
NaN,NaN,NaN,NaN,650.090000,380.860000
NaN,NaN,NaN,NaN,650.090000,380.870000
NaN,NaN,NaN,NaN,650.080000,380.860000
NaN,NaN,NaN,NaN,650.080000,380.860000
NaN,NaN,NaN,NaN,650.080000,380.840000
NaN,NaN,NaN,NaN,650.080000,380.830000
NaN,NaN,NaN,NaN,650.070000,380.820000
NaN,NaN,NaN,NaN,650.070000,380.820000
NaN,NaN,NaN,NaN,650.070000,380.810000
NaN,NaN,NaN,NaN,650.060000,380.810000
NaN,NaN,NaN,NaN,650.070000,380.820000
NaN,NaN,NaN,NaN,650.060000,380.810000
NaN,NaN,NaN,NaN,650.070000,380.800000
NaN,NaN,NaN,NaN,650.060000,380.810000
NaN,NaN,NaN,NaN,650.060000,380.800000
NaN,NaN,NaN,NaN,650.060000,380.790000
NaN,NaN,NaN,NaN,650.060000,380.790000
NaN,NaN,NaN,NaN,650.050000,380.780000
NaN,NaN,NaN,NaN,650.060000,380.780000
NaN,NaN,NaN,NaN,650.050000,380.740000
NaN,NaN,NaN,NaN,650.050000,380.750000
NaN,NaN,NaN,NaN,650.040000,380.750000
NaN,NaN,NaN,NaN,650.050000,380.750000
NaN,NaN,NaN,NaN,650.050000,380.740000
NaN,NaN,NaN,NaN,650.050000,380.730000
NaN,NaN,NaN,NaN,650.040000,380.720000
NaN,NaN,NaN,NaN,650.040000,380.720000
NaN,NaN,NaN,NaN,650.040000,380.710000
NaN,NaN,NaN,NaN,650.030000,380.700000
NaN,NaN,NaN,NaN,650.040000,380.710000
NaN,NaN,NaN,NaN,650.030000,380.690000
NaN,NaN,NaN,NaN,650.030000,380.690000
NaN,NaN,NaN,NaN,650.030000,380.690000
NaN,NaN,NaN,NaN,650.030000,380.680000
NaN,NaN,NaN,NaN,650.010000,380.650000
NaN,NaN,NaN,NaN,650.010000,380.650000
NaN,NaN,NaN,NaN,650.010000,380.660000
NaN,NaN,NaN,NaN,650.010000,380.640000
NaN,NaN,NaN,NaN,650.010000,380.640000
NaN,NaN,NaN,NaN,650.010000,380.630000
NaN,NaN,NaN,NaN,650.010000,380.630000
NaN,NaN,NaN,NaN,650.000000,380.620000
NaN,NaN,NaN,NaN,650.000000,380.610000
NaN,NaN,NaN,NaN,650.000000,380.600000
NaN,NaN,NaN,NaN,650.000000,380.590000
NaN,NaN,NaN,NaN,650.000000,380.580000
NaN,NaN,NaN,NaN,650.000000,380.580000
NaN,NaN,NaN,NaN,650.000000,380.580000
NaN,NaN,NaN,NaN,650.000000,380.550000
NaN,NaN,NaN,NaN,649.980000,380.520000
NaN,NaN,NaN,NaN,649.980000,380.310000
NaN,NaN,NaN,NaN,649.980000,380.320000
NaN,NaN,NaN,NaN,649.970000,380.320000
NaN,NaN,NaN,NaN,649.980000,380.310000
NaN,NaN,NaN,NaN,649.970000,380.310000
NaN,NaN,NaN,NaN,649.970000,380.310000
NaN,NaN,NaN,NaN,649.970000,380.300000
NaN,NaN,NaN,NaN,649.970000,380.280000
NaN,NaN,NaN,NaN,649.970000,380.280000
NaN,NaN,NaN,NaN,649.970000,380.280000
NaN,NaN,NaN,NaN,649.960000,380.270000
NaN,NaN,NaN,NaN,649.960000,380.260000
NaN,NaN,NaN,NaN,649.960000,380.260000
NaN,NaN,NaN,NaN,649.960000,380.260000
NaN,NaN,NaN,NaN,649.950000,380.230000
NaN,NaN,NaN,NaN,649.950000,380.230000
NaN,NaN,NaN,NaN,649.960000,380.220000
NaN,NaN,NaN,NaN,649.950000,380.210000
NaN,NaN,NaN,NaN,649.940000,380.210000
NaN,NaN,NaN,NaN,649.950000,380.210000
NaN,NaN,NaN,NaN,649.950000,380.200000
NaN,NaN,NaN,NaN,649.940000,380.200000
NaN,NaN,NaN,NaN,649.950000,380.190000
NaN,NaN,NaN,NaN,649.950000,380.190000
NaN,NaN,NaN,NaN,649.940000,380.180000
NaN,NaN,NaN,NaN,649.940000,380.180000
NaN,NaN,NaN,NaN,649.940000,380.170000
NaN,NaN,NaN,NaN,649.950000,380.160000
NaN,NaN,NaN,NaN,649.940000,380.160000
NaN,NaN,NaN,NaN,649.930000,380.160000
NaN,NaN,NaN,NaN,649.920000,380.160000
NaN,NaN,NaN,NaN,649.930000,380.150000
NaN,NaN,NaN,NaN,649.920000,380.140000
NaN,NaN,NaN,NaN,649.930000,380.140000
NaN,NaN,NaN,NaN,649.930000,380.140000
NaN,NaN,NaN,NaN,649.930000,380.130000
NaN,NaN,NaN,NaN,649.920000,380.130000
NaN,NaN,NaN,NaN,649.920000,380.130000
NaN,NaN,NaN,NaN,649.920000,380.120000
NaN,NaN,NaN,NaN,649.930000,380.120000
NaN,NaN,NaN,NaN,649.930000,380.110000
NaN,NaN,NaN,NaN,649.920000,380.110000
NaN,NaN,NaN,NaN,649.920000,380.110000
NaN,NaN,NaN,NaN,649.920000,380.110000
NaN,NaN,NaN,NaN,649.900000,380.090000
NaN,NaN,NaN,NaN,649.910000,380.080000
NaN,NaN,NaN,NaN,649.910000,380.080000
NaN,NaN,NaN,NaN,649.910000,380.080000
NaN,NaN,NaN,NaN,649.900000,380.080000
NaN,NaN,NaN,NaN,649.900000,380.070000
NaN,NaN,NaN,NaN,649.900000,380.060000
NaN,NaN,NaN,NaN,649.890000,380.060000
NaN,NaN,NaN,NaN,649.890000,380.050000
NaN,NaN,NaN,NaN,649.890000,380.050000
NaN,NaN,NaN,NaN,649.890000,380.050000
NaN,NaN,NaN,NaN,649.900000,380.050000
NaN,NaN,NaN,NaN,649.900000,380.050000
NaN,NaN,NaN,NaN,649.890000,380.040000
NaN,NaN,NaN,NaN,649.890000,380.040000
NaN,NaN,NaN,NaN,649.900000,380.020000
NaN,NaN,NaN,NaN,649.900000,380.020000
NaN,NaN,NaN,NaN,649.890000,380.020000
NaN,NaN,NaN,NaN,649.900000,380.020000
NaN,NaN,NaN,NaN,649.890000,380.020000
NaN,NaN,NaN,NaN,649.890000,380.010000
NaN,NaN,NaN,NaN,649.880000,380.010000
NaN,NaN,NaN,NaN,649.880000,380.010000
NaN,NaN,NaN,NaN,649.880000,380.010000
NaN,NaN,NaN,NaN,649.890000,380.000000
NaN,NaN,NaN,NaN,649.880000,380.000000
NaN,NaN,NaN,NaN,649.880000,379.990000
NaN,NaN,NaN,NaN,649.880000,379.990000
NaN,NaN,NaN,NaN,649.870000,379.990000
NaN,NaN,NaN,NaN,649.870000,379.990000
NaN,NaN,NaN,NaN,649.880000,379.980000
NaN,NaN,NaN,NaN,649.860000,379.980000
NaN,NaN,NaN,NaN,649.860000,379.980000
NaN,NaN,NaN,NaN,649.860000,379.970000
NaN,NaN,NaN,NaN,649.860000,379.970000
NaN,NaN,NaN,NaN,649.870000,379.960000
NaN,NaN,NaN,NaN,649.860000,379.960000
NaN,NaN,NaN,NaN,649.860000,379.960000
NaN,NaN,NaN,NaN,649.860000,379.950000
NaN,NaN,NaN,NaN,649.860000,379.950000
NaN,NaN,NaN,NaN,649.850000,379.940000
NaN,NaN,NaN,NaN,649.860000,379.940000
NaN,NaN,NaN,NaN,649.850000,379.940000
NaN,NaN,NaN,NaN,649.850000,379.930000
NaN,NaN,NaN,NaN,649.850000,379.930000
NaN,NaN,NaN,NaN,649.840000,379.910000
NaN,NaN,NaN,NaN,649.840000,379.900000
NaN,NaN,NaN,NaN,649.840000,379.890000
NaN,NaN,NaN,NaN,649.840000,379.900000
NaN,NaN,NaN,NaN,649.840000,379.890000
NaN,NaN,NaN,NaN,649.840000,379.890000
NaN,NaN,NaN,NaN,649.830000,379.880000
NaN,NaN,NaN,NaN,649.830000,379.870000
NaN,NaN,NaN,NaN,649.820000,379.870000
NaN,NaN,NaN,NaN,649.820000,379.870000
NaN,NaN,NaN,NaN,649.820000,379.870000
NaN,NaN,NaN,NaN,649.820000,379.850000
NaN,NaN,NaN,NaN,649.820000,379.850000
NaN,NaN,NaN,NaN,649.820000,379.850000
NaN,NaN,NaN,NaN,649.820000,379.850000
NaN,NaN,NaN,NaN,649.810000,379.840000
NaN,NaN,NaN,NaN,649.800000,379.830000
NaN,NaN,NaN,NaN,649.800000,379.820000
NaN,NaN,NaN,NaN,649.800000,379.820000
NaN,NaN,NaN,NaN,649.790000,379.820000
NaN,NaN,NaN,NaN,649.800000,379.820000
NaN,NaN,NaN,NaN,649.790000,379.810000
NaN,NaN,NaN,NaN,649.780000,379.800000
NaN,NaN,NaN,NaN,649.770000,379.800000
NaN,NaN,NaN,NaN,649.780000,379.790000
NaN,NaN,NaN,NaN,649.770000,379.780000
NaN,NaN,NaN,NaN,649.770000,379.780000
NaN,NaN,NaN,NaN,649.770000,379.770000
NaN,NaN,NaN,NaN,649.770000,379.760000
NaN,NaN,NaN,NaN,649.770000,379.750000
NaN,NaN,NaN,NaN,649.740000,379.730000
NaN,NaN,NaN,NaN,649.750000,379.730000
NaN,NaN,NaN,NaN,649.740000,379.720000
NaN,NaN,NaN,NaN,649.740000,379.710000
NaN,NaN,NaN,NaN,649.740000,379.710000
NaN,NaN,NaN,NaN,649.740000,379.700000
NaN,NaN,NaN,NaN,649.740000,379.700000
NaN,NaN,NaN,NaN,649.740000,379.690000
NaN,NaN,NaN,NaN,649.730000,379.680000
NaN,NaN,NaN,NaN,649.720000,379.670000
NaN,NaN,NaN,NaN,649.730000,379.670000
NaN,NaN,NaN,NaN,649.720000,379.660000
NaN,NaN,NaN,NaN,649.720000,379.640000
NaN,NaN,NaN,NaN,649.710000,379.630000
NaN,NaN,NaN,NaN,649.720000,379.640000
NaN,NaN,NaN,NaN,649.710000,379.600000
NaN,NaN,NaN,NaN,649.720000,379.590000
NaN,NaN,NaN,NaN,649.710000,379.580000
NaN,NaN,NaN,NaN,649.710000,379.570000
NaN,NaN,NaN,NaN,649.710000,379.570000
NaN,NaN,NaN,NaN,649.700000,379.550000
NaN,NaN,NaN,NaN,649.700000,379.550000
NaN,NaN,NaN,NaN,649.690000,379.550000
NaN,NaN,NaN,NaN,649.690000,379.540000
NaN,NaN,NaN,NaN,649.690000,379.530000
NaN,NaN,NaN,NaN,649.680000,379.530000
NaN,NaN,NaN,NaN,649.680000,379.520000
NaN,NaN,NaN,NaN,649.680000,379.510000
NaN,NaN,NaN,NaN,649.670000,379.460000
NaN,NaN,NaN,NaN,649.660000,379.290000
NaN,NaN,NaN,NaN,649.660000,379.280000
NaN,NaN,NaN,NaN,649.650000,379.280000
NaN,NaN,NaN,NaN,649.640000,379.260000
NaN,NaN,NaN,NaN,649.630000,379.250000
NaN,NaN,NaN,NaN,649.640000,379.250000
NaN,NaN,NaN,NaN,649.640000,379.240000
NaN,NaN,NaN,NaN,649.630000,379.240000
NaN,NaN,NaN,NaN,649.630000,379.230000
NaN,NaN,NaN,NaN,649.620000,379.230000
NaN,NaN,NaN,NaN,649.640000,379.220000
NaN,NaN,NaN,NaN,649.620000,379.220000
NaN,NaN,NaN,NaN,649.630000,379.210000
NaN,NaN,NaN,NaN,649.630000,379.200000
NaN,NaN,NaN,NaN,649.640000,379.200000
NaN,NaN,NaN,NaN,649.630000,379.200000
NaN,NaN,NaN,NaN,649.640000,379.180000
NaN,NaN,NaN,NaN,649.630000,379.170000
NaN,NaN,NaN,NaN,649.630000,379.170000
NaN,NaN,NaN,NaN,649.640000,379.170000
NaN,NaN,NaN,NaN,649.630000,379.170000
NaN,NaN,NaN,NaN,649.630000,379.160000
NaN,NaN,NaN,NaN,649.630000,379.160000
NaN,NaN,NaN,NaN,649.630000,379.150000
NaN,NaN,NaN,NaN,649.620000,379.150000
NaN,NaN,NaN,NaN,649.610000,379.140000
NaN,NaN,NaN,NaN,649.610000,379.140000
NaN,NaN,NaN,NaN,649.620000,379.130000
NaN,NaN,NaN,NaN,649.620000,379.130000
NaN,NaN,NaN,NaN,649.610000,379.120000
NaN,NaN,NaN,NaN,649.600000,379.110000
NaN,NaN,NaN,NaN,649.600000,379.100000
NaN,NaN,NaN,NaN,649.600000,379.100000
NaN,NaN,NaN,NaN,649.600000,379.090000
NaN,NaN,NaN,NaN,649.590000,379.090000
NaN,NaN,NaN,NaN,649.590000,379.090000
NaN,NaN,NaN,NaN,649.590000,379.090000
NaN,NaN,NaN,NaN,649.590000,379.080000
NaN,NaN,NaN,NaN,649.590000,379.080000
NaN,NaN,NaN,NaN,649.580000,379.070000
NaN,NaN,NaN,NaN,649.590000,379.070000
NaN,NaN,NaN,NaN,649.590000,379.060000
NaN,NaN,NaN,NaN,649.590000,379.060000
NaN,NaN,NaN,NaN,649.590000,379.050000
NaN,NaN,NaN,NaN,649.590000,379.050000
NaN,NaN,NaN,NaN,649.590000,379.040000
NaN,NaN,NaN,NaN,649.570000,379.030000
NaN,NaN,NaN,NaN,649.560000,379.020000
NaN,NaN,NaN,NaN,649.560000,379.020000
NaN,NaN,NaN,NaN,649.560000,379.030000
NaN,NaN,NaN,NaN,649.560000,379.020000
NaN,NaN,NaN,NaN,649.550000,379.020000
NaN,NaN,NaN,NaN,649.550000,379.020000
NaN,NaN,NaN,NaN,649.550000,379.020000
NaN,NaN,NaN,NaN,649.540000,379.010000
NaN,NaN,NaN,NaN,649.540000,379.000000
NaN,NaN,NaN,NaN,649.550000,379.000000
NaN,NaN,NaN,NaN,649.550000,379.000000
NaN,NaN,NaN,NaN,649.550000,378.990000
NaN,NaN,NaN,NaN,649.550000,378.980000
NaN,NaN,NaN,NaN,649.530000,378.980000
NaN,NaN,NaN,NaN,649.540000,378.980000
NaN,NaN,NaN,NaN,649.540000,378.990000
NaN,NaN,NaN,NaN,649.520000,378.980000
NaN,NaN,NaN,NaN,649.490000,378.980000
NaN,NaN,NaN,NaN,649.290000,378.980000
NaN,NaN,NaN,NaN,649.300000,378.980000
NaN,NaN,NaN,NaN,649.290000,378.970000
NaN,NaN,NaN,NaN,649.290000,378.970000
NaN,NaN,NaN,NaN,649.290000,378.960000
NaN,NaN,NaN,NaN,649.290000,378.950000
NaN,NaN,NaN,NaN,649.280000,378.950000
NaN,NaN,NaN,NaN,649.290000,378.950000
NaN,NaN,NaN,NaN,649.280000,378.940000
NaN,NaN,NaN,NaN,649.280000,378.940000
NaN,NaN,NaN,NaN,649.280000,378.940000
NaN,NaN,NaN,NaN,649.280000,378.930000
NaN,NaN,NaN,NaN,649.280000,378.930000
NaN,NaN,NaN,NaN,649.270000,378.930000
NaN,NaN,NaN,NaN,649.280000,378.920000
NaN,NaN,NaN,NaN,649.270000,378.920000
NaN,NaN,NaN,NaN,649.280000,378.910000
NaN,NaN,NaN,NaN,649.260000,378.910000
NaN,NaN,NaN,NaN,649.270000,378.910000
NaN,NaN,NaN,NaN,649.270000,378.910000
NaN,NaN,NaN,NaN,649.260000,378.900000
NaN,NaN,NaN,NaN,649.250000,378.900000
NaN,NaN,NaN,NaN,649.250000,378.890000
NaN,NaN,NaN,NaN,649.250000,378.890000
NaN,NaN,NaN,NaN,649.240000,378.880000
NaN,NaN,NaN,NaN,649.240000,378.870000
NaN,NaN,NaN,NaN,649.230000,378.860000
NaN,NaN,NaN,NaN,649.240000,378.860000
NaN,NaN,NaN,NaN,649.230000,378.850000
NaN,NaN,NaN,NaN,649.230000,378.850000
NaN,NaN,NaN,NaN,649.230000,378.850000
NaN,NaN,NaN,NaN,649.220000,378.840000
NaN,NaN,NaN,NaN,649.210000,378.840000
NaN,NaN,NaN,NaN,649.220000,378.840000
NaN,NaN,NaN,NaN,649.210000,378.830000
NaN,NaN,NaN,NaN,649.220000,378.820000
NaN,NaN,NaN,NaN,649.210000,378.810000
NaN,NaN,NaN,NaN,649.210000,378.810000
NaN,NaN,NaN,NaN,649.210000,378.800000
NaN,NaN,NaN,NaN,649.200000,378.790000
NaN,NaN,NaN,NaN,649.200000,378.790000
NaN,NaN,NaN,NaN,649.180000,378.750000
NaN,NaN,NaN,NaN,649.190000,378.760000
NaN,NaN,NaN,NaN,649.190000,378.760000
NaN,NaN,NaN,NaN,649.190000,378.750000
NaN,NaN,NaN,NaN,649.190000,378.750000
NaN,NaN,NaN,NaN,649.190000,378.740000
NaN,NaN,NaN,NaN,649.180000,378.740000
NaN,NaN,NaN,NaN,649.180000,378.730000
NaN,NaN,NaN,NaN,649.170000,378.730000
NaN,NaN,NaN,NaN,649.170000,378.730000
NaN,NaN,NaN,NaN,649.160000,378.720000
NaN,NaN,NaN,NaN,649.170000,378.710000
NaN,NaN,NaN,NaN,649.160000,378.710000
NaN,NaN,NaN,NaN,649.160000,378.700000
NaN,NaN,NaN,NaN,649.160000,378.700000
NaN,NaN,NaN,NaN,649.150000,378.680000
NaN,NaN,NaN,NaN,649.150000,378.660000
NaN,NaN,NaN,NaN,649.140000,378.650000
NaN,NaN,NaN,NaN,649.140000,378.660000
NaN,NaN,NaN,NaN,649.140000,378.650000
NaN,NaN,NaN,NaN,649.140000,378.630000
NaN,NaN,NaN,NaN,649.140000,378.630000
NaN,NaN,NaN,NaN,649.140000,378.620000
NaN,NaN,NaN,NaN,649.140000,378.630000
NaN,NaN,NaN,NaN,649.140000,378.620000
NaN,NaN,NaN,NaN,649.130000,378.610000
NaN,NaN,NaN,NaN,649.130000,378.610000
NaN,NaN,NaN,NaN,649.120000,378.610000
NaN,NaN,NaN,NaN,649.120000,378.600000
NaN,NaN,NaN,NaN,649.110000,378.600000
NaN,NaN,NaN,NaN,649.110000,378.600000
NaN,NaN,NaN,NaN,649.110000,378.590000
NaN,NaN,NaN,NaN,649.110000,378.580000
NaN,NaN,NaN,NaN,649.100000,378.580000
NaN,NaN,NaN,NaN,649.100000,378.560000
NaN,NaN,NaN,NaN,649.100000,378.570000
NaN,NaN,NaN,NaN,649.090000,378.560000
NaN,NaN,NaN,NaN,649.080000,378.560000
NaN,NaN,NaN,NaN,649.080000,378.560000
NaN,NaN,NaN,NaN,649.080000,378.550000
NaN,NaN,NaN,NaN,649.080000,378.540000
NaN,NaN,NaN,NaN,649.080000,378.550000
NaN,NaN,NaN,NaN,649.070000,378.540000
NaN,NaN,NaN,NaN,649.060000,378.540000
NaN,NaN,NaN,NaN,649.060000,378.530000
NaN,NaN,NaN,NaN,649.050000,378.470000
NaN,NaN,NaN,NaN,649.050000,378.310000
NaN,NaN,NaN,NaN,649.040000,378.310000
NaN,NaN,NaN,NaN,649.050000,378.310000
NaN,NaN,NaN,NaN,649.050000,378.310000
NaN,NaN,NaN,NaN,649.050000,378.310000
NaN,NaN,NaN,NaN,649.050000,378.310000
NaN,NaN,NaN,NaN,649.050000,378.310000
NaN,NaN,NaN,NaN,649.040000,378.310000
NaN,NaN,NaN,NaN,649.030000,378.310000
NaN,NaN,NaN,NaN,649.040000,378.300000
NaN,NaN,NaN,NaN,649.030000,378.310000
NaN,NaN,NaN,NaN,649.020000,378.320000
NaN,NaN,NaN,NaN,649.020000,378.320000
NaN,NaN,NaN,NaN,649.020000,378.310000
NaN,NaN,NaN,NaN,649.000000,378.300000
NaN,NaN,NaN,NaN,649.010000,378.290000
NaN,NaN,NaN,NaN,649.010000,378.280000
NaN,NaN,NaN,NaN,649.000000,378.270000
NaN,NaN,NaN,NaN,649.010000,378.280000
NaN,NaN,NaN,NaN,649.000000,378.290000
NaN,NaN,NaN,NaN,649.000000,378.290000
NaN,NaN,NaN,NaN,649.000000,378.290000
NaN,NaN,NaN,NaN,648.990000,378.290000
NaN,NaN,NaN,NaN,648.990000,378.290000
NaN,NaN,NaN,NaN,648.990000,378.300000
NaN,NaN,NaN,NaN,648.990000,378.300000
NaN,NaN,NaN,NaN,648.990000,378.300000
NaN,NaN,NaN,NaN,648.990000,378.280000
NaN,NaN,NaN,NaN,648.990000,378.280000
NaN,NaN,NaN,NaN,648.990000,378.290000
NaN,NaN,NaN,NaN,648.990000,378.290000
NaN,NaN,NaN,NaN,649.000000,378.290000
NaN,NaN,NaN,NaN,649.000000,378.290000
NaN,NaN,NaN,NaN,649.000000,378.290000
NaN,NaN,NaN,NaN,649.000000,378.290000
NaN,NaN,NaN,NaN,649.010000,378.280000
NaN,NaN,NaN,NaN,649.020000,378.280000
NaN,NaN,NaN,NaN,649.020000,378.280000
NaN,NaN,NaN,NaN,649.020000,378.290000
NaN,NaN,NaN,NaN,649.010000,378.280000
NaN,NaN,NaN,NaN,649.020000,378.280000
NaN,NaN,NaN,NaN,649.020000,378.270000
NaN,NaN,NaN,NaN,649.020000,378.280000
NaN,NaN,NaN,NaN,649.030000,378.270000
NaN,NaN,NaN,NaN,649.030000,378.290000
NaN,NaN,NaN,NaN,649.030000,378.270000
NaN,NaN,NaN,NaN,649.030000,378.280000
NaN,NaN,NaN,NaN,649.030000,378.280000
NaN,NaN,NaN,NaN,649.020000,378.260000
NaN,NaN,NaN,NaN,649.030000,378.270000
NaN,NaN,NaN,NaN,649.020000,378.280000
NaN,NaN,NaN,NaN,649.030000,378.270000
NaN,NaN,NaN,NaN,649.030000,378.270000
NaN,NaN,NaN,NaN,649.030000,378.280000
NaN,NaN,NaN,NaN,649.020000,378.280000
NaN,NaN,NaN,NaN,649.020000,378.280000
NaN,NaN,NaN,NaN,649.020000,378.300000
NaN,NaN,NaN,NaN,649.020000,378.300000
NaN,NaN,NaN,NaN,649.010000,378.300000
NaN,NaN,NaN,NaN,649.000000,378.310000
NaN,NaN,NaN,NaN,648.990000,378.330000
NaN,NaN,NaN,NaN,648.970000,378.320000
NaN,NaN,NaN,NaN,648.960000,378.320000
NaN,NaN,NaN,NaN,648.950000,378.330000
NaN,NaN,NaN,NaN,648.940000,378.330000
NaN,NaN,NaN,NaN,648.930000,378.330000
NaN,NaN,NaN,NaN,648.920000,378.330000
NaN,NaN,NaN,NaN,648.920000,378.330000
NaN,NaN,NaN,NaN,648.910000,378.330000
NaN,NaN,NaN,NaN,648.900000,378.310000
NaN,NaN,NaN,NaN,648.890000,378.320000
NaN,NaN,NaN,NaN,648.880000,378.320000
NaN,NaN,NaN,NaN,648.870000,378.310000
NaN,NaN,NaN,NaN,648.860000,378.300000
NaN,NaN,NaN,NaN,648.810000,378.320000
NaN,NaN,NaN,NaN,648.820000,378.320000
NaN,NaN,NaN,NaN,648.810000,378.320000
NaN,NaN,NaN,NaN,648.820000,378.300000
NaN,NaN,NaN,NaN,648.800000,378.300000
NaN,NaN,NaN,NaN,648.800000,378.290000
NaN,NaN,NaN,NaN,648.790000,378.300000
NaN,NaN,NaN,NaN,648.790000,378.310000
NaN,NaN,NaN,NaN,648.790000,378.300000
NaN,NaN,NaN,NaN,648.790000,378.300000
NaN,NaN,NaN,NaN,648.780000,378.310000
NaN,NaN,NaN,NaN,648.780000,378.310000
NaN,NaN,NaN,NaN,648.780000,378.310000
NaN,NaN,NaN,NaN,648.790000,378.310000
NaN,NaN,NaN,NaN,648.780000,378.300000
NaN,NaN,NaN,NaN,647.920000,381.250000
NaN,NaN,NaN,NaN,647.710000,381.980000
NaN,NaN,NaN,NaN,647.720000,381.870000
NaN,NaN,NaN,NaN,647.810000,381.790000
NaN,NaN,NaN,NaN,647.790000,381.800000
NaN,NaN,NaN,NaN,647.800000,381.860000
NaN,NaN,NaN,NaN,647.760000,381.890000
NaN,NaN,NaN,NaN,647.730000,381.920000
NaN,NaN,NaN,NaN,647.680000,382.010000
NaN,NaN,NaN,NaN,647.660000,382.010000
NaN,NaN,NaN,NaN,647.610000,382.070000
NaN,NaN,NaN,NaN,647.570000,382.140000
NaN,NaN,NaN,NaN,647.550000,382.200000
NaN,NaN,NaN,NaN,647.520000,382.240000
NaN,NaN,NaN,NaN,647.360000,382.280000
NaN,NaN,NaN,NaN,647.350000,382.440000
NaN,NaN,NaN,NaN,647.350000,382.780000
NaN,NaN,NaN,NaN,647.330000,382.800000
NaN,NaN,NaN,NaN,647.350000,382.830000
NaN,NaN,NaN,NaN,647.310000,382.880000
NaN,NaN,NaN,NaN,647.320000,382.850000
NaN,NaN,NaN,NaN,647.330000,382.870000
NaN,NaN,NaN,NaN,647.290000,382.920000
NaN,NaN,NaN,NaN,647.300000,382.910000
NaN,NaN,NaN,NaN,647.280000,382.960000
NaN,NaN,NaN,NaN,647.290000,382.980000
NaN,NaN,NaN,NaN,647.280000,383.010000
NaN,NaN,NaN,NaN,647.270000,383.020000
NaN,NaN,NaN,NaN,647.270000,383.040000
NaN,NaN,NaN,NaN,647.230000,383.060000
NaN,NaN,NaN,NaN,647.230000,383.130000
NaN,NaN,NaN,NaN,647.240000,383.160000
NaN,NaN,NaN,NaN,647.220000,383.170000
NaN,NaN,NaN,NaN,647.200000,383.220000
NaN,NaN,NaN,NaN,647.180000,383.250000
NaN,NaN,NaN,NaN,647.140000,383.240000
NaN,NaN,NaN,NaN,647.130000,383.260000
NaN,NaN,NaN,NaN,647.130000,383.290000
NaN,NaN,NaN,NaN,647.120000,383.330000
NaN,NaN,NaN,NaN,647.110000,383.320000
NaN,NaN,NaN,NaN,647.090000,383.350000
NaN,NaN,NaN,NaN,647.090000,383.390000
NaN,NaN,NaN,NaN,647.110000,383.400000
NaN,NaN,NaN,NaN,647.070000,383.440000
NaN,NaN,NaN,NaN,647.060000,383.430000
NaN,NaN,NaN,NaN,647.020000,383.360000
NaN,NaN,NaN,NaN,647.030000,383.390000
NaN,NaN,NaN,NaN,647.030000,383.430000
NaN,NaN,NaN,NaN,647.030000,383.450000
NaN,NaN,NaN,NaN,647.040000,383.480000
NaN,NaN,NaN,NaN,647.030000,383.740000
NaN,NaN,NaN,NaN,647.030000,383.730000
NaN,NaN,NaN,NaN,647.010000,383.760000
NaN,NaN,NaN,NaN,647.020000,383.780000
NaN,NaN,NaN,NaN,647.010000,383.780000
NaN,NaN,NaN,NaN,647.010000,383.790000
NaN,NaN,NaN,NaN,647.010000,383.770000
NaN,NaN,NaN,NaN,647.000000,383.800000
NaN,NaN,NaN,NaN,647.000000,383.790000
NaN,NaN,NaN,NaN,647.000000,383.770000
NaN,NaN,NaN,NaN,647.000000,383.880000
NaN,NaN,NaN,NaN,647.010000,383.860000
NaN,NaN,NaN,NaN,647.030000,383.840000
NaN,NaN,NaN,NaN,647.010000,383.850000
NaN,NaN,NaN,NaN,647.010000,383.830000
NaN,NaN,NaN,NaN,647.010000,383.820000
NaN,NaN,NaN,NaN,647.020000,383.840000
NaN,NaN,NaN,NaN,647.010000,383.840000
NaN,NaN,NaN,NaN,647.010000,383.850000
NaN,NaN,NaN,NaN,647.040000,383.860000
NaN,NaN,NaN,NaN,647.030000,383.830000
NaN,NaN,NaN,NaN,647.020000,383.870000
NaN,NaN,NaN,NaN,647.020000,383.890000
NaN,NaN,NaN,NaN,647.000000,383.890000
NaN,NaN,NaN,NaN,647.020000,383.890000
NaN,NaN,NaN,NaN,647.010000,383.880000
NaN,NaN,NaN,NaN,647.000000,383.860000
NaN,NaN,NaN,NaN,646.990000,383.910000
NaN,NaN,NaN,NaN,646.970000,383.880000
NaN,NaN,NaN,NaN,646.970000,383.870000
NaN,NaN,NaN,NaN,646.950000,383.890000
NaN,NaN,NaN,NaN,646.940000,383.890000
NaN,NaN,NaN,NaN,646.920000,383.880000
NaN,NaN,NaN,NaN,646.920000,383.940000
NaN,NaN,NaN,NaN,646.910000,383.920000
NaN,NaN,NaN,NaN,646.890000,383.950000
NaN,NaN,NaN,NaN,646.890000,383.950000
NaN,NaN,NaN,NaN,646.880000,383.930000
NaN,NaN,NaN,NaN,646.850000,383.930000
NaN,NaN,NaN,NaN,646.840000,383.950000
NaN,NaN,NaN,NaN,646.830000,383.970000
NaN,NaN,NaN,NaN,646.810000,383.950000
NaN,NaN,NaN,NaN,646.790000,383.950000
NaN,NaN,NaN,NaN,646.760000,383.940000
NaN,NaN,NaN,NaN,646.730000,383.970000
NaN,NaN,NaN,NaN,646.730000,383.970000
NaN,NaN,NaN,NaN,646.700000,384.010000
NaN,NaN,NaN,NaN,646.690000,384.010000
NaN,NaN,NaN,NaN,646.690000,384.050000
NaN,NaN,NaN,NaN,646.690000,384.040000
NaN,NaN,NaN,NaN,646.660000,384.060000
NaN,NaN,NaN,NaN,646.650000,384.080000
NaN,NaN,NaN,NaN,646.620000,384.080000
NaN,NaN,NaN,NaN,646.630000,384.080000
NaN,NaN,NaN,NaN,646.620000,384.080000
NaN,NaN,NaN,NaN,646.540000,384.130000
NaN,NaN,NaN,NaN,646.490000,384.120000
NaN,NaN,NaN,NaN,646.480000,384.140000
NaN,NaN,NaN,NaN,646.470000,384.140000
NaN,NaN,NaN,NaN,646.440000,384.160000
NaN,NaN,NaN,NaN,646.450000,384.150000
NaN,NaN,NaN,NaN,646.440000,384.160000
NaN,NaN,NaN,NaN,646.440000,384.160000
NaN,NaN,NaN,NaN,646.400000,384.170000
NaN,NaN,NaN,NaN,646.400000,384.200000
NaN,NaN,NaN,NaN,646.400000,384.170000
NaN,NaN,NaN,NaN,646.350000,384.170000
NaN,NaN,NaN,NaN,646.320000,384.170000
NaN,NaN,NaN,NaN,646.320000,384.170000
NaN,NaN,NaN,NaN,646.320000,384.170000
NaN,NaN,NaN,NaN,646.300000,384.270000
NaN,NaN,NaN,NaN,646.280000,384.260000
NaN,NaN,NaN,NaN,646.270000,384.270000
NaN,NaN,NaN,NaN,646.280000,384.270000
NaN,NaN,NaN,NaN,646.240000,384.290000
NaN,NaN,NaN,NaN,646.230000,384.270000
NaN,NaN,NaN,NaN,646.210000,384.290000
NaN,NaN,NaN,NaN,646.210000,384.360000
NaN,NaN,NaN,NaN,646.190000,384.320000
NaN,NaN,NaN,NaN,646.180000,384.320000
NaN,NaN,NaN,NaN,646.190000,384.360000
NaN,NaN,NaN,NaN,646.160000,384.380000
NaN,NaN,NaN,NaN,646.160000,384.390000
NaN,NaN,NaN,NaN,646.140000,384.400000
NaN,NaN,NaN,NaN,646.140000,384.440000
NaN,NaN,NaN,NaN,646.140000,384.430000
NaN,NaN,NaN,NaN,646.150000,384.470000
NaN,NaN,NaN,NaN,646.160000,384.840000
NaN,NaN,NaN,NaN,646.160000,384.790000
NaN,NaN,NaN,NaN,646.160000,384.820000
NaN,NaN,NaN,NaN,646.170000,384.800000
NaN,NaN,NaN,NaN,646.170000,384.840000
NaN,NaN,NaN,NaN,646.190000,384.830000
NaN,NaN,NaN,NaN,646.180000,384.840000
NaN,NaN,NaN,NaN,646.200000,384.840000
NaN,NaN,NaN,NaN,646.220000,384.830000
NaN,NaN,NaN,NaN,646.260000,384.880000
NaN,NaN,NaN,NaN,646.240000,384.870000
NaN,NaN,NaN,NaN,646.260000,384.870000
NaN,NaN,NaN,NaN,646.250000,384.850000
NaN,NaN,NaN,NaN,646.240000,384.810000
NaN,NaN,NaN,NaN,646.250000,384.810000
NaN,NaN,NaN,NaN,646.280000,384.770000
NaN,NaN,NaN,NaN,646.260000,384.780000
NaN,NaN,NaN,NaN,646.260000,384.770000
NaN,NaN,NaN,NaN,646.240000,384.760000
NaN,NaN,NaN,NaN,646.260000,384.750000
NaN,NaN,NaN,NaN,646.270000,384.750000
NaN,NaN,NaN,NaN,646.270000,384.760000
NaN,NaN,NaN,NaN,646.290000,384.780000
NaN,NaN,NaN,NaN,646.300000,384.790000
NaN,NaN,NaN,NaN,646.300000,384.790000
NaN,NaN,NaN,NaN,646.300000,384.780000
NaN,NaN,NaN,NaN,646.320000,384.780000
NaN,NaN,NaN,NaN,646.340000,384.780000
NaN,NaN,NaN,NaN,646.290000,384.830000
NaN,NaN,NaN,NaN,646.320000,384.860000
NaN,NaN,NaN,NaN,646.310000,384.810000
NaN,NaN,NaN,NaN,646.310000,384.830000
NaN,NaN,NaN,NaN,646.300000,384.820000
NaN,NaN,NaN,NaN,646.320000,384.830000
NaN,NaN,NaN,NaN,646.360000,384.820000
NaN,NaN,NaN,NaN,646.340000,384.850000
NaN,NaN,NaN,NaN,646.340000,384.830000
NaN,NaN,NaN,NaN,646.390000,384.830000
NaN,NaN,NaN,NaN,646.410000,384.830000
NaN,NaN,NaN,NaN,646.400000,384.830000
NaN,NaN,NaN,NaN,646.420000,384.800000
NaN,NaN,NaN,NaN,646.440000,384.790000
NaN,NaN,NaN,NaN,646.460000,384.820000
NaN,NaN,NaN,NaN,646.520000,384.860000
NaN,NaN,NaN,NaN,646.560000,384.860000
NaN,NaN,NaN,NaN,646.590000,384.890000
NaN,NaN,NaN,NaN,646.580000,384.880000
NaN,NaN,NaN,NaN,646.600000,384.860000
NaN,NaN,NaN,NaN,646.640000,384.840000
NaN,NaN,NaN,NaN,646.670000,384.820000
NaN,NaN,NaN,NaN,646.680000,384.850000
NaN,NaN,NaN,NaN,646.720000,384.870000
NaN,NaN,NaN,NaN,646.710000,384.830000
NaN,NaN,NaN,NaN,646.710000,384.850000
NaN,NaN,NaN,NaN,646.750000,384.820000
NaN,NaN,NaN,NaN,646.800000,384.820000
NaN,NaN,NaN,NaN,646.840000,384.880000
NaN,NaN,NaN,NaN,646.850000,384.920000
NaN,NaN,NaN,NaN,646.850000,384.970000
NaN,NaN,NaN,NaN,646.860000,385.010000
NaN,NaN,NaN,NaN,646.890000,384.960000
NaN,NaN,NaN,NaN,646.930000,385.030000
NaN,NaN,NaN,NaN,646.950000,385.060000
NaN,NaN,NaN,NaN,646.960000,385.020000
NaN,NaN,NaN,NaN,647.010000,385.040000
NaN,NaN,NaN,NaN,647.040000,385.100000
NaN,NaN,NaN,NaN,647.050000,385.060000
NaN,NaN,NaN,NaN,647.100000,385.050000
NaN,NaN,NaN,NaN,647.140000,385.090000
NaN,NaN,NaN,NaN,647.150000,385.130000
NaN,NaN,NaN,NaN,647.200000,385.180000
NaN,NaN,NaN,NaN,647.200000,385.240000
NaN,NaN,NaN,NaN,646.764332,384.203700
NaN,NaN,NaN,NaN,647.000000,383.940000
NaN,NaN,NaN,NaN,647.010000,384.000000
NaN,NaN,NaN,NaN,647.010000,384.010000
NaN,NaN,NaN,NaN,647.020000,384.020000
NaN,NaN,NaN,NaN,647.030000,384.020000
NaN,NaN,NaN,NaN,647.030000,384.020000
NaN,NaN,NaN,NaN,647.030000,384.030000
NaN,NaN,NaN,NaN,647.030000,384.040000
NaN,NaN,NaN,NaN,647.030000,384.040000
NaN,NaN,NaN,NaN,647.020000,384.040000
NaN,NaN,NaN,NaN,647.020000,384.050000
NaN,NaN,NaN,NaN,647.030000,384.050000
NaN,NaN,NaN,NaN,647.030000,384.060000
NaN,NaN,NaN,NaN,647.030000,384.060000
NaN,NaN,NaN,NaN,647.030000,384.050000
NaN,NaN,NaN,NaN,647.030000,384.060000
NaN,NaN,NaN,NaN,647.030000,384.060000
NaN,NaN,NaN,NaN,647.030000,384.060000
NaN,NaN,NaN,NaN,647.030000,384.060000
NaN,NaN,NaN,NaN,647.030000,384.070000
NaN,NaN,NaN,NaN,647.020000,384.070000
NaN,NaN,NaN,NaN,647.020000,384.070000
NaN,NaN,NaN,NaN,647.020000,384.070000
NaN,NaN,NaN,NaN,647.000000,384.070000
NaN,NaN,NaN,NaN,647.000000,384.070000
NaN,NaN,NaN,NaN,647.000000,384.080000
NaN,NaN,NaN,NaN,647.000000,384.070000
NaN,NaN,NaN,NaN,646.990000,384.080000
NaN,NaN,NaN,NaN,646.990000,384.080000
NaN,NaN,NaN,NaN,646.990000,384.080000
NaN,NaN,NaN,NaN,646.990000,384.070000
NaN,NaN,NaN,NaN,646.980000,384.070000
NaN,NaN,NaN,NaN,646.970000,384.070000
NaN,NaN,NaN,NaN,646.980000,384.070000
NaN,NaN,NaN,NaN,646.970000,384.060000
NaN,NaN,NaN,NaN,646.970000,384.060000
NaN,NaN,NaN,NaN,646.970000,384.060000
NaN,NaN,NaN,NaN,646.970000,384.060000
NaN,NaN,NaN,NaN,646.970000,384.050000
NaN,NaN,NaN,NaN,646.960000,384.040000
NaN,NaN,NaN,NaN,646.970000,384.040000
NaN,NaN,NaN,NaN,646.960000,384.030000
NaN,NaN,NaN,NaN,646.960000,384.030000
NaN,NaN,NaN,NaN,646.950000,384.000000
NaN,NaN,NaN,NaN,646.920000,383.990000
NaN,NaN,NaN,NaN,646.920000,383.980000
NaN,NaN,NaN,NaN,646.920000,383.980000
NaN,NaN,NaN,NaN,646.920000,383.970000
NaN,NaN,NaN,NaN,646.910000,383.970000
NaN,NaN,NaN,NaN,646.900000,383.960000
NaN,NaN,NaN,NaN,646.880000,383.960000
NaN,NaN,NaN,NaN,646.880000,383.960000
NaN,NaN,NaN,NaN,646.870000,383.960000
NaN,NaN,NaN,NaN,646.870000,383.960000
NaN,NaN,NaN,NaN,646.870000,383.950000
NaN,NaN,NaN,NaN,646.870000,383.940000
NaN,NaN,NaN,NaN,646.880000,383.940000
NaN,NaN,NaN,NaN,646.880000,383.940000
NaN,NaN,NaN,NaN,646.900000,383.940000
NaN,NaN,NaN,NaN,646.890000,383.930000
NaN,NaN,NaN,NaN,646.870000,383.920000
NaN,NaN,NaN,NaN,646.860000,383.920000
NaN,NaN,NaN,NaN,646.870000,383.930000
NaN,NaN,NaN,NaN,646.860000,383.930000
NaN,NaN,NaN,NaN,646.860000,383.920000
NaN,NaN,NaN,NaN,646.850000,383.930000
NaN,NaN,NaN,NaN,646.840000,383.920000
NaN,NaN,NaN,NaN,646.840000,383.920000
NaN,NaN,NaN,NaN,646.840000,383.920000
NaN,NaN,NaN,NaN,646.830000,383.910000
NaN,NaN,NaN,NaN,646.840000,383.910000
NaN,NaN,NaN,NaN,646.830000,383.910000
NaN,NaN,NaN,NaN,646.820000,383.900000
NaN,NaN,NaN,NaN,646.800000,383.900000
NaN,NaN,NaN,NaN,646.800000,383.900000
NaN,NaN,NaN,NaN,646.790000,383.900000
NaN,NaN,NaN,NaN,646.780000,383.890000
NaN,NaN,NaN,NaN,646.770000,383.890000
NaN,NaN,NaN,NaN,646.760000,383.880000
NaN,NaN,NaN,NaN,646.760000,383.870000
NaN,NaN,NaN,NaN,646.760000,383.870000
NaN,NaN,NaN,NaN,646.760000,383.870000
NaN,NaN,NaN,NaN,646.730000,383.860000
NaN,NaN,NaN,NaN,646.730000,383.850000
NaN,NaN,NaN,NaN,646.700000,383.850000
NaN,NaN,NaN,NaN,646.710000,383.840000
NaN,NaN,NaN,NaN,646.710000,383.830000
NaN,NaN,NaN,NaN,646.710000,383.840000
NaN,NaN,NaN,NaN,646.710000,383.840000
NaN,NaN,NaN,NaN,646.710000,383.840000
NaN,NaN,NaN,NaN,646.730000,383.820000
NaN,NaN,NaN,NaN,646.740000,383.810000
NaN,NaN,NaN,NaN,646.730000,383.800000
NaN,NaN,NaN,NaN,646.710000,383.800000
NaN,NaN,NaN,NaN,646.740000,383.820000
NaN,NaN,NaN,NaN,646.720000,383.810000
NaN,NaN,NaN,NaN,646.740000,383.820000
NaN,NaN,NaN,NaN,646.750000,383.810000
NaN,NaN,NaN,NaN,646.780000,383.800000
NaN,NaN,NaN,NaN,646.760000,383.800000
NaN,NaN,NaN,NaN,646.760000,383.800000
NaN,NaN,NaN,NaN,645.920127,384.203700
NaN,NaN,NaN,NaN,645.920127,384.203700
NaN,NaN,NaN,NaN,645.920127,386.085296
NaN,NaN,NaN,NaN,645.920127,386.085296
NaN,NaN,NaN,NaN,645.920127,386.085296
NaN,NaN,NaN,NaN,645.920127,386.085296
NaN,NaN,NaN,NaN,645.920127,386.085296
NaN,NaN,NaN,NaN,645.920127,386.085296
NaN,NaN,NaN,NaN,645.920127,386.085296
NaN,NaN,NaN,NaN,645.920127,386.085296
NaN,NaN,NaN,NaN,645.920127,386.085296
NaN,NaN,NaN,NaN,645.920127,386.085296
NaN,NaN,NaN,NaN,645.920127,386.555695
NaN,NaN,NaN,NaN,645.920127,386.555695
NaN,NaN,NaN,NaN,645.920127,386.555695
NaN,NaN,NaN,NaN,645.920127,386.555695
NaN,NaN,NaN,NaN,645.920127,386.555695
NaN,NaN,NaN,NaN,645.920127,387.496493
NaN,NaN,NaN,NaN,645.920127,387.496493
NaN,NaN,NaN,NaN,645.920127,387.496493
NaN,NaN,NaN,NaN,645.920127,387.496493
NaN,NaN,NaN,NaN,645.920127,387.496493
NaN,NaN,NaN,NaN,645.920127,387.496493
NaN,NaN,NaN,NaN,645.920127,387.966892
NaN,NaN,NaN,NaN,645.920127,388.437292
NaN,NaN,NaN,NaN,645.920127,388.907691
NaN,NaN,NaN,NaN,645.920127,389.378090
NaN,NaN,NaN,NaN,645.920127,389.378090
NaN,NaN,NaN,NaN,645.920127,389.378090
NaN,NaN,NaN,NaN,645.920127,389.378090
NaN,NaN,NaN,NaN,645.920127,389.378090
NaN,NaN,NaN,NaN,645.920127,389.378090
NaN,NaN,NaN,NaN,645.920127,389.378090
NaN,NaN,NaN,NaN,645.920127,389.378090
NaN,NaN,NaN,NaN,645.920127,389.378090
NaN,NaN,NaN,NaN,645.920127,389.378090
NaN,NaN,NaN,NaN,645.920127,389.378090
NaN,NaN,NaN,NaN,645.920127,389.378090
NaN,NaN,NaN,NaN,645.920127,389.378090
NaN,NaN,NaN,NaN,645.920127,389.378090
NaN,NaN,NaN,NaN,645.920127,389.378090
NaN,NaN,NaN,NaN,645.920127,389.378090
NaN,NaN,NaN,NaN,645.920127,389.378090
NaN,NaN,NaN,NaN,645.920127,389.378090
NaN,NaN,NaN,NaN,645.920127,389.378090
NaN,NaN,NaN,NaN,645.920127,389.378090
NaN,NaN,NaN,NaN,645.920127,389.378090
NaN,NaN,NaN,NaN,645.920127,389.378090
NaN,NaN,NaN,NaN,645.920127,389.378090
NaN,NaN,NaN,NaN,645.920127,389.378090
NaN,NaN,NaN,NaN,645.920127,389.378090
NaN,NaN,NaN,NaN,645.920127,389.378090
NaN,NaN,NaN,NaN,645.920127,389.378090
NaN,NaN,NaN,NaN,645.920127,389.378090
NaN,NaN,NaN,NaN,645.920127,389.378090
NaN,NaN,NaN,NaN,645.920127,389.378090
NaN,NaN,NaN,NaN,645.920127,389.378090
NaN,NaN,NaN,NaN,645.920127,389.378090
NaN,NaN,NaN,NaN,645.920127,389.378090
NaN,NaN,NaN,NaN,645.920127,389.378090
NaN,NaN,NaN,NaN,645.920127,389.378090
NaN,NaN,NaN,NaN,645.920127,389.378090
NaN,NaN,NaN,NaN,645.920127,389.378090
NaN,NaN,NaN,NaN,645.920127,389.378090
NaN,NaN,NaN,NaN,645.920127,389.378090
NaN,NaN,NaN,NaN,645.920127,389.378090
NaN,NaN,NaN,NaN,645.920127,389.378090
NaN,NaN,NaN,NaN,645.920127,389.378090
NaN,NaN,NaN,NaN,645.920127,389.378090
NaN,NaN,NaN,NaN,645.920127,389.378090
NaN,NaN,NaN,NaN,645.920127,389.378090
NaN,NaN,NaN,NaN,645.920127,389.378090
NaN,NaN,NaN,NaN,645.920127,389.848489
NaN,NaN,NaN,NaN,645.920127,389.848489
NaN,NaN,NaN,NaN,645.920127,389.848489
NaN,NaN,NaN,NaN,645.920127,389.848489
NaN,NaN,NaN,NaN,645.920127,389.848489
NaN,NaN,NaN,NaN,645.920127,389.848489
NaN,NaN,NaN,NaN,645.920127,389.848489
NaN,NaN,NaN,NaN,645.920127,390.318888
NaN,NaN,NaN,NaN,645.920127,390.318888
NaN,NaN,NaN,NaN,645.920127,390.318888
NaN,NaN,NaN,NaN,645.920127,390.318888
NaN,NaN,NaN,NaN,645.920127,390.318888
NaN,NaN,NaN,NaN,645.920127,390.318888
NaN,NaN,NaN,NaN,645.920127,390.318888
NaN,NaN,NaN,NaN,645.920127,390.318888
NaN,NaN,NaN,NaN,645.920127,390.318888
NaN,NaN,NaN,NaN,645.920127,390.318888
NaN,NaN,NaN,NaN,645.920127,390.318888
NaN,NaN,NaN,NaN,645.920127,390.318888
NaN,NaN,NaN,NaN,645.920127,390.318888
NaN,NaN,NaN,NaN,645.920127,390.318888
NaN,NaN,NaN,NaN,645.920127,390.318888
NaN,NaN,NaN,NaN,645.920127,390.318888
NaN,NaN,NaN,NaN,645.920127,390.318888
NaN,NaN,NaN,NaN,645.920127,391.259686
NaN,NaN,NaN,NaN,645.920127,391.259686
NaN,NaN,NaN,NaN,645.920127,391.259686
NaN,NaN,NaN,NaN,645.920127,391.259686
NaN,NaN,NaN,NaN,645.920127,391.259686
NaN,NaN,NaN,NaN,645.920127,391.259686
NaN,NaN,NaN,NaN,645.920127,391.259686
NaN,NaN,NaN,NaN,645.920127,391.259686
NaN,NaN,NaN,NaN,645.920127,391.259686
NaN,NaN,NaN,NaN,645.920127,391.730085
NaN,NaN,NaN,NaN,645.920127,391.730085
NaN,NaN,NaN,NaN,645.920127,392.200484
NaN,NaN,NaN,NaN,645.920127,392.200484
NaN,NaN,NaN,NaN,645.920127,392.200484
NaN,NaN,NaN,NaN,645.920127,392.200484
NaN,NaN,NaN,NaN,645.920127,392.200484
NaN,NaN,NaN,NaN,645.920127,392.200484
NaN,NaN,NaN,NaN,645.920127,392.200484
NaN,NaN,NaN,NaN,645.920127,392.200484
NaN,NaN,NaN,NaN,645.920127,392.200484
NaN,NaN,NaN,NaN,645.920127,392.200484
NaN,NaN,NaN,NaN,645.920127,392.200484
NaN,NaN,NaN,NaN,645.920127,392.200484
NaN,NaN,NaN,NaN,645.920127,392.670883
NaN,NaN,NaN,NaN,645.920127,392.670883
NaN,NaN,NaN,NaN,645.920127,392.670883
NaN,NaN,NaN,NaN,645.920127,392.670883
NaN,NaN,NaN,NaN,645.920127,392.670883
NaN,NaN,NaN,NaN,645.920127,392.670883
NaN,NaN,NaN,NaN,645.920127,392.670883
NaN,NaN,NaN,NaN,645.920127,393.141282
NaN,NaN,NaN,NaN,645.498024,393.611681
NaN,NaN,NaN,NaN,645.498024,393.611681
NaN,NaN,NaN,NaN,645.498024,393.611681
NaN,NaN,NaN,NaN,645.498024,393.611681
NaN,NaN,NaN,NaN,645.498024,393.611681
NaN,NaN,NaN,NaN,645.498024,393.611681
NaN,NaN,NaN,NaN,645.498024,393.611681
NaN,NaN,NaN,NaN,645.498024,393.611681
NaN,NaN,NaN,NaN,645.498024,393.611681
NaN,NaN,NaN,NaN,645.498024,393.611681
NaN,NaN,NaN,NaN,645.498024,393.611681
NaN,NaN,NaN,NaN,645.498024,393.611681
NaN,NaN,NaN,NaN,645.498024,393.611681
NaN,NaN,NaN,NaN,645.498024,393.611681
NaN,NaN,NaN,NaN,645.498024,393.611681
NaN,NaN,NaN,NaN,645.498024,393.611681
NaN,NaN,NaN,NaN,645.498024,393.611681
NaN,NaN,NaN,NaN,645.498024,393.611681
NaN,NaN,NaN,NaN,645.498024,393.611681
NaN,NaN,NaN,NaN,645.498024,393.611681
NaN,NaN,NaN,NaN,645.498024,393.611681
NaN,NaN,NaN,NaN,645.498024,393.611681
NaN,NaN,NaN,NaN,645.498024,393.611681
NaN,NaN,NaN,NaN,645.498024,393.611681
NaN,NaN,NaN,NaN,645.498024,393.611681
NaN,NaN,NaN,NaN,645.498024,393.611681
NaN,NaN,NaN,NaN,645.498024,393.611681
NaN,NaN,NaN,NaN,645.498024,393.611681
NaN,NaN,NaN,NaN,645.498024,393.611681
NaN,NaN,NaN,NaN,645.498024,393.611681
NaN,NaN,NaN,NaN,645.498024,393.611681
NaN,NaN,NaN,NaN,645.498024,393.611681
NaN,NaN,NaN,NaN,645.498024,393.611681
NaN,NaN,NaN,NaN,645.498024,393.611681
NaN,NaN,NaN,NaN,645.498024,393.611681
NaN,NaN,NaN,NaN,645.498024,393.611681
NaN,NaN,NaN,NaN,645.498024,393.611681
NaN,NaN,NaN,NaN,645.498024,393.611681
NaN,NaN,NaN,NaN,645.498024,393.611681
NaN,NaN,NaN,NaN,645.498024,393.611681
NaN,NaN,NaN,NaN,645.498024,393.611681
NaN,NaN,NaN,NaN,645.498024,393.611681
NaN,NaN,NaN,NaN,645.498024,393.611681
NaN,NaN,NaN,NaN,645.498024,393.611681
NaN,NaN,NaN,NaN,645.498024,393.611681
NaN,NaN,NaN,NaN,645.498024,393.611681
NaN,NaN,NaN,NaN,645.498024,393.611681
NaN,NaN,NaN,NaN,645.498024,393.611681
NaN,NaN,NaN,NaN,645.498024,393.611681
NaN,NaN,NaN,NaN,645.498024,393.611681
NaN,NaN,NaN,NaN,645.498024,393.611681
NaN,NaN,NaN,NaN,645.498024,393.611681
NaN,NaN,NaN,NaN,645.498024,393.611681
NaN,NaN,NaN,NaN,645.498024,393.611681
NaN,NaN,NaN,NaN,645.498024,393.611681
NaN,NaN,NaN,NaN,645.498024,393.611681
NaN,NaN,NaN,NaN,645.498024,393.611681
NaN,NaN,NaN,NaN,645.498024,393.611681
NaN,NaN,NaN,NaN,645.498024,393.611681
NaN,NaN,NaN,NaN,645.498024,393.611681
NaN,NaN,NaN,NaN,645.498024,393.611681
NaN,NaN,NaN,NaN,645.498024,393.611681
NaN,NaN,NaN,NaN,645.498024,393.611681
NaN,NaN,NaN,NaN,645.498024,393.611681
NaN,NaN,NaN,NaN,645.498024,393.611681
NaN,NaN,NaN,NaN,645.498024,393.611681
NaN,NaN,NaN,NaN,645.498024,393.611681
NaN,NaN,NaN,NaN,645.498024,393.611681
NaN,NaN,NaN,NaN,645.498024,393.141282
NaN,NaN,NaN,NaN,645.498024,393.141282
NaN,NaN,NaN,NaN,645.498024,393.141282
NaN,NaN,NaN,NaN,645.498024,393.141282
NaN,NaN,NaN,NaN,645.498024,393.141282
NaN,NaN,NaN,NaN,645.498024,393.141282
NaN,NaN,NaN,NaN,645.498024,393.141282
NaN,NaN,NaN,NaN,645.498024,393.141282
NaN,NaN,NaN,NaN,645.498024,393.141282
NaN,NaN,NaN,NaN,645.498024,393.141282
NaN,NaN,NaN,NaN,645.498024,393.141282
NaN,NaN,NaN,NaN,645.498024,393.141282
NaN,NaN,NaN,NaN,645.498024,393.141282
NaN,NaN,NaN,NaN,645.498024,393.141282
NaN,NaN,NaN,NaN,645.498024,393.141282
NaN,NaN,NaN,NaN,645.498024,393.141282
NaN,NaN,NaN,NaN,645.498024,393.141282
NaN,NaN,NaN,NaN,645.498024,393.141282
NaN,NaN,NaN,NaN,645.498024,393.141282
NaN,NaN,NaN,NaN,645.498024,393.141282
NaN,NaN,NaN,NaN,645.498024,393.141282
NaN,NaN,NaN,NaN,645.498024,393.141282
NaN,NaN,NaN,NaN,645.498024,393.141282
NaN,NaN,NaN,NaN,645.498024,393.141282
NaN,NaN,NaN,NaN,645.498024,393.141282
NaN,NaN,NaN,NaN,645.498024,393.141282
NaN,NaN,NaN,NaN,645.498024,393.141282
NaN,NaN,NaN,NaN,645.498024,393.141282
NaN,NaN,NaN,NaN,645.498024,393.141282
NaN,NaN,NaN,NaN,645.498024,393.141282
NaN,NaN,NaN,NaN,645.498024,393.141282
NaN,NaN,NaN,NaN,645.498024,393.141282
NaN,NaN,NaN,NaN,645.498024,393.141282
NaN,NaN,NaN,NaN,645.498024,393.141282
NaN,NaN,NaN,NaN,645.498024,393.141282
NaN,NaN,NaN,NaN,645.498024,393.141282
NaN,NaN,NaN,NaN,645.498024,393.141282
NaN,NaN,NaN,NaN,645.498024,393.141282
NaN,NaN,NaN,NaN,645.498024,393.141282
NaN,NaN,NaN,NaN,645.498024,393.141282
NaN,NaN,NaN,NaN,644.653819,393.611681
NaN,NaN,NaN,NaN,644.653819,393.611681
NaN,NaN,NaN,NaN,644.653819,393.611681
NaN,NaN,NaN,NaN,644.653819,393.611681
NaN,NaN,NaN,NaN,644.653819,394.082081
NaN,NaN,NaN,NaN,644.653819,394.082081
NaN,NaN,NaN,NaN,644.653819,394.082081
NaN,NaN,NaN,NaN,644.653819,394.082081
NaN,NaN,NaN,NaN,644.653819,394.082081
NaN,NaN,NaN,NaN,644.653819,394.082081
NaN,NaN,NaN,NaN,644.653819,394.082081
NaN,NaN,NaN,NaN,644.653819,394.082081
NaN,NaN,NaN,NaN,644.653819,394.082081
NaN,NaN,NaN,NaN,644.653819,394.082081
NaN,NaN,NaN,NaN,644.653819,394.082081
NaN,NaN,NaN,NaN,644.653819,394.082081
NaN,NaN,NaN,NaN,644.653819,394.082081
NaN,NaN,NaN,NaN,644.231716,395.022879
NaN,NaN,NaN,NaN,644.231716,395.022879
NaN,NaN,NaN,NaN,644.231716,395.022879
NaN,NaN,NaN,NaN,644.231716,395.022879
NaN,NaN,NaN,NaN,644.231716,395.493278
NaN,NaN,NaN,NaN,644.231716,395.493278
NaN,NaN,NaN,NaN,644.231716,395.493278
NaN,NaN,NaN,NaN,643.809613,395.963677
NaN,NaN,NaN,NaN,643.809613,395.963677
NaN,NaN,NaN,NaN,643.387511,396.904475
NaN,NaN,NaN,NaN,643.387511,396.904475
NaN,NaN,NaN,NaN,643.387511,396.904475
NaN,NaN,NaN,NaN,642.965408,396.904475
NaN,NaN,NaN,NaN,642.965408,396.904475
NaN,NaN,NaN,NaN,642.965408,396.904475
NaN,NaN,NaN,NaN,642.965408,397.374874
NaN,NaN,NaN,NaN,642.965408,397.374874
NaN,NaN,NaN,NaN,642.965408,397.374874
NaN,NaN,NaN,NaN,642.965408,397.374874
NaN,NaN,NaN,NaN,642.965408,397.374874
NaN,NaN,NaN,NaN,642.965408,397.374874
NaN,NaN,NaN,NaN,642.965408,397.374874
NaN,NaN,NaN,NaN,642.965408,397.374874
NaN,NaN,NaN,NaN,642.965408,397.374874
NaN,NaN,NaN,NaN,641.276997,395.963677
NaN,NaN,NaN,NaN,641.276997,395.963677
NaN,NaN,NaN,NaN,641.276997,395.963677
NaN,NaN,NaN,NaN,640.854895,397.374874
NaN,NaN,NaN,NaN,640.854895,397.374874
NaN,NaN,NaN,NaN,640.854895,397.374874
NaN,NaN,NaN,NaN,640.854895,397.374874
NaN,NaN,NaN,NaN,640.854895,397.374874
NaN,NaN,NaN,NaN,640.854895,397.374874
NaN,NaN,NaN,NaN,640.854895,397.374874
NaN,NaN,NaN,NaN,640.854895,398.315672
NaN,NaN,NaN,NaN,640.854895,398.315672
NaN,NaN,NaN,NaN,640.854895,398.315672
NaN,NaN,NaN,NaN,640.854895,398.315672
NaN,NaN,NaN,NaN,640.854895,398.315672
NaN,NaN,NaN,NaN,640.854895,398.315672
NaN,NaN,NaN,NaN,640.432792,398.315672
NaN,NaN,NaN,NaN,640.432792,398.315672
NaN,NaN,NaN,NaN,640.432792,398.315672
NaN,NaN,NaN,NaN,640.432792,398.315672
NaN,NaN,NaN,NaN,640.432792,398.315672
NaN,NaN,NaN,NaN,640.432792,398.315672
NaN,NaN,NaN,NaN,640.432792,398.315672
NaN,NaN,NaN,NaN,640.432792,398.315672
NaN,NaN,NaN,NaN,640.432792,398.315672
NaN,NaN,NaN,NaN,640.432792,398.315672
NaN,NaN,NaN,NaN,640.432792,398.315672
NaN,NaN,NaN,NaN,640.432792,398.315672
NaN,NaN,NaN,NaN,640.432792,398.315672
NaN,NaN,NaN,NaN,640.432792,398.315672
NaN,NaN,NaN,NaN,640.432792,398.315672
NaN,NaN,NaN,NaN,640.432792,398.315672
NaN,NaN,NaN,NaN,640.432792,398.315672
NaN,NaN,NaN,NaN,640.432792,398.315672
NaN,NaN,NaN,NaN,640.432792,398.315672
NaN,NaN,NaN,NaN,640.432792,398.315672
NaN,NaN,NaN,NaN,640.432792,398.315672
NaN,NaN,NaN,NaN,640.432792,398.315672
NaN,NaN,NaN,NaN,640.432792,398.315672
NaN,NaN,NaN,NaN,640.432792,398.315672
NaN,NaN,NaN,NaN,640.432792,398.315672
NaN,NaN,NaN,NaN,640.432792,398.315672
NaN,NaN,NaN,NaN,640.432792,398.315672
NaN,NaN,NaN,NaN,640.432792,398.315672
NaN,NaN,NaN,NaN,640.432792,398.315672
NaN,NaN,NaN,NaN,640.432792,398.315672
NaN,NaN,NaN,NaN,640.432792,398.315672
NaN,NaN,NaN,NaN,640.432792,398.315672
NaN,NaN,NaN,NaN,640.432792,398.315672
NaN,NaN,NaN,NaN,640.432792,398.315672
NaN,NaN,NaN,NaN,640.432792,398.315672
NaN,NaN,NaN,NaN,640.432792,398.315672
NaN,NaN,NaN,NaN,640.432792,398.315672
NaN,NaN,NaN,NaN,640.432792,398.315672
NaN,NaN,NaN,NaN,640.432792,398.315672
NaN,NaN,NaN,NaN,640.432792,398.315672
NaN,NaN,NaN,NaN,640.432792,398.315672
NaN,NaN,NaN,NaN,640.432792,398.315672
NaN,NaN,NaN,NaN,640.432792,398.315672
NaN,NaN,NaN,NaN,640.432792,398.315672
NaN,NaN,NaN,NaN,640.432792,398.315672
NaN,NaN,NaN,NaN,640.432792,398.315672
NaN,NaN,NaN,NaN,640.432792,398.315672
NaN,NaN,NaN,NaN,640.432792,398.315672
NaN,NaN,NaN,NaN,640.432792,398.315672
NaN,NaN,NaN,NaN,640.432792,398.315672
NaN,NaN,NaN,NaN,640.432792,398.315672
NaN,NaN,NaN,NaN,640.432792,398.315672
NaN,NaN,NaN,NaN,640.432792,398.315672
NaN,NaN,NaN,NaN,640.432792,398.315672
NaN,NaN,NaN,NaN,640.432792,398.315672
NaN,NaN,NaN,NaN,640.432792,398.315672
NaN,NaN,NaN,NaN,640.432792,398.315672
NaN,NaN,NaN,NaN,640.432792,398.315672
NaN,NaN,NaN,NaN,640.432792,398.315672
NaN,NaN,NaN,NaN,640.432792,398.315672
NaN,NaN,NaN,NaN,640.432792,398.315672
NaN,NaN,NaN,NaN,640.432792,398.315672
NaN,NaN,NaN,NaN,640.432792,398.315672
NaN,NaN,NaN,NaN,640.432792,398.315672
NaN,NaN,NaN,NaN,640.432792,398.315672
NaN,NaN,NaN,NaN,640.432792,398.315672
NaN,NaN,NaN,NaN,640.432792,398.315672
NaN,NaN,NaN,NaN,640.432792,398.315672
NaN,NaN,NaN,NaN,640.432792,398.315672
NaN,NaN,NaN,NaN,640.432792,398.315672
NaN,NaN,NaN,NaN,640.432792,398.315672
NaN,NaN,NaN,NaN,640.432792,398.315672
NaN,NaN,NaN,NaN,640.432792,398.315672
NaN,NaN,NaN,NaN,640.432792,398.315672
NaN,NaN,NaN,NaN,640.432792,398.315672
NaN,NaN,NaN,NaN,640.432792,398.315672
NaN,NaN,NaN,NaN,640.432792,398.315672
NaN,NaN,NaN,NaN,640.432792,398.315672
NaN,NaN,NaN,NaN,640.432792,398.315672
NaN,NaN,NaN,NaN,640.432792,398.315672
NaN,NaN,NaN,NaN,640.432792,398.315672
NaN,NaN,NaN,NaN,640.432792,398.315672
NaN,NaN,NaN,NaN,640.432792,398.315672
NaN,NaN,NaN,NaN,640.432792,398.315672
NaN,NaN,NaN,NaN,640.854895,398.315672
NaN,NaN,NaN,NaN,640.854895,398.315672
NaN,NaN,NaN,NaN,640.854895,398.315672
NaN,NaN,NaN,NaN,641.276997,398.315672
NaN,NaN,NaN,NaN,642.121203,398.315672
NaN,NaN,NaN,NaN,642.121203,398.315672
NaN,NaN,NaN,NaN,642.121203,398.315672
NaN,NaN,NaN,NaN,642.121203,398.315672
NaN,NaN,NaN,NaN,642.121203,398.315672
NaN,NaN,NaN,NaN,642.121203,398.315672
NaN,NaN,NaN,NaN,642.121203,398.315672
NaN,NaN,NaN,NaN,642.121203,398.315672
NaN,NaN,NaN,NaN,642.121203,398.315672
NaN,NaN,NaN,NaN,642.121203,398.315672
NaN,NaN,NaN,NaN,642.121203,398.315672
NaN,NaN,NaN,NaN,642.121203,398.315672
NaN,NaN,NaN,NaN,642.121203,398.315672
NaN,NaN,NaN,NaN,642.121203,398.315672
NaN,NaN,NaN,NaN,642.121203,398.315672
NaN,NaN,NaN,NaN,642.121203,398.315672
NaN,NaN,NaN,NaN,642.121203,398.315672
NaN,NaN,NaN,NaN,642.121203,398.315672
NaN,NaN,NaN,NaN,642.121203,398.315672
NaN,NaN,NaN,NaN,642.121203,398.315672
NaN,NaN,NaN,NaN,642.121203,398.315672
NaN,NaN,NaN,NaN,642.121203,398.315672
NaN,NaN,NaN,NaN,642.121203,398.315672
NaN,NaN,NaN,NaN,642.121203,398.315672
NaN,NaN,NaN,NaN,642.121203,398.315672
NaN,NaN,NaN,NaN,642.121203,398.315672
NaN,NaN,NaN,NaN,642.121203,398.315672
NaN,NaN,NaN,NaN,642.121203,398.315672
NaN,NaN,NaN,NaN,642.121203,398.315672
NaN,NaN,NaN,NaN,642.121203,398.315672
NaN,NaN,NaN,NaN,642.121203,398.315672
NaN,NaN,NaN,NaN,642.121203,398.315672
NaN,NaN,NaN,NaN,642.121203,398.315672
NaN,NaN,NaN,NaN,642.121203,398.315672
NaN,NaN,NaN,NaN,642.121203,398.315672
NaN,NaN,NaN,NaN,642.121203,398.315672
NaN,NaN,NaN,NaN,642.121203,398.315672
NaN,NaN,NaN,NaN,642.121203,398.315672
NaN,NaN,NaN,NaN,642.121203,398.315672
NaN,NaN,NaN,NaN,642.121203,398.315672
NaN,NaN,NaN,NaN,642.121203,398.315672
NaN,NaN,NaN,NaN,642.121203,398.315672
NaN,NaN,NaN,NaN,642.121203,398.315672
NaN,NaN,NaN,NaN,642.121203,398.315672
NaN,NaN,NaN,NaN,642.121203,398.315672
NaN,NaN,NaN,NaN,641.276997,398.786071
NaN,NaN,NaN,NaN,641.276997,398.786071
NaN,NaN,NaN,NaN,641.276997,398.786071
NaN,NaN,NaN,NaN,641.276997,398.786071
NaN,NaN,NaN,NaN,641.276997,398.786071
NaN,NaN,NaN,NaN,641.276997,398.786071
NaN,NaN,NaN,NaN,641.276997,398.786071
NaN,NaN,NaN,NaN,641.276997,398.786071
NaN,NaN,NaN,NaN,641.276997,398.786071
NaN,NaN,NaN,NaN,641.276997,398.786071
NaN,NaN,NaN,NaN,641.276997,398.786071
NaN,NaN,NaN,NaN,641.276997,398.786071
NaN,NaN,NaN,NaN,641.276997,398.786071
NaN,NaN,NaN,NaN,641.276997,398.786071
NaN,NaN,NaN,NaN,641.276997,398.786071
NaN,NaN,NaN,NaN,641.276997,398.786071
NaN,NaN,NaN,NaN,641.276997,398.786071
NaN,NaN,NaN,NaN,641.276997,398.786071
NaN,NaN,NaN,NaN,641.276997,398.786071
NaN,NaN,NaN,NaN,641.276997,398.786071
NaN,NaN,NaN,NaN,641.276997,398.786071
NaN,NaN,NaN,NaN,641.276997,398.786071
NaN,NaN,NaN,NaN,641.276997,398.786071
NaN,NaN,NaN,NaN,641.276997,398.786071
NaN,NaN,NaN,NaN,641.276997,398.786071
NaN,NaN,NaN,NaN,641.276997,398.786071
NaN,NaN,NaN,NaN,641.276997,398.786071
NaN,NaN,NaN,NaN,641.276997,398.786071
NaN,NaN,NaN,NaN,641.276997,398.786071
NaN,NaN,NaN,NaN,641.276997,398.786071
NaN,NaN,NaN,NaN,641.276997,398.786071
NaN,NaN,NaN,NaN,641.276997,398.786071
NaN,NaN,NaN,NaN,641.276997,398.786071
NaN,NaN,NaN,NaN,641.276997,398.786071
NaN,NaN,NaN,NaN,641.276997,398.786071
NaN,NaN,NaN,NaN,641.276997,398.786071
NaN,NaN,NaN,NaN,641.276997,398.786071
NaN,NaN,NaN,NaN,641.276997,398.786071
NaN,NaN,NaN,NaN,641.276997,398.786071
NaN,NaN,NaN,NaN,641.276997,398.786071
NaN,NaN,NaN,NaN,641.276997,398.786071
NaN,NaN,NaN,NaN,641.276997,398.786071
NaN,NaN,NaN,NaN,641.276997,398.786071
NaN,NaN,NaN,NaN,641.276997,398.786071
NaN,NaN,NaN,NaN,641.276997,398.786071
NaN,NaN,NaN,NaN,641.276997,398.786071
NaN,NaN,NaN,NaN,641.276997,398.786071
NaN,NaN,NaN,NaN,641.276997,398.786071
NaN,NaN,NaN,NaN,641.276997,398.786071
NaN,NaN,NaN,NaN,641.276997,398.786071
NaN,NaN,NaN,NaN,641.276997,398.786071
NaN,NaN,NaN,NaN,641.276997,398.786071
NaN,NaN,NaN,NaN,641.276997,398.786071
NaN,NaN,NaN,NaN,641.276997,398.786071
NaN,NaN,NaN,NaN,641.276997,398.786071
NaN,NaN,NaN,NaN,641.276997,398.786071
NaN,NaN,NaN,NaN,641.276997,398.786071
NaN,NaN,NaN,NaN,641.276997,398.786071
NaN,NaN,NaN,NaN,641.276997,398.786071
NaN,NaN,NaN,NaN,641.276997,398.786071
NaN,NaN,NaN,NaN,641.276997,398.786071
NaN,NaN,NaN,NaN,641.276997,398.786071
NaN,NaN,NaN,NaN,641.276997,398.786071
NaN,NaN,NaN,NaN,641.276997,398.786071
NaN,NaN,NaN,NaN,641.276997,398.786071
NaN,NaN,NaN,NaN,641.276997,398.786071
NaN,NaN,NaN,NaN,641.276997,398.786071
NaN,NaN,NaN,NaN,641.276997,398.786071
NaN,NaN,NaN,NaN,641.276997,398.786071
NaN,NaN,NaN,NaN,641.276997,398.786071
NaN,NaN,NaN,NaN,641.276997,398.786071
NaN,NaN,NaN,NaN,641.276997,398.786071
NaN,NaN,NaN,NaN,641.276997,398.786071
NaN,NaN,NaN,NaN,641.276997,398.786071
NaN,NaN,NaN,NaN,641.276997,398.786071
NaN,NaN,NaN,NaN,641.276997,398.786071
NaN,NaN,NaN,NaN,641.276997,398.786071
NaN,NaN,NaN,NaN,641.276997,398.786071
NaN,NaN,NaN,NaN,641.276997,398.786071
NaN,NaN,NaN,NaN,641.276997,398.786071
NaN,NaN,NaN,NaN,641.276997,398.786071
NaN,NaN,NaN,NaN,641.276997,398.786071
NaN,NaN,NaN,NaN,641.276997,398.786071
NaN,NaN,NaN,NaN,641.276997,398.786071
NaN,NaN,NaN,NaN,641.276997,398.786071
NaN,NaN,NaN,NaN,641.276997,398.786071
NaN,NaN,NaN,NaN,641.276997,398.786071
NaN,NaN,NaN,NaN,641.276997,398.786071
NaN,NaN,NaN,NaN,641.276997,398.786071
NaN,NaN,NaN,NaN,641.276997,398.786071
NaN,NaN,NaN,NaN,641.276997,398.786071
NaN,NaN,NaN,NaN,641.276997,398.786071
NaN,NaN,NaN,NaN,641.276997,398.786071
NaN,NaN,NaN,NaN,641.276997,398.786071
NaN,NaN,NaN,NaN,641.276997,398.786071
NaN,NaN,NaN,NaN,641.276997,398.786071
NaN,NaN,NaN,NaN,641.276997,398.786071
NaN,NaN,NaN,NaN,641.276997,398.786071
NaN,NaN,NaN,NaN,641.276997,398.786071
NaN,NaN,NaN,NaN,641.276997,398.786071
NaN,NaN,NaN,NaN,641.276997,398.786071
NaN,NaN,NaN,NaN,641.276997,398.786071
NaN,NaN,NaN,NaN,641.276997,398.786071
NaN,NaN,NaN,NaN,641.276997,398.786071
NaN,NaN,NaN,NaN,641.276997,398.786071
NaN,NaN,NaN,NaN,641.276997,398.786071
NaN,NaN,NaN,NaN,641.276997,398.786071
NaN,NaN,NaN,NaN,641.276997,398.786071
NaN,NaN,NaN,NaN,641.276997,398.786071
NaN,NaN,NaN,NaN,641.276997,398.786071
NaN,NaN,NaN,NaN,641.276997,398.786071
NaN,NaN,NaN,NaN,641.276997,398.786071
NaN,NaN,NaN,NaN,641.276997,398.786071
NaN,NaN,NaN,NaN,641.276997,398.786071
NaN,NaN,NaN,NaN,641.276997,398.786071
NaN,NaN,NaN,NaN,641.276997,398.786071
NaN,NaN,NaN,NaN,641.276997,398.786071
NaN,NaN,NaN,NaN,641.699100,403.019663
NaN,NaN,NaN,NaN,641.699100,403.019663
NaN,NaN,NaN,NaN,641.276997,400.197269
NaN,NaN,NaN,NaN,641.276997,400.197269
NaN,NaN,NaN,NaN,641.276997,400.197269
NaN,NaN,NaN,NaN,641.276997,400.197269
NaN,NaN,NaN,NaN,641.276997,400.197269
NaN,NaN,NaN,NaN,641.276997,400.197269
NaN,NaN,NaN,NaN,641.276997,400.197269
NaN,NaN,NaN,NaN,641.276997,400.197269
NaN,NaN,NaN,NaN,641.276997,400.197269
NaN,NaN,NaN,NaN,641.276997,400.197269
NaN,NaN,NaN,NaN,641.276997,400.197269
NaN,NaN,NaN,NaN,641.276997,400.197269
NaN,NaN,NaN,NaN,641.276997,400.197269
NaN,NaN,NaN,NaN,641.276997,400.197269
NaN,NaN,NaN,NaN,641.276997,400.197269
NaN,NaN,NaN,NaN,641.276997,401.138067
NaN,NaN,NaN,NaN,641.276997,401.138067
NaN,NaN,NaN,NaN,641.276997,401.138067
NaN,NaN,NaN,NaN,641.276997,401.138067
NaN,NaN,NaN,NaN,641.276997,401.138067
NaN,NaN,NaN,NaN,641.276997,401.608466
NaN,NaN,NaN,NaN,640.854895,402.078865
NaN,NaN,NaN,NaN,640.854895,402.078865
NaN,NaN,NaN,NaN,640.854895,402.078865
NaN,NaN,NaN,NaN,640.854895,402.078865
NaN,NaN,NaN,NaN,640.854895,402.078865
NaN,NaN,NaN,NaN,640.854895,402.078865
NaN,NaN,NaN,NaN,640.854895,402.078865
NaN,NaN,NaN,NaN,640.854895,402.078865
NaN,NaN,NaN,NaN,640.854895,402.078865
NaN,NaN,NaN,NaN,640.854895,402.078865
NaN,NaN,NaN,NaN,640.854895,402.078865
NaN,NaN,NaN,NaN,640.854895,402.078865
NaN,NaN,NaN,NaN,640.854895,402.078865
NaN,NaN,NaN,NaN,640.854895,402.078865
NaN,NaN,NaN,NaN,640.854895,402.078865
NaN,NaN,NaN,NaN,640.854895,402.078865
NaN,NaN,NaN,NaN,640.854895,402.078865
NaN,NaN,NaN,NaN,640.854895,402.078865
NaN,NaN,NaN,NaN,640.854895,402.078865
NaN,NaN,NaN,NaN,640.854895,402.078865
NaN,NaN,NaN,NaN,640.854895,402.078865
NaN,NaN,NaN,NaN,640.854895,402.078865
NaN,NaN,NaN,NaN,640.854895,402.078865
NaN,NaN,NaN,NaN,640.854895,402.078865
NaN,NaN,NaN,NaN,640.854895,402.078865
NaN,NaN,NaN,NaN,640.854895,402.078865
NaN,NaN,NaN,NaN,640.854895,402.078865
NaN,NaN,NaN,NaN,640.854895,402.078865
NaN,NaN,NaN,NaN,640.854895,402.078865
NaN,NaN,NaN,NaN,640.854895,402.078865
NaN,NaN,NaN,NaN,640.854895,402.078865
NaN,NaN,NaN,NaN,640.854895,402.078865
NaN,NaN,NaN,NaN,640.854895,402.078865
NaN,NaN,NaN,NaN,640.854895,402.078865
NaN,NaN,NaN,NaN,640.854895,402.078865
NaN,NaN,NaN,NaN,640.854895,402.078865
NaN,NaN,NaN,NaN,640.854895,402.078865
NaN,NaN,NaN,NaN,640.854895,402.078865
NaN,NaN,NaN,NaN,640.854895,402.078865
NaN,NaN,NaN,NaN,640.854895,402.078865
NaN,NaN,NaN,NaN,640.854895,402.078865
NaN,NaN,NaN,NaN,640.854895,402.078865
NaN,NaN,NaN,NaN,640.854895,402.078865
NaN,NaN,NaN,NaN,640.854895,402.078865
NaN,NaN,NaN,NaN,640.854895,402.078865
NaN,NaN,NaN,NaN,640.854895,402.078865
NaN,NaN,NaN,NaN,640.854895,402.078865
NaN,NaN,NaN,NaN,640.854895,402.078865
NaN,NaN,NaN,NaN,640.854895,402.078865
NaN,NaN,NaN,NaN,640.854895,402.078865
NaN,NaN,NaN,NaN,640.854895,402.078865
NaN,NaN,NaN,NaN,640.854895,402.078865
NaN,NaN,NaN,NaN,640.854895,402.078865
NaN,NaN,NaN,NaN,640.854895,402.078865
NaN,NaN,NaN,NaN,640.854895,402.078865
NaN,NaN,NaN,NaN,640.854895,402.078865
NaN,NaN,NaN,NaN,640.854895,402.078865
NaN,NaN,NaN,NaN,640.854895,402.078865
NaN,NaN,NaN,NaN,640.854895,402.078865
NaN,NaN,NaN,NaN,640.854895,402.078865
NaN,NaN,NaN,NaN,640.854895,402.078865
NaN,NaN,NaN,NaN,640.854895,402.078865
NaN,NaN,NaN,NaN,640.854895,402.078865
NaN,NaN,NaN,NaN,640.854895,402.078865
NaN,NaN,NaN,NaN,640.854895,402.078865
NaN,NaN,NaN,NaN,640.854895,402.078865
NaN,NaN,NaN,NaN,640.854895,402.078865
NaN,NaN,NaN,NaN,640.854895,402.078865
NaN,NaN,NaN,NaN,640.854895,402.078865
NaN,NaN,NaN,NaN,640.854895,402.078865
NaN,NaN,719.788096,271.307920,640.854895,402.078865
NaN,NaN,719.990000,270.990000,640.854895,402.078865
NaN,NaN,719.990000,270.990000,640.854895,402.078865
NaN,NaN,719.990000,270.990000,640.854895,402.078865
NaN,NaN,719.990000,270.980000,640.854895,402.078865
NaN,NaN,719.990000,270.980000,640.854895,402.078865
NaN,NaN,719.990000,270.980000,640.854895,402.078865
NaN,NaN,719.990000,270.980000,640.854895,402.078865
NaN,NaN,719.990000,270.980000,640.854895,402.078865
NaN,NaN,719.990000,270.990000,640.854895,402.078865
NaN,NaN,719.990000,270.990000,640.854895,402.078865
NaN,NaN,720.000000,270.990000,640.854895,402.078865
NaN,NaN,719.990000,270.990000,640.854895,402.078865
NaN,NaN,719.990000,270.990000,640.854895,402.078865
NaN,NaN,719.990000,270.970000,640.854895,402.078865
NaN,NaN,719.990000,270.980000,640.854895,402.078865
NaN,NaN,720.000000,270.980000,640.854895,402.078865
NaN,NaN,719.990000,270.990000,640.854895,402.078865
NaN,NaN,719.990000,270.990000,640.854895,402.078865
NaN,NaN,719.990000,270.980000,640.854895,402.078865
NaN,NaN,719.990000,270.980000,640.854895,402.078865
NaN,NaN,719.990000,270.980000,640.854895,402.078865
NaN,NaN,719.980000,270.980000,640.854895,402.078865
NaN,NaN,719.990000,270.980000,640.854895,402.078865
NaN,NaN,719.990000,270.980000,640.854895,402.078865
NaN,NaN,719.990000,270.970000,640.854895,402.078865
NaN,NaN,719.990000,270.980000,640.854895,402.078865
NaN,NaN,719.990000,270.980000,640.854895,402.078865
NaN,NaN,719.990000,270.980000,640.854895,402.078865
NaN,NaN,720.000000,270.990000,640.854895,402.078865
NaN,NaN,719.990000,270.990000,640.854895,402.078865
NaN,NaN,720.000000,270.990000,640.854895,402.078865
NaN,NaN,720.000000,270.990000,640.854895,402.078865
NaN,NaN,719.990000,270.990000,640.854895,402.078865
NaN,NaN,720.000000,271.000000,640.854895,402.078865
NaN,NaN,719.990000,270.990000,640.854895,402.078865
NaN,NaN,720.000000,271.000000,640.854895,402.078865
NaN,NaN,719.990000,270.990000,640.854895,402.078865
NaN,NaN,720.000000,270.990000,640.854895,402.078865
NaN,NaN,719.990000,270.990000,640.854895,402.078865
NaN,NaN,720.000000,270.990000,640.854895,402.078865
NaN,NaN,720.000000,270.990000,640.854895,402.078865
NaN,NaN,720.000000,270.980000,640.854895,402.078865
NaN,NaN,720.000000,270.990000,640.854895,402.078865
NaN,NaN,720.000000,270.990000,640.854895,402.078865
NaN,NaN,720.010000,270.990000,640.854895,402.078865
NaN,NaN,720.000000,271.000000,640.854895,402.078865
NaN,NaN,720.000000,270.990000,640.854895,402.078865
NaN,NaN,720.000000,270.980000,640.854895,402.078865
NaN,NaN,719.990000,270.980000,640.854895,402.078865
NaN,NaN,719.990000,270.980000,640.854895,402.078865
NaN,NaN,719.990000,270.980000,640.854895,402.078865
NaN,NaN,719.990000,270.990000,640.854895,402.078865
NaN,NaN,719.990000,270.980000,640.854895,402.078865
NaN,NaN,720.000000,270.980000,640.854895,402.078865
NaN,NaN,720.010000,270.980000,640.854895,402.078865
NaN,NaN,720.020000,270.980000,640.854895,402.078865
NaN,NaN,720.020000,270.980000,640.854895,402.078865
NaN,NaN,720.000000,270.980000,640.854895,402.078865
NaN,NaN,720.020000,270.990000,640.854895,402.078865
NaN,NaN,720.020000,270.990000,640.854895,402.078865
NaN,NaN,720.020000,271.000000,640.854895,402.078865
NaN,NaN,720.010000,270.990000,640.854895,402.078865
NaN,NaN,720.010000,270.990000,640.854895,402.078865
NaN,NaN,720.010000,270.990000,640.854895,402.078865
NaN,NaN,720.010000,270.990000,640.854895,402.078865
NaN,NaN,720.000000,270.990000,640.854895,402.078865
NaN,NaN,720.000000,270.990000,640.854895,402.078865
NaN,NaN,720.000000,270.990000,640.854895,402.078865
NaN,NaN,720.010000,270.990000,640.854895,402.078865
NaN,NaN,720.020000,270.990000,640.854895,402.078865
NaN,NaN,720.010000,270.980000,640.854895,402.078865
NaN,NaN,720.010000,270.980000,640.854895,402.078865
NaN,NaN,720.010000,270.980000,640.854895,402.078865
NaN,NaN,720.020000,270.980000,640.854895,402.078865
NaN,NaN,720.020000,270.960000,640.854895,402.078865
NaN,NaN,720.010000,270.970000,640.854895,402.078865
NaN,NaN,720.000000,270.970000,640.854895,402.078865
NaN,NaN,720.010000,270.980000,640.854895,402.078865
NaN,NaN,720.010000,270.980000,640.854895,402.078865
NaN,NaN,720.000000,270.990000,640.854895,402.078865
NaN,NaN,720.000000,270.980000,640.854895,402.078865
NaN,NaN,720.000000,270.980000,640.854895,402.078865
NaN,NaN,720.000000,270.980000,640.854895,402.078865
NaN,NaN,720.010000,270.980000,640.854895,402.078865
NaN,NaN,720.010000,270.980000,640.854895,402.078865
NaN,NaN,720.010000,270.980000,640.854895,402.078865
NaN,NaN,720.010000,270.970000,640.854895,402.078865
NaN,NaN,720.010000,270.970000,640.854895,402.078865
NaN,NaN,720.030000,270.980000,640.854895,402.078865
NaN,NaN,720.020000,270.980000,640.854895,402.078865
NaN,NaN,720.020000,270.980000,640.854895,402.078865
NaN,NaN,720.020000,270.970000,640.854895,402.078865
NaN,NaN,720.010000,270.970000,640.854895,402.078865
NaN,NaN,720.010000,270.980000,640.854895,402.078865
NaN,NaN,720.010000,270.980000,640.854895,402.078865
NaN,NaN,720.000000,270.980000,640.854895,402.078865
NaN,NaN,720.010000,270.980000,640.854895,402.078865
NaN,NaN,720.010000,270.980000,640.854895,402.078865
NaN,NaN,720.010000,270.980000,640.854895,402.078865
NaN,NaN,720.020000,270.990000,640.854895,402.078865
NaN,NaN,720.010000,270.990000,640.854895,402.078865
NaN,NaN,720.010000,270.980000,640.854895,402.078865
NaN,NaN,720.010000,270.980000,640.854895,402.078865
NaN,NaN,720.020000,270.980000,640.854895,402.078865
NaN,NaN,720.010000,270.970000,640.854895,402.078865
NaN,NaN,720.010000,270.980000,640.854895,402.078865
NaN,NaN,720.020000,270.980000,640.854895,402.078865
NaN,NaN,720.020000,270.980000,640.854895,402.078865
NaN,NaN,720.020000,270.980000,640.854895,402.078865
NaN,NaN,720.020000,270.970000,640.854895,402.078865
NaN,NaN,720.030000,270.980000,640.854895,402.078865
NaN,NaN,720.020000,270.980000,640.854895,402.078865
NaN,NaN,720.020000,270.980000,640.854895,402.078865
NaN,NaN,720.030000,270.980000,640.854895,402.078865
NaN,NaN,720.030000,270.980000,640.854895,402.078865
NaN,NaN,720.020000,270.970000,640.854895,402.078865
NaN,NaN,720.020000,270.970000,640.854895,402.078865
NaN,NaN,720.020000,270.970000,640.854895,402.078865
NaN,NaN,720.030000,270.970000,640.854895,402.078865
NaN,NaN,720.010000,270.970000,640.854895,402.078865
NaN,NaN,720.010000,270.970000,640.854895,402.078865
NaN,NaN,720.020000,270.970000,640.854895,402.078865
NaN,NaN,720.020000,270.970000,640.854895,402.078865
NaN,NaN,720.030000,270.980000,640.854895,402.078865
NaN,NaN,720.040000,270.980000,640.854895,402.078865
NaN,NaN,720.030000,270.980000,640.854895,402.078865
NaN,NaN,720.040000,270.980000,640.854895,402.078865
NaN,NaN,720.030000,270.970000,640.854895,402.078865
NaN,NaN,720.040000,270.980000,640.854895,402.078865
NaN,NaN,720.020000,270.980000,640.854895,402.078865
NaN,NaN,720.030000,270.980000,640.854895,402.078865
NaN,NaN,720.030000,270.970000,640.854895,402.078865
NaN,NaN,720.030000,270.970000,640.854895,402.078865
NaN,NaN,720.030000,270.980000,640.854895,402.078865
NaN,NaN,720.030000,270.980000,640.854895,402.078865
NaN,NaN,720.030000,270.970000,640.854895,402.078865
NaN,NaN,720.020000,270.970000,640.854895,402.078865
NaN,NaN,720.010000,270.960000,640.854895,402.078865
NaN,NaN,720.020000,270.970000,640.854895,402.078865
NaN,NaN,720.020000,270.970000,640.854895,402.078865
NaN,NaN,720.020000,270.970000,640.854895,402.078865
NaN,NaN,720.020000,270.980000,640.854895,402.078865
NaN,NaN,720.020000,270.970000,640.854895,402.078865
NaN,NaN,720.030000,270.970000,640.854895,402.078865
NaN,NaN,720.030000,270.980000,640.854895,402.078865
NaN,NaN,720.020000,270.970000,640.854895,402.078865
NaN,NaN,720.030000,270.970000,640.854895,402.078865
NaN,NaN,720.030000,270.970000,640.854895,402.078865
NaN,NaN,720.020000,270.970000,640.854895,402.078865
NaN,NaN,720.020000,270.980000,640.854895,402.078865
NaN,NaN,720.020000,270.980000,640.432792,403.490062
NaN,NaN,720.020000,270.980000,640.432792,403.490062
NaN,NaN,720.040000,270.990000,640.432792,403.490062
NaN,NaN,720.030000,270.980000,640.432792,403.960461
NaN,NaN,720.020000,270.990000,643.809613,405.842058
NaN,NaN,720.020000,270.990000,643.809613,405.842058
NaN,NaN,720.030000,270.990000,642.543305,407.253255
NaN,NaN,720.030000,271.000000,642.543305,407.253255
NaN,NaN,720.030000,270.990000,642.543305,407.253255
NaN,NaN,720.030000,270.980000,642.543305,407.253255
NaN,NaN,720.040000,270.990000,642.121203,407.253255
NaN,NaN,720.030000,270.980000,641.276997,408.194053
NaN,NaN,720.040000,270.990000,641.276997,408.194053
NaN,NaN,720.040000,271.000000,641.276997,408.194053
NaN,NaN,720.040000,271.000000,641.276997,408.664452
NaN,NaN,720.030000,270.990000,641.276997,408.664452
NaN,NaN,720.020000,270.980000,641.276997,408.664452
NaN,NaN,720.030000,270.990000,641.276997,408.664452
NaN,NaN,720.020000,270.990000,641.276997,408.664452
NaN,NaN,720.030000,270.990000,641.276997,408.664452
NaN,NaN,720.030000,270.990000,641.276997,408.664452
NaN,NaN,720.020000,270.990000,641.276997,408.664452
NaN,NaN,720.020000,270.990000,641.276997,408.664452
NaN,NaN,720.020000,270.990000,641.276997,408.664452
NaN,NaN,720.020000,270.990000,641.276997,408.664452
NaN,NaN,720.020000,270.980000,641.276997,408.664452
NaN,NaN,720.020000,270.980000,641.276997,408.664452
NaN,NaN,720.020000,270.980000,641.276997,408.664452
NaN,NaN,720.040000,270.990000,641.276997,408.664452
NaN,NaN,720.040000,270.980000,641.276997,408.664452
NaN,NaN,720.030000,270.990000,641.276997,408.664452
NaN,NaN,720.030000,270.980000,641.276997,408.664452
NaN,NaN,720.040000,270.980000,641.276997,408.664452
NaN,NaN,720.040000,270.980000,641.276997,408.664452
NaN,NaN,720.040000,270.990000,641.276997,408.664452
NaN,NaN,720.030000,270.990000,641.276997,408.664452
NaN,NaN,720.030000,270.980000,640.432792,410.075649
NaN,NaN,720.040000,270.990000,640.000000,410.040000
NaN,NaN,720.030000,270.990000,640.000000,410.020000
NaN,NaN,720.030000,270.990000,640.000000,410.020000
NaN,NaN,720.030000,270.990000,639.990000,410.020000
NaN,NaN,720.030000,270.990000,639.990000,410.030000
NaN,NaN,720.030000,270.980000,640.000000,410.040000
NaN,NaN,720.040000,271.000000,639.990000,410.050000
NaN,NaN,720.030000,271.000000,639.980000,410.050000
NaN,NaN,720.040000,271.000000,639.990000,410.050000
NaN,NaN,720.030000,271.000000,639.980000,410.070000
NaN,NaN,720.030000,271.000000,639.990000,410.070000
NaN,NaN,720.020000,271.000000,639.980000,410.080000
NaN,NaN,720.020000,271.000000,639.990000,410.080000
NaN,NaN,720.020000,270.990000,639.990000,410.080000
NaN,NaN,720.020000,270.990000,639.980000,410.080000
NaN,NaN,720.030000,270.980000,639.980000,410.080000
NaN,NaN,720.030000,271.000000,639.970000,410.080000
NaN,NaN,720.030000,270.990000,639.970000,410.080000
NaN,NaN,720.020000,271.000000,639.960000,410.080000
NaN,NaN,720.030000,271.000000,639.950000,410.090000
NaN,NaN,720.020000,270.990000,639.950000,410.080000
NaN,NaN,720.020000,270.970000,639.930000,410.100000
NaN,NaN,720.020000,270.980000,639.950000,410.100000
NaN,NaN,720.030000,270.980000,639.940000,410.100000
NaN,NaN,720.030000,270.990000,639.950000,410.100000
NaN,NaN,720.020000,270.980000,639.950000,410.100000
NaN,NaN,720.030000,270.990000,639.950000,410.100000
NaN,NaN,720.020000,270.990000,639.950000,410.110000
NaN,NaN,720.020000,271.000000,639.950000,410.110000
NaN,NaN,720.030000,270.990000,639.950000,410.110000
NaN,NaN,720.020000,270.980000,639.950000,410.110000
NaN,NaN,720.020000,270.980000,639.960000,410.110000
NaN,NaN,720.030000,270.990000,639.960000,410.120000
NaN,NaN,720.020000,270.990000,639.970000,410.110000
NaN,NaN,720.020000,270.980000,639.970000,410.120000
NaN,NaN,720.030000,270.980000,639.980000,410.110000
NaN,NaN,720.030000,270.980000,639.980000,410.110000
NaN,NaN,720.020000,270.990000,639.980000,410.110000
NaN,NaN,720.020000,270.980000,639.990000,410.100000
NaN,NaN,720.020000,270.980000,639.990000,410.100000
NaN,NaN,720.020000,270.980000,640.000000,410.100000
NaN,NaN,720.020000,270.980000,640.000000,410.100000
NaN,NaN,720.020000,270.990000,640.000000,410.110000
NaN,NaN,720.020000,270.990000,640.000000,410.100000
NaN,NaN,720.020000,270.980000,640.000000,410.100000
NaN,NaN,720.020000,270.990000,640.000000,410.100000
NaN,NaN,720.020000,270.990000,640.010000,410.090000
NaN,NaN,720.020000,270.990000,640.010000,410.080000
NaN,NaN,720.020000,270.980000,640.010000,410.080000
NaN,NaN,720.020000,270.980000,640.010000,410.080000
NaN,NaN,720.030000,270.980000,640.020000,410.080000
NaN,NaN,720.040000,270.990000,640.010000,410.070000
NaN,NaN,720.030000,270.990000,640.010000,410.070000
NaN,NaN,720.020000,270.990000,640.010000,410.070000
NaN,NaN,720.010000,270.990000,640.010000,410.060000
NaN,NaN,720.020000,270.990000,640.020000,410.060000
NaN,NaN,720.020000,270.990000,640.020000,410.060000
NaN,NaN,720.010000,270.990000,640.030000,410.060000
NaN,NaN,720.010000,270.980000,640.030000,410.060000
NaN,NaN,720.000000,270.980000,640.020000,410.060000
NaN,NaN,720.000000,270.980000,640.030000,410.060000
NaN,NaN,720.000000,270.990000,640.030000,410.050000
NaN,NaN,720.010000,270.990000,640.030000,410.050000
NaN,NaN,720.010000,270.980000,640.030000,410.050000
NaN,NaN,720.010000,270.980000,640.030000,410.060000
NaN,NaN,720.010000,270.980000,640.040000,410.050000
NaN,NaN,720.030000,270.970000,640.020000,410.060000
NaN,NaN,720.010000,270.970000,640.030000,410.060000
NaN,NaN,720.010000,270.970000,640.030000,410.060000
NaN,NaN,720.010000,270.970000,640.030000,410.060000
NaN,NaN,720.010000,270.970000,640.040000,410.060000
NaN,NaN,720.000000,270.970000,640.040000,410.060000
NaN,NaN,719.990000,270.970000,640.040000,410.060000
NaN,NaN,720.010000,270.970000,640.030000,410.050000
NaN,NaN,720.010000,270.970000,640.040000,410.050000
NaN,NaN,720.010000,270.980000,640.040000,410.050000
NaN,NaN,720.000000,270.970000,640.040000,410.050000
NaN,NaN,720.000000,270.970000,640.040000,410.050000
NaN,NaN,720.010000,270.970000,640.040000,410.050000
NaN,NaN,720.010000,270.970000,640.040000,410.050000
NaN,NaN,720.000000,270.970000,640.030000,410.060000
NaN,NaN,720.020000,270.960000,640.050000,410.050000
NaN,NaN,720.010000,270.970000,640.040000,410.050000
NaN,NaN,720.000000,270.960000,640.040000,410.050000
NaN,NaN,720.000000,270.960000,640.050000,410.050000
NaN,NaN,719.990000,270.970000,640.050000,410.050000
NaN,NaN,720.000000,270.960000,640.050000,410.050000
NaN,NaN,720.000000,270.960000,640.060000,410.050000
NaN,NaN,720.000000,270.960000,640.040000,410.050000
NaN,NaN,720.000000,270.970000,640.040000,410.040000
NaN,NaN,720.000000,270.960000,640.040000,410.040000
NaN,NaN,720.000000,270.970000,640.040000,410.040000
NaN,NaN,720.000000,270.960000,640.030000,410.050000
NaN,NaN,720.000000,270.960000,640.040000,410.040000
NaN,NaN,720.000000,270.960000,640.040000,410.040000
NaN,NaN,720.000000,270.970000,640.040000,410.040000
NaN,NaN,720.000000,270.970000,640.060000,410.040000
NaN,NaN,720.000000,270.960000,640.050000,410.040000
NaN,NaN,720.000000,270.970000,640.050000,410.040000
NaN,NaN,720.000000,270.960000,640.050000,410.030000
NaN,NaN,720.000000,270.960000,640.050000,410.030000
NaN,NaN,719.990000,270.960000,640.050000,410.030000
NaN,NaN,719.980000,270.960000,640.040000,410.040000
NaN,NaN,719.980000,270.960000,640.050000,410.030000
NaN,NaN,719.990000,270.960000,640.050000,410.030000
NaN,NaN,719.980000,270.960000,640.050000,410.030000
NaN,NaN,719.980000,270.960000,640.040000,410.030000
NaN,NaN,719.980000,270.960000,640.040000,410.030000
NaN,NaN,719.990000,270.960000,640.040000,410.030000
NaN,NaN,719.990000,270.960000,640.030000,410.030000
NaN,NaN,719.990000,270.960000,640.020000,410.030000
NaN,NaN,719.980000,270.950000,640.010000,410.050000
NaN,NaN,719.980000,270.960000,640.030000,410.040000
NaN,NaN,719.980000,270.950000,640.020000,410.040000
NaN,NaN,719.980000,270.940000,640.010000,410.050000
NaN,NaN,719.980000,270.940000,640.020000,410.050000
NaN,NaN,719.980000,270.950000,640.020000,410.050000
NaN,NaN,719.980000,270.940000,640.020000,410.040000
NaN,NaN,719.980000,270.940000,640.020000,410.050000
NaN,NaN,719.980000,270.940000,640.020000,410.040000
NaN,NaN,719.980000,270.950000,640.010000,410.040000
NaN,NaN,719.970000,270.950000,640.010000,410.040000
NaN,NaN,719.980000,270.940000,640.010000,410.040000
NaN,NaN,719.980000,270.940000,640.010000,410.040000
NaN,NaN,719.980000,270.940000,640.010000,410.030000
NaN,NaN,719.980000,270.940000,640.010000,410.040000
NaN,NaN,719.970000,270.960000,640.000000,410.040000
NaN,NaN,719.970000,270.950000,639.990000,410.030000
NaN,NaN,719.970000,270.940000,639.990000,410.030000
NaN,NaN,719.970000,270.950000,640.000000,410.030000
NaN,NaN,719.970000,270.940000,639.990000,410.030000
NaN,NaN,719.970000,270.940000,640.000000,410.030000
NaN,NaN,719.960000,270.940000,639.990000,410.020000
NaN,NaN,719.960000,270.940000,639.990000,410.020000
NaN,NaN,719.960000,270.940000,640.000000,410.020000
NaN,NaN,719.960000,270.950000,639.990000,410.030000
NaN,NaN,719.960000,270.940000,639.980000,410.030000
NaN,NaN,719.970000,270.940000,639.990000,410.020000
NaN,NaN,719.970000,270.940000,639.990000,410.020000
NaN,NaN,719.960000,270.940000,639.990000,410.020000
NaN,NaN,719.960000,270.940000,639.980000,410.020000
NaN,NaN,719.950000,270.930000,639.980000,410.030000
NaN,NaN,719.960000,270.930000,639.970000,410.020000
NaN,NaN,719.960000,270.930000,639.970000,410.020000
NaN,NaN,719.960000,270.930000,639.960000,410.010000
NaN,NaN,719.960000,270.950000,639.960000,410.020000
NaN,NaN,719.960000,270.940000,639.970000,410.010000
NaN,NaN,719.970000,270.930000,639.970000,410.010000
NaN,NaN,719.970000,270.930000,639.970000,410.010000
NaN,NaN,719.960000,270.920000,639.970000,410.010000
NaN,NaN,719.960000,270.920000,639.970000,410.020000
NaN,NaN,719.950000,270.940000,639.970000,410.010000
NaN,NaN,719.950000,270.940000,639.960000,410.010000
NaN,NaN,719.940000,270.930000,639.960000,410.010000
NaN,NaN,719.950000,270.920000,639.960000,410.010000
NaN,NaN,719.950000,270.910000,639.960000,410.010000
NaN,NaN,719.960000,270.930000,639.980000,410.010000
NaN,NaN,719.950000,270.920000,639.970000,410.010000
NaN,NaN,719.950000,270.930000,639.960000,410.010000
NaN,NaN,719.950000,270.920000,639.970000,410.010000
NaN,NaN,719.950000,270.920000,639.960000,410.010000
NaN,NaN,719.940000,270.930000,639.960000,410.010000
NaN,NaN,719.950000,270.930000,639.950000,410.010000
NaN,NaN,719.950000,270.920000,639.960000,410.010000
NaN,NaN,719.950000,270.930000,639.960000,410.010000
NaN,NaN,719.950000,270.930000,639.960000,410.000000
NaN,NaN,719.950000,270.940000,639.950000,410.000000
NaN,NaN,719.940000,270.940000,639.960000,410.000000
NaN,NaN,719.950000,270.930000,639.940000,410.000000
NaN,NaN,719.950000,270.930000,639.940000,410.000000
NaN,NaN,719.940000,270.930000,639.940000,410.000000
NaN,NaN,719.940000,270.930000,639.940000,410.000000
NaN,NaN,719.940000,270.930000,639.940000,410.000000
NaN,NaN,719.940000,270.940000,639.940000,409.990000
NaN,NaN,719.930000,270.950000,639.930000,409.990000
NaN,NaN,719.930000,270.940000,639.940000,409.990000
NaN,NaN,719.930000,270.940000,639.950000,409.990000
NaN,NaN,719.930000,270.930000,639.950000,409.990000
NaN,NaN,719.940000,270.930000,639.940000,409.980000
NaN,NaN,719.920000,270.940000,639.920000,409.990000
NaN,NaN,719.920000,270.940000,639.920000,409.980000
NaN,NaN,719.930000,270.940000,639.930000,409.980000
NaN,NaN,719.920000,270.940000,639.930000,409.980000
NaN,NaN,719.920000,270.950000,639.930000,409.980000
NaN,NaN,719.920000,270.950000,639.920000,409.980000
NaN,NaN,719.930000,270.950000,639.920000,409.980000
NaN,NaN,719.930000,270.970000,639.920000,409.980000
NaN,NaN,719.930000,270.960000,639.920000,409.980000
NaN,NaN,719.930000,270.960000,639.920000,409.980000
NaN,NaN,719.920000,270.960000,639.920000,409.980000
NaN,NaN,719.920000,270.970000,639.930000,409.980000
NaN,NaN,719.910000,270.970000,639.920000,409.980000
NaN,NaN,719.910000,270.980000,639.920000,409.980000
NaN,NaN,719.910000,270.980000,639.920000,409.980000
NaN,NaN,719.910000,270.980000,639.920000,409.980000
NaN,NaN,719.910000,270.980000,639.920000,409.970000
NaN,NaN,719.900000,271.000000,639.920000,409.980000
NaN,NaN,719.910000,271.000000,639.910000,409.980000
NaN,NaN,719.900000,271.010000,639.910000,409.970000
NaN,NaN,719.900000,271.020000,639.910000,409.970000
NaN,NaN,719.890000,271.030000,639.910000,409.960000
NaN,NaN,719.880000,271.030000,639.910000,409.990000
NaN,NaN,719.880000,271.040000,639.910000,409.980000
NaN,NaN,719.880000,271.040000,639.910000,409.980000
NaN,NaN,719.870000,271.050000,639.900000,409.970000
NaN,NaN,719.870000,271.050000,639.910000,409.970000
NaN,NaN,719.850000,271.060000,639.910000,409.970000
NaN,NaN,719.850000,271.070000,639.910000,409.970000
NaN,NaN,719.840000,271.080000,639.910000,409.970000
NaN,NaN,719.840000,271.090000,639.900000,409.970000
NaN,NaN,719.840000,271.100000,639.900000,409.970000
NaN,NaN,719.830000,271.120000,639.890000,409.970000
NaN,NaN,719.820000,271.140000,639.890000,409.970000
NaN,NaN,719.820000,271.150000,639.890000,409.980000
NaN,NaN,719.810000,271.160000,639.880000,409.970000
NaN,NaN,719.800000,271.180000,639.870000,409.970000
NaN,NaN,719.810000,271.240000,639.880000,409.970000
NaN,NaN,719.810000,271.230000,639.880000,409.960000
NaN,NaN,719.800000,271.260000,639.890000,409.960000
NaN,NaN,719.780000,271.270000,639.890000,409.960000
NaN,NaN,719.770000,271.270000,639.900000,409.950000
NaN,NaN,719.760000,271.280000,639.890000,409.960000
NaN,NaN,719.750000,271.310000,639.880000,409.960000
NaN,NaN,719.750000,271.330000,639.890000,409.950000
NaN,NaN,719.710000,271.360000,639.880000,409.960000
NaN,NaN,719.700000,271.380000,639.880000,409.960000
NaN,NaN,719.700000,271.410000,639.890000,409.950000
NaN,NaN,719.690000,271.420000,639.890000,409.960000
NaN,NaN,719.690000,271.440000,639.890000,409.950000
NaN,NaN,719.670000,271.470000,639.880000,409.960000
NaN,NaN,719.660000,271.510000,639.880000,409.960000
NaN,NaN,719.630000,271.730000,639.870000,409.960000
NaN,NaN,719.620000,271.740000,639.880000,409.960000
NaN,NaN,719.590000,271.770000,639.880000,409.960000
NaN,NaN,719.570000,271.800000,639.880000,409.970000
NaN,NaN,719.560000,271.850000,639.880000,409.970000
NaN,NaN,719.500000,271.920000,639.890000,409.960000
NaN,NaN,719.320000,271.930000,639.880000,409.960000
NaN,NaN,719.300000,271.970000,639.870000,409.960000
NaN,NaN,719.280000,272.010000,639.870000,409.960000
NaN,NaN,719.240000,272.070000,639.880000,409.960000
NaN,NaN,719.230000,272.120000,639.870000,409.960000
NaN,NaN,719.190000,272.180000,639.860000,409.960000
NaN,NaN,719.160000,272.230000,639.870000,409.960000
NaN,NaN,719.120000,272.290000,639.880000,409.960000
NaN,NaN,719.080000,272.410000,639.880000,409.950000
NaN,NaN,719.000000,272.760000,639.870000,409.970000
NaN,NaN,718.980000,272.780000,639.860000,409.960000
NaN,NaN,718.960000,272.820000,639.870000,409.950000
NaN,NaN,718.940000,272.850000,639.870000,409.940000
NaN,NaN,718.900000,272.900000,639.860000,409.950000
NaN,NaN,718.870000,272.960000,639.860000,409.940000
NaN,NaN,718.830000,273.010000,639.870000,409.940000
NaN,NaN,718.810000,273.070000,639.860000,409.940000
NaN,NaN,718.780000,273.120000,639.860000,409.940000
NaN,NaN,718.760000,273.190000,639.860000,409.950000
NaN,NaN,718.720000,273.220000,639.860000,409.940000
NaN,NaN,718.680000,273.270000,639.870000,409.940000
NaN,NaN,718.630000,273.350000,639.870000,409.950000
NaN,NaN,718.610000,273.370000,639.870000,409.960000
NaN,NaN,718.570000,273.400000,639.860000,409.950000
NaN,NaN,718.480000,273.490000,639.860000,409.950000
NaN,NaN,718.290000,273.720000,639.870000,409.950000
NaN,NaN,718.270000,273.740000,639.870000,409.950000
NaN,NaN,718.230000,273.800000,639.870000,409.950000
NaN,NaN,718.220000,273.830000,639.880000,409.950000
NaN,NaN,718.190000,273.860000,639.880000,409.950000
NaN,NaN,718.180000,273.890000,639.870000,409.960000
NaN,NaN,718.170000,273.920000,639.870000,409.950000
NaN,NaN,718.130000,273.950000,639.870000,409.950000
NaN,NaN,718.100000,274.000000,639.860000,409.950000
NaN,NaN,718.080000,274.020000,639.870000,409.960000
NaN,NaN,718.040000,274.040000,639.850000,409.970000
NaN,NaN,718.030000,274.070000,639.860000,409.970000
NaN,NaN,718.000000,274.110000,639.860000,409.960000
NaN,NaN,717.970000,274.150000,639.860000,409.960000
NaN,NaN,717.910000,274.210000,639.860000,409.980000
NaN,NaN,717.900000,274.230000,639.850000,409.970000
NaN,NaN,717.880000,274.260000,639.840000,409.980000
NaN,NaN,717.880000,274.300000,639.860000,409.980000
NaN,NaN,717.850000,274.330000,639.850000,409.980000
NaN,NaN,717.790000,274.360000,639.850000,409.980000
NaN,NaN,717.760000,274.380000,639.840000,409.970000
NaN,NaN,717.740000,274.400000,639.830000,409.970000
NaN,NaN,717.740000,274.430000,639.830000,409.970000
NaN,NaN,717.710000,274.460000,639.830000,409.970000
NaN,NaN,717.670000,274.550000,639.840000,409.970000
NaN,NaN,717.660000,274.710000,639.830000,409.970000
NaN,NaN,717.610000,274.740000,639.840000,409.970000
NaN,NaN,717.580000,274.780000,639.840000,409.970000
NaN,NaN,717.540000,274.810000,639.840000,409.980000
NaN,NaN,717.540000,274.860000,639.780000,409.990000
NaN,NaN,717.460000,274.870000,639.810000,409.980000
NaN,NaN,717.260000,274.880000,639.820000,409.970000
NaN,NaN,717.220000,274.910000,639.830000,409.980000
NaN,NaN,717.190000,274.940000,639.820000,409.980000
NaN,NaN,717.160000,274.970000,639.820000,409.970000
NaN,NaN,717.140000,274.990000,639.820000,409.970000
NaN,NaN,717.120000,275.030000,639.810000,409.960000
NaN,NaN,717.090000,275.060000,639.800000,409.970000
NaN,NaN,717.070000,275.080000,639.800000,409.970000
NaN,NaN,717.070000,275.120000,639.800000,409.970000
NaN,NaN,717.040000,275.140000,639.800000,409.970000
NaN,NaN,717.030000,275.180000,639.790000,409.970000
NaN,NaN,716.990000,275.220000,639.810000,409.970000
NaN,NaN,716.960000,275.250000,639.790000,409.970000
NaN,NaN,716.940000,275.310000,639.780000,409.970000
NaN,NaN,716.930000,275.320000,639.790000,409.970000
NaN,NaN,716.900000,275.360000,639.780000,409.970000
NaN,NaN,716.880000,275.400000,639.790000,409.980000
NaN,NaN,716.880000,275.440000,639.800000,409.980000
NaN,NaN,716.850000,275.530000,639.800000,409.980000
NaN,NaN,716.830000,275.740000,639.790000,409.980000
NaN,NaN,716.830000,275.780000,639.790000,409.980000
NaN,NaN,716.790000,275.820000,639.800000,409.980000
NaN,NaN,716.760000,275.850000,639.780000,409.980000
NaN,NaN,716.730000,275.870000,639.790000,409.990000
NaN,NaN,716.690000,275.930000,639.790000,409.990000
NaN,NaN,716.690000,275.960000,639.790000,409.990000
NaN,NaN,716.670000,276.000000,639.780000,409.990000
NaN,NaN,716.610000,276.050000,639.780000,409.990000
NaN,NaN,716.540000,276.120000,639.790000,409.990000
NaN,NaN,716.340000,276.120000,639.780000,409.980000
NaN,NaN,716.320000,276.130000,639.780000,409.990000
NaN,NaN,716.310000,276.200000,639.790000,409.980000
NaN,NaN,716.250000,276.300000,639.800000,409.990000
NaN,NaN,716.250000,276.320000,639.790000,409.980000
NaN,NaN,716.220000,276.410000,639.770000,409.990000
NaN,NaN,716.220000,276.480000,639.770000,409.980000
NaN,NaN,716.210000,276.740000,639.760000,409.990000
NaN,NaN,716.190000,276.770000,639.750000,409.990000
NaN,NaN,716.170000,276.830000,639.760000,409.990000
NaN,NaN,716.160000,276.860000,639.770000,409.970000
NaN,NaN,716.130000,276.920000,639.770000,409.960000
NaN,NaN,716.110000,276.970000,639.780000,409.950000
NaN,NaN,716.080000,277.000000,639.760000,409.950000
NaN,NaN,716.040000,277.070000,639.740000,409.930000
NaN,NaN,716.000000,277.120000,639.750000,409.930000
NaN,NaN,716.020000,277.160000,639.760000,409.940000
NaN,NaN,716.000000,277.190000,639.770000,409.930000
NaN,NaN,715.980000,277.250000,639.760000,409.940000
NaN,NaN,715.940000,277.350000,639.750000,409.930000
NaN,NaN,715.930000,277.430000,639.760000,409.930000
NaN,NaN,715.900000,277.790000,639.730000,409.930000
NaN,NaN,715.870000,277.850000,639.720000,409.940000
NaN,NaN,715.820000,277.910000,639.730000,409.940000
NaN,NaN,715.800000,277.970000,639.720000,409.950000
NaN,NaN,715.770000,278.030000,639.730000,409.950000
NaN,NaN,715.750000,278.080000,639.730000,409.940000
NaN,NaN,715.740000,278.160000,639.720000,409.940000
NaN,NaN,715.740000,278.210000,639.730000,409.930000
NaN,NaN,715.680000,278.280000,639.710000,409.930000
NaN,NaN,715.660000,278.330000,639.720000,409.930000
NaN,NaN,715.650000,278.410000,639.720000,409.930000
NaN,NaN,715.650000,278.460000,639.720000,409.950000
NaN,NaN,715.630000,278.770000,639.740000,409.960000
NaN,NaN,715.570000,278.830000,637.900176,412.898044
NaN,NaN,715.570000,278.880000,637.960000,413.100000
NaN,NaN,715.510000,278.940000,638.010000,413.140000
NaN,NaN,715.320000,278.980000,638.010000,413.020000
NaN,NaN,715.290000,279.050000,638.010000,413.020000
NaN,NaN,715.250000,279.110000,638.000000,413.020000
NaN,NaN,715.230000,279.150000,638.010000,413.030000
NaN,NaN,715.200000,279.200000,638.010000,413.030000
NaN,NaN,715.180000,279.260000,638.000000,413.030000
NaN,NaN,715.160000,279.330000,638.000000,413.040000
NaN,NaN,715.130000,279.430000,638.010000,413.050000
NaN,NaN,715.120000,279.710000,638.010000,413.050000
NaN,NaN,715.110000,279.760000,638.010000,413.050000
NaN,NaN,715.090000,279.830000,638.010000,413.060000
NaN,NaN,715.050000,279.910000,638.000000,413.060000
NaN,NaN,715.050000,279.960000,638.000000,413.060000
NaN,NaN,715.000000,280.020000,638.000000,413.070000
NaN,NaN,714.980000,280.060000,638.000000,413.080000
NaN,NaN,714.950000,280.120000,638.000000,413.090000
NaN,NaN,714.940000,280.150000,638.000000,413.090000
NaN,NaN,714.940000,280.220000,638.000000,413.090000
NaN,NaN,714.920000,280.270000,638.000000,413.100000
NaN,NaN,714.840000,280.360000,638.000000,413.100000
NaN,NaN,714.850000,280.420000,638.000000,413.100000
NaN,NaN,714.800000,280.540000,638.000000,413.100000
NaN,NaN,714.770000,280.820000,637.990000,413.120000
NaN,NaN,714.730000,280.860000,637.990000,413.110000
NaN,NaN,714.700000,280.940000,637.990000,413.120000
NaN,NaN,714.690000,280.990000,637.990000,413.120000
NaN,NaN,714.680000,281.040000,637.990000,413.120000
NaN,NaN,714.630000,281.100000,637.990000,413.120000
NaN,NaN,714.600000,281.130000,637.990000,413.130000
NaN,NaN,714.570000,281.190000,637.990000,413.130000
NaN,NaN,714.480000,281.270000,637.980000,413.130000
NaN,NaN,714.280000,281.340000,637.980000,413.130000
NaN,NaN,714.240000,281.420000,637.980000,413.130000
NaN,NaN,714.230000,281.470000,637.980000,413.130000
NaN,NaN,714.210000,281.780000,637.980000,413.140000
NaN,NaN,714.200000,281.830000,637.970000,413.140000
NaN,NaN,714.130000,281.910000,637.970000,413.140000
NaN,NaN,714.130000,281.980000,637.950000,413.150000
NaN,NaN,714.110000,282.020000,637.960000,413.140000
NaN,NaN,714.060000,282.060000,637.960000,413.140000
NaN,NaN,714.050000,282.130000,637.960000,413.140000
NaN,NaN,713.980000,282.210000,637.950000,413.140000
NaN,NaN,713.980000,282.250000,637.950000,413.150000
NaN,NaN,713.950000,282.350000,637.960000,413.140000
NaN,NaN,713.920000,282.400000,637.960000,413.150000
NaN,NaN,713.890000,282.550000,637.940000,413.140000
NaN,NaN,713.850000,282.790000,637.940000,413.130000
NaN,NaN,713.790000,282.860000,637.930000,413.130000
NaN,NaN,713.750000,282.910000,637.930000,413.130000
NaN,NaN,713.690000,282.990000,637.930000,413.130000
NaN,NaN,713.650000,283.050000,637.920000,413.130000
NaN,NaN,713.620000,283.110000,637.930000,413.130000
NaN,NaN,713.520000,283.200000,637.930000,413.130000
NaN,NaN,713.320000,283.230000,637.920000,413.120000
NaN,NaN,713.280000,283.290000,637.920000,413.110000
NaN,NaN,713.230000,283.360000,637.920000,413.120000
NaN,NaN,713.210000,283.510000,637.930000,413.120000
NaN,NaN,713.160000,283.780000,637.930000,413.110000
NaN,NaN,713.140000,283.840000,637.920000,413.110000
NaN,NaN,713.110000,283.910000,637.910000,413.110000
NaN,NaN,713.060000,283.970000,637.910000,413.110000
NaN,NaN,713.030000,284.030000,637.920000,413.110000
NaN,NaN,713.020000,284.090000,637.910000,413.110000
NaN,NaN,712.980000,284.150000,637.920000,413.110000
NaN,NaN,712.930000,284.190000,637.920000,413.100000
NaN,NaN,712.860000,284.310000,637.920000,413.090000
NaN,NaN,712.850000,284.400000,637.910000,413.090000
NaN,NaN,712.800000,284.530000,637.890000,413.090000
NaN,NaN,712.790000,284.770000,637.880000,413.070000
NaN,NaN,712.770000,284.830000,637.880000,413.070000
NaN,NaN,712.690000,284.920000,637.880000,413.060000
NaN,NaN,712.660000,284.970000,637.880000,413.060000
NaN,NaN,712.650000,285.010000,637.880000,413.060000
NaN,NaN,712.570000,285.090000,637.890000,413.060000
NaN,NaN,712.460000,285.190000,637.890000,413.060000
NaN,NaN,712.260000,285.230000,637.880000,413.070000
NaN,NaN,712.190000,285.370000,637.890000,413.060000
NaN,NaN,712.180000,285.460000,637.890000,413.060000
NaN,NaN,712.140000,285.680000,637.880000,413.060000
NaN,NaN,712.110000,285.760000,637.890000,413.060000
NaN,NaN,712.060000,285.840000,637.880000,413.050000
NaN,NaN,712.040000,285.930000,637.880000,413.050000
NaN,NaN,711.950000,286.050000,637.880000,413.050000
NaN,NaN,711.930000,286.090000,637.880000,413.040000
NaN,NaN,711.870000,286.160000,637.890000,413.050000
NaN,NaN,711.860000,286.230000,637.870000,413.050000
NaN,NaN,711.790000,286.330000,637.850000,413.050000
NaN,NaN,711.760000,286.420000,637.860000,413.050000
NaN,NaN,711.740000,286.660000,637.870000,413.050000
NaN,NaN,711.660000,286.780000,637.860000,413.050000
NaN,NaN,711.600000,286.870000,637.860000,413.050000
NaN,NaN,711.570000,286.930000,637.860000,413.050000
NaN,NaN,711.480000,287.020000,637.860000,413.050000
NaN,NaN,711.230000,287.060000,637.850000,413.050000
NaN,NaN,711.150000,287.150000,637.850000,413.050000
NaN,NaN,711.130000,287.210000,637.850000,413.050000
NaN,NaN,711.050000,287.330000,637.860000,413.050000
NaN,NaN,711.010000,287.450000,637.850000,413.090000
NaN,NaN,711.030000,287.690000,637.850000,413.080000
NaN,NaN,710.970000,287.790000,637.850000,413.070000
NaN,NaN,710.940000,287.860000,637.860000,413.070000
NaN,NaN,710.900000,287.930000,637.860000,413.080000
NaN,NaN,710.880000,287.990000,637.860000,413.090000
NaN,NaN,710.810000,288.080000,637.860000,413.100000
NaN,NaN,710.780000,288.140000,637.860000,413.110000
NaN,NaN,710.730000,288.220000,637.840000,413.110000
NaN,NaN,710.690000,288.310000,637.840000,413.120000
NaN,NaN,710.630000,288.380000,637.830000,413.120000
NaN,NaN,710.580000,288.530000,637.840000,413.110000
NaN,NaN,710.540000,288.790000,637.830000,413.110000
NaN,NaN,710.260000,288.810000,637.840000,413.120000
NaN,NaN,710.200000,288.890000,637.840000,413.120000
NaN,NaN,710.150000,289.000000,637.820000,413.120000
NaN,NaN,710.120000,289.050000,637.810000,413.110000
NaN,NaN,710.080000,289.100000,637.820000,413.100000
NaN,NaN,710.050000,289.180000,637.820000,413.100000
NaN,NaN,710.010000,289.280000,637.820000,413.100000
NaN,NaN,709.940000,289.370000,637.820000,413.110000
NaN,NaN,709.900000,289.490000,637.820000,413.120000
NaN,NaN,709.880000,289.790000,637.810000,413.120000
NaN,NaN,709.840000,289.860000,637.810000,413.100000
NaN,NaN,709.750000,289.940000,637.800000,413.100000
NaN,NaN,709.730000,290.020000,637.810000,413.110000
NaN,NaN,709.660000,290.070000,637.810000,413.100000
NaN,NaN,709.590000,290.180000,637.800000,413.100000
NaN,NaN,709.520000,290.250000,637.800000,413.110000
NaN,NaN,709.240000,290.290000,637.800000,413.090000
NaN,NaN,709.190000,290.470000,637.820000,413.090000
NaN,NaN,709.200000,290.750000,637.820000,413.090000
NaN,NaN,709.170000,290.790000,637.810000,413.090000
NaN,NaN,709.100000,290.890000,637.800000,413.090000
NaN,NaN,709.050000,290.970000,637.810000,413.090000
NaN,NaN,709.030000,291.020000,637.820000,413.090000
NaN,NaN,708.980000,291.090000,637.820000,413.090000
NaN,NaN,708.960000,291.150000,637.820000,413.080000
NaN,NaN,708.900000,291.230000,637.820000,413.080000
NaN,NaN,708.860000,291.320000,637.820000,413.080000
NaN,NaN,708.800000,291.390000,637.820000,413.090000
NaN,NaN,708.750000,291.530000,637.840000,413.080000
NaN,NaN,708.670000,291.860000,637.830000,413.090000
NaN,NaN,708.630000,291.940000,637.840000,413.080000
NaN,NaN,708.620000,292.020000,637.840000,413.080000
NaN,NaN,708.450000,292.150000,637.850000,413.100000
NaN,NaN,708.220000,292.190000,637.850000,413.090000
NaN,NaN,708.170000,292.260000,637.850000,413.080000
NaN,NaN,708.130000,292.390000,637.850000,413.080000
NaN,NaN,708.100000,292.730000,637.860000,413.070000
NaN,NaN,708.050000,292.820000,637.870000,413.070000
NaN,NaN,707.990000,292.900000,637.870000,413.070000
NaN,NaN,707.960000,292.970000,637.870000,413.070000
NaN,NaN,707.920000,293.040000,637.870000,413.070000
NaN,NaN,707.840000,293.150000,637.880000,413.070000
NaN,NaN,707.790000,293.230000,637.880000,413.080000
NaN,NaN,707.690000,293.330000,637.880000,413.080000
NaN,NaN,707.610000,293.460000,637.880000,413.070000
NaN,NaN,707.570000,293.760000,637.880000,413.070000
NaN,NaN,707.450000,293.850000,637.890000,413.070000
NaN,NaN,707.170000,293.960000,637.880000,413.060000
NaN,NaN,707.150000,294.030000,637.870000,413.060000
NaN,NaN,707.080000,294.080000,637.870000,413.080000
NaN,NaN,707.000000,294.170000,637.880000,413.060000
NaN,NaN,706.940000,294.310000,637.880000,413.060000
NaN,NaN,706.850000,294.430000,637.880000,413.060000
NaN,NaN,706.810000,294.680000,637.880000,413.050000
NaN,NaN,706.730000,294.800000,637.890000,413.050000
NaN,NaN,706.640000,294.920000,637.890000,413.050000
NaN,NaN,706.520000,295.030000,637.890000,413.060000
NaN,NaN,706.230000,295.060000,637.890000,413.050000
NaN,NaN,706.170000,295.180000,637.900000,413.050000
NaN,NaN,706.120000,295.290000,637.900000,413.050000
NaN,NaN,706.050000,295.440000,637.900000,413.050000
NaN,NaN,706.020000,295.720000,637.910000,413.050000
NaN,NaN,705.940000,295.860000,637.920000,413.040000
NaN,NaN,705.870000,295.920000,637.910000,413.040000
NaN,NaN,705.770000,296.010000,637.890000,413.040000
NaN,NaN,705.710000,296.090000,637.890000,413.040000
NaN,NaN,705.610000,296.170000,637.900000,413.040000
NaN,NaN,705.460000,296.240000,637.900000,413.050000
NaN,NaN,705.220000,296.340000,637.890000,413.050000
NaN,NaN,705.120000,296.460000,637.900000,413.040000
NaN,NaN,705.090000,296.810000,637.900000,413.050000
NaN,NaN,704.990000,296.890000,637.900000,413.040000
NaN,NaN,704.850000,297.000000,637.900000,413.040000
NaN,NaN,704.730000,297.120000,637.900000,413.030000
NaN,NaN,704.650000,297.230000,637.890000,413.040000
NaN,NaN,704.490000,297.350000,637.900000,413.030000
NaN,NaN,704.180000,297.490000,637.900000,413.030000
NaN,NaN,704.060000,297.880000,637.880000,413.020000
NaN,NaN,704.000000,297.960000,637.890000,413.020000
NaN,NaN,703.920000,298.070000,637.890000,413.020000
NaN,NaN,703.740000,298.180000,637.890000,413.020000
NaN,NaN,703.640000,298.330000,637.880000,413.020000
NaN,NaN,703.460000,298.490000,637.890000,413.030000
NaN,NaN,703.220000,298.830000,637.890000,413.020000
NaN,NaN,703.070000,298.910000,637.900000,413.030000
NaN,NaN,702.990000,299.020000,637.900000,413.030000
NaN,NaN,702.930000,299.160000,637.900000,413.030000
NaN,NaN,702.790000,299.280000,637.900000,413.020000
NaN,NaN,702.660000,299.440000,637.890000,413.030000
NaN,NaN,702.560000,299.840000,637.880000,413.030000
NaN,NaN,702.230000,299.950000,637.890000,413.030000
NaN,NaN,702.130000,300.080000,637.890000,413.030000
NaN,NaN,702.040000,300.210000,637.910000,413.030000
NaN,NaN,701.920000,300.330000,637.910000,413.020000
NaN,NaN,701.850000,300.510000,637.910000,413.020000
NaN,NaN,701.740000,300.890000,637.910000,413.020000
NaN,NaN,701.610000,301.060000,637.910000,413.020000
NaN,NaN,701.270000,301.200000,637.910000,413.030000
NaN,NaN,701.170000,301.330000,637.910000,413.040000
NaN,NaN,701.070000,301.540000,637.910000,413.030000
NaN,NaN,700.940000,301.920000,637.910000,413.030000
NaN,NaN,700.830000,302.040000,637.910000,413.030000
NaN,NaN,700.760000,302.200000,637.910000,413.030000
NaN,NaN,700.610000,302.360000,637.900000,413.030000
NaN,NaN,700.250000,302.740000,637.910000,413.020000
NaN,NaN,700.130000,302.870000,637.910000,413.020000
NaN,NaN,700.010000,303.030000,637.910000,413.020000
NaN,NaN,699.900000,303.260000,637.910000,413.000000
NaN,NaN,699.750000,303.430000,637.920000,413.010000
NaN,NaN,699.610000,303.910000,637.910000,413.010000
NaN,NaN,699.140000,304.090000,637.900000,413.010000
NaN,NaN,699.030000,304.310000,637.910000,413.010000
NaN,NaN,698.890000,304.730000,637.910000,413.000000
NaN,NaN,698.740000,304.950000,637.920000,413.000000
NaN,NaN,698.620000,305.140000,637.920000,413.010000
NaN,NaN,698.230000,305.250000,637.920000,413.000000
NaN,NaN,698.100000,305.450000,637.920000,413.010000
NaN,NaN,698.050000,305.810000,637.910000,413.000000
NaN,NaN,697.980000,305.970000,637.910000,413.000000
NaN,NaN,697.850000,306.140000,637.910000,413.000000
NaN,NaN,697.710000,306.390000,637.900000,413.000000
NaN,NaN,697.640000,306.930000,637.910000,413.000000
NaN,NaN,697.550000,307.100000,637.890000,413.020000
NaN,NaN,697.020000,307.280000,637.900000,413.010000
NaN,NaN,696.930000,307.610000,637.900000,413.000000
NaN,NaN,696.840000,308.050000,637.890000,413.000000
NaN,NaN,696.750000,308.290000,637.890000,413.010000
NaN,NaN,696.730000,308.800000,637.880000,413.000000
NaN,NaN,696.640000,309.030000,637.880000,413.000000
NaN,NaN,696.510000,309.210000,637.870000,413.000000
NaN,NaN,695.940000,309.390000,637.870000,413.000000
NaN,NaN,695.590000,309.750000,637.870000,412.990000
NaN,NaN,695.370000,309.900000,637.860000,412.990000
NaN,NaN,695.170000,310.180000,637.850000,412.990000
NaN,NaN,695.000000,310.430000,637.850000,412.990000
NaN,NaN,694.930000,310.960000,637.850000,412.980000
NaN,NaN,694.800000,311.240000,637.860000,412.990000
NaN,NaN,694.830000,311.890000,637.840000,412.990000
NaN,NaN,694.650000,312.130000,637.840000,412.980000
NaN,NaN,694.580000,312.430000,637.850000,412.980000
NaN,NaN,693.910000,312.830000,637.840000,412.970000
NaN,NaN,693.330000,312.860000,637.830000,412.970000
NaN,NaN,693.180000,313.060000,637.830000,412.990000
NaN,NaN,693.050000,313.330000,637.830000,412.980000
NaN,NaN,693.010000,313.920000,637.820000,412.980000
NaN,NaN,692.890000,314.200000,637.810000,412.980000
NaN,NaN,692.920000,314.880000,637.820000,412.980000
NaN,NaN,692.770000,315.110000,637.820000,412.980000
NaN,NaN,692.660000,315.410000,637.810000,412.980000
NaN,NaN,692.520000,315.970000,637.810000,412.980000
NaN,NaN,691.910000,316.130000,637.810000,412.980000
NaN,NaN,691.230000,316.260000,637.810000,412.980000
NaN,NaN,691.070000,316.620000,637.790000,412.990000
NaN,NaN,691.010000,317.050000,637.800000,412.980000
NaN,NaN,690.940000,317.330000,637.800000,412.980000
NaN,NaN,690.860000,317.860000,637.810000,412.980000
NaN,NaN,690.750000,318.180000,637.810000,412.990000
NaN,NaN,690.670000,318.770000,637.810000,412.990000
NaN,NaN,690.480000,319.010000,637.800000,412.990000
NaN,NaN,689.850000,319.190000,637.800000,412.990000
NaN,NaN,689.270000,319.450000,637.810000,412.990000
NaN,NaN,689.120000,320.060000,637.800000,412.980000
NaN,NaN,689.020000,320.760000,637.800000,412.990000
NaN,NaN,688.920000,321.120000,637.800000,412.980000
NaN,NaN,688.880000,321.800000,637.800000,412.990000
NaN,NaN,688.800000,322.030000,637.810000,412.990000
NaN,NaN,688.630000,322.270000,637.820000,412.980000
NaN,NaN,688.050000,322.820000,637.810000,412.970000
NaN,NaN,687.930000,323.050000,637.820000,412.980000
NaN,NaN,687.840000,323.330000,637.810000,412.980000
NaN,NaN,687.660000,323.960000,637.820000,412.970000
NaN,NaN,687.090000,324.550000,637.820000,412.980000
NaN,NaN,686.960000,324.900000,637.820000,412.980000
NaN,NaN,686.810000,325.240000,637.820000,412.980000
NaN,NaN,686.640000,325.980000,637.830000,412.980000
NaN,NaN,686.110000,326.610000,637.830000,412.980000
NaN,NaN,685.980000,326.950000,637.820000,412.970000
NaN,NaN,685.860000,327.240000,637.830000,412.970000
NaN,NaN,685.650000,327.820000,637.820000,412.970000
NaN,NaN,685.180000,328.110000,637.810000,412.980000
NaN,NaN,685.020000,328.450000,637.810000,412.970000
NaN,NaN,684.820000,329.040000,637.820000,412.970000
NaN,NaN,684.600000,329.750000,637.810000,412.960000
NaN,NaN,684.120000,330.110000,637.810000,412.940000
NaN,NaN,683.910000,330.900000,637.820000,412.950000
NaN,NaN,683.680000,331.580000,637.820000,412.950000
NaN,NaN,683.230000,331.850000,637.830000,412.950000
NaN,NaN,683.110000,332.090000,637.830000,412.950000
NaN,NaN,683.010000,332.350000,637.830000,412.950000
NaN,NaN,682.870000,333.000000,637.820000,412.950000
NaN,NaN,682.750000,333.810000,637.830000,412.950000
NaN,NaN,682.570000,334.550000,637.840000,412.940000
NaN,NaN,682.200000,334.870000,637.840000,412.950000
NaN,NaN,682.000000,335.120000,637.840000,412.950000
NaN,NaN,681.800000,335.520000,637.840000,412.960000
NaN,NaN,681.620000,336.140000,637.830000,412.950000
NaN,NaN,681.260000,336.830000,637.840000,412.950000
NaN,NaN,681.070000,337.060000,637.830000,412.960000
NaN,NaN,680.930000,337.290000,637.840000,412.960000
683.487266,341.867782,680.780000,337.990000,637.840000,412.960000
680.954649,345.160576,680.400000,338.780000,637.840000,412.960000
680.110444,347.512571,680.170000,339.070000,637.840000,412.960000
679.266239,350.805365,680.140000,339.040000,637.840000,412.960000
677.577828,349.394168,680.030000,339.210000,637.850000,412.960000
675.045212,350.334966,680.010000,339.510000,637.840000,412.960000
674.201007,352.216562,680.000000,340.290000,637.850000,412.960000
675.045212,356.920553,679.930000,341.250000,637.850000,412.960000
675.045212,354.568558,679.920000,341.870000,637.840000,412.960000
673.356801,358.802149,679.690000,342.420000,637.850000,412.960000
670.824185,362.094943,679.266239,342.808581,637.850000,412.960000
668.291569,366.798934,679.266239,342.808581,637.860000,412.960000
665.758953,373.854920,679.266239,342.808581,637.850000,412.970000
660.693721,375.736516,679.266239,342.808581,640.432792,414.779640
656.894797,381.851704,679.266239,342.808581,640.432792,414.779640
653.940078,387.026094,679.266239,342.808581,640.432792,414.779640
650.563256,391.259686,679.266239,343.749379,640.432792,414.779640
647.186435,395.022879,679.266239,343.749379,640.432792,414.779640
645.498024,398.315672,679.266239,345.630975,640.432792,414.779640
643.809613,401.138067,679.266239,345.630975,640.432792,414.779640
642.121203,403.960461,679.266239,345.630975,640.432792,414.779640
640.854895,404.430860,678.844136,347.982971,640.432792,414.779640
639.166484,407.723654,678.844136,348.453370,640.432792,414.779640
637.478073,409.605250,678.844136,348.453370,640.432792,414.779640
637.055971,410.075649,678.422033,349.394168,640.432792,414.779640
637.900176,410.075649,677.999931,350.334966,640.432792,414.779640
636.211765,411.486847,677.577828,351.746163,640.432792,414.779640
636.211765,411.486847,677.577828,351.746163,640.432792,418.072434
636.211765,411.486847,677.577828,351.746163,640.432792,418.072434
636.211765,411.486847,677.577828,351.746163,640.432792,418.072434
636.633868,411.016447,677.577828,351.746163,640.010689,419.954030
636.633868,411.016447,677.577828,351.746163,640.010689,419.954030
636.633868,411.016447,677.577828,351.746163,640.010689,421.365227
639.166484,409.134851,677.577828,352.216562,640.010689,421.365227
639.166484,409.134851,677.577828,352.216562,640.010689,421.365227
639.166484,409.134851,677.577828,353.627760,640.010689,421.365227
639.588587,407.253255,677.577828,353.627760,640.010689,421.365227
640.432792,406.782856,677.577828,354.098159,640.010689,421.365227
640.854895,405.371658,677.577828,355.038957,640.010689,421.365227
642.121203,403.960461,677.577828,355.509356,640.010689,419.954030
642.121203,403.960461,677.577828,355.509356,641.276997,417.131635
642.121203,403.960461,677.577828,355.509356,641.699100,416.190837
642.121203,403.960461,677.577828,355.509356,642.121203,415.720438
643.387511,403.490062,677.155725,355.979755,642.965408,415.720438
643.387511,403.490062,677.155725,355.979755,642.965408,415.720438
643.387511,403.490062,676.733623,357.390952,644.231716,415.250039
643.387511,403.490062,676.311520,358.331750,644.231716,415.250039
645.075921,402.078865,676.311520,358.331750,644.231716,415.250039
645.075921,402.078865,676.311520,358.331750,644.231716,415.250039
644.231716,403.019663,675.889417,358.802149,644.653819,415.250039
643.809613,403.019663,675.467315,358.802149,645.075921,415.250039
643.387511,403.960461,675.467315,359.272548,645.075921,415.250039
642.543305,405.842058,675.467315,359.272548,645.075921,415.250039
642.543305,405.842058,675.467315,359.272548,646.764332,415.250039
642.543305,405.842058,675.045212,359.272548,648.030640,414.309241
641.276997,406.782856,673.778904,360.683746,648.452743,414.309241
641.276997,406.782856,673.778904,360.683746,649.719051,415.720438
640.432792,407.253255,673.778904,360.683746,649.719051,415.720438
640.432792,407.253255,673.778904,360.683746,649.719051,415.720438
640.432792,407.253255,673.778904,360.683746,649.719051,415.720438
640.432792,407.253255,673.778904,360.683746,650.141154,416.190837
640.432792,407.253255,673.778904,360.683746,650.141154,416.190837
640.432792,407.253255,673.778904,360.683746,650.563256,417.131635
640.432792,407.253255,673.778904,360.683746,650.563256,417.602035
640.432792,407.253255,673.778904,360.683746,650.563256,417.602035
640.432792,407.253255,673.778904,360.683746,650.563256,417.602035
640.432792,407.253255,673.356801,361.624544,650.563256,417.602035
640.432792,407.253255,673.356801,361.624544,650.563256,417.602035
640.432792,407.253255,673.356801,363.035741,650.985359,417.602035
640.432792,405.842058,673.356801,363.035741,650.985359,417.602035
640.432792,405.842058,673.356801,363.035741,650.985359,417.602035
640.432792,405.842058,673.356801,363.035741,650.985359,417.131635
640.432792,404.430860,673.356801,363.035741,650.985359,414.779640
640.432792,403.960461,673.356801,363.035741,650.985359,414.779640
640.010689,403.490062,673.356801,363.035741,650.985359,414.309241
640.010689,403.490062,673.356801,363.035741,650.563256,412.427645
639.588587,403.019663,673.356801,363.035741,650.563256,412.427645
639.588587,403.019663,673.356801,363.506140,650.563256,412.427645
639.588587,402.078865,673.356801,363.506140,650.563256,412.427645
640.010689,402.078865,672.934698,363.976539,649.719051,416.661236
640.010689,402.078865,672.934698,363.976539,649.719051,416.661236
640.010689,402.078865,672.934698,363.976539,649.719051,416.661236
640.010689,402.078865,672.934698,363.976539,649.719051,416.190837
640.432792,400.667668,672.934698,363.976539,649.719051,416.190837
640.432792,400.667668,672.934698,363.976539,649.719051,416.190837
641.276997,400.197269,672.934698,363.976539,649.719051,415.720438
642.121203,399.726869,672.934698,363.976539,649.719051,415.250039
642.543305,399.726869,672.934698,363.976539,649.296948,414.779640
642.543305,399.726869,672.934698,363.976539,649.296948,414.779640
642.543305,399.726869,672.934698,363.976539,649.296948,414.779640
642.543305,399.726869,672.934698,363.976539,649.296948,413.838842
642.965408,399.256470,672.934698,363.976539,649.296948,413.838842
642.965408,398.786071,672.934698,363.976539,649.296948,413.838842
643.387511,397.845273,672.934698,363.976539,649.296948,413.368443
643.387511,397.845273,672.934698,363.976539,649.296948,413.368443
644.231716,396.904475,672.934698,363.976539,650.985359,413.368443
644.231716,396.434076,672.934698,363.976539,651.407462,412.898044
644.231716,396.434076,672.934698,363.976539,652.251667,412.427645
645.075921,395.963677,672.934698,363.976539,653.940078,411.016447
646.342230,395.022879,672.934698,363.976539,655.206386,410.075649
646.764332,394.552480,672.934698,363.976539,655.206386,410.075649
647.186435,394.552480,672.934698,363.976539,656.050591,408.664452
647.186435,394.082081,672.934698,363.976539,656.050591,408.664452
647.186435,394.082081,672.934698,363.976539,656.050591,408.664452
647.608538,394.082081,672.934698,363.976539,656.472694,407.723654
647.608538,393.611681,672.934698,363.976539,656.472694,407.253255
647.608538,393.611681,672.934698,363.976539,656.472694,406.782856
647.608538,393.611681,672.934698,363.976539,657.316899,406.312457
647.608538,393.611681,672.934698,363.976539,657.739002,404.901259
648.874846,392.200484,672.934698,363.976539,657.739002,404.430860
649.296948,391.730085,672.934698,363.976539,657.739002,404.430860
649.296948,391.730085,672.934698,363.976539,657.739002,403.490062
649.719051,390.789287,672.934698,363.976539,657.739002,403.019663
649.719051,389.848489,672.934698,363.976539,657.739002,403.019663
649.719051,389.378090,672.934698,363.976539,657.739002,402.078865
649.719051,388.907691,672.934698,363.976539,656.894797,400.667668
650.563256,387.966892,674.201007,363.035741,656.894797,400.667668
650.563256,387.966892,674.201007,363.035741,656.894797,400.667668
650.563256,387.966892,674.201007,363.035741,656.894797,400.667668
650.563256,387.496493,674.201007,363.035741,658.161105,400.667668
650.563256,387.496493,675.045212,363.035741,658.161105,400.667668
650.563256,387.026094,675.045212,363.035741,658.161105,400.197269
650.563256,387.026094,675.467315,363.035741,659.427413,398.315672
650.985359,386.555695,676.311520,363.035741,659.427413,396.904475
653.095872,385.144498,676.311520,363.035741,659.849515,396.434076
653.095872,384.674099,676.733623,363.035741,661.115823,395.493278
653.095872,384.674099,676.733623,363.035741,661.115823,395.493278
653.095872,384.674099,677.155725,363.035741,661.960029,395.022879
653.095872,384.674099,677.155725,363.035741,661.960029,395.022879
655.206386,383.262902,677.577828,363.035741,662.382131,395.022879
655.206386,383.262902,677.577828,363.035741,663.226337,393.141282
655.206386,382.792503,677.577828,363.035741,663.226337,393.141282
655.628489,381.381305,677.577828,363.035741,667.869466,391.730085
655.628489,381.381305,677.577828,363.035741,667.869466,391.259686
656.050591,379.970108,677.577828,363.035741,669.135774,389.848489
656.050591,379.499709,677.577828,363.035741,669.135774,389.848489
656.050591,379.499709,677.577828,363.035741,669.135774,389.848489
657.739002,379.499709,677.577828,363.035741,669.135774,389.848489
659.849515,379.029310,677.577828,363.035741,669.135774,389.848489
659.849515,379.029310,677.577828,363.035741,669.557877,387.496493
661.115823,378.558911,677.577828,363.035741,669.557877,387.496493
661.115823,378.558911,677.577828,363.035741,669.557877,387.496493
661.537926,378.558911,677.577828,363.035741,669.979980,387.496493
662.382131,377.618113,677.577828,363.035741,672.090493,386.555695
662.382131,377.618113,677.577828,363.035741,673.356801,386.085296
662.804234,376.677315,677.577828,363.035741,674.623109,385.144498
662.804234,376.677315,677.577828,363.035741,678.844136,382.792503
662.804234,376.206915,677.577828,363.035741,679.266239,382.792503
664.070542,375.736516,677.577828,363.035741,679.266239,382.792503
664.914748,375.266117,677.577828,363.035741,679.688341,381.851704
664.914748,375.266117,677.577828,363.035741,679.688341,381.851704
664.914748,374.325319,677.999931,363.035741,680.110444,380.910906
665.336850,373.384521,677.999931,363.035741,680.110444,380.910906
666.181056,372.443723,678.422033,363.035741,680.110444,380.910906
666.181056,372.443723,678.844136,363.035741,680.110444,380.440507
666.181056,372.443723,678.844136,363.035741,681.376752,379.970108
667.025261,371.973324,678.844136,363.035741,683.909368,378.558911
667.025261,371.973324,678.844136,363.035741,684.331471,378.088512
667.869466,371.502925,678.844136,363.035741,684.331471,378.088512
668.713672,371.032526,678.844136,363.035741,684.753574,378.088512
670.402082,371.032526,678.844136,363.035741,685.175676,377.618113
671.246288,370.562126,678.844136,363.035741,685.597779,377.147714
671.246288,370.562126,678.844136,363.035741,685.597779,377.147714
672.090493,370.091727,678.844136,363.035741,685.597779,377.147714
673.356801,369.621328,678.844136,363.035741,685.597779,376.677315
674.201007,368.680530,678.844136,363.035741,686.441984,375.266117
674.623109,368.210131,679.266239,363.035741,686.864087,374.795718
674.623109,368.210131,679.266239,363.035741,687.286190,374.795718
674.623109,368.210131,679.266239,363.035741,687.708292,373.854920
675.467315,367.739732,679.266239,363.035741,687.708292,373.854920
676.733623,366.798934,679.266239,363.035741,688.130395,373.384521
677.999931,365.858136,679.266239,363.035741,689.396703,372.914122
678.422033,365.387737,679.266239,363.035741,689.396703,372.914122
679.266239,363.976539,679.266239,363.035741,690.240908,371.973324
679.688341,363.506140,679.266239,363.035741,690.240908,371.973324
680.954649,362.094943,679.266239,363.035741,691.507216,371.973324
682.220957,360.683746,679.266239,363.035741,691.929319,371.973324
683.487266,360.213347,680.110444,362.094943,693.195627,371.032526
684.753574,358.802149,680.110444,362.094943,693.617730,370.091727
685.175676,358.802149,680.954649,362.094943,694.884038,368.680530
686.441984,357.861351,680.954649,362.094943,694.884038,368.680530
686.441984,357.861351,680.954649,362.094943,695.728243,368.210131
686.441984,357.861351,681.376752,362.094943,697.416654,367.269333
686.441984,357.861351,681.376752,362.094943,697.416654,367.269333
686.441984,357.861351,681.376752,362.094943,697.416654,367.269333
686.441984,357.861351,681.376752,362.094943,699.949270,366.328535
686.441984,357.861351,681.376752,361.154145,699.949270,365.858136
686.441984,357.861351,681.376752,361.154145,699.949270,365.387737
686.441984,357.861351,681.798855,361.154145,701.215578,364.917337
686.441984,357.861351,681.798855,361.154145,701.215578,364.446938
686.441984,357.861351,681.798855,361.154145,701.215578,364.446938
686.441984,357.861351,681.798855,361.154145,701.215578,364.446938
686.441984,357.861351,681.798855,361.154145,701.215578,364.446938
686.441984,357.861351,681.798855,361.154145,701.215578,364.446938
NaN,NaN,681.798855,361.154145,702.059783,363.506140
NaN,NaN,681.798855,361.154145,702.059783,363.506140
NaN,NaN,681.798855,360.683746,702.059783,363.506140
NaN,NaN,681.798855,360.683746,702.059783,363.506140
NaN,NaN,681.798855,360.683746,702.059783,363.506140
NaN,NaN,681.798855,360.683746,702.059783,363.506140
NaN,NaN,682.643060,359.742948,702.059783,363.506140
NaN,NaN,682.643060,359.742948,702.059783,363.506140
NaN,NaN,682.643060,359.742948,702.059783,363.506140
NaN,NaN,682.643060,359.742948,702.059783,363.506140
NaN,NaN,682.643060,359.742948,702.059783,363.506140
NaN,NaN,682.643060,359.742948,702.059783,363.506140
NaN,NaN,682.220957,358.802149,702.059783,363.506140
NaN,NaN,682.030000,358.720000,702.059783,363.506140
NaN,NaN,682.070000,358.560000,702.059783,363.506140
NaN,NaN,682.090000,358.470000,702.059783,363.506140
NaN,NaN,682.120000,358.390000,702.059783,363.506140
NaN,NaN,682.140000,358.300000,702.059783,363.506140
NaN,NaN,682.160000,358.240000,702.059783,363.506140
NaN,NaN,682.170000,358.180000,702.059783,363.506140
NaN,NaN,682.210000,358.110000,702.059783,363.506140
NaN,NaN,682.220000,358.060000,702.059783,363.506140
NaN,NaN,682.240000,358.000000,702.059783,363.506140
NaN,NaN,682.250000,357.930000,702.059783,363.506140
NaN,NaN,682.260000,357.890000,702.059783,363.506140
NaN,NaN,682.280000,357.820000,NaN,NaN
NaN,NaN,682.310000,357.740000,NaN,NaN
NaN,NaN,682.360000,357.660000,NaN,NaN
NaN,NaN,682.400000,357.590000,NaN,NaN
NaN,NaN,682.600000,357.230000,NaN,NaN
NaN,NaN,682.840000,356.870000,NaN,NaN
NaN,NaN,682.880000,356.830000,NaN,NaN
NaN,NaN,682.920000,356.800000,NaN,NaN
NaN,NaN,682.970000,356.730000,NaN,NaN
NaN,NaN,683.030000,356.670000,NaN,NaN
NaN,NaN,683.070000,356.620000,NaN,NaN
NaN,NaN,683.130000,356.570000,NaN,NaN
NaN,NaN,683.160000,356.470000,NaN,NaN
NaN,NaN,683.170000,356.050000,NaN,NaN
NaN,NaN,683.200000,356.040000,NaN,NaN
NaN,NaN,683.230000,356.000000,NaN,NaN
NaN,NaN,683.260000,355.960000,NaN,NaN
NaN,NaN,683.270000,355.940000,NaN,NaN
NaN,NaN,683.310000,355.920000,NaN,NaN
NaN,NaN,683.340000,355.890000,NaN,NaN
NaN,NaN,683.350000,355.870000,NaN,NaN
NaN,NaN,683.350000,355.850000,NaN,NaN
NaN,NaN,683.380000,355.840000,NaN,NaN
NaN,NaN,683.400000,355.830000,NaN,NaN
NaN,NaN,683.420000,355.830000,NaN,NaN
NaN,NaN,683.400000,355.820000,NaN,NaN
NaN,NaN,683.430000,355.810000,NaN,NaN
NaN,NaN,683.430000,355.810000,NaN,NaN
NaN,NaN,683.470000,355.810000,NaN,NaN
NaN,NaN,683.690000,355.860000,NaN,NaN
NaN,NaN,683.690000,355.840000,NaN,NaN
NaN,NaN,683.710000,355.840000,NaN,NaN
NaN,NaN,683.710000,355.840000,NaN,NaN
NaN,NaN,683.710000,355.840000,NaN,NaN
NaN,NaN,683.770000,355.860000,NaN,NaN
NaN,NaN,683.720000,355.850000,NaN,NaN
NaN,NaN,683.720000,355.860000,NaN,NaN
NaN,NaN,683.730000,355.850000,NaN,NaN
NaN,NaN,683.730000,355.870000,NaN,NaN
NaN,NaN,683.740000,355.860000,NaN,NaN
NaN,NaN,683.730000,355.870000,NaN,NaN
NaN,NaN,683.730000,355.860000,NaN,NaN
NaN,NaN,683.730000,355.860000,NaN,NaN
NaN,NaN,683.730000,355.870000,NaN,NaN
NaN,NaN,683.730000,355.880000,NaN,NaN
NaN,NaN,683.750000,355.900000,NaN,NaN
NaN,NaN,683.720000,355.890000,NaN,NaN
NaN,NaN,683.730000,355.890000,NaN,NaN
NaN,NaN,683.750000,355.900000,NaN,NaN
NaN,NaN,683.740000,355.910000,NaN,NaN
NaN,NaN,683.730000,355.900000,NaN,NaN
NaN,NaN,683.710000,355.900000,NaN,NaN
NaN,NaN,683.730000,355.900000,NaN,NaN
NaN,NaN,683.710000,355.900000,NaN,NaN
NaN,NaN,683.710000,355.920000,NaN,NaN
NaN,NaN,683.730000,355.920000,NaN,NaN
NaN,NaN,683.720000,355.900000,NaN,NaN
NaN,NaN,683.700000,355.910000,NaN,NaN
NaN,NaN,683.700000,355.910000,NaN,NaN
NaN,NaN,683.720000,355.920000,NaN,NaN
NaN,NaN,683.740000,355.920000,NaN,NaN
NaN,NaN,683.700000,355.930000,NaN,NaN
NaN,NaN,683.710000,355.930000,NaN,NaN
NaN,NaN,683.720000,355.910000,NaN,NaN
NaN,NaN,683.740000,355.930000,NaN,NaN
NaN,NaN,683.740000,355.930000,NaN,NaN
NaN,NaN,683.770000,355.930000,NaN,NaN
NaN,NaN,683.790000,355.920000,NaN,NaN
NaN,NaN,683.780000,355.920000,NaN,NaN
NaN,NaN,683.810000,355.930000,NaN,NaN
NaN,NaN,683.800000,355.920000,NaN,NaN
NaN,NaN,683.800000,355.910000,NaN,NaN
NaN,NaN,683.830000,355.930000,NaN,NaN
NaN,NaN,683.840000,355.920000,NaN,NaN
NaN,NaN,683.870000,355.940000,NaN,NaN
NaN,NaN,683.910000,355.940000,NaN,NaN
NaN,NaN,683.950000,355.950000,NaN,NaN
NaN,NaN,683.950000,355.940000,NaN,NaN
NaN,NaN,683.960000,355.930000,NaN,NaN
NaN,NaN,683.980000,355.940000,NaN,NaN
NaN,NaN,684.010000,355.930000,NaN,NaN
NaN,NaN,684.020000,355.950000,NaN,NaN
NaN,NaN,684.040000,355.940000,NaN,NaN
NaN,NaN,684.090000,355.950000,NaN,NaN
NaN,NaN,684.110000,355.960000,NaN,NaN
NaN,NaN,684.110000,355.960000,NaN,NaN
NaN,NaN,684.100000,355.940000,NaN,NaN
NaN,NaN,684.150000,355.950000,NaN,NaN
NaN,NaN,684.150000,355.930000,NaN,NaN
NaN,NaN,684.160000,355.930000,NaN,NaN
NaN,NaN,684.190000,355.920000,NaN,NaN
NaN,NaN,684.200000,355.930000,NaN,NaN
NaN,NaN,684.230000,355.940000,NaN,NaN
NaN,NaN,684.220000,355.930000,NaN,NaN
NaN,NaN,684.170000,355.890000,NaN,NaN
NaN,NaN,684.140000,355.900000,NaN,NaN
NaN,NaN,684.130000,355.890000,NaN,NaN
NaN,NaN,684.130000,355.880000,NaN,NaN
NaN,NaN,684.120000,355.870000,NaN,NaN
NaN,NaN,684.120000,355.860000,NaN,NaN
NaN,NaN,684.080000,355.840000,NaN,NaN
NaN,NaN,684.070000,355.820000,NaN,NaN
NaN,NaN,684.070000,355.820000,NaN,NaN
NaN,NaN,684.100000,355.730000,NaN,NaN
NaN,NaN,684.080000,355.740000,NaN,NaN
NaN,NaN,684.070000,355.700000,NaN,NaN
NaN,NaN,684.050000,355.700000,NaN,NaN
NaN,NaN,684.030000,355.670000,NaN,NaN
NaN,NaN,684.050000,355.690000,NaN,NaN
NaN,NaN,NaN,NaN,NaN,NaN
NaN,NaN,NaN,NaN,NaN,NaN
NaN,NaN,NaN,NaN,NaN,NaN
NaN,NaN,NaN,NaN,NaN,NaN
NaN,NaN,NaN,NaN,NaN,NaN
NaN,NaN,NaN,NaN,NaN,NaN
NaN,NaN,NaN,NaN,NaN,NaN
NaN,NaN,NaN,NaN,NaN,NaN
NaN,NaN,NaN,NaN,NaN,NaN
NaN,NaN,NaN,NaN,NaN,NaN
NaN,NaN,NaN,NaN,NaN,NaN
NaN,NaN,NaN,NaN,NaN,NaN
NaN,NaN,NaN,NaN,NaN,NaN
NaN,NaN,NaN,NaN,NaN,NaN
NaN,NaN,NaN,NaN,NaN,NaN
NaN,NaN,NaN,NaN,NaN,NaN
NaN,NaN,NaN,NaN,NaN,NaN
NaN,NaN,NaN,NaN,NaN,NaN
NaN,NaN,NaN,NaN,NaN,NaN
NaN,NaN,NaN,NaN,NaN,NaN
NaN,NaN,NaN,NaN,NaN,NaN
NaN,NaN,NaN,NaN,NaN,NaN
NaN,NaN,NaN,NaN,NaN,NaN
NaN,NaN,NaN,NaN,NaN,NaN
NaN,NaN,NaN,NaN,NaN,NaN
NaN,NaN,NaN,NaN,NaN,NaN
NaN,NaN,NaN,NaN,NaN,NaN
NaN,NaN,NaN,NaN,NaN,NaN
NaN,NaN,NaN,NaN,NaN,NaN
NaN,NaN,NaN,NaN,NaN,NaN
NaN,NaN,NaN,NaN,NaN,NaN
NaN,NaN,NaN,NaN,NaN,NaN
NaN,NaN,NaN,NaN,NaN,NaN
NaN,NaN,NaN,NaN,NaN,NaN
NaN,NaN,NaN,NaN,NaN,NaN
NaN,NaN,NaN,NaN,NaN,NaN
NaN,NaN,NaN,NaN,NaN,NaN
NaN,NaN,NaN,NaN,NaN,NaN
NaN,NaN,NaN,NaN,NaN,NaN
NaN,NaN,NaN,NaN,NaN,NaN
NaN,NaN,NaN,NaN,NaN,NaN
NaN,NaN,NaN,NaN,NaN,NaN
NaN,NaN,NaN,NaN,NaN,NaN
NaN,NaN,NaN,NaN,NaN,NaN
NaN,NaN,NaN,NaN,NaN,NaN
NaN,NaN,NaN,NaN,NaN,NaN
NaN,NaN,NaN,NaN,NaN,NaN
NaN,NaN,NaN,NaN,NaN,NaN
NaN,NaN,NaN,NaN,NaN,NaN
NaN,NaN,NaN,NaN,NaN,NaN
NaN,NaN,NaN,NaN,NaN,NaN
NaN,NaN,NaN,NaN,NaN,NaN
NaN,NaN,NaN,NaN,NaN,NaN
NaN,NaN,NaN,NaN,NaN,NaN
NaN,NaN,NaN,NaN,NaN,NaN
NaN,NaN,NaN,NaN,NaN,NaN
NaN,NaN,NaN,NaN,NaN,NaN
NaN,NaN,NaN,NaN,NaN,NaN
NaN,NaN,NaN,NaN,NaN,NaN
NaN,NaN,NaN,NaN,NaN,NaN
NaN,NaN,NaN,NaN,NaN,NaN
NaN,NaN,NaN,NaN,NaN,NaN
NaN,NaN,NaN,NaN,NaN,NaN
NaN,NaN,NaN,NaN,NaN,NaN
NaN,NaN,NaN,NaN,NaN,NaN
NaN,NaN,NaN,NaN,NaN,NaN
NaN,NaN,NaN,NaN,NaN,NaN
NaN,NaN,NaN,NaN,NaN,NaN
NaN,NaN,NaN,NaN,NaN,NaN
NaN,NaN,NaN,NaN,NaN,NaN
NaN,NaN,NaN,NaN,NaN,NaN
NaN,NaN,NaN,NaN,NaN,NaN
NaN,NaN,NaN,NaN,NaN,NaN
NaN,NaN,NaN,NaN,NaN,NaN
NaN,NaN,NaN,NaN,NaN,NaN
NaN,NaN,NaN,NaN,NaN,NaN
NaN,NaN,NaN,NaN,NaN,NaN
NaN,NaN,NaN,NaN,NaN,NaN
NaN,NaN,NaN,NaN,NaN,NaN
NaN,NaN,NaN,NaN,NaN,NaN
NaN,NaN,NaN,NaN,NaN,NaN
NaN,NaN,NaN,NaN,NaN,NaN
NaN,NaN,NaN,NaN,NaN,NaN
NaN,NaN,NaN,NaN,NaN,NaN
NaN,NaN,NaN,NaN,NaN,NaN
NaN,NaN,NaN,NaN,NaN,NaN
NaN,NaN,NaN,NaN,NaN,NaN
NaN,NaN,NaN,NaN,NaN,NaN
NaN,NaN,NaN,NaN,NaN,NaN
NaN,NaN,NaN,NaN,NaN,NaN
NaN,NaN,NaN,NaN,NaN,NaN
NaN,NaN,NaN,NaN,NaN,NaN
NaN,NaN,NaN,NaN,NaN,NaN
NaN,NaN,NaN,NaN,NaN,NaN
NaN,NaN,NaN,NaN,NaN,NaN
NaN,NaN,NaN,NaN,NaN,NaN
NaN,NaN,NaN,NaN,NaN,NaN
NaN,NaN,NaN,NaN,NaN,NaN
NaN,NaN,NaN,NaN,NaN,NaN
NaN,NaN,NaN,NaN,NaN,NaN
NaN,NaN,NaN,NaN,NaN,NaN
NaN,NaN,NaN,NaN,NaN,NaN
NaN,NaN,NaN,NaN,NaN,NaN
NaN,NaN,NaN,NaN,NaN,NaN
NaN,NaN,NaN,NaN,NaN,NaN
NaN,NaN,NaN,NaN,NaN,NaN
NaN,NaN,NaN,NaN,NaN,NaN
NaN,NaN,NaN,NaN,NaN,NaN
NaN,NaN,NaN,NaN,NaN,NaN
NaN,NaN,NaN,NaN,NaN,NaN
NaN,NaN,NaN,NaN,NaN,NaN
NaN,NaN,NaN,NaN,NaN,NaN
NaN,NaN,NaN,NaN,NaN,NaN
NaN,NaN,NaN,NaN,NaN,NaN
NaN,NaN,NaN,NaN,NaN,NaN
NaN,NaN,NaN,NaN,NaN,NaN
NaN,NaN,NaN,NaN,NaN,NaN
NaN,NaN,NaN,NaN,NaN,NaN
NaN,NaN,NaN,NaN,NaN,NaN
NaN,NaN,NaN,NaN,NaN,NaN
NaN,NaN,NaN,NaN,NaN,NaN
NaN,NaN,NaN,NaN,NaN,NaN
NaN,NaN,NaN,NaN,NaN,NaN
NaN,NaN,NaN,NaN,NaN,NaN
NaN,NaN,NaN,NaN,NaN,NaN
NaN,NaN,NaN,NaN,NaN,NaN
NaN,NaN,NaN,NaN,NaN,NaN
NaN,NaN,NaN,NaN,NaN,NaN
NaN,NaN,NaN,NaN,NaN,NaN
NaN,NaN,NaN,NaN,NaN,NaN
NaN,NaN,NaN,NaN,NaN,NaN
NaN,NaN,NaN,NaN,NaN,NaN
NaN,NaN,NaN,NaN,NaN,NaN
NaN,NaN,NaN,NaN,NaN,NaN
NaN,NaN,NaN,NaN,NaN,NaN
NaN,NaN,NaN,NaN,NaN,NaN
NaN,NaN,NaN,NaN,NaN,NaN
NaN,NaN,NaN,NaN,NaN,NaN
NaN,NaN,NaN,NaN,NaN,NaN
NaN,NaN,NaN,NaN,NaN,NaN
NaN,NaN,NaN,NaN,NaN,NaN
NaN,NaN,NaN,NaN,NaN,NaN
NaN,NaN,NaN,NaN,NaN,NaN
NaN,NaN,NaN,NaN,NaN,NaN
NaN,NaN,NaN,NaN,NaN,NaN
NaN,NaN,NaN,NaN,NaN,NaN
NaN,NaN,NaN,NaN,NaN,NaN
NaN,NaN,NaN,NaN,NaN,NaN
NaN,NaN,NaN,NaN,NaN,NaN
NaN,NaN,NaN,NaN,NaN,NaN
NaN,NaN,NaN,NaN,NaN,NaN
NaN,NaN,NaN,NaN,NaN,NaN
NaN,NaN,NaN,NaN,NaN,NaN
NaN,NaN,NaN,NaN,NaN,NaN
NaN,NaN,NaN,NaN,NaN,NaN
NaN,NaN,NaN,NaN,NaN,NaN
NaN,NaN,NaN,NaN,NaN,NaN
NaN,NaN,NaN,NaN,NaN,NaN
NaN,NaN,NaN,NaN,NaN,NaN
NaN,NaN,NaN,NaN,NaN,NaN
NaN,NaN,NaN,NaN,NaN,NaN
NaN,NaN,NaN,NaN,NaN,NaN
NaN,NaN,NaN,NaN,NaN,NaN
NaN,NaN,NaN,NaN,NaN,NaN
NaN,NaN,NaN,NaN,NaN,NaN
NaN,NaN,NaN,NaN,NaN,NaN
NaN,NaN,NaN,NaN,NaN,NaN
NaN,NaN,NaN,NaN,NaN,NaN
NaN,NaN,NaN,NaN,NaN,NaN
NaN,NaN,NaN,NaN,NaN,NaN
NaN,NaN,NaN,NaN,NaN,NaN
NaN,NaN,NaN,NaN,NaN,NaN
NaN,NaN,NaN,NaN,NaN,NaN
NaN,NaN,NaN,NaN,NaN,NaN
NaN,NaN,NaN,NaN,NaN,NaN
NaN,NaN,NaN,NaN,NaN,NaN
NaN,NaN,NaN,NaN,NaN,NaN
NaN,NaN,NaN,NaN,NaN,NaN
NaN,NaN,NaN,NaN,NaN,NaN
NaN,NaN,NaN,NaN,NaN,NaN
NaN,NaN,NaN,NaN,NaN,NaN
NaN,NaN,NaN,NaN,NaN,NaN
NaN,NaN,NaN,NaN,NaN,NaN
NaN,NaN,NaN,NaN,NaN,NaN
NaN,NaN,NaN,NaN,NaN,NaN
NaN,NaN,NaN,NaN,NaN,NaN
NaN,NaN,NaN,NaN,NaN,NaN
NaN,NaN,NaN,NaN,NaN,NaN
NaN,NaN,NaN,NaN,NaN,NaN
NaN,NaN,NaN,NaN,NaN,NaN
NaN,NaN,NaN,NaN,NaN,NaN
NaN,NaN,NaN,NaN,NaN,NaN
NaN,NaN,NaN,NaN,NaN,NaN
NaN,NaN,NaN,NaN,NaN,NaN
NaN,NaN,NaN,NaN,NaN,NaN
NaN,NaN,NaN,NaN,NaN,NaN
NaN,NaN,NaN,NaN,NaN,NaN
NaN,NaN,NaN,NaN,NaN,NaN
NaN,NaN,NaN,NaN,NaN,NaN
NaN,NaN,NaN,NaN,NaN,NaN
NaN,NaN,NaN,NaN,NaN,NaN
NaN,NaN,NaN,NaN,NaN,NaN
NaN,NaN,NaN,NaN,NaN,NaN
NaN,NaN,NaN,NaN,NaN,NaN
NaN,NaN,NaN,NaN,NaN,NaN
NaN,NaN,NaN,NaN,NaN,NaN
NaN,NaN,NaN,NaN,NaN,NaN
NaN,NaN,NaN,NaN,NaN,NaN
NaN,NaN,NaN,NaN,NaN,NaN
NaN,NaN,NaN,NaN,NaN,NaN
NaN,NaN,NaN,NaN,NaN,NaN
NaN,NaN,NaN,NaN,NaN,NaN
NaN,NaN,NaN,NaN,NaN,NaN
NaN,NaN,NaN,NaN,NaN,NaN
NaN,NaN,NaN,NaN,NaN,NaN
NaN,NaN,NaN,NaN,NaN,NaN
NaN,NaN,NaN,NaN,NaN,NaN
NaN,NaN,NaN,NaN,NaN,NaN
NaN,NaN,NaN,NaN,NaN,NaN
NaN,NaN,NaN,NaN,NaN,NaN
NaN,NaN,NaN,NaN,NaN,NaN
NaN,NaN,NaN,NaN,NaN,NaN
NaN,NaN,NaN,NaN,NaN,NaN
NaN,NaN,NaN,NaN,NaN,NaN
NaN,NaN,NaN,NaN,NaN,NaN
NaN,NaN,NaN,NaN,NaN,NaN
NaN,NaN,NaN,NaN,NaN,NaN
NaN,NaN,NaN,NaN,NaN,NaN
NaN,NaN,NaN,NaN,NaN,NaN
NaN,NaN,NaN,NaN,NaN,NaN
NaN,NaN,NaN,NaN,NaN,NaN
NaN,NaN,NaN,NaN,NaN,NaN
NaN,NaN,NaN,NaN,NaN,NaN
NaN,NaN,NaN,NaN,NaN,NaN
NaN,NaN,NaN,NaN,NaN,NaN
NaN,NaN,NaN,NaN,NaN,NaN
NaN,NaN,NaN,NaN,NaN,NaN
NaN,NaN,NaN,NaN,NaN,NaN
NaN,NaN,NaN,NaN,NaN,NaN
NaN,NaN,NaN,NaN,NaN,NaN
NaN,NaN,NaN,NaN,NaN,NaN
