pt1_cam1_X,pt1_cam1_Y,pt2_cam1_X,pt2_cam1_Y,pt3_cam1_X,pt3_cam1_Y
NaN,NaN,1004.084006,631.374760,993.970275,700.263601
NaN,NaN,1004.000000,631.000000,994.010000,699.990000
NaN,NaN,1003.990000,631.010000,994.010000,699.990000
NaN,NaN,1003.990000,631.010000,994.010000,699.990000
NaN,NaN,1004.000000,631.020000,994.020000,699.990000
NaN,NaN,1003.990000,631.020000,994.010000,700.000000
NaN,NaN,1003.990000,631.020000,994.010000,700.000000
NaN,NaN,1003.990000,631.030000,994.000000,699.980000
NaN,NaN,1004.000000,631.040000,994.020000,699.990000
NaN,NaN,1004.000000,631.040000,994.010000,699.990000
NaN,NaN,1003.990000,631.040000,994.020000,699.990000
NaN,NaN,1003.990000,631.050000,994.020000,699.990000
NaN,NaN,1003.990000,631.050000,994.020000,699.990000
NaN,NaN,1003.990000,631.050000,994.020000,699.990000
NaN,NaN,1003.990000,631.060000,994.020000,699.990000
NaN,NaN,1004.000000,631.080000,994.040000,699.970000
NaN,NaN,1003.990000,631.080000,994.030000,699.970000
NaN,NaN,1003.990000,631.090000,994.020000,699.990000
NaN,NaN,1003.990000,631.090000,994.020000,700.000000
NaN,NaN,1003.990000,631.090000,994.030000,700.000000
NaN,NaN,1003.990000,631.100000,994.040000,700.000000
NaN,NaN,1003.980000,631.100000,994.030000,700.000000
NaN,NaN,1003.990000,631.110000,994.030000,699.990000
NaN,NaN,1003.990000,631.110000,994.040000,699.990000
NaN,NaN,1003.990000,631.110000,994.040000,699.990000
NaN,NaN,1003.990000,631.110000,994.030000,699.990000
NaN,NaN,1003.990000,631.120000,994.030000,700.000000
NaN,NaN,1003.990000,631.130000,994.020000,700.000000
NaN,NaN,1003.990000,631.140000,994.040000,700.000000
NaN,NaN,1003.990000,631.140000,994.040000,700.000000
NaN,NaN,1004.000000,631.150000,994.040000,700.000000
NaN,NaN,1004.000000,631.160000,994.040000,699.990000
NaN,NaN,1003.990000,631.160000,994.030000,699.990000
NaN,NaN,1003.990000,631.160000,994.020000,699.990000
NaN,NaN,1004.000000,631.170000,994.020000,699.990000
NaN,NaN,1003.990000,631.180000,994.030000,699.990000
NaN,NaN,1003.990000,631.180000,994.030000,699.990000
NaN,NaN,1003.990000,631.190000,994.020000,699.990000
NaN,NaN,1003.990000,631.200000,994.020000,699.990000
NaN,NaN,1003.980000,631.210000,994.040000,699.990000
NaN,NaN,1003.990000,631.210000,994.020000,699.990000
NaN,NaN,1003.990000,631.210000,994.030000,699.990000
NaN,NaN,1003.980000,631.220000,994.030000,699.970000
NaN,NaN,1003.980000,631.230000,994.030000,699.980000
NaN,NaN,1003.980000,631.230000,994.040000,699.970000
NaN,NaN,1003.970000,631.270000,994.030000,699.980000
NaN,NaN,1003.980000,631.280000,994.040000,699.980000
NaN,NaN,1003.970000,631.280000,994.040000,699.970000
NaN,NaN,1003.970000,631.290000,994.030000,699.970000
NaN,NaN,1003.970000,631.290000,994.030000,699.980000
NaN,NaN,1003.970000,631.300000,994.030000,699.990000
NaN,NaN,1003.970000,631.300000,994.030000,700.000000
NaN,NaN,1003.970000,631.310000,994.030000,699.990000
NaN,NaN,1003.960000,631.330000,994.010000,699.980000
NaN,NaN,1003.960000,631.340000,994.010000,699.990000
NaN,NaN,1003.960000,631.340000,994.010000,699.990000
NaN,NaN,1003.960000,631.350000,994.030000,699.990000
NaN,NaN,1003.950000,631.360000,994.030000,699.980000
NaN,NaN,1003.960000,631.370000,994.030000,699.980000
NaN,NaN,1003.950000,631.380000,994.020000,699.980000
NaN,NaN,1003.950000,631.430000,994.020000,700.000000
NaN,NaN,1003.950000,631.430000,994.020000,699.990000
NaN,NaN,1003.940000,631.430000,994.020000,699.980000
NaN,NaN,1003.940000,631.440000,994.020000,699.990000
NaN,NaN,1003.940000,631.460000,994.020000,699.990000
NaN,NaN,1003.940000,631.460000,994.030000,699.990000
NaN,NaN,1003.940000,631.460000,994.020000,699.960000
NaN,NaN,1003.940000,631.500000,994.010000,699.990000
NaN,NaN,1003.960000,631.780000,994.010000,699.990000
NaN,NaN,1003.960000,631.790000,994.020000,699.980000
NaN,NaN,1003.960000,631.800000,994.020000,699.980000
NaN,NaN,1003.960000,631.800000,994.020000,700.000000
NaN,NaN,1003.960000,631.820000,994.030000,699.990000
NaN,NaN,1003.950000,631.820000,994.020000,699.980000
NaN,NaN,1003.960000,631.820000,994.020000,699.990000
NaN,NaN,1003.950000,631.840000,994.010000,699.990000
NaN,NaN,1003.940000,631.840000,994.020000,699.980000
NaN,NaN,1003.930000,631.850000,994.000000,699.980000
NaN,NaN,1003.940000,631.860000,994.010000,699.980000
NaN,NaN,1003.930000,631.860000,994.010000,699.970000
NaN,NaN,1003.930000,631.870000,994.010000,699.980000
NaN,NaN,1003.930000,631.860000,994.010000,699.980000
NaN,NaN,1003.920000,631.870000,994.020000,699.970000
NaN,NaN,1003.920000,631.870000,994.010000,699.970000
NaN,NaN,1003.910000,631.880000,994.010000,699.970000
NaN,NaN,1003.910000,631.890000,994.000000,699.990000
NaN,NaN,1003.910000,631.890000,994.010000,699.980000
NaN,NaN,1003.900000,631.890000,994.010000,699.970000
NaN,NaN,1003.910000,631.900000,994.000000,699.980000
NaN,NaN,1003.900000,631.910000,994.020000,699.970000
NaN,NaN,1003.880000,631.920000,994.010000,699.970000
NaN,NaN,1003.890000,631.930000,994.020000,699.970000
NaN,NaN,1003.890000,631.930000,994.010000,699.960000
NaN,NaN,1003.880000,631.940000,994.010000,699.970000
NaN,NaN,1003.870000,631.950000,994.000000,699.970000
NaN,NaN,1003.870000,631.950000,994.000000,699.980000
NaN,NaN,1003.860000,631.950000,994.000000,699.980000
NaN,NaN,1003.860000,631.960000,993.990000,699.990000
NaN,NaN,1003.860000,631.970000,993.990000,699.980000
NaN,NaN,1003.840000,631.970000,994.000000,699.970000
NaN,NaN,1003.840000,631.980000,994.000000,699.980000
NaN,NaN,1003.830000,631.980000,994.000000,699.990000
NaN,NaN,1003.830000,631.990000,994.000000,699.990000
NaN,NaN,1003.820000,632.000000,994.000000,699.990000
NaN,NaN,1003.820000,632.000000,994.000000,699.980000
NaN,NaN,1003.810000,632.020000,994.010000,699.960000
NaN,NaN,1003.790000,632.020000,994.010000,699.980000
NaN,NaN,1003.800000,632.020000,993.990000,699.980000
NaN,NaN,1003.790000,632.030000,994.000000,699.980000
NaN,NaN,1003.790000,632.040000,993.990000,699.980000
NaN,NaN,1003.800000,632.040000,993.990000,699.980000
NaN,NaN,1003.780000,632.050000,993.990000,699.990000
NaN,NaN,1003.770000,632.050000,994.000000,699.990000
NaN,NaN,1003.760000,632.050000,993.990000,699.990000
NaN,NaN,1003.760000,632.060000,994.000000,699.980000
NaN,NaN,1003.760000,632.070000,993.990000,699.970000
NaN,NaN,1003.750000,632.080000,993.980000,699.990000
NaN,NaN,1003.740000,632.080000,994.000000,699.990000
NaN,NaN,1003.740000,632.090000,993.990000,699.990000
NaN,NaN,1003.730000,632.090000,993.990000,699.980000
NaN,NaN,1003.710000,632.110000,993.970000,699.970000
NaN,NaN,1003.710000,632.110000,993.970000,699.970000
NaN,NaN,1003.710000,632.120000,993.970000,699.980000
NaN,NaN,1003.700000,632.120000,993.970000,699.970000
NaN,NaN,1003.690000,632.120000,993.970000,699.980000
NaN,NaN,1003.680000,632.120000,993.970000,699.980000
NaN,NaN,1003.680000,632.130000,993.970000,699.990000
NaN,NaN,1003.680000,632.150000,993.970000,699.990000
NaN,NaN,1003.670000,632.160000,993.980000,699.980000
NaN,NaN,1003.660000,632.160000,993.980000,699.980000
NaN,NaN,1003.660000,632.160000,993.980000,699.980000
NaN,NaN,1003.650000,632.180000,993.990000,699.980000
NaN,NaN,1003.640000,632.180000,993.980000,699.980000
NaN,NaN,1003.630000,632.190000,993.970000,699.980000
NaN,NaN,1003.630000,632.200000,993.970000,699.990000
NaN,NaN,1003.610000,632.220000,993.930000,699.990000
NaN,NaN,1003.600000,632.220000,993.950000,700.000000
NaN,NaN,1003.590000,632.230000,993.950000,699.980000
NaN,NaN,1003.580000,632.230000,993.950000,699.990000
NaN,NaN,1003.580000,632.240000,993.950000,699.990000
NaN,NaN,1003.540000,632.240000,993.950000,699.970000
NaN,NaN,1003.540000,632.250000,993.940000,699.990000
NaN,NaN,1003.530000,632.260000,993.940000,699.990000
NaN,NaN,1003.520000,632.260000,993.950000,699.990000
NaN,NaN,1003.510000,632.270000,993.950000,699.990000
NaN,NaN,1003.500000,632.280000,993.940000,699.980000
NaN,NaN,1003.360000,632.250000,993.950000,699.980000
NaN,NaN,1003.360000,632.260000,993.930000,699.990000
NaN,NaN,1003.350000,632.270000,993.930000,699.990000
NaN,NaN,1003.340000,632.280000,993.920000,700.000000
NaN,NaN,1003.320000,632.310000,993.920000,699.990000
NaN,NaN,1003.310000,632.300000,993.930000,699.980000
NaN,NaN,1003.310000,632.310000,993.920000,699.980000
NaN,NaN,1003.310000,632.330000,993.930000,699.980000
NaN,NaN,1003.300000,632.340000,993.930000,699.980000
NaN,NaN,1003.300000,632.340000,993.940000,699.980000
NaN,NaN,1003.300000,632.350000,993.930000,699.980000
NaN,NaN,1003.290000,632.360000,993.940000,699.970000
NaN,NaN,1003.290000,632.360000,993.930000,699.980000
NaN,NaN,1003.280000,632.370000,993.940000,699.970000
NaN,NaN,1003.280000,632.380000,993.940000,699.970000
NaN,NaN,1003.280000,632.400000,993.930000,699.980000
NaN,NaN,1003.270000,632.410000,993.930000,699.970000
NaN,NaN,1003.270000,632.420000,993.940000,699.990000
NaN,NaN,1003.250000,632.430000,993.930000,699.980000
NaN,NaN,1003.240000,632.440000,993.920000,699.990000
NaN,NaN,1003.240000,632.460000,993.920000,700.000000
NaN,NaN,1003.230000,632.460000,993.910000,699.980000
NaN,NaN,1003.230000,632.480000,993.910000,699.980000
NaN,NaN,1003.230000,632.490000,993.910000,699.980000
NaN,NaN,1003.270000,632.810000,993.920000,699.990000
NaN,NaN,1003.260000,632.820000,993.900000,699.990000
NaN,NaN,1003.250000,632.830000,993.910000,699.980000
NaN,NaN,1003.250000,632.830000,993.910000,699.990000
NaN,NaN,1003.250000,632.840000,993.900000,699.990000
NaN,NaN,1003.230000,632.840000,993.910000,699.990000
NaN,NaN,1003.230000,632.850000,993.900000,699.980000
NaN,NaN,1003.220000,632.860000,993.910000,699.990000
NaN,NaN,1003.210000,632.870000,993.910000,699.980000
NaN,NaN,1003.210000,632.870000,993.910000,699.970000
NaN,NaN,1003.190000,632.880000,993.880000,699.990000
NaN,NaN,1003.190000,632.890000,993.890000,699.990000
NaN,NaN,1003.180000,632.890000,993.890000,700.000000
NaN,NaN,1003.170000,632.890000,993.890000,700.000000
NaN,NaN,1003.160000,632.900000,993.890000,700.000000
NaN,NaN,1003.170000,632.900000,993.890000,699.990000
NaN,NaN,1003.160000,632.910000,993.880000,699.990000
NaN,NaN,1003.150000,632.910000,993.890000,699.980000
NaN,NaN,1003.140000,632.920000,993.900000,699.980000
NaN,NaN,1003.130000,632.920000,993.890000,699.980000
NaN,NaN,1003.130000,632.930000,993.880000,699.980000
NaN,NaN,1003.120000,632.940000,993.890000,699.990000
NaN,NaN,1003.120000,632.940000,993.880000,699.990000
NaN,NaN,1003.100000,632.960000,993.880000,699.990000
NaN,NaN,1003.100000,632.970000,993.890000,699.980000
NaN,NaN,1003.080000,632.970000,993.880000,700.000000
NaN,NaN,1003.080000,632.970000,993.880000,699.990000
NaN,NaN,1003.070000,632.970000,993.900000,700.000000
NaN,NaN,1003.080000,632.980000,993.890000,700.000000
NaN,NaN,1003.070000,632.990000,993.890000,700.000000
NaN,NaN,1003.070000,633.000000,993.890000,699.990000
NaN,NaN,1003.060000,633.000000,993.890000,699.990000
NaN,NaN,1003.050000,633.010000,993.880000,699.990000
NaN,NaN,1003.050000,633.020000,993.890000,699.990000
NaN,NaN,1003.050000,633.020000,993.900000,699.980000
NaN,NaN,1003.030000,633.020000,993.880000,699.980000
NaN,NaN,1003.030000,633.020000,993.860000,699.990000
NaN,NaN,1003.030000,633.030000,993.870000,699.990000
NaN,NaN,1003.030000,633.040000,993.870000,699.990000
NaN,NaN,1003.020000,633.040000,993.890000,699.990000
NaN,NaN,1003.010000,633.040000,993.860000,700.000000
NaN,NaN,1003.000000,633.050000,993.860000,699.990000
NaN,NaN,1002.990000,633.050000,993.860000,700.000000
NaN,NaN,1002.980000,633.060000,993.860000,699.990000
NaN,NaN,1002.980000,633.060000,993.870000,699.980000
NaN,NaN,1002.970000,633.060000,993.860000,700.000000
NaN,NaN,1002.970000,633.070000,993.860000,700.000000
NaN,NaN,1002.960000,633.090000,993.860000,700.000000
NaN,NaN,1002.960000,633.090000,993.860000,699.990000
NaN,NaN,1002.950000,633.110000,993.860000,699.990000
NaN,NaN,1002.940000,633.110000,993.870000,700.000000
NaN,NaN,1002.930000,633.120000,993.860000,700.000000
NaN,NaN,1002.930000,633.130000,993.860000,700.000000
NaN,NaN,1002.920000,633.130000,993.850000,700.010000
NaN,NaN,1002.910000,633.140000,993.850000,700.000000
NaN,NaN,1002.900000,633.140000,993.830000,699.990000
NaN,NaN,1002.890000,633.140000,993.850000,699.980000
NaN,NaN,1002.890000,633.150000,993.830000,700.000000
NaN,NaN,1002.880000,633.160000,993.830000,700.000000
NaN,NaN,1002.870000,633.160000,993.830000,700.000000
NaN,NaN,1002.860000,633.180000,993.840000,699.990000
NaN,NaN,1002.850000,633.180000,993.820000,699.990000
NaN,NaN,1002.850000,633.180000,993.830000,700.000000
NaN,NaN,1002.840000,633.190000,993.820000,700.000000
NaN,NaN,1002.810000,633.200000,993.810000,700.000000
NaN,NaN,1002.810000,633.210000,993.810000,700.000000
NaN,NaN,1002.800000,633.220000,993.800000,700.010000
NaN,NaN,1002.790000,633.220000,993.800000,700.010000
NaN,NaN,1002.780000,633.240000,993.810000,700.010000
NaN,NaN,1002.780000,633.250000,993.810000,700.010000
NaN,NaN,1002.760000,633.260000,993.790000,700.030000
NaN,NaN,1002.750000,633.260000,993.790000,700.010000
NaN,NaN,1002.740000,633.270000,993.800000,700.000000
NaN,NaN,1002.740000,633.270000,993.810000,700.000000
NaN,NaN,1002.720000,633.270000,993.810000,700.010000
NaN,NaN,1002.720000,633.280000,993.820000,700.000000
NaN,NaN,1002.700000,633.290000,993.800000,700.000000
NaN,NaN,1002.700000,633.300000,993.790000,699.990000
NaN,NaN,1002.690000,633.310000,993.780000,700.010000
NaN,NaN,1002.680000,633.310000,993.790000,700.000000
NaN,NaN,1002.680000,633.320000,993.800000,700.010000
NaN,NaN,1002.670000,633.320000,993.830000,700.000000
NaN,NaN,1002.660000,633.330000,993.810000,700.000000
NaN,NaN,1002.650000,633.330000,993.820000,700.000000
NaN,NaN,1002.650000,633.350000,993.810000,700.010000
NaN,NaN,1002.610000,633.370000,993.830000,700.000000
NaN,NaN,1002.610000,633.370000,993.820000,700.000000
NaN,NaN,1002.600000,633.370000,993.790000,700.000000
NaN,NaN,1002.580000,633.360000,993.810000,700.000000
NaN,NaN,1002.580000,633.380000,993.810000,700.010000
NaN,NaN,1002.570000,633.380000,993.800000,700.010000
NaN,NaN,1002.560000,633.410000,993.810000,700.010000
NaN,NaN,1002.550000,633.410000,993.810000,700.000000
NaN,NaN,1002.530000,633.410000,993.830000,700.000000
NaN,NaN,1002.520000,633.410000,993.800000,700.000000
NaN,NaN,1002.510000,633.420000,993.800000,700.000000
NaN,NaN,1002.370000,633.390000,993.810000,700.000000
NaN,NaN,1002.360000,633.390000,993.810000,700.010000
NaN,NaN,1002.350000,633.410000,993.800000,700.010000
NaN,NaN,1002.340000,633.420000,993.800000,700.010000
NaN,NaN,1002.320000,633.450000,993.780000,700.010000
NaN,NaN,1002.310000,633.440000,993.780000,700.000000
NaN,NaN,1002.310000,633.440000,993.780000,700.010000
NaN,NaN,1002.290000,633.450000,993.780000,700.010000
NaN,NaN,1002.290000,633.460000,993.770000,700.010000
NaN,NaN,1002.280000,633.460000,993.770000,700.020000
NaN,NaN,1002.270000,633.490000,993.770000,700.020000
NaN,NaN,1002.320000,633.820000,993.760000,700.020000
NaN,NaN,1002.320000,633.830000,993.740000,700.010000
NaN,NaN,1002.300000,633.830000,993.730000,700.000000
NaN,NaN,1002.290000,633.830000,993.730000,699.990000
NaN,NaN,1002.280000,633.830000,993.700000,700.000000
NaN,NaN,1002.280000,633.840000,993.690000,700.000000
NaN,NaN,1002.260000,633.840000,993.680000,699.990000
NaN,NaN,1002.260000,633.860000,993.670000,699.990000
NaN,NaN,1002.230000,633.870000,993.650000,699.990000
NaN,NaN,1002.230000,633.870000,993.640000,699.990000
NaN,NaN,1002.220000,633.870000,993.660000,699.980000
NaN,NaN,1002.220000,633.870000,993.650000,699.990000
NaN,NaN,1002.210000,633.870000,993.670000,699.990000
NaN,NaN,1002.200000,633.890000,993.650000,699.990000
NaN,NaN,1002.190000,633.890000,993.660000,699.990000
NaN,NaN,1002.180000,633.890000,993.670000,699.980000
NaN,NaN,1002.180000,633.890000,993.660000,699.980000
NaN,NaN,1002.170000,633.900000,993.660000,700.000000
NaN,NaN,1002.160000,633.900000,993.650000,699.990000
NaN,NaN,1002.150000,633.910000,993.650000,700.000000
NaN,NaN,1002.140000,633.920000,993.650000,699.990000
NaN,NaN,1002.130000,633.920000,993.640000,699.990000
NaN,NaN,1002.130000,633.930000,993.660000,699.970000
NaN,NaN,1002.090000,633.930000,993.640000,699.980000
NaN,NaN,1002.100000,633.940000,993.640000,699.990000
NaN,NaN,1002.100000,633.940000,993.650000,699.990000
NaN,NaN,1002.090000,633.950000,993.660000,699.980000
NaN,NaN,1002.080000,633.950000,993.660000,699.980000
NaN,NaN,1002.080000,633.950000,993.620000,699.980000
NaN,NaN,1002.070000,633.950000,993.610000,699.980000
NaN,NaN,1002.060000,633.960000,993.610000,699.980000
NaN,NaN,1002.050000,633.960000,993.610000,699.990000
NaN,NaN,1002.050000,633.970000,993.610000,699.990000
NaN,NaN,1002.040000,633.980000,993.620000,700.000000
NaN,NaN,1002.030000,633.980000,993.600000,699.990000
NaN,NaN,1002.020000,633.980000,993.610000,699.990000
NaN,NaN,1002.020000,633.990000,993.600000,699.990000
NaN,NaN,1002.020000,633.990000,993.600000,699.980000
NaN,NaN,1002.000000,634.010000,993.590000,699.990000
NaN,NaN,1002.000000,634.020000,993.590000,699.990000
NaN,NaN,1001.990000,634.020000,993.570000,699.990000
NaN,NaN,1001.980000,634.010000,993.560000,699.990000
NaN,NaN,1001.980000,634.020000,993.550000,699.990000
NaN,NaN,1001.980000,634.030000,993.550000,699.990000
NaN,NaN,1001.970000,634.030000,993.550000,699.980000
NaN,NaN,1001.960000,634.030000,993.550000,699.990000
NaN,NaN,1001.960000,634.040000,993.560000,699.990000
NaN,NaN,1001.950000,634.050000,993.550000,700.010000
NaN,NaN,1001.940000,634.050000,993.550000,700.000000
NaN,NaN,1001.940000,634.050000,993.560000,699.990000
NaN,NaN,1001.930000,634.060000,993.530000,699.990000
NaN,NaN,1001.920000,634.070000,993.540000,699.980000
NaN,NaN,1001.920000,634.070000,993.540000,699.980000
NaN,NaN,1001.900000,634.080000,993.540000,699.990000
NaN,NaN,1001.900000,634.080000,993.530000,699.980000
NaN,NaN,1001.890000,634.080000,993.530000,699.970000
NaN,NaN,1001.890000,634.090000,993.530000,699.970000
NaN,NaN,1001.880000,634.090000,993.530000,699.980000
NaN,NaN,1001.880000,634.100000,993.530000,699.990000
NaN,NaN,1001.870000,634.100000,993.540000,699.990000
NaN,NaN,1001.860000,634.110000,993.540000,700.000000
NaN,NaN,1001.860000,634.110000,993.530000,700.000000
NaN,NaN,1001.850000,634.110000,993.500000,700.000000
NaN,NaN,1001.840000,634.120000,993.390000,700.000000
NaN,NaN,1001.840000,634.130000,993.390000,700.010000
NaN,NaN,1001.830000,634.130000,993.390000,700.000000
NaN,NaN,1001.820000,634.140000,993.350000,700.010000
NaN,NaN,1001.820000,634.140000,993.350000,700.010000
NaN,NaN,1001.810000,634.150000,993.380000,700.000000
NaN,NaN,1001.810000,634.150000,993.380000,700.010000
NaN,NaN,1001.800000,634.160000,993.360000,700.010000
NaN,NaN,1001.800000,634.160000,993.360000,700.020000
NaN,NaN,1001.790000,634.160000,993.360000,700.030000
NaN,NaN,1001.780000,634.170000,993.360000,700.000000
NaN,NaN,1001.770000,634.170000,993.350000,700.010000
NaN,NaN,1001.770000,634.180000,993.340000,700.010000
NaN,NaN,1001.760000,634.180000,993.330000,700.010000
NaN,NaN,1001.750000,634.190000,993.340000,700.010000
NaN,NaN,1001.740000,634.190000,993.310000,700.010000
NaN,NaN,1001.730000,634.200000,993.310000,700.020000
NaN,NaN,1001.720000,634.210000,993.300000,700.010000
NaN,NaN,1001.720000,634.220000,993.310000,700.010000
NaN,NaN,1001.720000,634.230000,993.300000,700.020000
NaN,NaN,1001.680000,634.230000,993.260000,700.000000
NaN,NaN,1001.680000,634.250000,993.290000,700.010000
NaN,NaN,1001.670000,634.240000,993.280000,700.010000
NaN,NaN,1001.660000,634.240000,993.290000,700.000000
NaN,NaN,1001.660000,634.250000,993.290000,700.010000
NaN,NaN,1001.660000,634.260000,993.290000,700.020000
NaN,NaN,1001.650000,634.270000,993.280000,700.010000
NaN,NaN,1001.640000,634.270000,993.260000,700.000000
NaN,NaN,1001.630000,634.280000,993.230000,700.000000
NaN,NaN,1001.620000,634.280000,993.230000,700.000000
NaN,NaN,1001.610000,634.290000,993.220000,700.010000
NaN,NaN,1001.590000,634.290000,993.210000,700.000000
NaN,NaN,1001.590000,634.300000,993.220000,700.000000
NaN,NaN,1001.570000,634.290000,993.200000,700.010000
NaN,NaN,1001.560000,634.300000,993.220000,700.000000
NaN,NaN,1001.530000,634.310000,993.190000,700.000000
NaN,NaN,1001.520000,634.310000,993.220000,700.000000
NaN,NaN,1001.500000,634.310000,993.220000,700.020000
NaN,NaN,1001.380000,634.290000,993.230000,700.010000
NaN,NaN,1001.370000,634.290000,993.240000,700.000000
NaN,NaN,1001.360000,634.290000,993.220000,700.000000
NaN,NaN,1001.350000,634.300000,993.210000,700.000000
NaN,NaN,1001.350000,634.310000,993.190000,700.000000
NaN,NaN,1001.330000,634.320000,993.190000,700.010000
NaN,NaN,1001.320000,634.320000,993.200000,700.010000
NaN,NaN,1001.320000,634.330000,993.200000,700.000000
NaN,NaN,1001.300000,634.340000,993.210000,700.000000
NaN,NaN,1001.300000,634.340000,993.210000,700.010000
NaN,NaN,1001.290000,634.350000,993.200000,699.990000
NaN,NaN,1001.270000,634.340000,993.210000,699.980000
NaN,NaN,1001.250000,634.360000,993.160000,699.990000
NaN,NaN,1001.240000,634.360000,993.170000,699.990000
NaN,NaN,1001.230000,634.380000,993.160000,700.000000
NaN,NaN,1001.230000,634.390000,993.160000,700.000000
NaN,NaN,1001.220000,634.390000,993.170000,699.980000
NaN,NaN,1001.210000,634.380000,993.160000,700.000000
NaN,NaN,1001.190000,634.380000,993.150000,699.980000
NaN,NaN,1001.190000,634.390000,993.160000,699.980000
NaN,NaN,1001.180000,634.400000,993.170000,699.980000
NaN,NaN,1001.170000,634.400000,993.150000,699.980000
NaN,NaN,1001.160000,634.410000,993.160000,699.990000
NaN,NaN,1001.150000,634.420000,993.150000,699.990000
NaN,NaN,1001.140000,634.420000,993.140000,699.990000
NaN,NaN,1001.140000,634.430000,993.140000,699.990000
NaN,NaN,1001.130000,634.440000,993.140000,699.980000
NaN,NaN,1001.110000,634.450000,993.090000,699.980000
NaN,NaN,1001.110000,634.470000,993.100000,699.980000
NaN,NaN,1001.090000,634.470000,993.110000,699.980000
NaN,NaN,1001.080000,634.470000,993.120000,699.970000
NaN,NaN,1001.070000,634.480000,993.110000,699.970000
NaN,NaN,1001.060000,634.490000,993.100000,699.980000
NaN,NaN,1001.050000,634.510000,993.090000,699.990000
NaN,NaN,1001.100000,634.870000,993.100000,699.990000
NaN,NaN,1001.100000,634.870000,993.080000,699.990000
NaN,NaN,1001.090000,634.880000,993.090000,700.000000
NaN,NaN,1001.080000,634.880000,993.110000,700.000000
NaN,NaN,1001.080000,634.890000,993.110000,700.000000
NaN,NaN,1001.060000,634.900000,993.090000,699.990000
NaN,NaN,1001.050000,634.900000,993.090000,699.980000
NaN,NaN,1001.040000,634.900000,993.080000,699.970000
NaN,NaN,1001.020000,634.910000,993.060000,700.000000
NaN,NaN,1001.020000,634.910000,993.060000,699.990000
NaN,NaN,1001.010000,634.900000,993.060000,699.970000
NaN,NaN,1001.000000,634.920000,993.080000,699.980000
NaN,NaN,1000.980000,634.920000,993.070000,699.970000
NaN,NaN,1000.970000,634.930000,993.070000,699.970000
NaN,NaN,1000.960000,634.930000,993.070000,699.960000
NaN,NaN,1000.950000,634.940000,993.080000,699.960000
NaN,NaN,1000.950000,634.950000,993.070000,699.960000
NaN,NaN,1000.950000,634.950000,993.070000,699.970000
NaN,NaN,1000.940000,634.950000,993.070000,699.970000
NaN,NaN,1000.930000,634.960000,993.060000,699.970000
NaN,NaN,1000.920000,634.970000,993.060000,699.970000
NaN,NaN,1000.910000,634.960000,993.070000,699.950000
NaN,NaN,1000.900000,634.980000,993.050000,699.960000
NaN,NaN,1000.890000,635.000000,993.020000,699.940000
NaN,NaN,1000.890000,634.990000,993.030000,699.950000
NaN,NaN,1000.471959,635.830258,993.020000,699.940000
NaN,NaN,1000.471959,635.830258,993.020000,699.950000
NaN,NaN,1000.471959,636.172988,993.030000,699.960000
NaN,NaN,1000.471959,636.858449,993.030000,699.950000
NaN,NaN,1000.471959,636.858449,993.020000,699.960000
NaN,NaN,1000.471959,636.858449,993.020000,699.950000
NaN,NaN,1000.471959,636.858449,993.020000,699.950000
NaN,NaN,1000.471959,636.858449,993.010000,699.950000
NaN,NaN,1000.471959,636.858449,993.010000,699.950000
NaN,NaN,1000.471959,636.858449,993.020000,699.950000
NaN,NaN,1000.471959,636.858449,993.010000,699.950000
NaN,NaN,1000.471959,636.858449,993.010000,699.940000
NaN,NaN,1000.471959,636.858449,993.020000,699.940000
NaN,NaN,1001.194369,636.858449,993.010000,699.920000
NaN,NaN,1001.194369,636.858449,993.010000,699.950000
NaN,NaN,1000.833164,636.858449,993.000000,699.940000
NaN,NaN,1000.471959,636.858449,992.990000,699.930000
NaN,NaN,1000.471959,636.858449,992.980000,699.930000
NaN,NaN,1000.471959,636.858449,993.000000,699.940000
NaN,NaN,1000.471959,636.858449,993.000000,699.930000
NaN,NaN,1000.471959,636.858449,992.990000,699.930000
NaN,NaN,1000.471959,636.858449,993.000000,699.920000
NaN,NaN,1000.471959,636.858449,993.000000,699.910000
NaN,NaN,1000.471959,636.858449,992.990000,699.920000
NaN,NaN,1000.471959,636.858449,992.960000,699.930000
NaN,NaN,1000.471959,636.858449,992.980000,699.920000
NaN,NaN,1000.471959,636.858449,992.990000,699.910000
NaN,NaN,1000.471959,636.858449,992.990000,699.920000
NaN,NaN,1000.471959,636.858449,992.970000,699.910000
NaN,NaN,1000.471959,636.858449,992.990000,699.930000
NaN,NaN,1000.471959,636.858449,992.980000,699.920000
NaN,NaN,1000.471959,636.858449,992.980000,699.920000
NaN,NaN,1000.471959,636.858449,992.970000,699.920000
NaN,NaN,1000.471959,636.858449,992.970000,699.920000
NaN,NaN,1000.471959,636.858449,992.970000,699.930000
NaN,NaN,1000.471959,636.858449,993.000000,699.920000
NaN,NaN,1000.471959,636.858449,992.990000,699.910000
NaN,NaN,1000.471959,636.858449,992.990000,699.910000
NaN,NaN,1000.471959,636.858449,993.000000,699.900000
NaN,NaN,1000.471959,636.858449,993.000000,699.910000
NaN,NaN,1000.471959,636.858449,993.000000,699.900000
NaN,NaN,1000.471959,636.858449,993.010000,699.890000
NaN,NaN,1000.471959,636.858449,993.000000,699.900000
NaN,NaN,1000.471959,636.858449,992.980000,699.870000
NaN,NaN,1000.471959,636.858449,993.010000,699.880000
NaN,NaN,1000.471959,636.858449,993.020000,699.860000
NaN,NaN,1000.471959,636.858449,993.020000,699.870000
NaN,NaN,1000.471959,636.858449,993.020000,699.870000
NaN,NaN,1000.471959,636.858449,993.010000,699.850000
NaN,NaN,1000.471959,636.858449,993.010000,699.860000
NaN,NaN,1000.471959,636.858449,993.020000,699.860000
NaN,NaN,1000.471959,636.858449,993.030000,699.860000
NaN,NaN,1000.471959,636.858449,993.030000,699.850000
NaN,NaN,1000.471959,636.858449,993.030000,699.850000
NaN,NaN,1000.471959,636.858449,993.050000,699.860000
NaN,NaN,1000.471959,636.858449,993.030000,699.860000
NaN,NaN,1000.471959,636.858449,993.020000,699.860000
NaN,NaN,1000.471959,636.858449,993.020000,699.840000
NaN,NaN,1000.471959,636.858449,993.020000,699.850000
NaN,NaN,1000.471959,636.858449,993.030000,699.860000
NaN,NaN,1000.471959,636.858449,993.050000,699.860000
NaN,NaN,1000.471959,636.858449,993.060000,699.850000
NaN,NaN,1000.471959,636.858449,993.060000,699.840000
NaN,NaN,1000.471959,636.858449,993.060000,699.830000
NaN,NaN,1000.471959,636.858449,993.050000,699.840000
NaN,NaN,1000.471959,636.858449,993.060000,699.850000
NaN,NaN,1000.471959,636.858449,993.070000,699.860000
NaN,NaN,1000.471959,636.858449,993.070000,699.840000
NaN,NaN,1000.471959,636.858449,993.070000,699.830000
NaN,NaN,1000.471959,636.858449,993.080000,699.820000
NaN,NaN,1000.471959,636.858449,993.080000,699.810000
NaN,NaN,1000.471959,636.858449,993.090000,699.810000
NaN,NaN,1000.471959,636.858449,993.090000,699.810000
NaN,NaN,1000.471959,636.858449,993.070000,699.830000
NaN,NaN,1000.471959,637.201180,993.080000,699.820000
NaN,NaN,1000.471959,637.201180,993.080000,699.810000
NaN,NaN,1000.833164,637.543910,993.090000,699.800000
NaN,NaN,1000.833164,637.886641,993.100000,699.790000
NaN,NaN,1000.833164,637.886641,993.090000,699.780000
NaN,NaN,1000.833164,637.886641,993.100000,699.800000
NaN,NaN,1000.833164,637.886641,993.100000,699.780000
NaN,NaN,1000.833164,637.886641,993.110000,699.790000
NaN,NaN,1000.833164,637.543910,993.120000,699.780000
NaN,NaN,1000.833164,637.543910,993.110000,699.770000
NaN,NaN,1000.833164,637.543910,993.120000,699.770000
NaN,NaN,1000.833164,637.543910,993.130000,699.760000
NaN,NaN,1000.833164,637.543910,993.120000,699.770000
NaN,NaN,1000.833164,637.543910,993.140000,699.760000
NaN,NaN,1000.833164,637.543910,993.150000,699.760000
NaN,NaN,1000.833164,637.543910,993.170000,699.740000
NaN,NaN,1000.833164,637.543910,993.170000,699.750000
NaN,NaN,1000.833164,637.543910,993.180000,699.740000
NaN,NaN,1000.833164,637.543910,993.180000,699.740000
NaN,NaN,1000.833164,637.543910,993.190000,699.740000
NaN,NaN,1000.833164,637.543910,993.190000,699.740000
NaN,NaN,1000.833164,637.543910,993.200000,699.730000
NaN,NaN,1000.833164,637.543910,993.220000,699.720000
NaN,NaN,1000.833164,637.543910,993.210000,699.710000
NaN,NaN,1000.833164,637.543910,993.220000,699.700000
NaN,NaN,1000.833164,637.543910,993.220000,699.710000
NaN,NaN,1000.833164,637.543910,993.220000,699.720000
NaN,NaN,1000.471959,638.572102,993.240000,699.700000
NaN,NaN,1000.471959,638.572102,993.230000,699.700000
NaN,NaN,999.388345,636.858449,993.280000,699.710000
NaN,NaN,999.749550,636.858449,993.270000,699.730000
NaN,NaN,999.749550,636.858449,993.260000,699.700000
NaN,NaN,999.749550,636.858449,993.260000,699.700000
NaN,NaN,1000.110755,637.201180,993.290000,699.680000
NaN,NaN,1000.110755,637.886641,993.310000,699.680000
NaN,NaN,1000.110755,637.886641,993.300000,699.680000
NaN,NaN,1000.110755,637.886641,993.300000,699.660000
NaN,NaN,1000.110755,637.886641,993.310000,699.660000
NaN,NaN,1000.110755,637.886641,993.320000,699.660000
NaN,NaN,1000.110755,637.886641,993.310000,699.670000
NaN,NaN,1000.110755,637.886641,993.340000,699.670000
NaN,NaN,1000.110755,637.886641,993.350000,699.660000
NaN,NaN,1000.110755,637.886641,993.360000,699.660000
NaN,NaN,1000.471959,637.886641,993.360000,699.660000
NaN,NaN,1000.471959,637.886641,993.340000,699.650000
NaN,NaN,1000.471959,637.886641,993.360000,699.660000
NaN,NaN,1000.471959,637.886641,993.380000,699.640000
NaN,NaN,1000.471959,637.886641,993.390000,699.640000
NaN,NaN,1000.471959,637.886641,993.380000,699.630000
NaN,NaN,1000.471959,637.886641,993.410000,699.630000
NaN,NaN,1000.471959,637.886641,993.420000,699.610000
NaN,NaN,1000.471959,637.886641,993.430000,699.610000
NaN,NaN,1000.471959,637.886641,993.430000,699.630000
NaN,NaN,1000.471959,637.886641,993.440000,699.590000
NaN,NaN,1000.471959,637.886641,993.460000,699.580000
NaN,NaN,1000.471959,637.886641,993.480000,699.570000
NaN,NaN,1000.471959,637.886641,993.500000,699.560000
NaN,NaN,1000.471959,637.886641,993.600000,699.570000
NaN,NaN,1000.471959,637.886641,993.600000,699.540000
NaN,NaN,1000.471959,637.886641,993.610000,699.600000
NaN,NaN,1000.471959,637.886641,993.630000,699.590000
NaN,NaN,1000.471959,637.886641,993.660000,699.570000
NaN,NaN,1000.471959,637.886641,993.660000,699.540000
NaN,NaN,1000.471959,637.886641,993.660000,699.570000
NaN,NaN,1000.471959,637.886641,993.660000,699.550000
NaN,NaN,1000.471959,637.886641,993.670000,699.530000
NaN,NaN,1000.471959,637.886641,993.690000,699.510000
NaN,NaN,1000.471959,637.886641,993.750000,699.130000
NaN,NaN,1000.471959,637.886641,993.730000,699.130000
NaN,NaN,1000.471959,637.886641,993.730000,699.130000
NaN,NaN,1000.471959,637.886641,993.740000,699.130000
NaN,NaN,1000.471959,637.886641,993.770000,699.120000
NaN,NaN,1000.471959,637.886641,993.820000,699.100000
NaN,NaN,1000.471959,637.886641,993.830000,699.110000
NaN,NaN,1000.471959,637.886641,993.810000,699.150000
NaN,NaN,1000.471959,637.886641,993.800000,699.120000
NaN,NaN,1000.471959,637.886641,993.820000,699.110000
NaN,NaN,1000.471959,637.886641,993.830000,699.120000
NaN,NaN,1000.471959,637.886641,993.820000,699.110000
NaN,NaN,1000.471959,637.886641,993.850000,699.100000
NaN,NaN,1000.471959,637.886641,993.840000,699.100000
NaN,NaN,1000.471959,637.886641,993.850000,699.110000
NaN,NaN,1000.471959,637.886641,993.870000,699.100000
NaN,NaN,1000.471959,637.886641,993.850000,699.110000
NaN,NaN,1000.471959,637.886641,993.880000,699.100000
NaN,NaN,1000.471959,637.886641,993.880000,699.110000
NaN,NaN,1000.471959,637.886641,993.870000,699.100000
NaN,NaN,1000.471959,637.886641,993.870000,699.100000
NaN,NaN,1000.471959,637.886641,993.890000,699.100000
NaN,NaN,1000.471959,637.886641,993.900000,699.110000
NaN,NaN,1000.471959,637.886641,993.900000,699.110000
NaN,NaN,1000.471959,637.886641,993.910000,699.100000
NaN,NaN,1000.471959,637.886641,993.920000,699.090000
NaN,NaN,1000.471959,637.886641,993.940000,699.090000
NaN,NaN,1000.471959,637.886641,993.930000,699.100000
NaN,NaN,1000.471959,637.886641,993.950000,699.090000
NaN,NaN,1000.471959,637.886641,993.950000,699.100000
NaN,NaN,1000.471959,637.886641,993.960000,699.090000
NaN,NaN,1000.471959,637.886641,993.950000,699.080000
NaN,NaN,1000.471959,637.886641,993.950000,699.090000
NaN,NaN,1000.471959,637.886641,993.970000,699.090000
NaN,NaN,1000.471959,637.886641,993.980000,699.080000
NaN,NaN,1000.471959,637.886641,993.980000,699.090000
NaN,NaN,1000.471959,637.886641,993.990000,699.080000
NaN,NaN,1000.471959,637.886641,993.990000,699.100000
NaN,NaN,1000.471959,637.886641,994.000000,699.110000
NaN,NaN,1000.471959,637.886641,993.990000,699.090000
NaN,NaN,1000.471959,637.886641,994.000000,699.100000
NaN,NaN,1000.471959,637.886641,994.020000,699.090000
NaN,NaN,1000.471959,637.886641,994.020000,699.090000
NaN,NaN,1000.471959,637.886641,994.020000,699.090000
NaN,NaN,1000.833164,637.886641,994.020000,699.090000
NaN,NaN,1000.833164,637.886641,994.020000,699.090000
NaN,NaN,1000.833164,638.572102,994.030000,699.090000
NaN,NaN,1000.833164,638.572102,994.030000,699.090000
NaN,NaN,1000.833164,638.572102,994.040000,699.080000
NaN,NaN,1000.833164,638.572102,994.040000,699.080000
NaN,NaN,1000.833164,638.572102,994.060000,699.080000
NaN,NaN,1000.833164,638.572102,994.050000,699.070000
NaN,NaN,1000.833164,638.572102,994.070000,699.090000
NaN,NaN,1000.833164,638.572102,994.080000,699.080000
NaN,NaN,1000.833164,638.572102,994.090000,699.070000
NaN,NaN,1000.833164,638.572102,994.100000,699.080000
NaN,NaN,1000.833164,638.572102,994.100000,699.080000
NaN,NaN,1000.833164,638.572102,994.080000,699.070000
NaN,NaN,1000.833164,638.572102,994.090000,699.070000
NaN,NaN,1000.833164,638.914833,994.090000,699.090000
NaN,NaN,1000.833164,638.914833,994.090000,699.090000
NaN,NaN,1000.833164,638.914833,994.090000,699.090000
NaN,NaN,1000.833164,639.257563,994.100000,699.090000
NaN,NaN,1000.833164,639.257563,994.120000,699.080000
NaN,NaN,1000.833164,639.257563,994.120000,699.080000
NaN,NaN,1000.833164,639.257563,994.130000,699.080000
NaN,NaN,1000.833164,639.257563,994.130000,699.070000
NaN,NaN,1000.833164,639.257563,994.140000,699.080000
NaN,NaN,1000.833164,639.257563,994.130000,699.090000
NaN,NaN,1000.833164,639.257563,994.150000,699.090000
NaN,NaN,1000.833164,639.257563,994.130000,699.110000
NaN,NaN,1000.833164,639.257563,994.150000,699.090000
NaN,NaN,1000.833164,639.257563,994.150000,699.100000
NaN,NaN,1000.833164,639.257563,994.150000,699.100000
NaN,NaN,1000.833164,639.257563,994.150000,699.080000
NaN,NaN,1000.833164,639.257563,994.150000,699.080000
NaN,NaN,1000.833164,639.257563,994.160000,699.090000
NaN,NaN,1000.833164,639.257563,994.170000,699.090000
NaN,NaN,1000.833164,639.257563,994.190000,699.080000
NaN,NaN,1001.194369,639.257563,994.200000,699.100000
NaN,NaN,1001.555574,639.257563,994.180000,699.100000
NaN,NaN,1001.555574,639.257563,994.180000,699.070000
NaN,NaN,1001.555574,639.600294,994.240000,699.100000
NaN,NaN,1001.555574,639.600294,994.230000,699.110000
NaN,NaN,1001.916778,639.943024,994.210000,699.120000
NaN,NaN,1001.916778,639.943024,994.220000,699.140000
NaN,NaN,1002.277983,640.628485,994.220000,699.130000
NaN,NaN,1002.277983,640.628485,994.220000,699.120000
NaN,NaN,1002.277983,640.628485,994.220000,699.110000
NaN,NaN,1002.277983,640.628485,994.230000,699.130000
NaN,NaN,1002.277983,640.628485,994.230000,699.120000
NaN,NaN,1002.277983,640.628485,994.240000,699.130000
NaN,NaN,1002.277983,640.628485,994.250000,699.110000
NaN,NaN,1002.277983,640.628485,994.260000,699.130000
NaN,NaN,1002.277983,640.628485,994.260000,699.120000
NaN,NaN,1002.277983,640.628485,994.270000,699.120000
NaN,NaN,1002.277983,640.628485,994.280000,699.100000
NaN,NaN,1002.277983,640.628485,994.290000,699.130000
NaN,NaN,1002.277983,640.628485,994.300000,699.140000
NaN,NaN,1002.277983,640.628485,994.290000,699.140000
NaN,NaN,1002.277983,640.628485,994.280000,699.160000
NaN,NaN,1002.277983,640.628485,994.300000,699.160000
NaN,NaN,1002.277983,640.628485,994.300000,699.140000
NaN,NaN,1002.277983,640.628485,994.290000,699.140000
NaN,NaN,1002.277983,640.628485,994.300000,699.140000
NaN,NaN,1002.277983,640.628485,994.300000,699.140000
NaN,NaN,1002.277983,640.628485,994.290000,699.170000
NaN,NaN,1002.277983,640.628485,994.310000,699.160000
NaN,NaN,1002.277983,640.628485,994.310000,699.160000
NaN,NaN,1002.277983,640.628485,994.320000,699.160000
NaN,NaN,1002.277983,640.628485,994.320000,699.150000
NaN,NaN,1002.277983,640.628485,994.340000,699.160000
NaN,NaN,1002.277983,640.971216,994.340000,699.160000
NaN,NaN,1002.277983,641.313946,994.330000,699.170000
NaN,NaN,1002.277983,641.313946,994.350000,699.170000
NaN,NaN,1002.277983,641.313946,994.340000,699.190000
NaN,NaN,1002.277983,641.656677,994.360000,699.180000
NaN,NaN,1002.639188,641.656677,994.370000,699.180000
NaN,NaN,1002.639188,641.999408,994.390000,699.180000
NaN,NaN,1002.639188,642.342138,994.370000,699.180000
NaN,NaN,1002.639188,642.342138,994.370000,699.190000
NaN,NaN,1002.639188,642.342138,994.380000,699.200000
NaN,NaN,1002.639188,642.342138,994.380000,699.220000
NaN,NaN,1002.639188,642.342138,994.380000,699.230000
NaN,NaN,1002.639188,643.027599,994.390000,699.230000
NaN,NaN,1002.639188,643.027599,994.400000,699.220000
NaN,NaN,1002.639188,643.027599,994.400000,699.230000
NaN,NaN,1002.639188,643.027599,994.410000,699.180000
NaN,NaN,1002.639188,643.027599,994.450000,699.210000
NaN,NaN,1002.639188,643.027599,994.440000,699.210000
NaN,NaN,1002.639188,643.370330,994.450000,699.210000
NaN,NaN,1002.639188,643.713060,994.440000,699.210000
NaN,NaN,1002.639188,643.713060,994.440000,699.220000
NaN,NaN,1002.639188,643.713060,994.450000,699.230000
NaN,NaN,1002.639188,643.713060,994.430000,699.230000
NaN,NaN,1002.639188,643.713060,994.450000,699.220000
NaN,NaN,1002.639188,643.713060,994.480000,699.210000
NaN,NaN,1002.639188,643.713060,994.590000,699.210000
NaN,NaN,1002.639188,643.713060,994.610000,699.210000
NaN,NaN,1002.639188,643.713060,994.620000,699.210000
NaN,NaN,1002.639188,644.741252,994.610000,699.210000
NaN,NaN,1002.639188,644.741252,994.630000,699.200000
NaN,NaN,1002.639188,644.741252,994.640000,699.230000
NaN,NaN,1002.639188,644.741252,994.620000,699.230000
NaN,NaN,1002.639188,644.741252,994.620000,699.240000
NaN,NaN,1002.639188,644.741252,994.610000,699.260000
NaN,NaN,1002.639188,644.741252,994.620000,699.240000
NaN,NaN,1002.639188,644.741252,994.630000,699.260000
NaN,NaN,1002.639188,644.741252,994.630000,699.290000
NaN,NaN,1002.639188,644.741252,994.610000,699.270000
NaN,NaN,1002.277983,645.083982,994.610000,699.290000
NaN,NaN,1002.277983,645.426713,994.640000,699.290000
NaN,NaN,1001.194369,646.454905,994.640000,699.300000
NaN,NaN,1000.833164,646.797635,994.660000,699.310000
NaN,NaN,1000.833164,646.797635,994.670000,699.320000
NaN,NaN,1000.833164,646.797635,994.650000,699.330000
NaN,NaN,1000.833164,646.797635,994.650000,699.390000
NaN,NaN,1000.833164,647.140366,994.680000,699.340000
NaN,NaN,1000.833164,647.140366,994.660000,699.350000
NaN,NaN,1000.833164,647.140366,994.650000,699.360000
NaN,NaN,1000.833164,647.140366,994.660000,699.360000
NaN,NaN,1000.833164,647.140366,994.680000,699.370000
NaN,NaN,1000.833164,647.140366,994.690000,699.380000
NaN,NaN,1000.833164,647.140366,994.700000,699.390000
NaN,NaN,1000.833164,647.140366,994.710000,699.390000
NaN,NaN,1000.833164,647.140366,994.720000,699.390000
NaN,NaN,1000.833164,647.140366,994.700000,699.400000
NaN,NaN,1000.833164,647.140366,994.690000,699.420000
NaN,NaN,1000.833164,647.140366,994.710000,699.400000
NaN,NaN,999.749550,647.483096,994.690000,699.440000
NaN,NaN,999.388345,647.825827,994.710000,699.450000
NaN,NaN,999.388345,647.825827,994.720000,699.450000
NaN,NaN,999.388345,649.196749,994.690000,699.460000
NaN,NaN,999.388345,649.196749,994.700000,699.490000
NaN,NaN,999.388345,649.196749,994.670000,699.870000
NaN,NaN,999.388345,649.196749,994.650000,699.880000
NaN,NaN,999.388345,649.196749,994.680000,699.890000
NaN,NaN,999.388345,649.196749,994.680000,699.880000
NaN,NaN,999.388345,649.196749,994.660000,699.900000
NaN,NaN,998.304731,650.224941,994.640000,699.880000
NaN,NaN,998.304731,650.224941,994.640000,699.900000
NaN,NaN,998.304731,650.224941,994.670000,699.900000
NaN,NaN,997.943526,650.224941,994.660000,699.910000
NaN,NaN,996.859912,650.910402,994.670000,699.920000
NaN,NaN,996.859912,651.595863,994.680000,699.930000
NaN,NaN,997.221117,651.595863,994.690000,699.940000
NaN,NaN,997.943526,651.595863,994.660000,699.950000
NaN,NaN,997.943526,651.595863,994.660000,699.950000
NaN,NaN,997.943526,651.595863,994.670000,699.940000
NaN,NaN,998.304731,652.281324,994.680000,699.940000
NaN,NaN,998.665936,652.624055,994.680000,699.960000
NaN,NaN,998.665936,652.624055,994.650000,699.970000
NaN,NaN,998.665936,652.624055,994.660000,699.970000
1000.471959,652.966785,998.665936,652.624055,994.670000,700.000000
999.388345,653.994977,998.665936,652.624055,994.650000,699.990000
999.388345,653.994977,998.665936,652.624055,994.660000,700.000000
999.388345,654.337707,998.665936,652.624055,994.630000,700.000000
1000.471959,655.365899,998.665936,652.624055,994.650000,699.990000
1000.471959,656.051360,998.665936,652.624055,994.650000,699.990000
1000.833164,658.450474,998.665936,652.624055,994.640000,700.020000
1002.639188,662.563241,998.665936,652.624055,994.650000,700.030000
1001.916778,667.704199,998.665936,652.624055,994.670000,700.050000
1001.194369,667.018738,998.665936,652.624055,994.600000,700.040000
1000.833164,668.389660,998.665936,652.624055,994.600000,700.070000
1000.833164,669.417852,998.665936,652.624055,994.620000,700.060000
1000.833164,671.131504,998.665936,652.624055,994.630000,700.050000
1000.833164,673.187888,998.665936,652.624055,994.610000,700.070000
1000.833164,673.187888,998.665936,652.624055,994.610000,700.050000
1002.277983,676.272463,998.665936,652.624055,994.640000,700.070000
1002.277983,676.272463,998.665936,652.624055,994.620000,700.070000
1002.277983,676.272463,998.665936,652.624055,994.600000,700.080000
1002.277983,678.328846,998.665936,652.624055,994.610000,700.080000
1002.277983,678.671576,998.665936,652.624055,994.600000,700.100000
1002.277983,679.699768,998.665936,652.624055,994.620000,700.110000
1002.277983,679.699768,998.665936,652.624055,994.610000,700.100000
1002.277983,679.699768,998.665936,652.624055,994.620000,700.110000
1002.277983,679.699768,998.665936,652.624055,994.620000,700.120000
1002.277983,679.699768,998.665936,652.624055,994.600000,700.110000
1002.277983,679.699768,998.665936,652.624055,994.610000,700.130000
1002.277983,679.699768,998.665936,652.624055,994.620000,700.130000
1002.277983,679.699768,998.665936,652.624055,994.640000,700.130000
1002.277983,679.699768,998.665936,652.624055,994.610000,700.140000
1002.277983,679.699768,998.665936,652.624055,994.620000,700.150000
1002.277983,679.699768,998.665936,652.624055,994.620000,700.150000
1002.277983,679.699768,998.665936,652.624055,994.610000,700.160000
1002.277983,679.699768,998.665936,652.624055,994.610000,700.170000
1002.277983,679.699768,998.665936,652.624055,994.600000,700.180000
1001.916778,679.014307,998.665936,652.624055,994.600000,700.170000
1001.916778,678.328846,998.665936,652.624055,994.590000,700.200000
1001.916778,678.328846,998.665936,652.624055,994.590000,700.200000
1001.916778,678.328846,998.665936,652.624055,994.600000,700.220000
1001.916778,678.328846,998.665936,652.624055,994.580000,700.230000
1001.916778,678.328846,998.665936,652.624055,994.610000,700.230000
1001.916778,678.328846,998.665936,652.624055,994.610000,700.230000
1001.916778,678.328846,998.665936,652.624055,994.590000,700.240000
1001.916778,678.328846,998.665936,652.624055,994.570000,700.240000
1001.916778,678.328846,998.665936,652.624055,994.590000,700.240000
1001.916778,678.671576,998.665936,652.966785,994.570000,700.240000
1001.916778,678.671576,998.665936,652.966785,994.580000,700.260000
1001.916778,680.042499,998.665936,652.966785,994.580000,700.280000
1001.916778,680.385229,998.665936,653.652246,994.560000,700.280000
1001.916778,680.385229,998.665936,654.680438,994.530000,700.310000
1001.916778,680.385229,998.665936,654.680438,994.550000,700.340000
1001.916778,680.727960,998.665936,654.680438,994.550000,700.320000
1001.916778,680.727960,998.665936,654.680438,994.540000,700.320000
1001.916778,680.727960,998.304731,654.680438,994.550000,700.330000
1001.916778,680.727960,998.304731,654.680438,994.520000,700.360000
1001.916778,680.727960,998.304731,654.680438,994.330000,700.430000
1001.916778,680.727960,998.304731,654.680438,994.350000,700.410000
1001.916778,680.727960,998.304731,654.680438,994.360000,700.440000
1001.916778,680.727960,998.304731,654.680438,994.350000,700.490000
1001.916778,680.727960,998.304731,654.680438,994.320000,700.870000
1001.916778,680.727960,998.304731,654.680438,994.330000,700.870000
1001.916778,680.727960,998.304731,654.680438,994.310000,700.890000
1001.916778,680.727960,998.304731,654.680438,994.330000,700.900000
1001.916778,680.727960,998.304731,654.680438,994.320000,700.900000
1001.916778,680.727960,998.304731,654.680438,994.320000,700.900000
1001.916778,680.727960,998.304731,654.680438,994.320000,700.920000
1001.916778,680.727960,998.304731,654.680438,994.290000,700.930000
1001.916778,680.727960,998.304731,654.680438,994.280000,700.920000
1001.916778,680.727960,998.304731,654.680438,994.290000,700.920000
1001.916778,680.385229,998.304731,654.680438,994.270000,700.930000
1001.916778,680.385229,998.304731,654.680438,994.260000,700.950000
1001.916778,680.385229,998.304731,654.680438,994.280000,700.940000
1001.916778,680.385229,998.304731,654.680438,994.270000,700.960000
1001.916778,680.385229,998.304731,654.680438,994.260000,700.960000
1001.916778,680.385229,998.304731,654.680438,994.260000,700.960000
1001.916778,680.385229,998.304731,654.680438,994.270000,700.950000
1001.916778,680.042499,998.304731,654.680438,994.240000,700.970000
1002.277983,680.042499,998.304731,654.680438,994.250000,700.980000
1002.277983,680.042499,998.304731,654.680438,994.240000,700.980000
1002.277983,680.042499,998.304731,654.680438,994.240000,700.990000
1002.277983,680.042499,998.304731,654.680438,994.260000,701.000000
1002.277983,680.042499,998.304731,654.680438,994.250000,701.000000
1002.277983,680.042499,998.304731,654.680438,994.250000,701.000000
1002.639188,679.699768,999.027141,654.680438,994.240000,701.010000
1002.639188,679.699768,999.388345,654.680438,994.240000,701.010000
1002.639188,679.699768,999.388345,654.680438,994.210000,701.040000
1002.639188,679.699768,999.388345,654.680438,994.200000,701.050000
1002.639188,679.699768,999.388345,654.680438,994.210000,701.050000
1002.639188,679.699768,999.388345,654.680438,994.200000,701.050000
1002.639188,679.699768,999.388345,654.680438,994.200000,701.050000
1002.639188,679.699768,999.388345,654.680438,994.200000,701.050000
1002.639188,679.699768,999.388345,654.680438,994.200000,701.050000
1002.639188,679.699768,999.388345,654.680438,994.200000,701.060000
1002.639188,679.699768,999.388345,654.680438,994.190000,701.060000
1002.639188,679.699768,999.388345,654.680438,994.180000,701.070000
1002.639188,679.699768,999.388345,654.680438,994.180000,701.080000
1002.639188,679.699768,999.388345,654.680438,994.180000,701.080000
1002.639188,679.699768,999.388345,654.680438,994.170000,701.080000
1002.639188,679.699768,999.388345,654.680438,994.170000,701.100000
1002.639188,678.671576,999.388345,654.680438,994.150000,701.120000
1002.639188,677.643385,999.388345,654.680438,994.140000,701.090000
1002.639188,677.643385,999.388345,654.680438,994.150000,701.130000
1002.639188,677.643385,999.388345,654.680438,994.150000,701.150000
1002.639188,676.615193,999.388345,654.680438,994.140000,701.140000
1002.639188,675.929732,999.388345,654.680438,994.120000,701.140000
1002.639188,675.929732,999.388345,654.680438,994.110000,701.130000
1002.639188,675.929732,999.388345,654.680438,994.110000,701.130000
1001.916778,675.587001,999.388345,654.680438,994.130000,701.130000
1001.555574,675.244271,999.388345,654.680438,994.130000,701.140000
1001.555574,675.244271,999.388345,654.680438,994.130000,701.140000
1001.555574,675.244271,999.388345,654.680438,994.110000,701.150000
1001.555574,675.244271,999.388345,654.680438,994.090000,701.180000
1001.555574,675.244271,999.388345,654.680438,994.090000,701.170000
1001.555574,675.244271,999.388345,654.680438,994.080000,701.170000
1001.555574,675.244271,999.388345,654.680438,994.070000,701.180000
1001.555574,675.244271,999.388345,654.680438,994.050000,701.170000
1001.555574,675.244271,999.388345,654.680438,994.060000,701.190000
1001.555574,675.244271,999.388345,654.680438,994.060000,701.170000
1001.555574,675.244271,999.388345,654.680438,994.060000,701.190000
1001.555574,675.244271,999.388345,654.680438,994.060000,701.190000
1001.555574,675.244271,999.388345,654.680438,994.070000,701.220000
1001.555574,674.901540,999.388345,654.680438,994.070000,701.230000
1001.555574,674.901540,999.388345,654.680438,994.060000,701.240000
1001.194369,673.530618,999.388345,654.680438,994.060000,701.240000
1001.194369,673.530618,997.582322,655.365899,994.050000,701.230000
1001.194369,673.530618,997.980000,655.100000,994.050000,701.230000
1001.194369,673.530618,998.010000,654.990000,994.050000,701.240000
1001.194369,673.530618,998.010000,655.000000,994.040000,701.270000
1001.194369,673.530618,998.020000,655.000000,994.040000,701.280000
1001.194369,673.530618,998.030000,655.000000,994.040000,701.280000
1001.194369,673.530618,998.030000,655.000000,994.010000,701.270000
1001.194369,673.530618,998.030000,655.000000,994.000000,701.300000
1001.194369,673.530618,998.040000,655.000000,993.990000,701.280000
1001.194369,673.530618,998.040000,655.010000,993.970000,701.300000
1001.194369,671.816965,998.040000,655.010000,993.990000,701.260000
1001.194369,671.816965,998.040000,655.010000,993.980000,701.280000
1001.194369,671.816965,998.050000,655.010000,993.970000,701.330000
1001.194369,671.816965,998.060000,655.020000,993.980000,701.330000
1001.194369,671.816965,998.050000,655.040000,993.980000,701.320000
1001.194369,671.816965,998.060000,655.040000,993.970000,701.340000
1001.194369,671.816965,998.060000,655.040000,993.960000,701.330000
1001.194369,671.816965,998.060000,655.050000,993.960000,701.350000
1001.194369,671.816965,998.070000,655.060000,993.960000,701.350000
1001.194369,671.816965,998.080000,655.060000,993.950000,701.340000
1001.194369,671.131504,998.080000,655.070000,993.950000,701.350000
1001.194369,671.131504,998.080000,655.070000,993.920000,701.330000
1001.194369,671.131504,998.070000,655.070000,993.920000,701.370000
1001.194369,671.131504,998.090000,655.080000,993.920000,701.370000
1001.194369,671.131504,998.090000,655.070000,993.920000,701.350000
1000.833164,670.446043,998.100000,655.070000,993.910000,701.340000
1000.833164,670.446043,998.100000,655.080000,993.920000,701.370000
1000.833164,670.446043,998.100000,655.070000,993.920000,701.340000
1000.471959,670.103313,998.110000,655.070000,993.910000,701.340000
1000.471959,670.103313,998.110000,655.070000,993.900000,701.360000
1000.471959,670.103313,998.110000,655.070000,993.890000,701.370000
1000.471959,670.103313,998.120000,655.080000,993.890000,701.370000
1000.471959,670.103313,998.130000,655.090000,993.880000,701.370000
1000.110755,669.075121,998.130000,655.090000,993.880000,701.370000
1000.110755,669.075121,998.120000,655.090000,993.880000,701.370000
1000.110755,669.075121,998.140000,655.090000,993.860000,701.390000
999.749550,668.732390,998.160000,655.090000,993.880000,701.360000
999.749550,668.732390,998.160000,655.090000,993.880000,701.450000
999.749550,668.732390,998.160000,655.090000,993.850000,701.840000
999.749550,668.732390,998.160000,655.090000,993.840000,701.840000
999.749550,668.389660,998.160000,655.090000,993.840000,701.840000
999.749550,668.389660,998.150000,655.070000,993.840000,701.840000
999.749550,668.389660,998.150000,655.080000,993.850000,701.830000
999.749550,668.389660,998.150000,655.080000,993.840000,701.860000
999.749550,668.389660,998.140000,655.080000,993.840000,701.840000
999.749550,668.389660,998.150000,655.080000,993.830000,701.840000
999.749550,668.389660,998.160000,655.070000,993.830000,701.830000
999.749550,668.389660,998.170000,655.060000,993.800000,701.830000
999.749550,668.389660,998.170000,655.060000,993.810000,701.830000
999.749550,668.389660,998.170000,655.060000,993.790000,701.830000
999.749550,668.389660,998.190000,655.070000,993.800000,701.840000
999.749550,668.389660,998.170000,655.060000,993.790000,701.890000
999.749550,668.389660,998.170000,655.050000,993.780000,701.870000
999.749550,668.389660,998.200000,655.050000,993.780000,701.860000
999.749550,667.018738,998.180000,655.040000,993.770000,701.890000
999.749550,667.018738,998.190000,655.040000,993.760000,701.870000
999.749550,667.018738,998.200000,655.040000,993.750000,701.880000
999.749550,667.018738,998.180000,655.030000,993.750000,701.870000
999.749550,667.018738,998.190000,655.040000,993.740000,701.870000
999.749550,667.018738,998.190000,655.030000,993.730000,701.860000
999.749550,667.018738,998.200000,655.030000,993.730000,701.860000
999.749550,667.018738,998.200000,655.030000,993.710000,701.870000
999.749550,667.018738,998.210000,655.030000,993.690000,701.870000
999.749550,667.018738,998.210000,655.030000,993.710000,701.880000
999.749550,667.018738,998.220000,655.030000,993.700000,701.880000
999.749550,667.018738,998.220000,655.030000,993.690000,701.870000
999.749550,666.333277,998.240000,655.030000,993.650000,701.870000
999.749550,666.333277,998.220000,655.030000,993.660000,701.870000
999.749550,666.333277,998.220000,655.030000,993.660000,701.860000
999.749550,666.333277,998.240000,655.030000,993.660000,701.870000
999.749550,666.333277,998.250000,655.040000,993.640000,701.870000
999.749550,666.333277,998.230000,655.030000,993.630000,701.870000
999.749550,666.333277,998.240000,655.010000,993.640000,701.870000
999.749550,666.333277,998.210000,655.010000,993.630000,701.870000
999.749550,666.333277,998.210000,655.000000,993.610000,701.860000
999.749550,665.990546,998.180000,655.000000,993.630000,701.870000
999.749550,665.990546,998.200000,654.990000,993.620000,701.870000
999.749550,665.990546,998.220000,655.000000,993.610000,701.870000
999.749550,665.647815,998.200000,654.990000,993.610000,701.850000
999.749550,665.647815,998.210000,654.970000,993.590000,701.860000
999.749550,665.647815,998.210000,654.970000,993.590000,701.860000
999.749550,665.305085,998.230000,654.950000,993.590000,701.870000
999.749550,665.305085,998.230000,654.940000,993.580000,701.880000
999.749550,665.305085,998.230000,654.930000,993.580000,701.860000
999.749550,665.305085,998.240000,654.940000,993.570000,701.850000
1000.110755,665.305085,998.260000,654.940000,993.570000,701.860000
1000.471959,664.962354,998.250000,654.940000,993.510000,701.870000
1000.471959,664.276893,998.220000,654.930000,993.390000,701.880000
1000.471959,664.276893,998.220000,654.920000,993.400000,701.870000
1000.471959,663.591432,998.240000,654.910000,993.390000,701.870000
1000.471959,663.591432,998.240000,654.890000,993.390000,701.880000
1000.110755,663.248702,998.240000,654.890000,993.380000,701.870000
1000.110755,662.905971,998.220000,654.880000,993.370000,701.870000
1000.110755,662.905971,998.230000,654.870000,993.350000,701.860000
1000.110755,662.905971,998.230000,654.860000,993.350000,701.870000
1000.110755,662.905971,998.230000,654.850000,993.350000,701.870000
1000.110755,662.905971,998.250000,654.890000,993.330000,701.900000
1000.110755,662.905971,998.250000,654.880000,993.330000,701.890000
1000.110755,662.905971,998.240000,654.860000,993.330000,701.880000
1000.110755,661.535049,998.230000,654.850000,993.330000,701.880000
1000.471959,661.535049,998.230000,654.840000,993.320000,701.880000
1000.471959,661.535049,998.250000,654.840000,993.330000,701.870000
1000.110755,660.849588,998.230000,654.830000,993.310000,701.860000
999.749550,660.506857,998.210000,654.820000,993.280000,701.860000
999.749550,660.506857,998.200000,654.820000,993.290000,701.850000
999.027141,660.506857,998.210000,654.810000,993.300000,701.840000
999.027141,660.506857,998.210000,654.800000,993.300000,701.840000
999.027141,660.506857,998.220000,654.820000,993.310000,701.850000
999.027141,660.506857,998.220000,654.790000,993.260000,701.850000
999.027141,660.506857,998.200000,654.780000,993.270000,701.840000
999.027141,660.506857,998.200000,654.750000,993.280000,701.830000
999.027141,660.506857,998.230000,654.740000,993.280000,701.840000
999.027141,660.506857,998.190000,654.730000,993.270000,701.830000
999.027141,660.506857,998.190000,654.740000,993.260000,701.850000
999.027141,660.506857,998.210000,654.730000,993.250000,701.850000
999.027141,658.793204,998.230000,654.740000,993.250000,701.840000
999.027141,658.793204,998.250000,654.720000,993.240000,701.840000
999.027141,658.793204,998.210000,654.730000,993.240000,701.840000
999.027141,657.422282,998.230000,654.710000,993.230000,701.830000
999.027141,657.422282,998.230000,654.680000,993.240000,701.840000
999.388345,656.736821,998.230000,654.680000,993.240000,701.830000
999.388345,656.736821,998.250000,654.670000,993.240000,701.830000
999.388345,656.736821,998.220000,654.670000,993.240000,701.840000
999.388345,656.736821,998.230000,654.660000,993.230000,701.830000
999.388345,656.736821,998.220000,654.640000,993.220000,701.830000
999.388345,656.736821,998.260000,654.600000,993.210000,701.820000
999.388345,656.051360,998.290000,654.600000,993.220000,701.800000
999.388345,655.708630,998.250000,654.570000,993.190000,701.810000
999.388345,654.680438,998.260000,654.560000,993.170000,701.810000
999.388345,654.680438,998.260000,654.540000,993.190000,701.800000
999.388345,654.680438,998.260000,654.510000,993.180000,701.790000
999.388345,654.680438,998.250000,654.140000,993.180000,701.800000
999.388345,654.680438,998.240000,654.130000,993.170000,701.770000
999.388345,654.680438,998.260000,654.120000,993.170000,701.770000
999.388345,654.680438,998.260000,654.090000,993.160000,701.790000
999.388345,654.680438,998.230000,654.060000,993.150000,701.780000
999.388345,654.680438,998.250000,654.070000,993.150000,701.760000
999.388345,654.680438,998.250000,654.060000,993.140000,701.780000
999.388345,654.680438,998.270000,654.070000,993.160000,701.760000
999.388345,654.680438,998.280000,654.030000,993.150000,701.760000
999.388345,654.680438,998.280000,654.030000,993.140000,701.750000
999.388345,654.680438,998.310000,654.010000,993.140000,701.740000
999.388345,654.680438,998.310000,653.990000,993.160000,701.720000
999.388345,654.680438,998.320000,653.970000,993.140000,701.750000
999.388345,654.680438,998.310000,653.970000,993.140000,701.760000
999.388345,654.680438,998.340000,653.950000,993.130000,701.740000
999.388345,654.680438,998.350000,653.940000,993.130000,701.720000
999.388345,654.680438,998.360000,653.940000,993.130000,701.720000
999.388345,654.680438,998.350000,653.920000,993.120000,701.700000
999.388345,654.680438,998.360000,653.920000,993.100000,701.720000
999.388345,654.680438,998.340000,653.900000,993.090000,701.710000
999.388345,654.680438,998.360000,653.880000,993.100000,701.730000
999.388345,654.680438,998.420000,653.880000,993.110000,701.710000
999.388345,654.680438,998.400000,653.880000,993.110000,701.710000
999.388345,654.680438,998.390000,653.860000,993.110000,701.710000
NaN,NaN,998.410000,653.850000,993.100000,701.720000
NaN,NaN,998.380000,653.820000,993.080000,701.700000
NaN,NaN,998.430000,653.830000,993.080000,701.670000
NaN,NaN,998.410000,653.830000,993.080000,701.650000
NaN,NaN,998.390000,653.830000,993.080000,701.640000
NaN,NaN,998.420000,653.820000,993.070000,701.650000
NaN,NaN,998.460000,653.820000,993.090000,701.650000
NaN,NaN,998.470000,653.810000,993.100000,701.650000
NaN,NaN,998.450000,653.790000,993.080000,701.640000
NaN,NaN,998.510000,653.770000,993.090000,701.620000
NaN,NaN,998.730000,653.790000,993.090000,701.630000
NaN,NaN,998.800000,653.780000,993.090000,701.620000
NaN,NaN,998.820000,653.770000,993.090000,701.620000
NaN,NaN,998.830000,653.750000,993.080000,701.610000
NaN,NaN,998.850000,653.760000,993.070000,701.610000
NaN,NaN,998.840000,653.740000,993.090000,701.610000
NaN,NaN,998.850000,653.730000,993.080000,701.580000
NaN,NaN,998.890000,653.710000,993.060000,701.580000
NaN,NaN,998.920000,653.680000,993.070000,701.560000
NaN,NaN,998.920000,653.690000,993.060000,701.570000
NaN,NaN,998.900000,653.690000,993.040000,701.550000
NaN,NaN,998.940000,653.680000,993.060000,701.550000
NaN,NaN,998.920000,653.680000,993.040000,701.540000
NaN,NaN,998.940000,653.670000,993.050000,701.530000
NaN,NaN,998.930000,653.650000,993.060000,701.540000
NaN,NaN,998.970000,653.650000,993.050000,701.520000
NaN,NaN,998.970000,653.630000,993.050000,701.470000
NaN,NaN,998.990000,653.630000,993.080000,701.130000
NaN,NaN,999.010000,653.610000,993.080000,701.130000
NaN,NaN,999.010000,653.600000,993.090000,701.120000
NaN,NaN,999.040000,653.600000,993.100000,701.120000
NaN,NaN,999.050000,653.590000,993.070000,701.130000
NaN,NaN,999.060000,653.590000,993.100000,701.110000
NaN,NaN,999.070000,653.580000,993.090000,701.090000
NaN,NaN,999.060000,653.610000,993.080000,701.090000
NaN,NaN,999.120000,653.610000,993.080000,701.090000
NaN,NaN,999.130000,653.590000,993.070000,701.080000
NaN,NaN,999.140000,653.570000,993.080000,701.070000
NaN,NaN,999.150000,653.560000,993.070000,701.070000
NaN,NaN,999.120000,653.570000,993.080000,701.060000
NaN,NaN,999.150000,653.560000,993.080000,701.070000
NaN,NaN,999.190000,653.580000,993.070000,701.070000
NaN,NaN,999.220000,653.560000,993.080000,701.070000
NaN,NaN,999.200000,653.540000,993.060000,701.070000
NaN,NaN,999.190000,653.530000,993.070000,701.080000
NaN,NaN,999.240000,653.510000,993.070000,701.060000
NaN,NaN,999.320000,653.120000,993.040000,701.040000
NaN,NaN,999.320000,653.130000,993.050000,701.050000
NaN,NaN,999.370000,653.120000,993.050000,701.060000
NaN,NaN,999.340000,653.140000,993.060000,701.050000
NaN,NaN,999.340000,653.140000,993.050000,701.050000
NaN,NaN,999.390000,653.140000,993.060000,701.040000
NaN,NaN,999.410000,653.120000,993.040000,701.040000
NaN,NaN,999.370000,653.130000,993.040000,701.040000
NaN,NaN,999.380000,653.120000,993.030000,701.040000
NaN,NaN,999.440000,653.140000,993.040000,701.030000
NaN,NaN,999.540000,653.140000,993.040000,701.020000
NaN,NaN,999.850000,653.140000,993.050000,701.010000
NaN,NaN,999.850000,653.120000,993.050000,701.010000
NaN,NaN,999.880000,653.120000,993.060000,701.020000
NaN,NaN,999.900000,653.140000,993.050000,701.010000
NaN,NaN,999.940000,653.130000,993.050000,701.020000
NaN,NaN,999.970000,653.150000,993.040000,701.010000
NaN,NaN,999.980000,653.150000,993.040000,701.020000
NaN,NaN,999.990000,653.160000,993.040000,701.010000
NaN,NaN,1000.000000,653.140000,993.030000,701.010000
NaN,NaN,999.970000,653.130000,993.030000,701.000000
NaN,NaN,1000.020000,653.120000,993.030000,701.000000
NaN,NaN,1000.050000,653.120000,993.040000,701.000000
NaN,NaN,1000.050000,653.140000,993.030000,700.990000
NaN,NaN,1000.070000,653.140000,993.040000,700.990000
NaN,NaN,1000.080000,653.160000,993.040000,700.980000
NaN,NaN,1000.070000,653.160000,993.050000,700.980000
NaN,NaN,1000.080000,653.170000,993.040000,700.980000
NaN,NaN,1000.090000,653.160000,993.040000,700.980000
NaN,NaN,1000.110000,653.180000,993.030000,700.970000
NaN,NaN,1000.080000,653.230000,993.070000,700.950000
NaN,NaN,1000.090000,653.220000,993.050000,700.940000
NaN,NaN,1000.100000,653.230000,993.050000,700.950000
NaN,NaN,1000.130000,653.230000,993.050000,700.940000
NaN,NaN,1000.150000,653.220000,993.040000,700.940000
NaN,NaN,1000.140000,653.270000,993.060000,700.940000
NaN,NaN,1000.140000,653.270000,993.050000,700.930000
NaN,NaN,1000.110000,653.280000,993.040000,700.930000
NaN,NaN,1000.120000,653.300000,993.040000,700.930000
NaN,NaN,1000.150000,653.340000,993.050000,700.920000
NaN,NaN,1000.160000,653.390000,993.050000,700.930000
NaN,NaN,1000.160000,653.400000,993.030000,700.920000
NaN,NaN,1000.190000,653.430000,993.040000,700.930000
NaN,NaN,1000.220000,653.490000,993.050000,700.920000
NaN,NaN,1000.230000,653.800000,993.040000,700.890000
NaN,NaN,1000.280000,653.840000,993.040000,700.890000
NaN,NaN,1000.250000,653.820000,993.040000,700.870000
NaN,NaN,1000.260000,653.840000,993.050000,700.870000
NaN,NaN,1000.240000,653.860000,993.030000,700.880000
NaN,NaN,1000.250000,653.880000,993.030000,700.870000
NaN,NaN,1000.260000,653.890000,993.030000,700.860000
NaN,NaN,1000.290000,653.910000,993.040000,700.860000
NaN,NaN,1000.280000,653.930000,993.040000,700.860000
NaN,NaN,1000.260000,653.940000,993.040000,700.860000
NaN,NaN,1000.260000,653.970000,993.040000,700.860000
NaN,NaN,1000.210000,653.980000,993.030000,700.850000
NaN,NaN,1000.230000,654.000000,993.040000,700.860000
NaN,NaN,1000.240000,654.000000,993.050000,700.840000
NaN,NaN,1000.260000,654.010000,993.040000,700.840000
NaN,NaN,1000.260000,654.050000,993.040000,700.840000
NaN,NaN,1000.260000,654.130000,993.020000,700.850000
NaN,NaN,1000.270000,654.140000,993.030000,700.830000
NaN,NaN,1000.260000,654.160000,993.030000,700.810000
NaN,NaN,1000.260000,654.170000,993.050000,700.810000
NaN,NaN,1000.280000,654.220000,993.050000,700.820000
NaN,NaN,1000.260000,654.280000,993.060000,700.800000
NaN,NaN,1000.280000,654.300000,993.050000,700.790000
NaN,NaN,1000.280000,654.350000,993.040000,700.780000
NaN,NaN,1000.280000,654.420000,993.030000,700.780000
NaN,NaN,1000.300000,654.460000,993.050000,700.760000
NaN,NaN,1000.310000,654.730000,993.050000,700.770000
NaN,NaN,1000.330000,654.760000,993.070000,700.760000
NaN,NaN,1000.320000,654.770000,993.050000,700.760000
NaN,NaN,1000.340000,654.800000,993.070000,700.760000
NaN,NaN,1000.340000,654.820000,993.070000,700.760000
NaN,NaN,1000.350000,654.850000,993.050000,700.760000
NaN,NaN,1000.330000,654.880000,993.050000,700.740000
NaN,NaN,1000.310000,654.900000,993.040000,700.720000
NaN,NaN,1000.340000,654.920000,993.070000,700.720000
NaN,NaN,1000.330000,654.940000,993.060000,700.700000
NaN,NaN,1000.350000,654.960000,993.070000,700.690000
NaN,NaN,1000.330000,654.990000,993.070000,700.680000
NaN,NaN,1000.350000,655.020000,993.060000,700.680000
NaN,NaN,1000.370000,655.020000,993.060000,700.700000
NaN,NaN,1000.340000,655.050000,993.070000,700.680000
NaN,NaN,1000.360000,655.070000,993.070000,700.670000
NaN,NaN,1000.340000,655.120000,993.070000,700.670000
NaN,NaN,1000.350000,655.140000,993.080000,700.650000
NaN,NaN,1000.350000,655.150000,993.050000,700.670000
NaN,NaN,1000.380000,655.190000,993.060000,700.670000
NaN,NaN,1000.480000,655.120000,993.050000,700.700000
NaN,NaN,1000.680000,655.110000,993.060000,700.650000
NaN,NaN,1000.670000,655.150000,993.080000,700.640000
NaN,NaN,1000.770000,655.120000,993.070000,700.620000
NaN,NaN,1000.750000,655.160000,993.070000,700.610000
NaN,NaN,1000.820000,655.110000,993.050000,700.600000
NaN,NaN,1000.850000,655.150000,993.060000,700.600000
NaN,NaN,1000.930000,655.140000,993.060000,700.590000
NaN,NaN,1000.950000,655.140000,993.060000,700.590000
NaN,NaN,1001.000000,655.130000,993.090000,700.570000
NaN,NaN,1001.000000,655.120000,993.070000,700.550000
NaN,NaN,1001.040000,655.120000,993.080000,700.540000
NaN,NaN,1001.080000,655.100000,993.080000,700.540000
NaN,NaN,1001.100000,655.140000,993.070000,700.520000
NaN,NaN,1001.150000,655.120000,993.070000,700.540000
NaN,NaN,1001.140000,655.170000,993.080000,700.510000
NaN,NaN,1001.170000,655.150000,993.110000,700.140000
NaN,NaN,1001.170000,655.140000,993.120000,700.130000
NaN,NaN,1001.200000,655.130000,993.130000,700.130000
NaN,NaN,1001.220000,655.140000,993.120000,700.120000
NaN,NaN,1001.230000,655.110000,993.110000,700.120000
NaN,NaN,1001.240000,655.110000,993.120000,700.120000
NaN,NaN,1001.250000,655.120000,993.120000,700.140000
NaN,NaN,1001.250000,655.120000,993.110000,700.140000
NaN,NaN,1001.260000,655.110000,993.100000,700.110000
NaN,NaN,1001.270000,655.100000,993.100000,700.110000
NaN,NaN,1001.310000,655.080000,993.100000,700.120000
NaN,NaN,1001.300000,655.100000,993.130000,700.110000
NaN,NaN,1001.260000,655.090000,993.120000,700.110000
NaN,NaN,1001.260000,655.100000,993.110000,700.100000
NaN,NaN,1001.290000,655.120000,993.150000,700.120000
NaN,NaN,1001.250000,655.060000,993.140000,700.100000
NaN,NaN,1001.250000,655.060000,993.160000,700.100000
NaN,NaN,1001.240000,655.040000,993.120000,700.090000
NaN,NaN,1001.230000,655.040000,993.140000,700.080000
NaN,NaN,1001.240000,655.060000,993.130000,700.080000
NaN,NaN,1001.230000,655.050000,993.140000,700.070000
NaN,NaN,1001.210000,655.010000,993.130000,700.080000
NaN,NaN,1001.200000,655.020000,993.130000,700.070000
NaN,NaN,1001.190000,654.990000,993.130000,700.080000
NaN,NaN,1001.200000,654.980000,993.140000,700.080000
NaN,NaN,1001.200000,654.960000,993.150000,700.080000
NaN,NaN,1001.200000,654.960000,993.150000,700.060000
NaN,NaN,1001.190000,654.960000,993.150000,700.070000
NaN,NaN,1001.210000,654.960000,993.140000,700.060000
NaN,NaN,1001.170000,654.960000,993.130000,700.040000
NaN,NaN,1001.190000,654.950000,993.140000,700.040000
NaN,NaN,1001.210000,654.930000,993.140000,700.040000
NaN,NaN,1001.240000,654.940000,993.150000,700.050000
NaN,NaN,1001.240000,654.920000,993.150000,700.040000
NaN,NaN,1001.240000,654.910000,993.140000,700.030000
NaN,NaN,1001.230000,654.900000,993.140000,700.020000
NaN,NaN,1001.250000,654.910000,993.160000,700.030000
NaN,NaN,1001.250000,654.890000,993.160000,700.030000
NaN,NaN,1001.270000,654.870000,993.170000,700.020000
NaN,NaN,1001.290000,654.870000,993.180000,700.010000
NaN,NaN,1001.290000,654.890000,993.180000,700.010000
NaN,NaN,1001.300000,654.900000,993.160000,700.020000
NaN,NaN,1001.350000,654.920000,993.160000,700.010000
NaN,NaN,1001.370000,654.900000,993.160000,700.000000
NaN,NaN,1001.380000,654.880000,993.170000,699.980000
NaN,NaN,1001.400000,654.870000,993.160000,700.000000
NaN,NaN,1001.430000,654.910000,993.180000,700.000000
NaN,NaN,1001.430000,654.900000,993.170000,700.000000
NaN,NaN,1001.460000,654.920000,993.170000,700.000000
NaN,NaN,1001.540000,654.930000,993.170000,699.990000
NaN,NaN,1001.710000,654.980000,993.170000,699.980000
NaN,NaN,1001.720000,655.000000,993.160000,699.980000
NaN,NaN,1001.730000,655.000000,993.180000,699.970000
NaN,NaN,1001.750000,655.000000,993.180000,699.970000
NaN,NaN,1001.770000,654.980000,993.200000,699.960000
NaN,NaN,1001.790000,654.990000,993.200000,699.950000
NaN,NaN,1001.820000,654.960000,993.180000,699.970000
NaN,NaN,1001.850000,654.950000,993.190000,699.950000
NaN,NaN,1001.850000,654.970000,993.200000,699.950000
NaN,NaN,1001.870000,654.930000,993.200000,699.920000
NaN,NaN,1001.890000,654.920000,993.190000,699.930000
NaN,NaN,1001.930000,654.910000,993.210000,699.930000
NaN,NaN,1001.940000,654.910000,993.190000,699.940000
NaN,NaN,1001.950000,654.920000,993.200000,699.920000
NaN,NaN,1001.960000,654.960000,993.210000,699.910000
NaN,NaN,1001.970000,654.990000,993.210000,699.910000
NaN,NaN,1001.990000,654.980000,993.210000,699.920000
NaN,NaN,1001.990000,654.950000,993.220000,699.900000
NaN,NaN,1002.000000,654.950000,993.220000,699.920000
NaN,NaN,1002.020000,654.960000,993.220000,699.900000
NaN,NaN,1002.040000,654.950000,993.230000,699.900000
NaN,NaN,1002.060000,654.930000,993.240000,699.910000
NaN,NaN,1002.090000,654.950000,993.240000,699.900000
NaN,NaN,1002.100000,654.930000,993.250000,699.890000
NaN,NaN,1002.110000,654.930000,993.240000,699.890000
NaN,NaN,1002.120000,654.930000,993.240000,699.890000
NaN,NaN,1002.140000,654.910000,993.240000,699.870000
NaN,NaN,1002.140000,654.920000,993.250000,699.880000
NaN,NaN,1002.150000,654.920000,993.260000,699.880000
NaN,NaN,1002.160000,654.910000,993.270000,699.860000
NaN,NaN,1002.190000,654.910000,993.280000,699.890000
NaN,NaN,1002.210000,654.930000,993.280000,699.860000
NaN,NaN,1002.210000,654.900000,993.280000,699.860000
NaN,NaN,1002.250000,654.890000,993.290000,699.850000
NaN,NaN,1002.270000,654.910000,993.300000,699.850000
NaN,NaN,1002.260000,654.890000,993.290000,699.840000
NaN,NaN,1002.280000,654.900000,993.310000,699.840000
NaN,NaN,1002.280000,654.880000,993.310000,699.830000
NaN,NaN,1002.300000,654.860000,993.310000,699.820000
NaN,NaN,1002.350000,654.900000,993.330000,699.830000
NaN,NaN,1002.360000,654.920000,993.320000,699.820000
NaN,NaN,1002.370000,654.920000,993.320000,699.810000
NaN,NaN,1002.410000,654.910000,993.330000,699.810000
NaN,NaN,1002.420000,654.920000,993.330000,699.800000
NaN,NaN,1002.390000,654.870000,993.340000,699.800000
NaN,NaN,1002.430000,654.890000,993.320000,699.800000
NaN,NaN,1002.430000,654.850000,993.330000,699.810000
NaN,NaN,1002.460000,654.860000,993.340000,699.800000
NaN,NaN,1002.470000,654.840000,993.360000,699.790000
NaN,NaN,1002.520000,654.860000,993.360000,699.780000
NaN,NaN,1002.660000,654.900000,993.370000,699.790000
NaN,NaN,1002.720000,654.940000,993.360000,699.780000
NaN,NaN,1002.700000,654.910000,993.370000,699.740000
NaN,NaN,1002.740000,654.930000,993.370000,699.760000
NaN,NaN,1002.730000,654.900000,993.390000,699.760000
NaN,NaN,1002.770000,654.940000,993.390000,699.760000
NaN,NaN,1002.770000,654.930000,993.390000,699.750000
NaN,NaN,1002.810000,654.940000,993.410000,699.760000
NaN,NaN,1002.810000,654.920000,993.410000,699.740000
NaN,NaN,1002.790000,654.910000,993.420000,699.740000
NaN,NaN,1002.820000,654.890000,993.420000,699.730000
NaN,NaN,1002.840000,654.920000,993.440000,699.760000
NaN,NaN,1002.850000,654.920000,993.420000,699.750000
NaN,NaN,1002.850000,654.900000,993.430000,699.750000
NaN,NaN,1002.850000,654.890000,993.450000,699.750000
NaN,NaN,1002.870000,654.920000,993.470000,699.730000
NaN,NaN,1002.880000,654.900000,993.460000,699.710000
NaN,NaN,1002.890000,654.900000,993.450000,699.720000
NaN,NaN,1002.900000,654.860000,993.470000,699.710000
NaN,NaN,1002.950000,654.910000,993.480000,699.730000
NaN,NaN,1002.950000,654.890000,993.490000,699.720000
NaN,NaN,1002.970000,654.910000,993.600000,699.710000
NaN,NaN,1002.970000,654.900000,993.610000,699.710000
NaN,NaN,1002.960000,654.860000,993.610000,699.700000
NaN,NaN,1002.990000,654.860000,993.630000,699.700000
NaN,NaN,1002.980000,654.880000,993.630000,699.690000
NaN,NaN,1002.980000,654.840000,993.630000,699.690000
NaN,NaN,1003.010000,654.870000,993.630000,699.680000
NaN,NaN,1003.020000,654.820000,993.630000,699.670000
NaN,NaN,1003.020000,654.820000,993.640000,699.670000
NaN,NaN,1003.020000,654.800000,993.620000,699.660000
NaN,NaN,1003.030000,654.790000,993.650000,699.660000
NaN,NaN,1003.050000,654.800000,993.670000,699.650000
NaN,NaN,1003.050000,654.780000,993.660000,699.650000
NaN,NaN,1003.090000,654.800000,993.660000,699.700000
NaN,NaN,1003.110000,654.800000,993.670000,699.710000
NaN,NaN,1003.120000,654.810000,993.660000,699.690000
NaN,NaN,1003.120000,654.750000,993.680000,699.680000
NaN,NaN,1003.160000,654.740000,993.690000,699.650000
NaN,NaN,1003.190000,654.750000,993.690000,699.640000
NaN,NaN,1003.180000,654.700000,993.700000,699.630000
NaN,NaN,1003.170000,654.730000,993.690000,699.630000
NaN,NaN,1003.170000,654.710000,993.710000,699.610000
NaN,NaN,1003.200000,654.690000,993.700000,699.620000
NaN,NaN,1003.190000,654.680000,993.710000,699.650000
NaN,NaN,1003.210000,654.660000,993.720000,699.610000
NaN,NaN,1003.190000,654.680000,993.740000,699.600000
NaN,NaN,1003.210000,654.650000,993.730000,699.600000
NaN,NaN,1003.190000,654.650000,993.740000,699.590000
NaN,NaN,1003.220000,654.630000,993.740000,699.650000
NaN,NaN,1003.190000,654.640000,993.750000,699.670000
NaN,NaN,1003.190000,654.590000,993.750000,699.660000
NaN,NaN,1003.200000,654.620000,993.770000,699.630000
NaN,NaN,1003.220000,654.570000,993.770000,699.610000
NaN,NaN,1003.250000,654.650000,993.780000,699.630000
NaN,NaN,1003.210000,654.570000,993.790000,699.620000
NaN,NaN,1003.190000,654.560000,993.780000,699.630000
NaN,NaN,1003.160000,654.530000,993.790000,699.620000
NaN,NaN,1003.240000,654.500000,993.800000,699.610000
NaN,NaN,1003.190000,654.170000,993.810000,699.610000
NaN,NaN,1003.160000,654.120000,993.810000,699.620000
NaN,NaN,1003.170000,654.130000,993.790000,699.620000
NaN,NaN,1003.160000,654.120000,993.800000,699.590000
NaN,NaN,1003.150000,654.120000,993.800000,699.590000
NaN,NaN,1003.140000,654.170000,993.820000,699.610000
NaN,NaN,1003.180000,654.210000,993.830000,699.570000
NaN,NaN,1003.190000,654.190000,993.850000,699.580000
NaN,NaN,1003.180000,654.180000,993.840000,699.580000
NaN,NaN,1003.180000,654.100000,993.830000,699.580000
NaN,NaN,1003.190000,654.110000,993.820000,699.590000
NaN,NaN,1003.140000,654.100000,993.850000,699.570000
NaN,NaN,1003.110000,654.080000,993.850000,699.590000
NaN,NaN,1003.120000,654.040000,993.840000,699.580000
NaN,NaN,1003.140000,654.040000,993.850000,699.560000
NaN,NaN,1003.150000,654.080000,993.860000,699.590000
NaN,NaN,1003.140000,654.060000,993.860000,699.550000
NaN,NaN,1003.150000,654.030000,993.870000,699.580000
NaN,NaN,1003.130000,654.030000,993.880000,699.590000
NaN,NaN,1003.160000,654.050000,993.880000,699.600000
NaN,NaN,1003.180000,654.050000,993.870000,699.640000
NaN,NaN,1003.180000,654.040000,993.870000,699.630000
NaN,NaN,1003.250000,654.070000,993.880000,699.610000
NaN,NaN,1003.220000,654.050000,993.880000,699.620000
NaN,NaN,1003.190000,654.030000,993.900000,699.600000
NaN,NaN,1003.180000,654.020000,993.890000,699.600000
NaN,NaN,1003.210000,654.030000,993.900000,699.590000
NaN,NaN,1003.250000,654.090000,993.910000,699.590000
NaN,NaN,1003.190000,654.050000,993.900000,699.600000
NaN,NaN,1003.160000,654.070000,993.900000,699.600000
NaN,NaN,1003.230000,654.040000,993.920000,699.610000
NaN,NaN,1003.230000,654.020000,993.920000,699.600000
NaN,NaN,1003.200000,654.010000,993.920000,699.600000
NaN,NaN,1003.210000,654.010000,993.930000,699.630000
NaN,NaN,1003.230000,653.990000,993.940000,699.620000
NaN,NaN,1003.280000,654.030000,993.930000,699.620000
NaN,NaN,1003.280000,654.010000,993.930000,699.650000
NaN,NaN,1003.270000,654.010000,993.930000,699.640000
NaN,NaN,1003.280000,654.030000,993.940000,699.620000
NaN,NaN,1003.270000,654.050000,993.950000,699.640000
NaN,NaN,1003.290000,654.030000,993.950000,699.640000
NaN,NaN,1003.280000,654.020000,993.950000,699.640000
NaN,NaN,1003.300000,654.020000,993.940000,699.640000
NaN,NaN,1003.360000,654.060000,993.950000,699.640000
NaN,NaN,1003.340000,654.030000,993.950000,699.660000
NaN,NaN,1003.330000,654.000000,993.960000,699.690000
NaN,NaN,1003.360000,654.000000,993.960000,699.690000
NaN,NaN,1003.370000,653.990000,993.960000,699.670000
NaN,NaN,1003.340000,654.000000,993.970000,699.650000
NaN,NaN,1003.380000,654.010000,993.960000,699.660000
NaN,NaN,1003.350000,653.970000,993.960000,699.670000
NaN,NaN,1003.370000,653.970000,993.980000,699.670000
NaN,NaN,1003.390000,654.000000,993.980000,699.680000
NaN,NaN,1003.350000,654.000000,993.970000,699.690000
NaN,NaN,1003.370000,654.010000,993.990000,699.680000
NaN,NaN,1003.350000,654.000000,994.000000,699.690000
NaN,NaN,1003.400000,654.020000,993.990000,699.700000
NaN,NaN,1003.360000,654.000000,993.990000,699.700000
NaN,NaN,1003.360000,654.000000,994.010000,699.700000
NaN,NaN,1003.380000,654.000000,994.010000,699.710000
NaN,NaN,1003.350000,653.990000,994.010000,699.720000
NaN,NaN,1003.350000,653.990000,994.020000,699.730000
NaN,NaN,1003.400000,654.000000,994.010000,699.740000
NaN,NaN,1003.360000,654.010000,994.020000,699.740000
NaN,NaN,1003.360000,654.020000,994.020000,699.750000
NaN,NaN,1003.340000,653.990000,994.010000,699.750000
NaN,NaN,1003.310000,653.980000,994.020000,699.740000
NaN,NaN,1003.370000,654.030000,994.020000,699.740000
NaN,NaN,1003.350000,654.040000,994.010000,699.750000
NaN,NaN,1003.320000,654.010000,994.020000,699.740000
NaN,NaN,1003.340000,654.050000,994.030000,699.740000
NaN,NaN,1003.350000,654.030000,994.040000,699.750000
NaN,NaN,1003.320000,654.040000,994.040000,699.770000
NaN,NaN,1003.330000,654.070000,994.060000,699.760000
NaN,NaN,1003.320000,654.040000,994.050000,699.770000
NaN,NaN,1003.310000,654.070000,994.070000,699.720000
NaN,NaN,1003.300000,654.020000,994.070000,699.730000
NaN,NaN,1003.330000,654.060000,994.070000,699.760000
NaN,NaN,1003.400000,654.080000,994.070000,699.770000
NaN,NaN,1003.380000,654.070000,994.080000,699.780000
NaN,NaN,1003.290000,654.090000,994.080000,699.820000
NaN,NaN,1003.290000,654.070000,994.090000,699.810000
NaN,NaN,1003.320000,654.100000,994.090000,699.810000
NaN,NaN,1003.340000,654.100000,994.080000,699.830000
NaN,NaN,1003.360000,654.130000,994.110000,699.820000
NaN,NaN,1003.390000,654.130000,994.100000,699.820000
NaN,NaN,1003.360000,654.090000,994.100000,699.830000
NaN,NaN,1003.350000,654.100000,994.110000,699.830000
NaN,NaN,1003.360000,654.120000,994.100000,699.830000
NaN,NaN,1003.350000,654.140000,994.110000,699.840000
NaN,NaN,1003.350000,654.140000,994.100000,699.850000
NaN,NaN,1003.380000,654.140000,994.110000,699.860000
NaN,NaN,1003.380000,654.160000,994.140000,699.840000
NaN,NaN,1003.370000,654.180000,994.130000,699.840000
NaN,NaN,1003.320000,654.170000,994.140000,699.860000
NaN,NaN,1003.230000,654.170000,994.130000,699.880000
NaN,NaN,1003.240000,654.180000,994.140000,699.870000
NaN,NaN,1003.260000,654.180000,994.130000,699.870000
NaN,NaN,1003.260000,654.170000,994.140000,699.880000
NaN,NaN,1003.250000,654.190000,994.140000,699.880000
NaN,NaN,1003.240000,654.180000,994.140000,699.880000
NaN,NaN,1003.240000,654.200000,994.150000,699.870000
NaN,NaN,1003.270000,654.240000,994.160000,699.870000
NaN,NaN,1003.290000,654.200000,994.160000,699.890000
NaN,NaN,1003.250000,654.200000,994.160000,699.900000
NaN,NaN,1003.290000,654.250000,994.170000,699.890000
NaN,NaN,1003.310000,654.230000,994.160000,699.890000
NaN,NaN,1003.310000,654.230000,994.170000,699.910000
NaN,NaN,1003.320000,654.230000,994.180000,699.910000
NaN,NaN,1003.350000,654.250000,994.180000,699.920000
NaN,NaN,1003.220000,654.190000,994.150000,699.930000
NaN,NaN,1003.220000,654.240000,994.160000,699.920000
NaN,NaN,1003.270000,654.240000,994.170000,699.930000
NaN,NaN,1003.240000,654.260000,994.180000,699.930000
NaN,NaN,1003.240000,654.200000,994.180000,699.940000
NaN,NaN,1003.270000,654.240000,994.190000,699.940000
NaN,NaN,NaN,NaN,994.200000,699.970000
NaN,NaN,NaN,NaN,994.190000,699.970000
NaN,NaN,NaN,NaN,994.210000,699.980000
NaN,NaN,NaN,NaN,994.210000,699.970000
NaN,NaN,NaN,NaN,994.200000,699.980000
NaN,NaN,NaN,NaN,994.190000,699.980000
NaN,NaN,NaN,NaN,994.230000,699.980000
NaN,NaN,NaN,NaN,994.210000,699.990000
NaN,NaN,NaN,NaN,994.230000,699.980000
NaN,NaN,NaN,NaN,994.250000,700.000000
NaN,NaN,NaN,NaN,994.260000,700.000000
NaN,NaN,NaN,NaN,994.260000,700.010000
NaN,NaN,NaN,NaN,994.260000,700.010000
NaN,NaN,NaN,NaN,994.250000,700.010000
NaN,NaN,NaN,NaN,994.230000,700.040000
NaN,NaN,NaN,NaN,994.250000,700.030000
NaN,NaN,NaN,NaN,994.250000,700.020000
NaN,NaN,NaN,NaN,994.270000,700.040000
NaN,NaN,NaN,NaN,994.280000,700.040000
NaN,NaN,NaN,NaN,994.300000,700.040000
NaN,NaN,NaN,NaN,994.290000,700.050000
NaN,NaN,NaN,NaN,994.290000,700.030000
NaN,NaN,NaN,NaN,994.300000,700.030000
NaN,NaN,NaN,NaN,994.300000,700.050000
NaN,NaN,NaN,NaN,994.320000,700.060000
NaN,NaN,NaN,NaN,994.300000,700.060000
NaN,NaN,NaN,NaN,994.290000,700.060000
NaN,NaN,NaN,NaN,994.310000,700.060000
NaN,NaN,NaN,NaN,994.320000,700.070000
NaN,NaN,NaN,NaN,994.310000,700.090000
NaN,NaN,NaN,NaN,994.300000,700.070000
NaN,NaN,NaN,NaN,994.310000,700.080000
NaN,NaN,NaN,NaN,994.310000,700.080000
NaN,NaN,NaN,NaN,994.310000,700.080000
NaN,NaN,NaN,NaN,994.330000,700.090000
NaN,NaN,NaN,NaN,994.330000,700.090000
NaN,NaN,NaN,NaN,994.330000,700.090000
NaN,NaN,NaN,NaN,994.330000,700.100000
NaN,NaN,NaN,NaN,994.330000,700.100000
NaN,NaN,NaN,NaN,994.350000,700.120000
NaN,NaN,NaN,NaN,994.350000,700.130000
NaN,NaN,NaN,NaN,994.340000,700.130000
NaN,NaN,NaN,NaN,994.360000,700.120000
NaN,NaN,NaN,NaN,994.350000,700.150000
NaN,NaN,NaN,NaN,994.360000,700.140000
NaN,NaN,NaN,NaN,994.370000,700.130000
NaN,NaN,NaN,NaN,994.390000,700.140000
NaN,NaN,NaN,NaN,994.380000,700.140000
NaN,NaN,NaN,NaN,994.370000,700.160000
NaN,NaN,NaN,NaN,994.400000,700.160000
NaN,NaN,NaN,NaN,994.390000,700.160000
NaN,NaN,NaN,NaN,994.400000,700.170000
NaN,NaN,NaN,NaN,994.420000,700.150000
NaN,NaN,NaN,NaN,994.400000,700.160000
NaN,NaN,NaN,NaN,994.410000,700.200000
NaN,NaN,NaN,NaN,994.420000,700.180000
NaN,NaN,NaN,NaN,994.420000,700.190000
NaN,NaN,NaN,NaN,994.430000,700.200000
NaN,NaN,NaN,NaN,994.440000,700.230000
NaN,NaN,NaN,NaN,994.440000,700.230000
NaN,NaN,NaN,NaN,994.460000,700.230000
NaN,NaN,NaN,NaN,994.460000,700.240000
NaN,NaN,NaN,NaN,994.460000,700.230000
NaN,NaN,NaN,NaN,994.450000,700.260000
NaN,NaN,NaN,NaN,994.460000,700.250000
NaN,NaN,NaN,NaN,994.460000,700.250000
NaN,NaN,NaN,NaN,994.450000,700.250000
NaN,NaN,NaN,NaN,994.450000,700.250000
NaN,NaN,NaN,NaN,994.460000,700.260000
NaN,NaN,NaN,NaN,994.500000,700.260000
NaN,NaN,NaN,NaN,994.610000,700.250000
NaN,NaN,NaN,NaN,994.600000,700.240000
NaN,NaN,NaN,NaN,994.610000,700.260000
NaN,NaN,NaN,NaN,994.630000,700.260000
NaN,NaN,NaN,NaN,994.610000,700.260000
NaN,NaN,NaN,NaN,994.600000,700.260000
NaN,NaN,NaN,NaN,994.610000,700.270000
NaN,NaN,NaN,NaN,994.610000,700.280000
NaN,NaN,NaN,NaN,994.610000,700.290000
NaN,NaN,NaN,NaN,994.610000,700.280000
NaN,NaN,NaN,NaN,994.630000,700.280000
NaN,NaN,NaN,NaN,994.620000,700.290000
NaN,NaN,NaN,NaN,994.630000,700.290000
NaN,NaN,NaN,NaN,994.610000,700.300000
NaN,NaN,NaN,NaN,994.650000,700.320000
NaN,NaN,NaN,NaN,994.650000,700.340000
NaN,NaN,NaN,NaN,994.640000,700.360000
NaN,NaN,NaN,NaN,994.640000,700.360000
NaN,NaN,NaN,NaN,994.670000,700.340000
NaN,NaN,NaN,NaN,994.660000,700.350000
NaN,NaN,NaN,NaN,994.660000,700.350000
NaN,NaN,NaN,NaN,994.680000,700.370000
NaN,NaN,NaN,NaN,994.670000,700.360000
NaN,NaN,NaN,NaN,994.680000,700.370000
NaN,NaN,NaN,NaN,994.700000,700.360000
NaN,NaN,NaN,NaN,994.680000,700.370000
NaN,NaN,NaN,NaN,994.700000,700.370000
NaN,NaN,NaN,NaN,994.710000,700.370000
NaN,NaN,NaN,NaN,994.700000,700.380000
NaN,NaN,NaN,NaN,994.670000,700.440000
NaN,NaN,NaN,NaN,994.670000,700.420000
NaN,NaN,NaN,NaN,994.680000,700.410000
NaN,NaN,NaN,NaN,994.700000,700.420000
NaN,NaN,NaN,NaN,994.690000,700.430000
NaN,NaN,NaN,NaN,994.680000,700.430000
NaN,NaN,NaN,NaN,994.700000,700.420000
NaN,NaN,NaN,NaN,994.700000,700.430000
NaN,NaN,NaN,NaN,994.700000,700.440000
NaN,NaN,NaN,NaN,994.700000,700.470000
NaN,NaN,NaN,NaN,994.710000,700.470000
NaN,NaN,NaN,NaN,994.700000,700.470000
NaN,NaN,NaN,NaN,994.690000,700.470000
NaN,NaN,NaN,NaN,994.720000,700.490000
NaN,NaN,NaN,NaN,994.690000,700.890000
NaN,NaN,NaN,NaN,994.690000,700.930000
NaN,NaN,NaN,NaN,994.700000,700.950000
NaN,NaN,NaN,NaN,994.710000,700.940000
NaN,NaN,NaN,NaN,994.710000,700.920000
NaN,NaN,NaN,NaN,994.700000,700.920000
NaN,NaN,NaN,NaN,994.710000,700.920000
NaN,NaN,NaN,NaN,994.710000,700.910000
NaN,NaN,NaN,NaN,994.690000,700.930000
NaN,NaN,NaN,NaN,994.700000,700.940000
NaN,NaN,NaN,NaN,994.690000,700.940000
NaN,NaN,NaN,NaN,994.680000,700.940000
NaN,NaN,NaN,NaN,994.690000,700.930000
NaN,NaN,NaN,NaN,994.690000,700.930000
NaN,NaN,NaN,NaN,994.700000,700.930000
NaN,NaN,NaN,NaN,994.710000,700.960000
NaN,NaN,NaN,NaN,994.710000,700.950000
NaN,NaN,NaN,NaN,994.700000,700.960000
NaN,NaN,NaN,NaN,994.680000,700.960000
NaN,NaN,NaN,NaN,994.680000,700.970000
NaN,NaN,NaN,NaN,994.690000,700.980000
NaN,NaN,NaN,NaN,994.710000,700.980000
NaN,NaN,NaN,NaN,994.710000,700.970000
NaN,NaN,NaN,NaN,994.730000,700.980000
NaN,NaN,NaN,NaN,994.710000,700.980000
NaN,NaN,NaN,NaN,994.720000,700.970000
NaN,NaN,NaN,NaN,994.720000,700.970000
NaN,NaN,NaN,NaN,994.730000,700.980000
NaN,NaN,NaN,NaN,994.720000,700.980000
NaN,NaN,NaN,NaN,994.710000,700.990000
NaN,NaN,NaN,NaN,994.710000,700.990000
NaN,NaN,NaN,NaN,994.720000,701.020000
NaN,NaN,NaN,NaN,994.700000,701.010000
NaN,NaN,NaN,NaN,994.690000,701.000000
NaN,NaN,NaN,NaN,994.700000,700.990000
NaN,NaN,NaN,NaN,994.710000,700.990000
NaN,NaN,NaN,NaN,994.720000,701.000000
NaN,NaN,NaN,NaN,994.710000,701.000000
NaN,NaN,NaN,NaN,994.710000,701.010000
NaN,NaN,NaN,NaN,994.700000,701.010000
NaN,NaN,NaN,NaN,994.700000,701.010000
NaN,NaN,NaN,NaN,994.720000,701.020000
NaN,NaN,NaN,NaN,994.710000,701.010000
NaN,NaN,NaN,NaN,994.720000,701.040000
NaN,NaN,NaN,NaN,994.740000,701.020000
NaN,NaN,NaN,NaN,994.730000,701.020000
NaN,NaN,NaN,NaN,994.720000,701.050000
NaN,NaN,NaN,NaN,994.710000,701.030000
NaN,NaN,NaN,NaN,994.700000,701.020000
NaN,NaN,NaN,NaN,994.690000,701.020000
NaN,NaN,NaN,NaN,994.700000,701.030000
NaN,NaN,NaN,NaN,994.700000,701.040000
NaN,NaN,NaN,NaN,994.700000,701.050000
NaN,NaN,NaN,NaN,994.710000,701.030000
NaN,NaN,NaN,NaN,994.690000,701.030000
NaN,NaN,NaN,NaN,994.700000,701.030000
NaN,NaN,NaN,NaN,994.710000,701.040000
NaN,NaN,NaN,NaN,994.690000,701.040000
NaN,NaN,NaN,NaN,994.700000,701.040000
NaN,NaN,NaN,NaN,994.700000,701.040000
NaN,NaN,NaN,NaN,994.690000,701.030000
NaN,NaN,NaN,NaN,994.670000,701.040000
NaN,NaN,NaN,NaN,994.690000,701.030000
NaN,NaN,NaN,NaN,994.680000,701.040000
NaN,NaN,NaN,NaN,994.690000,701.050000
NaN,NaN,NaN,NaN,994.680000,701.050000
NaN,NaN,NaN,NaN,994.670000,701.060000
NaN,NaN,NaN,NaN,994.670000,701.060000
NaN,NaN,NaN,NaN,994.670000,701.070000
NaN,NaN,NaN,NaN,994.690000,701.060000
NaN,NaN,NaN,NaN,994.690000,701.050000
NaN,NaN,NaN,NaN,994.690000,701.050000
NaN,NaN,NaN,NaN,994.690000,701.050000
NaN,NaN,NaN,NaN,994.690000,701.050000
NaN,NaN,NaN,NaN,994.680000,701.060000
NaN,NaN,NaN,NaN,994.670000,701.050000
NaN,NaN,NaN,NaN,994.660000,701.060000
NaN,NaN,NaN,NaN,994.650000,701.060000
NaN,NaN,NaN,NaN,994.660000,701.050000
NaN,NaN,NaN,NaN,994.660000,701.060000
NaN,NaN,NaN,NaN,994.660000,701.070000
NaN,NaN,NaN,NaN,994.650000,701.080000
NaN,NaN,NaN,NaN,994.640000,701.070000
NaN,NaN,NaN,NaN,994.650000,701.070000
NaN,NaN,NaN,NaN,994.660000,701.060000
NaN,NaN,NaN,NaN,994.660000,701.070000
NaN,NaN,NaN,NaN,994.670000,701.060000
NaN,NaN,NaN,NaN,994.660000,701.050000
NaN,NaN,NaN,NaN,994.650000,701.050000
NaN,NaN,NaN,NaN,994.640000,701.070000
NaN,NaN,NaN,NaN,994.640000,701.070000
NaN,NaN,NaN,NaN,994.560000,701.100000
NaN,NaN,NaN,NaN,994.440000,701.130000
NaN,NaN,NaN,NaN,994.470000,701.120000
NaN,NaN,NaN,NaN,994.510000,701.100000
NaN,NaN,NaN,NaN,994.630000,701.100000
NaN,NaN,NaN,NaN,994.600000,701.090000
NaN,NaN,NaN,NaN,994.600000,701.090000
NaN,NaN,NaN,NaN,994.600000,701.090000
NaN,NaN,NaN,NaN,994.610000,701.090000
NaN,NaN,NaN,NaN,994.590000,701.080000
NaN,NaN,NaN,NaN,994.580000,701.090000
NaN,NaN,NaN,NaN,994.600000,701.090000
NaN,NaN,NaN,NaN,994.610000,701.100000
NaN,NaN,NaN,NaN,994.590000,701.100000
NaN,NaN,NaN,NaN,994.590000,701.110000
NaN,NaN,NaN,NaN,994.550000,701.090000
NaN,NaN,NaN,NaN,994.580000,701.110000
NaN,NaN,NaN,NaN,994.560000,701.100000
NaN,NaN,NaN,NaN,994.580000,701.080000
NaN,NaN,NaN,NaN,994.570000,701.080000
NaN,NaN,NaN,NaN,994.590000,701.090000
NaN,NaN,NaN,NaN,994.590000,701.080000
NaN,NaN,NaN,NaN,994.600000,701.080000
NaN,NaN,NaN,NaN,994.600000,701.070000
NaN,NaN,NaN,NaN,994.580000,701.090000
NaN,NaN,NaN,NaN,994.570000,701.090000
NaN,NaN,NaN,NaN,994.560000,701.090000
NaN,NaN,NaN,NaN,994.560000,701.090000
NaN,NaN,NaN,NaN,994.560000,701.100000
NaN,NaN,NaN,NaN,994.550000,701.100000
NaN,NaN,NaN,NaN,994.530000,701.140000
NaN,NaN,NaN,NaN,994.550000,701.120000
NaN,NaN,NaN,NaN,994.540000,701.110000
NaN,NaN,NaN,NaN,994.550000,701.110000
NaN,NaN,NaN,NaN,994.560000,701.120000
NaN,NaN,NaN,NaN,994.530000,701.130000
NaN,NaN,NaN,NaN,994.530000,701.120000
NaN,NaN,NaN,NaN,994.520000,701.120000
NaN,NaN,NaN,NaN,994.510000,701.110000
NaN,NaN,NaN,NaN,994.520000,701.110000
NaN,NaN,NaN,NaN,994.480000,701.120000
NaN,NaN,NaN,NaN,994.380000,701.110000
NaN,NaN,NaN,NaN,994.370000,701.120000
NaN,NaN,NaN,NaN,994.360000,701.120000
NaN,NaN,NaN,NaN,994.350000,701.120000
NaN,NaN,NaN,NaN,994.370000,701.130000
NaN,NaN,NaN,NaN,994.340000,701.130000
NaN,NaN,NaN,NaN,994.330000,701.110000
NaN,NaN,NaN,NaN,994.340000,701.110000
NaN,NaN,NaN,NaN,994.340000,701.120000
NaN,NaN,NaN,NaN,994.320000,701.130000
NaN,NaN,NaN,NaN,994.330000,701.140000
NaN,NaN,NaN,NaN,994.350000,701.110000
NaN,NaN,NaN,NaN,994.340000,701.120000
NaN,NaN,NaN,NaN,994.330000,701.120000
NaN,NaN,NaN,NaN,994.320000,701.120000
NaN,NaN,NaN,NaN,994.310000,701.120000
NaN,NaN,NaN,NaN,994.310000,701.110000
NaN,NaN,NaN,NaN,994.300000,701.100000
NaN,NaN,NaN,NaN,994.310000,701.120000
NaN,NaN,NaN,NaN,994.280000,701.150000
NaN,NaN,NaN,NaN,994.290000,701.140000
NaN,NaN,NaN,NaN,994.300000,701.100000
NaN,NaN,NaN,NaN,994.320000,701.110000
NaN,NaN,NaN,NaN,994.320000,701.110000
NaN,NaN,NaN,NaN,994.290000,701.100000
NaN,NaN,NaN,NaN,994.290000,701.120000
NaN,NaN,NaN,NaN,994.310000,701.120000
NaN,NaN,NaN,NaN,994.300000,701.100000
NaN,NaN,NaN,NaN,994.300000,701.110000
NaN,NaN,NaN,NaN,994.300000,701.110000
NaN,NaN,NaN,NaN,994.290000,701.100000
NaN,NaN,NaN,NaN,994.280000,701.100000
NaN,NaN,NaN,NaN,994.270000,701.110000
NaN,NaN,NaN,NaN,994.270000,701.100000
NaN,NaN,NaN,NaN,994.260000,701.130000
NaN,NaN,NaN,NaN,994.290000,701.120000
NaN,NaN,NaN,NaN,994.280000,701.110000
NaN,NaN,NaN,NaN,994.240000,701.100000
NaN,NaN,NaN,NaN,994.240000,701.100000
NaN,NaN,NaN,NaN,994.240000,701.090000
NaN,NaN,NaN,NaN,994.250000,701.070000
NaN,NaN,NaN,NaN,994.230000,701.070000
NaN,NaN,NaN,NaN,994.220000,701.080000
NaN,NaN,NaN,NaN,994.220000,701.080000
NaN,NaN,NaN,NaN,994.220000,701.080000
NaN,NaN,NaN,NaN,994.230000,701.080000
NaN,NaN,NaN,NaN,994.220000,701.070000
NaN,NaN,NaN,NaN,994.220000,701.070000
NaN,NaN,NaN,NaN,994.220000,701.060000
NaN,NaN,NaN,NaN,994.210000,701.090000
NaN,NaN,NaN,NaN,994.200000,701.080000
NaN,NaN,NaN,NaN,994.190000,701.080000
NaN,NaN,NaN,NaN,994.190000,701.070000
NaN,NaN,NaN,NaN,994.190000,701.070000
NaN,NaN,NaN,NaN,994.180000,701.080000
NaN,NaN,NaN,NaN,994.200000,701.070000
NaN,NaN,NaN,NaN,994.200000,701.070000
NaN,NaN,NaN,NaN,994.200000,701.100000
NaN,NaN,NaN,NaN,994.190000,701.080000
NaN,NaN,NaN,NaN,994.190000,701.090000
NaN,NaN,NaN,NaN,994.180000,701.080000
NaN,NaN,NaN,NaN,994.180000,701.070000
NaN,NaN,NaN,NaN,994.180000,701.060000
NaN,NaN,NaN,NaN,994.190000,701.060000
NaN,NaN,NaN,NaN,994.170000,701.070000
NaN,NaN,NaN,NaN,994.160000,701.060000
NaN,NaN,NaN,NaN,994.160000,701.050000
NaN,NaN,NaN,NaN,994.160000,701.060000
NaN,NaN,NaN,NaN,994.170000,701.060000
NaN,NaN,NaN,NaN,994.160000,701.050000
NaN,NaN,NaN,NaN,994.130000,701.060000
NaN,NaN,NaN,NaN,994.140000,701.050000
NaN,NaN,NaN,NaN,994.140000,701.040000
NaN,NaN,NaN,NaN,994.120000,701.050000
NaN,NaN,NaN,NaN,994.120000,701.030000
NaN,NaN,NaN,NaN,994.140000,701.040000
NaN,NaN,NaN,NaN,994.140000,701.040000
NaN,NaN,NaN,NaN,994.130000,701.040000
NaN,NaN,NaN,NaN,994.120000,701.040000
NaN,NaN,NaN,NaN,994.130000,701.040000
NaN,NaN,NaN,NaN,994.120000,701.040000
NaN,NaN,NaN,NaN,994.110000,701.030000
NaN,NaN,NaN,NaN,994.110000,701.030000
NaN,NaN,NaN,NaN,994.110000,701.030000
NaN,NaN,NaN,NaN,994.110000,701.020000
NaN,NaN,NaN,NaN,994.110000,701.020000
NaN,NaN,NaN,NaN,994.100000,701.020000
NaN,NaN,NaN,NaN,994.090000,701.030000
NaN,NaN,NaN,NaN,994.090000,701.020000
NaN,NaN,NaN,NaN,994.090000,701.000000
NaN,NaN,NaN,NaN,994.080000,701.000000
NaN,NaN,NaN,NaN,994.090000,701.000000
NaN,NaN,NaN,NaN,994.070000,701.020000
NaN,NaN,NaN,NaN,994.080000,701.010000
NaN,NaN,NaN,NaN,994.070000,701.020000
NaN,NaN,NaN,NaN,994.070000,701.000000
NaN,NaN,NaN,NaN,994.040000,700.990000
NaN,NaN,NaN,NaN,994.040000,700.990000
NaN,NaN,NaN,NaN,994.040000,700.980000
NaN,NaN,NaN,NaN,994.040000,700.980000
NaN,NaN,NaN,NaN,994.030000,700.980000
NaN,NaN,NaN,NaN,994.030000,700.970000
NaN,NaN,NaN,NaN,994.020000,700.960000
NaN,NaN,NaN,NaN,994.030000,700.970000
NaN,NaN,NaN,NaN,994.020000,700.970000
NaN,NaN,NaN,NaN,994.010000,700.970000
NaN,NaN,NaN,NaN,994.010000,700.960000
NaN,NaN,NaN,NaN,994.020000,700.980000
NaN,NaN,NaN,NaN,994.020000,700.960000
NaN,NaN,NaN,NaN,994.000000,700.960000
NaN,NaN,NaN,NaN,994.000000,700.940000
NaN,NaN,NaN,NaN,994.010000,700.940000
NaN,NaN,NaN,NaN,994.000000,700.930000
NaN,NaN,NaN,NaN,994.000000,700.920000
NaN,NaN,NaN,NaN,994.000000,700.920000
NaN,NaN,NaN,NaN,994.000000,700.920000
NaN,NaN,NaN,NaN,994.000000,700.920000
NaN,NaN,NaN,NaN,994.000000,700.910000
NaN,NaN,NaN,NaN,994.000000,700.900000
NaN,NaN,NaN,NaN,994.000000,700.900000
NaN,NaN,NaN,NaN,993.980000,700.910000
NaN,NaN,NaN,NaN,993.990000,700.910000
NaN,NaN,NaN,NaN,993.980000,700.920000
NaN,NaN,NaN,NaN,994.000000,700.910000
NaN,NaN,NaN,NaN,993.980000,700.890000
NaN,NaN,NaN,NaN,993.980000,700.890000
NaN,NaN,NaN,NaN,993.970000,700.890000
NaN,NaN,NaN,NaN,993.970000,700.870000
NaN,NaN,NaN,NaN,993.960000,700.890000
NaN,NaN,NaN,NaN,993.970000,700.890000
NaN,NaN,NaN,NaN,993.960000,700.880000
NaN,NaN,NaN,NaN,993.960000,700.880000
NaN,NaN,NaN,NaN,993.960000,700.870000
NaN,NaN,NaN,NaN,993.950000,700.880000
NaN,NaN,NaN,NaN,993.950000,700.870000
NaN,NaN,NaN,NaN,993.950000,700.860000
NaN,NaN,NaN,NaN,993.950000,700.860000
NaN,NaN,NaN,NaN,993.940000,700.860000
NaN,NaN,NaN,NaN,993.950000,700.850000
NaN,NaN,NaN,NaN,993.950000,700.880000
NaN,NaN,NaN,NaN,993.940000,700.870000
NaN,NaN,NaN,NaN,993.940000,700.860000
NaN,NaN,NaN,NaN,993.930000,700.820000
NaN,NaN,NaN,NaN,993.940000,700.830000
NaN,NaN,NaN,NaN,993.950000,700.830000
NaN,NaN,NaN,NaN,993.940000,700.820000
NaN,NaN,NaN,NaN,993.930000,700.810000
NaN,NaN,NaN,NaN,993.930000,700.800000
NaN,NaN,NaN,NaN,993.900000,700.820000
NaN,NaN,NaN,NaN,993.900000,700.800000
NaN,NaN,NaN,NaN,993.910000,700.780000
NaN,NaN,NaN,NaN,993.910000,700.790000
NaN,NaN,NaN,NaN,993.890000,700.830000
NaN,NaN,NaN,NaN,993.910000,700.800000
NaN,NaN,NaN,NaN,993.890000,700.780000
NaN,NaN,NaN,NaN,993.900000,700.790000
NaN,NaN,NaN,NaN,993.900000,700.760000
NaN,NaN,NaN,NaN,993.910000,700.770000
NaN,NaN,NaN,NaN,993.920000,700.760000
NaN,NaN,NaN,NaN,993.920000,700.750000
NaN,NaN,NaN,NaN,993.910000,700.760000
NaN,NaN,NaN,NaN,993.910000,700.740000
NaN,NaN,NaN,NaN,993.910000,700.730000
NaN,NaN,NaN,NaN,993.900000,700.730000
NaN,NaN,NaN,NaN,993.900000,700.720000
NaN,NaN,NaN,NaN,993.910000,700.710000
NaN,NaN,NaN,NaN,993.900000,700.700000
NaN,NaN,NaN,NaN,993.890000,700.700000
NaN,NaN,NaN,NaN,993.890000,700.710000
NaN,NaN,NaN,NaN,993.900000,700.730000
NaN,NaN,NaN,NaN,993.900000,700.710000
NaN,NaN,NaN,NaN,993.900000,700.710000
NaN,NaN,NaN,NaN,993.890000,700.710000
NaN,NaN,NaN,NaN,993.880000,700.690000
NaN,NaN,NaN,NaN,993.900000,700.700000
NaN,NaN,NaN,NaN,993.880000,700.670000
NaN,NaN,NaN,NaN,993.880000,700.680000
NaN,NaN,NaN,NaN,993.870000,700.670000
NaN,NaN,NaN,NaN,993.880000,700.690000
NaN,NaN,NaN,NaN,993.880000,700.670000
NaN,NaN,NaN,NaN,993.870000,700.640000
NaN,NaN,NaN,NaN,993.880000,700.640000
NaN,NaN,NaN,NaN,993.870000,700.630000
NaN,NaN,NaN,NaN,993.890000,700.630000
NaN,NaN,NaN,NaN,993.890000,700.650000
NaN,NaN,NaN,NaN,993.870000,700.610000
NaN,NaN,NaN,NaN,993.870000,700.610000
NaN,NaN,NaN,NaN,993.880000,700.600000
NaN,NaN,NaN,NaN,993.890000,700.590000
NaN,NaN,NaN,NaN,993.890000,700.600000
NaN,NaN,NaN,NaN,993.890000,700.590000
NaN,NaN,NaN,NaN,993.890000,700.570000
NaN,NaN,NaN,NaN,993.890000,700.540000
NaN,NaN,NaN,NaN,993.890000,700.560000
NaN,NaN,NaN,NaN,993.880000,700.540000
NaN,NaN,NaN,NaN,993.880000,700.560000
NaN,NaN,NaN,NaN,993.880000,700.540000
NaN,NaN,NaN,NaN,993.890000,700.550000
NaN,NaN,NaN,NaN,993.890000,700.500000
NaN,NaN,NaN,NaN,993.930000,700.140000
NaN,NaN,NaN,NaN,993.920000,700.150000
NaN,NaN,NaN,NaN,993.920000,700.150000
NaN,NaN,NaN,NaN,993.910000,700.150000
NaN,NaN,NaN,NaN,993.920000,700.160000
NaN,NaN,NaN,NaN,993.920000,700.150000
NaN,NaN,NaN,NaN,993.940000,700.150000
NaN,NaN,NaN,NaN,993.920000,700.150000
NaN,NaN,NaN,NaN,993.930000,700.140000
NaN,NaN,NaN,NaN,993.920000,700.150000
NaN,NaN,NaN,NaN,993.920000,700.130000
NaN,NaN,NaN,NaN,993.920000,700.140000
NaN,NaN,NaN,NaN,993.920000,700.140000
NaN,NaN,NaN,NaN,993.920000,700.130000
NaN,NaN,NaN,NaN,993.920000,700.120000
NaN,NaN,NaN,NaN,993.920000,700.120000
NaN,NaN,NaN,NaN,993.920000,700.110000
NaN,NaN,NaN,NaN,993.920000,700.110000
NaN,NaN,NaN,NaN,993.930000,700.100000
NaN,NaN,NaN,NaN,993.940000,700.110000
NaN,NaN,NaN,NaN,993.930000,700.110000
NaN,NaN,NaN,NaN,993.940000,700.100000
NaN,NaN,NaN,NaN,993.930000,700.100000
NaN,NaN,NaN,NaN,993.930000,700.100000
NaN,NaN,NaN,NaN,993.940000,700.100000
NaN,NaN,NaN,NaN,993.930000,700.100000
NaN,NaN,NaN,NaN,993.930000,700.100000
NaN,NaN,NaN,NaN,993.930000,700.090000
NaN,NaN,NaN,NaN,993.940000,700.080000
NaN,NaN,NaN,NaN,993.920000,700.080000
NaN,NaN,NaN,NaN,993.910000,700.080000
NaN,NaN,NaN,NaN,993.930000,700.070000
NaN,NaN,NaN,NaN,993.950000,700.050000
NaN,NaN,NaN,NaN,993.930000,700.060000
NaN,NaN,NaN,NaN,993.930000,700.050000
NaN,NaN,NaN,NaN,993.940000,700.050000
NaN,NaN,NaN,NaN,993.930000,700.050000
NaN,NaN,NaN,NaN,993.940000,700.050000
NaN,NaN,NaN,NaN,993.930000,700.060000
NaN,NaN,NaN,NaN,993.910000,700.060000
NaN,NaN,NaN,NaN,993.920000,700.050000
NaN,NaN,NaN,NaN,993.920000,700.050000
NaN,NaN,NaN,NaN,993.950000,700.040000
NaN,NaN,NaN,NaN,993.940000,700.050000
NaN,NaN,NaN,NaN,993.950000,700.040000
NaN,NaN,NaN,NaN,993.910000,700.050000
NaN,NaN,NaN,NaN,993.920000,700.060000
NaN,NaN,NaN,NaN,993.930000,700.060000
NaN,NaN,NaN,NaN,993.930000,700.050000
NaN,NaN,NaN,NaN,993.940000,700.040000
NaN,NaN,NaN,NaN,993.930000,700.040000
NaN,NaN,NaN,NaN,993.940000,700.040000
NaN,NaN,NaN,NaN,993.940000,700.050000
NaN,NaN,NaN,NaN,993.960000,700.030000
NaN,NaN,NaN,NaN,993.940000,700.020000
NaN,NaN,NaN,NaN,993.950000,700.020000
NaN,NaN,NaN,NaN,993.950000,700.030000
NaN,NaN,NaN,NaN,993.940000,700.020000
NaN,NaN,NaN,NaN,993.940000,700.020000
NaN,NaN,NaN,NaN,993.940000,700.020000
NaN,NaN,NaN,NaN,993.930000,700.010000
NaN,NaN,NaN,NaN,993.940000,700.020000
NaN,NaN,NaN,NaN,993.940000,700.000000
NaN,NaN,NaN,NaN,993.930000,700.010000
NaN,NaN,NaN,NaN,993.950000,700.010000
NaN,NaN,NaN,NaN,993.960000,700.020000
NaN,NaN,NaN,NaN,993.960000,700.020000
NaN,NaN,NaN,NaN,993.950000,700.020000
NaN,NaN,NaN,NaN,993.940000,700.010000
NaN,NaN,NaN,NaN,993.940000,700.010000
NaN,NaN,NaN,NaN,993.950000,700.010000
NaN,NaN,NaN,NaN,993.940000,700.010000
NaN,NaN,NaN,NaN,993.950000,700.010000
NaN,NaN,NaN,NaN,993.950000,700.010000
NaN,NaN,NaN,NaN,993.950000,700.010000
NaN,NaN,NaN,NaN,993.940000,700.020000
NaN,NaN,NaN,NaN,993.950000,700.010000
NaN,NaN,NaN,NaN,993.950000,700.000000
NaN,NaN,NaN,NaN,993.940000,700.010000
NaN,NaN,NaN,NaN,993.940000,700.010000
NaN,NaN,NaN,NaN,993.940000,700.000000
NaN,NaN,NaN,NaN,993.940000,700.000000
NaN,NaN,NaN,NaN,993.940000,699.990000
NaN,NaN,NaN,NaN,993.940000,700.010000
NaN,NaN,NaN,NaN,993.940000,700.000000
NaN,NaN,NaN,NaN,993.950000,700.000000
NaN,NaN,NaN,NaN,993.940000,700.010000
NaN,NaN,NaN,NaN,993.950000,700.010000
NaN,NaN,NaN,NaN,993.950000,700.010000
NaN,NaN,NaN,NaN,993.960000,700.010000
NaN,NaN,NaN,NaN,993.940000,700.010000
NaN,NaN,NaN,NaN,993.940000,700.000000
NaN,NaN,NaN,NaN,993.950000,700.000000
NaN,NaN,NaN,NaN,993.940000,700.010000
NaN,NaN,NaN,NaN,993.960000,700.000000
NaN,NaN,NaN,NaN,993.960000,700.000000
NaN,NaN,NaN,NaN,993.970000,699.990000
NaN,NaN,NaN,NaN,993.970000,700.010000
NaN,NaN,NaN,NaN,993.970000,700.000000
NaN,NaN,NaN,NaN,993.980000,700.000000
NaN,NaN,NaN,NaN,993.980000,699.990000
NaN,NaN,NaN,NaN,993.980000,699.980000
NaN,NaN,NaN,NaN,993.970000,699.990000
NaN,NaN,NaN,NaN,993.980000,699.990000
NaN,NaN,NaN,NaN,993.980000,699.990000
NaN,NaN,NaN,NaN,993.960000,700.000000
NaN,NaN,NaN,NaN,993.970000,699.990000
NaN,NaN,NaN,NaN,993.970000,699.990000
NaN,NaN,NaN,NaN,993.970000,699.990000
NaN,NaN,NaN,NaN,993.970000,699.980000
NaN,NaN,NaN,NaN,993.980000,699.990000
NaN,NaN,NaN,NaN,993.970000,699.980000
NaN,NaN,NaN,NaN,993.980000,700.000000
NaN,NaN,NaN,NaN,993.990000,699.980000
NaN,NaN,NaN,NaN,993.980000,699.990000
NaN,NaN,NaN,NaN,993.980000,699.980000
NaN,NaN,NaN,NaN,993.980000,699.980000
NaN,NaN,NaN,NaN,993.990000,699.980000
NaN,NaN,NaN,NaN,994.000000,699.980000
NaN,NaN,NaN,NaN,993.990000,699.980000
NaN,NaN,NaN,NaN,993.970000,700.000000
NaN,NaN,NaN,NaN,993.990000,699.990000
NaN,NaN,NaN,NaN,993.980000,699.990000
NaN,NaN,NaN,NaN,993.990000,699.980000
NaN,NaN,NaN,NaN,993.980000,699.990000
NaN,NaN,NaN,NaN,993.980000,700.010000
NaN,NaN,NaN,NaN,993.990000,700.010000
NaN,NaN,NaN,NaN,994.010000,700.010000
NaN,NaN,NaN,NaN,994.010000,700.010000
NaN,NaN,NaN,NaN,993.990000,700.010000
NaN,NaN,NaN,NaN,993.990000,700.010000
NaN,NaN,NaN,NaN,993.980000,700.000000
NaN,NaN,NaN,NaN,993.980000,700.000000
NaN,NaN,NaN,NaN,993.990000,700.010000
NaN,NaN,NaN,NaN,993.990000,700.000000
NaN,NaN,NaN,NaN,994.030000,700.010000
NaN,NaN,NaN,NaN,994.010000,700.010000
NaN,NaN,NaN,NaN,994.020000,700.020000
NaN,NaN,NaN,NaN,994.030000,700.020000
NaN,NaN,NaN,NaN,994.020000,700.020000
NaN,NaN,NaN,NaN,994.020000,700.030000
NaN,NaN,NaN,NaN,994.020000,700.020000
NaN,NaN,NaN,NaN,994.030000,700.010000
NaN,NaN,NaN,NaN,994.030000,700.010000
NaN,NaN,NaN,NaN,994.020000,700.010000
NaN,NaN,NaN,NaN,994.020000,700.010000
NaN,NaN,NaN,NaN,994.020000,700.000000
NaN,NaN,NaN,NaN,994.020000,700.000000
NaN,NaN,NaN,NaN,994.040000,700.010000
NaN,NaN,NaN,NaN,994.040000,700.010000
NaN,NaN,NaN,NaN,994.040000,700.000000
NaN,NaN,NaN,NaN,994.060000,700.010000
NaN,NaN,NaN,NaN,994.050000,700.000000
NaN,NaN,NaN,NaN,994.030000,700.030000
NaN,NaN,NaN,NaN,994.030000,700.020000
NaN,NaN,NaN,NaN,994.030000,700.020000
NaN,NaN,NaN,NaN,994.030000,700.010000
NaN,NaN,NaN,NaN,994.030000,700.020000
NaN,NaN,NaN,NaN,994.040000,700.020000
NaN,NaN,NaN,NaN,994.040000,700.020000
NaN,NaN,NaN,NaN,994.050000,700.020000
NaN,NaN,NaN,NaN,994.040000,700.030000
NaN,NaN,NaN,NaN,994.030000,700.040000
NaN,NaN,NaN,NaN,994.030000,700.040000
NaN,NaN,NaN,NaN,994.040000,700.040000
NaN,NaN,NaN,NaN,994.040000,700.030000
NaN,NaN,NaN,NaN,994.060000,700.020000
NaN,NaN,NaN,NaN,994.050000,700.030000
NaN,NaN,NaN,NaN,994.060000,700.040000
NaN,NaN,NaN,NaN,994.050000,700.040000
NaN,NaN,NaN,NaN,994.050000,700.050000
NaN,NaN,NaN,NaN,994.060000,700.040000
NaN,NaN,NaN,NaN,994.050000,700.050000
NaN,NaN,NaN,NaN,994.050000,700.050000
NaN,NaN,NaN,NaN,994.050000,700.050000
NaN,NaN,NaN,NaN,NaN,NaN
NaN,NaN,NaN,NaN,NaN,NaN
NaN,NaN,NaN,NaN,NaN,NaN
NaN,NaN,NaN,NaN,NaN,NaN
NaN,NaN,NaN,NaN,NaN,NaN
NaN,NaN,NaN,NaN,NaN,NaN
NaN,NaN,NaN,NaN,NaN,NaN
NaN,NaN,NaN,NaN,NaN,NaN
NaN,NaN,NaN,NaN,NaN,NaN
NaN,NaN,NaN,NaN,NaN,NaN
NaN,NaN,NaN,NaN,NaN,NaN
NaN,NaN,NaN,NaN,NaN,NaN
NaN,NaN,NaN,NaN,NaN,NaN
NaN,NaN,NaN,NaN,NaN,NaN
NaN,NaN,NaN,NaN,NaN,NaN
NaN,NaN,NaN,NaN,NaN,NaN
NaN,NaN,NaN,NaN,NaN,NaN
NaN,NaN,NaN,NaN,NaN,NaN
NaN,NaN,NaN,NaN,NaN,NaN
NaN,NaN,NaN,NaN,NaN,NaN
NaN,NaN,NaN,NaN,NaN,NaN
NaN,NaN,NaN,NaN,NaN,NaN
NaN,NaN,NaN,NaN,NaN,NaN
NaN,NaN,NaN,NaN,NaN,NaN
NaN,NaN,NaN,NaN,NaN,NaN
NaN,NaN,NaN,NaN,NaN,NaN
NaN,NaN,NaN,NaN,NaN,NaN
NaN,NaN,NaN,NaN,NaN,NaN
NaN,NaN,NaN,NaN,NaN,NaN
NaN,NaN,NaN,NaN,NaN,NaN
NaN,NaN,NaN,NaN,NaN,NaN
NaN,NaN,NaN,NaN,NaN,NaN
NaN,NaN,NaN,NaN,NaN,NaN
NaN,NaN,NaN,NaN,NaN,NaN
NaN,NaN,NaN,NaN,NaN,NaN
NaN,NaN,NaN,NaN,NaN,NaN
NaN,NaN,NaN,NaN,NaN,NaN
NaN,NaN,NaN,NaN,NaN,NaN
NaN,NaN,NaN,NaN,NaN,NaN
NaN,NaN,NaN,NaN,NaN,NaN
NaN,NaN,NaN,NaN,NaN,NaN
NaN,NaN,NaN,NaN,NaN,NaN
NaN,NaN,NaN,NaN,NaN,NaN
NaN,NaN,NaN,NaN,NaN,NaN
NaN,NaN,NaN,NaN,NaN,NaN
NaN,NaN,NaN,NaN,NaN,NaN
NaN,NaN,NaN,NaN,NaN,NaN
NaN,NaN,NaN,NaN,NaN,NaN
NaN,NaN,NaN,NaN,NaN,NaN
NaN,NaN,NaN,NaN,NaN,NaN
NaN,NaN,NaN,NaN,NaN,NaN
NaN,NaN,NaN,NaN,NaN,NaN
NaN,NaN,NaN,NaN,NaN,NaN
NaN,NaN,NaN,NaN,NaN,NaN
NaN,NaN,NaN,NaN,NaN,NaN
NaN,NaN,NaN,NaN,NaN,NaN
NaN,NaN,NaN,NaN,NaN,NaN
NaN,NaN,NaN,NaN,NaN,NaN
NaN,NaN,NaN,NaN,NaN,NaN
NaN,NaN,NaN,NaN,NaN,NaN
NaN,NaN,NaN,NaN,NaN,NaN
NaN,NaN,NaN,NaN,NaN,NaN
NaN,NaN,NaN,NaN,NaN,NaN
NaN,NaN,NaN,NaN,NaN,NaN
NaN,NaN,NaN,NaN,NaN,NaN
NaN,NaN,NaN,NaN,NaN,NaN
NaN,NaN,NaN,NaN,NaN,NaN
NaN,NaN,NaN,NaN,NaN,NaN
NaN,NaN,NaN,NaN,NaN,NaN
NaN,NaN,NaN,NaN,NaN,NaN
NaN,NaN,NaN,NaN,NaN,NaN
NaN,NaN,NaN,NaN,NaN,NaN
NaN,NaN,NaN,NaN,NaN,NaN
NaN,NaN,NaN,NaN,NaN,NaN
NaN,NaN,NaN,NaN,NaN,NaN
NaN,NaN,NaN,NaN,NaN,NaN
NaN,NaN,NaN,NaN,NaN,NaN
NaN,NaN,NaN,NaN,NaN,NaN
NaN,NaN,NaN,NaN,NaN,NaN
NaN,NaN,NaN,NaN,NaN,NaN
NaN,NaN,NaN,NaN,NaN,NaN
NaN,NaN,NaN,NaN,NaN,NaN
NaN,NaN,NaN,NaN,NaN,NaN
NaN,NaN,NaN,NaN,NaN,NaN
NaN,NaN,NaN,NaN,NaN,NaN
NaN,NaN,NaN,NaN,NaN,NaN
NaN,NaN,NaN,NaN,NaN,NaN
NaN,NaN,NaN,NaN,NaN,NaN
NaN,NaN,NaN,NaN,NaN,NaN
NaN,NaN,NaN,NaN,NaN,NaN
NaN,NaN,NaN,NaN,NaN,NaN
NaN,NaN,NaN,NaN,NaN,NaN
NaN,NaN,NaN,NaN,NaN,NaN
NaN,NaN,NaN,NaN,NaN,NaN
NaN,NaN,NaN,NaN,NaN,NaN
NaN,NaN,NaN,NaN,NaN,NaN
NaN,NaN,NaN,NaN,NaN,NaN
NaN,NaN,NaN,NaN,NaN,NaN
NaN,NaN,NaN,NaN,NaN,NaN
NaN,NaN,NaN,NaN,NaN,NaN
NaN,NaN,NaN,NaN,NaN,NaN
NaN,NaN,NaN,NaN,NaN,NaN
NaN,NaN,NaN,NaN,NaN,NaN
NaN,NaN,NaN,NaN,NaN,NaN
NaN,NaN,NaN,NaN,NaN,NaN
NaN,NaN,NaN,NaN,NaN,NaN
NaN,NaN,NaN,NaN,NaN,NaN
NaN,NaN,NaN,NaN,NaN,NaN
NaN,NaN,NaN,NaN,NaN,NaN
NaN,NaN,NaN,NaN,NaN,NaN
NaN,NaN,NaN,NaN,NaN,NaN
NaN,NaN,NaN,NaN,NaN,NaN
NaN,NaN,NaN,NaN,NaN,NaN
NaN,NaN,NaN,NaN,NaN,NaN
NaN,NaN,NaN,NaN,NaN,NaN
NaN,NaN,NaN,NaN,NaN,NaN
NaN,NaN,NaN,NaN,NaN,NaN
NaN,NaN,NaN,NaN,NaN,NaN
NaN,NaN,NaN,NaN,NaN,NaN
NaN,NaN,NaN,NaN,NaN,NaN
NaN,NaN,NaN,NaN,NaN,NaN
NaN,NaN,NaN,NaN,NaN,NaN
NaN,NaN,NaN,NaN,NaN,NaN
NaN,NaN,NaN,NaN,NaN,NaN
NaN,NaN,NaN,NaN,NaN,NaN
NaN,NaN,NaN,NaN,NaN,NaN
NaN,NaN,NaN,NaN,NaN,NaN
NaN,NaN,NaN,NaN,NaN,NaN
NaN,NaN,NaN,NaN,NaN,NaN
NaN,NaN,NaN,NaN,NaN,NaN
NaN,NaN,NaN,NaN,NaN,NaN
NaN,NaN,NaN,NaN,NaN,NaN
NaN,NaN,NaN,NaN,NaN,NaN
NaN,NaN,NaN,NaN,NaN,NaN
NaN,NaN,NaN,NaN,NaN,NaN
NaN,NaN,NaN,NaN,NaN,NaN
NaN,NaN,NaN,NaN,NaN,NaN
NaN,NaN,NaN,NaN,NaN,NaN
NaN,NaN,NaN,NaN,NaN,NaN
NaN,NaN,NaN,NaN,NaN,NaN
NaN,NaN,NaN,NaN,NaN,NaN
NaN,NaN,NaN,NaN,NaN,NaN
NaN,NaN,NaN,NaN,NaN,NaN
NaN,NaN,NaN,NaN,NaN,NaN
NaN,NaN,NaN,NaN,NaN,NaN
NaN,NaN,NaN,NaN,NaN,NaN
NaN,NaN,NaN,NaN,NaN,NaN
NaN,NaN,NaN,NaN,NaN,NaN
NaN,NaN,NaN,NaN,NaN,NaN
NaN,NaN,NaN,NaN,NaN,NaN
NaN,NaN,NaN,NaN,NaN,NaN
NaN,NaN,NaN,NaN,NaN,NaN
NaN,NaN,NaN,NaN,NaN,NaN
NaN,NaN,NaN,NaN,NaN,NaN
NaN,NaN,NaN,NaN,NaN,NaN
NaN,NaN,NaN,NaN,NaN,NaN
NaN,NaN,NaN,NaN,NaN,NaN
NaN,NaN,NaN,NaN,NaN,NaN
NaN,NaN,NaN,NaN,NaN,NaN
NaN,NaN,NaN,NaN,NaN,NaN
NaN,NaN,NaN,NaN,NaN,NaN
NaN,NaN,NaN,NaN,NaN,NaN
NaN,NaN,NaN,NaN,NaN,NaN
NaN,NaN,NaN,NaN,NaN,NaN
NaN,NaN,NaN,NaN,NaN,NaN
NaN,NaN,NaN,NaN,NaN,NaN
NaN,NaN,NaN,NaN,NaN,NaN
NaN,NaN,NaN,NaN,NaN,NaN
NaN,NaN,NaN,NaN,NaN,NaN
NaN,NaN,NaN,NaN,NaN,NaN
NaN,NaN,NaN,NaN,NaN,NaN
NaN,NaN,NaN,NaN,NaN,NaN
NaN,NaN,NaN,NaN,NaN,NaN
NaN,NaN,NaN,NaN,NaN,NaN
NaN,NaN,NaN,NaN,NaN,NaN
NaN,NaN,NaN,NaN,NaN,NaN
NaN,NaN,NaN,NaN,NaN,NaN
NaN,NaN,NaN,NaN,NaN,NaN
NaN,NaN,NaN,NaN,NaN,NaN
NaN,NaN,NaN,NaN,NaN,NaN
NaN,NaN,NaN,NaN,NaN,NaN
NaN,NaN,NaN,NaN,NaN,NaN
NaN,NaN,NaN,NaN,NaN,NaN
NaN,NaN,NaN,NaN,NaN,NaN
NaN,NaN,NaN,NaN,NaN,NaN
NaN,NaN,NaN,NaN,NaN,NaN
NaN,NaN,NaN,NaN,NaN,NaN
NaN,NaN,NaN,NaN,NaN,NaN
NaN,NaN,NaN,NaN,NaN,NaN
NaN,NaN,NaN,NaN,NaN,NaN
NaN,NaN,NaN,NaN,NaN,NaN
NaN,NaN,NaN,NaN,NaN,NaN
NaN,NaN,NaN,NaN,NaN,NaN
NaN,NaN,NaN,NaN,NaN,NaN
NaN,NaN,NaN,NaN,NaN,NaN
NaN,NaN,NaN,NaN,NaN,NaN
NaN,NaN,NaN,NaN,NaN,NaN
NaN,NaN,NaN,NaN,NaN,NaN
NaN,NaN,NaN,NaN,NaN,NaN
NaN,NaN,NaN,NaN,NaN,NaN
NaN,NaN,NaN,NaN,NaN,NaN
NaN,NaN,NaN,NaN,NaN,NaN
NaN,NaN,NaN,NaN,NaN,NaN
NaN,NaN,NaN,NaN,NaN,NaN
NaN,NaN,NaN,NaN,NaN,NaN
NaN,NaN,NaN,NaN,NaN,NaN
NaN,NaN,NaN,NaN,NaN,NaN
NaN,NaN,NaN,NaN,NaN,NaN
NaN,NaN,NaN,NaN,NaN,NaN
NaN,NaN,NaN,NaN,NaN,NaN
NaN,NaN,NaN,NaN,NaN,NaN
NaN,NaN,NaN,NaN,NaN,NaN
NaN,NaN,NaN,NaN,NaN,NaN
NaN,NaN,NaN,NaN,NaN,NaN
NaN,NaN,NaN,NaN,NaN,NaN
NaN,NaN,NaN,NaN,NaN,NaN
NaN,NaN,NaN,NaN,NaN,NaN
NaN,NaN,NaN,NaN,NaN,NaN
NaN,NaN,NaN,NaN,NaN,NaN
NaN,NaN,NaN,NaN,NaN,NaN
NaN,NaN,NaN,NaN,NaN,NaN
NaN,NaN,NaN,NaN,NaN,NaN
NaN,NaN,NaN,NaN,NaN,NaN
NaN,NaN,NaN,NaN,NaN,NaN
NaN,NaN,NaN,NaN,NaN,NaN
NaN,NaN,NaN,NaN,NaN,NaN
NaN,NaN,NaN,NaN,NaN,NaN
NaN,NaN,NaN,NaN,NaN,NaN
NaN,NaN,NaN,NaN,NaN,NaN
NaN,NaN,NaN,NaN,NaN,NaN
NaN,NaN,NaN,NaN,NaN,NaN
NaN,NaN,NaN,NaN,NaN,NaN
NaN,NaN,NaN,NaN,NaN,NaN
NaN,NaN,NaN,NaN,NaN,NaN
NaN,NaN,NaN,NaN,NaN,NaN
NaN,NaN,NaN,NaN,NaN,NaN
NaN,NaN,NaN,NaN,NaN,NaN
NaN,NaN,NaN,NaN,NaN,NaN
NaN,NaN,NaN,NaN,NaN,NaN
NaN,NaN,NaN,NaN,NaN,NaN
NaN,NaN,NaN,NaN,NaN,NaN
NaN,NaN,NaN,NaN,NaN,NaN
NaN,NaN,NaN,NaN,NaN,NaN
NaN,NaN,NaN,NaN,NaN,NaN
NaN,NaN,NaN,NaN,NaN,NaN
NaN,NaN,NaN,NaN,NaN,NaN
NaN,NaN,NaN,NaN,NaN,NaN
NaN,NaN,NaN,NaN,NaN,NaN
NaN,NaN,NaN,NaN,NaN,NaN
NaN,NaN,NaN,NaN,NaN,NaN
NaN,NaN,NaN,NaN,NaN,NaN
NaN,NaN,NaN,NaN,NaN,NaN
NaN,NaN,NaN,NaN,NaN,NaN
NaN,NaN,NaN,NaN,NaN,NaN
NaN,NaN,NaN,NaN,NaN,NaN
NaN,NaN,NaN,NaN,NaN,NaN
NaN,NaN,NaN,NaN,NaN,NaN
NaN,NaN,NaN,NaN,NaN,NaN
NaN,NaN,NaN,NaN,NaN,NaN
NaN,NaN,NaN,NaN,NaN,NaN
NaN,NaN,NaN,NaN,NaN,NaN
NaN,NaN,NaN,NaN,NaN,NaN
NaN,NaN,NaN,NaN,NaN,NaN
NaN,NaN,NaN,NaN,NaN,NaN
NaN,NaN,NaN,NaN,NaN,NaN
NaN,NaN,NaN,NaN,NaN,NaN
NaN,NaN,NaN,NaN,NaN,NaN
NaN,NaN,NaN,NaN,NaN,NaN
NaN,NaN,NaN,NaN,NaN,NaN
NaN,NaN,NaN,NaN,NaN,NaN
NaN,NaN,NaN,NaN,NaN,NaN
NaN,NaN,NaN,NaN,NaN,NaN
NaN,NaN,NaN,NaN,NaN,NaN
NaN,NaN,NaN,NaN,NaN,NaN
NaN,NaN,NaN,NaN,NaN,NaN
NaN,NaN,NaN,NaN,NaN,NaN
NaN,NaN,NaN,NaN,NaN,NaN
NaN,NaN,NaN,NaN,NaN,NaN
NaN,NaN,NaN,NaN,NaN,NaN
NaN,NaN,NaN,NaN,NaN,NaN
NaN,NaN,NaN,NaN,NaN,NaN
NaN,NaN,NaN,NaN,NaN,NaN
NaN,NaN,NaN,NaN,NaN,NaN
NaN,NaN,NaN,NaN,NaN,NaN
NaN,NaN,NaN,NaN,NaN,NaN
NaN,NaN,NaN,NaN,NaN,NaN
NaN,NaN,NaN,NaN,NaN,NaN
NaN,NaN,NaN,NaN,NaN,NaN
NaN,NaN,NaN,NaN,NaN,NaN
NaN,NaN,NaN,NaN,NaN,NaN
NaN,NaN,NaN,NaN,NaN,NaN
NaN,NaN,NaN,NaN,NaN,NaN
NaN,NaN,NaN,NaN,NaN,NaN
NaN,NaN,NaN,NaN,NaN,NaN
NaN,NaN,NaN,NaN,NaN,NaN
NaN,NaN,NaN,NaN,NaN,NaN
NaN,NaN,NaN,NaN,NaN,NaN
NaN,NaN,NaN,NaN,NaN,NaN
NaN,NaN,NaN,NaN,NaN,NaN
NaN,NaN,NaN,NaN,NaN,NaN
NaN,NaN,NaN,NaN,NaN,NaN
NaN,NaN,NaN,NaN,NaN,NaN
NaN,NaN,NaN,NaN,NaN,NaN
NaN,NaN,NaN,NaN,NaN,NaN
NaN,NaN,NaN,NaN,NaN,NaN
NaN,NaN,NaN,NaN,NaN,NaN
NaN,NaN,NaN,NaN,NaN,NaN
NaN,NaN,NaN,NaN,NaN,NaN
NaN,NaN,NaN,NaN,NaN,NaN
NaN,NaN,NaN,NaN,NaN,NaN
NaN,NaN,NaN,NaN,NaN,NaN
NaN,NaN,NaN,NaN,NaN,NaN
NaN,NaN,NaN,NaN,NaN,NaN
NaN,NaN,NaN,NaN,NaN,NaN
NaN,NaN,NaN,NaN,NaN,NaN
NaN,NaN,NaN,NaN,NaN,NaN
NaN,NaN,NaN,NaN,NaN,NaN
NaN,NaN,NaN,NaN,NaN,NaN
NaN,NaN,NaN,NaN,NaN,NaN
NaN,NaN,NaN,NaN,NaN,NaN
NaN,NaN,NaN,NaN,NaN,NaN
NaN,NaN,NaN,NaN,NaN,NaN
NaN,NaN,NaN,NaN,NaN,NaN
NaN,NaN,NaN,NaN,NaN,NaN
NaN,NaN,NaN,NaN,NaN,NaN
NaN,NaN,NaN,NaN,NaN,NaN
NaN,NaN,NaN,NaN,NaN,NaN
NaN,NaN,NaN,NaN,NaN,NaN
NaN,NaN,NaN,NaN,NaN,NaN
NaN,NaN,NaN,NaN,NaN,NaN
NaN,NaN,NaN,NaN,NaN,NaN
NaN,NaN,NaN,NaN,NaN,NaN
NaN,NaN,NaN,NaN,NaN,NaN
NaN,NaN,NaN,NaN,NaN,NaN
NaN,NaN,NaN,NaN,NaN,NaN
NaN,NaN,NaN,NaN,NaN,NaN
NaN,NaN,NaN,NaN,NaN,NaN
NaN,NaN,NaN,NaN,NaN,NaN
NaN,NaN,NaN,NaN,NaN,NaN
NaN,NaN,NaN,NaN,NaN,NaN
NaN,NaN,NaN,NaN,NaN,NaN
NaN,NaN,NaN,NaN,NaN,NaN
NaN,NaN,NaN,NaN,NaN,NaN
NaN,NaN,NaN,NaN,NaN,NaN
NaN,NaN,NaN,NaN,NaN,NaN
NaN,NaN,NaN,NaN,NaN,NaN
NaN,NaN,NaN,NaN,NaN,NaN
NaN,NaN,NaN,NaN,NaN,NaN
NaN,NaN,NaN,NaN,NaN,NaN
NaN,NaN,NaN,NaN,NaN,NaN
NaN,NaN,NaN,NaN,NaN,NaN
NaN,NaN,NaN,NaN,NaN,NaN
NaN,NaN,NaN,NaN,NaN,NaN
NaN,NaN,NaN,NaN,NaN,NaN
NaN,NaN,NaN,NaN,NaN,NaN
NaN,NaN,NaN,NaN,NaN,NaN
NaN,NaN,NaN,NaN,NaN,NaN
NaN,NaN,NaN,NaN,NaN,NaN
NaN,NaN,NaN,NaN,NaN,NaN
NaN,NaN,NaN,NaN,NaN,NaN
NaN,NaN,NaN,NaN,NaN,NaN
NaN,NaN,NaN,NaN,NaN,NaN
NaN,NaN,NaN,NaN,NaN,NaN
NaN,NaN,NaN,NaN,NaN,NaN
NaN,NaN,NaN,NaN,NaN,NaN
NaN,NaN,NaN,NaN,NaN,NaN
NaN,NaN,NaN,NaN,NaN,NaN
NaN,NaN,NaN,NaN,NaN,NaN
NaN,NaN,NaN,NaN,NaN,NaN
NaN,NaN,NaN,NaN,NaN,NaN
NaN,NaN,NaN,NaN,NaN,NaN
NaN,NaN,NaN,NaN,NaN,NaN
NaN,NaN,NaN,NaN,NaN,NaN
NaN,NaN,NaN,NaN,NaN,NaN
NaN,NaN,NaN,NaN,NaN,NaN
NaN,NaN,NaN,NaN,NaN,NaN
NaN,NaN,NaN,NaN,NaN,NaN
NaN,NaN,NaN,NaN,NaN,NaN
NaN,NaN,NaN,NaN,NaN,NaN
NaN,NaN,NaN,NaN,NaN,NaN
NaN,NaN,NaN,NaN,NaN,NaN
NaN,NaN,NaN,NaN,NaN,NaN
NaN,NaN,NaN,NaN,NaN,NaN
NaN,NaN,NaN,NaN,NaN,NaN
NaN,NaN,NaN,NaN,NaN,NaN
NaN,NaN,NaN,NaN,NaN,NaN
NaN,NaN,NaN,NaN,NaN,NaN
NaN,NaN,NaN,NaN,NaN,NaN
NaN,NaN,NaN,NaN,NaN,NaN
NaN,NaN,NaN,NaN,NaN,NaN
NaN,NaN,NaN,NaN,NaN,NaN
NaN,NaN,NaN,NaN,NaN,NaN
NaN,NaN,NaN,NaN,NaN,NaN
NaN,NaN,NaN,NaN,NaN,NaN
NaN,NaN,NaN,NaN,NaN,NaN
NaN,NaN,NaN,NaN,NaN,NaN
NaN,NaN,NaN,NaN,NaN,NaN
NaN,NaN,NaN,NaN,NaN,NaN
NaN,NaN,NaN,NaN,NaN,NaN
NaN,NaN,NaN,NaN,NaN,NaN
NaN,NaN,NaN,NaN,NaN,NaN
NaN,NaN,NaN,NaN,NaN,NaN
NaN,NaN,NaN,NaN,NaN,NaN
NaN,NaN,NaN,NaN,NaN,NaN
NaN,NaN,NaN,NaN,NaN,NaN
NaN,NaN,NaN,NaN,NaN,NaN
NaN,NaN,NaN,NaN,NaN,NaN
NaN,NaN,NaN,NaN,NaN,NaN
NaN,NaN,NaN,NaN,NaN,NaN
NaN,NaN,NaN,NaN,NaN,NaN
NaN,NaN,NaN,NaN,NaN,NaN
NaN,NaN,NaN,NaN,NaN,NaN
NaN,NaN,NaN,NaN,NaN,NaN
NaN,NaN,NaN,NaN,NaN,NaN
NaN,NaN,NaN,NaN,NaN,NaN
NaN,NaN,NaN,NaN,NaN,NaN
NaN,NaN,NaN,NaN,NaN,NaN
NaN,NaN,NaN,NaN,NaN,NaN
NaN,NaN,NaN,NaN,NaN,NaN
NaN,NaN,NaN,NaN,NaN,NaN
NaN,NaN,NaN,NaN,NaN,NaN
NaN,NaN,NaN,NaN,NaN,NaN
NaN,NaN,NaN,NaN,NaN,NaN
NaN,NaN,NaN,NaN,NaN,NaN
NaN,NaN,NaN,NaN,NaN,NaN
NaN,NaN,NaN,NaN,NaN,NaN
NaN,NaN,NaN,NaN,NaN,NaN
NaN,NaN,NaN,NaN,NaN,NaN
NaN,NaN,NaN,NaN,NaN,NaN
NaN,NaN,NaN,NaN,NaN,NaN
NaN,NaN,NaN,NaN,NaN,NaN
NaN,NaN,NaN,NaN,NaN,NaN
NaN,NaN,NaN,NaN,NaN,NaN
NaN,NaN,NaN,NaN,NaN,NaN
NaN,NaN,NaN,NaN,NaN,NaN
NaN,NaN,NaN,NaN,NaN,NaN
NaN,NaN,NaN,NaN,NaN,NaN
NaN,NaN,NaN,NaN,NaN,NaN
NaN,NaN,NaN,NaN,NaN,NaN
NaN,NaN,NaN,NaN,NaN,NaN
NaN,NaN,NaN,NaN,NaN,NaN
NaN,NaN,NaN,NaN,NaN,NaN
NaN,NaN,NaN,NaN,NaN,NaN
NaN,NaN,NaN,NaN,NaN,NaN
NaN,NaN,NaN,NaN,NaN,NaN
NaN,NaN,NaN,NaN,NaN,NaN
NaN,NaN,NaN,NaN,NaN,NaN
NaN,NaN,NaN,NaN,NaN,NaN
NaN,NaN,NaN,NaN,NaN,NaN
NaN,NaN,NaN,NaN,NaN,NaN
NaN,NaN,NaN,NaN,NaN,NaN
NaN,NaN,NaN,NaN,NaN,NaN
NaN,NaN,NaN,NaN,NaN,NaN
NaN,NaN,NaN,NaN,NaN,NaN
NaN,NaN,NaN,NaN,NaN,NaN
NaN,NaN,NaN,NaN,NaN,NaN
NaN,NaN,NaN,NaN,NaN,NaN
NaN,NaN,NaN,NaN,NaN,NaN
NaN,NaN,NaN,NaN,NaN,NaN
NaN,NaN,NaN,NaN,NaN,NaN
NaN,NaN,NaN,NaN,NaN,NaN
NaN,NaN,NaN,NaN,NaN,NaN
NaN,NaN,NaN,NaN,NaN,NaN
NaN,NaN,NaN,NaN,NaN,NaN
NaN,NaN,NaN,NaN,NaN,NaN
NaN,NaN,NaN,NaN,NaN,NaN
NaN,NaN,NaN,NaN,NaN,NaN
NaN,NaN,NaN,NaN,NaN,NaN
NaN,NaN,NaN,NaN,NaN,NaN
NaN,NaN,NaN,NaN,NaN,NaN
NaN,NaN,NaN,NaN,NaN,NaN
NaN,NaN,NaN,NaN,NaN,NaN
NaN,NaN,NaN,NaN,NaN,NaN
NaN,NaN,NaN,NaN,NaN,NaN
NaN,NaN,NaN,NaN,NaN,NaN
NaN,NaN,NaN,NaN,NaN,NaN
NaN,NaN,NaN,NaN,NaN,NaN
NaN,NaN,NaN,NaN,NaN,NaN
NaN,NaN,NaN,NaN,NaN,NaN
NaN,NaN,NaN,NaN,NaN,NaN
NaN,NaN,NaN,NaN,NaN,NaN
NaN,NaN,NaN,NaN,NaN,NaN
NaN,NaN,NaN,NaN,NaN,NaN
NaN,NaN,NaN,NaN,NaN,NaN
NaN,NaN,NaN,NaN,NaN,NaN
NaN,NaN,NaN,NaN,NaN,NaN
NaN,NaN,NaN,NaN,NaN,NaN
NaN,NaN,NaN,NaN,NaN,NaN
NaN,NaN,NaN,NaN,NaN,NaN
NaN,NaN,NaN,NaN,NaN,NaN
NaN,NaN,NaN,NaN,NaN,NaN
NaN,NaN,NaN,NaN,NaN,NaN
NaN,NaN,NaN,NaN,NaN,NaN
NaN,NaN,NaN,NaN,NaN,NaN
NaN,NaN,NaN,NaN,NaN,NaN
NaN,NaN,NaN,NaN,NaN,NaN
NaN,NaN,NaN,NaN,NaN,NaN
NaN,NaN,NaN,NaN,NaN,NaN
NaN,NaN,NaN,NaN,NaN,NaN
NaN,NaN,NaN,NaN,NaN,NaN
NaN,NaN,NaN,NaN,NaN,NaN
NaN,NaN,NaN,NaN,NaN,NaN
NaN,NaN,NaN,NaN,NaN,NaN
NaN,NaN,NaN,NaN,NaN,NaN
NaN,NaN,NaN,NaN,NaN,NaN
NaN,NaN,NaN,NaN,NaN,NaN
NaN,NaN,NaN,NaN,NaN,NaN
NaN,NaN,NaN,NaN,NaN,NaN
NaN,NaN,NaN,NaN,NaN,NaN
NaN,NaN,NaN,NaN,NaN,NaN
NaN,NaN,NaN,NaN,NaN,NaN
NaN,NaN,NaN,NaN,NaN,NaN
NaN,NaN,NaN,NaN,NaN,NaN
NaN,NaN,NaN,NaN,NaN,NaN
NaN,NaN,NaN,NaN,NaN,NaN
NaN,NaN,NaN,NaN,NaN,NaN
NaN,NaN,NaN,NaN,NaN,NaN
NaN,NaN,NaN,NaN,NaN,NaN
NaN,NaN,NaN,NaN,NaN,NaN
NaN,NaN,NaN,NaN,NaN,NaN
NaN,NaN,NaN,NaN,NaN,NaN
NaN,NaN,NaN,NaN,NaN,NaN
NaN,NaN,NaN,NaN,NaN,NaN
NaN,NaN,NaN,NaN,NaN,NaN
NaN,NaN,NaN,NaN,NaN,NaN
NaN,NaN,NaN,NaN,NaN,NaN
NaN,NaN,NaN,NaN,NaN,NaN
NaN,NaN,NaN,NaN,NaN,NaN
NaN,NaN,NaN,NaN,NaN,NaN
NaN,NaN,NaN,NaN,NaN,NaN
NaN,NaN,NaN,NaN,NaN,NaN
NaN,NaN,NaN,NaN,NaN,NaN
NaN,NaN,NaN,NaN,NaN,NaN
NaN,NaN,NaN,NaN,NaN,NaN
NaN,NaN,NaN,NaN,NaN,NaN
NaN,NaN,NaN,NaN,NaN,NaN
NaN,NaN,NaN,NaN,NaN,NaN
NaN,NaN,NaN,NaN,NaN,NaN
NaN,NaN,NaN,NaN,NaN,NaN
NaN,NaN,NaN,NaN,NaN,NaN
NaN,NaN,NaN,NaN,NaN,NaN
NaN,NaN,NaN,NaN,NaN,NaN
NaN,NaN,NaN,NaN,NaN,NaN
NaN,NaN,NaN,NaN,NaN,NaN
NaN,NaN,NaN,NaN,NaN,NaN
NaN,NaN,NaN,NaN,NaN,NaN
NaN,NaN,NaN,NaN,NaN,NaN
NaN,NaN,NaN,NaN,NaN,NaN
NaN,NaN,NaN,NaN,NaN,NaN
NaN,NaN,NaN,NaN,NaN,NaN
NaN,NaN,NaN,NaN,NaN,NaN
NaN,NaN,NaN,NaN,NaN,NaN
NaN,NaN,NaN,NaN,NaN,NaN
NaN,NaN,NaN,NaN,NaN,NaN
NaN,NaN,NaN,NaN,NaN,NaN
NaN,NaN,NaN,NaN,NaN,NaN
NaN,NaN,NaN,NaN,NaN,NaN
NaN,NaN,NaN,NaN,NaN,NaN
NaN,NaN,NaN,NaN,NaN,NaN
NaN,NaN,NaN,NaN,NaN,NaN
NaN,NaN,NaN,NaN,NaN,NaN
NaN,NaN,NaN,NaN,NaN,NaN
NaN,NaN,NaN,NaN,NaN,NaN
NaN,NaN,NaN,NaN,NaN,NaN
NaN,NaN,NaN,NaN,NaN,NaN
NaN,NaN,NaN,NaN,NaN,NaN
NaN,NaN,NaN,NaN,NaN,NaN
NaN,NaN,NaN,NaN,NaN,NaN
NaN,NaN,NaN,NaN,NaN,NaN
NaN,NaN,NaN,NaN,NaN,NaN
NaN,NaN,NaN,NaN,NaN,NaN
NaN,NaN,NaN,NaN,NaN,NaN
NaN,NaN,NaN,NaN,NaN,NaN
NaN,NaN,NaN,NaN,NaN,NaN
NaN,NaN,NaN,NaN,NaN,NaN
NaN,NaN,NaN,NaN,NaN,NaN
NaN,NaN,NaN,NaN,NaN,NaN
NaN,NaN,NaN,NaN,NaN,NaN
NaN,NaN,NaN,NaN,NaN,NaN
NaN,NaN,NaN,NaN,NaN,NaN
NaN,NaN,NaN,NaN,NaN,NaN
NaN,NaN,NaN,NaN,NaN,NaN
NaN,NaN,NaN,NaN,NaN,NaN
NaN,NaN,NaN,NaN,NaN,NaN
NaN,NaN,NaN,NaN,NaN,NaN
NaN,NaN,NaN,NaN,NaN,NaN
NaN,NaN,NaN,NaN,NaN,NaN
NaN,NaN,NaN,NaN,NaN,NaN
NaN,NaN,NaN,NaN,NaN,NaN
NaN,NaN,NaN,NaN,NaN,NaN
NaN,NaN,NaN,NaN,NaN,NaN
NaN,NaN,NaN,NaN,NaN,NaN
NaN,NaN,NaN,NaN,NaN,NaN
NaN,NaN,NaN,NaN,NaN,NaN
NaN,NaN,NaN,NaN,NaN,NaN
NaN,NaN,NaN,NaN,NaN,NaN
NaN,NaN,NaN,NaN,NaN,NaN
NaN,NaN,NaN,NaN,NaN,NaN
NaN,NaN,NaN,NaN,NaN,NaN
NaN,NaN,NaN,NaN,NaN,NaN
NaN,NaN,NaN,NaN,NaN,NaN
NaN,NaN,NaN,NaN,NaN,NaN
NaN,NaN,NaN,NaN,NaN,NaN
NaN,NaN,NaN,NaN,NaN,NaN
NaN,NaN,NaN,NaN,NaN,NaN
NaN,NaN,NaN,NaN,NaN,NaN
NaN,NaN,NaN,NaN,NaN,NaN
NaN,NaN,NaN,NaN,NaN,NaN
NaN,NaN,NaN,NaN,NaN,NaN
NaN,NaN,NaN,NaN,NaN,NaN
NaN,NaN,NaN,NaN,NaN,NaN
NaN,NaN,NaN,NaN,NaN,NaN
NaN,NaN,NaN,NaN,NaN,NaN
NaN,NaN,NaN,NaN,NaN,NaN
NaN,NaN,NaN,NaN,NaN,NaN
NaN,NaN,NaN,NaN,NaN,NaN
NaN,NaN,NaN,NaN,NaN,NaN
NaN,NaN,NaN,NaN,NaN,NaN
NaN,NaN,NaN,NaN,NaN,NaN
NaN,NaN,NaN,NaN,NaN,NaN
NaN,NaN,NaN,NaN,NaN,NaN
NaN,NaN,NaN,NaN,NaN,NaN
NaN,NaN,NaN,NaN,NaN,NaN
NaN,NaN,NaN,NaN,NaN,NaN
NaN,NaN,NaN,NaN,NaN,NaN
NaN,NaN,NaN,NaN,NaN,NaN
NaN,NaN,NaN,NaN,NaN,NaN
NaN,NaN,NaN,NaN,NaN,NaN
NaN,NaN,NaN,NaN,NaN,NaN
NaN,NaN,NaN,NaN,NaN,NaN
NaN,NaN,NaN,NaN,NaN,NaN
NaN,NaN,NaN,NaN,NaN,NaN
NaN,NaN,NaN,NaN,NaN,NaN
NaN,NaN,NaN,NaN,NaN,NaN
NaN,NaN,NaN,NaN,NaN,NaN
NaN,NaN,NaN,NaN,NaN,NaN
NaN,NaN,NaN,NaN,NaN,NaN
NaN,NaN,NaN,NaN,NaN,NaN
NaN,NaN,NaN,NaN,NaN,NaN
NaN,NaN,NaN,NaN,NaN,NaN
NaN,NaN,NaN,NaN,NaN,NaN
NaN,NaN,NaN,NaN,NaN,NaN
NaN,NaN,NaN,NaN,NaN,NaN
NaN,NaN,NaN,NaN,NaN,NaN
NaN,NaN,NaN,NaN,NaN,NaN
NaN,NaN,NaN,NaN,NaN,NaN
NaN,NaN,NaN,NaN,NaN,NaN
NaN,NaN,NaN,NaN,NaN,NaN
NaN,NaN,NaN,NaN,NaN,NaN
NaN,NaN,NaN,NaN,NaN,NaN
NaN,NaN,NaN,NaN,NaN,NaN
NaN,NaN,NaN,NaN,NaN,NaN
NaN,NaN,NaN,NaN,NaN,NaN
NaN,NaN,NaN,NaN,NaN,NaN
NaN,NaN,NaN,NaN,NaN,NaN
NaN,NaN,NaN,NaN,NaN,NaN
NaN,NaN,NaN,NaN,NaN,NaN
NaN,NaN,NaN,NaN,NaN,NaN
NaN,NaN,NaN,NaN,NaN,NaN
NaN,NaN,NaN,NaN,NaN,NaN
NaN,NaN,NaN,NaN,NaN,NaN
NaN,NaN,NaN,NaN,NaN,NaN
NaN,NaN,NaN,NaN,NaN,NaN
NaN,NaN,NaN,NaN,NaN,NaN
NaN,NaN,NaN,NaN,NaN,NaN
NaN,NaN,NaN,NaN,NaN,NaN
NaN,NaN,NaN,NaN,NaN,NaN
NaN,NaN,NaN,NaN,NaN,NaN
NaN,NaN,NaN,NaN,NaN,NaN
NaN,NaN,NaN,NaN,NaN,NaN
NaN,NaN,NaN,NaN,NaN,NaN
NaN,NaN,NaN,NaN,NaN,NaN
NaN,NaN,NaN,NaN,NaN,NaN
NaN,NaN,NaN,NaN,NaN,NaN
NaN,NaN,NaN,NaN,NaN,NaN
NaN,NaN,NaN,NaN,NaN,NaN
NaN,NaN,NaN,NaN,NaN,NaN
NaN,NaN,NaN,NaN,NaN,NaN
NaN,NaN,NaN,NaN,NaN,NaN
NaN,NaN,NaN,NaN,NaN,NaN
NaN,NaN,NaN,NaN,NaN,NaN
NaN,NaN,NaN,NaN,NaN,NaN
NaN,NaN,NaN,NaN,NaN,NaN
NaN,NaN,NaN,NaN,NaN,NaN
NaN,NaN,NaN,NaN,NaN,NaN
NaN,NaN,NaN,NaN,NaN,NaN
NaN,NaN,NaN,NaN,NaN,NaN
NaN,NaN,NaN,NaN,NaN,NaN
NaN,NaN,NaN,NaN,NaN,NaN
NaN,NaN,NaN,NaN,NaN,NaN
NaN,NaN,NaN,NaN,NaN,NaN
NaN,NaN,NaN,NaN,NaN,NaN
NaN,NaN,NaN,NaN,NaN,NaN
NaN,NaN,NaN,NaN,NaN,NaN
NaN,NaN,NaN,NaN,NaN,NaN
NaN,NaN,NaN,NaN,NaN,NaN
NaN,NaN,NaN,NaN,NaN,NaN
NaN,NaN,NaN,NaN,NaN,NaN
NaN,NaN,NaN,NaN,NaN,NaN
NaN,NaN,NaN,NaN,NaN,NaN
NaN,NaN,NaN,NaN,NaN,NaN
NaN,NaN,NaN,NaN,NaN,NaN
NaN,NaN,NaN,NaN,NaN,NaN
NaN,NaN,NaN,NaN,NaN,NaN
NaN,NaN,NaN,NaN,NaN,NaN
NaN,NaN,NaN,NaN,NaN,NaN
NaN,NaN,NaN,NaN,NaN,NaN
NaN,NaN,NaN,NaN,NaN,NaN
NaN,NaN,NaN,NaN,NaN,NaN
NaN,NaN,NaN,NaN,NaN,NaN
NaN,NaN,NaN,NaN,NaN,NaN
NaN,NaN,NaN,NaN,NaN,NaN
NaN,NaN,NaN,NaN,NaN,NaN
NaN,NaN,NaN,NaN,NaN,NaN
NaN,NaN,NaN,NaN,NaN,NaN
NaN,NaN,NaN,NaN,NaN,NaN
NaN,NaN,NaN,NaN,NaN,NaN
NaN,NaN,NaN,NaN,NaN,NaN
NaN,NaN,NaN,NaN,NaN,NaN
NaN,NaN,NaN,NaN,NaN,NaN
NaN,NaN,NaN,NaN,NaN,NaN
NaN,NaN,NaN,NaN,NaN,NaN
NaN,NaN,NaN,NaN,NaN,NaN
NaN,NaN,NaN,NaN,NaN,NaN
NaN,NaN,NaN,NaN,NaN,NaN
NaN,NaN,NaN,NaN,NaN,NaN
NaN,NaN,NaN,NaN,NaN,NaN
NaN,NaN,NaN,NaN,NaN,NaN
NaN,NaN,NaN,NaN,NaN,NaN
NaN,NaN,NaN,NaN,NaN,NaN
NaN,NaN,NaN,NaN,NaN,NaN
NaN,NaN,NaN,NaN,NaN,NaN
NaN,NaN,NaN,NaN,NaN,NaN
NaN,NaN,NaN,NaN,NaN,NaN
NaN,NaN,NaN,NaN,NaN,NaN
NaN,NaN,NaN,NaN,NaN,NaN
NaN,NaN,NaN,NaN,NaN,NaN
NaN,NaN,NaN,NaN,NaN,NaN
NaN,NaN,NaN,NaN,NaN,NaN
NaN,NaN,NaN,NaN,NaN,NaN
NaN,NaN,NaN,NaN,NaN,NaN
NaN,NaN,NaN,NaN,NaN,NaN
NaN,NaN,NaN,NaN,NaN,NaN
NaN,NaN,NaN,NaN,NaN,NaN
NaN,NaN,NaN,NaN,NaN,NaN
NaN,NaN,NaN,NaN,NaN,NaN
NaN,NaN,NaN,NaN,NaN,NaN
NaN,NaN,NaN,NaN,NaN,NaN
NaN,NaN,NaN,NaN,NaN,NaN
NaN,NaN,NaN,NaN,NaN,NaN
NaN,NaN,NaN,NaN,NaN,NaN
NaN,NaN,NaN,NaN,NaN,NaN
NaN,NaN,NaN,NaN,NaN,NaN
NaN,NaN,NaN,NaN,NaN,NaN
NaN,NaN,NaN,NaN,NaN,NaN
NaN,NaN,NaN,NaN,NaN,NaN
NaN,NaN,NaN,NaN,NaN,NaN
NaN,NaN,NaN,NaN,NaN,NaN
NaN,NaN,NaN,NaN,NaN,NaN
NaN,NaN,NaN,NaN,NaN,NaN
NaN,NaN,NaN,NaN,NaN,NaN
NaN,NaN,NaN,NaN,NaN,NaN
NaN,NaN,NaN,NaN,NaN,NaN
NaN,NaN,NaN,NaN,NaN,NaN
NaN,NaN,NaN,NaN,NaN,NaN
NaN,NaN,NaN,NaN,NaN,NaN
NaN,NaN,NaN,NaN,NaN,NaN
NaN,NaN,NaN,NaN,NaN,NaN
NaN,NaN,NaN,NaN,NaN,NaN
NaN,NaN,NaN,NaN,NaN,NaN
NaN,NaN,NaN,NaN,NaN,NaN
NaN,NaN,NaN,NaN,NaN,NaN
NaN,NaN,NaN,NaN,NaN,NaN
NaN,NaN,NaN,NaN,NaN,NaN
NaN,NaN,NaN,NaN,NaN,NaN
NaN,NaN,NaN,NaN,NaN,NaN
NaN,NaN,NaN,NaN,NaN,NaN
NaN,NaN,NaN,NaN,NaN,NaN
NaN,NaN,NaN,NaN,NaN,NaN
NaN,NaN,NaN,NaN,NaN,NaN
NaN,NaN,NaN,NaN,NaN,NaN
NaN,NaN,NaN,NaN,NaN,NaN
NaN,NaN,NaN,NaN,NaN,NaN
NaN,NaN,NaN,NaN,NaN,NaN
NaN,NaN,NaN,NaN,NaN,NaN
NaN,NaN,NaN,NaN,NaN,NaN
NaN,NaN,NaN,NaN,NaN,NaN
NaN,NaN,NaN,NaN,NaN,NaN
NaN,NaN,NaN,NaN,NaN,NaN
NaN,NaN,NaN,NaN,NaN,NaN
NaN,NaN,NaN,NaN,NaN,NaN
NaN,NaN,NaN,NaN,NaN,NaN
NaN,NaN,NaN,NaN,NaN,NaN
NaN,NaN,NaN,NaN,NaN,NaN
NaN,NaN,NaN,NaN,NaN,NaN
NaN,NaN,NaN,NaN,NaN,NaN
NaN,NaN,NaN,NaN,NaN,NaN
NaN,NaN,NaN,NaN,NaN,NaN
NaN,NaN,NaN,NaN,NaN,NaN
NaN,NaN,NaN,NaN,NaN,NaN
NaN,NaN,NaN,NaN,NaN,NaN
NaN,NaN,NaN,NaN,NaN,NaN
NaN,NaN,NaN,NaN,NaN,NaN
NaN,NaN,NaN,NaN,NaN,NaN
NaN,NaN,NaN,NaN,NaN,NaN
NaN,NaN,NaN,NaN,NaN,NaN
NaN,NaN,NaN,NaN,NaN,NaN
NaN,NaN,NaN,NaN,NaN,NaN
NaN,NaN,NaN,NaN,NaN,NaN
NaN,NaN,NaN,NaN,NaN,NaN
NaN,NaN,NaN,NaN,NaN,NaN
NaN,NaN,NaN,NaN,NaN,NaN
NaN,NaN,NaN,NaN,NaN,NaN
NaN,NaN,NaN,NaN,NaN,NaN
NaN,NaN,NaN,NaN,NaN,NaN
NaN,NaN,NaN,NaN,NaN,NaN
NaN,NaN,NaN,NaN,NaN,NaN
NaN,NaN,NaN,NaN,NaN,NaN
NaN,NaN,NaN,NaN,NaN,NaN
NaN,NaN,NaN,NaN,NaN,NaN
NaN,NaN,NaN,NaN,NaN,NaN
NaN,NaN,NaN,NaN,NaN,NaN
NaN,NaN,NaN,NaN,NaN,NaN
NaN,NaN,NaN,NaN,NaN,NaN
NaN,NaN,NaN,NaN,NaN,NaN
NaN,NaN,NaN,NaN,NaN,NaN
NaN,NaN,NaN,NaN,NaN,NaN
NaN,NaN,NaN,NaN,NaN,NaN
NaN,NaN,NaN,NaN,NaN,NaN
NaN,NaN,NaN,NaN,NaN,NaN
NaN,NaN,NaN,NaN,NaN,NaN
NaN,NaN,NaN,NaN,NaN,NaN
NaN,NaN,NaN,NaN,NaN,NaN
NaN,NaN,NaN,NaN,NaN,NaN
NaN,NaN,NaN,NaN,NaN,NaN
NaN,NaN,NaN,NaN,NaN,NaN
NaN,NaN,NaN,NaN,NaN,NaN
NaN,NaN,NaN,NaN,NaN,NaN
NaN,NaN,NaN,NaN,NaN,NaN
NaN,NaN,NaN,NaN,NaN,NaN
NaN,NaN,NaN,NaN,NaN,NaN
NaN,NaN,NaN,NaN,NaN,NaN
NaN,NaN,NaN,NaN,NaN,NaN
NaN,NaN,NaN,NaN,NaN,NaN
NaN,NaN,NaN,NaN,NaN,NaN
NaN,NaN,NaN,NaN,NaN,NaN
NaN,NaN,NaN,NaN,NaN,NaN
NaN,NaN,NaN,NaN,NaN,NaN
NaN,NaN,NaN,NaN,NaN,NaN
NaN,NaN,NaN,NaN,NaN,NaN
NaN,NaN,NaN,NaN,NaN,NaN
NaN,NaN,NaN,NaN,NaN,NaN
NaN,NaN,NaN,NaN,NaN,NaN
NaN,NaN,NaN,NaN,NaN,NaN
NaN,NaN,NaN,NaN,NaN,NaN
NaN,NaN,NaN,NaN,NaN,NaN
NaN,NaN,NaN,NaN,NaN,NaN
NaN,NaN,NaN,NaN,NaN,NaN
NaN,NaN,NaN,NaN,NaN,NaN
NaN,NaN,NaN,NaN,NaN,NaN
NaN,NaN,NaN,NaN,NaN,NaN
NaN,NaN,NaN,NaN,NaN,NaN
NaN,NaN,NaN,NaN,NaN,NaN
NaN,NaN,NaN,NaN,NaN,NaN
NaN,NaN,NaN,NaN,NaN,NaN
NaN,NaN,NaN,NaN,NaN,NaN
NaN,NaN,NaN,NaN,NaN,NaN
NaN,NaN,NaN,NaN,NaN,NaN
NaN,NaN,NaN,NaN,NaN,NaN
NaN,NaN,NaN,NaN,NaN,NaN
NaN,NaN,NaN,NaN,NaN,NaN
NaN,NaN,NaN,NaN,NaN,NaN
NaN,NaN,NaN,NaN,NaN,NaN
NaN,NaN,NaN,NaN,NaN,NaN
NaN,NaN,NaN,NaN,NaN,NaN
NaN,NaN,NaN,NaN,NaN,NaN
NaN,NaN,NaN,NaN,NaN,NaN
NaN,NaN,NaN,NaN,NaN,NaN
NaN,NaN,NaN,NaN,NaN,NaN
NaN,NaN,NaN,NaN,NaN,NaN
NaN,NaN,NaN,NaN,NaN,NaN
NaN,NaN,NaN,NaN,NaN,NaN
NaN,NaN,NaN,NaN,NaN,NaN
NaN,NaN,NaN,NaN,NaN,NaN
NaN,NaN,NaN,NaN,NaN,NaN
NaN,NaN,NaN,NaN,NaN,NaN
NaN,NaN,NaN,NaN,NaN,NaN
NaN,NaN,NaN,NaN,NaN,NaN
NaN,NaN,NaN,NaN,NaN,NaN
NaN,NaN,NaN,NaN,NaN,NaN
NaN,NaN,NaN,NaN,NaN,NaN
NaN,NaN,NaN,NaN,NaN,NaN
NaN,NaN,NaN,NaN,NaN,NaN
NaN,NaN,NaN,NaN,NaN,NaN
NaN,NaN,NaN,NaN,NaN,NaN
NaN,NaN,NaN,NaN,NaN,NaN
NaN,NaN,NaN,NaN,NaN,NaN
NaN,NaN,NaN,NaN,NaN,NaN
NaN,NaN,NaN,NaN,NaN,NaN
NaN,NaN,NaN,NaN,NaN,NaN
NaN,NaN,NaN,NaN,NaN,NaN
NaN,NaN,NaN,NaN,NaN,NaN
NaN,NaN,NaN,NaN,NaN,NaN
NaN,NaN,NaN,NaN,NaN,NaN
NaN,NaN,NaN,NaN,NaN,NaN
NaN,NaN,NaN,NaN,NaN,NaN
