pt1_cam1_X,pt1_cam1_Y,pt2_cam1_X,pt2_cam1_Y,pt3_cam1_X,pt3_cam1_Y
NaN,NaN,264.074232,571.218079,364.246023,550.711531
NaN,NaN,264.010000,571.010000,364.000000,551.000000
NaN,NaN,264.010000,571.010000,363.980000,551.020000
NaN,NaN,264.010000,571.000000,363.970000,551.020000
NaN,NaN,264.010000,571.010000,363.970000,551.030000
NaN,NaN,264.020000,571.010000,363.960000,551.020000
NaN,NaN,264.010000,571.030000,363.960000,551.010000
NaN,NaN,264.000000,571.020000,363.960000,551.020000
NaN,NaN,264.010000,571.020000,363.960000,551.030000
NaN,NaN,264.000000,571.020000,363.970000,551.030000
NaN,NaN,264.000000,571.030000,363.960000,551.030000
NaN,NaN,264.000000,571.030000,363.960000,551.010000
NaN,NaN,264.010000,571.040000,363.960000,551.020000
NaN,NaN,264.020000,571.040000,363.960000,551.030000
NaN,NaN,264.010000,571.040000,363.950000,551.010000
NaN,NaN,264.020000,571.040000,363.960000,551.030000
NaN,NaN,264.020000,571.040000,363.960000,551.030000
NaN,NaN,264.020000,571.040000,363.970000,551.030000
NaN,NaN,264.020000,571.040000,363.990000,551.030000
NaN,NaN,264.030000,571.050000,363.970000,551.010000
NaN,NaN,264.020000,571.050000,363.960000,551.030000
NaN,NaN,264.020000,571.050000,363.970000,551.030000
NaN,NaN,264.020000,571.050000,363.950000,551.030000
NaN,NaN,264.030000,571.040000,363.950000,551.050000
NaN,NaN,264.040000,571.050000,363.940000,551.030000
NaN,NaN,264.030000,571.040000,363.940000,551.020000
NaN,NaN,264.030000,571.050000,363.940000,551.040000
NaN,NaN,264.030000,571.050000,363.940000,551.010000
NaN,NaN,264.030000,571.060000,363.940000,551.020000
NaN,NaN,264.030000,571.060000,363.960000,551.030000
NaN,NaN,264.040000,571.080000,363.940000,551.040000
NaN,NaN,264.040000,571.080000,363.930000,551.010000
NaN,NaN,264.050000,571.080000,363.930000,550.990000
NaN,NaN,264.040000,571.090000,363.940000,551.010000
NaN,NaN,264.050000,571.100000,363.930000,551.020000
NaN,NaN,264.050000,571.100000,363.940000,551.010000
NaN,NaN,264.050000,571.090000,363.920000,551.000000
NaN,NaN,264.060000,571.090000,363.900000,551.000000
NaN,NaN,264.050000,571.100000,363.900000,551.010000
NaN,NaN,264.050000,571.100000,363.910000,550.990000
NaN,NaN,264.050000,571.090000,363.900000,550.990000
NaN,NaN,264.050000,571.090000,363.900000,551.010000
NaN,NaN,264.050000,571.090000,363.910000,551.010000
NaN,NaN,264.050000,571.090000,363.890000,551.010000
NaN,NaN,264.050000,571.090000,363.890000,551.010000
NaN,NaN,264.060000,571.110000,363.930000,551.050000
NaN,NaN,264.060000,571.120000,363.910000,551.040000
NaN,NaN,264.070000,571.110000,363.890000,551.030000
NaN,NaN,264.070000,571.100000,363.890000,551.020000
NaN,NaN,264.070000,571.120000,363.900000,551.030000
NaN,NaN,264.080000,571.110000,363.910000,551.030000
NaN,NaN,264.080000,571.120000,363.920000,551.040000
NaN,NaN,264.070000,571.110000,363.900000,551.050000
NaN,NaN,264.080000,571.100000,363.900000,551.050000
NaN,NaN,264.080000,571.100000,363.910000,551.040000
NaN,NaN,264.080000,571.120000,363.910000,551.040000
NaN,NaN,264.080000,571.120000,363.910000,551.040000
NaN,NaN,264.080000,571.110000,363.910000,551.040000
NaN,NaN,264.080000,571.120000,363.910000,551.050000
NaN,NaN,264.090000,571.120000,363.890000,551.060000
NaN,NaN,264.080000,571.120000,363.860000,551.020000
NaN,NaN,264.090000,571.140000,363.870000,551.020000
NaN,NaN,264.080000,571.120000,363.880000,551.010000
NaN,NaN,264.090000,571.120000,363.860000,551.010000
NaN,NaN,264.080000,571.140000,363.870000,551.020000
NaN,NaN,264.090000,571.140000,363.870000,551.000000
NaN,NaN,264.100000,571.140000,363.840000,551.020000
NaN,NaN,264.100000,571.150000,363.850000,551.030000
NaN,NaN,264.100000,571.150000,363.850000,551.040000
NaN,NaN,264.100000,571.140000,363.860000,551.030000
NaN,NaN,264.100000,571.150000,363.840000,551.010000
NaN,NaN,264.100000,571.150000,363.840000,551.020000
NaN,NaN,264.110000,571.150000,363.840000,550.990000
NaN,NaN,264.110000,571.150000,363.840000,550.990000
NaN,NaN,264.110000,571.150000,363.840000,550.990000
NaN,NaN,264.110000,571.160000,363.840000,551.030000
NaN,NaN,264.130000,571.150000,363.840000,551.050000
NaN,NaN,264.110000,571.160000,363.840000,551.050000
NaN,NaN,264.120000,571.150000,363.820000,551.050000
NaN,NaN,264.120000,571.140000,363.820000,551.030000
NaN,NaN,264.110000,571.150000,363.810000,551.020000
NaN,NaN,264.110000,571.160000,363.830000,551.050000
NaN,NaN,264.110000,571.160000,363.840000,551.040000
NaN,NaN,264.110000,571.160000,363.820000,551.040000
NaN,NaN,264.120000,571.160000,363.810000,551.040000
NaN,NaN,264.130000,571.160000,363.810000,551.030000
NaN,NaN,264.130000,571.150000,363.810000,551.050000
NaN,NaN,264.130000,571.160000,363.790000,551.040000
NaN,NaN,264.130000,571.160000,363.800000,551.040000
NaN,NaN,264.130000,571.170000,363.780000,551.030000
NaN,NaN,264.150000,571.150000,363.790000,551.010000
NaN,NaN,264.150000,571.160000,363.760000,551.030000
NaN,NaN,264.160000,571.170000,363.770000,551.010000
NaN,NaN,264.160000,571.150000,363.740000,551.000000
NaN,NaN,264.170000,571.160000,363.750000,550.990000
NaN,NaN,264.150000,571.150000,363.740000,551.030000
NaN,NaN,264.160000,571.170000,363.750000,550.990000
NaN,NaN,264.170000,571.170000,363.740000,550.980000
NaN,NaN,264.170000,571.180000,363.740000,551.010000
NaN,NaN,264.170000,571.170000,363.770000,551.000000
NaN,NaN,264.170000,571.160000,363.770000,551.000000
NaN,NaN,264.180000,571.170000,363.750000,550.990000
NaN,NaN,264.180000,571.170000,363.740000,551.010000
NaN,NaN,264.170000,571.180000,363.750000,551.010000
NaN,NaN,264.190000,571.160000,363.750000,550.970000
NaN,NaN,264.190000,571.170000,363.750000,550.950000
NaN,NaN,264.190000,571.170000,363.720000,550.960000
NaN,NaN,264.190000,571.170000,363.740000,550.970000
NaN,NaN,264.180000,571.180000,363.740000,550.980000
NaN,NaN,264.200000,571.180000,363.720000,550.960000
NaN,NaN,264.190000,571.170000,363.730000,550.970000
NaN,NaN,264.200000,571.170000,363.740000,550.980000
NaN,NaN,264.210000,571.170000,363.740000,550.960000
NaN,NaN,264.210000,571.170000,363.740000,550.960000
NaN,NaN,264.210000,571.190000,363.720000,550.960000
NaN,NaN,264.210000,571.180000,363.710000,550.930000
NaN,NaN,264.210000,571.180000,363.720000,550.960000
NaN,NaN,264.220000,571.190000,363.720000,550.960000
NaN,NaN,264.230000,571.170000,363.700000,550.960000
NaN,NaN,264.220000,571.180000,363.700000,550.950000
NaN,NaN,264.230000,571.190000,363.700000,550.940000
NaN,NaN,264.220000,571.190000,363.690000,550.940000
NaN,NaN,264.230000,571.180000,363.700000,550.950000
NaN,NaN,264.240000,571.180000,363.700000,550.950000
NaN,NaN,264.240000,571.170000,363.710000,550.940000
NaN,NaN,264.240000,571.170000,363.690000,550.920000
NaN,NaN,264.230000,571.180000,363.660000,550.890000
NaN,NaN,264.230000,571.170000,363.670000,550.900000
NaN,NaN,264.240000,571.170000,363.680000,550.910000
NaN,NaN,264.240000,571.170000,363.690000,550.920000
NaN,NaN,264.250000,571.170000,363.670000,550.920000
NaN,NaN,264.250000,571.170000,363.670000,550.920000
NaN,NaN,264.240000,571.170000,363.680000,550.900000
NaN,NaN,264.240000,571.170000,363.660000,550.890000
NaN,NaN,264.250000,571.180000,363.650000,550.870000
NaN,NaN,264.270000,571.190000,363.660000,550.900000
NaN,NaN,264.280000,571.180000,363.640000,550.880000
NaN,NaN,264.260000,571.190000,363.640000,550.890000
NaN,NaN,264.260000,571.180000,363.650000,550.880000
NaN,NaN,264.280000,571.180000,363.610000,550.870000
NaN,NaN,264.270000,571.180000,363.620000,550.870000
NaN,NaN,264.270000,571.160000,363.580000,550.870000
NaN,NaN,264.270000,571.180000,363.600000,550.880000
NaN,NaN,264.280000,571.180000,363.600000,550.860000
NaN,NaN,264.280000,571.190000,363.610000,550.880000
NaN,NaN,264.290000,571.170000,363.620000,550.890000
NaN,NaN,264.300000,571.160000,363.590000,550.880000
NaN,NaN,264.290000,571.160000,363.570000,550.910000
NaN,NaN,264.290000,571.170000,363.570000,550.890000
NaN,NaN,264.300000,571.180000,363.580000,550.880000
NaN,NaN,264.310000,571.170000,363.560000,550.850000
NaN,NaN,264.300000,571.170000,363.560000,550.860000
NaN,NaN,264.300000,571.160000,363.570000,550.880000
NaN,NaN,264.300000,571.160000,363.580000,550.880000
NaN,NaN,264.320000,571.170000,363.580000,550.870000
NaN,NaN,264.320000,571.180000,363.570000,550.880000
NaN,NaN,264.330000,571.170000,363.580000,550.900000
NaN,NaN,264.320000,571.180000,363.550000,550.910000
NaN,NaN,264.320000,571.170000,363.560000,550.920000
NaN,NaN,264.310000,571.160000,363.540000,550.920000
NaN,NaN,264.310000,571.150000,363.500000,550.930000
NaN,NaN,264.330000,571.150000,362.960000,550.730000
NaN,NaN,264.330000,571.140000,362.990000,550.710000
NaN,NaN,264.310000,571.150000,362.970000,550.740000
NaN,NaN,264.320000,571.140000,362.960000,550.720000
NaN,NaN,264.340000,571.160000,362.930000,550.730000
NaN,NaN,264.340000,571.150000,362.930000,550.710000
NaN,NaN,264.330000,571.160000,362.890000,550.710000
NaN,NaN,264.350000,571.160000,362.890000,550.720000
NaN,NaN,264.340000,571.160000,362.870000,550.720000
NaN,NaN,264.360000,571.150000,362.890000,550.750000
NaN,NaN,264.370000,571.140000,362.910000,550.750000
NaN,NaN,264.340000,571.150000,362.910000,550.800000
NaN,NaN,264.350000,571.150000,362.890000,550.780000
NaN,NaN,264.340000,571.160000,362.900000,550.790000
NaN,NaN,264.340000,571.140000,362.870000,550.780000
NaN,NaN,264.360000,571.150000,362.900000,550.780000
NaN,NaN,264.370000,571.150000,362.860000,550.770000
NaN,NaN,264.370000,571.140000,362.840000,550.760000
NaN,NaN,264.360000,571.130000,362.840000,550.770000
NaN,NaN,264.370000,571.160000,362.750000,550.710000
NaN,NaN,264.360000,571.130000,362.780000,550.710000
NaN,NaN,264.350000,571.130000,362.790000,550.720000
NaN,NaN,264.370000,571.140000,362.790000,550.700000
NaN,NaN,264.370000,571.130000,362.780000,550.760000
NaN,NaN,264.360000,571.120000,362.740000,550.740000
NaN,NaN,264.370000,571.120000,362.720000,550.710000
NaN,NaN,264.380000,571.120000,362.680000,550.670000
NaN,NaN,264.370000,571.130000,362.630000,550.620000
NaN,NaN,264.370000,571.130000,362.680000,550.650000
NaN,NaN,264.360000,571.140000,362.720000,550.710000
NaN,NaN,264.380000,571.130000,362.670000,550.700000
NaN,NaN,264.380000,571.130000,362.680000,550.680000
NaN,NaN,264.380000,571.120000,362.660000,550.710000
NaN,NaN,264.380000,571.120000,362.680000,550.710000
NaN,NaN,264.410000,571.090000,362.670000,550.690000
NaN,NaN,264.420000,571.090000,362.690000,550.670000
NaN,NaN,264.410000,571.080000,362.660000,550.670000
NaN,NaN,264.390000,571.090000,362.600000,550.630000
NaN,NaN,264.400000,571.100000,362.560000,550.600000
NaN,NaN,264.430000,571.090000,362.610000,550.650000
NaN,NaN,264.420000,571.110000,362.540000,550.640000
NaN,NaN,264.430000,571.100000,361.880000,550.140000
NaN,NaN,264.440000,571.100000,361.620000,549.930000
NaN,NaN,264.420000,571.100000,361.600000,549.890000
NaN,NaN,264.430000,571.090000,361.770000,549.930000
NaN,NaN,264.420000,571.090000,361.760000,549.950000
NaN,NaN,264.430000,571.100000,361.760000,549.940000
NaN,NaN,264.430000,571.090000,361.760000,549.940000
NaN,NaN,264.430000,571.080000,361.730000,549.940000
NaN,NaN,264.480000,571.060000,361.710000,549.880000
NaN,NaN,264.690000,571.050000,361.690000,549.910000
NaN,NaN,264.690000,571.040000,361.640000,549.910000
NaN,NaN,264.700000,571.050000,361.620000,549.910000
NaN,NaN,264.700000,571.030000,361.600000,549.900000
NaN,NaN,264.720000,571.030000,361.600000,549.930000
NaN,NaN,264.710000,571.030000,361.540000,549.880000
NaN,NaN,264.720000,571.020000,361.300000,549.740000
NaN,NaN,264.710000,571.030000,361.260000,549.720000
NaN,NaN,264.720000,571.020000,361.320000,549.770000
NaN,NaN,264.740000,571.020000,361.300000,549.780000
NaN,NaN,264.730000,571.010000,361.280000,549.760000
NaN,NaN,264.720000,571.010000,361.200000,549.760000
NaN,NaN,264.740000,571.000000,361.170000,549.740000
NaN,NaN,264.720000,571.010000,361.180000,549.760000
NaN,NaN,264.760000,571.030000,361.060000,549.710000
NaN,NaN,264.750000,571.030000,361.100000,549.760000
NaN,NaN,264.740000,571.010000,361.120000,549.760000
NaN,NaN,264.760000,571.000000,361.060000,549.760000
NaN,NaN,264.760000,570.990000,360.940000,549.770000
NaN,NaN,264.750000,571.010000,360.940000,549.830000
NaN,NaN,264.770000,571.000000,360.980000,549.810000
NaN,NaN,264.770000,571.000000,360.940000,549.790000
NaN,NaN,264.770000,570.990000,360.970000,549.780000
NaN,NaN,264.760000,571.000000,360.900000,549.810000
NaN,NaN,264.770000,570.970000,360.860000,549.810000
NaN,NaN,264.760000,570.970000,360.820000,549.830000
NaN,NaN,264.750000,570.980000,360.740000,549.860000
NaN,NaN,264.750000,570.990000,360.730000,549.810000
NaN,NaN,264.740000,570.990000,360.650000,549.830000
NaN,NaN,264.770000,570.980000,360.590000,549.810000
NaN,NaN,264.770000,570.970000,360.560000,549.800000
NaN,NaN,264.750000,570.970000,360.560000,549.810000
NaN,NaN,264.750000,570.970000,360.500000,549.840000
NaN,NaN,264.750000,570.970000,360.320000,549.750000
NaN,NaN,264.750000,570.980000,360.310000,549.770000
NaN,NaN,264.750000,570.980000,360.180000,549.780000
NaN,NaN,264.760000,570.980000,360.140000,549.760000
NaN,NaN,264.770000,570.970000,360.110000,549.840000
NaN,NaN,264.770000,570.960000,360.130000,549.690000
NaN,NaN,264.770000,570.960000,360.040000,549.850000
NaN,NaN,264.760000,570.970000,359.970000,549.820000
NaN,NaN,264.760000,570.960000,359.980000,549.840000
NaN,NaN,264.780000,570.960000,360.120000,549.710000
NaN,NaN,264.770000,570.950000,360.030000,549.690000
NaN,NaN,264.820000,570.980000,359.980000,549.630000
NaN,NaN,264.770000,570.980000,359.930000,549.690000
NaN,NaN,264.810000,570.970000,359.880000,549.770000
NaN,NaN,264.800000,570.980000,359.810000,549.860000
NaN,NaN,264.800000,570.980000,359.840000,549.860000
NaN,NaN,264.800000,570.960000,359.810000,549.780000
NaN,NaN,264.800000,570.970000,359.870000,549.780000
NaN,NaN,264.820000,570.970000,359.780000,549.720000
NaN,NaN,264.810000,570.970000,359.810000,549.750000
NaN,NaN,264.800000,570.960000,359.790000,549.760000
NaN,NaN,264.800000,570.950000,359.820000,549.760000
NaN,NaN,264.790000,570.950000,359.770000,549.830000
NaN,NaN,264.790000,570.950000,359.790000,549.750000
NaN,NaN,264.790000,570.960000,359.810000,549.680000
NaN,NaN,264.790000,570.950000,359.840000,549.560000
NaN,NaN,264.830000,570.960000,359.710000,549.220000
NaN,NaN,264.810000,570.960000,359.710000,549.270000
NaN,NaN,264.820000,570.950000,359.800000,549.220000
NaN,NaN,264.820000,570.940000,359.810000,549.140000
NaN,NaN,264.830000,570.950000,359.690000,549.120000
NaN,NaN,264.840000,570.940000,359.700000,549.140000
NaN,NaN,264.840000,570.920000,359.690000,549.180000
NaN,NaN,264.840000,570.930000,359.750000,549.180000
NaN,NaN,264.850000,570.930000,359.690000,549.180000
NaN,NaN,264.840000,570.930000,359.700000,549.140000
NaN,NaN,264.830000,570.940000,359.730000,549.140000
NaN,NaN,264.840000,570.930000,359.640000,549.180000
NaN,NaN,264.840000,570.930000,359.690000,549.160000
NaN,NaN,264.850000,570.930000,359.640000,549.140000
NaN,NaN,264.830000,570.920000,359.610000,549.090000
NaN,NaN,264.850000,570.900000,359.700000,549.080000
NaN,NaN,264.820000,570.920000,359.700000,549.080000
NaN,NaN,264.830000,570.920000,359.680000,549.080000
NaN,NaN,264.810000,570.910000,359.530000,549.070000
NaN,NaN,264.830000,570.920000,359.410000,549.090000
NaN,NaN,264.820000,570.920000,359.640000,549.070000
NaN,NaN,264.810000,570.920000,359.570000,549.170000
NaN,NaN,264.800000,570.910000,359.510000,549.150000
NaN,NaN,264.810000,570.920000,359.460000,549.200000
NaN,NaN,264.790000,570.930000,359.460000,549.170000
NaN,NaN,264.800000,570.920000,359.350000,549.080000
NaN,NaN,264.810000,570.900000,359.220000,549.170000
NaN,NaN,264.800000,570.900000,359.370000,549.210000
NaN,NaN,264.800000,570.900000,359.400000,549.150000
NaN,NaN,264.800000,570.910000,359.270000,549.030000
NaN,NaN,264.830000,570.910000,359.230000,549.170000
NaN,NaN,264.840000,570.920000,359.180000,549.140000
NaN,NaN,264.840000,570.910000,359.230000,549.140000
NaN,NaN,264.830000,570.900000,359.180000,549.040000
NaN,NaN,264.830000,570.910000,359.240000,549.010000
NaN,NaN,264.830000,570.910000,359.250000,549.040000
NaN,NaN,264.830000,570.900000,359.160000,549.060000
NaN,NaN,264.850000,570.910000,359.140000,549.060000
NaN,NaN,264.830000,570.900000,359.220000,549.100000
NaN,NaN,264.840000,570.900000,359.120000,549.070000
NaN,NaN,264.840000,570.910000,359.060000,549.020000
NaN,NaN,264.830000,570.930000,359.020000,549.130000
NaN,NaN,264.840000,570.920000,358.990000,549.150000
NaN,NaN,264.830000,570.920000,358.930000,549.210000
NaN,NaN,264.820000,570.910000,358.910000,549.050000
NaN,NaN,264.850000,570.910000,358.890000,549.120000
NaN,NaN,264.850000,570.920000,359.000000,549.050000
NaN,NaN,264.860000,570.910000,358.990000,549.080000
NaN,NaN,264.850000,570.910000,358.970000,549.170000
NaN,NaN,264.840000,570.910000,358.980000,549.150000
NaN,NaN,264.840000,570.910000,358.930000,549.090000
NaN,NaN,264.870000,570.890000,358.960000,549.050000
NaN,NaN,264.850000,570.890000,358.910000,549.040000
NaN,NaN,264.860000,570.900000,358.900000,549.020000
NaN,NaN,264.860000,570.890000,358.880000,549.000000
NaN,NaN,264.830000,570.870000,358.790000,549.060000
NaN,NaN,264.840000,570.900000,358.770000,549.060000
NaN,NaN,264.840000,570.890000,358.740000,549.090000
NaN,NaN,264.830000,570.900000,358.730000,549.080000
NaN,NaN,264.830000,570.890000,358.720000,549.020000
NaN,NaN,264.900000,570.910000,358.470000,548.910000
NaN,NaN,264.870000,570.910000,358.540000,549.100000
NaN,NaN,264.850000,570.910000,358.490000,548.990000
NaN,NaN,264.840000,570.920000,358.320000,549.150000
NaN,NaN,264.830000,570.910000,358.380000,549.140000
NaN,NaN,264.840000,570.910000,358.350000,549.160000
NaN,NaN,264.850000,570.900000,358.400000,549.110000
NaN,NaN,264.850000,570.890000,358.220000,549.130000
NaN,NaN,264.860000,570.890000,358.170000,549.040000
NaN,NaN,264.830000,570.890000,358.170000,548.990000
NaN,NaN,264.820000,570.880000,358.120000,549.040000
NaN,NaN,264.810000,570.900000,358.060000,549.110000
NaN,NaN,264.810000,570.890000,358.150000,549.150000
NaN,NaN,264.810000,570.900000,358.050000,549.250000
NaN,NaN,264.820000,570.900000,358.130000,549.160000
NaN,NaN,264.820000,570.900000,358.060000,548.950000
NaN,NaN,264.850000,570.900000,358.030000,548.820000
NaN,NaN,264.850000,570.900000,357.950000,549.140000
NaN,NaN,264.830000,570.910000,358.040000,549.090000
NaN,NaN,264.830000,570.910000,357.970000,548.970000
NaN,NaN,264.830000,570.910000,357.900000,548.820000
NaN,NaN,264.830000,570.910000,357.870000,549.050000
NaN,NaN,264.810000,570.910000,357.740000,549.130000
NaN,NaN,264.830000,570.900000,357.820000,549.100000
NaN,NaN,264.830000,570.900000,357.830000,549.010000
NaN,NaN,264.820000,570.900000,357.810000,548.960000
NaN,NaN,264.830000,570.890000,357.690000,548.920000
NaN,NaN,264.830000,570.900000,357.690000,548.970000
NaN,NaN,264.830000,570.910000,357.680000,549.080000
NaN,NaN,264.800000,570.910000,357.600000,548.880000
NaN,NaN,264.810000,570.920000,357.710000,548.900000
NaN,NaN,264.840000,570.900000,357.700000,548.840000
NaN,NaN,264.800000,570.910000,357.650000,548.880000
NaN,NaN,264.810000,570.900000,357.690000,548.880000
NaN,NaN,264.780000,570.900000,357.670000,548.860000
NaN,NaN,264.780000,570.920000,357.620000,548.900000
NaN,NaN,264.780000,570.920000,357.650000,548.850000
NaN,NaN,264.800000,570.930000,357.460000,548.900000
NaN,NaN,264.790000,570.920000,357.230000,548.910000
NaN,NaN,264.780000,570.950000,357.270000,548.900000
NaN,NaN,264.790000,570.910000,357.300000,548.950000
NaN,NaN,264.780000,570.920000,357.300000,548.930000
NaN,NaN,264.790000,570.930000,357.340000,548.890000
NaN,NaN,264.810000,570.910000,357.350000,548.810000
NaN,NaN,264.820000,570.920000,357.320000,548.850000
NaN,NaN,264.780000,570.920000,357.250000,548.750000
NaN,NaN,264.760000,570.940000,357.230000,548.870000
NaN,NaN,264.780000,570.940000,357.250000,548.730000
NaN,NaN,264.760000,570.930000,357.240000,548.550000
NaN,NaN,264.770000,570.920000,357.190000,548.080000
NaN,NaN,264.750000,570.920000,357.170000,548.170000
NaN,NaN,264.760000,570.900000,357.130000,548.120000
NaN,NaN,264.760000,570.910000,357.150000,548.180000
NaN,NaN,264.760000,570.920000,357.120000,548.150000
NaN,NaN,264.760000,570.930000,357.110000,548.210000
NaN,NaN,264.750000,570.930000,357.090000,548.250000
NaN,NaN,264.770000,570.930000,357.060000,548.200000
NaN,NaN,264.770000,570.930000,357.090000,548.160000
NaN,NaN,264.740000,570.940000,357.070000,548.090000
NaN,NaN,264.770000,570.940000,357.070000,548.160000
NaN,NaN,264.770000,570.920000,357.110000,548.130000
NaN,NaN,264.780000,570.910000,357.120000,548.250000
NaN,NaN,264.810000,570.900000,357.090000,548.270000
NaN,NaN,264.760000,570.900000,357.060000,548.190000
NaN,NaN,264.790000,570.900000,357.080000,548.130000
NaN,NaN,264.770000,570.900000,357.040000,548.190000
NaN,NaN,264.750000,570.910000,357.060000,548.240000
NaN,NaN,264.760000,570.910000,357.110000,548.140000
NaN,NaN,264.760000,570.920000,357.090000,548.070000
NaN,NaN,264.750000,570.910000,357.110000,548.070000
NaN,NaN,264.730000,570.920000,357.140000,548.010000
NaN,NaN,264.740000,570.910000,357.070000,548.050000
NaN,NaN,264.740000,570.920000,357.070000,547.900000
NaN,NaN,264.710000,570.910000,357.080000,547.890000
NaN,NaN,264.710000,570.910000,357.070000,547.840000
NaN,NaN,264.710000,570.950000,357.130000,547.740000
NaN,NaN,264.680000,570.970000,357.110000,547.720000
NaN,NaN,264.690000,570.950000,357.110000,547.840000
NaN,NaN,264.710000,570.930000,357.090000,547.760000
NaN,NaN,264.670000,570.930000,357.110000,547.790000
NaN,NaN,264.660000,570.950000,357.090000,547.750000
NaN,NaN,264.680000,570.960000,357.050000,547.820000
NaN,NaN,264.660000,570.950000,357.070000,547.710000
NaN,NaN,264.670000,570.970000,357.120000,547.710000
NaN,NaN,264.670000,570.960000,357.100000,547.620000
NaN,NaN,264.660000,570.950000,357.080000,547.650000
NaN,NaN,264.670000,570.940000,357.070000,547.640000
NaN,NaN,264.660000,570.950000,357.090000,547.540000
NaN,NaN,264.650000,570.950000,357.050000,547.210000
NaN,NaN,264.630000,570.950000,357.080000,547.250000
NaN,NaN,264.660000,570.950000,357.130000,547.180000
NaN,NaN,264.620000,570.960000,357.140000,547.200000
NaN,NaN,264.620000,570.960000,357.120000,547.290000
NaN,NaN,264.600000,570.950000,357.140000,547.210000
NaN,NaN,264.610000,570.950000,357.130000,547.140000
NaN,NaN,264.630000,570.960000,357.150000,547.120000
NaN,NaN,264.600000,570.960000,357.140000,547.050000
NaN,NaN,264.600000,570.950000,357.130000,547.060000
NaN,NaN,264.600000,570.940000,357.150000,547.070000
NaN,NaN,264.600000,570.950000,357.170000,547.050000
NaN,NaN,264.580000,570.960000,357.190000,547.060000
NaN,NaN,264.590000,570.960000,357.140000,547.040000
NaN,NaN,264.570000,570.970000,357.130000,547.010000
NaN,NaN,264.570000,570.970000,357.120000,546.990000
NaN,NaN,264.590000,570.950000,357.150000,547.000000
NaN,NaN,264.580000,570.960000,357.120000,547.010000
NaN,NaN,264.580000,570.960000,357.150000,546.960000
NaN,NaN,264.510000,570.950000,357.130000,546.990000
NaN,NaN,264.290000,571.000000,357.170000,546.980000
NaN,NaN,264.280000,570.980000,357.150000,546.940000
NaN,NaN,264.300000,570.980000,357.160000,546.950000
NaN,NaN,264.290000,570.990000,357.150000,546.910000
NaN,NaN,264.310000,570.990000,357.130000,546.900000
NaN,NaN,264.330000,570.980000,357.140000,546.890000
NaN,NaN,264.320000,570.980000,357.120000,546.860000
NaN,NaN,264.320000,570.990000,357.130000,546.860000
NaN,NaN,264.310000,570.990000,357.110000,546.850000
NaN,NaN,264.290000,571.000000,357.100000,546.880000
NaN,NaN,264.290000,570.990000,357.060000,546.900000
NaN,NaN,264.280000,570.990000,357.130000,546.950000
NaN,NaN,264.250000,571.010000,357.120000,546.950000
NaN,NaN,264.260000,571.020000,357.120000,546.900000
NaN,NaN,264.270000,571.000000,357.160000,546.870000
NaN,NaN,264.280000,571.010000,357.180000,546.860000
NaN,NaN,264.240000,571.000000,357.120000,546.850000
NaN,NaN,264.250000,571.000000,357.150000,546.810000
NaN,NaN,264.270000,571.000000,357.200000,546.900000
NaN,NaN,264.270000,571.000000,357.160000,546.870000
NaN,NaN,264.280000,571.010000,357.180000,546.870000
NaN,NaN,264.270000,571.010000,357.150000,546.840000
NaN,NaN,264.270000,571.010000,357.130000,546.850000
NaN,NaN,264.260000,571.010000,357.130000,546.870000
NaN,NaN,264.240000,571.010000,357.120000,546.860000
NaN,NaN,264.240000,571.030000,357.140000,546.810000
NaN,NaN,264.240000,571.030000,357.170000,546.830000
NaN,NaN,264.230000,571.000000,357.270000,546.810000
NaN,NaN,264.240000,571.000000,357.190000,546.840000
NaN,NaN,264.220000,571.000000,357.140000,546.840000
NaN,NaN,264.210000,571.010000,357.160000,546.840000
NaN,NaN,264.210000,571.010000,357.170000,546.810000
NaN,NaN,264.210000,571.010000,357.150000,546.830000
NaN,NaN,264.230000,571.010000,357.140000,546.870000
NaN,NaN,264.230000,571.020000,357.150000,546.750000
NaN,NaN,264.220000,571.010000,357.170000,546.790000
NaN,NaN,264.220000,571.020000,357.170000,546.700000
NaN,NaN,264.230000,571.020000,357.120000,546.770000
NaN,NaN,264.240000,571.010000,357.150000,546.770000
NaN,NaN,264.230000,571.010000,357.130000,546.750000
NaN,NaN,264.240000,571.010000,357.110000,546.750000
NaN,NaN,264.210000,571.000000,357.110000,546.750000
NaN,NaN,264.190000,571.050000,357.120000,546.820000
NaN,NaN,264.180000,571.010000,357.100000,546.800000
NaN,NaN,264.190000,571.010000,357.090000,546.800000
NaN,NaN,264.180000,571.020000,357.110000,546.850000
NaN,NaN,264.190000,571.020000,357.080000,546.830000
NaN,NaN,264.190000,571.040000,357.140000,546.810000
NaN,NaN,264.180000,571.030000,357.110000,546.840000
NaN,NaN,264.190000,570.990000,357.100000,546.860000
NaN,NaN,264.180000,571.000000,357.140000,546.820000
NaN,NaN,264.180000,571.010000,357.090000,546.790000
NaN,NaN,264.170000,571.020000,357.120000,546.790000
NaN,NaN,264.170000,571.030000,357.080000,546.840000
NaN,NaN,264.160000,571.040000,357.060000,546.790000
NaN,NaN,264.170000,571.020000,357.080000,546.820000
NaN,NaN,264.180000,571.030000,357.120000,546.810000
NaN,NaN,264.160000,571.000000,357.100000,546.700000
NaN,NaN,264.150000,571.000000,357.060000,546.780000
NaN,NaN,264.150000,571.000000,357.070000,546.770000
NaN,NaN,264.150000,571.010000,357.070000,546.780000
NaN,NaN,264.150000,571.010000,357.110000,546.750000
NaN,NaN,264.160000,571.020000,357.060000,546.740000
NaN,NaN,264.170000,571.000000,357.060000,546.750000
NaN,NaN,264.160000,571.020000,357.070000,546.750000
NaN,NaN,264.160000,571.030000,357.070000,546.790000
NaN,NaN,264.160000,571.020000,357.070000,546.770000
NaN,NaN,264.170000,571.010000,357.090000,546.740000
NaN,NaN,264.150000,571.020000,357.120000,546.730000
NaN,NaN,264.150000,571.010000,357.060000,546.790000
NaN,NaN,264.150000,571.020000,357.050000,546.790000
NaN,NaN,264.160000,571.020000,357.060000,546.810000
NaN,NaN,264.180000,571.030000,357.090000,546.710000
NaN,NaN,264.150000,571.030000,357.090000,546.690000
NaN,NaN,264.130000,571.040000,357.100000,546.680000
NaN,NaN,264.120000,571.030000,357.060000,546.690000
NaN,NaN,264.110000,571.020000,357.070000,546.690000
NaN,NaN,264.120000,571.020000,357.020000,546.620000
NaN,NaN,264.130000,571.030000,357.050000,546.660000
NaN,NaN,264.120000,571.030000,357.060000,546.670000
NaN,NaN,264.140000,571.050000,357.070000,546.590000
NaN,NaN,264.140000,571.030000,357.070000,546.660000
NaN,NaN,264.130000,571.050000,357.080000,546.590000
NaN,NaN,264.130000,571.060000,357.090000,546.640000
NaN,NaN,264.130000,571.060000,357.090000,546.640000
NaN,NaN,264.130000,571.050000,357.050000,546.680000
NaN,NaN,264.110000,571.040000,357.030000,546.620000
NaN,NaN,264.130000,571.040000,357.030000,546.560000
NaN,NaN,264.110000,571.030000,357.020000,546.540000
NaN,NaN,264.100000,571.030000,357.050000,546.570000
NaN,NaN,264.110000,571.040000,357.010000,546.450000
NaN,NaN,264.110000,571.050000,357.020000,546.280000
NaN,NaN,264.110000,571.040000,357.030000,546.270000
NaN,NaN,264.100000,571.060000,357.000000,546.250000
NaN,NaN,264.090000,571.050000,357.000000,546.290000
NaN,NaN,264.100000,571.040000,356.980000,546.300000
NaN,NaN,264.120000,571.020000,356.970000,546.300000
NaN,NaN,264.110000,571.040000,356.980000,546.230000
NaN,NaN,264.100000,571.050000,356.970000,546.260000
NaN,NaN,264.090000,571.040000,356.970000,546.270000
NaN,NaN,264.090000,571.030000,356.960000,546.230000
NaN,NaN,264.090000,571.030000,356.990000,546.200000
NaN,NaN,264.100000,571.050000,356.950000,546.230000
NaN,NaN,264.090000,571.060000,356.960000,546.180000
NaN,NaN,264.090000,571.050000,356.970000,546.150000
NaN,NaN,264.090000,571.040000,356.940000,546.130000
NaN,NaN,264.100000,571.030000,356.930000,546.150000
NaN,NaN,264.090000,571.030000,356.910000,546.160000
NaN,NaN,264.090000,571.050000,356.930000,546.150000
NaN,NaN,264.100000,571.040000,356.910000,546.120000
NaN,NaN,264.090000,571.050000,356.920000,546.120000
NaN,NaN,264.090000,571.050000,356.940000,546.130000
NaN,NaN,264.090000,571.040000,356.990000,546.080000
NaN,NaN,264.090000,571.030000,356.990000,546.070000
NaN,NaN,264.100000,571.030000,356.980000,546.170000
NaN,NaN,264.100000,571.030000,356.960000,546.130000
NaN,NaN,264.090000,571.020000,356.970000,546.120000
NaN,NaN,264.090000,571.030000,356.970000,546.070000
NaN,NaN,264.090000,571.020000,356.980000,546.130000
NaN,NaN,264.090000,571.030000,356.930000,546.150000
NaN,NaN,264.080000,571.040000,356.950000,546.110000
NaN,NaN,264.080000,571.040000,356.950000,546.100000
NaN,NaN,264.080000,571.030000,356.940000,546.160000
NaN,NaN,264.070000,571.040000,356.930000,546.160000
NaN,NaN,264.070000,571.030000,356.940000,546.170000
NaN,NaN,264.060000,571.040000,356.920000,546.140000
NaN,NaN,264.070000,571.070000,356.940000,546.110000
NaN,NaN,264.080000,571.060000,356.960000,546.120000
NaN,NaN,264.090000,571.040000,356.910000,546.160000
NaN,NaN,264.090000,571.040000,356.900000,546.150000
NaN,NaN,264.090000,571.030000,356.930000,546.110000
NaN,NaN,264.100000,571.020000,356.940000,546.140000
NaN,NaN,264.090000,571.040000,356.950000,546.110000
NaN,NaN,264.090000,571.050000,356.940000,546.070000
NaN,NaN,264.100000,571.070000,356.900000,546.140000
NaN,NaN,264.090000,571.060000,356.920000,546.120000
NaN,NaN,264.080000,571.030000,356.900000,546.150000
NaN,NaN,264.090000,571.030000,356.920000,546.120000
NaN,NaN,264.090000,571.050000,356.900000,546.140000
NaN,NaN,264.080000,571.070000,356.870000,546.190000
NaN,NaN,264.080000,571.050000,356.920000,546.120000
NaN,NaN,264.090000,571.060000,356.910000,546.100000
NaN,NaN,264.080000,571.040000,356.890000,546.100000
NaN,NaN,264.090000,571.030000,356.890000,546.060000
NaN,NaN,264.090000,571.010000,356.930000,546.020000
NaN,NaN,264.090000,571.010000,356.940000,546.060000
NaN,NaN,264.090000,571.020000,356.910000,546.010000
NaN,NaN,270.000000,571.050000,356.910000,546.130000
NaN,NaN,270.270000,571.240000,356.920000,546.070000
NaN,NaN,270.360000,571.200000,356.930000,546.140000
NaN,NaN,270.480000,571.190000,356.890000,546.100000
NaN,NaN,270.500000,571.210000,356.890000,546.130000
NaN,NaN,270.490000,571.210000,356.890000,546.120000
NaN,NaN,270.130000,571.160000,356.900000,546.200000
NaN,NaN,270.140000,571.240000,356.870000,546.130000
NaN,NaN,270.150000,571.250000,356.870000,546.100000
NaN,NaN,270.130000,571.230000,356.910000,546.090000
NaN,NaN,270.190000,571.260000,356.880000,546.090000
NaN,NaN,270.200000,571.280000,356.870000,546.120000
NaN,NaN,270.200000,571.240000,356.870000,546.100000
NaN,NaN,270.200000,571.280000,356.880000,546.040000
NaN,NaN,270.240000,571.270000,356.870000,546.090000
NaN,NaN,270.240000,571.360000,356.860000,546.110000
NaN,NaN,270.250000,571.290000,356.860000,546.090000
NaN,NaN,270.250000,571.270000,356.870000,546.070000
NaN,NaN,270.260000,571.270000,356.870000,546.120000
NaN,NaN,270.300000,571.290000,356.800000,546.090000
NaN,NaN,270.290000,571.320000,356.810000,546.120000
NaN,NaN,270.300000,571.260000,356.820000,546.120000
NaN,NaN,270.380000,571.270000,356.790000,546.120000
NaN,NaN,270.380000,571.290000,356.830000,546.060000
NaN,NaN,270.420000,571.350000,356.860000,546.020000
NaN,NaN,270.390000,571.310000,356.830000,546.020000
NaN,NaN,270.400000,571.320000,356.820000,546.110000
NaN,NaN,270.400000,571.290000,356.840000,546.100000
NaN,NaN,270.440000,571.330000,356.830000,546.070000
NaN,NaN,270.460000,571.400000,356.800000,546.100000
NaN,NaN,270.430000,571.310000,356.800000,546.000000
NaN,NaN,270.440000,571.290000,356.790000,546.020000
NaN,NaN,270.520000,571.260000,356.840000,546.030000
NaN,NaN,270.860000,571.290000,356.770000,546.040000
NaN,NaN,270.870000,571.280000,356.820000,546.150000
NaN,NaN,270.880000,571.300000,356.800000,546.110000
NaN,NaN,270.870000,571.310000,356.750000,546.010000
NaN,NaN,270.890000,571.270000,356.790000,546.010000
NaN,NaN,270.930000,571.320000,356.780000,545.970000
NaN,NaN,270.940000,571.320000,356.790000,546.010000
NaN,NaN,270.940000,571.360000,356.800000,546.040000
NaN,NaN,270.940000,571.350000,356.810000,545.970000
NaN,NaN,270.940000,571.350000,356.780000,545.970000
NaN,NaN,271.000000,571.320000,356.800000,545.990000
NaN,NaN,270.980000,571.290000,356.810000,545.950000
NaN,NaN,270.960000,571.320000,356.720000,545.850000
NaN,NaN,270.990000,571.350000,356.740000,545.880000
NaN,NaN,271.000000,571.310000,356.760000,545.840000
NaN,NaN,270.980000,571.280000,356.680000,545.880000
NaN,NaN,270.990000,571.290000,356.700000,545.850000
NaN,NaN,271.010000,571.320000,356.720000,545.860000
NaN,NaN,271.020000,571.290000,356.790000,545.890000
NaN,NaN,271.040000,571.310000,356.780000,545.870000
NaN,NaN,271.050000,571.330000,356.780000,545.890000
NaN,NaN,271.060000,571.320000,356.750000,545.880000
NaN,NaN,271.110000,571.320000,356.740000,545.950000
NaN,NaN,271.110000,571.370000,356.760000,545.910000
NaN,NaN,271.130000,571.340000,356.730000,545.950000
NaN,NaN,271.110000,571.350000,356.740000,545.920000
NaN,NaN,271.150000,571.340000,356.750000,545.910000
NaN,NaN,271.140000,571.400000,356.760000,545.890000
NaN,NaN,271.140000,571.380000,356.740000,545.830000
NaN,NaN,271.140000,571.390000,356.740000,545.830000
NaN,NaN,271.150000,571.350000,356.730000,545.910000
NaN,NaN,271.180000,571.370000,356.690000,545.950000
NaN,NaN,271.200000,571.350000,356.650000,545.900000
NaN,NaN,271.190000,571.350000,356.720000,545.880000
NaN,NaN,271.200000,571.340000,356.740000,545.860000
NaN,NaN,271.220000,571.360000,356.690000,545.770000
NaN,NaN,271.270000,571.380000,356.700000,545.800000
NaN,NaN,271.250000,571.300000,356.710000,545.770000
NaN,NaN,271.270000,571.340000,356.700000,545.720000
NaN,NaN,271.250000,571.350000,356.700000,545.770000
NaN,NaN,271.270000,571.320000,356.630000,545.800000
NaN,NaN,271.280000,571.340000,356.680000,545.860000
NaN,NaN,271.280000,571.510000,356.730000,545.960000
NaN,NaN,271.290000,571.860000,356.740000,545.940000
NaN,NaN,271.260000,571.850000,356.760000,545.970000
NaN,NaN,271.310000,571.840000,356.700000,545.900000
NaN,NaN,271.360000,571.840000,356.640000,545.800000
NaN,NaN,271.380000,571.880000,356.640000,545.780000
NaN,NaN,271.350000,571.830000,356.690000,545.880000
NaN,NaN,271.350000,571.850000,356.660000,545.910000
NaN,NaN,271.350000,571.870000,356.700000,545.910000
NaN,NaN,271.360000,571.890000,356.730000,545.880000
NaN,NaN,271.410000,571.840000,356.710000,545.830000
NaN,NaN,271.430000,571.860000,356.710000,545.860000
NaN,NaN,271.470000,571.840000,356.730000,545.850000
NaN,NaN,271.930000,571.730000,356.710000,545.930000
NaN,NaN,271.930000,571.790000,356.710000,545.950000
NaN,NaN,271.980000,571.780000,356.700000,545.820000
NaN,NaN,271.980000,571.760000,356.730000,545.860000
NaN,NaN,271.940000,571.770000,356.710000,545.840000
NaN,NaN,271.970000,571.750000,356.630000,545.830000
NaN,NaN,271.950000,571.690000,356.710000,545.900000
NaN,NaN,271.970000,571.750000,356.700000,545.840000
NaN,NaN,271.990000,571.780000,356.680000,545.750000
NaN,NaN,271.990000,571.760000,356.690000,545.790000
NaN,NaN,272.030000,571.760000,356.650000,545.780000
NaN,NaN,272.040000,571.740000,356.500000,545.690000
NaN,NaN,272.070000,571.750000,356.070000,545.690000
NaN,NaN,272.070000,571.710000,356.040000,545.720000
NaN,NaN,272.090000,571.760000,356.080000,545.740000
NaN,NaN,272.070000,571.810000,356.030000,545.690000
NaN,NaN,272.120000,571.800000,356.040000,545.700000
NaN,NaN,272.140000,571.760000,355.980000,545.710000
NaN,NaN,272.180000,571.770000,356.080000,545.690000
NaN,NaN,272.160000,571.730000,356.010000,545.640000
NaN,NaN,272.200000,571.690000,356.020000,545.690000
NaN,NaN,272.260000,571.770000,356.050000,545.700000
NaN,NaN,272.220000,571.740000,355.990000,545.740000
NaN,NaN,272.260000,571.700000,355.990000,545.680000
NaN,NaN,272.290000,571.690000,356.010000,545.690000
NaN,NaN,272.270000,571.700000,355.970000,545.710000
NaN,NaN,272.280000,571.710000,355.920000,545.800000
NaN,NaN,272.270000,571.720000,355.950000,545.700000
NaN,NaN,272.330000,571.670000,355.930000,545.750000
NaN,NaN,272.340000,571.670000,355.920000,545.780000
NaN,NaN,272.330000,571.720000,355.940000,545.650000
NaN,NaN,272.360000,571.680000,355.910000,545.680000
NaN,NaN,272.400000,571.820000,355.950000,545.620000
NaN,NaN,272.370000,571.800000,355.950000,545.650000
NaN,NaN,272.380000,571.800000,355.900000,545.640000
NaN,NaN,272.350000,571.790000,355.960000,545.670000
NaN,NaN,272.450000,571.770000,355.950000,545.650000
NaN,NaN,272.970000,571.690000,355.920000,545.600000
NaN,NaN,273.010000,571.750000,355.970000,545.700000
NaN,NaN,272.970000,571.780000,355.910000,545.620000
NaN,NaN,273.050000,571.770000,355.900000,545.590000
NaN,NaN,273.040000,571.710000,355.910000,545.570000
NaN,NaN,273.060000,571.700000,355.920000,545.630000
NaN,NaN,273.090000,571.710000,355.950000,545.560000
NaN,NaN,273.130000,571.730000,355.980000,545.640000
NaN,NaN,273.160000,571.670000,355.920000,545.650000
NaN,NaN,273.140000,571.660000,355.920000,545.470000
NaN,NaN,273.170000,571.770000,355.820000,544.870000
NaN,NaN,273.160000,571.710000,355.670000,544.530000
NaN,NaN,273.210000,571.760000,355.680000,544.560000
NaN,NaN,273.230000,571.740000,355.780000,544.940000
NaN,NaN,273.240000,571.680000,355.740000,544.910000
NaN,NaN,273.250000,571.700000,355.720000,544.930000
NaN,NaN,273.250000,571.730000,355.800000,544.990000
NaN,NaN,273.280000,571.670000,355.810000,544.920000
NaN,NaN,273.260000,571.670000,355.760000,544.950000
NaN,NaN,273.310000,571.680000,355.790000,544.950000
NaN,NaN,273.370000,571.670000,355.690000,544.940000
NaN,NaN,273.340000,571.650000,355.650000,544.890000
NaN,NaN,273.330000,571.670000,355.690000,544.880000
NaN,NaN,273.310000,571.650000,355.640000,544.800000
NaN,NaN,273.400000,571.580000,355.610000,544.880000
NaN,NaN,273.400000,571.710000,355.680000,544.730000
NaN,NaN,273.380000,571.720000,355.720000,544.900000
NaN,NaN,273.370000,571.730000,355.660000,544.810000
NaN,NaN,273.430000,571.660000,355.630000,544.800000
NaN,NaN,273.490000,571.650000,355.540000,544.800000
NaN,NaN,274.000000,571.430000,355.100000,544.400000
NaN,NaN,274.070000,571.080000,355.080000,544.230000
NaN,NaN,274.040000,571.060000,355.110000,544.180000
NaN,NaN,274.060000,571.060000,355.080000,544.270000
NaN,NaN,274.070000,571.040000,355.040000,544.270000
NaN,NaN,274.110000,571.020000,355.010000,544.200000
NaN,NaN,274.100000,571.040000,355.020000,544.140000
NaN,NaN,274.110000,571.030000,355.010000,544.180000
NaN,NaN,274.110000,571.010000,354.980000,544.150000
NaN,NaN,274.180000,571.010000,354.910000,544.120000
NaN,NaN,274.100000,571.010000,354.940000,544.190000
NaN,NaN,274.200000,571.020000,354.920000,544.200000
NaN,NaN,274.160000,571.020000,354.880000,544.200000
NaN,NaN,274.200000,570.970000,354.890000,544.190000
NaN,NaN,274.230000,570.980000,354.910000,544.240000
NaN,NaN,274.250000,571.020000,354.900000,544.180000
NaN,NaN,274.290000,571.010000,354.880000,544.170000
NaN,NaN,274.300000,570.990000,354.850000,544.150000
NaN,NaN,274.300000,570.960000,354.860000,544.110000
NaN,NaN,274.280000,570.960000,354.830000,544.160000
NaN,NaN,274.310000,570.960000,354.860000,544.190000
NaN,NaN,274.360000,570.970000,354.810000,544.230000
NaN,NaN,274.370000,570.960000,354.810000,544.140000
NaN,NaN,274.380000,570.990000,354.770000,544.130000
NaN,NaN,274.370000,570.960000,354.730000,544.140000
NaN,NaN,274.420000,571.010000,354.810000,544.110000
NaN,NaN,274.440000,570.990000,354.780000,544.110000
NaN,NaN,274.510000,570.970000,354.750000,544.140000
NaN,NaN,274.870000,570.860000,354.800000,544.090000
NaN,NaN,274.890000,570.850000,354.760000,544.110000
NaN,NaN,274.880000,570.850000,354.740000,544.100000
NaN,NaN,274.910000,570.820000,354.690000,544.120000
NaN,NaN,274.930000,570.800000,354.670000,544.120000
NaN,NaN,274.950000,570.800000,354.670000,544.130000
NaN,NaN,274.950000,570.770000,354.660000,544.120000
NaN,NaN,274.960000,570.800000,354.670000,544.140000
NaN,NaN,274.940000,570.780000,354.610000,544.120000
NaN,NaN,274.970000,570.790000,354.610000,544.160000
NaN,NaN,274.970000,570.760000,354.620000,544.170000
NaN,NaN,274.990000,570.720000,354.580000,544.150000
NaN,NaN,275.030000,570.810000,354.570000,544.170000
NaN,NaN,275.080000,570.760000,354.560000,544.210000
NaN,NaN,275.060000,570.730000,354.490000,544.140000
NaN,NaN,275.060000,570.730000,354.080000,544.070000
NaN,NaN,275.090000,570.680000,354.070000,544.080000
NaN,NaN,275.070000,570.680000,354.070000,544.020000
NaN,NaN,275.090000,570.680000,354.060000,544.060000
NaN,NaN,275.100000,570.650000,353.990000,544.030000
NaN,NaN,275.130000,570.640000,354.000000,544.040000
NaN,NaN,275.100000,570.660000,354.010000,544.030000
NaN,NaN,275.130000,570.650000,353.960000,544.000000
NaN,NaN,275.140000,570.640000,353.910000,544.000000
NaN,NaN,275.160000,570.630000,353.880000,544.000000
NaN,NaN,275.190000,570.640000,353.910000,544.050000
NaN,NaN,275.200000,570.630000,353.890000,544.060000
NaN,NaN,275.220000,570.650000,353.900000,544.030000
NaN,NaN,275.250000,570.640000,353.880000,544.050000
NaN,NaN,275.230000,570.640000,353.910000,544.040000
NaN,NaN,275.220000,570.650000,353.900000,544.020000
NaN,NaN,275.210000,570.630000,353.870000,544.030000
NaN,NaN,275.300000,570.580000,353.870000,544.080000
NaN,NaN,275.260000,570.570000,353.840000,544.040000
NaN,NaN,275.270000,570.620000,353.790000,544.040000
NaN,NaN,275.300000,570.640000,353.820000,544.070000
NaN,NaN,275.310000,570.620000,353.850000,544.090000
NaN,NaN,275.330000,570.620000,353.810000,544.030000
NaN,NaN,275.330000,570.580000,353.740000,544.080000
NaN,NaN,275.360000,570.540000,353.740000,544.090000
NaN,NaN,275.350000,570.580000,353.670000,544.110000
NaN,NaN,275.380000,570.570000,353.680000,544.160000
NaN,NaN,275.440000,570.570000,353.630000,544.130000
NaN,NaN,275.470000,570.550000,353.610000,544.100000
NaN,NaN,275.870000,570.460000,353.540000,544.080000
NaN,NaN,275.930000,570.080000,353.420000,543.980000
NaN,NaN,275.960000,570.120000,353.370000,543.980000
NaN,NaN,275.980000,570.090000,353.370000,543.990000
NaN,NaN,275.950000,570.130000,353.250000,543.990000
NaN,NaN,276.000000,570.100000,353.280000,543.960000
NaN,NaN,275.990000,570.110000,353.260000,543.960000
NaN,NaN,275.990000,570.100000,353.250000,543.960000
NaN,NaN,275.990000,570.080000,353.350000,543.940000
NaN,NaN,276.020000,570.070000,353.260000,543.950000
NaN,NaN,276.050000,570.020000,353.240000,543.950000
NaN,NaN,276.060000,570.030000,353.290000,543.930000
NaN,NaN,276.090000,570.020000,353.270000,543.960000
NaN,NaN,276.100000,570.010000,353.420000,543.980000
NaN,NaN,276.110000,569.970000,353.620000,544.010000
NaN,NaN,276.150000,570.000000,353.670000,544.000000
NaN,NaN,276.130000,570.000000,353.630000,543.960000
NaN,NaN,276.140000,569.980000,353.570000,543.960000
NaN,NaN,276.170000,569.960000,353.520000,543.910000
NaN,NaN,276.200000,569.960000,353.320000,543.890000
NaN,NaN,276.180000,569.960000,353.340000,543.890000
NaN,NaN,276.170000,569.950000,353.340000,543.920000
NaN,NaN,276.200000,569.960000,353.380000,543.900000
NaN,NaN,276.220000,569.950000,353.340000,543.870000
NaN,NaN,276.260000,569.960000,353.250000,543.800000
NaN,NaN,276.280000,569.920000,353.340000,543.850000
NaN,NaN,276.280000,569.930000,353.330000,543.830000
NaN,NaN,276.310000,569.900000,353.350000,543.780000
NaN,NaN,276.300000,569.900000,353.290000,543.770000
NaN,NaN,276.330000,569.900000,353.300000,543.740000
NaN,NaN,276.330000,569.870000,353.510000,543.840000
NaN,NaN,276.380000,569.850000,353.730000,543.940000
NaN,NaN,276.420000,569.800000,353.690000,543.980000
NaN,NaN,276.420000,569.810000,353.760000,543.990000
NaN,NaN,276.410000,569.810000,353.690000,543.950000
NaN,NaN,276.440000,569.810000,353.720000,543.930000
NaN,NaN,276.480000,569.810000,353.710000,543.850000
NaN,NaN,276.960000,569.690000,353.700000,543.830000
NaN,NaN,276.960000,569.700000,353.690000,543.820000
NaN,NaN,276.980000,569.680000,353.700000,543.810000
NaN,NaN,277.010000,569.650000,353.650000,543.830000
NaN,NaN,277.030000,569.690000,353.650000,543.770000
NaN,NaN,277.030000,569.660000,353.680000,543.760000
NaN,NaN,277.070000,569.690000,353.720000,543.790000
NaN,NaN,277.080000,569.690000,353.770000,543.880000
NaN,NaN,277.090000,569.680000,353.650000,543.800000
NaN,NaN,277.120000,569.670000,353.620000,543.770000
NaN,NaN,277.140000,569.640000,353.690000,543.790000
NaN,NaN,277.160000,569.650000,353.710000,543.850000
NaN,NaN,277.200000,569.670000,353.720000,543.800000
NaN,NaN,277.240000,569.650000,353.730000,543.870000
NaN,NaN,277.230000,569.590000,353.730000,543.830000
NaN,NaN,277.270000,569.610000,353.700000,543.790000
NaN,NaN,277.290000,569.600000,353.530000,543.780000
NaN,NaN,277.320000,569.560000,353.290000,543.640000
NaN,NaN,277.300000,569.620000,353.280000,543.550000
NaN,NaN,277.340000,569.600000,353.180000,543.160000
NaN,NaN,277.410000,569.540000,353.170000,543.150000
NaN,NaN,277.520000,569.170000,353.200000,543.150000
NaN,NaN,277.960000,569.040000,353.190000,543.150000
NaN,NaN,277.950000,569.070000,353.240000,543.150000
NaN,NaN,277.990000,569.030000,353.230000,543.120000
NaN,NaN,278.020000,569.040000,353.180000,543.120000
NaN,NaN,278.020000,569.030000,353.140000,543.070000
NaN,NaN,278.050000,569.020000,353.200000,543.070000
NaN,NaN,278.040000,569.030000,353.190000,543.110000
NaN,NaN,278.070000,569.050000,353.150000,543.090000
NaN,NaN,278.080000,569.030000,353.130000,543.060000
NaN,NaN,278.100000,569.000000,353.130000,543.060000
NaN,NaN,278.140000,568.990000,353.130000,543.070000
NaN,NaN,278.130000,568.950000,353.150000,543.070000
NaN,NaN,278.170000,568.970000,353.080000,543.030000
NaN,NaN,278.210000,568.970000,353.090000,543.060000
NaN,NaN,278.200000,568.990000,353.170000,543.150000
NaN,NaN,278.200000,568.910000,353.100000,543.070000
NaN,NaN,278.240000,568.940000,353.130000,543.090000
NaN,NaN,278.240000,568.930000,353.160000,543.130000
NaN,NaN,278.250000,568.940000,353.160000,543.090000
NaN,NaN,278.340000,568.940000,353.140000,543.090000
NaN,NaN,278.380000,568.900000,353.140000,543.090000
NaN,NaN,278.390000,568.920000,353.080000,543.030000
NaN,NaN,278.390000,568.910000,353.100000,543.020000
NaN,NaN,278.410000,568.880000,353.040000,543.020000
NaN,NaN,278.450000,568.890000,353.030000,542.990000
NaN,NaN,278.470000,568.910000,353.110000,542.980000
NaN,NaN,278.470000,568.880000,353.080000,543.020000
NaN,NaN,278.540000,568.830000,353.100000,543.030000
NaN,NaN,278.930000,568.860000,353.100000,543.030000
NaN,NaN,278.950000,568.840000,353.120000,543.020000
NaN,NaN,278.940000,568.890000,353.040000,542.960000
NaN,NaN,278.950000,568.880000,353.080000,542.990000
NaN,NaN,279.000000,568.850000,353.080000,543.000000
NaN,NaN,279.020000,568.850000,353.080000,542.990000
NaN,NaN,279.050000,568.880000,353.020000,542.940000
NaN,NaN,279.070000,568.870000,353.050000,542.970000
NaN,NaN,279.100000,568.870000,352.980000,542.940000
NaN,NaN,279.110000,568.800000,353.050000,542.940000
NaN,NaN,279.140000,568.810000,353.020000,542.930000
NaN,NaN,279.190000,568.810000,352.990000,542.920000
NaN,NaN,279.200000,568.800000,352.980000,542.910000
NaN,NaN,279.200000,568.830000,352.980000,542.910000
NaN,NaN,279.230000,568.790000,352.950000,542.890000
NaN,NaN,279.250000,568.800000,352.980000,542.850000
NaN,NaN,279.280000,568.840000,353.000000,542.980000
NaN,NaN,279.320000,568.820000,353.050000,542.980000
NaN,NaN,279.340000,568.820000,353.000000,542.900000
NaN,NaN,279.360000,568.780000,353.020000,542.910000
NaN,NaN,279.370000,568.800000,353.020000,542.920000
NaN,NaN,279.380000,568.760000,352.990000,542.880000
NaN,NaN,279.400000,568.800000,353.040000,542.870000
NaN,NaN,279.440000,568.790000,353.030000,542.900000
NaN,NaN,279.540000,568.770000,353.060000,542.890000
NaN,NaN,279.890000,568.730000,353.000000,542.880000
NaN,NaN,279.910000,568.710000,352.960000,542.770000
NaN,NaN,279.930000,568.730000,352.990000,542.810000
NaN,NaN,279.960000,568.720000,353.010000,542.840000
NaN,NaN,279.960000,568.700000,353.000000,542.810000
NaN,NaN,280.010000,568.720000,353.000000,542.860000
NaN,NaN,280.070000,568.730000,352.980000,542.850000
NaN,NaN,280.040000,568.670000,352.900000,542.840000
NaN,NaN,280.060000,568.660000,352.970000,542.880000
NaN,NaN,280.110000,568.630000,352.930000,542.910000
NaN,NaN,280.110000,568.620000,352.920000,542.890000
NaN,NaN,280.100000,568.670000,352.930000,542.800000
NaN,NaN,280.160000,568.670000,352.970000,542.810000
NaN,NaN,280.170000,568.650000,352.980000,542.790000
NaN,NaN,280.220000,568.620000,352.970000,542.800000
NaN,NaN,280.290000,568.610000,352.960000,542.750000
NaN,NaN,280.290000,568.630000,352.970000,542.800000
NaN,NaN,280.340000,568.610000,352.930000,542.790000
NaN,NaN,280.370000,568.590000,352.870000,542.720000
NaN,NaN,280.410000,568.560000,352.860000,542.670000
NaN,NaN,280.540000,568.600000,352.930000,542.740000
NaN,NaN,281.070000,568.400000,352.860000,542.730000
NaN,NaN,281.730000,567.850000,352.870000,542.730000
NaN,NaN,281.900000,567.200000,352.850000,542.680000
NaN,NaN,281.930000,567.170000,352.890000,542.750000
NaN,NaN,281.980000,567.120000,352.880000,542.750000
NaN,NaN,281.970000,567.160000,352.890000,542.770000
NaN,NaN,281.990000,567.140000,352.890000,542.760000
NaN,NaN,282.010000,567.140000,352.840000,542.790000
NaN,NaN,282.050000,567.170000,352.860000,542.800000
NaN,NaN,282.100000,567.180000,352.840000,542.770000
NaN,NaN,282.140000,567.210000,352.850000,542.730000
NaN,NaN,282.160000,567.250000,352.890000,542.720000
NaN,NaN,282.210000,567.220000,352.810000,542.720000
NaN,NaN,282.260000,567.220000,352.820000,542.750000
NaN,NaN,282.290000,567.180000,352.790000,542.700000
NaN,NaN,282.340000,567.200000,352.820000,542.850000
NaN,NaN,282.370000,567.190000,352.800000,542.730000
NaN,NaN,282.400000,567.150000,352.790000,542.760000
NaN,NaN,282.530000,567.170000,352.780000,542.760000
NaN,NaN,282.960000,567.140000,352.810000,542.750000
NaN,NaN,282.980000,567.130000,352.720000,542.660000
NaN,NaN,283.010000,567.140000,352.690000,542.690000
NaN,NaN,283.060000,567.150000,352.580000,542.590000
NaN,NaN,283.070000,567.120000,352.350000,542.530000
NaN,NaN,283.130000,567.140000,352.330000,542.280000
NaN,NaN,283.130000,567.110000,352.340000,542.230000
NaN,NaN,283.150000,567.150000,352.310000,542.200000
NaN,NaN,283.150000,567.140000,352.300000,542.260000
NaN,NaN,283.260000,567.120000,352.240000,542.220000
NaN,NaN,283.270000,567.140000,352.270000,542.270000
NaN,NaN,283.390000,567.190000,352.170000,542.230000
NaN,NaN,283.460000,567.130000,352.170000,542.200000
NaN,NaN,283.910000,567.150000,352.140000,542.250000
NaN,NaN,283.950000,567.170000,352.210000,542.250000
NaN,NaN,283.980000,567.170000,352.140000,542.180000
NaN,NaN,284.000000,567.160000,352.270000,542.270000
NaN,NaN,284.040000,567.150000,352.260000,542.280000
NaN,NaN,284.070000,567.120000,352.270000,542.240000
NaN,NaN,284.180000,567.130000,352.230000,542.220000
NaN,NaN,284.190000,567.120000,352.270000,542.210000
NaN,NaN,284.200000,567.110000,352.230000,542.230000
NaN,NaN,284.290000,567.110000,352.210000,542.170000
NaN,NaN,284.330000,567.120000,352.210000,542.210000
NaN,NaN,284.420000,567.110000,352.290000,542.200000
NaN,NaN,284.870000,567.110000,352.290000,542.140000
NaN,NaN,284.950000,567.120000,352.280000,542.160000
NaN,NaN,284.990000,567.110000,352.280000,542.160000
NaN,NaN,284.990000,567.120000,352.280000,542.150000
NaN,NaN,285.020000,567.130000,352.300000,542.170000
NaN,NaN,285.070000,567.120000,352.310000,542.170000
NaN,NaN,285.110000,567.100000,352.170000,542.250000
NaN,NaN,285.220000,567.110000,352.140000,542.260000
NaN,NaN,285.250000,567.110000,352.200000,542.200000
NaN,NaN,285.350000,567.130000,352.240000,542.160000
NaN,NaN,285.380000,567.120000,352.240000,542.110000
NaN,NaN,285.460000,567.120000,352.170000,542.130000
NaN,NaN,285.980000,567.090000,352.150000,542.150000
NaN,NaN,286.040000,567.120000,352.130000,542.130000
NaN,NaN,286.120000,567.090000,352.130000,542.170000
NaN,NaN,286.190000,567.090000,352.150000,542.110000
NaN,NaN,286.360000,567.070000,352.210000,542.090000
NaN,NaN,286.950000,567.040000,352.250000,542.160000
NaN,NaN,286.980000,567.040000,352.140000,542.170000
NaN,NaN,287.010000,567.030000,352.100000,542.170000
NaN,NaN,287.100000,566.950000,352.130000,542.160000
NaN,NaN,287.250000,567.020000,352.150000,542.100000
NaN,NaN,287.280000,566.940000,352.160000,542.120000
NaN,NaN,287.420000,566.890000,352.140000,542.130000
NaN,NaN,288.020000,566.690000,352.120000,542.090000
NaN,NaN,288.450000,566.570000,352.070000,542.070000
NaN,NaN,288.570000,566.220000,352.100000,542.090000
NaN,NaN,288.630000,566.230000,352.080000,542.060000
NaN,NaN,288.720000,566.210000,352.050000,542.100000
NaN,NaN,288.790000,566.300000,352.110000,542.110000
NaN,NaN,288.850000,566.200000,352.080000,542.100000
NaN,NaN,288.930000,566.310000,352.130000,542.030000
NaN,NaN,288.990000,566.220000,352.120000,542.040000
NaN,NaN,289.030000,566.230000,352.130000,542.070000
NaN,NaN,289.090000,566.210000,352.080000,541.990000
NaN,NaN,289.130000,566.190000,352.110000,542.070000
NaN,NaN,289.200000,566.170000,352.070000,542.030000
NaN,NaN,289.280000,566.150000,352.060000,542.090000
NaN,NaN,289.350000,566.160000,352.010000,542.080000
NaN,NaN,289.380000,566.130000,352.070000,542.020000
NaN,NaN,289.410000,566.120000,352.060000,542.010000
NaN,NaN,289.640000,566.100000,351.990000,542.010000
NaN,NaN,289.930000,566.120000,352.020000,542.030000
NaN,NaN,290.010000,566.090000,351.980000,542.030000
NaN,NaN,290.050000,566.080000,351.990000,542.000000
NaN,NaN,290.130000,566.080000,352.000000,541.970000
NaN,NaN,290.210000,566.070000,352.040000,542.000000
NaN,NaN,290.260000,566.060000,352.030000,542.020000
NaN,NaN,290.410000,566.040000,352.000000,542.050000
NaN,NaN,290.940000,565.950000,352.020000,542.000000
NaN,NaN,291.060000,565.950000,352.040000,542.010000
NaN,NaN,291.130000,565.940000,351.990000,542.040000
NaN,NaN,291.240000,565.890000,352.020000,542.040000
NaN,NaN,291.420000,565.850000,351.990000,542.020000
NaN,NaN,292.160000,565.770000,351.990000,541.970000
NaN,NaN,292.800000,565.630000,352.030000,542.030000
NaN,NaN,292.860000,565.640000,351.990000,542.010000
NaN,NaN,293.010000,565.630000,352.000000,542.010000
NaN,NaN,293.110000,565.530000,351.930000,542.050000
NaN,NaN,293.310000,565.020000,351.970000,542.070000
NaN,NaN,293.460000,565.060000,351.940000,542.030000
NaN,NaN,293.840000,565.160000,351.960000,542.010000
NaN,NaN,293.960000,565.160000,351.850000,542.050000
NaN,NaN,294.090000,565.130000,351.870000,542.010000
NaN,NaN,294.230000,565.130000,351.910000,541.990000
NaN,NaN,294.300000,565.150000,351.890000,542.000000
NaN,NaN,294.420000,565.170000,351.880000,542.030000
NaN,NaN,294.890000,565.130000,351.820000,542.070000
NaN,NaN,295.030000,565.160000,351.820000,542.070000
NaN,NaN,295.100000,565.140000,351.820000,542.040000
NaN,NaN,295.320000,565.220000,351.760000,542.060000
NaN,NaN,295.860000,565.230000,351.710000,542.090000
NaN,NaN,295.990000,565.200000,351.730000,542.100000
NaN,NaN,296.120000,565.150000,351.710000,542.100000
NaN,NaN,296.330000,565.060000,351.680000,542.080000
NaN,NaN,296.990000,564.950000,351.650000,542.120000
NaN,NaN,297.650000,564.830000,351.750000,542.100000
NaN,NaN,297.760000,564.780000,351.720000,542.110000
NaN,NaN,297.950000,564.750000,351.750000,542.090000
NaN,NaN,298.070000,564.710000,351.760000,542.070000
NaN,NaN,298.230000,564.700000,351.750000,542.130000
NaN,NaN,298.350000,564.660000,351.730000,542.140000
NaN,NaN,298.520000,564.640000,351.670000,542.150000
NaN,NaN,299.000000,564.570000,351.670000,542.080000
NaN,NaN,299.120000,564.510000,351.680000,542.100000
NaN,NaN,299.410000,564.000000,351.670000,542.110000
NaN,NaN,299.930000,563.930000,351.670000,542.130000
NaN,NaN,300.030000,563.910000,351.640000,542.150000
NaN,NaN,300.210000,563.860000,351.680000,542.120000
NaN,NaN,300.410000,563.820000,351.760000,542.120000
NaN,NaN,300.930000,563.710000,351.720000,542.140000
NaN,NaN,301.060000,563.650000,351.590000,542.060000
NaN,NaN,301.190000,563.610000,351.240000,542.040000
NaN,NaN,301.370000,563.510000,351.170000,542.040000
NaN,NaN,302.040000,563.010000,351.280000,542.060000
NaN,NaN,302.690000,562.950000,351.220000,542.060000
NaN,NaN,302.890000,562.930000,351.230000,542.070000
NaN,NaN,303.040000,562.900000,351.200000,542.030000
NaN,NaN,303.130000,562.910000,351.200000,542.050000
NaN,NaN,303.310000,562.900000,351.140000,542.040000
NaN,NaN,303.570000,562.920000,351.180000,542.050000
NaN,NaN,303.960000,562.830000,351.240000,542.040000
NaN,NaN,304.040000,562.840000,351.230000,542.060000
NaN,NaN,304.150000,562.800000,351.270000,542.130000
NaN,NaN,304.270000,562.760000,351.160000,542.070000
NaN,NaN,304.320000,562.790000,351.090000,542.090000
NaN,NaN,304.420000,562.810000,351.290000,542.060000
NaN,NaN,304.990000,562.640000,351.200000,542.060000
NaN,NaN,305.060000,562.540000,351.200000,542.050000
307.583192,560.964805,305.390000,561.860000,351.090000,542.000000
309.100946,560.964805,306.270000,561.260000,351.120000,542.030000
310.112782,560.425159,307.010000,561.190000,351.140000,542.070000
310.618701,560.425159,307.600000,561.080000,351.100000,542.060000
311.630537,559.885513,307.700000,561.070000,351.120000,542.040000
313.148291,559.885513,307.800000,561.070000,351.090000,542.060000
313.148291,559.885513,307.940000,561.060000,351.070000,542.010000
315.677882,555.568345,307.940000,561.040000,351.100000,542.030000
318.713391,554.489053,308.050000,561.110000,351.080000,542.090000
321.748900,554.489053,308.040000,561.150000,351.080000,542.070000
321.748900,554.489053,308.220000,560.970000,351.080000,542.120000
321.748900,554.489053,308.300000,561.120000,351.070000,542.120000
324.784408,553.409761,308.220000,561.030000,351.160000,542.120000
331.361344,552.870115,308.630000,561.050000,351.070000,542.100000
340.973789,551.790823,309.010000,560.920000,350.860000,542.220000
344.515216,549.092593,309.240000,560.850000,350.710000,542.520000
348.056643,549.632239,309.710000,560.790000,350.870000,542.850000
348.056643,549.632239,309.100946,560.425159,350.980000,542.790000
348.056643,549.632239,309.080000,559.990000,351.390000,542.750000
349.068479,549.632239,309.140000,559.970000,352.080000,542.840000
351.092152,549.632239,309.260000,559.930000,353.040000,543.000000
351.092152,549.632239,309.360000,559.900000,348.056643,538.299672
353.115824,549.632239,309.420000,559.870000,348.056643,538.299672
353.621742,549.632239,309.560000,559.820000,348.056643,538.299672
354.633578,549.632239,309.900000,559.660000,348.056643,538.299672
354.633578,549.632239,309.940000,559.610000,348.056643,538.299672
354.633578,549.632239,310.060000,559.460000,348.056643,538.299672
354.633578,549.632239,310.450000,559.060000,348.056643,538.299672
354.633578,549.632239,310.820000,558.900000,348.056643,538.299672
354.127660,549.632239,310.840000,558.850000,348.056643,538.299672
353.621742,549.092593,310.910000,558.800000,348.056643,538.299672
353.115824,549.092593,311.010000,558.750000,346.538888,538.299672
352.609906,549.092593,311.120000,558.690000,346.538888,538.299672
351.598070,549.092593,311.270000,558.620000,346.538888,538.299672
350.586233,549.092593,311.320000,558.580000,346.538888,538.299672
349.068479,549.092593,311.520000,558.430000,346.538888,538.299672
349.068479,549.092593,312.060000,558.040000,346.538888,538.299672
349.068479,549.092593,312.320000,557.930000,346.538888,538.299672
349.068479,549.092593,312.320000,557.880000,346.538888,538.299672
349.068479,549.092593,312.140000,557.920000,346.538888,538.299672
349.068479,549.092593,312.210000,557.870000,346.538888,538.299672
349.068479,549.092593,312.290000,557.820000,346.538888,538.299672
349.068479,549.092593,312.370000,557.770000,346.538888,538.299672
349.068479,549.092593,312.350000,557.730000,346.538888,538.299672
349.068479,549.092593,312.430000,557.640000,346.538888,538.299672
349.068479,549.092593,312.440000,557.600000,346.538888,538.299672
349.068479,549.092593,312.420000,557.580000,346.538888,538.299672
349.068479,549.092593,312.590000,557.410000,346.538888,538.299672
349.068479,549.092593,313.070000,557.010000,346.538888,538.299672
349.068479,549.092593,313.120000,556.970000,346.538888,538.299672
349.068479,549.092593,313.150000,556.960000,346.538888,538.299672
349.068479,549.092593,313.120000,556.970000,346.538888,538.299672
349.068479,549.092593,313.080000,556.930000,346.538888,538.299672
349.068479,549.092593,313.000000,556.920000,346.538888,538.299672
349.068479,549.092593,313.050000,556.880000,346.538888,538.299672
349.068479,549.092593,313.120000,556.830000,346.538888,538.299672
349.068479,549.092593,313.150000,556.790000,346.538888,538.299672
349.068479,549.092593,313.060000,556.800000,346.538888,538.299672
349.068479,549.092593,313.010000,556.760000,346.538888,538.299672
349.068479,549.092593,313.120000,556.710000,346.538888,538.299672
349.068479,549.092593,313.120000,556.710000,346.538888,538.299672
349.068479,549.092593,313.100000,556.690000,346.538888,538.299672
349.068479,549.092593,313.190000,556.630000,346.538888,538.299672
349.068479,549.092593,313.080000,556.610000,346.538888,538.299672
349.068479,549.092593,313.050000,556.580000,346.538888,538.299672
349.068479,549.092593,313.060000,556.590000,346.538888,538.299672
349.068479,549.092593,312.990000,556.560000,346.538888,538.299672
349.068479,549.092593,312.980000,556.510000,346.538888,538.299672
349.068479,549.092593,313.270000,556.090000,346.538888,538.299672
349.068479,549.092593,313.270000,556.080000,346.538888,538.299672
347.044806,549.632239,313.240000,556.050000,346.538888,538.299672
345.527052,550.711531,313.280000,556.060000,346.032970,538.299672
345.021134,550.711531,313.290000,556.070000,346.032970,538.299672
344.515216,550.711531,313.270000,556.080000,346.032970,538.299672
344.515216,550.711531,313.210000,556.020000,346.032970,538.299672
344.009298,550.711531,313.150000,556.030000,346.032970,538.299672
342.997461,550.171885,313.090000,556.060000,346.032970,538.299672
342.997461,550.171885,313.120000,556.090000,346.032970,538.299672
342.491543,550.171885,313.080000,556.080000,346.032970,538.299672
340.467871,550.711531,313.050000,556.100000,346.032970,538.299672
339.961952,550.711531,312.960000,556.140000,345.527052,538.839318
338.950116,550.711531,312.870000,556.170000,344.515216,539.918610
337.938280,550.711531,312.940000,556.220000,344.515216,539.918610
335.408689,550.711531,312.760000,556.270000,344.515216,539.918610
335.408689,550.711531,312.710000,556.300000,343.503379,540.458256
335.408689,550.171885,311.450000,556.660000,342.491543,540.997902
335.408689,550.171885,310.230000,557.160000,342.491543,541.537548
335.408689,550.171885,309.370000,557.940000,341.985625,541.537548
335.408689,550.171885,308.730000,558.750000,341.985625,541.537548
335.408689,550.171885,308.220000,559.280000,341.985625,541.537548
335.408689,550.171885,308.460000,559.300000,341.985625,541.537548
331.867262,550.711531,309.010000,558.720000,341.985625,541.537548
331.867262,550.711531,309.180000,558.160000,341.985625,541.537548
331.867262,550.711531,309.160000,558.200000,341.985625,541.537548
331.867262,550.711531,309.090000,558.240000,341.985625,541.537548
329.843590,550.711531,309.060000,558.370000,341.985625,541.537548
329.843590,550.711531,309.020000,558.360000,341.479707,542.077194
328.831753,549.092593,308.900000,558.410000,341.479707,542.077194
328.831753,549.092593,308.820000,558.550000,340.467871,542.077194
328.831753,549.092593,308.610000,559.030000,340.467871,542.077194
328.831753,549.092593,308.160000,559.160000,340.467871,542.077194
327.819917,549.092593,308.100000,559.280000,340.467871,542.077194
324.784408,549.092593,308.140000,559.330000,339.961952,542.077194
324.784408,549.092593,308.150000,559.400000,339.961952,542.077194
324.784408,549.092593,308.060000,559.410000,338.444198,542.077194
324.784408,549.092593,308.030000,559.470000,336.420526,542.077194
324.784408,549.092593,308.020000,559.910000,336.420526,542.077194
323.772572,549.092593,307.960000,559.930000,336.420526,542.077194
323.772572,549.092593,307.960000,559.970000,333.890935,542.077194
323.772572,549.092593,307.940000,559.980000,333.890935,542.616840
323.772572,549.092593,307.820000,560.040000,333.385017,543.696132
321.748900,550.711531,307.760000,560.010000,332.879099,543.696132
321.242981,550.711531,307.720000,560.000000,332.373180,544.235778
319.219309,550.711531,307.690000,560.000000,332.373180,544.235778
319.219309,550.711531,307.490000,560.000000,331.867262,544.775424
319.219309,550.711531,306.880000,560.040000,331.867262,544.775424
318.713391,551.251177,306.330000,560.190000,331.361344,545.854716
317.701554,551.790823,306.200000,560.400000,330.855426,545.854716
317.701554,551.790823,305.970000,561.050000,330.349508,545.854716
317.701554,551.790823,305.880000,561.700000,329.843590,545.854716
316.689718,551.790823,305.780000,561.730000,329.843590,545.854716
316.689718,552.330469,305.660000,561.820000,329.337672,545.854716
316.183800,552.870115,305.610000,561.840000,329.337672,545.854716
316.183800,552.870115,305.440000,561.810000,328.831753,546.394362
316.183800,552.870115,304.850000,561.960000,327.819917,546.394362
316.183800,552.870115,304.330000,562.050000,326.808081,546.934008
316.183800,552.870115,304.360000,562.090000,326.302163,546.934008
315.171964,553.409761,304.280000,562.000000,325.796245,546.934008
314.160127,553.949407,304.370000,562.060000,325.290327,546.934008
313.654209,553.949407,304.290000,562.100000,324.784408,547.473654
313.148291,553.949407,304.041765,563.123389,324.784408,548.013301
312.642373,554.489053,303.890000,563.530000,323.772572,548.013301
312.136455,555.028699,303.760000,563.750000,321.748900,548.552947
311.630537,555.568345,303.670000,563.840000,321.748900,548.552947
311.630537,555.568345,303.620000,563.950000,321.748900,548.552947
310.618701,556.647637,303.560000,564.010000,321.748900,548.552947
308.595028,557.187283,303.390000,564.130000,321.748900,548.552947
308.595028,557.187283,302.970000,564.230000,320.737063,548.552947
308.595028,557.187283,302.940000,564.330000,320.737063,548.552947
308.595028,557.187283,302.800000,564.510000,320.231145,549.092593
307.583192,557.187283,302.690000,565.080000,320.231145,549.092593
307.077274,557.187283,302.420000,565.760000,319.219309,549.632239
307.077274,557.187283,302.040000,565.890000,318.713391,549.632239
306.065437,557.726929,302.010000,566.000000,318.713391,550.171885
305.053601,558.806221,301.980000,566.060000,318.713391,550.171885
305.053601,558.806221,301.900000,566.150000,318.207473,550.711531
305.053601,558.806221,301.890000,566.270000,318.207473,551.251177
305.053601,558.806221,301.810000,566.420000,317.701554,551.251177
305.053601,558.806221,301.800000,567.050000,317.701554,551.251177
305.053601,558.806221,301.660000,567.690000,317.195636,551.790823
305.053601,558.806221,301.600000,567.810000,316.689718,551.790823
305.053601,559.345867,301.460000,567.930000,316.183800,552.330469
304.041765,559.885513,301.090000,568.010000,316.183800,552.870115
304.041765,559.885513,301.080000,568.070000,314.666046,552.870115
304.041765,560.425159,300.980000,568.170000,313.148291,553.949407
303.029928,560.425159,300.950000,568.330000,312.642373,554.489053
303.029928,560.425159,300.780000,568.540000,312.136455,555.028699
302.524010,560.425159,300.630000,569.050000,311.630537,555.028699
302.524010,560.425159,300.160000,569.180000,311.630537,555.028699
302.018092,560.964805,300.090000,569.290000,311.630537,555.028699
299.994420,562.044097,300.020000,569.450000,308.595028,555.568345
299.994420,562.044097,299.800000,569.990000,308.595028,555.568345
299.994420,562.044097,299.750000,570.080000,308.089110,555.568345
299.994420,562.044097,299.640000,570.140000,308.089110,555.568345
299.994420,562.044097,299.470000,570.190000,308.089110,555.568345
299.994420,562.044097,299.260000,570.310000,307.077274,556.107991
299.994420,562.044097,299.240000,570.370000,306.065437,556.107991
299.994420,562.044097,297.970747,571.218079,306.065437,556.107991
299.994420,562.583743,297.710000,571.460000,305.053601,556.647637
299.994420,563.123389,297.510000,571.730000,304.547683,556.647637
299.994420,563.123389,297.340000,571.850000,304.041765,556.647637
299.994420,563.123389,297.250000,571.940000,304.041765,557.187283
299.994420,563.123389,297.210000,572.030000,303.029928,557.187283
299.994420,563.123389,297.160000,572.110000,302.524010,557.726929
299.488501,563.123389,297.150000,572.160000,302.018092,557.726929
299.488501,563.123389,297.120000,572.230000,301.512174,558.266575
299.488501,563.123389,297.070000,572.330000,300.500338,558.806221
299.488501,563.123389,296.940000,572.580000,300.500338,558.806221
299.488501,563.123389,296.880000,573.120000,299.994420,558.806221
299.488501,563.123389,296.740000,573.740000,299.994420,558.806221
299.488501,563.123389,296.700000,573.820000,299.488501,558.806221
299.488501,563.123389,296.690000,573.870000,297.970747,559.345867
299.488501,563.123389,296.740000,573.890000,296.958911,559.345867
299.488501,563.123389,296.760000,573.920000,296.958911,559.345867
299.488501,563.123389,296.840000,573.960000,296.958911,559.345867
299.488501,563.123389,296.980000,573.960000,295.947075,559.345867
299.488501,563.123389,297.120000,573.960000,295.441156,559.345867
NaN,NaN,297.220000,574.010000,294.935238,559.345867
NaN,NaN,297.390000,574.010000,294.935238,559.345867
NaN,NaN,297.800000,574.020000,293.923402,559.345867
NaN,NaN,297.870000,574.030000,293.417484,559.885513
NaN,NaN,298.060000,574.030000,292.405648,560.964805
NaN,NaN,298.210000,574.020000,292.405648,561.504451
NaN,NaN,298.380000,574.030000,292.405648,561.504451
NaN,NaN,298.730000,574.050000,292.405648,561.504451
NaN,NaN,298.730000,574.110000,292.405648,561.504451
NaN,NaN,298.830000,574.150000,292.405648,561.504451
NaN,NaN,298.950000,574.150000,292.405648,561.504451
NaN,NaN,299.050000,574.160000,292.405648,561.504451
NaN,NaN,299.130000,574.200000,292.405648,561.504451
NaN,NaN,299.280000,574.220000,292.405648,561.504451
NaN,NaN,299.450000,574.230000,292.405648,561.504451
NaN,NaN,299.850000,574.160000,292.405648,561.504451
NaN,NaN,299.970000,574.160000,292.405648,561.504451
NaN,NaN,300.060000,574.140000,292.405648,561.504451
NaN,NaN,300.210000,574.110000,292.405648,561.504451
NaN,NaN,300.460000,574.140000,292.405648,561.504451
NaN,NaN,300.930000,574.090000,292.405648,561.504451
NaN,NaN,301.020000,573.990000,292.405648,561.504451
NaN,NaN,301.100000,574.040000,292.405648,561.504451
NaN,NaN,301.200000,574.060000,292.405648,561.504451
NaN,NaN,301.230000,574.050000,292.405648,561.504451
NaN,NaN,NaN,NaN,292.405648,561.504451
NaN,NaN,NaN,NaN,292.405648,561.504451
NaN,NaN,NaN,NaN,292.405648,561.504451
NaN,NaN,NaN,NaN,292.405648,561.504451
NaN,NaN,NaN,NaN,292.405648,561.504451
NaN,NaN,NaN,NaN,292.405648,561.504451
NaN,NaN,NaN,NaN,NaN,NaN
NaN,NaN,NaN,NaN,NaN,NaN
NaN,NaN,NaN,NaN,NaN,NaN
NaN,NaN,NaN,NaN,NaN,NaN
NaN,NaN,NaN,NaN,NaN,NaN
NaN,NaN,NaN,NaN,NaN,NaN
NaN,NaN,NaN,NaN,NaN,NaN
NaN,NaN,NaN,NaN,NaN,NaN
NaN,NaN,NaN,NaN,NaN,NaN
NaN,NaN,NaN,NaN,NaN,NaN
NaN,NaN,NaN,NaN,NaN,NaN
NaN,NaN,NaN,NaN,NaN,NaN
NaN,NaN,NaN,NaN,NaN,NaN
NaN,NaN,NaN,NaN,NaN,NaN
NaN,NaN,NaN,NaN,NaN,NaN
NaN,NaN,NaN,NaN,NaN,NaN
NaN,NaN,NaN,NaN,NaN,NaN
NaN,NaN,NaN,NaN,NaN,NaN
NaN,NaN,NaN,NaN,NaN,NaN
NaN,NaN,NaN,NaN,NaN,NaN
NaN,NaN,NaN,NaN,NaN,NaN
NaN,NaN,NaN,NaN,NaN,NaN
NaN,NaN,NaN,NaN,NaN,NaN
NaN,NaN,NaN,NaN,NaN,NaN
NaN,NaN,NaN,NaN,NaN,NaN
NaN,NaN,NaN,NaN,NaN,NaN
NaN,NaN,NaN,NaN,NaN,NaN
NaN,NaN,NaN,NaN,NaN,NaN
NaN,NaN,NaN,NaN,NaN,NaN
NaN,NaN,NaN,NaN,NaN,NaN
NaN,NaN,NaN,NaN,NaN,NaN
NaN,NaN,NaN,NaN,NaN,NaN
NaN,NaN,NaN,NaN,NaN,NaN
NaN,NaN,NaN,NaN,NaN,NaN
NaN,NaN,NaN,NaN,NaN,NaN
NaN,NaN,NaN,NaN,NaN,NaN
NaN,NaN,NaN,NaN,NaN,NaN
NaN,NaN,NaN,NaN,NaN,NaN
NaN,NaN,NaN,NaN,NaN,NaN
NaN,NaN,NaN,NaN,NaN,NaN
NaN,NaN,NaN,NaN,NaN,NaN
NaN,NaN,NaN,NaN,NaN,NaN
NaN,NaN,NaN,NaN,NaN,NaN
NaN,NaN,NaN,NaN,NaN,NaN
NaN,NaN,NaN,NaN,NaN,NaN
NaN,NaN,NaN,NaN,NaN,NaN
NaN,NaN,NaN,NaN,NaN,NaN
NaN,NaN,NaN,NaN,NaN,NaN
NaN,NaN,NaN,NaN,NaN,NaN
NaN,NaN,NaN,NaN,NaN,NaN
NaN,NaN,NaN,NaN,NaN,NaN
NaN,NaN,NaN,NaN,NaN,NaN
NaN,NaN,NaN,NaN,NaN,NaN
NaN,NaN,NaN,NaN,NaN,NaN
NaN,NaN,NaN,NaN,NaN,NaN
NaN,NaN,NaN,NaN,NaN,NaN
NaN,NaN,NaN,NaN,NaN,NaN
NaN,NaN,NaN,NaN,NaN,NaN
NaN,NaN,NaN,NaN,NaN,NaN
NaN,NaN,NaN,NaN,NaN,NaN
NaN,NaN,NaN,NaN,NaN,NaN
NaN,NaN,NaN,NaN,NaN,NaN
NaN,NaN,NaN,NaN,NaN,NaN
NaN,NaN,NaN,NaN,NaN,NaN
NaN,NaN,NaN,NaN,NaN,NaN
NaN,NaN,NaN,NaN,NaN,NaN
NaN,NaN,NaN,NaN,NaN,NaN
NaN,NaN,NaN,NaN,NaN,NaN
NaN,NaN,NaN,NaN,NaN,NaN
NaN,NaN,NaN,NaN,NaN,NaN
NaN,NaN,NaN,NaN,NaN,NaN
NaN,NaN,NaN,NaN,NaN,NaN
NaN,NaN,NaN,NaN,NaN,NaN
NaN,NaN,NaN,NaN,NaN,NaN
NaN,NaN,NaN,NaN,NaN,NaN
NaN,NaN,NaN,NaN,NaN,NaN
NaN,NaN,NaN,NaN,NaN,NaN
NaN,NaN,NaN,NaN,NaN,NaN
NaN,NaN,NaN,NaN,NaN,NaN
NaN,NaN,NaN,NaN,NaN,NaN
NaN,NaN,NaN,NaN,NaN,NaN
NaN,NaN,NaN,NaN,NaN,NaN
NaN,NaN,NaN,NaN,NaN,NaN
NaN,NaN,NaN,NaN,NaN,NaN
NaN,NaN,NaN,NaN,NaN,NaN
NaN,NaN,NaN,NaN,NaN,NaN
NaN,NaN,NaN,NaN,NaN,NaN
NaN,NaN,NaN,NaN,NaN,NaN
NaN,NaN,NaN,NaN,NaN,NaN
NaN,NaN,NaN,NaN,NaN,NaN
NaN,NaN,NaN,NaN,NaN,NaN
NaN,NaN,NaN,NaN,NaN,NaN
NaN,NaN,NaN,NaN,NaN,NaN
NaN,NaN,NaN,NaN,NaN,NaN
NaN,NaN,NaN,NaN,NaN,NaN
NaN,NaN,NaN,NaN,NaN,NaN
NaN,NaN,NaN,NaN,NaN,NaN
NaN,NaN,NaN,NaN,NaN,NaN
NaN,NaN,NaN,NaN,NaN,NaN
NaN,NaN,NaN,NaN,NaN,NaN
NaN,NaN,NaN,NaN,NaN,NaN
NaN,NaN,NaN,NaN,NaN,NaN
NaN,NaN,NaN,NaN,NaN,NaN
NaN,NaN,NaN,NaN,NaN,NaN
NaN,NaN,NaN,NaN,NaN,NaN
NaN,NaN,NaN,NaN,NaN,NaN
NaN,NaN,NaN,NaN,NaN,NaN
NaN,NaN,NaN,NaN,NaN,NaN
NaN,NaN,NaN,NaN,NaN,NaN
NaN,NaN,NaN,NaN,NaN,NaN
NaN,NaN,NaN,NaN,NaN,NaN
NaN,NaN,NaN,NaN,NaN,NaN
NaN,NaN,NaN,NaN,NaN,NaN
NaN,NaN,NaN,NaN,NaN,NaN
NaN,NaN,NaN,NaN,NaN,NaN
NaN,NaN,NaN,NaN,NaN,NaN
NaN,NaN,NaN,NaN,NaN,NaN
NaN,NaN,NaN,NaN,NaN,NaN
NaN,NaN,NaN,NaN,NaN,NaN
NaN,NaN,NaN,NaN,NaN,NaN
NaN,NaN,NaN,NaN,NaN,NaN
NaN,NaN,NaN,NaN,NaN,NaN
NaN,NaN,NaN,NaN,NaN,NaN
NaN,NaN,NaN,NaN,NaN,NaN
NaN,NaN,NaN,NaN,NaN,NaN
NaN,NaN,NaN,NaN,NaN,NaN
NaN,NaN,NaN,NaN,NaN,NaN
NaN,NaN,NaN,NaN,NaN,NaN
NaN,NaN,NaN,NaN,NaN,NaN
NaN,NaN,NaN,NaN,NaN,NaN
NaN,NaN,NaN,NaN,NaN,NaN
NaN,NaN,NaN,NaN,NaN,NaN
NaN,NaN,NaN,NaN,NaN,NaN
NaN,NaN,NaN,NaN,NaN,NaN
NaN,NaN,NaN,NaN,NaN,NaN
NaN,NaN,NaN,NaN,NaN,NaN
NaN,NaN,NaN,NaN,NaN,NaN
NaN,NaN,NaN,NaN,NaN,NaN
NaN,NaN,NaN,NaN,NaN,NaN
NaN,NaN,NaN,NaN,NaN,NaN
NaN,NaN,NaN,NaN,NaN,NaN
NaN,NaN,NaN,NaN,NaN,NaN
NaN,NaN,NaN,NaN,NaN,NaN
NaN,NaN,NaN,NaN,NaN,NaN
NaN,NaN,NaN,NaN,NaN,NaN
NaN,NaN,NaN,NaN,NaN,NaN
NaN,NaN,NaN,NaN,NaN,NaN
NaN,NaN,NaN,NaN,NaN,NaN
NaN,NaN,NaN,NaN,NaN,NaN
NaN,NaN,NaN,NaN,NaN,NaN
NaN,NaN,NaN,NaN,NaN,NaN
NaN,NaN,NaN,NaN,NaN,NaN
NaN,NaN,NaN,NaN,NaN,NaN
NaN,NaN,NaN,NaN,NaN,NaN
NaN,NaN,NaN,NaN,NaN,NaN
NaN,NaN,NaN,NaN,NaN,NaN
NaN,NaN,NaN,NaN,NaN,NaN
NaN,NaN,NaN,NaN,NaN,NaN
NaN,NaN,NaN,NaN,NaN,NaN
NaN,NaN,NaN,NaN,NaN,NaN
NaN,NaN,NaN,NaN,NaN,NaN
NaN,NaN,NaN,NaN,NaN,NaN
NaN,NaN,NaN,NaN,NaN,NaN
NaN,NaN,NaN,NaN,NaN,NaN
NaN,NaN,NaN,NaN,NaN,NaN
NaN,NaN,NaN,NaN,NaN,NaN
NaN,NaN,NaN,NaN,NaN,NaN
NaN,NaN,NaN,NaN,NaN,NaN
NaN,NaN,NaN,NaN,NaN,NaN
NaN,NaN,NaN,NaN,NaN,NaN
NaN,NaN,NaN,NaN,NaN,NaN
NaN,NaN,NaN,NaN,NaN,NaN
NaN,NaN,NaN,NaN,NaN,NaN
NaN,NaN,NaN,NaN,NaN,NaN
NaN,NaN,NaN,NaN,NaN,NaN
NaN,NaN,NaN,NaN,NaN,NaN
NaN,NaN,NaN,NaN,NaN,NaN
NaN,NaN,NaN,NaN,NaN,NaN
NaN,NaN,NaN,NaN,NaN,NaN
NaN,NaN,NaN,NaN,NaN,NaN
NaN,NaN,NaN,NaN,NaN,NaN
NaN,NaN,NaN,NaN,NaN,NaN
NaN,NaN,NaN,NaN,NaN,NaN
NaN,NaN,NaN,NaN,NaN,NaN
NaN,NaN,NaN,NaN,NaN,NaN
NaN,NaN,NaN,NaN,NaN,NaN
NaN,NaN,NaN,NaN,NaN,NaN
NaN,NaN,NaN,NaN,NaN,NaN
NaN,NaN,NaN,NaN,NaN,NaN
NaN,NaN,NaN,NaN,NaN,NaN
NaN,NaN,NaN,NaN,NaN,NaN
NaN,NaN,NaN,NaN,NaN,NaN
NaN,NaN,NaN,NaN,NaN,NaN
NaN,NaN,NaN,NaN,NaN,NaN
NaN,NaN,NaN,NaN,NaN,NaN
NaN,NaN,NaN,NaN,NaN,NaN
NaN,NaN,NaN,NaN,NaN,NaN
NaN,NaN,NaN,NaN,NaN,NaN
NaN,NaN,NaN,NaN,NaN,NaN
NaN,NaN,NaN,NaN,NaN,NaN
NaN,NaN,NaN,NaN,NaN,NaN
NaN,NaN,NaN,NaN,NaN,NaN
NaN,NaN,NaN,NaN,NaN,NaN
NaN,NaN,NaN,NaN,NaN,NaN
NaN,NaN,NaN,NaN,NaN,NaN
NaN,NaN,NaN,NaN,NaN,NaN
NaN,NaN,NaN,NaN,NaN,NaN
NaN,NaN,NaN,NaN,NaN,NaN
NaN,NaN,NaN,NaN,NaN,NaN
NaN,NaN,NaN,NaN,NaN,NaN
NaN,NaN,NaN,NaN,NaN,NaN
NaN,NaN,NaN,NaN,NaN,NaN
NaN,NaN,NaN,NaN,NaN,NaN
NaN,NaN,NaN,NaN,NaN,NaN
NaN,NaN,NaN,NaN,NaN,NaN
NaN,NaN,NaN,NaN,NaN,NaN
NaN,NaN,NaN,NaN,NaN,NaN
NaN,NaN,NaN,NaN,NaN,NaN
NaN,NaN,NaN,NaN,NaN,NaN
NaN,NaN,NaN,NaN,NaN,NaN
NaN,NaN,NaN,NaN,NaN,NaN
NaN,NaN,NaN,NaN,NaN,NaN
NaN,NaN,NaN,NaN,NaN,NaN
NaN,NaN,NaN,NaN,NaN,NaN
NaN,NaN,NaN,NaN,NaN,NaN
NaN,NaN,NaN,NaN,NaN,NaN
NaN,NaN,NaN,NaN,NaN,NaN
NaN,NaN,NaN,NaN,NaN,NaN
NaN,NaN,NaN,NaN,NaN,NaN
NaN,NaN,NaN,NaN,NaN,NaN
NaN,NaN,NaN,NaN,NaN,NaN
NaN,NaN,NaN,NaN,NaN,NaN
NaN,NaN,NaN,NaN,NaN,NaN
NaN,NaN,NaN,NaN,NaN,NaN
NaN,NaN,NaN,NaN,NaN,NaN
NaN,NaN,NaN,NaN,NaN,NaN
NaN,NaN,NaN,NaN,NaN,NaN
NaN,NaN,NaN,NaN,NaN,NaN
NaN,NaN,NaN,NaN,NaN,NaN
NaN,NaN,NaN,NaN,NaN,NaN
NaN,NaN,NaN,NaN,NaN,NaN
NaN,NaN,NaN,NaN,NaN,NaN
NaN,NaN,NaN,NaN,NaN,NaN
NaN,NaN,NaN,NaN,NaN,NaN
NaN,NaN,NaN,NaN,NaN,NaN
NaN,NaN,NaN,NaN,NaN,NaN
NaN,NaN,NaN,NaN,NaN,NaN
NaN,NaN,NaN,NaN,NaN,NaN
NaN,NaN,NaN,NaN,NaN,NaN
NaN,NaN,NaN,NaN,NaN,NaN
NaN,NaN,NaN,NaN,NaN,NaN
NaN,NaN,NaN,NaN,NaN,NaN
NaN,NaN,NaN,NaN,NaN,NaN
NaN,NaN,NaN,NaN,NaN,NaN
NaN,NaN,NaN,NaN,NaN,NaN
NaN,NaN,NaN,NaN,NaN,NaN
NaN,NaN,NaN,NaN,NaN,NaN
NaN,NaN,NaN,NaN,NaN,NaN
NaN,NaN,NaN,NaN,NaN,NaN
NaN,NaN,NaN,NaN,NaN,NaN
NaN,NaN,NaN,NaN,NaN,NaN
NaN,NaN,NaN,NaN,NaN,NaN
NaN,NaN,NaN,NaN,NaN,NaN
NaN,NaN,NaN,NaN,NaN,NaN
NaN,NaN,NaN,NaN,NaN,NaN
NaN,NaN,NaN,NaN,NaN,NaN
NaN,NaN,NaN,NaN,NaN,NaN
NaN,NaN,NaN,NaN,NaN,NaN
NaN,NaN,NaN,NaN,NaN,NaN
NaN,NaN,NaN,NaN,NaN,NaN
NaN,NaN,NaN,NaN,NaN,NaN
NaN,NaN,NaN,NaN,NaN,NaN
NaN,NaN,NaN,NaN,NaN,NaN
NaN,NaN,NaN,NaN,NaN,NaN
NaN,NaN,NaN,NaN,NaN,NaN
NaN,NaN,NaN,NaN,NaN,NaN
NaN,NaN,NaN,NaN,NaN,NaN
NaN,NaN,NaN,NaN,NaN,NaN
NaN,NaN,NaN,NaN,NaN,NaN
NaN,NaN,NaN,NaN,NaN,NaN
NaN,NaN,NaN,NaN,NaN,NaN
NaN,NaN,NaN,NaN,NaN,NaN
NaN,NaN,NaN,NaN,NaN,NaN
NaN,NaN,NaN,NaN,NaN,NaN
NaN,NaN,NaN,NaN,NaN,NaN
NaN,NaN,NaN,NaN,NaN,NaN
NaN,NaN,NaN,NaN,NaN,NaN
NaN,NaN,NaN,NaN,NaN,NaN
NaN,NaN,NaN,NaN,NaN,NaN
NaN,NaN,NaN,NaN,NaN,NaN
NaN,NaN,NaN,NaN,NaN,NaN
NaN,NaN,NaN,NaN,NaN,NaN
NaN,NaN,NaN,NaN,NaN,NaN
NaN,NaN,NaN,NaN,NaN,NaN
NaN,NaN,NaN,NaN,NaN,NaN
NaN,NaN,NaN,NaN,NaN,NaN
NaN,NaN,NaN,NaN,NaN,NaN
NaN,NaN,NaN,NaN,NaN,NaN
NaN,NaN,NaN,NaN,NaN,NaN
NaN,NaN,NaN,NaN,NaN,NaN
NaN,NaN,NaN,NaN,NaN,NaN
NaN,NaN,NaN,NaN,NaN,NaN
NaN,NaN,NaN,NaN,NaN,NaN
NaN,NaN,NaN,NaN,NaN,NaN
NaN,NaN,NaN,NaN,NaN,NaN
NaN,NaN,NaN,NaN,NaN,NaN
NaN,NaN,NaN,NaN,NaN,NaN
NaN,NaN,NaN,NaN,NaN,NaN
NaN,NaN,NaN,NaN,NaN,NaN
NaN,NaN,NaN,NaN,NaN,NaN
NaN,NaN,NaN,NaN,NaN,NaN
NaN,NaN,NaN,NaN,NaN,NaN
NaN,NaN,NaN,NaN,NaN,NaN
NaN,NaN,NaN,NaN,NaN,NaN
NaN,NaN,NaN,NaN,NaN,NaN
NaN,NaN,NaN,NaN,NaN,NaN
NaN,NaN,NaN,NaN,NaN,NaN
NaN,NaN,NaN,NaN,NaN,NaN
NaN,NaN,NaN,NaN,NaN,NaN
NaN,NaN,NaN,NaN,NaN,NaN
NaN,NaN,NaN,NaN,NaN,NaN
NaN,NaN,NaN,NaN,NaN,NaN
NaN,NaN,NaN,NaN,NaN,NaN
NaN,NaN,NaN,NaN,NaN,NaN
NaN,NaN,NaN,NaN,NaN,NaN
NaN,NaN,NaN,NaN,NaN,NaN
NaN,NaN,NaN,NaN,NaN,NaN
NaN,NaN,NaN,NaN,NaN,NaN
NaN,NaN,NaN,NaN,NaN,NaN
NaN,NaN,NaN,NaN,NaN,NaN
NaN,NaN,NaN,NaN,NaN,NaN
NaN,NaN,NaN,NaN,NaN,NaN
NaN,NaN,NaN,NaN,NaN,NaN
NaN,NaN,NaN,NaN,NaN,NaN
NaN,NaN,NaN,NaN,NaN,NaN
NaN,NaN,NaN,NaN,NaN,NaN
NaN,NaN,NaN,NaN,NaN,NaN
NaN,NaN,NaN,NaN,NaN,NaN
NaN,NaN,NaN,NaN,NaN,NaN
NaN,NaN,NaN,NaN,NaN,NaN
NaN,NaN,NaN,NaN,NaN,NaN
NaN,NaN,NaN,NaN,NaN,NaN
NaN,NaN,NaN,NaN,NaN,NaN
NaN,NaN,NaN,NaN,NaN,NaN
NaN,NaN,NaN,NaN,NaN,NaN
NaN,NaN,NaN,NaN,NaN,NaN
NaN,NaN,NaN,NaN,NaN,NaN
NaN,NaN,NaN,NaN,NaN,NaN
NaN,NaN,NaN,NaN,NaN,NaN
NaN,NaN,NaN,NaN,NaN,NaN
NaN,NaN,NaN,NaN,NaN,NaN
NaN,NaN,NaN,NaN,NaN,NaN
NaN,NaN,NaN,NaN,NaN,NaN
NaN,NaN,NaN,NaN,NaN,NaN
NaN,NaN,NaN,NaN,NaN,NaN
NaN,NaN,NaN,NaN,NaN,NaN
NaN,NaN,NaN,NaN,NaN,NaN
NaN,NaN,NaN,NaN,NaN,NaN
NaN,NaN,NaN,NaN,NaN,NaN
NaN,NaN,NaN,NaN,NaN,NaN
NaN,NaN,NaN,NaN,NaN,NaN
NaN,NaN,NaN,NaN,NaN,NaN
NaN,NaN,NaN,NaN,NaN,NaN
NaN,NaN,NaN,NaN,NaN,NaN
NaN,NaN,NaN,NaN,NaN,NaN
NaN,NaN,NaN,NaN,NaN,NaN
NaN,NaN,NaN,NaN,NaN,NaN
NaN,NaN,NaN,NaN,NaN,NaN
NaN,NaN,NaN,NaN,NaN,NaN
NaN,NaN,NaN,NaN,NaN,NaN
NaN,NaN,NaN,NaN,NaN,NaN
NaN,NaN,NaN,NaN,NaN,NaN
NaN,NaN,NaN,NaN,NaN,NaN
NaN,NaN,NaN,NaN,NaN,NaN
NaN,NaN,NaN,NaN,NaN,NaN
NaN,NaN,NaN,NaN,NaN,NaN
NaN,NaN,NaN,NaN,NaN,NaN
NaN,NaN,NaN,NaN,NaN,NaN
NaN,NaN,NaN,NaN,NaN,NaN
NaN,NaN,NaN,NaN,NaN,NaN
NaN,NaN,NaN,NaN,NaN,NaN
NaN,NaN,NaN,NaN,NaN,NaN
NaN,NaN,NaN,NaN,NaN,NaN
NaN,NaN,NaN,NaN,NaN,NaN
NaN,NaN,NaN,NaN,NaN,NaN
NaN,NaN,NaN,NaN,NaN,NaN
NaN,NaN,NaN,NaN,NaN,NaN
NaN,NaN,NaN,NaN,NaN,NaN
NaN,NaN,NaN,NaN,NaN,NaN
NaN,NaN,NaN,NaN,NaN,NaN
NaN,NaN,NaN,NaN,NaN,NaN
NaN,NaN,NaN,NaN,NaN,NaN
NaN,NaN,NaN,NaN,NaN,NaN
NaN,NaN,NaN,NaN,NaN,NaN
NaN,NaN,NaN,NaN,NaN,NaN
NaN,NaN,NaN,NaN,NaN,NaN
NaN,NaN,NaN,NaN,NaN,NaN
NaN,NaN,NaN,NaN,NaN,NaN
NaN,NaN,NaN,NaN,NaN,NaN
NaN,NaN,NaN,NaN,NaN,NaN
NaN,NaN,NaN,NaN,NaN,NaN
NaN,NaN,NaN,NaN,NaN,NaN
NaN,NaN,NaN,NaN,NaN,NaN
NaN,NaN,NaN,NaN,NaN,NaN
NaN,NaN,NaN,NaN,NaN,NaN
NaN,NaN,NaN,NaN,NaN,NaN
NaN,NaN,NaN,NaN,NaN,NaN
NaN,NaN,NaN,NaN,NaN,NaN
NaN,NaN,NaN,NaN,NaN,NaN
NaN,NaN,NaN,NaN,NaN,NaN
NaN,NaN,NaN,NaN,NaN,NaN
NaN,NaN,NaN,NaN,NaN,NaN
NaN,NaN,NaN,NaN,NaN,NaN
NaN,NaN,NaN,NaN,NaN,NaN
NaN,NaN,NaN,NaN,NaN,NaN
NaN,NaN,NaN,NaN,NaN,NaN
NaN,NaN,NaN,NaN,NaN,NaN
NaN,NaN,NaN,NaN,NaN,NaN
NaN,NaN,NaN,NaN,NaN,NaN
NaN,NaN,NaN,NaN,NaN,NaN
NaN,NaN,NaN,NaN,NaN,NaN
NaN,NaN,NaN,NaN,NaN,NaN
NaN,NaN,NaN,NaN,NaN,NaN
NaN,NaN,NaN,NaN,NaN,NaN
NaN,NaN,NaN,NaN,NaN,NaN
NaN,NaN,NaN,NaN,NaN,NaN
NaN,NaN,NaN,NaN,NaN,NaN
NaN,NaN,NaN,NaN,NaN,NaN
NaN,NaN,NaN,NaN,NaN,NaN
NaN,NaN,NaN,NaN,NaN,NaN
NaN,NaN,NaN,NaN,NaN,NaN
NaN,NaN,NaN,NaN,NaN,NaN
NaN,NaN,NaN,NaN,NaN,NaN
NaN,NaN,NaN,NaN,NaN,NaN
NaN,NaN,NaN,NaN,NaN,NaN
NaN,NaN,NaN,NaN,NaN,NaN
NaN,NaN,NaN,NaN,NaN,NaN
NaN,NaN,NaN,NaN,NaN,NaN
NaN,NaN,NaN,NaN,NaN,NaN
NaN,NaN,NaN,NaN,NaN,NaN
NaN,NaN,NaN,NaN,NaN,NaN
NaN,NaN,NaN,NaN,NaN,NaN
NaN,NaN,NaN,NaN,NaN,NaN
NaN,NaN,NaN,NaN,NaN,NaN
NaN,NaN,NaN,NaN,NaN,NaN
NaN,NaN,NaN,NaN,NaN,NaN
NaN,NaN,NaN,NaN,NaN,NaN
NaN,NaN,NaN,NaN,NaN,NaN
NaN,NaN,NaN,NaN,NaN,NaN
NaN,NaN,NaN,NaN,NaN,NaN
NaN,NaN,NaN,NaN,NaN,NaN
NaN,NaN,NaN,NaN,NaN,NaN
NaN,NaN,NaN,NaN,NaN,NaN
NaN,NaN,NaN,NaN,NaN,NaN
NaN,NaN,NaN,NaN,NaN,NaN
NaN,NaN,NaN,NaN,NaN,NaN
NaN,NaN,NaN,NaN,NaN,NaN
NaN,NaN,NaN,NaN,NaN,NaN
NaN,NaN,NaN,NaN,NaN,NaN
NaN,NaN,NaN,NaN,NaN,NaN
NaN,NaN,NaN,NaN,NaN,NaN
NaN,NaN,NaN,NaN,NaN,NaN
NaN,NaN,NaN,NaN,NaN,NaN
NaN,NaN,NaN,NaN,NaN,NaN
NaN,NaN,NaN,NaN,NaN,NaN
NaN,NaN,NaN,NaN,NaN,NaN
NaN,NaN,NaN,NaN,NaN,NaN
NaN,NaN,NaN,NaN,NaN,NaN
NaN,NaN,NaN,NaN,NaN,NaN
NaN,NaN,NaN,NaN,NaN,NaN
NaN,NaN,NaN,NaN,NaN,NaN
NaN,NaN,NaN,NaN,NaN,NaN
NaN,NaN,NaN,NaN,NaN,NaN
NaN,NaN,NaN,NaN,NaN,NaN
NaN,NaN,NaN,NaN,NaN,NaN
NaN,NaN,NaN,NaN,NaN,NaN
NaN,NaN,NaN,NaN,NaN,NaN
NaN,NaN,NaN,NaN,NaN,NaN
NaN,NaN,NaN,NaN,NaN,NaN
NaN,NaN,NaN,NaN,NaN,NaN
NaN,NaN,NaN,NaN,NaN,NaN
NaN,NaN,NaN,NaN,NaN,NaN
NaN,NaN,NaN,NaN,NaN,NaN
NaN,NaN,NaN,NaN,NaN,NaN
NaN,NaN,NaN,NaN,NaN,NaN
NaN,NaN,NaN,NaN,NaN,NaN
NaN,NaN,NaN,NaN,NaN,NaN
NaN,NaN,NaN,NaN,NaN,NaN
NaN,NaN,NaN,NaN,NaN,NaN
NaN,NaN,NaN,NaN,NaN,NaN
NaN,NaN,NaN,NaN,NaN,NaN
NaN,NaN,NaN,NaN,NaN,NaN
NaN,NaN,NaN,NaN,NaN,NaN
NaN,NaN,NaN,NaN,NaN,NaN
NaN,NaN,NaN,NaN,NaN,NaN
NaN,NaN,NaN,NaN,NaN,NaN
NaN,NaN,NaN,NaN,NaN,NaN
NaN,NaN,NaN,NaN,NaN,NaN
NaN,NaN,NaN,NaN,NaN,NaN
NaN,NaN,NaN,NaN,NaN,NaN
NaN,NaN,NaN,NaN,NaN,NaN
NaN,NaN,NaN,NaN,NaN,NaN
NaN,NaN,NaN,NaN,NaN,NaN
NaN,NaN,NaN,NaN,NaN,NaN
NaN,NaN,NaN,NaN,NaN,NaN
NaN,NaN,NaN,NaN,NaN,NaN
NaN,NaN,NaN,NaN,NaN,NaN
NaN,NaN,NaN,NaN,NaN,NaN
NaN,NaN,NaN,NaN,NaN,NaN
NaN,NaN,NaN,NaN,NaN,NaN
NaN,NaN,NaN,NaN,NaN,NaN
NaN,NaN,NaN,NaN,NaN,NaN
NaN,NaN,NaN,NaN,NaN,NaN
NaN,NaN,NaN,NaN,NaN,NaN
NaN,NaN,NaN,NaN,NaN,NaN
NaN,NaN,NaN,NaN,NaN,NaN
NaN,NaN,NaN,NaN,NaN,NaN
NaN,NaN,NaN,NaN,NaN,NaN
NaN,NaN,NaN,NaN,NaN,NaN
NaN,NaN,NaN,NaN,NaN,NaN
NaN,NaN,NaN,NaN,NaN,NaN
NaN,NaN,NaN,NaN,NaN,NaN
NaN,NaN,NaN,NaN,NaN,NaN
NaN,NaN,NaN,NaN,NaN,NaN
NaN,NaN,NaN,NaN,NaN,NaN
NaN,NaN,NaN,NaN,NaN,NaN
NaN,NaN,NaN,NaN,NaN,NaN
NaN,NaN,NaN,NaN,NaN,NaN
NaN,NaN,NaN,NaN,NaN,NaN
NaN,NaN,NaN,NaN,NaN,NaN
NaN,NaN,NaN,NaN,NaN,NaN
NaN,NaN,NaN,NaN,NaN,NaN
NaN,NaN,NaN,NaN,NaN,NaN
NaN,NaN,NaN,NaN,NaN,NaN
NaN,NaN,NaN,NaN,NaN,NaN
NaN,NaN,NaN,NaN,NaN,NaN
NaN,NaN,NaN,NaN,NaN,NaN
NaN,NaN,NaN,NaN,NaN,NaN
NaN,NaN,NaN,NaN,NaN,NaN
NaN,NaN,NaN,NaN,NaN,NaN
NaN,NaN,NaN,NaN,NaN,NaN
NaN,NaN,NaN,NaN,NaN,NaN
NaN,NaN,NaN,NaN,NaN,NaN
NaN,NaN,NaN,NaN,NaN,NaN
NaN,NaN,NaN,NaN,NaN,NaN
NaN,NaN,NaN,NaN,NaN,NaN
NaN,NaN,NaN,NaN,NaN,NaN
NaN,NaN,NaN,NaN,NaN,NaN
NaN,NaN,NaN,NaN,NaN,NaN
NaN,NaN,NaN,NaN,NaN,NaN
NaN,NaN,NaN,NaN,NaN,NaN
NaN,NaN,NaN,NaN,NaN,NaN
NaN,NaN,NaN,NaN,NaN,NaN
NaN,NaN,NaN,NaN,NaN,NaN
NaN,NaN,NaN,NaN,NaN,NaN
NaN,NaN,NaN,NaN,NaN,NaN
NaN,NaN,NaN,NaN,NaN,NaN
NaN,NaN,NaN,NaN,NaN,NaN
NaN,NaN,NaN,NaN,NaN,NaN
NaN,NaN,NaN,NaN,NaN,NaN
NaN,NaN,NaN,NaN,NaN,NaN
NaN,NaN,NaN,NaN,NaN,NaN
NaN,NaN,NaN,NaN,NaN,NaN
NaN,NaN,NaN,NaN,NaN,NaN
NaN,NaN,NaN,NaN,NaN,NaN
NaN,NaN,NaN,NaN,NaN,NaN
NaN,NaN,NaN,NaN,NaN,NaN
NaN,NaN,NaN,NaN,NaN,NaN
NaN,NaN,NaN,NaN,NaN,NaN
NaN,NaN,NaN,NaN,NaN,NaN
NaN,NaN,NaN,NaN,NaN,NaN
NaN,NaN,NaN,NaN,NaN,NaN
NaN,NaN,NaN,NaN,NaN,NaN
NaN,NaN,NaN,NaN,NaN,NaN
NaN,NaN,NaN,NaN,NaN,NaN
NaN,NaN,NaN,NaN,NaN,NaN
NaN,NaN,NaN,NaN,NaN,NaN
NaN,NaN,NaN,NaN,NaN,NaN
NaN,NaN,NaN,NaN,NaN,NaN
NaN,NaN,NaN,NaN,NaN,NaN
NaN,NaN,NaN,NaN,NaN,NaN
NaN,NaN,NaN,NaN,NaN,NaN
NaN,NaN,NaN,NaN,NaN,NaN
NaN,NaN,NaN,NaN,NaN,NaN
NaN,NaN,NaN,NaN,NaN,NaN
NaN,NaN,NaN,NaN,NaN,NaN
NaN,NaN,NaN,NaN,NaN,NaN
NaN,NaN,NaN,NaN,NaN,NaN
NaN,NaN,NaN,NaN,NaN,NaN
NaN,NaN,NaN,NaN,NaN,NaN
NaN,NaN,NaN,NaN,NaN,NaN
NaN,NaN,NaN,NaN,NaN,NaN
NaN,NaN,NaN,NaN,NaN,NaN
NaN,NaN,NaN,NaN,NaN,NaN
NaN,NaN,NaN,NaN,NaN,NaN
NaN,NaN,NaN,NaN,NaN,NaN
NaN,NaN,NaN,NaN,NaN,NaN
NaN,NaN,NaN,NaN,NaN,NaN
NaN,NaN,NaN,NaN,NaN,NaN
NaN,NaN,NaN,NaN,NaN,NaN
NaN,NaN,NaN,NaN,NaN,NaN
NaN,NaN,NaN,NaN,NaN,NaN
NaN,NaN,NaN,NaN,NaN,NaN
NaN,NaN,NaN,NaN,NaN,NaN
NaN,NaN,NaN,NaN,NaN,NaN
NaN,NaN,NaN,NaN,NaN,NaN
NaN,NaN,NaN,NaN,NaN,NaN
NaN,NaN,NaN,NaN,NaN,NaN
NaN,NaN,NaN,NaN,NaN,NaN
NaN,NaN,NaN,NaN,NaN,NaN
NaN,NaN,NaN,NaN,NaN,NaN
NaN,NaN,NaN,NaN,NaN,NaN
NaN,NaN,NaN,NaN,NaN,NaN
NaN,NaN,NaN,NaN,NaN,NaN
NaN,NaN,NaN,NaN,NaN,NaN
NaN,NaN,NaN,NaN,NaN,NaN
NaN,NaN,NaN,NaN,NaN,NaN
NaN,NaN,NaN,NaN,NaN,NaN
NaN,NaN,NaN,NaN,NaN,NaN
NaN,NaN,NaN,NaN,NaN,NaN
NaN,NaN,NaN,NaN,NaN,NaN
NaN,NaN,NaN,NaN,NaN,NaN
NaN,NaN,NaN,NaN,NaN,NaN
NaN,NaN,NaN,NaN,NaN,NaN
NaN,NaN,NaN,NaN,NaN,NaN
NaN,NaN,NaN,NaN,NaN,NaN
NaN,NaN,NaN,NaN,NaN,NaN
NaN,NaN,NaN,NaN,NaN,NaN
NaN,NaN,NaN,NaN,NaN,NaN
NaN,NaN,NaN,NaN,NaN,NaN
NaN,NaN,NaN,NaN,NaN,NaN
NaN,NaN,NaN,NaN,NaN,NaN
NaN,NaN,NaN,NaN,NaN,NaN
NaN,NaN,NaN,NaN,NaN,NaN
NaN,NaN,NaN,NaN,NaN,NaN
NaN,NaN,NaN,NaN,NaN,NaN
NaN,NaN,NaN,NaN,NaN,NaN
NaN,NaN,NaN,NaN,NaN,NaN
NaN,NaN,NaN,NaN,NaN,NaN
NaN,NaN,NaN,NaN,NaN,NaN
NaN,NaN,NaN,NaN,NaN,NaN
NaN,NaN,NaN,NaN,NaN,NaN
NaN,NaN,NaN,NaN,NaN,NaN
NaN,NaN,NaN,NaN,NaN,NaN
NaN,NaN,NaN,NaN,NaN,NaN
NaN,NaN,NaN,NaN,NaN,NaN
NaN,NaN,NaN,NaN,NaN,NaN
NaN,NaN,NaN,NaN,NaN,NaN
NaN,NaN,NaN,NaN,NaN,NaN
NaN,NaN,NaN,NaN,NaN,NaN
NaN,NaN,NaN,NaN,NaN,NaN
NaN,NaN,NaN,NaN,NaN,NaN
NaN,NaN,NaN,NaN,NaN,NaN
NaN,NaN,NaN,NaN,NaN,NaN
NaN,NaN,NaN,NaN,NaN,NaN
NaN,NaN,NaN,NaN,NaN,NaN
NaN,NaN,NaN,NaN,NaN,NaN
NaN,NaN,NaN,NaN,NaN,NaN
NaN,NaN,NaN,NaN,NaN,NaN
NaN,NaN,NaN,NaN,NaN,NaN
NaN,NaN,NaN,NaN,NaN,NaN
NaN,NaN,NaN,NaN,NaN,NaN
NaN,NaN,NaN,NaN,NaN,NaN
NaN,NaN,NaN,NaN,NaN,NaN
NaN,NaN,NaN,NaN,NaN,NaN
NaN,NaN,NaN,NaN,NaN,NaN
NaN,NaN,NaN,NaN,NaN,NaN
NaN,NaN,NaN,NaN,NaN,NaN
NaN,NaN,NaN,NaN,NaN,NaN
NaN,NaN,NaN,NaN,NaN,NaN
NaN,NaN,NaN,NaN,NaN,NaN
NaN,NaN,NaN,NaN,NaN,NaN
NaN,NaN,NaN,NaN,NaN,NaN
NaN,NaN,NaN,NaN,NaN,NaN
NaN,NaN,NaN,NaN,NaN,NaN
NaN,NaN,NaN,NaN,NaN,NaN
NaN,NaN,NaN,NaN,NaN,NaN
NaN,NaN,NaN,NaN,NaN,NaN
NaN,NaN,NaN,NaN,NaN,NaN
NaN,NaN,NaN,NaN,NaN,NaN
NaN,NaN,NaN,NaN,NaN,NaN
NaN,NaN,NaN,NaN,NaN,NaN
NaN,NaN,NaN,NaN,NaN,NaN
NaN,NaN,NaN,NaN,NaN,NaN
NaN,NaN,NaN,NaN,NaN,NaN
NaN,NaN,NaN,NaN,NaN,NaN
NaN,NaN,NaN,NaN,NaN,NaN
NaN,NaN,NaN,NaN,NaN,NaN
NaN,NaN,NaN,NaN,NaN,NaN
NaN,NaN,NaN,NaN,NaN,NaN
NaN,NaN,NaN,NaN,NaN,NaN
NaN,NaN,NaN,NaN,NaN,NaN
NaN,NaN,NaN,NaN,NaN,NaN
NaN,NaN,NaN,NaN,NaN,NaN
NaN,NaN,NaN,NaN,NaN,NaN
NaN,NaN,NaN,NaN,NaN,NaN
NaN,NaN,NaN,NaN,NaN,NaN
NaN,NaN,NaN,NaN,NaN,NaN
NaN,NaN,NaN,NaN,NaN,NaN
NaN,NaN,NaN,NaN,NaN,NaN
NaN,NaN,NaN,NaN,NaN,NaN
NaN,NaN,NaN,NaN,NaN,NaN
NaN,NaN,NaN,NaN,NaN,NaN
NaN,NaN,NaN,NaN,NaN,NaN
NaN,NaN,NaN,NaN,NaN,NaN
NaN,NaN,NaN,NaN,NaN,NaN
NaN,NaN,NaN,NaN,NaN,NaN
NaN,NaN,NaN,NaN,NaN,NaN
NaN,NaN,NaN,NaN,NaN,NaN
NaN,NaN,NaN,NaN,NaN,NaN
NaN,NaN,NaN,NaN,NaN,NaN
NaN,NaN,NaN,NaN,NaN,NaN
NaN,NaN,NaN,NaN,NaN,NaN
NaN,NaN,NaN,NaN,NaN,NaN
NaN,NaN,NaN,NaN,NaN,NaN
NaN,NaN,NaN,NaN,NaN,NaN
NaN,NaN,NaN,NaN,NaN,NaN
NaN,NaN,NaN,NaN,NaN,NaN
NaN,NaN,NaN,NaN,NaN,NaN
NaN,NaN,NaN,NaN,NaN,NaN
NaN,NaN,NaN,NaN,NaN,NaN
NaN,NaN,NaN,NaN,NaN,NaN
NaN,NaN,NaN,NaN,NaN,NaN
NaN,NaN,NaN,NaN,NaN,NaN
NaN,NaN,NaN,NaN,NaN,NaN
NaN,NaN,NaN,NaN,NaN,NaN
NaN,NaN,NaN,NaN,NaN,NaN
NaN,NaN,NaN,NaN,NaN,NaN
NaN,NaN,NaN,NaN,NaN,NaN
NaN,NaN,NaN,NaN,NaN,NaN
NaN,NaN,NaN,NaN,NaN,NaN
NaN,NaN,NaN,NaN,NaN,NaN
NaN,NaN,NaN,NaN,NaN,NaN
NaN,NaN,NaN,NaN,NaN,NaN
NaN,NaN,NaN,NaN,NaN,NaN
NaN,NaN,NaN,NaN,NaN,NaN
NaN,NaN,NaN,NaN,NaN,NaN
NaN,NaN,NaN,NaN,NaN,NaN
NaN,NaN,NaN,NaN,NaN,NaN
NaN,NaN,NaN,NaN,NaN,NaN
NaN,NaN,NaN,NaN,NaN,NaN
NaN,NaN,NaN,NaN,NaN,NaN
NaN,NaN,NaN,NaN,NaN,NaN
NaN,NaN,NaN,NaN,NaN,NaN
NaN,NaN,NaN,NaN,NaN,NaN
NaN,NaN,NaN,NaN,NaN,NaN
NaN,NaN,NaN,NaN,NaN,NaN
NaN,NaN,NaN,NaN,NaN,NaN
NaN,NaN,NaN,NaN,NaN,NaN
NaN,NaN,NaN,NaN,NaN,NaN
NaN,NaN,NaN,NaN,NaN,NaN
NaN,NaN,NaN,NaN,NaN,NaN
NaN,NaN,NaN,NaN,NaN,NaN
NaN,NaN,NaN,NaN,NaN,NaN
NaN,NaN,NaN,NaN,NaN,NaN
NaN,NaN,NaN,NaN,NaN,NaN
NaN,NaN,NaN,NaN,NaN,NaN
NaN,NaN,NaN,NaN,NaN,NaN
NaN,NaN,NaN,NaN,NaN,NaN
NaN,NaN,NaN,NaN,NaN,NaN
NaN,NaN,NaN,NaN,NaN,NaN
NaN,NaN,NaN,NaN,NaN,NaN
NaN,NaN,NaN,NaN,NaN,NaN
NaN,NaN,NaN,NaN,NaN,NaN
NaN,NaN,NaN,NaN,NaN,NaN
NaN,NaN,NaN,NaN,NaN,NaN
NaN,NaN,NaN,NaN,NaN,NaN
NaN,NaN,NaN,NaN,NaN,NaN
NaN,NaN,NaN,NaN,NaN,NaN
NaN,NaN,NaN,NaN,NaN,NaN
NaN,NaN,NaN,NaN,NaN,NaN
NaN,NaN,NaN,NaN,NaN,NaN
NaN,NaN,NaN,NaN,NaN,NaN
NaN,NaN,NaN,NaN,NaN,NaN
NaN,NaN,NaN,NaN,NaN,NaN
NaN,NaN,NaN,NaN,NaN,NaN
NaN,NaN,NaN,NaN,NaN,NaN
NaN,NaN,NaN,NaN,NaN,NaN
NaN,NaN,NaN,NaN,NaN,NaN
NaN,NaN,NaN,NaN,NaN,NaN
NaN,NaN,NaN,NaN,NaN,NaN
NaN,NaN,NaN,NaN,NaN,NaN
NaN,NaN,NaN,NaN,NaN,NaN
NaN,NaN,NaN,NaN,NaN,NaN
NaN,NaN,NaN,NaN,NaN,NaN
NaN,NaN,NaN,NaN,NaN,NaN
NaN,NaN,NaN,NaN,NaN,NaN
NaN,NaN,NaN,NaN,NaN,NaN
NaN,NaN,NaN,NaN,NaN,NaN
NaN,NaN,NaN,NaN,NaN,NaN
NaN,NaN,NaN,NaN,NaN,NaN
NaN,NaN,NaN,NaN,NaN,NaN
NaN,NaN,NaN,NaN,NaN,NaN
NaN,NaN,NaN,NaN,NaN,NaN
NaN,NaN,NaN,NaN,NaN,NaN
NaN,NaN,NaN,NaN,NaN,NaN
NaN,NaN,NaN,NaN,NaN,NaN
NaN,NaN,NaN,NaN,NaN,NaN
NaN,NaN,NaN,NaN,NaN,NaN
NaN,NaN,NaN,NaN,NaN,NaN
NaN,NaN,NaN,NaN,NaN,NaN
NaN,NaN,NaN,NaN,NaN,NaN
NaN,NaN,NaN,NaN,NaN,NaN
NaN,NaN,NaN,NaN,NaN,NaN
NaN,NaN,NaN,NaN,NaN,NaN
NaN,NaN,NaN,NaN,NaN,NaN
NaN,NaN,NaN,NaN,NaN,NaN
NaN,NaN,NaN,NaN,NaN,NaN
NaN,NaN,NaN,NaN,NaN,NaN
NaN,NaN,NaN,NaN,NaN,NaN
NaN,NaN,NaN,NaN,NaN,NaN
NaN,NaN,NaN,NaN,NaN,NaN
NaN,NaN,NaN,NaN,NaN,NaN
NaN,NaN,NaN,NaN,NaN,NaN
NaN,NaN,NaN,NaN,NaN,NaN
NaN,NaN,NaN,NaN,NaN,NaN
NaN,NaN,NaN,NaN,NaN,NaN
NaN,NaN,NaN,NaN,NaN,NaN
NaN,NaN,NaN,NaN,NaN,NaN
NaN,NaN,NaN,NaN,NaN,NaN
NaN,NaN,NaN,NaN,NaN,NaN
NaN,NaN,NaN,NaN,NaN,NaN
NaN,NaN,NaN,NaN,NaN,NaN
NaN,NaN,NaN,NaN,NaN,NaN
NaN,NaN,NaN,NaN,NaN,NaN
NaN,NaN,NaN,NaN,NaN,NaN
NaN,NaN,NaN,NaN,NaN,NaN
NaN,NaN,NaN,NaN,NaN,NaN
NaN,NaN,NaN,NaN,NaN,NaN
NaN,NaN,NaN,NaN,NaN,NaN
NaN,NaN,NaN,NaN,NaN,NaN
NaN,NaN,NaN,NaN,NaN,NaN
NaN,NaN,NaN,NaN,NaN,NaN
NaN,NaN,NaN,NaN,NaN,NaN
NaN,NaN,NaN,NaN,NaN,NaN
NaN,NaN,NaN,NaN,NaN,NaN
NaN,NaN,NaN,NaN,NaN,NaN
NaN,NaN,NaN,NaN,NaN,NaN
NaN,NaN,NaN,NaN,NaN,NaN
NaN,NaN,NaN,NaN,NaN,NaN
NaN,NaN,NaN,NaN,NaN,NaN
NaN,NaN,NaN,NaN,NaN,NaN
NaN,NaN,NaN,NaN,NaN,NaN
NaN,NaN,NaN,NaN,NaN,NaN
NaN,NaN,NaN,NaN,NaN,NaN
NaN,NaN,NaN,NaN,NaN,NaN
NaN,NaN,NaN,NaN,NaN,NaN
NaN,NaN,NaN,NaN,NaN,NaN
NaN,NaN,NaN,NaN,NaN,NaN
NaN,NaN,NaN,NaN,NaN,NaN
NaN,NaN,NaN,NaN,NaN,NaN
NaN,NaN,NaN,NaN,NaN,NaN
NaN,NaN,NaN,NaN,NaN,NaN
NaN,NaN,NaN,NaN,NaN,NaN
NaN,NaN,NaN,NaN,NaN,NaN
NaN,NaN,NaN,NaN,NaN,NaN
NaN,NaN,NaN,NaN,NaN,NaN
NaN,NaN,NaN,NaN,NaN,NaN
NaN,NaN,NaN,NaN,NaN,NaN
NaN,NaN,NaN,NaN,NaN,NaN
NaN,NaN,NaN,NaN,NaN,NaN
NaN,NaN,NaN,NaN,NaN,NaN
NaN,NaN,NaN,NaN,NaN,NaN
NaN,NaN,NaN,NaN,NaN,NaN
NaN,NaN,NaN,NaN,NaN,NaN
NaN,NaN,NaN,NaN,NaN,NaN
NaN,NaN,NaN,NaN,NaN,NaN
NaN,NaN,NaN,NaN,NaN,NaN
NaN,NaN,NaN,NaN,NaN,NaN
NaN,NaN,NaN,NaN,NaN,NaN
NaN,NaN,NaN,NaN,NaN,NaN
NaN,NaN,NaN,NaN,NaN,NaN
NaN,NaN,NaN,NaN,NaN,NaN
NaN,NaN,NaN,NaN,NaN,NaN
NaN,NaN,NaN,NaN,NaN,NaN
NaN,NaN,NaN,NaN,NaN,NaN
NaN,NaN,NaN,NaN,NaN,NaN
NaN,NaN,NaN,NaN,NaN,NaN
NaN,NaN,NaN,NaN,NaN,NaN
NaN,NaN,NaN,NaN,NaN,NaN
NaN,NaN,NaN,NaN,NaN,NaN
NaN,NaN,NaN,NaN,NaN,NaN
NaN,NaN,NaN,NaN,NaN,NaN
NaN,NaN,NaN,NaN,NaN,NaN
NaN,NaN,NaN,NaN,NaN,NaN
NaN,NaN,NaN,NaN,NaN,NaN
NaN,NaN,NaN,NaN,NaN,NaN
NaN,NaN,NaN,NaN,NaN,NaN
NaN,NaN,NaN,NaN,NaN,NaN
NaN,NaN,NaN,NaN,NaN,NaN
NaN,NaN,NaN,NaN,NaN,NaN
NaN,NaN,NaN,NaN,NaN,NaN
NaN,NaN,NaN,NaN,NaN,NaN
NaN,NaN,NaN,NaN,NaN,NaN
NaN,NaN,NaN,NaN,NaN,NaN
NaN,NaN,NaN,NaN,NaN,NaN
NaN,NaN,NaN,NaN,NaN,NaN
NaN,NaN,NaN,NaN,NaN,NaN
NaN,NaN,NaN,NaN,NaN,NaN
NaN,NaN,NaN,NaN,NaN,NaN
NaN,NaN,NaN,NaN,NaN,NaN
NaN,NaN,NaN,NaN,NaN,NaN
NaN,NaN,NaN,NaN,NaN,NaN
NaN,NaN,NaN,NaN,NaN,NaN
NaN,NaN,NaN,NaN,NaN,NaN
NaN,NaN,NaN,NaN,NaN,NaN
NaN,NaN,NaN,NaN,NaN,NaN
NaN,NaN,NaN,NaN,NaN,NaN
NaN,NaN,NaN,NaN,NaN,NaN
NaN,NaN,NaN,NaN,NaN,NaN
NaN,NaN,NaN,NaN,NaN,NaN
NaN,NaN,NaN,NaN,NaN,NaN
NaN,NaN,NaN,NaN,NaN,NaN
NaN,NaN,NaN,NaN,NaN,NaN
NaN,NaN,NaN,NaN,NaN,NaN
NaN,NaN,NaN,NaN,NaN,NaN
NaN,NaN,NaN,NaN,NaN,NaN
NaN,NaN,NaN,NaN,NaN,NaN
NaN,NaN,NaN,NaN,NaN,NaN
NaN,NaN,NaN,NaN,NaN,NaN
NaN,NaN,NaN,NaN,NaN,NaN
NaN,NaN,NaN,NaN,NaN,NaN
NaN,NaN,NaN,NaN,NaN,NaN
NaN,NaN,NaN,NaN,NaN,NaN
NaN,NaN,NaN,NaN,NaN,NaN
NaN,NaN,NaN,NaN,NaN,NaN
NaN,NaN,NaN,NaN,NaN,NaN
NaN,NaN,NaN,NaN,NaN,NaN
NaN,NaN,NaN,NaN,NaN,NaN
NaN,NaN,NaN,NaN,NaN,NaN
NaN,NaN,NaN,NaN,NaN,NaN
NaN,NaN,NaN,NaN,NaN,NaN
NaN,NaN,NaN,NaN,NaN,NaN
NaN,NaN,NaN,NaN,NaN,NaN
NaN,NaN,NaN,NaN,NaN,NaN
NaN,NaN,NaN,NaN,NaN,NaN
NaN,NaN,NaN,NaN,NaN,NaN
NaN,NaN,NaN,NaN,NaN,NaN
NaN,NaN,NaN,NaN,NaN,NaN
NaN,NaN,NaN,NaN,NaN,NaN
NaN,NaN,NaN,NaN,NaN,NaN
NaN,NaN,NaN,NaN,NaN,NaN
NaN,NaN,NaN,NaN,NaN,NaN
NaN,NaN,NaN,NaN,NaN,NaN
NaN,NaN,NaN,NaN,NaN,NaN
NaN,NaN,NaN,NaN,NaN,NaN
NaN,NaN,NaN,NaN,NaN,NaN
NaN,NaN,NaN,NaN,NaN,NaN
NaN,NaN,NaN,NaN,NaN,NaN
NaN,NaN,NaN,NaN,NaN,NaN
NaN,NaN,NaN,NaN,NaN,NaN
NaN,NaN,NaN,NaN,NaN,NaN
NaN,NaN,NaN,NaN,NaN,NaN
NaN,NaN,NaN,NaN,NaN,NaN
NaN,NaN,NaN,NaN,NaN,NaN
NaN,NaN,NaN,NaN,NaN,NaN
NaN,NaN,NaN,NaN,NaN,NaN
NaN,NaN,NaN,NaN,NaN,NaN
NaN,NaN,NaN,NaN,NaN,NaN
NaN,NaN,NaN,NaN,NaN,NaN
NaN,NaN,NaN,NaN,NaN,NaN
NaN,NaN,NaN,NaN,NaN,NaN
NaN,NaN,NaN,NaN,NaN,NaN
NaN,NaN,NaN,NaN,NaN,NaN
NaN,NaN,NaN,NaN,NaN,NaN
NaN,NaN,NaN,NaN,NaN,NaN
NaN,NaN,NaN,NaN,NaN,NaN
NaN,NaN,NaN,NaN,NaN,NaN
NaN,NaN,NaN,NaN,NaN,NaN
NaN,NaN,NaN,NaN,NaN,NaN
NaN,NaN,NaN,NaN,NaN,NaN
NaN,NaN,NaN,NaN,NaN,NaN
NaN,NaN,NaN,NaN,NaN,NaN
NaN,NaN,NaN,NaN,NaN,NaN
NaN,NaN,NaN,NaN,NaN,NaN
NaN,NaN,NaN,NaN,NaN,NaN
NaN,NaN,NaN,NaN,NaN,NaN
NaN,NaN,NaN,NaN,NaN,NaN
NaN,NaN,NaN,NaN,NaN,NaN
NaN,NaN,NaN,NaN,NaN,NaN
NaN,NaN,NaN,NaN,NaN,NaN
NaN,NaN,NaN,NaN,NaN,NaN
NaN,NaN,NaN,NaN,NaN,NaN
NaN,NaN,NaN,NaN,NaN,NaN
NaN,NaN,NaN,NaN,NaN,NaN
NaN,NaN,NaN,NaN,NaN,NaN
NaN,NaN,NaN,NaN,NaN,NaN
NaN,NaN,NaN,NaN,NaN,NaN
NaN,NaN,NaN,NaN,NaN,NaN
NaN,NaN,NaN,NaN,NaN,NaN
NaN,NaN,NaN,NaN,NaN,NaN
NaN,NaN,NaN,NaN,NaN,NaN
NaN,NaN,NaN,NaN,NaN,NaN
NaN,NaN,NaN,NaN,NaN,NaN
NaN,NaN,NaN,NaN,NaN,NaN
NaN,NaN,NaN,NaN,NaN,NaN
NaN,NaN,NaN,NaN,NaN,NaN
NaN,NaN,NaN,NaN,NaN,NaN
NaN,NaN,NaN,NaN,NaN,NaN
NaN,NaN,NaN,NaN,NaN,NaN
NaN,NaN,NaN,NaN,NaN,NaN
NaN,NaN,NaN,NaN,NaN,NaN
NaN,NaN,NaN,NaN,NaN,NaN
NaN,NaN,NaN,NaN,NaN,NaN
NaN,NaN,NaN,NaN,NaN,NaN
NaN,NaN,NaN,NaN,NaN,NaN
NaN,NaN,NaN,NaN,NaN,NaN
NaN,NaN,NaN,NaN,NaN,NaN
NaN,NaN,NaN,NaN,NaN,NaN
NaN,NaN,NaN,NaN,NaN,NaN
NaN,NaN,NaN,NaN,NaN,NaN
NaN,NaN,NaN,NaN,NaN,NaN
NaN,NaN,NaN,NaN,NaN,NaN
NaN,NaN,NaN,NaN,NaN,NaN
NaN,NaN,NaN,NaN,NaN,NaN
NaN,NaN,NaN,NaN,NaN,NaN
NaN,NaN,NaN,NaN,NaN,NaN
NaN,NaN,NaN,NaN,NaN,NaN
NaN,NaN,NaN,NaN,NaN,NaN
NaN,NaN,NaN,NaN,NaN,NaN
NaN,NaN,NaN,NaN,NaN,NaN
NaN,NaN,NaN,NaN,NaN,NaN
NaN,NaN,NaN,NaN,NaN,NaN
NaN,NaN,NaN,NaN,NaN,NaN
NaN,NaN,NaN,NaN,NaN,NaN
NaN,NaN,NaN,NaN,NaN,NaN
NaN,NaN,NaN,NaN,NaN,NaN
NaN,NaN,NaN,NaN,NaN,NaN
NaN,NaN,NaN,NaN,NaN,NaN
NaN,NaN,NaN,NaN,NaN,NaN
NaN,NaN,NaN,NaN,NaN,NaN
NaN,NaN,NaN,NaN,NaN,NaN
NaN,NaN,NaN,NaN,NaN,NaN
NaN,NaN,NaN,NaN,NaN,NaN
NaN,NaN,NaN,NaN,NaN,NaN
NaN,NaN,NaN,NaN,NaN,NaN
NaN,NaN,NaN,NaN,NaN,NaN
NaN,NaN,NaN,NaN,NaN,NaN
NaN,NaN,NaN,NaN,NaN,NaN
NaN,NaN,NaN,NaN,NaN,NaN
NaN,NaN,NaN,NaN,NaN,NaN
NaN,NaN,NaN,NaN,NaN,NaN
NaN,NaN,NaN,NaN,NaN,NaN
NaN,NaN,NaN,NaN,NaN,NaN
NaN,NaN,NaN,NaN,NaN,NaN
NaN,NaN,NaN,NaN,NaN,NaN
NaN,NaN,NaN,NaN,NaN,NaN
NaN,NaN,NaN,NaN,NaN,NaN
NaN,NaN,NaN,NaN,NaN,NaN
NaN,NaN,NaN,NaN,NaN,NaN
NaN,NaN,NaN,NaN,NaN,NaN
NaN,NaN,NaN,NaN,NaN,NaN
NaN,NaN,NaN,NaN,NaN,NaN
NaN,NaN,NaN,NaN,NaN,NaN
NaN,NaN,NaN,NaN,NaN,NaN
NaN,NaN,NaN,NaN,NaN,NaN
NaN,NaN,NaN,NaN,NaN,NaN
NaN,NaN,NaN,NaN,NaN,NaN
NaN,NaN,NaN,NaN,NaN,NaN
NaN,NaN,NaN,NaN,NaN,NaN
NaN,NaN,NaN,NaN,NaN,NaN
NaN,NaN,NaN,NaN,NaN,NaN
NaN,NaN,NaN,NaN,NaN,NaN
NaN,NaN,NaN,NaN,NaN,NaN
NaN,NaN,NaN,NaN,NaN,NaN
NaN,NaN,NaN,NaN,NaN,NaN
NaN,NaN,NaN,NaN,NaN,NaN
NaN,NaN,NaN,NaN,NaN,NaN
NaN,NaN,NaN,NaN,NaN,NaN
NaN,NaN,NaN,NaN,NaN,NaN
NaN,NaN,NaN,NaN,NaN,NaN
NaN,NaN,NaN,NaN,NaN,NaN
NaN,NaN,NaN,NaN,NaN,NaN
NaN,NaN,NaN,NaN,NaN,NaN
NaN,NaN,NaN,NaN,NaN,NaN
NaN,NaN,NaN,NaN,NaN,NaN
NaN,NaN,NaN,NaN,NaN,NaN
NaN,NaN,NaN,NaN,NaN,NaN
NaN,NaN,NaN,NaN,NaN,NaN
NaN,NaN,NaN,NaN,NaN,NaN
NaN,NaN,NaN,NaN,NaN,NaN
NaN,NaN,NaN,NaN,NaN,NaN
NaN,NaN,NaN,NaN,NaN,NaN
NaN,NaN,NaN,NaN,NaN,NaN
NaN,NaN,NaN,NaN,NaN,NaN
NaN,NaN,NaN,NaN,NaN,NaN
NaN,NaN,NaN,NaN,NaN,NaN
NaN,NaN,NaN,NaN,NaN,NaN
NaN,NaN,NaN,NaN,NaN,NaN
NaN,NaN,NaN,NaN,NaN,NaN
NaN,NaN,NaN,NaN,NaN,NaN
NaN,NaN,NaN,NaN,NaN,NaN
NaN,NaN,NaN,NaN,NaN,NaN
NaN,NaN,NaN,NaN,NaN,NaN
NaN,NaN,NaN,NaN,NaN,NaN
NaN,NaN,NaN,NaN,NaN,NaN
NaN,NaN,NaN,NaN,NaN,NaN
NaN,NaN,NaN,NaN,NaN,NaN
NaN,NaN,NaN,NaN,NaN,NaN
NaN,NaN,NaN,NaN,NaN,NaN
NaN,NaN,NaN,NaN,NaN,NaN
NaN,NaN,NaN,NaN,NaN,NaN
NaN,NaN,NaN,NaN,NaN,NaN
NaN,NaN,NaN,NaN,NaN,NaN
NaN,NaN,NaN,NaN,NaN,NaN
NaN,NaN,NaN,NaN,NaN,NaN
NaN,NaN,NaN,NaN,NaN,NaN
NaN,NaN,NaN,NaN,NaN,NaN
NaN,NaN,NaN,NaN,NaN,NaN
NaN,NaN,NaN,NaN,NaN,NaN
NaN,NaN,NaN,NaN,NaN,NaN
NaN,NaN,NaN,NaN,NaN,NaN
NaN,NaN,NaN,NaN,NaN,NaN
NaN,NaN,NaN,NaN,NaN,NaN
NaN,NaN,NaN,NaN,NaN,NaN
NaN,NaN,NaN,NaN,NaN,NaN
NaN,NaN,NaN,NaN,NaN,NaN
NaN,NaN,NaN,NaN,NaN,NaN
NaN,NaN,NaN,NaN,NaN,NaN
NaN,NaN,NaN,NaN,NaN,NaN
NaN,NaN,NaN,NaN,NaN,NaN
NaN,NaN,NaN,NaN,NaN,NaN
NaN,NaN,NaN,NaN,NaN,NaN
NaN,NaN,NaN,NaN,NaN,NaN
NaN,NaN,NaN,NaN,NaN,NaN
NaN,NaN,NaN,NaN,NaN,NaN
NaN,NaN,NaN,NaN,NaN,NaN
NaN,NaN,NaN,NaN,NaN,NaN
NaN,NaN,NaN,NaN,NaN,NaN
NaN,NaN,NaN,NaN,NaN,NaN
NaN,NaN,NaN,NaN,NaN,NaN
NaN,NaN,NaN,NaN,NaN,NaN
NaN,NaN,NaN,NaN,NaN,NaN
NaN,NaN,NaN,NaN,NaN,NaN
NaN,NaN,NaN,NaN,NaN,NaN
NaN,NaN,NaN,NaN,NaN,NaN
NaN,NaN,NaN,NaN,NaN,NaN
NaN,NaN,NaN,NaN,NaN,NaN
NaN,NaN,NaN,NaN,NaN,NaN
NaN,NaN,NaN,NaN,NaN,NaN
NaN,NaN,NaN,NaN,NaN,NaN
NaN,NaN,NaN,NaN,NaN,NaN
NaN,NaN,NaN,NaN,NaN,NaN
NaN,NaN,NaN,NaN,NaN,NaN
NaN,NaN,NaN,NaN,NaN,NaN
NaN,NaN,NaN,NaN,NaN,NaN
NaN,NaN,NaN,NaN,NaN,NaN
NaN,NaN,NaN,NaN,NaN,NaN
NaN,NaN,NaN,NaN,NaN,NaN
NaN,NaN,NaN,NaN,NaN,NaN
NaN,NaN,NaN,NaN,NaN,NaN
NaN,NaN,NaN,NaN,NaN,NaN
NaN,NaN,NaN,NaN,NaN,NaN
NaN,NaN,NaN,NaN,NaN,NaN
NaN,NaN,NaN,NaN,NaN,NaN
NaN,NaN,NaN,NaN,NaN,NaN
NaN,NaN,NaN,NaN,NaN,NaN
NaN,NaN,NaN,NaN,NaN,NaN
NaN,NaN,NaN,NaN,NaN,NaN
NaN,NaN,NaN,NaN,NaN,NaN
NaN,NaN,NaN,NaN,NaN,NaN
NaN,NaN,NaN,NaN,NaN,NaN
NaN,NaN,NaN,NaN,NaN,NaN
NaN,NaN,NaN,NaN,NaN,NaN
NaN,NaN,NaN,NaN,NaN,NaN
NaN,NaN,NaN,NaN,NaN,NaN
NaN,NaN,NaN,NaN,NaN,NaN
NaN,NaN,NaN,NaN,NaN,NaN
NaN,NaN,NaN,NaN,NaN,NaN
NaN,NaN,NaN,NaN,NaN,NaN
NaN,NaN,NaN,NaN,NaN,NaN
NaN,NaN,NaN,NaN,NaN,NaN
NaN,NaN,NaN,NaN,NaN,NaN
NaN,NaN,NaN,NaN,NaN,NaN
NaN,NaN,NaN,NaN,NaN,NaN
NaN,NaN,NaN,NaN,NaN,NaN
NaN,NaN,NaN,NaN,NaN,NaN
NaN,NaN,NaN,NaN,NaN,NaN
NaN,NaN,NaN,NaN,NaN,NaN
NaN,NaN,NaN,NaN,NaN,NaN
NaN,NaN,NaN,NaN,NaN,NaN
NaN,NaN,NaN,NaN,NaN,NaN
NaN,NaN,NaN,NaN,NaN,NaN
NaN,NaN,NaN,NaN,NaN,NaN
NaN,NaN,NaN,NaN,NaN,NaN
NaN,NaN,NaN,NaN,NaN,NaN
NaN,NaN,NaN,NaN,NaN,NaN
NaN,NaN,NaN,NaN,NaN,NaN
NaN,NaN,NaN,NaN,NaN,NaN
NaN,NaN,NaN,NaN,NaN,NaN
NaN,NaN,NaN,NaN,NaN,NaN
NaN,NaN,NaN,NaN,NaN,NaN
NaN,NaN,NaN,NaN,NaN,NaN
NaN,NaN,NaN,NaN,NaN,NaN
NaN,NaN,NaN,NaN,NaN,NaN
NaN,NaN,NaN,NaN,NaN,NaN
NaN,NaN,NaN,NaN,NaN,NaN
NaN,NaN,NaN,NaN,NaN,NaN
NaN,NaN,NaN,NaN,NaN,NaN
NaN,NaN,NaN,NaN,NaN,NaN
NaN,NaN,NaN,NaN,NaN,NaN
NaN,NaN,NaN,NaN,NaN,NaN
NaN,NaN,NaN,NaN,NaN,NaN
NaN,NaN,NaN,NaN,NaN,NaN
NaN,NaN,NaN,NaN,NaN,NaN
NaN,NaN,NaN,NaN,NaN,NaN
NaN,NaN,NaN,NaN,NaN,NaN
NaN,NaN,NaN,NaN,NaN,NaN
NaN,NaN,NaN,NaN,NaN,NaN
NaN,NaN,NaN,NaN,NaN,NaN
NaN,NaN,NaN,NaN,NaN,NaN
NaN,NaN,NaN,NaN,NaN,NaN
NaN,NaN,NaN,NaN,NaN,NaN
NaN,NaN,NaN,NaN,NaN,NaN
NaN,NaN,NaN,NaN,NaN,NaN
NaN,NaN,NaN,NaN,NaN,NaN
NaN,NaN,NaN,NaN,NaN,NaN
NaN,NaN,NaN,NaN,NaN,NaN
NaN,NaN,NaN,NaN,NaN,NaN
NaN,NaN,NaN,NaN,NaN,NaN
NaN,NaN,NaN,NaN,NaN,NaN
NaN,NaN,NaN,NaN,NaN,NaN
NaN,NaN,NaN,NaN,NaN,NaN
NaN,NaN,NaN,NaN,NaN,NaN
NaN,NaN,NaN,NaN,NaN,NaN
NaN,NaN,NaN,NaN,NaN,NaN
NaN,NaN,NaN,NaN,NaN,NaN
NaN,NaN,NaN,NaN,NaN,NaN
NaN,NaN,NaN,NaN,NaN,NaN
NaN,NaN,NaN,NaN,NaN,NaN
NaN,NaN,NaN,NaN,NaN,NaN
NaN,NaN,NaN,NaN,NaN,NaN
NaN,NaN,NaN,NaN,NaN,NaN
NaN,NaN,NaN,NaN,NaN,NaN
NaN,NaN,NaN,NaN,NaN,NaN
NaN,NaN,NaN,NaN,NaN,NaN
NaN,NaN,NaN,NaN,NaN,NaN
NaN,NaN,NaN,NaN,NaN,NaN
NaN,NaN,NaN,NaN,NaN,NaN
NaN,NaN,NaN,NaN,NaN,NaN
NaN,NaN,NaN,NaN,NaN,NaN
NaN,NaN,NaN,NaN,NaN,NaN
NaN,NaN,NaN,NaN,NaN,NaN
NaN,NaN,NaN,NaN,NaN,NaN
NaN,NaN,NaN,NaN,NaN,NaN
NaN,NaN,NaN,NaN,NaN,NaN
NaN,NaN,NaN,NaN,NaN,NaN
NaN,NaN,NaN,NaN,NaN,NaN
NaN,NaN,NaN,NaN,NaN,NaN
NaN,NaN,NaN,NaN,NaN,NaN
NaN,NaN,NaN,NaN,NaN,NaN
NaN,NaN,NaN,NaN,NaN,NaN
NaN,NaN,NaN,NaN,NaN,NaN
NaN,NaN,NaN,NaN,NaN,NaN
NaN,NaN,NaN,NaN,NaN,NaN
NaN,NaN,NaN,NaN,NaN,NaN
NaN,NaN,NaN,NaN,NaN,NaN
NaN,NaN,NaN,NaN,NaN,NaN
NaN,NaN,NaN,NaN,NaN,NaN
NaN,NaN,NaN,NaN,NaN,NaN
NaN,NaN,NaN,NaN,NaN,NaN
NaN,NaN,NaN,NaN,NaN,NaN
NaN,NaN,NaN,NaN,NaN,NaN
NaN,NaN,NaN,NaN,NaN,NaN
NaN,NaN,NaN,NaN,NaN,NaN
NaN,NaN,NaN,NaN,NaN,NaN
NaN,NaN,NaN,NaN,NaN,NaN
NaN,NaN,NaN,NaN,NaN,NaN
NaN,NaN,NaN,NaN,NaN,NaN
NaN,NaN,NaN,NaN,NaN,NaN
NaN,NaN,NaN,NaN,NaN,NaN
NaN,NaN,NaN,NaN,NaN,NaN
NaN,NaN,NaN,NaN,NaN,NaN
NaN,NaN,NaN,NaN,NaN,NaN
NaN,NaN,NaN,NaN,NaN,NaN
NaN,NaN,NaN,NaN,NaN,NaN
NaN,NaN,NaN,NaN,NaN,NaN
NaN,NaN,NaN,NaN,NaN,NaN
NaN,NaN,NaN,NaN,NaN,NaN
NaN,NaN,NaN,NaN,NaN,NaN
NaN,NaN,NaN,NaN,NaN,NaN
NaN,NaN,NaN,NaN,NaN,NaN
NaN,NaN,NaN,NaN,NaN,NaN
NaN,NaN,NaN,NaN,NaN,NaN
NaN,NaN,NaN,NaN,NaN,NaN
NaN,NaN,NaN,NaN,NaN,NaN
NaN,NaN,NaN,NaN,NaN,NaN
NaN,NaN,NaN,NaN,NaN,NaN
NaN,NaN,NaN,NaN,NaN,NaN
NaN,NaN,NaN,NaN,NaN,NaN
NaN,NaN,NaN,NaN,NaN,NaN
NaN,NaN,NaN,NaN,NaN,NaN
NaN,NaN,NaN,NaN,NaN,NaN
NaN,NaN,NaN,NaN,NaN,NaN
NaN,NaN,NaN,NaN,NaN,NaN
NaN,NaN,NaN,NaN,NaN,NaN
NaN,NaN,NaN,NaN,NaN,NaN
NaN,NaN,NaN,NaN,NaN,NaN
NaN,NaN,NaN,NaN,NaN,NaN
NaN,NaN,NaN,NaN,NaN,NaN
NaN,NaN,NaN,NaN,NaN,NaN
NaN,NaN,NaN,NaN,NaN,NaN
NaN,NaN,NaN,NaN,NaN,NaN
NaN,NaN,NaN,NaN,NaN,NaN
NaN,NaN,NaN,NaN,NaN,NaN
NaN,NaN,NaN,NaN,NaN,NaN
NaN,NaN,NaN,NaN,NaN,NaN
NaN,NaN,NaN,NaN,NaN,NaN
NaN,NaN,NaN,NaN,NaN,NaN
NaN,NaN,NaN,NaN,NaN,NaN
NaN,NaN,NaN,NaN,NaN,NaN
NaN,NaN,NaN,NaN,NaN,NaN
NaN,NaN,NaN,NaN,NaN,NaN
NaN,NaN,NaN,NaN,NaN,NaN
NaN,NaN,NaN,NaN,NaN,NaN
NaN,NaN,NaN,NaN,NaN,NaN
NaN,NaN,NaN,NaN,NaN,NaN
NaN,NaN,NaN,NaN,NaN,NaN
NaN,NaN,NaN,NaN,NaN,NaN
NaN,NaN,NaN,NaN,NaN,NaN
NaN,NaN,NaN,NaN,NaN,NaN
NaN,NaN,NaN,NaN,NaN,NaN
NaN,NaN,NaN,NaN,NaN,NaN
NaN,NaN,NaN,NaN,NaN,NaN
NaN,NaN,NaN,NaN,NaN,NaN
NaN,NaN,NaN,NaN,NaN,NaN
NaN,NaN,NaN,NaN,NaN,NaN
NaN,NaN,NaN,NaN,NaN,NaN
NaN,NaN,NaN,NaN,NaN,NaN
NaN,NaN,NaN,NaN,NaN,NaN
NaN,NaN,NaN,NaN,NaN,NaN
NaN,NaN,NaN,NaN,NaN,NaN
NaN,NaN,NaN,NaN,NaN,NaN
NaN,NaN,NaN,NaN,NaN,NaN
NaN,NaN,NaN,NaN,NaN,NaN
NaN,NaN,NaN,NaN,NaN,NaN
NaN,NaN,NaN,NaN,NaN,NaN
NaN,NaN,NaN,NaN,NaN,NaN
NaN,NaN,NaN,NaN,NaN,NaN
NaN,NaN,NaN,NaN,NaN,NaN
NaN,NaN,NaN,NaN,NaN,NaN
NaN,NaN,NaN,NaN,NaN,NaN
NaN,NaN,NaN,NaN,NaN,NaN
NaN,NaN,NaN,NaN,NaN,NaN
NaN,NaN,NaN,NaN,NaN,NaN
NaN,NaN,NaN,NaN,NaN,NaN
NaN,NaN,NaN,NaN,NaN,NaN
NaN,NaN,NaN,NaN,NaN,NaN
NaN,NaN,NaN,NaN,NaN,NaN
NaN,NaN,NaN,NaN,NaN,NaN
NaN,NaN,NaN,NaN,NaN,NaN
NaN,NaN,NaN,NaN,NaN,NaN
NaN,NaN,NaN,NaN,NaN,NaN
NaN,NaN,NaN,NaN,NaN,NaN
NaN,NaN,NaN,NaN,NaN,NaN
NaN,NaN,NaN,NaN,NaN,NaN
NaN,NaN,NaN,NaN,NaN,NaN
NaN,NaN,NaN,NaN,NaN,NaN
NaN,NaN,NaN,NaN,NaN,NaN
NaN,NaN,NaN,NaN,NaN,NaN
NaN,NaN,NaN,NaN,NaN,NaN
NaN,NaN,NaN,NaN,NaN,NaN
NaN,NaN,NaN,NaN,NaN,NaN
NaN,NaN,NaN,NaN,NaN,NaN
NaN,NaN,NaN,NaN,NaN,NaN
NaN,NaN,NaN,NaN,NaN,NaN
NaN,NaN,NaN,NaN,NaN,NaN
NaN,NaN,NaN,NaN,NaN,NaN
NaN,NaN,NaN,NaN,NaN,NaN
NaN,NaN,NaN,NaN,NaN,NaN
NaN,NaN,NaN,NaN,NaN,NaN
NaN,NaN,NaN,NaN,NaN,NaN
NaN,NaN,NaN,NaN,NaN,NaN
NaN,NaN,NaN,NaN,NaN,NaN
NaN,NaN,NaN,NaN,NaN,NaN
NaN,NaN,NaN,NaN,NaN,NaN
NaN,NaN,NaN,NaN,NaN,NaN
NaN,NaN,NaN,NaN,NaN,NaN
NaN,NaN,NaN,NaN,NaN,NaN
NaN,NaN,NaN,NaN,NaN,NaN
NaN,NaN,NaN,NaN,NaN,NaN
NaN,NaN,NaN,NaN,NaN,NaN
NaN,NaN,NaN,NaN,NaN,NaN
NaN,NaN,NaN,NaN,NaN,NaN
NaN,NaN,NaN,NaN,NaN,NaN
NaN,NaN,NaN,NaN,NaN,NaN
NaN,NaN,NaN,NaN,NaN,NaN
NaN,NaN,NaN,NaN,NaN,NaN
NaN,NaN,NaN,NaN,NaN,NaN
NaN,NaN,NaN,NaN,NaN,NaN
NaN,NaN,NaN,NaN,NaN,NaN
NaN,NaN,NaN,NaN,NaN,NaN
NaN,NaN,NaN,NaN,NaN,NaN
NaN,NaN,NaN,NaN,NaN,NaN
NaN,NaN,NaN,NaN,NaN,NaN
NaN,NaN,NaN,NaN,NaN,NaN
NaN,NaN,NaN,NaN,NaN,NaN
NaN,NaN,NaN,NaN,NaN,NaN
NaN,NaN,NaN,NaN,NaN,NaN
NaN,NaN,NaN,NaN,NaN,NaN
NaN,NaN,NaN,NaN,NaN,NaN
NaN,NaN,NaN,NaN,NaN,NaN
NaN,NaN,NaN,NaN,NaN,NaN
NaN,NaN,NaN,NaN,NaN,NaN
NaN,NaN,NaN,NaN,NaN,NaN
NaN,NaN,NaN,NaN,NaN,NaN
NaN,NaN,NaN,NaN,NaN,NaN
NaN,NaN,NaN,NaN,NaN,NaN
NaN,NaN,NaN,NaN,NaN,NaN
NaN,NaN,NaN,NaN,NaN,NaN
NaN,NaN,NaN,NaN,NaN,NaN
NaN,NaN,NaN,NaN,NaN,NaN
NaN,NaN,NaN,NaN,NaN,NaN
NaN,NaN,NaN,NaN,NaN,NaN
NaN,NaN,NaN,NaN,NaN,NaN
NaN,NaN,NaN,NaN,NaN,NaN
NaN,NaN,NaN,NaN,NaN,NaN
NaN,NaN,NaN,NaN,NaN,NaN
NaN,NaN,NaN,NaN,NaN,NaN
NaN,NaN,NaN,NaN,NaN,NaN
NaN,NaN,NaN,NaN,NaN,NaN
NaN,NaN,NaN,NaN,NaN,NaN
NaN,NaN,NaN,NaN,NaN,NaN
NaN,NaN,NaN,NaN,NaN,NaN
NaN,NaN,NaN,NaN,NaN,NaN
NaN,NaN,NaN,NaN,NaN,NaN
NaN,NaN,NaN,NaN,NaN,NaN
NaN,NaN,NaN,NaN,NaN,NaN
NaN,NaN,NaN,NaN,NaN,NaN
NaN,NaN,NaN,NaN,NaN,NaN
NaN,NaN,NaN,NaN,NaN,NaN
NaN,NaN,NaN,NaN,NaN,NaN
NaN,NaN,NaN,NaN,NaN,NaN
NaN,NaN,NaN,NaN,NaN,NaN
NaN,NaN,NaN,NaN,NaN,NaN
NaN,NaN,NaN,NaN,NaN,NaN
NaN,NaN,NaN,NaN,NaN,NaN
NaN,NaN,NaN,NaN,NaN,NaN
NaN,NaN,NaN,NaN,NaN,NaN
NaN,NaN,NaN,NaN,NaN,NaN
NaN,NaN,NaN,NaN,NaN,NaN
NaN,NaN,NaN,NaN,NaN,NaN
NaN,NaN,NaN,NaN,NaN,NaN
NaN,NaN,NaN,NaN,NaN,NaN
NaN,NaN,NaN,NaN,NaN,NaN
NaN,NaN,NaN,NaN,NaN,NaN
NaN,NaN,NaN,NaN,NaN,NaN
NaN,NaN,NaN,NaN,NaN,NaN
NaN,NaN,NaN,NaN,NaN,NaN
NaN,NaN,NaN,NaN,NaN,NaN
NaN,NaN,NaN,NaN,NaN,NaN
NaN,NaN,NaN,NaN,NaN,NaN
NaN,NaN,NaN,NaN,NaN,NaN
NaN,NaN,NaN,NaN,NaN,NaN
NaN,NaN,NaN,NaN,NaN,NaN
NaN,NaN,NaN,NaN,NaN,NaN
NaN,NaN,NaN,NaN,NaN,NaN
NaN,NaN,NaN,NaN,NaN,NaN
NaN,NaN,NaN,NaN,NaN,NaN
NaN,NaN,NaN,NaN,NaN,NaN
NaN,NaN,NaN,NaN,NaN,NaN
NaN,NaN,NaN,NaN,NaN,NaN
NaN,NaN,NaN,NaN,NaN,NaN
NaN,NaN,NaN,NaN,NaN,NaN
NaN,NaN,NaN,NaN,NaN,NaN
NaN,NaN,NaN,NaN,NaN,NaN
NaN,NaN,NaN,NaN,NaN,NaN
NaN,NaN,NaN,NaN,NaN,NaN
NaN,NaN,NaN,NaN,NaN,NaN
NaN,NaN,NaN,NaN,NaN,NaN
NaN,NaN,NaN,NaN,NaN,NaN
NaN,NaN,NaN,NaN,NaN,NaN
NaN,NaN,NaN,NaN,NaN,NaN
NaN,NaN,NaN,NaN,NaN,NaN
NaN,NaN,NaN,NaN,NaN,NaN
NaN,NaN,NaN,NaN,NaN,NaN
NaN,NaN,NaN,NaN,NaN,NaN
NaN,NaN,NaN,NaN,NaN,NaN
NaN,NaN,NaN,NaN,NaN,NaN
NaN,NaN,NaN,NaN,NaN,NaN
NaN,NaN,NaN,NaN,NaN,NaN
NaN,NaN,NaN,NaN,NaN,NaN
NaN,NaN,NaN,NaN,NaN,NaN
NaN,NaN,NaN,NaN,NaN,NaN
NaN,NaN,NaN,NaN,NaN,NaN
NaN,NaN,NaN,NaN,NaN,NaN
NaN,NaN,NaN,NaN,NaN,NaN
NaN,NaN,NaN,NaN,NaN,NaN
NaN,NaN,NaN,NaN,NaN,NaN
NaN,NaN,NaN,NaN,NaN,NaN
NaN,NaN,NaN,NaN,NaN,NaN
NaN,NaN,NaN,NaN,NaN,NaN
NaN,NaN,NaN,NaN,NaN,NaN
NaN,NaN,NaN,NaN,NaN,NaN
NaN,NaN,NaN,NaN,NaN,NaN
NaN,NaN,NaN,NaN,NaN,NaN
NaN,NaN,NaN,NaN,NaN,NaN
NaN,NaN,NaN,NaN,NaN,NaN
NaN,NaN,NaN,NaN,NaN,NaN
NaN,NaN,NaN,NaN,NaN,NaN
NaN,NaN,NaN,NaN,NaN,NaN
NaN,NaN,NaN,NaN,NaN,NaN
NaN,NaN,NaN,NaN,NaN,NaN
NaN,NaN,NaN,NaN,NaN,NaN
NaN,NaN,NaN,NaN,NaN,NaN
NaN,NaN,NaN,NaN,NaN,NaN
NaN,NaN,NaN,NaN,NaN,NaN
NaN,NaN,NaN,NaN,NaN,NaN
NaN,NaN,NaN,NaN,NaN,NaN
NaN,NaN,NaN,NaN,NaN,NaN
NaN,NaN,NaN,NaN,NaN,NaN
NaN,NaN,NaN,NaN,NaN,NaN
NaN,NaN,NaN,NaN,NaN,NaN
NaN,NaN,NaN,NaN,NaN,NaN
NaN,NaN,NaN,NaN,NaN,NaN
NaN,NaN,NaN,NaN,NaN,NaN
NaN,NaN,NaN,NaN,NaN,NaN
NaN,NaN,NaN,NaN,NaN,NaN
NaN,NaN,NaN,NaN,NaN,NaN
NaN,NaN,NaN,NaN,NaN,NaN
NaN,NaN,NaN,NaN,NaN,NaN
NaN,NaN,NaN,NaN,NaN,NaN
NaN,NaN,NaN,NaN,NaN,NaN
NaN,NaN,NaN,NaN,NaN,NaN
NaN,NaN,NaN,NaN,NaN,NaN
NaN,NaN,NaN,NaN,NaN,NaN
NaN,NaN,NaN,NaN,NaN,NaN
NaN,NaN,NaN,NaN,NaN,NaN
NaN,NaN,NaN,NaN,NaN,NaN
NaN,NaN,NaN,NaN,NaN,NaN
NaN,NaN,NaN,NaN,NaN,NaN
NaN,NaN,NaN,NaN,NaN,NaN
NaN,NaN,NaN,NaN,NaN,NaN
NaN,NaN,NaN,NaN,NaN,NaN
NaN,NaN,NaN,NaN,NaN,NaN
NaN,NaN,NaN,NaN,NaN,NaN
NaN,NaN,NaN,NaN,NaN,NaN
NaN,NaN,NaN,NaN,NaN,NaN
NaN,NaN,NaN,NaN,NaN,NaN
NaN,NaN,NaN,NaN,NaN,NaN
NaN,NaN,NaN,NaN,NaN,NaN
NaN,NaN,NaN,NaN,NaN,NaN
NaN,NaN,NaN,NaN,NaN,NaN
NaN,NaN,NaN,NaN,NaN,NaN
NaN,NaN,NaN,NaN,NaN,NaN
NaN,NaN,NaN,NaN,NaN,NaN
NaN,NaN,NaN,NaN,NaN,NaN
NaN,NaN,NaN,NaN,NaN,NaN
NaN,NaN,NaN,NaN,NaN,NaN
NaN,NaN,NaN,NaN,NaN,NaN
NaN,NaN,NaN,NaN,NaN,NaN
NaN,NaN,NaN,NaN,NaN,NaN
NaN,NaN,NaN,NaN,NaN,NaN
NaN,NaN,NaN,NaN,NaN,NaN
NaN,NaN,NaN,NaN,NaN,NaN
NaN,NaN,NaN,NaN,NaN,NaN
NaN,NaN,NaN,NaN,NaN,NaN
NaN,NaN,NaN,NaN,NaN,NaN
NaN,NaN,NaN,NaN,NaN,NaN
NaN,NaN,NaN,NaN,NaN,NaN
NaN,NaN,NaN,NaN,NaN,NaN
NaN,NaN,NaN,NaN,NaN,NaN
NaN,NaN,NaN,NaN,NaN,NaN
NaN,NaN,NaN,NaN,NaN,NaN
NaN,NaN,NaN,NaN,NaN,NaN
NaN,NaN,NaN,NaN,NaN,NaN
NaN,NaN,NaN,NaN,NaN,NaN
NaN,NaN,NaN,NaN,NaN,NaN
NaN,NaN,NaN,NaN,NaN,NaN
NaN,NaN,NaN,NaN,NaN,NaN
NaN,NaN,NaN,NaN,NaN,NaN
NaN,NaN,NaN,NaN,NaN,NaN
NaN,NaN,NaN,NaN,NaN,NaN
NaN,NaN,NaN,NaN,NaN,NaN
NaN,NaN,NaN,NaN,NaN,NaN
NaN,NaN,NaN,NaN,NaN,NaN
NaN,NaN,NaN,NaN,NaN,NaN
NaN,NaN,NaN,NaN,NaN,NaN
NaN,NaN,NaN,NaN,NaN,NaN
NaN,NaN,NaN,NaN,NaN,NaN
NaN,NaN,NaN,NaN,NaN,NaN
NaN,NaN,NaN,NaN,NaN,NaN
NaN,NaN,NaN,NaN,NaN,NaN
NaN,NaN,NaN,NaN,NaN,NaN
NaN,NaN,NaN,NaN,NaN,NaN
NaN,NaN,NaN,NaN,NaN,NaN
NaN,NaN,NaN,NaN,NaN,NaN
NaN,NaN,NaN,NaN,NaN,NaN
NaN,NaN,NaN,NaN,NaN,NaN
NaN,NaN,NaN,NaN,NaN,NaN
NaN,NaN,NaN,NaN,NaN,NaN
NaN,NaN,NaN,NaN,NaN,NaN
NaN,NaN,NaN,NaN,NaN,NaN
NaN,NaN,NaN,NaN,NaN,NaN
NaN,NaN,NaN,NaN,NaN,NaN
NaN,NaN,NaN,NaN,NaN,NaN
NaN,NaN,NaN,NaN,NaN,NaN
NaN,NaN,NaN,NaN,NaN,NaN
NaN,NaN,NaN,NaN,NaN,NaN
NaN,NaN,NaN,NaN,NaN,NaN
NaN,NaN,NaN,NaN,NaN,NaN
NaN,NaN,NaN,NaN,NaN,NaN
NaN,NaN,NaN,NaN,NaN,NaN
NaN,NaN,NaN,NaN,NaN,NaN
NaN,NaN,NaN,NaN,NaN,NaN
NaN,NaN,NaN,NaN,NaN,NaN
NaN,NaN,NaN,NaN,NaN,NaN
NaN,NaN,NaN,NaN,NaN,NaN
NaN,NaN,NaN,NaN,NaN,NaN
NaN,NaN,NaN,NaN,NaN,NaN
NaN,NaN,NaN,NaN,NaN,NaN
NaN,NaN,NaN,NaN,NaN,NaN
NaN,NaN,NaN,NaN,NaN,NaN
NaN,NaN,NaN,NaN,NaN,NaN
NaN,NaN,NaN,NaN,NaN,NaN
NaN,NaN,NaN,NaN,NaN,NaN
NaN,NaN,NaN,NaN,NaN,NaN
NaN,NaN,NaN,NaN,NaN,NaN
NaN,NaN,NaN,NaN,NaN,NaN
NaN,NaN,NaN,NaN,NaN,NaN
NaN,NaN,NaN,NaN,NaN,NaN
NaN,NaN,NaN,NaN,NaN,NaN
NaN,NaN,NaN,NaN,NaN,NaN
NaN,NaN,NaN,NaN,NaN,NaN
NaN,NaN,NaN,NaN,NaN,NaN
NaN,NaN,NaN,NaN,NaN,NaN
NaN,NaN,NaN,NaN,NaN,NaN
NaN,NaN,NaN,NaN,NaN,NaN
NaN,NaN,NaN,NaN,NaN,NaN
NaN,NaN,NaN,NaN,NaN,NaN
NaN,NaN,NaN,NaN,NaN,NaN
NaN,NaN,NaN,NaN,NaN,NaN
NaN,NaN,NaN,NaN,NaN,NaN
NaN,NaN,NaN,NaN,NaN,NaN
NaN,NaN,NaN,NaN,NaN,NaN
NaN,NaN,NaN,NaN,NaN,NaN
NaN,NaN,NaN,NaN,NaN,NaN
NaN,NaN,NaN,NaN,NaN,NaN
NaN,NaN,NaN,NaN,NaN,NaN
NaN,NaN,NaN,NaN,NaN,NaN
NaN,NaN,NaN,NaN,NaN,NaN
NaN,NaN,NaN,NaN,NaN,NaN
NaN,NaN,NaN,NaN,NaN,NaN
NaN,NaN,NaN,NaN,NaN,NaN
NaN,NaN,NaN,NaN,NaN,NaN
NaN,NaN,NaN,NaN,NaN,NaN
NaN,NaN,NaN,NaN,NaN,NaN
NaN,NaN,NaN,NaN,NaN,NaN
NaN,NaN,NaN,NaN,NaN,NaN
NaN,NaN,NaN,NaN,NaN,NaN
NaN,NaN,NaN,NaN,NaN,NaN
NaN,NaN,NaN,NaN,NaN,NaN
NaN,NaN,NaN,NaN,NaN,NaN
NaN,NaN,NaN,NaN,NaN,NaN
NaN,NaN,NaN,NaN,NaN,NaN
NaN,NaN,NaN,NaN,NaN,NaN
NaN,NaN,NaN,NaN,NaN,NaN
NaN,NaN,NaN,NaN,NaN,NaN
NaN,NaN,NaN,NaN,NaN,NaN
NaN,NaN,NaN,NaN,NaN,NaN
NaN,NaN,NaN,NaN,NaN,NaN
NaN,NaN,NaN,NaN,NaN,NaN
NaN,NaN,NaN,NaN,NaN,NaN
NaN,NaN,NaN,NaN,NaN,NaN
NaN,NaN,NaN,NaN,NaN,NaN
NaN,NaN,NaN,NaN,NaN,NaN
NaN,NaN,NaN,NaN,NaN,NaN
NaN,NaN,NaN,NaN,NaN,NaN
NaN,NaN,NaN,NaN,NaN,NaN
NaN,NaN,NaN,NaN,NaN,NaN
NaN,NaN,NaN,NaN,NaN,NaN
NaN,NaN,NaN,NaN,NaN,NaN
NaN,NaN,NaN,NaN,NaN,NaN
NaN,NaN,NaN,NaN,NaN,NaN
NaN,NaN,NaN,NaN,NaN,NaN
NaN,NaN,NaN,NaN,NaN,NaN
NaN,NaN,NaN,NaN,NaN,NaN
NaN,NaN,NaN,NaN,NaN,NaN
NaN,NaN,NaN,NaN,NaN,NaN
NaN,NaN,NaN,NaN,NaN,NaN
NaN,NaN,NaN,NaN,NaN,NaN
NaN,NaN,NaN,NaN,NaN,NaN
NaN,NaN,NaN,NaN,NaN,NaN
NaN,NaN,NaN,NaN,NaN,NaN
NaN,NaN,NaN,NaN,NaN,NaN
