pt1_cam1_U,pt1_cam1_V,pt2_cam1_U,pt2_cam1_V,pt3_cam1_U,pt3_cam1_V
NaN,NaN,903.428573,529.125395,NaN,NaN
NaN,NaN,903.020000,529.030000,NaN,NaN
NaN,NaN,903.010000,529.020000,NaN,NaN
NaN,NaN,903.010000,529.020000,NaN,NaN
NaN,NaN,903.020000,529.010000,NaN,NaN
NaN,NaN,903.020000,529.020000,NaN,NaN
NaN,NaN,903.030000,529.010000,NaN,NaN
NaN,NaN,903.040000,529.010000,NaN,NaN
NaN,NaN,903.030000,529.020000,NaN,NaN
NaN,NaN,903.030000,529.020000,NaN,NaN
NaN,NaN,903.030000,529.020000,NaN,NaN
NaN,NaN,903.030000,529.020000,NaN,NaN
NaN,NaN,903.030000,529.010000,NaN,NaN
NaN,NaN,903.030000,529.010000,NaN,NaN
NaN,NaN,903.020000,529.010000,NaN,NaN
NaN,NaN,903.040000,529.040000,NaN,NaN
NaN,NaN,903.040000,529.030000,NaN,NaN
NaN,NaN,903.040000,529.030000,NaN,NaN
NaN,NaN,903.050000,529.030000,NaN,NaN
NaN,NaN,903.040000,529.040000,NaN,NaN
NaN,NaN,903.050000,529.030000,NaN,NaN
NaN,NaN,903.040000,529.030000,NaN,NaN
NaN,NaN,903.040000,529.020000,NaN,NaN
NaN,NaN,903.040000,529.010000,NaN,NaN
NaN,NaN,903.040000,529.010000,NaN,NaN
NaN,NaN,903.040000,529.010000,NaN,NaN
NaN,NaN,903.040000,529.010000,NaN,NaN
NaN,NaN,903.040000,529.020000,NaN,NaN
NaN,NaN,903.030000,529.010000,NaN,NaN
NaN,NaN,903.040000,529.020000,NaN,NaN
NaN,NaN,903.040000,529.020000,NaN,NaN
NaN,NaN,903.050000,529.030000,NaN,NaN
NaN,NaN,903.040000,529.030000,NaN,NaN
NaN,NaN,903.040000,529.020000,NaN,NaN
NaN,NaN,903.040000,529.020000,NaN,NaN
NaN,NaN,903.040000,529.020000,NaN,NaN
NaN,NaN,903.040000,529.020000,NaN,NaN
NaN,NaN,903.040000,529.020000,NaN,NaN
NaN,NaN,903.040000,529.020000,NaN,NaN
NaN,NaN,903.040000,529.030000,NaN,NaN
NaN,NaN,903.040000,529.030000,NaN,NaN
NaN,NaN,903.040000,529.030000,NaN,NaN
NaN,NaN,903.040000,529.020000,NaN,NaN
NaN,NaN,903.050000,529.030000,NaN,NaN
NaN,NaN,903.050000,529.030000,NaN,NaN
NaN,NaN,903.050000,529.030000,NaN,NaN
NaN,NaN,903.040000,529.030000,NaN,NaN
NaN,NaN,903.040000,529.040000,NaN,NaN
NaN,NaN,903.040000,529.030000,NaN,NaN
NaN,NaN,903.040000,529.030000,NaN,NaN
NaN,NaN,903.040000,529.030000,NaN,NaN
NaN,NaN,903.050000,529.040000,NaN,NaN
NaN,NaN,903.050000,529.040000,NaN,NaN
NaN,NaN,903.050000,529.040000,NaN,NaN
NaN,NaN,903.050000,529.040000,NaN,NaN
NaN,NaN,903.050000,529.040000,NaN,NaN
NaN,NaN,903.050000,529.030000,NaN,NaN
NaN,NaN,903.050000,529.030000,NaN,NaN
NaN,NaN,903.050000,529.030000,NaN,NaN
NaN,NaN,903.050000,529.030000,NaN,NaN
NaN,NaN,903.040000,529.050000,NaN,NaN
NaN,NaN,903.050000,529.040000,NaN,NaN
NaN,NaN,903.040000,529.050000,NaN,NaN
NaN,NaN,903.050000,529.040000,NaN,NaN
NaN,NaN,903.050000,529.050000,NaN,NaN
NaN,NaN,903.050000,529.050000,NaN,NaN
NaN,NaN,903.050000,529.040000,NaN,NaN
NaN,NaN,903.050000,529.040000,NaN,NaN
NaN,NaN,903.050000,529.040000,NaN,NaN
NaN,NaN,903.060000,529.050000,NaN,NaN
NaN,NaN,903.060000,529.050000,NaN,NaN
NaN,NaN,903.050000,529.050000,NaN,NaN
NaN,NaN,903.050000,529.040000,NaN,NaN
NaN,NaN,903.040000,529.050000,NaN,NaN
NaN,NaN,903.040000,529.040000,NaN,NaN
NaN,NaN,903.030000,529.050000,NaN,NaN
NaN,NaN,903.040000,529.050000,NaN,NaN
NaN,NaN,903.050000,529.050000,NaN,NaN
NaN,NaN,903.040000,529.050000,NaN,NaN
NaN,NaN,903.050000,529.050000,NaN,NaN
NaN,NaN,903.050000,529.050000,NaN,NaN
NaN,NaN,903.050000,529.060000,NaN,NaN
NaN,NaN,903.050000,529.060000,NaN,NaN
NaN,NaN,903.050000,529.060000,NaN,NaN
NaN,NaN,903.050000,529.050000,NaN,NaN
NaN,NaN,903.030000,529.060000,NaN,NaN
NaN,NaN,903.040000,529.060000,NaN,NaN
NaN,NaN,903.040000,529.060000,NaN,NaN
NaN,NaN,903.040000,529.060000,NaN,NaN
NaN,NaN,903.030000,529.070000,NaN,NaN
NaN,NaN,903.020000,529.070000,NaN,NaN
NaN,NaN,903.030000,529.070000,NaN,NaN
NaN,NaN,903.030000,529.080000,NaN,NaN
NaN,NaN,903.020000,529.080000,NaN,NaN
NaN,NaN,903.020000,529.070000,NaN,NaN
NaN,NaN,903.030000,529.070000,NaN,NaN
NaN,NaN,903.020000,529.080000,NaN,NaN
NaN,NaN,903.020000,529.080000,NaN,NaN
NaN,NaN,903.020000,529.070000,NaN,NaN
NaN,NaN,903.020000,529.080000,NaN,NaN
NaN,NaN,903.020000,529.070000,NaN,NaN
NaN,NaN,903.020000,529.070000,NaN,NaN
NaN,NaN,903.020000,529.080000,NaN,NaN
NaN,NaN,903.020000,529.090000,NaN,NaN
NaN,NaN,903.030000,529.090000,NaN,NaN
NaN,NaN,903.000000,529.100000,NaN,NaN
NaN,NaN,903.000000,529.100000,NaN,NaN
NaN,NaN,903.000000,529.090000,NaN,NaN
NaN,NaN,903.000000,529.090000,NaN,NaN
NaN,NaN,903.010000,529.100000,NaN,NaN
NaN,NaN,903.020000,529.100000,NaN,NaN
NaN,NaN,903.010000,529.100000,NaN,NaN
NaN,NaN,903.010000,529.100000,NaN,NaN
NaN,NaN,903.000000,529.090000,NaN,NaN
NaN,NaN,903.010000,529.100000,NaN,NaN
NaN,NaN,903.010000,529.090000,NaN,NaN
NaN,NaN,903.000000,529.100000,NaN,NaN
NaN,NaN,903.000000,529.100000,NaN,NaN
NaN,NaN,903.000000,529.110000,NaN,NaN
NaN,NaN,903.000000,529.110000,NaN,NaN
NaN,NaN,903.000000,529.120000,NaN,NaN
NaN,NaN,903.000000,529.110000,NaN,NaN
NaN,NaN,903.000000,529.110000,NaN,NaN
NaN,NaN,902.990000,529.110000,NaN,NaN
NaN,NaN,902.990000,529.120000,NaN,NaN
NaN,NaN,902.990000,529.120000,NaN,NaN
NaN,NaN,902.990000,529.120000,NaN,NaN
NaN,NaN,902.980000,529.120000,NaN,NaN
NaN,NaN,902.980000,529.130000,NaN,NaN
NaN,NaN,902.970000,529.120000,NaN,NaN
NaN,NaN,902.970000,529.130000,NaN,NaN
NaN,NaN,902.970000,529.130000,NaN,NaN
NaN,NaN,902.970000,529.120000,NaN,NaN
NaN,NaN,902.970000,529.120000,NaN,NaN
NaN,NaN,902.960000,529.120000,837.159701,434.187367
NaN,NaN,902.960000,529.150000,835.130000,435.420000
NaN,NaN,902.960000,529.140000,836.000000,435.000000
NaN,NaN,902.960000,529.140000,835.900000,435.110000
NaN,NaN,902.950000,529.140000,836.000000,435.010000
NaN,NaN,902.940000,529.140000,836.000000,435.020000
NaN,NaN,902.950000,529.140000,835.990000,435.010000
NaN,NaN,902.950000,529.150000,835.990000,435.010000
NaN,NaN,902.950000,529.140000,835.980000,435.020000
NaN,NaN,902.950000,529.140000,835.990000,435.020000
NaN,NaN,902.950000,529.150000,835.980000,435.020000
NaN,NaN,902.960000,529.150000,835.980000,435.020000
NaN,NaN,902.950000,529.160000,835.980000,435.020000
NaN,NaN,902.940000,529.150000,835.980000,435.020000
NaN,NaN,902.950000,529.150000,835.970000,435.020000
NaN,NaN,902.940000,529.150000,835.980000,435.020000
NaN,NaN,902.940000,529.160000,835.970000,435.040000
NaN,NaN,902.930000,529.160000,835.960000,435.030000
NaN,NaN,902.930000,529.170000,835.960000,435.030000
NaN,NaN,902.910000,529.160000,835.960000,435.030000
NaN,NaN,902.910000,529.170000,835.950000,435.030000
NaN,NaN,902.920000,529.160000,835.950000,435.030000
NaN,NaN,902.920000,529.160000,835.960000,435.030000
NaN,NaN,902.910000,529.180000,835.950000,435.040000
NaN,NaN,902.900000,529.180000,835.950000,435.040000
NaN,NaN,902.890000,529.180000,835.950000,435.050000
NaN,NaN,902.890000,529.180000,835.930000,435.050000
NaN,NaN,902.900000,529.180000,835.930000,435.050000
NaN,NaN,902.910000,529.170000,835.930000,435.050000
NaN,NaN,902.900000,529.160000,835.930000,435.060000
NaN,NaN,902.900000,529.180000,835.920000,435.060000
NaN,NaN,902.890000,529.200000,835.930000,435.060000
NaN,NaN,902.870000,529.200000,835.930000,435.060000
NaN,NaN,902.880000,529.190000,835.930000,435.060000
NaN,NaN,902.880000,529.190000,835.930000,435.060000
NaN,NaN,902.890000,529.180000,835.920000,435.050000
NaN,NaN,902.870000,529.190000,835.910000,435.060000
NaN,NaN,902.860000,529.190000,835.920000,435.060000
NaN,NaN,902.860000,529.190000,835.920000,435.070000
NaN,NaN,902.860000,529.190000,835.910000,435.070000
NaN,NaN,902.860000,529.190000,835.910000,435.070000
NaN,NaN,902.860000,529.200000,835.910000,435.070000
NaN,NaN,902.850000,529.210000,835.910000,435.080000
NaN,NaN,902.850000,529.200000,835.900000,435.080000
NaN,NaN,902.840000,529.200000,835.890000,435.080000
NaN,NaN,902.830000,529.220000,835.900000,435.070000
NaN,NaN,902.860000,529.220000,835.870000,435.090000
NaN,NaN,902.850000,529.230000,835.870000,435.100000
NaN,NaN,902.840000,529.230000,835.870000,435.110000
NaN,NaN,902.850000,529.220000,835.870000,435.100000
NaN,NaN,902.840000,529.220000,835.870000,435.090000
NaN,NaN,902.830000,529.220000,835.870000,435.100000
NaN,NaN,902.820000,529.220000,835.870000,435.100000
NaN,NaN,902.830000,529.220000,835.860000,435.090000
NaN,NaN,902.820000,529.230000,835.860000,435.090000
NaN,NaN,902.810000,529.230000,835.860000,435.080000
NaN,NaN,902.820000,529.230000,835.850000,435.090000
NaN,NaN,902.820000,529.240000,835.840000,435.100000
NaN,NaN,902.810000,529.230000,835.850000,435.090000
NaN,NaN,902.810000,529.240000,835.860000,435.090000
NaN,NaN,902.810000,529.240000,835.850000,435.090000
NaN,NaN,902.820000,529.250000,835.830000,435.100000
NaN,NaN,902.830000,529.230000,835.830000,435.100000
NaN,NaN,902.820000,529.240000,835.840000,435.090000
NaN,NaN,902.810000,529.250000,835.830000,435.090000
NaN,NaN,902.800000,529.270000,835.830000,435.100000
NaN,NaN,902.800000,529.270000,835.830000,435.100000
NaN,NaN,902.800000,529.260000,835.830000,435.100000
NaN,NaN,902.800000,529.260000,835.830000,435.110000
NaN,NaN,902.800000,529.260000,835.830000,435.110000
NaN,NaN,902.780000,529.260000,835.820000,435.110000
NaN,NaN,902.780000,529.260000,835.820000,435.110000
NaN,NaN,902.780000,529.250000,835.810000,435.120000
NaN,NaN,902.780000,529.250000,835.820000,435.120000
NaN,NaN,902.780000,529.260000,835.810000,435.120000
NaN,NaN,902.770000,529.270000,835.810000,435.120000
NaN,NaN,902.770000,529.270000,835.800000,435.130000
NaN,NaN,902.750000,529.270000,835.800000,435.130000
NaN,NaN,902.740000,529.280000,835.800000,435.130000
NaN,NaN,902.750000,529.280000,835.800000,435.130000
NaN,NaN,902.730000,529.280000,835.800000,435.120000
NaN,NaN,902.740000,529.290000,835.800000,435.130000
NaN,NaN,902.720000,529.280000,835.790000,435.130000
NaN,NaN,902.740000,529.280000,835.800000,435.130000
NaN,NaN,902.740000,529.280000,835.800000,435.130000
NaN,NaN,902.750000,529.290000,835.790000,435.130000
NaN,NaN,902.740000,529.290000,835.780000,435.140000
NaN,NaN,902.730000,529.290000,835.780000,435.130000
NaN,NaN,902.740000,529.290000,835.780000,435.130000
NaN,NaN,902.740000,529.290000,835.790000,435.140000
NaN,NaN,902.730000,529.290000,835.790000,435.140000
NaN,NaN,902.730000,529.310000,835.760000,435.140000
NaN,NaN,902.740000,529.280000,835.750000,435.140000
NaN,NaN,902.740000,529.290000,835.770000,435.140000
NaN,NaN,902.740000,529.300000,835.770000,435.140000
NaN,NaN,902.740000,529.300000,835.770000,435.140000
NaN,NaN,902.740000,529.300000,835.780000,435.140000
NaN,NaN,902.730000,529.300000,835.780000,435.130000
NaN,NaN,902.730000,529.300000,835.780000,435.130000
NaN,NaN,902.720000,529.300000,835.770000,435.130000
NaN,NaN,902.730000,529.290000,835.780000,435.140000
NaN,NaN,902.730000,529.280000,835.770000,435.140000
NaN,NaN,902.730000,529.300000,835.780000,435.130000
NaN,NaN,902.740000,529.290000,835.780000,435.140000
NaN,NaN,902.720000,529.290000,835.770000,435.130000
NaN,NaN,902.740000,529.290000,835.790000,435.140000
NaN,NaN,902.770000,529.290000,835.760000,435.150000
NaN,NaN,902.760000,529.310000,835.780000,435.150000
NaN,NaN,902.750000,529.310000,835.770000,435.140000
NaN,NaN,902.730000,529.310000,835.780000,435.150000
NaN,NaN,902.740000,529.300000,835.780000,435.160000
NaN,NaN,902.730000,529.300000,835.790000,435.150000
NaN,NaN,902.730000,529.300000,835.800000,435.150000
NaN,NaN,902.740000,529.310000,835.790000,435.150000
NaN,NaN,902.750000,529.310000,835.800000,435.150000
NaN,NaN,902.740000,529.310000,835.790000,435.150000
NaN,NaN,902.740000,529.310000,835.790000,435.150000
NaN,NaN,902.740000,529.300000,835.780000,435.150000
NaN,NaN,902.740000,529.310000,835.790000,435.150000
NaN,NaN,902.740000,529.320000,835.790000,435.150000
NaN,NaN,902.740000,529.310000,835.810000,435.160000
NaN,NaN,902.780000,529.300000,835.810000,435.190000
NaN,NaN,902.760000,529.300000,835.820000,435.190000
NaN,NaN,902.740000,529.290000,835.800000,435.170000
NaN,NaN,902.730000,529.310000,835.810000,435.170000
NaN,NaN,902.740000,529.310000,835.820000,435.170000
NaN,NaN,902.740000,529.300000,835.820000,435.170000
NaN,NaN,902.730000,529.310000,835.810000,435.170000
NaN,NaN,902.730000,529.320000,835.820000,435.170000
NaN,NaN,902.730000,529.320000,835.830000,435.180000
NaN,NaN,902.730000,529.310000,835.830000,435.180000
NaN,NaN,902.730000,529.300000,835.820000,435.180000
NaN,NaN,902.730000,529.310000,835.820000,435.180000
NaN,NaN,902.730000,529.320000,835.820000,435.170000
NaN,NaN,902.730000,529.320000,835.820000,435.180000
NaN,NaN,902.720000,529.290000,835.830000,435.180000
NaN,NaN,902.750000,529.280000,835.840000,435.170000
NaN,NaN,902.740000,529.300000,835.850000,435.170000
NaN,NaN,902.730000,529.290000,835.840000,435.170000
NaN,NaN,902.730000,529.290000,835.850000,435.170000
NaN,NaN,902.730000,529.300000,835.850000,435.180000
NaN,NaN,902.710000,529.290000,835.850000,435.180000
NaN,NaN,902.710000,529.290000,835.850000,435.170000
NaN,NaN,902.710000,529.280000,835.860000,435.170000
NaN,NaN,902.700000,529.280000,835.860000,435.170000
NaN,NaN,902.700000,529.270000,835.860000,435.180000
NaN,NaN,902.710000,529.270000,835.860000,435.170000
NaN,NaN,902.690000,529.270000,835.870000,435.180000
NaN,NaN,902.680000,529.250000,835.870000,435.180000
NaN,NaN,902.680000,529.250000,835.880000,435.180000
NaN,NaN,902.680000,529.260000,835.880000,435.170000
NaN,NaN,902.670000,529.240000,835.890000,435.170000
NaN,NaN,902.680000,529.230000,835.890000,435.180000
NaN,NaN,902.660000,529.220000,835.890000,435.180000
NaN,NaN,902.630000,529.220000,835.890000,435.170000
NaN,NaN,902.640000,529.200000,835.890000,435.160000
NaN,NaN,902.630000,529.200000,835.890000,435.160000
NaN,NaN,902.620000,529.190000,835.890000,435.150000
NaN,NaN,902.600000,529.190000,835.890000,435.150000
NaN,NaN,902.580000,529.180000,835.900000,435.150000
NaN,NaN,902.570000,529.170000,835.890000,435.150000
NaN,NaN,902.560000,529.170000,835.900000,435.150000
NaN,NaN,902.540000,529.160000,835.900000,435.160000
NaN,NaN,902.540000,529.140000,835.900000,435.160000
NaN,NaN,902.500000,529.140000,835.900000,435.160000
NaN,NaN,902.110000,529.140000,835.900000,435.160000
NaN,NaN,902.100000,529.110000,835.920000,435.180000
NaN,NaN,902.090000,529.120000,835.920000,435.170000
NaN,NaN,902.080000,529.100000,835.910000,435.160000
NaN,NaN,902.070000,529.100000,835.900000,435.150000
NaN,NaN,902.060000,529.100000,835.910000,435.150000
NaN,NaN,902.050000,529.090000,835.920000,435.160000
NaN,NaN,902.040000,529.090000,835.920000,435.170000
NaN,NaN,902.030000,529.080000,835.920000,435.160000
NaN,NaN,902.020000,529.070000,835.930000,435.150000
NaN,NaN,902.000000,529.050000,835.930000,435.160000
NaN,NaN,901.990000,529.030000,835.930000,435.160000
NaN,NaN,901.970000,529.030000,835.930000,435.160000
NaN,NaN,901.950000,529.020000,835.930000,435.170000
NaN,NaN,901.940000,529.020000,835.930000,435.160000
NaN,NaN,901.930000,529.010000,835.940000,435.160000
NaN,NaN,901.910000,528.960000,835.940000,435.170000
NaN,NaN,901.900000,528.950000,835.940000,435.160000
NaN,NaN,901.890000,528.940000,835.950000,435.170000
NaN,NaN,901.860000,528.940000,835.940000,435.160000
NaN,NaN,901.850000,528.930000,835.950000,435.160000
NaN,NaN,901.830000,528.930000,835.940000,435.150000
NaN,NaN,901.820000,528.930000,835.940000,435.160000
NaN,NaN,901.810000,528.930000,835.950000,435.150000
NaN,NaN,901.810000,528.910000,835.960000,435.160000
NaN,NaN,901.780000,528.890000,835.960000,435.150000
NaN,NaN,901.760000,528.880000,835.960000,435.150000
NaN,NaN,901.740000,528.870000,835.960000,435.150000
NaN,NaN,901.740000,528.860000,835.960000,435.150000
NaN,NaN,901.710000,528.860000,835.960000,435.150000
NaN,NaN,901.670000,528.840000,835.960000,435.160000
NaN,NaN,901.670000,528.820000,835.960000,435.130000
NaN,NaN,901.640000,528.810000,835.970000,435.140000
NaN,NaN,901.600000,528.790000,835.970000,435.140000
NaN,NaN,901.610000,528.780000,835.970000,435.140000
NaN,NaN,901.580000,528.770000,835.970000,435.140000
NaN,NaN,901.570000,528.760000,835.980000,435.130000
NaN,NaN,901.540000,528.730000,835.980000,435.120000
NaN,NaN,901.510000,528.730000,835.980000,435.130000
NaN,NaN,901.030000,528.710000,835.980000,435.120000
NaN,NaN,901.000000,528.690000,835.980000,435.120000
NaN,NaN,901.000000,528.690000,835.980000,435.120000
NaN,NaN,900.970000,528.670000,835.980000,435.120000
NaN,NaN,900.950000,528.660000,835.980000,435.120000
NaN,NaN,900.940000,528.650000,835.970000,435.120000
NaN,NaN,900.910000,528.610000,835.980000,435.110000
NaN,NaN,900.890000,528.610000,835.970000,435.120000
NaN,NaN,900.880000,528.590000,835.980000,435.120000
NaN,NaN,900.870000,528.580000,835.970000,435.110000
NaN,NaN,900.830000,528.580000,835.980000,435.120000
NaN,NaN,900.820000,528.560000,835.980000,435.110000
NaN,NaN,900.820000,528.540000,835.980000,435.110000
NaN,NaN,900.780000,528.540000,835.980000,435.110000
NaN,NaN,900.760000,528.530000,835.980000,435.100000
NaN,NaN,900.730000,528.470000,835.980000,435.100000
NaN,NaN,900.700000,528.120000,835.980000,435.100000
NaN,NaN,900.670000,528.130000,835.980000,435.100000
NaN,NaN,900.680000,528.100000,835.980000,435.100000
NaN,NaN,900.660000,528.090000,835.980000,435.100000
NaN,NaN,900.600000,528.080000,835.980000,435.100000
NaN,NaN,900.590000,528.080000,835.980000,435.100000
NaN,NaN,900.540000,528.040000,835.980000,435.080000
NaN,NaN,900.080000,528.030000,835.980000,435.090000
NaN,NaN,900.080000,528.020000,835.980000,435.090000
NaN,NaN,900.040000,528.010000,835.980000,435.090000
NaN,NaN,900.040000,528.000000,835.980000,435.080000
NaN,NaN,900.030000,527.980000,835.970000,435.080000
NaN,NaN,900.010000,527.990000,835.980000,435.080000
NaN,NaN,900.000000,527.990000,835.990000,435.090000
NaN,NaN,899.990000,527.980000,835.980000,435.080000
NaN,NaN,899.970000,527.970000,835.980000,435.080000
NaN,NaN,899.950000,527.950000,835.980000,435.080000
NaN,NaN,899.930000,527.930000,835.970000,435.080000
NaN,NaN,899.920000,527.950000,835.970000,435.080000
NaN,NaN,899.890000,527.920000,835.970000,435.080000
NaN,NaN,899.890000,527.890000,835.970000,435.070000
NaN,NaN,899.880000,527.880000,835.970000,435.080000
NaN,NaN,899.880000,527.880000,835.980000,435.080000
NaN,NaN,899.840000,527.860000,835.980000,435.070000
NaN,NaN,899.840000,527.860000,835.970000,435.070000
NaN,NaN,899.830000,527.850000,835.970000,435.070000
NaN,NaN,899.810000,527.820000,835.970000,435.080000
NaN,NaN,899.790000,527.810000,835.970000,435.080000
NaN,NaN,899.780000,527.800000,835.970000,435.070000
NaN,NaN,899.750000,527.810000,835.960000,435.070000
NaN,NaN,899.750000,527.780000,835.970000,435.060000
NaN,NaN,899.730000,527.770000,835.970000,435.070000
NaN,NaN,899.710000,527.770000,835.970000,435.070000
NaN,NaN,899.700000,527.760000,835.970000,435.070000
NaN,NaN,899.680000,527.740000,835.970000,435.070000
NaN,NaN,899.660000,527.730000,835.970000,435.070000
NaN,NaN,899.610000,527.680000,835.960000,435.050000
NaN,NaN,899.590000,527.670000,835.970000,435.050000
NaN,NaN,899.580000,527.660000,835.970000,435.040000
NaN,NaN,899.550000,527.640000,835.970000,435.040000
NaN,NaN,899.550000,527.630000,835.960000,435.050000
NaN,NaN,899.540000,527.600000,835.960000,435.050000
NaN,NaN,899.470000,527.560000,835.950000,435.050000
NaN,NaN,899.050000,527.560000,835.950000,435.040000
NaN,NaN,899.030000,527.560000,835.950000,435.040000
NaN,NaN,899.030000,527.530000,835.940000,435.040000
NaN,NaN,898.980000,527.500000,835.940000,435.040000
NaN,NaN,899.000000,527.140000,835.940000,435.040000
NaN,NaN,899.000000,527.130000,835.950000,435.040000
NaN,NaN,898.990000,527.120000,835.940000,435.040000
NaN,NaN,899.000000,527.100000,835.940000,435.040000
NaN,NaN,898.960000,527.100000,835.950000,435.040000
NaN,NaN,898.950000,527.090000,835.940000,435.050000
NaN,NaN,898.930000,527.080000,835.940000,435.050000
NaN,NaN,898.910000,527.070000,835.940000,435.050000
NaN,NaN,898.910000,527.060000,835.940000,435.040000
NaN,NaN,898.890000,527.040000,835.930000,435.040000
NaN,NaN,898.890000,527.020000,835.940000,435.040000
NaN,NaN,898.880000,527.010000,835.930000,435.050000
NaN,NaN,898.870000,527.010000,835.930000,435.040000
NaN,NaN,898.860000,527.010000,835.930000,435.050000
NaN,NaN,898.840000,526.990000,835.930000,435.050000
NaN,NaN,898.830000,526.980000,835.930000,435.050000
NaN,NaN,898.820000,526.970000,835.930000,435.040000
NaN,NaN,898.780000,526.960000,835.930000,435.050000
NaN,NaN,898.780000,526.950000,835.920000,435.040000
NaN,NaN,898.760000,526.920000,835.920000,435.030000
NaN,NaN,898.740000,526.920000,835.920000,435.030000
NaN,NaN,898.730000,526.890000,835.930000,435.040000
NaN,NaN,898.700000,526.880000,835.920000,435.030000
NaN,NaN,898.700000,526.850000,835.920000,435.030000
NaN,NaN,898.690000,526.860000,835.920000,435.030000
NaN,NaN,898.680000,526.840000,835.920000,435.030000
NaN,NaN,898.670000,526.840000,835.920000,435.030000
NaN,NaN,898.650000,526.830000,835.920000,435.030000
NaN,NaN,898.630000,526.830000,835.920000,435.040000
NaN,NaN,898.630000,526.820000,835.910000,435.030000
NaN,NaN,898.610000,526.790000,835.900000,435.040000
NaN,NaN,898.600000,526.770000,835.900000,435.040000
NaN,NaN,898.590000,526.770000,835.900000,435.040000
NaN,NaN,898.560000,526.770000,835.900000,435.040000
NaN,NaN,898.480000,526.750000,835.900000,435.050000
NaN,NaN,898.040000,526.750000,835.900000,435.040000
NaN,NaN,898.030000,526.730000,835.900000,435.050000
NaN,NaN,898.030000,526.720000,835.890000,435.050000
NaN,NaN,898.020000,526.710000,835.890000,435.050000
NaN,NaN,898.000000,526.680000,835.890000,435.040000
NaN,NaN,897.990000,526.680000,835.890000,435.050000
NaN,NaN,897.980000,526.680000,835.890000,435.050000
NaN,NaN,897.960000,526.670000,835.880000,435.060000
NaN,NaN,897.960000,526.640000,835.880000,435.050000
NaN,NaN,897.950000,526.610000,835.880000,435.050000
NaN,NaN,897.940000,526.600000,835.870000,435.040000
NaN,NaN,897.930000,526.600000,835.880000,435.050000
NaN,NaN,897.920000,526.600000,835.880000,435.050000
NaN,NaN,897.910000,526.590000,835.870000,435.050000
NaN,NaN,897.900000,526.570000,835.870000,435.050000
NaN,NaN,897.890000,526.540000,835.870000,435.050000
NaN,NaN,897.860000,526.490000,835.860000,435.050000
NaN,NaN,897.860000,526.140000,835.870000,435.060000
NaN,NaN,897.850000,526.140000,835.870000,435.060000
NaN,NaN,897.840000,526.110000,835.870000,435.060000
NaN,NaN,897.850000,526.100000,835.870000,435.060000
NaN,NaN,897.840000,526.080000,835.870000,435.070000
NaN,NaN,897.820000,526.070000,835.870000,435.070000
NaN,NaN,897.820000,526.060000,835.870000,435.060000
NaN,NaN,897.810000,526.050000,835.870000,435.060000
NaN,NaN,897.800000,526.030000,835.870000,435.060000
NaN,NaN,897.770000,526.030000,835.870000,435.060000
NaN,NaN,897.770000,526.020000,835.870000,435.060000
NaN,NaN,897.750000,526.010000,835.870000,435.060000
NaN,NaN,897.710000,525.990000,835.850000,435.070000
NaN,NaN,897.700000,525.960000,835.850000,435.060000
NaN,NaN,897.680000,525.950000,835.850000,435.070000
NaN,NaN,897.660000,525.950000,835.850000,435.070000
NaN,NaN,897.650000,525.940000,835.850000,435.070000
NaN,NaN,897.650000,525.940000,835.840000,435.070000
NaN,NaN,897.640000,525.930000,835.850000,435.070000
NaN,NaN,897.640000,525.890000,835.840000,435.060000
NaN,NaN,897.610000,525.890000,835.840000,435.070000
NaN,NaN,897.590000,525.890000,835.850000,435.060000
NaN,NaN,897.560000,525.860000,835.840000,435.060000
NaN,NaN,897.540000,525.860000,835.840000,435.070000
NaN,NaN,897.520000,525.830000,835.850000,435.060000
NaN,NaN,897.070000,525.820000,835.850000,435.060000
NaN,NaN,897.060000,525.820000,835.850000,435.060000
NaN,NaN,897.040000,525.790000,835.820000,435.090000
NaN,NaN,897.030000,525.780000,835.830000,435.080000
NaN,NaN,897.030000,525.770000,835.830000,435.080000
NaN,NaN,897.020000,525.760000,835.830000,435.080000
NaN,NaN,897.000000,525.740000,835.840000,435.090000
NaN,NaN,896.990000,525.700000,835.830000,435.080000
NaN,NaN,896.980000,525.690000,835.830000,435.090000
NaN,NaN,896.980000,525.670000,835.830000,435.090000
NaN,NaN,896.960000,525.660000,835.830000,435.090000
NaN,NaN,896.960000,525.640000,835.830000,435.090000
NaN,NaN,896.940000,525.620000,835.830000,435.090000
NaN,NaN,896.940000,525.590000,835.820000,435.080000
NaN,NaN,896.920000,525.600000,835.820000,435.090000
NaN,NaN,896.900000,525.570000,835.820000,435.090000
NaN,NaN,896.900000,525.540000,835.810000,435.090000
NaN,NaN,896.880000,525.470000,835.820000,435.100000
NaN,NaN,896.880000,525.150000,835.820000,435.100000
NaN,NaN,896.860000,525.130000,835.820000,435.100000
NaN,NaN,896.870000,525.140000,835.820000,435.100000
NaN,NaN,896.860000,525.100000,835.810000,435.100000
NaN,NaN,896.830000,525.060000,835.810000,435.110000
NaN,NaN,896.820000,525.050000,835.810000,435.110000
NaN,NaN,896.820000,525.050000,835.810000,435.110000
NaN,NaN,896.800000,525.030000,835.810000,435.110000
NaN,NaN,896.790000,525.010000,835.810000,435.110000
NaN,NaN,896.790000,524.990000,835.810000,435.100000
NaN,NaN,896.760000,524.970000,835.820000,435.090000
NaN,NaN,896.740000,524.960000,835.810000,435.100000
NaN,NaN,896.740000,524.960000,835.800000,435.100000
NaN,NaN,896.710000,524.950000,835.800000,435.100000
NaN,NaN,896.740000,524.930000,835.810000,435.090000
NaN,NaN,896.720000,524.910000,835.810000,435.100000
NaN,NaN,896.680000,524.890000,835.820000,435.110000
NaN,NaN,896.680000,524.860000,835.820000,435.110000
NaN,NaN,896.650000,524.840000,835.820000,435.100000
NaN,NaN,896.610000,524.800000,835.810000,435.100000
NaN,NaN,896.610000,524.820000,835.820000,435.110000
NaN,NaN,896.610000,524.810000,835.810000,435.110000
NaN,NaN,896.580000,524.770000,835.810000,435.110000
NaN,NaN,896.580000,524.750000,835.810000,435.100000
NaN,NaN,896.560000,524.740000,835.810000,435.100000
NaN,NaN,896.540000,524.700000,835.810000,435.110000
NaN,NaN,896.510000,524.690000,835.810000,435.110000
NaN,NaN,896.060000,524.670000,835.810000,435.120000
NaN,NaN,896.070000,524.610000,835.810000,435.110000
NaN,NaN,896.030000,524.600000,835.810000,435.130000
NaN,NaN,896.020000,524.560000,835.810000,435.110000
NaN,NaN,896.020000,524.580000,835.800000,435.110000
NaN,NaN,896.010000,524.560000,835.810000,435.120000
NaN,NaN,895.990000,524.530000,835.810000,435.120000
NaN,NaN,896.000000,524.490000,835.810000,435.130000
NaN,NaN,896.020000,524.190000,835.810000,435.140000
NaN,NaN,895.990000,524.170000,835.810000,435.130000
NaN,NaN,896.000000,524.160000,835.810000,435.130000
NaN,NaN,895.990000,524.130000,835.800000,435.130000
NaN,NaN,895.970000,524.120000,835.810000,435.130000
NaN,NaN,895.970000,524.100000,835.810000,435.140000
NaN,NaN,895.940000,524.080000,835.810000,435.150000
NaN,NaN,895.930000,524.060000,835.810000,435.140000
NaN,NaN,895.930000,524.050000,835.810000,435.150000
NaN,NaN,895.890000,524.050000,835.790000,435.140000
NaN,NaN,895.880000,524.020000,835.810000,435.150000
NaN,NaN,895.880000,523.990000,835.790000,435.150000
NaN,NaN,895.860000,523.990000,835.790000,435.150000
NaN,NaN,895.850000,523.970000,835.790000,435.160000
NaN,NaN,895.840000,523.950000,835.800000,435.170000
NaN,NaN,895.830000,523.930000,835.800000,435.170000
NaN,NaN,895.830000,523.920000,835.790000,435.170000
NaN,NaN,895.820000,523.910000,835.790000,435.160000
NaN,NaN,895.800000,523.890000,835.790000,435.160000
NaN,NaN,895.780000,523.880000,835.790000,435.160000
NaN,NaN,895.780000,523.850000,835.780000,435.160000
NaN,NaN,895.750000,523.810000,835.780000,435.160000
NaN,NaN,895.740000,523.790000,835.780000,435.160000
NaN,NaN,895.740000,523.780000,835.780000,435.170000
NaN,NaN,895.730000,523.770000,835.790000,435.160000
NaN,NaN,895.710000,523.720000,835.790000,435.170000
NaN,NaN,895.720000,523.690000,835.780000,435.160000
NaN,NaN,895.710000,523.680000,835.780000,435.160000
NaN,NaN,895.690000,523.660000,835.790000,435.160000
NaN,NaN,895.650000,523.640000,835.780000,435.160000
NaN,NaN,895.650000,523.630000,835.770000,435.160000
NaN,NaN,895.650000,523.600000,835.780000,435.170000
NaN,NaN,895.600000,523.570000,835.780000,435.160000
NaN,NaN,895.590000,523.560000,835.770000,435.160000
NaN,NaN,895.580000,523.530000,835.770000,435.160000
NaN,NaN,895.570000,523.530000,835.740000,435.160000
NaN,NaN,895.550000,523.480000,835.760000,435.170000
NaN,NaN,895.550000,523.170000,835.750000,435.170000
NaN,NaN,895.540000,523.160000,835.750000,435.170000
NaN,NaN,895.440000,523.160000,835.750000,435.200000
NaN,NaN,895.070000,523.150000,835.750000,435.190000
NaN,NaN,895.060000,523.130000,835.740000,435.180000
NaN,NaN,895.060000,523.100000,835.740000,435.190000
NaN,NaN,895.050000,523.110000,835.740000,435.190000
NaN,NaN,895.030000,523.090000,835.730000,435.180000
NaN,NaN,895.020000,523.070000,835.740000,435.180000
NaN,NaN,895.020000,523.040000,835.740000,435.180000
NaN,NaN,895.000000,523.020000,835.740000,435.190000
NaN,NaN,894.990000,523.000000,835.730000,435.190000
NaN,NaN,894.980000,522.980000,835.740000,435.210000
NaN,NaN,894.980000,522.980000,835.740000,435.200000
NaN,NaN,894.960000,522.950000,835.730000,435.200000
NaN,NaN,894.950000,522.960000,835.730000,435.200000
NaN,NaN,894.940000,522.940000,835.730000,435.200000
NaN,NaN,894.930000,522.920000,835.710000,435.180000
NaN,NaN,894.900000,522.890000,835.710000,435.180000
NaN,NaN,894.900000,522.880000,835.700000,435.180000
NaN,NaN,894.900000,522.880000,835.700000,435.190000
NaN,NaN,894.880000,522.860000,835.690000,435.200000
NaN,NaN,894.860000,522.850000,835.690000,435.190000
NaN,NaN,894.840000,522.820000,835.690000,435.190000
NaN,NaN,894.820000,522.790000,835.690000,435.200000
NaN,NaN,894.820000,522.790000,835.680000,435.190000
NaN,NaN,894.810000,522.770000,835.670000,435.200000
NaN,NaN,894.830000,522.730000,835.670000,435.190000
NaN,NaN,894.800000,522.700000,835.660000,435.200000
NaN,NaN,894.800000,522.690000,835.650000,435.200000
NaN,NaN,894.780000,522.660000,835.650000,435.200000
NaN,NaN,894.760000,522.660000,835.660000,435.200000
NaN,NaN,894.780000,522.610000,835.670000,435.220000
NaN,NaN,894.750000,522.570000,835.650000,435.210000
NaN,NaN,894.740000,522.570000,835.640000,435.200000
NaN,NaN,894.730000,522.540000,835.630000,435.200000
NaN,NaN,894.720000,522.500000,835.630000,435.200000
NaN,NaN,894.700000,522.160000,835.630000,435.200000
NaN,NaN,894.660000,522.170000,835.630000,435.210000
NaN,NaN,894.660000,522.140000,835.610000,435.210000
NaN,NaN,894.640000,522.130000,835.610000,435.200000
NaN,NaN,894.620000,522.110000,835.600000,435.200000
NaN,NaN,894.630000,522.080000,835.600000,435.200000
NaN,NaN,894.600000,522.090000,835.580000,435.200000
NaN,NaN,894.580000,522.080000,835.570000,435.200000
NaN,NaN,894.570000,522.060000,835.580000,435.200000
NaN,NaN,894.550000,522.040000,835.570000,435.210000
NaN,NaN,894.490000,522.010000,835.540000,435.230000
NaN,NaN,894.060000,521.980000,835.540000,435.230000
NaN,NaN,894.060000,521.970000,835.540000,435.220000
NaN,NaN,894.040000,521.960000,835.540000,435.220000
NaN,NaN,894.030000,521.950000,835.510000,435.220000
NaN,NaN,894.020000,521.930000,835.240000,435.170000
NaN,NaN,894.020000,521.920000,835.240000,435.170000
NaN,NaN,894.020000,521.900000,835.230000,435.160000
NaN,NaN,894.010000,521.890000,835.230000,435.150000
NaN,NaN,893.990000,521.880000,835.230000,435.170000
NaN,NaN,893.980000,521.850000,835.230000,435.160000
NaN,NaN,893.960000,521.830000,835.220000,435.180000
NaN,NaN,893.960000,521.810000,835.210000,435.180000
NaN,NaN,893.960000,521.800000,835.210000,435.180000
NaN,NaN,893.950000,521.780000,835.210000,435.170000
NaN,NaN,893.910000,521.700000,835.190000,435.190000
NaN,NaN,893.900000,521.700000,835.200000,435.180000
NaN,NaN,893.890000,521.710000,835.190000,435.170000
NaN,NaN,893.890000,521.690000,835.190000,435.170000
NaN,NaN,893.870000,521.660000,835.190000,435.170000
NaN,NaN,893.860000,521.660000,835.180000,435.170000
NaN,NaN,893.860000,521.630000,835.180000,435.170000
NaN,NaN,893.840000,521.650000,835.160000,435.180000
NaN,NaN,893.830000,521.600000,835.170000,435.170000
NaN,NaN,893.810000,521.560000,835.160000,435.170000
NaN,NaN,893.800000,521.560000,835.170000,435.180000
NaN,NaN,893.800000,521.530000,835.160000,435.190000
NaN,NaN,893.780000,521.500000,835.160000,435.190000
NaN,NaN,893.790000,521.110000,835.150000,435.180000
NaN,NaN,893.780000,521.110000,835.150000,435.180000
NaN,NaN,893.730000,521.070000,835.140000,435.210000
NaN,NaN,893.700000,521.080000,835.130000,435.180000
NaN,NaN,893.700000,521.070000,835.130000,435.180000
NaN,NaN,893.710000,521.050000,835.120000,435.190000
NaN,NaN,893.710000,521.040000,835.130000,435.190000
NaN,NaN,893.710000,521.030000,835.120000,435.190000
NaN,NaN,893.680000,521.010000,835.120000,435.200000
NaN,NaN,893.660000,520.990000,835.110000,435.210000
NaN,NaN,893.640000,520.990000,835.120000,435.210000
NaN,NaN,893.630000,520.980000,835.110000,435.200000
NaN,NaN,893.620000,520.950000,835.110000,435.200000
NaN,NaN,893.620000,520.920000,835.110000,435.200000
NaN,NaN,893.590000,520.910000,835.100000,435.200000
NaN,NaN,893.590000,520.890000,835.110000,435.190000
NaN,NaN,893.570000,520.890000,835.100000,435.200000
NaN,NaN,893.500000,520.870000,835.080000,435.200000
NaN,NaN,893.050000,520.880000,835.080000,435.210000
NaN,NaN,893.050000,520.870000,835.080000,435.200000
NaN,NaN,893.040000,520.860000,835.080000,435.210000
NaN,NaN,893.050000,520.830000,835.080000,435.220000
NaN,NaN,893.030000,520.800000,835.060000,435.210000
NaN,NaN,893.030000,520.810000,835.070000,435.220000
NaN,NaN,893.020000,520.790000,835.070000,435.220000
NaN,NaN,893.010000,520.760000,835.070000,435.220000
NaN,NaN,893.000000,520.740000,835.070000,435.220000
NaN,NaN,892.990000,520.720000,835.060000,435.210000
NaN,NaN,892.990000,520.730000,835.050000,435.240000
NaN,NaN,892.980000,520.690000,835.050000,435.230000
NaN,NaN,892.980000,520.700000,835.040000,435.250000
NaN,NaN,892.970000,520.700000,835.040000,435.240000
NaN,NaN,892.960000,520.650000,835.030000,435.260000
NaN,NaN,892.940000,520.620000,835.030000,435.260000
NaN,NaN,892.940000,520.620000,835.030000,435.260000
NaN,NaN,892.920000,520.600000,835.020000,435.250000
NaN,NaN,892.890000,520.580000,835.020000,435.250000
NaN,NaN,892.910000,520.540000,835.010000,435.250000
NaN,NaN,892.910000,520.530000,835.010000,435.250000
NaN,NaN,892.910000,520.500000,835.010000,435.250000
NaN,NaN,892.890000,520.120000,835.020000,435.250000
NaN,NaN,892.910000,520.100000,835.010000,435.250000
NaN,NaN,892.900000,520.090000,835.020000,435.250000
NaN,NaN,892.910000,520.080000,835.010000,435.250000
NaN,NaN,892.900000,520.060000,835.010000,435.260000
NaN,NaN,892.880000,520.040000,835.010000,435.260000
NaN,NaN,892.890000,520.020000,835.000000,435.260000
NaN,NaN,892.880000,520.020000,835.000000,435.270000
NaN,NaN,892.870000,520.000000,835.000000,435.260000
NaN,NaN,892.880000,519.980000,834.990000,435.270000
NaN,NaN,892.870000,519.960000,834.980000,435.270000
NaN,NaN,892.850000,519.950000,834.980000,435.260000
NaN,NaN,892.840000,519.930000,834.980000,435.270000
NaN,NaN,892.830000,519.910000,834.980000,435.250000
NaN,NaN,892.820000,519.910000,834.970000,435.260000
NaN,NaN,892.810000,519.900000,834.980000,435.270000
NaN,NaN,892.810000,519.870000,834.970000,435.270000
NaN,NaN,892.810000,519.830000,834.970000,435.260000
NaN,NaN,892.810000,519.830000,834.970000,435.270000
NaN,NaN,892.760000,519.780000,834.970000,435.270000
NaN,NaN,892.760000,519.780000,834.970000,435.270000
NaN,NaN,892.770000,519.780000,834.960000,435.260000
NaN,NaN,892.740000,519.740000,834.960000,435.240000
NaN,NaN,892.740000,519.730000,834.960000,435.250000
NaN,NaN,892.740000,519.720000,834.950000,435.250000
NaN,NaN,892.730000,519.680000,834.950000,435.260000
NaN,NaN,892.730000,519.640000,834.950000,435.250000
NaN,NaN,892.730000,519.650000,834.940000,435.250000
NaN,NaN,892.720000,519.610000,834.950000,435.240000
NaN,NaN,892.680000,519.590000,834.940000,435.260000
NaN,NaN,892.690000,519.550000,834.940000,435.250000
NaN,NaN,892.700000,519.530000,834.940000,435.240000
NaN,NaN,892.670000,519.510000,834.930000,435.250000
NaN,NaN,892.700000,519.060000,834.930000,435.260000
NaN,NaN,892.640000,519.050000,834.930000,435.240000
NaN,NaN,892.650000,519.030000,834.930000,435.260000
NaN,NaN,892.670000,519.010000,834.940000,435.250000
NaN,NaN,892.640000,518.970000,834.940000,435.240000
NaN,NaN,892.640000,518.960000,834.940000,435.240000
NaN,NaN,892.650000,518.940000,834.930000,435.260000
NaN,NaN,892.660000,518.930000,834.930000,435.250000
NaN,NaN,892.660000,518.910000,834.930000,435.250000
NaN,NaN,892.650000,518.890000,834.930000,435.250000
NaN,NaN,892.610000,518.870000,834.920000,435.250000
NaN,NaN,892.600000,518.850000,834.920000,435.240000
NaN,NaN,892.620000,518.850000,834.920000,435.240000
NaN,NaN,892.590000,518.840000,834.930000,435.240000
NaN,NaN,892.550000,518.830000,834.930000,435.230000
NaN,NaN,892.550000,518.800000,834.920000,435.230000
NaN,NaN,892.520000,518.780000,834.920000,435.230000
NaN,NaN,892.080000,518.800000,834.920000,435.230000
NaN,NaN,892.080000,518.760000,834.920000,435.210000
NaN,NaN,892.080000,518.680000,834.940000,435.240000
NaN,NaN,892.050000,518.680000,834.930000,435.250000
NaN,NaN,892.060000,518.670000,834.920000,435.240000
NaN,NaN,892.030000,518.630000,834.920000,435.230000
NaN,NaN,892.020000,518.590000,834.920000,435.250000
NaN,NaN,892.000000,518.570000,834.930000,435.220000
NaN,NaN,892.010000,518.530000,834.930000,435.210000
NaN,NaN,892.040000,518.070000,834.930000,435.210000
NaN,NaN,892.040000,518.050000,834.930000,435.220000
NaN,NaN,892.030000,518.030000,834.930000,435.240000
NaN,NaN,892.020000,518.010000,834.930000,435.240000
NaN,NaN,892.010000,518.000000,834.920000,435.240000
NaN,NaN,892.000000,517.980000,834.930000,435.240000
NaN,NaN,891.990000,517.960000,834.940000,435.230000
NaN,NaN,891.990000,517.930000,834.930000,435.230000
NaN,NaN,891.950000,517.920000,834.950000,435.220000
NaN,NaN,891.960000,517.900000,834.950000,435.220000
NaN,NaN,891.960000,517.880000,834.940000,435.220000
NaN,NaN,891.930000,517.880000,834.950000,435.220000
NaN,NaN,891.930000,517.840000,834.950000,435.230000
NaN,NaN,891.910000,517.820000,834.930000,435.210000
NaN,NaN,891.900000,517.790000,834.940000,435.220000
NaN,NaN,891.890000,517.780000,834.940000,435.220000
NaN,NaN,891.880000,517.760000,834.940000,435.220000
NaN,NaN,891.900000,517.730000,834.940000,435.220000
NaN,NaN,891.880000,517.690000,834.940000,435.210000
NaN,NaN,891.870000,517.670000,834.950000,435.210000
NaN,NaN,891.860000,517.650000,834.940000,435.210000
NaN,NaN,891.840000,517.600000,834.950000,435.220000
NaN,NaN,891.830000,517.560000,834.950000,435.220000
NaN,NaN,891.800000,517.570000,834.960000,435.210000
NaN,NaN,891.810000,517.540000,834.960000,435.200000
NaN,NaN,891.800000,517.500000,834.950000,435.210000
NaN,NaN,891.850000,517.060000,834.960000,435.200000
NaN,NaN,891.820000,517.050000,834.960000,435.210000
NaN,NaN,891.820000,517.040000,834.970000,435.210000
NaN,NaN,891.800000,517.020000,834.960000,435.200000
NaN,NaN,891.780000,517.010000,834.950000,435.210000
NaN,NaN,891.760000,517.000000,834.960000,435.200000
NaN,NaN,891.750000,516.970000,834.960000,435.190000
NaN,NaN,891.730000,516.970000,834.960000,435.180000
NaN,NaN,891.710000,516.950000,834.970000,435.180000
NaN,NaN,891.700000,516.920000,834.970000,435.180000
NaN,NaN,891.690000,516.920000,834.970000,435.180000
NaN,NaN,891.650000,516.900000,834.970000,435.180000
NaN,NaN,891.660000,516.840000,834.980000,435.180000
NaN,NaN,891.650000,516.810000,834.980000,435.170000
NaN,NaN,891.650000,516.800000,834.990000,435.170000
NaN,NaN,891.630000,516.790000,834.990000,435.180000
NaN,NaN,891.630000,516.770000,834.990000,435.180000
NaN,NaN,891.610000,516.760000,834.980000,435.180000
NaN,NaN,891.600000,516.760000,834.980000,435.180000
NaN,NaN,891.600000,516.720000,835.000000,435.170000
NaN,NaN,891.550000,516.710000,834.990000,435.170000
NaN,NaN,891.550000,516.690000,834.990000,435.170000
NaN,NaN,891.520000,516.680000,834.980000,435.170000
NaN,NaN,891.080000,516.690000,834.990000,435.170000
NaN,NaN,891.080000,516.650000,835.000000,435.180000
NaN,NaN,891.080000,516.640000,835.000000,435.170000
NaN,NaN,891.070000,516.620000,835.000000,435.170000
NaN,NaN,891.030000,516.610000,835.010000,435.140000
NaN,NaN,891.010000,516.590000,835.000000,435.150000
NaN,NaN,891.010000,516.540000,835.000000,435.150000
NaN,NaN,891.090000,516.070000,835.000000,435.150000
NaN,NaN,891.070000,516.040000,835.000000,435.140000
NaN,NaN,891.070000,516.050000,835.010000,435.150000
NaN,NaN,891.050000,516.030000,835.020000,435.160000
NaN,NaN,891.050000,516.000000,835.020000,435.150000
NaN,NaN,891.030000,515.990000,835.020000,435.170000
NaN,NaN,891.030000,515.970000,835.020000,435.160000
NaN,NaN,891.020000,515.960000,835.020000,435.170000
NaN,NaN,891.000000,515.940000,835.020000,435.160000
NaN,NaN,890.990000,515.920000,835.020000,435.150000
NaN,NaN,890.970000,515.900000,835.020000,435.160000
NaN,NaN,890.970000,515.870000,835.020000,435.160000
NaN,NaN,890.910000,515.850000,835.030000,435.140000
NaN,NaN,890.900000,515.820000,835.030000,435.150000
NaN,NaN,890.900000,515.800000,835.040000,435.150000
NaN,NaN,890.890000,515.790000,835.040000,435.150000
NaN,NaN,890.880000,515.780000,835.030000,435.150000
NaN,NaN,890.870000,515.750000,835.030000,435.150000
NaN,NaN,890.850000,515.740000,835.040000,435.140000
NaN,NaN,890.830000,515.710000,835.030000,435.150000
NaN,NaN,890.820000,515.700000,835.040000,435.130000
NaN,NaN,890.790000,515.680000,835.040000,435.130000
NaN,NaN,890.760000,515.660000,835.040000,435.130000
NaN,NaN,890.760000,515.610000,835.030000,435.130000
NaN,NaN,890.750000,515.580000,835.050000,435.120000
NaN,NaN,890.740000,515.570000,835.050000,435.120000
NaN,NaN,890.740000,515.530000,835.050000,435.110000
NaN,NaN,890.770000,515.070000,835.060000,435.140000
NaN,NaN,890.770000,515.060000,835.060000,435.150000
NaN,NaN,890.730000,515.050000,835.050000,435.130000
NaN,NaN,890.710000,515.030000,835.060000,435.110000
NaN,NaN,890.710000,515.020000,835.060000,435.110000
NaN,NaN,890.690000,515.010000,835.060000,435.110000
NaN,NaN,890.660000,515.000000,835.060000,435.110000
NaN,NaN,890.620000,514.980000,835.060000,435.110000
NaN,NaN,890.620000,514.960000,835.070000,435.110000
NaN,NaN,890.610000,514.940000,835.070000,435.110000
NaN,NaN,890.590000,514.910000,835.070000,435.120000
NaN,NaN,890.510000,514.910000,835.070000,435.110000
NaN,NaN,890.080000,514.930000,835.080000,435.120000
NaN,NaN,890.070000,514.910000,835.080000,435.120000
NaN,NaN,890.010000,514.880000,835.080000,435.110000
NaN,NaN,890.060000,514.830000,835.080000,435.110000
NaN,NaN,890.060000,514.860000,835.070000,435.120000
NaN,NaN,890.030000,514.840000,835.070000,435.110000
NaN,NaN,890.020000,514.820000,835.080000,435.100000
NaN,NaN,889.990000,514.790000,835.090000,435.110000
NaN,NaN,889.980000,514.780000,835.090000,435.120000
NaN,NaN,889.960000,514.770000,835.080000,435.100000
NaN,NaN,889.940000,514.740000,835.090000,435.110000
NaN,NaN,889.930000,514.700000,835.090000,435.100000
NaN,NaN,889.910000,514.690000,835.080000,435.090000
NaN,NaN,889.890000,514.660000,835.080000,435.090000
NaN,NaN,889.870000,514.640000,835.080000,435.110000
NaN,NaN,889.840000,514.630000,835.090000,435.110000
NaN,NaN,889.830000,514.610000,835.090000,435.100000
NaN,NaN,889.820000,514.590000,835.090000,435.100000
NaN,NaN,889.770000,514.520000,835.110000,435.110000
NaN,NaN,889.800000,514.080000,835.100000,435.100000
NaN,NaN,889.790000,514.060000,835.100000,435.100000
NaN,NaN,889.780000,514.030000,835.100000,435.100000
NaN,NaN,889.760000,514.020000,835.100000,435.090000
NaN,NaN,889.720000,514.020000,835.100000,435.080000
NaN,NaN,889.700000,514.000000,835.100000,435.100000
NaN,NaN,889.690000,513.970000,835.100000,435.090000
NaN,NaN,889.670000,513.960000,835.100000,435.090000
NaN,NaN,889.630000,513.940000,835.100000,435.090000
NaN,NaN,889.600000,513.920000,835.110000,435.090000
NaN,NaN,889.570000,513.910000,835.110000,435.090000
NaN,NaN,889.550000,513.890000,835.120000,435.100000
NaN,NaN,889.540000,513.870000,835.120000,435.100000
NaN,NaN,889.510000,513.840000,835.120000,435.100000
NaN,NaN,889.090000,513.840000,835.130000,435.100000
NaN,NaN,889.080000,513.830000,835.130000,435.100000
NaN,NaN,889.060000,513.810000,835.140000,435.100000
NaN,NaN,889.040000,513.790000,835.150000,435.100000
NaN,NaN,889.040000,513.780000,835.140000,435.110000
NaN,NaN,889.030000,513.760000,835.130000,435.110000
NaN,NaN,889.020000,513.730000,835.140000,435.100000
NaN,NaN,889.000000,513.700000,835.130000,435.090000
NaN,NaN,889.000000,513.680000,835.130000,435.090000
NaN,NaN,888.970000,513.670000,835.140000,435.090000
NaN,NaN,888.960000,513.630000,835.140000,435.090000
NaN,NaN,888.950000,513.600000,835.140000,435.100000
NaN,NaN,888.950000,513.570000,835.140000,435.100000
NaN,NaN,888.940000,513.550000,835.130000,435.090000
NaN,NaN,888.920000,513.520000,835.130000,435.090000
NaN,NaN,888.940000,513.090000,835.160000,435.090000
NaN,NaN,888.940000,513.070000,835.150000,435.100000
NaN,NaN,888.940000,513.030000,835.150000,435.090000
NaN,NaN,888.930000,513.020000,835.140000,435.090000
NaN,NaN,888.900000,513.020000,835.140000,435.090000
NaN,NaN,888.910000,513.000000,835.140000,435.090000
NaN,NaN,888.890000,512.980000,835.140000,435.090000
NaN,NaN,888.870000,512.960000,835.140000,435.090000
NaN,NaN,888.860000,512.930000,835.150000,435.090000
NaN,NaN,888.850000,512.910000,835.140000,435.090000
NaN,NaN,888.840000,512.860000,835.140000,435.090000
NaN,NaN,888.840000,512.840000,835.140000,435.090000
NaN,NaN,888.830000,512.830000,835.140000,435.090000
NaN,NaN,888.810000,512.820000,835.140000,435.090000
NaN,NaN,888.810000,512.780000,835.130000,435.090000
NaN,NaN,888.780000,512.730000,835.130000,435.080000
NaN,NaN,888.790000,512.710000,835.130000,435.080000
NaN,NaN,888.770000,512.710000,835.130000,435.070000
NaN,NaN,888.780000,512.680000,835.140000,435.080000
NaN,NaN,888.780000,512.640000,835.150000,435.080000
NaN,NaN,888.770000,512.600000,835.140000,435.070000
NaN,NaN,888.770000,512.570000,835.140000,435.070000
NaN,NaN,888.780000,512.500000,835.140000,435.080000
NaN,NaN,888.810000,512.170000,835.140000,435.070000
NaN,NaN,888.790000,512.130000,835.130000,435.080000
NaN,NaN,888.800000,512.120000,835.140000,435.070000
NaN,NaN,888.790000,512.100000,835.140000,435.080000
NaN,NaN,888.770000,512.090000,835.140000,435.070000
NaN,NaN,888.780000,512.040000,835.150000,435.080000
NaN,NaN,888.780000,512.010000,835.150000,435.060000
NaN,NaN,888.750000,511.990000,835.160000,435.060000
NaN,NaN,888.760000,511.970000,835.150000,435.060000
NaN,NaN,888.760000,511.950000,835.160000,435.060000
NaN,NaN,888.760000,511.930000,835.160000,435.060000
NaN,NaN,888.740000,511.910000,835.160000,435.050000
NaN,NaN,888.730000,511.900000,835.160000,435.060000
NaN,NaN,888.740000,511.890000,835.160000,435.070000
NaN,NaN,888.740000,511.860000,835.160000,435.070000
NaN,NaN,888.760000,511.820000,835.160000,435.070000
NaN,NaN,888.750000,511.790000,835.160000,435.070000
NaN,NaN,888.740000,511.760000,835.170000,435.070000
NaN,NaN,888.730000,511.750000,835.170000,435.070000
NaN,NaN,888.730000,511.720000,835.170000,435.070000
NaN,NaN,888.720000,511.680000,835.170000,435.060000
NaN,NaN,888.740000,511.660000,835.170000,435.070000
NaN,NaN,888.730000,511.630000,835.170000,435.060000
NaN,NaN,888.730000,511.600000,835.190000,435.060000
NaN,NaN,888.740000,511.570000,835.180000,435.080000
NaN,NaN,888.720000,511.530000,835.190000,435.060000
NaN,NaN,888.780000,511.180000,835.180000,435.070000
NaN,NaN,888.780000,511.160000,835.170000,435.070000
NaN,NaN,888.770000,511.140000,835.160000,435.070000
NaN,NaN,888.760000,511.100000,835.170000,435.070000
NaN,NaN,888.760000,511.090000,835.170000,435.070000
NaN,NaN,888.750000,511.080000,835.180000,435.070000
NaN,NaN,888.770000,511.050000,835.180000,435.070000
NaN,NaN,888.760000,511.020000,835.180000,435.080000
NaN,NaN,888.770000,511.000000,835.180000,435.080000
NaN,NaN,888.750000,510.960000,835.180000,435.070000
NaN,NaN,888.740000,510.940000,835.190000,435.070000
NaN,NaN,888.760000,510.910000,835.200000,435.070000
NaN,NaN,888.740000,510.900000,835.200000,435.060000
NaN,NaN,888.750000,510.870000,835.190000,435.050000
NaN,NaN,888.760000,510.850000,835.180000,435.050000
NaN,NaN,888.750000,510.840000,835.190000,435.060000
NaN,NaN,888.760000,510.780000,835.180000,435.060000
NaN,NaN,888.760000,510.760000,835.190000,435.060000
NaN,NaN,888.770000,510.720000,835.180000,435.060000
NaN,NaN,888.770000,510.680000,835.190000,435.060000
NaN,NaN,888.760000,510.650000,835.190000,435.050000
NaN,NaN,888.760000,510.630000,835.190000,435.050000
NaN,NaN,888.770000,510.600000,835.200000,435.050000
NaN,NaN,888.770000,510.560000,835.200000,435.050000
NaN,NaN,888.770000,510.510000,835.200000,435.040000
NaN,NaN,888.810000,510.200000,835.210000,435.050000
NaN,NaN,888.850000,510.150000,835.200000,435.060000
NaN,NaN,888.830000,510.140000,835.200000,435.050000
NaN,NaN,888.850000,510.120000,835.190000,435.060000
NaN,NaN,888.850000,510.090000,835.210000,435.040000
NaN,NaN,888.850000,510.070000,835.210000,435.040000
NaN,NaN,888.840000,510.050000,835.210000,435.040000
NaN,NaN,888.840000,510.030000,835.220000,435.050000
NaN,NaN,888.840000,510.010000,835.220000,435.040000
NaN,NaN,888.840000,509.960000,835.220000,435.040000
NaN,NaN,888.850000,509.960000,835.210000,435.040000
NaN,NaN,888.840000,509.890000,835.220000,435.040000
NaN,NaN,888.850000,509.870000,835.220000,435.040000
NaN,NaN,888.850000,509.860000,835.220000,435.030000
NaN,NaN,888.840000,509.840000,835.220000,435.030000
NaN,NaN,888.840000,509.820000,835.230000,435.030000
NaN,NaN,888.870000,509.750000,835.240000,435.020000
NaN,NaN,888.870000,509.740000,835.240000,435.030000
NaN,NaN,888.860000,509.700000,835.250000,435.040000
NaN,NaN,888.850000,509.660000,835.260000,435.040000
NaN,NaN,888.870000,509.640000,835.250000,435.040000
NaN,NaN,888.880000,509.590000,835.250000,435.040000
NaN,NaN,888.880000,509.550000,835.260000,435.050000
NaN,NaN,888.870000,509.540000,835.250000,435.040000
NaN,NaN,888.880000,509.480000,835.250000,435.040000
NaN,NaN,888.910000,509.200000,835.260000,435.040000
NaN,NaN,888.920000,509.160000,835.260000,435.040000
NaN,NaN,888.920000,509.130000,835.250000,435.040000
NaN,NaN,888.920000,509.140000,835.240000,435.040000
NaN,NaN,888.930000,509.110000,835.260000,435.040000
NaN,NaN,888.930000,509.070000,835.250000,435.030000
NaN,NaN,888.920000,509.020000,835.260000,435.030000
NaN,NaN,888.910000,509.000000,835.270000,435.030000
NaN,NaN,888.900000,508.980000,835.270000,435.030000
NaN,NaN,888.900000,508.950000,835.260000,435.040000
NaN,NaN,888.900000,508.930000,835.260000,435.030000
NaN,NaN,888.910000,508.900000,835.260000,435.030000
NaN,NaN,888.890000,508.890000,835.260000,435.030000
NaN,NaN,888.890000,508.860000,835.280000,435.030000
NaN,NaN,888.900000,508.840000,835.280000,435.030000
NaN,NaN,888.890000,508.810000,835.280000,435.030000
NaN,NaN,888.880000,508.770000,835.290000,435.040000
NaN,NaN,888.880000,508.740000,835.290000,435.040000
NaN,NaN,888.880000,508.700000,835.280000,435.040000
NaN,NaN,888.890000,508.670000,835.280000,435.040000
NaN,NaN,888.900000,508.670000,835.290000,435.030000
NaN,NaN,888.890000,508.570000,835.310000,435.020000
NaN,NaN,888.920000,508.210000,835.320000,435.030000
NaN,NaN,888.930000,508.180000,835.320000,435.030000
NaN,NaN,888.930000,508.160000,835.320000,435.030000
NaN,NaN,888.920000,508.130000,835.320000,435.030000
NaN,NaN,888.930000,508.100000,835.300000,435.030000
NaN,NaN,888.930000,508.080000,835.300000,435.030000
NaN,NaN,888.930000,508.060000,835.310000,435.030000
NaN,NaN,888.920000,508.020000,835.320000,435.040000
NaN,NaN,888.910000,508.000000,835.310000,435.030000
NaN,NaN,888.910000,507.990000,835.310000,435.030000
NaN,NaN,888.880000,507.950000,835.310000,435.040000
NaN,NaN,888.890000,507.920000,835.320000,435.040000
NaN,NaN,888.890000,507.890000,835.340000,435.040000
NaN,NaN,888.900000,507.860000,835.330000,435.030000
NaN,NaN,888.860000,507.850000,835.330000,435.030000
NaN,NaN,888.870000,507.780000,835.340000,435.030000
NaN,NaN,888.870000,507.740000,835.340000,435.040000
NaN,NaN,888.870000,507.710000,835.340000,435.030000
NaN,NaN,888.850000,507.680000,835.340000,435.050000
NaN,NaN,888.850000,507.640000,835.340000,435.040000
NaN,NaN,888.830000,507.620000,835.330000,435.050000
NaN,NaN,888.830000,507.590000,835.340000,435.050000
NaN,NaN,888.830000,507.560000,835.340000,435.030000
NaN,NaN,888.840000,507.500000,835.350000,435.050000
NaN,NaN,888.870000,507.110000,835.340000,435.050000
NaN,NaN,888.870000,507.110000,835.340000,435.050000
NaN,NaN,888.860000,507.080000,835.340000,435.050000
NaN,NaN,888.860000,507.050000,835.340000,435.050000
NaN,NaN,888.830000,507.020000,835.340000,435.050000
NaN,NaN,888.790000,506.990000,835.370000,435.040000
NaN,NaN,888.780000,506.990000,835.360000,435.040000
NaN,NaN,888.780000,506.980000,835.360000,435.040000
NaN,NaN,888.760000,506.950000,835.370000,435.040000
NaN,NaN,888.750000,506.910000,835.370000,435.040000
NaN,NaN,888.710000,506.900000,835.380000,435.040000
NaN,NaN,888.710000,506.880000,835.370000,435.050000
NaN,NaN,888.690000,506.880000,835.360000,435.060000
NaN,NaN,888.670000,506.850000,835.360000,435.060000
NaN,NaN,888.650000,506.820000,835.360000,435.070000
NaN,NaN,888.660000,506.810000,835.360000,435.070000
NaN,NaN,888.640000,506.760000,835.360000,435.060000
NaN,NaN,888.620000,506.730000,835.360000,435.060000
NaN,NaN,888.610000,506.700000,835.360000,435.050000
NaN,NaN,888.610000,506.660000,835.380000,435.060000
NaN,NaN,888.590000,506.620000,835.350000,435.080000
NaN,NaN,888.570000,506.590000,835.360000,435.090000
NaN,NaN,888.500000,506.590000,835.370000,435.080000
NaN,NaN,888.130000,506.590000,835.380000,435.080000
NaN,NaN,888.120000,506.520000,835.380000,435.070000
NaN,NaN,888.200000,506.130000,835.370000,435.070000
NaN,NaN,888.180000,506.100000,835.370000,435.080000
NaN,NaN,888.170000,506.090000,835.360000,435.080000
NaN,NaN,888.160000,506.060000,835.370000,435.070000
NaN,NaN,888.140000,506.030000,835.370000,435.080000
NaN,NaN,888.140000,506.020000,835.370000,435.080000
NaN,NaN,888.110000,505.970000,835.370000,435.080000
NaN,NaN,888.090000,505.960000,835.370000,435.090000
NaN,NaN,888.070000,505.920000,835.380000,435.070000
NaN,NaN,888.060000,505.910000,835.380000,435.080000
NaN,NaN,888.020000,505.880000,835.370000,435.070000
NaN,NaN,888.010000,505.870000,835.360000,435.060000
NaN,NaN,887.970000,505.840000,835.370000,435.050000
NaN,NaN,887.960000,505.810000,835.380000,435.060000
NaN,NaN,887.940000,505.780000,835.380000,435.060000
NaN,NaN,887.930000,505.770000,835.390000,435.070000
NaN,NaN,887.910000,505.740000,835.390000,435.070000
NaN,NaN,887.870000,505.680000,835.390000,435.080000
NaN,NaN,887.860000,505.650000,835.390000,435.080000
NaN,NaN,887.830000,505.610000,835.380000,435.090000
NaN,NaN,887.810000,505.610000,835.380000,435.080000
NaN,NaN,887.780000,505.520000,835.380000,435.080000
NaN,NaN,887.810000,505.090000,835.390000,435.080000
NaN,NaN,887.780000,505.060000,835.380000,435.080000
NaN,NaN,887.750000,505.040000,835.370000,435.080000
NaN,NaN,887.750000,504.970000,835.380000,435.090000
NaN,NaN,887.750000,504.930000,835.380000,435.100000
NaN,NaN,887.700000,504.890000,835.370000,435.100000
NaN,NaN,887.680000,504.870000,835.360000,435.090000
NaN,NaN,887.650000,504.850000,835.370000,435.080000
NaN,NaN,887.640000,504.830000,835.370000,435.090000
NaN,NaN,887.600000,504.790000,835.370000,435.090000
NaN,NaN,887.570000,504.750000,835.380000,435.100000
NaN,NaN,887.470000,504.690000,835.370000,435.110000
NaN,NaN,887.140000,504.740000,835.370000,435.120000
NaN,NaN,887.130000,504.690000,835.370000,435.090000
NaN,NaN,887.110000,504.650000,835.360000,435.100000
NaN,NaN,887.090000,504.630000,835.360000,435.100000
NaN,NaN,887.060000,504.570000,835.360000,435.100000
NaN,NaN,887.070000,504.490000,835.360000,435.110000
NaN,NaN,887.140000,504.040000,835.350000,435.100000
NaN,NaN,887.130000,503.990000,835.360000,435.130000
NaN,NaN,887.120000,503.960000,835.360000,435.120000
NaN,NaN,887.090000,503.940000,835.350000,435.110000
NaN,NaN,887.030000,503.880000,835.360000,435.100000
NaN,NaN,887.010000,503.860000,835.360000,435.110000
NaN,NaN,886.990000,503.820000,835.350000,435.110000
NaN,NaN,886.980000,503.780000,835.350000,435.100000
NaN,NaN,886.890000,503.720000,835.360000,435.120000
NaN,NaN,886.880000,503.660000,835.340000,435.110000
NaN,NaN,886.870000,503.600000,835.350000,435.110000
NaN,NaN,886.850000,503.550000,835.360000,435.110000
NaN,NaN,886.940000,503.050000,835.360000,435.110000
NaN,NaN,886.900000,503.000000,835.350000,435.110000
NaN,NaN,886.860000,502.930000,835.350000,435.110000
NaN,NaN,886.790000,502.920000,835.330000,435.110000
NaN,NaN,886.770000,502.890000,835.330000,435.100000
NaN,NaN,886.750000,502.860000,835.350000,435.110000
NaN,NaN,886.670000,502.820000,835.340000,435.120000
NaN,NaN,886.630000,502.810000,835.350000,435.130000
NaN,NaN,886.570000,502.790000,835.340000,435.120000
NaN,NaN,886.510000,502.740000,835.340000,435.120000
NaN,NaN,886.110000,502.720000,835.350000,435.130000
NaN,NaN,886.130000,502.660000,835.340000,435.120000
NaN,NaN,886.100000,502.600000,835.340000,435.120000
NaN,NaN,886.050000,502.540000,835.340000,435.140000
NaN,NaN,886.130000,502.050000,835.340000,435.130000
NaN,NaN,886.100000,502.040000,835.350000,435.120000
NaN,NaN,886.010000,501.990000,835.340000,435.130000
NaN,NaN,886.000000,501.950000,835.340000,435.120000
NaN,NaN,885.940000,501.890000,835.310000,435.120000
NaN,NaN,885.910000,501.860000,835.320000,435.130000
NaN,NaN,885.870000,501.840000,835.320000,435.130000
NaN,NaN,885.760000,501.780000,835.320000,435.130000
NaN,NaN,885.720000,501.750000,835.310000,435.140000
NaN,NaN,885.700000,501.730000,835.310000,435.140000
NaN,NaN,885.640000,501.670000,835.310000,435.130000
NaN,NaN,885.600000,501.610000,835.300000,435.130000
NaN,NaN,885.460000,501.570000,835.300000,435.140000
NaN,NaN,885.160000,501.520000,835.290000,435.130000
NaN,NaN,885.220000,501.070000,835.300000,435.140000
NaN,NaN,885.160000,501.050000,835.300000,435.140000
NaN,NaN,885.060000,500.980000,835.290000,435.140000
NaN,NaN,885.020000,500.980000,835.290000,435.140000
NaN,NaN,885.000000,500.920000,835.280000,435.140000
NaN,NaN,884.980000,500.860000,835.280000,435.130000
NaN,NaN,884.910000,500.830000,835.290000,435.130000
NaN,NaN,884.860000,500.780000,835.290000,435.150000
NaN,NaN,884.820000,500.730000,835.290000,435.140000
NaN,NaN,884.730000,500.720000,835.290000,435.160000
NaN,NaN,884.690000,500.660000,835.270000,435.150000
NaN,NaN,884.620000,500.600000,835.270000,435.150000
NaN,NaN,884.590000,500.540000,835.280000,435.140000
NaN,NaN,884.620000,500.040000,835.270000,435.160000
NaN,NaN,884.470000,500.010000,835.270000,435.150000
NaN,NaN,884.170000,499.970000,835.270000,435.150000
NaN,NaN,884.110000,499.920000,835.260000,435.140000
NaN,NaN,884.060000,499.860000,835.260000,435.150000
NaN,NaN,883.960000,499.810000,835.260000,435.160000
NaN,NaN,883.920000,499.740000,835.270000,435.160000
NaN,NaN,883.840000,499.690000,835.250000,435.150000
NaN,NaN,883.780000,499.610000,835.240000,435.160000
NaN,NaN,883.700000,499.520000,835.240000,435.170000
NaN,NaN,883.700000,499.110000,835.250000,435.150000
NaN,NaN,883.670000,499.060000,835.240000,435.150000
NaN,NaN,883.540000,499.000000,835.240000,435.160000
NaN,NaN,883.200000,498.960000,835.240000,435.160000
NaN,NaN,883.110000,498.900000,835.250000,435.150000
NaN,NaN,883.060000,498.840000,835.240000,435.160000
NaN,NaN,882.960000,498.780000,835.230000,435.160000
NaN,NaN,882.930000,498.690000,835.240000,435.170000
NaN,NaN,882.870000,498.620000,835.240000,435.170000
NaN,NaN,882.760000,498.570000,835.230000,435.170000
NaN,NaN,882.740000,498.490000,835.230000,435.170000
NaN,NaN,882.710000,498.090000,835.220000,435.180000
NaN,NaN,882.540000,497.990000,835.220000,435.190000
NaN,NaN,882.270000,497.970000,835.220000,435.190000
NaN,NaN,882.160000,497.920000,835.230000,435.170000
NaN,NaN,882.090000,497.880000,835.220000,435.170000
NaN,NaN,882.020000,497.790000,835.210000,435.170000
NaN,NaN,881.960000,497.700000,835.210000,435.180000
NaN,NaN,881.910000,497.600000,835.210000,435.170000
NaN,NaN,881.820000,497.460000,835.210000,435.180000
NaN,NaN,881.800000,497.090000,835.210000,435.180000
NaN,NaN,881.720000,497.000000,835.220000,435.190000
NaN,NaN,881.580000,496.940000,835.210000,435.180000
NaN,NaN,881.230000,496.890000,835.220000,435.180000
NaN,NaN,881.170000,496.800000,835.210000,435.170000
NaN,NaN,881.120000,496.670000,835.210000,435.160000
NaN,NaN,881.000000,496.640000,835.200000,435.170000
NaN,NaN,880.920000,496.500000,835.200000,435.180000
NaN,NaN,880.880000,496.050000,835.200000,435.190000
NaN,NaN,880.780000,495.960000,835.210000,435.180000
NaN,NaN,880.690000,495.920000,835.200000,435.190000
NaN,NaN,880.600000,495.790000,835.190000,435.190000
NaN,NaN,880.440000,495.720000,835.200000,435.190000
NaN,NaN,880.140000,495.620000,835.200000,435.180000
NaN,NaN,880.060000,495.490000,835.180000,435.190000
NaN,NaN,880.040000,495.020000,835.180000,435.200000
NaN,NaN,879.990000,494.930000,835.180000,435.200000
NaN,NaN,879.860000,494.880000,835.190000,435.210000
NaN,NaN,879.790000,494.800000,835.180000,435.190000
NaN,NaN,879.720000,494.720000,835.180000,435.200000
NaN,NaN,879.640000,494.580000,835.190000,435.200000
NaN,NaN,879.500000,494.080000,835.190000,435.200000
NaN,NaN,879.110000,494.000000,835.160000,435.230000
NaN,NaN,879.050000,493.930000,835.180000,435.220000
NaN,NaN,878.970000,493.890000,835.190000,435.210000
NaN,NaN,878.880000,493.810000,835.190000,435.200000
NaN,NaN,878.730000,493.710000,835.180000,435.210000
NaN,NaN,878.670000,493.640000,835.180000,435.210000
NaN,NaN,878.580000,493.580000,835.170000,435.210000
NaN,NaN,878.080000,493.470000,835.160000,435.200000
NaN,NaN,878.050000,493.050000,835.170000,435.200000
NaN,NaN,877.990000,493.000000,835.170000,435.220000
NaN,NaN,877.860000,492.940000,835.160000,435.210000
NaN,NaN,877.840000,492.860000,835.160000,435.210000
NaN,NaN,877.720000,492.800000,835.150000,435.210000
NaN,NaN,877.590000,492.730000,835.150000,435.210000
NaN,NaN,877.120000,492.620000,835.150000,435.210000
NaN,NaN,877.000000,492.580000,835.170000,435.200000
NaN,NaN,876.910000,492.430000,835.160000,435.200000
NaN,NaN,876.890000,491.940000,835.160000,435.200000
NaN,NaN,876.790000,491.840000,835.170000,435.210000
NaN,NaN,876.121801,490.804955,835.160000,435.200000
NaN,NaN,875.960000,490.800000,835.160000,435.200000
877.146273,487.953513,875.870000,490.810000,835.160000,435.210000
876.136546,486.457876,875.800000,490.740000,835.150000,435.200000
874.520983,484.748576,875.760000,490.700000,835.150000,435.200000
873.107366,483.680263,875.700000,490.630000,835.150000,435.200000
873.511256,484.107588,875.640000,490.510000,835.150000,435.210000
873.107366,482.611951,875.540000,490.090000,835.150000,435.210000
871.895694,481.970963,874.990000,489.980000,835.150000,435.210000
871.087912,481.970963,874.930000,489.880000,835.150000,435.200000
871.087912,480.688989,874.850000,489.730000,835.140000,435.210000
870.078186,480.688989,874.760000,489.620000,835.140000,435.170000
869.876240,481.329976,874.680000,489.420000,835.130000,435.190000
869.674295,481.116314,874.520000,489.090000,835.140000,435.210000
868.866514,480.688989,874.000000,488.980000,835.140000,435.190000
868.866514,480.688989,873.940000,488.890000,835.130000,435.180000
868.058732,480.261664,873.850000,488.800000,835.140000,435.190000
867.654842,480.261664,873.760000,488.720000,835.140000,435.200000
864.019826,475.347426,873.730000,488.630000,835.140000,435.200000
862.606208,472.997139,873.690000,488.510000,835.140000,435.210000
859.778974,470.005864,873.550000,488.120000,835.140000,435.200000
857.557575,467.441914,872.980000,488.150000,835.130000,435.200000
854.932285,465.091627,872.930000,488.090000,835.130000,435.200000
852.710887,462.741340,872.900000,488.020000,835.130000,435.200000
851.297269,461.459365,872.810000,487.910000,835.130000,435.200000
850.287543,460.818377,872.740000,487.830000,835.130000,435.190000
848.671980,459.322740,872.720000,487.710000,835.120000,435.220000
847.258363,458.254428,872.590000,487.620000,835.120000,435.230000
846.854472,457.613440,872.030000,487.570000,835.120000,435.210000
846.652527,457.186115,871.930000,487.440000,835.130000,435.220000
846.248636,456.972453,871.890000,487.070000,835.130000,435.220000
845.642800,455.690478,871.860000,486.900000,835.130000,435.210000
844.431128,454.835828,871.720000,486.790000,835.130000,435.220000
843.825292,453.981178,871.640000,486.660000,835.130000,435.220000
843.825292,453.981178,871.570000,486.540000,835.130000,435.210000
843.825292,453.981178,870.930000,486.180000,835.120000,435.220000
843.825292,453.981178,870.360000,486.050000,835.120000,435.230000
844.835019,454.835828,870.350000,485.950000,835.120000,435.220000
844.835019,454.835828,870.460641,486.662204,835.120000,435.210000
844.835019,454.835828,870.720000,485.830000,835.120000,435.210000
845.238909,455.263153,870.720000,485.380000,835.120000,435.210000
845.238909,455.263153,870.640000,485.260000,835.110000,435.220000
845.238909,455.263153,870.610000,485.200000,835.110000,435.210000
845.238909,455.476815,870.560000,485.130000,835.110000,435.210000
845.238909,455.476815,870.550000,485.050000,835.110000,435.200000
845.238909,455.476815,870.470000,485.010000,835.110000,435.200000
845.238909,455.476815,869.950000,484.950000,835.120000,435.190000
844.633073,455.263153,869.880000,484.890000,835.120000,435.190000
844.229183,455.049490,869.870000,484.790000,835.120000,435.190000
844.027237,454.835828,869.840000,484.730000,835.110000,435.190000
844.027237,454.194840,869.800000,484.640000,835.120000,435.180000
844.027237,454.194840,869.800000,484.560000,835.120000,435.170000
844.027237,454.194840,869.720000,484.160000,835.120000,435.170000
844.027237,454.194840,869.710000,484.070000,835.100000,435.170000
844.027237,454.194840,869.660000,484.030000,835.100000,435.180000
844.633073,455.263153,869.650000,483.940000,835.110000,435.180000
844.633073,455.263153,868.998070,482.587781,835.120000,435.170000
845.238909,456.758790,868.475963,482.464602,835.100000,435.170000
845.642800,457.399778,868.345437,482.464602,835.100000,435.180000
846.248636,458.468090,868.345437,482.464602,835.110000,435.180000
846.652527,459.109077,868.345437,482.464602,835.100000,435.170000
847.056417,460.177390,868.345437,482.464602,835.100000,435.170000
847.258363,460.391052,868.345437,482.464602,835.100000,435.180000
847.662253,461.886690,868.345437,482.095067,835.090000,435.170000
848.470035,462.955002,868.345437,482.095067,835.100000,435.170000
850.489488,464.023315,868.214910,481.725532,835.090000,435.180000
850.489488,464.236977,868.214910,481.725532,835.090000,435.190000
851.499215,464.877965,868.214910,481.725532,835.090000,435.190000
851.903105,465.091627,867.301224,481.355996,835.090000,435.190000
852.105051,465.091627,867.301224,481.355996,835.080000,435.200000
852.710887,465.518952,867.170697,481.355996,835.080000,435.200000
852.710887,465.518952,866.909644,481.109639,835.070000,435.190000
853.316723,465.946277,866.779117,480.740104,835.080000,435.180000
854.932285,466.587264,866.648591,480.247390,835.080000,435.160000
854.932285,466.587264,866.518064,479.877855,835.080000,435.160000
855.134231,466.587264,866.518064,479.877855,835.070000,435.170000
855.134231,466.587264,866.518064,479.877855,835.070000,435.160000
855.336176,465.732615,866.518064,479.877855,835.060000,435.160000
855.942012,466.800927,866.518064,479.877855,835.060000,435.160000
856.547848,467.441914,866.518064,479.877855,835.070000,435.160000
856.749794,467.655577,866.518064,479.877855,835.060000,435.160000
856.951739,468.082902,866.387537,479.877855,835.070000,435.160000
857.153684,468.296564,866.257011,479.877855,835.070000,435.160000
857.153684,468.296564,866.257011,479.877855,835.070000,435.160000
857.759520,468.723889,866.126484,479.877855,835.060000,435.160000
857.961466,468.723889,865.995957,479.877855,835.050000,435.160000
857.961466,468.723889,865.995957,479.877855,835.070000,435.180000
857.961466,468.723889,865.734904,479.754676,835.070000,435.170000
858.365356,469.151214,865.604378,479.631498,835.070000,435.170000
858.971192,469.792202,865.343324,479.508319,835.070000,435.180000
858.971192,469.792202,865.082271,479.385141,835.060000,435.170000
858.971192,469.792202,864.951744,479.385141,835.060000,435.170000
858.971192,469.792202,864.951744,479.385141,835.070000,435.170000
858.971192,469.792202,864.690691,479.385141,835.070000,435.180000
858.971192,469.792202,864.690691,479.385141,835.060000,435.170000
858.971192,469.792202,864.690691,479.385141,835.060000,435.170000
858.971192,469.792202,864.429638,479.385141,835.050000,435.180000
858.971192,469.792202,864.429638,479.385141,835.050000,435.170000
858.971192,470.219527,864.299111,479.385141,835.050000,435.180000
858.971192,470.219527,864.168585,479.261962,835.050000,435.180000
858.971192,470.219527,864.168585,479.261962,835.050000,435.170000
859.173138,470.433189,863.907531,479.261962,835.040000,435.160000
859.173138,470.433189,863.907531,479.261962,835.040000,435.170000
859.173138,470.433189,863.907531,479.261962,835.040000,435.180000
859.173138,470.433189,863.646478,479.261962,835.040000,435.170000
859.173138,470.433189,863.254898,479.385141,835.040000,435.180000
859.173138,470.646852,863.124372,479.508319,835.030000,435.160000
859.375083,470.860514,863.124372,479.508319,835.040000,435.160000
859.375083,470.860514,862.863318,479.508319,835.040000,435.160000
859.375083,470.860514,862.732792,479.508319,835.030000,435.170000
859.778974,471.287839,862.602265,479.508319,835.030000,435.170000
860.182864,472.142489,862.341212,479.508319,835.040000,435.170000
860.182864,472.569814,862.341212,479.508319,835.040000,435.170000
860.182864,472.783477,862.341212,479.631498,835.030000,435.180000
860.182864,472.783477,862.080159,480.001033,835.030000,435.180000
860.182864,472.997139,861.949632,480.247390,835.030000,435.180000
860.182864,473.638127,861.949632,480.370569,835.030000,435.160000
860.182864,473.851789,861.819105,480.370569,835.020000,435.170000
860.182864,474.065451,861.819105,480.493747,835.030000,435.180000
860.182864,474.492776,861.688579,480.616926,835.030000,435.170000
860.182864,474.492776,861.688579,480.616926,835.020000,435.160000
860.182864,474.492776,861.688579,480.616926,835.020000,435.170000
860.182864,474.492776,861.688579,480.740104,835.020000,435.170000
860.182864,475.561089,861.688579,480.740104,835.020000,435.170000
860.182864,475.988414,861.688579,480.740104,835.010000,435.160000
860.384810,477.270389,861.558052,480.740104,835.020000,435.170000
860.384810,478.338701,861.296999,480.863282,835.020000,435.160000
860.384810,478.766026,861.166472,480.986461,835.020000,435.180000
860.384810,480.261664,861.035946,481.232818,835.030000,435.180000
860.384810,480.902651,860.905419,481.479175,835.020000,435.180000
860.788700,483.466601,860.905419,481.479175,835.010000,435.180000
860.788700,483.466601,860.383313,481.602353,835.020000,435.170000
860.788700,483.466601,860.383313,481.602353,835.020000,435.170000
860.788700,483.466601,860.383313,481.602353,835.010000,435.170000
860.788700,483.680263,860.122259,481.602353,835.010000,435.160000
860.788700,483.680263,860.122259,481.602353,835.010000,435.170000
861.192591,483.893926,859.991733,481.602353,835.010000,435.190000
861.394536,484.107588,859.861206,481.725532,835.000000,435.190000
861.798427,484.748576,859.861206,481.725532,835.000000,435.190000
862.202318,485.389563,859.730679,481.971889,835.010000,435.210000
862.606208,486.671538,859.600153,481.971889,835.010000,435.200000
862.808154,487.312526,859.600153,482.095067,835.010000,435.190000
863.212044,487.953513,859.600153,482.095067,835.020000,435.200000
863.413990,488.594501,859.339100,482.095067,835.010000,435.190000
863.615935,489.235488,859.208573,482.218246,835.020000,435.200000
863.817880,489.662813,859.078046,482.218246,835.010000,435.190000
864.019826,490.090138,858.947520,482.464602,835.010000,435.160000
864.221771,490.517463,858.816993,482.464602,835.020000,435.170000
864.827607,490.944788,858.686466,482.710959,835.020000,435.180000
864.827607,491.372113,858.555940,482.834138,835.020000,435.180000
865.029552,491.585775,858.425413,483.080495,835.020000,435.180000
865.231498,492.013100,858.164360,483.080495,835.020000,435.180000
865.635388,492.226763,857.903307,483.573209,835.020000,435.190000
865.635388,492.226763,857.903307,483.573209,835.020000,435.180000
865.635388,492.226763,857.903307,483.573209,835.020000,435.190000
865.635388,492.226763,857.903307,483.573209,835.020000,435.190000
865.635388,492.226763,857.772780,483.696387,835.010000,435.190000
865.635388,492.226763,857.772780,483.819565,835.020000,435.200000
865.635388,492.226763,857.642253,484.312279,835.010000,435.190000
865.635388,492.226763,857.511727,484.435458,835.010000,435.190000
865.635388,492.226763,857.511727,484.435458,835.010000,435.210000
865.635388,492.226763,857.511727,484.681815,835.020000,435.200000
865.635388,492.226763,857.381200,484.928172,835.020000,435.190000
865.635388,492.226763,857.381200,485.051350,835.010000,435.200000
865.635388,492.226763,857.250674,485.174529,835.010000,435.200000
865.635388,492.226763,857.250674,485.174529,835.000000,435.200000
865.635388,492.226763,857.250674,485.174529,835.010000,435.200000
865.635388,492.226763,857.381200,485.174529,835.020000,435.200000
865.635388,492.226763,857.511727,485.297707,835.010000,435.190000
865.635388,492.226763,857.511727,485.420885,835.020000,435.190000
865.635388,492.226763,857.511727,485.913599,835.010000,435.200000
865.635388,492.226763,857.511727,485.913599,835.020000,435.200000
865.635388,492.226763,857.511727,485.913599,835.020000,435.200000
865.635388,492.226763,857.511727,486.036778,835.020000,435.190000
865.635388,492.226763,857.381200,486.036778,835.020000,435.200000
865.635388,492.226763,857.381200,486.283135,835.010000,435.200000
865.635388,492.226763,857.381200,486.283135,835.010000,435.190000
865.635388,492.226763,857.381200,486.283135,835.010000,435.190000
865.635388,492.226763,857.381200,486.283135,835.010000,435.190000
865.635388,492.226763,857.381200,486.406313,835.000000,435.190000
865.635388,492.226763,857.381200,486.406313,835.010000,435.200000
865.635388,492.226763,857.511727,486.529492,835.010000,435.200000
865.635388,492.226763,857.511727,486.529492,835.010000,435.200000
865.635388,492.226763,857.511727,486.529492,835.010000,435.190000
865.635388,492.226763,857.511727,486.529492,835.010000,435.200000
865.635388,492.226763,857.381200,486.529492,835.010000,435.200000
NaN,NaN,857.381200,486.529492,835.000000,435.200000
NaN,NaN,857.381200,486.529492,835.010000,435.200000
NaN,NaN,857.642253,486.529492,835.010000,435.210000
NaN,NaN,857.772780,486.529492,835.000000,435.200000
NaN,NaN,857.772780,486.529492,835.010000,435.190000
NaN,NaN,857.772780,486.529492,835.010000,435.190000
NaN,NaN,857.772780,486.529492,835.010000,435.190000
NaN,NaN,857.772780,486.529492,835.000000,435.180000
NaN,NaN,857.772780,486.529492,835.010000,435.190000
NaN,NaN,857.772780,486.529492,835.010000,435.190000
NaN,NaN,857.772780,486.529492,835.010000,435.200000
NaN,NaN,857.772780,486.529492,835.010000,435.200000
NaN,NaN,857.772780,486.529492,835.000000,435.200000
NaN,NaN,857.772780,486.529492,835.010000,435.210000
NaN,NaN,857.642253,486.529492,835.010000,435.210000
NaN,NaN,857.642253,486.529492,835.000000,435.210000
NaN,NaN,857.642253,486.529492,835.000000,435.210000
NaN,NaN,857.642253,486.529492,835.000000,435.200000
NaN,NaN,857.642253,486.529492,835.000000,435.210000
NaN,NaN,857.642253,486.529492,835.000000,435.200000
NaN,NaN,857.642253,486.406313,835.010000,435.200000
NaN,NaN,857.642253,486.406313,835.010000,435.210000
NaN,NaN,857.642253,486.406313,835.000000,435.200000
NaN,NaN,857.642253,486.406313,835.000000,435.220000
NaN,NaN,857.642253,486.406313,835.010000,435.230000
NaN,NaN,857.642253,486.406313,835.000000,435.220000
NaN,NaN,857.642253,486.406313,835.000000,435.230000
NaN,NaN,857.642253,486.529492,835.000000,435.220000
NaN,NaN,857.642253,486.529492,835.000000,435.210000
NaN,NaN,857.772780,486.529492,835.000000,435.220000
NaN,NaN,857.772780,486.652670,835.000000,435.200000
NaN,NaN,857.772780,486.652670,834.990000,435.210000
NaN,NaN,857.903307,486.775848,834.990000,435.230000
NaN,NaN,857.903307,486.775848,834.990000,435.220000
NaN,NaN,857.903307,486.775848,835.000000,435.220000
NaN,NaN,857.903307,486.775848,835.000000,435.230000
NaN,NaN,857.903307,486.775848,834.990000,435.230000
NaN,NaN,858.033833,487.145384,834.990000,435.220000
NaN,NaN,858.033833,487.145384,834.990000,435.220000
NaN,NaN,858.033833,487.145384,835.000000,435.230000
NaN,NaN,858.033833,487.145384,835.000000,435.230000
NaN,NaN,858.033833,487.145384,835.000000,435.220000
NaN,NaN,858.033833,487.145384,834.990000,435.220000
NaN,NaN,858.033833,487.145384,835.000000,435.230000
NaN,NaN,858.033833,487.145384,835.000000,435.230000
NaN,NaN,858.033833,487.145384,835.000000,435.230000
NaN,NaN,858.033833,487.145384,835.000000,435.230000
NaN,NaN,NaN,NaN,835.000000,435.240000
NaN,NaN,NaN,NaN,835.010000,435.230000
NaN,NaN,NaN,NaN,835.010000,435.230000
NaN,NaN,NaN,NaN,835.020000,435.250000
NaN,NaN,NaN,NaN,835.000000,435.240000
NaN,NaN,NaN,NaN,835.000000,435.240000
NaN,NaN,NaN,NaN,835.000000,435.240000
NaN,NaN,NaN,NaN,835.010000,435.250000
NaN,NaN,NaN,NaN,835.010000,435.240000
NaN,NaN,NaN,NaN,835.010000,435.240000
NaN,NaN,NaN,NaN,835.010000,435.240000
NaN,NaN,NaN,NaN,835.010000,435.240000
NaN,NaN,NaN,NaN,835.010000,435.250000
NaN,NaN,NaN,NaN,835.010000,435.240000
NaN,NaN,NaN,NaN,835.000000,435.250000
NaN,NaN,NaN,NaN,835.000000,435.250000
NaN,NaN,NaN,NaN,835.000000,435.250000
NaN,NaN,NaN,NaN,835.000000,435.260000
NaN,NaN,NaN,NaN,835.000000,435.260000
NaN,NaN,NaN,NaN,835.010000,435.260000
NaN,NaN,NaN,NaN,835.000000,435.250000
NaN,NaN,NaN,NaN,834.990000,435.250000
NaN,NaN,NaN,NaN,835.000000,435.250000
NaN,NaN,NaN,NaN,835.000000,435.250000
NaN,NaN,NaN,NaN,835.000000,435.250000
NaN,NaN,NaN,NaN,835.000000,435.260000
NaN,NaN,NaN,NaN,835.000000,435.260000
NaN,NaN,NaN,NaN,835.000000,435.250000
NaN,NaN,NaN,NaN,835.000000,435.260000
NaN,NaN,NaN,NaN,834.990000,435.270000
NaN,NaN,NaN,NaN,835.000000,435.270000
NaN,NaN,NaN,NaN,835.000000,435.260000
NaN,NaN,NaN,NaN,835.000000,435.260000
NaN,NaN,NaN,NaN,835.000000,435.260000
NaN,NaN,NaN,NaN,835.000000,435.270000
NaN,NaN,NaN,NaN,834.990000,435.250000
NaN,NaN,NaN,NaN,834.990000,435.250000
NaN,NaN,NaN,NaN,834.980000,435.250000
NaN,NaN,NaN,NaN,834.990000,435.250000
NaN,NaN,NaN,NaN,834.990000,435.250000
NaN,NaN,NaN,NaN,834.990000,435.250000
NaN,NaN,NaN,NaN,834.990000,435.250000
NaN,NaN,NaN,NaN,834.990000,435.250000
NaN,NaN,NaN,NaN,834.990000,435.250000
NaN,NaN,NaN,NaN,834.990000,435.260000
NaN,NaN,NaN,NaN,834.990000,435.260000
NaN,NaN,NaN,NaN,834.990000,435.260000
NaN,NaN,NaN,NaN,834.990000,435.250000
NaN,NaN,NaN,NaN,835.000000,435.260000
NaN,NaN,NaN,NaN,834.980000,435.250000
NaN,NaN,NaN,NaN,834.990000,435.260000
NaN,NaN,NaN,NaN,834.990000,435.270000
NaN,NaN,NaN,NaN,834.990000,435.270000
NaN,NaN,NaN,NaN,834.990000,435.270000
NaN,NaN,NaN,NaN,834.990000,435.270000
NaN,NaN,NaN,NaN,834.990000,435.260000
NaN,NaN,NaN,NaN,834.990000,435.260000
NaN,NaN,NaN,NaN,834.990000,435.260000
NaN,NaN,NaN,NaN,834.990000,435.260000
NaN,NaN,NaN,NaN,834.990000,435.270000
NaN,NaN,NaN,NaN,834.990000,435.260000
NaN,NaN,NaN,NaN,834.990000,435.280000
NaN,NaN,NaN,NaN,834.990000,435.280000
NaN,NaN,NaN,NaN,835.000000,435.280000
NaN,NaN,NaN,NaN,834.990000,435.280000
NaN,NaN,NaN,NaN,834.990000,435.280000
NaN,NaN,NaN,NaN,834.990000,435.280000
NaN,NaN,NaN,NaN,834.980000,435.280000
NaN,NaN,NaN,NaN,834.990000,435.280000
NaN,NaN,NaN,NaN,834.990000,435.290000
NaN,NaN,NaN,NaN,834.980000,435.300000
NaN,NaN,NaN,NaN,834.980000,435.300000
NaN,NaN,NaN,NaN,834.990000,435.290000
NaN,NaN,NaN,NaN,834.990000,435.310000
NaN,NaN,NaN,NaN,834.990000,435.300000
NaN,NaN,NaN,NaN,834.990000,435.310000
NaN,NaN,NaN,NaN,834.980000,435.310000
NaN,NaN,NaN,NaN,834.990000,435.320000
NaN,NaN,NaN,NaN,835.000000,435.330000
NaN,NaN,NaN,NaN,835.000000,435.330000
NaN,NaN,NaN,NaN,834.990000,435.330000
NaN,NaN,NaN,NaN,834.990000,435.320000
NaN,NaN,NaN,NaN,834.990000,435.330000
NaN,NaN,NaN,NaN,834.990000,435.330000
NaN,NaN,NaN,NaN,834.990000,435.330000
NaN,NaN,NaN,NaN,834.990000,435.310000
NaN,NaN,NaN,NaN,834.990000,435.310000
NaN,NaN,NaN,NaN,834.990000,435.310000
NaN,NaN,NaN,NaN,834.980000,435.340000
NaN,NaN,NaN,NaN,834.990000,435.330000
NaN,NaN,NaN,NaN,834.990000,435.340000
NaN,NaN,NaN,NaN,834.990000,435.340000
NaN,NaN,NaN,NaN,834.990000,435.330000
NaN,NaN,NaN,NaN,834.990000,435.340000
NaN,NaN,NaN,NaN,834.990000,435.360000
NaN,NaN,NaN,NaN,834.980000,435.350000
NaN,NaN,NaN,NaN,834.980000,435.350000
NaN,NaN,NaN,NaN,834.990000,435.360000
NaN,NaN,NaN,NaN,834.980000,435.370000
NaN,NaN,NaN,NaN,834.990000,435.360000
NaN,NaN,NaN,NaN,834.980000,435.360000
NaN,NaN,NaN,NaN,834.990000,435.370000
NaN,NaN,NaN,NaN,834.990000,435.380000
NaN,NaN,NaN,NaN,835.000000,435.390000
NaN,NaN,NaN,NaN,834.990000,435.380000
NaN,NaN,NaN,NaN,835.000000,435.390000
NaN,NaN,NaN,NaN,834.990000,435.390000
NaN,NaN,NaN,NaN,834.990000,435.380000
NaN,NaN,NaN,NaN,834.990000,435.380000
NaN,NaN,NaN,NaN,834.990000,435.360000
NaN,NaN,NaN,NaN,834.990000,435.360000
NaN,NaN,NaN,NaN,834.980000,435.380000
NaN,NaN,NaN,NaN,834.980000,435.370000
NaN,NaN,NaN,NaN,834.980000,435.370000
NaN,NaN,NaN,NaN,834.980000,435.370000
NaN,NaN,NaN,NaN,834.980000,435.390000
NaN,NaN,NaN,NaN,834.980000,435.400000
NaN,NaN,NaN,NaN,834.980000,435.410000
NaN,NaN,NaN,NaN,834.980000,435.420000
NaN,NaN,NaN,NaN,834.970000,435.420000
NaN,NaN,NaN,NaN,834.980000,435.430000
NaN,NaN,NaN,NaN,834.970000,435.420000
NaN,NaN,NaN,NaN,834.970000,435.420000
NaN,NaN,NaN,NaN,834.980000,435.430000
NaN,NaN,NaN,NaN,834.980000,435.420000
NaN,NaN,NaN,NaN,834.990000,435.430000
NaN,NaN,NaN,NaN,834.980000,435.440000
NaN,NaN,NaN,NaN,834.980000,435.450000
NaN,NaN,NaN,NaN,834.980000,435.440000
NaN,NaN,NaN,NaN,834.980000,435.430000
NaN,NaN,NaN,NaN,834.980000,435.440000
NaN,NaN,NaN,NaN,834.970000,435.430000
NaN,NaN,NaN,NaN,834.970000,435.440000
NaN,NaN,NaN,NaN,834.980000,435.450000
NaN,NaN,NaN,NaN,834.980000,435.460000
NaN,NaN,NaN,NaN,834.980000,435.470000
NaN,NaN,NaN,NaN,834.980000,435.460000
NaN,NaN,NaN,NaN,834.990000,435.460000
NaN,NaN,NaN,NaN,834.970000,435.470000
NaN,NaN,NaN,NaN,834.970000,435.450000
NaN,NaN,NaN,NaN,834.970000,435.460000
NaN,NaN,NaN,NaN,834.970000,435.450000
NaN,NaN,NaN,NaN,834.970000,435.450000
NaN,NaN,NaN,NaN,834.970000,435.460000
NaN,NaN,NaN,NaN,834.980000,435.460000
NaN,NaN,NaN,NaN,834.980000,435.480000
NaN,NaN,NaN,NaN,834.970000,435.480000
NaN,NaN,NaN,NaN,834.980000,435.500000
NaN,NaN,NaN,NaN,835.020000,435.750000
NaN,NaN,NaN,NaN,835.020000,435.770000
NaN,NaN,NaN,NaN,835.010000,435.770000
NaN,NaN,NaN,NaN,835.010000,435.770000
NaN,NaN,NaN,NaN,835.000000,435.770000
NaN,NaN,NaN,NaN,835.020000,435.800000
NaN,NaN,NaN,NaN,835.010000,435.810000
NaN,NaN,NaN,NaN,835.010000,435.800000
NaN,NaN,NaN,NaN,835.000000,435.790000
NaN,NaN,NaN,NaN,834.990000,435.790000
NaN,NaN,NaN,NaN,834.990000,435.780000
NaN,NaN,NaN,NaN,835.000000,435.790000
NaN,NaN,NaN,NaN,834.990000,435.790000
NaN,NaN,NaN,NaN,834.990000,435.800000
NaN,NaN,NaN,NaN,834.990000,435.800000
NaN,NaN,NaN,NaN,834.990000,435.790000
NaN,NaN,NaN,NaN,834.990000,435.800000
NaN,NaN,NaN,NaN,834.990000,435.810000
NaN,NaN,NaN,NaN,834.990000,435.800000
NaN,NaN,NaN,NaN,834.980000,435.810000
NaN,NaN,NaN,NaN,834.990000,435.810000
NaN,NaN,NaN,NaN,834.980000,435.810000
NaN,NaN,NaN,NaN,834.980000,435.810000
NaN,NaN,NaN,NaN,834.980000,435.810000
NaN,NaN,NaN,NaN,834.990000,435.810000
NaN,NaN,NaN,NaN,834.990000,435.810000
NaN,NaN,NaN,NaN,834.980000,435.800000
NaN,NaN,NaN,NaN,834.980000,435.810000
NaN,NaN,NaN,NaN,834.980000,435.830000
NaN,NaN,NaN,NaN,834.980000,435.820000
NaN,NaN,NaN,NaN,834.980000,435.820000
NaN,NaN,NaN,NaN,834.980000,435.830000
NaN,NaN,NaN,NaN,834.990000,435.840000
NaN,NaN,NaN,NaN,834.990000,435.840000
NaN,NaN,NaN,NaN,834.990000,435.840000
NaN,NaN,NaN,NaN,834.990000,435.850000
NaN,NaN,NaN,NaN,835.000000,435.850000
NaN,NaN,NaN,NaN,835.000000,435.840000
NaN,NaN,NaN,NaN,834.990000,435.850000
NaN,NaN,NaN,NaN,834.990000,435.850000
NaN,NaN,NaN,NaN,834.980000,435.840000
NaN,NaN,NaN,NaN,834.980000,435.840000
NaN,NaN,NaN,NaN,834.970000,435.840000
NaN,NaN,NaN,NaN,834.980000,435.850000
NaN,NaN,NaN,NaN,834.980000,435.850000
NaN,NaN,NaN,NaN,834.980000,435.850000
NaN,NaN,NaN,NaN,834.980000,435.850000
NaN,NaN,NaN,NaN,834.980000,435.850000
NaN,NaN,NaN,NaN,834.970000,435.850000
NaN,NaN,NaN,NaN,834.970000,435.840000
NaN,NaN,NaN,NaN,834.980000,435.860000
NaN,NaN,NaN,NaN,834.970000,435.860000
NaN,NaN,NaN,NaN,834.970000,435.850000
NaN,NaN,NaN,NaN,834.970000,435.860000
NaN,NaN,NaN,NaN,834.970000,435.850000
NaN,NaN,NaN,NaN,834.970000,435.850000
NaN,NaN,NaN,NaN,834.960000,435.850000
NaN,NaN,NaN,NaN,834.960000,435.850000
NaN,NaN,NaN,NaN,834.960000,435.870000
NaN,NaN,NaN,NaN,834.960000,435.870000
NaN,NaN,NaN,NaN,834.960000,435.870000
NaN,NaN,NaN,NaN,834.950000,435.870000
NaN,NaN,NaN,NaN,834.950000,435.870000
NaN,NaN,NaN,NaN,834.950000,435.870000
NaN,NaN,NaN,NaN,834.960000,435.870000
NaN,NaN,NaN,NaN,834.950000,435.870000
NaN,NaN,NaN,NaN,834.950000,435.880000
NaN,NaN,NaN,NaN,834.960000,435.880000
NaN,NaN,NaN,NaN,834.960000,435.870000
NaN,NaN,NaN,NaN,834.950000,435.870000
NaN,NaN,NaN,NaN,834.950000,435.880000
NaN,NaN,NaN,NaN,834.950000,435.880000
NaN,NaN,NaN,NaN,834.940000,435.880000
NaN,NaN,NaN,NaN,834.950000,435.890000
NaN,NaN,NaN,NaN,834.940000,435.890000
NaN,NaN,NaN,NaN,834.930000,435.880000
NaN,NaN,NaN,NaN,834.940000,435.890000
NaN,NaN,NaN,NaN,834.940000,435.880000
NaN,NaN,NaN,NaN,834.950000,435.870000
NaN,NaN,NaN,NaN,834.940000,435.880000
NaN,NaN,NaN,NaN,834.950000,435.890000
NaN,NaN,NaN,NaN,834.940000,435.900000
NaN,NaN,NaN,NaN,834.940000,435.900000
NaN,NaN,NaN,NaN,834.940000,435.890000
NaN,NaN,NaN,NaN,834.930000,435.890000
NaN,NaN,NaN,NaN,834.930000,435.880000
NaN,NaN,NaN,NaN,834.930000,435.890000
NaN,NaN,NaN,NaN,834.930000,435.890000
NaN,NaN,NaN,NaN,834.930000,435.890000
NaN,NaN,NaN,NaN,834.930000,435.890000
NaN,NaN,NaN,NaN,834.930000,435.890000
NaN,NaN,NaN,NaN,834.930000,435.890000
NaN,NaN,NaN,NaN,834.930000,435.900000
NaN,NaN,NaN,NaN,834.930000,435.890000
NaN,NaN,NaN,NaN,834.920000,435.890000
NaN,NaN,NaN,NaN,834.930000,435.900000
NaN,NaN,NaN,NaN,834.930000,435.900000
NaN,NaN,NaN,NaN,834.920000,435.900000
NaN,NaN,NaN,NaN,834.930000,435.900000
NaN,NaN,NaN,NaN,834.930000,435.900000
NaN,NaN,NaN,NaN,834.930000,435.900000
NaN,NaN,NaN,NaN,834.930000,435.900000
NaN,NaN,NaN,NaN,834.940000,435.900000
NaN,NaN,NaN,NaN,834.930000,435.900000
NaN,NaN,NaN,NaN,834.920000,435.900000
NaN,NaN,NaN,NaN,834.920000,435.900000
NaN,NaN,NaN,NaN,834.920000,435.900000
NaN,NaN,NaN,NaN,834.920000,435.900000
NaN,NaN,NaN,NaN,834.920000,435.900000
NaN,NaN,NaN,NaN,834.920000,435.900000
NaN,NaN,NaN,NaN,834.930000,435.910000
NaN,NaN,NaN,NaN,834.930000,435.910000
NaN,NaN,NaN,NaN,834.930000,435.900000
NaN,NaN,NaN,NaN,834.920000,435.900000
NaN,NaN,NaN,NaN,834.930000,435.900000
NaN,NaN,NaN,NaN,834.910000,435.890000
NaN,NaN,NaN,NaN,834.920000,435.900000
NaN,NaN,NaN,NaN,834.920000,435.900000
NaN,NaN,NaN,NaN,834.920000,435.910000
NaN,NaN,NaN,NaN,834.920000,435.900000
NaN,NaN,NaN,NaN,834.920000,435.900000
NaN,NaN,NaN,NaN,834.920000,435.900000
NaN,NaN,NaN,NaN,834.920000,435.890000
NaN,NaN,NaN,NaN,834.920000,435.890000
NaN,NaN,NaN,NaN,834.920000,435.900000
NaN,NaN,NaN,NaN,834.930000,435.930000
NaN,NaN,NaN,NaN,834.930000,435.910000
NaN,NaN,NaN,NaN,834.920000,435.910000
NaN,NaN,NaN,NaN,834.930000,435.920000
NaN,NaN,NaN,NaN,834.930000,435.930000
NaN,NaN,NaN,NaN,834.920000,435.930000
NaN,NaN,NaN,NaN,834.930000,435.940000
NaN,NaN,NaN,NaN,834.930000,435.930000
NaN,NaN,NaN,NaN,834.920000,435.920000
NaN,NaN,NaN,NaN,834.920000,435.920000
NaN,NaN,NaN,NaN,834.910000,435.920000
NaN,NaN,NaN,NaN,834.910000,435.930000
NaN,NaN,NaN,NaN,834.910000,435.920000
NaN,NaN,NaN,NaN,834.900000,435.920000
NaN,NaN,NaN,NaN,834.900000,435.920000
NaN,NaN,NaN,NaN,834.920000,435.920000
NaN,NaN,NaN,NaN,834.920000,435.920000
NaN,NaN,NaN,NaN,834.910000,435.920000
NaN,NaN,NaN,NaN,834.900000,435.910000
NaN,NaN,NaN,NaN,834.910000,435.910000
NaN,NaN,NaN,NaN,834.910000,435.920000
NaN,NaN,NaN,NaN,834.910000,435.920000
NaN,NaN,NaN,NaN,834.910000,435.920000
NaN,NaN,NaN,NaN,834.900000,435.920000
NaN,NaN,NaN,NaN,834.900000,435.920000
NaN,NaN,NaN,NaN,834.900000,435.920000
NaN,NaN,NaN,NaN,834.900000,435.930000
NaN,NaN,NaN,NaN,834.900000,435.920000
NaN,NaN,NaN,NaN,834.890000,435.920000
NaN,NaN,NaN,NaN,834.890000,435.920000
NaN,NaN,NaN,NaN,834.890000,435.930000
NaN,NaN,NaN,NaN,834.880000,435.920000
NaN,NaN,NaN,NaN,834.880000,435.910000
NaN,NaN,NaN,NaN,834.890000,435.910000
NaN,NaN,NaN,NaN,834.890000,435.910000
NaN,NaN,NaN,NaN,834.900000,435.920000
NaN,NaN,NaN,NaN,834.890000,435.920000
NaN,NaN,NaN,NaN,834.890000,435.930000
NaN,NaN,NaN,NaN,834.890000,435.920000
NaN,NaN,NaN,NaN,834.880000,435.910000
NaN,NaN,NaN,NaN,834.880000,435.910000
NaN,NaN,NaN,NaN,834.890000,435.920000
NaN,NaN,NaN,NaN,834.880000,435.920000
NaN,NaN,NaN,NaN,834.890000,435.920000
NaN,NaN,NaN,NaN,834.880000,435.920000
NaN,NaN,NaN,NaN,834.890000,435.920000
NaN,NaN,NaN,NaN,834.900000,435.910000
NaN,NaN,NaN,NaN,834.890000,435.910000
NaN,NaN,NaN,NaN,834.890000,435.920000
NaN,NaN,NaN,NaN,834.880000,435.920000
NaN,NaN,NaN,NaN,834.890000,435.910000
NaN,NaN,NaN,NaN,834.880000,435.920000
NaN,NaN,NaN,NaN,834.890000,435.920000
NaN,NaN,NaN,NaN,834.880000,435.920000
NaN,NaN,NaN,NaN,834.880000,435.920000
NaN,NaN,NaN,NaN,834.880000,435.910000
NaN,NaN,NaN,NaN,834.870000,435.910000
NaN,NaN,NaN,NaN,834.880000,435.910000
NaN,NaN,NaN,NaN,834.880000,435.910000
NaN,NaN,NaN,NaN,834.880000,435.900000
NaN,NaN,NaN,NaN,834.880000,435.910000
NaN,NaN,NaN,NaN,834.870000,435.910000
NaN,NaN,NaN,NaN,834.880000,435.910000
NaN,NaN,NaN,NaN,834.880000,435.900000
NaN,NaN,NaN,NaN,834.870000,435.910000
NaN,NaN,NaN,NaN,834.860000,435.910000
NaN,NaN,NaN,NaN,834.850000,435.920000
NaN,NaN,NaN,NaN,834.860000,435.910000
NaN,NaN,NaN,NaN,834.860000,435.910000
NaN,NaN,NaN,NaN,834.870000,435.910000
NaN,NaN,NaN,NaN,834.870000,435.910000
NaN,NaN,NaN,NaN,834.870000,435.920000
NaN,NaN,NaN,NaN,834.860000,435.910000
NaN,NaN,NaN,NaN,834.870000,435.910000
NaN,NaN,NaN,NaN,834.860000,435.910000
NaN,NaN,NaN,NaN,834.850000,435.930000
NaN,NaN,NaN,NaN,834.840000,435.920000
NaN,NaN,NaN,NaN,834.860000,435.910000
NaN,NaN,NaN,NaN,834.850000,435.910000
NaN,NaN,NaN,NaN,834.850000,435.900000
NaN,NaN,NaN,NaN,834.850000,435.910000
NaN,NaN,NaN,NaN,834.850000,435.900000
NaN,NaN,NaN,NaN,834.850000,435.910000
NaN,NaN,NaN,NaN,834.860000,435.900000
NaN,NaN,NaN,NaN,834.850000,435.890000
NaN,NaN,NaN,NaN,834.840000,435.900000
NaN,NaN,NaN,NaN,834.840000,435.900000
NaN,NaN,NaN,NaN,834.840000,435.900000
NaN,NaN,NaN,NaN,834.850000,435.900000
NaN,NaN,NaN,NaN,834.850000,435.890000
NaN,NaN,NaN,NaN,834.850000,435.890000
NaN,NaN,NaN,NaN,834.860000,435.880000
NaN,NaN,NaN,NaN,834.860000,435.880000
NaN,NaN,NaN,NaN,834.860000,435.880000
NaN,NaN,NaN,NaN,834.860000,435.880000
NaN,NaN,NaN,NaN,834.870000,435.880000
NaN,NaN,NaN,NaN,834.870000,435.880000
NaN,NaN,NaN,NaN,834.870000,435.890000
NaN,NaN,NaN,NaN,834.860000,435.880000
NaN,NaN,NaN,NaN,834.860000,435.880000
NaN,NaN,NaN,NaN,834.860000,435.880000
NaN,NaN,NaN,NaN,834.850000,435.880000
NaN,NaN,NaN,NaN,834.850000,435.880000
NaN,NaN,NaN,NaN,834.850000,435.880000
NaN,NaN,NaN,NaN,834.850000,435.870000
NaN,NaN,NaN,NaN,834.840000,435.880000
NaN,NaN,NaN,NaN,834.830000,435.880000
NaN,NaN,NaN,NaN,834.830000,435.880000
NaN,NaN,NaN,NaN,834.840000,435.870000
NaN,NaN,NaN,NaN,834.850000,435.870000
NaN,NaN,NaN,NaN,834.840000,435.870000
NaN,NaN,NaN,NaN,834.850000,435.870000
NaN,NaN,NaN,NaN,834.850000,435.870000
NaN,NaN,NaN,NaN,834.850000,435.880000
NaN,NaN,NaN,NaN,834.850000,435.870000
NaN,NaN,NaN,NaN,834.840000,435.870000
NaN,NaN,NaN,NaN,834.840000,435.870000
NaN,NaN,NaN,NaN,834.850000,435.870000
NaN,NaN,NaN,NaN,834.850000,435.870000
NaN,NaN,NaN,NaN,834.840000,435.860000
NaN,NaN,NaN,NaN,834.850000,435.870000
NaN,NaN,NaN,NaN,834.850000,435.870000
NaN,NaN,NaN,NaN,834.840000,435.860000
NaN,NaN,NaN,NaN,834.830000,435.870000
NaN,NaN,NaN,NaN,834.840000,435.870000
NaN,NaN,NaN,NaN,834.840000,435.860000
NaN,NaN,NaN,NaN,834.840000,435.860000
NaN,NaN,NaN,NaN,834.850000,435.870000
NaN,NaN,NaN,NaN,834.850000,435.860000
NaN,NaN,NaN,NaN,834.860000,435.860000
NaN,NaN,NaN,NaN,834.860000,435.860000
NaN,NaN,NaN,NaN,834.860000,435.860000
NaN,NaN,NaN,NaN,834.860000,435.850000
NaN,NaN,NaN,NaN,834.870000,435.850000
NaN,NaN,NaN,NaN,834.860000,435.840000
NaN,NaN,NaN,NaN,834.860000,435.850000
NaN,NaN,NaN,NaN,834.850000,435.840000
NaN,NaN,NaN,NaN,834.850000,435.850000
NaN,NaN,NaN,NaN,834.840000,435.830000
NaN,NaN,NaN,NaN,834.850000,435.840000
NaN,NaN,NaN,NaN,834.860000,435.840000
NaN,NaN,NaN,NaN,834.860000,435.830000
NaN,NaN,NaN,NaN,834.860000,435.840000
NaN,NaN,NaN,NaN,834.860000,435.840000
NaN,NaN,NaN,NaN,834.870000,435.840000
NaN,NaN,NaN,NaN,834.860000,435.850000
NaN,NaN,NaN,NaN,834.860000,435.840000
NaN,NaN,NaN,NaN,834.850000,435.840000
NaN,NaN,NaN,NaN,834.860000,435.840000
NaN,NaN,NaN,NaN,834.870000,435.840000
NaN,NaN,NaN,NaN,834.860000,435.840000
NaN,NaN,NaN,NaN,834.870000,435.840000
NaN,NaN,NaN,NaN,834.860000,435.840000
NaN,NaN,NaN,NaN,834.860000,435.840000
NaN,NaN,NaN,NaN,834.860000,435.840000
NaN,NaN,NaN,NaN,834.870000,435.840000
NaN,NaN,NaN,NaN,834.860000,435.850000
NaN,NaN,NaN,NaN,834.860000,435.840000
NaN,NaN,NaN,NaN,834.860000,435.840000
NaN,NaN,NaN,NaN,834.870000,435.840000
NaN,NaN,NaN,NaN,834.870000,435.840000
NaN,NaN,NaN,NaN,834.870000,435.840000
NaN,NaN,NaN,NaN,834.870000,435.850000
NaN,NaN,NaN,NaN,834.860000,435.840000
NaN,NaN,NaN,NaN,834.870000,435.840000
NaN,NaN,NaN,NaN,834.860000,435.840000
NaN,NaN,NaN,NaN,834.860000,435.830000
NaN,NaN,NaN,NaN,834.870000,435.830000
NaN,NaN,NaN,NaN,834.870000,435.830000
NaN,NaN,NaN,NaN,834.870000,435.830000
NaN,NaN,NaN,NaN,834.870000,435.820000
NaN,NaN,NaN,NaN,834.870000,435.830000
NaN,NaN,NaN,NaN,834.870000,435.840000
NaN,NaN,NaN,NaN,834.870000,435.830000
NaN,NaN,NaN,NaN,834.870000,435.830000
NaN,NaN,NaN,NaN,834.880000,435.830000
NaN,NaN,NaN,NaN,834.880000,435.830000
NaN,NaN,NaN,NaN,834.880000,435.830000
NaN,NaN,NaN,NaN,834.890000,435.830000
NaN,NaN,NaN,NaN,834.890000,435.840000
NaN,NaN,NaN,NaN,834.890000,435.860000
NaN,NaN,NaN,NaN,834.900000,435.850000
NaN,NaN,NaN,NaN,834.890000,435.830000
NaN,NaN,NaN,NaN,834.900000,435.830000
NaN,NaN,NaN,NaN,834.900000,435.840000
NaN,NaN,NaN,NaN,834.900000,435.840000
NaN,NaN,NaN,NaN,834.900000,435.840000
NaN,NaN,NaN,NaN,834.890000,435.830000
NaN,NaN,NaN,NaN,834.890000,435.820000
NaN,NaN,NaN,NaN,834.900000,435.830000
NaN,NaN,NaN,NaN,834.900000,435.820000
NaN,NaN,NaN,NaN,834.900000,435.830000
NaN,NaN,NaN,NaN,834.900000,435.840000
NaN,NaN,NaN,NaN,834.900000,435.840000
NaN,NaN,NaN,NaN,834.900000,435.840000
NaN,NaN,NaN,NaN,834.900000,435.830000
NaN,NaN,NaN,NaN,834.910000,435.840000
NaN,NaN,NaN,NaN,834.910000,435.840000
NaN,NaN,NaN,NaN,834.900000,435.830000
NaN,NaN,NaN,NaN,834.910000,435.830000
NaN,NaN,NaN,NaN,834.910000,435.840000
NaN,NaN,NaN,NaN,834.910000,435.840000
NaN,NaN,NaN,NaN,834.910000,435.830000
NaN,NaN,NaN,NaN,834.910000,435.830000
NaN,NaN,NaN,NaN,834.910000,435.830000
NaN,NaN,NaN,NaN,834.900000,435.830000
NaN,NaN,NaN,NaN,834.900000,435.830000
NaN,NaN,NaN,NaN,834.910000,435.840000
NaN,NaN,NaN,NaN,834.910000,435.830000
NaN,NaN,NaN,NaN,834.910000,435.840000
NaN,NaN,NaN,NaN,834.930000,435.850000
NaN,NaN,NaN,NaN,834.930000,435.850000
NaN,NaN,NaN,NaN,834.930000,435.850000
NaN,NaN,NaN,NaN,834.930000,435.850000
NaN,NaN,NaN,NaN,834.930000,435.840000
NaN,NaN,NaN,NaN,834.930000,435.850000
NaN,NaN,NaN,NaN,834.930000,435.840000
NaN,NaN,NaN,NaN,834.930000,435.840000
NaN,NaN,NaN,NaN,834.920000,435.840000
NaN,NaN,NaN,NaN,834.930000,435.840000
NaN,NaN,NaN,NaN,834.930000,435.850000
NaN,NaN,NaN,NaN,834.930000,435.850000
NaN,NaN,NaN,NaN,834.940000,435.850000
NaN,NaN,NaN,NaN,834.930000,435.850000
NaN,NaN,NaN,NaN,834.930000,435.850000
NaN,NaN,NaN,NaN,834.940000,435.860000
NaN,NaN,NaN,NaN,834.930000,435.860000
NaN,NaN,NaN,NaN,834.930000,435.850000
NaN,NaN,NaN,NaN,834.930000,435.860000
NaN,NaN,NaN,NaN,834.930000,435.850000
NaN,NaN,NaN,NaN,834.940000,435.840000
NaN,NaN,NaN,NaN,834.930000,435.850000
NaN,NaN,NaN,NaN,834.930000,435.850000
NaN,NaN,NaN,NaN,834.930000,435.850000
NaN,NaN,NaN,NaN,834.940000,435.840000
NaN,NaN,NaN,NaN,834.930000,435.840000
NaN,NaN,NaN,NaN,834.940000,435.850000
NaN,NaN,NaN,NaN,834.940000,435.840000
NaN,NaN,NaN,NaN,834.940000,435.850000
NaN,NaN,NaN,NaN,834.940000,435.850000
NaN,NaN,NaN,NaN,834.970000,435.870000
NaN,NaN,NaN,NaN,834.950000,435.850000
NaN,NaN,NaN,NaN,834.940000,435.860000
NaN,NaN,NaN,NaN,834.950000,435.870000
NaN,NaN,NaN,NaN,834.950000,435.860000
NaN,NaN,NaN,NaN,834.950000,435.860000
NaN,NaN,NaN,NaN,834.940000,435.860000
NaN,NaN,NaN,NaN,834.950000,435.860000
NaN,NaN,NaN,NaN,834.950000,435.860000
NaN,NaN,NaN,NaN,834.940000,435.850000
NaN,NaN,NaN,NaN,834.940000,435.860000
NaN,NaN,NaN,NaN,834.950000,435.860000
NaN,NaN,NaN,NaN,834.940000,435.860000
NaN,NaN,NaN,NaN,834.960000,435.870000
NaN,NaN,NaN,NaN,834.950000,435.860000
NaN,NaN,NaN,NaN,834.970000,435.870000
NaN,NaN,NaN,NaN,834.960000,435.860000
NaN,NaN,NaN,NaN,834.950000,435.870000
NaN,NaN,NaN,NaN,834.950000,435.870000
NaN,NaN,NaN,NaN,834.960000,435.870000
NaN,NaN,NaN,NaN,834.960000,435.870000
NaN,NaN,NaN,NaN,834.950000,435.880000
NaN,NaN,NaN,NaN,834.960000,435.870000
NaN,NaN,NaN,NaN,834.960000,435.880000
NaN,NaN,NaN,NaN,834.970000,435.880000
NaN,NaN,NaN,NaN,834.960000,435.880000
NaN,NaN,NaN,NaN,834.970000,435.880000
NaN,NaN,NaN,NaN,834.960000,435.880000
NaN,NaN,NaN,NaN,834.970000,435.880000
NaN,NaN,NaN,NaN,834.960000,435.880000
NaN,NaN,NaN,NaN,834.960000,435.860000
NaN,NaN,NaN,NaN,834.970000,435.860000
NaN,NaN,NaN,NaN,834.970000,435.870000
NaN,NaN,NaN,NaN,834.970000,435.870000
NaN,NaN,NaN,NaN,834.950000,435.860000
NaN,NaN,NaN,NaN,834.960000,435.860000
NaN,NaN,NaN,NaN,834.960000,435.870000
NaN,NaN,NaN,NaN,834.960000,435.860000
NaN,NaN,NaN,NaN,834.970000,435.880000
NaN,NaN,NaN,NaN,834.970000,435.870000
NaN,NaN,NaN,NaN,834.970000,435.870000
NaN,NaN,NaN,NaN,834.970000,435.870000
NaN,NaN,NaN,NaN,834.970000,435.870000
NaN,NaN,NaN,NaN,834.970000,435.880000
NaN,NaN,NaN,NaN,834.970000,435.890000
NaN,NaN,NaN,NaN,834.980000,435.920000
NaN,NaN,NaN,NaN,834.980000,435.890000
NaN,NaN,NaN,NaN,834.970000,435.890000
NaN,NaN,NaN,NaN,834.980000,435.890000
NaN,NaN,NaN,NaN,834.980000,435.890000
NaN,NaN,NaN,NaN,834.980000,435.900000
NaN,NaN,NaN,NaN,834.980000,435.900000
NaN,NaN,NaN,NaN,834.980000,435.900000
NaN,NaN,NaN,NaN,834.980000,435.890000
NaN,NaN,NaN,NaN,834.980000,435.900000
NaN,NaN,NaN,NaN,834.980000,435.890000
NaN,NaN,NaN,NaN,834.980000,435.890000
NaN,NaN,NaN,NaN,834.980000,435.890000
NaN,NaN,NaN,NaN,834.980000,435.880000
NaN,NaN,NaN,NaN,834.990000,435.890000
NaN,NaN,NaN,NaN,834.980000,435.890000
NaN,NaN,NaN,NaN,834.970000,435.890000
NaN,NaN,NaN,NaN,834.980000,435.890000
NaN,NaN,NaN,NaN,834.980000,435.900000
NaN,NaN,NaN,NaN,834.990000,435.900000
NaN,NaN,NaN,NaN,834.980000,435.900000
NaN,NaN,NaN,NaN,834.980000,435.890000
NaN,NaN,NaN,NaN,834.990000,435.890000
NaN,NaN,NaN,NaN,835.000000,435.890000
NaN,NaN,NaN,NaN,834.990000,435.900000
NaN,NaN,NaN,NaN,834.990000,435.900000
NaN,NaN,NaN,NaN,834.990000,435.900000
NaN,NaN,NaN,NaN,834.990000,435.900000
NaN,NaN,NaN,NaN,834.980000,435.900000
NaN,NaN,NaN,NaN,834.990000,435.900000
NaN,NaN,NaN,NaN,835.010000,435.900000
NaN,NaN,NaN,NaN,835.000000,435.890000
NaN,NaN,NaN,NaN,835.000000,435.900000
NaN,NaN,NaN,NaN,835.000000,435.900000
NaN,NaN,NaN,NaN,835.010000,435.900000
NaN,NaN,NaN,NaN,835.000000,435.910000
NaN,NaN,NaN,NaN,835.010000,435.910000
NaN,NaN,NaN,NaN,835.010000,435.900000
NaN,NaN,NaN,NaN,835.000000,435.900000
NaN,NaN,NaN,NaN,835.000000,435.910000
NaN,NaN,NaN,NaN,835.010000,435.910000
NaN,NaN,NaN,NaN,835.000000,435.900000
NaN,NaN,NaN,NaN,835.010000,435.910000
NaN,NaN,NaN,NaN,835.020000,435.910000
NaN,NaN,NaN,NaN,835.010000,435.910000
NaN,NaN,NaN,NaN,835.020000,435.920000
NaN,NaN,NaN,NaN,835.010000,435.920000
NaN,NaN,NaN,NaN,835.010000,435.910000
NaN,NaN,NaN,NaN,835.010000,435.910000
NaN,NaN,NaN,NaN,835.010000,435.930000
NaN,NaN,NaN,NaN,835.020000,435.920000
NaN,NaN,NaN,NaN,835.010000,435.930000
NaN,NaN,NaN,NaN,835.020000,435.930000
NaN,NaN,NaN,NaN,835.020000,435.920000
NaN,NaN,NaN,NaN,835.030000,435.910000
NaN,NaN,NaN,NaN,835.020000,435.910000
NaN,NaN,NaN,NaN,835.030000,435.910000
NaN,NaN,NaN,NaN,835.030000,435.920000
NaN,NaN,NaN,NaN,835.020000,435.910000
NaN,NaN,NaN,NaN,835.020000,435.920000
NaN,NaN,NaN,NaN,835.030000,435.940000
NaN,NaN,NaN,NaN,835.040000,435.920000
NaN,NaN,NaN,NaN,835.030000,435.920000
NaN,NaN,NaN,NaN,835.040000,435.910000
NaN,NaN,NaN,NaN,835.040000,435.910000
NaN,NaN,NaN,NaN,835.040000,435.910000
NaN,NaN,NaN,NaN,835.050000,435.920000
NaN,NaN,NaN,NaN,835.040000,435.910000
NaN,NaN,NaN,NaN,835.040000,435.920000
NaN,NaN,NaN,NaN,835.050000,435.920000
NaN,NaN,NaN,NaN,835.060000,435.920000
NaN,NaN,NaN,NaN,835.060000,435.920000
NaN,NaN,NaN,NaN,835.060000,435.920000
NaN,NaN,NaN,NaN,835.060000,435.920000
NaN,NaN,NaN,NaN,835.060000,435.920000
NaN,NaN,NaN,NaN,835.060000,435.910000
NaN,NaN,NaN,NaN,835.070000,435.910000
NaN,NaN,NaN,NaN,835.070000,435.910000
NaN,NaN,NaN,NaN,835.070000,435.910000
NaN,NaN,NaN,NaN,835.070000,435.910000
NaN,NaN,NaN,NaN,835.060000,435.920000
NaN,NaN,NaN,NaN,835.060000,435.920000
NaN,NaN,NaN,NaN,835.070000,435.920000
NaN,NaN,NaN,NaN,835.060000,435.920000
NaN,NaN,NaN,NaN,835.070000,435.930000
NaN,NaN,NaN,NaN,835.060000,435.920000
NaN,NaN,NaN,NaN,835.070000,435.920000
NaN,NaN,NaN,NaN,835.060000,435.920000
NaN,NaN,NaN,NaN,835.060000,435.920000
NaN,NaN,NaN,NaN,835.060000,435.920000
NaN,NaN,NaN,NaN,835.070000,435.930000
NaN,NaN,NaN,NaN,835.070000,435.920000
NaN,NaN,NaN,NaN,835.070000,435.920000
NaN,NaN,NaN,NaN,835.070000,435.920000
NaN,NaN,NaN,NaN,835.070000,435.920000
NaN,NaN,NaN,NaN,835.070000,435.930000
NaN,NaN,NaN,NaN,835.070000,435.920000
NaN,NaN,NaN,NaN,835.080000,435.920000
NaN,NaN,NaN,NaN,835.090000,435.920000
NaN,NaN,NaN,NaN,835.080000,435.920000
NaN,NaN,NaN,NaN,835.070000,435.910000
NaN,NaN,NaN,NaN,835.080000,435.910000
NaN,NaN,NaN,NaN,835.080000,435.910000
NaN,NaN,NaN,NaN,835.080000,435.920000
NaN,NaN,NaN,NaN,835.080000,435.910000
NaN,NaN,NaN,NaN,835.070000,435.930000
NaN,NaN,NaN,NaN,835.090000,435.920000
NaN,NaN,NaN,NaN,835.090000,435.920000
NaN,NaN,NaN,NaN,835.090000,435.920000
NaN,NaN,NaN,NaN,835.090000,435.920000
NaN,NaN,NaN,NaN,835.090000,435.910000
NaN,NaN,NaN,NaN,835.090000,435.920000
NaN,NaN,NaN,NaN,835.090000,435.920000
NaN,NaN,NaN,NaN,835.090000,435.920000
NaN,NaN,NaN,NaN,835.090000,435.930000
NaN,NaN,NaN,NaN,835.090000,435.920000
NaN,NaN,NaN,NaN,835.090000,435.920000
NaN,NaN,NaN,NaN,835.090000,435.920000
NaN,NaN,NaN,NaN,835.090000,435.920000
NaN,NaN,NaN,NaN,835.100000,435.920000
NaN,NaN,NaN,NaN,835.120000,435.930000
NaN,NaN,NaN,NaN,835.110000,435.910000
NaN,NaN,NaN,NaN,835.100000,435.900000
NaN,NaN,NaN,NaN,835.100000,435.900000
NaN,NaN,NaN,NaN,835.110000,435.910000
NaN,NaN,NaN,NaN,835.110000,435.910000
NaN,NaN,NaN,NaN,835.110000,435.900000
NaN,NaN,NaN,NaN,835.110000,435.900000
NaN,NaN,NaN,NaN,835.110000,435.900000
NaN,NaN,NaN,NaN,835.120000,435.900000
NaN,NaN,NaN,NaN,835.110000,435.910000
NaN,NaN,NaN,NaN,835.110000,435.910000
NaN,NaN,NaN,NaN,835.110000,435.910000
NaN,NaN,NaN,NaN,835.120000,435.910000
NaN,NaN,NaN,NaN,835.110000,435.910000
NaN,NaN,NaN,NaN,835.100000,435.900000
NaN,NaN,NaN,NaN,835.090000,435.900000
NaN,NaN,NaN,NaN,835.100000,435.900000
NaN,NaN,NaN,NaN,835.100000,435.900000
NaN,NaN,NaN,NaN,835.100000,435.890000
NaN,NaN,NaN,NaN,835.120000,435.890000
NaN,NaN,NaN,NaN,835.110000,435.900000
NaN,NaN,NaN,NaN,835.110000,435.900000
NaN,NaN,NaN,NaN,835.120000,435.900000
NaN,NaN,NaN,NaN,835.120000,435.900000
NaN,NaN,NaN,NaN,835.110000,435.890000
NaN,NaN,NaN,NaN,835.120000,435.910000
NaN,NaN,NaN,NaN,835.120000,435.910000
NaN,NaN,NaN,NaN,835.120000,435.910000
NaN,NaN,NaN,NaN,835.110000,435.910000
NaN,NaN,NaN,NaN,835.110000,435.900000
NaN,NaN,NaN,NaN,835.110000,435.890000
NaN,NaN,NaN,NaN,835.110000,435.900000
NaN,NaN,NaN,NaN,835.100000,435.900000
NaN,NaN,NaN,NaN,835.110000,435.900000
NaN,NaN,NaN,NaN,835.120000,435.890000
NaN,NaN,NaN,NaN,835.120000,435.880000
NaN,NaN,NaN,NaN,835.120000,435.890000
NaN,NaN,NaN,NaN,835.120000,435.890000
NaN,NaN,NaN,NaN,835.110000,435.890000
NaN,NaN,NaN,NaN,835.110000,435.890000
NaN,NaN,NaN,NaN,835.110000,435.890000
NaN,NaN,NaN,NaN,835.110000,435.890000
NaN,NaN,NaN,NaN,835.110000,435.890000
NaN,NaN,NaN,NaN,835.110000,435.890000
NaN,NaN,NaN,NaN,835.120000,435.880000
NaN,NaN,NaN,NaN,835.110000,435.880000
NaN,NaN,NaN,NaN,835.100000,435.870000
NaN,NaN,NaN,NaN,835.100000,435.870000
NaN,NaN,NaN,NaN,835.100000,435.870000
NaN,NaN,NaN,NaN,835.110000,435.860000
NaN,NaN,NaN,NaN,835.110000,435.860000
NaN,NaN,NaN,NaN,835.110000,435.870000
NaN,NaN,NaN,NaN,835.110000,435.860000
NaN,NaN,NaN,NaN,835.110000,435.850000
NaN,NaN,NaN,NaN,835.110000,435.850000
NaN,NaN,NaN,NaN,835.100000,435.850000
NaN,NaN,NaN,NaN,835.110000,435.860000
NaN,NaN,NaN,NaN,835.100000,435.850000
NaN,NaN,NaN,NaN,835.110000,435.860000
NaN,NaN,NaN,NaN,835.120000,435.860000
NaN,NaN,NaN,NaN,835.110000,435.860000
NaN,NaN,NaN,NaN,835.110000,435.860000
NaN,NaN,NaN,NaN,835.110000,435.870000
NaN,NaN,NaN,NaN,835.110000,435.860000
NaN,NaN,NaN,NaN,835.100000,435.860000
NaN,NaN,NaN,NaN,835.110000,435.860000
NaN,NaN,NaN,NaN,835.100000,435.860000
NaN,NaN,NaN,NaN,835.100000,435.870000
NaN,NaN,NaN,NaN,835.100000,435.860000
NaN,NaN,NaN,NaN,835.100000,435.860000
NaN,NaN,NaN,NaN,835.100000,435.850000
NaN,NaN,NaN,NaN,835.100000,435.840000
NaN,NaN,NaN,NaN,835.100000,435.850000
NaN,NaN,NaN,NaN,835.100000,435.860000
NaN,NaN,NaN,NaN,835.080000,435.840000
NaN,NaN,NaN,NaN,835.090000,435.840000
NaN,NaN,NaN,NaN,835.090000,435.850000
NaN,NaN,NaN,NaN,835.080000,435.840000
NaN,NaN,NaN,NaN,835.090000,435.840000
NaN,NaN,NaN,NaN,835.090000,435.840000
NaN,NaN,NaN,NaN,835.090000,435.840000
NaN,NaN,NaN,NaN,835.090000,435.840000
NaN,NaN,NaN,NaN,835.090000,435.830000
NaN,NaN,NaN,NaN,835.090000,435.830000
NaN,NaN,NaN,NaN,835.080000,435.830000
NaN,NaN,NaN,NaN,835.070000,435.820000
NaN,NaN,NaN,NaN,835.080000,435.820000
NaN,NaN,NaN,NaN,835.080000,435.810000
NaN,NaN,NaN,NaN,835.080000,435.800000
NaN,NaN,NaN,NaN,835.080000,435.810000
NaN,NaN,NaN,NaN,835.080000,435.800000
NaN,NaN,NaN,NaN,835.070000,435.810000
NaN,NaN,NaN,NaN,835.070000,435.790000
NaN,NaN,NaN,NaN,835.080000,435.790000
NaN,NaN,NaN,NaN,835.090000,435.800000
NaN,NaN,NaN,NaN,835.090000,435.800000
NaN,NaN,NaN,NaN,835.090000,435.790000
NaN,NaN,NaN,NaN,835.080000,435.780000
NaN,NaN,NaN,NaN,835.080000,435.800000
NaN,NaN,NaN,NaN,835.080000,435.790000
NaN,NaN,NaN,NaN,835.070000,435.780000
NaN,NaN,NaN,NaN,835.070000,435.780000
NaN,NaN,NaN,NaN,835.060000,435.780000
NaN,NaN,NaN,NaN,835.070000,435.780000
NaN,NaN,NaN,NaN,835.070000,435.760000
NaN,NaN,NaN,NaN,835.060000,435.770000
NaN,NaN,NaN,NaN,835.060000,435.770000
NaN,NaN,NaN,NaN,835.050000,435.760000
NaN,NaN,NaN,NaN,835.060000,435.760000
NaN,NaN,NaN,NaN,835.070000,435.770000
NaN,NaN,NaN,NaN,835.060000,435.760000
NaN,NaN,NaN,NaN,835.050000,435.760000
NaN,NaN,NaN,NaN,835.060000,435.760000
NaN,NaN,NaN,NaN,835.060000,435.760000
NaN,NaN,NaN,NaN,835.060000,435.760000
NaN,NaN,NaN,NaN,835.050000,435.760000
NaN,NaN,NaN,NaN,835.050000,435.760000
NaN,NaN,NaN,NaN,835.050000,435.760000
NaN,NaN,NaN,NaN,835.050000,435.760000
NaN,NaN,NaN,NaN,835.050000,435.730000
NaN,NaN,NaN,NaN,835.040000,435.740000
NaN,NaN,NaN,NaN,835.040000,435.740000
NaN,NaN,NaN,NaN,835.040000,435.750000
NaN,NaN,NaN,NaN,835.040000,435.740000
NaN,NaN,NaN,NaN,835.040000,435.740000
NaN,NaN,NaN,NaN,835.030000,435.740000
NaN,NaN,NaN,NaN,835.030000,435.750000
NaN,NaN,NaN,NaN,835.040000,435.740000
NaN,NaN,NaN,NaN,835.040000,435.740000
NaN,NaN,NaN,NaN,835.040000,435.740000
NaN,NaN,NaN,NaN,835.040000,435.740000
NaN,NaN,NaN,NaN,835.040000,435.740000
NaN,NaN,NaN,NaN,835.040000,435.740000
NaN,NaN,NaN,NaN,835.030000,435.740000
NaN,NaN,NaN,NaN,835.040000,435.740000
NaN,NaN,NaN,NaN,835.040000,435.740000
NaN,NaN,NaN,NaN,835.030000,435.730000
NaN,NaN,NaN,NaN,835.030000,435.720000
NaN,NaN,NaN,NaN,835.030000,435.730000
NaN,NaN,NaN,NaN,835.030000,435.710000
NaN,NaN,NaN,NaN,835.030000,435.700000
NaN,NaN,NaN,NaN,835.030000,435.700000
NaN,NaN,NaN,NaN,835.030000,435.690000
NaN,NaN,NaN,NaN,835.030000,435.710000
NaN,NaN,NaN,NaN,835.020000,435.700000
NaN,NaN,NaN,NaN,835.020000,435.700000
NaN,NaN,NaN,NaN,835.030000,435.700000
NaN,NaN,NaN,NaN,835.030000,435.700000
NaN,NaN,NaN,NaN,835.030000,435.710000
NaN,NaN,NaN,NaN,835.020000,435.710000
NaN,NaN,NaN,NaN,835.020000,435.710000
NaN,NaN,NaN,NaN,835.030000,435.710000
NaN,NaN,NaN,NaN,835.030000,435.700000
NaN,NaN,NaN,NaN,835.030000,435.690000
NaN,NaN,NaN,NaN,835.030000,435.710000
NaN,NaN,NaN,NaN,835.020000,435.710000
NaN,NaN,NaN,NaN,835.030000,435.710000
NaN,NaN,NaN,NaN,835.030000,435.710000
NaN,NaN,NaN,NaN,835.030000,435.700000
NaN,NaN,NaN,NaN,835.030000,435.700000
NaN,NaN,NaN,NaN,835.020000,435.700000
NaN,NaN,NaN,NaN,835.030000,435.710000
NaN,NaN,NaN,NaN,835.020000,435.710000
NaN,NaN,NaN,NaN,835.020000,435.720000
NaN,NaN,NaN,NaN,835.020000,435.720000
NaN,NaN,NaN,NaN,835.020000,435.710000
NaN,NaN,NaN,NaN,835.030000,435.710000
NaN,NaN,NaN,NaN,835.020000,435.690000
NaN,NaN,NaN,NaN,835.010000,435.680000
NaN,NaN,NaN,NaN,835.020000,435.680000
NaN,NaN,NaN,NaN,835.020000,435.690000
NaN,NaN,NaN,NaN,835.020000,435.700000
NaN,NaN,NaN,NaN,835.020000,435.700000
NaN,NaN,NaN,NaN,835.020000,435.700000
NaN,NaN,NaN,NaN,835.020000,435.690000
NaN,NaN,NaN,NaN,835.010000,435.700000
NaN,NaN,NaN,NaN,835.020000,435.700000
NaN,NaN,NaN,NaN,835.010000,435.690000
NaN,NaN,NaN,NaN,835.020000,435.690000
NaN,NaN,NaN,NaN,835.030000,435.710000
NaN,NaN,NaN,NaN,835.020000,435.690000
NaN,NaN,NaN,NaN,835.020000,435.690000
NaN,NaN,NaN,NaN,835.030000,435.680000
NaN,NaN,NaN,NaN,835.020000,435.690000
NaN,NaN,NaN,NaN,835.020000,435.690000
NaN,NaN,NaN,NaN,835.020000,435.680000
NaN,NaN,NaN,NaN,835.030000,435.670000
NaN,NaN,NaN,NaN,835.030000,435.670000
NaN,NaN,NaN,NaN,835.030000,435.670000
NaN,NaN,NaN,NaN,835.030000,435.680000
NaN,NaN,NaN,NaN,835.030000,435.670000
NaN,NaN,NaN,NaN,835.030000,435.680000
NaN,NaN,NaN,NaN,835.030000,435.690000
NaN,NaN,NaN,NaN,835.030000,435.700000
NaN,NaN,NaN,NaN,835.030000,435.690000
NaN,NaN,NaN,NaN,835.020000,435.680000
NaN,NaN,NaN,NaN,835.030000,435.680000
NaN,NaN,NaN,NaN,835.030000,435.690000
NaN,NaN,NaN,NaN,835.020000,435.680000
NaN,NaN,NaN,NaN,835.020000,435.680000
NaN,NaN,NaN,NaN,835.030000,435.690000
NaN,NaN,NaN,NaN,835.020000,435.700000
NaN,NaN,NaN,NaN,835.030000,435.700000
NaN,NaN,NaN,NaN,835.030000,435.700000
NaN,NaN,NaN,NaN,835.030000,435.690000
NaN,NaN,NaN,NaN,835.030000,435.700000
NaN,NaN,NaN,NaN,835.020000,435.690000
NaN,NaN,NaN,NaN,835.030000,435.710000
NaN,NaN,NaN,NaN,835.040000,435.700000
NaN,NaN,NaN,NaN,835.040000,435.700000
NaN,NaN,NaN,NaN,835.030000,435.700000
NaN,NaN,NaN,NaN,835.030000,435.710000
NaN,NaN,NaN,NaN,835.020000,435.690000
NaN,NaN,NaN,NaN,835.020000,435.680000
NaN,NaN,NaN,NaN,835.010000,435.690000
NaN,NaN,NaN,NaN,835.010000,435.690000
NaN,NaN,NaN,NaN,835.020000,435.700000
NaN,NaN,NaN,NaN,835.020000,435.700000
NaN,NaN,NaN,NaN,835.030000,435.680000
NaN,NaN,NaN,NaN,835.020000,435.690000
NaN,NaN,NaN,NaN,835.020000,435.690000
NaN,NaN,NaN,NaN,835.040000,435.680000
NaN,NaN,NaN,NaN,835.030000,435.690000
NaN,NaN,NaN,NaN,835.030000,435.680000
NaN,NaN,NaN,NaN,835.030000,435.690000
NaN,NaN,NaN,NaN,835.030000,435.690000
NaN,NaN,NaN,NaN,835.040000,435.690000
NaN,NaN,NaN,NaN,835.040000,435.690000
NaN,NaN,NaN,NaN,835.040000,435.700000
NaN,NaN,NaN,NaN,835.030000,435.700000
NaN,NaN,NaN,NaN,835.040000,435.690000
NaN,NaN,NaN,NaN,835.030000,435.680000
NaN,NaN,NaN,NaN,835.040000,435.680000
NaN,NaN,NaN,NaN,835.040000,435.690000
NaN,NaN,NaN,NaN,835.030000,435.680000
NaN,NaN,NaN,NaN,835.040000,435.680000
NaN,NaN,NaN,NaN,835.040000,435.680000
NaN,NaN,NaN,NaN,835.040000,435.690000
NaN,NaN,NaN,NaN,835.040000,435.690000
NaN,NaN,NaN,NaN,835.040000,435.690000
NaN,NaN,NaN,NaN,835.040000,435.670000
NaN,NaN,NaN,NaN,835.050000,435.670000
NaN,NaN,NaN,NaN,835.050000,435.680000
NaN,NaN,NaN,NaN,835.050000,435.680000
NaN,NaN,NaN,NaN,835.040000,435.680000
NaN,NaN,NaN,NaN,835.040000,435.680000
NaN,NaN,NaN,NaN,835.040000,435.680000
NaN,NaN,NaN,NaN,835.040000,435.660000
NaN,NaN,NaN,NaN,835.040000,435.670000
NaN,NaN,NaN,NaN,835.040000,435.660000
NaN,NaN,NaN,NaN,835.050000,435.660000
NaN,NaN,NaN,NaN,835.050000,435.670000
NaN,NaN,NaN,NaN,835.050000,435.660000
NaN,NaN,NaN,NaN,835.050000,435.670000
NaN,NaN,NaN,NaN,835.040000,435.680000
NaN,NaN,NaN,NaN,835.050000,435.670000
NaN,NaN,NaN,NaN,835.050000,435.680000
NaN,NaN,NaN,NaN,835.050000,435.670000
NaN,NaN,NaN,NaN,835.040000,435.670000
NaN,NaN,NaN,NaN,835.050000,435.680000
NaN,NaN,NaN,NaN,835.050000,435.670000
NaN,NaN,NaN,NaN,835.050000,435.680000
NaN,NaN,NaN,NaN,835.050000,435.670000
NaN,NaN,NaN,NaN,835.050000,435.680000
NaN,NaN,NaN,NaN,835.050000,435.670000
NaN,NaN,NaN,NaN,835.050000,435.670000
NaN,NaN,NaN,NaN,835.060000,435.680000
NaN,NaN,NaN,NaN,835.060000,435.680000
NaN,NaN,NaN,NaN,835.060000,435.680000
NaN,NaN,NaN,NaN,835.070000,435.690000
NaN,NaN,NaN,NaN,835.060000,435.670000
NaN,NaN,NaN,NaN,835.070000,435.660000
NaN,NaN,NaN,NaN,835.070000,435.670000
NaN,NaN,NaN,NaN,835.070000,435.660000
NaN,NaN,NaN,NaN,835.080000,435.670000
NaN,NaN,NaN,NaN,835.080000,435.670000
NaN,NaN,NaN,NaN,835.080000,435.660000
NaN,NaN,NaN,NaN,835.080000,435.660000
NaN,NaN,NaN,NaN,835.080000,435.650000
NaN,NaN,NaN,NaN,835.070000,435.660000
NaN,NaN,NaN,NaN,835.070000,435.650000
NaN,NaN,NaN,NaN,835.060000,435.660000
NaN,NaN,NaN,NaN,835.070000,435.660000
NaN,NaN,NaN,NaN,835.060000,435.650000
NaN,NaN,NaN,NaN,835.060000,435.670000
NaN,NaN,NaN,NaN,835.060000,435.670000
NaN,NaN,NaN,NaN,835.050000,435.660000
NaN,NaN,NaN,NaN,835.050000,435.670000
NaN,NaN,NaN,NaN,835.050000,435.660000
NaN,NaN,NaN,NaN,835.050000,435.660000
NaN,NaN,NaN,NaN,835.060000,435.670000
NaN,NaN,NaN,NaN,835.060000,435.670000
NaN,NaN,NaN,NaN,835.060000,435.670000
NaN,NaN,NaN,NaN,835.060000,435.660000
NaN,NaN,NaN,NaN,835.050000,435.650000
NaN,NaN,NaN,NaN,835.050000,435.670000
NaN,NaN,NaN,NaN,835.060000,435.670000
NaN,NaN,NaN,NaN,835.060000,435.670000
NaN,NaN,NaN,NaN,835.060000,435.680000
NaN,NaN,NaN,NaN,835.070000,435.670000
NaN,NaN,NaN,NaN,835.070000,435.660000
NaN,NaN,NaN,NaN,835.070000,435.650000
NaN,NaN,NaN,NaN,835.060000,435.650000
NaN,NaN,NaN,NaN,835.070000,435.660000
NaN,NaN,NaN,NaN,835.060000,435.660000
NaN,NaN,NaN,NaN,835.070000,435.660000
NaN,NaN,NaN,NaN,835.070000,435.660000
NaN,NaN,NaN,NaN,835.070000,435.650000
NaN,NaN,NaN,NaN,835.080000,435.650000
NaN,NaN,NaN,NaN,835.070000,435.660000
NaN,NaN,NaN,NaN,835.070000,435.650000
NaN,NaN,NaN,NaN,835.070000,435.650000
NaN,NaN,NaN,NaN,835.070000,435.660000
NaN,NaN,NaN,NaN,835.070000,435.660000
NaN,NaN,NaN,NaN,835.070000,435.690000
NaN,NaN,NaN,NaN,835.080000,435.670000
NaN,NaN,NaN,NaN,835.070000,435.670000
NaN,NaN,NaN,NaN,835.080000,435.670000
NaN,NaN,NaN,NaN,835.080000,435.660000
NaN,NaN,NaN,NaN,835.080000,435.660000
NaN,NaN,NaN,NaN,835.070000,435.660000
NaN,NaN,NaN,NaN,835.070000,435.660000
NaN,NaN,NaN,NaN,835.070000,435.650000
NaN,NaN,NaN,NaN,835.080000,435.650000
NaN,NaN,NaN,NaN,835.080000,435.650000
NaN,NaN,NaN,NaN,835.080000,435.660000
NaN,NaN,NaN,NaN,835.080000,435.660000
NaN,NaN,NaN,NaN,835.080000,435.660000
NaN,NaN,NaN,NaN,835.080000,435.670000
NaN,NaN,NaN,NaN,835.080000,435.670000
NaN,NaN,NaN,NaN,835.090000,435.660000
NaN,NaN,NaN,NaN,835.090000,435.660000
NaN,NaN,NaN,NaN,835.090000,435.670000
NaN,NaN,NaN,NaN,835.090000,435.670000
NaN,NaN,NaN,NaN,835.080000,435.660000
NaN,NaN,NaN,NaN,835.090000,435.670000
NaN,NaN,NaN,NaN,835.080000,435.670000
NaN,NaN,NaN,NaN,835.080000,435.680000
NaN,NaN,NaN,NaN,835.070000,435.670000
NaN,NaN,NaN,NaN,835.070000,435.670000
NaN,NaN,NaN,NaN,835.080000,435.670000
NaN,NaN,NaN,NaN,835.080000,435.680000
NaN,NaN,NaN,NaN,835.080000,435.680000
NaN,NaN,NaN,NaN,835.080000,435.670000
NaN,NaN,NaN,NaN,835.070000,435.670000
NaN,NaN,NaN,NaN,835.080000,435.670000
NaN,NaN,NaN,NaN,835.080000,435.660000
NaN,NaN,NaN,NaN,835.070000,435.660000
NaN,NaN,NaN,NaN,835.080000,435.660000
NaN,NaN,NaN,NaN,835.070000,435.660000
NaN,NaN,NaN,NaN,835.070000,435.670000
NaN,NaN,NaN,NaN,835.070000,435.670000
NaN,NaN,NaN,NaN,835.070000,435.670000
NaN,NaN,NaN,NaN,835.070000,435.670000
NaN,NaN,NaN,NaN,835.070000,435.670000
NaN,NaN,NaN,NaN,835.070000,435.670000
NaN,NaN,NaN,NaN,835.070000,435.660000
NaN,NaN,NaN,NaN,835.080000,435.680000
NaN,NaN,NaN,NaN,835.080000,435.670000
NaN,NaN,NaN,NaN,835.060000,435.670000
NaN,NaN,NaN,NaN,835.080000,435.680000
NaN,NaN,NaN,NaN,835.070000,435.670000
NaN,NaN,NaN,NaN,835.080000,435.680000
NaN,NaN,NaN,NaN,835.080000,435.680000
NaN,NaN,NaN,NaN,835.080000,435.690000
NaN,NaN,NaN,NaN,835.080000,435.670000
NaN,NaN,NaN,NaN,835.080000,435.660000
NaN,NaN,NaN,NaN,835.080000,435.670000
NaN,NaN,NaN,NaN,835.080000,435.670000
NaN,NaN,NaN,NaN,835.080000,435.670000
NaN,NaN,NaN,NaN,835.070000,435.680000
NaN,NaN,NaN,NaN,835.070000,435.670000
NaN,NaN,NaN,NaN,835.070000,435.680000
NaN,NaN,NaN,NaN,835.060000,435.680000
NaN,NaN,NaN,NaN,835.070000,435.680000
NaN,NaN,NaN,NaN,835.080000,435.690000
NaN,NaN,NaN,NaN,835.080000,435.690000
NaN,NaN,NaN,NaN,835.070000,435.700000
NaN,NaN,NaN,NaN,835.080000,435.690000
NaN,NaN,NaN,NaN,835.080000,435.700000
NaN,NaN,NaN,NaN,835.070000,435.690000
NaN,NaN,NaN,NaN,835.070000,435.700000
NaN,NaN,NaN,NaN,835.060000,435.700000
NaN,NaN,NaN,NaN,835.060000,435.690000
NaN,NaN,NaN,NaN,835.060000,435.690000
NaN,NaN,NaN,NaN,835.060000,435.690000
NaN,NaN,NaN,NaN,835.060000,435.690000
NaN,NaN,NaN,NaN,835.060000,435.690000
NaN,NaN,NaN,NaN,835.060000,435.680000
NaN,NaN,NaN,NaN,835.060000,435.710000
NaN,NaN,NaN,NaN,835.060000,435.700000
NaN,NaN,NaN,NaN,835.070000,435.700000
NaN,NaN,NaN,NaN,835.080000,435.690000
NaN,NaN,NaN,NaN,835.070000,435.690000
NaN,NaN,NaN,NaN,835.070000,435.690000
NaN,NaN,NaN,NaN,835.060000,435.690000
NaN,NaN,NaN,NaN,835.060000,435.690000
NaN,NaN,NaN,NaN,835.050000,435.690000
NaN,NaN,NaN,NaN,835.050000,435.710000
NaN,NaN,NaN,NaN,835.060000,435.710000
NaN,NaN,NaN,NaN,835.060000,435.700000
NaN,NaN,NaN,NaN,835.070000,435.700000
NaN,NaN,NaN,NaN,835.060000,435.700000
NaN,NaN,NaN,NaN,835.060000,435.710000
NaN,NaN,NaN,NaN,835.070000,435.710000
NaN,NaN,NaN,NaN,835.060000,435.690000
NaN,NaN,NaN,NaN,835.060000,435.690000
NaN,NaN,NaN,NaN,835.060000,435.680000
NaN,NaN,NaN,NaN,835.060000,435.680000
NaN,NaN,NaN,NaN,835.060000,435.680000
NaN,NaN,NaN,NaN,835.060000,435.680000
NaN,NaN,NaN,NaN,835.060000,435.680000
NaN,NaN,NaN,NaN,835.060000,435.680000
NaN,NaN,NaN,NaN,835.070000,435.670000
NaN,NaN,NaN,NaN,835.070000,435.680000
NaN,NaN,NaN,NaN,835.070000,435.690000
NaN,NaN,NaN,NaN,835.060000,435.690000
NaN,NaN,NaN,NaN,835.060000,435.690000
NaN,NaN,NaN,NaN,835.050000,435.690000
NaN,NaN,NaN,NaN,835.060000,435.670000
NaN,NaN,NaN,NaN,835.070000,435.690000
NaN,NaN,NaN,NaN,835.070000,435.690000
NaN,NaN,NaN,NaN,835.060000,435.700000
NaN,NaN,NaN,NaN,835.060000,435.700000
NaN,NaN,NaN,NaN,835.060000,435.710000
NaN,NaN,NaN,NaN,835.060000,435.700000
NaN,NaN,NaN,NaN,835.060000,435.710000
NaN,NaN,NaN,NaN,835.060000,435.700000
NaN,NaN,NaN,NaN,835.050000,435.710000
NaN,NaN,NaN,NaN,835.050000,435.700000
NaN,NaN,NaN,NaN,835.050000,435.700000
NaN,NaN,NaN,NaN,835.050000,435.720000
NaN,NaN,NaN,NaN,835.050000,435.700000
NaN,NaN,NaN,NaN,835.060000,435.700000
NaN,NaN,NaN,NaN,835.070000,435.710000
NaN,NaN,NaN,NaN,835.060000,435.700000
NaN,NaN,NaN,NaN,835.060000,435.700000
NaN,NaN,NaN,NaN,835.050000,435.690000
NaN,NaN,NaN,NaN,NaN,NaN
NaN,NaN,NaN,NaN,NaN,NaN
NaN,NaN,NaN,NaN,NaN,NaN
NaN,NaN,NaN,NaN,NaN,NaN
NaN,NaN,NaN,NaN,NaN,NaN
NaN,NaN,NaN,NaN,NaN,NaN
NaN,NaN,NaN,NaN,NaN,NaN
NaN,NaN,NaN,NaN,NaN,NaN
NaN,NaN,NaN,NaN,NaN,NaN
NaN,NaN,NaN,NaN,NaN,NaN
NaN,NaN,NaN,NaN,NaN,NaN
NaN,NaN,NaN,NaN,NaN,NaN
NaN,NaN,NaN,NaN,NaN,NaN
NaN,NaN,NaN,NaN,NaN,NaN
NaN,NaN,NaN,NaN,NaN,NaN
NaN,NaN,NaN,NaN,NaN,NaN
NaN,NaN,NaN,NaN,NaN,NaN
NaN,NaN,NaN,NaN,NaN,NaN
NaN,NaN,NaN,NaN,NaN,NaN
NaN,NaN,NaN,NaN,NaN,NaN
NaN,NaN,NaN,NaN,NaN,NaN
NaN,NaN,NaN,NaN,NaN,NaN
NaN,NaN,NaN,NaN,NaN,NaN
NaN,NaN,NaN,NaN,NaN,NaN
NaN,NaN,NaN,NaN,NaN,NaN
NaN,NaN,NaN,NaN,NaN,NaN
NaN,NaN,NaN,NaN,NaN,NaN
NaN,NaN,NaN,NaN,NaN,NaN
NaN,NaN,NaN,NaN,NaN,NaN
NaN,NaN,NaN,NaN,NaN,NaN
NaN,NaN,NaN,NaN,NaN,NaN
NaN,NaN,NaN,NaN,NaN,NaN
NaN,NaN,NaN,NaN,NaN,NaN
NaN,NaN,NaN,NaN,NaN,NaN
NaN,NaN,NaN,NaN,NaN,NaN
NaN,NaN,NaN,NaN,NaN,NaN
NaN,NaN,NaN,NaN,NaN,NaN
NaN,NaN,NaN,NaN,NaN,NaN
NaN,NaN,NaN,NaN,NaN,NaN
NaN,NaN,NaN,NaN,NaN,NaN
NaN,NaN,NaN,NaN,NaN,NaN
NaN,NaN,NaN,NaN,NaN,NaN
NaN,NaN,NaN,NaN,NaN,NaN
NaN,NaN,NaN,NaN,NaN,NaN
NaN,NaN,NaN,NaN,NaN,NaN
NaN,NaN,NaN,NaN,NaN,NaN
NaN,NaN,NaN,NaN,NaN,NaN
NaN,NaN,NaN,NaN,NaN,NaN
NaN,NaN,NaN,NaN,NaN,NaN
NaN,NaN,NaN,NaN,NaN,NaN
NaN,NaN,NaN,NaN,NaN,NaN
NaN,NaN,NaN,NaN,NaN,NaN
NaN,NaN,NaN,NaN,NaN,NaN
NaN,NaN,NaN,NaN,NaN,NaN
NaN,NaN,NaN,NaN,NaN,NaN
NaN,NaN,NaN,NaN,NaN,NaN
NaN,NaN,NaN,NaN,NaN,NaN
NaN,NaN,NaN,NaN,NaN,NaN
NaN,NaN,NaN,NaN,NaN,NaN
NaN,NaN,NaN,NaN,NaN,NaN
NaN,NaN,NaN,NaN,NaN,NaN
NaN,NaN,NaN,NaN,NaN,NaN
NaN,NaN,NaN,NaN,NaN,NaN
NaN,NaN,NaN,NaN,NaN,NaN
NaN,NaN,NaN,NaN,NaN,NaN
NaN,NaN,NaN,NaN,NaN,NaN
NaN,NaN,NaN,NaN,NaN,NaN
NaN,NaN,NaN,NaN,NaN,NaN
NaN,NaN,NaN,NaN,NaN,NaN
NaN,NaN,NaN,NaN,NaN,NaN
NaN,NaN,NaN,NaN,NaN,NaN
NaN,NaN,NaN,NaN,NaN,NaN
NaN,NaN,NaN,NaN,NaN,NaN
NaN,NaN,NaN,NaN,NaN,NaN
NaN,NaN,NaN,NaN,NaN,NaN
NaN,NaN,NaN,NaN,NaN,NaN
NaN,NaN,NaN,NaN,NaN,NaN
NaN,NaN,NaN,NaN,NaN,NaN
NaN,NaN,NaN,NaN,NaN,NaN
NaN,NaN,NaN,NaN,NaN,NaN
NaN,NaN,NaN,NaN,NaN,NaN
NaN,NaN,NaN,NaN,NaN,NaN
NaN,NaN,NaN,NaN,NaN,NaN
NaN,NaN,NaN,NaN,NaN,NaN
NaN,NaN,NaN,NaN,NaN,NaN
NaN,NaN,NaN,NaN,NaN,NaN
NaN,NaN,NaN,NaN,NaN,NaN
NaN,NaN,NaN,NaN,NaN,NaN
NaN,NaN,NaN,NaN,NaN,NaN
NaN,NaN,NaN,NaN,NaN,NaN
NaN,NaN,NaN,NaN,NaN,NaN
NaN,NaN,NaN,NaN,NaN,NaN
NaN,NaN,NaN,NaN,NaN,NaN
NaN,NaN,NaN,NaN,NaN,NaN
NaN,NaN,NaN,NaN,NaN,NaN
NaN,NaN,NaN,NaN,NaN,NaN
NaN,NaN,NaN,NaN,NaN,NaN
NaN,NaN,NaN,NaN,NaN,NaN
NaN,NaN,NaN,NaN,NaN,NaN
NaN,NaN,NaN,NaN,NaN,NaN
NaN,NaN,NaN,NaN,NaN,NaN
NaN,NaN,NaN,NaN,NaN,NaN
NaN,NaN,NaN,NaN,NaN,NaN
NaN,NaN,NaN,NaN,NaN,NaN
NaN,NaN,NaN,NaN,NaN,NaN
NaN,NaN,NaN,NaN,NaN,NaN
NaN,NaN,NaN,NaN,NaN,NaN
NaN,NaN,NaN,NaN,NaN,NaN
NaN,NaN,NaN,NaN,NaN,NaN
NaN,NaN,NaN,NaN,NaN,NaN
NaN,NaN,NaN,NaN,NaN,NaN
NaN,NaN,NaN,NaN,NaN,NaN
NaN,NaN,NaN,NaN,NaN,NaN
NaN,NaN,NaN,NaN,NaN,NaN
NaN,NaN,NaN,NaN,NaN,NaN
NaN,NaN,NaN,NaN,NaN,NaN
NaN,NaN,NaN,NaN,NaN,NaN
NaN,NaN,NaN,NaN,NaN,NaN
NaN,NaN,NaN,NaN,NaN,NaN
NaN,NaN,NaN,NaN,NaN,NaN
NaN,NaN,NaN,NaN,NaN,NaN
NaN,NaN,NaN,NaN,NaN,NaN
NaN,NaN,NaN,NaN,NaN,NaN
NaN,NaN,NaN,NaN,NaN,NaN
NaN,NaN,NaN,NaN,NaN,NaN
NaN,NaN,NaN,NaN,NaN,NaN
NaN,NaN,NaN,NaN,NaN,NaN
NaN,NaN,NaN,NaN,NaN,NaN
NaN,NaN,NaN,NaN,NaN,NaN
NaN,NaN,NaN,NaN,NaN,NaN
NaN,NaN,NaN,NaN,NaN,NaN
NaN,NaN,NaN,NaN,NaN,NaN
NaN,NaN,NaN,NaN,NaN,NaN
NaN,NaN,NaN,NaN,NaN,NaN
NaN,NaN,NaN,NaN,NaN,NaN
NaN,NaN,NaN,NaN,NaN,NaN
NaN,NaN,NaN,NaN,NaN,NaN
NaN,NaN,NaN,NaN,NaN,NaN
NaN,NaN,NaN,NaN,NaN,NaN
NaN,NaN,NaN,NaN,NaN,NaN
NaN,NaN,NaN,NaN,NaN,NaN
NaN,NaN,NaN,NaN,NaN,NaN
NaN,NaN,NaN,NaN,NaN,NaN
NaN,NaN,NaN,NaN,NaN,NaN
NaN,NaN,NaN,NaN,NaN,NaN
NaN,NaN,NaN,NaN,NaN,NaN
NaN,NaN,NaN,NaN,NaN,NaN
NaN,NaN,NaN,NaN,NaN,NaN
NaN,NaN,NaN,NaN,NaN,NaN
NaN,NaN,NaN,NaN,NaN,NaN
NaN,NaN,NaN,NaN,NaN,NaN
NaN,NaN,NaN,NaN,NaN,NaN
NaN,NaN,NaN,NaN,NaN,NaN
NaN,NaN,NaN,NaN,NaN,NaN
NaN,NaN,NaN,NaN,NaN,NaN
NaN,NaN,NaN,NaN,NaN,NaN
NaN,NaN,NaN,NaN,NaN,NaN
NaN,NaN,NaN,NaN,NaN,NaN
NaN,NaN,NaN,NaN,NaN,NaN
NaN,NaN,NaN,NaN,NaN,NaN
NaN,NaN,NaN,NaN,NaN,NaN
NaN,NaN,NaN,NaN,NaN,NaN
NaN,NaN,NaN,NaN,NaN,NaN
NaN,NaN,NaN,NaN,NaN,NaN
NaN,NaN,NaN,NaN,NaN,NaN
NaN,NaN,NaN,NaN,NaN,NaN
NaN,NaN,NaN,NaN,NaN,NaN
NaN,NaN,NaN,NaN,NaN,NaN
NaN,NaN,NaN,NaN,NaN,NaN
NaN,NaN,NaN,NaN,NaN,NaN
NaN,NaN,NaN,NaN,NaN,NaN
NaN,NaN,NaN,NaN,NaN,NaN
NaN,NaN,NaN,NaN,NaN,NaN
NaN,NaN,NaN,NaN,NaN,NaN
NaN,NaN,NaN,NaN,NaN,NaN
NaN,NaN,NaN,NaN,NaN,NaN
NaN,NaN,NaN,NaN,NaN,NaN
NaN,NaN,NaN,NaN,NaN,NaN
NaN,NaN,NaN,NaN,NaN,NaN
NaN,NaN,NaN,NaN,NaN,NaN
NaN,NaN,NaN,NaN,NaN,NaN
NaN,NaN,NaN,NaN,NaN,NaN
NaN,NaN,NaN,NaN,NaN,NaN
NaN,NaN,NaN,NaN,NaN,NaN
NaN,NaN,NaN,NaN,NaN,NaN
NaN,NaN,NaN,NaN,NaN,NaN
NaN,NaN,NaN,NaN,NaN,NaN
NaN,NaN,NaN,NaN,NaN,NaN
NaN,NaN,NaN,NaN,NaN,NaN
NaN,NaN,NaN,NaN,NaN,NaN
NaN,NaN,NaN,NaN,NaN,NaN
NaN,NaN,NaN,NaN,NaN,NaN
NaN,NaN,NaN,NaN,NaN,NaN
NaN,NaN,NaN,NaN,NaN,NaN
NaN,NaN,NaN,NaN,NaN,NaN
NaN,NaN,NaN,NaN,NaN,NaN
NaN,NaN,NaN,NaN,NaN,NaN
NaN,NaN,NaN,NaN,NaN,NaN
NaN,NaN,NaN,NaN,NaN,NaN
NaN,NaN,NaN,NaN,NaN,NaN
NaN,NaN,NaN,NaN,NaN,NaN
NaN,NaN,NaN,NaN,NaN,NaN
NaN,NaN,NaN,NaN,NaN,NaN
NaN,NaN,NaN,NaN,NaN,NaN
NaN,NaN,NaN,NaN,NaN,NaN
NaN,NaN,NaN,NaN,NaN,NaN
NaN,NaN,NaN,NaN,NaN,NaN
NaN,NaN,NaN,NaN,NaN,NaN
NaN,NaN,NaN,NaN,NaN,NaN
NaN,NaN,NaN,NaN,NaN,NaN
NaN,NaN,NaN,NaN,NaN,NaN
NaN,NaN,NaN,NaN,NaN,NaN
NaN,NaN,NaN,NaN,NaN,NaN
NaN,NaN,NaN,NaN,NaN,NaN
NaN,NaN,NaN,NaN,NaN,NaN
NaN,NaN,NaN,NaN,NaN,NaN
NaN,NaN,NaN,NaN,NaN,NaN
NaN,NaN,NaN,NaN,NaN,NaN
NaN,NaN,NaN,NaN,NaN,NaN
NaN,NaN,NaN,NaN,NaN,NaN
NaN,NaN,NaN,NaN,NaN,NaN
NaN,NaN,NaN,NaN,NaN,NaN
NaN,NaN,NaN,NaN,NaN,NaN
NaN,NaN,NaN,NaN,NaN,NaN
NaN,NaN,NaN,NaN,NaN,NaN
NaN,NaN,NaN,NaN,NaN,NaN
NaN,NaN,NaN,NaN,NaN,NaN
NaN,NaN,NaN,NaN,NaN,NaN
NaN,NaN,NaN,NaN,NaN,NaN
NaN,NaN,NaN,NaN,NaN,NaN
NaN,NaN,NaN,NaN,NaN,NaN
NaN,NaN,NaN,NaN,NaN,NaN
NaN,NaN,NaN,NaN,NaN,NaN
NaN,NaN,NaN,NaN,NaN,NaN
NaN,NaN,NaN,NaN,NaN,NaN
NaN,NaN,NaN,NaN,NaN,NaN
NaN,NaN,NaN,NaN,NaN,NaN
NaN,NaN,NaN,NaN,NaN,NaN
NaN,NaN,NaN,NaN,NaN,NaN
NaN,NaN,NaN,NaN,NaN,NaN
NaN,NaN,NaN,NaN,NaN,NaN
NaN,NaN,NaN,NaN,NaN,NaN
NaN,NaN,NaN,NaN,NaN,NaN
NaN,NaN,NaN,NaN,NaN,NaN
NaN,NaN,NaN,NaN,NaN,NaN
NaN,NaN,NaN,NaN,NaN,NaN
NaN,NaN,NaN,NaN,NaN,NaN
NaN,NaN,NaN,NaN,NaN,NaN
NaN,NaN,NaN,NaN,NaN,NaN
NaN,NaN,NaN,NaN,NaN,NaN
NaN,NaN,NaN,NaN,NaN,NaN
NaN,NaN,NaN,NaN,NaN,NaN
NaN,NaN,NaN,NaN,NaN,NaN
NaN,NaN,NaN,NaN,NaN,NaN
NaN,NaN,NaN,NaN,NaN,NaN
NaN,NaN,NaN,NaN,NaN,NaN
NaN,NaN,NaN,NaN,NaN,NaN
NaN,NaN,NaN,NaN,NaN,NaN
NaN,NaN,NaN,NaN,NaN,NaN
NaN,NaN,NaN,NaN,NaN,NaN
NaN,NaN,NaN,NaN,NaN,NaN
NaN,NaN,NaN,NaN,NaN,NaN
NaN,NaN,NaN,NaN,NaN,NaN
NaN,NaN,NaN,NaN,NaN,NaN
NaN,NaN,NaN,NaN,NaN,NaN
NaN,NaN,NaN,NaN,NaN,NaN
NaN,NaN,NaN,NaN,NaN,NaN
NaN,NaN,NaN,NaN,NaN,NaN
NaN,NaN,NaN,NaN,NaN,NaN
NaN,NaN,NaN,NaN,NaN,NaN
NaN,NaN,NaN,NaN,NaN,NaN
NaN,NaN,NaN,NaN,NaN,NaN
NaN,NaN,NaN,NaN,NaN,NaN
NaN,NaN,NaN,NaN,NaN,NaN
NaN,NaN,NaN,NaN,NaN,NaN
NaN,NaN,NaN,NaN,NaN,NaN
NaN,NaN,NaN,NaN,NaN,NaN
NaN,NaN,NaN,NaN,NaN,NaN
NaN,NaN,NaN,NaN,NaN,NaN
NaN,NaN,NaN,NaN,NaN,NaN
NaN,NaN,NaN,NaN,NaN,NaN
NaN,NaN,NaN,NaN,NaN,NaN
NaN,NaN,NaN,NaN,NaN,NaN
NaN,NaN,NaN,NaN,NaN,NaN
NaN,NaN,NaN,NaN,NaN,NaN
NaN,NaN,NaN,NaN,NaN,NaN
NaN,NaN,NaN,NaN,NaN,NaN
NaN,NaN,NaN,NaN,NaN,NaN
NaN,NaN,NaN,NaN,NaN,NaN
NaN,NaN,NaN,NaN,NaN,NaN
NaN,NaN,NaN,NaN,NaN,NaN
NaN,NaN,NaN,NaN,NaN,NaN
NaN,NaN,NaN,NaN,NaN,NaN
NaN,NaN,NaN,NaN,NaN,NaN
NaN,NaN,NaN,NaN,NaN,NaN
NaN,NaN,NaN,NaN,NaN,NaN
NaN,NaN,NaN,NaN,NaN,NaN
NaN,NaN,NaN,NaN,NaN,NaN
NaN,NaN,NaN,NaN,NaN,NaN
NaN,NaN,NaN,NaN,NaN,NaN
NaN,NaN,NaN,NaN,NaN,NaN
NaN,NaN,NaN,NaN,NaN,NaN
NaN,NaN,NaN,NaN,NaN,NaN
NaN,NaN,NaN,NaN,NaN,NaN
NaN,NaN,NaN,NaN,NaN,NaN
NaN,NaN,NaN,NaN,NaN,NaN
NaN,NaN,NaN,NaN,NaN,NaN
NaN,NaN,NaN,NaN,NaN,NaN
NaN,NaN,NaN,NaN,NaN,NaN
NaN,NaN,NaN,NaN,NaN,NaN
NaN,NaN,NaN,NaN,NaN,NaN
NaN,NaN,NaN,NaN,NaN,NaN
NaN,NaN,NaN,NaN,NaN,NaN
NaN,NaN,NaN,NaN,NaN,NaN
NaN,NaN,NaN,NaN,NaN,NaN
NaN,NaN,NaN,NaN,NaN,NaN
NaN,NaN,NaN,NaN,NaN,NaN
NaN,NaN,NaN,NaN,NaN,NaN
NaN,NaN,NaN,NaN,NaN,NaN
NaN,NaN,NaN,NaN,NaN,NaN
NaN,NaN,NaN,NaN,NaN,NaN
NaN,NaN,NaN,NaN,NaN,NaN
NaN,NaN,NaN,NaN,NaN,NaN
NaN,NaN,NaN,NaN,NaN,NaN
NaN,NaN,NaN,NaN,NaN,NaN
NaN,NaN,NaN,NaN,NaN,NaN
NaN,NaN,NaN,NaN,NaN,NaN
NaN,NaN,NaN,NaN,NaN,NaN
NaN,NaN,NaN,NaN,NaN,NaN
NaN,NaN,NaN,NaN,NaN,NaN
NaN,NaN,NaN,NaN,NaN,NaN
NaN,NaN,NaN,NaN,NaN,NaN
NaN,NaN,NaN,NaN,NaN,NaN
NaN,NaN,NaN,NaN,NaN,NaN
NaN,NaN,NaN,NaN,NaN,NaN
NaN,NaN,NaN,NaN,NaN,NaN
NaN,NaN,NaN,NaN,NaN,NaN
NaN,NaN,NaN,NaN,NaN,NaN
NaN,NaN,NaN,NaN,NaN,NaN
NaN,NaN,NaN,NaN,NaN,NaN
NaN,NaN,NaN,NaN,NaN,NaN
NaN,NaN,NaN,NaN,NaN,NaN
NaN,NaN,NaN,NaN,NaN,NaN
NaN,NaN,NaN,NaN,NaN,NaN
NaN,NaN,NaN,NaN,NaN,NaN
NaN,NaN,NaN,NaN,NaN,NaN
NaN,NaN,NaN,NaN,NaN,NaN
NaN,NaN,NaN,NaN,NaN,NaN
NaN,NaN,NaN,NaN,NaN,NaN
NaN,NaN,NaN,NaN,NaN,NaN
NaN,NaN,NaN,NaN,NaN,NaN
NaN,NaN,NaN,NaN,NaN,NaN
NaN,NaN,NaN,NaN,NaN,NaN
NaN,NaN,NaN,NaN,NaN,NaN
NaN,NaN,NaN,NaN,NaN,NaN
NaN,NaN,NaN,NaN,NaN,NaN
NaN,NaN,NaN,NaN,NaN,NaN
NaN,NaN,NaN,NaN,NaN,NaN
NaN,NaN,NaN,NaN,NaN,NaN
NaN,NaN,NaN,NaN,NaN,NaN
NaN,NaN,NaN,NaN,NaN,NaN
NaN,NaN,NaN,NaN,NaN,NaN
NaN,NaN,NaN,NaN,NaN,NaN
NaN,NaN,NaN,NaN,NaN,NaN
NaN,NaN,NaN,NaN,NaN,NaN
NaN,NaN,NaN,NaN,NaN,NaN
NaN,NaN,NaN,NaN,NaN,NaN
NaN,NaN,NaN,NaN,NaN,NaN
NaN,NaN,NaN,NaN,NaN,NaN
NaN,NaN,NaN,NaN,NaN,NaN
NaN,NaN,NaN,NaN,NaN,NaN
NaN,NaN,NaN,NaN,NaN,NaN
NaN,NaN,NaN,NaN,NaN,NaN
NaN,NaN,NaN,NaN,NaN,NaN
NaN,NaN,NaN,NaN,NaN,NaN
NaN,NaN,NaN,NaN,NaN,NaN
NaN,NaN,NaN,NaN,NaN,NaN
NaN,NaN,NaN,NaN,NaN,NaN
NaN,NaN,NaN,NaN,NaN,NaN
NaN,NaN,NaN,NaN,NaN,NaN
NaN,NaN,NaN,NaN,NaN,NaN
NaN,NaN,NaN,NaN,NaN,NaN
NaN,NaN,NaN,NaN,NaN,NaN
NaN,NaN,NaN,NaN,NaN,NaN
NaN,NaN,NaN,NaN,NaN,NaN
NaN,NaN,NaN,NaN,NaN,NaN
NaN,NaN,NaN,NaN,NaN,NaN
NaN,NaN,NaN,NaN,NaN,NaN
NaN,NaN,NaN,NaN,NaN,NaN
NaN,NaN,NaN,NaN,NaN,NaN
NaN,NaN,NaN,NaN,NaN,NaN
NaN,NaN,NaN,NaN,NaN,NaN
NaN,NaN,NaN,NaN,NaN,NaN
NaN,NaN,NaN,NaN,NaN,NaN
NaN,NaN,NaN,NaN,NaN,NaN
NaN,NaN,NaN,NaN,NaN,NaN
NaN,NaN,NaN,NaN,NaN,NaN
NaN,NaN,NaN,NaN,NaN,NaN
NaN,NaN,NaN,NaN,NaN,NaN
NaN,NaN,NaN,NaN,NaN,NaN
NaN,NaN,NaN,NaN,NaN,NaN
NaN,NaN,NaN,NaN,NaN,NaN
NaN,NaN,NaN,NaN,NaN,NaN
NaN,NaN,NaN,NaN,NaN,NaN
NaN,NaN,NaN,NaN,NaN,NaN
NaN,NaN,NaN,NaN,NaN,NaN
NaN,NaN,NaN,NaN,NaN,NaN
NaN,NaN,NaN,NaN,NaN,NaN
NaN,NaN,NaN,NaN,NaN,NaN
NaN,NaN,NaN,NaN,NaN,NaN
NaN,NaN,NaN,NaN,NaN,NaN
NaN,NaN,NaN,NaN,NaN,NaN
NaN,NaN,NaN,NaN,NaN,NaN
NaN,NaN,NaN,NaN,NaN,NaN
NaN,NaN,NaN,NaN,NaN,NaN
NaN,NaN,NaN,NaN,NaN,NaN
NaN,NaN,NaN,NaN,NaN,NaN
NaN,NaN,NaN,NaN,NaN,NaN
NaN,NaN,NaN,NaN,NaN,NaN
NaN,NaN,NaN,NaN,NaN,NaN
NaN,NaN,NaN,NaN,NaN,NaN
NaN,NaN,NaN,NaN,NaN,NaN
NaN,NaN,NaN,NaN,NaN,NaN
NaN,NaN,NaN,NaN,NaN,NaN
NaN,NaN,NaN,NaN,NaN,NaN
NaN,NaN,NaN,NaN,NaN,NaN
NaN,NaN,NaN,NaN,NaN,NaN
NaN,NaN,NaN,NaN,NaN,NaN
NaN,NaN,NaN,NaN,NaN,NaN
NaN,NaN,NaN,NaN,NaN,NaN
NaN,NaN,NaN,NaN,NaN,NaN
NaN,NaN,NaN,NaN,NaN,NaN
