pt1_cam1_X,pt1_cam1_Y,pt2_cam1_X,pt2_cam1_Y,pt3_cam1_X,pt3_cam1_Y
NaN,NaN,838.955854,331.389621,NaN,NaN
NaN,NaN,839.000000,331.010000,NaN,NaN
NaN,NaN,839.000000,331.000000,NaN,NaN
NaN,NaN,839.000000,331.010000,NaN,NaN
NaN,NaN,839.000000,331.010000,NaN,NaN
NaN,NaN,839.000000,331.010000,NaN,NaN
NaN,NaN,839.000000,331.010000,NaN,NaN
NaN,NaN,839.000000,331.000000,NaN,NaN
NaN,NaN,838.990000,331.010000,NaN,NaN
NaN,NaN,839.000000,331.000000,NaN,NaN
NaN,NaN,839.000000,331.000000,NaN,NaN
NaN,NaN,839.000000,331.000000,NaN,NaN
NaN,NaN,839.000000,331.000000,NaN,NaN
NaN,NaN,839.000000,331.000000,NaN,NaN
NaN,NaN,838.990000,331.010000,NaN,NaN
NaN,NaN,839.010000,331.000000,NaN,NaN
NaN,NaN,839.000000,331.000000,NaN,NaN
NaN,NaN,839.000000,331.000000,NaN,NaN
NaN,NaN,839.000000,331.000000,NaN,NaN
NaN,NaN,839.000000,331.000000,NaN,NaN
NaN,NaN,838.990000,331.000000,NaN,NaN
NaN,NaN,839.000000,331.000000,NaN,NaN
NaN,NaN,839.000000,331.000000,NaN,NaN
NaN,NaN,838.990000,331.010000,NaN,NaN
NaN,NaN,839.000000,331.000000,NaN,NaN
NaN,NaN,839.000000,331.000000,NaN,NaN
NaN,NaN,839.000000,331.000000,NaN,NaN
NaN,NaN,839.000000,331.000000,NaN,NaN
NaN,NaN,839.000000,331.000000,NaN,NaN
NaN,NaN,839.000000,330.990000,NaN,NaN
NaN,NaN,839.000000,330.990000,NaN,NaN
NaN,NaN,838.990000,330.990000,NaN,NaN
NaN,NaN,838.990000,331.000000,NaN,NaN
NaN,NaN,838.990000,331.000000,NaN,NaN
NaN,NaN,838.990000,330.990000,NaN,NaN
NaN,NaN,838.980000,331.000000,NaN,NaN
NaN,NaN,838.980000,330.990000,NaN,NaN
NaN,NaN,838.990000,330.990000,NaN,NaN
NaN,NaN,838.990000,330.990000,NaN,NaN
NaN,NaN,838.990000,330.990000,NaN,NaN
NaN,NaN,838.990000,330.990000,NaN,NaN
NaN,NaN,838.990000,330.990000,NaN,NaN
NaN,NaN,838.990000,330.980000,NaN,NaN
NaN,NaN,838.990000,330.980000,NaN,NaN
NaN,NaN,838.990000,330.980000,NaN,NaN
NaN,NaN,838.990000,330.980000,NaN,NaN
NaN,NaN,838.990000,330.980000,NaN,NaN
NaN,NaN,838.990000,330.990000,NaN,NaN
NaN,NaN,838.990000,330.990000,NaN,NaN
NaN,NaN,838.990000,330.980000,NaN,NaN
NaN,NaN,838.990000,330.980000,NaN,NaN
NaN,NaN,838.990000,330.980000,NaN,NaN
NaN,NaN,838.990000,330.980000,NaN,NaN
NaN,NaN,838.980000,330.980000,NaN,NaN
NaN,NaN,838.990000,330.980000,NaN,NaN
NaN,NaN,838.990000,330.980000,NaN,NaN
NaN,NaN,838.990000,330.980000,NaN,NaN
NaN,NaN,838.990000,330.980000,NaN,NaN
NaN,NaN,838.990000,330.980000,NaN,NaN
NaN,NaN,838.990000,330.980000,NaN,NaN
NaN,NaN,838.980000,330.980000,NaN,NaN
NaN,NaN,838.980000,330.970000,NaN,NaN
NaN,NaN,838.980000,330.970000,NaN,NaN
NaN,NaN,838.980000,330.970000,NaN,NaN
NaN,NaN,838.980000,330.970000,NaN,NaN
NaN,NaN,838.980000,330.970000,NaN,NaN
NaN,NaN,838.980000,330.970000,NaN,NaN
NaN,NaN,838.980000,330.970000,NaN,NaN
NaN,NaN,838.980000,330.970000,NaN,NaN
NaN,NaN,838.980000,330.970000,NaN,NaN
NaN,NaN,838.980000,330.970000,NaN,NaN
NaN,NaN,838.980000,330.970000,NaN,NaN
NaN,NaN,838.980000,330.970000,NaN,NaN
NaN,NaN,838.980000,330.970000,NaN,NaN
NaN,NaN,838.980000,330.970000,NaN,NaN
NaN,NaN,838.990000,330.960000,NaN,NaN
NaN,NaN,838.990000,330.960000,NaN,NaN
NaN,NaN,838.980000,330.960000,NaN,NaN
NaN,NaN,838.980000,330.960000,NaN,NaN
NaN,NaN,838.980000,330.960000,NaN,NaN
NaN,NaN,838.980000,330.960000,NaN,NaN
NaN,NaN,838.970000,330.970000,NaN,NaN
NaN,NaN,838.970000,330.960000,NaN,NaN
NaN,NaN,838.970000,330.960000,NaN,NaN
NaN,NaN,838.970000,330.960000,NaN,NaN
NaN,NaN,838.970000,330.950000,NaN,NaN
NaN,NaN,838.970000,330.960000,NaN,NaN
NaN,NaN,838.970000,330.960000,NaN,NaN
NaN,NaN,838.970000,330.960000,NaN,NaN
NaN,NaN,838.970000,330.960000,NaN,NaN
NaN,NaN,838.970000,330.960000,NaN,NaN
NaN,NaN,838.970000,330.950000,NaN,NaN
NaN,NaN,838.970000,330.950000,NaN,NaN
NaN,NaN,838.970000,330.950000,NaN,NaN
NaN,NaN,838.970000,330.950000,NaN,NaN
NaN,NaN,838.970000,330.950000,NaN,NaN
NaN,NaN,838.970000,330.940000,NaN,NaN
NaN,NaN,838.960000,330.940000,NaN,NaN
NaN,NaN,838.960000,330.940000,NaN,NaN
NaN,NaN,838.960000,330.950000,NaN,NaN
NaN,NaN,838.960000,330.950000,NaN,NaN
NaN,NaN,838.960000,330.950000,NaN,NaN
NaN,NaN,838.960000,330.950000,NaN,NaN
NaN,NaN,838.960000,330.940000,NaN,NaN
NaN,NaN,838.960000,330.950000,NaN,NaN
NaN,NaN,838.950000,330.930000,NaN,NaN
NaN,NaN,838.950000,330.930000,NaN,NaN
NaN,NaN,838.960000,330.940000,NaN,NaN
NaN,NaN,838.960000,330.940000,NaN,NaN
NaN,NaN,838.960000,330.940000,NaN,NaN
NaN,NaN,838.960000,330.940000,NaN,NaN
NaN,NaN,838.960000,330.940000,NaN,NaN
NaN,NaN,838.960000,330.940000,NaN,NaN
NaN,NaN,838.960000,330.940000,NaN,NaN
NaN,NaN,838.960000,330.940000,NaN,NaN
NaN,NaN,838.960000,330.940000,NaN,NaN
NaN,NaN,838.960000,330.940000,NaN,NaN
NaN,NaN,838.960000,330.930000,NaN,NaN
NaN,NaN,838.960000,330.930000,NaN,NaN
NaN,NaN,838.960000,330.930000,NaN,NaN
NaN,NaN,838.950000,330.930000,NaN,NaN
NaN,NaN,838.950000,330.920000,NaN,NaN
NaN,NaN,838.950000,330.930000,NaN,NaN
NaN,NaN,838.950000,330.920000,NaN,NaN
NaN,NaN,838.940000,330.930000,NaN,NaN
NaN,NaN,838.950000,330.930000,NaN,NaN
NaN,NaN,838.950000,330.930000,NaN,NaN
NaN,NaN,838.950000,330.930000,NaN,NaN
NaN,NaN,838.960000,330.920000,NaN,NaN
NaN,NaN,838.950000,330.920000,NaN,NaN
NaN,NaN,838.940000,330.920000,NaN,NaN
NaN,NaN,838.940000,330.920000,NaN,NaN
NaN,NaN,838.940000,330.910000,NaN,NaN
NaN,NaN,838.950000,330.910000,NaN,NaN
NaN,NaN,838.950000,330.920000,NaN,NaN
NaN,NaN,838.940000,330.920000,NaN,NaN
NaN,NaN,838.940000,330.920000,NaN,NaN
NaN,NaN,838.940000,330.920000,NaN,NaN
NaN,NaN,838.940000,330.920000,NaN,NaN
NaN,NaN,838.950000,330.910000,NaN,NaN
NaN,NaN,838.940000,330.920000,NaN,NaN
NaN,NaN,838.940000,330.920000,NaN,NaN
NaN,NaN,838.940000,330.920000,NaN,NaN
NaN,NaN,838.940000,330.910000,NaN,NaN
NaN,NaN,838.940000,330.920000,NaN,NaN
NaN,NaN,838.940000,330.910000,NaN,NaN
NaN,NaN,838.940000,330.920000,NaN,NaN
NaN,NaN,838.940000,330.920000,NaN,NaN
NaN,NaN,838.940000,330.920000,NaN,NaN
NaN,NaN,838.940000,330.910000,NaN,NaN
NaN,NaN,838.940000,330.900000,NaN,NaN
NaN,NaN,838.940000,330.900000,NaN,NaN
NaN,NaN,838.940000,330.910000,NaN,NaN
NaN,NaN,838.930000,330.910000,NaN,NaN
NaN,NaN,838.930000,330.910000,NaN,NaN
NaN,NaN,838.930000,330.900000,NaN,NaN
NaN,NaN,838.930000,330.910000,NaN,NaN
NaN,NaN,838.930000,330.910000,NaN,NaN
NaN,NaN,838.930000,330.900000,NaN,NaN
NaN,NaN,838.930000,330.900000,NaN,NaN
NaN,NaN,838.930000,330.890000,NaN,NaN
NaN,NaN,838.930000,330.900000,NaN,NaN
NaN,NaN,838.930000,330.910000,NaN,NaN
NaN,NaN,838.930000,330.910000,NaN,NaN
NaN,NaN,838.930000,330.900000,NaN,NaN
NaN,NaN,838.940000,330.890000,NaN,NaN
NaN,NaN,838.930000,330.890000,NaN,NaN
NaN,NaN,838.930000,330.890000,NaN,NaN
NaN,NaN,838.930000,330.890000,NaN,NaN
NaN,NaN,838.930000,330.890000,NaN,NaN
NaN,NaN,838.930000,330.890000,NaN,NaN
NaN,NaN,838.920000,330.890000,NaN,NaN
NaN,NaN,838.930000,330.890000,NaN,NaN
NaN,NaN,838.930000,330.890000,NaN,NaN
NaN,NaN,838.920000,330.910000,NaN,NaN
NaN,NaN,838.920000,330.900000,NaN,NaN
NaN,NaN,838.920000,330.890000,NaN,NaN
NaN,NaN,838.920000,330.900000,NaN,NaN
NaN,NaN,838.920000,330.890000,NaN,NaN
NaN,NaN,838.930000,330.890000,NaN,NaN
NaN,NaN,838.920000,330.890000,NaN,NaN
NaN,NaN,838.910000,330.890000,NaN,NaN
NaN,NaN,838.920000,330.890000,NaN,NaN
NaN,NaN,838.920000,330.890000,NaN,NaN
NaN,NaN,838.920000,330.890000,NaN,NaN
NaN,NaN,838.920000,330.890000,NaN,NaN
NaN,NaN,838.920000,330.890000,NaN,NaN
NaN,NaN,838.920000,330.900000,NaN,NaN
NaN,NaN,838.920000,330.900000,NaN,NaN
NaN,NaN,838.920000,330.890000,NaN,NaN
NaN,NaN,838.930000,330.890000,NaN,NaN
NaN,NaN,838.930000,330.890000,NaN,NaN
NaN,NaN,838.920000,330.890000,NaN,NaN
NaN,NaN,838.920000,330.900000,NaN,NaN
NaN,NaN,838.920000,330.900000,NaN,NaN
NaN,NaN,838.920000,330.870000,NaN,NaN
NaN,NaN,838.920000,330.880000,NaN,NaN
NaN,NaN,838.920000,330.870000,NaN,NaN
NaN,NaN,838.910000,330.880000,NaN,NaN
NaN,NaN,838.910000,330.880000,NaN,NaN
NaN,NaN,838.910000,330.880000,NaN,NaN
NaN,NaN,838.910000,330.880000,NaN,NaN
NaN,NaN,838.910000,330.880000,NaN,NaN
NaN,NaN,838.910000,330.880000,NaN,NaN
NaN,NaN,838.910000,330.880000,NaN,NaN
NaN,NaN,838.910000,330.880000,NaN,NaN
NaN,NaN,838.900000,330.880000,NaN,NaN
NaN,NaN,838.900000,330.880000,NaN,NaN
NaN,NaN,838.910000,330.880000,NaN,NaN
NaN,NaN,838.910000,330.880000,NaN,NaN
NaN,NaN,838.910000,330.880000,NaN,NaN
NaN,NaN,838.910000,330.880000,NaN,NaN
NaN,NaN,838.910000,330.880000,NaN,NaN
NaN,NaN,838.910000,330.880000,NaN,NaN
NaN,NaN,838.910000,330.870000,NaN,NaN
NaN,NaN,838.910000,330.870000,NaN,NaN
NaN,NaN,838.910000,330.880000,NaN,NaN
NaN,NaN,838.910000,330.870000,NaN,NaN
NaN,NaN,838.910000,330.870000,NaN,NaN
NaN,NaN,838.910000,330.880000,NaN,NaN
NaN,NaN,838.910000,330.880000,NaN,NaN
NaN,NaN,838.900000,330.880000,NaN,NaN
NaN,NaN,838.910000,330.870000,NaN,NaN
NaN,NaN,838.910000,330.870000,NaN,NaN
NaN,NaN,838.910000,330.870000,NaN,NaN
NaN,NaN,838.910000,330.870000,NaN,NaN
NaN,NaN,838.910000,330.880000,NaN,NaN
NaN,NaN,838.910000,330.880000,NaN,NaN
NaN,NaN,838.910000,330.880000,NaN,NaN
NaN,NaN,838.910000,330.880000,NaN,NaN
NaN,NaN,838.910000,330.880000,NaN,NaN
NaN,NaN,838.910000,330.870000,NaN,NaN
NaN,NaN,838.900000,330.870000,NaN,NaN
NaN,NaN,838.900000,330.870000,NaN,NaN
NaN,NaN,838.900000,330.880000,NaN,NaN
NaN,NaN,838.910000,330.870000,NaN,NaN
NaN,NaN,838.900000,330.870000,NaN,NaN
NaN,NaN,838.900000,330.870000,NaN,NaN
NaN,NaN,838.900000,330.870000,NaN,NaN
NaN,NaN,838.900000,330.870000,NaN,NaN
NaN,NaN,838.900000,330.860000,NaN,NaN
NaN,NaN,838.900000,330.870000,NaN,NaN
NaN,NaN,838.900000,330.870000,NaN,NaN
NaN,NaN,838.900000,330.870000,NaN,NaN
NaN,NaN,838.900000,330.870000,NaN,NaN
NaN,NaN,838.900000,330.870000,NaN,NaN
NaN,NaN,838.900000,330.860000,NaN,NaN
NaN,NaN,838.900000,330.860000,NaN,NaN
NaN,NaN,838.900000,330.870000,NaN,NaN
NaN,NaN,838.900000,330.870000,NaN,NaN
NaN,NaN,838.900000,330.870000,NaN,NaN
NaN,NaN,838.900000,330.870000,NaN,NaN
NaN,NaN,838.900000,330.860000,NaN,NaN
NaN,NaN,838.900000,330.870000,NaN,NaN
NaN,NaN,838.900000,330.880000,NaN,NaN
NaN,NaN,838.900000,330.860000,NaN,NaN
NaN,NaN,838.900000,330.860000,NaN,NaN
NaN,NaN,838.900000,330.870000,NaN,NaN
NaN,NaN,838.900000,330.870000,NaN,NaN
NaN,NaN,838.900000,330.860000,NaN,NaN
NaN,NaN,838.900000,330.860000,NaN,NaN
NaN,NaN,838.900000,330.860000,NaN,NaN
NaN,NaN,838.900000,330.860000,NaN,NaN
NaN,NaN,838.900000,330.860000,NaN,NaN
NaN,NaN,838.900000,330.870000,NaN,NaN
NaN,NaN,838.900000,330.870000,NaN,NaN
NaN,NaN,838.900000,330.870000,NaN,NaN
NaN,NaN,838.900000,330.870000,NaN,NaN
NaN,NaN,838.900000,330.870000,NaN,NaN
NaN,NaN,838.900000,330.870000,NaN,NaN
NaN,NaN,838.900000,330.860000,NaN,NaN
NaN,NaN,838.900000,330.860000,NaN,NaN
NaN,NaN,838.890000,330.860000,NaN,NaN
NaN,NaN,838.890000,330.860000,NaN,NaN
NaN,NaN,838.900000,330.860000,NaN,NaN
NaN,NaN,838.890000,330.870000,NaN,NaN
NaN,NaN,838.890000,330.870000,NaN,NaN
NaN,NaN,838.890000,330.870000,NaN,NaN
NaN,NaN,838.890000,330.880000,NaN,NaN
NaN,NaN,838.890000,330.880000,NaN,NaN
NaN,NaN,838.890000,330.870000,NaN,NaN
NaN,NaN,838.890000,330.870000,NaN,NaN
NaN,NaN,838.900000,330.870000,NaN,NaN
NaN,NaN,838.890000,330.870000,NaN,NaN
NaN,NaN,838.890000,330.870000,NaN,NaN
NaN,NaN,838.890000,330.880000,NaN,NaN
NaN,NaN,838.880000,330.880000,NaN,NaN
NaN,NaN,838.880000,330.880000,NaN,NaN
NaN,NaN,838.880000,330.880000,NaN,NaN
NaN,NaN,838.890000,330.870000,NaN,NaN
NaN,NaN,838.890000,330.870000,NaN,NaN
NaN,NaN,838.880000,330.880000,NaN,NaN
NaN,NaN,838.890000,330.880000,NaN,NaN
NaN,NaN,838.890000,330.880000,NaN,NaN
NaN,NaN,838.890000,330.880000,NaN,NaN
NaN,NaN,838.880000,330.870000,NaN,NaN
NaN,NaN,838.880000,330.870000,NaN,NaN
NaN,NaN,838.890000,330.860000,NaN,NaN
NaN,NaN,838.880000,330.870000,NaN,NaN
NaN,NaN,838.880000,330.880000,NaN,NaN
NaN,NaN,838.880000,330.870000,NaN,NaN
NaN,NaN,838.890000,330.880000,NaN,NaN
NaN,NaN,838.890000,330.870000,NaN,NaN
NaN,NaN,838.890000,330.870000,NaN,NaN
NaN,NaN,838.890000,330.880000,NaN,NaN
NaN,NaN,838.880000,330.870000,NaN,NaN
NaN,NaN,838.880000,330.870000,NaN,NaN
NaN,NaN,838.890000,330.880000,NaN,NaN
NaN,NaN,838.880000,330.880000,NaN,NaN
NaN,NaN,838.880000,330.880000,NaN,NaN
NaN,NaN,838.880000,330.880000,NaN,NaN
NaN,NaN,838.880000,330.880000,NaN,NaN
NaN,NaN,838.880000,330.880000,NaN,NaN
NaN,NaN,838.880000,330.880000,NaN,NaN
NaN,NaN,838.880000,330.880000,NaN,NaN
NaN,NaN,838.880000,330.870000,NaN,NaN
NaN,NaN,838.870000,330.880000,NaN,NaN
NaN,NaN,838.870000,330.880000,NaN,NaN
NaN,NaN,838.870000,330.880000,NaN,NaN
NaN,NaN,838.870000,330.890000,NaN,NaN
NaN,NaN,838.870000,330.890000,NaN,NaN
NaN,NaN,838.870000,330.880000,NaN,NaN
NaN,NaN,838.870000,330.890000,NaN,NaN
NaN,NaN,838.870000,330.880000,NaN,NaN
NaN,NaN,838.880000,330.880000,NaN,NaN
NaN,NaN,838.870000,330.890000,NaN,NaN
NaN,NaN,838.870000,330.890000,NaN,NaN
NaN,NaN,838.870000,330.890000,NaN,NaN
NaN,NaN,838.870000,330.890000,NaN,NaN
NaN,NaN,838.870000,330.890000,NaN,NaN
NaN,NaN,838.860000,330.890000,NaN,NaN
NaN,NaN,838.870000,330.890000,NaN,NaN
NaN,NaN,838.870000,330.890000,NaN,NaN
NaN,NaN,838.870000,330.890000,NaN,NaN
NaN,NaN,838.870000,330.900000,NaN,NaN
NaN,NaN,838.870000,330.900000,NaN,NaN
NaN,NaN,838.880000,330.890000,NaN,NaN
NaN,NaN,838.870000,330.900000,NaN,NaN
NaN,NaN,838.870000,330.900000,NaN,NaN
NaN,NaN,838.870000,330.900000,NaN,NaN
NaN,NaN,838.870000,330.900000,NaN,NaN
NaN,NaN,838.870000,330.900000,NaN,NaN
NaN,NaN,838.870000,330.900000,NaN,NaN
NaN,NaN,838.870000,330.900000,NaN,NaN
NaN,NaN,838.870000,330.900000,NaN,NaN
NaN,NaN,838.870000,330.910000,NaN,NaN
NaN,NaN,838.860000,330.910000,NaN,NaN
NaN,NaN,838.860000,330.900000,NaN,NaN
NaN,NaN,838.860000,330.900000,NaN,NaN
NaN,NaN,838.860000,330.900000,NaN,NaN
NaN,NaN,838.860000,330.900000,NaN,NaN
NaN,NaN,838.860000,330.900000,NaN,NaN
NaN,NaN,838.850000,330.910000,NaN,NaN
NaN,NaN,838.860000,330.910000,NaN,NaN
NaN,NaN,838.860000,330.910000,NaN,NaN
NaN,NaN,838.860000,330.910000,NaN,NaN
NaN,NaN,838.860000,330.910000,NaN,NaN
NaN,NaN,838.850000,330.920000,NaN,NaN
NaN,NaN,838.850000,330.920000,NaN,NaN
NaN,NaN,838.850000,330.910000,NaN,NaN
NaN,NaN,838.850000,330.920000,NaN,NaN
NaN,NaN,838.850000,330.910000,NaN,NaN
NaN,NaN,838.850000,330.910000,NaN,NaN
NaN,NaN,838.850000,330.910000,NaN,NaN
NaN,NaN,838.850000,330.920000,NaN,NaN
NaN,NaN,838.850000,330.920000,NaN,NaN
NaN,NaN,838.860000,330.920000,NaN,NaN
NaN,NaN,838.850000,330.920000,NaN,NaN
NaN,NaN,838.850000,330.930000,NaN,NaN
NaN,NaN,838.850000,330.930000,NaN,NaN
NaN,NaN,838.850000,330.930000,NaN,NaN
NaN,NaN,838.850000,330.930000,NaN,NaN
NaN,NaN,838.850000,330.930000,NaN,NaN
NaN,NaN,838.850000,330.940000,NaN,NaN
NaN,NaN,838.840000,330.930000,NaN,NaN
NaN,NaN,838.840000,330.940000,NaN,NaN
NaN,NaN,838.840000,330.940000,NaN,NaN
NaN,NaN,838.850000,330.940000,NaN,NaN
NaN,NaN,838.850000,330.940000,NaN,NaN
NaN,NaN,838.850000,330.930000,NaN,NaN
NaN,NaN,838.850000,330.940000,NaN,NaN
NaN,NaN,838.840000,330.940000,NaN,NaN
NaN,NaN,838.840000,330.940000,NaN,NaN
NaN,NaN,838.840000,330.940000,NaN,NaN
NaN,NaN,838.840000,330.940000,NaN,NaN
NaN,NaN,838.840000,330.940000,NaN,NaN
NaN,NaN,838.840000,330.940000,NaN,NaN
NaN,NaN,838.850000,330.940000,NaN,NaN
NaN,NaN,838.850000,330.940000,NaN,NaN
NaN,NaN,838.850000,330.940000,NaN,NaN
NaN,NaN,838.850000,330.950000,NaN,NaN
NaN,NaN,838.850000,330.950000,NaN,NaN
NaN,NaN,838.850000,330.950000,NaN,NaN
NaN,NaN,838.850000,330.950000,NaN,NaN
NaN,NaN,838.850000,330.960000,NaN,NaN
NaN,NaN,838.850000,330.960000,NaN,NaN
NaN,NaN,838.840000,330.960000,NaN,NaN
NaN,NaN,838.840000,330.960000,NaN,NaN
NaN,NaN,838.850000,330.950000,NaN,NaN
NaN,NaN,838.850000,330.960000,NaN,NaN
NaN,NaN,838.840000,330.960000,NaN,NaN
NaN,NaN,838.850000,330.960000,NaN,NaN
NaN,NaN,838.840000,330.960000,NaN,NaN
NaN,NaN,838.840000,330.960000,NaN,NaN
NaN,NaN,838.840000,330.970000,NaN,NaN
NaN,NaN,838.850000,330.970000,NaN,NaN
NaN,NaN,838.850000,330.970000,NaN,NaN
NaN,NaN,838.840000,330.970000,NaN,NaN
NaN,NaN,838.850000,330.960000,NaN,NaN
NaN,NaN,838.850000,330.960000,NaN,NaN
NaN,NaN,838.840000,330.970000,NaN,NaN
NaN,NaN,838.840000,330.970000,NaN,NaN
NaN,NaN,838.840000,330.970000,NaN,NaN
NaN,NaN,838.840000,330.970000,NaN,NaN
NaN,NaN,838.840000,330.970000,NaN,NaN
NaN,NaN,838.840000,330.970000,NaN,NaN
NaN,NaN,838.840000,330.970000,NaN,NaN
NaN,NaN,838.840000,330.970000,NaN,NaN
NaN,NaN,838.850000,330.970000,NaN,NaN
NaN,NaN,838.840000,330.970000,NaN,NaN
NaN,NaN,838.850000,330.980000,NaN,NaN
NaN,NaN,838.850000,330.980000,NaN,NaN
NaN,NaN,838.850000,330.980000,NaN,NaN
NaN,NaN,838.840000,330.980000,NaN,NaN
NaN,NaN,838.850000,330.980000,NaN,NaN
NaN,NaN,838.850000,330.980000,NaN,NaN
NaN,NaN,838.850000,330.980000,NaN,NaN
NaN,NaN,838.850000,330.980000,NaN,NaN
NaN,NaN,838.850000,330.980000,NaN,NaN
NaN,NaN,838.850000,330.980000,NaN,NaN
NaN,NaN,838.850000,330.980000,NaN,NaN
NaN,NaN,838.850000,330.980000,NaN,NaN
NaN,NaN,838.860000,330.990000,NaN,NaN
NaN,NaN,838.860000,330.990000,NaN,NaN
NaN,NaN,838.850000,330.990000,NaN,NaN
NaN,NaN,838.870000,330.990000,NaN,NaN
NaN,NaN,838.870000,330.990000,NaN,NaN
NaN,NaN,838.860000,330.980000,NaN,NaN
NaN,NaN,838.870000,330.990000,NaN,NaN
NaN,NaN,838.870000,330.990000,NaN,NaN
NaN,NaN,838.870000,331.000000,NaN,NaN
NaN,NaN,838.870000,330.990000,NaN,NaN
NaN,NaN,838.870000,331.000000,NaN,NaN
NaN,NaN,838.870000,331.000000,NaN,NaN
NaN,NaN,838.870000,331.000000,NaN,NaN
NaN,NaN,838.870000,331.010000,NaN,NaN
NaN,NaN,838.880000,331.000000,NaN,NaN
NaN,NaN,838.880000,331.000000,NaN,NaN
NaN,NaN,838.880000,331.000000,NaN,NaN
NaN,NaN,838.880000,331.010000,NaN,NaN
NaN,NaN,838.870000,331.010000,NaN,NaN
NaN,NaN,838.880000,331.010000,NaN,NaN
NaN,NaN,838.880000,331.020000,NaN,NaN
NaN,NaN,838.880000,331.020000,NaN,NaN
NaN,NaN,838.880000,331.020000,NaN,NaN
NaN,NaN,838.880000,331.020000,NaN,NaN
NaN,NaN,838.880000,331.020000,NaN,NaN
NaN,NaN,838.880000,331.020000,NaN,NaN
NaN,NaN,838.880000,331.020000,NaN,NaN
NaN,NaN,838.880000,331.020000,NaN,NaN
NaN,NaN,838.880000,331.020000,NaN,NaN
NaN,NaN,838.880000,331.030000,NaN,NaN
NaN,NaN,838.880000,331.020000,NaN,NaN
NaN,NaN,838.880000,331.030000,NaN,NaN
NaN,NaN,838.880000,331.020000,NaN,NaN
NaN,NaN,838.880000,331.020000,NaN,NaN
NaN,NaN,838.890000,331.030000,NaN,NaN
NaN,NaN,838.890000,331.030000,NaN,NaN
NaN,NaN,838.890000,331.030000,NaN,NaN
NaN,NaN,838.890000,331.020000,NaN,NaN
NaN,NaN,838.900000,331.020000,NaN,NaN
NaN,NaN,838.900000,331.030000,NaN,NaN
NaN,NaN,838.900000,331.030000,NaN,NaN
NaN,NaN,838.900000,331.030000,NaN,NaN
NaN,NaN,838.900000,331.030000,NaN,NaN
NaN,NaN,838.910000,331.040000,NaN,NaN
NaN,NaN,838.900000,331.040000,NaN,NaN
NaN,NaN,838.900000,331.040000,NaN,NaN
NaN,NaN,838.910000,331.030000,NaN,NaN
NaN,NaN,838.910000,331.040000,NaN,NaN
NaN,NaN,838.900000,331.040000,NaN,NaN
NaN,NaN,838.910000,331.050000,NaN,NaN
NaN,NaN,838.910000,331.050000,NaN,NaN
NaN,NaN,838.900000,331.060000,NaN,NaN
NaN,NaN,838.910000,331.050000,757.777517,358.440402
NaN,NaN,838.910000,331.050000,758.010000,358.000000
NaN,NaN,838.900000,331.050000,758.000000,358.000000
NaN,NaN,838.910000,331.050000,758.000000,358.000000
NaN,NaN,838.920000,331.050000,758.000000,358.020000
NaN,NaN,838.920000,331.060000,757.980000,358.010000
NaN,NaN,838.920000,331.060000,757.990000,358.010000
NaN,NaN,838.920000,331.070000,758.000000,358.010000
NaN,NaN,838.930000,331.060000,758.000000,358.020000
NaN,NaN,838.920000,331.070000,757.990000,358.010000
NaN,NaN,838.920000,331.070000,757.990000,358.010000
NaN,NaN,838.930000,331.060000,757.970000,358.010000
NaN,NaN,838.930000,331.060000,757.980000,358.010000
NaN,NaN,838.930000,331.060000,757.980000,358.010000
NaN,NaN,838.920000,331.070000,757.990000,358.020000
NaN,NaN,838.920000,331.070000,757.970000,358.020000
NaN,NaN,838.920000,331.080000,757.980000,358.030000
NaN,NaN,838.920000,331.080000,757.950000,358.010000
NaN,NaN,838.930000,331.080000,757.940000,358.020000
NaN,NaN,838.930000,331.080000,757.950000,358.010000
NaN,NaN,838.930000,331.080000,757.940000,358.020000
NaN,NaN,838.940000,331.080000,757.940000,358.020000
NaN,NaN,838.940000,331.080000,757.960000,358.020000
NaN,NaN,838.940000,331.080000,757.960000,358.020000
NaN,NaN,838.940000,331.080000,757.960000,358.020000
NaN,NaN,838.940000,331.080000,757.970000,358.020000
NaN,NaN,838.940000,331.100000,757.940000,358.020000
NaN,NaN,838.940000,331.100000,757.960000,358.020000
NaN,NaN,838.950000,331.090000,757.970000,358.020000
NaN,NaN,838.940000,331.090000,757.970000,358.020000
NaN,NaN,838.940000,331.090000,757.970000,358.020000
NaN,NaN,838.950000,331.090000,757.960000,358.010000
NaN,NaN,838.950000,331.090000,757.970000,358.020000
NaN,NaN,838.950000,331.090000,757.970000,358.010000
NaN,NaN,838.950000,331.090000,757.980000,358.010000
NaN,NaN,838.960000,331.100000,757.990000,358.020000
NaN,NaN,838.960000,331.090000,757.990000,358.010000
NaN,NaN,838.960000,331.090000,757.980000,358.010000
NaN,NaN,838.970000,331.090000,758.000000,358.010000
NaN,NaN,838.970000,331.100000,757.990000,358.010000
NaN,NaN,838.960000,331.100000,758.000000,358.010000
NaN,NaN,838.960000,331.120000,758.000000,358.000000
NaN,NaN,838.970000,331.110000,758.000000,358.010000
NaN,NaN,838.960000,331.110000,758.000000,358.000000
NaN,NaN,838.960000,331.110000,758.010000,357.990000
NaN,NaN,838.960000,331.110000,758.010000,357.990000
NaN,NaN,838.970000,331.110000,758.010000,357.990000
NaN,NaN,838.970000,331.110000,758.020000,358.000000
NaN,NaN,838.960000,331.110000,758.020000,357.990000
NaN,NaN,838.970000,331.110000,758.030000,357.980000
NaN,NaN,838.970000,331.120000,758.030000,358.000000
NaN,NaN,838.970000,331.120000,758.030000,358.000000
NaN,NaN,838.970000,331.120000,758.030000,357.990000
NaN,NaN,838.970000,331.110000,758.040000,357.970000
NaN,NaN,838.980000,331.120000,758.040000,357.970000
NaN,NaN,838.980000,331.130000,758.050000,357.980000
NaN,NaN,838.970000,331.130000,758.070000,357.990000
NaN,NaN,838.980000,331.130000,758.060000,357.970000
NaN,NaN,838.980000,331.140000,758.060000,357.980000
NaN,NaN,838.980000,331.140000,758.050000,357.970000
NaN,NaN,838.980000,331.130000,758.060000,357.980000
NaN,NaN,838.990000,331.130000,758.080000,357.970000
NaN,NaN,838.990000,331.140000,758.070000,357.970000
NaN,NaN,838.980000,331.140000,758.060000,357.970000
NaN,NaN,838.990000,331.140000,758.070000,357.980000
NaN,NaN,838.990000,331.140000,758.070000,357.970000
NaN,NaN,838.990000,331.140000,758.070000,357.970000
NaN,NaN,838.990000,331.140000,758.080000,357.970000
NaN,NaN,838.990000,331.140000,758.080000,357.980000
NaN,NaN,838.990000,331.140000,758.080000,357.980000
NaN,NaN,838.990000,331.140000,758.080000,357.970000
NaN,NaN,839.000000,331.160000,758.080000,357.980000
NaN,NaN,839.000000,331.160000,758.080000,357.980000
NaN,NaN,839.000000,331.150000,758.080000,357.980000
NaN,NaN,839.000000,331.150000,758.100000,357.980000
NaN,NaN,839.000000,331.150000,758.090000,357.970000
NaN,NaN,839.000000,331.160000,758.120000,357.970000
NaN,NaN,839.000000,331.160000,758.090000,357.980000
NaN,NaN,839.000000,331.160000,758.100000,357.980000
NaN,NaN,839.010000,331.160000,758.100000,357.980000
NaN,NaN,839.010000,331.160000,758.100000,357.980000
NaN,NaN,839.010000,331.160000,758.070000,357.980000
NaN,NaN,839.010000,331.170000,758.080000,357.980000
NaN,NaN,839.010000,331.160000,758.090000,357.980000
NaN,NaN,839.010000,331.160000,758.080000,357.980000
NaN,NaN,839.010000,331.160000,758.090000,357.980000
NaN,NaN,839.020000,331.180000,758.120000,357.970000
NaN,NaN,839.020000,331.180000,758.120000,357.980000
NaN,NaN,839.020000,331.180000,758.120000,357.970000
NaN,NaN,839.020000,331.180000,758.110000,357.970000
NaN,NaN,839.020000,331.180000,758.130000,357.980000
NaN,NaN,839.020000,331.180000,758.120000,357.960000
NaN,NaN,839.020000,331.180000,758.130000,357.960000
NaN,NaN,839.020000,331.180000,758.130000,357.970000
NaN,NaN,839.030000,331.180000,758.110000,357.970000
NaN,NaN,839.030000,331.180000,758.120000,357.970000
NaN,NaN,839.030000,331.180000,758.140000,357.970000
NaN,NaN,839.030000,331.180000,758.130000,357.970000
NaN,NaN,839.020000,331.190000,758.140000,357.970000
NaN,NaN,839.020000,331.190000,758.110000,357.970000
NaN,NaN,839.020000,331.180000,758.140000,357.970000
NaN,NaN,839.020000,331.190000,758.130000,357.970000
NaN,NaN,839.020000,331.190000,758.140000,357.960000
NaN,NaN,839.030000,331.190000,758.130000,357.960000
NaN,NaN,839.030000,331.190000,758.140000,357.960000
NaN,NaN,839.020000,331.180000,758.160000,357.960000
NaN,NaN,839.020000,331.190000,758.160000,357.960000
NaN,NaN,839.020000,331.190000,758.140000,357.960000
NaN,NaN,839.020000,331.190000,758.140000,357.960000
NaN,NaN,839.020000,331.200000,758.130000,357.970000
NaN,NaN,839.020000,331.200000,758.130000,357.970000
NaN,NaN,839.020000,331.200000,758.130000,357.970000
NaN,NaN,839.030000,331.200000,758.140000,357.970000
NaN,NaN,839.020000,331.200000,758.130000,357.960000
NaN,NaN,839.020000,331.200000,758.120000,357.960000
NaN,NaN,839.020000,331.210000,758.130000,357.970000
NaN,NaN,839.020000,331.210000,758.130000,357.950000
NaN,NaN,839.030000,331.210000,758.120000,357.960000
NaN,NaN,839.030000,331.210000,758.120000,357.960000
NaN,NaN,839.020000,331.210000,758.110000,357.960000
NaN,NaN,839.030000,331.200000,758.110000,357.950000
NaN,NaN,839.020000,331.200000,758.110000,357.950000
NaN,NaN,839.020000,331.210000,758.120000,357.960000
NaN,NaN,839.020000,331.210000,758.110000,357.960000
NaN,NaN,839.020000,331.210000,758.120000,357.960000
NaN,NaN,839.030000,331.200000,758.120000,357.960000
NaN,NaN,839.030000,331.210000,758.110000,357.950000
NaN,NaN,839.030000,331.210000,758.120000,357.950000
NaN,NaN,839.020000,331.220000,758.100000,357.960000
NaN,NaN,839.020000,331.220000,758.100000,357.940000
NaN,NaN,839.020000,331.210000,758.100000,357.940000
NaN,NaN,839.020000,331.210000,758.100000,357.950000
NaN,NaN,839.020000,331.220000,758.090000,357.960000
NaN,NaN,839.020000,331.220000,758.090000,357.950000
NaN,NaN,839.010000,331.220000,758.090000,357.950000
NaN,NaN,839.020000,331.220000,758.110000,357.940000
NaN,NaN,839.020000,331.210000,758.110000,357.940000
NaN,NaN,839.020000,331.210000,758.110000,357.950000
NaN,NaN,839.020000,331.210000,758.120000,357.950000
NaN,NaN,839.020000,331.210000,758.100000,357.950000
NaN,NaN,839.020000,331.210000,758.120000,357.950000
NaN,NaN,839.010000,331.210000,758.160000,357.950000
NaN,NaN,839.010000,331.210000,758.140000,357.950000
NaN,NaN,839.010000,331.210000,758.140000,357.950000
NaN,NaN,839.010000,331.210000,758.130000,357.960000
NaN,NaN,839.000000,331.210000,758.130000,357.960000
NaN,NaN,839.000000,331.220000,758.130000,357.930000
NaN,NaN,839.000000,331.230000,758.130000,357.920000
NaN,NaN,839.000000,331.230000,758.130000,357.930000
NaN,NaN,839.000000,331.220000,758.120000,357.940000
NaN,NaN,839.000000,331.220000,758.120000,357.930000
NaN,NaN,839.000000,331.210000,758.110000,357.940000
NaN,NaN,839.000000,331.210000,758.120000,357.930000
NaN,NaN,839.000000,331.220000,758.130000,357.930000
NaN,NaN,838.990000,331.210000,758.130000,357.930000
NaN,NaN,838.990000,331.210000,758.120000,357.920000
NaN,NaN,838.990000,331.200000,758.130000,357.930000
NaN,NaN,838.990000,331.210000,758.120000,357.920000
NaN,NaN,838.990000,331.200000,758.130000,357.920000
NaN,NaN,838.990000,331.200000,758.130000,357.910000
NaN,NaN,838.980000,331.210000,758.130000,357.910000
NaN,NaN,838.970000,331.210000,758.130000,357.880000
NaN,NaN,838.970000,331.200000,758.150000,357.910000
NaN,NaN,838.970000,331.200000,758.140000,357.900000
NaN,NaN,838.970000,331.200000,758.140000,357.890000
NaN,NaN,838.970000,331.200000,758.160000,357.890000
NaN,NaN,838.970000,331.200000,758.160000,357.900000
NaN,NaN,838.960000,331.200000,758.130000,357.900000
NaN,NaN,838.960000,331.190000,758.140000,357.900000
NaN,NaN,838.960000,331.190000,758.140000,357.890000
NaN,NaN,838.960000,331.190000,758.130000,357.880000
NaN,NaN,838.960000,331.190000,758.140000,357.890000
NaN,NaN,838.960000,331.190000,758.140000,357.880000
NaN,NaN,838.950000,331.200000,758.150000,357.880000
NaN,NaN,838.950000,331.190000,758.170000,357.880000
NaN,NaN,838.940000,331.190000,758.190000,357.870000
NaN,NaN,838.920000,331.190000,758.150000,357.860000
NaN,NaN,838.920000,331.190000,758.150000,357.860000
NaN,NaN,838.920000,331.190000,758.150000,357.860000
NaN,NaN,838.920000,331.190000,758.160000,357.880000
NaN,NaN,838.920000,331.180000,758.170000,357.880000
NaN,NaN,838.910000,331.190000,758.180000,357.880000
NaN,NaN,838.910000,331.180000,758.190000,357.880000
NaN,NaN,838.900000,331.190000,758.170000,357.880000
NaN,NaN,838.900000,331.190000,758.170000,357.880000
NaN,NaN,838.900000,331.180000,758.170000,357.890000
NaN,NaN,838.890000,331.190000,758.170000,357.890000
NaN,NaN,838.890000,331.190000,758.160000,357.890000
NaN,NaN,838.880000,331.180000,758.160000,357.890000
NaN,NaN,838.880000,331.180000,758.160000,357.880000
NaN,NaN,838.870000,331.180000,758.160000,357.870000
NaN,NaN,838.850000,331.190000,758.190000,357.850000
NaN,NaN,838.860000,331.180000,758.190000,357.860000
NaN,NaN,838.860000,331.180000,758.180000,357.870000
NaN,NaN,838.860000,331.170000,758.170000,357.870000
NaN,NaN,838.850000,331.170000,758.180000,357.860000
NaN,NaN,838.840000,331.170000,758.180000,357.850000
NaN,NaN,838.830000,331.170000,758.180000,357.850000
NaN,NaN,838.820000,331.180000,758.180000,357.860000
NaN,NaN,838.820000,331.180000,758.170000,357.870000
NaN,NaN,838.810000,331.170000,758.170000,357.860000
NaN,NaN,838.810000,331.170000,758.170000,357.850000
NaN,NaN,838.800000,331.180000,758.160000,357.860000
NaN,NaN,838.800000,331.170000,758.160000,357.850000
NaN,NaN,838.790000,331.180000,758.160000,357.870000
NaN,NaN,838.780000,331.170000,758.160000,357.870000
NaN,NaN,838.760000,331.170000,758.160000,357.870000
NaN,NaN,838.750000,331.180000,758.150000,357.870000
NaN,NaN,838.740000,331.180000,758.120000,357.870000
NaN,NaN,838.740000,331.170000,758.130000,357.870000
NaN,NaN,838.730000,331.170000,758.150000,357.880000
NaN,NaN,838.710000,331.170000,758.140000,357.870000
NaN,NaN,838.700000,331.180000,758.140000,357.880000
NaN,NaN,838.690000,331.170000,758.100000,357.890000
NaN,NaN,838.680000,331.170000,758.130000,357.890000
NaN,NaN,838.670000,331.170000,758.120000,357.880000
NaN,NaN,838.660000,331.170000,758.130000,357.880000
NaN,NaN,838.650000,331.170000,758.110000,357.860000
NaN,NaN,838.620000,331.170000,758.130000,357.870000
NaN,NaN,838.620000,331.170000,758.110000,357.860000
NaN,NaN,838.600000,331.170000,758.090000,357.880000
NaN,NaN,838.590000,331.160000,758.070000,357.880000
NaN,NaN,838.570000,331.160000,758.080000,357.880000
NaN,NaN,838.560000,331.160000,758.060000,357.880000
NaN,NaN,838.540000,331.160000,758.080000,357.880000
NaN,NaN,838.530000,331.170000,758.080000,357.880000
NaN,NaN,838.520000,331.160000,758.080000,357.870000
NaN,NaN,838.520000,331.160000,758.060000,357.880000
NaN,NaN,838.490000,331.170000,758.060000,357.880000
NaN,NaN,838.250000,331.210000,758.050000,357.880000
NaN,NaN,838.250000,331.210000,758.060000,357.890000
NaN,NaN,838.240000,331.210000,758.040000,357.890000
NaN,NaN,838.220000,331.210000,758.030000,357.890000
NaN,NaN,838.210000,331.210000,758.030000,357.890000
NaN,NaN,838.200000,331.200000,758.020000,357.890000
NaN,NaN,838.180000,331.200000,758.010000,357.880000
NaN,NaN,838.160000,331.200000,758.010000,357.880000
NaN,NaN,838.170000,331.190000,757.990000,357.890000
NaN,NaN,838.160000,331.190000,757.980000,357.890000
NaN,NaN,838.140000,331.200000,758.000000,357.890000
NaN,NaN,838.130000,331.200000,758.000000,357.880000
NaN,NaN,838.120000,331.200000,757.990000,357.900000
NaN,NaN,838.110000,331.200000,757.980000,357.900000
NaN,NaN,838.100000,331.190000,757.980000,357.910000
NaN,NaN,838.100000,331.190000,757.970000,357.900000
NaN,NaN,838.090000,331.200000,757.980000,357.900000
NaN,NaN,838.080000,331.190000,757.950000,357.890000
NaN,NaN,838.070000,331.200000,757.920000,357.880000
NaN,NaN,838.050000,331.190000,757.920000,357.890000
NaN,NaN,838.050000,331.190000,757.910000,357.890000
NaN,NaN,838.030000,331.180000,757.920000,357.900000
NaN,NaN,838.010000,331.180000,757.930000,357.890000
NaN,NaN,838.010000,331.190000,757.930000,357.880000
NaN,NaN,838.000000,331.180000,757.910000,357.890000
NaN,NaN,837.990000,331.180000,757.920000,357.900000
NaN,NaN,837.980000,331.180000,757.920000,357.900000
NaN,NaN,837.960000,331.170000,757.920000,357.890000
NaN,NaN,837.950000,331.170000,757.910000,357.880000
NaN,NaN,837.950000,331.170000,757.920000,357.890000
NaN,NaN,837.950000,331.170000,757.920000,357.890000
NaN,NaN,837.920000,331.170000,757.910000,357.900000
NaN,NaN,837.910000,331.170000,757.900000,357.900000
NaN,NaN,837.900000,331.170000,757.890000,357.900000
NaN,NaN,837.890000,331.160000,757.890000,357.910000
NaN,NaN,837.860000,331.160000,757.890000,357.910000
NaN,NaN,837.850000,331.160000,757.870000,357.910000
NaN,NaN,837.800000,331.160000,757.840000,357.880000
NaN,NaN,837.790000,331.160000,757.840000,357.890000
NaN,NaN,837.780000,331.150000,757.830000,357.870000
NaN,NaN,837.770000,331.160000,757.830000,357.890000
NaN,NaN,837.750000,331.150000,757.820000,357.890000
NaN,NaN,837.720000,331.160000,757.820000,357.900000
NaN,NaN,837.690000,331.160000,757.790000,357.880000
NaN,NaN,837.680000,331.150000,757.770000,357.880000
NaN,NaN,837.660000,331.150000,757.750000,357.880000
NaN,NaN,837.640000,331.150000,757.750000,357.860000
NaN,NaN,837.620000,331.150000,757.760000,357.860000
NaN,NaN,837.590000,331.150000,757.750000,357.860000
NaN,NaN,837.560000,331.140000,757.750000,357.880000
NaN,NaN,837.540000,331.140000,757.750000,357.870000
NaN,NaN,837.520000,331.140000,757.720000,357.860000
NaN,NaN,837.230000,331.200000,757.710000,357.830000
NaN,NaN,837.230000,331.190000,757.710000,357.830000
NaN,NaN,837.220000,331.180000,757.690000,357.830000
NaN,NaN,837.210000,331.160000,757.690000,357.840000
NaN,NaN,837.190000,331.160000,757.660000,357.830000
NaN,NaN,837.180000,331.140000,757.660000,357.830000
NaN,NaN,837.160000,331.150000,757.630000,357.820000
NaN,NaN,837.140000,331.140000,757.620000,357.830000
NaN,NaN,837.140000,331.140000,757.610000,357.830000
NaN,NaN,837.120000,331.130000,757.610000,357.820000
NaN,NaN,837.100000,331.130000,757.590000,357.820000
NaN,NaN,837.090000,331.120000,757.560000,357.810000
NaN,NaN,837.070000,331.110000,757.560000,357.810000
NaN,NaN,837.050000,331.110000,757.550000,357.810000
NaN,NaN,837.050000,331.090000,757.550000,357.810000
NaN,NaN,837.010000,331.090000,757.510000,357.790000
NaN,NaN,836.980000,331.100000,757.280000,357.730000
NaN,NaN,836.970000,331.080000,757.280000,357.750000
NaN,NaN,836.950000,331.070000,757.260000,357.740000
NaN,NaN,836.940000,331.060000,757.240000,357.740000
NaN,NaN,836.910000,331.060000,757.220000,357.730000
NaN,NaN,836.880000,331.060000,757.240000,357.730000
NaN,NaN,836.850000,331.050000,757.210000,357.730000
NaN,NaN,836.840000,331.040000,757.190000,357.730000
NaN,NaN,836.810000,331.040000,757.190000,357.720000
NaN,NaN,836.780000,331.030000,757.190000,357.710000
NaN,NaN,836.740000,331.030000,757.190000,357.690000
NaN,NaN,836.710000,331.020000,757.170000,357.680000
NaN,NaN,836.680000,331.020000,757.150000,357.680000
NaN,NaN,836.660000,331.020000,757.130000,357.680000
NaN,NaN,836.630000,331.000000,757.140000,357.650000
NaN,NaN,836.590000,331.000000,757.100000,357.640000
NaN,NaN,836.580000,330.990000,757.100000,357.650000
NaN,NaN,836.550000,330.980000,757.090000,357.660000
NaN,NaN,836.520000,330.980000,757.050000,357.640000
NaN,NaN,836.230000,331.040000,757.060000,357.660000
NaN,NaN,836.210000,331.030000,757.050000,357.660000
NaN,NaN,836.190000,331.020000,757.040000,357.660000
NaN,NaN,836.170000,331.020000,757.040000,357.660000
NaN,NaN,836.140000,331.010000,757.010000,357.660000
NaN,NaN,836.120000,331.010000,757.030000,357.640000
NaN,NaN,836.110000,331.010000,757.010000,357.640000
NaN,NaN,836.080000,331.000000,756.990000,357.630000
NaN,NaN,836.070000,330.980000,756.990000,357.630000
NaN,NaN,836.060000,330.970000,756.970000,357.640000
NaN,NaN,836.000000,330.970000,756.910000,357.640000
NaN,NaN,835.990000,330.970000,756.890000,357.640000
NaN,NaN,835.970000,330.960000,756.890000,357.660000
NaN,NaN,835.960000,330.960000,756.880000,357.660000
NaN,NaN,835.930000,330.940000,756.870000,357.640000
NaN,NaN,835.910000,330.950000,756.880000,357.650000
NaN,NaN,835.870000,330.940000,756.850000,357.660000
NaN,NaN,835.840000,330.930000,756.850000,357.650000
NaN,NaN,835.820000,330.930000,756.820000,357.660000
NaN,NaN,835.780000,330.930000,756.810000,357.650000
NaN,NaN,835.750000,330.930000,756.820000,357.670000
NaN,NaN,835.720000,330.920000,756.810000,357.650000
NaN,NaN,835.670000,330.920000,756.820000,357.660000
NaN,NaN,835.640000,330.910000,756.810000,357.650000
NaN,NaN,835.600000,330.910000,756.790000,357.630000
NaN,NaN,835.520000,330.920000,756.730000,357.650000
NaN,NaN,835.260000,330.970000,756.730000,357.640000
NaN,NaN,835.240000,330.970000,756.690000,357.660000
NaN,NaN,835.220000,330.960000,756.710000,357.670000
NaN,NaN,835.190000,330.940000,756.700000,357.660000
NaN,NaN,835.180000,330.940000,756.690000,357.660000
NaN,NaN,835.170000,330.930000,756.670000,357.640000
NaN,NaN,835.140000,330.930000,756.660000,357.640000
NaN,NaN,835.130000,330.920000,756.660000,357.650000
NaN,NaN,835.110000,330.910000,756.660000,357.650000
NaN,NaN,835.080000,330.920000,756.630000,357.640000
NaN,NaN,835.070000,330.910000,756.610000,357.610000
NaN,NaN,835.050000,330.900000,756.620000,357.640000
NaN,NaN,835.030000,330.890000,756.630000,357.630000
NaN,NaN,835.000000,330.890000,756.620000,357.640000
NaN,NaN,834.980000,330.880000,756.530000,357.620000
NaN,NaN,834.970000,330.870000,756.260000,357.490000
NaN,NaN,834.950000,330.870000,756.140000,357.270000
NaN,NaN,834.930000,330.870000,756.130000,357.280000
NaN,NaN,834.910000,330.860000,756.130000,357.270000
NaN,NaN,834.880000,330.860000,756.120000,357.270000
NaN,NaN,834.870000,330.860000,756.090000,357.280000
NaN,NaN,834.860000,330.850000,756.100000,357.280000
NaN,NaN,834.820000,330.850000,756.100000,357.270000
NaN,NaN,834.800000,330.840000,756.090000,357.250000
NaN,NaN,834.770000,330.840000,756.070000,357.260000
NaN,NaN,834.750000,330.830000,756.050000,357.260000
NaN,NaN,834.710000,330.830000,756.040000,357.290000
NaN,NaN,834.680000,330.830000,756.030000,357.290000
NaN,NaN,834.660000,330.820000,756.040000,357.270000
NaN,NaN,834.610000,330.810000,755.950000,357.260000
NaN,NaN,834.590000,330.810000,755.910000,357.250000
NaN,NaN,834.560000,330.820000,755.910000,357.250000
NaN,NaN,834.520000,330.810000,755.970000,357.260000
NaN,NaN,834.240000,330.870000,755.950000,357.240000
NaN,NaN,834.220000,330.860000,755.940000,357.250000
NaN,NaN,834.210000,330.850000,755.950000,357.250000
NaN,NaN,834.200000,330.840000,755.960000,357.230000
NaN,NaN,834.180000,330.830000,755.950000,357.240000
NaN,NaN,834.170000,330.830000,755.930000,357.230000
NaN,NaN,834.150000,330.830000,755.900000,357.220000
NaN,NaN,834.140000,330.820000,755.910000,357.250000
NaN,NaN,834.120000,330.820000,755.910000,357.220000
NaN,NaN,834.100000,330.820000,755.930000,357.240000
NaN,NaN,834.090000,330.800000,755.920000,357.250000
NaN,NaN,834.080000,330.800000,755.910000,357.240000
NaN,NaN,834.080000,330.790000,755.860000,357.220000
NaN,NaN,834.050000,330.800000,755.860000,357.210000
NaN,NaN,834.040000,330.790000,755.900000,357.210000
NaN,NaN,834.030000,330.780000,755.870000,357.230000
NaN,NaN,834.010000,330.790000,755.840000,357.220000
NaN,NaN,834.000000,330.780000,755.870000,357.230000
NaN,NaN,833.980000,330.780000,755.860000,357.230000
NaN,NaN,833.960000,330.770000,755.870000,357.220000
NaN,NaN,833.940000,330.780000,755.860000,357.220000
NaN,NaN,833.920000,330.780000,755.850000,357.220000
NaN,NaN,833.900000,330.780000,755.840000,357.240000
NaN,NaN,833.890000,330.790000,755.850000,357.260000
NaN,NaN,833.860000,330.790000,755.840000,357.250000
NaN,NaN,833.850000,330.790000,755.830000,357.240000
NaN,NaN,833.820000,330.790000,755.820000,357.210000
NaN,NaN,833.800000,330.810000,755.860000,357.250000
NaN,NaN,833.780000,330.820000,755.840000,357.240000
NaN,NaN,833.770000,330.810000,755.820000,357.260000
NaN,NaN,833.740000,330.810000,755.820000,357.250000
NaN,NaN,833.730000,330.800000,755.800000,357.230000
NaN,NaN,833.720000,330.800000,755.780000,357.240000
NaN,NaN,833.720000,330.800000,755.790000,357.230000
NaN,NaN,833.700000,330.800000,755.820000,357.230000
NaN,NaN,833.670000,330.800000,753.462389,353.322687
NaN,NaN,833.670000,330.800000,752.810000,352.880000
NaN,NaN,833.640000,330.800000,752.810000,352.860000
NaN,NaN,833.620000,330.810000,752.990000,353.000000
NaN,NaN,833.590000,330.800000,752.990000,352.990000
NaN,NaN,833.590000,330.790000,752.980000,353.000000
NaN,NaN,833.500000,330.820000,752.960000,353.010000
NaN,NaN,833.230000,330.890000,752.960000,353.010000
NaN,NaN,833.230000,330.880000,752.960000,352.990000
NaN,NaN,833.220000,330.870000,752.950000,352.990000
NaN,NaN,833.230000,330.860000,752.940000,352.990000
NaN,NaN,833.210000,330.850000,752.940000,353.000000
NaN,NaN,833.190000,330.840000,752.940000,353.000000
NaN,NaN,833.170000,330.860000,752.950000,353.000000
NaN,NaN,833.180000,330.840000,752.940000,353.000000
NaN,NaN,833.160000,330.850000,752.950000,352.990000
NaN,NaN,833.150000,330.850000,752.950000,352.990000
NaN,NaN,833.140000,330.850000,752.950000,352.990000
NaN,NaN,833.130000,330.840000,752.940000,353.000000
NaN,NaN,833.120000,330.840000,752.930000,353.000000
NaN,NaN,833.110000,330.840000,752.920000,353.000000
NaN,NaN,833.100000,330.850000,752.920000,353.010000
NaN,NaN,833.080000,330.850000,752.910000,353.000000
NaN,NaN,833.080000,330.840000,752.910000,352.990000
NaN,NaN,833.070000,330.850000,752.900000,352.990000
NaN,NaN,833.050000,330.850000,752.910000,353.000000
NaN,NaN,833.050000,330.840000,752.900000,353.000000
NaN,NaN,833.040000,330.840000,752.900000,353.000000
NaN,NaN,833.020000,330.830000,752.890000,353.000000
NaN,NaN,833.000000,330.840000,752.890000,353.000000
NaN,NaN,833.000000,330.830000,752.890000,353.000000
NaN,NaN,832.990000,330.820000,752.900000,353.000000
NaN,NaN,832.980000,330.820000,752.880000,352.990000
NaN,NaN,832.980000,330.820000,752.890000,352.990000
NaN,NaN,832.960000,330.820000,752.880000,353.000000
NaN,NaN,832.950000,330.830000,752.880000,352.990000
NaN,NaN,832.940000,330.830000,752.890000,353.000000
NaN,NaN,832.920000,330.830000,752.870000,353.000000
NaN,NaN,832.920000,330.830000,752.880000,353.000000
NaN,NaN,832.900000,330.830000,752.880000,353.000000
NaN,NaN,832.880000,330.840000,752.890000,353.000000
NaN,NaN,832.880000,330.820000,752.890000,352.990000
NaN,NaN,832.870000,330.830000,752.890000,352.990000
NaN,NaN,832.870000,330.830000,752.870000,352.990000
NaN,NaN,832.870000,330.820000,752.880000,353.000000
NaN,NaN,832.860000,330.810000,752.880000,352.990000
NaN,NaN,832.840000,330.820000,752.880000,353.000000
NaN,NaN,832.810000,330.820000,752.860000,353.000000
NaN,NaN,832.800000,330.830000,752.870000,353.000000
NaN,NaN,832.790000,330.830000,752.870000,353.000000
NaN,NaN,832.780000,330.820000,752.880000,352.990000
NaN,NaN,832.770000,330.810000,752.860000,353.010000
NaN,NaN,832.770000,330.800000,752.860000,353.010000
NaN,NaN,832.730000,330.820000,752.880000,353.000000
NaN,NaN,832.730000,330.820000,752.870000,352.990000
NaN,NaN,832.710000,330.840000,752.870000,352.990000
NaN,NaN,832.700000,330.830000,752.870000,353.000000
NaN,NaN,832.680000,330.820000,752.860000,352.990000
NaN,NaN,832.680000,330.820000,752.880000,353.000000
NaN,NaN,832.670000,330.820000,752.870000,353.000000
NaN,NaN,832.670000,330.820000,752.870000,353.000000
NaN,NaN,832.650000,330.810000,752.880000,353.010000
NaN,NaN,832.620000,330.810000,752.880000,353.000000
NaN,NaN,832.620000,330.800000,752.900000,352.990000
NaN,NaN,832.610000,330.800000,752.900000,352.980000
NaN,NaN,832.600000,330.800000,752.900000,352.990000
NaN,NaN,832.530000,330.840000,752.890000,353.010000
NaN,NaN,832.250000,330.920000,752.890000,353.010000
NaN,NaN,832.250000,330.910000,752.900000,352.990000
NaN,NaN,832.240000,330.910000,752.890000,353.000000
NaN,NaN,832.240000,330.900000,752.890000,353.000000
NaN,NaN,832.230000,330.900000,752.880000,353.000000
NaN,NaN,832.210000,330.900000,752.890000,353.000000
NaN,NaN,832.220000,330.890000,752.890000,353.000000
NaN,NaN,832.200000,330.890000,752.880000,353.010000
NaN,NaN,832.190000,330.890000,752.880000,353.000000
NaN,NaN,832.200000,330.890000,752.880000,353.000000
NaN,NaN,832.180000,330.900000,752.890000,353.000000
NaN,NaN,832.170000,330.900000,752.890000,353.000000
NaN,NaN,832.170000,330.890000,752.890000,353.000000
NaN,NaN,832.170000,330.870000,752.900000,353.000000
NaN,NaN,832.160000,330.860000,752.890000,353.010000
NaN,NaN,832.150000,330.860000,752.900000,353.000000
NaN,NaN,832.150000,330.860000,752.910000,353.000000
NaN,NaN,832.150000,330.860000,752.910000,352.990000
NaN,NaN,832.130000,330.860000,752.920000,352.980000
NaN,NaN,832.130000,330.860000,752.930000,352.980000
NaN,NaN,832.140000,330.850000,752.940000,352.980000
NaN,NaN,832.130000,330.860000,752.950000,352.980000
NaN,NaN,832.120000,330.860000,752.930000,352.980000
NaN,NaN,832.110000,330.850000,752.940000,352.980000
NaN,NaN,832.110000,330.860000,752.950000,352.970000
NaN,NaN,832.110000,330.840000,752.960000,352.970000
NaN,NaN,832.110000,330.850000,752.960000,352.970000
NaN,NaN,832.100000,330.850000,752.970000,352.970000
NaN,NaN,832.100000,330.860000,752.970000,352.960000
NaN,NaN,832.070000,330.870000,752.980000,352.970000
NaN,NaN,832.080000,330.860000,752.970000,352.970000
NaN,NaN,832.080000,330.860000,752.980000,352.960000
NaN,NaN,832.070000,330.860000,752.980000,352.950000
NaN,NaN,832.050000,330.870000,752.990000,352.950000
NaN,NaN,832.050000,330.870000,752.990000,352.950000
NaN,NaN,832.060000,330.870000,752.980000,352.950000
NaN,NaN,832.050000,330.860000,753.000000,352.950000
NaN,NaN,832.050000,330.870000,753.000000,352.960000
NaN,NaN,832.050000,330.870000,753.010000,352.970000
NaN,NaN,832.040000,330.870000,753.010000,352.960000
NaN,NaN,832.040000,330.870000,753.020000,352.960000
NaN,NaN,832.040000,330.880000,753.020000,352.960000
NaN,NaN,832.040000,330.870000,753.010000,352.960000
NaN,NaN,832.030000,330.870000,753.010000,352.940000
NaN,NaN,832.030000,330.880000,753.030000,352.950000
NaN,NaN,832.020000,330.880000,753.020000,352.940000
NaN,NaN,832.030000,330.880000,753.020000,352.940000
NaN,NaN,832.020000,330.890000,753.030000,352.950000
NaN,NaN,832.020000,330.880000,753.030000,352.950000
NaN,NaN,832.010000,330.900000,753.040000,352.950000
NaN,NaN,832.020000,330.900000,753.050000,352.950000
NaN,NaN,832.000000,330.910000,753.040000,352.940000
NaN,NaN,832.010000,330.900000,753.050000,352.930000
NaN,NaN,832.010000,330.900000,753.050000,352.940000
NaN,NaN,832.000000,330.900000,753.040000,352.950000
NaN,NaN,832.000000,330.900000,753.060000,352.950000
NaN,NaN,832.000000,330.900000,753.050000,352.940000
NaN,NaN,832.000000,330.910000,753.050000,352.940000
NaN,NaN,831.990000,330.920000,753.060000,352.950000
NaN,NaN,831.990000,330.920000,753.070000,352.940000
NaN,NaN,831.990000,330.910000,753.060000,352.940000
NaN,NaN,831.980000,330.920000,753.070000,352.940000
NaN,NaN,831.970000,330.930000,753.080000,352.940000
NaN,NaN,831.970000,330.930000,753.080000,352.950000
NaN,NaN,831.970000,330.920000,753.090000,352.940000
NaN,NaN,831.970000,330.930000,753.090000,352.950000
NaN,NaN,831.960000,330.930000,753.080000,352.950000
NaN,NaN,831.960000,330.940000,753.090000,352.960000
NaN,NaN,831.950000,330.940000,753.080000,352.960000
NaN,NaN,831.960000,330.940000,753.090000,352.960000
NaN,NaN,831.960000,330.930000,753.090000,352.960000
NaN,NaN,831.970000,330.930000,753.090000,352.960000
NaN,NaN,831.960000,330.940000,753.100000,352.960000
NaN,NaN,831.960000,330.950000,753.090000,352.950000
NaN,NaN,831.960000,330.950000,753.090000,352.950000
NaN,NaN,831.950000,330.950000,753.110000,352.950000
NaN,NaN,831.930000,330.970000,753.100000,352.960000
NaN,NaN,831.940000,330.960000,753.100000,352.960000
NaN,NaN,831.940000,330.960000,753.110000,352.960000
NaN,NaN,831.930000,330.950000,753.110000,352.960000
NaN,NaN,831.930000,330.960000,753.120000,352.970000
NaN,NaN,831.920000,330.970000,753.120000,352.970000
NaN,NaN,831.920000,330.960000,753.140000,352.960000
NaN,NaN,831.920000,330.970000,753.160000,352.960000
NaN,NaN,831.920000,330.980000,753.140000,352.960000
NaN,NaN,831.900000,330.980000,753.160000,352.970000
NaN,NaN,831.900000,330.970000,753.160000,352.960000
NaN,NaN,831.900000,330.980000,753.160000,352.970000
NaN,NaN,831.900000,330.980000,753.160000,352.960000
NaN,NaN,831.890000,330.990000,753.170000,352.960000
NaN,NaN,831.880000,330.990000,753.170000,352.970000
NaN,NaN,831.880000,330.990000,753.170000,352.960000
NaN,NaN,831.880000,331.000000,753.180000,352.960000
NaN,NaN,831.880000,331.000000,753.170000,352.950000
NaN,NaN,831.870000,331.000000,753.190000,352.950000
NaN,NaN,831.870000,331.010000,753.190000,352.970000
NaN,NaN,831.860000,331.010000,753.180000,352.960000
NaN,NaN,831.860000,331.000000,753.210000,352.970000
NaN,NaN,831.850000,331.010000,753.210000,352.960000
NaN,NaN,831.840000,331.020000,753.220000,352.960000
NaN,NaN,831.840000,331.020000,753.220000,352.960000
NaN,NaN,831.840000,331.010000,753.230000,352.960000
NaN,NaN,831.830000,331.020000,753.230000,352.960000
NaN,NaN,831.830000,331.010000,753.220000,352.950000
NaN,NaN,831.800000,331.030000,753.230000,352.960000
NaN,NaN,831.800000,331.020000,753.240000,352.950000
NaN,NaN,831.800000,331.020000,753.240000,352.950000
NaN,NaN,831.800000,331.010000,753.260000,352.960000
NaN,NaN,831.800000,331.020000,753.260000,352.950000
NaN,NaN,831.780000,331.020000,753.260000,352.950000
NaN,NaN,831.770000,331.030000,753.260000,352.970000
NaN,NaN,831.770000,331.020000,753.300000,352.970000
NaN,NaN,831.760000,331.020000,753.290000,352.960000
NaN,NaN,831.760000,331.020000,753.300000,352.960000
NaN,NaN,831.750000,331.020000,753.320000,352.970000
NaN,NaN,831.750000,331.010000,753.310000,352.970000
NaN,NaN,831.730000,331.020000,753.300000,352.960000
NaN,NaN,831.720000,331.010000,753.310000,352.960000
NaN,NaN,831.720000,331.010000,753.310000,352.950000
NaN,NaN,831.690000,331.010000,753.290000,352.960000
NaN,NaN,831.680000,331.000000,753.320000,352.970000
NaN,NaN,831.670000,331.010000,753.340000,352.970000
NaN,NaN,831.660000,331.010000,753.370000,352.970000
NaN,NaN,831.670000,331.000000,753.370000,352.970000
NaN,NaN,831.660000,331.000000,753.380000,352.960000
NaN,NaN,831.630000,331.010000,753.380000,352.960000
NaN,NaN,831.620000,331.000000,753.370000,352.950000
NaN,NaN,831.610000,331.000000,753.370000,352.940000
NaN,NaN,831.600000,330.980000,753.370000,352.940000
NaN,NaN,831.570000,330.990000,753.370000,352.940000
NaN,NaN,831.560000,330.980000,753.400000,352.940000
NaN,NaN,831.540000,330.990000,753.430000,352.950000
NaN,NaN,831.500000,330.990000,753.420000,352.950000
NaN,NaN,831.230000,331.060000,753.430000,352.950000
NaN,NaN,831.210000,331.080000,753.430000,352.940000
NaN,NaN,831.190000,331.070000,753.480000,352.950000
NaN,NaN,831.180000,331.050000,753.900000,353.060000
NaN,NaN,831.180000,331.030000,753.910000,353.060000
NaN,NaN,831.170000,331.030000,753.910000,353.060000
NaN,NaN,831.160000,331.020000,753.910000,353.050000
NaN,NaN,831.150000,331.010000,753.940000,353.040000
NaN,NaN,831.150000,330.990000,753.930000,353.040000
NaN,NaN,831.130000,330.990000,753.930000,353.040000
NaN,NaN,831.120000,330.980000,753.940000,353.050000
NaN,NaN,831.100000,330.970000,753.930000,353.040000
NaN,NaN,831.100000,330.950000,753.940000,353.040000
NaN,NaN,831.080000,330.940000,753.940000,353.040000
NaN,NaN,831.070000,330.930000,753.940000,353.050000
NaN,NaN,831.070000,330.910000,753.940000,353.050000
NaN,NaN,831.050000,330.890000,753.970000,353.030000
NaN,NaN,831.040000,330.880000,753.970000,353.040000
NaN,NaN,831.040000,330.860000,753.970000,353.040000
NaN,NaN,831.020000,330.850000,753.980000,353.050000
NaN,NaN,831.010000,330.820000,753.980000,353.050000
NaN,NaN,831.010000,330.810000,753.980000,353.040000
NaN,NaN,830.990000,330.800000,753.980000,353.050000
NaN,NaN,830.980000,330.770000,753.980000,353.050000
NaN,NaN,830.960000,330.760000,753.990000,353.040000
NaN,NaN,830.950000,330.750000,753.980000,353.040000
NaN,NaN,830.930000,330.720000,753.980000,353.040000
NaN,NaN,830.930000,330.710000,753.970000,353.040000
NaN,NaN,830.920000,330.680000,753.980000,353.040000
NaN,NaN,830.900000,330.660000,753.980000,353.050000
NaN,NaN,830.880000,330.650000,753.990000,353.040000
NaN,NaN,830.860000,330.590000,753.970000,353.030000
NaN,NaN,830.840000,330.580000,753.990000,353.040000
NaN,NaN,830.840000,330.550000,754.010000,353.030000
NaN,NaN,830.830000,330.520000,754.000000,353.030000
NaN,NaN,830.890000,330.300000,753.990000,353.030000
NaN,NaN,830.870000,330.280000,754.000000,353.020000
NaN,NaN,830.850000,330.260000,754.000000,353.030000
NaN,NaN,830.820000,330.250000,753.990000,353.030000
NaN,NaN,830.800000,330.200000,753.990000,353.040000
NaN,NaN,830.780000,330.190000,754.000000,353.030000
NaN,NaN,830.750000,330.180000,754.010000,353.030000
NaN,NaN,830.710000,330.160000,754.010000,353.030000
NaN,NaN,830.680000,330.160000,754.010000,353.030000
NaN,NaN,830.650000,330.140000,754.020000,353.030000
NaN,NaN,830.620000,330.120000,754.010000,353.030000
NaN,NaN,830.580000,330.090000,754.000000,353.030000
NaN,NaN,830.520000,330.090000,754.000000,353.020000
NaN,NaN,830.200000,330.190000,754.000000,353.020000
NaN,NaN,830.170000,330.180000,754.020000,353.030000
NaN,NaN,830.160000,330.160000,754.010000,353.010000
NaN,NaN,830.170000,330.130000,754.020000,353.020000
NaN,NaN,830.150000,330.100000,754.020000,353.030000
NaN,NaN,830.130000,330.090000,754.030000,353.030000
NaN,NaN,830.110000,330.080000,754.020000,353.020000
NaN,NaN,830.100000,330.060000,754.030000,353.020000
NaN,NaN,830.090000,330.050000,754.030000,353.020000
NaN,NaN,830.080000,330.020000,754.040000,353.030000
NaN,NaN,830.060000,330.010000,754.030000,353.020000
NaN,NaN,830.050000,329.990000,754.030000,353.010000
NaN,NaN,830.030000,329.980000,754.040000,353.020000
NaN,NaN,830.010000,329.940000,754.050000,353.000000
NaN,NaN,829.990000,329.940000,754.040000,353.010000
NaN,NaN,829.970000,329.930000,754.060000,352.990000
NaN,NaN,829.970000,329.910000,754.060000,352.990000
NaN,NaN,829.950000,329.890000,754.060000,353.000000
NaN,NaN,829.940000,329.880000,754.060000,353.000000
NaN,NaN,829.940000,329.870000,754.060000,353.000000
NaN,NaN,829.920000,329.830000,754.080000,353.000000
NaN,NaN,829.890000,329.820000,754.070000,352.990000
NaN,NaN,829.850000,329.810000,754.080000,352.990000
NaN,NaN,829.830000,329.790000,754.080000,352.990000
NaN,NaN,829.810000,329.790000,754.090000,353.000000
NaN,NaN,829.790000,329.770000,754.080000,353.010000
NaN,NaN,829.750000,329.760000,754.080000,353.000000
NaN,NaN,829.740000,329.730000,754.090000,353.000000
NaN,NaN,829.690000,329.710000,754.100000,353.000000
NaN,NaN,829.650000,329.720000,754.110000,352.990000
NaN,NaN,829.610000,329.690000,754.090000,352.990000
NaN,NaN,829.600000,329.670000,754.080000,352.990000
NaN,NaN,829.570000,329.660000,754.100000,353.000000
NaN,NaN,829.520000,329.660000,754.100000,353.000000
NaN,NaN,829.150000,329.770000,754.090000,352.990000
NaN,NaN,829.130000,329.740000,754.090000,353.000000
NaN,NaN,829.100000,329.730000,754.110000,352.990000
NaN,NaN,829.090000,329.700000,754.120000,353.010000
NaN,NaN,829.050000,329.680000,754.120000,353.010000
NaN,NaN,829.040000,329.650000,754.130000,353.010000
NaN,NaN,829.020000,329.630000,754.130000,353.010000
NaN,NaN,829.010000,329.600000,754.130000,353.010000
NaN,NaN,829.010000,329.590000,754.130000,353.000000
NaN,NaN,828.980000,329.540000,754.130000,352.980000
NaN,NaN,829.050000,329.320000,754.130000,352.990000
NaN,NaN,829.030000,329.300000,754.140000,353.000000
NaN,NaN,829.020000,329.290000,754.140000,352.990000
NaN,NaN,829.000000,329.250000,754.140000,352.990000
NaN,NaN,828.990000,329.240000,754.130000,352.990000
NaN,NaN,828.990000,329.200000,754.150000,353.000000
NaN,NaN,828.960000,329.200000,754.150000,353.000000
NaN,NaN,828.930000,329.190000,754.140000,352.990000
NaN,NaN,828.930000,329.170000,754.140000,352.990000
NaN,NaN,828.900000,329.160000,754.130000,353.000000
NaN,NaN,828.890000,329.130000,754.140000,352.990000
NaN,NaN,828.880000,329.120000,754.150000,352.990000
NaN,NaN,828.870000,329.100000,754.140000,352.990000
NaN,NaN,828.830000,329.100000,754.130000,352.990000
NaN,NaN,828.790000,329.070000,754.170000,352.990000
NaN,NaN,828.770000,329.070000,754.130000,352.990000
NaN,NaN,828.760000,329.050000,754.130000,352.990000
NaN,NaN,828.740000,329.050000,754.140000,353.000000
NaN,NaN,828.700000,329.050000,754.140000,352.990000
NaN,NaN,828.660000,329.030000,754.130000,353.000000
NaN,NaN,828.640000,329.020000,754.140000,352.990000
NaN,NaN,828.630000,329.000000,754.160000,353.000000
NaN,NaN,828.600000,328.990000,754.140000,352.990000
NaN,NaN,828.540000,328.990000,754.160000,353.010000
NaN,NaN,828.140000,329.100000,754.170000,353.010000
NaN,NaN,828.110000,329.080000,754.160000,352.990000
NaN,NaN,828.080000,329.060000,754.160000,352.990000
NaN,NaN,828.040000,329.050000,754.180000,352.990000
NaN,NaN,828.020000,329.030000,754.160000,352.990000
NaN,NaN,827.950000,329.020000,754.170000,352.970000
NaN,NaN,827.940000,329.000000,754.150000,352.990000
NaN,NaN,827.940000,328.980000,754.150000,352.990000
NaN,NaN,827.910000,328.960000,754.130000,352.980000
NaN,NaN,827.890000,328.950000,754.160000,352.990000
NaN,NaN,827.850000,328.930000,754.130000,352.990000
NaN,NaN,827.840000,328.900000,754.150000,353.010000
NaN,NaN,827.820000,328.900000,754.150000,353.010000
NaN,NaN,827.790000,328.890000,754.150000,353.000000
NaN,NaN,827.760000,328.860000,754.150000,353.000000
NaN,NaN,827.750000,328.830000,754.160000,353.000000
NaN,NaN,827.720000,328.800000,754.140000,352.990000
NaN,NaN,827.680000,328.780000,754.170000,353.000000
NaN,NaN,827.660000,328.750000,754.150000,352.990000
NaN,NaN,827.600000,328.750000,754.150000,352.990000
NaN,NaN,827.520000,328.740000,754.150000,352.980000
NaN,NaN,827.120000,328.860000,754.150000,352.990000
NaN,NaN,827.080000,328.850000,754.130000,352.980000
NaN,NaN,827.070000,328.830000,754.130000,352.980000
NaN,NaN,827.030000,328.810000,754.130000,352.970000
NaN,NaN,827.010000,328.780000,754.150000,352.980000
NaN,NaN,827.000000,328.730000,754.140000,352.980000
NaN,NaN,826.980000,328.700000,754.150000,352.990000
NaN,NaN,826.950000,328.680000,754.170000,352.980000
NaN,NaN,826.940000,328.650000,754.170000,352.980000
NaN,NaN,826.910000,328.630000,754.150000,352.980000
NaN,NaN,826.900000,328.570000,754.150000,352.980000
NaN,NaN,826.870000,328.570000,754.180000,352.980000
NaN,NaN,826.890000,328.470000,754.160000,352.980000
NaN,NaN,826.930000,328.290000,754.180000,352.980000
NaN,NaN,826.880000,328.260000,754.150000,352.950000
NaN,NaN,826.870000,328.220000,754.150000,352.970000
NaN,NaN,826.840000,328.190000,754.170000,352.950000
NaN,NaN,826.840000,328.140000,754.180000,352.970000
NaN,NaN,826.810000,328.100000,754.160000,352.960000
NaN,NaN,826.760000,328.090000,754.170000,352.960000
NaN,NaN,826.690000,328.070000,754.180000,352.980000
NaN,NaN,826.690000,328.040000,754.160000,352.970000
NaN,NaN,826.630000,328.030000,754.200000,352.980000
NaN,NaN,826.600000,328.000000,754.170000,352.970000
NaN,NaN,826.560000,327.970000,754.180000,352.970000
NaN,NaN,826.430000,327.990000,754.190000,352.960000
NaN,NaN,826.080000,328.070000,754.200000,352.960000
NaN,NaN,826.050000,328.040000,754.200000,352.970000
NaN,NaN,826.030000,328.020000,754.200000,352.960000
NaN,NaN,825.980000,328.010000,754.200000,352.960000
NaN,NaN,825.950000,327.980000,754.200000,352.950000
NaN,NaN,825.930000,327.970000,754.210000,352.960000
NaN,NaN,825.900000,327.960000,754.200000,352.960000
NaN,NaN,825.880000,327.930000,754.190000,352.950000
NaN,NaN,825.850000,327.890000,754.170000,352.930000
NaN,NaN,825.810000,327.870000,754.160000,352.940000
NaN,NaN,825.780000,327.830000,754.190000,352.960000
NaN,NaN,825.750000,327.810000,754.170000,352.960000
NaN,NaN,825.720000,327.780000,754.190000,352.960000
NaN,NaN,825.680000,327.770000,754.200000,352.960000
NaN,NaN,825.630000,327.730000,754.170000,352.970000
NaN,NaN,825.560000,327.720000,754.170000,352.970000
NaN,NaN,825.150000,327.820000,754.190000,352.970000
NaN,NaN,825.120000,327.770000,754.190000,352.970000
NaN,NaN,825.050000,327.760000,754.190000,352.960000
NaN,NaN,825.030000,327.730000,754.170000,352.960000
NaN,NaN,825.020000,327.680000,754.180000,352.960000
NaN,NaN,824.990000,327.660000,754.200000,352.960000
NaN,NaN,824.980000,327.610000,754.190000,352.940000
NaN,NaN,824.950000,327.570000,754.200000,352.950000
NaN,NaN,824.960000,327.480000,754.230000,352.960000
NaN,NaN,825.000000,327.300000,754.210000,352.960000
NaN,NaN,824.950000,327.250000,754.210000,352.970000
NaN,NaN,824.930000,327.250000,754.220000,352.960000
NaN,NaN,824.900000,327.210000,754.220000,352.950000
NaN,NaN,824.830000,327.170000,754.220000,352.950000
NaN,NaN,824.820000,327.120000,754.210000,352.940000
NaN,NaN,824.730000,327.100000,754.210000,352.960000
NaN,NaN,824.720000,327.070000,754.210000,352.960000
NaN,NaN,824.610000,327.060000,754.170000,352.940000
NaN,NaN,824.590000,327.020000,754.200000,352.960000
NaN,NaN,824.430000,327.020000,754.180000,352.950000
NaN,NaN,824.090000,327.080000,754.200000,352.960000
NaN,NaN,824.040000,327.050000,754.210000,352.970000
NaN,NaN,824.010000,327.020000,754.200000,352.970000
NaN,NaN,823.950000,326.990000,754.200000,352.970000
NaN,NaN,823.900000,326.960000,754.170000,352.950000
NaN,NaN,823.850000,326.910000,754.200000,352.950000
NaN,NaN,823.800000,326.900000,754.190000,352.960000
NaN,NaN,823.740000,326.870000,754.190000,352.960000
NaN,NaN,823.700000,326.790000,754.220000,352.970000
NaN,NaN,823.640000,326.770000,754.210000,352.960000
NaN,NaN,823.530000,326.700000,754.170000,352.970000
NaN,NaN,823.110000,326.790000,754.180000,352.970000
NaN,NaN,823.060000,326.700000,754.160000,352.950000
NaN,NaN,823.020000,326.660000,754.200000,352.960000
NaN,NaN,822.970000,326.630000,754.200000,352.970000
NaN,NaN,822.930000,326.510000,754.210000,352.970000
NaN,NaN,822.990000,326.310000,754.200000,352.970000
NaN,NaN,822.900000,326.270000,754.190000,352.960000
NaN,NaN,822.870000,326.210000,754.180000,352.960000
NaN,NaN,822.780000,326.150000,754.170000,352.960000
NaN,NaN,822.700000,326.100000,754.190000,352.960000
NaN,NaN,822.610000,326.050000,754.170000,352.960000
NaN,NaN,822.410000,326.020000,754.170000,352.960000
NaN,NaN,822.040000,326.040000,754.160000,352.960000
NaN,NaN,821.950000,326.000000,754.160000,352.960000
NaN,NaN,821.890000,325.940000,754.170000,352.950000
NaN,NaN,821.820000,325.900000,754.170000,352.960000
NaN,NaN,821.720000,325.850000,754.170000,352.970000
NaN,NaN,821.640000,325.790000,754.120000,352.940000
NaN,NaN,821.540000,325.760000,754.150000,352.970000
NaN,NaN,821.100000,325.780000,754.160000,352.980000
NaN,NaN,820.990000,325.690000,754.180000,352.970000
NaN,NaN,820.940000,325.600000,754.180000,352.980000
NaN,NaN,820.870000,325.480000,754.180000,352.980000
NaN,NaN,820.880000,325.260000,754.170000,352.980000
NaN,NaN,820.750000,325.210000,754.160000,352.970000
NaN,NaN,820.700000,325.110000,754.150000,352.980000
NaN,NaN,820.530000,325.060000,754.110000,352.970000
NaN,NaN,820.070000,325.080000,754.110000,352.970000
NaN,NaN,819.950000,325.020000,754.080000,352.960000
NaN,NaN,819.830000,324.950000,754.090000,352.970000
NaN,NaN,819.700000,324.890000,754.100000,352.970000
NaN,NaN,819.580000,324.840000,754.050000,352.970000
NaN,NaN,819.080000,324.880000,754.060000,352.980000
NaN,NaN,818.980000,324.800000,754.100000,352.990000
NaN,NaN,818.860000,324.720000,754.100000,352.990000
NaN,NaN,818.770000,324.630000,754.100000,353.000000
NaN,NaN,818.660000,324.470000,754.090000,352.990000
NaN,NaN,818.620000,324.200000,754.090000,352.990000
NaN,NaN,818.490000,324.130000,754.070000,352.980000
NaN,NaN,818.070000,324.140000,754.090000,352.990000
NaN,NaN,817.990000,324.050000,754.090000,352.980000
NaN,NaN,817.910000,323.980000,754.060000,352.990000
NaN,NaN,817.810000,323.900000,754.080000,352.990000
NaN,NaN,817.700000,323.810000,754.080000,353.000000
NaN,NaN,817.530000,323.730000,754.090000,353.010000
NaN,NaN,817.020000,323.740000,754.090000,353.010000
NaN,NaN,816.910000,323.650000,754.110000,353.000000
NaN,NaN,816.760000,323.510000,754.070000,353.000000
NaN,NaN,816.740000,323.220000,754.060000,353.010000
NaN,NaN,816.660000,323.110000,754.060000,353.000000
NaN,NaN,816.520000,323.020000,754.050000,353.000000
NaN,NaN,816.020000,323.070000,754.050000,353.000000
NaN,NaN,815.880000,323.010000,754.060000,353.000000
NaN,NaN,815.710000,322.930000,754.040000,353.000000
NaN,NaN,815.610000,322.860000,754.040000,353.010000
NaN,NaN,815.100000,322.850000,754.060000,353.010000
NaN,NaN,814.940000,322.720000,754.040000,353.000000
NaN,NaN,814.830000,322.640000,754.040000,353.010000
NaN,NaN,814.830000,322.460000,754.040000,353.010000
813.334784,320.910490,814.820000,322.060000,754.020000,353.010000
811.446916,321.154191,814.700000,321.930000,754.010000,353.010000
810.098438,322.372694,814.770000,321.830000,754.020000,353.010000
809.019657,322.616395,813.874175,322.860096,754.040000,353.020000
806.862093,324.078600,813.890000,322.980000,754.050000,353.040000
804.165138,326.028205,813.860000,322.910000,754.040000,353.030000
802.816661,327.003008,813.820000,322.810000,754.050000,353.040000
798.501533,327.977811,813.770000,322.670000,754.040000,353.030000
794.725796,329.683716,813.670000,322.510000,754.050000,353.030000
790.140973,332.364424,813.630000,322.270000,754.030000,353.030000
787.444019,334.070329,813.540000,322.240000,754.030000,353.030000
783.668282,336.751037,813.210000,322.210000,754.020000,353.020000
779.622850,339.188045,813.160000,322.130000,753.990000,353.030000
777.465286,341.381351,813.040000,322.060000,754.010000,353.040000
772.610768,342.112453,812.970000,322.040000,753.960000,353.080000
768.295640,344.549461,812.890000,321.980000,754.000000,353.090000
764.250208,345.767964,812.830000,321.970000,753.960000,353.140000
761.553253,348.204972,812.710000,321.930000,753.930000,353.130000
761.283558,348.204972,812.660000,321.900000,753.960000,353.110000
758.316908,348.692373,812.500000,321.830000,753.990000,353.110000
760.744167,347.961271,812.070000,321.580000,754.010000,353.060000
763.171426,346.986468,811.930000,321.170000,754.070000,353.030000
764.789599,345.767964,811.800000,321.080000,754.070000,353.100000
766.677467,344.793161,811.650000,321.000000,754.050000,353.080000
766.677467,344.793161,811.540000,320.940000,753.990000,352.990000
766.947163,344.793161,811.070000,320.870000,753.950000,353.120000
766.947163,344.793161,810.940000,320.810000,753.940000,353.140000
767.486554,343.574658,810.740000,320.770000,753.970000,353.170000
767.486554,343.574658,810.680000,320.700000,753.990000,353.160000
768.295640,342.843556,810.540000,320.640000,753.960000,353.150000
769.104726,342.356154,810.098438,320.179388,753.940000,353.150000
771.262290,341.625052,809.910000,319.980000,753.960000,353.130000
772.610768,341.137651,809.790000,319.940000,753.930000,353.110000
773.150159,340.893950,809.640000,319.910000,753.900000,353.070000
773.959245,339.675446,809.400000,319.880000,753.950000,353.080000
773.959245,339.188045,809.250000,319.870000,753.960000,353.090000
773.959245,338.944344,809.190000,319.860000,753.970000,353.080000
775.577418,337.238439,809.070000,319.850000,753.970000,353.080000
776.386504,336.507337,809.000000,319.840000,753.940000,353.080000
776.925895,336.019935,808.910000,319.860000,753.940000,353.070000
776.925895,336.019935,808.820000,319.820000,753.940000,353.090000
776.925895,336.019935,808.710000,319.780000,753.950000,353.100000
776.925895,336.019935,808.650000,319.740000,753.930000,353.090000
776.925895,336.019935,808.540000,319.700000,753.970000,353.090000
777.465286,335.776235,808.350000,319.650000,753.960000,353.100000
777.465286,335.776235,808.240000,319.600000,753.970000,353.110000
777.465286,335.776235,808.160000,319.580000,753.960000,353.110000
777.465286,335.776235,808.080000,319.550000,753.890000,353.110000
776.386504,336.263636,808.020000,319.520000,753.900000,353.140000
773.689550,336.751037,807.920000,319.350000,753.880000,353.150000
772.610768,336.994738,807.870000,319.380000,753.860000,353.170000
770.992595,337.482140,807.780000,319.360000,753.870000,353.160000
770.453204,337.482140,807.650000,319.290000,753.880000,353.170000
770.183508,337.725840,807.570000,319.190000,753.880000,353.150000
769.644117,337.725840,807.390000,319.120000,753.880000,353.170000
768.835031,338.213242,807.300000,319.090000,753.890000,353.170000
768.835031,338.213242,807.260000,319.040000,753.910000,353.180000
768.565336,338.456943,807.180000,319.000000,753.900000,353.170000
768.565336,338.456943,807.030000,318.960000,753.890000,353.180000
768.025945,338.700643,807.030000,318.940000,753.890000,353.170000
768.025945,338.700643,806.960000,318.880000,753.840000,353.170000
768.025945,338.700643,806.840000,318.820000,753.830000,353.190000
768.025945,338.700643,806.790000,318.780000,753.860000,353.190000
768.025945,338.700643,806.720000,318.710000,753.840000,353.170000
768.025945,338.700643,806.590000,318.650000,753.850000,353.160000
768.835031,338.456943,806.410000,318.510000,753.850000,353.170000
769.644117,337.238439,806.310000,318.180000,753.870000,353.160000
771.801681,336.263636,806.200000,318.120000,753.870000,353.160000
771.801681,336.263636,806.180000,318.020000,753.880000,353.150000
774.498636,335.045132,806.110000,317.980000,753.870000,353.150000
775.847113,335.045132,806.100000,317.950000,753.840000,353.140000
778.544068,334.314030,806.000000,317.930000,753.860000,353.150000
778.544068,334.314030,805.960000,317.870000,753.870000,353.150000
778.544068,334.314030,805.970000,317.810000,753.880000,353.160000
778.813764,334.070329,805.860000,317.720000,753.870000,353.160000
779.353154,333.339227,805.910000,317.700000,753.890000,353.180000
779.353154,333.339227,805.820000,317.540000,753.870000,353.180000
779.892545,332.364424,805.650000,317.010000,753.880000,353.180000
779.892545,332.120724,805.510000,316.900000,753.860000,353.190000
779.892545,332.120724,805.370000,316.820000,753.870000,353.160000
779.892545,332.120724,805.340000,316.770000,753.870000,353.170000
780.431936,331.389621,805.250000,316.650000,753.870000,353.180000
780.431936,331.389621,805.300000,316.640000,753.850000,353.190000
780.431936,331.145921,805.310000,316.650000,753.870000,353.200000
780.431936,331.145921,805.210000,316.350000,753.850000,353.210000
780.701632,329.927417,805.080000,315.820000,753.810000,353.200000
780.701632,328.952614,805.010000,315.290000,753.800000,353.200000
780.701632,328.708913,805.010000,315.120000,753.840000,353.220000
780.701632,328.708913,804.950000,314.970000,753.830000,353.240000
780.701632,328.708913,804.990000,314.910000,753.830000,353.240000
780.701632,328.708913,805.000000,314.880000,753.820000,353.220000
780.701632,328.708913,804.950000,314.730000,753.830000,353.210000
780.701632,328.708913,804.900000,314.600000,753.830000,353.250000
780.701632,328.708913,804.920000,314.120000,753.770000,353.230000
780.701632,328.708913,804.930000,314.040000,753.780000,353.230000
780.701632,328.708913,804.970000,314.000000,753.790000,353.230000
780.701632,328.708913,804.930000,314.050000,753.800000,353.240000
780.701632,328.708913,804.970000,313.950000,753.840000,353.270000
780.971327,327.734110,804.940000,313.940000,753.830000,353.260000
781.780414,327.003008,804.950000,313.860000,753.800000,353.240000
781.780414,327.003008,804.920000,313.850000,753.830000,353.250000
781.780414,325.540804,804.870000,313.810000,753.810000,353.230000
781.780414,325.540804,804.890000,313.770000,753.830000,353.230000
781.780414,325.540804,804.890000,313.770000,753.820000,353.240000
785.286455,322.372694,804.930000,313.750000,753.800000,353.240000
785.286455,324.078600,804.880000,313.720000,753.790000,353.250000
785.286455,324.078600,804.840000,313.760000,753.800000,353.230000
785.286455,324.078600,804.830000,313.750000,753.790000,353.230000
786.634932,322.616395,804.830000,313.720000,753.790000,353.250000
786.634932,322.128994,804.920000,313.770000,753.810000,353.240000
787.174323,321.885293,804.900000,313.690000,753.830000,353.240000
788.522801,321.885293,804.910000,313.650000,753.820000,353.240000
789.331887,321.641592,804.970000,313.450000,753.790000,353.240000
789.601582,321.397892,804.950000,312.830000,753.810000,353.270000
790.410669,321.397892,805.000000,312.130000,753.770000,353.260000
790.680364,321.397892,805.040000,311.790000,753.780000,353.260000
791.219755,321.397892,805.100000,311.800000,753.780000,353.260000
791.219755,321.397892,805.170000,312.190000,753.780000,353.270000
791.219755,321.397892,805.160000,312.130000,753.780000,353.270000
791.219755,321.397892,805.200000,312.120000,753.810000,353.270000
791.219755,321.397892,805.300000,312.030000,753.750000,353.260000
791.219755,321.397892,805.320000,312.000000,753.740000,353.260000
791.489451,321.397892,805.280000,311.980000,753.710000,353.260000
791.759146,321.154191,805.280000,312.050000,753.750000,353.290000
792.837928,319.691986,805.300000,312.060000,753.790000,353.290000
793.107624,319.448286,805.310000,312.040000,753.780000,353.300000
793.107624,319.448286,805.400000,312.000000,753.770000,353.290000
793.107624,319.448286,805.500000,311.990000,753.740000,353.290000
793.107624,319.448286,805.640000,311.920000,753.780000,353.320000
793.647015,319.448286,805.700000,311.910000,753.800000,353.340000
793.647015,319.448286,805.750000,311.890000,753.780000,353.350000
793.647015,319.448286,805.790000,311.840000,753.760000,353.340000
793.647015,319.448286,805.860000,311.850000,753.770000,353.320000
793.647015,319.448286,805.890000,311.840000,753.760000,353.320000
793.647015,319.448286,805.950000,311.790000,753.780000,353.360000
793.647015,319.448286,806.000000,311.920000,753.800000,353.360000
793.647015,319.448286,805.950000,311.940000,753.750000,353.320000
793.647015,319.448286,806.030000,311.830000,753.810000,353.380000
793.647015,319.448286,806.020000,311.850000,753.760000,353.340000
793.647015,319.448286,806.040000,311.900000,753.790000,353.390000
793.647015,319.448286,806.120000,311.950000,753.780000,353.390000
793.916710,319.448286,806.130000,311.980000,753.820000,353.390000
794.456101,319.448286,806.210000,312.060000,753.830000,353.400000
795.265187,319.448286,806.270000,312.020000,753.760000,353.370000
795.265187,319.448286,806.240000,312.030000,753.760000,353.400000
796.343969,319.448286,806.310000,312.050000,753.750000,353.390000
796.613665,319.448286,806.420000,312.020000,753.740000,353.390000
796.883360,319.448286,806.620000,311.970000,753.770000,353.390000
797.422751,319.448286,806.670000,312.030000,753.810000,353.430000
797.422751,319.448286,806.690000,312.150000,753.760000,353.410000
797.692447,319.448286,806.730000,312.170000,753.780000,353.420000
798.231838,319.448286,806.790000,312.170000,753.780000,353.440000
798.231838,319.448286,806.930000,312.080000,753.790000,353.470000
798.501533,319.448286,806.920000,312.100000,753.770000,353.480000
798.771229,319.448286,806.920000,312.100000,753.770000,353.500000
799.310619,318.960884,806.960000,312.160000,754.100000,353.920000
799.850010,318.960884,806.960000,312.050000,754.090000,353.910000
800.389401,318.960884,806.970000,311.970000,754.070000,353.910000
800.389401,318.960884,806.950000,312.060000,754.100000,353.910000
803.895443,318.473483,806.950000,312.000000,754.110000,353.920000
803.895443,318.473483,806.990000,312.090000,754.120000,353.920000
803.895443,318.473483,806.970000,312.170000,754.120000,353.930000
804.434833,318.473483,806.950000,312.110000,754.100000,353.920000
805.243920,317.986081,806.950000,312.170000,754.100000,353.920000
805.243920,317.986081,806.940000,312.230000,754.100000,353.930000
805.243920,317.986081,806.990000,312.350000,754.130000,353.930000
805.783311,317.986081,806.900000,312.370000,754.110000,353.920000
807.131788,318.960884,806.800000,312.420000,754.140000,353.920000
807.131788,318.960884,806.780000,312.510000,754.140000,353.920000
807.131788,318.960884,806.870000,313.080000,754.140000,353.930000
807.131788,318.960884,807.040000,314.100000,754.110000,353.930000
808.480266,318.229782,807.010000,314.660000,754.110000,353.950000
808.749961,318.229782,806.990000,314.480000,754.130000,353.950000
809.289352,318.229782,806.860000,314.060000,754.110000,353.950000
810.907525,317.498680,806.750000,314.120000,754.110000,353.960000
811.177220,317.498680,806.570000,314.180000,754.100000,353.940000
811.177220,317.498680,806.210000,314.220000,754.120000,353.950000
811.177220,317.498680,806.180000,314.440000,754.110000,353.950000
811.177220,317.498680,806.280000,315.130000,754.090000,353.970000
811.177220,317.498680,806.750000,316.680000,754.080000,353.970000
811.177220,317.986081,806.640000,317.470000,754.090000,353.970000
811.177220,317.986081,806.630000,317.550000,754.100000,353.970000
811.177220,317.986081,806.610000,317.580000,754.120000,354.010000
811.177220,317.986081,806.620000,317.640000,754.100000,354.020000
811.177220,317.986081,806.600000,317.750000,754.110000,354.020000
811.177220,317.986081,806.550000,317.970000,754.120000,354.020000
811.177220,317.986081,806.560000,318.010000,754.130000,354.000000
811.177220,317.986081,806.470000,318.120000,754.140000,354.010000
811.177220,317.986081,806.200000,318.140000,754.140000,354.000000
811.177220,317.986081,806.110000,318.290000,754.150000,354.010000
811.177220,317.986081,806.080000,318.550000,754.140000,354.000000
811.986307,318.229782,806.160000,319.060000,754.140000,354.000000
811.986307,318.229782,806.320000,319.790000,754.140000,354.000000
811.986307,318.229782,806.210000,319.990000,754.120000,354.010000
NaN,NaN,806.070000,319.810000,754.120000,354.000000
NaN,NaN,806.040000,319.890000,754.140000,354.010000
NaN,NaN,806.070000,320.160000,754.140000,354.010000
NaN,NaN,806.020000,320.320000,754.140000,353.980000
NaN,NaN,805.990000,320.390000,754.100000,354.000000
NaN,NaN,805.960000,320.450000,754.100000,354.000000
NaN,NaN,805.990000,321.250000,754.090000,354.010000
NaN,NaN,806.030000,321.780000,754.150000,354.020000
NaN,NaN,805.970000,321.860000,754.150000,354.030000
NaN,NaN,805.920000,321.890000,754.150000,354.010000
NaN,NaN,805.840000,321.990000,754.130000,354.020000
NaN,NaN,805.810000,322.080000,754.150000,354.030000
NaN,NaN,805.800000,322.120000,754.160000,354.030000
NaN,NaN,805.850000,322.260000,754.140000,354.050000
NaN,NaN,805.870000,322.360000,754.150000,354.030000
NaN,NaN,805.870000,322.490000,754.140000,354.030000
NaN,NaN,805.840000,322.890000,754.160000,354.020000
NaN,NaN,805.890000,322.960000,754.150000,354.030000
NaN,NaN,805.980000,323.080000,754.140000,354.040000
NaN,NaN,806.050000,323.210000,754.180000,354.040000
NaN,NaN,806.120000,323.340000,NaN,NaN
NaN,NaN,806.210000,323.370000,NaN,NaN
NaN,NaN,806.350000,323.310000,NaN,NaN
NaN,NaN,806.570000,323.400000,NaN,NaN
NaN,NaN,806.820000,323.370000,NaN,NaN
NaN,NaN,806.950000,323.340000,NaN,NaN
NaN,NaN,807.010000,323.340000,NaN,NaN
NaN,NaN,807.060000,323.350000,NaN,NaN
NaN,NaN,807.090000,323.350000,NaN,NaN
NaN,NaN,807.110000,323.350000,NaN,NaN
NaN,NaN,807.100000,323.290000,NaN,NaN
NaN,NaN,807.130000,323.320000,NaN,NaN
NaN,NaN,807.130000,323.330000,NaN,NaN
NaN,NaN,807.180000,323.480000,NaN,NaN
NaN,NaN,807.410000,324.120000,NaN,NaN
NaN,NaN,807.860000,325.140000,NaN,NaN
NaN,NaN,807.970000,325.710000,NaN,NaN
NaN,NaN,808.030000,325.790000,NaN,NaN
NaN,NaN,808.070000,325.760000,NaN,NaN
NaN,NaN,808.140000,325.760000,NaN,NaN
NaN,NaN,808.200000,325.770000,NaN,NaN
NaN,NaN,808.180000,325.680000,NaN,NaN
NaN,NaN,807.671179,325.540804,NaN,NaN
NaN,NaN,807.960000,326.010000,NaN,NaN
NaN,NaN,808.050000,326.070000,NaN,NaN
NaN,NaN,808.110000,326.120000,NaN,NaN
NaN,NaN,808.150000,326.160000,NaN,NaN
NaN,NaN,808.200000,326.220000,NaN,NaN
NaN,NaN,808.280000,326.340000,NaN,NaN
NaN,NaN,808.330000,326.410000,NaN,NaN
NaN,NaN,808.350000,326.520000,NaN,NaN
NaN,NaN,808.430000,326.700000,NaN,NaN
NaN,NaN,808.510000,326.770000,NaN,NaN
NaN,NaN,808.820000,326.770000,NaN,NaN
NaN,NaN,808.890000,326.840000,NaN,NaN
NaN,NaN,808.940000,326.870000,NaN,NaN
NaN,NaN,808.980000,326.910000,NaN,NaN
NaN,NaN,809.030000,326.940000,NaN,NaN
NaN,NaN,809.090000,326.980000,NaN,NaN
NaN,NaN,809.140000,327.020000,NaN,NaN
NaN,NaN,809.200000,327.070000,NaN,NaN
NaN,NaN,809.230000,327.100000,NaN,NaN
NaN,NaN,809.290000,327.140000,NaN,NaN
NaN,NaN,809.350000,327.210000,NaN,NaN
NaN,NaN,809.380000,327.240000,NaN,NaN
NaN,NaN,809.450000,327.280000,NaN,NaN
NaN,NaN,809.880000,327.300000,NaN,NaN
NaN,NaN,809.910000,327.330000,NaN,NaN
NaN,NaN,809.950000,327.380000,NaN,NaN
NaN,NaN,810.000000,327.450000,NaN,NaN
NaN,NaN,809.990000,327.620000,NaN,NaN
NaN,NaN,810.040000,327.680000,NaN,NaN
NaN,NaN,810.080000,327.730000,NaN,NaN
NaN,NaN,810.120000,327.750000,NaN,NaN
NaN,NaN,810.180000,327.780000,NaN,NaN
NaN,NaN,810.220000,327.820000,NaN,NaN
NaN,NaN,810.260000,327.850000,NaN,NaN
NaN,NaN,810.300000,327.890000,NaN,NaN
NaN,NaN,810.370000,327.930000,NaN,NaN
NaN,NaN,810.380000,327.960000,NaN,NaN
NaN,NaN,810.420000,328.010000,NaN,NaN
NaN,NaN,810.460000,328.040000,NaN,NaN
NaN,NaN,810.600000,328.090000,NaN,NaN
NaN,NaN,810.900000,328.080000,NaN,NaN
NaN,NaN,810.940000,328.110000,NaN,NaN
NaN,NaN,810.970000,328.170000,NaN,NaN
NaN,NaN,810.990000,328.210000,NaN,NaN
NaN,NaN,811.000000,328.250000,NaN,NaN
NaN,NaN,811.020000,328.290000,NaN,NaN
NaN,NaN,811.050000,328.320000,NaN,NaN
NaN,NaN,811.080000,328.370000,NaN,NaN
NaN,NaN,811.120000,328.420000,NaN,NaN
NaN,NaN,811.140000,328.450000,NaN,NaN
NaN,NaN,811.180000,328.510000,NaN,NaN
NaN,NaN,811.170000,328.680000,NaN,NaN
NaN,NaN,811.190000,328.740000,NaN,NaN
NaN,NaN,811.210000,328.770000,NaN,NaN
NaN,NaN,811.240000,328.800000,NaN,NaN
NaN,NaN,811.260000,328.820000,NaN,NaN
NaN,NaN,811.300000,328.860000,NaN,NaN
NaN,NaN,811.310000,328.880000,NaN,NaN
NaN,NaN,811.340000,328.910000,NaN,NaN
NaN,NaN,811.360000,328.950000,NaN,NaN
NaN,NaN,811.410000,328.990000,NaN,NaN
NaN,NaN,811.440000,329.010000,NaN,NaN
NaN,NaN,811.510000,329.040000,NaN,NaN
NaN,NaN,811.830000,329.010000,NaN,NaN
NaN,NaN,811.850000,329.040000,NaN,NaN
NaN,NaN,811.870000,329.080000,NaN,NaN
NaN,NaN,811.900000,329.120000,NaN,NaN
NaN,NaN,811.910000,329.160000,NaN,NaN
NaN,NaN,811.910000,329.200000,NaN,NaN
NaN,NaN,811.940000,329.230000,NaN,NaN
NaN,NaN,811.960000,329.270000,NaN,NaN
NaN,NaN,811.970000,329.280000,NaN,NaN
NaN,NaN,811.980000,329.320000,NaN,NaN
NaN,NaN,811.980000,329.360000,NaN,NaN
NaN,NaN,812.000000,329.400000,NaN,NaN
NaN,NaN,812.030000,329.430000,NaN,NaN
NaN,NaN,812.040000,329.480000,NaN,NaN
NaN,NaN,812.000000,329.660000,NaN,NaN
NaN,NaN,812.020000,329.680000,NaN,NaN
NaN,NaN,812.030000,329.710000,NaN,NaN
NaN,NaN,812.080000,329.760000,NaN,NaN
NaN,NaN,812.070000,329.760000,NaN,NaN
NaN,NaN,812.080000,329.780000,NaN,NaN
NaN,NaN,812.080000,329.810000,NaN,NaN
NaN,NaN,812.090000,329.840000,NaN,NaN
NaN,NaN,812.100000,329.850000,NaN,NaN
NaN,NaN,812.100000,329.910000,NaN,NaN
NaN,NaN,812.120000,329.930000,NaN,NaN
NaN,NaN,812.120000,329.940000,NaN,NaN
NaN,NaN,812.130000,329.950000,NaN,NaN
NaN,NaN,812.140000,329.970000,NaN,NaN
NaN,NaN,812.150000,329.980000,NaN,NaN
NaN,NaN,812.160000,330.010000,NaN,NaN
NaN,NaN,812.170000,330.030000,NaN,NaN
NaN,NaN,812.190000,330.030000,NaN,NaN
NaN,NaN,812.210000,330.060000,NaN,NaN
NaN,NaN,812.210000,330.070000,NaN,NaN
NaN,NaN,812.220000,330.080000,NaN,NaN
NaN,NaN,812.230000,330.100000,NaN,NaN
NaN,NaN,812.240000,330.130000,NaN,NaN
NaN,NaN,812.250000,330.130000,NaN,NaN
NaN,NaN,812.260000,330.140000,NaN,NaN
NaN,NaN,812.260000,330.160000,NaN,NaN
NaN,NaN,812.280000,330.170000,NaN,NaN
NaN,NaN,812.280000,330.190000,NaN,NaN
NaN,NaN,812.280000,330.200000,NaN,NaN
NaN,NaN,812.300000,330.210000,NaN,NaN
NaN,NaN,812.310000,330.210000,NaN,NaN
NaN,NaN,812.330000,330.200000,NaN,NaN
NaN,NaN,812.350000,330.210000,NaN,NaN
NaN,NaN,812.330000,330.250000,NaN,NaN
NaN,NaN,812.360000,330.250000,NaN,NaN
NaN,NaN,812.370000,330.240000,NaN,NaN
NaN,NaN,812.380000,330.240000,NaN,NaN
NaN,NaN,812.380000,330.250000,NaN,NaN
NaN,NaN,812.390000,330.250000,NaN,NaN
NaN,NaN,812.400000,330.270000,NaN,NaN
NaN,NaN,812.410000,330.270000,NaN,NaN
NaN,NaN,812.400000,330.270000,NaN,NaN
NaN,NaN,812.420000,330.260000,NaN,NaN
NaN,NaN,812.440000,330.270000,NaN,NaN
NaN,NaN,812.450000,330.250000,NaN,NaN
NaN,NaN,812.480000,330.240000,NaN,NaN
NaN,NaN,812.830000,330.140000,NaN,NaN
NaN,NaN,812.830000,330.140000,NaN,NaN
NaN,NaN,812.860000,330.120000,NaN,NaN
NaN,NaN,812.870000,330.110000,NaN,NaN
NaN,NaN,812.880000,330.100000,NaN,NaN
NaN,NaN,812.880000,330.080000,NaN,NaN
NaN,NaN,812.880000,330.090000,NaN,NaN
NaN,NaN,812.900000,330.080000,NaN,NaN
NaN,NaN,812.900000,330.090000,NaN,NaN
NaN,NaN,812.910000,330.080000,NaN,NaN
NaN,NaN,812.910000,330.070000,NaN,NaN
NaN,NaN,812.930000,330.060000,NaN,NaN
NaN,NaN,812.930000,330.050000,NaN,NaN
NaN,NaN,812.940000,330.040000,NaN,NaN
NaN,NaN,812.960000,330.030000,NaN,NaN
NaN,NaN,812.960000,330.030000,NaN,NaN
NaN,NaN,812.960000,330.030000,NaN,NaN
NaN,NaN,812.960000,329.990000,NaN,NaN
NaN,NaN,812.970000,329.970000,NaN,NaN
NaN,NaN,812.970000,329.970000,NaN,NaN
NaN,NaN,812.970000,329.980000,NaN,NaN
NaN,NaN,812.970000,329.970000,NaN,NaN
NaN,NaN,812.970000,329.970000,NaN,NaN
NaN,NaN,812.970000,329.970000,NaN,NaN
NaN,NaN,812.970000,329.960000,NaN,NaN
NaN,NaN,812.980000,329.950000,NaN,NaN
NaN,NaN,812.970000,329.950000,NaN,NaN
NaN,NaN,812.980000,329.940000,NaN,NaN
NaN,NaN,812.990000,329.940000,NaN,NaN
NaN,NaN,812.980000,329.940000,NaN,NaN
NaN,NaN,812.990000,329.940000,NaN,NaN
NaN,NaN,812.990000,329.930000,NaN,NaN
NaN,NaN,813.020000,329.870000,NaN,NaN
NaN,NaN,813.010000,329.880000,NaN,NaN
NaN,NaN,813.010000,329.880000,NaN,NaN
NaN,NaN,813.000000,329.890000,NaN,NaN
NaN,NaN,813.000000,329.900000,NaN,NaN
NaN,NaN,813.010000,329.890000,NaN,NaN
NaN,NaN,813.020000,329.880000,NaN,NaN
NaN,NaN,813.040000,329.880000,NaN,NaN
NaN,NaN,813.030000,329.880000,NaN,NaN
NaN,NaN,813.040000,329.890000,NaN,NaN
NaN,NaN,813.040000,329.900000,NaN,NaN
NaN,NaN,813.050000,329.870000,NaN,NaN
NaN,NaN,813.050000,329.880000,NaN,NaN
NaN,NaN,813.070000,329.860000,NaN,NaN
NaN,NaN,813.060000,329.850000,NaN,NaN
NaN,NaN,813.090000,329.860000,NaN,NaN
NaN,NaN,813.090000,329.840000,NaN,NaN
NaN,NaN,813.080000,329.850000,NaN,NaN
NaN,NaN,813.080000,329.850000,NaN,NaN
NaN,NaN,813.070000,329.830000,NaN,NaN
NaN,NaN,813.070000,329.840000,NaN,NaN
NaN,NaN,813.070000,329.810000,NaN,NaN
NaN,NaN,813.080000,329.810000,NaN,NaN
NaN,NaN,813.070000,329.780000,NaN,NaN
NaN,NaN,813.050000,329.780000,NaN,NaN
NaN,NaN,813.040000,329.750000,NaN,NaN
NaN,NaN,813.050000,329.740000,NaN,NaN
NaN,NaN,813.060000,329.720000,NaN,NaN
NaN,NaN,813.060000,329.710000,NaN,NaN
NaN,NaN,813.060000,329.690000,NaN,NaN
NaN,NaN,813.070000,329.640000,NaN,NaN
NaN,NaN,813.060000,329.620000,NaN,NaN
NaN,NaN,813.060000,329.630000,NaN,NaN
NaN,NaN,813.040000,329.630000,NaN,NaN
NaN,NaN,813.050000,329.620000,NaN,NaN
NaN,NaN,813.070000,329.600000,NaN,NaN
NaN,NaN,813.050000,329.580000,NaN,NaN
NaN,NaN,813.030000,329.560000,NaN,NaN
NaN,NaN,813.040000,329.540000,NaN,NaN
NaN,NaN,813.050000,329.530000,NaN,NaN
NaN,NaN,813.040000,329.520000,NaN,NaN
NaN,NaN,813.020000,329.540000,NaN,NaN
NaN,NaN,813.040000,329.470000,NaN,NaN
NaN,NaN,813.100000,329.230000,NaN,NaN
NaN,NaN,813.110000,329.220000,NaN,NaN
NaN,NaN,813.130000,329.150000,NaN,NaN
NaN,NaN,813.110000,329.150000,NaN,NaN
NaN,NaN,813.110000,329.130000,NaN,NaN
NaN,NaN,813.110000,329.120000,NaN,NaN
NaN,NaN,813.100000,329.100000,NaN,NaN
NaN,NaN,813.090000,329.110000,NaN,NaN
NaN,NaN,813.070000,329.120000,NaN,NaN
NaN,NaN,813.070000,329.080000,NaN,NaN
NaN,NaN,813.070000,329.090000,NaN,NaN
NaN,NaN,813.060000,329.100000,NaN,NaN
NaN,NaN,813.050000,329.090000,NaN,NaN
NaN,NaN,813.050000,329.090000,NaN,NaN
NaN,NaN,813.040000,329.100000,NaN,NaN
NaN,NaN,813.030000,329.080000,NaN,NaN
NaN,NaN,813.030000,329.070000,NaN,NaN
NaN,NaN,813.060000,329.010000,NaN,NaN
NaN,NaN,813.030000,329.020000,NaN,NaN
NaN,NaN,813.020000,329.010000,NaN,NaN
NaN,NaN,813.000000,329.020000,NaN,NaN
NaN,NaN,813.010000,329.010000,NaN,NaN
NaN,NaN,812.990000,329.020000,NaN,NaN
NaN,NaN,813.000000,329.010000,NaN,NaN
NaN,NaN,812.990000,328.990000,NaN,NaN
NaN,NaN,812.960000,328.990000,NaN,NaN
NaN,NaN,812.960000,328.980000,NaN,NaN
NaN,NaN,812.950000,328.980000,NaN,NaN
NaN,NaN,812.950000,328.950000,NaN,NaN
NaN,NaN,812.950000,328.950000,NaN,NaN
NaN,NaN,812.960000,328.940000,NaN,NaN
NaN,NaN,812.970000,328.930000,NaN,NaN
NaN,NaN,812.970000,328.920000,NaN,NaN
NaN,NaN,812.950000,328.910000,NaN,NaN
NaN,NaN,812.940000,328.900000,NaN,NaN
NaN,NaN,812.930000,328.890000,NaN,NaN
NaN,NaN,812.920000,328.890000,NaN,NaN
NaN,NaN,812.910000,328.900000,NaN,NaN
NaN,NaN,812.910000,328.900000,NaN,NaN
NaN,NaN,812.910000,328.880000,NaN,NaN
NaN,NaN,812.900000,328.880000,NaN,NaN
NaN,NaN,812.900000,328.870000,NaN,NaN
NaN,NaN,812.910000,328.860000,NaN,NaN
NaN,NaN,812.910000,328.840000,NaN,NaN
NaN,NaN,812.900000,328.840000,NaN,NaN
NaN,NaN,812.880000,328.850000,NaN,NaN
NaN,NaN,812.890000,328.840000,NaN,NaN
NaN,NaN,812.840000,328.800000,NaN,NaN
NaN,NaN,812.850000,328.810000,NaN,NaN
NaN,NaN,812.850000,328.800000,NaN,NaN
NaN,NaN,812.850000,328.800000,NaN,NaN
NaN,NaN,812.850000,328.800000,NaN,NaN
NaN,NaN,812.860000,328.780000,NaN,NaN
NaN,NaN,812.850000,328.780000,NaN,NaN
NaN,NaN,812.830000,328.770000,NaN,NaN
NaN,NaN,812.830000,328.760000,NaN,NaN
NaN,NaN,812.840000,328.760000,NaN,NaN
NaN,NaN,812.830000,328.760000,NaN,NaN
NaN,NaN,812.840000,328.740000,NaN,NaN
NaN,NaN,812.830000,328.740000,NaN,NaN
NaN,NaN,812.830000,328.720000,NaN,NaN
NaN,NaN,812.850000,328.730000,NaN,NaN
NaN,NaN,812.840000,328.710000,NaN,NaN
NaN,NaN,812.820000,328.730000,NaN,NaN
NaN,NaN,812.820000,328.720000,NaN,NaN
NaN,NaN,812.840000,328.690000,NaN,NaN
NaN,NaN,812.830000,328.680000,NaN,NaN
NaN,NaN,812.830000,328.670000,NaN,NaN
NaN,NaN,812.830000,328.660000,NaN,NaN
NaN,NaN,812.840000,328.660000,NaN,NaN
NaN,NaN,812.820000,328.640000,NaN,NaN
NaN,NaN,812.820000,328.620000,NaN,NaN
NaN,NaN,812.820000,328.630000,NaN,NaN
NaN,NaN,812.830000,328.620000,NaN,NaN
NaN,NaN,812.820000,328.590000,NaN,NaN
NaN,NaN,812.820000,328.610000,NaN,NaN
NaN,NaN,812.830000,328.590000,NaN,NaN
NaN,NaN,812.860000,328.540000,NaN,NaN
NaN,NaN,812.920000,328.280000,NaN,NaN
NaN,NaN,812.910000,328.320000,NaN,NaN
NaN,NaN,812.900000,328.320000,NaN,NaN
NaN,NaN,812.900000,328.260000,NaN,NaN
NaN,NaN,812.890000,328.260000,NaN,NaN
NaN,NaN,812.900000,328.250000,NaN,NaN
NaN,NaN,812.890000,328.240000,NaN,NaN
NaN,NaN,812.880000,328.240000,NaN,NaN
NaN,NaN,812.890000,328.230000,NaN,NaN
NaN,NaN,812.870000,328.240000,NaN,NaN
NaN,NaN,812.890000,328.250000,NaN,NaN
NaN,NaN,812.880000,328.260000,NaN,NaN
NaN,NaN,812.880000,328.240000,NaN,NaN
NaN,NaN,812.900000,328.220000,NaN,NaN
NaN,NaN,812.890000,328.210000,NaN,NaN
NaN,NaN,812.890000,328.200000,NaN,NaN
NaN,NaN,812.880000,328.190000,NaN,NaN
NaN,NaN,812.880000,328.210000,NaN,NaN
NaN,NaN,812.880000,328.200000,NaN,NaN
NaN,NaN,812.860000,328.210000,NaN,NaN
NaN,NaN,812.880000,328.200000,NaN,NaN
NaN,NaN,812.900000,328.180000,NaN,NaN
NaN,NaN,812.880000,328.180000,NaN,NaN
NaN,NaN,812.870000,328.180000,NaN,NaN
NaN,NaN,812.880000,328.170000,NaN,NaN
NaN,NaN,812.860000,328.180000,NaN,NaN
NaN,NaN,812.860000,328.170000,NaN,NaN
NaN,NaN,812.880000,328.150000,NaN,NaN
NaN,NaN,812.870000,328.140000,NaN,NaN
NaN,NaN,812.910000,328.100000,NaN,NaN
NaN,NaN,812.880000,328.120000,NaN,NaN
NaN,NaN,812.860000,328.130000,NaN,NaN
NaN,NaN,812.880000,328.110000,NaN,NaN
NaN,NaN,812.870000,328.090000,NaN,NaN
NaN,NaN,812.870000,328.100000,NaN,NaN
NaN,NaN,812.870000,328.100000,NaN,NaN
NaN,NaN,812.850000,328.080000,NaN,NaN
NaN,NaN,812.880000,328.070000,NaN,NaN
NaN,NaN,812.880000,328.080000,NaN,NaN
NaN,NaN,812.870000,328.090000,NaN,NaN
NaN,NaN,812.870000,328.080000,NaN,NaN
NaN,NaN,812.870000,328.080000,NaN,NaN
NaN,NaN,812.860000,328.080000,NaN,NaN
NaN,NaN,812.850000,328.060000,NaN,NaN
NaN,NaN,812.860000,328.010000,NaN,NaN
NaN,NaN,812.880000,328.020000,NaN,NaN
NaN,NaN,812.860000,328.040000,NaN,NaN
NaN,NaN,812.830000,328.040000,NaN,NaN
NaN,NaN,812.850000,328.020000,NaN,NaN
NaN,NaN,812.850000,328.020000,NaN,NaN
NaN,NaN,812.850000,328.010000,NaN,NaN
NaN,NaN,812.850000,328.010000,NaN,NaN
NaN,NaN,812.850000,327.980000,NaN,NaN
NaN,NaN,812.840000,328.000000,NaN,NaN
NaN,NaN,812.820000,327.980000,NaN,NaN
NaN,NaN,812.810000,327.990000,NaN,NaN
NaN,NaN,812.820000,327.980000,NaN,NaN
NaN,NaN,812.820000,327.960000,NaN,NaN
NaN,NaN,812.830000,327.940000,NaN,NaN
NaN,NaN,812.760000,327.980000,NaN,NaN
NaN,NaN,812.790000,327.980000,NaN,NaN
NaN,NaN,812.770000,327.970000,NaN,NaN
NaN,NaN,812.770000,327.940000,NaN,NaN
NaN,NaN,812.760000,327.950000,NaN,NaN
NaN,NaN,812.770000,327.950000,NaN,NaN
NaN,NaN,812.770000,327.920000,NaN,NaN
NaN,NaN,812.780000,327.940000,NaN,NaN
NaN,NaN,812.770000,327.920000,NaN,NaN
NaN,NaN,812.760000,327.910000,NaN,NaN
NaN,NaN,812.750000,327.890000,NaN,NaN
NaN,NaN,812.760000,327.890000,NaN,NaN
NaN,NaN,812.750000,327.890000,NaN,NaN
NaN,NaN,812.730000,327.890000,NaN,NaN
NaN,NaN,812.740000,327.870000,NaN,NaN
NaN,NaN,812.770000,327.850000,NaN,NaN
NaN,NaN,812.750000,327.850000,NaN,NaN
NaN,NaN,812.730000,327.840000,NaN,NaN
NaN,NaN,812.750000,327.830000,NaN,NaN
NaN,NaN,812.730000,327.830000,NaN,NaN
NaN,NaN,812.710000,327.830000,NaN,NaN
NaN,NaN,812.730000,327.810000,NaN,NaN
NaN,NaN,812.730000,327.790000,NaN,NaN
NaN,NaN,812.700000,327.790000,NaN,NaN
NaN,NaN,812.700000,327.770000,NaN,NaN
NaN,NaN,812.720000,327.770000,NaN,NaN
NaN,NaN,812.720000,327.760000,NaN,NaN
NaN,NaN,812.730000,327.760000,NaN,NaN
NaN,NaN,812.740000,327.760000,NaN,NaN
NaN,NaN,812.730000,327.760000,NaN,NaN
NaN,NaN,812.690000,327.760000,NaN,NaN
NaN,NaN,812.700000,327.740000,NaN,NaN
NaN,NaN,812.690000,327.740000,NaN,NaN
NaN,NaN,812.670000,327.740000,NaN,NaN
NaN,NaN,812.670000,327.720000,NaN,NaN
NaN,NaN,812.670000,327.710000,NaN,NaN
NaN,NaN,812.670000,327.710000,NaN,NaN
NaN,NaN,812.660000,327.710000,NaN,NaN
NaN,NaN,812.650000,327.680000,NaN,NaN
NaN,NaN,812.670000,327.680000,NaN,NaN
NaN,NaN,812.680000,327.670000,NaN,NaN
NaN,NaN,812.700000,327.650000,NaN,NaN
NaN,NaN,812.660000,327.660000,NaN,NaN
NaN,NaN,812.670000,327.650000,NaN,NaN
NaN,NaN,812.680000,327.620000,NaN,NaN
NaN,NaN,812.680000,327.660000,NaN,NaN
NaN,NaN,812.700000,327.600000,NaN,NaN
NaN,NaN,812.680000,327.610000,NaN,NaN
NaN,NaN,812.630000,327.630000,NaN,NaN
NaN,NaN,812.690000,327.560000,NaN,NaN
NaN,NaN,812.690000,327.540000,NaN,NaN
NaN,NaN,812.700000,327.550000,NaN,NaN
NaN,NaN,812.690000,327.530000,NaN,NaN
NaN,NaN,812.710000,327.520000,NaN,NaN
NaN,NaN,812.690000,327.510000,NaN,NaN
NaN,NaN,812.780000,327.270000,NaN,NaN
NaN,NaN,812.750000,327.280000,NaN,NaN
NaN,NaN,812.750000,327.260000,NaN,NaN
NaN,NaN,812.770000,327.260000,NaN,NaN
NaN,NaN,812.740000,327.270000,NaN,NaN
NaN,NaN,812.790000,327.270000,NaN,NaN
NaN,NaN,812.780000,327.270000,NaN,NaN
NaN,NaN,812.790000,327.230000,NaN,NaN
NaN,NaN,812.770000,327.220000,NaN,NaN
NaN,NaN,812.770000,327.220000,NaN,NaN
NaN,NaN,812.770000,327.230000,NaN,NaN
NaN,NaN,812.780000,327.220000,NaN,NaN
NaN,NaN,812.760000,327.220000,NaN,NaN
NaN,NaN,812.760000,327.230000,NaN,NaN
NaN,NaN,812.770000,327.210000,NaN,NaN
NaN,NaN,812.780000,327.200000,NaN,NaN
NaN,NaN,812.750000,327.220000,NaN,NaN
NaN,NaN,812.770000,327.170000,NaN,NaN
NaN,NaN,812.750000,327.190000,NaN,NaN
NaN,NaN,812.770000,327.180000,NaN,NaN
NaN,NaN,812.790000,327.160000,NaN,NaN
NaN,NaN,812.780000,327.160000,NaN,NaN
NaN,NaN,812.760000,327.160000,NaN,NaN
NaN,NaN,812.750000,327.150000,NaN,NaN
NaN,NaN,812.760000,327.140000,NaN,NaN
NaN,NaN,812.760000,327.150000,NaN,NaN
NaN,NaN,812.750000,327.150000,NaN,NaN
NaN,NaN,812.760000,327.130000,NaN,NaN
NaN,NaN,812.760000,327.150000,NaN,NaN
NaN,NaN,812.770000,327.130000,NaN,NaN
NaN,NaN,812.760000,327.140000,NaN,NaN
NaN,NaN,812.760000,327.130000,NaN,NaN
NaN,NaN,812.750000,327.140000,NaN,NaN
NaN,NaN,812.770000,327.130000,NaN,NaN
NaN,NaN,812.760000,327.140000,NaN,NaN
NaN,NaN,812.800000,327.120000,NaN,NaN
NaN,NaN,812.790000,327.130000,NaN,NaN
NaN,NaN,812.760000,327.140000,NaN,NaN
NaN,NaN,812.760000,327.130000,NaN,NaN
NaN,NaN,812.780000,327.110000,NaN,NaN
NaN,NaN,812.750000,327.110000,NaN,NaN
NaN,NaN,812.740000,327.110000,NaN,NaN
NaN,NaN,812.770000,327.110000,NaN,NaN
NaN,NaN,812.760000,327.100000,NaN,NaN
NaN,NaN,812.770000,327.090000,NaN,NaN
NaN,NaN,812.780000,327.070000,NaN,NaN
NaN,NaN,812.780000,327.080000,NaN,NaN
NaN,NaN,812.780000,327.080000,NaN,NaN
NaN,NaN,812.790000,327.070000,NaN,NaN
NaN,NaN,812.780000,327.080000,NaN,NaN
NaN,NaN,812.770000,327.080000,NaN,NaN
NaN,NaN,812.760000,327.060000,NaN,NaN
NaN,NaN,812.750000,327.070000,NaN,NaN
NaN,NaN,812.750000,327.060000,NaN,NaN
NaN,NaN,812.780000,327.060000,NaN,NaN
NaN,NaN,812.790000,327.070000,NaN,NaN
NaN,NaN,812.770000,327.060000,NaN,NaN
NaN,NaN,812.760000,327.060000,NaN,NaN
NaN,NaN,812.770000,327.040000,NaN,NaN
NaN,NaN,812.790000,327.040000,NaN,NaN
NaN,NaN,812.790000,327.050000,NaN,NaN
NaN,NaN,812.780000,327.050000,NaN,NaN
NaN,NaN,812.800000,327.040000,NaN,NaN
NaN,NaN,812.810000,327.030000,NaN,NaN
NaN,NaN,812.800000,327.020000,NaN,NaN
NaN,NaN,812.820000,327.010000,NaN,NaN
NaN,NaN,812.830000,327.020000,NaN,NaN
NaN,NaN,812.810000,327.030000,NaN,NaN
NaN,NaN,812.800000,327.010000,NaN,NaN
NaN,NaN,812.830000,326.990000,NaN,NaN
NaN,NaN,812.820000,327.010000,NaN,NaN
NaN,NaN,812.810000,327.020000,NaN,NaN
NaN,NaN,812.800000,327.030000,NaN,NaN
NaN,NaN,812.810000,327.010000,NaN,NaN
NaN,NaN,812.810000,326.990000,NaN,NaN
NaN,NaN,812.830000,327.000000,NaN,NaN
NaN,NaN,812.810000,326.990000,NaN,NaN
NaN,NaN,812.820000,327.010000,NaN,NaN
NaN,NaN,812.810000,327.000000,NaN,NaN
NaN,NaN,812.810000,327.000000,NaN,NaN
NaN,NaN,812.810000,327.000000,NaN,NaN
NaN,NaN,812.820000,326.990000,NaN,NaN
NaN,NaN,812.830000,327.000000,NaN,NaN
NaN,NaN,812.810000,326.990000,NaN,NaN
NaN,NaN,812.820000,327.000000,NaN,NaN
NaN,NaN,812.840000,326.990000,NaN,NaN
NaN,NaN,812.830000,326.980000,NaN,NaN
NaN,NaN,812.830000,326.990000,NaN,NaN
NaN,NaN,812.810000,326.970000,NaN,NaN
NaN,NaN,812.810000,326.980000,NaN,NaN
NaN,NaN,812.820000,326.980000,NaN,NaN
NaN,NaN,812.790000,326.980000,NaN,NaN
NaN,NaN,812.810000,326.990000,NaN,NaN
NaN,NaN,812.810000,326.970000,NaN,NaN
NaN,NaN,812.800000,326.970000,NaN,NaN
NaN,NaN,812.850000,326.980000,NaN,NaN
NaN,NaN,812.820000,326.980000,NaN,NaN
NaN,NaN,812.820000,326.990000,NaN,NaN
NaN,NaN,812.800000,326.990000,NaN,NaN
NaN,NaN,812.820000,326.990000,NaN,NaN
NaN,NaN,812.820000,326.980000,NaN,NaN
NaN,NaN,812.810000,326.980000,NaN,NaN
NaN,NaN,812.820000,326.960000,NaN,NaN
NaN,NaN,812.850000,326.950000,NaN,NaN
NaN,NaN,812.860000,326.950000,NaN,NaN
NaN,NaN,812.830000,326.960000,NaN,NaN
NaN,NaN,812.850000,326.940000,NaN,NaN
NaN,NaN,812.830000,326.950000,NaN,NaN
NaN,NaN,812.820000,326.960000,NaN,NaN
NaN,NaN,812.840000,326.940000,NaN,NaN
NaN,NaN,812.840000,326.970000,NaN,NaN
NaN,NaN,812.840000,326.950000,NaN,NaN
NaN,NaN,812.840000,326.950000,NaN,NaN
NaN,NaN,812.830000,326.960000,NaN,NaN
NaN,NaN,812.840000,326.970000,NaN,NaN
NaN,NaN,812.850000,326.970000,NaN,NaN
NaN,NaN,812.830000,326.980000,NaN,NaN
NaN,NaN,812.840000,326.960000,NaN,NaN
NaN,NaN,812.850000,326.950000,NaN,NaN
NaN,NaN,812.870000,326.940000,NaN,NaN
NaN,NaN,812.860000,326.950000,NaN,NaN
NaN,NaN,812.850000,326.950000,NaN,NaN
NaN,NaN,812.840000,326.960000,NaN,NaN
NaN,NaN,812.850000,326.940000,NaN,NaN
NaN,NaN,812.840000,326.950000,NaN,NaN
NaN,NaN,812.850000,326.970000,NaN,NaN
NaN,NaN,812.870000,326.960000,NaN,NaN
NaN,NaN,812.870000,326.960000,NaN,NaN
NaN,NaN,812.850000,326.960000,NaN,NaN
NaN,NaN,812.870000,326.960000,NaN,NaN
NaN,NaN,812.870000,326.950000,NaN,NaN
NaN,NaN,812.870000,326.930000,NaN,NaN
NaN,NaN,812.880000,326.920000,NaN,NaN
NaN,NaN,812.870000,326.930000,NaN,NaN
NaN,NaN,812.870000,326.920000,NaN,NaN
NaN,NaN,812.840000,326.940000,NaN,NaN
NaN,NaN,812.850000,326.930000,NaN,NaN
NaN,NaN,812.870000,326.910000,NaN,NaN
NaN,NaN,812.880000,326.910000,NaN,NaN
NaN,NaN,812.870000,326.910000,NaN,NaN
NaN,NaN,812.890000,326.940000,NaN,NaN
NaN,NaN,812.870000,326.940000,NaN,NaN
NaN,NaN,812.850000,326.940000,NaN,NaN
NaN,NaN,812.850000,326.940000,NaN,NaN
NaN,NaN,812.870000,326.920000,NaN,NaN
NaN,NaN,812.860000,326.910000,NaN,NaN
NaN,NaN,812.850000,326.900000,NaN,NaN
NaN,NaN,812.870000,326.900000,NaN,NaN
NaN,NaN,812.860000,326.890000,NaN,NaN
NaN,NaN,812.850000,326.880000,NaN,NaN
NaN,NaN,812.850000,326.900000,NaN,NaN
NaN,NaN,812.840000,326.910000,NaN,NaN
NaN,NaN,812.850000,326.900000,NaN,NaN
NaN,NaN,812.870000,326.880000,NaN,NaN
NaN,NaN,812.860000,326.890000,NaN,NaN
NaN,NaN,812.870000,326.900000,NaN,NaN
NaN,NaN,812.840000,326.900000,NaN,NaN
NaN,NaN,812.830000,326.900000,NaN,NaN
NaN,NaN,812.860000,326.900000,NaN,NaN
NaN,NaN,812.860000,326.890000,NaN,NaN
NaN,NaN,812.850000,326.900000,NaN,NaN
NaN,NaN,812.850000,326.900000,NaN,NaN
NaN,NaN,812.860000,326.890000,NaN,NaN
NaN,NaN,812.860000,326.890000,NaN,NaN
NaN,NaN,812.860000,326.890000,NaN,NaN
NaN,NaN,812.860000,326.880000,NaN,NaN
NaN,NaN,812.850000,326.860000,NaN,NaN
NaN,NaN,812.840000,326.880000,NaN,NaN
NaN,NaN,812.840000,326.860000,NaN,NaN
NaN,NaN,812.850000,326.850000,NaN,NaN
NaN,NaN,812.850000,326.880000,NaN,NaN
NaN,NaN,812.850000,326.880000,NaN,NaN
NaN,NaN,812.850000,326.870000,NaN,NaN
NaN,NaN,812.850000,326.880000,NaN,NaN
NaN,NaN,812.870000,326.830000,NaN,NaN
NaN,NaN,812.860000,326.830000,NaN,NaN
NaN,NaN,812.870000,326.830000,NaN,NaN
NaN,NaN,812.860000,326.840000,NaN,NaN
NaN,NaN,812.860000,326.830000,NaN,NaN
NaN,NaN,812.860000,326.810000,NaN,NaN
NaN,NaN,812.860000,326.820000,NaN,NaN
NaN,NaN,812.870000,326.820000,NaN,NaN
NaN,NaN,812.850000,326.830000,NaN,NaN
NaN,NaN,812.830000,326.830000,NaN,NaN
NaN,NaN,812.850000,326.810000,NaN,NaN
NaN,NaN,812.830000,326.790000,NaN,NaN
NaN,NaN,812.820000,326.810000,NaN,NaN
NaN,NaN,812.800000,326.800000,NaN,NaN
NaN,NaN,812.820000,326.800000,NaN,NaN
NaN,NaN,812.820000,326.790000,NaN,NaN
NaN,NaN,812.820000,326.790000,NaN,NaN
NaN,NaN,812.830000,326.790000,NaN,NaN
NaN,NaN,812.820000,326.770000,NaN,NaN
NaN,NaN,812.810000,326.790000,NaN,NaN
NaN,NaN,812.820000,326.760000,NaN,NaN
NaN,NaN,812.800000,326.770000,NaN,NaN
NaN,NaN,812.820000,326.760000,NaN,NaN
NaN,NaN,812.830000,326.770000,NaN,NaN
NaN,NaN,812.810000,326.770000,NaN,NaN
NaN,NaN,812.820000,326.760000,NaN,NaN
NaN,NaN,812.830000,326.760000,NaN,NaN
NaN,NaN,812.800000,326.750000,NaN,NaN
NaN,NaN,812.810000,326.760000,NaN,NaN
NaN,NaN,812.830000,326.750000,NaN,NaN
NaN,NaN,812.810000,326.770000,NaN,NaN
NaN,NaN,812.790000,326.760000,NaN,NaN
NaN,NaN,812.770000,326.770000,NaN,NaN
NaN,NaN,812.810000,326.750000,NaN,NaN
NaN,NaN,812.810000,326.730000,NaN,NaN
NaN,NaN,812.800000,326.720000,NaN,NaN
NaN,NaN,812.820000,326.710000,NaN,NaN
NaN,NaN,812.800000,326.740000,NaN,NaN
NaN,NaN,812.810000,326.700000,NaN,NaN
NaN,NaN,812.800000,326.710000,NaN,NaN
NaN,NaN,812.790000,326.730000,NaN,NaN
NaN,NaN,812.770000,326.740000,NaN,NaN
NaN,NaN,812.770000,326.740000,NaN,NaN
NaN,NaN,812.770000,326.710000,NaN,NaN
NaN,NaN,812.770000,326.700000,NaN,NaN
NaN,NaN,812.800000,326.680000,NaN,NaN
NaN,NaN,812.800000,326.660000,NaN,NaN
NaN,NaN,812.810000,326.670000,NaN,NaN
NaN,NaN,812.810000,326.660000,NaN,NaN
NaN,NaN,812.810000,326.680000,NaN,NaN
NaN,NaN,812.790000,326.690000,NaN,NaN
NaN,NaN,812.780000,326.680000,NaN,NaN
NaN,NaN,812.770000,326.700000,NaN,NaN
NaN,NaN,812.780000,326.680000,NaN,NaN
NaN,NaN,812.760000,326.690000,NaN,NaN
NaN,NaN,812.780000,326.680000,NaN,NaN
NaN,NaN,812.790000,326.670000,NaN,NaN
NaN,NaN,812.790000,326.670000,NaN,NaN
NaN,NaN,812.780000,326.680000,NaN,NaN
NaN,NaN,812.790000,326.660000,NaN,NaN
NaN,NaN,812.800000,326.660000,NaN,NaN
NaN,NaN,812.780000,326.650000,NaN,NaN
NaN,NaN,812.790000,326.670000,NaN,NaN
NaN,NaN,812.790000,326.660000,NaN,NaN
NaN,NaN,812.780000,326.650000,NaN,NaN
NaN,NaN,812.800000,326.630000,NaN,NaN
NaN,NaN,812.780000,326.630000,NaN,NaN
NaN,NaN,812.790000,326.640000,NaN,NaN
NaN,NaN,812.790000,326.620000,NaN,NaN
NaN,NaN,812.780000,326.650000,NaN,NaN
NaN,NaN,812.790000,326.640000,NaN,NaN
NaN,NaN,812.760000,326.630000,NaN,NaN
NaN,NaN,812.780000,326.630000,NaN,NaN
NaN,NaN,812.820000,326.590000,NaN,NaN
NaN,NaN,812.790000,326.620000,NaN,NaN
NaN,NaN,812.810000,326.630000,NaN,NaN
NaN,NaN,812.800000,326.610000,NaN,NaN
NaN,NaN,812.770000,326.620000,NaN,NaN
NaN,NaN,812.780000,326.630000,NaN,NaN
NaN,NaN,812.790000,326.630000,NaN,NaN
NaN,NaN,812.780000,326.600000,NaN,NaN
NaN,NaN,812.790000,326.600000,NaN,NaN
NaN,NaN,812.810000,326.600000,NaN,NaN
NaN,NaN,812.790000,326.600000,NaN,NaN
NaN,NaN,812.780000,326.610000,NaN,NaN
NaN,NaN,812.770000,326.610000,NaN,NaN
NaN,NaN,812.790000,326.620000,NaN,NaN
NaN,NaN,812.810000,326.620000,NaN,NaN
NaN,NaN,812.840000,326.550000,NaN,NaN
NaN,NaN,812.900000,326.330000,NaN,NaN
NaN,NaN,812.900000,326.330000,NaN,NaN
NaN,NaN,812.890000,326.330000,NaN,NaN
NaN,NaN,812.900000,326.330000,NaN,NaN
NaN,NaN,812.890000,326.340000,NaN,NaN
NaN,NaN,812.890000,326.330000,NaN,NaN
NaN,NaN,812.890000,326.330000,NaN,NaN
NaN,NaN,812.890000,326.340000,NaN,NaN
NaN,NaN,812.870000,326.300000,NaN,NaN
NaN,NaN,812.880000,326.310000,NaN,NaN
NaN,NaN,812.880000,326.340000,NaN,NaN
NaN,NaN,812.870000,326.340000,NaN,NaN
NaN,NaN,812.890000,326.310000,NaN,NaN
NaN,NaN,812.890000,326.320000,NaN,NaN
NaN,NaN,812.890000,326.320000,NaN,NaN
NaN,NaN,812.890000,326.330000,NaN,NaN
NaN,NaN,812.900000,326.330000,NaN,NaN
NaN,NaN,812.910000,326.300000,NaN,NaN
NaN,NaN,812.920000,326.280000,NaN,NaN
NaN,NaN,812.900000,326.300000,NaN,NaN
NaN,NaN,812.910000,326.300000,NaN,NaN
NaN,NaN,812.920000,326.290000,NaN,NaN
NaN,NaN,812.920000,326.290000,NaN,NaN
NaN,NaN,812.910000,326.310000,NaN,NaN
NaN,NaN,812.920000,326.310000,NaN,NaN
NaN,NaN,812.920000,326.310000,NaN,NaN
NaN,NaN,812.910000,326.320000,NaN,NaN
NaN,NaN,812.930000,326.320000,NaN,NaN
NaN,NaN,812.910000,326.320000,NaN,NaN
NaN,NaN,812.910000,326.300000,NaN,NaN
NaN,NaN,812.920000,326.310000,NaN,NaN
NaN,NaN,812.930000,326.330000,NaN,NaN
NaN,NaN,812.930000,326.300000,NaN,NaN
NaN,NaN,812.910000,326.340000,NaN,NaN
NaN,NaN,812.910000,326.330000,NaN,NaN
NaN,NaN,812.930000,326.300000,NaN,NaN
NaN,NaN,812.930000,326.280000,NaN,NaN
NaN,NaN,812.930000,326.300000,NaN,NaN
NaN,NaN,812.940000,326.290000,NaN,NaN
NaN,NaN,812.930000,326.320000,NaN,NaN
NaN,NaN,812.920000,326.320000,NaN,NaN
NaN,NaN,812.950000,326.320000,NaN,NaN
NaN,NaN,812.960000,326.310000,NaN,NaN
NaN,NaN,812.940000,326.330000,NaN,NaN
NaN,NaN,812.970000,326.310000,NaN,NaN
NaN,NaN,812.970000,326.300000,NaN,NaN
NaN,NaN,812.970000,326.290000,NaN,NaN
NaN,NaN,812.980000,326.320000,NaN,NaN
NaN,NaN,812.970000,326.300000,NaN,NaN
NaN,NaN,812.990000,326.290000,NaN,NaN
NaN,NaN,812.980000,326.290000,NaN,NaN
NaN,NaN,812.980000,326.300000,NaN,NaN
NaN,NaN,812.980000,326.290000,NaN,NaN
NaN,NaN,812.980000,326.290000,NaN,NaN
NaN,NaN,812.970000,326.290000,NaN,NaN
NaN,NaN,812.970000,326.290000,NaN,NaN
NaN,NaN,812.980000,326.260000,NaN,NaN
NaN,NaN,812.980000,326.270000,NaN,NaN
NaN,NaN,812.990000,326.290000,NaN,NaN
NaN,NaN,812.970000,326.290000,NaN,NaN
NaN,NaN,812.990000,326.270000,NaN,NaN
NaN,NaN,812.980000,326.290000,NaN,NaN
NaN,NaN,812.960000,326.290000,NaN,NaN
NaN,NaN,812.980000,326.290000,NaN,NaN
NaN,NaN,812.990000,326.290000,NaN,NaN
NaN,NaN,812.990000,326.290000,NaN,NaN
NaN,NaN,812.990000,326.300000,NaN,NaN
NaN,NaN,812.990000,326.290000,NaN,NaN
NaN,NaN,812.990000,326.310000,NaN,NaN
NaN,NaN,812.990000,326.330000,NaN,NaN
NaN,NaN,812.990000,326.320000,NaN,NaN
NaN,NaN,812.990000,326.320000,NaN,NaN
NaN,NaN,813.030000,326.310000,NaN,NaN
NaN,NaN,813.040000,326.290000,NaN,NaN
NaN,NaN,813.010000,326.310000,NaN,NaN
NaN,NaN,813.020000,326.280000,NaN,NaN
NaN,NaN,813.030000,326.280000,NaN,NaN
NaN,NaN,813.020000,326.280000,NaN,NaN
NaN,NaN,813.010000,326.280000,NaN,NaN
NaN,NaN,813.020000,326.280000,NaN,NaN
NaN,NaN,813.040000,326.300000,NaN,NaN
NaN,NaN,813.040000,326.280000,NaN,NaN
NaN,NaN,813.050000,326.300000,NaN,NaN
NaN,NaN,813.050000,326.290000,NaN,NaN
NaN,NaN,813.040000,326.300000,NaN,NaN
NaN,NaN,813.050000,326.300000,NaN,NaN
NaN,NaN,813.050000,326.280000,NaN,NaN
NaN,NaN,813.040000,326.330000,NaN,NaN
NaN,NaN,813.010000,326.340000,NaN,NaN
NaN,NaN,813.030000,326.310000,NaN,NaN
NaN,NaN,813.050000,326.310000,NaN,NaN
NaN,NaN,813.040000,326.320000,NaN,NaN
NaN,NaN,813.060000,326.310000,NaN,NaN
NaN,NaN,813.050000,326.330000,NaN,NaN
NaN,NaN,813.030000,326.330000,NaN,NaN
NaN,NaN,813.050000,326.330000,NaN,NaN
NaN,NaN,813.050000,326.330000,NaN,NaN
NaN,NaN,813.080000,326.310000,NaN,NaN
NaN,NaN,813.090000,326.300000,NaN,NaN
NaN,NaN,813.080000,326.310000,NaN,NaN
NaN,NaN,813.060000,326.340000,NaN,NaN
NaN,NaN,813.070000,326.350000,NaN,NaN
NaN,NaN,813.050000,326.360000,NaN,NaN
NaN,NaN,813.060000,326.370000,NaN,NaN
NaN,NaN,813.060000,326.360000,NaN,NaN
NaN,NaN,813.060000,326.360000,NaN,NaN
NaN,NaN,813.070000,326.370000,NaN,NaN
NaN,NaN,813.060000,326.360000,NaN,NaN
NaN,NaN,813.060000,326.360000,NaN,NaN
NaN,NaN,813.070000,326.360000,NaN,NaN
NaN,NaN,813.070000,326.400000,NaN,NaN
NaN,NaN,813.090000,326.400000,NaN,NaN
NaN,NaN,813.090000,326.380000,NaN,NaN
NaN,NaN,813.090000,326.370000,NaN,NaN
NaN,NaN,813.090000,326.390000,NaN,NaN
NaN,NaN,813.080000,326.420000,NaN,NaN
NaN,NaN,813.070000,326.430000,NaN,NaN
NaN,NaN,813.100000,326.370000,NaN,NaN
NaN,NaN,813.120000,326.350000,NaN,NaN
NaN,NaN,813.110000,326.380000,NaN,NaN
NaN,NaN,813.100000,326.400000,NaN,NaN
NaN,NaN,813.100000,326.410000,NaN,NaN
NaN,NaN,813.100000,326.420000,NaN,NaN
NaN,NaN,813.100000,326.390000,NaN,NaN
NaN,NaN,813.100000,326.390000,NaN,NaN
NaN,NaN,813.120000,326.360000,NaN,NaN
NaN,NaN,813.100000,326.360000,NaN,NaN
NaN,NaN,813.090000,326.390000,NaN,NaN
NaN,NaN,813.120000,326.390000,NaN,NaN
NaN,NaN,813.120000,326.420000,NaN,NaN
NaN,NaN,813.110000,326.410000,NaN,NaN
NaN,NaN,813.100000,326.420000,NaN,NaN
NaN,NaN,813.110000,326.500000,NaN,NaN
NaN,NaN,813.040000,326.700000,NaN,NaN
NaN,NaN,813.050000,326.710000,NaN,NaN
NaN,NaN,813.030000,326.720000,NaN,NaN
NaN,NaN,813.040000,326.710000,NaN,NaN
NaN,NaN,813.040000,326.730000,NaN,NaN
NaN,NaN,813.030000,326.740000,NaN,NaN
NaN,NaN,813.040000,326.730000,NaN,NaN
NaN,NaN,813.050000,326.720000,NaN,NaN
NaN,NaN,813.080000,326.720000,NaN,NaN
NaN,NaN,813.060000,326.710000,NaN,NaN
NaN,NaN,813.040000,326.700000,NaN,NaN
NaN,NaN,813.040000,326.720000,NaN,NaN
NaN,NaN,813.020000,326.720000,NaN,NaN
NaN,NaN,813.030000,326.750000,NaN,NaN
NaN,NaN,813.040000,326.770000,NaN,NaN
NaN,NaN,813.040000,326.760000,NaN,NaN
NaN,NaN,813.060000,326.740000,NaN,NaN
NaN,NaN,813.060000,326.730000,NaN,NaN
NaN,NaN,813.060000,326.700000,NaN,NaN
NaN,NaN,813.070000,326.720000,NaN,NaN
NaN,NaN,813.060000,326.720000,NaN,NaN
NaN,NaN,813.050000,326.730000,NaN,NaN
NaN,NaN,813.050000,326.740000,NaN,NaN
NaN,NaN,813.060000,326.740000,NaN,NaN
NaN,NaN,813.080000,326.760000,NaN,NaN
NaN,NaN,813.070000,326.770000,NaN,NaN
NaN,NaN,813.070000,326.750000,NaN,NaN
NaN,NaN,813.070000,326.750000,NaN,NaN
NaN,NaN,813.080000,326.760000,NaN,NaN
NaN,NaN,813.100000,326.770000,NaN,NaN
NaN,NaN,813.100000,326.770000,NaN,NaN
NaN,NaN,813.090000,326.770000,NaN,NaN
NaN,NaN,813.090000,326.770000,NaN,NaN
NaN,NaN,813.090000,326.770000,NaN,NaN
NaN,NaN,813.070000,326.750000,NaN,NaN
NaN,NaN,813.080000,326.750000,NaN,NaN
NaN,NaN,813.070000,326.760000,NaN,NaN
NaN,NaN,813.070000,326.740000,NaN,NaN
NaN,NaN,813.080000,326.760000,NaN,NaN
NaN,NaN,813.080000,326.750000,NaN,NaN
NaN,NaN,813.100000,326.750000,NaN,NaN
NaN,NaN,813.100000,326.760000,NaN,NaN
NaN,NaN,813.100000,326.750000,NaN,NaN
NaN,NaN,813.100000,326.760000,NaN,NaN
NaN,NaN,813.110000,326.800000,NaN,NaN
NaN,NaN,813.100000,326.780000,NaN,NaN
NaN,NaN,813.100000,326.790000,NaN,NaN
NaN,NaN,813.110000,326.800000,NaN,NaN
NaN,NaN,813.110000,326.800000,NaN,NaN
NaN,NaN,NaN,NaN,NaN,NaN
NaN,NaN,NaN,NaN,NaN,NaN
NaN,NaN,NaN,NaN,NaN,NaN
NaN,NaN,NaN,NaN,NaN,NaN
NaN,NaN,NaN,NaN,NaN,NaN
NaN,NaN,NaN,NaN,NaN,NaN
NaN,NaN,NaN,NaN,NaN,NaN
NaN,NaN,NaN,NaN,NaN,NaN
NaN,NaN,NaN,NaN,NaN,NaN
NaN,NaN,NaN,NaN,NaN,NaN
NaN,NaN,NaN,NaN,NaN,NaN
NaN,NaN,NaN,NaN,NaN,NaN
NaN,NaN,NaN,NaN,NaN,NaN
NaN,NaN,NaN,NaN,NaN,NaN
NaN,NaN,NaN,NaN,NaN,NaN
NaN,NaN,NaN,NaN,NaN,NaN
NaN,NaN,NaN,NaN,NaN,NaN
NaN,NaN,NaN,NaN,NaN,NaN
NaN,NaN,NaN,NaN,NaN,NaN
NaN,NaN,NaN,NaN,NaN,NaN
NaN,NaN,NaN,NaN,NaN,NaN
NaN,NaN,NaN,NaN,NaN,NaN
NaN,NaN,NaN,NaN,NaN,NaN
NaN,NaN,NaN,NaN,NaN,NaN
NaN,NaN,NaN,NaN,NaN,NaN
NaN,NaN,NaN,NaN,NaN,NaN
NaN,NaN,NaN,NaN,NaN,NaN
NaN,NaN,NaN,NaN,NaN,NaN
NaN,NaN,NaN,NaN,NaN,NaN
NaN,NaN,NaN,NaN,NaN,NaN
NaN,NaN,NaN,NaN,NaN,NaN
NaN,NaN,NaN,NaN,NaN,NaN
NaN,NaN,NaN,NaN,NaN,NaN
NaN,NaN,NaN,NaN,NaN,NaN
NaN,NaN,NaN,NaN,NaN,NaN
NaN,NaN,NaN,NaN,NaN,NaN
NaN,NaN,NaN,NaN,NaN,NaN
NaN,NaN,NaN,NaN,NaN,NaN
NaN,NaN,NaN,NaN,NaN,NaN
NaN,NaN,NaN,NaN,NaN,NaN
NaN,NaN,NaN,NaN,NaN,NaN
NaN,NaN,NaN,NaN,NaN,NaN
NaN,NaN,NaN,NaN,NaN,NaN
NaN,NaN,NaN,NaN,NaN,NaN
NaN,NaN,NaN,NaN,NaN,NaN
NaN,NaN,NaN,NaN,NaN,NaN
NaN,NaN,NaN,NaN,NaN,NaN
NaN,NaN,NaN,NaN,NaN,NaN
NaN,NaN,NaN,NaN,NaN,NaN
NaN,NaN,NaN,NaN,NaN,NaN
NaN,NaN,NaN,NaN,NaN,NaN
NaN,NaN,NaN,NaN,NaN,NaN
NaN,NaN,NaN,NaN,NaN,NaN
NaN,NaN,NaN,NaN,NaN,NaN
NaN,NaN,NaN,NaN,NaN,NaN
NaN,NaN,NaN,NaN,NaN,NaN
NaN,NaN,NaN,NaN,NaN,NaN
NaN,NaN,NaN,NaN,NaN,NaN
NaN,NaN,NaN,NaN,NaN,NaN
NaN,NaN,NaN,NaN,NaN,NaN
NaN,NaN,NaN,NaN,NaN,NaN
NaN,NaN,NaN,NaN,NaN,NaN
NaN,NaN,NaN,NaN,NaN,NaN
NaN,NaN,NaN,NaN,NaN,NaN
NaN,NaN,NaN,NaN,NaN,NaN
NaN,NaN,NaN,NaN,NaN,NaN
NaN,NaN,NaN,NaN,NaN,NaN
NaN,NaN,NaN,NaN,NaN,NaN
NaN,NaN,NaN,NaN,NaN,NaN
NaN,NaN,NaN,NaN,NaN,NaN
NaN,NaN,NaN,NaN,NaN,NaN
NaN,NaN,NaN,NaN,NaN,NaN
NaN,NaN,NaN,NaN,NaN,NaN
NaN,NaN,NaN,NaN,NaN,NaN
NaN,NaN,NaN,NaN,NaN,NaN
NaN,NaN,NaN,NaN,NaN,NaN
NaN,NaN,NaN,NaN,NaN,NaN
NaN,NaN,NaN,NaN,NaN,NaN
NaN,NaN,NaN,NaN,NaN,NaN
NaN,NaN,NaN,NaN,NaN,NaN
NaN,NaN,NaN,NaN,NaN,NaN
NaN,NaN,NaN,NaN,NaN,NaN
NaN,NaN,NaN,NaN,NaN,NaN
NaN,NaN,NaN,NaN,NaN,NaN
NaN,NaN,NaN,NaN,NaN,NaN
NaN,NaN,NaN,NaN,NaN,NaN
NaN,NaN,NaN,NaN,NaN,NaN
NaN,NaN,NaN,NaN,NaN,NaN
NaN,NaN,NaN,NaN,NaN,NaN
NaN,NaN,NaN,NaN,NaN,NaN
NaN,NaN,NaN,NaN,NaN,NaN
NaN,NaN,NaN,NaN,NaN,NaN
NaN,NaN,NaN,NaN,NaN,NaN
NaN,NaN,NaN,NaN,NaN,NaN
NaN,NaN,NaN,NaN,NaN,NaN
NaN,NaN,NaN,NaN,NaN,NaN
NaN,NaN,NaN,NaN,NaN,NaN
NaN,NaN,NaN,NaN,NaN,NaN
NaN,NaN,NaN,NaN,NaN,NaN
NaN,NaN,NaN,NaN,NaN,NaN
NaN,NaN,NaN,NaN,NaN,NaN
NaN,NaN,NaN,NaN,NaN,NaN
NaN,NaN,NaN,NaN,NaN,NaN
NaN,NaN,NaN,NaN,NaN,NaN
NaN,NaN,NaN,NaN,NaN,NaN
NaN,NaN,NaN,NaN,NaN,NaN
NaN,NaN,NaN,NaN,NaN,NaN
NaN,NaN,NaN,NaN,NaN,NaN
NaN,NaN,NaN,NaN,NaN,NaN
NaN,NaN,NaN,NaN,NaN,NaN
NaN,NaN,NaN,NaN,NaN,NaN
NaN,NaN,NaN,NaN,NaN,NaN
NaN,NaN,NaN,NaN,NaN,NaN
NaN,NaN,NaN,NaN,NaN,NaN
NaN,NaN,NaN,NaN,NaN,NaN
NaN,NaN,NaN,NaN,NaN,NaN
NaN,NaN,NaN,NaN,NaN,NaN
NaN,NaN,NaN,NaN,NaN,NaN
NaN,NaN,NaN,NaN,NaN,NaN
NaN,NaN,NaN,NaN,NaN,NaN
NaN,NaN,NaN,NaN,NaN,NaN
NaN,NaN,NaN,NaN,NaN,NaN
NaN,NaN,NaN,NaN,NaN,NaN
NaN,NaN,NaN,NaN,NaN,NaN
NaN,NaN,NaN,NaN,NaN,NaN
NaN,NaN,NaN,NaN,NaN,NaN
NaN,NaN,NaN,NaN,NaN,NaN
NaN,NaN,NaN,NaN,NaN,NaN
NaN,NaN,NaN,NaN,NaN,NaN
NaN,NaN,NaN,NaN,NaN,NaN
NaN,NaN,NaN,NaN,NaN,NaN
NaN,NaN,NaN,NaN,NaN,NaN
NaN,NaN,NaN,NaN,NaN,NaN
NaN,NaN,NaN,NaN,NaN,NaN
NaN,NaN,NaN,NaN,NaN,NaN
NaN,NaN,NaN,NaN,NaN,NaN
NaN,NaN,NaN,NaN,NaN,NaN
NaN,NaN,NaN,NaN,NaN,NaN
NaN,NaN,NaN,NaN,NaN,NaN
NaN,NaN,NaN,NaN,NaN,NaN
NaN,NaN,NaN,NaN,NaN,NaN
NaN,NaN,NaN,NaN,NaN,NaN
NaN,NaN,NaN,NaN,NaN,NaN
NaN,NaN,NaN,NaN,NaN,NaN
NaN,NaN,NaN,NaN,NaN,NaN
NaN,NaN,NaN,NaN,NaN,NaN
NaN,NaN,NaN,NaN,NaN,NaN
NaN,NaN,NaN,NaN,NaN,NaN
NaN,NaN,NaN,NaN,NaN,NaN
NaN,NaN,NaN,NaN,NaN,NaN
NaN,NaN,NaN,NaN,NaN,NaN
NaN,NaN,NaN,NaN,NaN,NaN
NaN,NaN,NaN,NaN,NaN,NaN
NaN,NaN,NaN,NaN,NaN,NaN
NaN,NaN,NaN,NaN,NaN,NaN
NaN,NaN,NaN,NaN,NaN,NaN
NaN,NaN,NaN,NaN,NaN,NaN
NaN,NaN,NaN,NaN,NaN,NaN
NaN,NaN,NaN,NaN,NaN,NaN
NaN,NaN,NaN,NaN,NaN,NaN
NaN,NaN,NaN,NaN,NaN,NaN
NaN,NaN,NaN,NaN,NaN,NaN
NaN,NaN,NaN,NaN,NaN,NaN
NaN,NaN,NaN,NaN,NaN,NaN
NaN,NaN,NaN,NaN,NaN,NaN
NaN,NaN,NaN,NaN,NaN,NaN
NaN,NaN,NaN,NaN,NaN,NaN
NaN,NaN,NaN,NaN,NaN,NaN
NaN,NaN,NaN,NaN,NaN,NaN
NaN,NaN,NaN,NaN,NaN,NaN
NaN,NaN,NaN,NaN,NaN,NaN
NaN,NaN,NaN,NaN,NaN,NaN
NaN,NaN,NaN,NaN,NaN,NaN
NaN,NaN,NaN,NaN,NaN,NaN
NaN,NaN,NaN,NaN,NaN,NaN
NaN,NaN,NaN,NaN,NaN,NaN
NaN,NaN,NaN,NaN,NaN,NaN
NaN,NaN,NaN,NaN,NaN,NaN
NaN,NaN,NaN,NaN,NaN,NaN
NaN,NaN,NaN,NaN,NaN,NaN
NaN,NaN,NaN,NaN,NaN,NaN
NaN,NaN,NaN,NaN,NaN,NaN
NaN,NaN,NaN,NaN,NaN,NaN
NaN,NaN,NaN,NaN,NaN,NaN
NaN,NaN,NaN,NaN,NaN,NaN
NaN,NaN,NaN,NaN,NaN,NaN
NaN,NaN,NaN,NaN,NaN,NaN
NaN,NaN,NaN,NaN,NaN,NaN
NaN,NaN,NaN,NaN,NaN,NaN
NaN,NaN,NaN,NaN,NaN,NaN
NaN,NaN,NaN,NaN,NaN,NaN
NaN,NaN,NaN,NaN,NaN,NaN
NaN,NaN,NaN,NaN,NaN,NaN
NaN,NaN,NaN,NaN,NaN,NaN
NaN,NaN,NaN,NaN,NaN,NaN
NaN,NaN,NaN,NaN,NaN,NaN
NaN,NaN,NaN,NaN,NaN,NaN
NaN,NaN,NaN,NaN,NaN,NaN
NaN,NaN,NaN,NaN,NaN,NaN
NaN,NaN,NaN,NaN,NaN,NaN
NaN,NaN,NaN,NaN,NaN,NaN
NaN,NaN,NaN,NaN,NaN,NaN
NaN,NaN,NaN,NaN,NaN,NaN
NaN,NaN,NaN,NaN,NaN,NaN
NaN,NaN,NaN,NaN,NaN,NaN
NaN,NaN,NaN,NaN,NaN,NaN
NaN,NaN,NaN,NaN,NaN,NaN
NaN,NaN,NaN,NaN,NaN,NaN
NaN,NaN,NaN,NaN,NaN,NaN
NaN,NaN,NaN,NaN,NaN,NaN
NaN,NaN,NaN,NaN,NaN,NaN
NaN,NaN,NaN,NaN,NaN,NaN
NaN,NaN,NaN,NaN,NaN,NaN
NaN,NaN,NaN,NaN,NaN,NaN
NaN,NaN,NaN,NaN,NaN,NaN
NaN,NaN,NaN,NaN,NaN,NaN
NaN,NaN,NaN,NaN,NaN,NaN
NaN,NaN,NaN,NaN,NaN,NaN
NaN,NaN,NaN,NaN,NaN,NaN
NaN,NaN,NaN,NaN,NaN,NaN
NaN,NaN,NaN,NaN,NaN,NaN
NaN,NaN,NaN,NaN,NaN,NaN
NaN,NaN,NaN,NaN,NaN,NaN
NaN,NaN,NaN,NaN,NaN,NaN
NaN,NaN,NaN,NaN,NaN,NaN
NaN,NaN,NaN,NaN,NaN,NaN
NaN,NaN,NaN,NaN,NaN,NaN
NaN,NaN,NaN,NaN,NaN,NaN
NaN,NaN,NaN,NaN,NaN,NaN
NaN,NaN,NaN,NaN,NaN,NaN
NaN,NaN,NaN,NaN,NaN,NaN
NaN,NaN,NaN,NaN,NaN,NaN
NaN,NaN,NaN,NaN,NaN,NaN
NaN,NaN,NaN,NaN,NaN,NaN
NaN,NaN,NaN,NaN,NaN,NaN
NaN,NaN,NaN,NaN,NaN,NaN
NaN,NaN,NaN,NaN,NaN,NaN
NaN,NaN,NaN,NaN,NaN,NaN
NaN,NaN,NaN,NaN,NaN,NaN
NaN,NaN,NaN,NaN,NaN,NaN
NaN,NaN,NaN,NaN,NaN,NaN
NaN,NaN,NaN,NaN,NaN,NaN
NaN,NaN,NaN,NaN,NaN,NaN
NaN,NaN,NaN,NaN,NaN,NaN
NaN,NaN,NaN,NaN,NaN,NaN
NaN,NaN,NaN,NaN,NaN,NaN
NaN,NaN,NaN,NaN,NaN,NaN
NaN,NaN,NaN,NaN,NaN,NaN
NaN,NaN,NaN,NaN,NaN,NaN
NaN,NaN,NaN,NaN,NaN,NaN
NaN,NaN,NaN,NaN,NaN,NaN
NaN,NaN,NaN,NaN,NaN,NaN
NaN,NaN,NaN,NaN,NaN,NaN
NaN,NaN,NaN,NaN,NaN,NaN
NaN,NaN,NaN,NaN,NaN,NaN
NaN,NaN,NaN,NaN,NaN,NaN
NaN,NaN,NaN,NaN,NaN,NaN
NaN,NaN,NaN,NaN,NaN,NaN
NaN,NaN,NaN,NaN,NaN,NaN
NaN,NaN,NaN,NaN,NaN,NaN
NaN,NaN,NaN,NaN,NaN,NaN
NaN,NaN,NaN,NaN,NaN,NaN
NaN,NaN,NaN,NaN,NaN,NaN
NaN,NaN,NaN,NaN,NaN,NaN
NaN,NaN,NaN,NaN,NaN,NaN
NaN,NaN,NaN,NaN,NaN,NaN
NaN,NaN,NaN,NaN,NaN,NaN
NaN,NaN,NaN,NaN,NaN,NaN
NaN,NaN,NaN,NaN,NaN,NaN
NaN,NaN,NaN,NaN,NaN,NaN
NaN,NaN,NaN,NaN,NaN,NaN
NaN,NaN,NaN,NaN,NaN,NaN
NaN,NaN,NaN,NaN,NaN,NaN
NaN,NaN,NaN,NaN,NaN,NaN
NaN,NaN,NaN,NaN,NaN,NaN
NaN,NaN,NaN,NaN,NaN,NaN
NaN,NaN,NaN,NaN,NaN,NaN
NaN,NaN,NaN,NaN,NaN,NaN
NaN,NaN,NaN,NaN,NaN,NaN
NaN,NaN,NaN,NaN,NaN,NaN
NaN,NaN,NaN,NaN,NaN,NaN
NaN,NaN,NaN,NaN,NaN,NaN
NaN,NaN,NaN,NaN,NaN,NaN
NaN,NaN,NaN,NaN,NaN,NaN
NaN,NaN,NaN,NaN,NaN,NaN
NaN,NaN,NaN,NaN,NaN,NaN
NaN,NaN,NaN,NaN,NaN,NaN
NaN,NaN,NaN,NaN,NaN,NaN
NaN,NaN,NaN,NaN,NaN,NaN
NaN,NaN,NaN,NaN,NaN,NaN
NaN,NaN,NaN,NaN,NaN,NaN
NaN,NaN,NaN,NaN,NaN,NaN
NaN,NaN,NaN,NaN,NaN,NaN
NaN,NaN,NaN,NaN,NaN,NaN
NaN,NaN,NaN,NaN,NaN,NaN
NaN,NaN,NaN,NaN,NaN,NaN
NaN,NaN,NaN,NaN,NaN,NaN
NaN,NaN,NaN,NaN,NaN,NaN
NaN,NaN,NaN,NaN,NaN,NaN
NaN,NaN,NaN,NaN,NaN,NaN
NaN,NaN,NaN,NaN,NaN,NaN
NaN,NaN,NaN,NaN,NaN,NaN
NaN,NaN,NaN,NaN,NaN,NaN
NaN,NaN,NaN,NaN,NaN,NaN
NaN,NaN,NaN,NaN,NaN,NaN
NaN,NaN,NaN,NaN,NaN,NaN
NaN,NaN,NaN,NaN,NaN,NaN
NaN,NaN,NaN,NaN,NaN,NaN
NaN,NaN,NaN,NaN,NaN,NaN
NaN,NaN,NaN,NaN,NaN,NaN
NaN,NaN,NaN,NaN,NaN,NaN
NaN,NaN,NaN,NaN,NaN,NaN
NaN,NaN,NaN,NaN,NaN,NaN
NaN,NaN,NaN,NaN,NaN,NaN
NaN,NaN,NaN,NaN,NaN,NaN
NaN,NaN,NaN,NaN,NaN,NaN
NaN,NaN,NaN,NaN,NaN,NaN
NaN,NaN,NaN,NaN,NaN,NaN
NaN,NaN,NaN,NaN,NaN,NaN
NaN,NaN,NaN,NaN,NaN,NaN
NaN,NaN,NaN,NaN,NaN,NaN
NaN,NaN,NaN,NaN,NaN,NaN
NaN,NaN,NaN,NaN,NaN,NaN
NaN,NaN,NaN,NaN,NaN,NaN
NaN,NaN,NaN,NaN,NaN,NaN
NaN,NaN,NaN,NaN,NaN,NaN
NaN,NaN,NaN,NaN,NaN,NaN
NaN,NaN,NaN,NaN,NaN,NaN
NaN,NaN,NaN,NaN,NaN,NaN
NaN,NaN,NaN,NaN,NaN,NaN
NaN,NaN,NaN,NaN,NaN,NaN
NaN,NaN,NaN,NaN,NaN,NaN
NaN,NaN,NaN,NaN,NaN,NaN
NaN,NaN,NaN,NaN,NaN,NaN
NaN,NaN,NaN,NaN,NaN,NaN
NaN,NaN,NaN,NaN,NaN,NaN
NaN,NaN,NaN,NaN,NaN,NaN
NaN,NaN,NaN,NaN,NaN,NaN
NaN,NaN,NaN,NaN,NaN,NaN
NaN,NaN,NaN,NaN,NaN,NaN
NaN,NaN,NaN,NaN,NaN,NaN
NaN,NaN,NaN,NaN,NaN,NaN
NaN,NaN,NaN,NaN,NaN,NaN
NaN,NaN,NaN,NaN,NaN,NaN
NaN,NaN,NaN,NaN,NaN,NaN
NaN,NaN,NaN,NaN,NaN,NaN
NaN,NaN,NaN,NaN,NaN,NaN
NaN,NaN,NaN,NaN,NaN,NaN
NaN,NaN,NaN,NaN,NaN,NaN
NaN,NaN,NaN,NaN,NaN,NaN
NaN,NaN,NaN,NaN,NaN,NaN
NaN,NaN,NaN,NaN,NaN,NaN
NaN,NaN,NaN,NaN,NaN,NaN
NaN,NaN,NaN,NaN,NaN,NaN
NaN,NaN,NaN,NaN,NaN,NaN
NaN,NaN,NaN,NaN,NaN,NaN
NaN,NaN,NaN,NaN,NaN,NaN
NaN,NaN,NaN,NaN,NaN,NaN
NaN,NaN,NaN,NaN,NaN,NaN
NaN,NaN,NaN,NaN,NaN,NaN
NaN,NaN,NaN,NaN,NaN,NaN
NaN,NaN,NaN,NaN,NaN,NaN
NaN,NaN,NaN,NaN,NaN,NaN
NaN,NaN,NaN,NaN,NaN,NaN
NaN,NaN,NaN,NaN,NaN,NaN
NaN,NaN,NaN,NaN,NaN,NaN
NaN,NaN,NaN,NaN,NaN,NaN
NaN,NaN,NaN,NaN,NaN,NaN
NaN,NaN,NaN,NaN,NaN,NaN
NaN,NaN,NaN,NaN,NaN,NaN
NaN,NaN,NaN,NaN,NaN,NaN
NaN,NaN,NaN,NaN,NaN,NaN
NaN,NaN,NaN,NaN,NaN,NaN
NaN,NaN,NaN,NaN,NaN,NaN
NaN,NaN,NaN,NaN,NaN,NaN
NaN,NaN,NaN,NaN,NaN,NaN
NaN,NaN,NaN,NaN,NaN,NaN
NaN,NaN,NaN,NaN,NaN,NaN
NaN,NaN,NaN,NaN,NaN,NaN
NaN,NaN,NaN,NaN,NaN,NaN
NaN,NaN,NaN,NaN,NaN,NaN
NaN,NaN,NaN,NaN,NaN,NaN
NaN,NaN,NaN,NaN,NaN,NaN
NaN,NaN,NaN,NaN,NaN,NaN
NaN,NaN,NaN,NaN,NaN,NaN
NaN,NaN,NaN,NaN,NaN,NaN
NaN,NaN,NaN,NaN,NaN,NaN
NaN,NaN,NaN,NaN,NaN,NaN
NaN,NaN,NaN,NaN,NaN,NaN
NaN,NaN,NaN,NaN,NaN,NaN
NaN,NaN,NaN,NaN,NaN,NaN
NaN,NaN,NaN,NaN,NaN,NaN
NaN,NaN,NaN,NaN,NaN,NaN
NaN,NaN,NaN,NaN,NaN,NaN
NaN,NaN,NaN,NaN,NaN,NaN
NaN,NaN,NaN,NaN,NaN,NaN
NaN,NaN,NaN,NaN,NaN,NaN
NaN,NaN,NaN,NaN,NaN,NaN
NaN,NaN,NaN,NaN,NaN,NaN
NaN,NaN,NaN,NaN,NaN,NaN
NaN,NaN,NaN,NaN,NaN,NaN
NaN,NaN,NaN,NaN,NaN,NaN
NaN,NaN,NaN,NaN,NaN,NaN
NaN,NaN,NaN,NaN,NaN,NaN
NaN,NaN,NaN,NaN,NaN,NaN
NaN,NaN,NaN,NaN,NaN,NaN
NaN,NaN,NaN,NaN,NaN,NaN
NaN,NaN,NaN,NaN,NaN,NaN
NaN,NaN,NaN,NaN,NaN,NaN
NaN,NaN,NaN,NaN,NaN,NaN
NaN,NaN,NaN,NaN,NaN,NaN
NaN,NaN,NaN,NaN,NaN,NaN
NaN,NaN,NaN,NaN,NaN,NaN
NaN,NaN,NaN,NaN,NaN,NaN
NaN,NaN,NaN,NaN,NaN,NaN
NaN,NaN,NaN,NaN,NaN,NaN
NaN,NaN,NaN,NaN,NaN,NaN
NaN,NaN,NaN,NaN,NaN,NaN
NaN,NaN,NaN,NaN,NaN,NaN
NaN,NaN,NaN,NaN,NaN,NaN
NaN,NaN,NaN,NaN,NaN,NaN
NaN,NaN,NaN,NaN,NaN,NaN
NaN,NaN,NaN,NaN,NaN,NaN
NaN,NaN,NaN,NaN,NaN,NaN
NaN,NaN,NaN,NaN,NaN,NaN
NaN,NaN,NaN,NaN,NaN,NaN
NaN,NaN,NaN,NaN,NaN,NaN
NaN,NaN,NaN,NaN,NaN,NaN
NaN,NaN,NaN,NaN,NaN,NaN
NaN,NaN,NaN,NaN,NaN,NaN
NaN,NaN,NaN,NaN,NaN,NaN
NaN,NaN,NaN,NaN,NaN,NaN
NaN,NaN,NaN,NaN,NaN,NaN
NaN,NaN,NaN,NaN,NaN,NaN
NaN,NaN,NaN,NaN,NaN,NaN
NaN,NaN,NaN,NaN,NaN,NaN
NaN,NaN,NaN,NaN,NaN,NaN
NaN,NaN,NaN,NaN,NaN,NaN
NaN,NaN,NaN,NaN,NaN,NaN
NaN,NaN,NaN,NaN,NaN,NaN
NaN,NaN,NaN,NaN,NaN,NaN
NaN,NaN,NaN,NaN,NaN,NaN
NaN,NaN,NaN,NaN,NaN,NaN
NaN,NaN,NaN,NaN,NaN,NaN
NaN,NaN,NaN,NaN,NaN,NaN
NaN,NaN,NaN,NaN,NaN,NaN
NaN,NaN,NaN,NaN,NaN,NaN
NaN,NaN,NaN,NaN,NaN,NaN
NaN,NaN,NaN,NaN,NaN,NaN
NaN,NaN,NaN,NaN,NaN,NaN
NaN,NaN,NaN,NaN,NaN,NaN
NaN,NaN,NaN,NaN,NaN,NaN
NaN,NaN,NaN,NaN,NaN,NaN
NaN,NaN,NaN,NaN,NaN,NaN
NaN,NaN,NaN,NaN,NaN,NaN
NaN,NaN,NaN,NaN,NaN,NaN
NaN,NaN,NaN,NaN,NaN,NaN
NaN,NaN,NaN,NaN,NaN,NaN
NaN,NaN,NaN,NaN,NaN,NaN
NaN,NaN,NaN,NaN,NaN,NaN
NaN,NaN,NaN,NaN,NaN,NaN
NaN,NaN,NaN,NaN,NaN,NaN
NaN,NaN,NaN,NaN,NaN,NaN
NaN,NaN,NaN,NaN,NaN,NaN
NaN,NaN,NaN,NaN,NaN,NaN
NaN,NaN,NaN,NaN,NaN,NaN
NaN,NaN,NaN,NaN,NaN,NaN
NaN,NaN,NaN,NaN,NaN,NaN
NaN,NaN,NaN,NaN,NaN,NaN
NaN,NaN,NaN,NaN,NaN,NaN
NaN,NaN,NaN,NaN,NaN,NaN
NaN,NaN,NaN,NaN,NaN,NaN
NaN,NaN,NaN,NaN,NaN,NaN
NaN,NaN,NaN,NaN,NaN,NaN
NaN,NaN,NaN,NaN,NaN,NaN
NaN,NaN,NaN,NaN,NaN,NaN
NaN,NaN,NaN,NaN,NaN,NaN
NaN,NaN,NaN,NaN,NaN,NaN
NaN,NaN,NaN,NaN,NaN,NaN
NaN,NaN,NaN,NaN,NaN,NaN
NaN,NaN,NaN,NaN,NaN,NaN
NaN,NaN,NaN,NaN,NaN,NaN
NaN,NaN,NaN,NaN,NaN,NaN
NaN,NaN,NaN,NaN,NaN,NaN
NaN,NaN,NaN,NaN,NaN,NaN
NaN,NaN,NaN,NaN,NaN,NaN
NaN,NaN,NaN,NaN,NaN,NaN
NaN,NaN,NaN,NaN,NaN,NaN
NaN,NaN,NaN,NaN,NaN,NaN
NaN,NaN,NaN,NaN,NaN,NaN
NaN,NaN,NaN,NaN,NaN,NaN
NaN,NaN,NaN,NaN,NaN,NaN
NaN,NaN,NaN,NaN,NaN,NaN
NaN,NaN,NaN,NaN,NaN,NaN
NaN,NaN,NaN,NaN,NaN,NaN
NaN,NaN,NaN,NaN,NaN,NaN
NaN,NaN,NaN,NaN,NaN,NaN
NaN,NaN,NaN,NaN,NaN,NaN
NaN,NaN,NaN,NaN,NaN,NaN
NaN,NaN,NaN,NaN,NaN,NaN
NaN,NaN,NaN,NaN,NaN,NaN
NaN,NaN,NaN,NaN,NaN,NaN
NaN,NaN,NaN,NaN,NaN,NaN
NaN,NaN,NaN,NaN,NaN,NaN
NaN,NaN,NaN,NaN,NaN,NaN
NaN,NaN,NaN,NaN,NaN,NaN
NaN,NaN,NaN,NaN,NaN,NaN
NaN,NaN,NaN,NaN,NaN,NaN
NaN,NaN,NaN,NaN,NaN,NaN
NaN,NaN,NaN,NaN,NaN,NaN
NaN,NaN,NaN,NaN,NaN,NaN
NaN,NaN,NaN,NaN,NaN,NaN
NaN,NaN,NaN,NaN,NaN,NaN
NaN,NaN,NaN,NaN,NaN,NaN
NaN,NaN,NaN,NaN,NaN,NaN
NaN,NaN,NaN,NaN,NaN,NaN
NaN,NaN,NaN,NaN,NaN,NaN
NaN,NaN,NaN,NaN,NaN,NaN
NaN,NaN,NaN,NaN,NaN,NaN
NaN,NaN,NaN,NaN,NaN,NaN
NaN,NaN,NaN,NaN,NaN,NaN
NaN,NaN,NaN,NaN,NaN,NaN
NaN,NaN,NaN,NaN,NaN,NaN
NaN,NaN,NaN,NaN,NaN,NaN
NaN,NaN,NaN,NaN,NaN,NaN
NaN,NaN,NaN,NaN,NaN,NaN
NaN,NaN,NaN,NaN,NaN,NaN
NaN,NaN,NaN,NaN,NaN,NaN
NaN,NaN,NaN,NaN,NaN,NaN
NaN,NaN,NaN,NaN,NaN,NaN
NaN,NaN,NaN,NaN,NaN,NaN
NaN,NaN,NaN,NaN,NaN,NaN
NaN,NaN,NaN,NaN,NaN,NaN
NaN,NaN,NaN,NaN,NaN,NaN
NaN,NaN,NaN,NaN,NaN,NaN
NaN,NaN,NaN,NaN,NaN,NaN
NaN,NaN,NaN,NaN,NaN,NaN
NaN,NaN,NaN,NaN,NaN,NaN
NaN,NaN,NaN,NaN,NaN,NaN
NaN,NaN,NaN,NaN,NaN,NaN
NaN,NaN,NaN,NaN,NaN,NaN
NaN,NaN,NaN,NaN,NaN,NaN
NaN,NaN,NaN,NaN,NaN,NaN
NaN,NaN,NaN,NaN,NaN,NaN
NaN,NaN,NaN,NaN,NaN,NaN
NaN,NaN,NaN,NaN,NaN,NaN
NaN,NaN,NaN,NaN,NaN,NaN
NaN,NaN,NaN,NaN,NaN,NaN
NaN,NaN,NaN,NaN,NaN,NaN
NaN,NaN,NaN,NaN,NaN,NaN
NaN,NaN,NaN,NaN,NaN,NaN
NaN,NaN,NaN,NaN,NaN,NaN
NaN,NaN,NaN,NaN,NaN,NaN
NaN,NaN,NaN,NaN,NaN,NaN
NaN,NaN,NaN,NaN,NaN,NaN
NaN,NaN,NaN,NaN,NaN,NaN
NaN,NaN,NaN,NaN,NaN,NaN
NaN,NaN,NaN,NaN,NaN,NaN
NaN,NaN,NaN,NaN,NaN,NaN
NaN,NaN,NaN,NaN,NaN,NaN
NaN,NaN,NaN,NaN,NaN,NaN
NaN,NaN,NaN,NaN,NaN,NaN
NaN,NaN,NaN,NaN,NaN,NaN
NaN,NaN,NaN,NaN,NaN,NaN
NaN,NaN,NaN,NaN,NaN,NaN
NaN,NaN,NaN,NaN,NaN,NaN
