pt1_cam1_X,pt1_cam1_Y,pt2_cam1_X,pt2_cam1_Y,pt3_cam1_X,pt3_cam1_Y
NaN,NaN,492.302380,546.970957,485.348724,410.747336
NaN,NaN,492.000000,546.990000,484.990000,411.000000
NaN,NaN,491.970000,547.000000,484.990000,411.010000
NaN,NaN,491.970000,547.000000,484.970000,411.000000
NaN,NaN,492.000000,546.980000,484.970000,410.990000
NaN,NaN,492.000000,546.980000,484.980000,410.980000
NaN,NaN,492.010000,546.990000,484.970000,410.970000
NaN,NaN,491.980000,547.000000,484.960000,410.970000
NaN,NaN,491.990000,546.990000,484.960000,410.950000
NaN,NaN,492.020000,547.010000,484.950000,410.960000
NaN,NaN,491.960000,547.000000,484.940000,410.940000
NaN,NaN,491.980000,547.000000,484.930000,410.920000
NaN,NaN,491.990000,546.980000,484.940000,410.910000
NaN,NaN,491.990000,546.990000,484.930000,410.900000
NaN,NaN,491.970000,547.000000,484.910000,410.900000
NaN,NaN,492.010000,546.960000,484.910000,410.870000
NaN,NaN,492.020000,547.000000,484.910000,410.860000
NaN,NaN,492.010000,546.990000,484.890000,410.860000
NaN,NaN,491.980000,546.980000,484.880000,410.840000
NaN,NaN,492.020000,546.980000,484.860000,410.840000
NaN,NaN,491.990000,546.960000,484.850000,410.820000
NaN,NaN,491.990000,546.970000,484.850000,410.820000
NaN,NaN,492.000000,546.970000,484.850000,410.790000
NaN,NaN,491.990000,546.980000,484.850000,410.780000
NaN,NaN,491.980000,546.970000,484.830000,410.780000
NaN,NaN,491.980000,546.970000,484.820000,410.770000
NaN,NaN,491.980000,546.970000,484.820000,410.760000
NaN,NaN,491.990000,546.990000,484.790000,410.760000
NaN,NaN,491.970000,546.980000,484.790000,410.730000
NaN,NaN,491.980000,546.970000,484.780000,410.720000
NaN,NaN,492.000000,546.950000,484.760000,410.710000
NaN,NaN,491.990000,546.960000,484.740000,410.710000
NaN,NaN,491.970000,546.950000,484.740000,410.690000
NaN,NaN,492.000000,546.990000,484.730000,410.690000
NaN,NaN,491.980000,546.960000,484.720000,410.670000
NaN,NaN,491.960000,547.000000,484.710000,410.640000
NaN,NaN,491.960000,546.980000,484.700000,410.650000
NaN,NaN,491.960000,546.980000,484.680000,410.650000
NaN,NaN,491.960000,546.960000,484.670000,410.650000
NaN,NaN,491.970000,546.950000,484.680000,410.640000
NaN,NaN,491.980000,546.970000,484.660000,410.620000
NaN,NaN,491.950000,546.930000,484.630000,410.600000
NaN,NaN,491.970000,546.950000,484.610000,410.570000
NaN,NaN,491.990000,546.970000,484.580000,410.560000
NaN,NaN,491.970000,546.920000,484.580000,410.560000
NaN,NaN,491.990000,546.980000,484.520000,410.480000
NaN,NaN,491.980000,547.020000,484.240000,410.270000
NaN,NaN,491.970000,547.000000,484.230000,410.270000
NaN,NaN,491.960000,547.000000,484.200000,410.270000
NaN,NaN,491.960000,546.980000,484.200000,410.260000
NaN,NaN,491.940000,546.980000,484.180000,410.240000
NaN,NaN,491.940000,546.980000,484.160000,410.220000
NaN,NaN,491.960000,546.960000,484.140000,410.180000
NaN,NaN,491.930000,546.940000,484.110000,410.170000
NaN,NaN,491.980000,546.940000,484.110000,410.180000
NaN,NaN,491.970000,546.920000,484.110000,410.160000
NaN,NaN,491.960000,546.930000,484.100000,410.140000
NaN,NaN,491.930000,546.950000,484.090000,410.140000
NaN,NaN,491.930000,546.960000,484.080000,410.140000
NaN,NaN,491.960000,546.960000,484.080000,410.120000
NaN,NaN,491.950000,546.980000,484.070000,410.080000
NaN,NaN,491.910000,546.960000,484.060000,410.110000
NaN,NaN,491.960000,546.950000,484.060000,410.100000
NaN,NaN,491.930000,546.970000,484.060000,410.100000
NaN,NaN,491.930000,546.980000,484.030000,410.110000
NaN,NaN,491.940000,546.960000,484.040000,410.100000
NaN,NaN,491.940000,546.950000,484.020000,410.080000
NaN,NaN,491.940000,546.940000,484.030000,410.060000
NaN,NaN,491.970000,546.950000,484.020000,410.070000
NaN,NaN,491.980000,546.940000,484.000000,410.060000
NaN,NaN,491.950000,546.950000,483.990000,410.050000
NaN,NaN,491.970000,546.930000,483.960000,410.030000
NaN,NaN,491.950000,546.930000,483.960000,410.030000
NaN,NaN,491.930000,546.930000,483.950000,410.010000
NaN,NaN,491.940000,546.900000,483.950000,410.010000
NaN,NaN,491.960000,546.960000,483.890000,409.990000
NaN,NaN,491.960000,546.940000,483.880000,409.960000
NaN,NaN,491.950000,546.940000,483.860000,409.960000
NaN,NaN,491.960000,546.940000,483.840000,409.940000
NaN,NaN,491.950000,546.950000,483.830000,409.930000
NaN,NaN,491.940000,546.990000,483.820000,409.920000
NaN,NaN,491.940000,546.960000,483.790000,409.900000
NaN,NaN,491.910000,546.950000,483.800000,409.900000
NaN,NaN,491.920000,546.990000,483.760000,409.870000
NaN,NaN,491.910000,546.970000,483.730000,409.820000
NaN,NaN,491.920000,546.960000,483.720000,409.820000
NaN,NaN,491.910000,546.950000,483.720000,409.800000
NaN,NaN,491.890000,546.910000,483.690000,409.790000
NaN,NaN,491.910000,546.940000,483.650000,409.760000
NaN,NaN,491.920000,546.950000,483.610000,409.730000
NaN,NaN,491.890000,546.880000,483.610000,409.690000
NaN,NaN,491.930000,546.900000,483.570000,409.670000
NaN,NaN,491.890000,546.900000,483.600000,409.670000
NaN,NaN,491.910000,546.930000,483.580000,409.660000
NaN,NaN,491.910000,546.910000,483.560000,409.610000
NaN,NaN,491.910000,546.900000,483.510000,409.590000
NaN,NaN,491.940000,546.940000,483.210000,409.500000
NaN,NaN,491.910000,546.940000,483.160000,409.320000
NaN,NaN,491.910000,546.940000,483.150000,409.300000
NaN,NaN,491.910000,546.910000,483.130000,409.250000
NaN,NaN,491.910000,546.940000,483.140000,409.250000
NaN,NaN,491.930000,546.920000,483.120000,409.200000
NaN,NaN,491.930000,546.950000,483.080000,409.180000
NaN,NaN,491.920000,546.940000,483.090000,409.170000
NaN,NaN,491.920000,546.930000,483.070000,409.140000
NaN,NaN,491.870000,546.910000,483.070000,409.100000
NaN,NaN,491.880000,546.910000,483.060000,409.090000
NaN,NaN,491.880000,546.920000,483.060000,409.090000
NaN,NaN,491.880000,546.920000,483.050000,409.080000
NaN,NaN,491.850000,546.920000,483.030000,409.070000
NaN,NaN,491.880000,546.930000,483.000000,409.060000
NaN,NaN,491.860000,546.910000,483.010000,409.050000
NaN,NaN,491.890000,546.900000,482.980000,409.040000
NaN,NaN,491.870000,546.920000,482.970000,409.030000
NaN,NaN,491.880000,546.930000,482.960000,409.030000
NaN,NaN,491.890000,546.930000,482.950000,409.010000
NaN,NaN,491.880000,546.920000,482.910000,408.970000
NaN,NaN,491.840000,546.910000,482.920000,408.960000
NaN,NaN,491.870000,546.850000,482.900000,408.960000
NaN,NaN,491.860000,546.880000,482.900000,408.940000
NaN,NaN,491.870000,546.910000,482.860000,408.900000
NaN,NaN,491.850000,546.910000,482.840000,408.900000
NaN,NaN,491.850000,546.880000,482.850000,408.890000
NaN,NaN,491.860000,546.900000,482.820000,408.860000
NaN,NaN,491.890000,546.910000,482.800000,408.840000
NaN,NaN,491.860000,546.900000,482.780000,408.810000
NaN,NaN,491.870000,546.890000,482.770000,408.790000
NaN,NaN,491.880000,546.900000,482.800000,408.770000
NaN,NaN,491.870000,546.900000,482.770000,408.770000
NaN,NaN,491.840000,546.900000,482.750000,408.750000
NaN,NaN,491.870000,546.880000,482.730000,408.710000
NaN,NaN,491.870000,546.880000,482.720000,408.700000
NaN,NaN,491.860000,546.870000,482.710000,408.720000
NaN,NaN,491.840000,546.910000,482.660000,408.670000
NaN,NaN,491.850000,546.890000,482.640000,408.670000
NaN,NaN,491.810000,546.900000,482.630000,408.670000
NaN,NaN,491.830000,546.890000,482.590000,408.660000
NaN,NaN,491.840000,546.870000,482.560000,408.660000
NaN,NaN,491.820000,546.890000,482.540000,408.650000
NaN,NaN,491.810000,546.880000,482.540000,408.620000
NaN,NaN,491.810000,546.880000,482.520000,408.640000
NaN,NaN,491.840000,546.900000,482.520000,408.640000
NaN,NaN,491.820000,546.880000,482.470000,408.630000
NaN,NaN,491.850000,546.890000,482.200000,408.640000
NaN,NaN,491.870000,546.900000,482.170000,408.640000
NaN,NaN,491.850000,546.900000,482.160000,408.650000
NaN,NaN,491.850000,546.880000,482.130000,408.630000
NaN,NaN,491.840000,546.910000,482.130000,408.650000
NaN,NaN,491.850000,546.900000,482.110000,408.620000
NaN,NaN,491.840000,546.930000,482.080000,408.610000
NaN,NaN,491.820000,546.880000,482.040000,408.600000
NaN,NaN,491.860000,546.890000,482.030000,408.580000
NaN,NaN,491.830000,546.850000,482.020000,408.580000
NaN,NaN,491.840000,546.870000,482.000000,408.560000
NaN,NaN,491.790000,546.870000,481.970000,408.560000
NaN,NaN,491.830000,546.880000,481.940000,408.560000
NaN,NaN,491.800000,546.870000,481.910000,408.540000
NaN,NaN,491.820000,546.900000,481.890000,408.530000
NaN,NaN,491.810000,546.900000,481.850000,408.480000
NaN,NaN,491.830000,546.900000,481.860000,408.350000
NaN,NaN,491.810000,546.900000,481.840000,408.350000
NaN,NaN,491.810000,546.900000,481.810000,408.320000
NaN,NaN,491.820000,546.870000,481.790000,408.320000
NaN,NaN,491.820000,546.890000,481.770000,408.320000
NaN,NaN,491.810000,546.890000,481.740000,408.310000
NaN,NaN,491.840000,546.880000,481.690000,408.320000
NaN,NaN,491.780000,546.880000,481.670000,408.320000
NaN,NaN,491.750000,546.890000,481.680000,408.300000
NaN,NaN,491.780000,546.900000,481.650000,408.300000
NaN,NaN,491.780000,546.920000,481.620000,408.300000
NaN,NaN,491.800000,546.890000,481.620000,408.300000
NaN,NaN,491.780000,546.880000,481.580000,408.260000
NaN,NaN,491.800000,546.900000,481.520000,408.280000
NaN,NaN,491.810000,546.880000,481.220000,408.260000
NaN,NaN,491.810000,546.900000,481.160000,408.270000
NaN,NaN,491.770000,546.880000,481.140000,408.240000
NaN,NaN,491.790000,546.890000,481.120000,408.240000
NaN,NaN,491.780000,546.900000,481.110000,408.240000
NaN,NaN,491.780000,546.900000,481.090000,408.230000
NaN,NaN,491.780000,546.870000,481.070000,408.240000
NaN,NaN,491.760000,546.890000,481.010000,408.210000
NaN,NaN,491.760000,546.870000,480.980000,408.190000
NaN,NaN,491.760000,546.880000,480.970000,408.180000
NaN,NaN,491.740000,546.880000,480.930000,408.220000
NaN,NaN,491.730000,546.870000,480.920000,408.200000
NaN,NaN,491.740000,546.890000,480.890000,408.180000
NaN,NaN,491.740000,546.870000,480.880000,408.190000
NaN,NaN,491.770000,546.890000,480.850000,408.200000
NaN,NaN,491.730000,546.900000,480.830000,408.190000
NaN,NaN,491.770000,546.900000,480.810000,408.180000
NaN,NaN,491.760000,546.860000,480.790000,408.190000
NaN,NaN,491.760000,546.910000,480.750000,408.160000
NaN,NaN,491.750000,546.900000,480.740000,408.130000
NaN,NaN,491.730000,546.890000,480.680000,408.110000
NaN,NaN,491.700000,546.930000,480.660000,408.120000
NaN,NaN,491.750000,546.940000,480.620000,408.130000
NaN,NaN,491.710000,546.870000,480.580000,408.120000
NaN,NaN,491.690000,546.860000,480.550000,408.090000
NaN,NaN,491.690000,546.900000,480.490000,408.090000
NaN,NaN,491.690000,546.870000,480.200000,408.070000
NaN,NaN,491.700000,546.870000,480.180000,408.070000
NaN,NaN,491.740000,546.900000,480.170000,408.060000
NaN,NaN,491.750000,546.910000,480.170000,408.020000
NaN,NaN,491.740000,546.930000,480.140000,408.020000
NaN,NaN,491.720000,546.910000,480.120000,408.020000
NaN,NaN,491.730000,546.910000,480.090000,408.000000
NaN,NaN,491.750000,546.910000,480.070000,408.010000
NaN,NaN,491.770000,546.880000,480.050000,408.000000
NaN,NaN,491.740000,546.860000,480.000000,407.990000
NaN,NaN,491.730000,546.860000,480.000000,407.980000
NaN,NaN,491.700000,546.890000,479.970000,407.950000
NaN,NaN,491.700000,546.890000,479.960000,407.940000
NaN,NaN,491.750000,546.890000,479.950000,407.930000
NaN,NaN,491.720000,546.910000,479.910000,407.920000
NaN,NaN,491.740000,546.900000,479.880000,407.920000
NaN,NaN,491.720000,546.870000,479.850000,407.910000
NaN,NaN,491.720000,546.870000,479.830000,407.910000
NaN,NaN,491.660000,546.870000,479.830000,407.910000
NaN,NaN,491.710000,546.870000,479.800000,407.910000
NaN,NaN,491.670000,546.870000,479.820000,407.890000
NaN,NaN,491.660000,546.880000,479.800000,407.860000
NaN,NaN,491.700000,546.890000,479.790000,407.850000
NaN,NaN,491.680000,546.850000,479.750000,407.830000
NaN,NaN,491.700000,546.890000,479.700000,407.820000
NaN,NaN,491.690000,546.850000,479.680000,407.810000
NaN,NaN,491.670000,546.870000,479.650000,407.770000
NaN,NaN,491.710000,546.880000,479.610000,407.780000
NaN,NaN,491.680000,546.840000,479.580000,407.780000
NaN,NaN,491.710000,546.850000,479.590000,407.780000
NaN,NaN,491.680000,546.850000,479.560000,407.760000
NaN,NaN,491.670000,546.860000,479.540000,407.700000
NaN,NaN,491.670000,546.880000,479.560000,407.680000
NaN,NaN,491.670000,546.880000,479.510000,407.660000
NaN,NaN,491.650000,546.880000,479.180000,407.630000
NaN,NaN,491.700000,546.880000,479.130000,407.600000
NaN,NaN,491.660000,546.910000,479.120000,407.610000
NaN,NaN,491.630000,546.850000,479.100000,407.610000
NaN,NaN,491.610000,546.840000,479.060000,407.570000
NaN,NaN,491.630000,546.870000,479.050000,407.560000
NaN,NaN,491.650000,546.880000,479.020000,407.520000
NaN,NaN,491.640000,546.870000,479.000000,407.390000
NaN,NaN,491.650000,546.860000,478.970000,407.340000
NaN,NaN,491.630000,546.860000,478.950000,407.340000
NaN,NaN,491.610000,546.840000,478.950000,407.320000
NaN,NaN,491.640000,546.870000,478.900000,407.310000
NaN,NaN,491.590000,546.880000,478.890000,407.270000
NaN,NaN,491.610000,546.870000,478.850000,407.220000
NaN,NaN,491.660000,546.860000,478.840000,407.210000
NaN,NaN,491.690000,546.880000,478.800000,407.190000
NaN,NaN,491.670000,546.870000,478.760000,407.170000
NaN,NaN,491.660000,546.860000,478.730000,407.140000
NaN,NaN,491.660000,546.840000,478.690000,407.110000
NaN,NaN,491.700000,546.850000,478.680000,407.070000
NaN,NaN,491.670000,546.860000,478.600000,407.070000
NaN,NaN,491.710000,546.850000,478.600000,407.060000
NaN,NaN,491.690000,546.870000,478.530000,407.020000
NaN,NaN,491.670000,546.850000,478.230000,406.990000
NaN,NaN,491.630000,546.850000,478.200000,406.970000
NaN,NaN,491.680000,546.900000,478.210000,406.950000
NaN,NaN,491.660000,546.860000,478.190000,406.970000
NaN,NaN,491.680000,546.860000,478.150000,406.950000
NaN,NaN,491.650000,546.870000,478.100000,406.940000
NaN,NaN,491.640000,546.860000,478.060000,406.920000
NaN,NaN,491.610000,546.860000,477.970000,406.920000
NaN,NaN,491.650000,546.850000,477.960000,406.890000
NaN,NaN,491.660000,546.840000,477.950000,406.860000
NaN,NaN,491.650000,546.860000,477.930000,406.840000
NaN,NaN,491.670000,546.870000,477.890000,406.850000
NaN,NaN,491.640000,546.860000,477.860000,406.820000
NaN,NaN,491.670000,546.860000,477.800000,406.810000
NaN,NaN,491.600000,546.860000,477.730000,406.810000
NaN,NaN,491.640000,546.840000,477.700000,406.830000
NaN,NaN,491.620000,546.810000,477.670000,406.780000
NaN,NaN,491.720000,546.860000,477.650000,406.780000
NaN,NaN,491.660000,546.850000,477.580000,406.800000
NaN,NaN,491.680000,546.880000,477.560000,406.770000
NaN,NaN,491.680000,546.880000,477.510000,406.750000
NaN,NaN,491.670000,546.890000,477.200000,406.720000
NaN,NaN,491.640000,546.890000,477.170000,406.700000
NaN,NaN,491.620000,546.870000,477.080000,406.700000
NaN,NaN,491.670000,546.880000,477.090000,406.700000
NaN,NaN,491.610000,546.840000,477.070000,406.670000
NaN,NaN,491.620000,546.870000,477.010000,406.660000
NaN,NaN,491.600000,546.850000,476.980000,406.650000
NaN,NaN,491.580000,546.870000,476.950000,406.630000
NaN,NaN,491.640000,546.830000,476.930000,406.640000
NaN,NaN,491.620000,546.790000,476.890000,406.630000
NaN,NaN,491.640000,546.830000,476.830000,406.580000
NaN,NaN,491.660000,546.830000,476.820000,406.560000
NaN,NaN,491.620000,546.840000,476.810000,406.540000
NaN,NaN,491.600000,546.830000,476.790000,406.510000
NaN,NaN,491.620000,546.790000,476.730000,406.430000
NaN,NaN,491.630000,546.840000,476.730000,406.440000
NaN,NaN,491.620000,546.840000,476.630000,406.440000
NaN,NaN,491.610000,546.820000,476.620000,406.410000
NaN,NaN,491.630000,546.860000,476.610000,406.420000
NaN,NaN,491.670000,546.870000,476.580000,406.420000
NaN,NaN,491.620000,546.860000,476.540000,406.410000
NaN,NaN,491.610000,546.830000,476.510000,406.400000
NaN,NaN,491.600000,546.850000,476.170000,406.400000
NaN,NaN,491.600000,546.810000,476.090000,406.400000
NaN,NaN,491.600000,546.830000,476.080000,406.420000
NaN,NaN,491.580000,546.800000,476.050000,406.400000
NaN,NaN,491.600000,546.830000,476.030000,406.380000
NaN,NaN,491.580000,546.860000,476.000000,406.360000
NaN,NaN,491.610000,546.870000,475.980000,406.330000
NaN,NaN,491.620000,546.850000,475.970000,406.360000
NaN,NaN,491.610000,546.840000,475.910000,406.350000
NaN,NaN,491.620000,546.850000,475.900000,406.370000
NaN,NaN,491.640000,546.850000,475.890000,406.350000
NaN,NaN,491.630000,546.850000,475.840000,406.330000
NaN,NaN,491.590000,546.800000,475.830000,406.360000
NaN,NaN,491.530000,546.810000,475.760000,406.380000
NaN,NaN,491.230000,546.670000,475.740000,406.350000
NaN,NaN,491.200000,546.710000,475.720000,406.340000
NaN,NaN,491.210000,546.700000,475.630000,406.360000
NaN,NaN,491.190000,546.700000,475.590000,406.350000
NaN,NaN,491.230000,546.720000,475.560000,406.350000
NaN,NaN,491.250000,546.710000,475.520000,406.300000
NaN,NaN,491.270000,546.690000,475.210000,406.310000
NaN,NaN,491.240000,546.700000,475.180000,406.290000
NaN,NaN,491.210000,546.670000,475.150000,406.340000
NaN,NaN,491.180000,546.710000,475.130000,406.330000
NaN,NaN,491.210000,546.710000,475.060000,406.300000
NaN,NaN,491.230000,546.720000,475.040000,406.260000
NaN,NaN,491.240000,546.720000,475.030000,406.310000
NaN,NaN,491.220000,546.680000,474.980000,406.270000
NaN,NaN,491.170000,546.660000,474.960000,406.280000
NaN,NaN,491.170000,546.670000,474.920000,406.300000
NaN,NaN,491.170000,546.660000,474.900000,406.340000
NaN,NaN,491.170000,546.710000,474.870000,406.270000
NaN,NaN,491.240000,546.730000,474.820000,406.290000
NaN,NaN,491.230000,546.710000,474.820000,406.260000
NaN,NaN,491.200000,546.690000,474.800000,406.230000
NaN,NaN,491.170000,546.660000,474.770000,406.240000
NaN,NaN,491.180000,546.670000,474.740000,406.240000
NaN,NaN,491.180000,546.690000,474.720000,406.220000
NaN,NaN,491.170000,546.640000,474.740000,406.220000
NaN,NaN,491.120000,546.610000,474.700000,406.210000
NaN,NaN,491.150000,546.690000,474.690000,406.180000
NaN,NaN,491.140000,546.660000,474.680000,406.200000
NaN,NaN,491.110000,546.650000,474.650000,406.190000
NaN,NaN,491.110000,546.600000,474.630000,406.170000
NaN,NaN,491.160000,546.600000,474.590000,406.140000
NaN,NaN,491.130000,546.590000,474.590000,406.150000
NaN,NaN,491.110000,546.690000,474.570000,406.130000
NaN,NaN,491.100000,546.660000,474.510000,406.100000
NaN,NaN,491.120000,546.650000,474.170000,406.080000
NaN,NaN,491.160000,546.640000,474.170000,406.110000
NaN,NaN,491.120000,546.630000,474.120000,406.060000
NaN,NaN,491.200000,546.690000,474.100000,406.050000
NaN,NaN,491.140000,546.660000,474.050000,406.050000
NaN,NaN,491.170000,546.650000,474.030000,406.030000
NaN,NaN,491.130000,546.620000,474.030000,406.030000
NaN,NaN,491.130000,546.670000,474.020000,406.040000
NaN,NaN,491.160000,546.640000,474.000000,406.040000
NaN,NaN,491.200000,546.690000,473.990000,405.990000
NaN,NaN,491.180000,546.680000,473.960000,406.000000
NaN,NaN,491.170000,546.650000,473.940000,406.010000
NaN,NaN,491.130000,546.640000,473.900000,406.000000
NaN,NaN,491.080000,546.540000,473.810000,405.990000
NaN,NaN,490.960000,546.230000,473.830000,405.960000
NaN,NaN,490.980000,546.280000,473.830000,405.970000
NaN,NaN,490.990000,546.240000,473.810000,405.980000
NaN,NaN,491.000000,546.260000,473.790000,405.930000
NaN,NaN,491.010000,546.310000,473.750000,405.930000
NaN,NaN,491.030000,546.260000,473.740000,405.930000
NaN,NaN,491.000000,546.250000,473.750000,405.950000
NaN,NaN,490.990000,546.270000,473.700000,405.940000
NaN,NaN,490.990000,546.280000,473.630000,405.940000
NaN,NaN,490.980000,546.270000,473.610000,405.920000
NaN,NaN,490.970000,546.240000,473.640000,405.930000
NaN,NaN,490.960000,546.220000,473.600000,405.910000
NaN,NaN,490.970000,546.220000,473.600000,405.910000
NaN,NaN,490.960000,546.190000,473.570000,405.890000
NaN,NaN,490.940000,546.220000,473.540000,405.900000
NaN,NaN,490.910000,546.190000,473.550000,405.900000
NaN,NaN,490.910000,546.230000,473.490000,405.870000
NaN,NaN,490.900000,546.180000,473.260000,405.900000
NaN,NaN,490.950000,546.170000,473.150000,405.890000
NaN,NaN,490.950000,546.230000,473.160000,405.880000
NaN,NaN,490.950000,546.220000,473.160000,405.860000
NaN,NaN,490.970000,546.210000,473.160000,405.870000
NaN,NaN,490.960000,546.170000,473.120000,405.900000
NaN,NaN,490.940000,546.190000,473.110000,405.890000
NaN,NaN,490.910000,546.160000,473.120000,405.890000
NaN,NaN,490.930000,546.190000,473.120000,405.910000
NaN,NaN,490.950000,546.180000,473.110000,405.910000
NaN,NaN,490.930000,546.180000,473.090000,405.920000
NaN,NaN,490.930000,546.190000,473.070000,405.920000
NaN,NaN,490.980000,546.200000,472.980000,405.910000
NaN,NaN,490.960000,546.230000,472.990000,405.910000
NaN,NaN,490.940000,546.210000,472.950000,405.890000
NaN,NaN,490.990000,546.290000,472.980000,405.910000
NaN,NaN,490.950000,546.200000,472.960000,405.900000
NaN,NaN,490.910000,546.170000,472.950000,405.910000
NaN,NaN,490.920000,546.180000,472.920000,405.910000
NaN,NaN,490.840000,546.170000,472.920000,405.900000
NaN,NaN,490.880000,546.140000,472.910000,405.900000
NaN,NaN,490.910000,546.180000,472.890000,405.890000
NaN,NaN,490.920000,546.200000,472.860000,405.900000
NaN,NaN,490.900000,546.170000,472.860000,405.900000
NaN,NaN,490.900000,546.160000,472.830000,405.880000
NaN,NaN,490.890000,546.150000,472.810000,405.880000
NaN,NaN,490.880000,546.130000,472.780000,405.880000
NaN,NaN,490.940000,546.160000,472.750000,405.850000
NaN,NaN,490.900000,546.160000,472.770000,405.860000
NaN,NaN,490.890000,546.130000,472.780000,405.860000
NaN,NaN,490.880000,546.130000,472.710000,405.860000
NaN,NaN,490.900000,546.160000,472.690000,405.850000
NaN,NaN,490.880000,546.150000,472.690000,405.870000
NaN,NaN,490.870000,546.150000,472.680000,405.830000
NaN,NaN,490.920000,546.150000,472.660000,405.820000
NaN,NaN,490.910000,546.130000,472.600000,405.810000
NaN,NaN,490.870000,546.150000,472.590000,405.820000
NaN,NaN,490.880000,546.140000,472.550000,405.810000
NaN,NaN,490.860000,546.120000,472.510000,405.830000
NaN,NaN,490.870000,546.120000,472.170000,405.820000
NaN,NaN,490.820000,546.080000,472.190000,405.830000
NaN,NaN,490.850000,546.090000,472.130000,405.850000
NaN,NaN,490.950000,546.150000,472.080000,405.780000
NaN,NaN,490.930000,546.120000,472.070000,405.800000
NaN,NaN,490.910000,546.110000,472.080000,405.780000
NaN,NaN,490.910000,546.100000,472.040000,405.780000
NaN,NaN,490.910000,546.090000,472.030000,405.800000
NaN,NaN,490.840000,546.060000,472.020000,405.790000
NaN,NaN,490.890000,546.140000,472.020000,405.790000
NaN,NaN,490.880000,546.130000,472.000000,405.750000
NaN,NaN,490.910000,546.120000,471.970000,405.760000
NaN,NaN,490.920000,546.130000,471.910000,405.730000
NaN,NaN,490.910000,546.150000,471.920000,405.770000
NaN,NaN,490.880000,546.110000,471.850000,405.740000
NaN,NaN,490.900000,546.100000,471.820000,405.710000
NaN,NaN,490.880000,546.120000,471.790000,405.710000
NaN,NaN,490.870000,546.110000,471.740000,405.720000
NaN,NaN,490.850000,546.120000,471.690000,405.780000
NaN,NaN,490.860000,546.110000,471.680000,405.760000
NaN,NaN,490.890000,546.140000,471.680000,405.760000
NaN,NaN,490.910000,546.150000,471.660000,405.770000
NaN,NaN,490.860000,546.060000,471.550000,405.770000
NaN,NaN,490.870000,546.110000,471.220000,405.790000
NaN,NaN,490.810000,546.100000,471.200000,405.770000
NaN,NaN,490.860000,546.040000,471.170000,405.800000
NaN,NaN,490.840000,546.070000,471.170000,405.840000
NaN,NaN,490.870000,546.060000,471.120000,405.810000
NaN,NaN,490.810000,546.080000,471.120000,405.820000
NaN,NaN,490.790000,546.040000,471.050000,405.790000
NaN,NaN,490.830000,546.080000,471.040000,405.790000
NaN,NaN,490.830000,546.090000,471.030000,405.820000
NaN,NaN,490.790000,546.100000,470.990000,405.790000
NaN,NaN,490.880000,546.090000,471.010000,405.770000
NaN,NaN,490.890000,546.140000,470.980000,405.750000
NaN,NaN,490.870000,546.090000,470.980000,405.760000
NaN,NaN,490.850000,546.080000,470.980000,405.750000
NaN,NaN,490.810000,546.040000,470.940000,405.720000
NaN,NaN,490.790000,546.040000,470.930000,405.730000
NaN,NaN,490.800000,546.000000,470.900000,405.720000
NaN,NaN,490.830000,546.000000,470.900000,405.740000
NaN,NaN,490.800000,546.010000,470.900000,405.730000
NaN,NaN,490.790000,545.990000,470.880000,405.730000
NaN,NaN,490.800000,546.010000,470.860000,405.730000
NaN,NaN,490.820000,546.010000,470.830000,405.740000
NaN,NaN,490.790000,546.040000,470.830000,405.700000
NaN,NaN,490.810000,546.050000,470.810000,405.700000
NaN,NaN,490.820000,546.060000,470.770000,405.670000
NaN,NaN,490.810000,546.040000,470.770000,405.600000
NaN,NaN,490.790000,546.000000,470.740000,405.590000
NaN,NaN,490.800000,546.020000,470.740000,405.590000
NaN,NaN,490.740000,546.000000,470.750000,405.590000
NaN,NaN,490.750000,546.010000,470.710000,405.590000
NaN,NaN,490.790000,546.020000,470.670000,405.550000
NaN,NaN,490.800000,546.030000,470.630000,405.530000
NaN,NaN,490.820000,546.020000,470.600000,405.550000
NaN,NaN,490.800000,546.030000,470.580000,405.580000
NaN,NaN,490.770000,546.010000,470.580000,405.560000
NaN,NaN,490.770000,546.020000,470.530000,405.570000
NaN,NaN,490.730000,545.980000,470.170000,405.570000
NaN,NaN,490.720000,545.970000,470.110000,405.540000
NaN,NaN,490.760000,545.990000,470.060000,405.460000
NaN,NaN,490.730000,545.950000,470.010000,405.300000
NaN,NaN,490.820000,545.970000,470.010000,405.280000
NaN,NaN,490.790000,546.040000,469.980000,405.290000
NaN,NaN,490.710000,545.990000,469.930000,405.240000
NaN,NaN,490.780000,545.990000,469.940000,405.210000
NaN,NaN,490.760000,546.010000,469.890000,405.190000
NaN,NaN,490.740000,546.000000,469.860000,405.180000
NaN,NaN,490.800000,545.990000,469.820000,405.180000
NaN,NaN,490.820000,546.040000,469.790000,405.170000
NaN,NaN,490.790000,545.980000,469.740000,405.170000
NaN,NaN,490.820000,546.020000,469.690000,405.170000
NaN,NaN,490.760000,546.010000,469.670000,405.180000
NaN,NaN,490.760000,546.000000,469.640000,405.140000
NaN,NaN,490.650000,545.960000,469.610000,405.150000
NaN,NaN,490.700000,545.990000,469.530000,405.120000
NaN,NaN,490.710000,545.990000,469.200000,405.090000
NaN,NaN,490.660000,545.970000,469.170000,405.040000
NaN,NaN,490.720000,545.960000,469.130000,405.030000
NaN,NaN,490.680000,545.940000,469.100000,405.010000
NaN,NaN,490.670000,545.960000,469.080000,405.000000
NaN,NaN,490.730000,545.950000,469.050000,404.990000
NaN,NaN,490.710000,545.900000,468.960000,404.970000
NaN,NaN,490.690000,545.960000,468.960000,404.940000
NaN,NaN,490.720000,545.950000,468.940000,404.910000
NaN,NaN,490.750000,545.920000,468.910000,404.860000
NaN,NaN,490.700000,545.930000,468.890000,404.830000
NaN,NaN,490.720000,545.930000,468.820000,404.800000
NaN,NaN,490.600000,545.920000,468.770000,404.780000
NaN,NaN,490.680000,545.970000,468.750000,404.760000
NaN,NaN,490.660000,545.950000,468.700000,404.730000
NaN,NaN,490.690000,545.970000,468.650000,404.680000
NaN,NaN,490.700000,545.930000,468.610000,404.640000
NaN,NaN,490.720000,545.940000,468.540000,404.670000
NaN,NaN,490.730000,545.960000,468.200000,404.610000
NaN,NaN,490.690000,545.950000,468.140000,404.550000
NaN,NaN,490.710000,545.960000,468.110000,404.300000
NaN,NaN,490.640000,545.930000,468.080000,404.270000
NaN,NaN,490.650000,545.920000,468.040000,404.240000
NaN,NaN,490.650000,545.920000,468.010000,404.210000
NaN,NaN,490.600000,545.870000,467.990000,404.230000
NaN,NaN,490.630000,545.900000,467.870000,404.200000
NaN,NaN,490.670000,545.900000,467.880000,404.190000
NaN,NaN,490.750000,545.910000,467.850000,404.160000
NaN,NaN,490.720000,545.940000,467.830000,404.160000
NaN,NaN,490.670000,545.940000,467.790000,404.110000
NaN,NaN,490.630000,545.950000,467.690000,404.080000
NaN,NaN,490.690000,545.950000,467.670000,404.110000
NaN,NaN,490.750000,545.960000,467.630000,404.100000
NaN,NaN,490.710000,545.940000,467.610000,404.070000
NaN,NaN,490.680000,545.950000,467.550000,404.040000
NaN,NaN,490.650000,545.950000,467.190000,404.000000
NaN,NaN,490.670000,545.960000,467.160000,403.990000
NaN,NaN,490.710000,545.920000,467.120000,403.970000
NaN,NaN,490.690000,545.880000,467.060000,403.960000
NaN,NaN,490.640000,545.920000,467.060000,403.930000
NaN,NaN,490.650000,545.920000,467.040000,403.940000
NaN,NaN,490.650000,545.900000,467.010000,403.920000
NaN,NaN,490.670000,545.910000,466.990000,403.890000
NaN,NaN,490.690000,545.940000,466.960000,403.870000
NaN,NaN,490.660000,545.910000,466.930000,403.860000
NaN,NaN,490.700000,545.940000,466.900000,403.840000
NaN,NaN,490.670000,545.990000,466.820000,403.860000
NaN,NaN,490.640000,545.950000,466.800000,403.840000
NaN,NaN,490.690000,545.920000,466.760000,403.840000
NaN,NaN,490.670000,545.930000,466.750000,403.830000
NaN,NaN,490.670000,545.900000,466.700000,403.820000
NaN,NaN,490.640000,545.930000,466.650000,403.810000
NaN,NaN,490.610000,545.880000,466.610000,403.790000
NaN,NaN,490.620000,545.900000,466.560000,403.770000
NaN,NaN,490.700000,545.960000,466.530000,403.750000
NaN,NaN,490.690000,545.890000,466.170000,403.750000
NaN,NaN,490.630000,545.870000,466.150000,403.750000
NaN,NaN,490.630000,545.850000,466.090000,403.720000
NaN,NaN,490.650000,545.890000,466.070000,403.730000
NaN,NaN,490.590000,545.880000,466.040000,403.700000
NaN,NaN,490.620000,545.890000,466.010000,403.700000
NaN,NaN,490.660000,545.870000,465.950000,403.680000
NaN,NaN,490.630000,545.870000,465.900000,403.680000
NaN,NaN,490.640000,545.840000,465.850000,403.650000
NaN,NaN,490.660000,545.850000,465.830000,403.670000
NaN,NaN,490.610000,545.870000,465.720000,403.610000
NaN,NaN,490.610000,545.850000,465.710000,403.640000
NaN,NaN,490.560000,545.860000,465.700000,403.640000
NaN,NaN,490.630000,545.860000,465.650000,403.580000
NaN,NaN,490.610000,545.890000,465.590000,403.560000
NaN,NaN,490.580000,545.850000,465.560000,403.540000
NaN,NaN,490.570000,545.830000,465.480000,403.520000
NaN,NaN,490.590000,545.840000,465.130000,403.370000
NaN,NaN,490.630000,545.860000,465.110000,403.340000
NaN,NaN,490.530000,545.840000,465.090000,403.290000
NaN,NaN,490.250000,545.790000,465.020000,403.320000
NaN,NaN,490.240000,545.790000,465.000000,403.240000
NaN,NaN,490.210000,545.770000,465.010000,403.250000
NaN,NaN,490.200000,545.810000,464.930000,403.250000
NaN,NaN,490.190000,545.760000,464.910000,403.220000
NaN,NaN,490.220000,545.800000,464.870000,403.180000
NaN,NaN,490.220000,545.770000,464.830000,403.140000
NaN,NaN,490.170000,545.790000,464.810000,403.110000
NaN,NaN,490.190000,545.750000,464.780000,403.070000
NaN,NaN,490.220000,545.770000,464.750000,403.060000
NaN,NaN,490.180000,545.770000,464.690000,403.050000
NaN,NaN,490.240000,545.780000,464.680000,403.040000
NaN,NaN,490.210000,545.760000,464.580000,403.000000
NaN,NaN,490.230000,545.740000,464.260000,402.950000
NaN,NaN,490.240000,545.750000,464.230000,402.980000
NaN,NaN,490.200000,545.710000,464.180000,402.960000
NaN,NaN,490.150000,545.720000,464.090000,402.920000
NaN,NaN,490.180000,545.690000,464.090000,402.900000
NaN,NaN,490.190000,545.720000,464.050000,402.880000
NaN,NaN,490.140000,545.730000,464.010000,402.870000
NaN,NaN,490.140000,545.680000,463.950000,402.860000
NaN,NaN,490.180000,545.720000,463.940000,402.860000
NaN,NaN,490.210000,545.750000,463.890000,402.840000
NaN,NaN,490.170000,545.710000,463.890000,402.830000
NaN,NaN,490.220000,545.760000,463.850000,402.810000
NaN,NaN,490.200000,545.710000,463.790000,402.790000
NaN,NaN,490.190000,545.710000,463.760000,402.770000
NaN,NaN,490.210000,545.730000,463.710000,402.740000
NaN,NaN,490.210000,545.710000,463.650000,402.730000
NaN,NaN,490.150000,545.700000,463.600000,402.710000
NaN,NaN,490.170000,545.720000,463.530000,402.720000
NaN,NaN,490.130000,545.680000,463.190000,402.670000
NaN,NaN,490.170000,545.710000,463.150000,402.640000
NaN,NaN,490.150000,545.740000,463.130000,402.630000
NaN,NaN,490.130000,545.680000,463.060000,402.600000
NaN,NaN,490.130000,545.640000,463.050000,402.560000
NaN,NaN,490.150000,545.690000,463.010000,402.550000
NaN,NaN,490.130000,545.710000,462.980000,402.550000
NaN,NaN,490.150000,545.670000,462.920000,402.490000
NaN,NaN,490.160000,545.670000,462.910000,402.330000
NaN,NaN,490.140000,545.670000,462.890000,402.280000
NaN,NaN,490.160000,545.720000,462.860000,402.270000
NaN,NaN,490.160000,545.690000,462.810000,402.240000
NaN,NaN,490.100000,545.660000,462.770000,402.230000
NaN,NaN,490.140000,545.680000,462.720000,402.190000
NaN,NaN,490.110000,545.670000,462.710000,402.200000
NaN,NaN,490.150000,545.670000,462.640000,402.150000
NaN,NaN,490.110000,545.670000,462.580000,402.120000
NaN,NaN,490.120000,545.700000,462.540000,402.140000
NaN,NaN,490.110000,545.690000,462.260000,402.130000
NaN,NaN,490.130000,545.690000,462.220000,402.100000
NaN,NaN,490.120000,545.720000,462.190000,402.060000
NaN,NaN,490.120000,545.700000,462.130000,402.080000
NaN,NaN,490.150000,545.690000,462.100000,402.080000
NaN,NaN,490.110000,545.630000,462.060000,402.060000
NaN,NaN,490.100000,545.690000,462.040000,402.030000
NaN,NaN,490.120000,545.650000,462.010000,401.980000
NaN,NaN,490.120000,545.680000,461.970000,401.970000
NaN,NaN,490.090000,545.690000,461.970000,401.940000
NaN,NaN,490.080000,545.650000,461.900000,401.950000
NaN,NaN,490.080000,545.640000,461.890000,401.950000
NaN,NaN,490.100000,545.650000,461.920000,401.910000
NaN,NaN,490.100000,545.660000,461.900000,401.920000
NaN,NaN,490.090000,545.640000,461.840000,401.900000
NaN,NaN,490.090000,545.640000,461.830000,401.900000
NaN,NaN,490.080000,545.640000,461.820000,401.870000
NaN,NaN,490.080000,545.630000,461.820000,401.860000
NaN,NaN,490.080000,545.590000,461.780000,401.830000
NaN,NaN,490.060000,545.640000,461.760000,401.810000
NaN,NaN,490.040000,545.620000,461.730000,401.810000
NaN,NaN,490.080000,545.620000,461.730000,401.810000
NaN,NaN,490.090000,545.610000,461.700000,401.770000
NaN,NaN,490.080000,545.680000,461.650000,401.770000
NaN,NaN,490.090000,545.680000,461.640000,401.740000
NaN,NaN,490.120000,545.650000,461.610000,401.740000
NaN,NaN,490.070000,545.640000,461.580000,401.710000
NaN,NaN,490.090000,545.650000,461.550000,401.720000
NaN,NaN,490.090000,545.650000,461.510000,401.740000
NaN,NaN,490.090000,545.660000,461.210000,401.780000
NaN,NaN,490.100000,545.640000,461.200000,401.740000
NaN,NaN,490.090000,545.620000,461.180000,401.730000
NaN,NaN,490.050000,545.590000,461.140000,401.740000
NaN,NaN,490.070000,545.640000,461.140000,401.730000
NaN,NaN,490.070000,545.640000,461.150000,401.740000
NaN,NaN,490.070000,545.620000,461.100000,401.730000
NaN,NaN,490.050000,545.590000,461.070000,401.730000
NaN,NaN,490.030000,545.590000,461.070000,401.720000
NaN,NaN,490.050000,545.620000,461.060000,401.710000
NaN,NaN,490.040000,545.580000,461.040000,401.730000
NaN,NaN,490.030000,545.550000,461.040000,401.700000
NaN,NaN,490.020000,545.530000,461.010000,401.730000
NaN,NaN,490.090000,545.660000,461.030000,401.690000
NaN,NaN,490.100000,545.640000,460.980000,401.730000
NaN,NaN,490.050000,545.620000,460.960000,401.720000
NaN,NaN,490.070000,545.610000,460.950000,401.710000
NaN,NaN,490.080000,545.600000,460.920000,401.690000
NaN,NaN,490.120000,545.610000,460.890000,401.650000
NaN,NaN,490.120000,545.680000,460.870000,401.630000
NaN,NaN,490.030000,545.640000,460.860000,401.670000
NaN,NaN,490.030000,545.620000,460.840000,401.670000
NaN,NaN,490.040000,545.630000,460.830000,401.680000
NaN,NaN,490.030000,545.620000,460.810000,401.680000
NaN,NaN,490.030000,545.590000,460.830000,401.680000
NaN,NaN,490.050000,545.620000,460.820000,401.670000
NaN,NaN,490.020000,545.610000,460.780000,401.660000
NaN,NaN,490.010000,545.610000,460.790000,401.650000
NaN,NaN,490.050000,545.590000,460.750000,401.570000
NaN,NaN,490.050000,545.540000,460.720000,401.610000
NaN,NaN,489.950000,545.180000,460.720000,401.600000
NaN,NaN,489.940000,545.220000,460.720000,401.620000
NaN,NaN,489.930000,545.220000,460.680000,401.640000
NaN,NaN,489.940000,545.230000,460.670000,401.630000
NaN,NaN,489.970000,545.240000,460.640000,401.670000
NaN,NaN,489.960000,545.260000,460.650000,401.660000
NaN,NaN,489.950000,545.290000,460.640000,401.670000
NaN,NaN,489.950000,545.240000,460.600000,401.670000
NaN,NaN,489.960000,545.200000,460.600000,401.660000
NaN,NaN,489.960000,545.210000,460.580000,401.670000
NaN,NaN,489.950000,545.240000,460.570000,401.660000
NaN,NaN,489.940000,545.240000,460.550000,401.670000
NaN,NaN,489.960000,545.240000,460.490000,401.660000
NaN,NaN,489.960000,545.240000,460.190000,401.710000
NaN,NaN,489.960000,545.240000,460.160000,401.680000
NaN,NaN,489.940000,545.270000,460.160000,401.700000
NaN,NaN,489.980000,545.260000,460.150000,401.720000
NaN,NaN,489.930000,545.280000,460.140000,401.740000
NaN,NaN,489.950000,545.290000,460.140000,401.720000
NaN,NaN,489.920000,545.240000,460.130000,401.720000
NaN,NaN,489.920000,545.240000,460.120000,401.720000
NaN,NaN,489.950000,545.200000,460.120000,401.760000
NaN,NaN,489.910000,545.210000,460.080000,401.780000
NaN,NaN,489.920000,545.250000,460.080000,401.790000
NaN,NaN,489.910000,545.220000,460.090000,401.770000
NaN,NaN,489.920000,545.230000,460.060000,401.740000
NaN,NaN,489.940000,545.260000,460.040000,401.750000
NaN,NaN,489.920000,545.230000,460.040000,401.770000
NaN,NaN,489.950000,545.260000,460.010000,401.820000
NaN,NaN,489.950000,545.250000,460.040000,401.800000
NaN,NaN,489.970000,545.220000,460.020000,401.800000
NaN,NaN,489.960000,545.230000,460.010000,401.780000
NaN,NaN,489.940000,545.200000,460.010000,401.800000
NaN,NaN,489.920000,545.160000,459.990000,401.810000
NaN,NaN,489.920000,545.160000,459.980000,401.810000
NaN,NaN,489.920000,545.160000,459.980000,401.830000
NaN,NaN,489.960000,545.160000,459.940000,401.850000
NaN,NaN,489.920000,545.150000,459.950000,401.820000
NaN,NaN,489.960000,545.170000,459.920000,401.820000
NaN,NaN,489.960000,545.190000,459.920000,401.800000
NaN,NaN,489.930000,545.170000,459.860000,401.820000
NaN,NaN,489.940000,545.170000,459.840000,401.800000
NaN,NaN,489.940000,545.180000,459.850000,401.790000
NaN,NaN,489.910000,545.150000,459.820000,401.800000
NaN,NaN,489.910000,545.190000,459.810000,401.750000
NaN,NaN,489.900000,545.120000,459.810000,401.760000
NaN,NaN,489.900000,545.180000,459.790000,401.770000
NaN,NaN,489.900000,545.160000,459.780000,401.780000
NaN,NaN,489.900000,545.170000,459.770000,401.770000
NaN,NaN,489.890000,545.160000,459.760000,401.770000
NaN,NaN,489.900000,545.140000,459.730000,401.750000
NaN,NaN,489.890000,545.130000,459.710000,401.740000
NaN,NaN,489.910000,545.120000,459.700000,401.720000
NaN,NaN,489.880000,545.140000,459.670000,401.700000
NaN,NaN,489.900000,545.160000,459.640000,401.710000
NaN,NaN,489.890000,545.100000,459.610000,401.730000
NaN,NaN,489.880000,545.170000,459.580000,401.720000
NaN,NaN,489.860000,545.140000,459.580000,401.700000
NaN,NaN,489.890000,545.160000,459.550000,401.650000
NaN,NaN,489.870000,545.100000,459.510000,401.680000
NaN,NaN,489.850000,545.100000,459.210000,401.690000
NaN,NaN,489.900000,545.120000,459.180000,401.660000
NaN,NaN,489.870000,545.070000,459.150000,401.650000
NaN,NaN,489.830000,545.070000,459.130000,401.640000
NaN,NaN,489.890000,545.080000,459.100000,401.610000
NaN,NaN,489.860000,545.080000,459.100000,401.580000
NaN,NaN,489.870000,545.100000,459.100000,401.590000
NaN,NaN,489.890000,545.070000,459.100000,401.570000
NaN,NaN,489.860000,545.100000,459.090000,401.540000
NaN,NaN,489.860000,545.100000,459.080000,401.550000
NaN,NaN,489.810000,545.080000,459.090000,401.560000
NaN,NaN,489.800000,545.090000,459.080000,401.560000
NaN,NaN,489.840000,545.060000,459.060000,401.540000
NaN,NaN,489.800000,545.050000,459.020000,401.530000
NaN,NaN,489.810000,545.040000,459.020000,401.540000
NaN,NaN,489.860000,545.070000,459.010000,401.550000
NaN,NaN,489.810000,544.960000,459.020000,401.530000
NaN,NaN,489.860000,545.000000,459.020000,401.480000
NaN,NaN,489.800000,544.990000,459.030000,401.300000
NaN,NaN,489.780000,545.000000,459.020000,401.320000
NaN,NaN,489.800000,544.990000,459.010000,401.330000
NaN,NaN,489.790000,544.970000,459.010000,401.340000
NaN,NaN,489.790000,544.990000,459.000000,401.320000
NaN,NaN,489.820000,544.980000,459.000000,401.320000
NaN,NaN,489.830000,544.960000,458.980000,401.320000
NaN,NaN,489.780000,544.940000,458.980000,401.310000
NaN,NaN,489.760000,544.950000,458.970000,401.290000
NaN,NaN,489.790000,544.940000,458.950000,401.280000
NaN,NaN,489.750000,544.960000,458.940000,401.280000
NaN,NaN,489.740000,544.950000,458.950000,401.250000
NaN,NaN,489.760000,544.940000,458.950000,401.230000
NaN,NaN,489.760000,544.940000,458.940000,401.230000
NaN,NaN,489.780000,544.950000,458.930000,401.230000
NaN,NaN,489.740000,544.910000,458.920000,401.210000
NaN,NaN,489.710000,544.870000,458.900000,401.190000
NaN,NaN,489.760000,544.890000,458.900000,401.170000
NaN,NaN,489.740000,544.950000,458.880000,401.180000
NaN,NaN,489.710000,544.900000,458.870000,401.160000
NaN,NaN,489.740000,544.890000,458.860000,401.180000
NaN,NaN,489.740000,544.890000,458.840000,401.160000
NaN,NaN,489.740000,544.860000,458.830000,401.160000
NaN,NaN,489.670000,544.850000,458.830000,401.130000
NaN,NaN,489.670000,544.840000,458.800000,401.120000
NaN,NaN,489.640000,544.760000,458.810000,401.060000
NaN,NaN,489.650000,544.780000,458.780000,401.060000
NaN,NaN,489.640000,544.770000,458.780000,401.060000
NaN,NaN,489.680000,544.760000,458.760000,401.060000
NaN,NaN,489.690000,544.740000,458.760000,401.040000
NaN,NaN,489.600000,544.730000,458.750000,401.040000
NaN,NaN,489.640000,544.760000,458.750000,400.990000
NaN,NaN,489.640000,544.730000,458.730000,400.980000
NaN,NaN,489.620000,544.720000,458.730000,400.960000
NaN,NaN,489.650000,544.780000,458.690000,400.950000
NaN,NaN,489.660000,544.790000,458.670000,400.910000
NaN,NaN,489.630000,544.760000,458.650000,400.900000
NaN,NaN,489.640000,544.700000,458.640000,400.870000
NaN,NaN,489.550000,544.710000,458.630000,400.850000
NaN,NaN,489.170000,544.570000,458.620000,400.850000
NaN,NaN,489.120000,544.300000,458.560000,400.820000
NaN,NaN,489.090000,544.280000,458.560000,400.790000
NaN,NaN,489.140000,544.340000,458.530000,400.770000
NaN,NaN,489.080000,544.240000,458.510000,400.750000
NaN,NaN,489.120000,544.320000,458.170000,400.760000
NaN,NaN,489.100000,544.270000,458.170000,400.730000
NaN,NaN,489.070000,544.240000,458.160000,400.720000
NaN,NaN,489.060000,544.190000,458.140000,400.680000
NaN,NaN,489.070000,544.180000,458.120000,400.660000
NaN,NaN,489.070000,544.170000,458.090000,400.570000
NaN,NaN,489.070000,544.190000,458.120000,400.350000
NaN,NaN,489.040000,544.210000,458.110000,400.310000
NaN,NaN,489.070000,544.170000,458.100000,400.270000
NaN,NaN,489.080000,544.200000,458.090000,400.230000
NaN,NaN,489.080000,544.190000,458.080000,400.170000
NaN,NaN,489.030000,544.160000,458.040000,400.150000
NaN,NaN,489.010000,544.100000,458.020000,400.140000
NaN,NaN,489.030000,544.100000,458.000000,400.130000
NaN,NaN,489.010000,544.110000,457.970000,400.100000
NaN,NaN,488.990000,544.070000,457.950000,400.090000
NaN,NaN,488.990000,544.080000,457.940000,400.060000
NaN,NaN,489.020000,544.060000,457.930000,400.030000
NaN,NaN,489.040000,544.040000,457.900000,400.010000
NaN,NaN,488.990000,544.020000,457.880000,400.010000
NaN,NaN,489.010000,544.040000,457.850000,399.990000
NaN,NaN,489.020000,544.070000,457.830000,399.980000
NaN,NaN,489.020000,544.040000,457.810000,399.970000
NaN,NaN,489.020000,544.020000,457.770000,399.950000
NaN,NaN,489.040000,544.060000,457.750000,399.940000
NaN,NaN,489.020000,544.040000,457.730000,399.930000
NaN,NaN,489.050000,543.990000,457.730000,399.910000
NaN,NaN,489.020000,543.970000,457.720000,399.870000
NaN,NaN,489.030000,543.980000,457.680000,399.830000
NaN,NaN,489.030000,543.950000,457.650000,399.800000
NaN,NaN,489.030000,543.940000,457.660000,399.800000
NaN,NaN,489.020000,543.950000,457.630000,399.780000
NaN,NaN,489.020000,543.940000,457.590000,399.740000
NaN,NaN,488.980000,543.940000,457.580000,399.720000
NaN,NaN,489.000000,543.950000,457.570000,399.690000
NaN,NaN,489.010000,543.950000,457.500000,399.660000
NaN,NaN,489.020000,543.940000,457.150000,399.660000
NaN,NaN,489.030000,543.920000,457.120000,399.660000
NaN,NaN,489.040000,543.980000,457.100000,399.660000
NaN,NaN,489.030000,543.940000,457.040000,399.600000
NaN,NaN,488.990000,543.910000,457.040000,399.600000
NaN,NaN,489.030000,543.960000,457.030000,399.570000
NaN,NaN,488.980000,543.900000,457.000000,399.570000
NaN,NaN,488.980000,543.900000,456.980000,399.560000
NaN,NaN,489.020000,543.880000,456.950000,399.540000
NaN,NaN,489.020000,543.890000,456.920000,399.490000
NaN,NaN,488.970000,543.860000,456.890000,399.340000
NaN,NaN,488.960000,543.840000,456.840000,399.310000
NaN,NaN,489.000000,543.850000,456.820000,399.310000
NaN,NaN,489.000000,543.880000,456.810000,399.260000
NaN,NaN,489.010000,543.860000,456.770000,399.230000
NaN,NaN,488.960000,543.830000,456.730000,399.210000
NaN,NaN,488.990000,543.890000,456.710000,399.200000
NaN,NaN,489.020000,543.860000,456.630000,399.170000
NaN,NaN,489.050000,543.860000,456.630000,399.120000
NaN,NaN,488.990000,543.820000,456.600000,399.080000
NaN,NaN,488.980000,543.770000,456.500000,399.070000
NaN,NaN,488.970000,543.770000,456.120000,399.010000
NaN,NaN,489.010000,543.820000,456.120000,398.970000
NaN,NaN,489.030000,543.810000,456.090000,398.920000
NaN,NaN,489.010000,543.790000,456.060000,398.880000
NaN,NaN,489.010000,543.820000,456.030000,398.820000
NaN,NaN,489.030000,543.850000,456.000000,398.810000
NaN,NaN,489.060000,543.760000,455.960000,398.770000
NaN,NaN,489.010000,543.760000,455.930000,398.710000
NaN,NaN,489.030000,543.740000,455.910000,398.660000
NaN,NaN,488.970000,543.750000,455.860000,398.570000
NaN,NaN,488.990000,543.700000,455.800000,398.350000
NaN,NaN,488.960000,543.700000,455.720000,398.320000
NaN,NaN,488.970000,543.660000,455.700000,398.240000
NaN,NaN,488.930000,543.610000,455.640000,398.170000
NaN,NaN,488.990000,543.630000,455.610000,398.140000
NaN,NaN,489.000000,543.720000,455.560000,398.100000
NaN,NaN,488.990000,543.670000,455.530000,398.080000
NaN,NaN,489.030000,543.630000,455.140000,398.110000
NaN,NaN,489.030000,543.640000,455.120000,398.070000
NaN,NaN,489.000000,543.630000,455.030000,398.020000
NaN,NaN,488.980000,543.570000,455.030000,398.010000
NaN,NaN,488.990000,543.650000,454.990000,397.980000
NaN,NaN,488.990000,543.640000,454.980000,397.970000
NaN,NaN,489.000000,543.570000,454.950000,397.940000
NaN,NaN,489.000000,543.590000,454.900000,397.890000
NaN,NaN,488.980000,543.580000,454.860000,397.850000
NaN,NaN,488.990000,543.550000,454.830000,397.810000
NaN,NaN,488.980000,543.520000,454.830000,397.750000
NaN,NaN,488.890000,543.210000,454.800000,397.700000
NaN,NaN,488.980000,543.220000,454.720000,397.620000
NaN,NaN,488.930000,543.200000,454.680000,397.600000
NaN,NaN,488.940000,543.210000,454.690000,397.560000
NaN,NaN,488.960000,543.170000,454.650000,397.530000
NaN,NaN,488.950000,543.180000,454.580000,397.320000
NaN,NaN,488.960000,543.170000,454.530000,397.290000
NaN,NaN,488.940000,543.160000,454.190000,397.270000
NaN,NaN,488.960000,543.160000,454.190000,397.250000
NaN,NaN,488.960000,543.180000,454.160000,397.250000
NaN,NaN,488.910000,543.140000,454.160000,397.170000
NaN,NaN,488.880000,543.110000,454.100000,397.120000
NaN,NaN,488.900000,543.130000,454.080000,397.130000
NaN,NaN,488.900000,543.130000,454.070000,397.140000
NaN,NaN,488.910000,543.100000,454.040000,397.110000
NaN,NaN,488.940000,543.090000,454.020000,397.060000
NaN,NaN,488.940000,543.080000,453.960000,397.030000
NaN,NaN,488.950000,543.090000,453.950000,397.020000
NaN,NaN,488.940000,543.100000,453.910000,396.980000
NaN,NaN,488.970000,543.030000,453.910000,396.980000
NaN,NaN,488.930000,543.020000,453.850000,396.950000
NaN,NaN,488.890000,543.070000,453.830000,396.970000
NaN,NaN,488.930000,543.040000,453.850000,396.960000
NaN,NaN,488.910000,543.050000,453.820000,396.960000
NaN,NaN,488.950000,543.000000,453.770000,396.920000
NaN,NaN,488.950000,542.990000,453.730000,396.890000
NaN,NaN,488.930000,542.970000,453.700000,396.890000
NaN,NaN,488.980000,542.950000,453.670000,396.870000
NaN,NaN,488.960000,542.950000,453.660000,396.910000
NaN,NaN,488.930000,542.950000,453.610000,396.850000
NaN,NaN,488.940000,542.940000,453.570000,396.860000
NaN,NaN,488.980000,542.940000,453.440000,396.910000
NaN,NaN,488.970000,542.920000,453.160000,396.870000
NaN,NaN,488.950000,542.930000,453.110000,396.820000
NaN,NaN,488.920000,542.960000,453.090000,396.800000
NaN,NaN,488.940000,542.960000,453.070000,396.810000
NaN,NaN,488.980000,542.910000,453.040000,396.770000
NaN,NaN,488.950000,542.880000,452.980000,396.720000
NaN,NaN,488.950000,542.880000,452.950000,396.700000
NaN,NaN,488.940000,542.880000,452.880000,396.700000
NaN,NaN,488.920000,542.880000,452.820000,396.640000
NaN,NaN,488.920000,542.880000,452.800000,396.620000
NaN,NaN,488.950000,542.860000,452.780000,396.590000
NaN,NaN,488.940000,542.810000,452.760000,396.590000
NaN,NaN,488.930000,542.830000,452.700000,396.510000
NaN,NaN,488.950000,542.840000,452.670000,396.370000
NaN,NaN,488.990000,542.760000,452.570000,396.220000
NaN,NaN,488.970000,542.800000,452.240000,396.160000
NaN,NaN,488.970000,542.800000,452.180000,396.120000
NaN,NaN,488.960000,542.750000,452.150000,396.130000
NaN,NaN,488.940000,542.730000,452.140000,396.110000
NaN,NaN,488.940000,542.810000,452.080000,396.060000
NaN,NaN,488.960000,542.740000,452.060000,396.060000
NaN,NaN,488.970000,542.680000,452.030000,396.030000
NaN,NaN,488.960000,542.720000,452.000000,396.020000
NaN,NaN,488.950000,542.730000,451.980000,396.020000
NaN,NaN,488.980000,542.710000,451.950000,395.990000
NaN,NaN,488.950000,542.630000,451.910000,395.980000
NaN,NaN,489.000000,542.670000,451.880000,395.910000
NaN,NaN,488.980000,542.710000,451.830000,395.860000
NaN,NaN,488.980000,542.690000,451.780000,395.860000
NaN,NaN,488.970000,542.610000,451.700000,395.770000
NaN,NaN,488.980000,542.590000,451.660000,395.760000
NaN,NaN,488.960000,542.590000,451.580000,395.720000
NaN,NaN,488.970000,542.620000,451.580000,395.700000
NaN,NaN,488.930000,542.580000,451.560000,395.680000
NaN,NaN,488.940000,542.640000,451.510000,395.650000
NaN,NaN,488.940000,542.620000,451.180000,395.590000
NaN,NaN,488.940000,542.610000,451.120000,395.580000
NaN,NaN,488.950000,542.570000,451.110000,395.580000
NaN,NaN,488.940000,542.560000,451.040000,395.530000
NaN,NaN,488.920000,542.560000,451.010000,395.330000
NaN,NaN,488.950000,542.540000,451.000000,395.310000
NaN,NaN,488.980000,542.530000,450.980000,395.310000
NaN,NaN,488.950000,542.570000,450.960000,395.290000
NaN,NaN,488.950000,542.540000,450.930000,395.260000
NaN,NaN,488.930000,542.460000,450.860000,395.250000
NaN,NaN,488.850000,542.160000,450.870000,395.200000
NaN,NaN,488.900000,542.150000,450.850000,395.170000
NaN,NaN,488.880000,542.120000,450.820000,395.160000
NaN,NaN,488.870000,542.080000,450.780000,395.130000
NaN,NaN,488.900000,542.060000,450.740000,395.100000
NaN,NaN,488.930000,542.090000,450.700000,395.100000
NaN,NaN,488.890000,542.140000,450.670000,395.080000
NaN,NaN,488.910000,542.100000,450.630000,395.060000
NaN,NaN,488.940000,542.090000,450.580000,395.050000
NaN,NaN,488.850000,542.070000,450.540000,395.020000
NaN,NaN,488.890000,542.060000,450.240000,394.960000
NaN,NaN,488.890000,542.070000,450.210000,394.940000
NaN,NaN,488.920000,542.030000,450.180000,394.900000
NaN,NaN,488.890000,542.040000,450.140000,394.890000
NaN,NaN,488.830000,541.980000,450.110000,394.890000
NaN,NaN,488.910000,541.990000,450.100000,394.860000
NaN,NaN,488.870000,541.980000,450.090000,394.840000
NaN,NaN,488.890000,541.980000,450.050000,394.800000
NaN,NaN,488.870000,541.980000,450.030000,394.800000
NaN,NaN,488.860000,541.950000,450.000000,394.780000
NaN,NaN,488.860000,541.990000,450.000000,394.780000
NaN,NaN,488.880000,541.960000,449.970000,394.730000
NaN,NaN,488.900000,541.920000,449.950000,394.730000
NaN,NaN,488.910000,541.910000,449.920000,394.680000
NaN,NaN,488.880000,541.950000,449.870000,394.660000
NaN,NaN,488.890000,541.910000,449.870000,394.630000
NaN,NaN,488.870000,541.930000,449.840000,394.610000
NaN,NaN,488.890000,541.900000,449.840000,394.560000
NaN,NaN,488.870000,541.860000,449.820000,394.520000
NaN,NaN,488.870000,541.890000,449.730000,394.330000
NaN,NaN,488.900000,541.910000,449.730000,394.320000
NaN,NaN,488.900000,541.860000,449.720000,394.300000
NaN,NaN,488.910000,541.870000,449.690000,394.280000
NaN,NaN,488.920000,541.870000,449.670000,394.270000
NaN,NaN,488.920000,541.850000,449.650000,394.260000
NaN,NaN,488.940000,541.840000,449.570000,394.240000
NaN,NaN,488.940000,541.850000,449.590000,394.160000
NaN,NaN,488.910000,541.840000,449.560000,394.160000
NaN,NaN,488.890000,541.810000,449.520000,394.160000
NaN,NaN,488.890000,541.790000,449.220000,394.160000
NaN,NaN,488.910000,541.830000,449.180000,394.150000
NaN,NaN,488.920000,541.820000,449.140000,394.140000
NaN,NaN,488.900000,541.800000,449.130000,394.110000
NaN,NaN,488.890000,541.830000,449.110000,394.100000
NaN,NaN,488.900000,541.750000,449.080000,394.090000
NaN,NaN,488.930000,541.700000,449.050000,394.090000
NaN,NaN,488.920000,541.750000,449.070000,394.080000
NaN,NaN,488.930000,541.760000,449.050000,394.060000
NaN,NaN,488.950000,541.690000,449.020000,394.040000
NaN,NaN,488.950000,541.700000,449.000000,394.010000
NaN,NaN,488.930000,541.700000,448.990000,394.010000
NaN,NaN,488.970000,541.650000,448.970000,393.990000
NaN,NaN,488.910000,541.650000,448.940000,393.990000
NaN,NaN,488.890000,541.680000,448.920000,393.980000
NaN,NaN,488.950000,541.650000,448.920000,393.940000
NaN,NaN,488.960000,541.690000,448.890000,393.930000
NaN,NaN,488.960000,541.610000,448.890000,393.910000
NaN,NaN,488.910000,541.600000,448.860000,393.910000
NaN,NaN,488.930000,541.630000,448.850000,393.910000
NaN,NaN,488.940000,541.630000,448.880000,393.870000
NaN,NaN,488.920000,541.580000,448.880000,393.870000
NaN,NaN,488.920000,541.570000,448.870000,393.850000
NaN,NaN,488.920000,541.570000,448.840000,393.840000
NaN,NaN,488.940000,541.550000,448.850000,393.830000
NaN,NaN,488.920000,541.450000,448.810000,393.820000
NaN,NaN,488.860000,541.180000,448.790000,393.800000
NaN,NaN,488.860000,541.160000,448.780000,393.770000
NaN,NaN,488.900000,541.210000,448.760000,393.760000
NaN,NaN,488.900000,541.200000,448.730000,393.740000
NaN,NaN,488.880000,541.170000,448.710000,393.750000
NaN,NaN,488.850000,541.160000,448.690000,393.710000
NaN,NaN,488.890000,541.180000,448.670000,393.710000
NaN,NaN,488.870000,541.160000,448.650000,393.720000
NaN,NaN,488.900000,541.100000,448.600000,393.690000
NaN,NaN,488.850000,541.090000,448.580000,393.630000
NaN,NaN,488.800000,541.080000,448.530000,393.680000
NaN,NaN,488.850000,541.070000,448.240000,393.680000
NaN,NaN,488.850000,541.090000,448.200000,393.690000
NaN,NaN,488.860000,541.050000,448.200000,393.690000
NaN,NaN,488.840000,541.040000,448.190000,393.670000
NaN,NaN,488.920000,541.010000,448.190000,393.680000
NaN,NaN,488.870000,541.040000,448.190000,393.670000
NaN,NaN,488.850000,541.030000,448.190000,393.650000
NaN,NaN,488.850000,541.000000,448.180000,393.650000
NaN,NaN,488.920000,541.030000,448.150000,393.630000
NaN,NaN,488.880000,541.020000,448.140000,393.630000
NaN,NaN,488.900000,541.030000,448.130000,393.620000
NaN,NaN,488.920000,541.000000,448.100000,393.620000
NaN,NaN,488.940000,541.010000,448.110000,393.610000
NaN,NaN,488.980000,540.980000,448.080000,393.600000
NaN,NaN,488.930000,540.980000,448.050000,393.570000
NaN,NaN,488.870000,540.950000,448.070000,393.570000
NaN,NaN,488.970000,540.950000,448.040000,393.520000
NaN,NaN,488.920000,540.930000,448.040000,393.330000
NaN,NaN,488.910000,540.920000,448.030000,393.320000
NaN,NaN,488.880000,540.890000,448.040000,393.290000
NaN,NaN,488.970000,540.880000,448.020000,393.270000
NaN,NaN,488.910000,540.890000,448.010000,393.250000
NaN,NaN,488.940000,540.870000,447.980000,393.260000
NaN,NaN,488.880000,540.890000,447.990000,393.210000
NaN,NaN,488.910000,540.900000,447.970000,393.190000
NaN,NaN,488.910000,540.850000,447.970000,393.190000
NaN,NaN,488.900000,540.840000,447.960000,393.180000
NaN,NaN,488.880000,540.810000,447.930000,393.170000
NaN,NaN,488.910000,540.800000,447.890000,393.200000
NaN,NaN,488.900000,540.760000,447.920000,393.180000
NaN,NaN,489.000000,540.760000,447.910000,393.140000
NaN,NaN,488.960000,540.810000,447.880000,393.100000
NaN,NaN,488.950000,540.760000,447.890000,393.120000
NaN,NaN,488.930000,540.740000,447.860000,393.110000
NaN,NaN,488.970000,540.780000,447.820000,393.070000
NaN,NaN,488.960000,540.720000,447.820000,393.070000
NaN,NaN,488.950000,540.720000,447.790000,393.080000
NaN,NaN,488.940000,540.700000,447.790000,393.070000
NaN,NaN,488.940000,540.700000,447.770000,393.070000
NaN,NaN,488.930000,540.670000,447.740000,393.050000
NaN,NaN,488.960000,540.670000,447.720000,393.050000
NaN,NaN,488.990000,540.700000,447.720000,393.050000
NaN,NaN,488.920000,540.680000,447.680000,393.010000
NaN,NaN,488.980000,540.750000,447.630000,392.950000
NaN,NaN,488.920000,540.670000,447.640000,392.920000
NaN,NaN,488.880000,540.620000,447.590000,392.940000
NaN,NaN,488.920000,540.630000,447.610000,392.900000
NaN,NaN,488.930000,540.600000,447.570000,392.910000
NaN,NaN,488.940000,540.600000,447.550000,392.930000
NaN,NaN,488.940000,540.560000,447.530000,392.910000
NaN,NaN,488.970000,540.550000,447.510000,392.890000
NaN,NaN,488.860000,540.430000,447.170000,392.850000
NaN,NaN,488.830000,540.170000,447.180000,392.850000
NaN,NaN,488.780000,540.160000,447.170000,392.820000
NaN,NaN,488.860000,540.160000,447.130000,392.830000
NaN,NaN,488.830000,540.180000,447.100000,392.820000
NaN,NaN,488.790000,540.130000,447.080000,392.780000
NaN,NaN,488.830000,540.150000,447.060000,392.760000
NaN,NaN,488.830000,540.150000,447.060000,392.800000
NaN,NaN,488.780000,540.110000,447.030000,392.790000
NaN,NaN,488.770000,540.140000,447.030000,392.780000
NaN,NaN,488.840000,540.150000,447.000000,392.740000
NaN,NaN,488.790000,540.100000,446.990000,392.720000
NaN,NaN,488.810000,540.110000,446.990000,392.710000
NaN,NaN,488.760000,540.070000,446.950000,392.690000
NaN,NaN,488.830000,540.100000,446.940000,392.690000
NaN,NaN,488.760000,540.050000,446.920000,392.660000
NaN,NaN,488.770000,540.000000,446.890000,392.660000
NaN,NaN,488.800000,540.000000,446.870000,392.700000
NaN,NaN,488.810000,539.990000,446.870000,392.680000
NaN,NaN,488.800000,539.980000,446.830000,392.660000
NaN,NaN,488.840000,539.960000,446.840000,392.640000
NaN,NaN,488.800000,539.900000,446.820000,392.610000
NaN,NaN,488.840000,539.900000,446.750000,392.630000
NaN,NaN,488.790000,539.870000,446.750000,392.590000
NaN,NaN,488.840000,539.870000,446.720000,392.580000
NaN,NaN,488.800000,539.880000,446.670000,392.580000
NaN,NaN,488.820000,539.890000,446.640000,392.580000
NaN,NaN,488.760000,539.860000,446.610000,392.570000
NaN,NaN,488.870000,539.810000,446.590000,392.570000
NaN,NaN,488.840000,539.800000,446.570000,392.580000
NaN,NaN,488.810000,539.790000,446.550000,392.570000
NaN,NaN,488.820000,539.830000,446.440000,392.530000
NaN,NaN,488.710000,539.720000,446.120000,392.340000
NaN,NaN,488.720000,539.700000,446.110000,392.340000
NaN,NaN,488.760000,539.730000,446.110000,392.330000
NaN,NaN,488.720000,539.710000,446.070000,392.280000
NaN,NaN,488.800000,539.710000,446.020000,392.300000
NaN,NaN,488.670000,539.670000,446.000000,392.370000
NaN,NaN,488.720000,539.650000,445.980000,392.350000
NaN,NaN,488.740000,539.670000,445.930000,392.370000
NaN,NaN,488.720000,539.640000,445.930000,392.360000
NaN,NaN,488.670000,539.630000,445.910000,392.350000
NaN,NaN,488.700000,539.590000,445.890000,392.320000
NaN,NaN,488.710000,539.540000,445.870000,392.310000
NaN,NaN,488.630000,539.150000,445.860000,392.280000
NaN,NaN,488.540000,539.130000,445.840000,392.300000
NaN,NaN,488.190000,539.100000,445.800000,392.280000
NaN,NaN,488.160000,539.070000,445.790000,392.260000
NaN,NaN,488.160000,539.060000,445.740000,392.270000
NaN,NaN,488.150000,539.060000,445.690000,392.290000
NaN,NaN,488.160000,539.010000,445.670000,392.290000
NaN,NaN,488.140000,539.010000,445.670000,392.280000
NaN,NaN,488.180000,538.990000,445.620000,392.280000
NaN,NaN,488.170000,538.940000,445.560000,392.300000
NaN,NaN,488.180000,538.960000,445.510000,392.300000
NaN,NaN,488.210000,538.960000,445.210000,392.310000
NaN,NaN,488.240000,538.930000,445.170000,392.300000
NaN,NaN,488.210000,538.920000,445.160000,392.270000
NaN,NaN,488.150000,538.840000,445.170000,392.240000
NaN,NaN,488.190000,538.870000,445.110000,392.260000
NaN,NaN,488.100000,538.850000,445.120000,392.250000
NaN,NaN,488.160000,538.780000,445.060000,392.230000
NaN,NaN,488.160000,538.790000,445.050000,392.240000
NaN,NaN,488.090000,538.800000,445.040000,392.230000
NaN,NaN,488.090000,538.750000,445.010000,392.220000
NaN,NaN,488.100000,538.720000,445.020000,392.210000
NaN,NaN,488.130000,538.720000,444.990000,392.230000
NaN,NaN,488.110000,538.790000,444.940000,392.240000
NaN,NaN,488.100000,538.740000,444.920000,392.250000
NaN,NaN,488.110000,538.690000,444.900000,392.250000
NaN,NaN,488.100000,538.680000,444.870000,392.250000
NaN,NaN,488.100000,538.670000,444.850000,392.220000
NaN,NaN,488.090000,538.670000,444.830000,392.220000
NaN,NaN,488.100000,538.600000,444.800000,392.230000
NaN,NaN,488.070000,538.610000,444.770000,392.220000
NaN,NaN,488.080000,538.640000,444.730000,392.200000
NaN,NaN,488.090000,538.580000,444.690000,392.200000
NaN,NaN,488.080000,538.510000,444.680000,392.200000
NaN,NaN,487.970000,538.200000,444.670000,392.210000
NaN,NaN,487.970000,538.140000,444.660000,392.170000
NaN,NaN,487.960000,538.130000,444.640000,392.140000
NaN,NaN,487.990000,538.100000,444.610000,392.160000
NaN,NaN,487.930000,538.140000,444.580000,392.150000
NaN,NaN,487.970000,538.120000,444.550000,392.150000
NaN,NaN,487.960000,538.060000,444.530000,392.150000
NaN,NaN,487.950000,538.060000,444.490000,392.120000
NaN,NaN,487.900000,538.040000,444.200000,392.130000
NaN,NaN,487.910000,538.010000,444.200000,392.130000
NaN,NaN,487.910000,538.000000,444.180000,392.130000
NaN,NaN,487.940000,537.990000,444.180000,392.120000
NaN,NaN,487.890000,537.980000,444.180000,392.090000
NaN,NaN,487.870000,537.950000,444.150000,392.060000
NaN,NaN,487.890000,537.950000,444.160000,392.060000
NaN,NaN,487.900000,537.920000,444.120000,392.050000
NaN,NaN,487.870000,537.900000,444.100000,392.030000
NaN,NaN,487.870000,537.900000,444.120000,392.030000
NaN,NaN,487.850000,537.850000,444.090000,392.040000
NaN,NaN,487.810000,537.810000,444.090000,392.040000
NaN,NaN,487.780000,537.810000,444.070000,392.020000
NaN,NaN,487.800000,537.780000,444.060000,392.010000
NaN,NaN,487.830000,537.790000,444.090000,392.010000
NaN,NaN,487.780000,537.760000,444.080000,391.980000
NaN,NaN,487.770000,537.750000,444.070000,392.000000
NaN,NaN,487.750000,537.710000,444.080000,391.990000
NaN,NaN,487.810000,537.740000,444.060000,392.000000
NaN,NaN,487.820000,537.700000,444.030000,391.970000
NaN,NaN,487.800000,537.700000,444.030000,391.920000
NaN,NaN,487.760000,537.670000,444.000000,391.910000
NaN,NaN,487.750000,537.640000,444.010000,391.910000
NaN,NaN,487.770000,537.520000,444.000000,391.930000
NaN,NaN,487.680000,537.190000,443.990000,391.890000
NaN,NaN,487.700000,537.200000,444.000000,391.890000
NaN,NaN,487.700000,537.190000,443.990000,391.880000
NaN,NaN,487.660000,537.160000,443.990000,391.840000
NaN,NaN,487.680000,537.150000,443.970000,391.850000
NaN,NaN,487.680000,537.120000,443.980000,391.800000
NaN,NaN,487.590000,537.080000,443.970000,391.800000
NaN,NaN,487.600000,537.060000,443.950000,391.790000
NaN,NaN,487.600000,537.020000,443.940000,391.760000
NaN,NaN,487.550000,537.000000,443.940000,391.740000
NaN,NaN,487.480000,536.980000,443.930000,391.720000
NaN,NaN,487.160000,536.910000,443.920000,391.680000
NaN,NaN,487.120000,536.920000,443.900000,391.690000
NaN,NaN,487.170000,536.920000,443.870000,391.670000
NaN,NaN,487.190000,536.920000,443.860000,391.640000
NaN,NaN,487.170000,536.900000,443.820000,391.610000
NaN,NaN,487.140000,536.880000,443.780000,391.580000
NaN,NaN,487.100000,536.780000,443.750000,391.570000
NaN,NaN,487.120000,536.800000,443.750000,391.510000
NaN,NaN,487.050000,536.770000,443.740000,391.320000
NaN,NaN,487.060000,536.810000,443.710000,391.320000
NaN,NaN,487.060000,536.770000,443.690000,391.300000
NaN,NaN,487.090000,536.750000,443.650000,391.290000
NaN,NaN,487.090000,536.700000,443.650000,391.220000
NaN,NaN,487.090000,536.690000,443.610000,391.180000
NaN,NaN,487.120000,536.630000,443.570000,391.170000
NaN,NaN,487.070000,536.660000,443.490000,391.120000
NaN,NaN,487.030000,536.640000,443.160000,391.100000
NaN,NaN,487.060000,536.600000,443.150000,391.100000
NaN,NaN,487.040000,536.550000,443.120000,391.060000
NaN,NaN,487.050000,536.540000,443.090000,391.030000
NaN,NaN,487.050000,536.470000,443.080000,391.010000
NaN,NaN,486.980000,536.230000,443.020000,390.960000
NaN,NaN,486.960000,536.210000,442.990000,390.920000
NaN,NaN,486.930000,536.180000,443.000000,390.890000
NaN,NaN,486.920000,536.140000,442.970000,390.890000
NaN,NaN,486.900000,536.130000,442.950000,390.850000
NaN,NaN,486.910000,536.090000,442.950000,390.850000
NaN,NaN,486.880000,536.120000,442.920000,390.840000
NaN,NaN,486.900000,536.120000,442.910000,390.810000
NaN,NaN,486.910000,536.010000,442.870000,390.780000
NaN,NaN,486.950000,535.980000,442.840000,390.750000
NaN,NaN,486.910000,535.970000,442.830000,390.750000
NaN,NaN,486.910000,535.940000,442.820000,390.730000
NaN,NaN,486.910000,535.880000,442.780000,390.700000
NaN,NaN,486.900000,535.910000,442.740000,390.640000
NaN,NaN,486.890000,535.860000,442.710000,390.650000
NaN,NaN,486.880000,535.930000,442.660000,390.600000
NaN,NaN,486.840000,535.890000,442.630000,390.580000
NaN,NaN,486.880000,535.860000,442.620000,390.580000
NaN,NaN,486.830000,535.820000,442.600000,390.560000
NaN,NaN,486.840000,535.800000,442.590000,390.520000
NaN,NaN,486.820000,535.810000,442.560000,390.290000
NaN,NaN,486.800000,535.800000,442.510000,390.290000
NaN,NaN,486.840000,535.770000,442.160000,390.220000
NaN,NaN,486.830000,535.650000,442.120000,390.220000
NaN,NaN,486.830000,535.690000,442.100000,390.210000
NaN,NaN,486.810000,535.680000,442.070000,390.210000
NaN,NaN,486.810000,535.670000,442.040000,390.170000
NaN,NaN,486.860000,535.670000,442.030000,390.140000
NaN,NaN,486.810000,535.630000,442.000000,390.150000
NaN,NaN,486.780000,535.610000,441.970000,390.150000
NaN,NaN,486.820000,535.600000,441.930000,390.100000
NaN,NaN,486.770000,535.530000,441.890000,390.130000
NaN,NaN,486.730000,535.240000,441.880000,390.130000
NaN,NaN,486.690000,535.230000,441.850000,390.110000
NaN,NaN,486.700000,535.250000,441.840000,390.080000
NaN,NaN,486.630000,535.210000,441.810000,390.070000
NaN,NaN,486.730000,535.140000,441.810000,390.050000
NaN,NaN,486.700000,535.130000,441.790000,390.060000
NaN,NaN,486.650000,535.100000,441.760000,390.010000
NaN,NaN,486.650000,535.060000,441.740000,390.030000
NaN,NaN,486.680000,535.030000,441.700000,390.010000
NaN,NaN,486.600000,535.060000,441.670000,389.980000
NaN,NaN,486.600000,535.010000,441.630000,389.960000
NaN,NaN,486.680000,534.990000,441.610000,389.960000
NaN,NaN,486.640000,535.010000,441.590000,389.960000
NaN,NaN,486.630000,534.980000,441.470000,389.950000
NaN,NaN,486.600000,534.920000,441.140000,389.940000
NaN,NaN,486.540000,534.880000,441.120000,389.940000
NaN,NaN,486.170000,534.860000,441.120000,389.930000
NaN,NaN,486.200000,534.840000,441.100000,389.910000
NaN,NaN,486.180000,534.850000,441.060000,389.910000
NaN,NaN,486.210000,534.790000,441.050000,389.930000
NaN,NaN,486.170000,534.780000,441.000000,389.930000
NaN,NaN,486.150000,534.760000,441.000000,389.940000
NaN,NaN,486.190000,534.670000,440.970000,389.910000
NaN,NaN,486.160000,534.670000,440.940000,389.910000
NaN,NaN,486.160000,534.660000,440.910000,389.870000
NaN,NaN,486.160000,534.630000,440.890000,389.900000
NaN,NaN,486.130000,534.630000,440.850000,389.870000
NaN,NaN,486.120000,534.630000,440.830000,389.860000
NaN,NaN,486.150000,534.530000,440.780000,389.870000
NaN,NaN,486.070000,534.190000,440.800000,389.850000
NaN,NaN,486.090000,534.210000,440.750000,389.820000
NaN,NaN,486.090000,534.200000,440.720000,389.830000
NaN,NaN,486.010000,534.160000,440.690000,389.800000
NaN,NaN,485.990000,534.230000,440.670000,389.810000
NaN,NaN,486.060000,534.170000,440.620000,389.800000
NaN,NaN,486.060000,534.090000,440.570000,389.810000
NaN,NaN,486.030000,534.010000,440.500000,389.820000
NaN,NaN,486.010000,534.030000,440.170000,389.820000
NaN,NaN,485.970000,533.980000,440.130000,389.830000
NaN,NaN,485.950000,533.990000,440.090000,389.830000
NaN,NaN,485.970000,533.990000,440.050000,389.790000
NaN,NaN,485.940000,533.950000,440.060000,389.790000
NaN,NaN,485.960000,533.960000,440.010000,389.770000
NaN,NaN,485.920000,533.930000,439.980000,389.800000
NaN,NaN,485.820000,533.860000,439.950000,389.780000
NaN,NaN,485.850000,533.840000,439.920000,389.750000
NaN,NaN,485.870000,533.850000,439.910000,389.740000
NaN,NaN,485.870000,533.810000,439.890000,389.730000
NaN,NaN,485.830000,533.790000,439.870000,389.740000
NaN,NaN,485.830000,533.710000,439.860000,389.740000
NaN,NaN,485.770000,533.640000,439.800000,389.750000
NaN,NaN,485.770000,533.720000,439.780000,389.710000
NaN,NaN,485.760000,533.640000,439.750000,389.680000
NaN,NaN,485.760000,533.570000,439.760000,389.680000
NaN,NaN,485.640000,533.530000,439.710000,389.670000
NaN,NaN,485.640000,533.220000,439.630000,389.680000
NaN,NaN,485.660000,533.170000,439.620000,389.670000
NaN,NaN,485.560000,533.180000,439.590000,389.650000
NaN,NaN,485.180000,533.120000,439.550000,389.630000
NaN,NaN,485.130000,533.100000,439.530000,389.600000
NaN,NaN,485.120000,533.090000,439.480000,389.570000
NaN,NaN,485.150000,533.070000,439.140000,389.540000
NaN,NaN,485.140000,533.000000,439.110000,389.590000
NaN,NaN,485.050000,532.980000,439.080000,389.550000
NaN,NaN,485.090000,532.960000,439.070000,389.520000
NaN,NaN,485.080000,532.930000,439.030000,389.410000
NaN,NaN,485.030000,532.880000,439.000000,389.400000
NaN,NaN,485.030000,532.870000,438.990000,389.390000
NaN,NaN,485.040000,532.860000,438.970000,389.370000
NaN,NaN,484.980000,532.860000,438.960000,389.360000
NaN,NaN,484.940000,532.760000,438.940000,389.340000
NaN,NaN,484.960000,532.720000,438.920000,389.320000
NaN,NaN,484.960000,532.700000,438.890000,389.290000
NaN,NaN,484.980000,532.720000,438.830000,389.270000
NaN,NaN,484.900000,532.560000,438.830000,389.260000
NaN,NaN,484.850000,532.300000,438.810000,389.230000
NaN,NaN,484.840000,532.230000,438.780000,389.220000
NaN,NaN,484.810000,532.240000,438.790000,389.180000
NaN,NaN,484.720000,532.130000,438.730000,389.170000
NaN,NaN,484.690000,532.110000,438.680000,389.130000
NaN,NaN,484.660000,532.080000,438.670000,389.100000
NaN,NaN,484.630000,532.120000,438.650000,389.080000
NaN,NaN,484.610000,532.110000,438.600000,389.060000
NaN,NaN,484.570000,532.030000,438.570000,389.040000
NaN,NaN,484.630000,532.020000,438.550000,389.020000
NaN,NaN,484.580000,532.030000,438.500000,388.980000
NaN,NaN,484.630000,531.990000,438.170000,388.940000
NaN,NaN,484.650000,531.980000,438.150000,388.940000
NaN,NaN,484.400000,531.890000,438.120000,388.910000
NaN,NaN,484.010000,531.780000,438.090000,388.880000
NaN,NaN,483.990000,531.680000,438.070000,388.840000
NaN,NaN,484.000000,531.650000,438.040000,388.830000
NaN,NaN,483.980000,531.650000,438.010000,388.810000
NaN,NaN,483.940000,531.620000,437.970000,388.770000
NaN,NaN,483.890000,531.590000,437.950000,388.740000
NaN,NaN,483.880000,531.510000,437.950000,388.720000
NaN,NaN,483.810000,531.150000,437.950000,388.690000
NaN,NaN,483.810000,531.160000,437.920000,388.650000
NaN,NaN,483.810000,531.110000,437.910000,388.590000
NaN,NaN,483.650000,531.110000,437.900000,388.570000
NaN,NaN,483.650000,531.050000,437.870000,388.550000
NaN,NaN,483.700000,531.040000,437.840000,388.540000
NaN,NaN,483.610000,531.030000,437.840000,388.490000
NaN,NaN,483.660000,530.990000,437.800000,388.310000
NaN,NaN,483.700000,530.930000,437.790000,388.270000
NaN,NaN,483.540000,530.970000,437.780000,388.260000
NaN,NaN,483.130000,530.860000,437.770000,388.240000
NaN,NaN,483.080000,530.810000,437.740000,388.230000
NaN,NaN,483.070000,530.770000,437.730000,388.200000
NaN,NaN,483.060000,530.760000,437.700000,388.170000
NaN,NaN,483.030000,530.720000,437.700000,388.160000
NaN,NaN,483.000000,530.650000,437.700000,388.150000
NaN,NaN,482.970000,530.680000,437.700000,388.120000
NaN,NaN,482.970000,530.580000,437.660000,388.090000
NaN,NaN,482.940000,530.580000,437.610000,388.070000
NaN,NaN,482.910000,530.560000,437.560000,388.060000
NaN,NaN,482.860000,530.500000,437.550000,388.050000
NaN,NaN,482.730000,530.150000,437.550000,388.020000
NaN,NaN,482.750000,530.100000,437.450000,388.010000
NaN,NaN,482.680000,530.050000,437.150000,387.980000
NaN,NaN,482.680000,530.060000,437.140000,387.970000
NaN,NaN,482.650000,530.010000,437.120000,387.950000
NaN,NaN,482.600000,530.000000,437.100000,387.920000
NaN,NaN,482.670000,529.960000,437.110000,387.910000
NaN,NaN,482.610000,529.910000,437.090000,387.890000
NaN,NaN,482.590000,529.840000,437.060000,387.880000
NaN,NaN,482.540000,529.820000,437.040000,387.880000
NaN,NaN,482.040000,529.690000,437.020000,387.860000
NaN,NaN,482.010000,529.720000,437.010000,387.820000
NaN,NaN,481.940000,529.650000,437.000000,387.780000
NaN,NaN,481.960000,529.670000,436.990000,387.770000
NaN,NaN,481.970000,529.690000,436.990000,387.760000
NaN,NaN,481.920000,529.610000,436.940000,387.730000
NaN,NaN,481.940000,529.650000,436.930000,387.690000
NaN,NaN,481.860000,529.590000,436.930000,387.680000
NaN,NaN,481.790000,529.550000,436.900000,387.650000
NaN,NaN,481.840000,529.440000,436.890000,387.610000
NaN,NaN,481.760000,529.080000,436.880000,387.570000
NaN,NaN,481.700000,529.140000,436.850000,387.530000
NaN,NaN,481.580000,529.080000,436.870000,387.330000
NaN,NaN,481.120000,528.950000,436.840000,387.280000
NaN,NaN,481.130000,528.910000,436.830000,387.260000
NaN,NaN,481.150000,528.900000,436.810000,387.240000
NaN,NaN,481.100000,528.840000,436.790000,387.230000
NaN,NaN,481.050000,528.790000,436.790000,387.230000
NaN,NaN,481.050000,528.710000,436.750000,387.200000
NaN,NaN,481.050000,528.780000,436.710000,387.160000
NaN,NaN,481.050000,528.730000,436.700000,387.160000
NaN,NaN,480.940000,528.570000,436.610000,387.110000
NaN,NaN,480.950000,528.340000,436.650000,387.090000
NaN,NaN,480.840000,528.230000,436.650000,387.110000
NaN,NaN,480.810000,528.230000,436.620000,387.110000
NaN,NaN,480.800000,528.190000,436.630000,387.070000
NaN,NaN,480.790000,528.200000,436.650000,387.050000
NaN,NaN,480.630000,528.140000,436.610000,387.040000
NaN,NaN,480.700000,528.110000,436.590000,387.020000
NaN,NaN,480.650000,528.070000,436.540000,387.000000
NaN,NaN,480.720000,528.040000,436.130000,387.020000
NaN,NaN,480.590000,527.970000,436.130000,387.000000
NaN,NaN,480.550000,527.990000,436.130000,386.980000
NaN,NaN,480.090000,527.860000,436.110000,386.980000
NaN,NaN,480.050000,527.790000,436.080000,386.960000
NaN,NaN,480.050000,527.780000,436.080000,386.950000
NaN,NaN,480.000000,527.870000,436.070000,386.940000
NaN,NaN,479.930000,527.690000,436.070000,386.920000
NaN,NaN,479.900000,527.580000,436.050000,386.900000
NaN,NaN,479.880000,527.250000,436.010000,386.900000
NaN,NaN,479.810000,527.230000,436.000000,386.920000
NaN,NaN,479.840000,527.290000,435.970000,386.880000
NaN,NaN,479.820000,527.220000,435.940000,386.880000
NaN,NaN,479.810000,527.230000,435.920000,386.870000
NaN,NaN,479.790000,527.160000,435.900000,386.840000
NaN,NaN,479.710000,527.130000,435.870000,386.840000
NaN,NaN,479.680000,527.120000,435.870000,386.840000
NaN,NaN,479.630000,527.100000,435.840000,386.820000
NaN,NaN,479.640000,527.100000,435.820000,386.820000
NaN,NaN,479.600000,527.050000,435.790000,386.810000
NaN,NaN,479.480000,527.060000,435.790000,386.790000
NaN,NaN,479.040000,526.880000,435.820000,386.760000
NaN,NaN,479.090000,526.870000,435.780000,386.790000
NaN,NaN,479.000000,526.800000,435.780000,386.790000
NaN,NaN,478.980000,526.830000,435.760000,386.770000
NaN,NaN,478.940000,526.780000,435.750000,386.770000
NaN,NaN,478.930000,526.790000,435.740000,386.760000
NaN,NaN,478.880000,526.710000,435.720000,386.770000
NaN,NaN,478.850000,526.620000,435.710000,386.770000
NaN,NaN,478.800000,526.640000,435.700000,386.760000
NaN,NaN,478.830000,526.600000,435.650000,386.770000
NaN,NaN,478.770000,526.580000,435.620000,386.740000
NaN,NaN,478.740000,526.560000,435.640000,386.730000
NaN,NaN,478.660000,526.450000,435.620000,386.740000
NaN,NaN,478.590000,526.100000,435.640000,386.740000
NaN,NaN,478.560000,526.090000,435.640000,386.720000
NaN,NaN,478.480000,526.040000,435.590000,386.660000
NaN,NaN,477.980000,525.900000,435.560000,386.690000
NaN,NaN,477.970000,525.860000,435.510000,386.700000
NaN,NaN,477.980000,525.840000,435.160000,386.660000
NaN,NaN,477.970000,525.850000,435.150000,386.650000
NaN,NaN,477.980000,525.770000,435.150000,386.660000
NaN,NaN,477.920000,525.730000,435.150000,386.670000
NaN,NaN,477.850000,525.700000,435.130000,386.650000
NaN,NaN,477.810000,525.700000,435.110000,386.630000
NaN,NaN,477.810000,525.710000,435.090000,386.590000
NaN,NaN,477.760000,525.620000,435.090000,386.620000
NaN,NaN,477.750000,525.620000,435.080000,386.630000
NaN,NaN,477.710000,525.640000,435.070000,386.600000
NaN,NaN,477.700000,525.620000,435.050000,386.620000
NaN,NaN,477.660000,525.560000,435.020000,386.590000
NaN,NaN,477.640000,525.550000,435.020000,386.570000
NaN,NaN,477.520000,525.430000,435.010000,386.560000
NaN,NaN,476.970000,524.910000,435.010000,386.550000
NaN,NaN,476.860000,524.560000,434.990000,386.530000
NaN,NaN,476.890000,524.680000,434.960000,386.540000
NaN,NaN,476.890000,524.900000,434.960000,386.540000
NaN,NaN,476.830000,524.850000,434.940000,386.530000
NaN,NaN,476.740000,524.710000,434.940000,386.460000
NaN,NaN,476.730000,524.710000,434.930000,386.290000
NaN,NaN,476.730000,524.680000,434.930000,386.290000
NaN,NaN,476.710000,524.690000,434.920000,386.240000
NaN,NaN,476.680000,524.610000,434.910000,386.250000
NaN,NaN,476.650000,524.640000,434.900000,386.200000
NaN,NaN,476.550000,524.580000,434.850000,386.170000
NaN,NaN,476.020000,524.460000,434.860000,386.140000
NaN,NaN,475.980000,523.970000,434.810000,386.110000
NaN,NaN,475.990000,524.010000,434.810000,386.120000
NaN,NaN,475.920000,524.020000,434.800000,386.070000
NaN,NaN,475.840000,523.950000,434.780000,386.050000
NaN,NaN,475.860000,523.920000,434.730000,386.000000
NaN,NaN,475.790000,523.890000,434.710000,385.980000
NaN,NaN,475.780000,523.840000,434.690000,385.970000
NaN,NaN,475.820000,523.920000,434.690000,385.940000
NaN,NaN,475.750000,523.900000,434.670000,385.920000
NaN,NaN,475.740000,523.840000,434.660000,385.890000
NaN,NaN,475.680000,523.720000,434.650000,385.880000
NaN,NaN,475.600000,523.680000,434.610000,385.840000
NaN,NaN,475.620000,523.670000,434.550000,385.820000
NaN,NaN,475.620000,523.650000,434.170000,385.820000
NaN,NaN,475.400000,523.400000,434.140000,385.810000
NaN,NaN,474.940000,523.180000,434.160000,385.760000
NaN,NaN,474.890000,523.110000,434.130000,385.750000
NaN,NaN,474.850000,523.060000,434.110000,385.720000
NaN,NaN,474.840000,523.020000,434.090000,385.700000
NaN,NaN,474.760000,522.960000,434.050000,385.680000
NaN,NaN,474.680000,522.900000,434.050000,385.660000
NaN,NaN,474.620000,522.850000,434.020000,385.640000
NaN,NaN,474.640000,522.870000,433.990000,385.600000
NaN,NaN,474.630000,522.810000,433.970000,385.570000
NaN,NaN,474.520000,522.760000,433.950000,385.540000
NaN,NaN,473.960000,522.520000,433.940000,385.490000
NaN,NaN,473.850000,522.040000,433.960000,385.290000
NaN,NaN,473.860000,522.030000,433.970000,385.280000
NaN,NaN,473.760000,521.970000,433.960000,385.260000
NaN,NaN,473.730000,521.880000,433.940000,385.250000
NaN,NaN,473.660000,521.960000,433.930000,385.200000
NaN,NaN,473.620000,521.870000,433.900000,385.200000
NaN,NaN,473.500000,521.810000,433.880000,385.180000
NaN,NaN,473.020000,521.830000,433.890000,385.150000
NaN,NaN,473.050000,521.780000,433.860000,385.130000
NaN,NaN,473.010000,521.720000,433.810000,385.110000
NaN,NaN,472.980000,521.690000,433.810000,385.090000
NaN,NaN,472.980000,521.580000,433.750000,385.050000
NaN,NaN,472.890000,521.080000,433.740000,385.060000
NaN,NaN,472.850000,521.000000,433.710000,385.050000
NaN,NaN,472.820000,521.040000,433.650000,385.040000
NaN,NaN,472.820000,521.050000,433.670000,385.030000
NaN,NaN,472.720000,521.010000,433.630000,385.010000
NaN,NaN,472.730000,520.970000,433.610000,384.990000
NaN,NaN,472.690000,520.940000,433.590000,384.960000
NaN,NaN,472.620000,520.970000,433.590000,384.920000
NaN,NaN,472.570000,520.910000,433.540000,384.920000
NaN,NaN,472.530000,520.890000,433.540000,384.900000
NaN,NaN,471.990000,520.620000,433.490000,384.870000
NaN,NaN,471.920000,520.210000,433.120000,384.880000
NaN,NaN,471.900000,520.200000,433.080000,384.870000
NaN,NaN,471.820000,520.080000,433.070000,384.850000
NaN,NaN,471.840000,520.200000,433.060000,384.840000
NaN,NaN,471.800000,520.130000,433.050000,384.850000
NaN,NaN,471.750000,520.120000,433.040000,384.840000
NaN,NaN,471.720000,520.040000,433.010000,384.840000
NaN,NaN,471.630000,519.990000,432.970000,384.810000
NaN,NaN,471.620000,519.930000,432.970000,384.780000
NaN,NaN,471.590000,519.890000,432.960000,384.750000
NaN,NaN,471.550000,519.920000,432.940000,384.730000
NaN,NaN,471.540000,519.840000,432.920000,384.650000
NaN,NaN,471.410000,519.730000,432.910000,384.640000
NaN,NaN,470.910000,519.610000,432.870000,384.630000
NaN,NaN,470.350000,519.120000,432.830000,384.620000
NaN,NaN,470.270000,519.110000,432.840000,384.630000
NaN,NaN,470.230000,519.110000,432.820000,384.560000
NaN,NaN,470.180000,519.040000,432.800000,384.570000
NaN,NaN,470.230000,519.040000,432.800000,384.520000
NaN,NaN,470.160000,518.980000,432.790000,384.240000
NaN,NaN,470.130000,518.960000,432.780000,384.210000
NaN,NaN,470.050000,518.840000,432.760000,384.200000
NaN,NaN,470.080000,518.910000,432.740000,384.200000
NaN,NaN,470.100000,518.860000,432.720000,384.180000
NaN,NaN,470.080000,518.890000,432.690000,384.170000
NaN,NaN,469.980000,518.690000,432.700000,384.150000
NaN,NaN,469.880000,518.690000,432.680000,384.120000
NaN,NaN,469.910000,518.670000,432.660000,384.080000
NaN,NaN,469.880000,518.690000,432.600000,384.080000
NaN,NaN,469.860000,518.560000,432.600000,384.070000
NaN,NaN,469.620000,518.010000,432.560000,384.050000
NaN,NaN,469.100000,517.920000,432.550000,384.030000
NaN,NaN,469.050000,517.910000,432.490000,384.020000
NaN,NaN,469.040000,517.900000,432.180000,384.020000
NaN,NaN,468.990000,517.910000,432.170000,384.000000
NaN,NaN,468.960000,517.820000,432.140000,383.980000
NaN,NaN,468.860000,517.580000,432.150000,383.980000
NaN,NaN,468.780000,517.060000,432.110000,383.960000
NaN,NaN,468.690000,517.040000,432.120000,383.960000
NaN,NaN,468.690000,517.010000,432.090000,383.960000
NaN,NaN,468.670000,516.900000,432.080000,383.960000
NaN,NaN,468.370000,516.830000,432.060000,383.930000
NaN,NaN,468.010000,516.590000,432.060000,383.910000
NaN,NaN,467.930000,516.270000,432.040000,383.940000
NaN,NaN,467.890000,516.100000,432.040000,383.930000
NaN,NaN,467.830000,516.050000,432.030000,383.900000
NaN,NaN,467.810000,516.050000,432.030000,383.910000
NaN,NaN,467.770000,516.060000,432.020000,383.890000
NaN,NaN,467.730000,515.970000,432.000000,383.890000
NaN,NaN,467.720000,515.970000,431.990000,383.880000
NaN,NaN,467.610000,515.910000,431.980000,383.860000
NaN,NaN,467.600000,515.900000,431.960000,383.850000
NaN,NaN,467.520000,515.860000,431.960000,383.850000
NaN,NaN,467.040000,515.670000,431.940000,383.830000
NaN,NaN,467.060000,515.710000,431.900000,383.810000
NaN,NaN,466.980000,515.610000,431.900000,383.790000
NaN,NaN,466.960000,515.430000,431.860000,383.770000
NaN,NaN,466.840000,514.980000,431.850000,383.740000
NaN,NaN,466.740000,514.820000,431.870000,383.750000
NaN,NaN,466.740000,514.860000,431.820000,383.730000
NaN,NaN,466.710000,514.830000,431.800000,383.680000
NaN,NaN,466.580000,514.710000,431.800000,383.680000
NaN,NaN,466.070000,514.550000,431.820000,383.670000
NaN,NaN,465.930000,514.010000,431.770000,383.650000
NaN,NaN,465.870000,514.000000,431.770000,383.620000
NaN,NaN,465.850000,513.950000,431.750000,383.610000
NaN,NaN,465.820000,513.900000,431.720000,383.570000
NaN,NaN,465.820000,513.940000,431.720000,383.550000
NaN,NaN,465.740000,513.760000,431.700000,383.570000
NaN,NaN,465.710000,513.730000,431.690000,383.500000
NaN,NaN,465.650000,513.750000,431.680000,383.210000
NaN,NaN,465.660000,513.690000,431.670000,383.130000
NaN,NaN,465.610000,513.660000,431.670000,383.120000
NaN,NaN,465.460000,513.550000,431.630000,383.110000
NaN,NaN,464.970000,512.740000,431.600000,383.100000
NaN,NaN,464.790000,512.180000,431.640000,383.090000
NaN,NaN,464.780000,512.160000,431.590000,383.050000
NaN,NaN,464.700000,512.110000,431.550000,383.040000
NaN,NaN,464.670000,512.020000,431.460000,383.040000
NaN,NaN,464.640000,511.930000,431.180000,383.030000
NaN,NaN,464.540000,511.880000,431.130000,383.020000
NaN,NaN,464.010000,511.640000,431.120000,383.010000
NaN,NaN,463.840000,511.110000,431.100000,383.020000
NaN,NaN,463.720000,510.970000,431.060000,382.980000
NaN,NaN,463.680000,510.910000,431.040000,382.950000
NaN,NaN,463.610000,510.830000,431.010000,382.930000
NaN,NaN,463.600000,510.880000,430.980000,382.910000
NaN,NaN,463.580000,510.810000,430.950000,382.880000
NaN,NaN,463.480000,510.840000,430.950000,382.860000
NaN,NaN,463.030000,510.680000,430.910000,382.860000
NaN,NaN,462.970000,510.480000,430.900000,382.830000
NaN,NaN,462.910000,510.010000,430.870000,382.800000
NaN,NaN,462.820000,510.060000,430.830000,382.800000
NaN,NaN,462.770000,509.900000,430.830000,382.760000
NaN,NaN,462.720000,509.850000,430.780000,382.750000
NaN,NaN,462.650000,509.850000,430.760000,382.710000
NaN,NaN,462.570000,509.770000,430.730000,382.690000
NaN,NaN,461.950000,509.260000,430.700000,382.690000
NaN,NaN,461.400000,508.860000,430.690000,382.690000
NaN,NaN,461.250000,508.360000,430.660000,382.670000
NaN,NaN,461.140000,508.180000,430.630000,382.670000
NaN,NaN,461.190000,508.150000,430.560000,382.600000
NaN,NaN,461.130000,508.110000,430.220000,382.620000
NaN,NaN,461.100000,508.130000,430.200000,382.600000
NaN,NaN,460.960000,508.030000,430.180000,382.610000
NaN,NaN,460.940000,508.080000,430.180000,382.550000
NaN,NaN,460.830000,507.950000,430.170000,382.530000
NaN,NaN,460.820000,507.850000,430.160000,382.530000
NaN,NaN,460.750000,507.890000,430.130000,382.470000
NaN,NaN,460.720000,507.770000,430.130000,382.300000
NaN,NaN,460.640000,507.700000,430.130000,382.290000
NaN,NaN,460.038647,506.553379,430.070000,382.240000
NaN,NaN,459.970000,506.860000,430.070000,382.220000
NaN,NaN,459.920000,506.940000,430.070000,382.210000
NaN,NaN,459.850000,506.890000,430.040000,382.180000
NaN,NaN,459.790000,506.850000,430.020000,382.140000
NaN,NaN,459.670000,506.810000,430.020000,382.120000
NaN,NaN,459.630000,506.770000,430.010000,382.090000
NaN,NaN,459.500000,506.710000,429.970000,382.060000
NaN,NaN,459.010000,506.430000,429.940000,382.040000
NaN,NaN,458.810000,505.870000,429.920000,382.000000
NaN,NaN,458.460000,505.080000,429.900000,381.980000
NaN,NaN,457.920000,504.270000,429.890000,381.940000
NaN,NaN,457.390000,503.660000,429.890000,381.940000
NaN,NaN,457.260000,503.530000,429.870000,381.880000
NaN,NaN,457.150000,503.350000,429.900000,381.870000
NaN,NaN,457.040000,503.320000,429.860000,381.870000
NaN,NaN,456.970000,503.180000,429.820000,381.850000
NaN,NaN,456.910000,503.130000,429.840000,381.810000
NaN,NaN,456.840000,503.060000,429.830000,381.770000
NaN,NaN,456.710000,503.020000,429.830000,381.720000
NaN,NaN,456.600000,502.910000,429.830000,381.690000
NaN,NaN,456.160000,502.780000,429.800000,381.660000
NaN,NaN,456.100000,502.710000,429.770000,381.630000
NaN,NaN,456.060000,502.630000,429.760000,381.600000
NaN,NaN,456.020000,502.630000,429.740000,381.550000
NaN,NaN,455.970000,502.530000,429.730000,381.530000
NaN,NaN,455.830000,501.960000,429.730000,381.490000
NaN,NaN,455.690000,501.490000,429.770000,381.250000
NaN,NaN,455.610000,501.420000,429.770000,381.190000
NaN,NaN,455.590000,501.270000,429.750000,381.180000
NaN,NaN,455.430000,501.160000,429.740000,381.150000
NaN,NaN,455.000000,501.050000,429.770000,381.120000
NaN,NaN,454.960000,500.960000,429.740000,381.070000
NaN,NaN,454.830000,500.860000,429.700000,381.050000
NaN,NaN,454.830000,500.860000,429.680000,381.030000
NaN,NaN,454.770000,500.710000,429.570000,380.990000
NaN,NaN,454.740000,500.660000,429.170000,381.010000
NaN,NaN,454.600000,500.560000,429.170000,380.980000
NaN,NaN,454.020000,499.890000,429.140000,380.950000
NaN,NaN,453.910000,499.230000,429.140000,380.930000
NaN,NaN,453.860000,499.130000,429.110000,380.920000
NaN,NaN,453.820000,499.100000,429.090000,380.900000
NaN,NaN,453.780000,499.040000,429.070000,380.860000
NaN,NaN,453.720000,498.980000,429.040000,380.830000
NaN,NaN,453.620000,498.890000,429.030000,380.830000
NaN,NaN,453.460000,498.850000,429.000000,380.800000
NaN,NaN,453.050000,498.570000,428.970000,380.800000
NaN,NaN,452.930000,497.990000,428.960000,380.780000
NaN,NaN,452.840000,497.480000,428.960000,380.750000
NaN,NaN,452.700000,497.390000,428.940000,380.740000
NaN,NaN,452.720000,497.250000,428.920000,380.670000
NaN,NaN,452.620000,497.110000,428.910000,380.650000
NaN,NaN,452.510000,497.010000,428.900000,380.640000
NaN,NaN,452.100000,496.870000,428.900000,380.610000
NaN,NaN,452.080000,496.780000,428.890000,380.590000
NaN,NaN,452.020000,496.760000,428.880000,380.600000
NaN,NaN,451.980000,496.590000,428.850000,380.540000
NaN,NaN,451.820000,496.010000,428.910000,380.230000
NaN,NaN,451.790000,495.930000,428.870000,380.220000
NaN,NaN,451.760000,495.900000,428.860000,380.220000
NaN,NaN,451.690000,495.800000,428.850000,380.220000
NaN,NaN,451.600000,495.660000,428.840000,380.220000
NaN,NaN,451.580000,495.620000,428.830000,380.220000
NaN,NaN,451.360000,495.450000,428.820000,380.220000
NaN,NaN,450.950000,494.720000,428.820000,380.210000
NaN,NaN,450.830000,493.990000,428.760000,380.180000
NaN,NaN,450.730000,493.560000,428.750000,380.180000
NaN,NaN,450.620000,493.530000,428.710000,380.190000
NaN,NaN,450.470000,493.230000,428.710000,380.180000
NaN,NaN,450.060000,493.150000,428.710000,380.190000
NaN,NaN,450.020000,493.050000,428.690000,380.170000
NaN,NaN,450.010000,492.890000,428.650000,380.150000
NaN,NaN,449.900000,492.840000,428.670000,380.130000
NaN,NaN,449.890000,492.810000,428.630000,380.100000
NaN,NaN,449.800000,492.730000,428.610000,380.070000
NaN,NaN,449.760000,492.680000,428.600000,380.080000
NaN,NaN,449.720000,492.490000,428.570000,380.080000
NaN,NaN,449.470000,491.850000,428.520000,380.070000
NaN,NaN,449.020000,491.150000,428.190000,380.070000
NaN,NaN,448.850000,490.670000,428.160000,380.030000
NaN,NaN,448.740000,490.690000,428.120000,380.040000
NaN,NaN,448.710000,490.860000,428.130000,380.020000
NaN,NaN,448.650000,490.680000,428.110000,379.990000
NaN,NaN,448.520000,490.580000,428.090000,379.990000
NaN,NaN,448.040000,489.970000,428.110000,379.980000
NaN,NaN,447.860000,489.470000,428.090000,379.980000
NaN,NaN,447.790000,489.370000,428.050000,379.970000
NaN,NaN,447.720000,489.190000,428.030000,379.970000
NaN,NaN,447.560000,489.110000,428.000000,379.980000
NaN,NaN,447.020000,488.990000,427.960000,379.970000
NaN,NaN,446.990000,488.850000,427.970000,379.990000
NaN,NaN,446.950000,488.770000,427.960000,379.980000
NaN,NaN,446.840000,488.720000,427.920000,379.960000
NaN,NaN,446.700000,488.540000,427.920000,380.000000
NaN,NaN,446.390000,487.950000,427.920000,379.980000
NaN,NaN,445.880000,487.380000,427.860000,379.940000
NaN,NaN,445.270000,487.180000,427.870000,379.940000
NaN,NaN,445.210000,487.060000,427.850000,379.920000
NaN,NaN,445.100000,487.000000,427.850000,379.930000
NaN,NaN,445.020000,486.910000,427.840000,379.920000
NaN,NaN,444.910000,486.880000,427.840000,379.940000
NaN,NaN,444.830000,486.810000,427.830000,379.910000
NaN,NaN,444.790000,486.790000,427.800000,379.880000
NaN,NaN,444.630000,486.650000,427.770000,379.860000
NaN,NaN,444.080000,486.510000,427.760000,379.870000
NaN,NaN,443.880000,485.860000,427.690000,379.900000
NaN,NaN,443.630000,485.230000,427.650000,379.870000
NaN,NaN,443.050000,485.100000,427.600000,379.860000
NaN,NaN,442.980000,485.010000,427.600000,379.860000
NaN,NaN,442.830000,485.010000,427.570000,379.890000
NaN,NaN,442.760000,484.950000,427.510000,379.880000
NaN,NaN,442.680000,485.010000,427.180000,379.880000
NaN,NaN,442.370000,484.860000,427.210000,379.900000
NaN,NaN,441.990000,484.750000,427.150000,379.900000
NaN,NaN,441.900000,484.600000,427.130000,379.900000
NaN,NaN,441.720000,484.050000,427.090000,379.890000
NaN,NaN,441.350000,483.890000,427.050000,379.890000
NaN,NaN,440.950000,483.790000,427.030000,379.930000
NaN,NaN,440.840000,483.670000,427.010000,379.920000
NaN,NaN,440.730000,483.720000,426.980000,379.910000
NaN,NaN,440.630000,483.770000,426.970000,379.910000
NaN,NaN,440.310000,483.710000,426.950000,379.890000
NaN,NaN,439.880000,483.390000,426.950000,379.900000
NaN,NaN,439.170000,482.770000,426.910000,379.910000
NaN,NaN,438.990000,482.300000,426.890000,379.920000
NaN,NaN,438.880000,482.170000,426.870000,379.890000
NaN,NaN,438.670000,482.160000,426.870000,379.900000
NaN,NaN,438.110000,482.010000,426.860000,379.910000
NaN,NaN,438.020000,482.060000,426.820000,379.910000
NaN,NaN,437.950000,481.950000,426.800000,379.950000
NaN,NaN,437.810000,481.960000,426.750000,379.940000
NaN,NaN,437.540000,481.830000,426.740000,379.960000
427.774915,477.158777,436.980000,481.640000,426.720000,379.970000
428.141548,475.689047,436.180000,480.840000,426.700000,379.960000
428.874815,474.954182,435.620000,480.160000,426.680000,379.950000
429.608081,473.851884,435.300000,479.440000,426.680000,379.970000
430.707981,473.851884,435.180000,479.310000,426.650000,380.000000
428.874815,473.851884,435.030000,479.230000,426.630000,380.000000
430.707981,473.117019,434.940000,479.190000,426.580000,380.010000
430.707981,472.014722,434.820000,479.050000,426.560000,380.030000
430.707981,472.014722,434.720000,479.050000,426.470000,379.990000
430.707981,471.647289,432.907781,478.995939,426.170000,379.960000
430.707981,470.544991,432.690000,478.730000,426.170000,379.950000
430.707981,469.810126,432.510000,478.440000,426.140000,379.970000
430.707981,468.707829,432.340000,477.930000,426.110000,379.960000
430.707981,467.972964,432.200000,477.320000,426.130000,379.980000
430.707981,467.605531,432.060000,477.410000,426.120000,379.960000
430.707981,466.870666,431.900000,477.370000,426.130000,379.960000
430.707981,466.135801,431.750000,477.370000,426.080000,379.950000
430.707981,466.135801,431.600000,477.290000,426.070000,379.980000
430.707981,466.135801,431.000000,477.190000,426.050000,380.000000
430.707981,466.135801,430.260000,477.120000,426.020000,379.980000
430.707981,465.768369,430.100000,477.140000,426.030000,379.980000
430.707981,464.298638,430.070000,477.130000,426.020000,379.980000
430.707981,463.196341,429.930000,477.090000,425.980000,379.980000
430.707981,461.726611,429.780000,477.250000,425.980000,379.940000
430.707981,460.256881,429.560000,477.410000,425.960000,379.930000
430.707981,459.154583,429.060000,477.920000,425.970000,379.940000
430.707981,458.419718,429.010000,477.990000,425.940000,379.910000
430.707981,456.949988,428.940000,478.050000,425.960000,379.920000
430.707981,454.010528,428.890000,478.050000,425.930000,379.910000
430.707981,452.173365,428.830000,478.060000,425.940000,379.910000
430.341348,450.703635,428.820000,478.100000,425.920000,379.910000
430.341348,449.968770,428.710000,478.040000,425.920000,379.910000
430.341348,448.866472,428.710000,478.010000,425.910000,379.880000
430.341348,448.499040,428.590000,478.010000,425.890000,379.860000
430.341348,447.396742,427.980000,477.930000,425.840000,379.810000
430.341348,447.029310,427.250000,477.880000,425.840000,379.810000
430.341348,447.029310,427.140000,477.850000,425.790000,379.790000
430.341348,447.029310,427.140000,477.860000,425.770000,379.780000
430.341348,447.029310,426.980000,477.760000,425.760000,379.700000
430.341348,447.029310,426.990000,477.750000,425.760000,379.700000
430.341348,447.029310,426.940000,477.760000,425.720000,379.680000
430.341348,447.029310,426.890000,477.700000,425.700000,379.690000
429.974715,447.764175,426.810000,477.740000,425.670000,379.650000
429.974715,448.131607,426.790000,477.670000,425.640000,379.640000
429.974715,448.131607,426.770000,477.760000,425.560000,379.600000
429.974715,448.131607,426.610000,477.670000,425.310000,379.520000
429.974715,448.499040,426.040000,477.610000,425.310000,379.360000
429.974715,448.499040,426.010000,477.680000,425.300000,379.350000
429.974715,448.499040,425.980000,477.650000,425.280000,379.350000
429.974715,448.499040,425.910000,477.640000,425.270000,379.360000
429.974715,448.866472,425.830000,477.610000,425.240000,379.350000
429.974715,449.601337,425.800000,477.640000,425.230000,379.340000
429.974715,449.968770,425.780000,477.690000,425.230000,379.320000
429.974715,449.968770,425.820000,477.710000,425.160000,379.300000
429.974715,449.968770,425.830000,477.690000,425.150000,379.300000
429.974715,451.071068,425.740000,477.690000,425.140000,379.300000
429.974715,451.071068,425.670000,477.720000,425.130000,379.290000
429.974715,451.071068,425.670000,477.760000,425.120000,379.290000
429.974715,451.071068,425.590000,477.810000,425.100000,379.250000
429.974715,451.071068,425.670000,477.760000,425.080000,379.260000
429.974715,451.071068,425.520000,477.770000,425.090000,379.250000
429.974715,451.071068,425.060000,477.770000,425.080000,379.220000
429.974715,451.071068,425.040000,477.790000,425.090000,379.210000
429.974715,451.071068,425.050000,477.770000,425.090000,379.210000
429.974715,451.071068,425.030000,477.840000,425.050000,379.180000
429.974715,451.071068,425.020000,477.900000,425.020000,379.170000
429.974715,451.071068,425.030000,477.910000,425.020000,379.150000
429.974715,451.071068,424.980000,477.910000,425.030000,379.140000
429.974715,451.071068,425.050000,477.870000,425.020000,379.130000
429.974715,451.071068,424.970000,477.930000,425.020000,379.120000
429.974715,451.805933,424.920000,477.950000,425.010000,379.110000
429.974715,451.805933,424.990000,477.990000,425.000000,379.100000
429.974715,452.173365,424.950000,478.010000,424.980000,379.100000
429.974715,452.908230,424.960000,477.950000,424.960000,379.080000
429.974715,452.908230,424.930000,478.020000,424.930000,379.080000
429.974715,452.908230,424.940000,477.970000,424.930000,379.060000
429.974715,454.010528,424.940000,478.040000,424.910000,379.070000
429.974715,454.377960,424.900000,478.020000,424.900000,379.050000
429.974715,454.745393,424.880000,478.060000,424.880000,379.040000
429.974715,455.480258,424.920000,478.110000,424.860000,379.040000
429.974715,455.847690,424.920000,478.100000,424.860000,379.020000
429.608081,456.215123,424.840000,478.170000,424.860000,379.000000
429.608081,456.949988,424.920000,478.170000,424.820000,378.960000
429.608081,456.949988,424.790000,478.280000,424.760000,378.990000
429.608081,457.684853,424.850000,478.270000,424.780000,378.970000
429.608081,458.419718,424.830000,478.360000,424.740000,378.970000
429.608081,458.787151,424.770000,478.510000,424.760000,378.970000
429.608081,459.522016,424.820000,478.960000,424.720000,378.950000
429.608081,460.624313,424.820000,479.010000,424.700000,378.950000
429.608081,460.624313,424.870000,479.070000,424.710000,378.930000
429.608081,461.726611,424.780000,479.120000,424.690000,378.940000
429.608081,462.461476,424.770000,479.060000,424.660000,378.940000
429.241448,463.196341,424.770000,479.030000,424.640000,378.900000
429.241448,463.931206,424.710000,479.060000,424.640000,378.900000
429.241448,463.931206,424.870000,479.030000,424.620000,378.880000
429.241448,464.666071,424.475215,480.098237,424.600000,378.890000
429.241448,465.033504,424.010000,480.470000,424.590000,378.870000
429.241448,465.400936,424.010000,480.650000,424.570000,378.870000
429.241448,465.768369,424.020000,480.840000,424.570000,378.840000
429.241448,466.503234,423.990000,480.890000,424.550000,378.840000
429.241448,466.870666,423.970000,480.970000,424.540000,378.830000
428.874815,467.238099,423.970000,481.000000,424.490000,378.810000
428.874815,467.605531,423.980000,480.930000,424.210000,378.800000
428.874815,467.972964,424.010000,480.930000,424.190000,378.770000
428.874815,469.075261,424.000000,480.910000,424.160000,378.750000
428.874815,469.442694,423.980000,480.890000,424.150000,378.740000
428.874815,469.810126,423.990000,480.900000,424.120000,378.700000
428.874815,470.544991,424.000000,480.940000,424.100000,378.660000
428.874815,470.912424,423.980000,480.970000,424.090000,378.680000
428.874815,471.279856,423.950000,480.990000,424.080000,378.650000
428.874815,471.647289,423.980000,481.030000,424.030000,378.640000
428.874815,472.014722,423.990000,481.030000,424.030000,378.640000
428.874815,472.382154,423.970000,481.050000,424.020000,378.610000
428.874815,472.382154,423.980000,481.090000,423.970000,378.480000
428.874815,472.749587,424.000000,481.060000,423.930000,378.320000
428.874815,473.117019,424.020000,481.130000,423.910000,378.300000
428.874815,473.484452,424.050000,481.130000,423.900000,378.280000
428.508181,474.586749,424.060000,481.120000,423.920000,378.270000
428.508181,475.321614,424.070000,481.120000,423.900000,378.280000
428.508181,475.689047,424.090000,481.170000,423.870000,378.230000
428.141548,477.158777,424.100000,481.170000,423.820000,378.210000
428.141548,477.158777,424.050000,481.210000,423.800000,378.210000
428.141548,477.158777,424.080000,481.290000,423.800000,378.170000
428.141548,477.158777,424.080000,481.230000,423.790000,378.160000
428.141548,478.261074,424.080000,481.300000,423.790000,378.150000
428.141548,478.261074,424.070000,481.310000,423.790000,378.140000
428.141548,478.261074,424.050000,481.240000,423.710000,378.110000
428.141548,478.261074,424.070000,481.220000,423.710000,378.120000
428.141548,478.628507,424.120000,481.250000,423.700000,378.070000
428.141548,478.628507,424.070000,481.190000,423.680000,378.030000
428.141548,478.628507,424.090000,481.210000,423.640000,378.020000
428.141548,478.628507,424.120000,481.250000,423.640000,378.010000
428.141548,478.628507,424.150000,481.310000,423.580000,378.000000
428.141548,478.628507,424.140000,481.340000,423.570000,377.990000
428.141548,478.628507,424.170000,481.420000,423.560000,377.970000
428.141548,478.995939,424.110000,481.390000,423.530000,377.950000
428.141548,478.995939,424.110000,481.460000,423.500000,377.910000
428.141548,480.098237,424.180000,481.950000,423.250000,377.920000
428.141548,481.200535,424.210000,481.970000,423.240000,377.870000
428.141548,481.200535,424.210000,482.010000,423.230000,377.850000
428.141548,481.200535,424.200000,482.030000,423.240000,377.840000
428.141548,481.567967,424.220000,482.080000,423.200000,377.800000
428.141548,481.935400,424.230000,482.060000,423.180000,377.770000
428.141548,482.670265,424.300000,482.070000,423.190000,377.730000
428.141548,482.670265,424.310000,482.140000,423.170000,377.670000
428.141548,482.670265,424.330000,482.130000,423.150000,377.670000
NaN,NaN,424.340000,482.150000,423.120000,377.650000
NaN,NaN,424.290000,482.150000,423.110000,377.660000
NaN,NaN,424.310000,482.130000,423.120000,377.630000
NaN,NaN,424.370000,482.140000,423.110000,377.660000
NaN,NaN,424.420000,482.140000,423.100000,377.640000
NaN,NaN,424.500000,482.170000,423.120000,377.610000
NaN,NaN,424.970000,482.240000,423.100000,377.590000
NaN,NaN,425.010000,482.280000,423.100000,377.570000
NaN,NaN,425.010000,482.300000,423.070000,377.570000
NaN,NaN,425.040000,482.290000,423.060000,377.570000
NaN,NaN,425.080000,482.290000,423.050000,377.540000
NaN,NaN,425.120000,482.270000,423.050000,377.540000
NaN,NaN,425.140000,482.300000,423.060000,377.530000
NaN,NaN,425.130000,482.290000,423.010000,377.570000
NaN,NaN,425.170000,482.290000,423.010000,377.500000
NaN,NaN,425.210000,482.300000,423.030000,377.320000
NaN,NaN,425.250000,482.310000,423.020000,377.290000
NaN,NaN,425.330000,482.360000,423.020000,377.280000
NaN,NaN,425.340000,482.320000,423.020000,377.310000
NaN,NaN,425.370000,482.350000,423.010000,377.310000
NaN,NaN,425.460000,482.380000,422.980000,377.310000
NaN,NaN,425.980000,482.500000,422.990000,377.320000
NaN,NaN,426.070000,482.940000,422.980000,377.300000
NaN,NaN,426.060000,482.930000,422.980000,377.310000
NaN,NaN,426.060000,482.940000,422.990000,377.290000
NaN,NaN,426.080000,482.930000,422.980000,377.280000
NaN,NaN,426.140000,482.950000,422.960000,377.280000
NaN,NaN,426.180000,482.980000,422.950000,377.240000
NaN,NaN,426.240000,482.970000,422.950000,377.260000
NaN,NaN,426.260000,482.980000,422.950000,377.240000
NaN,NaN,426.250000,482.990000,422.920000,377.240000
NaN,NaN,426.320000,483.020000,422.940000,377.260000
NaN,NaN,426.400000,483.070000,422.960000,377.250000
NaN,NaN,426.350000,483.060000,422.950000,377.270000
NaN,NaN,426.350000,483.020000,422.910000,377.230000
NaN,NaN,426.440000,483.050000,422.910000,377.250000
NaN,NaN,427.060000,483.180000,422.930000,377.280000
NaN,NaN,427.820000,483.340000,422.920000,377.250000
NaN,NaN,427.930000,483.430000,422.910000,377.250000
NaN,NaN,427.890000,483.840000,422.900000,377.230000
NaN,NaN,427.940000,483.850000,422.870000,377.250000
NaN,NaN,428.010000,483.860000,422.860000,377.230000
NaN,NaN,428.040000,483.910000,422.850000,377.260000
NaN,NaN,428.040000,483.930000,422.840000,377.220000
NaN,NaN,428.100000,483.940000,422.820000,377.230000
NaN,NaN,428.140000,483.980000,422.820000,377.210000
NaN,NaN,428.180000,483.980000,422.820000,377.190000
NaN,NaN,428.220000,484.000000,422.790000,377.170000
NaN,NaN,428.270000,484.010000,422.800000,377.160000
NaN,NaN,428.280000,484.050000,422.750000,377.170000
NaN,NaN,428.370000,484.080000,422.760000,377.180000
NaN,NaN,428.430000,484.100000,422.770000,377.150000
NaN,NaN,428.450000,484.070000,422.770000,377.160000
NaN,NaN,428.530000,484.100000,422.750000,377.120000
NaN,NaN,429.020000,484.140000,422.710000,377.120000
NaN,NaN,429.100000,484.190000,422.710000,377.100000
NaN,NaN,429.140000,484.220000,422.680000,377.100000
NaN,NaN,429.170000,484.250000,422.690000,377.110000
NaN,NaN,429.210000,484.260000,422.680000,377.120000
NaN,NaN,429.270000,484.270000,422.630000,377.080000
NaN,NaN,429.320000,484.290000,422.610000,377.070000
NaN,NaN,429.370000,484.340000,422.590000,377.070000
NaN,NaN,429.450000,484.350000,422.580000,377.070000
NaN,NaN,430.110000,484.470000,422.550000,377.060000
NaN,NaN,430.850000,485.000000,422.550000,377.040000
NaN,NaN,431.160000,485.070000,422.490000,377.040000
NaN,NaN,431.000000,485.090000,422.250000,377.010000
NaN,NaN,430.980000,485.060000,422.210000,377.000000
NaN,NaN,431.030000,485.120000,422.220000,376.990000
NaN,NaN,431.000000,485.080000,422.220000,376.970000
NaN,NaN,431.050000,485.090000,422.200000,376.970000
NaN,NaN,431.090000,485.100000,422.180000,376.930000
NaN,NaN,431.120000,485.150000,422.200000,376.950000
NaN,NaN,431.210000,485.180000,422.150000,376.900000
NaN,NaN,431.210000,485.170000,422.140000,376.860000
NaN,NaN,431.290000,485.200000,422.130000,376.860000
NaN,NaN,431.440000,485.180000,422.100000,376.870000
NaN,NaN,432.040000,485.370000,422.080000,376.830000
NaN,NaN,432.650000,485.920000,422.050000,376.790000
NaN,NaN,432.760000,485.970000,422.020000,376.790000
NaN,NaN,432.780000,485.990000,422.020000,376.740000
NaN,NaN,432.830000,486.040000,421.990000,376.720000
NaN,NaN,432.850000,486.060000,421.970000,376.690000
NaN,NaN,433.000000,485.980000,421.940000,376.660000
NaN,NaN,433.010000,486.070000,421.910000,376.650000
NaN,NaN,433.160000,486.030000,421.900000,376.620000
NaN,NaN,433.230000,486.110000,421.870000,376.640000
NaN,NaN,433.200000,486.110000,421.830000,376.650000
NaN,NaN,433.240000,486.150000,421.820000,376.640000
NaN,NaN,433.400000,486.090000,421.790000,376.610000
NaN,NaN,433.960000,486.180000,421.770000,376.590000
NaN,NaN,434.000000,486.240000,421.750000,376.550000
NaN,NaN,434.030000,486.390000,421.720000,376.520000
NaN,NaN,434.230000,486.900000,421.640000,376.270000
NaN,NaN,434.260000,486.920000,421.590000,376.240000
NaN,NaN,434.410000,486.980000,421.550000,376.220000
NaN,NaN,434.910000,487.070000,421.460000,376.220000
NaN,NaN,434.980000,487.090000,421.180000,376.190000
NaN,NaN,434.970000,487.110000,421.140000,376.160000
NaN,NaN,435.080000,487.050000,421.120000,376.160000
NaN,NaN,435.160000,487.160000,421.100000,376.100000
NaN,NaN,435.160000,487.170000,421.080000,376.070000
NaN,NaN,435.290000,487.220000,421.060000,376.030000
NaN,NaN,435.330000,487.260000,421.030000,376.030000
NaN,NaN,435.390000,487.260000,421.000000,376.010000
NaN,NaN,435.450000,487.290000,420.990000,376.000000
NaN,NaN,435.940000,487.360000,420.980000,376.010000
NaN,NaN,436.030000,487.440000,420.940000,376.010000
NaN,NaN,436.090000,487.850000,420.930000,375.990000
NaN,NaN,436.130000,487.950000,420.930000,375.950000
NaN,NaN,436.210000,487.960000,420.900000,375.910000
NaN,NaN,436.220000,487.970000,420.880000,375.900000
NaN,NaN,436.330000,488.030000,420.860000,375.850000
NaN,NaN,436.380000,488.000000,420.790000,375.840000
NaN,NaN,436.410000,488.010000,420.790000,375.820000
NaN,NaN,436.520000,488.010000,420.750000,375.800000
NaN,NaN,437.060000,488.170000,420.710000,375.780000
NaN,NaN,437.600000,488.180000,420.720000,375.700000
NaN,NaN,437.590000,488.260000,420.700000,375.720000
NaN,NaN,437.690000,488.320000,420.660000,375.670000
NaN,NaN,437.860000,488.350000,420.630000,375.700000
NaN,NaN,437.860000,488.380000,420.600000,375.650000
NaN,NaN,437.780000,488.390000,420.560000,375.610000
NaN,NaN,437.890000,488.620000,420.520000,375.600000
NaN,NaN,437.980000,489.030000,420.190000,375.590000
NaN,NaN,438.010000,489.060000,420.190000,375.560000
NaN,NaN,438.200000,489.010000,420.190000,375.530000
NaN,NaN,438.240000,489.030000,420.190000,375.440000
NaN,NaN,438.300000,489.140000,420.170000,375.220000
NaN,NaN,438.310000,489.130000,420.180000,375.200000
NaN,NaN,438.490000,489.230000,420.190000,375.180000
NaN,NaN,438.940000,489.310000,420.150000,375.150000
NaN,NaN,439.030000,489.390000,420.110000,375.140000
NaN,NaN,439.130000,489.570000,420.120000,375.120000
NaN,NaN,439.150000,489.850000,420.120000,375.090000
NaN,NaN,439.110000,489.860000,420.090000,375.080000
NaN,NaN,439.190000,489.930000,420.100000,375.050000
NaN,NaN,439.240000,489.830000,420.100000,375.010000
NaN,NaN,439.260000,489.860000,420.060000,375.000000
NaN,NaN,439.290000,489.950000,420.040000,374.970000
NaN,NaN,439.380000,490.040000,420.030000,374.940000
NaN,NaN,439.430000,490.020000,420.030000,374.930000
NaN,NaN,439.490000,490.010000,420.020000,374.890000
NaN,NaN,440.050000,490.060000,419.990000,374.890000
NaN,NaN,440.630000,490.140000,419.980000,374.860000
NaN,NaN,440.680000,490.110000,419.980000,374.850000
NaN,NaN,440.700000,490.200000,419.940000,374.820000
NaN,NaN,440.830000,490.270000,419.920000,374.760000
NaN,NaN,440.950000,490.250000,419.920000,374.720000
NaN,NaN,440.950000,490.240000,419.900000,374.700000
NaN,NaN,441.000000,490.320000,419.870000,374.660000
NaN,NaN,441.010000,490.300000,419.860000,374.600000
NaN,NaN,440.980000,490.290000,419.840000,374.570000
NaN,NaN,441.110000,490.370000,419.740000,374.540000
NaN,NaN,441.130000,490.230000,419.740000,374.460000
NaN,NaN,441.250000,490.280000,419.730000,374.270000
NaN,NaN,441.360000,490.520000,419.680000,374.220000
NaN,NaN,441.710000,491.090000,419.650000,374.190000
NaN,NaN,442.040000,491.560000,419.610000,374.140000
NaN,NaN,442.050000,491.570000,419.520000,374.090000
NaN,NaN,442.070000,491.720000,419.150000,374.040000
NaN,NaN,442.140000,491.760000,419.120000,373.990000
NaN,NaN,442.420000,491.690000,419.060000,373.970000
NaN,NaN,442.800000,491.840000,419.030000,373.960000
NaN,NaN,442.880000,491.860000,419.020000,373.930000
NaN,NaN,442.800000,491.880000,418.930000,373.870000
NaN,NaN,442.990000,491.780000,418.870000,373.840000
NaN,NaN,443.020000,491.900000,418.840000,373.810000
NaN,NaN,443.090000,491.900000,418.810000,373.770000
NaN,NaN,443.250000,491.880000,418.810000,373.770000
NaN,NaN,443.130000,491.940000,418.760000,373.730000
NaN,NaN,443.330000,491.810000,418.710000,373.700000
NaN,NaN,443.300000,492.020000,418.700000,373.660000
NaN,NaN,443.270000,492.070000,418.660000,373.650000
NaN,NaN,443.460000,492.090000,418.620000,373.620000
NaN,NaN,443.920000,492.140000,418.590000,373.550000
NaN,NaN,443.840000,492.210000,418.600000,373.270000
NaN,NaN,444.050000,492.220000,418.500000,373.180000
NaN,NaN,444.230000,492.200000,418.130000,373.170000
NaN,NaN,444.260000,492.270000,418.110000,373.160000
NaN,NaN,444.430000,492.490000,418.070000,373.130000
NaN,NaN,444.670000,492.920000,418.010000,373.090000
NaN,NaN,444.800000,492.910000,417.980000,373.070000
NaN,NaN,444.890000,492.880000,417.930000,373.070000
NaN,NaN,445.050000,492.980000,417.900000,373.040000
NaN,NaN,445.040000,493.110000,417.870000,373.000000
NaN,NaN,445.070000,492.990000,417.820000,373.000000
NaN,NaN,445.080000,493.110000,417.800000,372.970000
NaN,NaN,445.260000,493.070000,417.790000,372.950000
NaN,NaN,445.430000,493.310000,417.750000,372.960000
NaN,NaN,445.740000,493.340000,417.790000,372.910000
NaN,NaN,445.740000,493.400000,417.720000,372.880000
NaN,NaN,446.839848,493.693240,417.690000,372.850000
NaN,NaN,447.130000,494.000000,417.690000,372.870000
NaN,NaN,447.310000,494.010000,417.670000,372.820000
NaN,NaN,447.360000,494.040000,417.590000,372.820000
NaN,NaN,447.100000,494.020000,417.590000,372.800000
NaN,NaN,447.170000,494.010000,417.490000,372.770000
NaN,NaN,447.240000,494.030000,417.190000,372.760000
NaN,NaN,447.350000,494.060000,417.160000,372.750000
NaN,NaN,447.280000,494.120000,417.110000,372.740000
NaN,NaN,447.330000,494.100000,417.100000,372.710000
NaN,NaN,447.380000,494.090000,417.070000,372.690000
NaN,NaN,447.540000,494.160000,417.060000,372.630000
NaN,NaN,448.020000,494.240000,417.030000,372.610000
NaN,NaN,447.990000,494.250000,417.000000,372.580000
NaN,NaN,448.060000,494.320000,416.980000,372.570000
NaN,NaN,448.200000,494.420000,416.960000,372.480000
NaN,NaN,448.340000,494.820000,416.980000,372.220000
NaN,NaN,448.530000,494.950000,416.960000,372.220000
NaN,NaN,448.940000,494.980000,416.950000,372.190000
NaN,NaN,448.990000,494.980000,416.930000,372.120000
NaN,NaN,449.030000,495.070000,416.890000,372.090000
NaN,NaN,449.080000,495.110000,416.860000,372.060000
NaN,NaN,449.120000,495.110000,416.870000,372.010000
NaN,NaN,449.160000,495.160000,416.850000,371.990000
NaN,NaN,449.310000,495.210000,416.810000,371.960000
NaN,NaN,449.280000,495.210000,416.790000,371.920000
NaN,NaN,449.330000,495.170000,416.770000,371.880000
NaN,NaN,449.400000,495.230000,416.750000,371.880000
NaN,NaN,449.520000,495.180000,416.730000,371.830000
NaN,NaN,449.940000,495.290000,416.730000,371.770000
NaN,NaN,449.990000,495.340000,416.740000,371.740000
NaN,NaN,450.010000,495.440000,416.720000,371.710000
NaN,NaN,450.100000,495.820000,416.700000,371.670000
NaN,NaN,450.150000,495.820000,416.690000,371.630000
NaN,NaN,450.200000,495.840000,416.690000,371.570000
NaN,NaN,450.210000,495.840000,416.650000,371.540000
NaN,NaN,450.350000,495.900000,416.620000,371.530000
NaN,NaN,450.400000,495.870000,416.630000,371.500000
NaN,NaN,450.410000,495.950000,416.700000,371.260000
NaN,NaN,450.530000,495.930000,416.650000,371.270000
NaN,NaN,450.930000,496.030000,416.630000,371.250000
NaN,NaN,450.990000,495.990000,416.590000,371.250000
NaN,NaN,451.010000,496.080000,416.610000,371.190000
NaN,NaN,451.060000,496.050000,416.620000,371.190000
NaN,NaN,451.080000,496.110000,416.620000,371.170000
NaN,NaN,451.090000,496.150000,416.570000,371.140000
NaN,NaN,451.120000,496.180000,416.550000,371.140000
NaN,NaN,451.150000,496.170000,416.550000,371.100000
NaN,NaN,451.190000,496.240000,416.560000,371.070000
NaN,NaN,451.270000,496.280000,416.570000,371.060000
NaN,NaN,451.340000,496.310000,416.560000,371.050000
NaN,NaN,451.360000,496.320000,416.560000,371.040000
NaN,NaN,451.440000,496.340000,416.550000,371.020000
NaN,NaN,451.890000,496.370000,416.580000,370.990000
NaN,NaN,451.930000,496.370000,416.570000,370.970000
NaN,NaN,451.990000,496.440000,416.570000,370.960000
NaN,NaN,452.040000,496.540000,416.580000,370.950000
NaN,NaN,452.140000,496.830000,416.550000,370.930000
NaN,NaN,452.170000,496.880000,416.490000,370.930000
NaN,NaN,452.230000,496.910000,416.200000,370.950000
NaN,NaN,452.300000,496.890000,416.230000,370.890000
NaN,NaN,452.340000,496.980000,416.190000,370.910000
NaN,NaN,452.400000,496.980000,416.190000,370.870000
NaN,NaN,452.420000,496.970000,416.230000,370.880000
NaN,NaN,452.610000,497.030000,416.250000,370.840000
NaN,NaN,452.950000,497.090000,416.250000,370.820000
NaN,NaN,452.960000,497.100000,416.260000,370.780000
NaN,NaN,452.990000,497.150000,416.240000,370.790000
NaN,NaN,453.060000,497.140000,416.230000,370.750000
NaN,NaN,453.090000,497.160000,416.210000,370.740000
NaN,NaN,453.140000,497.180000,416.210000,370.710000
NaN,NaN,453.120000,497.150000,416.210000,370.710000
NaN,NaN,453.160000,497.200000,416.200000,370.650000
NaN,NaN,453.160000,497.160000,416.180000,370.620000
NaN,NaN,453.230000,497.270000,416.200000,370.600000
NaN,NaN,453.350000,497.330000,416.200000,370.570000
NaN,NaN,453.330000,497.290000,416.170000,370.530000
NaN,NaN,453.360000,497.330000,416.180000,370.370000
NaN,NaN,453.340000,497.320000,416.210000,370.320000
NaN,NaN,453.410000,497.350000,416.200000,370.330000
NaN,NaN,453.360000,497.300000,416.220000,370.270000
NaN,NaN,453.400000,497.370000,416.210000,370.290000
NaN,NaN,453.530000,497.470000,416.220000,370.280000
NaN,NaN,453.980000,497.880000,416.190000,370.270000
NaN,NaN,453.990000,497.890000,416.190000,370.270000
NaN,NaN,454.020000,497.930000,416.170000,370.240000
NaN,NaN,454.040000,497.950000,416.150000,370.220000
NaN,NaN,454.040000,497.940000,416.170000,370.230000
NaN,NaN,454.010000,497.920000,416.190000,370.210000
NaN,NaN,454.070000,497.950000,416.140000,370.210000
NaN,NaN,454.030000,497.990000,416.150000,370.170000
NaN,NaN,454.120000,497.980000,416.150000,370.160000
NaN,NaN,454.120000,497.960000,416.160000,370.160000
NaN,NaN,454.140000,498.040000,416.150000,370.150000
NaN,NaN,454.160000,498.080000,416.110000,370.180000
NaN,NaN,454.160000,498.030000,416.120000,370.160000
NaN,NaN,454.160000,498.030000,416.110000,370.150000
NaN,NaN,454.170000,498.060000,416.110000,370.140000
NaN,NaN,454.210000,498.080000,416.100000,370.150000
NaN,NaN,454.180000,498.050000,416.090000,370.160000
NaN,NaN,454.210000,498.040000,416.090000,370.140000
NaN,NaN,454.180000,498.090000,416.080000,370.130000
NaN,NaN,454.200000,498.080000,416.080000,370.150000
NaN,NaN,454.220000,498.060000,416.070000,370.130000
NaN,NaN,454.260000,498.080000,416.070000,370.120000
NaN,NaN,454.270000,498.160000,416.050000,370.110000
NaN,NaN,454.260000,498.150000,416.040000,370.120000
NaN,NaN,454.290000,498.120000,416.030000,370.110000
NaN,NaN,454.310000,498.160000,416.030000,370.100000
NaN,NaN,454.290000,498.210000,416.040000,370.100000
NaN,NaN,454.300000,498.200000,416.010000,370.090000
NaN,NaN,454.310000,498.150000,416.010000,370.080000
NaN,NaN,454.320000,498.160000,415.990000,370.070000
NaN,NaN,454.360000,498.140000,415.980000,370.080000
NaN,NaN,454.360000,498.160000,415.980000,370.070000
NaN,NaN,454.360000,498.140000,415.960000,370.090000
NaN,NaN,454.300000,498.120000,415.940000,370.070000
NaN,NaN,454.290000,498.160000,415.930000,370.080000
NaN,NaN,454.290000,498.140000,415.930000,370.070000
NaN,NaN,454.340000,498.150000,415.930000,370.060000
NaN,NaN,454.380000,498.180000,415.920000,370.080000
NaN,NaN,454.420000,498.210000,415.910000,370.100000
NaN,NaN,454.420000,498.240000,415.900000,370.090000
NaN,NaN,454.390000,498.250000,415.880000,370.090000
NaN,NaN,454.430000,498.240000,415.870000,370.090000
NaN,NaN,454.420000,498.260000,415.860000,370.080000
NaN,NaN,454.390000,498.210000,415.850000,370.080000
NaN,NaN,454.370000,498.320000,415.830000,370.070000
NaN,NaN,454.430000,498.300000,415.820000,370.070000
NaN,NaN,454.430000,498.270000,415.840000,370.040000
NaN,NaN,454.410000,498.270000,415.840000,370.050000
NaN,NaN,454.400000,498.250000,415.810000,370.080000
NaN,NaN,454.420000,498.320000,415.790000,370.070000
NaN,NaN,454.520000,498.280000,415.790000,370.090000
NaN,NaN,454.920000,498.380000,415.790000,370.100000
NaN,NaN,454.890000,498.340000,415.770000,370.090000
NaN,NaN,454.930000,498.390000,415.780000,370.090000
NaN,NaN,454.920000,498.560000,415.770000,370.100000
NaN,NaN,454.940000,498.800000,415.750000,370.110000
NaN,NaN,454.970000,498.780000,415.740000,370.110000
NaN,NaN,454.980000,498.780000,415.710000,370.140000
NaN,NaN,454.960000,498.770000,415.710000,370.130000
NaN,NaN,454.960000,498.750000,415.690000,370.140000
NaN,NaN,454.960000,498.750000,415.680000,370.130000
NaN,NaN,454.950000,498.770000,415.680000,370.130000
NaN,NaN,454.950000,498.760000,415.660000,370.150000
NaN,NaN,454.960000,498.690000,415.660000,370.160000
NaN,NaN,454.930000,498.720000,415.670000,370.160000
NaN,NaN,454.980000,498.800000,415.670000,370.170000
NaN,NaN,454.990000,498.820000,415.660000,370.180000
NaN,NaN,455.050000,498.820000,415.630000,370.220000
NaN,NaN,455.030000,498.860000,415.630000,370.200000
NaN,NaN,455.020000,498.860000,415.670000,370.210000
NaN,NaN,455.030000,498.860000,415.620000,370.230000
NaN,NaN,455.000000,498.830000,415.630000,370.250000
NaN,NaN,455.050000,498.880000,415.610000,370.250000
NaN,NaN,455.050000,498.970000,415.630000,370.250000
NaN,NaN,455.030000,498.890000,415.620000,370.260000
NaN,NaN,455.050000,498.890000,415.620000,370.260000
NaN,NaN,455.000000,498.910000,415.600000,370.290000
NaN,NaN,455.000000,498.840000,415.600000,370.280000
NaN,NaN,455.040000,498.890000,415.580000,370.280000
NaN,NaN,455.040000,498.840000,415.590000,370.290000
NaN,NaN,455.010000,498.870000,415.620000,370.290000
NaN,NaN,455.030000,498.900000,415.580000,370.300000
NaN,NaN,455.040000,498.910000,415.530000,370.280000
NaN,NaN,455.070000,498.910000,415.140000,370.270000
NaN,NaN,455.000000,498.870000,415.130000,370.290000
NaN,NaN,455.030000,498.880000,415.150000,370.280000
NaN,NaN,455.020000,498.940000,415.140000,370.310000
NaN,NaN,455.050000,498.950000,415.150000,370.290000
NaN,NaN,455.060000,498.940000,415.160000,370.300000
NaN,NaN,455.090000,498.880000,415.170000,370.310000
NaN,NaN,455.140000,498.920000,415.160000,370.300000
NaN,NaN,455.140000,498.940000,415.140000,370.310000
NaN,NaN,455.120000,498.950000,415.150000,370.320000
NaN,NaN,455.120000,498.940000,415.140000,370.320000
NaN,NaN,455.080000,498.930000,415.130000,370.310000
NaN,NaN,455.150000,499.020000,415.150000,370.290000
NaN,NaN,455.110000,498.960000,415.140000,370.310000
NaN,NaN,455.110000,498.940000,415.140000,370.310000
NaN,NaN,455.120000,498.920000,415.130000,370.310000
NaN,NaN,455.110000,498.910000,415.140000,370.340000
NaN,NaN,455.100000,498.980000,415.140000,370.330000
NaN,NaN,455.120000,498.970000,415.140000,370.350000
NaN,NaN,455.090000,499.000000,415.130000,370.340000
NaN,NaN,455.130000,499.010000,415.150000,370.340000
NaN,NaN,455.160000,499.000000,415.140000,370.340000
NaN,NaN,455.130000,498.950000,415.130000,370.300000
NaN,NaN,455.150000,499.000000,415.120000,370.320000
NaN,NaN,455.120000,498.970000,415.120000,370.330000
NaN,NaN,455.150000,499.020000,415.110000,370.330000
NaN,NaN,455.190000,498.980000,415.110000,370.340000
NaN,NaN,455.150000,498.940000,415.120000,370.330000
NaN,NaN,455.170000,498.980000,415.110000,370.320000
NaN,NaN,455.110000,498.940000,415.100000,370.340000
NaN,NaN,455.160000,498.990000,415.140000,370.330000
NaN,NaN,455.160000,498.920000,415.140000,370.290000
NaN,NaN,NaN,NaN,415.120000,370.260000
NaN,NaN,NaN,NaN,415.160000,370.240000
NaN,NaN,NaN,NaN,415.160000,370.240000
NaN,NaN,NaN,NaN,415.170000,370.290000
NaN,NaN,NaN,NaN,415.180000,370.270000
NaN,NaN,NaN,NaN,415.170000,370.290000
NaN,NaN,NaN,NaN,415.170000,370.240000
NaN,NaN,NaN,NaN,415.160000,370.210000
NaN,NaN,NaN,NaN,415.170000,370.210000
NaN,NaN,NaN,NaN,415.170000,370.230000
NaN,NaN,NaN,NaN,415.180000,370.210000
NaN,NaN,NaN,NaN,415.220000,370.170000
NaN,NaN,NaN,NaN,415.180000,370.140000
NaN,NaN,NaN,NaN,415.180000,370.130000
NaN,NaN,NaN,NaN,415.170000,370.130000
NaN,NaN,NaN,NaN,415.200000,370.110000
NaN,NaN,NaN,NaN,415.220000,370.140000
NaN,NaN,NaN,NaN,415.200000,370.130000
NaN,NaN,NaN,NaN,415.200000,370.120000
NaN,NaN,NaN,NaN,415.230000,370.100000
NaN,NaN,NaN,NaN,415.200000,370.110000
NaN,NaN,NaN,NaN,415.210000,370.100000
NaN,NaN,NaN,NaN,415.190000,370.100000
NaN,NaN,NaN,NaN,415.180000,370.070000
NaN,NaN,NaN,NaN,415.180000,370.050000
NaN,NaN,NaN,NaN,415.190000,370.080000
NaN,NaN,NaN,NaN,415.200000,370.070000
NaN,NaN,NaN,NaN,415.220000,370.050000
NaN,NaN,NaN,NaN,415.200000,370.000000
NaN,NaN,NaN,NaN,415.200000,369.980000
NaN,NaN,NaN,NaN,415.190000,369.950000
NaN,NaN,NaN,NaN,415.190000,369.930000
NaN,NaN,NaN,NaN,415.200000,369.880000
NaN,NaN,NaN,NaN,415.210000,369.840000
NaN,NaN,NaN,NaN,415.180000,369.810000
NaN,NaN,NaN,NaN,415.160000,369.790000
NaN,NaN,NaN,NaN,415.150000,369.760000
NaN,NaN,NaN,NaN,415.130000,369.710000
NaN,NaN,NaN,NaN,415.150000,369.680000
NaN,NaN,NaN,NaN,415.150000,369.700000
NaN,NaN,NaN,NaN,415.120000,369.660000
NaN,NaN,NaN,NaN,415.120000,369.640000
NaN,NaN,NaN,NaN,415.200000,369.630000
NaN,NaN,NaN,NaN,415.150000,369.620000
NaN,NaN,NaN,NaN,415.150000,369.580000
NaN,NaN,NaN,NaN,415.160000,369.570000
NaN,NaN,NaN,NaN,415.170000,369.580000
NaN,NaN,NaN,NaN,415.140000,369.560000
NaN,NaN,NaN,NaN,415.160000,369.540000
NaN,NaN,NaN,NaN,415.170000,369.540000
NaN,NaN,NaN,NaN,415.120000,369.540000
NaN,NaN,NaN,NaN,415.140000,369.520000
NaN,NaN,NaN,NaN,415.150000,369.530000
NaN,NaN,NaN,NaN,415.150000,369.440000
NaN,NaN,NaN,NaN,415.170000,369.230000
NaN,NaN,NaN,NaN,415.160000,369.230000
NaN,NaN,NaN,NaN,415.170000,369.230000
NaN,NaN,NaN,NaN,415.210000,369.220000
NaN,NaN,NaN,NaN,415.210000,369.230000
NaN,NaN,NaN,NaN,415.180000,369.280000
NaN,NaN,NaN,NaN,415.170000,369.250000
NaN,NaN,NaN,NaN,415.180000,369.250000
NaN,NaN,NaN,NaN,415.210000,369.250000
NaN,NaN,NaN,NaN,415.210000,369.240000
NaN,NaN,NaN,NaN,415.190000,369.250000
NaN,NaN,NaN,NaN,415.210000,369.230000
NaN,NaN,NaN,NaN,415.180000,369.280000
NaN,NaN,NaN,NaN,415.190000,369.300000
NaN,NaN,NaN,NaN,415.190000,369.300000
NaN,NaN,NaN,NaN,415.200000,369.300000
NaN,NaN,NaN,NaN,415.160000,369.290000
NaN,NaN,NaN,NaN,415.180000,369.310000
NaN,NaN,NaN,NaN,415.190000,369.280000
NaN,NaN,NaN,NaN,415.190000,369.310000
NaN,NaN,NaN,NaN,415.210000,369.270000
NaN,NaN,NaN,NaN,415.210000,369.290000
NaN,NaN,NaN,NaN,415.210000,369.280000
NaN,NaN,NaN,NaN,415.230000,369.300000
NaN,NaN,NaN,NaN,415.210000,369.320000
NaN,NaN,NaN,NaN,415.230000,369.310000
NaN,NaN,NaN,NaN,415.240000,369.320000
NaN,NaN,NaN,NaN,415.220000,369.350000
NaN,NaN,NaN,NaN,415.230000,369.350000
NaN,NaN,NaN,NaN,415.240000,369.390000
NaN,NaN,NaN,NaN,415.240000,369.360000
NaN,NaN,NaN,NaN,415.180000,369.380000
NaN,NaN,NaN,NaN,415.210000,369.370000
NaN,NaN,NaN,NaN,416.403554,368.361046
