pt1_cam1_X,pt1_cam1_Y,pt2_cam1_X,pt2_cam1_Y,pt3_cam1_X,pt3_cam1_Y
NaN,NaN,277.424080,520.321942,293.477382,362.789540
NaN,NaN,276.940000,520.010000,293.000000,363.010000
NaN,NaN,276.960000,520.110000,292.990000,362.990000
NaN,NaN,277.010000,520.030000,292.990000,362.990000
NaN,NaN,276.980000,520.010000,292.990000,363.000000
NaN,NaN,276.950000,520.010000,292.990000,363.000000
NaN,NaN,277.010000,520.000000,293.000000,362.990000
NaN,NaN,277.010000,520.050000,293.000000,363.000000
NaN,NaN,277.060000,520.010000,292.990000,363.000000
NaN,NaN,277.010000,520.010000,292.980000,363.010000
NaN,NaN,277.040000,520.000000,292.990000,363.000000
NaN,NaN,277.030000,519.960000,292.990000,363.010000
NaN,NaN,277.080000,519.920000,292.980000,363.010000
NaN,NaN,277.090000,519.980000,292.980000,363.010000
NaN,NaN,277.020000,520.010000,292.980000,363.010000
NaN,NaN,277.020000,519.970000,292.970000,363.000000
NaN,NaN,277.010000,519.940000,292.960000,362.990000
NaN,NaN,276.980000,520.020000,292.950000,363.010000
NaN,NaN,277.060000,519.920000,292.940000,363.000000
NaN,NaN,277.050000,519.960000,292.980000,363.020000
NaN,NaN,277.070000,519.970000,292.950000,363.020000
NaN,NaN,277.030000,519.960000,292.940000,363.020000
NaN,NaN,277.060000,519.980000,292.950000,363.020000
NaN,NaN,277.140000,519.970000,292.960000,363.020000
NaN,NaN,277.120000,519.950000,292.960000,363.040000
NaN,NaN,277.110000,519.980000,292.960000,363.040000
NaN,NaN,277.110000,519.940000,292.950000,363.040000
NaN,NaN,277.070000,519.900000,292.930000,363.050000
NaN,NaN,277.040000,519.940000,292.940000,363.050000
NaN,NaN,277.040000,520.000000,292.940000,363.050000
NaN,NaN,277.090000,519.910000,292.910000,363.050000
NaN,NaN,277.100000,519.920000,292.930000,363.060000
NaN,NaN,277.100000,519.930000,292.950000,363.060000
NaN,NaN,277.100000,519.950000,292.950000,363.070000
NaN,NaN,277.170000,519.990000,292.930000,363.060000
NaN,NaN,277.170000,519.930000,292.950000,363.070000
NaN,NaN,277.200000,519.920000,292.930000,363.080000
NaN,NaN,277.160000,519.920000,292.930000,363.090000
NaN,NaN,277.100000,519.910000,292.930000,363.090000
NaN,NaN,277.140000,519.920000,292.930000,363.080000
NaN,NaN,277.130000,519.960000,292.920000,363.090000
NaN,NaN,277.250000,519.960000,292.930000,363.100000
NaN,NaN,277.270000,519.940000,292.930000,363.080000
NaN,NaN,277.250000,519.900000,292.930000,363.100000
NaN,NaN,277.150000,519.970000,292.910000,363.130000
NaN,NaN,277.150000,519.900000,292.920000,363.180000
NaN,NaN,277.150000,519.850000,292.920000,363.180000
NaN,NaN,277.200000,519.910000,292.910000,363.180000
NaN,NaN,277.220000,519.860000,292.940000,363.180000
NaN,NaN,277.190000,519.900000,292.940000,363.180000
NaN,NaN,277.200000,519.830000,292.910000,363.190000
NaN,NaN,277.250000,519.890000,292.910000,363.200000
NaN,NaN,277.260000,519.840000,292.920000,363.220000
NaN,NaN,277.380000,519.860000,292.920000,363.220000
NaN,NaN,277.390000,519.880000,292.930000,363.210000
NaN,NaN,277.250000,519.880000,292.930000,363.230000
NaN,NaN,277.460000,519.860000,292.920000,363.230000
NaN,NaN,277.540000,519.890000,292.920000,363.240000
NaN,NaN,277.430000,519.790000,292.930000,363.250000
NaN,NaN,277.300000,519.890000,292.930000,363.270000
NaN,NaN,277.210000,519.870000,292.920000,363.260000
NaN,NaN,277.140000,519.900000,292.920000,363.270000
NaN,NaN,277.230000,519.860000,292.930000,363.290000
NaN,NaN,277.300000,519.840000,292.910000,363.270000
NaN,NaN,277.300000,519.850000,292.910000,363.290000
NaN,NaN,277.240000,519.950000,292.930000,363.290000
NaN,NaN,277.270000,519.900000,292.890000,363.300000
NaN,NaN,277.290000,519.880000,292.890000,363.330000
NaN,NaN,277.320000,519.880000,292.900000,363.330000
NaN,NaN,277.310000,519.910000,292.910000,363.330000
NaN,NaN,277.300000,519.830000,292.910000,363.340000
NaN,NaN,277.290000,519.780000,292.870000,363.350000
NaN,NaN,277.360000,519.790000,292.890000,363.340000
NaN,NaN,277.420000,519.880000,292.870000,363.370000
NaN,NaN,277.290000,519.840000,292.860000,363.380000
NaN,NaN,277.150000,519.890000,292.850000,363.430000
NaN,NaN,277.410000,519.820000,292.850000,363.410000
NaN,NaN,277.480000,519.720000,292.850000,363.430000
NaN,NaN,277.460000,519.730000,292.860000,363.400000
NaN,NaN,277.260000,519.760000,292.840000,363.400000
NaN,NaN,277.250000,519.820000,292.850000,363.400000
NaN,NaN,277.280000,519.810000,292.830000,363.390000
NaN,NaN,277.380000,519.710000,292.820000,363.420000
NaN,NaN,277.220000,519.780000,292.810000,363.440000
NaN,NaN,277.270000,519.800000,292.810000,363.450000
NaN,NaN,277.200000,519.810000,292.820000,363.430000
NaN,NaN,277.340000,519.800000,292.820000,363.440000
NaN,NaN,277.230000,519.760000,292.780000,363.420000
NaN,NaN,277.320000,519.730000,292.770000,363.480000
NaN,NaN,277.310000,519.740000,292.760000,363.630000
NaN,NaN,277.320000,519.820000,292.720000,363.620000
NaN,NaN,277.360000,519.710000,292.760000,363.610000
NaN,NaN,277.330000,519.760000,292.800000,363.580000
NaN,NaN,277.330000,519.690000,292.810000,363.570000
NaN,NaN,277.380000,519.690000,292.840000,363.600000
NaN,NaN,277.330000,519.680000,292.840000,363.620000
NaN,NaN,277.390000,519.660000,292.810000,363.630000
NaN,NaN,277.290000,519.710000,292.790000,363.580000
NaN,NaN,277.310000,519.690000,292.780000,363.590000
NaN,NaN,277.290000,519.660000,292.820000,363.600000
NaN,NaN,277.260000,519.770000,292.780000,363.640000
NaN,NaN,277.300000,519.730000,292.790000,363.630000
NaN,NaN,277.340000,519.740000,292.770000,363.630000
NaN,NaN,277.320000,519.740000,292.790000,363.650000
NaN,NaN,277.350000,519.720000,292.780000,363.660000
NaN,NaN,277.370000,519.670000,292.670000,363.700000
NaN,NaN,277.320000,519.740000,292.710000,363.700000
NaN,NaN,277.720000,519.310000,292.720000,363.680000
NaN,NaN,277.980000,518.870000,292.750000,363.690000
NaN,NaN,278.140000,518.350000,292.730000,363.690000
NaN,NaN,278.030000,518.380000,292.750000,363.660000
NaN,NaN,277.920000,518.550000,292.690000,363.720000
NaN,NaN,277.880000,518.950000,292.740000,363.680000
NaN,NaN,277.870000,518.980000,292.720000,363.680000
NaN,NaN,277.740000,519.000000,292.760000,363.670000
NaN,NaN,277.650000,519.070000,292.750000,363.700000
NaN,NaN,277.820000,519.030000,292.740000,363.730000
NaN,NaN,277.840000,519.000000,292.760000,363.690000
NaN,NaN,278.070000,518.970000,292.790000,363.710000
NaN,NaN,278.070000,518.880000,292.760000,363.710000
NaN,NaN,278.010000,518.930000,292.800000,363.720000
NaN,NaN,277.820000,518.830000,292.720000,363.780000
NaN,NaN,277.890000,518.780000,292.750000,363.760000
NaN,NaN,277.890000,518.890000,292.780000,363.730000
NaN,NaN,277.960000,518.860000,292.790000,363.690000
NaN,NaN,277.950000,518.830000,292.780000,363.710000
NaN,NaN,278.030000,518.930000,292.790000,363.740000
NaN,NaN,278.080000,518.860000,292.740000,363.750000
NaN,NaN,278.180000,518.880000,292.740000,363.660000
NaN,NaN,278.120000,518.810000,292.760000,363.690000
NaN,NaN,278.090000,518.830000,292.790000,363.660000
NaN,NaN,278.000000,518.850000,293.000000,363.650000
NaN,NaN,278.050000,518.790000,293.000000,363.670000
NaN,NaN,278.020000,518.890000,293.000000,363.680000
NaN,NaN,278.060000,518.820000,292.790000,363.710000
NaN,NaN,278.160000,518.800000,292.750000,363.780000
NaN,NaN,278.170000,518.730000,292.800000,363.710000
NaN,NaN,278.190000,518.800000,292.830000,363.730000
NaN,NaN,278.010000,518.850000,290.470000,364.170000
NaN,NaN,278.200000,518.650000,290.270000,364.480000
NaN,NaN,278.140000,518.720000,290.290000,364.590000
NaN,NaN,278.340000,518.640000,290.240000,364.640000
NaN,NaN,278.110000,518.700000,290.350000,364.590000
NaN,NaN,277.940000,518.880000,290.300000,364.560000
NaN,NaN,277.900000,518.890000,290.300000,364.670000
NaN,NaN,278.080000,518.740000,290.170000,364.720000
NaN,NaN,278.130000,518.750000,290.120000,364.710000
NaN,NaN,278.070000,518.770000,290.190000,364.780000
NaN,NaN,278.080000,518.730000,290.110000,364.750000
NaN,NaN,278.180000,518.700000,290.110000,364.760000
NaN,NaN,278.230000,518.620000,290.290000,364.830000
NaN,NaN,278.350000,518.610000,290.070000,364.860000
NaN,NaN,278.210000,518.820000,290.040000,364.840000
NaN,NaN,278.170000,518.740000,289.970000,364.840000
NaN,NaN,278.220000,518.690000,289.940000,364.880000
NaN,NaN,278.180000,518.690000,290.000000,364.850000
NaN,NaN,278.260000,518.650000,290.030000,364.870000
NaN,NaN,278.280000,518.740000,290.010000,364.860000
NaN,NaN,278.190000,518.670000,290.030000,364.930000
NaN,NaN,278.070000,518.880000,290.050000,364.950000
NaN,NaN,278.300000,518.720000,289.950000,364.970000
NaN,NaN,278.370000,518.690000,290.070000,364.980000
NaN,NaN,278.460000,518.750000,289.960000,365.000000
NaN,NaN,278.710000,518.650000,289.960000,365.010000
NaN,NaN,278.690000,518.620000,290.010000,364.990000
NaN,NaN,278.310000,518.600000,290.040000,365.120000
NaN,NaN,278.200000,518.650000,289.990000,365.130000
NaN,NaN,278.230000,518.580000,289.930000,365.150000
NaN,NaN,278.310000,518.650000,289.900000,365.200000
NaN,NaN,278.250000,518.780000,289.950000,365.200000
NaN,NaN,278.210000,518.740000,289.940000,365.220000
NaN,NaN,278.180000,518.700000,289.860000,365.250000
NaN,NaN,278.510000,518.330000,289.880000,365.320000
NaN,NaN,278.750000,518.030000,289.930000,365.330000
NaN,NaN,278.820000,518.070000,289.880000,365.290000
NaN,NaN,278.670000,518.010000,289.910000,365.380000
NaN,NaN,278.770000,518.050000,289.870000,365.340000
NaN,NaN,278.680000,518.060000,289.800000,365.340000
NaN,NaN,278.780000,518.020000,289.780000,365.350000
NaN,NaN,278.660000,518.000000,289.740000,365.420000
NaN,NaN,278.870000,517.990000,289.930000,365.490000
NaN,NaN,278.860000,518.060000,289.810000,365.620000
NaN,NaN,278.780000,518.050000,289.790000,365.670000
NaN,NaN,278.820000,518.070000,289.780000,365.700000
NaN,NaN,278.830000,517.980000,289.880000,365.730000
NaN,NaN,278.830000,518.090000,289.870000,365.750000
NaN,NaN,278.900000,518.000000,289.820000,365.770000
NaN,NaN,278.800000,518.030000,289.830000,365.810000
NaN,NaN,278.910000,518.010000,289.820000,365.820000
NaN,NaN,278.870000,518.050000,289.800000,365.820000
NaN,NaN,278.820000,518.030000,289.840000,365.870000
NaN,NaN,278.840000,517.990000,289.790000,365.930000
NaN,NaN,278.930000,518.050000,289.880000,365.880000
NaN,NaN,278.890000,517.970000,289.810000,365.900000
NaN,NaN,278.900000,518.030000,289.830000,365.950000
NaN,NaN,278.880000,517.980000,289.790000,366.010000
NaN,NaN,278.860000,517.960000,289.650000,365.990000
NaN,NaN,278.830000,517.990000,289.760000,366.070000
NaN,NaN,278.910000,517.960000,289.730000,366.080000
NaN,NaN,278.930000,517.980000,289.740000,366.100000
NaN,NaN,278.960000,517.910000,289.690000,366.090000
NaN,NaN,278.950000,517.970000,289.650000,366.140000
NaN,NaN,278.940000,517.970000,289.630000,366.150000
NaN,NaN,278.990000,518.010000,289.680000,366.160000
NaN,NaN,278.940000,517.980000,289.690000,366.250000
NaN,NaN,278.810000,518.000000,289.650000,366.260000
NaN,NaN,278.760000,518.000000,289.750000,366.240000
NaN,NaN,278.890000,517.970000,289.680000,366.270000
NaN,NaN,278.950000,518.020000,289.590000,366.280000
NaN,NaN,278.880000,517.950000,289.680000,366.320000
NaN,NaN,278.980000,517.960000,289.710000,366.310000
NaN,NaN,278.850000,517.950000,289.630000,366.320000
NaN,NaN,278.930000,517.930000,289.660000,366.330000
NaN,NaN,278.950000,517.930000,289.630000,366.360000
NaN,NaN,279.000000,517.980000,289.600000,366.340000
NaN,NaN,278.950000,517.940000,289.620000,366.370000
NaN,NaN,278.960000,517.970000,289.560000,366.350000
NaN,NaN,278.860000,517.920000,289.530000,366.390000
NaN,NaN,278.950000,517.950000,289.330000,366.470000
NaN,NaN,278.980000,517.960000,289.190000,366.660000
NaN,NaN,278.960000,517.920000,289.140000,366.690000
NaN,NaN,278.970000,517.890000,289.200000,366.750000
NaN,NaN,278.940000,517.910000,289.220000,366.720000
NaN,NaN,278.890000,517.960000,289.210000,366.700000
NaN,NaN,278.910000,517.940000,289.190000,366.640000
NaN,NaN,278.990000,517.920000,289.130000,366.740000
NaN,NaN,279.080000,517.880000,289.140000,366.720000
NaN,NaN,278.970000,517.830000,289.080000,366.800000
NaN,NaN,278.950000,517.910000,289.130000,366.710000
NaN,NaN,278.810000,517.940000,289.090000,366.750000
NaN,NaN,278.780000,517.880000,289.140000,366.710000
NaN,NaN,278.870000,517.880000,289.130000,366.720000
NaN,NaN,279.040000,517.970000,289.100000,366.710000
NaN,NaN,278.990000,517.880000,289.080000,366.720000
NaN,NaN,279.000000,517.850000,289.090000,366.710000
NaN,NaN,278.990000,517.870000,289.010000,366.730000
NaN,NaN,279.040000,517.870000,288.960000,366.710000
NaN,NaN,278.930000,517.800000,289.020000,366.750000
NaN,NaN,278.990000,517.890000,288.990000,366.720000
NaN,NaN,279.050000,517.830000,288.930000,366.760000
NaN,NaN,279.050000,517.750000,288.990000,366.800000
NaN,NaN,279.070000,517.850000,288.970000,366.790000
NaN,NaN,278.980000,517.850000,288.920000,366.820000
NaN,NaN,279.090000,517.860000,288.910000,366.790000
NaN,NaN,279.040000,517.820000,288.910000,366.800000
NaN,NaN,279.060000,517.810000,288.910000,366.790000
NaN,NaN,279.050000,517.820000,288.900000,366.770000
NaN,NaN,279.050000,517.790000,288.940000,366.780000
NaN,NaN,279.040000,517.730000,288.910000,366.790000
NaN,NaN,279.020000,517.770000,288.880000,366.770000
NaN,NaN,279.000000,517.730000,288.870000,366.810000
NaN,NaN,279.000000,517.750000,288.860000,366.780000
NaN,NaN,278.980000,517.680000,288.890000,366.730000
NaN,NaN,278.980000,517.670000,288.910000,366.740000
NaN,NaN,278.940000,517.740000,288.860000,366.740000
NaN,NaN,279.040000,517.850000,288.850000,366.790000
NaN,NaN,278.980000,517.760000,288.760000,366.780000
NaN,NaN,279.110000,517.780000,288.780000,366.760000
NaN,NaN,278.990000,517.650000,288.790000,366.730000
NaN,NaN,279.030000,517.640000,288.700000,366.810000
NaN,NaN,278.940000,517.670000,288.770000,366.810000
NaN,NaN,278.880000,517.740000,288.770000,366.820000
NaN,NaN,278.950000,517.700000,288.820000,366.750000
NaN,NaN,278.930000,517.750000,288.730000,366.780000
NaN,NaN,278.940000,517.760000,288.700000,366.770000
NaN,NaN,278.920000,517.740000,288.710000,366.740000
NaN,NaN,279.010000,517.740000,288.710000,366.770000
NaN,NaN,279.020000,517.680000,288.740000,366.800000
NaN,NaN,278.880000,517.870000,288.670000,366.800000
NaN,NaN,279.020000,517.750000,288.570000,366.840000
NaN,NaN,278.900000,517.700000,288.360000,366.940000
NaN,NaN,278.910000,517.770000,288.390000,366.890000
NaN,NaN,278.910000,517.720000,288.420000,366.830000
NaN,NaN,278.800000,517.640000,288.410000,366.860000
NaN,NaN,278.970000,517.650000,288.360000,366.870000
NaN,NaN,278.950000,517.640000,288.320000,366.890000
NaN,NaN,278.930000,517.660000,288.290000,366.910000
NaN,NaN,278.920000,517.670000,288.300000,366.920000
NaN,NaN,278.920000,517.600000,288.200000,367.000000
NaN,NaN,278.940000,517.640000,288.190000,366.960000
NaN,NaN,278.850000,517.620000,288.250000,366.910000
NaN,NaN,278.890000,517.670000,288.210000,366.940000
NaN,NaN,278.970000,517.680000,288.290000,366.880000
NaN,NaN,279.020000,517.620000,288.230000,366.920000
NaN,NaN,278.900000,517.670000,288.170000,366.920000
NaN,NaN,279.030000,517.640000,288.220000,366.850000
NaN,NaN,278.880000,517.550000,288.240000,366.890000
NaN,NaN,278.950000,517.000000,288.170000,366.890000
NaN,NaN,278.940000,516.970000,288.250000,366.810000
NaN,NaN,278.930000,517.000000,288.200000,366.800000
NaN,NaN,278.870000,517.010000,288.190000,366.780000
NaN,NaN,278.920000,516.980000,288.170000,366.800000
NaN,NaN,278.930000,516.970000,288.200000,366.810000
NaN,NaN,278.790000,516.960000,288.190000,366.790000
NaN,NaN,278.900000,516.970000,288.150000,366.750000
NaN,NaN,278.970000,516.970000,288.120000,366.760000
NaN,NaN,279.050000,517.000000,288.010000,366.800000
NaN,NaN,279.000000,517.050000,287.970000,366.780000
NaN,NaN,278.970000,516.960000,287.980000,366.760000
NaN,NaN,278.970000,516.950000,288.000000,366.720000
NaN,NaN,278.710000,516.970000,287.940000,366.660000
NaN,NaN,278.800000,516.950000,287.960000,366.660000
NaN,NaN,278.830000,516.980000,287.890000,366.660000
NaN,NaN,278.720000,516.940000,287.850000,366.570000
NaN,NaN,278.720000,516.930000,287.980000,366.280000
NaN,NaN,278.770000,516.860000,287.770000,366.370000
NaN,NaN,278.820000,516.830000,287.780000,366.350000
NaN,NaN,278.880000,516.860000,287.810000,366.270000
NaN,NaN,279.010000,516.870000,287.760000,366.250000
NaN,NaN,278.920000,516.950000,287.720000,366.250000
NaN,NaN,278.850000,516.950000,287.610000,366.240000
NaN,NaN,278.890000,516.970000,287.500000,366.170000
NaN,NaN,278.700000,516.880000,287.530000,366.160000
NaN,NaN,278.840000,516.910000,287.400000,366.140000
NaN,NaN,278.930000,516.980000,287.460000,366.130000
NaN,NaN,278.830000,516.920000,287.340000,366.130000
NaN,NaN,278.840000,516.920000,287.380000,366.050000
NaN,NaN,278.850000,516.890000,287.220000,366.100000
NaN,NaN,278.810000,516.890000,287.360000,365.980000
NaN,NaN,278.670000,516.890000,287.190000,366.030000
NaN,NaN,278.720000,516.780000,287.260000,366.040000
NaN,NaN,278.730000,516.930000,287.160000,366.010000
NaN,NaN,278.860000,516.770000,287.120000,365.950000
NaN,NaN,278.830000,516.830000,287.080000,365.940000
NaN,NaN,278.930000,516.810000,287.100000,365.990000
NaN,NaN,278.910000,516.840000,287.050000,365.920000
NaN,NaN,278.800000,516.940000,287.060000,365.960000
NaN,NaN,278.740000,517.010000,287.070000,365.940000
NaN,NaN,278.870000,516.910000,286.970000,365.900000
NaN,NaN,278.880000,516.870000,286.970000,365.920000
NaN,NaN,278.860000,516.780000,286.960000,365.920000
NaN,NaN,278.870000,516.780000,286.930000,365.930000
NaN,NaN,278.820000,516.710000,287.010000,365.910000
NaN,NaN,278.890000,516.650000,286.900000,365.930000
NaN,NaN,278.940000,516.770000,286.990000,365.950000
NaN,NaN,278.790000,516.680000,286.950000,365.970000
NaN,NaN,278.780000,516.730000,286.890000,365.940000
NaN,NaN,278.840000,516.750000,286.940000,365.950000
NaN,NaN,278.750000,516.820000,286.860000,365.920000
NaN,NaN,278.960000,516.810000,287.030000,365.920000
NaN,NaN,278.860000,516.790000,287.090000,365.930000
NaN,NaN,278.960000,516.800000,287.080000,365.910000
NaN,NaN,278.930000,516.810000,286.940000,365.910000
NaN,NaN,278.880000,516.750000,286.910000,365.900000
NaN,NaN,278.870000,516.710000,286.970000,365.900000
NaN,NaN,278.990000,516.630000,286.880000,365.960000
NaN,NaN,278.860000,516.610000,286.890000,365.920000
NaN,NaN,278.850000,516.610000,286.800000,365.920000
NaN,NaN,278.860000,516.480000,286.850000,365.950000
NaN,NaN,278.910000,516.060000,286.830000,365.900000
NaN,NaN,278.910000,516.060000,286.870000,365.890000
NaN,NaN,278.900000,516.010000,286.760000,365.920000
NaN,NaN,278.890000,516.120000,286.760000,365.900000
NaN,NaN,278.990000,516.110000,286.740000,365.920000
NaN,NaN,278.950000,516.100000,286.710000,365.940000
NaN,NaN,278.900000,516.130000,286.750000,365.960000
NaN,NaN,278.940000,516.080000,286.770000,365.930000
NaN,NaN,278.920000,516.080000,286.710000,365.900000
NaN,NaN,278.910000,516.090000,286.710000,365.890000
NaN,NaN,278.940000,516.060000,286.700000,365.900000
NaN,NaN,278.880000,516.000000,286.490000,366.010000
NaN,NaN,278.810000,515.970000,286.810000,365.950000
NaN,NaN,278.820000,515.990000,286.620000,365.980000
NaN,NaN,278.960000,516.050000,286.600000,365.970000
NaN,NaN,278.920000,516.110000,286.600000,365.940000
NaN,NaN,278.890000,516.090000,286.550000,365.980000
NaN,NaN,279.060000,516.070000,286.550000,365.990000
NaN,NaN,278.950000,516.110000,286.530000,366.030000
NaN,NaN,278.830000,516.000000,286.450000,366.040000
NaN,NaN,278.980000,515.990000,286.620000,366.090000
NaN,NaN,278.880000,515.980000,286.320000,366.090000
NaN,NaN,278.840000,515.990000,286.580000,366.090000
NaN,NaN,278.960000,515.980000,286.320000,366.050000
NaN,NaN,278.940000,515.900000,286.540000,366.090000
NaN,NaN,278.830000,515.950000,286.250000,366.070000
NaN,NaN,279.160000,515.910000,286.310000,366.090000
NaN,NaN,279.050000,515.880000,286.380000,366.060000
NaN,NaN,279.070000,515.910000,286.350000,366.120000
NaN,NaN,279.090000,515.920000,286.250000,366.100000
NaN,NaN,279.050000,515.960000,286.180000,366.130000
NaN,NaN,279.010000,515.990000,286.180000,366.110000
NaN,NaN,279.020000,515.990000,286.140000,366.110000
NaN,NaN,279.020000,515.930000,286.030000,366.140000
NaN,NaN,279.030000,515.940000,285.890000,366.180000
NaN,NaN,279.010000,515.940000,285.930000,366.200000
NaN,NaN,278.910000,515.880000,285.810000,366.180000
NaN,NaN,279.010000,515.780000,285.770000,366.160000
NaN,NaN,279.080000,515.870000,285.580000,366.180000
NaN,NaN,279.150000,515.760000,285.590000,366.230000
NaN,NaN,279.040000,515.890000,285.420000,366.240000
NaN,NaN,278.890000,515.740000,285.390000,366.250000
NaN,NaN,279.050000,515.690000,285.380000,366.200000
NaN,NaN,279.000000,515.670000,285.420000,366.230000
NaN,NaN,279.030000,515.660000,285.330000,366.230000
NaN,NaN,279.000000,515.600000,285.290000,366.240000
NaN,NaN,279.160000,515.650000,285.230000,366.270000
NaN,NaN,279.100000,515.540000,285.120000,366.340000
NaN,NaN,279.070000,515.020000,285.090000,366.310000
NaN,NaN,279.040000,515.090000,285.060000,366.330000
NaN,NaN,279.170000,515.110000,285.090000,366.370000
NaN,NaN,279.060000,515.080000,285.100000,366.330000
NaN,NaN,279.090000,515.060000,285.030000,366.410000
NaN,NaN,279.130000,515.030000,284.860000,366.480000
NaN,NaN,279.260000,514.920000,284.750000,366.710000
NaN,NaN,279.150000,515.000000,284.750000,366.700000
NaN,NaN,279.070000,515.060000,284.800000,366.650000
NaN,NaN,279.050000,515.000000,284.790000,366.720000
NaN,NaN,279.130000,514.940000,284.660000,366.730000
NaN,NaN,279.060000,514.960000,284.720000,366.750000
NaN,NaN,279.020000,514.970000,284.700000,366.710000
NaN,NaN,279.290000,514.980000,284.630000,366.770000
NaN,NaN,279.160000,514.960000,284.580000,366.760000
NaN,NaN,279.020000,514.910000,284.590000,366.760000
NaN,NaN,279.020000,514.950000,284.380000,366.790000
NaN,NaN,279.140000,514.840000,284.320000,366.760000
NaN,NaN,279.070000,514.890000,284.380000,366.840000
NaN,NaN,279.130000,514.900000,284.260000,366.750000
NaN,NaN,279.160000,514.900000,284.150000,366.810000
NaN,NaN,279.100000,514.870000,284.150000,366.820000
NaN,NaN,279.180000,514.880000,284.030000,366.840000
NaN,NaN,278.920000,514.990000,283.900000,366.900000
NaN,NaN,278.950000,514.930000,283.950000,366.880000
NaN,NaN,279.080000,514.860000,283.880000,366.850000
NaN,NaN,279.040000,514.790000,283.780000,366.860000
NaN,NaN,279.020000,514.790000,283.670000,366.860000
NaN,NaN,279.000000,514.770000,283.710000,366.860000
NaN,NaN,279.020000,514.850000,283.530000,366.910000
NaN,NaN,279.020000,514.890000,283.800000,366.880000
NaN,NaN,278.810000,514.830000,283.460000,366.960000
NaN,NaN,278.950000,514.730000,283.610000,366.920000
NaN,NaN,279.010000,514.680000,283.640000,366.980000
NaN,NaN,278.970000,514.810000,283.570000,366.940000
NaN,NaN,279.030000,514.710000,283.570000,366.970000
NaN,NaN,279.100000,514.670000,283.550000,366.980000
NaN,NaN,278.800000,514.720000,283.550000,367.000000
NaN,NaN,279.120000,514.710000,283.410000,367.020000
NaN,NaN,279.040000,514.710000,283.470000,366.990000
NaN,NaN,278.960000,514.550000,283.720000,366.940000
NaN,NaN,278.840000,514.120000,283.590000,366.980000
NaN,NaN,278.980000,514.010000,283.640000,366.970000
NaN,NaN,279.060000,514.020000,283.560000,366.960000
NaN,NaN,279.110000,514.080000,283.360000,366.980000
NaN,NaN,279.000000,514.060000,283.590000,366.980000
NaN,NaN,279.020000,513.990000,283.390000,367.050000
NaN,NaN,279.020000,514.070000,283.650000,367.000000
NaN,NaN,279.050000,513.990000,283.450000,367.020000
NaN,NaN,279.140000,513.970000,283.500000,367.020000
NaN,NaN,279.070000,513.980000,283.240000,367.070000
NaN,NaN,279.020000,514.030000,283.370000,367.080000
NaN,NaN,279.100000,513.990000,283.290000,367.060000
NaN,NaN,279.020000,513.910000,283.250000,367.080000
NaN,NaN,278.980000,513.940000,283.300000,367.080000
NaN,NaN,278.990000,513.930000,283.210000,367.050000
NaN,NaN,278.960000,513.920000,283.190000,366.990000
NaN,NaN,278.940000,513.960000,283.080000,367.160000
NaN,NaN,279.000000,513.990000,283.160000,367.090000
NaN,NaN,279.000000,513.950000,282.690000,367.150000
NaN,NaN,279.010000,514.000000,283.080000,367.100000
NaN,NaN,278.910000,513.940000,283.130000,367.090000
NaN,NaN,279.000000,513.920000,283.090000,367.150000
NaN,NaN,278.970000,513.910000,282.930000,367.260000
NaN,NaN,279.010000,513.810000,282.880000,367.220000
NaN,NaN,278.980000,513.970000,282.770000,367.210000
NaN,NaN,278.920000,513.870000,282.730000,367.240000
NaN,NaN,278.810000,513.890000,282.790000,367.170000
NaN,NaN,279.010000,513.790000,283.200000,367.110000
NaN,NaN,278.890000,513.820000,283.040000,367.080000
NaN,NaN,278.950000,513.870000,283.160000,367.170000
NaN,NaN,278.890000,513.800000,283.220000,367.060000
NaN,NaN,278.840000,513.770000,283.120000,367.070000
NaN,NaN,278.830000,513.750000,282.950000,367.150000
NaN,NaN,278.960000,513.770000,283.020000,367.140000
NaN,NaN,278.880000,513.760000,282.890000,367.210000
NaN,NaN,278.820000,513.640000,282.790000,367.270000
NaN,NaN,278.960000,513.670000,282.930000,367.190000
NaN,NaN,278.970000,513.700000,282.860000,367.240000
NaN,NaN,278.910000,513.630000,282.820000,367.250000
NaN,NaN,278.880000,513.610000,282.810000,367.230000
NaN,NaN,278.830000,513.620000,282.730000,367.270000
NaN,NaN,278.850000,513.640000,282.600000,367.300000
NaN,NaN,278.960000,513.710000,282.680000,367.310000
NaN,NaN,278.860000,513.610000,282.320000,367.340000
NaN,NaN,278.820000,513.590000,282.430000,367.360000
NaN,NaN,278.870000,513.580000,282.450000,367.380000
NaN,NaN,278.810000,513.290000,282.460000,367.360000
NaN,NaN,278.850000,513.010000,282.380000,367.390000
NaN,NaN,278.870000,512.940000,282.510000,367.340000
NaN,NaN,278.830000,512.920000,282.400000,367.310000
NaN,NaN,278.880000,512.910000,282.440000,367.310000
NaN,NaN,278.920000,512.880000,282.400000,367.370000
NaN,NaN,278.700000,512.920000,282.140000,367.450000
NaN,NaN,278.890000,512.970000,281.910000,367.730000
NaN,NaN,278.900000,512.820000,281.980000,367.690000
NaN,NaN,278.770000,512.880000,281.890000,367.770000
NaN,NaN,278.860000,512.950000,281.860000,367.730000
NaN,NaN,278.910000,512.900000,281.880000,367.720000
NaN,NaN,278.730000,512.950000,281.990000,367.730000
NaN,NaN,278.830000,512.800000,281.970000,367.670000
NaN,NaN,278.810000,512.900000,281.790000,367.810000
NaN,NaN,278.800000,512.850000,281.770000,367.820000
NaN,NaN,278.780000,512.880000,281.850000,367.770000
NaN,NaN,278.810000,512.850000,281.840000,367.800000
NaN,NaN,278.490000,512.820000,281.650000,367.890000
NaN,NaN,278.610000,512.850000,281.670000,367.850000
NaN,NaN,278.890000,512.820000,281.530000,367.870000
NaN,NaN,278.700000,512.690000,281.160000,368.010000
NaN,NaN,278.810000,512.740000,281.270000,367.920000
NaN,NaN,278.820000,512.780000,281.150000,367.980000
NaN,NaN,278.690000,512.840000,281.330000,367.870000
NaN,NaN,278.870000,512.830000,279.600000,368.570000
NaN,NaN,278.960000,512.870000,280.800000,368.560000
NaN,NaN,278.960000,512.760000,281.630000,367.910000
NaN,NaN,278.770000,512.850000,281.930000,367.530000
NaN,NaN,278.810000,512.730000,281.850000,367.490000
NaN,NaN,278.890000,512.740000,281.820000,367.590000
NaN,NaN,278.860000,512.690000,281.640000,367.880000
NaN,NaN,278.820000,512.690000,281.490000,367.900000
NaN,NaN,278.870000,512.760000,281.450000,367.920000
NaN,NaN,278.790000,512.740000,281.230000,368.010000
NaN,NaN,278.720000,512.860000,281.360000,367.970000
NaN,NaN,278.740000,512.730000,281.420000,367.960000
NaN,NaN,278.750000,512.670000,281.400000,367.930000
NaN,NaN,278.870000,512.680000,281.640000,367.860000
NaN,NaN,278.800000,512.560000,281.230000,367.960000
NaN,NaN,278.860000,512.220000,281.170000,368.000000
NaN,NaN,278.570000,512.100000,281.150000,368.050000
NaN,NaN,278.270000,512.090000,281.300000,368.000000
NaN,NaN,278.340000,512.030000,281.130000,368.060000
NaN,NaN,278.400000,512.070000,281.380000,367.960000
NaN,NaN,278.430000,512.000000,281.120000,368.000000
NaN,NaN,278.380000,512.040000,281.180000,368.040000
NaN,NaN,278.430000,512.030000,281.220000,368.000000
NaN,NaN,278.430000,511.980000,280.800000,368.120000
NaN,NaN,278.610000,512.010000,281.130000,368.020000
NaN,NaN,278.760000,511.930000,281.090000,368.020000
NaN,NaN,278.760000,511.920000,280.600000,368.140000
NaN,NaN,278.810000,511.940000,280.310000,368.230000
NaN,NaN,278.770000,512.000000,280.440000,368.140000
NaN,NaN,278.870000,511.970000,280.550000,368.100000
NaN,NaN,278.790000,511.910000,280.400000,368.120000
NaN,NaN,278.800000,511.960000,280.970000,367.980000
NaN,NaN,278.760000,511.950000,281.080000,367.940000
NaN,NaN,278.790000,511.890000,280.600000,368.080000
NaN,NaN,278.720000,511.860000,280.620000,368.040000
NaN,NaN,278.810000,511.880000,280.650000,368.070000
NaN,NaN,278.720000,511.740000,279.490000,368.390000
NaN,NaN,278.740000,511.740000,279.500000,368.510000
NaN,NaN,278.820000,511.700000,279.390000,368.640000
NaN,NaN,278.840000,511.870000,279.860000,368.540000
NaN,NaN,278.790000,511.880000,279.380000,368.470000
NaN,NaN,278.830000,511.800000,279.700000,368.380000
NaN,NaN,278.900000,511.860000,279.720000,368.400000
NaN,NaN,278.760000,511.770000,279.430000,368.400000
NaN,NaN,278.780000,511.640000,279.680000,368.420000
NaN,NaN,278.900000,511.820000,279.340000,368.470000
NaN,NaN,278.760000,511.630000,279.240000,368.910000
NaN,NaN,278.710000,511.670000,279.500000,368.690000
NaN,NaN,278.680000,511.640000,279.240000,368.730000
NaN,NaN,278.780000,511.670000,279.570000,368.590000
NaN,NaN,278.840000,511.640000,280.190000,368.190000
NaN,NaN,278.730000,511.770000,280.050000,368.310000
NaN,NaN,278.850000,511.650000,280.470000,368.160000
NaN,NaN,278.770000,511.450000,279.890000,368.280000
NaN,NaN,278.770000,511.050000,279.330000,368.560000
NaN,NaN,278.840000,511.080000,279.070000,368.940000
NaN,NaN,278.890000,511.020000,279.520000,368.760000
NaN,NaN,278.800000,511.020000,279.550000,368.710000
NaN,NaN,278.780000,511.070000,279.330000,368.780000
NaN,NaN,278.750000,510.930000,279.240000,368.690000
NaN,NaN,278.840000,510.990000,279.490000,368.570000
NaN,NaN,278.850000,511.090000,280.020000,368.320000
NaN,NaN,278.860000,510.960000,279.900000,368.350000
NaN,NaN,278.820000,511.010000,280.060000,368.270000
NaN,NaN,278.990000,511.050000,279.950000,368.290000
NaN,NaN,278.890000,511.030000,279.830000,368.380000
NaN,NaN,279.010000,510.920000,279.900000,368.320000
NaN,NaN,278.830000,510.990000,280.050000,368.270000
NaN,NaN,278.960000,510.970000,279.640000,368.370000
NaN,NaN,278.910000,510.870000,279.880000,368.330000
NaN,NaN,278.890000,510.960000,279.920000,368.310000
NaN,NaN,278.870000,510.960000,279.960000,368.300000
NaN,NaN,278.910000,511.010000,279.850000,368.300000
NaN,NaN,278.710000,510.940000,279.860000,368.220000
NaN,NaN,278.910000,510.980000,279.620000,368.270000
NaN,NaN,278.900000,510.920000,280.020000,368.230000
NaN,NaN,279.020000,510.760000,279.900000,368.260000
NaN,NaN,278.970000,510.760000,279.960000,368.240000
NaN,NaN,278.910000,510.760000,279.800000,368.290000
NaN,NaN,278.920000,510.820000,279.760000,368.310000
NaN,NaN,278.960000,510.790000,279.720000,368.340000
NaN,NaN,278.940000,510.740000,279.670000,368.380000
NaN,NaN,278.830000,510.800000,279.810000,368.270000
NaN,NaN,278.850000,510.710000,279.690000,368.370000
NaN,NaN,278.940000,510.720000,279.620000,368.360000
NaN,NaN,279.040000,510.730000,279.480000,368.370000
NaN,NaN,279.020000,510.810000,279.700000,368.360000
NaN,NaN,278.950000,510.760000,279.670000,368.370000
NaN,NaN,278.970000,510.740000,279.640000,368.380000
NaN,NaN,279.050000,510.720000,279.610000,368.310000
NaN,NaN,279.040000,510.830000,279.480000,368.420000
NaN,NaN,279.030000,510.750000,279.690000,368.300000
NaN,NaN,278.950000,510.690000,279.560000,368.300000
NaN,NaN,278.890000,510.700000,279.630000,368.340000
NaN,NaN,278.940000,510.740000,279.530000,368.320000
NaN,NaN,278.910000,510.490000,279.700000,368.300000
NaN,NaN,279.030000,510.160000,279.550000,368.300000
NaN,NaN,279.050000,510.080000,279.610000,368.290000
NaN,NaN,278.980000,510.030000,279.540000,368.250000
NaN,NaN,279.050000,510.070000,279.640000,368.270000
NaN,NaN,279.060000,510.060000,279.430000,368.280000
NaN,NaN,278.990000,509.940000,279.490000,368.300000
NaN,NaN,279.070000,510.050000,279.410000,368.270000
NaN,NaN,278.980000,509.960000,279.500000,368.280000
NaN,NaN,278.990000,510.020000,279.410000,368.260000
NaN,NaN,278.950000,509.980000,279.570000,368.280000
NaN,NaN,278.980000,509.960000,279.370000,368.320000
NaN,NaN,279.000000,509.940000,279.480000,368.280000
NaN,NaN,279.030000,509.940000,279.380000,368.310000
NaN,NaN,279.230000,509.940000,279.350000,368.330000
NaN,NaN,279.140000,509.900000,279.370000,368.360000
NaN,NaN,279.140000,509.860000,279.310000,368.330000
NaN,NaN,279.060000,509.960000,279.330000,368.390000
NaN,NaN,279.060000,509.950000,279.370000,368.440000
NaN,NaN,279.010000,509.880000,279.400000,368.440000
NaN,NaN,278.990000,509.880000,279.420000,368.430000
NaN,NaN,278.990000,509.880000,279.340000,368.500000
NaN,NaN,279.090000,509.880000,279.320000,368.710000
NaN,NaN,279.030000,509.760000,279.310000,368.780000
NaN,NaN,278.990000,509.870000,279.420000,368.750000
NaN,NaN,278.940000,509.890000,279.350000,368.670000
NaN,NaN,279.080000,509.830000,279.300000,368.740000
NaN,NaN,279.070000,509.840000,279.240000,368.790000
NaN,NaN,279.170000,509.850000,279.130000,368.810000
NaN,NaN,279.070000,509.830000,279.120000,368.810000
NaN,NaN,279.130000,509.800000,279.190000,368.810000
NaN,NaN,279.120000,509.660000,279.190000,368.780000
NaN,NaN,279.030000,509.780000,279.040000,368.840000
NaN,NaN,279.100000,509.710000,279.090000,368.830000
NaN,NaN,279.120000,509.730000,278.960000,368.910000
NaN,NaN,279.080000,509.700000,279.020000,368.870000
NaN,NaN,279.140000,509.730000,279.090000,368.860000
NaN,NaN,279.120000,509.630000,279.040000,368.910000
NaN,NaN,279.110000,509.660000,278.950000,368.920000
NaN,NaN,279.160000,509.560000,278.910000,368.920000
NaN,NaN,279.170000,509.050000,278.820000,368.930000
NaN,NaN,279.110000,509.110000,278.900000,369.000000
NaN,NaN,279.220000,509.120000,278.840000,369.000000
NaN,NaN,279.260000,509.020000,278.690000,369.050000
NaN,NaN,279.140000,508.980000,278.850000,368.980000
NaN,NaN,279.280000,509.040000,278.840000,369.010000
NaN,NaN,279.260000,509.030000,278.790000,369.050000
NaN,NaN,279.230000,509.010000,278.900000,369.030000
NaN,NaN,279.280000,508.970000,278.830000,369.010000
NaN,NaN,279.140000,508.950000,278.780000,369.010000
NaN,NaN,279.210000,508.950000,278.760000,369.050000
NaN,NaN,279.170000,508.940000,278.750000,369.020000
NaN,NaN,279.310000,508.970000,278.700000,369.030000
NaN,NaN,279.190000,508.960000,278.760000,369.060000
NaN,NaN,279.110000,508.930000,278.660000,369.030000
NaN,NaN,279.200000,508.890000,278.610000,369.060000
NaN,NaN,279.240000,508.840000,278.530000,369.060000
NaN,NaN,279.320000,508.880000,278.740000,369.050000
NaN,NaN,279.230000,508.830000,278.550000,369.110000
NaN,NaN,279.280000,508.920000,278.710000,369.100000
NaN,NaN,279.290000,508.920000,278.670000,369.100000
NaN,NaN,279.390000,508.840000,278.550000,369.160000
NaN,NaN,279.220000,508.920000,278.680000,369.120000
NaN,NaN,279.190000,508.780000,278.560000,369.120000
NaN,NaN,279.390000,508.720000,278.690000,369.110000
NaN,NaN,279.640000,508.700000,278.590000,369.130000
NaN,NaN,279.630000,508.730000,278.470000,369.160000
NaN,NaN,279.370000,508.710000,278.570000,369.170000
NaN,NaN,279.290000,508.730000,278.560000,369.140000
NaN,NaN,279.320000,508.760000,278.500000,369.200000
NaN,NaN,279.230000,508.740000,278.600000,369.230000
NaN,NaN,279.370000,508.790000,278.510000,369.160000
NaN,NaN,279.240000,508.830000,278.620000,369.240000
NaN,NaN,279.210000,508.780000,278.490000,369.190000
NaN,NaN,279.200000,508.810000,278.540000,369.230000
NaN,NaN,279.200000,508.790000,278.300000,369.280000
NaN,NaN,279.280000,508.790000,278.590000,369.200000
NaN,NaN,279.280000,508.650000,278.400000,369.210000
NaN,NaN,279.250000,508.650000,278.300000,369.270000
NaN,NaN,279.330000,508.700000,278.360000,369.290000
NaN,NaN,279.350000,508.750000,278.350000,369.330000
NaN,NaN,279.400000,508.670000,278.420000,369.320000
NaN,NaN,279.200000,508.630000,278.260000,369.390000
NaN,NaN,279.230000,508.670000,278.170000,369.340000
NaN,NaN,279.300000,508.630000,278.190000,369.390000
NaN,NaN,279.230000,508.490000,278.200000,369.410000
NaN,NaN,279.160000,508.070000,278.170000,369.420000
NaN,NaN,279.110000,508.040000,278.170000,369.430000
NaN,NaN,279.150000,508.080000,278.160000,369.410000
NaN,NaN,279.170000,508.090000,278.150000,369.430000
NaN,NaN,279.210000,508.080000,278.170000,369.430000
NaN,NaN,279.200000,508.080000,278.320000,369.350000
NaN,NaN,279.220000,508.100000,278.190000,369.360000
NaN,NaN,279.190000,508.200000,278.260000,369.370000
NaN,NaN,279.140000,508.070000,278.130000,369.420000
NaN,NaN,279.180000,508.040000,278.110000,369.390000
NaN,NaN,279.110000,508.090000,278.130000,369.360000
NaN,NaN,279.130000,508.010000,278.120000,369.400000
NaN,NaN,279.180000,508.010000,278.140000,369.400000
NaN,NaN,279.140000,508.020000,278.200000,369.430000
NaN,NaN,279.270000,508.030000,278.110000,369.490000
NaN,NaN,279.130000,507.980000,277.850000,369.860000
NaN,NaN,279.130000,507.940000,277.900000,369.840000
NaN,NaN,279.190000,507.940000,277.890000,369.850000
NaN,NaN,279.150000,507.950000,277.790000,369.820000
NaN,NaN,279.220000,507.890000,277.830000,369.850000
NaN,NaN,279.230000,507.900000,277.820000,369.840000
NaN,NaN,279.300000,507.900000,277.700000,369.910000
NaN,NaN,279.330000,507.900000,277.710000,369.910000
NaN,NaN,279.240000,507.860000,277.790000,369.900000
NaN,NaN,279.170000,507.840000,277.640000,369.910000
NaN,NaN,279.130000,507.920000,277.640000,369.890000
NaN,NaN,279.180000,507.920000,277.650000,369.920000
NaN,NaN,279.290000,507.850000,277.690000,369.880000
NaN,NaN,279.160000,507.880000,277.530000,369.930000
NaN,NaN,279.110000,507.920000,277.700000,369.880000
NaN,NaN,279.120000,507.800000,277.780000,369.890000
NaN,NaN,279.190000,507.800000,277.680000,369.850000
NaN,NaN,279.140000,507.850000,277.730000,369.880000
NaN,NaN,279.330000,507.820000,277.680000,369.890000
NaN,NaN,279.230000,507.790000,277.660000,369.920000
NaN,NaN,279.130000,507.840000,277.590000,369.930000
NaN,NaN,279.150000,507.850000,277.610000,369.930000
NaN,NaN,279.130000,507.770000,277.510000,369.940000
NaN,NaN,279.160000,507.830000,277.520000,369.970000
NaN,NaN,279.070000,507.750000,277.380000,369.970000
NaN,NaN,279.070000,507.760000,277.420000,370.020000
NaN,NaN,279.120000,507.800000,277.570000,370.020000
NaN,NaN,279.150000,507.700000,277.380000,370.050000
NaN,NaN,279.240000,507.660000,277.470000,370.140000
NaN,NaN,279.210000,507.640000,277.410000,370.110000
NaN,NaN,279.400000,507.610000,277.310000,370.140000
NaN,NaN,279.460000,507.630000,277.490000,370.060000
NaN,NaN,279.490000,507.590000,277.330000,370.130000
NaN,NaN,279.470000,507.650000,277.350000,370.200000
NaN,NaN,279.350000,507.670000,277.310000,370.200000
NaN,NaN,279.300000,507.640000,277.230000,370.230000
NaN,NaN,279.290000,507.400000,277.300000,370.220000
NaN,NaN,279.210000,507.050000,277.230000,370.340000
NaN,NaN,279.270000,507.070000,277.150000,370.380000
NaN,NaN,279.270000,507.180000,277.250000,370.380000
NaN,NaN,279.200000,507.140000,277.250000,370.380000
NaN,NaN,279.310000,507.120000,277.190000,370.440000
NaN,NaN,279.350000,507.030000,277.230000,370.490000
NaN,NaN,279.200000,507.050000,276.900000,370.930000
NaN,NaN,279.170000,507.080000,277.010000,370.860000
NaN,NaN,279.200000,507.000000,276.910000,370.940000
NaN,NaN,279.310000,507.020000,276.910000,371.010000
NaN,NaN,279.270000,507.000000,276.860000,370.960000
NaN,NaN,279.160000,507.050000,276.830000,371.000000
NaN,NaN,279.200000,507.050000,276.990000,370.920000
NaN,NaN,279.350000,506.980000,276.820000,371.050000
NaN,NaN,279.340000,506.940000,276.670000,371.090000
NaN,NaN,279.280000,507.050000,276.820000,370.990000
NaN,NaN,279.240000,506.980000,276.690000,371.040000
NaN,NaN,279.170000,506.980000,276.590000,371.010000
NaN,NaN,279.200000,506.990000,276.360000,371.000000
NaN,NaN,279.170000,506.920000,276.510000,371.030000
NaN,NaN,279.180000,506.890000,276.680000,371.040000
NaN,NaN,279.250000,506.890000,276.670000,371.030000
NaN,NaN,279.300000,506.860000,276.660000,371.020000
NaN,NaN,279.170000,506.980000,276.920000,371.000000
NaN,NaN,279.200000,506.910000,276.960000,370.950000
NaN,NaN,279.090000,506.990000,276.910000,370.950000
NaN,NaN,279.170000,506.980000,276.900000,370.950000
NaN,NaN,279.200000,506.870000,276.840000,371.000000
NaN,NaN,279.220000,506.940000,276.680000,371.050000
NaN,NaN,279.130000,506.920000,276.680000,371.120000
NaN,NaN,279.090000,506.910000,276.770000,371.020000
NaN,NaN,279.190000,506.840000,276.850000,371.020000
NaN,NaN,279.270000,506.870000,276.690000,371.080000
NaN,NaN,279.270000,506.860000,276.740000,371.040000
NaN,NaN,279.300000,506.770000,276.680000,371.090000
NaN,NaN,279.270000,506.810000,276.680000,371.100000
NaN,NaN,279.220000,506.760000,276.710000,371.050000
NaN,NaN,279.190000,506.760000,276.560000,371.150000
NaN,NaN,279.100000,506.700000,276.320000,371.270000
NaN,NaN,279.190000,506.670000,276.560000,371.140000
NaN,NaN,279.150000,506.690000,276.720000,371.130000
NaN,NaN,279.110000,506.720000,276.670000,371.110000
NaN,NaN,279.200000,506.730000,276.760000,371.120000
NaN,NaN,279.150000,506.740000,276.750000,371.190000
NaN,NaN,279.160000,506.710000,276.740000,371.280000
NaN,NaN,279.190000,506.700000,276.750000,371.210000
NaN,NaN,279.110000,506.620000,276.770000,371.220000
NaN,NaN,279.140000,506.740000,276.780000,371.170000
NaN,NaN,279.200000,506.720000,276.700000,371.340000
NaN,NaN,279.310000,506.640000,276.720000,371.260000
NaN,NaN,279.290000,506.770000,276.680000,371.290000
NaN,NaN,279.160000,506.680000,276.680000,371.310000
NaN,NaN,279.240000,506.730000,276.800000,371.270000
NaN,NaN,279.140000,506.600000,276.510000,371.560000
NaN,NaN,279.150000,506.630000,276.240000,371.920000
NaN,NaN,279.130000,506.640000,276.170000,372.010000
NaN,NaN,279.170000,506.620000,276.450000,371.930000
NaN,NaN,279.110000,506.600000,276.440000,371.940000
NaN,NaN,279.090000,506.570000,276.390000,372.020000
NaN,NaN,279.050000,506.590000,276.550000,371.940000
NaN,NaN,278.980000,506.510000,276.750000,371.860000
NaN,NaN,278.980000,505.970000,276.690000,371.930000
NaN,NaN,279.110000,506.010000,276.560000,371.960000
NaN,NaN,279.020000,505.950000,276.690000,371.950000
NaN,NaN,279.120000,506.030000,276.680000,371.920000
NaN,NaN,279.180000,506.040000,276.580000,371.970000
NaN,NaN,279.280000,506.000000,276.740000,371.960000
NaN,NaN,279.180000,505.980000,276.680000,371.980000
NaN,NaN,279.270000,506.020000,276.590000,371.990000
NaN,NaN,279.190000,505.990000,276.540000,371.940000
NaN,NaN,279.140000,505.980000,276.570000,371.990000
NaN,NaN,279.190000,505.960000,276.740000,371.960000
NaN,NaN,279.170000,505.930000,276.810000,371.890000
NaN,NaN,279.230000,505.970000,276.790000,371.950000
NaN,NaN,279.150000,505.950000,276.710000,372.000000
NaN,NaN,279.170000,505.950000,276.710000,372.050000
NaN,NaN,279.190000,505.950000,276.620000,372.010000
NaN,NaN,279.090000,506.000000,276.640000,372.030000
NaN,NaN,279.110000,505.920000,276.710000,372.030000
NaN,NaN,279.130000,505.940000,276.740000,372.050000
NaN,NaN,279.100000,505.950000,276.790000,372.030000
NaN,NaN,279.060000,505.990000,276.630000,372.100000
NaN,NaN,279.070000,505.960000,276.730000,372.060000
NaN,NaN,279.150000,505.920000,276.460000,372.190000
NaN,NaN,279.120000,505.870000,276.540000,372.190000
NaN,NaN,279.100000,505.950000,276.490000,372.190000
NaN,NaN,279.090000,505.890000,276.590000,372.210000
NaN,NaN,279.100000,505.900000,276.550000,372.200000
NaN,NaN,279.130000,505.910000,276.590000,372.190000
NaN,NaN,279.120000,505.890000,276.530000,372.230000
NaN,NaN,279.140000,505.900000,276.600000,372.250000
NaN,NaN,279.190000,505.880000,276.640000,372.230000
NaN,NaN,279.190000,505.790000,276.610000,372.230000
NaN,NaN,279.130000,505.840000,276.580000,372.260000
NaN,NaN,279.120000,505.820000,276.540000,372.280000
NaN,NaN,279.190000,505.800000,276.490000,372.310000
NaN,NaN,279.130000,505.840000,276.520000,372.380000
NaN,NaN,279.100000,505.750000,276.530000,372.370000
NaN,NaN,279.100000,505.810000,276.550000,372.340000
NaN,NaN,279.080000,505.710000,276.480000,372.340000
NaN,NaN,279.120000,505.830000,276.470000,372.370000
NaN,NaN,279.100000,505.760000,276.520000,372.390000
NaN,NaN,279.150000,505.690000,276.490000,372.430000
NaN,NaN,279.000000,505.580000,276.490000,372.390000
NaN,NaN,279.090000,505.150000,276.540000,372.380000
NaN,NaN,279.170000,505.140000,276.590000,372.340000
NaN,NaN,279.160000,505.200000,276.600000,372.340000
NaN,NaN,279.150000,505.200000,276.530000,372.360000
NaN,NaN,279.200000,505.130000,276.530000,372.340000
NaN,NaN,279.070000,505.100000,276.440000,372.470000
NaN,NaN,279.210000,505.150000,276.350000,372.730000
NaN,NaN,279.050000,505.190000,276.360000,372.700000
NaN,NaN,279.040000,505.130000,276.310000,372.750000
NaN,NaN,279.180000,505.050000,276.360000,372.780000
NaN,NaN,279.100000,505.060000,276.300000,372.780000
NaN,NaN,279.040000,505.030000,276.260000,372.770000
NaN,NaN,279.070000,505.110000,276.310000,372.770000
NaN,NaN,279.120000,504.990000,276.370000,372.780000
NaN,NaN,279.140000,505.090000,276.360000,372.760000
NaN,NaN,279.210000,505.030000,276.310000,372.810000
NaN,NaN,279.230000,505.030000,276.310000,372.800000
NaN,NaN,279.250000,505.020000,276.230000,372.810000
NaN,NaN,279.210000,504.970000,276.200000,372.840000
NaN,NaN,279.180000,504.970000,276.170000,372.890000
NaN,NaN,279.030000,504.960000,276.150000,372.900000
NaN,NaN,279.200000,504.990000,276.210000,372.850000
NaN,NaN,279.200000,504.950000,276.160000,372.890000
NaN,NaN,279.140000,505.000000,276.100000,372.920000
NaN,NaN,279.130000,505.060000,276.110000,372.950000
NaN,NaN,279.230000,504.990000,276.090000,372.940000
NaN,NaN,279.100000,504.980000,276.040000,372.980000
NaN,NaN,279.130000,505.010000,276.070000,373.000000
NaN,NaN,279.070000,504.980000,276.070000,373.000000
NaN,NaN,279.090000,504.920000,276.110000,372.960000
NaN,NaN,279.160000,504.920000,276.040000,373.000000
NaN,NaN,278.990000,504.880000,276.020000,372.970000
NaN,NaN,279.110000,504.930000,276.010000,373.010000
NaN,NaN,278.930000,504.890000,276.000000,373.000000
NaN,NaN,278.960000,504.810000,276.050000,373.000000
NaN,NaN,278.970000,504.860000,275.870000,373.060000
NaN,NaN,278.910000,504.800000,275.930000,373.030000
NaN,NaN,278.880000,504.840000,275.930000,373.040000
NaN,NaN,278.980000,504.870000,276.000000,373.030000
NaN,NaN,278.960000,504.910000,275.910000,373.090000
NaN,NaN,279.040000,504.900000,275.950000,373.050000
NaN,NaN,278.930000,504.930000,275.870000,373.090000
NaN,NaN,279.020000,504.950000,275.800000,373.080000
NaN,NaN,278.930000,504.880000,275.810000,373.070000
NaN,NaN,278.930000,504.820000,275.770000,373.100000
NaN,NaN,279.020000,504.850000,275.820000,373.090000
NaN,NaN,278.890000,504.830000,275.830000,373.050000
NaN,NaN,278.900000,504.820000,275.870000,373.000000
NaN,NaN,278.980000,504.810000,275.930000,373.030000
NaN,NaN,278.930000,504.830000,275.930000,373.030000
NaN,NaN,278.990000,504.840000,275.880000,373.050000
NaN,NaN,278.860000,504.840000,275.810000,373.080000
NaN,NaN,278.910000,504.820000,275.760000,373.100000
NaN,NaN,278.930000,504.800000,275.840000,373.060000
NaN,NaN,278.930000,504.800000,275.810000,373.060000
NaN,NaN,278.860000,504.750000,275.760000,373.070000
NaN,NaN,278.960000,504.720000,275.690000,373.090000
NaN,NaN,278.870000,504.790000,275.760000,373.100000
NaN,NaN,278.840000,504.680000,275.720000,373.060000
NaN,NaN,278.960000,504.720000,275.660000,373.110000
NaN,NaN,278.920000,504.680000,275.720000,373.090000
NaN,NaN,278.830000,504.740000,275.710000,373.060000
NaN,NaN,278.910000,504.700000,275.760000,373.060000
NaN,NaN,278.840000,504.670000,275.740000,373.090000
NaN,NaN,278.930000,504.680000,275.800000,373.050000
NaN,NaN,279.010000,504.670000,275.760000,373.060000
NaN,NaN,278.880000,504.630000,275.860000,373.050000
NaN,NaN,278.870000,504.630000,275.820000,373.030000
NaN,NaN,278.900000,504.640000,275.740000,373.100000
NaN,NaN,278.960000,504.690000,275.660000,373.070000
NaN,NaN,278.930000,504.640000,275.720000,373.050000
NaN,NaN,278.860000,504.670000,275.720000,373.080000
NaN,NaN,278.840000,504.660000,275.780000,373.050000
NaN,NaN,278.760000,504.580000,275.830000,373.080000
NaN,NaN,278.670000,504.550000,275.760000,373.060000
NaN,NaN,278.730000,504.310000,275.700000,373.100000
NaN,NaN,278.670000,503.920000,275.700000,373.110000
NaN,NaN,278.580000,503.990000,275.660000,373.150000
NaN,NaN,278.390000,503.940000,275.610000,373.140000
NaN,NaN,278.370000,503.960000,275.610000,373.170000
NaN,NaN,278.330000,503.940000,275.640000,373.130000
NaN,NaN,278.370000,503.940000,275.700000,373.150000
NaN,NaN,278.550000,503.950000,275.630000,373.250000
NaN,NaN,278.880000,503.970000,275.580000,373.230000
NaN,NaN,278.820000,503.880000,275.530000,373.210000
NaN,NaN,278.760000,503.910000,275.570000,373.180000
NaN,NaN,278.680000,503.850000,275.540000,373.220000
NaN,NaN,278.600000,503.940000,275.560000,373.230000
NaN,NaN,278.810000,503.960000,275.590000,373.210000
NaN,NaN,278.690000,503.890000,275.640000,373.180000
NaN,NaN,278.650000,503.880000,275.670000,373.210000
NaN,NaN,278.640000,503.810000,275.640000,373.200000
NaN,NaN,278.570000,503.870000,275.570000,373.230000
NaN,NaN,278.460000,503.850000,275.550000,373.250000
NaN,NaN,278.130000,503.910000,275.570000,373.260000
NaN,NaN,278.240000,503.900000,275.530000,373.270000
NaN,NaN,278.310000,503.920000,275.590000,373.250000
NaN,NaN,278.230000,503.840000,275.500000,373.270000
NaN,NaN,278.210000,503.870000,275.550000,373.260000
NaN,NaN,278.310000,503.860000,275.400000,373.270000
NaN,NaN,278.370000,503.830000,275.480000,373.280000
NaN,NaN,278.280000,503.780000,275.440000,373.290000
NaN,NaN,278.310000,503.720000,275.540000,373.310000
NaN,NaN,278.170000,503.800000,275.390000,373.350000
NaN,NaN,278.230000,503.720000,275.390000,373.360000
NaN,NaN,278.130000,503.600000,275.410000,373.340000
NaN,NaN,278.210000,503.110000,275.470000,373.330000
NaN,NaN,278.310000,503.130000,275.430000,373.370000
NaN,NaN,278.140000,503.160000,275.380000,373.440000
NaN,NaN,278.160000,503.140000,275.290000,373.700000
NaN,NaN,278.190000,503.000000,275.280000,373.720000
NaN,NaN,278.240000,503.140000,275.360000,373.700000
NaN,NaN,278.170000,503.110000,275.290000,373.700000
NaN,NaN,278.070000,503.080000,275.270000,373.730000
NaN,NaN,278.080000,503.090000,275.280000,373.700000
NaN,NaN,278.220000,503.050000,275.120000,373.690000
NaN,NaN,278.200000,503.050000,275.220000,373.740000
NaN,NaN,278.160000,503.040000,275.230000,373.770000
NaN,NaN,277.970000,503.010000,275.270000,373.730000
NaN,NaN,277.990000,503.000000,275.260000,373.760000
NaN,NaN,278.160000,503.010000,275.210000,373.800000
NaN,NaN,278.070000,502.980000,275.220000,373.830000
NaN,NaN,278.000000,502.960000,275.150000,373.830000
NaN,NaN,277.990000,502.910000,275.060000,373.840000
NaN,NaN,278.000000,502.950000,275.070000,373.870000
NaN,NaN,277.980000,502.890000,275.080000,373.870000
NaN,NaN,278.060000,502.940000,274.990000,373.920000
NaN,NaN,278.040000,502.900000,274.930000,373.970000
NaN,NaN,278.030000,502.890000,274.840000,373.960000
NaN,NaN,277.920000,502.920000,274.750000,373.920000
NaN,NaN,277.860000,502.920000,274.890000,373.870000
NaN,NaN,278.040000,502.860000,274.790000,373.870000
NaN,NaN,278.050000,502.800000,274.760000,373.870000
NaN,NaN,278.060000,502.880000,274.910000,373.900000
NaN,NaN,277.850000,502.840000,274.800000,373.930000
NaN,NaN,277.920000,502.820000,274.880000,373.910000
NaN,NaN,277.780000,502.810000,274.850000,373.930000
NaN,NaN,277.970000,502.740000,274.840000,373.930000
NaN,NaN,278.000000,502.760000,274.790000,373.960000
NaN,NaN,277.860000,502.720000,274.780000,373.950000
NaN,NaN,277.770000,502.730000,274.770000,373.990000
NaN,NaN,277.810000,502.780000,274.780000,373.980000
NaN,NaN,277.880000,502.810000,274.720000,373.980000
NaN,NaN,277.750000,502.820000,274.680000,373.980000
NaN,NaN,277.860000,502.770000,274.740000,373.970000
NaN,NaN,277.830000,502.730000,274.650000,373.940000
NaN,NaN,277.810000,502.780000,274.620000,373.970000
NaN,NaN,277.840000,502.700000,274.630000,373.960000
NaN,NaN,277.910000,502.610000,274.610000,373.960000
NaN,NaN,277.760000,502.610000,274.510000,374.020000
NaN,NaN,277.760000,502.620000,274.540000,374.010000
NaN,NaN,277.760000,502.530000,274.460000,374.050000
NaN,NaN,277.820000,502.060000,274.420000,374.040000
NaN,NaN,277.980000,502.090000,274.430000,374.040000
NaN,NaN,277.940000,501.960000,274.470000,374.030000
NaN,NaN,277.830000,501.960000,274.470000,374.040000
NaN,NaN,277.820000,501.950000,274.340000,374.060000
NaN,NaN,277.830000,501.950000,274.370000,374.050000
NaN,NaN,277.770000,501.920000,274.340000,374.060000
NaN,NaN,277.890000,501.950000,274.480000,374.040000
NaN,NaN,277.900000,501.940000,274.430000,374.010000
NaN,NaN,277.900000,501.900000,274.390000,374.020000
NaN,NaN,277.980000,501.920000,274.420000,374.010000
NaN,NaN,277.970000,501.920000,274.420000,374.000000
NaN,NaN,277.910000,501.910000,274.340000,374.010000
NaN,NaN,278.000000,501.920000,274.290000,374.000000
NaN,NaN,278.000000,501.840000,274.360000,374.020000
NaN,NaN,277.910000,501.770000,274.270000,374.060000
NaN,NaN,277.940000,501.850000,274.250000,374.040000
NaN,NaN,277.820000,501.870000,274.130000,374.080000
NaN,NaN,277.850000,501.800000,274.120000,374.080000
NaN,NaN,277.820000,501.820000,274.090000,374.100000
NaN,NaN,277.940000,501.770000,274.120000,374.090000
NaN,NaN,277.830000,501.750000,274.100000,374.120000
NaN,NaN,277.980000,501.750000,273.980000,374.160000
NaN,NaN,278.060000,501.650000,274.010000,374.140000
NaN,NaN,277.920000,501.570000,274.030000,374.160000
NaN,NaN,278.000000,501.030000,273.990000,374.140000
NaN,NaN,278.020000,500.990000,273.980000,374.130000
NaN,NaN,277.980000,500.940000,274.010000,374.150000
NaN,NaN,278.030000,500.950000,273.990000,374.140000
NaN,NaN,278.020000,500.980000,274.000000,374.130000
NaN,NaN,278.010000,500.940000,274.000000,374.120000
NaN,NaN,278.140000,500.910000,274.030000,374.120000
NaN,NaN,278.140000,500.910000,273.910000,374.150000
NaN,NaN,277.970000,500.950000,273.930000,374.150000
NaN,NaN,277.950000,500.960000,273.920000,374.140000
NaN,NaN,278.000000,500.930000,273.900000,374.160000
NaN,NaN,278.020000,500.890000,273.930000,374.150000
NaN,NaN,278.110000,500.930000,273.850000,374.200000
NaN,NaN,278.100000,500.820000,273.860000,374.190000
NaN,NaN,278.090000,500.800000,273.810000,374.210000
NaN,NaN,278.090000,500.800000,273.850000,374.190000
NaN,NaN,278.200000,500.810000,273.840000,374.190000
NaN,NaN,278.060000,500.840000,273.800000,374.170000
NaN,NaN,278.160000,500.750000,273.730000,374.260000
NaN,NaN,278.130000,500.650000,273.770000,374.250000
NaN,NaN,278.020000,500.630000,273.760000,374.230000
NaN,NaN,278.160000,500.700000,273.730000,374.240000
NaN,NaN,278.120000,500.690000,273.730000,374.220000
NaN,NaN,278.100000,500.690000,273.700000,374.280000
NaN,NaN,278.040000,500.680000,273.680000,374.290000
NaN,NaN,278.110000,500.680000,273.660000,374.310000
NaN,NaN,278.170000,500.590000,273.630000,374.280000
NaN,NaN,278.020000,500.590000,273.580000,374.340000
NaN,NaN,278.170000,500.470000,273.570000,374.340000
NaN,NaN,278.090000,499.990000,273.580000,374.380000
NaN,NaN,278.160000,500.010000,273.520000,374.360000
NaN,NaN,278.170000,499.970000,273.630000,374.370000
NaN,NaN,278.150000,499.970000,273.520000,374.410000
NaN,NaN,278.130000,499.970000,273.550000,374.380000
NaN,NaN,278.090000,499.940000,273.370000,374.520000
NaN,NaN,278.040000,499.930000,273.490000,374.630000
NaN,NaN,278.120000,499.950000,273.300000,374.700000
NaN,NaN,278.120000,499.930000,273.420000,374.640000
NaN,NaN,278.170000,499.840000,273.460000,374.710000
NaN,NaN,278.250000,499.850000,273.280000,374.750000
NaN,NaN,278.200000,499.860000,273.380000,374.720000
NaN,NaN,278.100000,499.830000,273.280000,374.750000
NaN,NaN,278.080000,499.710000,273.300000,374.730000
NaN,NaN,278.030000,499.760000,273.290000,374.760000
NaN,NaN,278.010000,499.700000,273.330000,374.730000
NaN,NaN,278.030000,499.680000,273.310000,374.760000
NaN,NaN,278.150000,499.580000,273.330000,374.730000
NaN,NaN,278.170000,499.140000,273.380000,374.750000
NaN,NaN,278.220000,499.130000,273.300000,374.800000
NaN,NaN,278.190000,499.150000,273.200000,374.870000
NaN,NaN,278.090000,499.130000,273.200000,374.840000
NaN,NaN,278.160000,499.060000,273.160000,374.850000
NaN,NaN,278.150000,499.000000,273.210000,374.820000
NaN,NaN,278.170000,499.000000,273.060000,374.870000
NaN,NaN,278.240000,499.020000,273.040000,374.940000
NaN,NaN,278.210000,499.000000,273.080000,374.920000
NaN,NaN,278.200000,498.930000,272.980000,374.970000
NaN,NaN,278.220000,498.850000,273.050000,374.950000
NaN,NaN,278.180000,498.900000,272.990000,374.970000
NaN,NaN,278.110000,498.930000,272.940000,374.970000
NaN,NaN,278.240000,498.880000,272.960000,374.990000
NaN,NaN,278.330000,498.930000,272.950000,374.980000
NaN,NaN,278.370000,498.920000,272.920000,374.970000
NaN,NaN,278.390000,498.880000,272.950000,374.980000
NaN,NaN,278.310000,498.830000,272.830000,374.990000
NaN,NaN,278.170000,498.780000,272.860000,375.010000
NaN,NaN,278.190000,498.750000,272.890000,375.050000
NaN,NaN,278.100000,498.730000,272.800000,375.050000
NaN,NaN,278.210000,498.740000,272.790000,375.030000
NaN,NaN,278.230000,498.720000,272.710000,375.040000
NaN,NaN,278.380000,498.720000,272.790000,375.050000
NaN,NaN,278.470000,498.660000,272.800000,375.020000
NaN,NaN,278.570000,498.630000,272.650000,375.100000
NaN,NaN,278.550000,498.680000,272.650000,375.090000
NaN,NaN,278.540000,498.660000,272.510000,375.110000
NaN,NaN,278.570000,498.660000,272.650000,375.080000
NaN,NaN,278.550000,498.440000,272.410000,375.120000
NaN,NaN,278.350000,498.020000,272.560000,375.060000
NaN,NaN,278.160000,498.040000,272.440000,375.110000
NaN,NaN,278.040000,498.020000,272.360000,375.110000
NaN,NaN,278.100000,497.970000,272.460000,375.090000
NaN,NaN,278.180000,497.920000,272.370000,375.120000
NaN,NaN,278.170000,497.880000,272.430000,375.120000
NaN,NaN,278.250000,497.740000,272.390000,375.120000
NaN,NaN,278.200000,497.830000,272.380000,375.140000
NaN,NaN,278.210000,497.780000,272.340000,375.120000
NaN,NaN,278.100000,497.800000,272.330000,375.180000
NaN,NaN,278.020000,497.700000,272.270000,375.180000
NaN,NaN,278.050000,497.640000,272.180000,375.170000
NaN,NaN,278.120000,497.670000,272.110000,375.220000
NaN,NaN,278.120000,497.670000,272.200000,375.220000
NaN,NaN,278.100000,497.640000,272.190000,375.270000
NaN,NaN,278.050000,497.620000,272.150000,375.270000
NaN,NaN,278.150000,497.610000,272.120000,375.270000
NaN,NaN,278.110000,497.520000,272.090000,375.250000
NaN,NaN,278.180000,496.900000,272.050000,375.290000
NaN,NaN,278.280000,496.270000,272.020000,375.280000
NaN,NaN,278.260000,496.250000,272.100000,375.280000
NaN,NaN,278.190000,496.210000,272.010000,375.310000
NaN,NaN,278.280000,496.220000,271.960000,375.320000
NaN,NaN,278.250000,496.220000,271.940000,375.350000
NaN,NaN,278.200000,496.220000,271.880000,375.380000
NaN,NaN,278.120000,496.030000,271.820000,375.420000
NaN,NaN,278.060000,496.060000,271.810000,375.420000
NaN,NaN,278.110000,496.030000,271.730000,375.460000
NaN,NaN,278.140000,496.010000,271.720000,375.480000
NaN,NaN,277.970000,496.030000,271.620000,375.710000
NaN,NaN,278.150000,495.980000,271.490000,375.680000
NaN,NaN,278.170000,495.980000,271.570000,375.670000
NaN,NaN,278.040000,496.040000,271.400000,375.760000
NaN,NaN,278.060000,495.970000,271.590000,375.700000
NaN,NaN,278.080000,495.930000,271.340000,375.810000
NaN,NaN,278.100000,495.920000,271.560000,375.720000
NaN,NaN,278.060000,495.870000,271.410000,375.820000
NaN,NaN,278.030000,495.910000,271.570000,375.750000
NaN,NaN,277.980000,495.900000,271.360000,375.790000
NaN,NaN,277.970000,495.750000,271.480000,375.720000
NaN,NaN,277.970000,495.810000,271.490000,375.760000
NaN,NaN,277.970000,495.710000,271.390000,375.790000
NaN,NaN,277.910000,495.760000,271.420000,375.700000
NaN,NaN,277.950000,495.750000,271.410000,375.720000
NaN,NaN,277.930000,495.700000,271.410000,375.750000
NaN,NaN,277.980000,495.640000,271.390000,375.760000
NaN,NaN,278.000000,495.450000,271.470000,375.730000
NaN,NaN,277.950000,495.020000,271.300000,375.750000
NaN,NaN,277.940000,495.020000,271.370000,375.730000
NaN,NaN,278.010000,494.940000,271.330000,375.700000
NaN,NaN,277.920000,495.060000,271.310000,375.720000
NaN,NaN,277.910000,494.960000,271.310000,375.700000
NaN,NaN,277.960000,494.860000,271.220000,375.730000
NaN,NaN,277.890000,494.920000,271.180000,375.690000
NaN,NaN,277.780000,494.890000,271.180000,375.680000
NaN,NaN,278.000000,494.790000,271.230000,375.770000
NaN,NaN,277.880000,494.770000,271.220000,375.700000
NaN,NaN,277.660000,494.790000,271.270000,375.690000
NaN,NaN,277.320000,494.730000,271.210000,375.670000
NaN,NaN,277.540000,494.750000,271.230000,375.650000
NaN,NaN,277.650000,494.750000,271.200000,375.640000
NaN,NaN,277.670000,494.680000,271.170000,375.620000
NaN,NaN,277.510000,494.670000,271.140000,375.620000
NaN,NaN,277.250000,494.660000,271.180000,375.560000
NaN,NaN,277.060000,494.610000,271.060000,375.630000
NaN,NaN,277.180000,494.540000,271.090000,375.570000
NaN,NaN,277.310000,493.930000,271.020000,375.600000
NaN,NaN,277.110000,493.300000,271.060000,375.560000
NaN,NaN,277.130000,493.460000,271.040000,375.560000
NaN,NaN,277.130000,493.480000,271.000000,375.540000
NaN,NaN,277.240000,493.860000,271.020000,375.590000
NaN,NaN,277.160000,493.850000,271.030000,375.470000
NaN,NaN,277.090000,493.820000,271.060000,375.340000
NaN,NaN,277.120000,493.630000,271.070000,375.290000
NaN,NaN,277.160000,493.120000,271.110000,375.270000
NaN,NaN,277.020000,493.120000,271.000000,375.310000
NaN,NaN,277.080000,493.060000,271.050000,375.280000
NaN,NaN,277.020000,493.010000,270.930000,375.330000
NaN,NaN,277.080000,493.020000,270.890000,375.320000
NaN,NaN,276.950000,493.040000,270.880000,375.330000
NaN,NaN,276.930000,492.930000,270.880000,375.270000
NaN,NaN,277.080000,492.800000,270.860000,375.250000
NaN,NaN,277.100000,492.710000,270.810000,375.190000
NaN,NaN,277.050000,492.830000,270.820000,375.170000
NaN,NaN,276.980000,492.820000,270.850000,375.110000
NaN,NaN,276.870000,492.690000,270.750000,375.160000
NaN,NaN,276.920000,492.690000,270.700000,375.120000
NaN,NaN,276.980000,492.730000,270.660000,375.150000
NaN,NaN,276.960000,492.680000,270.670000,375.110000
NaN,NaN,276.950000,492.680000,270.660000,375.110000
NaN,NaN,276.890000,492.400000,270.520000,375.140000
NaN,NaN,276.830000,492.010000,270.400000,375.150000
NaN,NaN,276.800000,491.990000,270.590000,375.040000
NaN,NaN,276.880000,491.960000,270.600000,375.060000
NaN,NaN,276.690000,491.910000,270.600000,375.070000
NaN,NaN,276.690000,491.930000,270.520000,375.030000
NaN,NaN,276.610000,491.930000,270.410000,375.040000
NaN,NaN,276.490000,491.920000,270.450000,375.000000
NaN,NaN,276.410000,491.850000,270.450000,375.020000
NaN,NaN,276.370000,491.730000,270.380000,375.020000
NaN,NaN,276.240000,491.740000,270.510000,374.930000
NaN,NaN,276.570000,491.760000,270.350000,375.010000
NaN,NaN,276.750000,491.710000,270.220000,374.980000
NaN,NaN,276.580000,491.740000,270.220000,374.960000
NaN,NaN,276.240000,491.620000,270.320000,374.950000
NaN,NaN,276.080000,491.650000,270.170000,375.010000
NaN,NaN,276.100000,491.620000,270.140000,375.010000
NaN,NaN,276.110000,491.500000,270.220000,374.960000
NaN,NaN,276.100000,491.020000,270.200000,374.950000
NaN,NaN,276.010000,490.900000,270.300000,374.890000
NaN,NaN,276.220000,490.900000,270.200000,374.910000
NaN,NaN,276.170000,490.830000,270.160000,374.950000
NaN,NaN,276.160000,490.830000,270.080000,374.980000
NaN,NaN,276.030000,490.820000,270.090000,374.970000
NaN,NaN,276.020000,490.800000,270.060000,374.950000
NaN,NaN,276.230000,490.560000,270.100000,374.850000
NaN,NaN,275.950000,490.000000,270.040000,374.890000
NaN,NaN,275.980000,490.020000,269.990000,374.920000
NaN,NaN,276.010000,489.980000,269.990000,374.950000
NaN,NaN,276.030000,489.990000,269.970000,374.870000
NaN,NaN,275.950000,489.950000,269.950000,374.890000
NaN,NaN,275.910000,489.940000,269.980000,374.870000
NaN,NaN,275.980000,489.910000,269.960000,374.890000
NaN,NaN,275.790000,489.950000,269.980000,374.910000
NaN,NaN,275.740000,489.860000,269.910000,374.920000
NaN,NaN,275.970000,489.870000,269.820000,374.920000
NaN,NaN,275.880000,489.730000,269.810000,374.880000
NaN,NaN,275.860000,489.670000,269.880000,374.850000
NaN,NaN,275.850000,489.730000,269.890000,374.820000
NaN,NaN,275.550000,489.630000,269.750000,374.890000
NaN,NaN,275.370000,489.640000,269.680000,374.820000
NaN,NaN,275.350000,489.590000,269.800000,374.800000
NaN,NaN,275.470000,489.580000,269.820000,374.800000
NaN,NaN,275.730000,489.430000,269.760000,374.810000
NaN,NaN,275.710000,488.870000,269.480000,374.870000
NaN,NaN,275.450000,488.290000,269.370000,374.850000
NaN,NaN,275.210000,488.170000,269.350000,374.870000
NaN,NaN,275.210000,488.180000,269.380000,374.820000
NaN,NaN,275.310000,488.220000,269.310000,374.840000
NaN,NaN,275.130000,488.180000,269.310000,374.790000
NaN,NaN,275.300000,488.180000,269.310000,374.770000
NaN,NaN,275.220000,488.120000,269.220000,374.720000
NaN,NaN,275.120000,488.010000,269.210000,374.710000
NaN,NaN,275.150000,488.010000,269.120000,374.690000
NaN,NaN,275.240000,488.000000,269.100000,374.710000
NaN,NaN,275.090000,487.900000,269.030000,374.690000
NaN,NaN,275.000000,487.830000,269.050000,374.620000
NaN,NaN,275.000000,487.850000,268.970000,374.670000
NaN,NaN,274.980000,487.790000,269.040000,374.640000
NaN,NaN,275.090000,487.780000,269.010000,374.660000
NaN,NaN,275.020000,487.720000,268.910000,374.690000
NaN,NaN,275.170000,487.670000,268.930000,374.720000
NaN,NaN,274.970000,487.700000,268.820000,374.680000
NaN,NaN,274.950000,487.630000,268.780000,374.700000
NaN,NaN,274.930000,487.630000,268.710000,374.650000
NaN,NaN,274.920000,487.610000,268.670000,374.700000
NaN,NaN,274.870000,487.570000,268.570000,374.710000
NaN,NaN,274.940000,487.600000,268.340000,374.670000
NaN,NaN,274.970000,487.570000,268.380000,374.650000
NaN,NaN,274.790000,487.570000,268.360000,374.650000
NaN,NaN,274.750000,487.320000,268.250000,374.710000
NaN,NaN,274.840000,486.860000,268.290000,374.650000
NaN,NaN,274.830000,486.270000,268.220000,374.610000
NaN,NaN,274.580000,486.270000,268.140000,374.590000
NaN,NaN,274.310000,486.160000,268.170000,374.610000
NaN,NaN,274.250000,486.140000,268.130000,374.630000
NaN,NaN,274.290000,486.150000,268.060000,374.660000
NaN,NaN,274.280000,486.130000,268.080000,374.650000
NaN,NaN,274.200000,486.080000,268.010000,374.630000
NaN,NaN,274.310000,486.060000,268.030000,374.580000
NaN,NaN,274.110000,486.020000,267.980000,374.540000
NaN,NaN,274.100000,485.990000,267.990000,374.350000
NaN,NaN,274.060000,486.000000,267.880000,374.350000
NaN,NaN,274.040000,486.000000,267.940000,374.300000
NaN,NaN,274.160000,485.950000,267.960000,374.260000
NaN,NaN,273.920000,485.890000,267.960000,374.250000
NaN,NaN,274.120000,485.900000,267.870000,374.310000
NaN,NaN,273.990000,485.930000,267.840000,374.260000
NaN,NaN,273.910000,485.870000,267.810000,374.290000
NaN,NaN,273.950000,485.850000,267.770000,374.270000
NaN,NaN,273.850000,485.810000,267.680000,374.250000
NaN,NaN,273.810000,485.710000,267.700000,374.240000
NaN,NaN,273.940000,485.710000,267.630000,374.250000
NaN,NaN,273.780000,485.580000,267.590000,374.280000
NaN,NaN,273.800000,485.030000,267.570000,374.230000
NaN,NaN,273.790000,484.970000,267.470000,374.250000
NaN,NaN,273.770000,484.970000,267.440000,374.230000
NaN,NaN,273.680000,484.940000,267.460000,374.190000
NaN,NaN,273.710000,484.980000,267.340000,374.220000
NaN,NaN,273.690000,484.950000,267.390000,374.210000
NaN,NaN,273.560000,484.820000,267.340000,374.250000
NaN,NaN,272.990000,484.830000,267.270000,374.250000
NaN,NaN,273.050000,484.740000,267.150000,374.230000
NaN,NaN,273.070000,484.810000,267.140000,374.260000
NaN,NaN,273.050000,484.850000,267.050000,374.280000
NaN,NaN,272.960000,484.670000,267.080000,374.270000
NaN,NaN,273.040000,484.660000,267.060000,374.300000
NaN,NaN,272.830000,484.570000,267.050000,374.260000
NaN,NaN,272.840000,483.920000,266.950000,374.290000
NaN,NaN,272.450000,483.100000,266.920000,374.280000
NaN,NaN,272.250000,482.690000,266.880000,374.330000
NaN,NaN,272.050000,482.700000,266.870000,374.260000
NaN,NaN,272.020000,483.080000,266.880000,374.210000
NaN,NaN,272.020000,483.000000,266.880000,374.240000
NaN,NaN,272.160000,482.950000,266.770000,374.250000
NaN,NaN,272.080000,482.930000,266.860000,374.230000
NaN,NaN,272.060000,482.960000,266.820000,374.280000
NaN,NaN,272.080000,482.950000,266.770000,374.290000
NaN,NaN,271.970000,482.940000,266.720000,374.330000
NaN,NaN,272.100000,482.870000,266.680000,374.340000
NaN,NaN,271.910000,482.880000,266.660000,374.340000
NaN,NaN,271.620000,482.820000,266.600000,374.350000
NaN,NaN,271.610000,482.770000,266.510000,374.370000
NaN,NaN,271.820000,482.690000,266.440000,374.320000
NaN,NaN,271.730000,482.670000,266.460000,374.350000
NaN,NaN,271.630000,482.650000,266.450000,374.300000
NaN,NaN,271.420000,482.560000,266.460000,374.280000
NaN,NaN,271.280000,482.060000,266.360000,374.320000
NaN,NaN,271.260000,482.040000,266.260000,374.370000
NaN,NaN,271.150000,481.960000,266.180000,374.380000
NaN,NaN,271.100000,481.870000,266.330000,374.420000
NaN,NaN,271.100000,481.820000,266.320000,374.410000
NaN,NaN,271.060000,481.780000,266.340000,374.400000
NaN,NaN,270.880000,481.640000,266.320000,374.380000
NaN,NaN,270.880000,481.450000,266.240000,374.520000
NaN,NaN,270.800000,480.870000,266.120000,374.770000
NaN,NaN,270.810000,480.130000,266.040000,374.790000
NaN,NaN,270.910000,479.240000,266.070000,374.800000
NaN,NaN,270.460000,479.660000,266.100000,374.800000
NaN,NaN,270.310000,480.050000,266.020000,374.790000
NaN,NaN,270.080000,480.050000,266.120000,374.800000
NaN,NaN,270.160000,480.000000,266.030000,374.850000
NaN,NaN,270.240000,479.990000,265.990000,374.840000
NaN,NaN,270.100000,479.900000,265.850000,374.910000
NaN,NaN,269.990000,479.930000,265.890000,374.890000
NaN,NaN,269.780000,479.930000,265.890000,374.880000
NaN,NaN,269.990000,479.920000,265.860000,374.870000
NaN,NaN,270.040000,479.740000,265.940000,374.830000
NaN,NaN,269.750000,479.820000,265.930000,374.860000
NaN,NaN,269.460000,479.840000,265.940000,374.870000
NaN,NaN,269.720000,479.820000,265.920000,374.900000
NaN,NaN,269.870000,479.680000,265.830000,374.900000
NaN,NaN,269.660000,479.700000,265.760000,374.930000
NaN,NaN,269.580000,479.580000,265.750000,374.960000
NaN,NaN,268.740000,478.810000,265.750000,374.920000
NaN,NaN,268.750000,478.150000,265.760000,374.930000
NaN,NaN,268.990000,477.250000,265.770000,374.940000
NaN,NaN,268.300000,477.890000,265.780000,374.960000
NaN,NaN,268.200000,477.910000,265.790000,374.930000
NaN,NaN,268.350000,477.910000,265.770000,374.960000
NaN,NaN,268.500000,477.940000,265.820000,374.970000
NaN,NaN,268.410000,477.830000,265.790000,374.990000
NaN,NaN,268.240000,477.810000,265.860000,374.960000
NaN,NaN,268.210000,477.770000,265.840000,374.980000
NaN,NaN,268.070000,477.610000,265.770000,375.010000
NaN,NaN,268.110000,477.090000,265.850000,374.970000
NaN,NaN,268.280000,477.060000,265.730000,375.030000
NaN,NaN,268.240000,476.990000,265.710000,375.030000
NaN,NaN,268.290000,476.950000,265.780000,375.000000
NaN,NaN,268.230000,476.880000,265.780000,375.010000
NaN,NaN,268.090000,476.870000,265.770000,375.020000
NaN,NaN,268.010000,476.860000,265.730000,375.040000
NaN,NaN,268.030000,476.740000,265.760000,375.010000
NaN,NaN,267.990000,476.550000,265.730000,375.030000
NaN,NaN,267.680000,476.010000,265.740000,375.050000
NaN,NaN,266.950000,475.850000,265.680000,375.060000
NaN,NaN,267.050000,475.860000,265.640000,375.100000
NaN,NaN,267.150000,475.610000,265.580000,375.090000
NaN,NaN,267.290000,475.010000,265.610000,375.080000
NaN,NaN,266.880000,474.300000,265.630000,375.090000
NaN,NaN,267.180000,474.160000,265.680000,375.070000
NaN,NaN,267.000000,474.160000,265.640000,375.090000
NaN,NaN,266.890000,474.100000,265.650000,375.080000
NaN,NaN,267.280000,474.070000,265.560000,375.070000
NaN,NaN,267.420000,474.090000,265.460000,375.090000
NaN,NaN,267.250000,474.020000,265.520000,375.040000
NaN,NaN,266.870000,473.940000,265.510000,375.110000
NaN,NaN,267.050000,473.830000,265.490000,375.080000
NaN,NaN,266.960000,473.720000,265.410000,375.130000
NaN,NaN,266.890000,473.660000,265.420000,375.160000
NaN,NaN,266.690000,473.590000,265.440000,375.170000
NaN,NaN,266.460000,472.970000,265.400000,375.160000
NaN,NaN,266.170000,472.050000,265.430000,375.150000
NaN,NaN,266.080000,471.350000,265.480000,375.110000
NaN,NaN,265.970000,471.130000,265.500000,375.130000
NaN,NaN,266.050000,471.230000,265.470000,375.130000
NaN,NaN,266.160000,471.110000,265.410000,375.160000
NaN,NaN,266.430000,471.050000,265.390000,375.190000
NaN,NaN,266.560000,470.870000,265.370000,375.160000
NaN,NaN,266.860000,470.830000,265.400000,375.170000
NaN,NaN,266.800000,470.710000,265.280000,375.180000
NaN,NaN,266.730000,470.570000,265.260000,375.200000
NaN,NaN,266.760000,469.860000,265.170000,375.260000
NaN,NaN,266.360000,469.140000,265.230000,375.170000
NaN,NaN,266.010000,468.130000,265.310000,375.200000
NaN,NaN,265.960000,467.370000,265.380000,375.180000
NaN,NaN,265.920000,467.610000,265.280000,375.210000
NaN,NaN,265.900000,468.040000,265.320000,375.200000
NaN,NaN,266.030000,468.110000,265.280000,375.230000
NaN,NaN,265.980000,467.980000,265.280000,375.220000
NaN,NaN,265.920000,467.960000,265.240000,375.220000
NaN,NaN,266.100000,467.930000,265.180000,375.320000
NaN,NaN,266.050000,467.900000,265.240000,375.240000
NaN,NaN,265.970000,467.800000,265.270000,375.280000
NaN,NaN,266.030000,467.770000,265.200000,375.270000
NaN,NaN,266.010000,467.680000,265.320000,375.300000
NaN,NaN,266.100000,467.570000,265.250000,375.320000
NaN,NaN,266.010000,466.650000,265.260000,375.330000
NaN,NaN,265.900000,465.990000,265.220000,375.350000
NaN,NaN,266.000000,465.180000,265.190000,375.300000
NaN,NaN,266.700000,464.360000,265.210000,375.410000
NaN,NaN,266.670000,464.080000,265.220000,375.380000
NaN,NaN,266.700000,464.040000,265.120000,375.410000
NaN,NaN,265.320000,464.000000,265.080000,375.430000
NaN,NaN,265.390000,464.040000,265.140000,375.430000
NaN,NaN,265.760000,464.000000,265.090000,375.500000
NaN,NaN,266.320000,463.880000,265.000000,375.760000
NaN,NaN,266.910000,463.650000,265.020000,375.790000
NaN,NaN,267.010000,462.860000,265.010000,375.800000
NaN,NaN,266.770000,461.960000,265.000000,375.810000
NaN,NaN,263.840517,462.350018,265.000000,375.820000
NaN,NaN,263.950000,461.890000,265.040000,375.800000
NaN,NaN,263.860000,461.720000,265.000000,375.820000
NaN,NaN,264.000000,461.630000,264.940000,375.860000
NaN,NaN,263.970000,461.360000,264.890000,375.900000
NaN,NaN,263.940000,460.810000,264.960000,375.870000
NaN,NaN,263.800000,460.050000,264.970000,375.920000
NaN,NaN,263.800000,459.400000,264.970000,375.910000
NaN,NaN,263.790000,459.150000,265.000000,375.950000
NaN,NaN,263.850000,458.930000,264.950000,376.000000
NaN,NaN,263.880000,458.730000,264.990000,375.960000
NaN,NaN,263.870000,458.390000,264.960000,376.020000
NaN,NaN,263.840000,457.890000,264.970000,376.050000
NaN,NaN,263.830000,457.210000,264.940000,376.080000
NaN,NaN,263.860000,457.040000,264.990000,376.100000
NaN,NaN,263.840000,456.870000,264.930000,376.110000
NaN,NaN,263.830000,456.750000,264.960000,376.160000
NaN,NaN,263.870000,456.430000,264.920000,376.190000
NaN,NaN,263.770000,455.830000,265.010000,376.210000
NaN,NaN,263.800000,455.120000,265.000000,376.270000
NaN,NaN,263.810000,454.430000,264.920000,376.280000
NaN,NaN,263.850000,454.210000,264.930000,376.360000
NaN,NaN,263.830000,454.000000,264.930000,376.390000
NaN,NaN,263.850000,453.870000,264.920000,376.550000
NaN,NaN,263.760000,453.740000,264.840000,376.730000
NaN,NaN,263.760000,453.370000,264.830000,376.780000
NaN,NaN,263.690000,452.750000,264.790000,376.870000
NaN,NaN,263.620000,451.970000,264.830000,376.880000
NaN,NaN,263.570000,451.130000,264.850000,376.890000
NaN,NaN,263.550000,450.570000,264.910000,376.920000
NaN,NaN,263.510000,450.260000,264.920000,376.920000
NaN,NaN,263.100000,450.110000,264.980000,376.970000
NaN,NaN,263.130000,449.910000,264.940000,376.960000
NaN,NaN,263.030000,449.650000,264.820000,377.070000
NaN,NaN,262.950000,448.920000,264.830000,377.070000
NaN,NaN,262.900000,448.080000,264.910000,377.120000
NaN,NaN,262.850000,447.530000,265.030000,377.060000
NaN,NaN,262.940000,447.150000,264.910000,377.160000
NaN,NaN,262.920000,446.950000,264.890000,377.210000
NaN,NaN,262.890000,446.710000,264.870000,377.210000
NaN,NaN,262.840000,445.970000,264.890000,377.200000
NaN,NaN,262.670000,445.230000,264.900000,377.200000
NaN,NaN,262.700000,444.960000,264.830000,377.240000
NaN,NaN,262.770000,444.690000,264.900000,377.250000
NaN,NaN,262.720000,443.960000,264.890000,377.220000
NaN,NaN,262.470000,443.160000,264.930000,377.220000
NaN,NaN,262.140000,442.440000,264.900000,377.270000
NaN,NaN,262.060000,442.170000,264.950000,377.260000
NaN,NaN,262.140000,441.970000,264.980000,377.300000
NaN,NaN,262.210000,441.810000,264.940000,377.310000
NaN,NaN,262.150000,441.340000,265.030000,377.380000
NaN,NaN,262.190000,440.670000,264.990000,377.360000
NaN,NaN,262.180000,439.930000,264.970000,377.410000
NaN,NaN,262.100000,439.170000,264.890000,377.390000
NaN,NaN,262.130000,438.760000,264.850000,377.380000
NaN,NaN,262.120000,438.290000,264.850000,377.380000
NaN,NaN,262.250000,438.020000,264.900000,377.350000
NaN,NaN,262.240000,437.800000,264.910000,377.340000
263.223082,435.254445,262.250000,437.540000,264.840000,377.390000
264.457951,435.254445,262.190000,436.850000,264.870000,377.370000
262.605647,432.733926,262.330000,436.020000,264.890000,377.400000
262.605647,429.583278,262.190000,435.200000,264.920000,377.360000
264.457951,430.213408,262.170000,434.770000,264.880000,377.400000
263.223082,428.323019,262.220000,434.420000,264.840000,377.430000
264.457951,425.172371,262.220000,434.180000,264.820000,377.500000
263.840517,425.172371,262.220000,434.060000,264.730000,377.760000
264.457951,422.021723,262.230000,433.920000,264.700000,377.810000
264.457951,421.391593,262.360000,433.870000,264.730000,377.780000
264.457951,418.240945,262.480000,433.700000,264.660000,377.810000
265.075386,412.569779,263.070000,433.590000,264.680000,377.750000
264.457951,405.638353,263.370000,432.890000,264.850000,377.660000
265.692821,398.076798,263.250000,431.870000,265.000000,377.560000
265.692821,393.035761,262.900000,431.310000,264.990000,377.140000
265.692821,383.583817,262.930000,430.980000,265.692821,377.912650
266.927690,379.803039,262.810000,430.910000,265.692821,377.912650
266.927690,374.762002,262.830000,430.870000,265.692821,377.912650
266.927690,372.241484,262.860000,430.690000,265.692821,374.762002
268.779994,369.720965,262.890000,430.630000,265.692821,372.241484
269.397429,369.090836,262.880000,430.020000,265.692821,372.241484
269.397429,364.679928,262.890000,429.240000,265.692821,371.611354
269.397429,364.679928,262.830000,429.170000,268.162560,367.830576
270.014864,361.529280,262.850000,428.790000,270.014864,364.679928
270.014864,360.269021,262.870000,428.610000,270.014864,364.049799
271.249733,358.378632,262.860000,428.140000,270.014864,363.419669
271.867168,357.118373,262.880000,428.070000,270.632298,360.269021
271.867168,357.118373,262.890000,427.680000,271.249733,358.378632
271.867168,357.118373,262.950000,427.150000,271.249733,357.118373
271.867168,354.597855,262.950000,427.040000,271.249733,357.118373
271.867168,353.967725,262.950000,426.920000,271.249733,357.118373
271.867168,353.967725,262.920000,426.680000,271.249733,357.118373
271.867168,353.967725,262.880000,426.300000,271.249733,357.118373
271.867168,353.967725,262.850000,426.250000,270.632298,359.638892
271.867168,353.967725,262.770000,426.160000,270.632298,359.638892
271.867168,353.967725,262.750000,425.980000,270.632298,359.638892
271.867168,355.227984,262.700000,425.570000,270.014864,361.529280
271.867168,357.118373,262.590000,425.060000,270.014864,361.529280
271.867168,358.378632,261.990000,425.160000,270.014864,362.789540
271.867168,359.008762,261.290000,425.280000,270.014864,364.049799
271.867168,359.008762,261.290000,425.080000,270.014864,364.679928
271.249733,359.638892,261.190000,425.000000,270.014864,364.679928
270.632298,361.529280,261.170000,424.880000,270.014864,364.679928
270.014864,364.679928,261.150000,424.770000,270.014864,365.310058
269.397429,365.940188,261.120000,424.800000,270.014864,367.830576
269.397429,365.940188,261.180000,424.610000,270.014864,368.460706
269.397429,367.200447,261.170000,424.440000,270.014864,368.460706
269.397429,368.460706,261.130000,424.210000,270.014864,369.090836
269.397429,368.460706,261.170000,424.150000,270.014864,370.981224
269.397429,368.460706,261.100000,424.220000,270.014864,370.981224
269.397429,368.460706,261.070000,424.230000,270.014864,370.981224
269.397429,368.460706,261.070000,424.250000,270.014864,372.241484
268.779994,369.720965,261.080000,424.120000,270.014864,372.241484
268.779994,369.720965,261.050000,424.090000,270.014864,372.241484
268.779994,369.720965,261.010000,424.040000,270.014864,372.241484
268.779994,369.720965,260.950000,424.120000,270.014864,372.241484
268.779994,369.720965,260.910000,424.120000,270.014864,372.241484
268.779994,370.351095,260.930000,424.190000,270.014864,372.241484
268.779994,371.611354,260.890000,424.110000,270.014864,372.241484
268.162560,373.501743,260.900000,424.080000,270.014864,372.241484
268.162560,373.501743,260.860000,424.150000,270.014864,372.241484
267.545125,374.762002,260.870000,424.210000,270.014864,372.871613
267.545125,374.762002,260.890000,424.170000,270.014864,373.501743
267.545125,374.762002,260.810000,424.280000,270.014864,373.501743
267.545125,374.762002,260.830000,424.450000,270.014864,373.501743
267.545125,377.282521,260.880000,424.640000,270.014864,374.762002
267.545125,377.912650,260.850000,424.410000,270.014864,376.022261
267.545125,378.542780,260.870000,424.230000,270.014864,377.912650
266.927690,379.172909,260.790000,424.660000,270.014864,378.542780
266.927690,380.433169,260.780000,424.790000,270.014864,378.542780
266.310255,382.323557,260.780000,424.910000,270.014864,378.542780
265.692821,384.213946,260.790000,425.120000,270.014864,379.172909
264.457951,386.734465,260.790000,425.090000,270.014864,380.433169
264.457951,386.734465,260.820000,425.150000,270.014864,381.063298
264.457951,387.364594,260.870000,425.130000,270.014864,382.323557
264.457951,390.515242,260.860000,425.230000,270.014864,382.953687
264.457951,391.775502,260.690000,425.810000,269.397429,384.213946
264.457951,391.145372,260.580000,426.320000,269.397429,384.213946
264.457951,391.145372,259.810000,426.880000,269.397429,384.213946
264.457951,392.405631,259.030000,427.110000,269.397429,384.213946
264.457951,392.405631,258.180000,427.670000,269.397429,384.844076
264.457951,392.405631,257.500000,428.270000,268.779994,386.104335
264.457951,392.405631,257.540000,428.210000,268.779994,386.104335
264.457951,392.405631,257.450000,428.500000,268.779994,386.734465
264.457951,394.926150,257.730000,428.550000,268.779994,386.734465
263.840517,395.556279,258.140000,428.420000,268.162560,388.624854
263.840517,396.816539,258.860000,428.800000,266.310255,393.035761
263.840517,396.816539,259.580000,429.000000,266.310255,393.035761
261.988213,399.967187,259.620000,429.230000,266.310255,393.035761
261.988213,400.597316,259.150000,429.490000,266.310255,393.035761
261.988213,402.487705,258.680000,429.670000,265.692821,394.296020
261.988213,402.487705,258.050000,430.090000,265.075386,395.556279
261.988213,403.747964,257.360000,430.640000,264.457951,396.186409
261.988213,406.268483,253.961562,431.473667,263.223082,398.076798
261.988213,406.268483,253.870000,431.650000,262.605647,397.446668
261.988213,406.268483,253.670000,431.810000,261.988213,397.446668
261.988213,407.528742,253.680000,431.930000,261.988213,397.446668
261.988213,407.528742,253.840000,432.030000,260.753343,400.597316
261.988213,408.158872,253.850000,432.070000,260.753343,401.857575
261.988213,408.789001,253.920000,432.130000,258.901039,405.008223
261.988213,409.419131,253.980000,432.130000,258.901039,405.008223
261.988213,411.309520,253.990000,432.210000,258.901039,405.008223
261.988213,411.309520,253.930000,432.370000,258.901039,407.528742
261.988213,411.309520,253.840000,433.100000,258.901039,408.158872
261.988213,412.569779,253.560000,433.920000,258.901039,408.158872
261.988213,412.569779,253.100000,434.680000,258.901039,408.158872
261.370778,413.830038,252.990000,434.790000,258.901039,411.309520
261.370778,415.720427,252.920000,434.900000,258.901039,412.569779
261.370778,416.350556,252.920000,434.960000,258.901039,412.569779
260.753343,416.350556,253.020000,435.040000,258.901039,412.569779
260.753343,418.240945,253.070000,435.090000,258.901039,413.199908
260.753343,418.240945,253.240000,435.190000,258.901039,413.830038
260.135909,419.501204,253.280000,435.260000,258.901039,413.830038
260.135909,421.391593,253.390000,435.350000,258.901039,415.720427
259.518474,425.172371,253.100000,437.140000,258.901039,418.240945
259.518474,424.542241,252.760000,438.530000,258.901039,418.240945
259.518474,424.542241,252.530000,438.980000,258.901039,418.240945
259.518474,425.802501,252.630000,438.380000,258.901039,418.240945
259.518474,426.432630,252.950000,437.860000,258.901039,418.240945
259.518474,427.692889,253.180000,437.340000,258.901039,418.240945
259.518474,427.692889,253.240000,437.390000,258.901039,418.240945
259.518474,428.953149,253.130000,439.110000,258.901039,418.871075
259.518474,430.213408,253.090000,439.460000,258.901039,420.131334
259.518474,430.213408,253.110000,439.620000,258.901039,421.391593
259.518474,430.213408,253.170000,439.710000,258.901039,423.281982
259.518474,430.213408,253.260000,439.890000,258.901039,423.912112
259.518474,430.213408,253.260000,440.010000,258.901039,423.912112
259.518474,430.213408,253.350000,440.060000,258.901039,423.912112
259.518474,430.213408,253.430000,440.160000,258.901039,424.542241
259.518474,431.473667,253.680000,440.210000,258.901039,426.432630
259.518474,431.473667,253.870000,440.250000,258.901039,427.062760
259.518474,433.364056,253.970000,440.310000,258.283604,429.583278
259.518474,433.364056,254.140000,440.430000,258.283604,430.843537
259.518474,434.624315,253.990000,441.150000,258.283604,431.473667
259.518474,435.884574,253.940000,441.990000,258.283604,432.733926
259.518474,436.514704,253.900000,442.820000,258.283604,433.364056
259.518474,437.774963,253.880000,443.530000,258.283604,433.994186
259.518474,439.665352,253.940000,443.690000,258.283604,434.624315
259.518474,440.295482,253.970000,443.750000,258.283604,435.884574
259.518474,441.555741,253.940000,443.820000,258.283604,436.514704
259.518474,442.185870,253.910000,443.890000,258.283604,436.514704
259.518474,444.076259,253.920000,443.920000,258.283604,437.774963
259.518474,444.076259,254.020000,443.970000,258.283604,439.035222
259.518474,444.076259,254.070000,444.010000,258.283604,439.665352
259.518474,444.076259,254.210000,444.060000,258.283604,439.665352
259.518474,444.076259,254.540000,444.100000,258.283604,440.295482
259.518474,444.076259,254.890000,444.140000,258.283604,440.295482
259.518474,444.076259,254.990000,444.190000,258.283604,440.925611
259.518474,445.336519,255.010000,444.240000,258.283604,442.185870
259.518474,447.226907,255.080000,444.410000,258.283604,442.816000
259.518474,447.226907,254.970000,445.120000,258.283604,442.816000
259.518474,447.226907,254.930000,445.950000,258.283604,443.446130
259.518474,447.226907,254.850000,446.740000,258.283604,444.706389
259.518474,447.226907,254.830000,447.390000,258.283604,445.336519
259.518474,447.226907,254.860000,447.550000,258.283604,445.966648
NaN,NaN,254.960000,447.640000,258.283604,445.966648
NaN,NaN,254.990000,447.820000,258.283604,447.226907
NaN,NaN,255.070000,447.830000,258.283604,447.857037
NaN,NaN,255.130000,447.860000,258.283604,448.487167
NaN,NaN,255.330000,447.880000,258.283604,449.747426
NaN,NaN,255.760000,447.830000,258.283604,449.747426
NaN,NaN,256.120000,447.670000,258.283604,449.747426
NaN,NaN,256.360000,447.450000,258.283604,449.747426
NaN,NaN,257.000000,447.020000,258.283604,449.747426
NaN,NaN,257.230000,447.120000,258.283604,449.747426
NaN,NaN,257.440000,447.240000,258.283604,449.747426
NaN,NaN,257.660000,447.300000,258.283604,449.747426
NaN,NaN,257.810000,447.440000,258.283604,449.747426
NaN,NaN,257.890000,448.000000,258.283604,449.747426
NaN,NaN,257.970000,448.010000,258.283604,449.747426
NaN,NaN,258.020000,448.050000,258.283604,449.747426
NaN,NaN,258.120000,448.160000,258.283604,449.747426
NaN,NaN,258.440000,448.240000,258.283604,449.747426
NaN,NaN,258.860000,448.250000,NaN,NaN
NaN,NaN,258.990000,448.310000,NaN,NaN
NaN,NaN,259.020000,448.550000,NaN,NaN
NaN,NaN,258.970000,448.900000,NaN,NaN
NaN,NaN,259.190000,448.940000,NaN,NaN
NaN,NaN,259.320000,449.060000,NaN,NaN
NaN,NaN,259.750000,449.070000,NaN,NaN
NaN,NaN,259.930000,449.220000,NaN,NaN
NaN,NaN,260.510000,449.250000,NaN,NaN
NaN,NaN,260.760000,449.650000,NaN,NaN
NaN,NaN,260.630000,450.110000,NaN,NaN
NaN,NaN,260.750000,450.700000,NaN,NaN
NaN,NaN,260.660000,450.690000,NaN,NaN
NaN,NaN,261.020000,450.600000,NaN,NaN
NaN,NaN,261.050000,450.910000,NaN,NaN
NaN,NaN,261.210000,450.940000,NaN,NaN
NaN,NaN,261.910000,450.940000,NaN,NaN
NaN,NaN,261.490000,451.270000,NaN,NaN
NaN,NaN,261.200000,451.730000,NaN,NaN
NaN,NaN,261.410000,451.840000,NaN,NaN
NaN,NaN,261.940000,451.850000,NaN,NaN
NaN,NaN,262.070000,452.090000,NaN,NaN
NaN,NaN,262.200000,452.080000,NaN,NaN
NaN,NaN,262.900000,452.040000,NaN,NaN
NaN,NaN,262.850000,452.420000,NaN,NaN
NaN,NaN,262.800000,452.520000,NaN,NaN
NaN,NaN,262.910000,453.010000,NaN,NaN
NaN,NaN,263.090000,453.000000,NaN,NaN
NaN,NaN,263.210000,453.200000,NaN,NaN
NaN,NaN,263.370000,453.110000,NaN,NaN
NaN,NaN,264.350000,452.760000,NaN,NaN
NaN,NaN,264.800000,452.890000,NaN,NaN
NaN,NaN,264.400000,453.700000,NaN,NaN
NaN,NaN,264.020000,454.050000,NaN,NaN
NaN,NaN,264.250000,453.950000,NaN,NaN
NaN,NaN,264.950000,453.860000,NaN,NaN
NaN,NaN,265.210000,454.210000,NaN,NaN
NaN,NaN,265.750000,454.180000,NaN,NaN
NaN,NaN,265.720000,454.180000,NaN,NaN
NaN,NaN,265.990000,454.270000,NaN,NaN
NaN,NaN,265.750000,454.440000,NaN,NaN
NaN,NaN,265.230000,454.920000,NaN,NaN
NaN,NaN,266.000000,454.910000,NaN,NaN
NaN,NaN,265.950000,455.060000,NaN,NaN
NaN,NaN,267.430000,454.690000,NaN,NaN
NaN,NaN,267.545125,456.048722,NaN,NaN
NaN,NaN,268.040000,456.190000,NaN,NaN
NaN,NaN,268.090000,456.210000,NaN,NaN
NaN,NaN,268.200000,456.190000,NaN,NaN
NaN,NaN,268.220000,456.290000,NaN,NaN
NaN,NaN,268.400000,456.410000,NaN,NaN
NaN,NaN,268.830000,456.800000,NaN,NaN
NaN,NaN,268.980000,456.870000,NaN,NaN
NaN,NaN,269.050000,456.940000,NaN,NaN
NaN,NaN,269.090000,457.030000,NaN,NaN
NaN,NaN,269.180000,457.050000,NaN,NaN
NaN,NaN,269.310000,457.120000,NaN,NaN
NaN,NaN,269.460000,457.260000,NaN,NaN
NaN,NaN,270.030000,457.320000,NaN,NaN
NaN,NaN,270.440000,457.710000,NaN,NaN
NaN,NaN,270.630000,457.980000,NaN,NaN
NaN,NaN,270.730000,457.980000,NaN,NaN
NaN,NaN,270.820000,458.180000,NaN,NaN
NaN,NaN,270.880000,458.250000,NaN,NaN
NaN,NaN,270.960000,458.270000,NaN,NaN
NaN,NaN,271.170000,458.440000,NaN,NaN
NaN,NaN,271.320000,458.770000,NaN,NaN
NaN,NaN,271.380000,458.940000,NaN,NaN
NaN,NaN,271.500000,459.010000,NaN,NaN
NaN,NaN,271.930000,459.070000,NaN,NaN
NaN,NaN,272.000000,459.230000,NaN,NaN
NaN,NaN,272.050000,459.090000,NaN,NaN
NaN,NaN,272.180000,459.230000,NaN,NaN
NaN,NaN,272.200000,459.460000,NaN,NaN
NaN,NaN,272.430000,459.780000,NaN,NaN
NaN,NaN,272.850000,459.840000,NaN,NaN
NaN,NaN,272.990000,459.920000,NaN,NaN
NaN,NaN,273.080000,460.010000,NaN,NaN
NaN,NaN,273.150000,460.060000,NaN,NaN
NaN,NaN,273.370000,460.120000,NaN,NaN
NaN,NaN,273.810000,460.170000,NaN,NaN
NaN,NaN,273.930000,460.280000,NaN,NaN
NaN,NaN,273.970000,460.560000,NaN,NaN
NaN,NaN,273.980000,460.840000,NaN,NaN
NaN,NaN,274.080000,460.890000,NaN,NaN
NaN,NaN,274.150000,460.930000,NaN,NaN
NaN,NaN,274.250000,460.990000,NaN,NaN
NaN,NaN,274.410000,461.070000,NaN,NaN
NaN,NaN,275.010000,461.100000,NaN,NaN
NaN,NaN,275.670000,461.200000,NaN,NaN
NaN,NaN,275.840000,461.240000,NaN,NaN
NaN,NaN,275.850000,461.290000,NaN,NaN
NaN,NaN,275.960000,461.380000,NaN,NaN
NaN,NaN,275.950000,461.550000,NaN,NaN
NaN,NaN,276.050000,461.870000,NaN,NaN
NaN,NaN,276.090000,461.990000,NaN,NaN
NaN,NaN,276.410000,461.990000,NaN,NaN
NaN,NaN,276.830000,461.990000,NaN,NaN
NaN,NaN,276.880000,462.090000,NaN,NaN
NaN,NaN,277.000000,462.080000,NaN,NaN
NaN,NaN,277.170000,462.230000,NaN,NaN
NaN,NaN,277.190000,462.340000,NaN,NaN
NaN,NaN,277.180000,462.270000,NaN,NaN
NaN,NaN,277.270000,462.360000,NaN,NaN
NaN,NaN,277.310000,462.760000,NaN,NaN
NaN,NaN,277.400000,463.020000,NaN,NaN
NaN,NaN,277.560000,463.040000,NaN,NaN
NaN,NaN,277.980000,463.060000,NaN,NaN
NaN,NaN,278.010000,463.190000,NaN,NaN
NaN,NaN,278.090000,463.230000,NaN,NaN
NaN,NaN,278.190000,463.190000,NaN,NaN
NaN,NaN,278.430000,463.320000,NaN,NaN
NaN,NaN,278.950000,463.390000,NaN,NaN
NaN,NaN,278.900000,463.470000,NaN,NaN
NaN,NaN,278.900000,463.910000,NaN,NaN
NaN,NaN,278.940000,463.970000,NaN,NaN
NaN,NaN,279.060000,464.010000,NaN,NaN
NaN,NaN,279.160000,464.060000,NaN,NaN
NaN,NaN,279.200000,464.020000,NaN,NaN
NaN,NaN,279.180000,464.260000,NaN,NaN
NaN,NaN,279.160000,464.350000,NaN,NaN
NaN,NaN,279.230000,464.650000,NaN,NaN
NaN,NaN,279.380000,464.800000,NaN,NaN
NaN,NaN,279.970000,464.790000,NaN,NaN
NaN,NaN,280.060000,464.920000,NaN,NaN
NaN,NaN,280.030000,464.870000,NaN,NaN
NaN,NaN,280.180000,464.990000,NaN,NaN
NaN,NaN,280.240000,465.020000,NaN,NaN
NaN,NaN,280.210000,465.020000,NaN,NaN
NaN,NaN,280.310000,465.020000,NaN,NaN
NaN,NaN,280.420000,465.090000,NaN,NaN
NaN,NaN,280.850000,465.160000,NaN,NaN
NaN,NaN,281.000000,465.110000,NaN,NaN
NaN,NaN,280.990000,465.200000,NaN,NaN
NaN,NaN,280.920000,465.580000,NaN,NaN
NaN,NaN,281.030000,465.800000,NaN,NaN
NaN,NaN,281.130000,465.870000,NaN,NaN
NaN,NaN,281.110000,465.900000,NaN,NaN
NaN,NaN,281.210000,465.920000,NaN,NaN
NaN,NaN,281.080000,466.000000,NaN,NaN
NaN,NaN,281.280000,466.140000,NaN,NaN
NaN,NaN,281.390000,466.110000,NaN,NaN
NaN,NaN,281.800000,466.120000,NaN,NaN
NaN,NaN,281.740000,466.220000,NaN,NaN
NaN,NaN,281.840000,466.160000,NaN,NaN
NaN,NaN,281.890000,466.350000,NaN,NaN
NaN,NaN,281.780000,466.580000,NaN,NaN
NaN,NaN,281.850000,466.850000,NaN,NaN
NaN,NaN,281.880000,466.800000,NaN,NaN
NaN,NaN,281.900000,466.970000,NaN,NaN
NaN,NaN,281.830000,466.980000,NaN,NaN
NaN,NaN,281.850000,467.080000,NaN,NaN
NaN,NaN,281.830000,467.070000,NaN,NaN
NaN,NaN,281.850000,467.160000,NaN,NaN
NaN,NaN,281.800000,467.290000,NaN,NaN
NaN,NaN,281.890000,467.330000,NaN,NaN
NaN,NaN,281.900000,467.390000,NaN,NaN
NaN,NaN,281.920000,467.430000,NaN,NaN
NaN,NaN,281.810000,467.530000,NaN,NaN
NaN,NaN,281.840000,467.940000,NaN,NaN
NaN,NaN,281.900000,467.960000,NaN,NaN
NaN,NaN,281.910000,468.010000,NaN,NaN
NaN,NaN,281.890000,467.970000,NaN,NaN
NaN,NaN,281.890000,468.100000,NaN,NaN
NaN,NaN,281.920000,468.140000,NaN,NaN
NaN,NaN,282.020000,468.200000,NaN,NaN
NaN,NaN,281.950000,468.290000,NaN,NaN
NaN,NaN,281.930000,468.260000,NaN,NaN
NaN,NaN,281.980000,468.420000,NaN,NaN
NaN,NaN,281.850000,468.850000,NaN,NaN
NaN,NaN,281.800000,468.800000,NaN,NaN
NaN,NaN,281.800000,468.920000,NaN,NaN
NaN,NaN,281.690000,469.050000,NaN,NaN
NaN,NaN,281.800000,469.150000,NaN,NaN
NaN,NaN,281.820000,469.070000,NaN,NaN
NaN,NaN,281.750000,469.150000,NaN,NaN
NaN,NaN,281.750000,469.260000,NaN,NaN
NaN,NaN,281.580000,469.190000,NaN,NaN
NaN,NaN,281.070000,469.240000,NaN,NaN
NaN,NaN,281.030000,469.350000,NaN,NaN
NaN,NaN,281.100000,469.380000,NaN,NaN
NaN,NaN,281.150000,469.400000,NaN,NaN
NaN,NaN,281.090000,469.440000,NaN,NaN
NaN,NaN,281.130000,469.550000,NaN,NaN
NaN,NaN,281.020000,469.820000,NaN,NaN
NaN,NaN,280.960000,469.860000,NaN,NaN
NaN,NaN,280.750000,469.850000,NaN,NaN
NaN,NaN,280.760000,469.920000,NaN,NaN
NaN,NaN,280.740000,469.980000,NaN,NaN
NaN,NaN,280.770000,470.060000,NaN,NaN
NaN,NaN,280.810000,470.190000,NaN,NaN
NaN,NaN,280.790000,470.310000,NaN,NaN
NaN,NaN,280.800000,470.210000,NaN,NaN
NaN,NaN,280.690000,470.190000,NaN,NaN
NaN,NaN,280.810000,470.320000,NaN,NaN
NaN,NaN,280.710000,470.380000,NaN,NaN
NaN,NaN,280.640000,470.320000,NaN,NaN
NaN,NaN,280.530000,470.380000,NaN,NaN
NaN,NaN,280.040000,470.530000,NaN,NaN
NaN,NaN,279.980000,470.910000,NaN,NaN
NaN,NaN,279.930000,470.910000,NaN,NaN
NaN,NaN,279.860000,470.920000,NaN,NaN
NaN,NaN,279.900000,470.990000,NaN,NaN
NaN,NaN,279.870000,471.130000,NaN,NaN
NaN,NaN,279.830000,471.080000,NaN,NaN
NaN,NaN,279.720000,471.140000,NaN,NaN
NaN,NaN,279.740000,471.180000,NaN,NaN
NaN,NaN,279.710000,471.230000,NaN,NaN
NaN,NaN,279.570000,471.300000,NaN,NaN
NaN,NaN,279.000000,471.380000,NaN,NaN
NaN,NaN,279.010000,471.350000,NaN,NaN
NaN,NaN,279.010000,471.290000,NaN,NaN
NaN,NaN,278.980000,471.370000,NaN,NaN
NaN,NaN,278.940000,471.630000,NaN,NaN
NaN,NaN,278.850000,471.920000,NaN,NaN
NaN,NaN,278.740000,471.990000,NaN,NaN
NaN,NaN,278.750000,472.070000,NaN,NaN
NaN,NaN,278.630000,472.050000,NaN,NaN
NaN,NaN,278.610000,472.050000,NaN,NaN
NaN,NaN,278.540000,472.050000,NaN,NaN
NaN,NaN,277.970000,472.260000,NaN,NaN
NaN,NaN,277.950000,472.260000,NaN,NaN
NaN,NaN,277.940000,472.270000,NaN,NaN
NaN,NaN,277.910000,472.370000,NaN,NaN
NaN,NaN,277.920000,472.630000,NaN,NaN
NaN,NaN,277.890000,472.940000,NaN,NaN
NaN,NaN,277.830000,472.980000,NaN,NaN
NaN,NaN,277.810000,473.010000,NaN,NaN
NaN,NaN,277.830000,472.960000,NaN,NaN
NaN,NaN,277.740000,473.030000,NaN,NaN
NaN,NaN,277.780000,473.080000,NaN,NaN
NaN,NaN,277.720000,473.070000,NaN,NaN
NaN,NaN,277.630000,473.080000,NaN,NaN
NaN,NaN,277.500000,473.140000,NaN,NaN
NaN,NaN,276.860000,473.060000,NaN,NaN
NaN,NaN,276.200000,473.110000,NaN,NaN
NaN,NaN,276.110000,473.240000,NaN,NaN
NaN,NaN,276.050000,473.250000,NaN,NaN
NaN,NaN,276.040000,473.380000,NaN,NaN
NaN,NaN,275.990000,473.390000,NaN,NaN
NaN,NaN,275.920000,473.420000,NaN,NaN
NaN,NaN,275.920000,473.440000,NaN,NaN
NaN,NaN,275.920000,473.650000,NaN,NaN
NaN,NaN,275.900000,474.040000,NaN,NaN
NaN,NaN,275.830000,474.070000,NaN,NaN
NaN,NaN,275.780000,474.110000,NaN,NaN
NaN,NaN,275.810000,474.120000,NaN,NaN
NaN,NaN,275.710000,474.260000,NaN,NaN
NaN,NaN,275.630000,474.310000,NaN,NaN
NaN,NaN,275.590000,474.320000,NaN,NaN
NaN,NaN,275.590000,474.240000,NaN,NaN
NaN,NaN,275.440000,474.430000,NaN,NaN
NaN,NaN,274.930000,474.840000,NaN,NaN
NaN,NaN,274.890000,474.910000,NaN,NaN
NaN,NaN,274.840000,474.910000,NaN,NaN
NaN,NaN,274.790000,474.870000,NaN,NaN
NaN,NaN,274.800000,474.990000,NaN,NaN
NaN,NaN,274.800000,475.020000,NaN,NaN
NaN,NaN,274.600000,475.110000,NaN,NaN
NaN,NaN,274.010000,475.130000,NaN,NaN
NaN,NaN,273.940000,475.150000,NaN,NaN
NaN,NaN,273.990000,475.220000,NaN,NaN
NaN,NaN,273.970000,475.240000,NaN,NaN
NaN,NaN,273.950000,475.320000,NaN,NaN
NaN,NaN,273.970000,475.260000,NaN,NaN
NaN,NaN,273.890000,475.420000,NaN,NaN
NaN,NaN,273.940000,475.850000,NaN,NaN
NaN,NaN,273.810000,475.880000,NaN,NaN
NaN,NaN,273.800000,475.890000,NaN,NaN
NaN,NaN,273.750000,476.000000,NaN,NaN
NaN,NaN,273.730000,476.020000,NaN,NaN
NaN,NaN,273.700000,476.030000,NaN,NaN
NaN,NaN,273.610000,476.050000,NaN,NaN
NaN,NaN,273.520000,476.060000,NaN,NaN
NaN,NaN,272.970000,476.080000,NaN,NaN
NaN,NaN,272.970000,476.100000,NaN,NaN
NaN,NaN,272.940000,476.100000,NaN,NaN
NaN,NaN,272.980000,476.160000,NaN,NaN
NaN,NaN,272.980000,476.140000,NaN,NaN
NaN,NaN,272.870000,476.230000,NaN,NaN
NaN,NaN,272.950000,476.290000,NaN,NaN
NaN,NaN,272.900000,476.300000,NaN,NaN
NaN,NaN,272.860000,476.410000,NaN,NaN
NaN,NaN,272.880000,476.400000,NaN,NaN
NaN,NaN,272.800000,476.440000,NaN,NaN
NaN,NaN,272.730000,476.680000,NaN,NaN
NaN,NaN,272.720000,477.120000,NaN,NaN
NaN,NaN,272.360000,477.600000,NaN,NaN
NaN,NaN,271.940000,477.730000,NaN,NaN
NaN,NaN,271.750000,477.780000,NaN,NaN
NaN,NaN,271.860000,477.780000,NaN,NaN
NaN,NaN,271.870000,477.720000,NaN,NaN
NaN,NaN,271.740000,477.890000,NaN,NaN
NaN,NaN,271.800000,477.880000,NaN,NaN
NaN,NaN,271.800000,477.980000,NaN,NaN
NaN,NaN,271.820000,477.930000,NaN,NaN
NaN,NaN,271.720000,478.050000,NaN,NaN
NaN,NaN,271.640000,478.070000,NaN,NaN
NaN,NaN,271.720000,478.140000,NaN,NaN
NaN,NaN,271.750000,478.230000,NaN,NaN
NaN,NaN,271.690000,478.330000,NaN,NaN
NaN,NaN,271.620000,478.320000,NaN,NaN
NaN,NaN,271.450000,478.310000,NaN,NaN
NaN,NaN,270.970000,478.360000,NaN,NaN
NaN,NaN,270.980000,478.570000,NaN,NaN
NaN,NaN,270.940000,478.910000,NaN,NaN
NaN,NaN,270.940000,478.940000,NaN,NaN
NaN,NaN,270.870000,478.880000,NaN,NaN
NaN,NaN,270.870000,478.910000,NaN,NaN
NaN,NaN,270.870000,478.950000,NaN,NaN
NaN,NaN,270.780000,479.120000,NaN,NaN
NaN,NaN,270.900000,479.090000,NaN,NaN
NaN,NaN,270.860000,479.260000,NaN,NaN
NaN,NaN,270.820000,479.270000,NaN,NaN
NaN,NaN,270.760000,479.160000,NaN,NaN
NaN,NaN,270.760000,479.300000,NaN,NaN
NaN,NaN,270.800000,479.380000,NaN,NaN
NaN,NaN,270.790000,479.470000,NaN,NaN
NaN,NaN,270.660000,479.780000,NaN,NaN
NaN,NaN,270.670000,479.780000,NaN,NaN
NaN,NaN,270.680000,479.740000,NaN,NaN
NaN,NaN,270.620000,479.870000,NaN,NaN
NaN,NaN,270.690000,480.100000,NaN,NaN
NaN,NaN,270.640000,480.010000,NaN,NaN
NaN,NaN,270.540000,480.010000,NaN,NaN
NaN,NaN,269.990000,479.980000,NaN,NaN
NaN,NaN,269.940000,480.280000,NaN,NaN
NaN,NaN,270.050000,480.140000,NaN,NaN
NaN,NaN,269.970000,480.050000,NaN,NaN
NaN,NaN,269.850000,480.590000,NaN,NaN
NaN,NaN,269.860000,480.880000,NaN,NaN
NaN,NaN,269.810000,480.740000,NaN,NaN
NaN,NaN,269.780000,480.870000,NaN,NaN
NaN,NaN,269.800000,480.940000,NaN,NaN
NaN,NaN,269.730000,480.960000,NaN,NaN
NaN,NaN,269.790000,480.890000,NaN,NaN
NaN,NaN,269.760000,481.080000,NaN,NaN
NaN,NaN,269.740000,481.020000,NaN,NaN
NaN,NaN,269.710000,481.110000,NaN,NaN
NaN,NaN,269.760000,481.140000,NaN,NaN
NaN,NaN,269.710000,481.230000,NaN,NaN
NaN,NaN,269.690000,481.360000,NaN,NaN
NaN,NaN,269.710000,481.450000,NaN,NaN
NaN,NaN,269.740000,481.770000,NaN,NaN
NaN,NaN,269.770000,481.770000,NaN,NaN
NaN,NaN,269.680000,481.820000,NaN,NaN
NaN,NaN,269.640000,481.770000,NaN,NaN
NaN,NaN,269.680000,481.790000,NaN,NaN
NaN,NaN,269.500000,481.920000,NaN,NaN
NaN,NaN,269.090000,481.950000,NaN,NaN
NaN,NaN,268.990000,482.000000,NaN,NaN
NaN,NaN,269.100000,481.900000,NaN,NaN
NaN,NaN,269.080000,481.970000,NaN,NaN
NaN,NaN,269.090000,481.970000,NaN,NaN
NaN,NaN,269.120000,482.030000,NaN,NaN
NaN,NaN,269.100000,481.980000,NaN,NaN
NaN,NaN,269.040000,481.990000,NaN,NaN
NaN,NaN,269.110000,482.200000,NaN,NaN
NaN,NaN,269.070000,482.250000,NaN,NaN
NaN,NaN,268.990000,482.120000,NaN,NaN
NaN,NaN,268.880000,482.320000,NaN,NaN
NaN,NaN,268.930000,482.330000,NaN,NaN
NaN,NaN,268.950000,482.250000,NaN,NaN
NaN,NaN,268.880000,482.360000,NaN,NaN
NaN,NaN,268.950000,482.450000,NaN,NaN
NaN,NaN,268.970000,482.830000,NaN,NaN
NaN,NaN,268.930000,482.860000,NaN,NaN
NaN,NaN,268.990000,482.910000,NaN,NaN
NaN,NaN,268.940000,482.920000,NaN,NaN
NaN,NaN,268.710000,483.250000,NaN,NaN
NaN,NaN,268.800000,483.240000,NaN,NaN
NaN,NaN,268.570000,483.140000,NaN,NaN
NaN,NaN,268.190000,483.250000,NaN,NaN
NaN,NaN,268.100000,483.540000,NaN,NaN
NaN,NaN,268.110000,483.790000,NaN,NaN
NaN,NaN,268.290000,483.870000,NaN,NaN
NaN,NaN,268.160000,483.840000,NaN,NaN
NaN,NaN,268.100000,483.860000,NaN,NaN
NaN,NaN,268.210000,483.980000,NaN,NaN
NaN,NaN,268.020000,484.100000,NaN,NaN
NaN,NaN,268.070000,483.990000,NaN,NaN
NaN,NaN,268.150000,483.960000,NaN,NaN
NaN,NaN,268.090000,484.040000,NaN,NaN
NaN,NaN,268.100000,484.040000,NaN,NaN
NaN,NaN,268.080000,484.120000,NaN,NaN
NaN,NaN,268.030000,484.160000,NaN,NaN
NaN,NaN,267.860000,484.180000,NaN,NaN
NaN,NaN,267.920000,484.290000,NaN,NaN
NaN,NaN,267.930000,484.390000,NaN,NaN
NaN,NaN,267.950000,484.270000,NaN,NaN
NaN,NaN,267.980000,484.530000,NaN,NaN
NaN,NaN,267.900000,484.710000,NaN,NaN
NaN,NaN,268.000000,484.820000,NaN,NaN
NaN,NaN,268.020000,484.730000,NaN,NaN
NaN,NaN,267.970000,484.780000,NaN,NaN
NaN,NaN,267.970000,484.830000,NaN,NaN
NaN,NaN,267.910000,484.820000,NaN,NaN
NaN,NaN,267.990000,484.890000,NaN,NaN
NaN,NaN,267.960000,484.920000,NaN,NaN
NaN,NaN,267.930000,484.950000,NaN,NaN
NaN,NaN,267.860000,484.970000,NaN,NaN
NaN,NaN,267.870000,485.000000,NaN,NaN
NaN,NaN,267.790000,484.970000,NaN,NaN
NaN,NaN,267.830000,484.980000,NaN,NaN
NaN,NaN,267.810000,485.150000,NaN,NaN
NaN,NaN,267.880000,485.270000,NaN,NaN
NaN,NaN,267.780000,485.080000,NaN,NaN
NaN,NaN,267.770000,485.040000,NaN,NaN
NaN,NaN,267.710000,485.240000,NaN,NaN
NaN,NaN,267.780000,485.600000,NaN,NaN
NaN,NaN,267.740000,485.370000,NaN,NaN
NaN,NaN,267.620000,485.320000,NaN,NaN
NaN,NaN,267.660000,485.340000,NaN,NaN
NaN,NaN,267.670000,485.400000,NaN,NaN
NaN,NaN,267.610000,485.300000,NaN,NaN
NaN,NaN,267.600000,485.350000,NaN,NaN
NaN,NaN,267.680000,485.840000,NaN,NaN
NaN,NaN,267.360000,485.680000,NaN,NaN
NaN,NaN,267.060000,485.680000,NaN,NaN
NaN,NaN,267.180000,485.950000,NaN,NaN
NaN,NaN,267.100000,486.240000,NaN,NaN
NaN,NaN,267.210000,486.080000,NaN,NaN
NaN,NaN,267.220000,486.050000,NaN,NaN
NaN,NaN,267.050000,486.370000,NaN,NaN
NaN,NaN,267.030000,486.680000,NaN,NaN
NaN,NaN,267.000000,486.790000,NaN,NaN
NaN,NaN,266.990000,486.790000,NaN,NaN
NaN,NaN,267.040000,486.740000,NaN,NaN
NaN,NaN,266.980000,486.730000,NaN,NaN
NaN,NaN,266.990000,486.780000,NaN,NaN
NaN,NaN,267.080000,486.740000,NaN,NaN
NaN,NaN,266.980000,486.720000,NaN,NaN
NaN,NaN,267.020000,486.740000,NaN,NaN
NaN,NaN,266.990000,486.860000,NaN,NaN
NaN,NaN,266.950000,486.870000,NaN,NaN
NaN,NaN,266.980000,486.920000,NaN,NaN
NaN,NaN,266.910000,486.890000,NaN,NaN
NaN,NaN,266.890000,487.000000,NaN,NaN
NaN,NaN,266.890000,486.940000,NaN,NaN
NaN,NaN,266.880000,486.710000,NaN,NaN
NaN,NaN,266.870000,486.770000,NaN,NaN
NaN,NaN,266.860000,486.930000,NaN,NaN
NaN,NaN,266.900000,486.950000,NaN,NaN
NaN,NaN,266.910000,486.940000,NaN,NaN
NaN,NaN,266.920000,486.940000,NaN,NaN
NaN,NaN,266.920000,487.000000,NaN,NaN
NaN,NaN,266.880000,487.000000,NaN,NaN
NaN,NaN,266.890000,487.000000,NaN,NaN
NaN,NaN,266.920000,487.050000,NaN,NaN
NaN,NaN,266.870000,487.110000,NaN,NaN
NaN,NaN,266.770000,487.140000,NaN,NaN
NaN,NaN,266.860000,487.040000,NaN,NaN
NaN,NaN,266.890000,487.110000,NaN,NaN
NaN,NaN,266.850000,487.170000,NaN,NaN
NaN,NaN,266.770000,487.230000,NaN,NaN
NaN,NaN,NaN,NaN,NaN,NaN
NaN,NaN,NaN,NaN,NaN,NaN
NaN,NaN,NaN,NaN,NaN,NaN
NaN,NaN,NaN,NaN,NaN,NaN
NaN,NaN,NaN,NaN,NaN,NaN
NaN,NaN,NaN,NaN,NaN,NaN
NaN,NaN,NaN,NaN,NaN,NaN
NaN,NaN,NaN,NaN,NaN,NaN
NaN,NaN,NaN,NaN,NaN,NaN
NaN,NaN,NaN,NaN,NaN,NaN
NaN,NaN,NaN,NaN,NaN,NaN
NaN,NaN,NaN,NaN,NaN,NaN
NaN,NaN,NaN,NaN,NaN,NaN
NaN,NaN,NaN,NaN,NaN,NaN
NaN,NaN,NaN,NaN,NaN,NaN
NaN,NaN,NaN,NaN,NaN,NaN
NaN,NaN,NaN,NaN,NaN,NaN
NaN,NaN,NaN,NaN,NaN,NaN
NaN,NaN,NaN,NaN,NaN,NaN
NaN,NaN,NaN,NaN,NaN,NaN
NaN,NaN,NaN,NaN,NaN,NaN
NaN,NaN,NaN,NaN,NaN,NaN
NaN,NaN,NaN,NaN,NaN,NaN
NaN,NaN,NaN,NaN,NaN,NaN
NaN,NaN,NaN,NaN,NaN,NaN
NaN,NaN,NaN,NaN,NaN,NaN
NaN,NaN,NaN,NaN,NaN,NaN
NaN,NaN,NaN,NaN,NaN,NaN
NaN,NaN,NaN,NaN,NaN,NaN
NaN,NaN,NaN,NaN,NaN,NaN
NaN,NaN,NaN,NaN,NaN,NaN
NaN,NaN,NaN,NaN,NaN,NaN
NaN,NaN,NaN,NaN,NaN,NaN
NaN,NaN,NaN,NaN,NaN,NaN
NaN,NaN,NaN,NaN,NaN,NaN
NaN,NaN,NaN,NaN,NaN,NaN
NaN,NaN,NaN,NaN,NaN,NaN
NaN,NaN,NaN,NaN,NaN,NaN
NaN,NaN,NaN,NaN,NaN,NaN
NaN,NaN,NaN,NaN,NaN,NaN
NaN,NaN,NaN,NaN,NaN,NaN
NaN,NaN,NaN,NaN,NaN,NaN
NaN,NaN,NaN,NaN,NaN,NaN
NaN,NaN,NaN,NaN,NaN,NaN
NaN,NaN,NaN,NaN,NaN,NaN
NaN,NaN,NaN,NaN,NaN,NaN
NaN,NaN,NaN,NaN,NaN,NaN
NaN,NaN,NaN,NaN,NaN,NaN
NaN,NaN,NaN,NaN,NaN,NaN
NaN,NaN,NaN,NaN,NaN,NaN
NaN,NaN,NaN,NaN,NaN,NaN
NaN,NaN,NaN,NaN,NaN,NaN
NaN,NaN,NaN,NaN,NaN,NaN
NaN,NaN,NaN,NaN,NaN,NaN
NaN,NaN,NaN,NaN,NaN,NaN
NaN,NaN,NaN,NaN,NaN,NaN
NaN,NaN,NaN,NaN,NaN,NaN
NaN,NaN,NaN,NaN,NaN,NaN
NaN,NaN,NaN,NaN,NaN,NaN
NaN,NaN,NaN,NaN,NaN,NaN
NaN,NaN,NaN,NaN,NaN,NaN
NaN,NaN,NaN,NaN,NaN,NaN
NaN,NaN,NaN,NaN,NaN,NaN
NaN,NaN,NaN,NaN,NaN,NaN
NaN,NaN,NaN,NaN,NaN,NaN
NaN,NaN,NaN,NaN,NaN,NaN
NaN,NaN,NaN,NaN,NaN,NaN
NaN,NaN,NaN,NaN,NaN,NaN
NaN,NaN,NaN,NaN,NaN,NaN
NaN,NaN,NaN,NaN,NaN,NaN
NaN,NaN,NaN,NaN,NaN,NaN
NaN,NaN,NaN,NaN,NaN,NaN
NaN,NaN,NaN,NaN,NaN,NaN
NaN,NaN,NaN,NaN,NaN,NaN
NaN,NaN,NaN,NaN,NaN,NaN
NaN,NaN,NaN,NaN,NaN,NaN
NaN,NaN,NaN,NaN,NaN,NaN
NaN,NaN,NaN,NaN,NaN,NaN
NaN,NaN,NaN,NaN,NaN,NaN
NaN,NaN,NaN,NaN,NaN,NaN
NaN,NaN,NaN,NaN,NaN,NaN
NaN,NaN,NaN,NaN,NaN,NaN
NaN,NaN,NaN,NaN,NaN,NaN
NaN,NaN,NaN,NaN,NaN,NaN
NaN,NaN,NaN,NaN,NaN,NaN
NaN,NaN,NaN,NaN,NaN,NaN
NaN,NaN,NaN,NaN,NaN,NaN
NaN,NaN,NaN,NaN,NaN,NaN
NaN,NaN,NaN,NaN,NaN,NaN
NaN,NaN,NaN,NaN,NaN,NaN
NaN,NaN,NaN,NaN,NaN,NaN
NaN,NaN,NaN,NaN,NaN,NaN
NaN,NaN,NaN,NaN,NaN,NaN
NaN,NaN,NaN,NaN,NaN,NaN
NaN,NaN,NaN,NaN,NaN,NaN
NaN,NaN,NaN,NaN,NaN,NaN
NaN,NaN,NaN,NaN,NaN,NaN
NaN,NaN,NaN,NaN,NaN,NaN
NaN,NaN,NaN,NaN,NaN,NaN
NaN,NaN,NaN,NaN,NaN,NaN
NaN,NaN,NaN,NaN,NaN,NaN
NaN,NaN,NaN,NaN,NaN,NaN
NaN,NaN,NaN,NaN,NaN,NaN
NaN,NaN,NaN,NaN,NaN,NaN
NaN,NaN,NaN,NaN,NaN,NaN
NaN,NaN,NaN,NaN,NaN,NaN
NaN,NaN,NaN,NaN,NaN,NaN
NaN,NaN,NaN,NaN,NaN,NaN
NaN,NaN,NaN,NaN,NaN,NaN
NaN,NaN,NaN,NaN,NaN,NaN
NaN,NaN,NaN,NaN,NaN,NaN
NaN,NaN,NaN,NaN,NaN,NaN
NaN,NaN,NaN,NaN,NaN,NaN
NaN,NaN,NaN,NaN,NaN,NaN
NaN,NaN,NaN,NaN,NaN,NaN
NaN,NaN,NaN,NaN,NaN,NaN
NaN,NaN,NaN,NaN,NaN,NaN
NaN,NaN,NaN,NaN,NaN,NaN
NaN,NaN,NaN,NaN,NaN,NaN
NaN,NaN,NaN,NaN,NaN,NaN
NaN,NaN,NaN,NaN,NaN,NaN
NaN,NaN,NaN,NaN,NaN,NaN
NaN,NaN,NaN,NaN,NaN,NaN
NaN,NaN,NaN,NaN,NaN,NaN
NaN,NaN,NaN,NaN,NaN,NaN
NaN,NaN,NaN,NaN,NaN,NaN
NaN,NaN,NaN,NaN,NaN,NaN
NaN,NaN,NaN,NaN,NaN,NaN
NaN,NaN,NaN,NaN,NaN,NaN
NaN,NaN,NaN,NaN,NaN,NaN
NaN,NaN,NaN,NaN,NaN,NaN
NaN,NaN,NaN,NaN,NaN,NaN
NaN,NaN,NaN,NaN,NaN,NaN
NaN,NaN,NaN,NaN,NaN,NaN
NaN,NaN,NaN,NaN,NaN,NaN
NaN,NaN,NaN,NaN,NaN,NaN
NaN,NaN,NaN,NaN,NaN,NaN
NaN,NaN,NaN,NaN,NaN,NaN
NaN,NaN,NaN,NaN,NaN,NaN
NaN,NaN,NaN,NaN,NaN,NaN
NaN,NaN,NaN,NaN,NaN,NaN
NaN,NaN,NaN,NaN,NaN,NaN
NaN,NaN,NaN,NaN,NaN,NaN
NaN,NaN,NaN,NaN,NaN,NaN
NaN,NaN,NaN,NaN,NaN,NaN
NaN,NaN,NaN,NaN,NaN,NaN
NaN,NaN,NaN,NaN,NaN,NaN
NaN,NaN,NaN,NaN,NaN,NaN
NaN,NaN,NaN,NaN,NaN,NaN
NaN,NaN,NaN,NaN,NaN,NaN
NaN,NaN,NaN,NaN,NaN,NaN
NaN,NaN,NaN,NaN,NaN,NaN
NaN,NaN,NaN,NaN,NaN,NaN
NaN,NaN,NaN,NaN,NaN,NaN
NaN,NaN,NaN,NaN,NaN,NaN
NaN,NaN,NaN,NaN,NaN,NaN
NaN,NaN,NaN,NaN,NaN,NaN
NaN,NaN,NaN,NaN,NaN,NaN
NaN,NaN,NaN,NaN,NaN,NaN
NaN,NaN,NaN,NaN,NaN,NaN
NaN,NaN,NaN,NaN,NaN,NaN
NaN,NaN,NaN,NaN,NaN,NaN
NaN,NaN,NaN,NaN,NaN,NaN
NaN,NaN,NaN,NaN,NaN,NaN
NaN,NaN,NaN,NaN,NaN,NaN
NaN,NaN,NaN,NaN,NaN,NaN
NaN,NaN,NaN,NaN,NaN,NaN
NaN,NaN,NaN,NaN,NaN,NaN
NaN,NaN,NaN,NaN,NaN,NaN
NaN,NaN,NaN,NaN,NaN,NaN
NaN,NaN,NaN,NaN,NaN,NaN
NaN,NaN,NaN,NaN,NaN,NaN
NaN,NaN,NaN,NaN,NaN,NaN
NaN,NaN,NaN,NaN,NaN,NaN
NaN,NaN,NaN,NaN,NaN,NaN
NaN,NaN,NaN,NaN,NaN,NaN
NaN,NaN,NaN,NaN,NaN,NaN
NaN,NaN,NaN,NaN,NaN,NaN
NaN,NaN,NaN,NaN,NaN,NaN
NaN,NaN,NaN,NaN,NaN,NaN
NaN,NaN,NaN,NaN,NaN,NaN
NaN,NaN,NaN,NaN,NaN,NaN
NaN,NaN,NaN,NaN,NaN,NaN
NaN,NaN,NaN,NaN,NaN,NaN
NaN,NaN,NaN,NaN,NaN,NaN
NaN,NaN,NaN,NaN,NaN,NaN
NaN,NaN,NaN,NaN,NaN,NaN
NaN,NaN,NaN,NaN,NaN,NaN
NaN,NaN,NaN,NaN,NaN,NaN
NaN,NaN,NaN,NaN,NaN,NaN
NaN,NaN,NaN,NaN,NaN,NaN
NaN,NaN,NaN,NaN,NaN,NaN
NaN,NaN,NaN,NaN,NaN,NaN
NaN,NaN,NaN,NaN,NaN,NaN
NaN,NaN,NaN,NaN,NaN,NaN
NaN,NaN,NaN,NaN,NaN,NaN
NaN,NaN,NaN,NaN,NaN,NaN
NaN,NaN,NaN,NaN,NaN,NaN
NaN,NaN,NaN,NaN,NaN,NaN
NaN,NaN,NaN,NaN,NaN,NaN
NaN,NaN,NaN,NaN,NaN,NaN
NaN,NaN,NaN,NaN,NaN,NaN
NaN,NaN,NaN,NaN,NaN,NaN
NaN,NaN,NaN,NaN,NaN,NaN
NaN,NaN,NaN,NaN,NaN,NaN
NaN,NaN,NaN,NaN,NaN,NaN
NaN,NaN,NaN,NaN,NaN,NaN
NaN,NaN,NaN,NaN,NaN,NaN
NaN,NaN,NaN,NaN,NaN,NaN
NaN,NaN,NaN,NaN,NaN,NaN
NaN,NaN,NaN,NaN,NaN,NaN
NaN,NaN,NaN,NaN,NaN,NaN
NaN,NaN,NaN,NaN,NaN,NaN
NaN,NaN,NaN,NaN,NaN,NaN
NaN,NaN,NaN,NaN,NaN,NaN
NaN,NaN,NaN,NaN,NaN,NaN
NaN,NaN,NaN,NaN,NaN,NaN
NaN,NaN,NaN,NaN,NaN,NaN
NaN,NaN,NaN,NaN,NaN,NaN
NaN,NaN,NaN,NaN,NaN,NaN
NaN,NaN,NaN,NaN,NaN,NaN
NaN,NaN,NaN,NaN,NaN,NaN
NaN,NaN,NaN,NaN,NaN,NaN
NaN,NaN,NaN,NaN,NaN,NaN
NaN,NaN,NaN,NaN,NaN,NaN
NaN,NaN,NaN,NaN,NaN,NaN
NaN,NaN,NaN,NaN,NaN,NaN
NaN,NaN,NaN,NaN,NaN,NaN
NaN,NaN,NaN,NaN,NaN,NaN
NaN,NaN,NaN,NaN,NaN,NaN
NaN,NaN,NaN,NaN,NaN,NaN
NaN,NaN,NaN,NaN,NaN,NaN
NaN,NaN,NaN,NaN,NaN,NaN
NaN,NaN,NaN,NaN,NaN,NaN
NaN,NaN,NaN,NaN,NaN,NaN
NaN,NaN,NaN,NaN,NaN,NaN
NaN,NaN,NaN,NaN,NaN,NaN
NaN,NaN,NaN,NaN,NaN,NaN
NaN,NaN,NaN,NaN,NaN,NaN
NaN,NaN,NaN,NaN,NaN,NaN
NaN,NaN,NaN,NaN,NaN,NaN
NaN,NaN,NaN,NaN,NaN,NaN
NaN,NaN,NaN,NaN,NaN,NaN
NaN,NaN,NaN,NaN,NaN,NaN
NaN,NaN,NaN,NaN,NaN,NaN
NaN,NaN,NaN,NaN,NaN,NaN
NaN,NaN,NaN,NaN,NaN,NaN
NaN,NaN,NaN,NaN,NaN,NaN
NaN,NaN,NaN,NaN,NaN,NaN
NaN,NaN,NaN,NaN,NaN,NaN
NaN,NaN,NaN,NaN,NaN,NaN
NaN,NaN,NaN,NaN,NaN,NaN
NaN,NaN,NaN,NaN,NaN,NaN
NaN,NaN,NaN,NaN,NaN,NaN
NaN,NaN,NaN,NaN,NaN,NaN
NaN,NaN,NaN,NaN,NaN,NaN
NaN,NaN,NaN,NaN,NaN,NaN
NaN,NaN,NaN,NaN,NaN,NaN
NaN,NaN,NaN,NaN,NaN,NaN
NaN,NaN,NaN,NaN,NaN,NaN
NaN,NaN,NaN,NaN,NaN,NaN
NaN,NaN,NaN,NaN,NaN,NaN
NaN,NaN,NaN,NaN,NaN,NaN
NaN,NaN,NaN,NaN,NaN,NaN
NaN,NaN,NaN,NaN,NaN,NaN
NaN,NaN,NaN,NaN,NaN,NaN
NaN,NaN,NaN,NaN,NaN,NaN
NaN,NaN,NaN,NaN,NaN,NaN
NaN,NaN,NaN,NaN,NaN,NaN
NaN,NaN,NaN,NaN,NaN,NaN
NaN,NaN,NaN,NaN,NaN,NaN
NaN,NaN,NaN,NaN,NaN,NaN
NaN,NaN,NaN,NaN,NaN,NaN
NaN,NaN,NaN,NaN,NaN,NaN
NaN,NaN,NaN,NaN,NaN,NaN
NaN,NaN,NaN,NaN,NaN,NaN
NaN,NaN,NaN,NaN,NaN,NaN
NaN,NaN,NaN,NaN,NaN,NaN
NaN,NaN,NaN,NaN,NaN,NaN
NaN,NaN,NaN,NaN,NaN,NaN
NaN,NaN,NaN,NaN,NaN,NaN
NaN,NaN,NaN,NaN,NaN,NaN
NaN,NaN,NaN,NaN,NaN,NaN
NaN,NaN,NaN,NaN,NaN,NaN
NaN,NaN,NaN,NaN,NaN,NaN
NaN,NaN,NaN,NaN,NaN,NaN
NaN,NaN,NaN,NaN,NaN,NaN
NaN,NaN,NaN,NaN,NaN,NaN
NaN,NaN,NaN,NaN,NaN,NaN
NaN,NaN,NaN,NaN,NaN,NaN
NaN,NaN,NaN,NaN,NaN,NaN
NaN,NaN,NaN,NaN,NaN,NaN
NaN,NaN,NaN,NaN,NaN,NaN
NaN,NaN,NaN,NaN,NaN,NaN
NaN,NaN,NaN,NaN,NaN,NaN
NaN,NaN,NaN,NaN,NaN,NaN
NaN,NaN,NaN,NaN,NaN,NaN
NaN,NaN,NaN,NaN,NaN,NaN
NaN,NaN,NaN,NaN,NaN,NaN
NaN,NaN,NaN,NaN,NaN,NaN
NaN,NaN,NaN,NaN,NaN,NaN
NaN,NaN,NaN,NaN,NaN,NaN
NaN,NaN,NaN,NaN,NaN,NaN
NaN,NaN,NaN,NaN,NaN,NaN
NaN,NaN,NaN,NaN,NaN,NaN
NaN,NaN,NaN,NaN,NaN,NaN
NaN,NaN,NaN,NaN,NaN,NaN
NaN,NaN,NaN,NaN,NaN,NaN
NaN,NaN,NaN,NaN,NaN,NaN
NaN,NaN,NaN,NaN,NaN,NaN
NaN,NaN,NaN,NaN,NaN,NaN
NaN,NaN,NaN,NaN,NaN,NaN
NaN,NaN,NaN,NaN,NaN,NaN
NaN,NaN,NaN,NaN,NaN,NaN
NaN,NaN,NaN,NaN,NaN,NaN
NaN,NaN,NaN,NaN,NaN,NaN
NaN,NaN,NaN,NaN,NaN,NaN
NaN,NaN,NaN,NaN,NaN,NaN
NaN,NaN,NaN,NaN,NaN,NaN
NaN,NaN,NaN,NaN,NaN,NaN
NaN,NaN,NaN,NaN,NaN,NaN
NaN,NaN,NaN,NaN,NaN,NaN
NaN,NaN,NaN,NaN,NaN,NaN
NaN,NaN,NaN,NaN,NaN,NaN
NaN,NaN,NaN,NaN,NaN,NaN
NaN,NaN,NaN,NaN,NaN,NaN
NaN,NaN,NaN,NaN,NaN,NaN
NaN,NaN,NaN,NaN,NaN,NaN
NaN,NaN,NaN,NaN,NaN,NaN
NaN,NaN,NaN,NaN,NaN,NaN
NaN,NaN,NaN,NaN,NaN,NaN
NaN,NaN,NaN,NaN,NaN,NaN
NaN,NaN,NaN,NaN,NaN,NaN
NaN,NaN,NaN,NaN,NaN,NaN
NaN,NaN,NaN,NaN,NaN,NaN
NaN,NaN,NaN,NaN,NaN,NaN
NaN,NaN,NaN,NaN,NaN,NaN
NaN,NaN,NaN,NaN,NaN,NaN
NaN,NaN,NaN,NaN,NaN,NaN
NaN,NaN,NaN,NaN,NaN,NaN
NaN,NaN,NaN,NaN,NaN,NaN
NaN,NaN,NaN,NaN,NaN,NaN
NaN,NaN,NaN,NaN,NaN,NaN
NaN,NaN,NaN,NaN,NaN,NaN
NaN,NaN,NaN,NaN,NaN,NaN
NaN,NaN,NaN,NaN,NaN,NaN
NaN,NaN,NaN,NaN,NaN,NaN
NaN,NaN,NaN,NaN,NaN,NaN
NaN,NaN,NaN,NaN,NaN,NaN
NaN,NaN,NaN,NaN,NaN,NaN
NaN,NaN,NaN,NaN,NaN,NaN
NaN,NaN,NaN,NaN,NaN,NaN
NaN,NaN,NaN,NaN,NaN,NaN
NaN,NaN,NaN,NaN,NaN,NaN
NaN,NaN,NaN,NaN,NaN,NaN
NaN,NaN,NaN,NaN,NaN,NaN
NaN,NaN,NaN,NaN,NaN,NaN
NaN,NaN,NaN,NaN,NaN,NaN
NaN,NaN,NaN,NaN,NaN,NaN
NaN,NaN,NaN,NaN,NaN,NaN
NaN,NaN,NaN,NaN,NaN,NaN
NaN,NaN,NaN,NaN,NaN,NaN
NaN,NaN,NaN,NaN,NaN,NaN
NaN,NaN,NaN,NaN,NaN,NaN
NaN,NaN,NaN,NaN,NaN,NaN
NaN,NaN,NaN,NaN,NaN,NaN
NaN,NaN,NaN,NaN,NaN,NaN
NaN,NaN,NaN,NaN,NaN,NaN
NaN,NaN,NaN,NaN,NaN,NaN
NaN,NaN,NaN,NaN,NaN,NaN
NaN,NaN,NaN,NaN,NaN,NaN
NaN,NaN,NaN,NaN,NaN,NaN
NaN,NaN,NaN,NaN,NaN,NaN
NaN,NaN,NaN,NaN,NaN,NaN
NaN,NaN,NaN,NaN,NaN,NaN
NaN,NaN,NaN,NaN,NaN,NaN
NaN,NaN,NaN,NaN,NaN,NaN
NaN,NaN,NaN,NaN,NaN,NaN
NaN,NaN,NaN,NaN,NaN,NaN
NaN,NaN,NaN,NaN,NaN,NaN
NaN,NaN,NaN,NaN,NaN,NaN
NaN,NaN,NaN,NaN,NaN,NaN
NaN,NaN,NaN,NaN,NaN,NaN
NaN,NaN,NaN,NaN,NaN,NaN
NaN,NaN,NaN,NaN,NaN,NaN
NaN,NaN,NaN,NaN,NaN,NaN
NaN,NaN,NaN,NaN,NaN,NaN
NaN,NaN,NaN,NaN,NaN,NaN
NaN,NaN,NaN,NaN,NaN,NaN
NaN,NaN,NaN,NaN,NaN,NaN
NaN,NaN,NaN,NaN,NaN,NaN
NaN,NaN,NaN,NaN,NaN,NaN
NaN,NaN,NaN,NaN,NaN,NaN
NaN,NaN,NaN,NaN,NaN,NaN
NaN,NaN,NaN,NaN,NaN,NaN
NaN,NaN,NaN,NaN,NaN,NaN
NaN,NaN,NaN,NaN,NaN,NaN
NaN,NaN,NaN,NaN,NaN,NaN
NaN,NaN,NaN,NaN,NaN,NaN
NaN,NaN,NaN,NaN,NaN,NaN
NaN,NaN,NaN,NaN,NaN,NaN
NaN,NaN,NaN,NaN,NaN,NaN
NaN,NaN,NaN,NaN,NaN,NaN
NaN,NaN,NaN,NaN,NaN,NaN
NaN,NaN,NaN,NaN,NaN,NaN
NaN,NaN,NaN,NaN,NaN,NaN
NaN,NaN,NaN,NaN,NaN,NaN
NaN,NaN,NaN,NaN,NaN,NaN
NaN,NaN,NaN,NaN,NaN,NaN
NaN,NaN,NaN,NaN,NaN,NaN
NaN,NaN,NaN,NaN,NaN,NaN
NaN,NaN,NaN,NaN,NaN,NaN
NaN,NaN,NaN,NaN,NaN,NaN
NaN,NaN,NaN,NaN,NaN,NaN
NaN,NaN,NaN,NaN,NaN,NaN
NaN,NaN,NaN,NaN,NaN,NaN
NaN,NaN,NaN,NaN,NaN,NaN
NaN,NaN,NaN,NaN,NaN,NaN
NaN,NaN,NaN,NaN,NaN,NaN
NaN,NaN,NaN,NaN,NaN,NaN
NaN,NaN,NaN,NaN,NaN,NaN
NaN,NaN,NaN,NaN,NaN,NaN
NaN,NaN,NaN,NaN,NaN,NaN
NaN,NaN,NaN,NaN,NaN,NaN
NaN,NaN,NaN,NaN,NaN,NaN
NaN,NaN,NaN,NaN,NaN,NaN
NaN,NaN,NaN,NaN,NaN,NaN
NaN,NaN,NaN,NaN,NaN,NaN
NaN,NaN,NaN,NaN,NaN,NaN
NaN,NaN,NaN,NaN,NaN,NaN
NaN,NaN,NaN,NaN,NaN,NaN
NaN,NaN,NaN,NaN,NaN,NaN
NaN,NaN,NaN,NaN,NaN,NaN
NaN,NaN,NaN,NaN,NaN,NaN
NaN,NaN,NaN,NaN,NaN,NaN
NaN,NaN,NaN,NaN,NaN,NaN
NaN,NaN,NaN,NaN,NaN,NaN
NaN,NaN,NaN,NaN,NaN,NaN
NaN,NaN,NaN,NaN,NaN,NaN
NaN,NaN,NaN,NaN,NaN,NaN
NaN,NaN,NaN,NaN,NaN,NaN
NaN,NaN,NaN,NaN,NaN,NaN
NaN,NaN,NaN,NaN,NaN,NaN
NaN,NaN,NaN,NaN,NaN,NaN
NaN,NaN,NaN,NaN,NaN,NaN
NaN,NaN,NaN,NaN,NaN,NaN
NaN,NaN,NaN,NaN,NaN,NaN
NaN,NaN,NaN,NaN,NaN,NaN
NaN,NaN,NaN,NaN,NaN,NaN
NaN,NaN,NaN,NaN,NaN,NaN
NaN,NaN,NaN,NaN,NaN,NaN
NaN,NaN,NaN,NaN,NaN,NaN
NaN,NaN,NaN,NaN,NaN,NaN
NaN,NaN,NaN,NaN,NaN,NaN
NaN,NaN,NaN,NaN,NaN,NaN
NaN,NaN,NaN,NaN,NaN,NaN
NaN,NaN,NaN,NaN,NaN,NaN
NaN,NaN,NaN,NaN,NaN,NaN
NaN,NaN,NaN,NaN,NaN,NaN
NaN,NaN,NaN,NaN,NaN,NaN
NaN,NaN,NaN,NaN,NaN,NaN
NaN,NaN,NaN,NaN,NaN,NaN
NaN,NaN,NaN,NaN,NaN,NaN
NaN,NaN,NaN,NaN,NaN,NaN
NaN,NaN,NaN,NaN,NaN,NaN
NaN,NaN,NaN,NaN,NaN,NaN
NaN,NaN,NaN,NaN,NaN,NaN
NaN,NaN,NaN,NaN,NaN,NaN
NaN,NaN,NaN,NaN,NaN,NaN
NaN,NaN,NaN,NaN,NaN,NaN
NaN,NaN,NaN,NaN,NaN,NaN
NaN,NaN,NaN,NaN,NaN,NaN
NaN,NaN,NaN,NaN,NaN,NaN
NaN,NaN,NaN,NaN,NaN,NaN
NaN,NaN,NaN,NaN,NaN,NaN
NaN,NaN,NaN,NaN,NaN,NaN
NaN,NaN,NaN,NaN,NaN,NaN
NaN,NaN,NaN,NaN,NaN,NaN
NaN,NaN,NaN,NaN,NaN,NaN
NaN,NaN,NaN,NaN,NaN,NaN
NaN,NaN,NaN,NaN,NaN,NaN
NaN,NaN,NaN,NaN,NaN,NaN
NaN,NaN,NaN,NaN,NaN,NaN
NaN,NaN,NaN,NaN,NaN,NaN
NaN,NaN,NaN,NaN,NaN,NaN
NaN,NaN,NaN,NaN,NaN,NaN
NaN,NaN,NaN,NaN,NaN,NaN
NaN,NaN,NaN,NaN,NaN,NaN
NaN,NaN,NaN,NaN,NaN,NaN
NaN,NaN,NaN,NaN,NaN,NaN
NaN,NaN,NaN,NaN,NaN,NaN
NaN,NaN,NaN,NaN,NaN,NaN
NaN,NaN,NaN,NaN,NaN,NaN
NaN,NaN,NaN,NaN,NaN,NaN
NaN,NaN,NaN,NaN,NaN,NaN
NaN,NaN,NaN,NaN,NaN,NaN
NaN,NaN,NaN,NaN,NaN,NaN
NaN,NaN,NaN,NaN,NaN,NaN
NaN,NaN,NaN,NaN,NaN,NaN
NaN,NaN,NaN,NaN,NaN,NaN
NaN,NaN,NaN,NaN,NaN,NaN
NaN,NaN,NaN,NaN,NaN,NaN
NaN,NaN,NaN,NaN,NaN,NaN
NaN,NaN,NaN,NaN,NaN,NaN
NaN,NaN,NaN,NaN,NaN,NaN
NaN,NaN,NaN,NaN,NaN,NaN
NaN,NaN,NaN,NaN,NaN,NaN
NaN,NaN,NaN,NaN,NaN,NaN
NaN,NaN,NaN,NaN,NaN,NaN
NaN,NaN,NaN,NaN,NaN,NaN
NaN,NaN,NaN,NaN,NaN,NaN
NaN,NaN,NaN,NaN,NaN,NaN
NaN,NaN,NaN,NaN,NaN,NaN
NaN,NaN,NaN,NaN,NaN,NaN
NaN,NaN,NaN,NaN,NaN,NaN
NaN,NaN,NaN,NaN,NaN,NaN
NaN,NaN,NaN,NaN,NaN,NaN
NaN,NaN,NaN,NaN,NaN,NaN
NaN,NaN,NaN,NaN,NaN,NaN
NaN,NaN,NaN,NaN,NaN,NaN
NaN,NaN,NaN,NaN,NaN,NaN
NaN,NaN,NaN,NaN,NaN,NaN
NaN,NaN,NaN,NaN,NaN,NaN
NaN,NaN,NaN,NaN,NaN,NaN
NaN,NaN,NaN,NaN,NaN,NaN
NaN,NaN,NaN,NaN,NaN,NaN
NaN,NaN,NaN,NaN,NaN,NaN
NaN,NaN,NaN,NaN,NaN,NaN
NaN,NaN,NaN,NaN,NaN,NaN
NaN,NaN,NaN,NaN,NaN,NaN
NaN,NaN,NaN,NaN,NaN,NaN
NaN,NaN,NaN,NaN,NaN,NaN
NaN,NaN,NaN,NaN,NaN,NaN
NaN,NaN,NaN,NaN,NaN,NaN
NaN,NaN,NaN,NaN,NaN,NaN
NaN,NaN,NaN,NaN,NaN,NaN
NaN,NaN,NaN,NaN,NaN,NaN
NaN,NaN,NaN,NaN,NaN,NaN
NaN,NaN,NaN,NaN,NaN,NaN
NaN,NaN,NaN,NaN,NaN,NaN
NaN,NaN,NaN,NaN,NaN,NaN
NaN,NaN,NaN,NaN,NaN,NaN
NaN,NaN,NaN,NaN,NaN,NaN
NaN,NaN,NaN,NaN,NaN,NaN
NaN,NaN,NaN,NaN,NaN,NaN
NaN,NaN,NaN,NaN,NaN,NaN
NaN,NaN,NaN,NaN,NaN,NaN
NaN,NaN,NaN,NaN,NaN,NaN
NaN,NaN,NaN,NaN,NaN,NaN
NaN,NaN,NaN,NaN,NaN,NaN
NaN,NaN,NaN,NaN,NaN,NaN
NaN,NaN,NaN,NaN,NaN,NaN
NaN,NaN,NaN,NaN,NaN,NaN
NaN,NaN,NaN,NaN,NaN,NaN
NaN,NaN,NaN,NaN,NaN,NaN
NaN,NaN,NaN,NaN,NaN,NaN
NaN,NaN,NaN,NaN,NaN,NaN
NaN,NaN,NaN,NaN,NaN,NaN
NaN,NaN,NaN,NaN,NaN,NaN
NaN,NaN,NaN,NaN,NaN,NaN
NaN,NaN,NaN,NaN,NaN,NaN
NaN,NaN,NaN,NaN,NaN,NaN
NaN,NaN,NaN,NaN,NaN,NaN
NaN,NaN,NaN,NaN,NaN,NaN
NaN,NaN,NaN,NaN,NaN,NaN
NaN,NaN,NaN,NaN,NaN,NaN
NaN,NaN,NaN,NaN,NaN,NaN
NaN,NaN,NaN,NaN,NaN,NaN
NaN,NaN,NaN,NaN,NaN,NaN
NaN,NaN,NaN,NaN,NaN,NaN
NaN,NaN,NaN,NaN,NaN,NaN
NaN,NaN,NaN,NaN,NaN,NaN
NaN,NaN,NaN,NaN,NaN,NaN
NaN,NaN,NaN,NaN,NaN,NaN
NaN,NaN,NaN,NaN,NaN,NaN
NaN,NaN,NaN,NaN,NaN,NaN
NaN,NaN,NaN,NaN,NaN,NaN
NaN,NaN,NaN,NaN,NaN,NaN
NaN,NaN,NaN,NaN,NaN,NaN
NaN,NaN,NaN,NaN,NaN,NaN
NaN,NaN,NaN,NaN,NaN,NaN
NaN,NaN,NaN,NaN,NaN,NaN
NaN,NaN,NaN,NaN,NaN,NaN
NaN,NaN,NaN,NaN,NaN,NaN
NaN,NaN,NaN,NaN,NaN,NaN
NaN,NaN,NaN,NaN,NaN,NaN
NaN,NaN,NaN,NaN,NaN,NaN
NaN,NaN,NaN,NaN,NaN,NaN
NaN,NaN,NaN,NaN,NaN,NaN
NaN,NaN,NaN,NaN,NaN,NaN
NaN,NaN,NaN,NaN,NaN,NaN
NaN,NaN,NaN,NaN,NaN,NaN
NaN,NaN,NaN,NaN,NaN,NaN
NaN,NaN,NaN,NaN,NaN,NaN
NaN,NaN,NaN,NaN,NaN,NaN
NaN,NaN,NaN,NaN,NaN,NaN
NaN,NaN,NaN,NaN,NaN,NaN
NaN,NaN,NaN,NaN,NaN,NaN
NaN,NaN,NaN,NaN,NaN,NaN
NaN,NaN,NaN,NaN,NaN,NaN
NaN,NaN,NaN,NaN,NaN,NaN
NaN,NaN,NaN,NaN,NaN,NaN
NaN,NaN,NaN,NaN,NaN,NaN
NaN,NaN,NaN,NaN,NaN,NaN
NaN,NaN,NaN,NaN,NaN,NaN
NaN,NaN,NaN,NaN,NaN,NaN
NaN,NaN,NaN,NaN,NaN,NaN
NaN,NaN,NaN,NaN,NaN,NaN
NaN,NaN,NaN,NaN,NaN,NaN
NaN,NaN,NaN,NaN,NaN,NaN
NaN,NaN,NaN,NaN,NaN,NaN
NaN,NaN,NaN,NaN,NaN,NaN
NaN,NaN,NaN,NaN,NaN,NaN
NaN,NaN,NaN,NaN,NaN,NaN
NaN,NaN,NaN,NaN,NaN,NaN
NaN,NaN,NaN,NaN,NaN,NaN
NaN,NaN,NaN,NaN,NaN,NaN
NaN,NaN,NaN,NaN,NaN,NaN
NaN,NaN,NaN,NaN,NaN,NaN
NaN,NaN,NaN,NaN,NaN,NaN
NaN,NaN,NaN,NaN,NaN,NaN
NaN,NaN,NaN,NaN,NaN,NaN
NaN,NaN,NaN,NaN,NaN,NaN
NaN,NaN,NaN,NaN,NaN,NaN
NaN,NaN,NaN,NaN,NaN,NaN
NaN,NaN,NaN,NaN,NaN,NaN
NaN,NaN,NaN,NaN,NaN,NaN
NaN,NaN,NaN,NaN,NaN,NaN
NaN,NaN,NaN,NaN,NaN,NaN
NaN,NaN,NaN,NaN,NaN,NaN
NaN,NaN,NaN,NaN,NaN,NaN
NaN,NaN,NaN,NaN,NaN,NaN
NaN,NaN,NaN,NaN,NaN,NaN
NaN,NaN,NaN,NaN,NaN,NaN
NaN,NaN,NaN,NaN,NaN,NaN
NaN,NaN,NaN,NaN,NaN,NaN
NaN,NaN,NaN,NaN,NaN,NaN
NaN,NaN,NaN,NaN,NaN,NaN
NaN,NaN,NaN,NaN,NaN,NaN
NaN,NaN,NaN,NaN,NaN,NaN
NaN,NaN,NaN,NaN,NaN,NaN
NaN,NaN,NaN,NaN,NaN,NaN
NaN,NaN,NaN,NaN,NaN,NaN
NaN,NaN,NaN,NaN,NaN,NaN
NaN,NaN,NaN,NaN,NaN,NaN
NaN,NaN,NaN,NaN,NaN,NaN
NaN,NaN,NaN,NaN,NaN,NaN
NaN,NaN,NaN,NaN,NaN,NaN
NaN,NaN,NaN,NaN,NaN,NaN
NaN,NaN,NaN,NaN,NaN,NaN
NaN,NaN,NaN,NaN,NaN,NaN
NaN,NaN,NaN,NaN,NaN,NaN
NaN,NaN,NaN,NaN,NaN,NaN
NaN,NaN,NaN,NaN,NaN,NaN
NaN,NaN,NaN,NaN,NaN,NaN
NaN,NaN,NaN,NaN,NaN,NaN
NaN,NaN,NaN,NaN,NaN,NaN
NaN,NaN,NaN,NaN,NaN,NaN
NaN,NaN,NaN,NaN,NaN,NaN
NaN,NaN,NaN,NaN,NaN,NaN
NaN,NaN,NaN,NaN,NaN,NaN
NaN,NaN,NaN,NaN,NaN,NaN
NaN,NaN,NaN,NaN,NaN,NaN
NaN,NaN,NaN,NaN,NaN,NaN
NaN,NaN,NaN,NaN,NaN,NaN
NaN,NaN,NaN,NaN,NaN,NaN
NaN,NaN,NaN,NaN,NaN,NaN
NaN,NaN,NaN,NaN,NaN,NaN
NaN,NaN,NaN,NaN,NaN,NaN
NaN,NaN,NaN,NaN,NaN,NaN
NaN,NaN,NaN,NaN,NaN,NaN
NaN,NaN,NaN,NaN,NaN,NaN
NaN,NaN,NaN,NaN,NaN,NaN
NaN,NaN,NaN,NaN,NaN,NaN
NaN,NaN,NaN,NaN,NaN,NaN
NaN,NaN,NaN,NaN,NaN,NaN
NaN,NaN,NaN,NaN,NaN,NaN
NaN,NaN,NaN,NaN,NaN,NaN
NaN,NaN,NaN,NaN,NaN,NaN
NaN,NaN,NaN,NaN,NaN,NaN
NaN,NaN,NaN,NaN,NaN,NaN
NaN,NaN,NaN,NaN,NaN,NaN
NaN,NaN,NaN,NaN,NaN,NaN
NaN,NaN,NaN,NaN,NaN,NaN
NaN,NaN,NaN,NaN,NaN,NaN
NaN,NaN,NaN,NaN,NaN,NaN
NaN,NaN,NaN,NaN,NaN,NaN
NaN,NaN,NaN,NaN,NaN,NaN
NaN,NaN,NaN,NaN,NaN,NaN
NaN,NaN,NaN,NaN,NaN,NaN
NaN,NaN,NaN,NaN,NaN,NaN
NaN,NaN,NaN,NaN,NaN,NaN
NaN,NaN,NaN,NaN,NaN,NaN
NaN,NaN,NaN,NaN,NaN,NaN
NaN,NaN,NaN,NaN,NaN,NaN
NaN,NaN,NaN,NaN,NaN,NaN
NaN,NaN,NaN,NaN,NaN,NaN
NaN,NaN,NaN,NaN,NaN,NaN
NaN,NaN,NaN,NaN,NaN,NaN
NaN,NaN,NaN,NaN,NaN,NaN
NaN,NaN,NaN,NaN,NaN,NaN
NaN,NaN,NaN,NaN,NaN,NaN
NaN,NaN,NaN,NaN,NaN,NaN
NaN,NaN,NaN,NaN,NaN,NaN
NaN,NaN,NaN,NaN,NaN,NaN
NaN,NaN,NaN,NaN,NaN,NaN
NaN,NaN,NaN,NaN,NaN,NaN
NaN,NaN,NaN,NaN,NaN,NaN
NaN,NaN,NaN,NaN,NaN,NaN
NaN,NaN,NaN,NaN,NaN,NaN
NaN,NaN,NaN,NaN,NaN,NaN
NaN,NaN,NaN,NaN,NaN,NaN
NaN,NaN,NaN,NaN,NaN,NaN
NaN,NaN,NaN,NaN,NaN,NaN
NaN,NaN,NaN,NaN,NaN,NaN
NaN,NaN,NaN,NaN,NaN,NaN
NaN,NaN,NaN,NaN,NaN,NaN
NaN,NaN,NaN,NaN,NaN,NaN
NaN,NaN,NaN,NaN,NaN,NaN
NaN,NaN,NaN,NaN,NaN,NaN
NaN,NaN,NaN,NaN,NaN,NaN
NaN,NaN,NaN,NaN,NaN,NaN
NaN,NaN,NaN,NaN,NaN,NaN
NaN,NaN,NaN,NaN,NaN,NaN
NaN,NaN,NaN,NaN,NaN,NaN
NaN,NaN,NaN,NaN,NaN,NaN
NaN,NaN,NaN,NaN,NaN,NaN
NaN,NaN,NaN,NaN,NaN,NaN
NaN,NaN,NaN,NaN,NaN,NaN
NaN,NaN,NaN,NaN,NaN,NaN
NaN,NaN,NaN,NaN,NaN,NaN
NaN,NaN,NaN,NaN,NaN,NaN
NaN,NaN,NaN,NaN,NaN,NaN
NaN,NaN,NaN,NaN,NaN,NaN
NaN,NaN,NaN,NaN,NaN,NaN
NaN,NaN,NaN,NaN,NaN,NaN
NaN,NaN,NaN,NaN,NaN,NaN
NaN,NaN,NaN,NaN,NaN,NaN
NaN,NaN,NaN,NaN,NaN,NaN
NaN,NaN,NaN,NaN,NaN,NaN
NaN,NaN,NaN,NaN,NaN,NaN
NaN,NaN,NaN,NaN,NaN,NaN
NaN,NaN,NaN,NaN,NaN,NaN
NaN,NaN,NaN,NaN,NaN,NaN
NaN,NaN,NaN,NaN,NaN,NaN
NaN,NaN,NaN,NaN,NaN,NaN
NaN,NaN,NaN,NaN,NaN,NaN
NaN,NaN,NaN,NaN,NaN,NaN
NaN,NaN,NaN,NaN,NaN,NaN
NaN,NaN,NaN,NaN,NaN,NaN
NaN,NaN,NaN,NaN,NaN,NaN
NaN,NaN,NaN,NaN,NaN,NaN
NaN,NaN,NaN,NaN,NaN,NaN
NaN,NaN,NaN,NaN,NaN,NaN
NaN,NaN,NaN,NaN,NaN,NaN
NaN,NaN,NaN,NaN,NaN,NaN
NaN,NaN,NaN,NaN,NaN,NaN
NaN,NaN,NaN,NaN,NaN,NaN
NaN,NaN,NaN,NaN,NaN,NaN
NaN,NaN,NaN,NaN,NaN,NaN
NaN,NaN,NaN,NaN,NaN,NaN
NaN,NaN,NaN,NaN,NaN,NaN
NaN,NaN,NaN,NaN,NaN,NaN
NaN,NaN,NaN,NaN,NaN,NaN
NaN,NaN,NaN,NaN,NaN,NaN
NaN,NaN,NaN,NaN,NaN,NaN
NaN,NaN,NaN,NaN,NaN,NaN
NaN,NaN,NaN,NaN,NaN,NaN
NaN,NaN,NaN,NaN,NaN,NaN
NaN,NaN,NaN,NaN,NaN,NaN
NaN,NaN,NaN,NaN,NaN,NaN
NaN,NaN,NaN,NaN,NaN,NaN
NaN,NaN,NaN,NaN,NaN,NaN
NaN,NaN,NaN,NaN,NaN,NaN
NaN,NaN,NaN,NaN,NaN,NaN
NaN,NaN,NaN,NaN,NaN,NaN
NaN,NaN,NaN,NaN,NaN,NaN
NaN,NaN,NaN,NaN,NaN,NaN
NaN,NaN,NaN,NaN,NaN,NaN
NaN,NaN,NaN,NaN,NaN,NaN
NaN,NaN,NaN,NaN,NaN,NaN
NaN,NaN,NaN,NaN,NaN,NaN
NaN,NaN,NaN,NaN,NaN,NaN
NaN,NaN,NaN,NaN,NaN,NaN
NaN,NaN,NaN,NaN,NaN,NaN
NaN,NaN,NaN,NaN,NaN,NaN
NaN,NaN,NaN,NaN,NaN,NaN
NaN,NaN,NaN,NaN,NaN,NaN
NaN,NaN,NaN,NaN,NaN,NaN
NaN,NaN,NaN,NaN,NaN,NaN
NaN,NaN,NaN,NaN,NaN,NaN
NaN,NaN,NaN,NaN,NaN,NaN
NaN,NaN,NaN,NaN,NaN,NaN
NaN,NaN,NaN,NaN,NaN,NaN
NaN,NaN,NaN,NaN,NaN,NaN
NaN,NaN,NaN,NaN,NaN,NaN
NaN,NaN,NaN,NaN,NaN,NaN
NaN,NaN,NaN,NaN,NaN,NaN
NaN,NaN,NaN,NaN,NaN,NaN
NaN,NaN,NaN,NaN,NaN,NaN
NaN,NaN,NaN,NaN,NaN,NaN
NaN,NaN,NaN,NaN,NaN,NaN
NaN,NaN,NaN,NaN,NaN,NaN
NaN,NaN,NaN,NaN,NaN,NaN
NaN,NaN,NaN,NaN,NaN,NaN
NaN,NaN,NaN,NaN,NaN,NaN
NaN,NaN,NaN,NaN,NaN,NaN
NaN,NaN,NaN,NaN,NaN,NaN
NaN,NaN,NaN,NaN,NaN,NaN
NaN,NaN,NaN,NaN,NaN,NaN
NaN,NaN,NaN,NaN,NaN,NaN
NaN,NaN,NaN,NaN,NaN,NaN
NaN,NaN,NaN,NaN,NaN,NaN
NaN,NaN,NaN,NaN,NaN,NaN
NaN,NaN,NaN,NaN,NaN,NaN
NaN,NaN,NaN,NaN,NaN,NaN
NaN,NaN,NaN,NaN,NaN,NaN
NaN,NaN,NaN,NaN,NaN,NaN
NaN,NaN,NaN,NaN,NaN,NaN
NaN,NaN,NaN,NaN,NaN,NaN
NaN,NaN,NaN,NaN,NaN,NaN
NaN,NaN,NaN,NaN,NaN,NaN
NaN,NaN,NaN,NaN,NaN,NaN
NaN,NaN,NaN,NaN,NaN,NaN
NaN,NaN,NaN,NaN,NaN,NaN
NaN,NaN,NaN,NaN,NaN,NaN
NaN,NaN,NaN,NaN,NaN,NaN
NaN,NaN,NaN,NaN,NaN,NaN
NaN,NaN,NaN,NaN,NaN,NaN
NaN,NaN,NaN,NaN,NaN,NaN
NaN,NaN,NaN,NaN,NaN,NaN
NaN,NaN,NaN,NaN,NaN,NaN
NaN,NaN,NaN,NaN,NaN,NaN
NaN,NaN,NaN,NaN,NaN,NaN
NaN,NaN,NaN,NaN,NaN,NaN
NaN,NaN,NaN,NaN,NaN,NaN
NaN,NaN,NaN,NaN,NaN,NaN
NaN,NaN,NaN,NaN,NaN,NaN
NaN,NaN,NaN,NaN,NaN,NaN
NaN,NaN,NaN,NaN,NaN,NaN
NaN,NaN,NaN,NaN,NaN,NaN
NaN,NaN,NaN,NaN,NaN,NaN
NaN,NaN,NaN,NaN,NaN,NaN
NaN,NaN,NaN,NaN,NaN,NaN
NaN,NaN,NaN,NaN,NaN,NaN
NaN,NaN,NaN,NaN,NaN,NaN
NaN,NaN,NaN,NaN,NaN,NaN
NaN,NaN,NaN,NaN,NaN,NaN
NaN,NaN,NaN,NaN,NaN,NaN
NaN,NaN,NaN,NaN,NaN,NaN
NaN,NaN,NaN,NaN,NaN,NaN
NaN,NaN,NaN,NaN,NaN,NaN
NaN,NaN,NaN,NaN,NaN,NaN
NaN,NaN,NaN,NaN,NaN,NaN
NaN,NaN,NaN,NaN,NaN,NaN
NaN,NaN,NaN,NaN,NaN,NaN
NaN,NaN,NaN,NaN,NaN,NaN
NaN,NaN,NaN,NaN,NaN,NaN
NaN,NaN,NaN,NaN,NaN,NaN
NaN,NaN,NaN,NaN,NaN,NaN
NaN,NaN,NaN,NaN,NaN,NaN
NaN,NaN,NaN,NaN,NaN,NaN
NaN,NaN,NaN,NaN,NaN,NaN
NaN,NaN,NaN,NaN,NaN,NaN
NaN,NaN,NaN,NaN,NaN,NaN
NaN,NaN,NaN,NaN,NaN,NaN
NaN,NaN,NaN,NaN,NaN,NaN
NaN,NaN,NaN,NaN,NaN,NaN
NaN,NaN,NaN,NaN,NaN,NaN
NaN,NaN,NaN,NaN,NaN,NaN
NaN,NaN,NaN,NaN,NaN,NaN
NaN,NaN,NaN,NaN,NaN,NaN
NaN,NaN,NaN,NaN,NaN,NaN
NaN,NaN,NaN,NaN,NaN,NaN
NaN,NaN,NaN,NaN,NaN,NaN
NaN,NaN,NaN,NaN,NaN,NaN
NaN,NaN,NaN,NaN,NaN,NaN
NaN,NaN,NaN,NaN,NaN,NaN
NaN,NaN,NaN,NaN,NaN,NaN
NaN,NaN,NaN,NaN,NaN,NaN
NaN,NaN,NaN,NaN,NaN,NaN
NaN,NaN,NaN,NaN,NaN,NaN
NaN,NaN,NaN,NaN,NaN,NaN
NaN,NaN,NaN,NaN,NaN,NaN
NaN,NaN,NaN,NaN,NaN,NaN
NaN,NaN,NaN,NaN,NaN,NaN
NaN,NaN,NaN,NaN,NaN,NaN
NaN,NaN,NaN,NaN,NaN,NaN
NaN,NaN,NaN,NaN,NaN,NaN
NaN,NaN,NaN,NaN,NaN,NaN
NaN,NaN,NaN,NaN,NaN,NaN
NaN,NaN,NaN,NaN,NaN,NaN
NaN,NaN,NaN,NaN,NaN,NaN
NaN,NaN,NaN,NaN,NaN,NaN
NaN,NaN,NaN,NaN,NaN,NaN
