pt1_cam1_X,pt1_cam1_Y,pt2_cam1_X,pt2_cam1_Y,pt3_cam1_X,pt3_cam1_Y
NaN,NaN,1058.498837,399.540822,1075.408158,465.188346
NaN,NaN,1058.010000,400.000000,1074.990000,465.000000
NaN,NaN,1058.010000,400.010000,1075.000000,465.000000
NaN,NaN,1058.020000,400.020000,1075.000000,464.990000
NaN,NaN,1058.040000,400.030000,1075.000000,464.990000
NaN,NaN,1058.050000,400.050000,1075.000000,464.990000
NaN,NaN,1058.060000,400.060000,1075.000000,464.990000
NaN,NaN,1058.070000,400.070000,1075.000000,464.990000
NaN,NaN,1058.090000,400.080000,1075.010000,464.990000
NaN,NaN,1058.100000,400.100000,1075.010000,464.990000
NaN,NaN,1058.110000,400.100000,1075.030000,464.980000
NaN,NaN,1058.120000,400.120000,1075.020000,464.980000
NaN,NaN,1058.140000,400.140000,1075.020000,464.970000
NaN,NaN,1058.150000,400.150000,1075.020000,464.970000
NaN,NaN,1058.160000,400.160000,1075.020000,464.970000
NaN,NaN,1058.190000,400.200000,1075.010000,464.980000
NaN,NaN,1058.190000,400.210000,1075.010000,464.960000
NaN,NaN,1058.220000,400.230000,1075.020000,464.960000
NaN,NaN,1058.240000,400.240000,1075.020000,464.960000
NaN,NaN,1058.260000,400.260000,1075.020000,464.960000
NaN,NaN,1058.280000,400.270000,1075.020000,464.960000
NaN,NaN,1058.310000,400.300000,1075.020000,464.960000
NaN,NaN,1058.310000,400.310000,1075.010000,464.960000
NaN,NaN,1058.340000,400.320000,1075.020000,464.950000
NaN,NaN,1058.360000,400.350000,1075.010000,464.960000
NaN,NaN,1058.370000,400.380000,1075.010000,464.950000
NaN,NaN,1058.410000,400.410000,1075.020000,464.950000
NaN,NaN,1058.440000,400.440000,1075.020000,464.940000
NaN,NaN,1058.470000,400.470000,1075.020000,464.940000
NaN,NaN,1058.880000,400.570000,1075.010000,464.940000
NaN,NaN,1058.940000,400.930000,1075.020000,464.940000
NaN,NaN,1058.950000,400.950000,1075.020000,464.940000
NaN,NaN,1058.970000,400.960000,1075.020000,464.940000
NaN,NaN,1058.970000,400.980000,1075.020000,464.940000
NaN,NaN,1059.000000,400.980000,1075.010000,464.930000
NaN,NaN,1059.010000,401.000000,1075.010000,464.930000
NaN,NaN,1059.020000,401.020000,1075.020000,464.930000
NaN,NaN,1059.040000,401.030000,1075.020000,464.930000
NaN,NaN,1059.060000,401.050000,1075.020000,464.930000
NaN,NaN,1059.090000,401.070000,1075.020000,464.930000
NaN,NaN,1059.100000,401.090000,1075.020000,464.920000
NaN,NaN,1059.120000,401.100000,1075.020000,464.930000
NaN,NaN,1059.150000,401.120000,1075.020000,464.930000
NaN,NaN,1059.160000,401.140000,1075.020000,464.920000
NaN,NaN,1059.190000,401.160000,1075.020000,464.930000
NaN,NaN,1059.230000,401.190000,1075.030000,464.910000
NaN,NaN,1059.240000,401.210000,1075.030000,464.920000
NaN,NaN,1059.250000,401.230000,1075.020000,464.910000
NaN,NaN,1059.280000,401.250000,1075.020000,464.930000
NaN,NaN,1059.310000,401.270000,1075.030000,464.920000
NaN,NaN,1059.350000,401.290000,1075.020000,464.920000
NaN,NaN,1059.380000,401.300000,1075.020000,464.920000
NaN,NaN,1059.400000,401.330000,1075.020000,464.910000
NaN,NaN,1059.460000,401.350000,1075.020000,464.910000
NaN,NaN,1059.840000,401.430000,1075.020000,464.920000
NaN,NaN,1059.870000,401.460000,1075.020000,464.910000
NaN,NaN,1059.900000,401.520000,1075.030000,464.910000
NaN,NaN,1059.960000,401.910000,1075.030000,464.910000
NaN,NaN,1059.970000,401.920000,1075.030000,464.900000
NaN,NaN,1059.990000,401.940000,1075.020000,464.910000
NaN,NaN,1060.030000,401.970000,1075.000000,464.900000
NaN,NaN,1060.040000,401.990000,1075.010000,464.890000
NaN,NaN,1060.050000,402.000000,1075.020000,464.890000
NaN,NaN,1060.080000,402.010000,1075.030000,464.890000
NaN,NaN,1060.090000,402.020000,1075.030000,464.880000
NaN,NaN,1060.130000,402.040000,1075.020000,464.890000
NaN,NaN,1060.150000,402.060000,1075.020000,464.880000
NaN,NaN,1060.180000,402.070000,1075.020000,464.870000
NaN,NaN,1060.210000,402.080000,1075.020000,464.870000
NaN,NaN,1060.220000,402.100000,1075.020000,464.870000
NaN,NaN,1060.260000,402.120000,1075.020000,464.870000
NaN,NaN,1060.300000,402.130000,1075.020000,464.870000
NaN,NaN,1060.330000,402.160000,1075.010000,464.880000
NaN,NaN,1060.350000,402.180000,1075.020000,464.870000
NaN,NaN,1060.380000,402.200000,1075.020000,464.870000
NaN,NaN,1060.410000,402.230000,1075.010000,464.860000
NaN,NaN,1060.460000,402.250000,1075.000000,464.850000
NaN,NaN,1060.830000,402.290000,1075.000000,464.840000
NaN,NaN,1060.860000,402.310000,1075.000000,464.840000
NaN,NaN,1060.880000,402.330000,1075.000000,464.840000
NaN,NaN,1060.900000,402.330000,1075.000000,464.840000
NaN,NaN,1060.920000,402.370000,1075.000000,464.850000
NaN,NaN,1060.940000,402.400000,1075.000000,464.840000
NaN,NaN,1060.960000,402.430000,1075.010000,464.830000
NaN,NaN,1060.980000,402.440000,1075.010000,464.830000
NaN,NaN,1061.000000,402.460000,1075.000000,464.820000
NaN,NaN,1061.030000,402.540000,1075.000000,464.820000
NaN,NaN,1061.080000,402.910000,1075.010000,464.810000
NaN,NaN,1061.100000,402.930000,1075.000000,464.810000
NaN,NaN,1061.120000,402.940000,1075.000000,464.810000
NaN,NaN,1061.180000,402.960000,1075.000000,464.820000
NaN,NaN,1061.180000,402.970000,1075.010000,464.820000
NaN,NaN,1061.200000,402.980000,1075.010000,464.810000
NaN,NaN,1061.230000,402.990000,1075.000000,464.810000
NaN,NaN,1061.260000,403.000000,1075.000000,464.800000
NaN,NaN,1061.270000,403.010000,1074.990000,464.800000
NaN,NaN,1061.290000,403.020000,1074.990000,464.800000
NaN,NaN,1061.310000,403.050000,1074.980000,464.800000
NaN,NaN,1061.340000,403.060000,1074.980000,464.790000
NaN,NaN,1061.370000,403.070000,1074.980000,464.780000
NaN,NaN,1061.400000,403.080000,1074.970000,464.780000
NaN,NaN,1061.430000,403.100000,1074.980000,464.770000
NaN,NaN,1061.460000,403.100000,1074.980000,464.770000
NaN,NaN,1061.480000,403.120000,1074.980000,464.770000
NaN,NaN,1061.810000,403.140000,1074.980000,464.760000
NaN,NaN,1061.860000,403.160000,1074.970000,464.760000
NaN,NaN,1061.880000,403.180000,1074.970000,464.760000
NaN,NaN,1061.890000,403.190000,1074.970000,464.760000
NaN,NaN,1061.910000,403.200000,1074.960000,464.760000
NaN,NaN,1061.930000,403.210000,1074.960000,464.750000
NaN,NaN,1061.930000,403.220000,1074.970000,464.750000
NaN,NaN,1061.950000,403.230000,1074.970000,464.740000
NaN,NaN,1061.970000,403.240000,1074.960000,464.730000
NaN,NaN,1061.990000,403.270000,1074.960000,464.740000
NaN,NaN,1062.000000,403.290000,1074.970000,464.730000
NaN,NaN,1062.010000,403.320000,1074.970000,464.720000
NaN,NaN,1062.020000,403.330000,1074.960000,464.720000
NaN,NaN,1062.040000,403.350000,1074.960000,464.710000
NaN,NaN,1062.070000,403.370000,1074.960000,464.710000
NaN,NaN,1062.080000,403.380000,1074.970000,464.700000
NaN,NaN,1062.100000,403.420000,1074.960000,464.710000
NaN,NaN,1062.120000,403.420000,1074.950000,464.700000
NaN,NaN,1062.130000,403.430000,1074.960000,464.690000
NaN,NaN,1062.150000,403.440000,1074.940000,464.690000
NaN,NaN,1062.170000,403.460000,1074.960000,464.690000
NaN,NaN,1062.180000,403.460000,1074.950000,464.690000
NaN,NaN,1062.200000,403.490000,1074.960000,464.680000
NaN,NaN,1062.260000,403.900000,1074.950000,464.680000
NaN,NaN,1062.290000,403.920000,1074.950000,464.670000
NaN,NaN,1062.320000,403.930000,1074.940000,464.670000
NaN,NaN,1062.350000,403.940000,1074.940000,464.660000
NaN,NaN,1062.360000,403.950000,1074.930000,464.660000
NaN,NaN,1062.400000,403.970000,1074.930000,464.650000
NaN,NaN,1062.410000,403.980000,1074.930000,464.650000
NaN,NaN,1062.410000,403.990000,1074.940000,464.650000
NaN,NaN,1062.460000,404.010000,1074.950000,464.650000
NaN,NaN,1062.460000,404.020000,1074.950000,464.650000
NaN,NaN,1062.480000,404.030000,1074.950000,464.650000
NaN,NaN,1062.510000,404.020000,1074.940000,464.640000
NaN,NaN,1062.840000,404.040000,1074.930000,464.640000
NaN,NaN,1062.850000,404.050000,1074.930000,464.630000
NaN,NaN,1062.870000,404.060000,1074.940000,464.620000
NaN,NaN,1062.880000,404.070000,1074.940000,464.610000
NaN,NaN,1062.890000,404.080000,1074.940000,464.610000
NaN,NaN,1062.910000,404.100000,1074.940000,464.600000
NaN,NaN,1062.930000,404.110000,1074.930000,464.610000
NaN,NaN,1062.930000,404.110000,1074.930000,464.600000
NaN,NaN,1062.930000,404.120000,1074.940000,464.600000
NaN,NaN,1062.960000,404.140000,1074.930000,464.610000
NaN,NaN,1062.980000,404.150000,1074.940000,464.600000
NaN,NaN,1063.000000,404.170000,1074.940000,464.620000
NaN,NaN,1063.010000,404.170000,1074.940000,464.610000
NaN,NaN,1063.020000,404.200000,1074.920000,464.600000
NaN,NaN,1063.040000,404.210000,1074.930000,464.590000
NaN,NaN,1063.050000,404.220000,1074.930000,464.600000
NaN,NaN,1063.060000,404.230000,1074.920000,464.590000
NaN,NaN,1063.070000,404.250000,1074.940000,464.580000
NaN,NaN,1063.080000,404.250000,1074.930000,464.580000
NaN,NaN,1063.100000,404.270000,1074.940000,464.580000
NaN,NaN,1063.120000,404.280000,1074.930000,464.570000
NaN,NaN,1063.120000,404.290000,1074.930000,464.570000
NaN,NaN,1063.130000,404.300000,1074.940000,464.570000
NaN,NaN,1063.160000,404.320000,1074.930000,464.570000
NaN,NaN,1063.170000,404.330000,1074.930000,464.570000
NaN,NaN,1063.180000,404.350000,1074.940000,464.560000
NaN,NaN,1063.250000,404.360000,1074.950000,464.580000
NaN,NaN,1063.260000,404.380000,1074.950000,464.560000
NaN,NaN,1063.270000,404.390000,1074.940000,464.560000
NaN,NaN,1063.280000,404.400000,1074.930000,464.570000
NaN,NaN,1063.280000,404.410000,1074.940000,464.570000
NaN,NaN,1063.290000,404.430000,1074.940000,464.570000
NaN,NaN,1063.310000,404.450000,1074.950000,464.570000
NaN,NaN,1063.310000,404.460000,1074.940000,464.560000
NaN,NaN,1063.330000,404.490000,1074.940000,464.560000
NaN,NaN,1063.440000,404.940000,1074.930000,464.560000
NaN,NaN,1063.750000,404.940000,1074.940000,464.540000
NaN,NaN,1063.760000,404.950000,1074.950000,464.550000
NaN,NaN,1063.770000,404.960000,1074.940000,464.550000
NaN,NaN,1063.780000,404.970000,1074.940000,464.550000
NaN,NaN,1063.810000,404.980000,1074.940000,464.540000
NaN,NaN,1063.850000,405.010000,1074.940000,464.580000
NaN,NaN,1063.850000,405.020000,1074.930000,464.560000
NaN,NaN,1063.850000,405.020000,1074.910000,464.560000
NaN,NaN,1063.870000,405.020000,1074.910000,464.550000
NaN,NaN,1063.890000,405.030000,1074.930000,464.550000
NaN,NaN,1063.890000,405.050000,1074.920000,464.550000
NaN,NaN,1063.910000,405.050000,1074.920000,464.560000
NaN,NaN,1063.920000,405.060000,1074.930000,464.550000
NaN,NaN,1063.940000,405.060000,1074.930000,464.550000
NaN,NaN,1063.950000,405.070000,1074.930000,464.560000
NaN,NaN,1063.960000,405.090000,1074.940000,464.560000
NaN,NaN,1063.970000,405.090000,1074.940000,464.550000
NaN,NaN,1063.990000,405.100000,1074.950000,464.550000
NaN,NaN,1064.000000,405.110000,1074.950000,464.540000
NaN,NaN,1064.010000,405.130000,1074.950000,464.520000
NaN,NaN,1064.040000,405.150000,1074.930000,464.550000
NaN,NaN,1064.060000,405.150000,1074.950000,464.540000
NaN,NaN,1064.060000,405.150000,1074.940000,464.540000
NaN,NaN,1064.080000,405.170000,1074.940000,464.520000
NaN,NaN,1064.090000,405.170000,1074.940000,464.520000
NaN,NaN,1064.100000,405.190000,1074.940000,464.520000
NaN,NaN,1064.120000,405.200000,1074.940000,464.510000
NaN,NaN,1064.150000,405.210000,1074.940000,464.500000
NaN,NaN,1064.160000,405.220000,1075.040000,464.000000
NaN,NaN,1064.170000,405.230000,1075.030000,464.000000
NaN,NaN,1064.180000,405.250000,1075.040000,464.000000
NaN,NaN,1064.210000,405.270000,1075.030000,463.990000
NaN,NaN,1064.230000,405.270000,1075.030000,464.000000
NaN,NaN,1064.250000,405.290000,1075.040000,464.000000
NaN,NaN,1064.280000,405.310000,1075.050000,464.000000
NaN,NaN,1064.280000,405.330000,1075.040000,464.000000
NaN,NaN,1064.270000,405.330000,1075.050000,463.990000
NaN,NaN,1064.290000,405.340000,1075.050000,463.990000
NaN,NaN,1064.320000,405.360000,1075.060000,463.990000
NaN,NaN,1064.330000,405.380000,1075.050000,463.990000
NaN,NaN,1064.360000,405.390000,1075.050000,463.990000
NaN,NaN,1064.410000,405.410000,1075.050000,463.990000
NaN,NaN,1064.420000,405.410000,1075.050000,463.990000
NaN,NaN,1064.450000,405.430000,1075.050000,463.990000
NaN,NaN,1064.460000,405.440000,1075.060000,463.990000
NaN,NaN,1064.460000,405.460000,1075.050000,463.990000
NaN,NaN,1064.530000,405.510000,1075.040000,463.980000
NaN,NaN,1064.820000,405.910000,1075.050000,463.980000
NaN,NaN,1064.830000,405.930000,1075.050000,463.980000
NaN,NaN,1064.840000,405.930000,1075.040000,463.980000
NaN,NaN,1064.880000,405.950000,1075.060000,463.980000
NaN,NaN,1064.870000,405.960000,1075.070000,463.980000
NaN,NaN,1064.890000,405.960000,1075.060000,463.970000
NaN,NaN,1064.900000,405.980000,1075.040000,463.970000
NaN,NaN,1064.920000,405.980000,1075.040000,463.970000
NaN,NaN,1064.930000,406.000000,1075.040000,463.970000
NaN,NaN,1064.940000,406.010000,1075.040000,463.970000
NaN,NaN,1064.950000,406.010000,1075.050000,463.970000
NaN,NaN,1064.970000,406.020000,1075.040000,463.970000
NaN,NaN,1064.990000,406.030000,1075.050000,463.970000
NaN,NaN,1064.990000,406.040000,1075.040000,463.970000
NaN,NaN,1064.980000,406.050000,1075.040000,463.960000
NaN,NaN,1065.000000,406.050000,1075.040000,463.970000
NaN,NaN,1065.010000,406.060000,1075.050000,463.960000
NaN,NaN,1065.030000,406.060000,1075.040000,463.960000
NaN,NaN,1065.070000,406.100000,1075.040000,463.960000
NaN,NaN,1065.070000,406.100000,1075.040000,463.950000
NaN,NaN,1065.070000,406.110000,1075.040000,463.950000
NaN,NaN,1065.080000,406.120000,1075.050000,463.950000
NaN,NaN,1065.080000,406.120000,1075.040000,463.950000
NaN,NaN,1065.090000,406.140000,1075.040000,463.950000
NaN,NaN,1065.110000,406.150000,1075.040000,463.950000
NaN,NaN,1065.120000,406.160000,1075.040000,463.940000
NaN,NaN,1065.150000,406.170000,1075.030000,463.950000
NaN,NaN,1065.160000,406.210000,1075.030000,463.940000
NaN,NaN,1065.180000,406.210000,1075.030000,463.940000
NaN,NaN,1065.210000,406.230000,1075.040000,463.930000
NaN,NaN,1065.210000,406.230000,1075.040000,463.930000
NaN,NaN,1065.230000,406.260000,1075.030000,463.930000
NaN,NaN,1065.240000,406.280000,1075.040000,463.930000
NaN,NaN,1065.270000,406.290000,1075.030000,463.940000
NaN,NaN,1065.300000,406.300000,1075.020000,463.920000
NaN,NaN,1065.290000,406.310000,1075.030000,463.930000
NaN,NaN,1065.320000,406.340000,1075.030000,463.920000
NaN,NaN,1065.310000,406.360000,1075.030000,463.910000
NaN,NaN,1065.310000,406.370000,1075.040000,463.910000
NaN,NaN,1065.360000,406.390000,1075.040000,463.920000
NaN,NaN,1065.370000,406.430000,1075.030000,463.910000
NaN,NaN,1065.390000,406.420000,1075.040000,463.910000
NaN,NaN,1065.420000,406.440000,1075.040000,463.910000
NaN,NaN,1065.470000,406.530000,1075.030000,463.910000
NaN,NaN,1065.800000,406.950000,1075.030000,463.900000
NaN,NaN,1065.810000,406.950000,1075.040000,463.900000
NaN,NaN,1065.820000,406.970000,1075.030000,463.900000
NaN,NaN,1065.850000,407.000000,1075.030000,463.900000
NaN,NaN,1065.850000,407.030000,1075.040000,463.900000
NaN,NaN,1065.870000,407.030000,1075.030000,463.890000
NaN,NaN,1065.870000,407.040000,1075.020000,463.890000
NaN,NaN,1065.880000,407.050000,1075.030000,463.890000
NaN,NaN,1065.890000,407.070000,1075.040000,463.890000
NaN,NaN,1065.920000,407.070000,1075.030000,463.880000
NaN,NaN,1065.940000,407.080000,1075.040000,463.880000
NaN,NaN,1065.940000,407.100000,1075.040000,463.880000
NaN,NaN,1065.950000,407.120000,1075.040000,463.890000
NaN,NaN,1065.970000,407.140000,1075.040000,463.870000
NaN,NaN,1065.970000,407.150000,1075.030000,463.880000
NaN,NaN,1066.000000,407.190000,1075.030000,463.870000
NaN,NaN,1066.010000,407.190000,1075.040000,463.860000
NaN,NaN,1066.010000,407.210000,1075.030000,463.870000
NaN,NaN,1066.020000,407.250000,1075.040000,463.850000
NaN,NaN,1066.030000,407.290000,1075.020000,463.860000
NaN,NaN,1066.030000,407.290000,1075.030000,463.860000
NaN,NaN,1066.060000,407.350000,1075.040000,463.850000
NaN,NaN,1066.080000,407.340000,1075.040000,463.840000
NaN,NaN,1066.090000,407.390000,1075.030000,463.840000
NaN,NaN,1066.100000,407.410000,1075.030000,463.840000
NaN,NaN,1066.120000,407.430000,1075.030000,463.830000
NaN,NaN,1066.170000,407.540000,1075.030000,463.820000
NaN,NaN,1066.270000,407.980000,1075.030000,463.820000
NaN,NaN,1066.280000,408.010000,1075.020000,463.820000
NaN,NaN,1066.290000,408.020000,1075.020000,463.800000
NaN,NaN,1066.320000,408.030000,1075.020000,463.790000
NaN,NaN,1066.310000,408.060000,1075.030000,463.790000
NaN,NaN,1066.330000,408.070000,1075.020000,463.790000
NaN,NaN,1066.370000,408.080000,1075.030000,463.780000
NaN,NaN,1066.420000,408.140000,1075.020000,463.800000
NaN,NaN,1066.410000,408.160000,1075.030000,463.780000
NaN,NaN,1066.410000,408.170000,1075.010000,463.780000
NaN,NaN,1066.430000,408.190000,1075.010000,463.780000
NaN,NaN,1066.470000,408.210000,1075.000000,463.770000
NaN,NaN,1066.750000,408.300000,1075.010000,463.760000
NaN,NaN,1066.750000,408.310000,1075.000000,463.760000
NaN,NaN,1066.780000,408.320000,1074.990000,463.750000
NaN,NaN,1066.800000,408.370000,1075.000000,463.750000
NaN,NaN,1066.830000,408.400000,1074.990000,463.750000
NaN,NaN,1066.850000,408.440000,1074.990000,463.730000
NaN,NaN,1066.880000,408.530000,1074.970000,463.740000
NaN,NaN,1066.970000,408.980000,1074.980000,463.730000
NaN,NaN,1066.980000,409.010000,1074.980000,463.720000
NaN,NaN,1066.990000,409.030000,1074.980000,463.730000
NaN,NaN,1067.020000,409.070000,1074.990000,463.740000
NaN,NaN,1067.020000,409.080000,1074.990000,463.720000
NaN,NaN,1067.040000,409.110000,1074.980000,463.720000
NaN,NaN,1067.050000,409.140000,1074.990000,463.710000
NaN,NaN,1067.050000,409.160000,1074.990000,463.700000
NaN,NaN,1067.070000,409.220000,1074.980000,463.710000
NaN,NaN,1067.090000,409.260000,1074.970000,463.710000
NaN,NaN,1067.110000,409.300000,1074.970000,463.710000
NaN,NaN,1067.130000,409.350000,1074.980000,463.710000
NaN,NaN,1067.130000,409.390000,1074.970000,463.720000
NaN,NaN,1067.160000,409.440000,1074.980000,463.720000
NaN,NaN,1067.170000,409.460000,1074.980000,463.710000
NaN,NaN,1067.220000,409.570000,1074.980000,463.720000
NaN,NaN,1067.330000,410.010000,1074.990000,463.720000
NaN,NaN,1067.350000,410.020000,1074.990000,463.720000
NaN,NaN,1067.400000,410.050000,1074.970000,463.730000
NaN,NaN,1067.420000,410.070000,1074.980000,463.740000
NaN,NaN,1067.440000,410.110000,1074.970000,463.730000
NaN,NaN,1067.460000,410.140000,1074.990000,463.740000
NaN,NaN,1067.510000,410.190000,1074.990000,463.740000
NaN,NaN,1067.740000,410.230000,1074.990000,463.730000
NaN,NaN,1067.780000,410.270000,1074.990000,463.730000
NaN,NaN,1067.810000,410.340000,1074.990000,463.750000
NaN,NaN,1067.810000,410.360000,1075.000000,463.740000
NaN,NaN,1067.830000,410.420000,1075.000000,463.750000
NaN,NaN,1067.900000,410.550000,1075.000000,463.750000
NaN,NaN,1068.010000,410.990000,1075.000000,463.740000
NaN,NaN,1068.000000,411.010000,1075.000000,463.740000
NaN,NaN,1068.040000,411.030000,1075.010000,463.740000
NaN,NaN,1068.050000,411.070000,1074.990000,463.730000
NaN,NaN,1068.050000,411.140000,1075.000000,463.730000
NaN,NaN,1068.090000,411.180000,1075.000000,463.740000
NaN,NaN,1068.100000,411.210000,1075.010000,463.730000
NaN,NaN,1068.130000,411.250000,1075.000000,463.740000
NaN,NaN,1068.160000,411.330000,1075.000000,463.740000
NaN,NaN,1068.220000,411.390000,1075.010000,463.750000
NaN,NaN,1068.240000,411.490000,1074.990000,463.750000
NaN,NaN,1068.380000,411.970000,1074.980000,463.740000
NaN,NaN,1068.380000,412.000000,1074.980000,463.740000
NaN,NaN,1068.440000,412.040000,1074.990000,463.720000
NaN,NaN,1068.450000,412.090000,1074.990000,463.730000
NaN,NaN,1068.470000,412.120000,1074.980000,463.740000
NaN,NaN,1068.500000,412.190000,1074.980000,463.730000
NaN,NaN,1068.740000,412.270000,1074.980000,463.740000
NaN,NaN,1068.750000,412.320000,1074.970000,463.740000
NaN,NaN,1068.830000,412.470000,1074.970000,463.750000
NaN,NaN,1068.890000,412.930000,1074.970000,463.740000
NaN,NaN,1068.900000,412.960000,1074.980000,463.730000
NaN,NaN,1068.940000,412.970000,1074.970000,463.750000
NaN,NaN,1068.940000,413.020000,1074.980000,463.750000
NaN,NaN,1068.950000,413.070000,1074.970000,463.740000
NaN,NaN,1069.000000,413.130000,1074.980000,463.720000
NaN,NaN,1069.020000,413.190000,1074.970000,463.720000
NaN,NaN,1069.020000,413.270000,1074.970000,463.720000
NaN,NaN,1069.030000,413.330000,1074.960000,463.710000
NaN,NaN,1069.070000,413.370000,1074.960000,463.710000
NaN,NaN,1069.110000,413.480000,1074.970000,463.720000
NaN,NaN,1069.260000,413.940000,1074.980000,463.730000
NaN,NaN,1069.280000,413.980000,1074.970000,463.730000
NaN,NaN,1069.320000,414.040000,1074.960000,463.730000
NaN,NaN,1069.360000,414.110000,1074.940000,463.760000
NaN,NaN,1069.400000,414.160000,1074.960000,463.740000
NaN,NaN,1069.390000,414.220000,1074.950000,463.730000
NaN,NaN,1069.390000,414.290000,1074.950000,463.730000
NaN,NaN,1069.450000,414.420000,1074.960000,463.730000
NaN,NaN,1069.690000,414.980000,1074.950000,463.720000
NaN,NaN,1069.870000,415.020000,1074.950000,463.730000
NaN,NaN,1069.870000,415.060000,1074.940000,463.740000
NaN,NaN,1069.870000,415.100000,1074.950000,463.740000
NaN,NaN,1069.880000,415.170000,1074.940000,463.740000
NaN,NaN,1069.860000,415.220000,1074.940000,463.730000
NaN,NaN,1069.890000,415.310000,1074.940000,463.730000
NaN,NaN,1069.910000,415.360000,1074.940000,463.720000
NaN,NaN,1069.920000,415.440000,1074.940000,463.730000
NaN,NaN,1070.070000,415.950000,1074.930000,463.740000
NaN,NaN,1070.040000,415.990000,1074.930000,463.710000
NaN,NaN,1070.040000,416.010000,1074.930000,463.720000
NaN,NaN,1070.030000,416.090000,1074.930000,463.720000
NaN,NaN,1070.020000,416.140000,1074.930000,463.720000
NaN,NaN,1070.010000,416.190000,1074.950000,463.730000
NaN,NaN,1070.030000,416.260000,1074.930000,463.730000
NaN,NaN,1070.080000,416.350000,1074.930000,463.730000
NaN,NaN,1070.090000,416.430000,1074.930000,463.730000
NaN,NaN,1070.360000,416.980000,1074.920000,463.720000
NaN,NaN,1070.660000,417.050000,1074.920000,463.720000
NaN,NaN,1070.670000,417.130000,1074.920000,463.720000
NaN,NaN,1070.680000,417.200000,1074.920000,463.710000
NaN,NaN,1070.700000,417.290000,1074.920000,463.730000
NaN,NaN,1070.710000,417.390000,1074.920000,463.720000
1078.034849,421.320353,1070.730000,417.480000,1074.910000,463.720000
1077.870681,422.710536,1070.940000,418.080000,1074.880000,463.730000
1078.034849,423.791790,1071.240000,418.840000,1074.890000,463.740000
1078.199017,424.409649,1071.760000,419.560000,1074.900000,463.740000
1078.199017,424.409649,1071.760000,419.610000,1074.880000,463.730000
1078.199017,424.873043,1071.770000,419.670000,1074.880000,463.720000
1078.199017,424.873043,1071.760000,419.710000,1074.880000,463.700000
1078.527354,424.873043,1071.720000,419.740000,1074.890000,463.720000
1078.527354,426.108761,1071.730000,419.740000,1074.880000,463.730000
1078.527354,427.807873,1071.740000,419.770000,1074.880000,463.730000
1078.527354,431.206098,1071.710000,419.790000,1074.890000,463.720000
1078.527354,433.986464,1071.740000,419.810000,1074.870000,463.720000
1078.199017,438.311477,1071.720000,419.790000,1074.870000,463.710000
1078.034849,441.709702,1071.740000,419.850000,1074.880000,463.700000
1078.034849,444.490068,1071.730000,419.890000,1074.880000,463.720000
1078.034849,447.424898,1071.740000,419.940000,1074.880000,463.730000
1077.870681,448.351687,1071.810000,419.980000,1074.910000,463.780000
1078.363186,451.440982,1071.810000,419.990000,1074.990000,463.910000
1078.363186,453.912418,1071.780000,420.010000,1075.243990,463.489233
1078.363186,457.156178,1071.760000,420.020000,1074.970000,463.060000
1078.527354,459.473150,1071.790000,420.030000,1074.950000,463.030000
1078.527354,460.863332,1071.820000,420.050000,1074.940000,463.110000
1078.527354,461.790121,1071.810000,420.070000,1074.950000,463.160000
1078.527354,461.790121,1071.810000,420.100000,1074.940000,463.200000
1078.527354,462.716909,1071.790000,420.120000,1074.940000,463.130000
1078.527354,462.716909,1071.760000,420.120000,1074.950000,463.140000
1079.184026,462.716909,1071.770000,420.140000,1074.990000,463.090000
1079.184026,462.716909,1071.710000,420.170000,1074.990000,463.050000
1079.184026,462.562445,1071.690000,420.200000,1075.000000,463.040000
1079.348195,461.172262,1071.720000,420.250000,1074.980000,463.040000
1079.512363,459.473150,1071.690000,420.270000,1074.970000,463.020000
1079.512363,457.001713,1071.520000,420.330000,1075.000000,463.060000
1079.512363,456.692784,1071.460000,420.360000,1075.000000,463.050000
1079.184026,456.074925,1071.500000,420.400000,1075.000000,463.030000
1079.184026,456.074925,1071.540000,420.520000,1074.990000,463.040000
1079.184026,456.074925,1071.740000,421.060000,1074.980000,463.050000
1079.184026,455.765995,1072.350000,421.880000,1074.990000,463.050000
1079.184026,455.765995,1073.060000,422.730000,1074.990000,463.050000
1079.184026,455.920460,1076.228999,424.255184,1074.970000,463.050000
1079.184026,455.920460,1076.080000,424.160000,1074.970000,463.050000
1079.184026,455.920460,1076.130000,424.120000,1074.980000,463.040000
1079.184026,455.920460,1076.050000,424.150000,1074.980000,463.040000
1079.184026,455.920460,1076.070000,424.210000,1074.980000,463.040000
1079.019858,455.920460,1076.090000,424.270000,1074.980000,463.020000
1079.019858,455.920460,1076.120000,424.310000,1074.980000,463.010000
1079.019858,455.920460,1076.140000,424.380000,1074.970000,463.010000
1079.019858,455.920460,1076.180000,424.520000,1074.970000,463.030000
1079.019858,455.920460,1076.240000,424.950000,1074.960000,463.020000
1079.019858,455.920460,1076.270000,424.990000,1074.970000,463.010000
1079.019858,455.920460,1076.290000,425.010000,1074.980000,463.000000
1079.019858,455.920460,1076.330000,425.050000,1074.990000,463.000000
1079.019858,455.920460,1076.370000,425.090000,1074.990000,462.970000
1079.019858,455.920460,1076.410000,425.120000,1074.990000,462.980000
1079.019858,455.920460,1076.440000,425.150000,1074.990000,462.980000
1079.019858,455.920460,1076.490000,425.200000,1074.990000,462.980000
1079.184026,455.765995,1076.730000,425.270000,1075.010000,462.960000
1079.184026,455.765995,1076.770000,425.340000,1075.020000,462.940000
1079.184026,455.765995,1076.830000,425.380000,1075.040000,462.910000
1079.184026,454.993671,1076.850000,425.400000,1075.050000,462.870000
1079.184026,454.530277,1076.870000,425.440000,1075.050000,462.840000
1079.184026,454.375812,1076.900000,425.450000,1075.060000,462.800000
1079.184026,453.757953,1076.940000,425.570000,1075.070000,462.740000
1079.184026,453.294559,1076.990000,425.930000,1075.060000,462.730000
1079.184026,452.985630,1077.020000,425.950000,1075.070000,462.720000
1079.512363,452.213306,1077.070000,425.980000,1075.070000,462.700000
1079.512363,452.213306,1077.070000,426.010000,1075.080000,462.690000
1079.512363,451.904376,1077.110000,426.030000,1075.070000,462.690000
1079.512363,451.440982,1077.140000,426.050000,1075.070000,462.680000
1079.512363,450.668658,1077.180000,426.080000,1075.070000,462.680000
1079.512363,450.514193,1077.220000,426.100000,1075.060000,462.680000
1079.512363,450.514193,1077.250000,426.140000,1075.070000,462.680000
1079.512363,450.514193,1077.290000,426.160000,1075.070000,462.690000
1079.512363,450.514193,1077.340000,426.170000,1075.060000,462.700000
1079.512363,450.514193,1077.420000,426.180000,1075.060000,462.710000
1079.512363,450.514193,1077.420000,426.190000,1075.070000,462.710000
1079.512363,450.514193,1077.440000,426.210000,1075.060000,462.720000
1079.512363,450.359729,1077.510000,426.240000,1075.040000,462.690000
1079.676531,449.124010,1077.730000,426.270000,1075.040000,462.710000
1079.840699,448.660616,1077.770000,426.300000,1075.040000,462.710000
1079.840699,448.351687,1077.800000,426.320000,1075.040000,462.710000
1079.840699,448.042757,1077.850000,426.330000,1075.030000,462.710000
1079.840699,447.579363,1077.920000,426.340000,1075.030000,462.720000
1079.840699,447.579363,1077.950000,426.370000,1075.030000,462.710000
1079.840699,447.424898,1077.980000,426.400000,1075.030000,462.710000
1079.840699,447.424898,1078.020000,426.420000,1075.020000,462.710000
1079.840699,447.424898,1078.070000,426.440000,1075.020000,462.700000
1080.004867,447.424898,1078.160000,426.440000,1075.020000,462.710000
1080.333204,447.270433,1078.200000,426.470000,1075.020000,462.710000
1080.661540,446.807039,1078.250000,426.490000,1075.020000,462.700000
1080.661540,446.189180,1078.360000,426.890000,1075.030000,462.700000
1080.661540,446.189180,1078.420000,426.880000,1075.020000,462.700000
1080.661540,446.034715,1078.530000,426.880000,1075.020000,462.700000
1080.661540,445.880251,1078.780000,426.890000,1075.010000,462.710000
1080.661540,445.571321,1078.810000,426.910000,1075.020000,462.710000
1080.661540,445.262391,1078.860000,426.900000,1075.020000,462.720000
1080.661540,445.262391,1078.900000,426.900000,1075.020000,462.720000
1080.661540,445.262391,1078.950000,426.900000,1075.020000,462.720000
1080.661540,445.262391,1079.060000,426.910000,1075.020000,462.730000
1080.661540,445.262391,1079.090000,426.900000,1075.010000,462.730000
1080.661540,445.262391,1079.130000,426.900000,1075.020000,462.730000
1080.661540,444.798997,1079.190000,426.880000,1075.010000,462.720000
1080.661540,444.798997,1079.250000,426.870000,1075.010000,462.720000
1080.661540,444.798997,1079.330000,426.860000,1075.010000,462.710000
1080.825708,444.490068,1079.360000,426.870000,1075.010000,462.710000
1080.825708,444.181138,1079.370000,426.850000,1075.010000,462.710000
1080.825708,444.026673,1079.420000,426.860000,1075.020000,462.710000
1080.825708,443.563279,1079.450000,426.820000,1075.010000,462.730000
1080.825708,443.099885,1079.510000,426.830000,1075.000000,462.730000
1080.661540,442.636491,1079.810000,426.810000,1075.000000,462.730000
1080.661540,442.018631,1079.850000,426.800000,1075.010000,462.730000
1080.661540,441.864167,1079.970000,426.780000,1075.010000,462.730000
1080.661540,441.709702,1079.950000,426.760000,1075.000000,462.730000
1080.661540,441.246308,1079.960000,426.750000,1075.010000,462.730000
1080.661540,440.937378,1079.990000,426.720000,1075.010000,462.720000
1080.497372,440.473984,1080.010000,426.710000,1075.020000,462.720000
1080.497372,440.165054,1080.030000,426.710000,1075.020000,462.710000
1080.497372,440.010590,1080.060000,426.680000,1075.020000,462.720000
1080.497372,439.547195,1080.080000,426.680000,1075.030000,462.720000
1080.497372,439.083801,1080.110000,426.670000,1075.020000,462.720000
1080.497372,439.083801,1080.150000,426.670000,1075.020000,462.730000
1080.497372,438.311477,1080.170000,426.660000,1075.020000,462.730000
1080.497372,438.002548,1080.200000,426.630000,1075.000000,462.730000
1080.497372,437.848083,1080.210000,426.660000,1075.020000,462.730000
1080.661540,437.539153,1080.210000,426.680000,1075.020000,462.720000
1080.825708,437.075759,1080.220000,426.630000,1075.020000,462.730000
1081.646549,436.457900,1080.230000,426.590000,1075.020000,462.730000
1082.303222,435.994506,1080.260000,426.590000,1075.010000,462.740000
1083.288231,434.758788,1080.280000,426.560000,1075.010000,462.730000
1083.452399,434.140929,1080.300000,426.440000,1075.000000,462.740000
1083.452399,434.140929,1080.220000,426.010000,1075.010000,462.740000
1083.452399,433.986464,1080.240000,426.010000,1075.020000,462.730000
1083.452399,433.831999,1080.260000,426.010000,1075.020000,462.730000
1083.452399,433.523070,1080.270000,425.990000,1075.020000,462.720000
1083.616567,432.750746,1080.280000,425.970000,1075.020000,462.730000
1083.944903,432.287352,1080.270000,425.970000,1075.010000,462.730000
1084.109072,431.669492,1080.310000,425.930000,1075.010000,462.730000
1084.109072,431.515028,1080.320000,425.940000,1075.010000,462.740000
1084.273240,431.206098,1080.370000,425.920000,1075.010000,462.750000
1084.437408,430.588239,1080.390000,425.900000,1075.000000,462.740000
1084.437408,430.588239,1080.400000,425.920000,1075.000000,462.750000
1084.437408,430.124845,1080.420000,425.900000,1075.000000,462.760000
1084.765744,429.506986,1080.440000,425.900000,1075.010000,462.750000
1084.929912,429.506986,1080.480000,425.890000,1075.010000,462.760000
1085.258249,429.043592,1080.840000,425.850000,1075.010000,462.750000
1085.258249,429.043592,1080.850000,425.850000,1075.010000,462.750000
1085.422417,428.889127,1080.880000,425.810000,1075.000000,462.730000
1085.586585,428.580197,1080.870000,425.810000,1075.000000,462.740000
1085.586585,428.425732,1080.880000,425.800000,1075.010000,462.740000
1085.750753,428.271268,1080.880000,425.800000,1075.000000,462.730000
1085.750753,428.271268,1080.890000,425.790000,1075.000000,462.730000
1085.750753,428.271268,1080.890000,425.760000,1074.990000,462.740000
1085.750753,427.962338,1080.940000,425.800000,1075.000000,462.750000
1085.914921,427.653409,1080.940000,425.760000,1075.000000,462.750000
1085.914921,427.653409,1080.930000,425.750000,1074.990000,462.750000
1085.914921,427.498944,1080.960000,425.740000,1074.990000,462.750000
1085.914921,427.498944,1080.960000,425.730000,1074.990000,462.750000
1085.914921,427.344479,1080.960000,425.750000,1075.000000,462.750000
1085.914921,427.190014,1080.960000,425.720000,1074.990000,462.750000
1085.914921,427.190014,1080.970000,425.710000,1075.000000,462.770000
1086.079090,426.726620,1080.960000,425.710000,1075.000000,462.770000
1086.079090,426.263226,1080.960000,425.730000,1075.000000,462.770000
1086.079090,425.954296,1080.980000,425.690000,1075.000000,462.780000
1086.079090,425.645367,1080.970000,425.630000,1075.000000,462.780000
1086.243258,425.181972,1081.000000,425.620000,1075.000000,462.770000
1086.243258,424.873043,1080.980000,425.620000,1075.000000,462.760000
1086.243258,424.873043,1081.000000,425.650000,1075.010000,462.760000
1086.243258,424.718578,1081.050000,425.630000,1074.990000,462.770000
1086.243258,423.946254,1081.150000,425.550000,1074.990000,462.770000
1086.243258,423.791790,1081.020000,425.000000,1074.980000,462.770000
1086.243258,423.637325,1081.020000,424.950000,1074.990000,462.770000
1086.243258,423.637325,1081.020000,424.970000,1074.980000,462.780000
1086.243258,423.637325,1081.010000,424.960000,1074.980000,462.790000
1086.243258,423.637325,1081.020000,424.960000,1074.980000,462.790000
1086.243258,423.637325,1081.030000,424.920000,1074.980000,462.800000
1086.243258,423.637325,1081.050000,424.910000,1074.950000,462.790000
1086.243258,423.637325,1081.040000,424.900000,1074.960000,462.790000
1086.243258,423.637325,1081.050000,424.890000,1074.960000,462.790000
1086.243258,423.637325,1081.050000,424.890000,1074.960000,462.800000
1086.243258,423.637325,1081.040000,424.870000,1074.950000,462.810000
1086.243258,423.637325,1081.080000,424.860000,1074.950000,462.830000
1086.243258,423.637325,1081.060000,424.880000,1074.960000,462.850000
1086.243258,423.637325,1081.050000,424.850000,1074.950000,462.890000
1086.243258,423.637325,1081.060000,424.850000,1074.950000,462.890000
1086.243258,423.637325,1081.080000,424.840000,1074.950000,462.890000
1086.243258,423.637325,1081.090000,424.830000,1074.960000,462.910000
1086.243258,423.637325,1081.090000,424.820000,1074.970000,462.920000
1086.243258,423.637325,1081.110000,424.810000,1074.970000,462.920000
1086.243258,423.637325,1081.110000,424.830000,1074.980000,462.920000
1086.243258,423.637325,1081.130000,424.840000,1074.980000,462.940000
1086.243258,423.637325,1081.110000,424.830000,1074.990000,462.940000
1086.243258,423.637325,1081.090000,424.840000,1074.990000,462.950000
1086.243258,423.637325,1081.090000,424.820000,1074.990000,462.950000
1086.243258,423.637325,1081.120000,424.800000,1074.980000,462.970000
NaN,NaN,1081.140000,424.790000,1074.980000,462.970000
NaN,NaN,1081.150000,424.770000,1074.990000,462.980000
NaN,NaN,1081.130000,424.810000,1074.990000,462.980000
NaN,NaN,1081.110000,424.870000,1074.980000,462.980000
NaN,NaN,1081.060000,424.860000,1074.980000,462.980000
NaN,NaN,1081.130000,424.840000,1074.970000,462.990000
NaN,NaN,1081.140000,424.830000,1074.980000,462.990000
NaN,NaN,1081.110000,424.810000,1074.980000,462.990000
NaN,NaN,1081.090000,424.850000,1074.980000,462.980000
NaN,NaN,1081.080000,424.880000,1074.960000,462.980000
NaN,NaN,1081.080000,424.880000,1074.960000,462.970000
NaN,NaN,1081.100000,424.890000,1074.950000,462.980000
NaN,NaN,1081.110000,424.890000,1074.960000,462.980000
NaN,NaN,1081.100000,424.900000,1074.960000,462.970000
NaN,NaN,1081.140000,424.920000,1074.970000,462.960000
NaN,NaN,1081.090000,424.940000,1074.970000,462.960000
NaN,NaN,1081.080000,424.960000,1074.970000,462.960000
NaN,NaN,1081.050000,425.000000,1074.960000,462.960000
NaN,NaN,1081.080000,424.960000,1074.980000,462.960000
NaN,NaN,1081.070000,424.940000,1074.970000,462.950000
NaN,NaN,1081.080000,424.980000,1074.960000,462.950000
NaN,NaN,1081.040000,424.990000,1074.960000,462.950000
NaN,NaN,1081.040000,425.010000,1074.960000,462.950000
NaN,NaN,1081.040000,425.060000,1074.960000,462.950000
NaN,NaN,1081.050000,425.090000,1074.950000,462.950000
NaN,NaN,1081.000000,425.140000,1074.950000,462.950000
NaN,NaN,1081.000000,425.240000,1074.960000,462.950000
NaN,NaN,1081.020000,425.340000,1074.950000,462.950000
NaN,NaN,1081.000000,425.480000,1074.960000,462.940000
NaN,NaN,1081.020000,425.970000,1074.970000,462.940000
NaN,NaN,1081.010000,425.980000,1074.970000,462.940000
NaN,NaN,1080.960000,426.000000,1074.970000,462.950000
NaN,NaN,1080.930000,426.030000,1074.970000,462.940000
NaN,NaN,1080.920000,426.070000,1074.960000,462.950000
NaN,NaN,1080.930000,426.120000,1074.960000,462.950000
NaN,NaN,1080.870000,426.110000,1074.960000,462.940000
NaN,NaN,1080.850000,426.160000,1074.960000,462.950000
NaN,NaN,1080.810000,426.190000,1074.960000,462.960000
NaN,NaN,1080.800000,426.260000,1074.960000,462.960000
NaN,NaN,1080.760000,426.360000,1074.960000,462.950000
NaN,NaN,1080.740000,426.370000,1074.950000,462.940000
NaN,NaN,1080.730000,426.490000,1074.950000,462.940000
NaN,NaN,1080.740000,426.910000,1074.950000,462.950000
NaN,NaN,1080.760000,426.950000,1074.950000,462.940000
NaN,NaN,1080.760000,426.970000,1074.960000,462.940000
NaN,NaN,1080.720000,427.000000,1074.960000,462.960000
NaN,NaN,1080.710000,427.020000,1074.960000,462.950000
NaN,NaN,1080.680000,427.050000,1074.960000,462.940000
NaN,NaN,1080.640000,427.140000,1074.970000,462.950000
NaN,NaN,1080.650000,427.180000,1074.980000,462.950000
NaN,NaN,1080.650000,427.230000,1074.970000,462.950000
NaN,NaN,1080.620000,427.270000,1074.960000,462.940000
NaN,NaN,1080.590000,427.350000,1074.960000,462.940000
NaN,NaN,1080.590000,427.350000,1074.960000,462.940000
NaN,NaN,1080.570000,427.390000,1074.960000,462.940000
NaN,NaN,1080.530000,427.500000,1074.960000,462.930000
NaN,NaN,1080.250000,427.830000,1074.960000,462.930000
NaN,NaN,1080.260000,427.850000,1074.960000,462.940000
NaN,NaN,1080.240000,427.870000,1074.960000,462.930000
NaN,NaN,1080.210000,427.940000,1074.970000,462.930000
NaN,NaN,1080.200000,427.960000,1074.960000,462.920000
NaN,NaN,1080.200000,427.960000,1074.980000,462.920000
NaN,NaN,1080.180000,427.980000,1074.960000,462.910000
NaN,NaN,1080.150000,428.030000,1074.960000,462.910000
NaN,NaN,1080.160000,428.060000,1074.950000,462.910000
NaN,NaN,1080.140000,428.080000,1074.950000,462.910000
NaN,NaN,1080.140000,428.100000,1074.950000,462.910000
NaN,NaN,1080.140000,428.130000,1074.940000,462.910000
NaN,NaN,1080.130000,428.140000,1074.940000,462.900000
NaN,NaN,1080.110000,428.150000,1074.950000,462.900000
NaN,NaN,1080.120000,428.160000,1074.940000,462.880000
NaN,NaN,1080.110000,428.180000,1074.940000,462.880000
NaN,NaN,1080.090000,428.210000,1074.940000,462.890000
NaN,NaN,1080.080000,428.210000,1074.930000,462.890000
NaN,NaN,1080.070000,428.220000,1074.940000,462.880000
NaN,NaN,1080.050000,428.250000,1074.930000,462.880000
NaN,NaN,1080.020000,428.250000,1074.940000,462.870000
NaN,NaN,1079.990000,428.260000,1074.930000,462.870000
NaN,NaN,1079.930000,428.290000,1074.920000,462.860000
NaN,NaN,1079.910000,428.270000,1074.930000,462.850000
NaN,NaN,1079.910000,428.290000,1074.930000,462.860000
NaN,NaN,1079.900000,428.290000,1074.920000,462.860000
NaN,NaN,1079.880000,428.280000,1074.940000,462.850000
NaN,NaN,1079.870000,428.280000,1074.930000,462.850000
NaN,NaN,1079.880000,428.280000,1074.930000,462.850000
NaN,NaN,1079.870000,428.290000,1074.930000,462.840000
NaN,NaN,1079.870000,428.290000,1074.920000,462.850000
NaN,NaN,1079.860000,428.300000,1074.920000,462.840000
NaN,NaN,1079.860000,428.280000,1074.930000,462.840000
NaN,NaN,1079.840000,428.300000,1074.930000,462.830000
NaN,NaN,1079.820000,428.300000,1074.930000,462.820000
NaN,NaN,1079.830000,428.280000,1074.930000,462.830000
NaN,NaN,1079.820000,428.270000,1074.930000,462.820000
NaN,NaN,1079.850000,428.270000,1074.940000,462.820000
NaN,NaN,1079.830000,428.280000,1074.950000,462.820000
NaN,NaN,1079.810000,428.270000,1074.940000,462.820000
NaN,NaN,1079.800000,428.270000,1074.940000,462.810000
NaN,NaN,1079.790000,428.290000,1074.940000,462.810000
NaN,NaN,1079.790000,428.280000,1074.950000,462.810000
NaN,NaN,1079.790000,428.320000,1074.940000,462.820000
NaN,NaN,1079.790000,428.300000,1074.930000,462.830000
NaN,NaN,1079.780000,428.330000,1074.950000,462.820000
NaN,NaN,1079.790000,428.310000,1074.940000,462.820000
NaN,NaN,1079.780000,428.320000,1074.940000,462.820000
NaN,NaN,1079.790000,428.290000,1074.940000,462.810000
NaN,NaN,1079.770000,428.310000,1074.960000,462.820000
NaN,NaN,1079.780000,428.310000,1074.970000,462.810000
NaN,NaN,1079.780000,428.290000,1074.950000,462.800000
NaN,NaN,1079.760000,428.340000,1074.950000,462.800000
NaN,NaN,1079.750000,428.350000,1074.960000,462.800000
NaN,NaN,1079.750000,428.320000,1074.950000,462.790000
NaN,NaN,1079.750000,428.330000,1074.950000,462.810000
NaN,NaN,1079.760000,428.350000,1074.960000,462.800000
NaN,NaN,1079.760000,428.340000,1074.960000,462.800000
NaN,NaN,1079.770000,428.340000,1074.960000,462.790000
NaN,NaN,1079.760000,428.350000,1074.960000,462.790000
NaN,NaN,1079.750000,428.350000,1074.950000,462.790000
NaN,NaN,1079.770000,428.350000,1074.950000,462.780000
NaN,NaN,1079.760000,428.370000,1074.950000,462.790000
NaN,NaN,1079.760000,428.350000,1074.950000,462.790000
NaN,NaN,1079.740000,428.350000,1074.950000,462.790000
NaN,NaN,1079.750000,428.360000,1074.950000,462.770000
NaN,NaN,1079.760000,428.350000,1074.950000,462.770000
NaN,NaN,1079.760000,428.300000,1074.960000,462.770000
NaN,NaN,1079.740000,428.280000,1074.970000,462.770000
NaN,NaN,1079.730000,428.290000,1074.970000,462.770000
NaN,NaN,1079.740000,428.290000,1074.970000,462.770000
NaN,NaN,1079.750000,428.280000,1074.960000,462.770000
NaN,NaN,1079.750000,428.290000,1074.970000,462.760000
NaN,NaN,1079.740000,428.290000,1074.970000,462.750000
NaN,NaN,1079.740000,428.290000,1074.970000,462.740000
NaN,NaN,1079.740000,428.300000,1074.970000,462.740000
NaN,NaN,1079.720000,428.320000,1074.960000,462.730000
NaN,NaN,1079.730000,428.330000,1074.970000,462.730000
NaN,NaN,1079.730000,428.320000,1074.960000,462.730000
NaN,NaN,1079.730000,428.320000,1074.970000,462.710000
NaN,NaN,1079.730000,428.300000,1074.970000,462.710000
NaN,NaN,1079.730000,428.280000,1074.980000,462.710000
NaN,NaN,1079.680000,428.310000,1074.970000,462.690000
NaN,NaN,1079.710000,428.280000,1074.970000,462.690000
NaN,NaN,1079.680000,428.290000,1074.970000,462.700000
NaN,NaN,1079.670000,428.290000,1074.970000,462.690000
NaN,NaN,1079.660000,428.290000,1074.980000,462.690000
NaN,NaN,1079.670000,428.280000,1074.990000,462.680000
NaN,NaN,1079.620000,428.280000,1074.980000,462.670000
NaN,NaN,1079.610000,428.270000,1074.970000,462.650000
NaN,NaN,1079.620000,428.270000,1074.970000,462.650000
NaN,NaN,1079.610000,428.260000,1074.990000,462.650000
NaN,NaN,1079.610000,428.260000,1074.990000,462.650000
NaN,NaN,1079.600000,428.240000,1075.000000,462.640000
NaN,NaN,1079.630000,428.240000,1074.990000,462.640000
NaN,NaN,1079.640000,428.210000,1075.000000,462.650000
NaN,NaN,1079.610000,428.200000,1075.000000,462.640000
NaN,NaN,1079.570000,428.180000,1074.980000,462.650000
NaN,NaN,1079.540000,428.210000,1074.980000,462.630000
NaN,NaN,1079.550000,428.190000,1074.980000,462.620000
NaN,NaN,1079.560000,428.180000,1074.990000,462.630000
NaN,NaN,1079.540000,428.170000,1074.990000,462.610000
NaN,NaN,1079.570000,428.170000,1074.990000,462.630000
NaN,NaN,1079.560000,428.170000,1075.000000,462.630000
NaN,NaN,1079.560000,428.160000,1074.990000,462.620000
NaN,NaN,1079.480000,428.170000,1075.000000,462.630000
NaN,NaN,1079.180000,428.210000,1075.000000,462.620000
NaN,NaN,1079.160000,428.210000,1074.990000,462.610000
NaN,NaN,1079.160000,428.210000,1075.000000,462.620000
NaN,NaN,1079.140000,428.210000,1074.990000,462.620000
NaN,NaN,1079.130000,428.200000,1074.990000,462.630000
NaN,NaN,1079.120000,428.210000,1075.000000,462.630000
NaN,NaN,1079.110000,428.170000,1075.000000,462.640000
NaN,NaN,1079.110000,428.160000,1075.000000,462.630000
NaN,NaN,1079.090000,428.150000,1075.000000,462.630000
NaN,NaN,1079.070000,428.130000,1074.990000,462.630000
NaN,NaN,1079.040000,428.150000,1075.000000,462.640000
NaN,NaN,1079.030000,428.140000,1075.000000,462.650000
NaN,NaN,1079.040000,428.130000,1075.010000,462.640000
NaN,NaN,1079.020000,428.140000,1075.000000,462.630000
NaN,NaN,1079.010000,428.130000,1075.010000,462.640000
NaN,NaN,1079.000000,428.120000,1075.020000,462.640000
NaN,NaN,1079.000000,428.120000,1075.010000,462.640000
NaN,NaN,1078.990000,428.110000,1075.010000,462.650000
NaN,NaN,1078.990000,428.120000,1075.020000,462.640000
NaN,NaN,1078.980000,428.110000,1075.030000,462.620000
NaN,NaN,1078.970000,428.090000,1075.020000,462.640000
NaN,NaN,1078.950000,428.110000,1075.020000,462.630000
NaN,NaN,1078.920000,428.120000,1075.030000,462.630000
NaN,NaN,1078.910000,428.100000,1075.030000,462.640000
NaN,NaN,1078.900000,428.110000,1075.040000,462.620000
NaN,NaN,1078.890000,428.090000,1075.040000,462.640000
NaN,NaN,1078.860000,428.090000,1075.040000,462.650000
NaN,NaN,1078.850000,428.090000,1075.040000,462.650000
NaN,NaN,1078.830000,428.080000,1075.040000,462.640000
NaN,NaN,1078.810000,428.080000,1075.040000,462.640000
NaN,NaN,1078.820000,428.090000,1075.030000,462.630000
NaN,NaN,1078.810000,428.100000,1075.030000,462.610000
NaN,NaN,1078.770000,428.090000,1075.040000,462.620000
NaN,NaN,1078.770000,428.080000,1075.040000,462.620000
NaN,NaN,1078.740000,428.070000,1075.040000,462.630000
NaN,NaN,1078.720000,428.080000,1075.030000,462.610000
NaN,NaN,1078.710000,428.110000,1075.050000,462.600000
NaN,NaN,1078.670000,428.090000,1075.040000,462.620000
NaN,NaN,1078.680000,428.070000,1075.050000,462.620000
NaN,NaN,1078.640000,428.080000,1075.040000,462.620000
NaN,NaN,1078.620000,428.090000,1075.030000,462.610000
NaN,NaN,1078.590000,428.060000,1075.040000,462.620000
NaN,NaN,1078.580000,428.070000,1075.040000,462.620000
NaN,NaN,1078.570000,428.040000,1075.050000,462.620000
NaN,NaN,1078.550000,428.060000,1075.050000,462.630000
NaN,NaN,1078.530000,428.040000,1075.050000,462.620000
NaN,NaN,1078.530000,428.050000,1075.040000,462.610000
NaN,NaN,1078.490000,428.040000,1075.040000,462.610000
NaN,NaN,1078.140000,428.100000,1075.040000,462.610000
NaN,NaN,1078.130000,428.100000,1075.050000,462.600000
NaN,NaN,1078.140000,428.090000,1075.050000,462.620000
NaN,NaN,1078.090000,428.050000,1075.070000,462.630000
NaN,NaN,1078.100000,428.040000,1075.070000,462.640000
NaN,NaN,1078.080000,428.060000,1075.060000,462.630000
NaN,NaN,1078.070000,428.070000,1075.060000,462.630000
NaN,NaN,1078.050000,428.070000,1075.060000,462.620000
NaN,NaN,1078.060000,428.080000,1075.060000,462.640000
NaN,NaN,1078.030000,428.080000,1075.060000,462.640000
NaN,NaN,1078.010000,428.070000,1075.050000,462.630000
NaN,NaN,1077.990000,428.040000,1075.060000,462.650000
NaN,NaN,1077.980000,428.030000,1075.050000,462.650000
NaN,NaN,1077.970000,428.060000,1075.060000,462.650000
NaN,NaN,1077.960000,428.040000,1075.050000,462.660000
NaN,NaN,1077.950000,428.030000,1075.050000,462.650000
NaN,NaN,1077.940000,428.040000,1075.050000,462.660000
NaN,NaN,1077.920000,428.030000,1075.050000,462.640000
NaN,NaN,1077.920000,428.040000,1075.070000,462.640000
NaN,NaN,1077.910000,428.040000,1075.060000,462.650000
NaN,NaN,1077.900000,428.060000,1075.050000,462.660000
NaN,NaN,1077.890000,428.040000,1075.060000,462.650000
NaN,NaN,1077.880000,428.070000,1075.060000,462.660000
NaN,NaN,1077.860000,428.060000,1075.060000,462.650000
NaN,NaN,1077.850000,428.050000,1075.060000,462.650000
NaN,NaN,1077.850000,428.040000,1075.060000,462.640000
NaN,NaN,1077.840000,428.060000,1075.060000,462.630000
NaN,NaN,1077.810000,428.060000,1075.050000,462.630000
NaN,NaN,1077.800000,428.050000,1075.050000,462.640000
NaN,NaN,1077.780000,428.050000,1075.040000,462.650000
NaN,NaN,1077.790000,428.040000,1075.040000,462.650000
NaN,NaN,1077.760000,428.040000,1075.060000,462.640000
NaN,NaN,1077.740000,428.050000,1075.070000,462.650000
NaN,NaN,1077.770000,428.060000,1075.060000,462.670000
NaN,NaN,1077.760000,428.080000,1075.060000,462.660000
NaN,NaN,1077.760000,428.080000,1075.050000,462.670000
NaN,NaN,1077.740000,428.080000,1075.060000,462.650000
NaN,NaN,1077.730000,428.080000,1075.070000,462.650000
NaN,NaN,1077.730000,428.080000,1075.050000,462.640000
NaN,NaN,1077.730000,428.080000,1075.050000,462.640000
NaN,NaN,1077.720000,428.080000,1075.060000,462.630000
NaN,NaN,1077.710000,428.100000,1075.070000,462.630000
NaN,NaN,1077.730000,428.090000,1075.060000,462.620000
NaN,NaN,1077.710000,428.100000,1075.060000,462.620000
NaN,NaN,1077.700000,428.100000,1075.060000,462.620000
NaN,NaN,1077.700000,428.080000,1075.050000,462.630000
NaN,NaN,1077.680000,428.070000,1075.070000,462.640000
NaN,NaN,1077.700000,428.060000,1075.080000,462.630000
NaN,NaN,1077.610000,428.080000,1075.080000,462.630000
NaN,NaN,1077.620000,428.070000,1075.060000,462.630000
NaN,NaN,1077.650000,428.070000,1075.060000,462.630000
NaN,NaN,1077.640000,428.070000,1075.060000,462.630000
NaN,NaN,1077.680000,428.100000,1075.070000,462.630000
NaN,NaN,1077.650000,428.090000,1075.070000,462.640000
NaN,NaN,1077.660000,428.080000,1075.070000,462.620000
NaN,NaN,1077.660000,428.080000,1075.060000,462.630000
NaN,NaN,1077.670000,428.090000,1075.060000,462.630000
NaN,NaN,1077.650000,428.100000,1075.060000,462.640000
NaN,NaN,1077.650000,428.090000,1075.060000,462.640000
NaN,NaN,1077.660000,428.070000,1075.060000,462.630000
NaN,NaN,1077.650000,428.090000,1075.060000,462.630000
NaN,NaN,1077.650000,428.100000,1075.060000,462.640000
NaN,NaN,1077.650000,428.090000,1075.060000,462.630000
NaN,NaN,1077.670000,428.090000,1075.070000,462.640000
NaN,NaN,1077.640000,428.100000,1075.060000,462.630000
NaN,NaN,1077.640000,428.100000,1075.070000,462.630000
NaN,NaN,1077.630000,428.100000,1075.070000,462.630000
NaN,NaN,1077.640000,428.110000,1075.070000,462.630000
NaN,NaN,1077.630000,428.100000,1075.080000,462.630000
NaN,NaN,1077.620000,428.060000,1075.080000,462.630000
NaN,NaN,1077.630000,428.100000,1075.070000,462.630000
NaN,NaN,1077.600000,428.110000,1075.070000,462.620000
NaN,NaN,1077.640000,428.090000,1075.080000,462.630000
NaN,NaN,1077.590000,428.110000,1075.080000,462.630000
NaN,NaN,1077.570000,428.130000,1075.070000,462.620000
NaN,NaN,1077.620000,428.110000,1075.070000,462.630000
NaN,NaN,1077.610000,428.100000,1075.070000,462.620000
NaN,NaN,1077.560000,428.080000,1075.070000,462.640000
NaN,NaN,1077.540000,428.090000,1075.090000,462.630000
NaN,NaN,1077.590000,428.090000,1075.090000,462.630000
NaN,NaN,1077.550000,428.060000,1075.080000,462.630000
NaN,NaN,1077.470000,428.060000,1075.080000,462.620000
NaN,NaN,1077.060000,428.170000,1075.070000,462.630000
NaN,NaN,1077.060000,428.150000,1075.080000,462.630000
NaN,NaN,1077.080000,428.120000,1075.080000,462.630000
NaN,NaN,1077.080000,428.140000,1075.070000,462.640000
NaN,NaN,1077.070000,428.130000,1075.070000,462.640000
NaN,NaN,1077.080000,428.130000,1075.080000,462.640000
NaN,NaN,1077.060000,428.150000,1075.080000,462.640000
NaN,NaN,1077.050000,428.150000,1075.090000,462.640000
NaN,NaN,1077.060000,428.150000,1075.090000,462.630000
NaN,NaN,1077.060000,428.200000,1075.090000,462.640000
NaN,NaN,1077.040000,428.200000,1075.090000,462.650000
NaN,NaN,1077.050000,428.160000,1075.080000,462.620000
NaN,NaN,1077.040000,428.200000,1075.070000,462.640000
NaN,NaN,1077.060000,428.170000,1075.070000,462.630000
NaN,NaN,1077.030000,428.180000,1075.060000,462.640000
NaN,NaN,1077.060000,428.160000,1075.060000,462.640000
NaN,NaN,1077.040000,428.150000,1075.070000,462.640000
NaN,NaN,1077.020000,428.170000,1075.070000,462.630000
NaN,NaN,1077.040000,428.130000,1075.090000,462.640000
NaN,NaN,1077.030000,428.180000,1075.090000,462.650000
NaN,NaN,1077.040000,428.160000,1075.080000,462.650000
NaN,NaN,1077.050000,428.160000,1075.080000,462.640000
NaN,NaN,1077.040000,428.160000,1075.060000,462.640000
NaN,NaN,1077.040000,428.160000,1075.070000,462.650000
NaN,NaN,1077.030000,428.120000,1075.070000,462.620000
NaN,NaN,1077.010000,428.140000,1075.090000,462.630000
NaN,NaN,1077.000000,428.210000,1075.090000,462.650000
NaN,NaN,1077.010000,428.210000,1075.080000,462.650000
NaN,NaN,1077.010000,428.190000,1075.090000,462.650000
NaN,NaN,1077.010000,428.150000,1075.070000,462.660000
NaN,NaN,1076.990000,428.120000,1075.080000,462.660000
NaN,NaN,1076.990000,428.140000,1075.080000,462.650000
NaN,NaN,1076.990000,428.140000,1075.080000,462.650000
NaN,NaN,1077.010000,428.120000,1075.080000,462.660000
NaN,NaN,1076.990000,428.120000,1075.090000,462.660000
NaN,NaN,1077.000000,428.130000,1075.100000,462.650000
NaN,NaN,1076.980000,428.140000,1075.110000,462.660000
NaN,NaN,1076.990000,428.160000,1075.100000,462.650000
NaN,NaN,1076.950000,428.160000,1075.100000,462.660000
NaN,NaN,1076.950000,428.170000,1075.090000,462.650000
NaN,NaN,1076.950000,428.140000,1075.090000,462.650000
NaN,NaN,1076.990000,428.140000,1075.100000,462.640000
NaN,NaN,1076.970000,428.140000,1075.120000,462.650000
NaN,NaN,1077.000000,428.120000,1075.100000,462.650000
NaN,NaN,1077.000000,428.120000,1075.100000,462.640000
NaN,NaN,1076.990000,428.140000,1075.100000,462.640000
NaN,NaN,1076.980000,428.140000,1075.120000,462.650000
NaN,NaN,1076.990000,428.110000,1075.110000,462.630000
NaN,NaN,1076.960000,428.140000,1075.100000,462.640000
NaN,NaN,1076.970000,428.110000,1075.100000,462.630000
NaN,NaN,1076.950000,428.110000,1075.110000,462.620000
NaN,NaN,1076.970000,428.110000,1075.120000,462.610000
NaN,NaN,1076.980000,428.120000,1075.120000,462.620000
NaN,NaN,1076.950000,428.130000,1075.110000,462.620000
NaN,NaN,1076.960000,428.100000,1075.110000,462.610000
NaN,NaN,1076.940000,428.120000,1075.100000,462.630000
NaN,NaN,1076.950000,428.140000,1075.100000,462.630000
NaN,NaN,1076.930000,428.150000,1075.090000,462.620000
NaN,NaN,1076.910000,428.100000,1075.090000,462.620000
NaN,NaN,1076.900000,428.130000,1075.080000,462.610000
NaN,NaN,1076.920000,428.120000,1075.080000,462.580000
NaN,NaN,1076.930000,428.120000,1075.090000,462.600000
NaN,NaN,1076.930000,428.110000,1075.090000,462.600000
NaN,NaN,1076.920000,428.110000,1075.080000,462.600000
NaN,NaN,1076.930000,428.080000,1075.080000,462.570000
NaN,NaN,1076.920000,428.130000,1075.080000,462.570000
NaN,NaN,1076.920000,428.110000,1075.090000,462.570000
NaN,NaN,1076.900000,428.110000,1075.090000,462.560000
NaN,NaN,1076.900000,428.090000,1075.090000,462.550000
NaN,NaN,1076.910000,428.060000,1075.080000,462.540000
NaN,NaN,1076.900000,428.060000,1075.100000,462.560000
NaN,NaN,1076.880000,428.120000,1075.070000,462.530000
NaN,NaN,1076.900000,428.070000,1075.080000,462.520000
NaN,NaN,1076.890000,428.020000,1075.090000,462.530000
NaN,NaN,1076.870000,428.040000,1075.100000,462.520000
NaN,NaN,1076.850000,428.070000,1075.100000,462.530000
NaN,NaN,1076.880000,428.060000,1075.100000,462.530000
NaN,NaN,1076.870000,428.060000,1075.100000,462.500000
NaN,NaN,1076.860000,428.110000,1075.110000,462.130000
NaN,NaN,1076.860000,428.120000,1075.100000,462.120000
NaN,NaN,1076.860000,428.080000,1075.100000,462.130000
NaN,NaN,1076.830000,428.060000,1075.100000,462.120000
NaN,NaN,1076.850000,428.070000,1075.110000,462.130000
NaN,NaN,1076.840000,428.090000,1075.110000,462.120000
NaN,NaN,1076.830000,428.080000,1075.100000,462.090000
NaN,NaN,1076.830000,428.080000,1075.110000,462.100000
NaN,NaN,1076.870000,428.090000,1075.090000,462.100000
NaN,NaN,1076.830000,428.070000,1075.100000,462.100000
NaN,NaN,1076.790000,428.080000,1075.080000,462.090000
NaN,NaN,1076.820000,428.070000,1075.080000,462.090000
NaN,NaN,1076.830000,428.080000,1075.090000,462.090000
NaN,NaN,1076.810000,428.030000,1075.090000,462.090000
NaN,NaN,1076.780000,428.010000,1075.100000,462.090000
NaN,NaN,1076.760000,427.990000,1075.090000,462.080000
NaN,NaN,1076.750000,428.000000,1075.090000,462.080000
NaN,NaN,1076.770000,427.990000,1075.090000,462.070000
NaN,NaN,1076.780000,427.980000,1075.090000,462.080000
NaN,NaN,1076.780000,427.980000,1075.080000,462.070000
NaN,NaN,1076.770000,428.010000,1075.090000,462.080000
NaN,NaN,1076.770000,428.010000,1075.100000,462.070000
NaN,NaN,1076.750000,428.020000,1075.100000,462.070000
NaN,NaN,1076.740000,428.020000,1075.110000,462.100000
NaN,NaN,1076.740000,428.020000,1075.110000,462.100000
NaN,NaN,1076.730000,428.020000,1075.120000,462.090000
NaN,NaN,1076.710000,428.040000,1075.120000,462.080000
NaN,NaN,1076.710000,428.010000,1075.110000,462.070000
NaN,NaN,1076.700000,427.990000,1075.110000,462.070000
NaN,NaN,1076.710000,428.010000,1075.100000,462.060000
NaN,NaN,1076.680000,428.030000,1075.100000,462.080000
NaN,NaN,1076.680000,427.990000,1075.090000,462.080000
NaN,NaN,1076.700000,428.000000,1075.100000,462.070000
NaN,NaN,1076.680000,427.990000,1075.090000,462.080000
NaN,NaN,1076.700000,427.990000,1075.090000,462.080000
NaN,NaN,1076.690000,427.990000,1075.090000,462.070000
NaN,NaN,1076.690000,427.990000,1075.090000,462.070000
NaN,NaN,1076.690000,428.000000,1075.080000,462.080000
NaN,NaN,1076.610000,428.040000,1075.100000,462.050000
NaN,NaN,1076.680000,428.010000,1075.080000,462.070000
NaN,NaN,1076.650000,428.000000,1075.080000,462.070000
NaN,NaN,1076.680000,427.990000,1075.070000,462.060000
NaN,NaN,1076.670000,427.990000,1075.080000,462.070000
NaN,NaN,1076.670000,427.990000,1075.070000,462.060000
NaN,NaN,1076.660000,427.970000,1075.080000,462.060000
NaN,NaN,1076.640000,427.970000,1075.070000,462.040000
NaN,NaN,1076.650000,427.970000,1075.070000,462.050000
NaN,NaN,1076.640000,427.990000,1075.080000,462.040000
NaN,NaN,1076.650000,427.980000,1075.070000,462.050000
NaN,NaN,1076.640000,428.000000,1075.070000,462.050000
NaN,NaN,1076.640000,427.970000,1075.080000,462.020000
NaN,NaN,1076.630000,427.960000,1075.080000,462.010000
NaN,NaN,1076.630000,427.990000,1075.100000,462.030000
NaN,NaN,1076.660000,427.960000,1075.080000,462.030000
NaN,NaN,1076.680000,427.950000,1075.090000,462.050000
NaN,NaN,1076.660000,427.970000,1075.090000,462.030000
NaN,NaN,1076.680000,427.960000,1075.090000,462.030000
NaN,NaN,1076.670000,427.950000,1075.080000,462.030000
NaN,NaN,1076.670000,427.960000,1075.080000,462.020000
NaN,NaN,1076.640000,427.940000,1075.050000,462.010000
NaN,NaN,1076.610000,427.950000,1075.070000,462.010000
NaN,NaN,1076.630000,427.930000,1075.080000,462.010000
NaN,NaN,1076.600000,427.970000,1075.080000,462.020000
NaN,NaN,1076.610000,427.950000,1075.080000,461.990000
NaN,NaN,1076.610000,427.980000,1075.080000,462.000000
NaN,NaN,1076.610000,427.990000,1075.080000,462.020000
NaN,NaN,1076.630000,427.980000,1075.090000,462.030000
NaN,NaN,1076.640000,427.960000,1075.090000,462.030000
NaN,NaN,1076.560000,427.970000,1075.090000,462.060000
NaN,NaN,1076.080000,428.120000,1075.100000,462.070000
NaN,NaN,1076.080000,428.110000,1075.110000,462.060000
NaN,NaN,1076.080000,428.110000,1075.110000,462.060000
NaN,NaN,1076.090000,428.110000,1075.110000,462.050000
NaN,NaN,1076.070000,428.100000,1075.100000,462.050000
NaN,NaN,1076.080000,428.110000,1075.100000,462.060000
NaN,NaN,1076.070000,428.110000,1075.090000,462.060000
NaN,NaN,1076.090000,428.080000,1075.090000,462.050000
NaN,NaN,1076.090000,428.050000,1075.100000,462.060000
NaN,NaN,1076.090000,428.080000,1075.100000,462.060000
NaN,NaN,1076.070000,428.090000,1075.100000,462.060000
NaN,NaN,1076.080000,428.060000,1075.100000,462.070000
NaN,NaN,1076.090000,428.050000,1075.110000,462.070000
NaN,NaN,1076.050000,428.070000,1075.100000,462.070000
NaN,NaN,1076.010000,428.160000,1075.100000,462.060000
NaN,NaN,1076.030000,428.120000,1075.100000,462.070000
NaN,NaN,1076.040000,428.130000,1075.110000,462.070000
NaN,NaN,1076.050000,428.130000,1075.110000,462.050000
NaN,NaN,1076.050000,428.150000,1075.110000,462.060000
NaN,NaN,1076.060000,428.110000,1075.110000,462.050000
NaN,NaN,1076.060000,428.130000,1075.120000,462.060000
NaN,NaN,1076.060000,428.130000,1075.110000,462.060000
NaN,NaN,1076.050000,428.090000,1075.100000,462.070000
NaN,NaN,1076.040000,428.110000,1075.110000,462.070000
NaN,NaN,1076.040000,428.100000,1075.110000,462.080000
NaN,NaN,1076.040000,428.120000,1075.110000,462.080000
NaN,NaN,1076.020000,428.100000,1075.120000,462.090000
NaN,NaN,1076.010000,428.110000,1075.120000,462.080000
NaN,NaN,1076.020000,428.110000,1075.120000,462.080000
NaN,NaN,1076.050000,428.110000,1075.110000,462.080000
NaN,NaN,1076.030000,428.100000,1075.120000,462.070000
NaN,NaN,1076.030000,428.100000,1075.120000,462.080000
NaN,NaN,1076.040000,428.100000,1075.110000,462.080000
NaN,NaN,1076.030000,428.090000,1075.100000,462.090000
NaN,NaN,1076.050000,428.050000,1075.110000,462.080000
NaN,NaN,1076.030000,428.090000,1075.110000,462.100000
NaN,NaN,1076.040000,428.090000,1075.120000,462.110000
NaN,NaN,1076.030000,428.080000,1075.120000,462.120000
NaN,NaN,1076.020000,428.090000,1075.120000,462.120000
NaN,NaN,1076.020000,428.100000,1075.120000,462.100000
NaN,NaN,1076.020000,428.080000,1075.130000,462.100000
NaN,NaN,1076.020000,428.090000,1075.130000,462.110000
NaN,NaN,1076.020000,428.120000,1075.120000,462.130000
NaN,NaN,1076.030000,428.100000,1075.110000,462.110000
NaN,NaN,1076.030000,428.100000,1075.130000,462.090000
NaN,NaN,1076.030000,428.100000,1075.140000,462.110000
NaN,NaN,1076.030000,428.090000,1075.150000,462.120000
NaN,NaN,1076.020000,428.110000,1075.140000,462.120000
NaN,NaN,1076.030000,428.130000,1075.140000,462.110000
NaN,NaN,1076.020000,428.130000,1075.130000,462.110000
NaN,NaN,1076.040000,428.100000,1075.130000,462.110000
NaN,NaN,1076.020000,428.110000,1075.120000,462.110000
NaN,NaN,1076.020000,428.080000,1075.130000,462.120000
NaN,NaN,1076.020000,428.060000,1075.120000,462.110000
NaN,NaN,1076.010000,428.080000,1075.120000,462.120000
NaN,NaN,1076.010000,428.050000,1075.120000,462.100000
NaN,NaN,1076.020000,428.040000,1075.130000,462.110000
NaN,NaN,1076.020000,428.060000,1075.130000,462.110000
NaN,NaN,1076.010000,428.060000,1075.120000,462.120000
NaN,NaN,1076.010000,428.090000,1075.140000,462.090000
NaN,NaN,1076.000000,428.100000,1075.140000,462.110000
NaN,NaN,1076.010000,428.100000,1075.140000,462.110000
NaN,NaN,1076.010000,428.060000,1075.130000,462.100000
NaN,NaN,1076.030000,428.030000,1075.140000,462.110000
NaN,NaN,1076.030000,428.050000,1075.150000,462.110000
NaN,NaN,1076.030000,428.080000,1075.130000,462.110000
NaN,NaN,1076.000000,428.100000,1075.130000,462.100000
NaN,NaN,1076.010000,428.110000,1075.130000,462.100000
NaN,NaN,1076.010000,428.100000,1075.130000,462.110000
NaN,NaN,1076.000000,428.090000,1075.130000,462.120000
NaN,NaN,1076.000000,428.080000,1075.130000,462.110000
NaN,NaN,1075.990000,428.080000,1075.130000,462.120000
NaN,NaN,1075.990000,428.070000,1075.140000,462.100000
NaN,NaN,1075.980000,428.070000,1075.130000,462.100000
NaN,NaN,1075.990000,428.090000,1075.120000,462.100000
NaN,NaN,1075.980000,428.110000,1075.120000,462.100000
NaN,NaN,1075.970000,428.110000,1075.120000,462.100000
NaN,NaN,1076.000000,428.120000,1075.140000,462.090000
NaN,NaN,1075.980000,428.120000,1075.140000,462.090000
NaN,NaN,1075.950000,428.140000,1075.140000,462.080000
NaN,NaN,1075.960000,428.100000,1075.130000,462.090000
NaN,NaN,1075.980000,428.100000,1075.110000,462.080000
NaN,NaN,1075.950000,428.100000,1075.120000,462.090000
NaN,NaN,1075.950000,428.100000,1075.110000,462.080000
NaN,NaN,1075.960000,428.090000,1075.120000,462.090000
NaN,NaN,1075.960000,428.070000,1075.120000,462.070000
NaN,NaN,1075.960000,428.060000,1075.120000,462.070000
NaN,NaN,1075.980000,428.080000,1075.120000,462.080000
NaN,NaN,1075.980000,428.080000,1075.120000,462.060000
NaN,NaN,1076.030000,428.080000,1075.110000,462.050000
NaN,NaN,1076.030000,428.040000,1075.110000,462.050000
NaN,NaN,1076.030000,428.020000,1075.120000,462.060000
NaN,NaN,1076.020000,428.030000,1075.100000,462.060000
NaN,NaN,1076.010000,428.050000,1075.110000,462.040000
NaN,NaN,1076.010000,428.050000,1075.110000,462.050000
NaN,NaN,1076.020000,428.080000,1075.110000,462.040000
NaN,NaN,1076.000000,428.070000,1075.110000,462.050000
NaN,NaN,1075.980000,428.080000,1075.110000,462.040000
NaN,NaN,1075.980000,428.090000,1075.120000,462.030000
NaN,NaN,1075.980000,428.100000,1075.100000,462.010000
NaN,NaN,1076.000000,428.090000,1075.110000,462.020000
NaN,NaN,1075.980000,428.090000,1075.120000,462.010000
NaN,NaN,1075.990000,428.070000,1075.120000,462.030000
NaN,NaN,1075.970000,428.090000,1075.120000,462.020000
NaN,NaN,1076.000000,428.050000,1075.080000,462.030000
NaN,NaN,1075.970000,428.070000,1075.080000,462.020000
NaN,NaN,1075.980000,428.060000,1075.100000,462.010000
NaN,NaN,1075.970000,428.060000,1075.100000,462.010000
NaN,NaN,1075.980000,428.080000,1075.110000,462.010000
NaN,NaN,1075.980000,428.060000,1075.110000,462.030000
NaN,NaN,1075.970000,428.060000,1075.120000,462.020000
NaN,NaN,1076.010000,428.040000,1075.110000,462.020000
NaN,NaN,1075.990000,428.050000,1075.100000,462.000000
NaN,NaN,1075.990000,428.070000,1075.110000,462.010000
NaN,NaN,1075.980000,428.090000,1075.100000,461.980000
NaN,NaN,1075.990000,428.090000,1075.100000,461.990000
NaN,NaN,1076.000000,428.080000,1075.110000,462.000000
NaN,NaN,1076.000000,428.080000,1075.110000,462.000000
NaN,NaN,1076.000000,428.070000,1075.100000,462.010000
NaN,NaN,1076.000000,428.070000,1075.130000,462.010000
NaN,NaN,1076.030000,428.080000,1075.120000,462.030000
NaN,NaN,1076.010000,428.060000,1075.100000,462.030000
NaN,NaN,1076.010000,428.050000,1075.100000,462.030000
NaN,NaN,1076.010000,428.050000,1075.100000,462.040000
NaN,NaN,1076.010000,428.070000,1075.100000,462.030000
NaN,NaN,1076.020000,428.060000,1075.120000,462.050000
NaN,NaN,1076.030000,428.080000,1075.120000,462.060000
NaN,NaN,1076.020000,428.090000,1075.120000,462.050000
NaN,NaN,1076.000000,428.090000,1075.120000,462.060000
NaN,NaN,1075.990000,428.100000,1075.130000,462.060000
NaN,NaN,1076.010000,428.080000,1075.120000,462.070000
NaN,NaN,1076.020000,428.070000,1075.130000,462.070000
NaN,NaN,1075.990000,428.050000,1075.140000,462.080000
NaN,NaN,1076.010000,428.060000,1075.130000,462.070000
NaN,NaN,1075.990000,428.110000,1075.130000,462.070000
NaN,NaN,1075.990000,428.070000,1075.130000,462.050000
NaN,NaN,1075.990000,428.090000,1075.140000,462.060000
NaN,NaN,1076.000000,428.100000,1075.140000,462.070000
NaN,NaN,1075.980000,428.110000,1075.140000,462.070000
NaN,NaN,1075.990000,428.080000,1075.140000,462.070000
NaN,NaN,1076.010000,428.090000,1075.130000,462.070000
NaN,NaN,1076.010000,428.090000,1075.140000,462.070000
NaN,NaN,1076.000000,428.070000,1075.150000,462.080000
NaN,NaN,1076.010000,428.070000,1075.140000,462.070000
NaN,NaN,1076.010000,428.090000,1075.150000,462.090000
NaN,NaN,1076.010000,428.100000,1075.150000,462.100000
NaN,NaN,1076.020000,428.080000,1075.150000,462.110000
NaN,NaN,1076.030000,428.070000,1075.140000,462.110000
NaN,NaN,1076.020000,428.060000,1075.140000,462.110000
NaN,NaN,1076.010000,428.120000,1075.120000,462.120000
NaN,NaN,1076.020000,428.070000,1075.150000,462.130000
NaN,NaN,1076.030000,428.050000,1075.150000,462.120000
NaN,NaN,1076.020000,428.040000,1075.150000,462.130000
NaN,NaN,1076.030000,428.030000,1075.150000,462.140000
NaN,NaN,1076.020000,428.050000,1075.150000,462.130000
NaN,NaN,1076.020000,428.050000,1075.150000,462.130000
NaN,NaN,1076.030000,428.040000,1075.160000,462.150000
NaN,NaN,1076.020000,428.070000,1075.180000,462.140000
NaN,NaN,1076.030000,428.050000,1075.190000,462.160000
NaN,NaN,1076.030000,428.070000,1075.170000,462.160000
NaN,NaN,1076.000000,428.090000,1075.180000,462.140000
NaN,NaN,1076.040000,428.080000,1075.190000,462.130000
NaN,NaN,1076.030000,428.060000,1075.190000,462.130000
NaN,NaN,1076.010000,428.110000,1075.180000,462.120000
NaN,NaN,1076.020000,428.110000,1075.170000,462.130000
NaN,NaN,1075.990000,428.090000,1075.079822,464.416022
NaN,NaN,1076.020000,428.090000,1074.990000,464.090000
NaN,NaN,1076.020000,428.100000,1075.010000,464.000000
NaN,NaN,1076.030000,428.090000,1075.010000,464.010000
NaN,NaN,1076.050000,428.080000,1075.010000,464.010000
NaN,NaN,1076.050000,428.060000,1075.010000,464.010000
NaN,NaN,1076.050000,428.050000,1075.010000,464.020000
NaN,NaN,1076.060000,428.070000,1075.020000,464.020000
NaN,NaN,1076.050000,428.080000,1075.020000,464.020000
NaN,NaN,1076.050000,428.070000,1075.020000,464.020000
NaN,NaN,1076.050000,428.080000,1075.010000,464.030000
NaN,NaN,1076.050000,428.080000,1075.010000,464.040000
NaN,NaN,1076.060000,428.070000,1075.010000,464.050000
NaN,NaN,1076.040000,428.070000,1075.010000,464.050000
NaN,NaN,1076.040000,428.080000,1075.010000,464.050000
NaN,NaN,1076.040000,428.080000,1075.010000,464.050000
NaN,NaN,1076.040000,428.080000,1075.010000,464.060000
NaN,NaN,1076.030000,428.090000,1075.020000,464.060000
NaN,NaN,1076.040000,428.060000,1075.010000,464.060000
NaN,NaN,1076.030000,428.070000,1075.010000,464.070000
NaN,NaN,1076.030000,428.090000,1075.010000,464.070000
NaN,NaN,1076.030000,428.080000,1075.000000,464.080000
NaN,NaN,1076.040000,428.080000,1075.010000,464.080000
NaN,NaN,1076.040000,428.060000,1075.010000,464.080000
NaN,NaN,1076.040000,428.060000,1075.020000,464.090000
NaN,NaN,1076.060000,428.070000,1075.010000,464.100000
NaN,NaN,1076.050000,428.080000,1075.020000,464.110000
NaN,NaN,1076.060000,428.070000,1075.020000,464.110000
NaN,NaN,1076.060000,428.070000,1075.020000,464.120000
NaN,NaN,1076.070000,428.090000,1075.040000,464.130000
NaN,NaN,1076.070000,428.070000,1075.040000,464.130000
NaN,NaN,1076.060000,428.090000,1075.040000,464.130000
NaN,NaN,1076.050000,428.100000,1075.040000,464.130000
NaN,NaN,1076.060000,428.090000,1075.020000,464.140000
NaN,NaN,1076.080000,428.070000,1075.030000,464.150000
NaN,NaN,1076.060000,428.100000,1075.030000,464.150000
NaN,NaN,1076.070000,428.100000,1075.020000,464.150000
NaN,NaN,1076.070000,428.080000,1075.020000,464.150000
NaN,NaN,1076.080000,428.080000,1075.020000,464.160000
NaN,NaN,1076.040000,428.090000,1075.030000,464.160000
NaN,NaN,1076.050000,428.090000,1075.040000,464.160000
NaN,NaN,1076.050000,428.080000,1075.040000,464.170000
NaN,NaN,1076.060000,428.060000,1075.050000,464.170000
NaN,NaN,1076.070000,428.060000,1075.050000,464.180000
NaN,NaN,1076.060000,428.100000,1075.050000,464.180000
NaN,NaN,1076.050000,428.090000,1075.040000,464.170000
NaN,NaN,1076.040000,428.080000,1075.040000,464.170000
NaN,NaN,1076.040000,428.080000,1075.050000,464.180000
NaN,NaN,1076.060000,428.080000,1075.050000,464.180000
NaN,NaN,1076.030000,428.080000,1075.050000,464.180000
NaN,NaN,1076.040000,428.070000,1075.040000,464.180000
NaN,NaN,1076.040000,428.060000,1075.060000,464.200000
NaN,NaN,1076.040000,428.090000,1075.050000,464.190000
NaN,NaN,1076.030000,428.080000,1075.060000,464.200000
NaN,NaN,1076.070000,428.070000,1075.060000,464.210000
NaN,NaN,1076.070000,428.070000,1075.060000,464.210000
NaN,NaN,1076.070000,428.070000,1075.050000,464.210000
NaN,NaN,1076.040000,428.080000,1075.060000,464.220000
NaN,NaN,1076.060000,428.070000,1075.060000,464.210000
NaN,NaN,1076.090000,428.070000,1075.030000,464.230000
NaN,NaN,1076.080000,428.050000,1075.040000,464.220000
NaN,NaN,1076.080000,428.050000,1075.030000,464.220000
NaN,NaN,1076.090000,428.030000,1075.040000,464.220000
NaN,NaN,1076.060000,428.040000,1075.040000,464.220000
NaN,NaN,1076.070000,428.040000,1075.040000,464.220000
NaN,NaN,1076.060000,428.040000,1075.050000,464.200000
NaN,NaN,1076.070000,428.040000,1075.040000,464.200000
NaN,NaN,1076.060000,428.050000,1075.040000,464.210000
NaN,NaN,1076.050000,428.040000,1075.040000,464.230000
NaN,NaN,1076.040000,428.030000,1075.050000,464.230000
NaN,NaN,1076.050000,428.050000,1075.040000,464.230000
NaN,NaN,1076.080000,428.040000,1075.040000,464.220000
NaN,NaN,1076.070000,428.030000,1075.040000,464.210000
NaN,NaN,1076.050000,428.040000,1075.040000,464.210000
NaN,NaN,1076.040000,428.100000,1075.030000,464.220000
NaN,NaN,1076.030000,428.070000,1075.030000,464.210000
NaN,NaN,1076.010000,428.090000,1075.030000,464.220000
NaN,NaN,1076.030000,428.080000,1075.030000,464.220000
NaN,NaN,1076.557336,425.181972,1075.020000,464.220000
NaN,NaN,1077.010000,424.830000,1075.020000,464.220000
NaN,NaN,1077.010000,424.810000,1075.020000,464.210000
NaN,NaN,1077.010000,424.980000,1075.020000,464.210000
NaN,NaN,1077.010000,424.980000,1075.020000,464.210000
NaN,NaN,1077.010000,424.980000,1075.020000,464.210000
NaN,NaN,1077.010000,424.970000,1075.020000,464.220000
NaN,NaN,1077.020000,424.980000,1075.030000,464.240000
NaN,NaN,1077.010000,424.970000,1075.030000,464.240000
NaN,NaN,1077.020000,424.970000,1075.020000,464.240000
NaN,NaN,1077.020000,424.970000,1075.030000,464.240000
NaN,NaN,1077.020000,424.960000,1075.020000,464.230000
NaN,NaN,1077.020000,424.960000,1075.020000,464.240000
NaN,NaN,1077.020000,424.960000,1075.030000,464.240000
NaN,NaN,1077.020000,424.970000,1075.030000,464.250000
NaN,NaN,1077.010000,424.960000,1075.030000,464.250000
NaN,NaN,1077.010000,424.960000,1075.030000,464.250000
NaN,NaN,1077.010000,424.960000,1075.030000,464.260000
NaN,NaN,1077.010000,424.960000,1075.030000,464.260000
NaN,NaN,1077.010000,424.960000,1075.030000,464.270000
NaN,NaN,1077.010000,424.960000,1075.030000,464.280000
NaN,NaN,1077.000000,424.960000,1075.030000,464.280000
NaN,NaN,1077.000000,424.950000,1075.030000,464.290000
NaN,NaN,1077.010000,424.950000,1075.030000,464.280000
NaN,NaN,1077.000000,424.950000,1075.030000,464.290000
NaN,NaN,1077.000000,424.950000,1075.030000,464.300000
NaN,NaN,1077.020000,424.950000,1075.040000,464.320000
NaN,NaN,1077.010000,424.950000,1075.040000,464.330000
NaN,NaN,1077.000000,424.950000,1075.030000,464.330000
NaN,NaN,1077.000000,424.950000,1075.040000,464.340000
NaN,NaN,1077.000000,424.950000,1075.040000,464.330000
NaN,NaN,1077.000000,424.950000,1075.040000,464.340000
NaN,NaN,1077.000000,424.940000,1075.030000,464.350000
NaN,NaN,1077.000000,424.940000,1075.030000,464.360000
NaN,NaN,1077.000000,424.940000,1075.040000,464.370000
NaN,NaN,1076.990000,424.930000,1075.030000,464.380000
NaN,NaN,1076.990000,424.930000,1075.040000,464.380000
NaN,NaN,1076.990000,424.940000,1075.040000,464.410000
NaN,NaN,1076.990000,424.940000,1075.030000,464.400000
NaN,NaN,1076.990000,424.930000,1075.030000,464.390000
NaN,NaN,1076.990000,424.930000,1075.030000,464.410000
NaN,NaN,1077.000000,424.930000,1075.030000,464.420000
NaN,NaN,1076.990000,424.930000,1075.030000,464.430000
NaN,NaN,1076.990000,424.920000,1075.030000,464.430000
NaN,NaN,1076.990000,424.920000,1075.030000,464.450000
NaN,NaN,1076.990000,424.920000,1075.040000,464.450000
NaN,NaN,1076.980000,424.920000,1075.020000,464.460000
NaN,NaN,1076.980000,424.920000,1075.030000,464.460000
NaN,NaN,1076.980000,424.920000,1075.030000,464.460000
NaN,NaN,1076.980000,424.920000,1075.030000,464.460000
NaN,NaN,1076.980000,424.910000,1075.040000,464.500000
NaN,NaN,1076.980000,424.910000,1075.040000,464.820000
NaN,NaN,1076.980000,424.910000,1075.040000,464.820000
NaN,NaN,1076.980000,424.910000,1075.040000,464.840000
NaN,NaN,1076.980000,424.900000,1075.040000,464.830000
NaN,NaN,1076.980000,424.900000,1075.040000,464.840000
NaN,NaN,1076.980000,424.890000,1075.040000,464.870000
NaN,NaN,1076.990000,424.890000,1075.040000,464.860000
NaN,NaN,1076.980000,424.890000,1075.040000,464.860000
NaN,NaN,1076.980000,424.880000,1075.040000,464.870000
NaN,NaN,1076.990000,424.880000,1075.040000,464.860000
NaN,NaN,1076.990000,424.890000,1075.040000,464.860000
NaN,NaN,1076.980000,424.880000,1075.040000,464.860000
NaN,NaN,1076.980000,424.880000,1075.040000,464.870000
NaN,NaN,1076.980000,424.880000,1075.040000,464.870000
NaN,NaN,1076.980000,424.870000,1075.030000,464.870000
NaN,NaN,1076.980000,424.870000,1075.030000,464.870000
NaN,NaN,1076.980000,424.870000,1075.030000,464.870000
NaN,NaN,1076.980000,424.870000,1075.030000,464.870000
NaN,NaN,1076.980000,424.870000,1075.030000,464.880000
NaN,NaN,1076.970000,424.860000,1075.020000,464.890000
NaN,NaN,1076.980000,424.870000,1075.050000,464.880000
NaN,NaN,1076.970000,424.860000,1075.040000,464.870000
NaN,NaN,1076.980000,424.850000,1075.030000,464.880000
NaN,NaN,1076.980000,424.850000,1075.030000,464.890000
NaN,NaN,1076.980000,424.850000,1075.040000,464.890000
NaN,NaN,1076.970000,424.850000,1075.040000,464.900000
NaN,NaN,1076.970000,424.850000,1075.020000,464.900000
NaN,NaN,1076.960000,424.840000,1075.040000,464.900000
NaN,NaN,1076.960000,424.840000,1075.040000,464.900000
NaN,NaN,1076.970000,424.840000,1075.030000,464.910000
NaN,NaN,1076.960000,424.840000,1075.040000,464.920000
NaN,NaN,1076.960000,424.840000,1075.040000,464.920000
NaN,NaN,1076.970000,424.840000,1075.050000,464.920000
NaN,NaN,1076.960000,424.840000,1075.060000,464.930000
NaN,NaN,1076.970000,424.830000,1075.050000,464.930000
NaN,NaN,1076.960000,424.830000,1075.040000,464.940000
NaN,NaN,1076.960000,424.820000,1075.040000,464.950000
NaN,NaN,1076.970000,424.830000,1075.040000,464.940000
NaN,NaN,1076.970000,424.820000,1075.050000,464.940000
NaN,NaN,1076.960000,424.820000,1075.050000,464.950000
NaN,NaN,1076.960000,424.820000,1075.060000,464.940000
NaN,NaN,1076.960000,424.820000,1075.060000,464.940000
NaN,NaN,1076.960000,424.820000,1075.060000,464.950000
NaN,NaN,1076.960000,424.810000,1075.060000,464.950000
NaN,NaN,1076.960000,424.820000,1075.060000,464.950000
NaN,NaN,1076.960000,424.800000,1075.060000,464.950000
NaN,NaN,1076.960000,424.810000,1075.050000,464.960000
NaN,NaN,1076.960000,424.800000,1075.050000,464.960000
NaN,NaN,1076.960000,424.800000,1075.050000,464.950000
NaN,NaN,1076.960000,424.800000,1075.040000,464.960000
NaN,NaN,1076.960000,424.790000,1075.040000,464.950000
NaN,NaN,1076.950000,424.790000,1075.040000,464.960000
NaN,NaN,1076.960000,424.790000,1075.050000,464.970000
NaN,NaN,1076.950000,424.780000,1075.050000,464.960000
NaN,NaN,1076.950000,424.790000,1075.050000,464.960000
NaN,NaN,1076.960000,424.780000,1075.050000,464.970000
NaN,NaN,1076.960000,424.780000,1075.060000,464.980000
NaN,NaN,1076.960000,424.770000,1075.050000,464.980000
NaN,NaN,1076.950000,424.780000,1075.060000,464.980000
NaN,NaN,1076.950000,424.780000,1075.070000,464.990000
NaN,NaN,1076.950000,424.770000,1075.060000,464.990000
NaN,NaN,1076.950000,424.780000,1075.070000,465.000000
NaN,NaN,1076.950000,424.770000,1075.060000,465.000000
NaN,NaN,1076.950000,424.770000,1075.070000,465.010000
NaN,NaN,1076.950000,424.770000,1075.060000,465.010000
NaN,NaN,1076.950000,424.760000,1075.080000,465.030000
NaN,NaN,1076.940000,424.750000,1075.070000,465.030000
NaN,NaN,1076.940000,424.750000,1075.070000,465.030000
NaN,NaN,1076.940000,424.760000,1075.080000,465.050000
NaN,NaN,1076.950000,424.750000,1075.080000,465.040000
NaN,NaN,1076.940000,424.760000,1075.080000,465.040000
NaN,NaN,1076.940000,424.750000,1075.070000,465.050000
NaN,NaN,1076.940000,424.740000,1075.090000,465.050000
NaN,NaN,1076.940000,424.750000,1075.080000,465.050000
NaN,NaN,1076.940000,424.750000,1075.070000,465.050000
NaN,NaN,1076.940000,424.750000,1075.080000,465.060000
NaN,NaN,1076.940000,424.740000,1075.080000,465.060000
NaN,NaN,1076.940000,424.740000,1075.080000,465.050000
NaN,NaN,1076.940000,424.740000,1075.080000,465.060000
NaN,NaN,1076.940000,424.730000,1075.080000,465.060000
NaN,NaN,1076.930000,424.720000,1075.080000,465.060000
NaN,NaN,1076.940000,424.720000,1075.080000,465.050000
NaN,NaN,1076.940000,424.710000,1075.090000,465.050000
NaN,NaN,1076.940000,424.710000,1075.080000,465.050000
NaN,NaN,1076.940000,424.720000,1075.070000,465.060000
NaN,NaN,1076.940000,424.720000,1075.080000,465.050000
NaN,NaN,1076.940000,424.710000,1075.080000,465.050000
NaN,NaN,1076.940000,424.710000,1075.090000,465.050000
NaN,NaN,1076.940000,424.710000,1075.100000,465.070000
NaN,NaN,1076.940000,424.700000,1075.090000,465.060000
NaN,NaN,1076.940000,424.700000,1075.100000,465.070000
NaN,NaN,1076.940000,424.690000,1075.100000,465.080000
NaN,NaN,1076.930000,424.690000,1075.100000,465.080000
NaN,NaN,1076.930000,424.670000,1075.110000,465.080000
NaN,NaN,1076.930000,424.680000,1075.110000,465.070000
NaN,NaN,1076.950000,424.680000,1075.110000,465.080000
NaN,NaN,1076.950000,424.660000,1075.110000,465.070000
NaN,NaN,1076.950000,424.670000,1075.120000,465.070000
NaN,NaN,1076.940000,424.660000,1075.120000,465.080000
NaN,NaN,1076.940000,424.660000,1075.120000,465.080000
NaN,NaN,1076.940000,424.660000,1075.130000,465.080000
NaN,NaN,1076.930000,424.660000,1075.130000,465.080000
NaN,NaN,1076.940000,424.660000,1075.130000,465.080000
NaN,NaN,1076.940000,424.670000,1075.130000,465.080000
NaN,NaN,1076.940000,424.660000,1075.110000,465.080000
NaN,NaN,1076.950000,424.640000,1075.120000,465.100000
NaN,NaN,1076.940000,424.650000,1075.130000,465.110000
NaN,NaN,1076.940000,424.650000,1075.120000,465.110000
NaN,NaN,1076.950000,424.640000,1075.120000,465.110000
NaN,NaN,1076.950000,424.640000,1075.120000,465.120000
NaN,NaN,1076.930000,424.650000,1075.150000,465.130000
NaN,NaN,1076.930000,424.630000,1075.150000,465.140000
NaN,NaN,1076.920000,424.630000,1075.160000,465.150000
NaN,NaN,1076.920000,424.640000,1075.160000,465.150000
NaN,NaN,1076.910000,424.630000,1075.160000,465.150000
NaN,NaN,1076.920000,424.630000,1075.160000,465.160000
NaN,NaN,1076.920000,424.620000,1075.150000,465.160000
NaN,NaN,1076.920000,424.610000,1075.140000,465.160000
NaN,NaN,1076.930000,424.610000,1075.140000,465.160000
NaN,NaN,1076.930000,424.620000,1075.150000,465.150000
NaN,NaN,1076.920000,424.610000,1075.150000,465.170000
NaN,NaN,1076.920000,424.620000,1075.150000,465.170000
NaN,NaN,1076.920000,424.620000,1075.150000,465.170000
NaN,NaN,1076.930000,424.610000,1075.140000,465.160000
NaN,NaN,1076.930000,424.610000,1075.160000,465.160000
NaN,NaN,1076.930000,424.610000,1075.150000,465.130000
NaN,NaN,1076.910000,424.600000,1075.150000,465.130000
NaN,NaN,1076.910000,424.600000,1075.140000,465.130000
NaN,NaN,1076.920000,424.580000,1075.150000,465.140000
NaN,NaN,1076.910000,424.590000,1075.170000,465.130000
NaN,NaN,1076.910000,424.570000,1075.160000,465.140000
NaN,NaN,1076.920000,424.570000,1075.160000,465.130000
NaN,NaN,1076.930000,424.560000,1075.150000,465.120000
NaN,NaN,1076.920000,424.560000,1075.140000,465.120000
NaN,NaN,1076.920000,424.560000,1075.160000,465.120000
NaN,NaN,1076.920000,424.560000,1075.150000,465.120000
NaN,NaN,1076.930000,424.550000,1075.170000,465.130000
NaN,NaN,1076.930000,424.550000,1075.160000,465.130000
NaN,NaN,1076.920000,424.550000,1075.160000,465.120000
NaN,NaN,1076.920000,424.540000,1075.170000,465.120000
NaN,NaN,1076.930000,424.530000,1075.180000,465.120000
NaN,NaN,1076.930000,424.550000,1075.170000,465.120000
NaN,NaN,1076.920000,424.530000,1075.180000,465.120000
NaN,NaN,1076.920000,424.530000,1075.180000,465.120000
NaN,NaN,1076.920000,424.540000,1075.180000,465.120000
NaN,NaN,1076.920000,424.540000,1075.180000,465.120000
NaN,NaN,1076.920000,424.540000,1075.170000,465.130000
NaN,NaN,1076.920000,424.520000,1075.170000,465.130000
NaN,NaN,1076.920000,424.520000,1075.160000,465.120000
NaN,NaN,1076.920000,424.520000,1075.160000,465.120000
NaN,NaN,1076.920000,424.520000,1075.170000,465.130000
NaN,NaN,1076.920000,424.520000,1075.180000,465.120000
NaN,NaN,1076.930000,424.530000,1075.180000,465.120000
NaN,NaN,1076.920000,424.530000,1075.160000,465.120000
NaN,NaN,1076.920000,424.520000,1075.170000,465.120000
NaN,NaN,1076.920000,424.530000,1075.180000,465.120000
NaN,NaN,1076.920000,424.490000,1075.180000,465.120000
NaN,NaN,1076.880000,424.170000,1075.170000,465.120000
NaN,NaN,1076.880000,424.160000,1075.170000,465.120000
NaN,NaN,1076.880000,424.170000,1075.160000,465.120000
NaN,NaN,1076.880000,424.160000,1075.160000,465.120000
NaN,NaN,1076.880000,424.170000,1075.170000,465.120000
NaN,NaN,1076.880000,424.160000,1075.170000,465.130000
NaN,NaN,1076.880000,424.160000,1075.170000,465.120000
NaN,NaN,1076.880000,424.160000,1075.180000,465.120000
NaN,NaN,1076.880000,424.160000,1075.190000,465.120000
NaN,NaN,1076.870000,424.160000,1075.180000,465.120000
NaN,NaN,1076.870000,424.160000,1075.180000,465.120000
NaN,NaN,1076.860000,424.160000,1075.180000,465.110000
NaN,NaN,1076.860000,424.160000,1075.180000,465.110000
NaN,NaN,1076.870000,424.150000,1075.180000,465.120000
NaN,NaN,1076.880000,424.150000,1075.170000,465.110000
NaN,NaN,1076.870000,424.150000,1075.170000,465.110000
NaN,NaN,1076.880000,424.140000,1075.170000,465.110000
NaN,NaN,1076.870000,424.140000,1075.190000,465.100000
NaN,NaN,1076.870000,424.150000,1075.180000,465.090000
NaN,NaN,1076.870000,424.140000,1075.170000,465.100000
NaN,NaN,1076.870000,424.130000,1075.170000,465.080000
NaN,NaN,1076.870000,424.130000,1075.170000,465.090000
NaN,NaN,1076.870000,424.130000,1075.190000,465.090000
NaN,NaN,1076.870000,424.120000,1075.190000,465.090000
NaN,NaN,1076.870000,424.120000,1075.190000,465.080000
NaN,NaN,1076.880000,424.120000,1075.180000,465.080000
NaN,NaN,1076.880000,424.120000,1075.180000,465.070000
NaN,NaN,1076.880000,424.120000,1075.190000,465.080000
NaN,NaN,1076.870000,424.120000,1075.190000,465.080000
NaN,NaN,1076.880000,424.110000,1075.200000,465.070000
NaN,NaN,1076.880000,424.120000,1075.200000,465.070000
NaN,NaN,1076.880000,424.110000,1075.190000,465.060000
NaN,NaN,1076.880000,424.120000,1075.210000,465.080000
NaN,NaN,1076.870000,424.110000,1075.190000,465.080000
NaN,NaN,1076.870000,424.120000,1075.190000,465.060000
NaN,NaN,1076.870000,424.110000,1075.190000,465.050000
NaN,NaN,1076.870000,424.110000,1075.200000,465.050000
NaN,NaN,1076.880000,424.110000,1075.200000,465.060000
NaN,NaN,1076.880000,424.110000,1075.200000,465.060000
NaN,NaN,1076.870000,424.110000,1075.190000,465.060000
NaN,NaN,1076.870000,424.100000,1075.190000,465.050000
NaN,NaN,1076.880000,424.100000,1075.190000,465.060000
NaN,NaN,1076.880000,424.090000,1075.200000,465.060000
NaN,NaN,1076.860000,424.090000,1075.170000,465.040000
NaN,NaN,1076.860000,424.090000,1075.180000,465.040000
NaN,NaN,1076.860000,424.080000,1075.190000,465.050000
NaN,NaN,1076.860000,424.090000,1075.180000,465.040000
NaN,NaN,1076.870000,424.090000,1075.190000,465.050000
NaN,NaN,1076.860000,424.090000,1075.200000,465.050000
NaN,NaN,1076.860000,424.080000,1075.190000,465.050000
NaN,NaN,1076.860000,424.080000,1075.190000,465.050000
NaN,NaN,1076.860000,424.080000,1075.190000,465.050000
NaN,NaN,1076.850000,424.080000,1075.190000,465.050000
NaN,NaN,1076.840000,424.080000,1075.180000,465.050000
NaN,NaN,1076.850000,424.090000,1075.180000,465.050000
NaN,NaN,1076.850000,424.080000,1075.190000,465.050000
NaN,NaN,1076.860000,424.070000,1075.190000,465.060000
NaN,NaN,1076.850000,424.070000,1075.200000,465.050000
NaN,NaN,1076.850000,424.070000,1075.200000,465.050000
NaN,NaN,1076.850000,424.070000,1075.210000,465.050000
NaN,NaN,1076.860000,424.060000,1075.220000,465.060000
NaN,NaN,1076.860000,424.060000,1075.200000,465.060000
NaN,NaN,1076.860000,424.070000,1075.210000,465.050000
NaN,NaN,1076.860000,424.060000,1075.210000,465.050000
NaN,NaN,1076.860000,424.060000,1075.200000,465.050000
NaN,NaN,1076.860000,424.050000,1075.200000,465.060000
NaN,NaN,1076.860000,424.050000,1075.200000,465.060000
NaN,NaN,1076.850000,424.050000,1075.210000,465.060000
NaN,NaN,1076.850000,424.050000,1075.200000,465.050000
NaN,NaN,1076.850000,424.050000,1075.210000,465.060000
NaN,NaN,1076.850000,424.050000,1075.200000,465.060000
NaN,NaN,1076.850000,424.050000,1075.210000,465.050000
NaN,NaN,1076.860000,424.050000,1075.230000,465.050000
NaN,NaN,1076.860000,424.030000,1075.240000,465.070000
NaN,NaN,1076.860000,424.040000,1075.240000,465.060000
NaN,NaN,1076.860000,424.040000,1075.220000,465.060000
NaN,NaN,1076.850000,424.050000,1075.210000,465.060000
NaN,NaN,1076.860000,424.040000,1075.220000,465.060000
NaN,NaN,1076.850000,424.030000,1075.220000,465.070000
NaN,NaN,1076.850000,424.030000,1075.230000,465.080000
NaN,NaN,1076.850000,424.030000,1075.230000,465.070000
NaN,NaN,1076.850000,424.030000,1075.250000,465.080000
NaN,NaN,1076.860000,424.030000,1075.240000,465.080000
NaN,NaN,1076.850000,424.030000,1075.240000,465.080000
NaN,NaN,1076.860000,424.020000,1075.240000,465.090000
NaN,NaN,1076.850000,424.030000,1075.250000,465.090000
NaN,NaN,1076.840000,424.030000,1075.260000,465.100000
NaN,NaN,1076.860000,424.020000,NaN,NaN
NaN,NaN,1076.860000,424.030000,NaN,NaN
NaN,NaN,1076.860000,424.030000,NaN,NaN
NaN,NaN,1076.860000,424.030000,NaN,NaN
NaN,NaN,1076.850000,424.030000,NaN,NaN
NaN,NaN,1076.850000,424.030000,NaN,NaN
NaN,NaN,1076.850000,424.020000,NaN,NaN
NaN,NaN,1076.850000,424.030000,NaN,NaN
NaN,NaN,1076.850000,424.020000,NaN,NaN
NaN,NaN,1076.840000,424.020000,NaN,NaN
NaN,NaN,1076.840000,424.020000,NaN,NaN
NaN,NaN,1076.840000,424.010000,NaN,NaN
NaN,NaN,1076.840000,424.020000,NaN,NaN
NaN,NaN,1076.850000,424.020000,NaN,NaN
NaN,NaN,1076.850000,424.020000,NaN,NaN
NaN,NaN,1076.850000,424.020000,NaN,NaN
NaN,NaN,1076.850000,424.010000,NaN,NaN
NaN,NaN,1076.850000,424.010000,NaN,NaN
NaN,NaN,1076.850000,424.000000,NaN,NaN
NaN,NaN,1076.840000,424.000000,NaN,NaN
NaN,NaN,1076.840000,424.000000,NaN,NaN
NaN,NaN,1076.840000,424.000000,NaN,NaN
NaN,NaN,1076.840000,424.000000,NaN,NaN
NaN,NaN,1076.850000,423.990000,NaN,NaN
NaN,NaN,1076.850000,424.000000,NaN,NaN
NaN,NaN,1076.840000,424.000000,NaN,NaN
NaN,NaN,1076.850000,423.990000,NaN,NaN
NaN,NaN,1076.850000,423.990000,NaN,NaN
NaN,NaN,1076.850000,423.990000,NaN,NaN
NaN,NaN,1076.840000,423.990000,NaN,NaN
NaN,NaN,1076.840000,424.000000,NaN,NaN
NaN,NaN,1076.850000,423.990000,NaN,NaN
NaN,NaN,1076.840000,423.990000,NaN,NaN
NaN,NaN,1076.850000,423.980000,NaN,NaN
NaN,NaN,1076.850000,423.990000,NaN,NaN
NaN,NaN,1076.840000,423.980000,NaN,NaN
NaN,NaN,1076.840000,423.980000,NaN,NaN
NaN,NaN,1076.840000,423.990000,NaN,NaN
NaN,NaN,1076.840000,423.980000,NaN,NaN
NaN,NaN,1076.840000,423.980000,NaN,NaN
NaN,NaN,1076.850000,423.980000,NaN,NaN
NaN,NaN,1076.850000,423.980000,NaN,NaN
NaN,NaN,1076.850000,423.980000,NaN,NaN
NaN,NaN,1076.830000,423.980000,NaN,NaN
NaN,NaN,1076.840000,423.980000,NaN,NaN
NaN,NaN,1076.840000,423.980000,NaN,NaN
NaN,NaN,1076.860000,423.990000,NaN,NaN
NaN,NaN,1076.850000,423.980000,NaN,NaN
NaN,NaN,1076.850000,423.980000,NaN,NaN
NaN,NaN,1076.850000,423.980000,NaN,NaN
NaN,NaN,1076.850000,423.980000,NaN,NaN
NaN,NaN,1076.850000,423.970000,NaN,NaN
NaN,NaN,1076.850000,423.970000,NaN,NaN
NaN,NaN,1076.850000,423.970000,NaN,NaN
NaN,NaN,1076.850000,423.970000,NaN,NaN
NaN,NaN,1076.840000,423.970000,NaN,NaN
NaN,NaN,1076.840000,423.970000,NaN,NaN
NaN,NaN,1076.850000,423.970000,NaN,NaN
NaN,NaN,1076.850000,423.970000,NaN,NaN
NaN,NaN,1076.840000,423.970000,NaN,NaN
NaN,NaN,1076.840000,423.960000,NaN,NaN
NaN,NaN,1076.850000,423.970000,NaN,NaN
NaN,NaN,1076.840000,423.960000,NaN,NaN
NaN,NaN,1076.850000,423.960000,NaN,NaN
NaN,NaN,1076.850000,423.970000,NaN,NaN
NaN,NaN,1076.850000,423.970000,NaN,NaN
NaN,NaN,1076.840000,423.970000,NaN,NaN
NaN,NaN,1076.840000,423.970000,NaN,NaN
NaN,NaN,1076.850000,423.970000,NaN,NaN
NaN,NaN,1076.840000,423.970000,NaN,NaN
NaN,NaN,1076.840000,423.970000,NaN,NaN
NaN,NaN,1076.840000,423.960000,NaN,NaN
NaN,NaN,1076.850000,423.960000,NaN,NaN
NaN,NaN,1076.840000,423.960000,NaN,NaN
NaN,NaN,1076.840000,423.960000,NaN,NaN
NaN,NaN,1076.830000,423.960000,NaN,NaN
NaN,NaN,1076.830000,423.950000,NaN,NaN
NaN,NaN,1076.840000,423.950000,NaN,NaN
NaN,NaN,1076.840000,423.950000,NaN,NaN
NaN,NaN,1076.840000,423.950000,NaN,NaN
NaN,NaN,1076.830000,423.950000,NaN,NaN
NaN,NaN,1076.830000,423.940000,NaN,NaN
NaN,NaN,1076.830000,423.950000,NaN,NaN
NaN,NaN,1076.820000,423.950000,NaN,NaN
NaN,NaN,1076.830000,423.940000,NaN,NaN
NaN,NaN,1076.830000,423.940000,NaN,NaN
NaN,NaN,1076.830000,423.940000,NaN,NaN
NaN,NaN,1076.830000,423.930000,NaN,NaN
NaN,NaN,1076.830000,423.940000,NaN,NaN
NaN,NaN,1076.830000,423.940000,NaN,NaN
NaN,NaN,1076.840000,423.940000,NaN,NaN
NaN,NaN,1076.840000,423.940000,NaN,NaN
NaN,NaN,1076.830000,423.940000,NaN,NaN
NaN,NaN,1076.830000,423.940000,NaN,NaN
NaN,NaN,1076.840000,423.940000,NaN,NaN
NaN,NaN,1076.830000,423.940000,NaN,NaN
NaN,NaN,1076.820000,423.940000,NaN,NaN
NaN,NaN,1076.830000,423.940000,NaN,NaN
NaN,NaN,1076.820000,423.930000,NaN,NaN
NaN,NaN,1076.830000,423.930000,NaN,NaN
NaN,NaN,1076.820000,423.930000,NaN,NaN
NaN,NaN,1076.820000,423.930000,NaN,NaN
NaN,NaN,1076.830000,423.930000,NaN,NaN
NaN,NaN,1076.820000,423.920000,NaN,NaN
NaN,NaN,1076.820000,423.930000,NaN,NaN
NaN,NaN,1076.820000,423.920000,NaN,NaN
NaN,NaN,1076.830000,423.920000,NaN,NaN
NaN,NaN,1076.830000,423.920000,NaN,NaN
NaN,NaN,1076.820000,423.920000,NaN,NaN
NaN,NaN,1076.820000,423.920000,NaN,NaN
NaN,NaN,1076.820000,423.920000,NaN,NaN
NaN,NaN,1076.820000,423.920000,NaN,NaN
NaN,NaN,1076.820000,423.910000,NaN,NaN
NaN,NaN,1076.810000,423.920000,NaN,NaN
NaN,NaN,1076.820000,423.920000,NaN,NaN
NaN,NaN,1076.820000,423.930000,NaN,NaN
NaN,NaN,1076.830000,423.920000,NaN,NaN
NaN,NaN,1076.820000,423.920000,NaN,NaN
NaN,NaN,1076.820000,423.920000,NaN,NaN
NaN,NaN,1076.820000,423.920000,NaN,NaN
NaN,NaN,1076.820000,423.930000,NaN,NaN
NaN,NaN,1076.830000,423.910000,NaN,NaN
NaN,NaN,1076.810000,423.920000,NaN,NaN
NaN,NaN,1076.800000,423.910000,NaN,NaN
NaN,NaN,1076.820000,423.910000,NaN,NaN
NaN,NaN,1076.800000,423.910000,NaN,NaN
NaN,NaN,1076.810000,423.910000,NaN,NaN
NaN,NaN,1076.820000,423.910000,NaN,NaN
NaN,NaN,1076.810000,423.910000,NaN,NaN
NaN,NaN,1076.810000,423.900000,NaN,NaN
NaN,NaN,1076.810000,423.910000,NaN,NaN
NaN,NaN,1076.810000,423.900000,NaN,NaN
NaN,NaN,1076.810000,423.900000,NaN,NaN
NaN,NaN,1076.810000,423.900000,NaN,NaN
NaN,NaN,1076.800000,423.910000,NaN,NaN
NaN,NaN,1076.800000,423.900000,NaN,NaN
NaN,NaN,1076.800000,423.910000,NaN,NaN
NaN,NaN,1076.810000,423.900000,NaN,NaN
NaN,NaN,1076.800000,423.900000,NaN,NaN
NaN,NaN,1076.810000,423.900000,NaN,NaN
NaN,NaN,1076.800000,423.900000,NaN,NaN
NaN,NaN,1076.810000,423.890000,NaN,NaN
NaN,NaN,1076.800000,423.890000,NaN,NaN
NaN,NaN,1076.800000,423.890000,NaN,NaN
NaN,NaN,1076.790000,423.890000,NaN,NaN
NaN,NaN,1076.800000,423.900000,NaN,NaN
NaN,NaN,1076.790000,423.900000,NaN,NaN
NaN,NaN,1076.780000,423.900000,NaN,NaN
NaN,NaN,1076.790000,423.900000,NaN,NaN
NaN,NaN,1076.780000,423.900000,NaN,NaN
NaN,NaN,1076.790000,423.900000,NaN,NaN
NaN,NaN,1076.800000,423.910000,NaN,NaN
NaN,NaN,1076.790000,423.910000,NaN,NaN
NaN,NaN,1076.800000,423.900000,NaN,NaN
NaN,NaN,1076.800000,423.900000,NaN,NaN
NaN,NaN,1076.800000,423.900000,NaN,NaN
NaN,NaN,1076.790000,423.900000,NaN,NaN
NaN,NaN,1076.790000,423.890000,NaN,NaN
NaN,NaN,1076.790000,423.890000,NaN,NaN
NaN,NaN,1076.780000,423.880000,NaN,NaN
NaN,NaN,1076.790000,423.890000,NaN,NaN
NaN,NaN,1076.790000,423.890000,NaN,NaN
NaN,NaN,1076.790000,423.900000,NaN,NaN
NaN,NaN,1076.800000,423.890000,NaN,NaN
NaN,NaN,1076.790000,423.890000,NaN,NaN
NaN,NaN,1076.790000,423.900000,NaN,NaN
NaN,NaN,1076.800000,423.890000,NaN,NaN
NaN,NaN,1076.790000,423.880000,NaN,NaN
NaN,NaN,1076.790000,423.880000,NaN,NaN
NaN,NaN,1076.790000,423.890000,NaN,NaN
NaN,NaN,1076.800000,423.890000,NaN,NaN
NaN,NaN,1076.790000,423.890000,NaN,NaN
NaN,NaN,1076.800000,423.890000,NaN,NaN
NaN,NaN,1076.790000,423.880000,NaN,NaN
NaN,NaN,1076.790000,423.890000,NaN,NaN
NaN,NaN,1076.790000,423.890000,NaN,NaN
NaN,NaN,1076.790000,423.880000,NaN,NaN
NaN,NaN,1076.780000,423.880000,NaN,NaN
NaN,NaN,1076.780000,423.880000,NaN,NaN
NaN,NaN,1076.770000,423.880000,NaN,NaN
NaN,NaN,1076.780000,423.870000,NaN,NaN
NaN,NaN,1076.780000,423.860000,NaN,NaN
NaN,NaN,1076.780000,423.870000,NaN,NaN
NaN,NaN,1076.780000,423.880000,NaN,NaN
NaN,NaN,1076.790000,423.880000,NaN,NaN
NaN,NaN,1076.780000,423.880000,NaN,NaN
NaN,NaN,1076.790000,423.880000,NaN,NaN
NaN,NaN,1076.780000,423.870000,NaN,NaN
NaN,NaN,1076.770000,423.880000,NaN,NaN
NaN,NaN,1076.780000,423.880000,NaN,NaN
NaN,NaN,1076.780000,423.880000,NaN,NaN
NaN,NaN,1076.780000,423.880000,NaN,NaN
NaN,NaN,1076.790000,423.870000,NaN,NaN
NaN,NaN,1076.790000,423.870000,NaN,NaN
NaN,NaN,1076.790000,423.870000,NaN,NaN
NaN,NaN,1076.780000,423.870000,NaN,NaN
NaN,NaN,1076.780000,423.870000,NaN,NaN
NaN,NaN,1076.800000,423.880000,NaN,NaN
NaN,NaN,1076.790000,423.870000,NaN,NaN
NaN,NaN,1076.780000,423.870000,NaN,NaN
NaN,NaN,1076.780000,423.880000,NaN,NaN
NaN,NaN,1076.790000,423.880000,NaN,NaN
NaN,NaN,1076.780000,423.880000,NaN,NaN
NaN,NaN,1076.790000,423.880000,NaN,NaN
NaN,NaN,1076.780000,423.870000,NaN,NaN
NaN,NaN,1076.780000,423.870000,NaN,NaN
NaN,NaN,1076.780000,423.880000,NaN,NaN
NaN,NaN,1076.790000,423.870000,NaN,NaN
NaN,NaN,1076.780000,423.860000,NaN,NaN
NaN,NaN,1076.780000,423.870000,NaN,NaN
NaN,NaN,1076.780000,423.870000,NaN,NaN
NaN,NaN,1076.800000,423.860000,NaN,NaN
NaN,NaN,1076.800000,423.870000,NaN,NaN
NaN,NaN,1076.800000,423.870000,NaN,NaN
NaN,NaN,1076.790000,423.860000,NaN,NaN
NaN,NaN,1076.800000,423.870000,NaN,NaN
NaN,NaN,1076.780000,423.860000,NaN,NaN
NaN,NaN,1076.780000,423.870000,NaN,NaN
NaN,NaN,1076.780000,423.860000,NaN,NaN
NaN,NaN,1076.790000,423.860000,NaN,NaN
NaN,NaN,1076.800000,423.860000,NaN,NaN
NaN,NaN,1076.790000,423.850000,NaN,NaN
NaN,NaN,1076.790000,423.850000,NaN,NaN
NaN,NaN,1076.790000,423.860000,NaN,NaN
NaN,NaN,1076.790000,423.860000,NaN,NaN
NaN,NaN,1076.780000,423.850000,NaN,NaN
NaN,NaN,1076.790000,423.850000,NaN,NaN
NaN,NaN,1076.800000,423.860000,NaN,NaN
NaN,NaN,1076.800000,423.860000,NaN,NaN
NaN,NaN,1076.790000,423.840000,NaN,NaN
NaN,NaN,1076.780000,423.850000,NaN,NaN
NaN,NaN,1076.780000,423.850000,NaN,NaN
NaN,NaN,1076.780000,423.850000,NaN,NaN
NaN,NaN,1076.780000,423.860000,NaN,NaN
NaN,NaN,1076.780000,423.860000,NaN,NaN
NaN,NaN,1076.780000,423.860000,NaN,NaN
NaN,NaN,1076.790000,423.850000,NaN,NaN
NaN,NaN,1076.790000,423.870000,NaN,NaN
NaN,NaN,1076.780000,423.860000,NaN,NaN
NaN,NaN,1076.790000,423.850000,NaN,NaN
NaN,NaN,1076.780000,423.850000,NaN,NaN
NaN,NaN,1076.800000,423.850000,NaN,NaN
NaN,NaN,1076.790000,423.840000,NaN,NaN
NaN,NaN,1076.780000,423.850000,NaN,NaN
NaN,NaN,1076.790000,423.860000,NaN,NaN
NaN,NaN,1076.780000,423.860000,NaN,NaN
NaN,NaN,1076.790000,423.850000,NaN,NaN
NaN,NaN,1076.780000,423.850000,NaN,NaN
NaN,NaN,1076.790000,423.850000,NaN,NaN
NaN,NaN,1076.780000,423.850000,NaN,NaN
NaN,NaN,1076.780000,423.840000,NaN,NaN
NaN,NaN,1076.780000,423.840000,NaN,NaN
NaN,NaN,1076.780000,423.840000,NaN,NaN
NaN,NaN,1076.790000,423.840000,NaN,NaN
NaN,NaN,1076.780000,423.840000,NaN,NaN
NaN,NaN,1076.790000,423.840000,NaN,NaN
NaN,NaN,1076.810000,423.840000,NaN,NaN
NaN,NaN,1076.810000,423.840000,NaN,NaN
NaN,NaN,1076.800000,423.840000,NaN,NaN
NaN,NaN,1076.800000,423.840000,NaN,NaN
NaN,NaN,1076.800000,423.830000,NaN,NaN
NaN,NaN,1076.800000,423.840000,NaN,NaN
NaN,NaN,1076.800000,423.840000,NaN,NaN
NaN,NaN,1076.800000,423.840000,NaN,NaN
NaN,NaN,1076.800000,423.830000,NaN,NaN
NaN,NaN,1076.810000,423.840000,NaN,NaN
NaN,NaN,1076.800000,423.830000,NaN,NaN
NaN,NaN,1076.800000,423.830000,NaN,NaN
NaN,NaN,1076.800000,423.830000,NaN,NaN
NaN,NaN,1076.790000,423.830000,NaN,NaN
NaN,NaN,1076.810000,423.830000,NaN,NaN
NaN,NaN,1076.810000,423.830000,NaN,NaN
NaN,NaN,1076.810000,423.830000,NaN,NaN
NaN,NaN,1076.800000,423.820000,NaN,NaN
NaN,NaN,1076.800000,423.820000,NaN,NaN
NaN,NaN,1076.810000,423.820000,NaN,NaN
NaN,NaN,1076.810000,423.810000,NaN,NaN
NaN,NaN,1076.810000,423.820000,NaN,NaN
NaN,NaN,1076.810000,423.820000,NaN,NaN
NaN,NaN,1076.800000,423.830000,NaN,NaN
NaN,NaN,1076.800000,423.830000,NaN,NaN
NaN,NaN,1076.810000,423.820000,NaN,NaN
NaN,NaN,1076.810000,423.820000,NaN,NaN
NaN,NaN,1076.800000,423.820000,NaN,NaN
NaN,NaN,1076.810000,423.820000,NaN,NaN
NaN,NaN,1076.800000,423.820000,NaN,NaN
NaN,NaN,1076.810000,423.820000,NaN,NaN
NaN,NaN,1076.810000,423.820000,NaN,NaN
NaN,NaN,1076.810000,423.830000,NaN,NaN
NaN,NaN,1076.810000,423.820000,NaN,NaN
NaN,NaN,1076.810000,423.810000,NaN,NaN
NaN,NaN,1076.810000,423.820000,NaN,NaN
NaN,NaN,1076.800000,423.820000,NaN,NaN
NaN,NaN,1076.810000,423.810000,NaN,NaN
NaN,NaN,1076.820000,423.810000,NaN,NaN
NaN,NaN,1076.820000,423.810000,NaN,NaN
NaN,NaN,1076.820000,423.810000,NaN,NaN
NaN,NaN,1076.820000,423.810000,NaN,NaN
NaN,NaN,1076.820000,423.810000,NaN,NaN
NaN,NaN,1076.820000,423.810000,NaN,NaN
NaN,NaN,1076.810000,423.810000,NaN,NaN
NaN,NaN,1076.840000,423.790000,NaN,NaN
NaN,NaN,1076.820000,423.800000,NaN,NaN
NaN,NaN,1076.820000,423.800000,NaN,NaN
NaN,NaN,1076.830000,423.800000,NaN,NaN
NaN,NaN,1076.830000,423.800000,NaN,NaN
NaN,NaN,1076.840000,423.800000,NaN,NaN
NaN,NaN,1076.830000,423.800000,NaN,NaN
NaN,NaN,1076.830000,423.800000,NaN,NaN
NaN,NaN,1076.830000,423.790000,NaN,NaN
NaN,NaN,1076.830000,423.800000,NaN,NaN
NaN,NaN,1076.830000,423.790000,NaN,NaN
NaN,NaN,1076.830000,423.790000,NaN,NaN
NaN,NaN,1076.830000,423.790000,NaN,NaN
NaN,NaN,1076.830000,423.790000,NaN,NaN
NaN,NaN,1076.830000,423.790000,NaN,NaN
NaN,NaN,1076.820000,423.780000,NaN,NaN
NaN,NaN,1076.830000,423.790000,NaN,NaN
NaN,NaN,1076.830000,423.790000,NaN,NaN
NaN,NaN,1076.830000,423.790000,NaN,NaN
NaN,NaN,1076.820000,423.790000,NaN,NaN
NaN,NaN,1076.840000,423.790000,NaN,NaN
NaN,NaN,1076.840000,423.790000,NaN,NaN
NaN,NaN,1076.830000,423.790000,NaN,NaN
NaN,NaN,1076.830000,423.790000,NaN,NaN
NaN,NaN,1076.840000,423.790000,NaN,NaN
NaN,NaN,1076.830000,423.790000,NaN,NaN
NaN,NaN,1076.850000,423.800000,NaN,NaN
NaN,NaN,1076.840000,423.800000,NaN,NaN
NaN,NaN,1076.840000,423.790000,NaN,NaN
NaN,NaN,1076.830000,423.790000,NaN,NaN
NaN,NaN,1076.840000,423.800000,NaN,NaN
NaN,NaN,1076.840000,423.800000,NaN,NaN
NaN,NaN,1076.850000,423.790000,NaN,NaN
NaN,NaN,1076.850000,423.800000,NaN,NaN
NaN,NaN,1076.860000,423.790000,NaN,NaN
NaN,NaN,1076.860000,423.800000,NaN,NaN
NaN,NaN,1076.860000,423.800000,NaN,NaN
NaN,NaN,1076.860000,423.790000,NaN,NaN
NaN,NaN,1076.850000,423.790000,NaN,NaN
NaN,NaN,1076.850000,423.790000,NaN,NaN
NaN,NaN,1076.840000,423.790000,NaN,NaN
NaN,NaN,1076.850000,423.790000,NaN,NaN
NaN,NaN,1076.850000,423.790000,NaN,NaN
NaN,NaN,1076.850000,423.790000,NaN,NaN
NaN,NaN,1076.850000,423.790000,NaN,NaN
NaN,NaN,1076.880000,423.780000,NaN,NaN
NaN,NaN,1076.860000,423.790000,NaN,NaN
NaN,NaN,1076.870000,423.790000,NaN,NaN
NaN,NaN,1076.860000,423.780000,NaN,NaN
NaN,NaN,1076.870000,423.790000,NaN,NaN
NaN,NaN,1076.860000,423.790000,NaN,NaN
NaN,NaN,1076.860000,423.790000,NaN,NaN
NaN,NaN,1076.870000,423.800000,NaN,NaN
NaN,NaN,1076.860000,423.790000,NaN,NaN
NaN,NaN,1076.870000,423.780000,NaN,NaN
NaN,NaN,1076.870000,423.790000,NaN,NaN
NaN,NaN,1076.870000,423.790000,NaN,NaN
NaN,NaN,1076.870000,423.780000,NaN,NaN
NaN,NaN,1076.870000,423.780000,NaN,NaN
NaN,NaN,1076.870000,423.790000,NaN,NaN
NaN,NaN,1076.880000,423.770000,NaN,NaN
NaN,NaN,1076.870000,423.770000,NaN,NaN
NaN,NaN,1076.880000,423.770000,NaN,NaN
NaN,NaN,1076.870000,423.770000,NaN,NaN
NaN,NaN,1076.870000,423.780000,NaN,NaN
NaN,NaN,1076.880000,423.770000,NaN,NaN
NaN,NaN,1076.870000,423.770000,NaN,NaN
NaN,NaN,1076.880000,423.770000,NaN,NaN
NaN,NaN,1076.880000,423.770000,NaN,NaN
NaN,NaN,1076.890000,423.790000,NaN,NaN
NaN,NaN,1076.890000,423.780000,NaN,NaN
NaN,NaN,1076.890000,423.780000,NaN,NaN
NaN,NaN,1076.890000,423.780000,NaN,NaN
NaN,NaN,1076.900000,423.770000,NaN,NaN
NaN,NaN,1076.910000,423.780000,NaN,NaN
NaN,NaN,1076.910000,423.770000,NaN,NaN
NaN,NaN,1076.900000,423.770000,NaN,NaN
NaN,NaN,1076.890000,423.770000,NaN,NaN
NaN,NaN,1076.890000,423.770000,NaN,NaN
NaN,NaN,1076.900000,423.770000,NaN,NaN
NaN,NaN,1076.890000,423.770000,NaN,NaN
NaN,NaN,1076.900000,423.770000,NaN,NaN
NaN,NaN,1076.900000,423.770000,NaN,NaN
NaN,NaN,1076.900000,423.770000,NaN,NaN
NaN,NaN,1076.890000,423.760000,NaN,NaN
NaN,NaN,1076.910000,423.760000,NaN,NaN
NaN,NaN,1076.910000,423.760000,NaN,NaN
NaN,NaN,1076.920000,423.770000,NaN,NaN
NaN,NaN,1076.920000,423.760000,NaN,NaN
NaN,NaN,1076.910000,423.760000,NaN,NaN
NaN,NaN,1076.920000,423.760000,NaN,NaN
NaN,NaN,1076.920000,423.770000,NaN,NaN
NaN,NaN,1076.920000,423.770000,NaN,NaN
NaN,NaN,1076.920000,423.760000,NaN,NaN
NaN,NaN,1076.920000,423.770000,NaN,NaN
NaN,NaN,1076.920000,423.770000,NaN,NaN
NaN,NaN,1076.910000,423.770000,NaN,NaN
NaN,NaN,1076.910000,423.770000,NaN,NaN
NaN,NaN,1076.910000,423.770000,NaN,NaN
NaN,NaN,1076.920000,423.760000,NaN,NaN
NaN,NaN,1076.920000,423.770000,NaN,NaN
NaN,NaN,1076.930000,423.770000,NaN,NaN
NaN,NaN,1076.930000,423.770000,NaN,NaN
NaN,NaN,1076.930000,423.770000,NaN,NaN
NaN,NaN,1076.920000,423.770000,NaN,NaN
NaN,NaN,1076.930000,423.770000,NaN,NaN
NaN,NaN,1076.920000,423.770000,NaN,NaN
NaN,NaN,1076.920000,423.770000,NaN,NaN
NaN,NaN,1076.930000,423.770000,NaN,NaN
NaN,NaN,1076.930000,423.760000,NaN,NaN
NaN,NaN,1076.930000,423.770000,NaN,NaN
NaN,NaN,1076.920000,423.760000,NaN,NaN
NaN,NaN,1076.930000,423.750000,NaN,NaN
NaN,NaN,1076.930000,423.760000,NaN,NaN
NaN,NaN,1076.940000,423.760000,NaN,NaN
NaN,NaN,1076.930000,423.760000,NaN,NaN
NaN,NaN,1076.930000,423.760000,NaN,NaN
NaN,NaN,1076.930000,423.760000,NaN,NaN
NaN,NaN,1076.930000,423.760000,NaN,NaN
NaN,NaN,1076.930000,423.760000,NaN,NaN
NaN,NaN,1076.950000,423.770000,NaN,NaN
NaN,NaN,1076.940000,423.770000,NaN,NaN
NaN,NaN,1076.950000,423.780000,NaN,NaN
NaN,NaN,1076.950000,423.770000,NaN,NaN
NaN,NaN,1076.940000,423.760000,NaN,NaN
NaN,NaN,1076.950000,423.770000,NaN,NaN
NaN,NaN,1076.950000,423.770000,NaN,NaN
NaN,NaN,1076.950000,423.760000,NaN,NaN
NaN,NaN,1076.960000,423.760000,NaN,NaN
NaN,NaN,1076.960000,423.760000,NaN,NaN
NaN,NaN,1076.950000,423.760000,NaN,NaN
NaN,NaN,1076.950000,423.750000,NaN,NaN
NaN,NaN,1076.950000,423.750000,NaN,NaN
NaN,NaN,1076.960000,423.750000,NaN,NaN
NaN,NaN,1076.960000,423.760000,NaN,NaN
NaN,NaN,1076.950000,423.760000,NaN,NaN
NaN,NaN,1076.960000,423.750000,NaN,NaN
NaN,NaN,1076.960000,423.750000,NaN,NaN
NaN,NaN,1076.950000,423.760000,NaN,NaN
NaN,NaN,1076.950000,423.760000,NaN,NaN
NaN,NaN,1076.950000,423.760000,NaN,NaN
NaN,NaN,1076.950000,423.760000,NaN,NaN
NaN,NaN,1076.960000,423.750000,NaN,NaN
NaN,NaN,1076.950000,423.760000,NaN,NaN
NaN,NaN,1076.960000,423.750000,NaN,NaN
NaN,NaN,1076.960000,423.750000,NaN,NaN
NaN,NaN,1076.960000,423.740000,NaN,NaN
NaN,NaN,1076.960000,423.740000,NaN,NaN
NaN,NaN,1076.960000,423.750000,NaN,NaN
NaN,NaN,1076.960000,423.750000,NaN,NaN
NaN,NaN,1076.960000,423.750000,NaN,NaN
NaN,NaN,1076.950000,423.750000,NaN,NaN
NaN,NaN,1076.950000,423.750000,NaN,NaN
NaN,NaN,1076.950000,423.750000,NaN,NaN
NaN,NaN,1076.950000,423.750000,NaN,NaN
NaN,NaN,1076.960000,423.740000,NaN,NaN
NaN,NaN,1076.950000,423.750000,NaN,NaN
NaN,NaN,1076.960000,423.750000,NaN,NaN
NaN,NaN,1076.960000,423.750000,NaN,NaN
NaN,NaN,1076.960000,423.740000,NaN,NaN
NaN,NaN,1076.950000,423.750000,NaN,NaN
NaN,NaN,1076.950000,423.740000,NaN,NaN
NaN,NaN,1076.960000,423.740000,NaN,NaN
NaN,NaN,1076.960000,423.740000,NaN,NaN
NaN,NaN,1076.960000,423.750000,NaN,NaN
NaN,NaN,1076.960000,423.740000,NaN,NaN
NaN,NaN,1076.960000,423.740000,NaN,NaN
NaN,NaN,1076.960000,423.740000,NaN,NaN
NaN,NaN,1076.960000,423.740000,NaN,NaN
NaN,NaN,1076.960000,423.740000,NaN,NaN
NaN,NaN,1076.960000,423.730000,NaN,NaN
NaN,NaN,1076.960000,423.730000,NaN,NaN
NaN,NaN,1076.950000,423.730000,NaN,NaN
NaN,NaN,1076.950000,423.740000,NaN,NaN
NaN,NaN,1076.960000,423.750000,NaN,NaN
NaN,NaN,1076.960000,423.750000,NaN,NaN
NaN,NaN,1076.960000,423.750000,NaN,NaN
NaN,NaN,1076.960000,423.730000,NaN,NaN
NaN,NaN,1076.970000,423.730000,NaN,NaN
NaN,NaN,1076.960000,423.720000,NaN,NaN
NaN,NaN,1076.960000,423.730000,NaN,NaN
NaN,NaN,1076.960000,423.750000,NaN,NaN
NaN,NaN,1076.950000,423.730000,NaN,NaN
NaN,NaN,1076.960000,423.720000,NaN,NaN
NaN,NaN,1076.950000,423.710000,NaN,NaN
NaN,NaN,1076.960000,423.720000,NaN,NaN
NaN,NaN,1076.960000,423.720000,NaN,NaN
NaN,NaN,1076.960000,423.720000,NaN,NaN
NaN,NaN,NaN,NaN,NaN,NaN
NaN,NaN,NaN,NaN,NaN,NaN
NaN,NaN,NaN,NaN,NaN,NaN
NaN,NaN,NaN,NaN,NaN,NaN
NaN,NaN,NaN,NaN,NaN,NaN
NaN,NaN,NaN,NaN,NaN,NaN
NaN,NaN,NaN,NaN,NaN,NaN
NaN,NaN,NaN,NaN,NaN,NaN
NaN,NaN,NaN,NaN,NaN,NaN
NaN,NaN,NaN,NaN,NaN,NaN
NaN,NaN,NaN,NaN,NaN,NaN
NaN,NaN,NaN,NaN,NaN,NaN
NaN,NaN,NaN,NaN,NaN,NaN
NaN,NaN,NaN,NaN,NaN,NaN
NaN,NaN,NaN,NaN,NaN,NaN
NaN,NaN,NaN,NaN,NaN,NaN
NaN,NaN,NaN,NaN,NaN,NaN
NaN,NaN,NaN,NaN,NaN,NaN
NaN,NaN,NaN,NaN,NaN,NaN
NaN,NaN,NaN,NaN,NaN,NaN
NaN,NaN,NaN,NaN,NaN,NaN
NaN,NaN,NaN,NaN,NaN,NaN
NaN,NaN,NaN,NaN,NaN,NaN
NaN,NaN,NaN,NaN,NaN,NaN
NaN,NaN,NaN,NaN,NaN,NaN
NaN,NaN,NaN,NaN,NaN,NaN
NaN,NaN,NaN,NaN,NaN,NaN
NaN,NaN,NaN,NaN,NaN,NaN
NaN,NaN,NaN,NaN,NaN,NaN
NaN,NaN,NaN,NaN,NaN,NaN
NaN,NaN,NaN,NaN,NaN,NaN
NaN,NaN,NaN,NaN,NaN,NaN
NaN,NaN,NaN,NaN,NaN,NaN
NaN,NaN,NaN,NaN,NaN,NaN
NaN,NaN,NaN,NaN,NaN,NaN
NaN,NaN,NaN,NaN,NaN,NaN
NaN,NaN,NaN,NaN,NaN,NaN
NaN,NaN,NaN,NaN,NaN,NaN
NaN,NaN,NaN,NaN,NaN,NaN
NaN,NaN,NaN,NaN,NaN,NaN
NaN,NaN,NaN,NaN,NaN,NaN
NaN,NaN,NaN,NaN,NaN,NaN
NaN,NaN,NaN,NaN,NaN,NaN
NaN,NaN,NaN,NaN,NaN,NaN
NaN,NaN,NaN,NaN,NaN,NaN
NaN,NaN,NaN,NaN,NaN,NaN
NaN,NaN,NaN,NaN,NaN,NaN
NaN,NaN,NaN,NaN,NaN,NaN
NaN,NaN,NaN,NaN,NaN,NaN
NaN,NaN,NaN,NaN,NaN,NaN
NaN,NaN,NaN,NaN,NaN,NaN
NaN,NaN,NaN,NaN,NaN,NaN
NaN,NaN,NaN,NaN,NaN,NaN
NaN,NaN,NaN,NaN,NaN,NaN
NaN,NaN,NaN,NaN,NaN,NaN
NaN,NaN,NaN,NaN,NaN,NaN
NaN,NaN,NaN,NaN,NaN,NaN
NaN,NaN,NaN,NaN,NaN,NaN
NaN,NaN,NaN,NaN,NaN,NaN
NaN,NaN,NaN,NaN,NaN,NaN
NaN,NaN,NaN,NaN,NaN,NaN
NaN,NaN,NaN,NaN,NaN,NaN
NaN,NaN,NaN,NaN,NaN,NaN
NaN,NaN,NaN,NaN,NaN,NaN
NaN,NaN,NaN,NaN,NaN,NaN
NaN,NaN,NaN,NaN,NaN,NaN
NaN,NaN,NaN,NaN,NaN,NaN
NaN,NaN,NaN,NaN,NaN,NaN
NaN,NaN,NaN,NaN,NaN,NaN
NaN,NaN,NaN,NaN,NaN,NaN
NaN,NaN,NaN,NaN,NaN,NaN
NaN,NaN,NaN,NaN,NaN,NaN
NaN,NaN,NaN,NaN,NaN,NaN
NaN,NaN,NaN,NaN,NaN,NaN
NaN,NaN,NaN,NaN,NaN,NaN
NaN,NaN,NaN,NaN,NaN,NaN
NaN,NaN,NaN,NaN,NaN,NaN
NaN,NaN,NaN,NaN,NaN,NaN
NaN,NaN,NaN,NaN,NaN,NaN
NaN,NaN,NaN,NaN,NaN,NaN
NaN,NaN,NaN,NaN,NaN,NaN
NaN,NaN,NaN,NaN,NaN,NaN
NaN,NaN,NaN,NaN,NaN,NaN
NaN,NaN,NaN,NaN,NaN,NaN
NaN,NaN,NaN,NaN,NaN,NaN
NaN,NaN,NaN,NaN,NaN,NaN
NaN,NaN,NaN,NaN,NaN,NaN
NaN,NaN,NaN,NaN,NaN,NaN
NaN,NaN,NaN,NaN,NaN,NaN
NaN,NaN,NaN,NaN,NaN,NaN
NaN,NaN,NaN,NaN,NaN,NaN
NaN,NaN,NaN,NaN,NaN,NaN
NaN,NaN,NaN,NaN,NaN,NaN
NaN,NaN,NaN,NaN,NaN,NaN
NaN,NaN,NaN,NaN,NaN,NaN
NaN,NaN,NaN,NaN,NaN,NaN
NaN,NaN,NaN,NaN,NaN,NaN
NaN,NaN,NaN,NaN,NaN,NaN
NaN,NaN,NaN,NaN,NaN,NaN
NaN,NaN,NaN,NaN,NaN,NaN
NaN,NaN,NaN,NaN,NaN,NaN
NaN,NaN,NaN,NaN,NaN,NaN
NaN,NaN,NaN,NaN,NaN,NaN
NaN,NaN,NaN,NaN,NaN,NaN
NaN,NaN,NaN,NaN,NaN,NaN
NaN,NaN,NaN,NaN,NaN,NaN
NaN,NaN,NaN,NaN,NaN,NaN
NaN,NaN,NaN,NaN,NaN,NaN
NaN,NaN,NaN,NaN,NaN,NaN
NaN,NaN,NaN,NaN,NaN,NaN
NaN,NaN,NaN,NaN,NaN,NaN
NaN,NaN,NaN,NaN,NaN,NaN
NaN,NaN,NaN,NaN,NaN,NaN
NaN,NaN,NaN,NaN,NaN,NaN
NaN,NaN,NaN,NaN,NaN,NaN
NaN,NaN,NaN,NaN,NaN,NaN
NaN,NaN,NaN,NaN,NaN,NaN
NaN,NaN,NaN,NaN,NaN,NaN
NaN,NaN,NaN,NaN,NaN,NaN
NaN,NaN,NaN,NaN,NaN,NaN
NaN,NaN,NaN,NaN,NaN,NaN
NaN,NaN,NaN,NaN,NaN,NaN
NaN,NaN,NaN,NaN,NaN,NaN
NaN,NaN,NaN,NaN,NaN,NaN
NaN,NaN,NaN,NaN,NaN,NaN
NaN,NaN,NaN,NaN,NaN,NaN
NaN,NaN,NaN,NaN,NaN,NaN
NaN,NaN,NaN,NaN,NaN,NaN
NaN,NaN,NaN,NaN,NaN,NaN
NaN,NaN,NaN,NaN,NaN,NaN
NaN,NaN,NaN,NaN,NaN,NaN
NaN,NaN,NaN,NaN,NaN,NaN
NaN,NaN,NaN,NaN,NaN,NaN
NaN,NaN,NaN,NaN,NaN,NaN
NaN,NaN,NaN,NaN,NaN,NaN
NaN,NaN,NaN,NaN,NaN,NaN
NaN,NaN,NaN,NaN,NaN,NaN
NaN,NaN,NaN,NaN,NaN,NaN
NaN,NaN,NaN,NaN,NaN,NaN
NaN,NaN,NaN,NaN,NaN,NaN
NaN,NaN,NaN,NaN,NaN,NaN
NaN,NaN,NaN,NaN,NaN,NaN
NaN,NaN,NaN,NaN,NaN,NaN
NaN,NaN,NaN,NaN,NaN,NaN
NaN,NaN,NaN,NaN,NaN,NaN
NaN,NaN,NaN,NaN,NaN,NaN
NaN,NaN,NaN,NaN,NaN,NaN
NaN,NaN,NaN,NaN,NaN,NaN
NaN,NaN,NaN,NaN,NaN,NaN
NaN,NaN,NaN,NaN,NaN,NaN
NaN,NaN,NaN,NaN,NaN,NaN
NaN,NaN,NaN,NaN,NaN,NaN
NaN,NaN,NaN,NaN,NaN,NaN
NaN,NaN,NaN,NaN,NaN,NaN
NaN,NaN,NaN,NaN,NaN,NaN
NaN,NaN,NaN,NaN,NaN,NaN
NaN,NaN,NaN,NaN,NaN,NaN
NaN,NaN,NaN,NaN,NaN,NaN
NaN,NaN,NaN,NaN,NaN,NaN
NaN,NaN,NaN,NaN,NaN,NaN
NaN,NaN,NaN,NaN,NaN,NaN
NaN,NaN,NaN,NaN,NaN,NaN
NaN,NaN,NaN,NaN,NaN,NaN
NaN,NaN,NaN,NaN,NaN,NaN
NaN,NaN,NaN,NaN,NaN,NaN
NaN,NaN,NaN,NaN,NaN,NaN
NaN,NaN,NaN,NaN,NaN,NaN
NaN,NaN,NaN,NaN,NaN,NaN
NaN,NaN,NaN,NaN,NaN,NaN
NaN,NaN,NaN,NaN,NaN,NaN
NaN,NaN,NaN,NaN,NaN,NaN
NaN,NaN,NaN,NaN,NaN,NaN
NaN,NaN,NaN,NaN,NaN,NaN
NaN,NaN,NaN,NaN,NaN,NaN
NaN,NaN,NaN,NaN,NaN,NaN
NaN,NaN,NaN,NaN,NaN,NaN
NaN,NaN,NaN,NaN,NaN,NaN
NaN,NaN,NaN,NaN,NaN,NaN
NaN,NaN,NaN,NaN,NaN,NaN
NaN,NaN,NaN,NaN,NaN,NaN
NaN,NaN,NaN,NaN,NaN,NaN
NaN,NaN,NaN,NaN,NaN,NaN
NaN,NaN,NaN,NaN,NaN,NaN
NaN,NaN,NaN,NaN,NaN,NaN
NaN,NaN,NaN,NaN,NaN,NaN
NaN,NaN,NaN,NaN,NaN,NaN
NaN,NaN,NaN,NaN,NaN,NaN
NaN,NaN,NaN,NaN,NaN,NaN
NaN,NaN,NaN,NaN,NaN,NaN
NaN,NaN,NaN,NaN,NaN,NaN
NaN,NaN,NaN,NaN,NaN,NaN
NaN,NaN,NaN,NaN,NaN,NaN
NaN,NaN,NaN,NaN,NaN,NaN
NaN,NaN,NaN,NaN,NaN,NaN
NaN,NaN,NaN,NaN,NaN,NaN
NaN,NaN,NaN,NaN,NaN,NaN
NaN,NaN,NaN,NaN,NaN,NaN
NaN,NaN,NaN,NaN,NaN,NaN
NaN,NaN,NaN,NaN,NaN,NaN
NaN,NaN,NaN,NaN,NaN,NaN
NaN,NaN,NaN,NaN,NaN,NaN
NaN,NaN,NaN,NaN,NaN,NaN
NaN,NaN,NaN,NaN,NaN,NaN
NaN,NaN,NaN,NaN,NaN,NaN
NaN,NaN,NaN,NaN,NaN,NaN
NaN,NaN,NaN,NaN,NaN,NaN
NaN,NaN,NaN,NaN,NaN,NaN
NaN,NaN,NaN,NaN,NaN,NaN
NaN,NaN,NaN,NaN,NaN,NaN
NaN,NaN,NaN,NaN,NaN,NaN
NaN,NaN,NaN,NaN,NaN,NaN
NaN,NaN,NaN,NaN,NaN,NaN
NaN,NaN,NaN,NaN,NaN,NaN
NaN,NaN,NaN,NaN,NaN,NaN
NaN,NaN,NaN,NaN,NaN,NaN
NaN,NaN,NaN,NaN,NaN,NaN
NaN,NaN,NaN,NaN,NaN,NaN
NaN,NaN,NaN,NaN,NaN,NaN
NaN,NaN,NaN,NaN,NaN,NaN
NaN,NaN,NaN,NaN,NaN,NaN
NaN,NaN,NaN,NaN,NaN,NaN
NaN,NaN,NaN,NaN,NaN,NaN
NaN,NaN,NaN,NaN,NaN,NaN
NaN,NaN,NaN,NaN,NaN,NaN
NaN,NaN,NaN,NaN,NaN,NaN
NaN,NaN,NaN,NaN,NaN,NaN
NaN,NaN,NaN,NaN,NaN,NaN
NaN,NaN,NaN,NaN,NaN,NaN
NaN,NaN,NaN,NaN,NaN,NaN
NaN,NaN,NaN,NaN,NaN,NaN
NaN,NaN,NaN,NaN,NaN,NaN
NaN,NaN,NaN,NaN,NaN,NaN
NaN,NaN,NaN,NaN,NaN,NaN
NaN,NaN,NaN,NaN,NaN,NaN
NaN,NaN,NaN,NaN,NaN,NaN
NaN,NaN,NaN,NaN,NaN,NaN
NaN,NaN,NaN,NaN,NaN,NaN
NaN,NaN,NaN,NaN,NaN,NaN
NaN,NaN,NaN,NaN,NaN,NaN
NaN,NaN,NaN,NaN,NaN,NaN
NaN,NaN,NaN,NaN,NaN,NaN
NaN,NaN,NaN,NaN,NaN,NaN
NaN,NaN,NaN,NaN,NaN,NaN
NaN,NaN,NaN,NaN,NaN,NaN
NaN,NaN,NaN,NaN,NaN,NaN
NaN,NaN,NaN,NaN,NaN,NaN
NaN,NaN,NaN,NaN,NaN,NaN
NaN,NaN,NaN,NaN,NaN,NaN
NaN,NaN,NaN,NaN,NaN,NaN
NaN,NaN,NaN,NaN,NaN,NaN
NaN,NaN,NaN,NaN,NaN,NaN
NaN,NaN,NaN,NaN,NaN,NaN
NaN,NaN,NaN,NaN,NaN,NaN
NaN,NaN,NaN,NaN,NaN,NaN
NaN,NaN,NaN,NaN,NaN,NaN
NaN,NaN,NaN,NaN,NaN,NaN
NaN,NaN,NaN,NaN,NaN,NaN
NaN,NaN,NaN,NaN,NaN,NaN
NaN,NaN,NaN,NaN,NaN,NaN
NaN,NaN,NaN,NaN,NaN,NaN
NaN,NaN,NaN,NaN,NaN,NaN
NaN,NaN,NaN,NaN,NaN,NaN
NaN,NaN,NaN,NaN,NaN,NaN
NaN,NaN,NaN,NaN,NaN,NaN
NaN,NaN,NaN,NaN,NaN,NaN
NaN,NaN,NaN,NaN,NaN,NaN
NaN,NaN,NaN,NaN,NaN,NaN
NaN,NaN,NaN,NaN,NaN,NaN
NaN,NaN,NaN,NaN,NaN,NaN
NaN,NaN,NaN,NaN,NaN,NaN
NaN,NaN,NaN,NaN,NaN,NaN
NaN,NaN,NaN,NaN,NaN,NaN
NaN,NaN,NaN,NaN,NaN,NaN
NaN,NaN,NaN,NaN,NaN,NaN
NaN,NaN,NaN,NaN,NaN,NaN
NaN,NaN,NaN,NaN,NaN,NaN
NaN,NaN,NaN,NaN,NaN,NaN
NaN,NaN,NaN,NaN,NaN,NaN
NaN,NaN,NaN,NaN,NaN,NaN
NaN,NaN,NaN,NaN,NaN,NaN
NaN,NaN,NaN,NaN,NaN,NaN
NaN,NaN,NaN,NaN,NaN,NaN
NaN,NaN,NaN,NaN,NaN,NaN
NaN,NaN,NaN,NaN,NaN,NaN
NaN,NaN,NaN,NaN,NaN,NaN
NaN,NaN,NaN,NaN,NaN,NaN
NaN,NaN,NaN,NaN,NaN,NaN
NaN,NaN,NaN,NaN,NaN,NaN
NaN,NaN,NaN,NaN,NaN,NaN
NaN,NaN,NaN,NaN,NaN,NaN
NaN,NaN,NaN,NaN,NaN,NaN
NaN,NaN,NaN,NaN,NaN,NaN
NaN,NaN,NaN,NaN,NaN,NaN
NaN,NaN,NaN,NaN,NaN,NaN
NaN,NaN,NaN,NaN,NaN,NaN
NaN,NaN,NaN,NaN,NaN,NaN
NaN,NaN,NaN,NaN,NaN,NaN
NaN,NaN,NaN,NaN,NaN,NaN
NaN,NaN,NaN,NaN,NaN,NaN
NaN,NaN,NaN,NaN,NaN,NaN
NaN,NaN,NaN,NaN,NaN,NaN
NaN,NaN,NaN,NaN,NaN,NaN
NaN,NaN,NaN,NaN,NaN,NaN
NaN,NaN,NaN,NaN,NaN,NaN
NaN,NaN,NaN,NaN,NaN,NaN
NaN,NaN,NaN,NaN,NaN,NaN
NaN,NaN,NaN,NaN,NaN,NaN
NaN,NaN,NaN,NaN,NaN,NaN
NaN,NaN,NaN,NaN,NaN,NaN
NaN,NaN,NaN,NaN,NaN,NaN
NaN,NaN,NaN,NaN,NaN,NaN
NaN,NaN,NaN,NaN,NaN,NaN
NaN,NaN,NaN,NaN,NaN,NaN
NaN,NaN,NaN,NaN,NaN,NaN
NaN,NaN,NaN,NaN,NaN,NaN
NaN,NaN,NaN,NaN,NaN,NaN
NaN,NaN,NaN,NaN,NaN,NaN
NaN,NaN,NaN,NaN,NaN,NaN
NaN,NaN,NaN,NaN,NaN,NaN
NaN,NaN,NaN,NaN,NaN,NaN
NaN,NaN,NaN,NaN,NaN,NaN
NaN,NaN,NaN,NaN,NaN,NaN
NaN,NaN,NaN,NaN,NaN,NaN
NaN,NaN,NaN,NaN,NaN,NaN
NaN,NaN,NaN,NaN,NaN,NaN
NaN,NaN,NaN,NaN,NaN,NaN
NaN,NaN,NaN,NaN,NaN,NaN
NaN,NaN,NaN,NaN,NaN,NaN
NaN,NaN,NaN,NaN,NaN,NaN
NaN,NaN,NaN,NaN,NaN,NaN
NaN,NaN,NaN,NaN,NaN,NaN
NaN,NaN,NaN,NaN,NaN,NaN
NaN,NaN,NaN,NaN,NaN,NaN
NaN,NaN,NaN,NaN,NaN,NaN
NaN,NaN,NaN,NaN,NaN,NaN
NaN,NaN,NaN,NaN,NaN,NaN
NaN,NaN,NaN,NaN,NaN,NaN
NaN,NaN,NaN,NaN,NaN,NaN
NaN,NaN,NaN,NaN,NaN,NaN
NaN,NaN,NaN,NaN,NaN,NaN
NaN,NaN,NaN,NaN,NaN,NaN
NaN,NaN,NaN,NaN,NaN,NaN
NaN,NaN,NaN,NaN,NaN,NaN
NaN,NaN,NaN,NaN,NaN,NaN
NaN,NaN,NaN,NaN,NaN,NaN
NaN,NaN,NaN,NaN,NaN,NaN
NaN,NaN,NaN,NaN,NaN,NaN
NaN,NaN,NaN,NaN,NaN,NaN
NaN,NaN,NaN,NaN,NaN,NaN
NaN,NaN,NaN,NaN,NaN,NaN
NaN,NaN,NaN,NaN,NaN,NaN
NaN,NaN,NaN,NaN,NaN,NaN
NaN,NaN,NaN,NaN,NaN,NaN
NaN,NaN,NaN,NaN,NaN,NaN
NaN,NaN,NaN,NaN,NaN,NaN
NaN,NaN,NaN,NaN,NaN,NaN
NaN,NaN,NaN,NaN,NaN,NaN
NaN,NaN,NaN,NaN,NaN,NaN
NaN,NaN,NaN,NaN,NaN,NaN
NaN,NaN,NaN,NaN,NaN,NaN
NaN,NaN,NaN,NaN,NaN,NaN
NaN,NaN,NaN,NaN,NaN,NaN
NaN,NaN,NaN,NaN,NaN,NaN
NaN,NaN,NaN,NaN,NaN,NaN
NaN,NaN,NaN,NaN,NaN,NaN
NaN,NaN,NaN,NaN,NaN,NaN
NaN,NaN,NaN,NaN,NaN,NaN
NaN,NaN,NaN,NaN,NaN,NaN
NaN,NaN,NaN,NaN,NaN,NaN
NaN,NaN,NaN,NaN,NaN,NaN
NaN,NaN,NaN,NaN,NaN,NaN
NaN,NaN,NaN,NaN,NaN,NaN
NaN,NaN,NaN,NaN,NaN,NaN
NaN,NaN,NaN,NaN,NaN,NaN
NaN,NaN,NaN,NaN,NaN,NaN
NaN,NaN,NaN,NaN,NaN,NaN
NaN,NaN,NaN,NaN,NaN,NaN
NaN,NaN,NaN,NaN,NaN,NaN
NaN,NaN,NaN,NaN,NaN,NaN
NaN,NaN,NaN,NaN,NaN,NaN
NaN,NaN,NaN,NaN,NaN,NaN
NaN,NaN,NaN,NaN,NaN,NaN
NaN,NaN,NaN,NaN,NaN,NaN
NaN,NaN,NaN,NaN,NaN,NaN
NaN,NaN,NaN,NaN,NaN,NaN
NaN,NaN,NaN,NaN,NaN,NaN
NaN,NaN,NaN,NaN,NaN,NaN
NaN,NaN,NaN,NaN,NaN,NaN
NaN,NaN,NaN,NaN,NaN,NaN
NaN,NaN,NaN,NaN,NaN,NaN
NaN,NaN,NaN,NaN,NaN,NaN
NaN,NaN,NaN,NaN,NaN,NaN
NaN,NaN,NaN,NaN,NaN,NaN
NaN,NaN,NaN,NaN,NaN,NaN
NaN,NaN,NaN,NaN,NaN,NaN
NaN,NaN,NaN,NaN,NaN,NaN
NaN,NaN,NaN,NaN,NaN,NaN
NaN,NaN,NaN,NaN,NaN,NaN
NaN,NaN,NaN,NaN,NaN,NaN
NaN,NaN,NaN,NaN,NaN,NaN
NaN,NaN,NaN,NaN,NaN,NaN
NaN,NaN,NaN,NaN,NaN,NaN
NaN,NaN,NaN,NaN,NaN,NaN
NaN,NaN,NaN,NaN,NaN,NaN
NaN,NaN,NaN,NaN,NaN,NaN
NaN,NaN,NaN,NaN,NaN,NaN
NaN,NaN,NaN,NaN,NaN,NaN
NaN,NaN,NaN,NaN,NaN,NaN
NaN,NaN,NaN,NaN,NaN,NaN
NaN,NaN,NaN,NaN,NaN,NaN
NaN,NaN,NaN,NaN,NaN,NaN
NaN,NaN,NaN,NaN,NaN,NaN
NaN,NaN,NaN,NaN,NaN,NaN
NaN,NaN,NaN,NaN,NaN,NaN
NaN,NaN,NaN,NaN,NaN,NaN
NaN,NaN,NaN,NaN,NaN,NaN
NaN,NaN,NaN,NaN,NaN,NaN
NaN,NaN,NaN,NaN,NaN,NaN
NaN,NaN,NaN,NaN,NaN,NaN
NaN,NaN,NaN,NaN,NaN,NaN
NaN,NaN,NaN,NaN,NaN,NaN
NaN,NaN,NaN,NaN,NaN,NaN
NaN,NaN,NaN,NaN,NaN,NaN
NaN,NaN,NaN,NaN,NaN,NaN
NaN,NaN,NaN,NaN,NaN,NaN
NaN,NaN,NaN,NaN,NaN,NaN
NaN,NaN,NaN,NaN,NaN,NaN
NaN,NaN,NaN,NaN,NaN,NaN
NaN,NaN,NaN,NaN,NaN,NaN
NaN,NaN,NaN,NaN,NaN,NaN
NaN,NaN,NaN,NaN,NaN,NaN
NaN,NaN,NaN,NaN,NaN,NaN
NaN,NaN,NaN,NaN,NaN,NaN
NaN,NaN,NaN,NaN,NaN,NaN
NaN,NaN,NaN,NaN,NaN,NaN
NaN,NaN,NaN,NaN,NaN,NaN
NaN,NaN,NaN,NaN,NaN,NaN
NaN,NaN,NaN,NaN,NaN,NaN
NaN,NaN,NaN,NaN,NaN,NaN
NaN,NaN,NaN,NaN,NaN,NaN
NaN,NaN,NaN,NaN,NaN,NaN
NaN,NaN,NaN,NaN,NaN,NaN
NaN,NaN,NaN,NaN,NaN,NaN
NaN,NaN,NaN,NaN,NaN,NaN
NaN,NaN,NaN,NaN,NaN,NaN
NaN,NaN,NaN,NaN,NaN,NaN
NaN,NaN,NaN,NaN,NaN,NaN
NaN,NaN,NaN,NaN,NaN,NaN
NaN,NaN,NaN,NaN,NaN,NaN
NaN,NaN,NaN,NaN,NaN,NaN
NaN,NaN,NaN,NaN,NaN,NaN
NaN,NaN,NaN,NaN,NaN,NaN
NaN,NaN,NaN,NaN,NaN,NaN
NaN,NaN,NaN,NaN,NaN,NaN
NaN,NaN,NaN,NaN,NaN,NaN
NaN,NaN,NaN,NaN,NaN,NaN
NaN,NaN,NaN,NaN,NaN,NaN
NaN,NaN,NaN,NaN,NaN,NaN
NaN,NaN,NaN,NaN,NaN,NaN
NaN,NaN,NaN,NaN,NaN,NaN
NaN,NaN,NaN,NaN,NaN,NaN
NaN,NaN,NaN,NaN,NaN,NaN
NaN,NaN,NaN,NaN,NaN,NaN
NaN,NaN,NaN,NaN,NaN,NaN
NaN,NaN,NaN,NaN,NaN,NaN
NaN,NaN,NaN,NaN,NaN,NaN
NaN,NaN,NaN,NaN,NaN,NaN
NaN,NaN,NaN,NaN,NaN,NaN
NaN,NaN,NaN,NaN,NaN,NaN
NaN,NaN,NaN,NaN,NaN,NaN
NaN,NaN,NaN,NaN,NaN,NaN
NaN,NaN,NaN,NaN,NaN,NaN
NaN,NaN,NaN,NaN,NaN,NaN
NaN,NaN,NaN,NaN,NaN,NaN
NaN,NaN,NaN,NaN,NaN,NaN
NaN,NaN,NaN,NaN,NaN,NaN
NaN,NaN,NaN,NaN,NaN,NaN
NaN,NaN,NaN,NaN,NaN,NaN
NaN,NaN,NaN,NaN,NaN,NaN
NaN,NaN,NaN,NaN,NaN,NaN
NaN,NaN,NaN,NaN,NaN,NaN
NaN,NaN,NaN,NaN,NaN,NaN
NaN,NaN,NaN,NaN,NaN,NaN
NaN,NaN,NaN,NaN,NaN,NaN
NaN,NaN,NaN,NaN,NaN,NaN
NaN,NaN,NaN,NaN,NaN,NaN
NaN,NaN,NaN,NaN,NaN,NaN
NaN,NaN,NaN,NaN,NaN,NaN
NaN,NaN,NaN,NaN,NaN,NaN
NaN,NaN,NaN,NaN,NaN,NaN
NaN,NaN,NaN,NaN,NaN,NaN
NaN,NaN,NaN,NaN,NaN,NaN
NaN,NaN,NaN,NaN,NaN,NaN
NaN,NaN,NaN,NaN,NaN,NaN
NaN,NaN,NaN,NaN,NaN,NaN
NaN,NaN,NaN,NaN,NaN,NaN
NaN,NaN,NaN,NaN,NaN,NaN
NaN,NaN,NaN,NaN,NaN,NaN
NaN,NaN,NaN,NaN,NaN,NaN
NaN,NaN,NaN,NaN,NaN,NaN
NaN,NaN,NaN,NaN,NaN,NaN
NaN,NaN,NaN,NaN,NaN,NaN
NaN,NaN,NaN,NaN,NaN,NaN
NaN,NaN,NaN,NaN,NaN,NaN
NaN,NaN,NaN,NaN,NaN,NaN
NaN,NaN,NaN,NaN,NaN,NaN
NaN,NaN,NaN,NaN,NaN,NaN
NaN,NaN,NaN,NaN,NaN,NaN
NaN,NaN,NaN,NaN,NaN,NaN
NaN,NaN,NaN,NaN,NaN,NaN
NaN,NaN,NaN,NaN,NaN,NaN
NaN,NaN,NaN,NaN,NaN,NaN
NaN,NaN,NaN,NaN,NaN,NaN
NaN,NaN,NaN,NaN,NaN,NaN
NaN,NaN,NaN,NaN,NaN,NaN
NaN,NaN,NaN,NaN,NaN,NaN
NaN,NaN,NaN,NaN,NaN,NaN
NaN,NaN,NaN,NaN,NaN,NaN
NaN,NaN,NaN,NaN,NaN,NaN
NaN,NaN,NaN,NaN,NaN,NaN
NaN,NaN,NaN,NaN,NaN,NaN
NaN,NaN,NaN,NaN,NaN,NaN
NaN,NaN,NaN,NaN,NaN,NaN
NaN,NaN,NaN,NaN,NaN,NaN
NaN,NaN,NaN,NaN,NaN,NaN
NaN,NaN,NaN,NaN,NaN,NaN
NaN,NaN,NaN,NaN,NaN,NaN
NaN,NaN,NaN,NaN,NaN,NaN
NaN,NaN,NaN,NaN,NaN,NaN
NaN,NaN,NaN,NaN,NaN,NaN
NaN,NaN,NaN,NaN,NaN,NaN
NaN,NaN,NaN,NaN,NaN,NaN
NaN,NaN,NaN,NaN,NaN,NaN
NaN,NaN,NaN,NaN,NaN,NaN
NaN,NaN,NaN,NaN,NaN,NaN
NaN,NaN,NaN,NaN,NaN,NaN
NaN,NaN,NaN,NaN,NaN,NaN
NaN,NaN,NaN,NaN,NaN,NaN
NaN,NaN,NaN,NaN,NaN,NaN
NaN,NaN,NaN,NaN,NaN,NaN
NaN,NaN,NaN,NaN,NaN,NaN
NaN,NaN,NaN,NaN,NaN,NaN
NaN,NaN,NaN,NaN,NaN,NaN
NaN,NaN,NaN,NaN,NaN,NaN
NaN,NaN,NaN,NaN,NaN,NaN
NaN,NaN,NaN,NaN,NaN,NaN
NaN,NaN,NaN,NaN,NaN,NaN
NaN,NaN,NaN,NaN,NaN,NaN
NaN,NaN,NaN,NaN,NaN,NaN
NaN,NaN,NaN,NaN,NaN,NaN
NaN,NaN,NaN,NaN,NaN,NaN
NaN,NaN,NaN,NaN,NaN,NaN
NaN,NaN,NaN,NaN,NaN,NaN
NaN,NaN,NaN,NaN,NaN,NaN
NaN,NaN,NaN,NaN,NaN,NaN
NaN,NaN,NaN,NaN,NaN,NaN
NaN,NaN,NaN,NaN,NaN,NaN
NaN,NaN,NaN,NaN,NaN,NaN
NaN,NaN,NaN,NaN,NaN,NaN
NaN,NaN,NaN,NaN,NaN,NaN
NaN,NaN,NaN,NaN,NaN,NaN
NaN,NaN,NaN,NaN,NaN,NaN
NaN,NaN,NaN,NaN,NaN,NaN
NaN,NaN,NaN,NaN,NaN,NaN
NaN,NaN,NaN,NaN,NaN,NaN
NaN,NaN,NaN,NaN,NaN,NaN
NaN,NaN,NaN,NaN,NaN,NaN
NaN,NaN,NaN,NaN,NaN,NaN
NaN,NaN,NaN,NaN,NaN,NaN
NaN,NaN,NaN,NaN,NaN,NaN
NaN,NaN,NaN,NaN,NaN,NaN
NaN,NaN,NaN,NaN,NaN,NaN
NaN,NaN,NaN,NaN,NaN,NaN
NaN,NaN,NaN,NaN,NaN,NaN
NaN,NaN,NaN,NaN,NaN,NaN
NaN,NaN,NaN,NaN,NaN,NaN
NaN,NaN,NaN,NaN,NaN,NaN
NaN,NaN,NaN,NaN,NaN,NaN
NaN,NaN,NaN,NaN,NaN,NaN
NaN,NaN,NaN,NaN,NaN,NaN
NaN,NaN,NaN,NaN,NaN,NaN
NaN,NaN,NaN,NaN,NaN,NaN
NaN,NaN,NaN,NaN,NaN,NaN
NaN,NaN,NaN,NaN,NaN,NaN
NaN,NaN,NaN,NaN,NaN,NaN
NaN,NaN,NaN,NaN,NaN,NaN
NaN,NaN,NaN,NaN,NaN,NaN
NaN,NaN,NaN,NaN,NaN,NaN
NaN,NaN,NaN,NaN,NaN,NaN
NaN,NaN,NaN,NaN,NaN,NaN
NaN,NaN,NaN,NaN,NaN,NaN
NaN,NaN,NaN,NaN,NaN,NaN
NaN,NaN,NaN,NaN,NaN,NaN
NaN,NaN,NaN,NaN,NaN,NaN
NaN,NaN,NaN,NaN,NaN,NaN
NaN,NaN,NaN,NaN,NaN,NaN
NaN,NaN,NaN,NaN,NaN,NaN
NaN,NaN,NaN,NaN,NaN,NaN
NaN,NaN,NaN,NaN,NaN,NaN
NaN,NaN,NaN,NaN,NaN,NaN
NaN,NaN,NaN,NaN,NaN,NaN
NaN,NaN,NaN,NaN,NaN,NaN
NaN,NaN,NaN,NaN,NaN,NaN
NaN,NaN,NaN,NaN,NaN,NaN
NaN,NaN,NaN,NaN,NaN,NaN
NaN,NaN,NaN,NaN,NaN,NaN
NaN,NaN,NaN,NaN,NaN,NaN
NaN,NaN,NaN,NaN,NaN,NaN
NaN,NaN,NaN,NaN,NaN,NaN
NaN,NaN,NaN,NaN,NaN,NaN
NaN,NaN,NaN,NaN,NaN,NaN
NaN,NaN,NaN,NaN,NaN,NaN
NaN,NaN,NaN,NaN,NaN,NaN
NaN,NaN,NaN,NaN,NaN,NaN
NaN,NaN,NaN,NaN,NaN,NaN
NaN,NaN,NaN,NaN,NaN,NaN
NaN,NaN,NaN,NaN,NaN,NaN
NaN,NaN,NaN,NaN,NaN,NaN
NaN,NaN,NaN,NaN,NaN,NaN
NaN,NaN,NaN,NaN,NaN,NaN
NaN,NaN,NaN,NaN,NaN,NaN
NaN,NaN,NaN,NaN,NaN,NaN
NaN,NaN,NaN,NaN,NaN,NaN
NaN,NaN,NaN,NaN,NaN,NaN
NaN,NaN,NaN,NaN,NaN,NaN
NaN,NaN,NaN,NaN,NaN,NaN
NaN,NaN,NaN,NaN,NaN,NaN
NaN,NaN,NaN,NaN,NaN,NaN
NaN,NaN,NaN,NaN,NaN,NaN
NaN,NaN,NaN,NaN,NaN,NaN
NaN,NaN,NaN,NaN,NaN,NaN
NaN,NaN,NaN,NaN,NaN,NaN
NaN,NaN,NaN,NaN,NaN,NaN
NaN,NaN,NaN,NaN,NaN,NaN
NaN,NaN,NaN,NaN,NaN,NaN
NaN,NaN,NaN,NaN,NaN,NaN
NaN,NaN,NaN,NaN,NaN,NaN
NaN,NaN,NaN,NaN,NaN,NaN
NaN,NaN,NaN,NaN,NaN,NaN
NaN,NaN,NaN,NaN,NaN,NaN
NaN,NaN,NaN,NaN,NaN,NaN
NaN,NaN,NaN,NaN,NaN,NaN
NaN,NaN,NaN,NaN,NaN,NaN
NaN,NaN,NaN,NaN,NaN,NaN
NaN,NaN,NaN,NaN,NaN,NaN
NaN,NaN,NaN,NaN,NaN,NaN
NaN,NaN,NaN,NaN,NaN,NaN
NaN,NaN,NaN,NaN,NaN,NaN
NaN,NaN,NaN,NaN,NaN,NaN
NaN,NaN,NaN,NaN,NaN,NaN
NaN,NaN,NaN,NaN,NaN,NaN
NaN,NaN,NaN,NaN,NaN,NaN
NaN,NaN,NaN,NaN,NaN,NaN
NaN,NaN,NaN,NaN,NaN,NaN
NaN,NaN,NaN,NaN,NaN,NaN
NaN,NaN,NaN,NaN,NaN,NaN
NaN,NaN,NaN,NaN,NaN,NaN
NaN,NaN,NaN,NaN,NaN,NaN
NaN,NaN,NaN,NaN,NaN,NaN
NaN,NaN,NaN,NaN,NaN,NaN
NaN,NaN,NaN,NaN,NaN,NaN
NaN,NaN,NaN,NaN,NaN,NaN
NaN,NaN,NaN,NaN,NaN,NaN
NaN,NaN,NaN,NaN,NaN,NaN
NaN,NaN,NaN,NaN,NaN,NaN
NaN,NaN,NaN,NaN,NaN,NaN
NaN,NaN,NaN,NaN,NaN,NaN
NaN,NaN,NaN,NaN,NaN,NaN
NaN,NaN,NaN,NaN,NaN,NaN
NaN,NaN,NaN,NaN,NaN,NaN
NaN,NaN,NaN,NaN,NaN,NaN
NaN,NaN,NaN,NaN,NaN,NaN
NaN,NaN,NaN,NaN,NaN,NaN
NaN,NaN,NaN,NaN,NaN,NaN
NaN,NaN,NaN,NaN,NaN,NaN
NaN,NaN,NaN,NaN,NaN,NaN
NaN,NaN,NaN,NaN,NaN,NaN
NaN,NaN,NaN,NaN,NaN,NaN
NaN,NaN,NaN,NaN,NaN,NaN
NaN,NaN,NaN,NaN,NaN,NaN
NaN,NaN,NaN,NaN,NaN,NaN
NaN,NaN,NaN,NaN,NaN,NaN
NaN,NaN,NaN,NaN,NaN,NaN
NaN,NaN,NaN,NaN,NaN,NaN
NaN,NaN,NaN,NaN,NaN,NaN
NaN,NaN,NaN,NaN,NaN,NaN
NaN,NaN,NaN,NaN,NaN,NaN
NaN,NaN,NaN,NaN,NaN,NaN
NaN,NaN,NaN,NaN,NaN,NaN
NaN,NaN,NaN,NaN,NaN,NaN
NaN,NaN,NaN,NaN,NaN,NaN
NaN,NaN,NaN,NaN,NaN,NaN
NaN,NaN,NaN,NaN,NaN,NaN
NaN,NaN,NaN,NaN,NaN,NaN
NaN,NaN,NaN,NaN,NaN,NaN
NaN,NaN,NaN,NaN,NaN,NaN
NaN,NaN,NaN,NaN,NaN,NaN
NaN,NaN,NaN,NaN,NaN,NaN
NaN,NaN,NaN,NaN,NaN,NaN
NaN,NaN,NaN,NaN,NaN,NaN
NaN,NaN,NaN,NaN,NaN,NaN
NaN,NaN,NaN,NaN,NaN,NaN
NaN,NaN,NaN,NaN,NaN,NaN
NaN,NaN,NaN,NaN,NaN,NaN
NaN,NaN,NaN,NaN,NaN,NaN
NaN,NaN,NaN,NaN,NaN,NaN
NaN,NaN,NaN,NaN,NaN,NaN
NaN,NaN,NaN,NaN,NaN,NaN
NaN,NaN,NaN,NaN,NaN,NaN
NaN,NaN,NaN,NaN,NaN,NaN
NaN,NaN,NaN,NaN,NaN,NaN
NaN,NaN,NaN,NaN,NaN,NaN
NaN,NaN,NaN,NaN,NaN,NaN
NaN,NaN,NaN,NaN,NaN,NaN
NaN,NaN,NaN,NaN,NaN,NaN
NaN,NaN,NaN,NaN,NaN,NaN
NaN,NaN,NaN,NaN,NaN,NaN
NaN,NaN,NaN,NaN,NaN,NaN
NaN,NaN,NaN,NaN,NaN,NaN
NaN,NaN,NaN,NaN,NaN,NaN
NaN,NaN,NaN,NaN,NaN,NaN
NaN,NaN,NaN,NaN,NaN,NaN
NaN,NaN,NaN,NaN,NaN,NaN
NaN,NaN,NaN,NaN,NaN,NaN
NaN,NaN,NaN,NaN,NaN,NaN
NaN,NaN,NaN,NaN,NaN,NaN
NaN,NaN,NaN,NaN,NaN,NaN
NaN,NaN,NaN,NaN,NaN,NaN
NaN,NaN,NaN,NaN,NaN,NaN
NaN,NaN,NaN,NaN,NaN,NaN
NaN,NaN,NaN,NaN,NaN,NaN
NaN,NaN,NaN,NaN,NaN,NaN
NaN,NaN,NaN,NaN,NaN,NaN
NaN,NaN,NaN,NaN,NaN,NaN
NaN,NaN,NaN,NaN,NaN,NaN
NaN,NaN,NaN,NaN,NaN,NaN
NaN,NaN,NaN,NaN,NaN,NaN
NaN,NaN,NaN,NaN,NaN,NaN
NaN,NaN,NaN,NaN,NaN,NaN
NaN,NaN,NaN,NaN,NaN,NaN
NaN,NaN,NaN,NaN,NaN,NaN
NaN,NaN,NaN,NaN,NaN,NaN
NaN,NaN,NaN,NaN,NaN,NaN
NaN,NaN,NaN,NaN,NaN,NaN
NaN,NaN,NaN,NaN,NaN,NaN
NaN,NaN,NaN,NaN,NaN,NaN
NaN,NaN,NaN,NaN,NaN,NaN
NaN,NaN,NaN,NaN,NaN,NaN
NaN,NaN,NaN,NaN,NaN,NaN
NaN,NaN,NaN,NaN,NaN,NaN
NaN,NaN,NaN,NaN,NaN,NaN
NaN,NaN,NaN,NaN,NaN,NaN
NaN,NaN,NaN,NaN,NaN,NaN
NaN,NaN,NaN,NaN,NaN,NaN
NaN,NaN,NaN,NaN,NaN,NaN
NaN,NaN,NaN,NaN,NaN,NaN
NaN,NaN,NaN,NaN,NaN,NaN
NaN,NaN,NaN,NaN,NaN,NaN
NaN,NaN,NaN,NaN,NaN,NaN
NaN,NaN,NaN,NaN,NaN,NaN
NaN,NaN,NaN,NaN,NaN,NaN
NaN,NaN,NaN,NaN,NaN,NaN
NaN,NaN,NaN,NaN,NaN,NaN
NaN,NaN,NaN,NaN,NaN,NaN
NaN,NaN,NaN,NaN,NaN,NaN
NaN,NaN,NaN,NaN,NaN,NaN
NaN,NaN,NaN,NaN,NaN,NaN
NaN,NaN,NaN,NaN,NaN,NaN
NaN,NaN,NaN,NaN,NaN,NaN
NaN,NaN,NaN,NaN,NaN,NaN
NaN,NaN,NaN,NaN,NaN,NaN
NaN,NaN,NaN,NaN,NaN,NaN
NaN,NaN,NaN,NaN,NaN,NaN
NaN,NaN,NaN,NaN,NaN,NaN
NaN,NaN,NaN,NaN,NaN,NaN
NaN,NaN,NaN,NaN,NaN,NaN
NaN,NaN,NaN,NaN,NaN,NaN
NaN,NaN,NaN,NaN,NaN,NaN
NaN,NaN,NaN,NaN,NaN,NaN
NaN,NaN,NaN,NaN,NaN,NaN
NaN,NaN,NaN,NaN,NaN,NaN
NaN,NaN,NaN,NaN,NaN,NaN
NaN,NaN,NaN,NaN,NaN,NaN
NaN,NaN,NaN,NaN,NaN,NaN
NaN,NaN,NaN,NaN,NaN,NaN
NaN,NaN,NaN,NaN,NaN,NaN
NaN,NaN,NaN,NaN,NaN,NaN
NaN,NaN,NaN,NaN,NaN,NaN
NaN,NaN,NaN,NaN,NaN,NaN
NaN,NaN,NaN,NaN,NaN,NaN
NaN,NaN,NaN,NaN,NaN,NaN
NaN,NaN,NaN,NaN,NaN,NaN
NaN,NaN,NaN,NaN,NaN,NaN
NaN,NaN,NaN,NaN,NaN,NaN
NaN,NaN,NaN,NaN,NaN,NaN
NaN,NaN,NaN,NaN,NaN,NaN
NaN,NaN,NaN,NaN,NaN,NaN
NaN,NaN,NaN,NaN,NaN,NaN
NaN,NaN,NaN,NaN,NaN,NaN
NaN,NaN,NaN,NaN,NaN,NaN
NaN,NaN,NaN,NaN,NaN,NaN
NaN,NaN,NaN,NaN,NaN,NaN
NaN,NaN,NaN,NaN,NaN,NaN
NaN,NaN,NaN,NaN,NaN,NaN
NaN,NaN,NaN,NaN,NaN,NaN
NaN,NaN,NaN,NaN,NaN,NaN
NaN,NaN,NaN,NaN,NaN,NaN
NaN,NaN,NaN,NaN,NaN,NaN
NaN,NaN,NaN,NaN,NaN,NaN
NaN,NaN,NaN,NaN,NaN,NaN
NaN,NaN,NaN,NaN,NaN,NaN
NaN,NaN,NaN,NaN,NaN,NaN
NaN,NaN,NaN,NaN,NaN,NaN
NaN,NaN,NaN,NaN,NaN,NaN
NaN,NaN,NaN,NaN,NaN,NaN
NaN,NaN,NaN,NaN,NaN,NaN
NaN,NaN,NaN,NaN,NaN,NaN
NaN,NaN,NaN,NaN,NaN,NaN
NaN,NaN,NaN,NaN,NaN,NaN
NaN,NaN,NaN,NaN,NaN,NaN
NaN,NaN,NaN,NaN,NaN,NaN
NaN,NaN,NaN,NaN,NaN,NaN
NaN,NaN,NaN,NaN,NaN,NaN
NaN,NaN,NaN,NaN,NaN,NaN
NaN,NaN,NaN,NaN,NaN,NaN
NaN,NaN,NaN,NaN,NaN,NaN
NaN,NaN,NaN,NaN,NaN,NaN
NaN,NaN,NaN,NaN,NaN,NaN
NaN,NaN,NaN,NaN,NaN,NaN
NaN,NaN,NaN,NaN,NaN,NaN
NaN,NaN,NaN,NaN,NaN,NaN
NaN,NaN,NaN,NaN,NaN,NaN
NaN,NaN,NaN,NaN,NaN,NaN
NaN,NaN,NaN,NaN,NaN,NaN
NaN,NaN,NaN,NaN,NaN,NaN
NaN,NaN,NaN,NaN,NaN,NaN
NaN,NaN,NaN,NaN,NaN,NaN
NaN,NaN,NaN,NaN,NaN,NaN
NaN,NaN,NaN,NaN,NaN,NaN
NaN,NaN,NaN,NaN,NaN,NaN
NaN,NaN,NaN,NaN,NaN,NaN
NaN,NaN,NaN,NaN,NaN,NaN
NaN,NaN,NaN,NaN,NaN,NaN
NaN,NaN,NaN,NaN,NaN,NaN
NaN,NaN,NaN,NaN,NaN,NaN
NaN,NaN,NaN,NaN,NaN,NaN
NaN,NaN,NaN,NaN,NaN,NaN
NaN,NaN,NaN,NaN,NaN,NaN
NaN,NaN,NaN,NaN,NaN,NaN
NaN,NaN,NaN,NaN,NaN,NaN
NaN,NaN,NaN,NaN,NaN,NaN
NaN,NaN,NaN,NaN,NaN,NaN
NaN,NaN,NaN,NaN,NaN,NaN
NaN,NaN,NaN,NaN,NaN,NaN
NaN,NaN,NaN,NaN,NaN,NaN
NaN,NaN,NaN,NaN,NaN,NaN
NaN,NaN,NaN,NaN,NaN,NaN
NaN,NaN,NaN,NaN,NaN,NaN
NaN,NaN,NaN,NaN,NaN,NaN
NaN,NaN,NaN,NaN,NaN,NaN
NaN,NaN,NaN,NaN,NaN,NaN
NaN,NaN,NaN,NaN,NaN,NaN
NaN,NaN,NaN,NaN,NaN,NaN
NaN,NaN,NaN,NaN,NaN,NaN
NaN,NaN,NaN,NaN,NaN,NaN
NaN,NaN,NaN,NaN,NaN,NaN
NaN,NaN,NaN,NaN,NaN,NaN
NaN,NaN,NaN,NaN,NaN,NaN
NaN,NaN,NaN,NaN,NaN,NaN
NaN,NaN,NaN,NaN,NaN,NaN
NaN,NaN,NaN,NaN,NaN,NaN
NaN,NaN,NaN,NaN,NaN,NaN
NaN,NaN,NaN,NaN,NaN,NaN
NaN,NaN,NaN,NaN,NaN,NaN
NaN,NaN,NaN,NaN,NaN,NaN
NaN,NaN,NaN,NaN,NaN,NaN
NaN,NaN,NaN,NaN,NaN,NaN
NaN,NaN,NaN,NaN,NaN,NaN
NaN,NaN,NaN,NaN,NaN,NaN
NaN,NaN,NaN,NaN,NaN,NaN
NaN,NaN,NaN,NaN,NaN,NaN
NaN,NaN,NaN,NaN,NaN,NaN
NaN,NaN,NaN,NaN,NaN,NaN
NaN,NaN,NaN,NaN,NaN,NaN
NaN,NaN,NaN,NaN,NaN,NaN
NaN,NaN,NaN,NaN,NaN,NaN
NaN,NaN,NaN,NaN,NaN,NaN
NaN,NaN,NaN,NaN,NaN,NaN
NaN,NaN,NaN,NaN,NaN,NaN
NaN,NaN,NaN,NaN,NaN,NaN
NaN,NaN,NaN,NaN,NaN,NaN
NaN,NaN,NaN,NaN,NaN,NaN
NaN,NaN,NaN,NaN,NaN,NaN
NaN,NaN,NaN,NaN,NaN,NaN
NaN,NaN,NaN,NaN,NaN,NaN
NaN,NaN,NaN,NaN,NaN,NaN
NaN,NaN,NaN,NaN,NaN,NaN
NaN,NaN,NaN,NaN,NaN,NaN
NaN,NaN,NaN,NaN,NaN,NaN
NaN,NaN,NaN,NaN,NaN,NaN
NaN,NaN,NaN,NaN,NaN,NaN
NaN,NaN,NaN,NaN,NaN,NaN
NaN,NaN,NaN,NaN,NaN,NaN
NaN,NaN,NaN,NaN,NaN,NaN
NaN,NaN,NaN,NaN,NaN,NaN
NaN,NaN,NaN,NaN,NaN,NaN
NaN,NaN,NaN,NaN,NaN,NaN
NaN,NaN,NaN,NaN,NaN,NaN
NaN,NaN,NaN,NaN,NaN,NaN
NaN,NaN,NaN,NaN,NaN,NaN
NaN,NaN,NaN,NaN,NaN,NaN
NaN,NaN,NaN,NaN,NaN,NaN
NaN,NaN,NaN,NaN,NaN,NaN
NaN,NaN,NaN,NaN,NaN,NaN
NaN,NaN,NaN,NaN,NaN,NaN
NaN,NaN,NaN,NaN,NaN,NaN
NaN,NaN,NaN,NaN,NaN,NaN
NaN,NaN,NaN,NaN,NaN,NaN
NaN,NaN,NaN,NaN,NaN,NaN
NaN,NaN,NaN,NaN,NaN,NaN
NaN,NaN,NaN,NaN,NaN,NaN
NaN,NaN,NaN,NaN,NaN,NaN
NaN,NaN,NaN,NaN,NaN,NaN
NaN,NaN,NaN,NaN,NaN,NaN
NaN,NaN,NaN,NaN,NaN,NaN
NaN,NaN,NaN,NaN,NaN,NaN
NaN,NaN,NaN,NaN,NaN,NaN
NaN,NaN,NaN,NaN,NaN,NaN
NaN,NaN,NaN,NaN,NaN,NaN
NaN,NaN,NaN,NaN,NaN,NaN
NaN,NaN,NaN,NaN,NaN,NaN
NaN,NaN,NaN,NaN,NaN,NaN
NaN,NaN,NaN,NaN,NaN,NaN
NaN,NaN,NaN,NaN,NaN,NaN
NaN,NaN,NaN,NaN,NaN,NaN
NaN,NaN,NaN,NaN,NaN,NaN
NaN,NaN,NaN,NaN,NaN,NaN
NaN,NaN,NaN,NaN,NaN,NaN
