pt1_cam1_X,pt1_cam1_Y,pt2_cam1_X,pt2_cam1_Y,pt3_cam1_X,pt3_cam1_Y
NaN,NaN,757.970611,472.020708,622.789093,481.233483
NaN,NaN,758.010000,472.000000,623.000000,481.000000
NaN,NaN,758.010000,471.990000,623.000000,481.000000
NaN,NaN,758.010000,471.990000,623.000000,481.000000
NaN,NaN,758.000000,472.000000,622.990000,481.010000
NaN,NaN,758.000000,472.000000,622.990000,481.000000
NaN,NaN,758.000000,472.000000,622.990000,481.000000
NaN,NaN,758.000000,471.990000,622.990000,480.980000
NaN,NaN,757.990000,471.990000,622.990000,480.990000
NaN,NaN,757.980000,472.000000,622.990000,480.990000
NaN,NaN,757.980000,471.990000,622.990000,480.990000
NaN,NaN,757.970000,471.990000,622.990000,480.990000
NaN,NaN,757.970000,472.000000,622.990000,480.980000
NaN,NaN,757.960000,472.000000,622.970000,480.980000
NaN,NaN,757.960000,471.990000,622.980000,480.980000
NaN,NaN,757.970000,471.990000,622.970000,480.960000
NaN,NaN,757.980000,471.990000,622.980000,480.970000
NaN,NaN,757.970000,472.000000,622.980000,480.950000
NaN,NaN,757.970000,471.990000,622.980000,480.950000
NaN,NaN,757.950000,471.990000,622.980000,480.950000
NaN,NaN,757.940000,471.990000,622.980000,480.950000
NaN,NaN,757.920000,471.990000,622.970000,480.940000
NaN,NaN,757.930000,472.000000,622.960000,480.930000
NaN,NaN,757.930000,472.000000,622.960000,480.920000
NaN,NaN,757.920000,471.990000,622.960000,480.920000
NaN,NaN,757.920000,472.000000,622.950000,480.920000
NaN,NaN,757.920000,472.000000,622.960000,480.910000
NaN,NaN,757.900000,471.990000,622.960000,480.910000
NaN,NaN,757.900000,472.000000,622.940000,480.900000
NaN,NaN,757.890000,472.000000,622.940000,480.890000
NaN,NaN,757.880000,472.000000,622.940000,480.900000
NaN,NaN,757.880000,471.990000,622.920000,480.890000
NaN,NaN,757.870000,471.980000,622.920000,480.890000
NaN,NaN,757.860000,471.990000,622.910000,480.890000
NaN,NaN,757.850000,472.010000,622.920000,480.890000
NaN,NaN,757.850000,472.000000,622.910000,480.880000
NaN,NaN,757.860000,472.000000,622.910000,480.870000
NaN,NaN,757.840000,472.000000,622.920000,480.870000
NaN,NaN,757.840000,472.000000,622.900000,480.870000
NaN,NaN,757.840000,471.990000,622.900000,480.860000
NaN,NaN,757.840000,472.000000,622.890000,480.850000
NaN,NaN,757.840000,471.990000,622.900000,480.840000
NaN,NaN,757.830000,471.990000,622.890000,480.840000
NaN,NaN,757.820000,472.000000,622.890000,480.830000
NaN,NaN,757.810000,471.990000,622.870000,480.830000
NaN,NaN,757.790000,471.990000,622.830000,480.820000
NaN,NaN,757.780000,471.990000,622.850000,480.810000
NaN,NaN,757.790000,471.990000,622.860000,480.800000
NaN,NaN,757.780000,471.990000,622.860000,480.800000
NaN,NaN,757.790000,471.990000,622.860000,480.810000
NaN,NaN,757.790000,471.990000,622.840000,480.790000
NaN,NaN,757.780000,471.990000,622.830000,480.800000
NaN,NaN,757.770000,471.980000,622.830000,480.790000
NaN,NaN,757.760000,471.980000,622.830000,480.780000
NaN,NaN,757.750000,471.980000,622.820000,480.780000
NaN,NaN,757.750000,471.990000,622.820000,480.780000
NaN,NaN,757.760000,471.990000,622.820000,480.780000
NaN,NaN,757.750000,471.980000,622.810000,480.760000
NaN,NaN,757.730000,471.980000,622.810000,480.760000
NaN,NaN,757.730000,471.990000,622.790000,480.750000
NaN,NaN,757.710000,471.980000,622.810000,480.770000
NaN,NaN,757.710000,471.990000,622.800000,480.770000
NaN,NaN,757.720000,471.990000,622.800000,480.760000
NaN,NaN,757.690000,471.990000,622.790000,480.760000
NaN,NaN,757.690000,471.990000,622.790000,480.750000
NaN,NaN,757.680000,471.990000,622.790000,480.750000
NaN,NaN,757.690000,471.990000,622.780000,480.760000
NaN,NaN,757.670000,472.000000,622.780000,480.740000
NaN,NaN,757.660000,472.000000,622.770000,480.730000
NaN,NaN,757.650000,472.000000,622.750000,480.730000
NaN,NaN,757.650000,472.000000,622.750000,480.730000
NaN,NaN,757.620000,472.000000,622.740000,480.740000
NaN,NaN,757.640000,472.000000,622.740000,480.730000
NaN,NaN,757.640000,471.990000,622.740000,480.720000
NaN,NaN,757.610000,471.980000,622.730000,480.720000
NaN,NaN,757.620000,471.980000,622.680000,480.750000
NaN,NaN,757.620000,471.990000,622.700000,480.730000
NaN,NaN,757.620000,471.990000,622.710000,480.720000
NaN,NaN,757.590000,471.980000,622.690000,480.710000
NaN,NaN,757.600000,471.970000,622.700000,480.700000
NaN,NaN,757.590000,471.980000,622.680000,480.700000
NaN,NaN,757.570000,471.970000,622.680000,480.700000
NaN,NaN,757.560000,471.970000,622.650000,480.700000
NaN,NaN,757.560000,471.980000,622.660000,480.710000
NaN,NaN,757.560000,471.980000,622.660000,480.700000
NaN,NaN,757.560000,471.980000,622.660000,480.700000
NaN,NaN,757.550000,471.970000,622.640000,480.710000
NaN,NaN,757.530000,471.970000,622.650000,480.700000
NaN,NaN,757.530000,471.970000,622.620000,480.700000
NaN,NaN,757.540000,471.980000,622.620000,480.710000
NaN,NaN,757.530000,471.980000,622.550000,480.710000
NaN,NaN,757.530000,471.970000,622.130000,480.770000
NaN,NaN,757.490000,471.970000,622.120000,480.770000
NaN,NaN,757.350000,471.950000,622.130000,480.760000
NaN,NaN,757.350000,471.950000,622.120000,480.750000
NaN,NaN,757.330000,471.950000,622.090000,480.760000
NaN,NaN,757.320000,471.950000,622.100000,480.760000
NaN,NaN,757.320000,471.950000,622.110000,480.760000
NaN,NaN,757.310000,471.940000,622.090000,480.750000
NaN,NaN,757.280000,471.940000,622.090000,480.750000
NaN,NaN,757.290000,471.940000,622.090000,480.750000
NaN,NaN,757.280000,471.930000,622.090000,480.750000
NaN,NaN,757.290000,471.930000,622.100000,480.760000
NaN,NaN,757.290000,471.950000,622.090000,480.760000
NaN,NaN,757.270000,471.950000,622.090000,480.760000
NaN,NaN,757.260000,471.970000,622.100000,480.770000
NaN,NaN,757.250000,471.960000,622.080000,480.780000
NaN,NaN,757.250000,471.950000,622.070000,480.800000
NaN,NaN,757.250000,471.950000,622.080000,480.800000
NaN,NaN,757.230000,471.950000,622.070000,480.790000
NaN,NaN,757.230000,471.950000,622.060000,480.790000
NaN,NaN,757.230000,471.950000,622.040000,480.790000
NaN,NaN,757.210000,471.950000,622.070000,480.780000
NaN,NaN,757.200000,471.950000,622.050000,480.790000
NaN,NaN,757.190000,471.960000,622.050000,480.780000
NaN,NaN,757.190000,471.950000,622.050000,480.780000
NaN,NaN,757.190000,471.960000,622.050000,480.780000
NaN,NaN,757.160000,471.950000,622.040000,480.790000
NaN,NaN,757.170000,471.940000,622.050000,480.790000
NaN,NaN,757.160000,471.950000,622.040000,480.780000
NaN,NaN,757.140000,471.950000,622.040000,480.790000
NaN,NaN,757.140000,471.960000,622.030000,480.790000
NaN,NaN,757.140000,471.960000,622.060000,480.780000
NaN,NaN,757.120000,471.960000,622.020000,480.810000
NaN,NaN,757.110000,471.950000,622.030000,480.790000
NaN,NaN,757.120000,471.960000,622.030000,480.790000
NaN,NaN,757.120000,471.970000,622.020000,480.810000
NaN,NaN,757.110000,471.970000,622.010000,480.810000
NaN,NaN,757.110000,471.970000,622.010000,480.810000
NaN,NaN,757.090000,471.960000,622.030000,480.800000
NaN,NaN,757.090000,471.960000,622.030000,480.790000
NaN,NaN,757.100000,471.960000,622.030000,480.770000
NaN,NaN,757.080000,471.950000,622.020000,480.770000
NaN,NaN,757.080000,471.950000,622.010000,480.780000
NaN,NaN,757.070000,471.950000,622.000000,480.780000
NaN,NaN,757.030000,471.970000,621.980000,480.780000
NaN,NaN,757.050000,471.970000,621.970000,480.800000
NaN,NaN,757.040000,471.960000,621.990000,480.790000
NaN,NaN,757.020000,471.950000,621.960000,480.790000
NaN,NaN,757.000000,471.950000,621.950000,480.780000
NaN,NaN,757.010000,471.950000,621.960000,480.780000
NaN,NaN,757.000000,471.950000,621.920000,480.790000
NaN,NaN,757.010000,471.960000,621.930000,480.780000
NaN,NaN,757.020000,471.970000,621.920000,480.790000
NaN,NaN,757.010000,471.970000,621.920000,480.790000
NaN,NaN,757.010000,471.980000,621.920000,480.800000
NaN,NaN,757.020000,471.970000,621.920000,480.800000
NaN,NaN,756.980000,471.960000,621.910000,480.790000
NaN,NaN,756.960000,471.950000,621.890000,480.800000
NaN,NaN,756.980000,471.960000,621.890000,480.800000
NaN,NaN,756.940000,471.960000,621.860000,480.790000
NaN,NaN,756.940000,471.960000,621.870000,480.780000
NaN,NaN,756.920000,471.950000,621.880000,480.770000
NaN,NaN,756.920000,471.960000,621.880000,480.780000
NaN,NaN,756.920000,471.970000,621.870000,480.780000
NaN,NaN,756.910000,471.960000,621.850000,480.790000
NaN,NaN,756.910000,471.970000,621.830000,480.800000
NaN,NaN,756.900000,471.970000,621.830000,480.800000
NaN,NaN,756.890000,471.970000,621.850000,480.810000
NaN,NaN,756.880000,471.960000,621.860000,480.810000
NaN,NaN,756.870000,471.970000,621.860000,480.800000
NaN,NaN,756.850000,471.970000,621.850000,480.800000
NaN,NaN,756.840000,471.970000,621.850000,480.800000
NaN,NaN,756.850000,471.970000,621.880000,480.800000
NaN,NaN,756.860000,471.970000,621.870000,480.790000
NaN,NaN,756.840000,471.970000,621.820000,480.820000
NaN,NaN,756.830000,471.970000,621.820000,480.820000
NaN,NaN,756.820000,471.960000,621.860000,480.790000
NaN,NaN,756.840000,471.960000,621.870000,480.780000
NaN,NaN,756.850000,471.960000,621.850000,480.800000
NaN,NaN,756.840000,471.960000,621.840000,480.790000
NaN,NaN,756.810000,471.970000,621.830000,480.780000
NaN,NaN,756.800000,471.960000,621.850000,480.780000
NaN,NaN,756.800000,471.980000,621.850000,480.760000
NaN,NaN,756.800000,471.980000,621.840000,480.770000
NaN,NaN,756.800000,471.980000,621.830000,480.770000
NaN,NaN,756.770000,471.980000,621.830000,480.770000
NaN,NaN,756.760000,471.970000,621.810000,480.760000
NaN,NaN,756.800000,471.980000,621.790000,480.760000
NaN,NaN,756.790000,471.980000,621.780000,480.770000
NaN,NaN,756.730000,471.970000,621.740000,480.750000
NaN,NaN,756.720000,471.980000,621.740000,480.760000
NaN,NaN,756.710000,471.960000,621.730000,480.750000
NaN,NaN,756.690000,471.960000,621.760000,480.750000
NaN,NaN,756.710000,471.960000,621.750000,480.730000
NaN,NaN,756.690000,471.960000,621.730000,480.740000
NaN,NaN,756.690000,471.960000,621.730000,480.740000
NaN,NaN,756.710000,471.970000,621.740000,480.760000
NaN,NaN,756.700000,471.980000,621.740000,480.740000
NaN,NaN,756.680000,471.980000,621.740000,480.750000
NaN,NaN,756.680000,471.980000,621.760000,480.760000
NaN,NaN,756.670000,471.970000,621.750000,480.780000
NaN,NaN,756.680000,471.970000,621.730000,480.770000
NaN,NaN,756.670000,471.970000,621.750000,480.750000
NaN,NaN,756.640000,471.960000,621.740000,480.760000
NaN,NaN,756.610000,471.960000,621.800000,480.780000
NaN,NaN,756.630000,471.970000,621.770000,480.770000
NaN,NaN,756.600000,471.970000,621.740000,480.770000
NaN,NaN,756.600000,471.970000,621.770000,480.780000
NaN,NaN,756.600000,471.980000,621.750000,480.780000
NaN,NaN,756.580000,471.970000,621.760000,480.770000
NaN,NaN,756.580000,471.980000,621.760000,480.770000
NaN,NaN,756.580000,471.970000,621.770000,480.770000
NaN,NaN,756.540000,471.970000,621.760000,480.750000
NaN,NaN,756.570000,471.980000,621.800000,480.750000
NaN,NaN,756.550000,471.980000,621.800000,480.770000
NaN,NaN,756.530000,471.980000,621.790000,480.770000
NaN,NaN,756.530000,471.980000,621.830000,480.780000
NaN,NaN,756.520000,471.970000,621.800000,480.800000
NaN,NaN,756.530000,471.990000,621.790000,480.810000
NaN,NaN,756.460000,471.970000,621.860000,480.770000
NaN,NaN,756.270000,471.910000,621.860000,480.770000
NaN,NaN,756.280000,471.920000,621.820000,480.780000
NaN,NaN,756.270000,471.920000,621.800000,480.800000
NaN,NaN,756.270000,471.930000,621.820000,480.790000
NaN,NaN,756.270000,471.930000,621.820000,480.780000
NaN,NaN,756.230000,471.930000,621.830000,480.800000
NaN,NaN,756.230000,471.930000,621.840000,480.810000
NaN,NaN,756.220000,471.940000,621.830000,480.820000
NaN,NaN,756.220000,471.930000,621.800000,480.830000
NaN,NaN,756.190000,471.930000,621.760000,480.820000
NaN,NaN,756.180000,471.920000,621.790000,480.820000
NaN,NaN,756.200000,471.930000,621.770000,480.810000
NaN,NaN,756.170000,471.930000,621.780000,480.820000
NaN,NaN,756.160000,471.930000,621.800000,480.810000
NaN,NaN,756.140000,471.930000,621.770000,480.820000
NaN,NaN,756.180000,471.930000,621.770000,480.800000
NaN,NaN,756.150000,471.940000,621.800000,480.820000
NaN,NaN,756.150000,471.940000,621.810000,480.810000
NaN,NaN,756.130000,471.940000,621.810000,480.820000
NaN,NaN,756.140000,471.950000,621.810000,480.800000
NaN,NaN,756.130000,471.950000,621.790000,480.780000
NaN,NaN,756.120000,471.950000,621.770000,480.810000
NaN,NaN,756.100000,471.950000,621.800000,480.790000
NaN,NaN,756.080000,471.940000,621.800000,480.790000
NaN,NaN,756.070000,471.940000,621.790000,480.820000
NaN,NaN,756.030000,471.940000,621.770000,480.800000
NaN,NaN,756.040000,471.930000,621.810000,480.800000
NaN,NaN,756.020000,471.930000,621.790000,480.810000
NaN,NaN,756.030000,471.940000,621.780000,480.790000
NaN,NaN,756.000000,471.960000,621.780000,480.810000
NaN,NaN,755.990000,471.960000,621.750000,480.800000
NaN,NaN,756.000000,471.960000,621.760000,480.810000
NaN,NaN,756.000000,471.970000,621.770000,480.800000
NaN,NaN,755.970000,471.970000,621.730000,480.810000
NaN,NaN,755.970000,471.970000,621.730000,480.780000
NaN,NaN,755.930000,471.970000,621.720000,480.790000
NaN,NaN,755.930000,471.960000,621.750000,480.790000
NaN,NaN,755.920000,471.960000,621.720000,480.780000
NaN,NaN,755.920000,471.960000,621.720000,480.780000
NaN,NaN,755.900000,471.950000,621.750000,480.770000
NaN,NaN,755.930000,471.960000,621.740000,480.770000
NaN,NaN,755.850000,471.960000,621.740000,480.760000
NaN,NaN,755.870000,471.970000,621.740000,480.800000
NaN,NaN,755.840000,471.960000,621.730000,480.800000
NaN,NaN,755.830000,471.960000,621.680000,480.760000
NaN,NaN,755.780000,471.960000,621.730000,480.760000
NaN,NaN,755.810000,471.960000,621.720000,480.790000
NaN,NaN,755.800000,471.970000,621.740000,480.800000
NaN,NaN,755.790000,471.960000,621.750000,480.790000
NaN,NaN,755.810000,471.970000,621.720000,480.750000
NaN,NaN,755.740000,471.960000,621.710000,480.780000
NaN,NaN,755.750000,471.980000,621.740000,480.780000
NaN,NaN,755.730000,471.980000,621.720000,480.780000
NaN,NaN,755.710000,471.960000,621.730000,480.780000
NaN,NaN,755.740000,471.970000,621.740000,480.770000
NaN,NaN,755.710000,471.960000,621.720000,480.750000
NaN,NaN,755.650000,471.960000,621.730000,480.750000
NaN,NaN,755.660000,471.970000,621.750000,480.760000
NaN,NaN,755.630000,471.970000,621.720000,480.790000
NaN,NaN,755.690000,471.990000,621.740000,480.740000
NaN,NaN,755.670000,471.980000,621.730000,480.750000
NaN,NaN,755.670000,471.990000,621.750000,480.750000
NaN,NaN,755.620000,471.980000,621.720000,480.780000
NaN,NaN,755.620000,471.960000,621.720000,480.770000
NaN,NaN,755.560000,471.970000,621.710000,480.780000
NaN,NaN,755.520000,471.950000,621.750000,480.780000
NaN,NaN,755.290000,471.870000,621.740000,480.780000
NaN,NaN,755.270000,471.900000,621.740000,480.800000
NaN,NaN,755.240000,471.900000,621.740000,480.770000
NaN,NaN,755.230000,471.890000,621.700000,480.760000
NaN,NaN,755.200000,471.910000,621.680000,480.780000
NaN,NaN,755.210000,471.910000,621.730000,480.770000
NaN,NaN,755.190000,471.880000,621.700000,480.790000
NaN,NaN,755.180000,471.900000,621.720000,480.780000
NaN,NaN,755.170000,471.910000,621.600000,480.820000
NaN,NaN,755.170000,471.930000,621.620000,480.820000
NaN,NaN,755.120000,471.910000,621.660000,480.780000
NaN,NaN,755.140000,471.910000,621.660000,480.810000
NaN,NaN,755.100000,471.920000,621.650000,480.810000
NaN,NaN,755.090000,471.920000,621.610000,480.800000
NaN,NaN,755.090000,471.930000,621.640000,480.770000
NaN,NaN,755.050000,471.910000,621.640000,480.770000
NaN,NaN,755.050000,471.920000,621.590000,480.790000
NaN,NaN,755.040000,471.920000,621.610000,480.800000
NaN,NaN,755.070000,471.940000,621.610000,480.790000
NaN,NaN,755.020000,471.890000,621.590000,480.810000
NaN,NaN,754.990000,471.910000,621.620000,480.810000
NaN,NaN,754.990000,471.920000,621.600000,480.800000
NaN,NaN,754.940000,471.940000,621.560000,480.810000
NaN,NaN,754.960000,471.920000,621.630000,480.830000
NaN,NaN,754.940000,471.920000,621.610000,480.830000
NaN,NaN,754.860000,471.900000,621.520000,480.810000
NaN,NaN,754.860000,471.900000,620.960000,480.850000
NaN,NaN,754.860000,471.920000,620.920000,480.820000
NaN,NaN,754.810000,471.910000,620.980000,480.830000
NaN,NaN,754.800000,471.920000,620.980000,480.840000
NaN,NaN,754.780000,471.920000,620.980000,480.830000
NaN,NaN,754.740000,471.910000,620.950000,480.830000
NaN,NaN,754.720000,471.910000,620.950000,480.830000
NaN,NaN,754.690000,471.910000,620.990000,480.830000
NaN,NaN,754.660000,471.910000,620.960000,480.810000
NaN,NaN,754.660000,471.920000,620.950000,480.840000
NaN,NaN,754.590000,471.880000,620.940000,480.820000
NaN,NaN,754.610000,471.900000,620.930000,480.830000
NaN,NaN,754.570000,471.910000,620.900000,480.800000
NaN,NaN,754.500000,471.900000,620.900000,480.800000
NaN,NaN,754.240000,471.770000,620.910000,480.770000
NaN,NaN,754.230000,471.770000,620.930000,480.790000
NaN,NaN,754.240000,471.790000,620.940000,480.790000
NaN,NaN,754.220000,471.770000,620.900000,480.800000
NaN,NaN,754.190000,471.750000,620.880000,480.800000
NaN,NaN,754.200000,471.760000,620.880000,480.790000
NaN,NaN,754.190000,471.780000,620.900000,480.810000
NaN,NaN,754.190000,471.760000,620.920000,480.790000
NaN,NaN,754.150000,471.740000,620.900000,480.780000
NaN,NaN,754.140000,471.740000,620.900000,480.770000
NaN,NaN,754.140000,471.750000,620.870000,480.770000
NaN,NaN,754.110000,471.730000,620.900000,480.760000
NaN,NaN,754.100000,471.790000,620.880000,480.760000
NaN,NaN,754.050000,471.730000,620.880000,480.790000
NaN,NaN,754.040000,471.780000,620.870000,480.780000
NaN,NaN,754.040000,471.780000,620.880000,480.770000
NaN,NaN,754.010000,471.780000,620.840000,480.750000
NaN,NaN,754.000000,471.800000,620.870000,480.750000
NaN,NaN,753.990000,471.810000,620.850000,480.790000
NaN,NaN,753.990000,471.790000,620.870000,480.780000
NaN,NaN,753.960000,471.780000,620.850000,480.770000
NaN,NaN,753.960000,471.790000,620.830000,480.770000
NaN,NaN,753.970000,471.800000,620.850000,480.750000
NaN,NaN,753.930000,471.800000,620.850000,480.760000
NaN,NaN,753.900000,471.790000,620.840000,480.780000
NaN,NaN,753.870000,471.770000,620.830000,480.780000
NaN,NaN,753.840000,471.780000,620.840000,480.770000
NaN,NaN,753.830000,471.790000,620.810000,480.770000
NaN,NaN,753.770000,471.790000,620.780000,480.750000
NaN,NaN,753.770000,471.810000,620.780000,480.760000
NaN,NaN,753.710000,471.790000,620.790000,480.750000
NaN,NaN,753.730000,471.810000,620.810000,480.760000
NaN,NaN,753.670000,471.800000,620.870000,480.760000
NaN,NaN,753.670000,471.790000,620.880000,480.740000
NaN,NaN,753.680000,471.820000,620.810000,480.770000
NaN,NaN,753.630000,471.820000,620.780000,480.780000
NaN,NaN,753.580000,471.780000,620.790000,480.780000
NaN,NaN,753.550000,471.770000,620.760000,480.770000
NaN,NaN,753.520000,471.770000,620.730000,480.770000
NaN,NaN,753.280000,471.680000,620.710000,480.780000
NaN,NaN,753.240000,471.630000,620.770000,480.780000
NaN,NaN,753.270000,471.690000,620.760000,480.770000
NaN,NaN,753.270000,471.710000,620.740000,480.790000
NaN,NaN,753.180000,471.670000,620.720000,480.790000
NaN,NaN,753.130000,471.620000,620.750000,480.780000
NaN,NaN,753.120000,471.660000,620.730000,480.770000
NaN,NaN,753.130000,471.660000,620.710000,480.800000
NaN,NaN,753.110000,471.660000,620.740000,480.800000
NaN,NaN,753.100000,471.670000,620.750000,480.800000
NaN,NaN,753.100000,471.690000,620.780000,480.820000
NaN,NaN,753.090000,471.700000,620.790000,480.810000
NaN,NaN,753.060000,471.690000,620.790000,480.770000
NaN,NaN,753.040000,471.660000,620.790000,480.780000
NaN,NaN,752.980000,471.660000,620.730000,480.790000
NaN,NaN,752.950000,471.660000,620.740000,480.800000
NaN,NaN,752.960000,471.690000,620.680000,480.800000
NaN,NaN,752.960000,471.680000,620.720000,480.820000
NaN,NaN,752.930000,471.650000,620.660000,480.810000
NaN,NaN,752.930000,471.700000,620.660000,480.870000
NaN,NaN,752.950000,471.720000,620.630000,480.860000
NaN,NaN,752.900000,471.720000,620.660000,480.870000
NaN,NaN,752.890000,471.720000,622.277042,479.390928
NaN,NaN,752.880000,471.710000,622.080000,478.740000
NaN,NaN,752.830000,471.700000,622.020000,478.730000
NaN,NaN,752.820000,471.710000,622.000000,478.990000
NaN,NaN,752.830000,471.690000,621.990000,478.980000
NaN,NaN,752.820000,471.700000,622.000000,478.980000
NaN,NaN,752.780000,471.690000,622.000000,478.960000
NaN,NaN,752.760000,471.710000,622.000000,478.960000
NaN,NaN,752.750000,471.680000,622.000000,478.950000
NaN,NaN,752.710000,471.660000,621.990000,478.950000
NaN,NaN,752.640000,471.650000,621.990000,478.950000
NaN,NaN,752.640000,471.670000,621.990000,478.930000
NaN,NaN,752.570000,471.650000,621.990000,478.900000
NaN,NaN,752.590000,471.710000,621.990000,478.890000
NaN,NaN,752.570000,471.660000,621.980000,478.890000
NaN,NaN,752.570000,471.660000,621.970000,478.900000
NaN,NaN,752.530000,471.660000,621.950000,478.890000
NaN,NaN,752.250000,471.530000,621.940000,478.890000
NaN,NaN,752.110000,471.090000,621.940000,478.880000
NaN,NaN,752.090000,471.090000,621.930000,478.870000
NaN,NaN,752.080000,471.120000,621.920000,478.870000
NaN,NaN,752.060000,471.100000,621.920000,478.860000
NaN,NaN,752.050000,471.090000,621.900000,478.850000
NaN,NaN,752.030000,471.120000,621.880000,478.850000
NaN,NaN,752.010000,471.110000,621.880000,478.850000
NaN,NaN,752.010000,471.100000,621.870000,478.850000
NaN,NaN,752.000000,471.110000,621.880000,478.840000
NaN,NaN,751.960000,471.090000,621.830000,478.820000
NaN,NaN,751.930000,471.090000,621.830000,478.810000
NaN,NaN,751.920000,471.110000,621.830000,478.820000
NaN,NaN,751.900000,471.110000,621.820000,478.820000
NaN,NaN,751.900000,471.110000,621.820000,478.810000
NaN,NaN,751.860000,471.110000,621.800000,478.810000
NaN,NaN,751.870000,471.100000,621.790000,478.810000
NaN,NaN,751.860000,471.110000,621.790000,478.800000
NaN,NaN,751.840000,471.120000,621.790000,478.800000
NaN,NaN,751.810000,471.090000,621.790000,478.810000
NaN,NaN,751.760000,471.100000,621.780000,478.800000
NaN,NaN,751.740000,471.090000,621.790000,478.790000
NaN,NaN,751.740000,471.090000,621.780000,478.790000
NaN,NaN,751.740000,471.090000,621.790000,478.780000
NaN,NaN,751.730000,471.090000,621.790000,478.780000
NaN,NaN,751.680000,471.090000,621.790000,478.790000
NaN,NaN,751.700000,471.100000,621.790000,478.770000
NaN,NaN,751.670000,471.110000,621.780000,478.770000
NaN,NaN,751.650000,471.110000,621.780000,478.760000
NaN,NaN,751.620000,471.110000,621.790000,478.760000
NaN,NaN,751.600000,471.100000,621.790000,478.750000
NaN,NaN,751.600000,471.110000,621.770000,478.770000
NaN,NaN,751.530000,471.110000,621.770000,478.760000
NaN,NaN,751.290000,471.040000,621.770000,478.760000
NaN,NaN,751.290000,471.040000,621.760000,478.770000
NaN,NaN,751.260000,471.030000,621.750000,478.760000
NaN,NaN,751.250000,471.030000,621.740000,478.770000
NaN,NaN,751.250000,471.040000,621.720000,478.790000
NaN,NaN,751.210000,471.040000,621.710000,478.810000
NaN,NaN,751.180000,471.020000,621.720000,478.810000
NaN,NaN,751.110000,471.030000,621.680000,478.820000
NaN,NaN,751.110000,471.040000,621.660000,478.820000
NaN,NaN,751.120000,471.060000,621.690000,478.810000
NaN,NaN,751.110000,471.050000,621.730000,478.800000
NaN,NaN,751.080000,471.070000,621.760000,478.810000
NaN,NaN,751.060000,471.040000,621.800000,478.800000
NaN,NaN,751.050000,471.050000,621.840000,478.770000
NaN,NaN,751.010000,471.060000,621.850000,478.760000
NaN,NaN,750.980000,471.070000,621.850000,478.750000
NaN,NaN,750.970000,471.050000,621.840000,478.770000
NaN,NaN,750.970000,471.060000,621.810000,478.780000
NaN,NaN,750.970000,471.070000,621.800000,478.770000
NaN,NaN,750.960000,471.070000,621.790000,478.770000
NaN,NaN,750.920000,471.050000,621.800000,478.770000
NaN,NaN,750.860000,471.030000,621.810000,478.780000
NaN,NaN,750.800000,471.020000,621.840000,478.790000
NaN,NaN,750.790000,471.000000,621.840000,478.770000
NaN,NaN,750.780000,471.010000,621.830000,478.750000
NaN,NaN,750.770000,471.010000,621.850000,478.750000
NaN,NaN,750.750000,471.030000,621.850000,478.730000
NaN,NaN,750.740000,471.030000,621.870000,478.750000
NaN,NaN,750.740000,471.050000,621.860000,478.740000
NaN,NaN,750.720000,471.020000,621.860000,478.740000
NaN,NaN,750.660000,471.040000,621.870000,478.750000
NaN,NaN,750.640000,471.020000,621.860000,478.760000
NaN,NaN,750.600000,471.020000,621.850000,478.760000
NaN,NaN,750.600000,471.010000,621.850000,478.760000
NaN,NaN,750.590000,471.020000,621.840000,478.760000
NaN,NaN,750.550000,471.010000,621.840000,478.760000
NaN,NaN,750.560000,471.000000,621.830000,478.750000
NaN,NaN,750.370000,470.970000,621.870000,478.750000
NaN,NaN,750.230000,470.900000,621.850000,478.750000
NaN,NaN,750.230000,470.930000,621.850000,478.750000
NaN,NaN,750.200000,470.930000,621.840000,478.760000
NaN,NaN,750.200000,470.950000,621.840000,478.760000
NaN,NaN,750.090000,470.940000,621.850000,478.750000
NaN,NaN,750.110000,470.970000,621.840000,478.770000
NaN,NaN,750.090000,470.940000,621.850000,478.750000
NaN,NaN,750.100000,470.920000,621.860000,478.740000
NaN,NaN,750.070000,470.920000,621.870000,478.750000
NaN,NaN,750.030000,470.890000,621.880000,478.720000
NaN,NaN,750.010000,470.890000,621.880000,478.730000
NaN,NaN,749.980000,470.880000,621.870000,478.730000
NaN,NaN,749.980000,470.910000,621.870000,478.730000
NaN,NaN,749.970000,470.920000,621.870000,478.710000
NaN,NaN,749.870000,470.880000,621.890000,478.730000
NaN,NaN,749.870000,470.880000,621.880000,478.750000
NaN,NaN,749.870000,470.930000,621.870000,478.740000
NaN,NaN,749.830000,470.920000,621.870000,478.730000
NaN,NaN,749.780000,470.890000,621.870000,478.730000
NaN,NaN,749.780000,470.900000,621.880000,478.720000
NaN,NaN,749.730000,470.880000,621.880000,478.740000
NaN,NaN,749.720000,470.910000,621.870000,478.740000
NaN,NaN,749.710000,470.910000,621.860000,478.740000
NaN,NaN,749.690000,470.910000,621.850000,478.740000
NaN,NaN,749.670000,470.900000,621.870000,478.750000
NaN,NaN,749.640000,470.880000,621.870000,478.740000
NaN,NaN,749.620000,470.880000,621.880000,478.730000
NaN,NaN,749.600000,470.900000,621.880000,478.730000
NaN,NaN,749.560000,470.890000,621.890000,478.700000
NaN,NaN,749.470000,470.870000,621.930000,478.700000
NaN,NaN,749.280000,470.760000,621.920000,478.700000
NaN,NaN,749.270000,470.780000,621.940000,478.670000
NaN,NaN,749.250000,470.790000,621.940000,478.680000
NaN,NaN,749.190000,470.760000,621.930000,478.680000
NaN,NaN,749.200000,470.770000,621.920000,478.680000
NaN,NaN,749.180000,470.780000,621.930000,478.680000
NaN,NaN,749.130000,470.770000,621.930000,478.670000
NaN,NaN,749.110000,470.780000,621.920000,478.650000
NaN,NaN,749.110000,470.760000,621.930000,478.660000
NaN,NaN,749.060000,470.740000,621.940000,478.650000
NaN,NaN,749.060000,470.780000,621.950000,478.640000
NaN,NaN,749.040000,470.760000,621.940000,478.630000
NaN,NaN,749.010000,470.770000,621.940000,478.620000
NaN,NaN,748.960000,470.780000,621.950000,478.620000
NaN,NaN,748.970000,470.770000,621.960000,478.610000
NaN,NaN,748.940000,470.770000,621.960000,478.600000
NaN,NaN,748.940000,470.760000,621.960000,478.580000
NaN,NaN,748.930000,470.780000,621.970000,478.590000
NaN,NaN,748.880000,470.770000,621.940000,478.630000
NaN,NaN,748.850000,470.790000,621.940000,478.640000
NaN,NaN,748.840000,470.780000,621.950000,478.630000
NaN,NaN,748.810000,470.790000,621.940000,478.620000
NaN,NaN,748.810000,470.810000,621.940000,478.570000
NaN,NaN,748.780000,470.770000,621.950000,478.600000
NaN,NaN,748.740000,470.780000,621.930000,478.610000
NaN,NaN,748.720000,470.750000,621.940000,478.620000
NaN,NaN,748.710000,470.780000,621.950000,478.610000
NaN,NaN,748.650000,470.800000,621.960000,478.620000
NaN,NaN,748.640000,470.800000,621.950000,478.620000
NaN,NaN,748.560000,470.770000,621.930000,478.590000
NaN,NaN,748.350000,470.660000,621.920000,478.580000
NaN,NaN,748.310000,470.660000,621.930000,478.550000
NaN,NaN,748.330000,470.700000,621.930000,478.520000
NaN,NaN,748.290000,470.710000,621.990000,477.990000
NaN,NaN,748.300000,470.710000,622.000000,477.980000
NaN,NaN,748.260000,470.690000,622.000000,477.990000
NaN,NaN,748.240000,470.690000,622.000000,477.990000
NaN,NaN,748.250000,470.750000,622.000000,477.980000
NaN,NaN,748.210000,470.720000,622.010000,477.960000
NaN,NaN,748.170000,470.710000,622.020000,477.970000
NaN,NaN,748.160000,470.720000,622.020000,477.970000
NaN,NaN,748.130000,470.720000,622.030000,477.960000
NaN,NaN,748.110000,470.740000,622.020000,477.960000
NaN,NaN,748.100000,470.750000,622.020000,477.960000
NaN,NaN,748.070000,470.750000,622.040000,477.930000
NaN,NaN,748.040000,470.740000,622.030000,477.940000
NaN,NaN,748.040000,470.790000,622.040000,477.940000
NaN,NaN,748.010000,470.760000,622.040000,477.940000
NaN,NaN,748.000000,470.800000,622.030000,477.930000
NaN,NaN,748.000000,470.800000,622.030000,477.940000
NaN,NaN,747.980000,470.790000,622.030000,477.930000
NaN,NaN,747.960000,470.780000,622.030000,477.940000
NaN,NaN,747.940000,470.800000,622.050000,477.920000
NaN,NaN,747.920000,470.790000,622.060000,477.910000
NaN,NaN,747.880000,470.750000,622.050000,477.910000
NaN,NaN,747.840000,470.770000,622.070000,477.900000
NaN,NaN,747.820000,470.770000,622.060000,477.910000
NaN,NaN,747.830000,470.760000,622.050000,477.920000
NaN,NaN,747.800000,470.760000,622.050000,477.930000
NaN,NaN,747.790000,470.840000,622.050000,477.910000
NaN,NaN,747.750000,470.840000,622.050000,477.920000
NaN,NaN,747.740000,470.830000,622.050000,477.890000
NaN,NaN,747.710000,470.850000,622.050000,477.900000
NaN,NaN,747.700000,470.870000,622.050000,477.910000
NaN,NaN,747.670000,470.880000,622.040000,477.900000
NaN,NaN,747.630000,470.880000,622.040000,477.900000
NaN,NaN,747.610000,470.840000,622.030000,477.900000
NaN,NaN,747.600000,470.880000,622.020000,477.890000
NaN,NaN,747.530000,470.860000,622.020000,477.900000
NaN,NaN,747.350000,470.790000,622.020000,477.900000
NaN,NaN,747.310000,470.770000,622.030000,477.890000
NaN,NaN,747.290000,470.800000,622.020000,477.890000
NaN,NaN,747.280000,470.810000,622.010000,477.880000
NaN,NaN,747.260000,470.820000,622.020000,477.870000
NaN,NaN,747.190000,470.820000,622.020000,477.860000
NaN,NaN,747.190000,470.840000,622.040000,477.860000
NaN,NaN,747.200000,470.850000,622.010000,477.880000
NaN,NaN,747.170000,470.860000,622.020000,477.870000
NaN,NaN,747.130000,470.850000,622.020000,477.870000
NaN,NaN,747.110000,470.860000,622.000000,477.860000
NaN,NaN,747.100000,470.870000,622.000000,477.860000
NaN,NaN,747.050000,470.880000,622.000000,477.840000
NaN,NaN,747.040000,470.900000,621.990000,477.850000
NaN,NaN,747.040000,470.900000,621.990000,477.860000
NaN,NaN,747.020000,470.890000,622.000000,477.860000
NaN,NaN,747.020000,470.920000,622.010000,477.860000
NaN,NaN,746.980000,470.920000,622.000000,477.860000
NaN,NaN,746.970000,470.920000,622.000000,477.860000
NaN,NaN,746.940000,470.930000,622.010000,477.860000
NaN,NaN,746.900000,470.940000,622.000000,477.890000
NaN,NaN,746.880000,470.930000,621.990000,477.880000
NaN,NaN,746.850000,470.960000,621.990000,477.870000
NaN,NaN,746.850000,470.960000,621.990000,477.870000
NaN,NaN,746.820000,470.950000,621.990000,477.870000
NaN,NaN,746.800000,470.960000,621.990000,477.880000
NaN,NaN,746.770000,470.970000,621.990000,477.880000
NaN,NaN,746.740000,470.930000,621.990000,477.870000
NaN,NaN,746.690000,470.960000,621.980000,477.860000
NaN,NaN,746.670000,470.940000,621.980000,477.860000
NaN,NaN,746.650000,470.950000,621.980000,477.850000
NaN,NaN,746.620000,470.960000,622.000000,477.840000
NaN,NaN,746.600000,470.960000,621.990000,477.850000
NaN,NaN,746.570000,470.960000,621.990000,477.860000
NaN,NaN,746.550000,470.990000,621.990000,477.830000
NaN,NaN,746.430000,470.980000,622.010000,477.880000
NaN,NaN,746.270000,470.920000,622.000000,477.850000
NaN,NaN,746.260000,470.940000,622.010000,477.850000
NaN,NaN,746.250000,470.950000,621.990000,477.850000
NaN,NaN,746.220000,470.950000,621.990000,477.850000
NaN,NaN,746.190000,470.970000,621.990000,477.870000
NaN,NaN,746.180000,470.960000,621.990000,477.870000
NaN,NaN,746.120000,470.990000,621.980000,477.870000
NaN,NaN,746.120000,470.960000,621.980000,477.850000
NaN,NaN,746.100000,471.010000,621.990000,477.860000
NaN,NaN,746.060000,471.000000,621.990000,477.860000
NaN,NaN,746.030000,471.010000,621.980000,477.840000
NaN,NaN,746.010000,471.010000,621.980000,477.830000
NaN,NaN,745.980000,471.000000,621.960000,477.850000
NaN,NaN,745.950000,471.020000,621.980000,477.850000
NaN,NaN,745.910000,471.030000,621.990000,477.860000
NaN,NaN,745.900000,471.040000,622.000000,477.840000
NaN,NaN,745.870000,471.070000,622.000000,477.830000
NaN,NaN,745.880000,471.100000,622.000000,477.830000
NaN,NaN,745.850000,471.080000,622.000000,477.840000
NaN,NaN,745.760000,471.050000,621.990000,477.820000
NaN,NaN,745.720000,471.070000,621.970000,477.830000
NaN,NaN,745.740000,471.090000,621.970000,477.830000
NaN,NaN,745.750000,471.110000,621.960000,477.840000
NaN,NaN,745.710000,471.110000,621.960000,477.850000
NaN,NaN,745.680000,471.100000,621.940000,477.850000
NaN,NaN,745.620000,471.100000,621.970000,477.830000
NaN,NaN,745.600000,471.110000,621.960000,477.840000
NaN,NaN,745.580000,471.130000,621.940000,477.860000
NaN,NaN,745.560000,471.130000,621.950000,477.850000
NaN,NaN,745.500000,471.080000,621.940000,477.850000
NaN,NaN,745.300000,471.040000,621.940000,477.860000
NaN,NaN,745.260000,471.050000,621.950000,477.850000
NaN,NaN,745.230000,471.060000,621.950000,477.860000
NaN,NaN,745.190000,471.050000,621.930000,477.870000
NaN,NaN,745.180000,471.070000,621.920000,477.870000
NaN,NaN,745.160000,471.100000,621.920000,477.880000
NaN,NaN,745.140000,471.100000,621.930000,477.870000
NaN,NaN,745.100000,471.110000,621.940000,477.860000
NaN,NaN,745.070000,471.130000,621.930000,477.870000
NaN,NaN,745.050000,471.110000,621.920000,477.890000
NaN,NaN,745.040000,471.120000,621.930000,477.870000
NaN,NaN,745.030000,471.160000,621.920000,477.880000
NaN,NaN,745.000000,471.150000,621.900000,477.880000
NaN,NaN,744.980000,471.170000,621.900000,477.860000
NaN,NaN,744.920000,471.170000,621.960000,477.830000
NaN,NaN,744.910000,471.160000,621.930000,477.840000
NaN,NaN,744.910000,471.170000,621.920000,477.820000
NaN,NaN,744.880000,471.180000,621.890000,477.830000
NaN,NaN,744.840000,471.160000,621.890000,477.870000
NaN,NaN,744.810000,471.160000,621.930000,477.850000
NaN,NaN,744.800000,471.190000,621.940000,477.860000
NaN,NaN,744.770000,471.190000,621.940000,477.870000
NaN,NaN,744.720000,471.190000,621.940000,477.870000
NaN,NaN,744.720000,471.200000,621.920000,477.870000
NaN,NaN,744.680000,471.200000,621.930000,477.860000
NaN,NaN,744.660000,471.220000,621.920000,477.870000
NaN,NaN,744.630000,471.230000,621.940000,477.860000
NaN,NaN,744.580000,471.210000,621.950000,477.860000
NaN,NaN,744.550000,471.220000,621.950000,477.850000
NaN,NaN,744.520000,471.240000,621.950000,477.900000
NaN,NaN,744.320000,471.200000,621.940000,477.890000
NaN,NaN,744.280000,471.200000,621.940000,477.890000
NaN,NaN,744.250000,471.210000,621.930000,477.890000
NaN,NaN,744.220000,471.210000,621.940000,477.880000
NaN,NaN,744.190000,471.200000,621.930000,477.880000
NaN,NaN,744.190000,471.240000,621.950000,477.880000
NaN,NaN,744.160000,471.200000,621.950000,477.900000
NaN,NaN,744.140000,471.210000,621.940000,477.900000
NaN,NaN,744.110000,471.210000,621.930000,477.900000
NaN,NaN,744.090000,471.210000,621.920000,477.890000
NaN,NaN,744.060000,471.220000,621.940000,477.880000
NaN,NaN,744.050000,471.250000,621.950000,477.890000
NaN,NaN,744.020000,471.260000,621.930000,477.900000
NaN,NaN,744.000000,471.240000,621.940000,477.930000
NaN,NaN,743.940000,471.210000,621.960000,477.880000
NaN,NaN,743.920000,471.210000,621.950000,477.860000
NaN,NaN,743.890000,471.200000,621.970000,477.870000
NaN,NaN,743.860000,471.210000,621.950000,477.850000
NaN,NaN,743.860000,471.230000,621.970000,477.870000
NaN,NaN,743.830000,471.240000,621.970000,477.880000
NaN,NaN,743.820000,471.260000,621.930000,477.870000
NaN,NaN,743.800000,471.230000,621.940000,477.890000
NaN,NaN,743.760000,471.220000,621.940000,477.900000
NaN,NaN,743.710000,471.230000,621.950000,477.880000
NaN,NaN,743.680000,471.260000,621.960000,477.880000
NaN,NaN,743.610000,471.220000,621.970000,477.900000
NaN,NaN,743.590000,471.230000,621.950000,477.910000
NaN,NaN,743.550000,471.220000,621.960000,477.880000
NaN,NaN,743.500000,471.240000,621.940000,477.880000
NaN,NaN,743.330000,471.240000,621.980000,477.870000
NaN,NaN,743.290000,471.210000,621.980000,477.870000
NaN,NaN,743.240000,471.170000,621.950000,477.880000
NaN,NaN,743.200000,471.190000,621.940000,477.880000
NaN,NaN,743.180000,471.190000,621.950000,477.890000
NaN,NaN,743.170000,471.180000,621.940000,477.870000
NaN,NaN,743.160000,471.160000,621.930000,477.870000
NaN,NaN,743.130000,471.160000,621.940000,477.860000
NaN,NaN,743.120000,471.170000,621.960000,477.890000
NaN,NaN,743.090000,471.180000,621.960000,477.880000
NaN,NaN,743.050000,471.180000,621.950000,477.880000
NaN,NaN,743.020000,471.190000,621.960000,477.870000
NaN,NaN,743.000000,471.180000,621.940000,477.900000
NaN,NaN,743.000000,471.170000,621.950000,477.910000
NaN,NaN,742.970000,471.180000,621.950000,477.900000
NaN,NaN,742.940000,471.180000,621.970000,477.860000
NaN,NaN,742.950000,471.180000,621.960000,477.860000
NaN,NaN,742.910000,471.190000,621.950000,477.890000
NaN,NaN,742.910000,471.210000,621.920000,477.890000
NaN,NaN,742.860000,471.190000,621.920000,477.910000
NaN,NaN,742.840000,471.190000,621.950000,477.900000
NaN,NaN,742.810000,471.180000,621.950000,477.920000
NaN,NaN,742.780000,471.180000,621.930000,477.920000
NaN,NaN,742.770000,471.170000,621.950000,477.910000
NaN,NaN,742.750000,471.190000,621.940000,477.910000
NaN,NaN,742.720000,471.190000,621.940000,477.930000
NaN,NaN,742.700000,471.180000,621.920000,477.930000
NaN,NaN,742.690000,471.190000,621.930000,477.940000
NaN,NaN,742.660000,471.180000,621.930000,477.930000
NaN,NaN,742.630000,471.220000,621.920000,477.940000
NaN,NaN,742.500000,471.170000,621.930000,477.890000
NaN,NaN,742.300000,471.100000,621.920000,477.930000
NaN,NaN,742.330000,471.130000,621.920000,477.930000
NaN,NaN,742.300000,471.100000,621.900000,477.940000
NaN,NaN,742.280000,471.100000,621.910000,477.930000
NaN,NaN,742.260000,471.110000,621.910000,477.940000
NaN,NaN,742.200000,471.080000,621.930000,477.920000
NaN,NaN,742.170000,471.110000,621.930000,477.910000
NaN,NaN,742.170000,471.120000,621.920000,477.940000
NaN,NaN,742.160000,471.150000,621.910000,477.930000
NaN,NaN,742.120000,471.130000,621.930000,477.930000
NaN,NaN,742.120000,471.120000,621.930000,477.960000
NaN,NaN,742.100000,471.120000,621.920000,477.940000
NaN,NaN,742.080000,471.130000,621.900000,477.980000
NaN,NaN,742.050000,471.130000,621.920000,477.980000
NaN,NaN,742.030000,471.140000,621.950000,477.920000
NaN,NaN,741.990000,471.150000,621.910000,477.950000
NaN,NaN,741.990000,471.130000,621.930000,477.970000
NaN,NaN,741.960000,471.140000,621.920000,477.920000
NaN,NaN,741.940000,471.140000,621.920000,477.940000
NaN,NaN,741.930000,471.160000,621.920000,477.950000
NaN,NaN,741.910000,471.170000,621.920000,477.980000
NaN,NaN,741.890000,471.170000,621.920000,477.980000
NaN,NaN,741.860000,471.170000,621.920000,477.960000
NaN,NaN,741.840000,471.160000,621.930000,477.970000
NaN,NaN,741.830000,471.170000,621.930000,477.980000
NaN,NaN,741.810000,471.160000,621.920000,477.980000
NaN,NaN,741.770000,471.180000,621.910000,477.980000
NaN,NaN,741.750000,471.170000,621.930000,477.960000
NaN,NaN,741.730000,471.150000,621.930000,477.980000
NaN,NaN,741.680000,471.170000,621.960000,478.010000
NaN,NaN,741.620000,471.140000,621.920000,477.990000
NaN,NaN,741.590000,471.130000,621.930000,477.980000
NaN,NaN,741.530000,471.140000,621.920000,477.950000
NaN,NaN,741.340000,471.120000,621.920000,477.940000
NaN,NaN,741.310000,471.100000,621.920000,477.940000
NaN,NaN,741.260000,471.080000,621.900000,477.930000
NaN,NaN,741.260000,471.070000,621.910000,477.940000
NaN,NaN,741.250000,471.070000,621.890000,477.940000
NaN,NaN,741.210000,471.070000,621.900000,477.960000
NaN,NaN,741.210000,471.070000,621.880000,477.970000
NaN,NaN,741.200000,471.100000,621.900000,477.930000
NaN,NaN,741.160000,471.080000,621.900000,477.950000
NaN,NaN,741.120000,471.070000,621.870000,477.950000
NaN,NaN,741.090000,471.090000,621.880000,477.990000
NaN,NaN,741.060000,471.080000,621.930000,477.950000
NaN,NaN,741.040000,471.060000,621.910000,477.950000
NaN,NaN,741.020000,471.110000,621.900000,477.950000
NaN,NaN,741.040000,471.110000,621.890000,477.950000
NaN,NaN,740.990000,471.080000,621.900000,477.990000
NaN,NaN,740.980000,471.070000,621.930000,477.970000
NaN,NaN,740.950000,471.090000,621.930000,477.960000
NaN,NaN,740.930000,471.110000,621.910000,477.950000
NaN,NaN,740.930000,471.100000,621.890000,477.960000
NaN,NaN,740.890000,471.100000,621.890000,477.940000
NaN,NaN,740.860000,471.090000,621.890000,477.960000
NaN,NaN,740.850000,471.070000,621.890000,477.960000
NaN,NaN,740.830000,471.090000,621.900000,477.960000
NaN,NaN,740.800000,471.090000,621.920000,477.940000
NaN,NaN,740.790000,471.120000,621.890000,477.970000
NaN,NaN,740.700000,471.100000,621.910000,477.960000
NaN,NaN,740.700000,471.120000,621.920000,477.990000
NaN,NaN,740.650000,471.120000,621.930000,478.020000
NaN,NaN,740.630000,471.150000,621.920000,478.000000
NaN,NaN,740.640000,471.130000,621.920000,478.010000
NaN,NaN,740.590000,471.130000,621.940000,478.000000
NaN,NaN,740.540000,471.140000,621.930000,477.990000
NaN,NaN,740.320000,471.070000,621.940000,477.990000
NaN,NaN,740.280000,471.080000,621.940000,478.010000
NaN,NaN,740.280000,471.060000,621.930000,478.010000
NaN,NaN,740.230000,471.050000,621.930000,478.020000
NaN,NaN,740.190000,471.060000,621.910000,478.010000
NaN,NaN,740.200000,471.080000,621.920000,478.030000
NaN,NaN,740.180000,471.080000,621.920000,478.030000
NaN,NaN,740.130000,471.080000,621.920000,478.000000
NaN,NaN,740.040000,471.060000,621.910000,477.960000
NaN,NaN,740.060000,471.070000,621.920000,477.990000
NaN,NaN,740.030000,471.080000,621.930000,478.020000
NaN,NaN,740.020000,471.070000,621.920000,478.000000
NaN,NaN,739.990000,471.060000,621.920000,478.010000
NaN,NaN,739.990000,471.090000,621.910000,478.030000
NaN,NaN,739.980000,471.100000,621.910000,478.020000
NaN,NaN,739.950000,471.100000,621.910000,478.030000
NaN,NaN,739.920000,471.100000,621.910000,478.050000
NaN,NaN,739.900000,471.100000,621.930000,478.040000
NaN,NaN,739.900000,471.110000,621.930000,478.070000
NaN,NaN,739.870000,471.090000,621.940000,478.070000
NaN,NaN,739.850000,471.110000,621.940000,478.040000
NaN,NaN,739.820000,471.140000,621.900000,478.050000
NaN,NaN,739.750000,471.150000,621.930000,478.030000
NaN,NaN,739.730000,471.140000,621.960000,478.020000
NaN,NaN,739.730000,471.140000,621.950000,478.030000
NaN,NaN,739.710000,471.170000,621.950000,478.050000
NaN,NaN,739.690000,471.170000,621.950000,478.040000
NaN,NaN,739.680000,471.160000,621.970000,478.050000
NaN,NaN,739.640000,471.190000,621.970000,478.030000
NaN,NaN,739.550000,471.150000,621.980000,478.050000
NaN,NaN,739.380000,471.100000,621.980000,478.060000
NaN,NaN,739.330000,471.090000,621.980000,478.060000
NaN,NaN,739.300000,471.110000,621.970000,478.070000
NaN,NaN,739.260000,471.090000,621.960000,478.070000
NaN,NaN,739.220000,471.120000,621.980000,478.050000
NaN,NaN,739.220000,471.120000,621.960000,478.060000
NaN,NaN,739.190000,471.130000,621.960000,478.060000
NaN,NaN,739.180000,471.120000,621.940000,478.040000
NaN,NaN,739.070000,471.090000,621.990000,477.990000
NaN,NaN,739.050000,471.110000,621.960000,478.000000
NaN,NaN,739.050000,471.110000,621.960000,478.000000
NaN,NaN,739.040000,471.130000,621.960000,478.050000
NaN,NaN,739.020000,471.100000,621.950000,478.030000
NaN,NaN,739.000000,471.120000,621.970000,478.060000
NaN,NaN,738.970000,471.140000,621.960000,478.050000
NaN,NaN,738.970000,471.160000,621.980000,478.040000
NaN,NaN,738.930000,471.170000,621.990000,478.060000
NaN,NaN,738.890000,471.170000,621.980000,478.070000
NaN,NaN,738.890000,471.160000,621.960000,478.060000
NaN,NaN,738.860000,471.160000,621.970000,478.070000
NaN,NaN,738.860000,471.180000,621.960000,478.070000
NaN,NaN,738.830000,471.200000,621.970000,478.070000
NaN,NaN,738.780000,471.210000,621.930000,478.060000
NaN,NaN,738.740000,471.170000,621.980000,478.040000
NaN,NaN,738.710000,471.190000,621.970000,478.050000
NaN,NaN,738.670000,471.230000,621.990000,478.040000
NaN,NaN,738.640000,471.200000,621.980000,478.060000
NaN,NaN,738.610000,471.220000,621.970000,478.080000
NaN,NaN,738.600000,471.210000,621.960000,478.100000
NaN,NaN,738.530000,471.220000,621.950000,478.110000
NaN,NaN,738.380000,471.150000,621.970000,478.120000
NaN,NaN,738.370000,471.180000,621.980000,478.130000
NaN,NaN,738.330000,471.160000,621.980000,478.120000
NaN,NaN,738.320000,471.190000,621.990000,478.100000
NaN,NaN,738.310000,471.200000,621.990000,478.140000
NaN,NaN,738.270000,471.210000,622.000000,478.110000
NaN,NaN,738.230000,471.190000,622.000000,478.100000
NaN,NaN,738.170000,471.220000,621.980000,478.100000
NaN,NaN,738.130000,471.180000,622.000000,478.070000
NaN,NaN,738.110000,471.190000,621.980000,478.110000
NaN,NaN,738.100000,471.190000,621.990000,478.120000
NaN,NaN,738.090000,471.210000,622.010000,478.120000
NaN,NaN,738.060000,471.220000,621.990000,478.090000
NaN,NaN,738.060000,471.220000,621.980000,478.120000
NaN,NaN,738.030000,471.240000,621.980000,478.110000
NaN,NaN,738.000000,471.230000,621.960000,478.100000
NaN,NaN,737.960000,471.240000,621.970000,478.090000
NaN,NaN,737.960000,471.240000,621.980000,478.110000
NaN,NaN,737.940000,471.270000,621.980000,478.100000
NaN,NaN,737.880000,471.210000,621.980000,478.100000
NaN,NaN,737.860000,471.210000,621.980000,478.100000
NaN,NaN,737.790000,471.240000,621.970000,478.110000
NaN,NaN,737.800000,471.270000,621.990000,478.090000
NaN,NaN,737.720000,471.220000,621.980000,478.090000
NaN,NaN,737.680000,471.270000,621.960000,478.100000
NaN,NaN,737.690000,471.280000,621.980000,478.090000
NaN,NaN,737.680000,471.310000,621.980000,478.080000
NaN,NaN,737.640000,471.290000,622.000000,478.100000
NaN,NaN,737.600000,471.290000,622.010000,478.110000
NaN,NaN,737.520000,471.280000,621.980000,478.110000
NaN,NaN,737.320000,471.220000,621.980000,478.120000
NaN,NaN,737.290000,471.210000,621.970000,478.130000
NaN,NaN,737.290000,471.220000,621.980000,478.150000
NaN,NaN,737.240000,471.230000,621.980000,478.140000
NaN,NaN,737.220000,471.220000,621.980000,478.160000
NaN,NaN,737.190000,471.230000,622.010000,478.140000
NaN,NaN,737.120000,471.200000,622.000000,478.160000
NaN,NaN,737.080000,471.250000,622.010000,478.150000
NaN,NaN,737.100000,471.380000,622.050000,478.100000
NaN,NaN,737.040000,471.280000,622.040000,478.120000
NaN,NaN,737.010000,471.270000,622.020000,478.140000
NaN,NaN,736.960000,471.260000,622.000000,478.140000
NaN,NaN,736.960000,471.260000,622.000000,478.160000
NaN,NaN,736.940000,471.290000,621.990000,478.170000
NaN,NaN,736.880000,471.300000,621.980000,478.180000
NaN,NaN,736.850000,471.280000,622.010000,478.170000
NaN,NaN,736.810000,471.270000,622.010000,478.150000
NaN,NaN,736.770000,471.270000,622.010000,478.140000
NaN,NaN,736.750000,471.260000,622.010000,478.170000
NaN,NaN,736.740000,471.300000,622.020000,478.140000
NaN,NaN,736.710000,471.300000,622.020000,478.150000
NaN,NaN,736.670000,471.270000,622.010000,478.170000
NaN,NaN,736.610000,471.250000,622.010000,478.180000
NaN,NaN,736.510000,471.250000,622.040000,478.170000
NaN,NaN,736.350000,471.210000,622.040000,478.190000
NaN,NaN,736.310000,471.210000,622.060000,478.190000
NaN,NaN,736.260000,471.190000,622.020000,478.180000
NaN,NaN,736.250000,471.230000,622.020000,478.180000
NaN,NaN,736.210000,471.220000,622.010000,478.160000
NaN,NaN,736.160000,471.180000,622.020000,478.190000
NaN,NaN,736.110000,471.190000,622.030000,478.190000
NaN,NaN,736.080000,471.170000,622.030000,478.200000
NaN,NaN,736.080000,471.210000,622.030000,478.180000
NaN,NaN,736.050000,471.220000,622.040000,478.200000
NaN,NaN,736.020000,471.220000,622.040000,478.210000
NaN,NaN,735.990000,471.230000,622.030000,478.230000
NaN,NaN,735.960000,471.230000,622.040000,478.220000
NaN,NaN,735.930000,471.250000,622.040000,478.210000
NaN,NaN,735.870000,471.280000,622.100000,478.140000
NaN,NaN,735.830000,471.290000,622.070000,478.170000
NaN,NaN,735.830000,471.320000,622.080000,478.180000
NaN,NaN,735.750000,471.260000,622.090000,478.190000
NaN,NaN,735.710000,471.290000,622.090000,478.200000
NaN,NaN,735.690000,471.290000,622.110000,478.180000
NaN,NaN,735.590000,471.250000,622.110000,478.190000
NaN,NaN,735.570000,471.250000,622.100000,478.200000
NaN,NaN,735.470000,471.240000,622.130000,478.180000
NaN,NaN,735.320000,471.200000,622.120000,478.190000
NaN,NaN,735.270000,471.180000,622.110000,478.170000
NaN,NaN,735.200000,471.170000,622.110000,478.170000
NaN,NaN,735.160000,471.140000,622.130000,478.180000
NaN,NaN,735.140000,471.180000,622.120000,478.210000
NaN,NaN,735.090000,471.190000,622.100000,478.210000
NaN,NaN,735.020000,471.180000,622.120000,478.160000
NaN,NaN,735.020000,471.180000,622.130000,478.200000
NaN,NaN,734.990000,471.220000,622.090000,478.190000
NaN,NaN,734.950000,471.260000,622.090000,478.210000
NaN,NaN,734.910000,471.240000,622.090000,478.220000
NaN,NaN,734.860000,471.250000,622.110000,478.210000
NaN,NaN,734.800000,471.230000,622.090000,478.190000
NaN,NaN,734.790000,471.250000,622.100000,478.220000
NaN,NaN,734.740000,471.270000,622.100000,478.220000
NaN,NaN,734.700000,471.250000,622.090000,478.210000
NaN,NaN,734.640000,471.290000,622.100000,478.220000
NaN,NaN,734.560000,471.240000,622.070000,478.240000
NaN,NaN,734.370000,471.200000,622.070000,478.250000
NaN,NaN,734.310000,471.210000,622.090000,478.260000
NaN,NaN,734.270000,471.210000,622.100000,478.250000
NaN,NaN,734.200000,471.250000,622.120000,478.200000
NaN,NaN,734.190000,471.290000,622.130000,478.210000
NaN,NaN,734.110000,471.260000,622.130000,478.240000
NaN,NaN,734.080000,471.290000,622.120000,478.240000
NaN,NaN,734.040000,471.300000,622.120000,478.230000
NaN,NaN,734.010000,471.320000,622.140000,478.210000
NaN,NaN,733.990000,471.320000,622.120000,478.210000
NaN,NaN,733.950000,471.350000,622.140000,478.200000
NaN,NaN,733.920000,471.350000,622.160000,478.210000
NaN,NaN,733.810000,471.350000,622.140000,478.210000
NaN,NaN,733.790000,471.360000,622.160000,478.190000
NaN,NaN,733.770000,471.370000,622.180000,478.190000
NaN,NaN,733.710000,471.360000,622.170000,478.200000
NaN,NaN,733.660000,471.380000,622.170000,478.210000
NaN,NaN,733.520000,471.350000,622.150000,478.220000
NaN,NaN,733.240000,471.260000,622.180000,478.200000
NaN,NaN,733.220000,471.280000,622.200000,478.200000
NaN,NaN,733.180000,471.290000,622.200000,478.200000
NaN,NaN,733.120000,471.280000,622.230000,478.200000
NaN,NaN,733.010000,471.320000,622.210000,478.210000
NaN,NaN,733.010000,471.330000,622.230000,478.220000
NaN,NaN,732.980000,471.330000,622.240000,478.230000
NaN,NaN,732.910000,471.360000,622.240000,478.220000
NaN,NaN,732.840000,471.350000,622.200000,478.230000
NaN,NaN,732.810000,471.350000,622.220000,478.190000
NaN,NaN,732.720000,471.350000,622.210000,478.190000
NaN,NaN,732.680000,471.360000,622.240000,478.170000
NaN,NaN,732.670000,471.400000,622.230000,478.190000
NaN,NaN,732.490000,471.330000,622.230000,478.180000
NaN,NaN,732.310000,471.320000,622.270000,478.190000
NaN,NaN,732.200000,471.360000,622.250000,478.210000
NaN,NaN,732.140000,471.390000,622.260000,478.200000
NaN,NaN,732.060000,471.400000,622.260000,478.250000
NaN,NaN,732.050000,471.390000,622.240000,478.260000
NaN,NaN,731.900000,471.380000,622.230000,478.250000
NaN,NaN,731.860000,471.410000,622.260000,478.230000
NaN,NaN,731.840000,471.450000,622.260000,478.250000
NaN,NaN,731.780000,471.450000,622.280000,478.270000
NaN,NaN,731.620000,471.390000,622.270000,478.280000
NaN,NaN,731.370000,471.290000,622.260000,478.250000
NaN,NaN,731.280000,471.310000,622.270000,478.260000
NaN,NaN,731.180000,471.320000,622.310000,478.260000
NaN,NaN,731.080000,471.330000,622.340000,478.240000
NaN,NaN,731.040000,471.340000,622.340000,478.220000
NaN,NaN,730.950000,471.330000,622.370000,478.200000
NaN,NaN,730.830000,471.380000,622.390000,478.230000
NaN,NaN,730.790000,471.450000,622.370000,478.240000
NaN,NaN,730.850000,471.910000,622.400000,478.250000
NaN,NaN,730.790000,471.890000,622.410000,478.250000
NaN,NaN,730.600000,471.880000,622.440000,478.230000
NaN,NaN,730.300000,471.840000,622.420000,478.240000
NaN,NaN,730.150000,471.840000,622.380000,478.290000
NaN,NaN,730.130000,471.860000,622.400000,478.280000
NaN,NaN,730.010000,471.900000,622.450000,478.270000
NaN,NaN,730.000000,471.890000,622.470000,478.260000
NaN,NaN,729.880000,471.880000,622.450000,478.280000
NaN,NaN,729.850000,471.910000,622.390000,478.320000
NaN,NaN,729.670000,471.910000,622.410000,478.310000
NaN,NaN,729.640000,471.920000,622.480000,478.290000
NaN,NaN,729.430000,471.910000,623.020000,478.160000
NaN,NaN,729.120000,471.910000,623.050000,478.160000
NaN,NaN,729.090000,471.910000,623.060000,478.150000
NaN,NaN,728.990000,471.910000,623.070000,478.210000
NaN,NaN,728.940000,471.920000,623.070000,478.200000
NaN,NaN,728.840000,471.920000,623.060000,478.190000
NaN,NaN,728.760000,471.930000,623.070000,478.190000
NaN,NaN,728.620000,471.970000,623.100000,478.170000
NaN,NaN,728.250000,471.900000,623.110000,478.180000
NaN,NaN,728.190000,471.910000,623.110000,478.160000
NaN,NaN,728.050000,471.920000,623.120000,478.150000
NaN,NaN,727.960000,471.940000,623.150000,478.190000
NaN,NaN,727.920000,471.930000,623.110000,478.210000
NaN,NaN,727.780000,471.940000,623.120000,478.240000
NaN,NaN,727.670000,471.950000,623.130000,478.220000
NaN,NaN,727.460000,471.940000,623.160000,478.200000
NaN,NaN,727.060000,471.870000,623.140000,478.210000
NaN,NaN,726.960000,471.880000,623.130000,478.250000
NaN,NaN,726.840000,471.910000,623.140000,478.210000
NaN,NaN,726.780000,471.910000,623.130000,478.240000
NaN,NaN,726.620000,471.940000,623.130000,478.260000
NaN,NaN,726.260000,471.810000,623.130000,478.250000
NaN,NaN,726.100000,471.780000,623.140000,478.250000
NaN,NaN,726.000000,471.820000,623.160000,478.320000
NaN,NaN,725.930000,471.790000,623.150000,478.350000
NaN,NaN,725.830000,471.780000,623.120000,478.340000
NaN,NaN,725.710000,471.790000,623.150000,478.370000
NaN,NaN,725.640000,471.780000,623.140000,478.360000
NaN,NaN,725.470000,471.750000,623.140000,478.380000
NaN,NaN,725.040000,471.580000,623.120000,478.370000
NaN,NaN,724.820000,471.190000,623.110000,478.370000
NaN,NaN,724.680000,471.170000,623.160000,478.300000
NaN,NaN,724.600000,471.170000,623.120000,478.390000
NaN,NaN,724.400000,471.160000,623.130000,478.490000
NaN,NaN,724.090000,471.120000,623.040000,479.080000
NaN,NaN,724.010000,471.110000,623.020000,479.710000
NaN,NaN,723.890000,471.130000,623.000000,479.730000
NaN,NaN,723.820000,471.120000,622.990000,479.740000
NaN,NaN,723.640000,471.080000,623.010000,479.750000
NaN,NaN,723.250000,471.030000,623.010000,479.730000
NaN,NaN,723.140000,471.010000,623.030000,479.760000
NaN,NaN,723.030000,471.010000,623.020000,479.770000
NaN,NaN,722.880000,471.000000,623.020000,479.790000
NaN,NaN,722.760000,470.980000,623.040000,479.720000
NaN,NaN,722.640000,470.990000,623.030000,479.760000
NaN,NaN,722.410000,470.960000,623.030000,479.770000
NaN,NaN,722.060000,470.910000,623.010000,479.780000
NaN,NaN,721.950000,470.890000,623.010000,479.760000
NaN,NaN,721.830000,470.860000,623.040000,479.720000
NaN,NaN,721.700000,470.870000,623.030000,479.730000
NaN,NaN,721.560000,470.840000,623.020000,479.720000
NaN,NaN,721.120000,470.770000,623.020000,479.700000
NaN,NaN,720.970000,470.760000,623.020000,479.710000
NaN,NaN,720.790000,470.770000,623.010000,479.750000
NaN,NaN,720.580000,470.700000,623.040000,479.730000
NaN,NaN,720.110000,470.530000,623.030000,479.690000
NaN,NaN,719.850000,470.170000,623.000000,479.690000
NaN,NaN,719.650000,470.170000,623.040000,479.720000
NaN,NaN,719.250000,470.040000,623.060000,479.760000
NaN,NaN,719.100000,470.040000,623.040000,479.760000
NaN,NaN,718.930000,470.060000,623.030000,479.760000
NaN,NaN,718.770000,470.000000,623.020000,479.730000
NaN,NaN,718.620000,470.020000,623.030000,479.700000
NaN,NaN,718.200000,469.930000,622.980000,479.640000
NaN,NaN,718.040000,469.920000,622.980000,479.630000
NaN,NaN,717.870000,469.930000,622.990000,479.670000
NaN,NaN,717.760000,469.910000,623.030000,479.660000
NaN,NaN,717.570000,469.900000,622.970000,479.690000
NaN,NaN,717.170000,469.810000,623.010000,479.710000
NaN,NaN,717.030000,469.870000,622.980000,479.690000
NaN,NaN,716.860000,469.820000,622.990000,479.720000
NaN,NaN,716.750000,469.830000,622.970000,479.670000
NaN,NaN,716.530000,469.810000,623.020000,479.660000
NaN,NaN,716.140000,469.740000,623.000000,479.660000
NaN,NaN,715.980000,469.780000,622.960000,479.630000
NaN,NaN,715.830000,469.810000,622.970000,479.660000
NaN,NaN,715.610000,469.800000,623.010000,479.720000
NaN,NaN,715.220000,469.700000,623.010000,479.680000
NaN,NaN,715.050000,469.670000,623.010000,479.650000
NaN,NaN,714.980000,469.660000,623.010000,479.630000
NaN,NaN,714.810000,469.700000,622.990000,479.660000
NaN,NaN,714.630000,469.710000,622.990000,479.650000
NaN,NaN,714.220000,469.630000,622.990000,479.640000
NaN,NaN,714.060000,469.560000,622.990000,479.660000
NaN,NaN,713.760000,469.200000,623.000000,479.650000
NaN,NaN,713.250000,469.110000,622.990000,479.670000
NaN,NaN,713.050000,469.100000,623.000000,479.650000
NaN,NaN,712.870000,469.070000,623.020000,479.660000
NaN,NaN,712.680000,469.060000,623.020000,479.530000
NaN,NaN,712.170000,468.960000,623.060000,478.990000
NaN,NaN,711.970000,468.930000,623.050000,478.990000
NaN,NaN,711.760000,468.880000,623.040000,478.990000
NaN,NaN,711.630000,468.910000,623.050000,478.990000
NaN,NaN,711.160000,468.780000,623.050000,478.970000
NaN,NaN,711.000000,468.760000,623.040000,478.990000
NaN,NaN,710.850000,468.770000,623.050000,478.990000
NaN,NaN,710.700000,468.740000,623.060000,478.980000
NaN,NaN,710.540000,468.710000,623.070000,478.990000
NaN,NaN,710.090000,468.530000,623.060000,478.970000
NaN,NaN,709.850000,468.060000,623.110000,478.980000
NaN,NaN,709.620000,468.030000,623.110000,478.990000
707.277542,464.650487,709.170000,467.880000,623.130000,479.000000
704.205235,464.650487,709.050000,468.000000,623.130000,479.020000
701.132928,464.650487,709.100000,468.260000,623.090000,478.990000
697.036518,464.650487,708.870000,468.130000,623.080000,478.980000
693.964211,464.650487,708.790000,468.160000,623.080000,478.990000
693.964211,464.650487,708.600000,468.040000,623.150000,479.020000
689.355750,465.111126,708.000000,467.820000,623.130000,478.990000
689.355750,465.111126,707.530000,467.600000,623.140000,478.980000
689.355750,465.111126,707.260000,467.070000,623.140000,478.980000
689.355750,465.111126,707.170000,467.080000,623.160000,479.000000
687.307545,465.111126,707.230000,467.050000,623.140000,479.000000
671.946009,465.571765,707.140000,467.130000,623.160000,479.000000
668.361651,466.493043,707.090000,467.210000,623.150000,478.980000
666.313446,466.032404,706.980000,467.010000,623.160000,478.990000
661.192934,466.032404,706.980000,466.960000,623.180000,479.000000
656.072422,467.414320,706.820000,466.970000,623.160000,479.010000
651.463961,469.256875,706.840000,466.890000,623.130000,479.010000
643.783193,470.638792,706.760000,466.900000,623.140000,479.000000
643.271141,470.638792,706.600000,466.920000,623.140000,478.970000
639.686783,471.099430,706.080000,466.740000,623.120000,479.000000
636.102425,472.020708,705.980000,466.800000,623.290000,479.020000
634.054220,472.481347,705.920000,466.810000,623.280000,478.980000
630.469861,473.402624,705.830000,466.730000,623.290000,479.000000
628.421657,473.402624,705.680000,466.660000,623.220000,479.030000
626.373452,473.863263,705.590000,466.580000,623.150000,478.990000
625.349349,473.863263,705.030000,466.430000,622.277042,477.548373
624.325247,473.863263,704.770000,466.040000,622.277042,477.548373
619.716786,474.323902,704.200000,465.990000,622.277042,477.548373
619.204735,474.323902,704.010000,465.970000,622.277042,477.548373
617.156530,474.323902,703.770000,465.950000,620.228837,477.548373
616.644479,474.323902,703.550000,465.900000,620.228837,477.548373
616.644479,474.323902,703.140000,465.780000,620.228837,477.548373
616.644479,474.323902,703.030000,465.730000,620.228837,477.548373
617.156530,473.863263,702.880000,465.730000,620.228837,477.548373
617.156530,473.863263,702.810000,465.750000,620.228837,477.548373
617.156530,472.020708,702.670000,465.750000,620.228837,477.548373
617.156530,472.020708,702.560000,465.810000,620.228837,477.548373
617.156530,472.020708,702.020000,465.760000,620.228837,477.548373
617.156530,472.020708,701.840000,465.760000,620.228837,477.548373
617.668581,472.020708,701.720000,465.780000,620.228837,477.548373
618.692684,472.020708,701.590000,465.810000,620.228837,477.548373
620.228837,472.020708,701.280000,465.800000,621.252940,477.087734
620.740888,472.020708,701.250000,465.840000,621.252940,477.087734
622.277042,472.020708,701.220000,465.890000,622.789093,476.166457
622.789093,472.020708,701.060000,465.940000,622.789093,476.166457
624.325247,471.560069,700.880000,465.870000,622.789093,476.166457
624.325247,471.560069,700.830000,465.910000,623.301144,475.705818
624.837298,471.560069,700.730000,465.940000,624.837298,473.863263
626.373452,471.560069,700.630000,465.940000,624.837298,473.402624
627.397554,471.560069,700.470000,465.990000,624.837298,473.402624
629.445759,471.099430,700.240000,465.940000,624.837298,473.402624
632.006015,470.638792,700.120000,465.940000,626.373452,472.481347
633.030117,470.638792,700.100000,465.950000,626.885503,471.560069
634.054220,470.638792,699.990000,465.960000,626.885503,471.099430
634.054220,470.178153,699.900000,465.950000,627.397554,471.099430
634.054220,470.178153,699.840000,465.910000,627.909605,470.178153
634.054220,470.178153,699.770000,465.950000,628.421657,469.256875
634.566271,470.178153,699.670000,465.980000,629.445759,468.335598
634.566271,470.178153,699.530000,465.960000,630.469861,467.874959
635.590373,470.178153,699.230000,465.880000,630.469861,467.874959
637.126527,468.796236,699.170000,465.940000,630.469861,467.874959
637.126527,468.335598,699.150000,465.950000,630.469861,467.874959
637.126527,468.335598,699.060000,465.940000,630.469861,467.874959
636.102425,468.335598,698.980000,465.930000,630.469861,467.874959
635.078322,468.796236,698.980000,465.960000,630.469861,467.874959
635.078322,468.796236,698.980000,465.970000,630.469861,467.874959
635.078322,468.796236,698.970000,465.980000,630.469861,467.874959
635.078322,468.796236,698.970000,466.020000,630.469861,467.874959
635.078322,468.796236,698.900000,466.000000,630.469861,467.874959
635.078322,468.796236,698.780000,465.970000,630.469861,467.874959
635.078322,468.796236,698.720000,465.980000,630.469861,467.874959
635.078322,468.796236,698.640000,465.950000,630.469861,467.874959
635.078322,468.796236,697.036518,466.032404,630.469861,467.874959
635.078322,468.796236,697.036518,466.032404,630.469861,467.874959
635.078322,468.796236,697.036518,466.032404,630.469861,467.874959
634.566271,468.796236,697.036518,466.032404,630.469861,467.874959
634.566271,468.796236,697.036518,466.032404,630.469861,467.414320
634.566271,468.796236,697.036518,466.032404,630.469861,467.414320
634.566271,468.335598,697.036518,466.032404,630.469861,466.953681
634.566271,468.335598,697.036518,466.032404,630.469861,466.032404
634.054220,467.414320,697.036518,466.032404,630.469861,466.032404
634.054220,467.414320,697.036518,466.032404,630.469861,465.571765
634.054220,467.414320,697.036518,466.032404,630.469861,465.571765
634.054220,466.493043,697.036518,466.032404,630.469861,465.111126
634.566271,466.032404,697.036518,466.032404,630.469861,465.111126
635.590373,466.032404,697.036518,466.032404,630.469861,465.111126
635.590373,466.032404,697.036518,466.032404,630.469861,465.111126
636.614476,466.032404,697.036518,466.032404,630.469861,465.111126
636.614476,466.032404,697.036518,466.032404,630.469861,465.111126
636.614476,466.032404,697.036518,466.032404,630.469861,465.111126
636.614476,466.032404,697.036518,466.032404,630.469861,465.111126
637.126527,465.111126,697.036518,466.032404,630.469861,465.111126
638.662681,464.189849,697.036518,466.032404,630.469861,465.111126
638.662681,464.189849,697.036518,466.032404,630.469861,465.111126
638.662681,464.189849,697.036518,466.032404,630.469861,465.111126
638.662681,464.189849,697.036518,466.032404,630.469861,465.111126
638.662681,464.189849,699.084723,465.571765,630.469861,465.111126
638.662681,464.189849,699.084723,465.571765,630.469861,465.111126
638.662681,464.189849,699.084723,465.571765,630.469861,465.111126
638.662681,464.189849,699.084723,465.571765,630.469861,465.111126
638.662681,464.189849,699.084723,465.571765,630.469861,465.111126
638.662681,464.189849,699.084723,465.571765,630.469861,465.111126
640.198834,464.189849,699.084723,465.571765,630.469861,465.111126
641.222937,464.189849,699.084723,465.571765,630.469861,465.111126
641.734988,463.729210,699.084723,465.571765,630.981913,465.111126
642.759090,463.729210,699.084723,465.571765,632.518066,465.111126
643.271141,462.807932,699.084723,465.571765,632.518066,465.111126
643.271141,462.807932,699.084723,465.571765,633.542169,465.111126
644.807295,462.807932,699.084723,465.571765,634.054220,465.111126
644.807295,462.807932,699.084723,465.571765,635.590373,465.111126
645.319346,462.807932,699.084723,465.571765,635.590373,465.111126
646.343449,462.807932,699.084723,465.571765,636.614476,465.111126
646.855500,462.807932,699.084723,465.571765,637.126527,465.111126
647.367551,462.807932,699.084723,465.571765,639.174732,464.650487
648.903705,462.807932,699.084723,465.571765,639.686783,464.650487
649.415756,462.807932,699.084723,465.571765,639.686783,464.650487
649.927807,462.807932,699.084723,465.571765,639.686783,464.650487
650.951910,462.807932,699.084723,465.571765,639.686783,464.650487
651.976012,462.807932,699.084723,465.571765,640.198834,464.650487
652.488063,462.807932,699.084723,465.571765,640.198834,464.650487
652.488063,462.807932,699.084723,465.571765,640.198834,464.650487
654.024217,462.807932,699.084723,465.571765,640.198834,464.650487
654.024217,462.807932,701.644979,464.189849,640.198834,464.650487
654.024217,462.807932,701.644979,464.189849,640.198834,464.650487
654.536268,462.807932,701.644979,464.189849,641.222937,464.189849
654.536268,462.807932,701.644979,464.189849,641.222937,464.189849
654.536268,462.807932,702.157030,464.189849,641.222937,464.189849
654.536268,462.807932,702.157030,464.189849,641.222937,464.189849
657.608575,462.807932,702.157030,464.189849,641.222937,464.189849
657.608575,462.807932,702.157030,464.189849,641.222937,464.189849
657.608575,462.807932,702.157030,464.189849,641.222937,464.189849
657.608575,462.807932,702.157030,464.189849,641.734988,464.189849
657.608575,462.807932,702.157030,464.189849,645.319346,464.189849
657.608575,462.807932,702.157030,464.189849,647.367551,464.189849
658.632678,462.807932,702.157030,464.189849,648.391654,464.189849
658.632678,462.807932,702.157030,464.189849,648.391654,464.189849
659.656780,462.807932,702.157030,464.189849,648.903705,464.189849
660.168831,462.807932,702.157030,464.189849,653.000114,465.111126
663.241138,462.807932,703.181132,462.807932,653.000114,465.111126
663.241138,462.807932,703.181132,462.807932,653.000114,465.111126
663.241138,462.807932,702.157030,462.807932,655.560370,466.493043
663.241138,462.807932,702.157030,462.807932,658.120626,466.493043
663.241138,462.807932,702.157030,462.807932,658.120626,466.493043
663.753190,462.807932,702.157030,462.807932,658.632678,466.493043
664.777292,462.807932,702.157030,462.807932,658.632678,466.493043
664.777292,462.807932,702.157030,462.807932,658.632678,466.493043
665.801394,462.807932,702.157030,462.807932,658.632678,466.493043
665.801394,462.807932,702.157030,462.807932,658.632678,466.493043
665.801394,462.807932,702.157030,462.807932,658.632678,466.493043
666.825497,462.807932,702.157030,462.807932,658.632678,466.493043
667.849599,462.807932,702.157030,462.807932,658.632678,466.493043
667.849599,462.807932,702.157030,462.807932,658.632678,466.493043
668.873702,462.807932,702.157030,462.807932,658.632678,466.493043
669.385753,462.807932,702.157030,462.807932,660.168831,466.493043
669.385753,462.807932,702.157030,462.807932,660.680882,466.493043
670.409855,462.807932,702.157030,462.807932,662.217036,466.493043
671.433958,462.807932,702.157030,462.807932,663.753190,466.493043
674.506265,463.268571,702.157030,462.807932,664.777292,466.493043
675.018316,463.268571,702.157030,462.807932,665.289343,466.493043
676.042419,463.268571,702.157030,462.807932,666.825497,466.493043
676.554470,463.268571,702.157030,462.807932,666.825497,466.493043
677.066521,463.268571,702.157030,462.807932,666.825497,466.493043
677.578572,463.268571,702.157030,462.807932,669.385753,466.493043
678.090623,463.268571,702.157030,462.807932,669.897804,466.493043
678.090623,463.268571,703.181132,462.807932,669.897804,466.493043
678.090623,463.268571,703.181132,462.807932,671.433958,466.032404
678.090623,463.268571,703.181132,462.807932,672.458060,466.032404
678.090623,463.268571,703.181132,462.807932,672.970111,466.032404
678.090623,463.268571,703.181132,462.807932,672.970111,466.032404
678.090623,463.268571,703.181132,462.807932,673.994214,466.032404
678.602675,463.268571,703.181132,462.807932,673.994214,466.032404
680.138828,464.189849,703.181132,462.807932,673.994214,466.032404
681.162931,464.650487,703.181132,462.807932,673.994214,466.032404
681.674982,464.650487,703.181132,462.807932,673.994214,466.032404
682.699084,464.650487,703.181132,462.807932,673.994214,466.032404
682.699084,464.650487,703.181132,462.807932,674.506265,466.032404
683.211135,464.650487,703.181132,462.807932,674.506265,466.032404
684.235238,464.650487,703.181132,462.807932,676.042419,466.032404
684.747289,464.650487,703.181132,462.807932,677.578572,466.032404
685.259340,464.650487,703.693184,462.807932,681.674982,466.032404
685.771391,464.650487,703.693184,462.807932,681.674982,466.032404
686.283443,465.111126,703.693184,462.807932,681.674982,466.032404
687.307545,465.111126,703.693184,462.807932,681.674982,466.032404
687.819596,465.111126,703.693184,462.807932,681.674982,466.032404
688.331648,465.571765,703.693184,462.807932,682.699084,466.032404
688.843699,465.571765,703.693184,462.807932,682.699084,466.032404
689.355750,465.571765,703.693184,462.807932,682.699084,466.032404
689.867801,465.571765,703.693184,462.807932,683.723187,466.032404
691.403955,465.571765,703.693184,462.807932,684.747289,466.032404
691.403955,465.571765,703.693184,462.807932,686.283443,466.493043
694.476262,466.032404,703.693184,463.729210,686.283443,466.493043
694.988313,466.032404,703.693184,463.729210,687.307545,466.953681
694.988313,466.032404,703.693184,463.729210,687.307545,466.953681
694.988313,466.032404,703.693184,463.729210,687.819596,466.953681
694.988313,466.032404,703.693184,463.729210,688.331648,466.953681
696.012416,466.032404,703.693184,464.189849,688.331648,466.953681
696.524467,466.032404,703.693184,464.189849,688.331648,466.953681
697.548569,466.493043,703.693184,464.189849,688.331648,466.953681
697.548569,466.493043,703.693184,464.189849,689.867801,466.953681
698.060620,466.493043,703.693184,464.189849,691.403955,466.953681
698.060620,466.493043,703.693184,464.189849,692.428057,466.953681
698.572672,466.493043,703.693184,464.189849,692.940108,467.414320
699.084723,466.493043,703.693184,464.189849,692.940108,467.414320
699.596774,466.953681,703.693184,464.189849,692.940108,467.414320
700.108825,467.414320,703.693184,464.189849,692.940108,467.414320
700.620876,467.414320,703.693184,464.189849,694.988313,467.874959
701.132928,467.874959,703.693184,464.189849,696.012416,467.874959
703.181132,468.335598,703.693184,464.189849,698.572672,467.874959
704.205235,468.335598,703.693184,464.189849,701.132928,467.874959
705.229337,468.796236,704.717286,465.111126,702.157030,468.335598
706.253440,469.256875,704.717286,465.111126,703.181132,468.335598
706.765491,469.717514,704.717286,465.111126,704.205235,468.335598
708.813696,470.638792,704.717286,465.111126,704.205235,468.335598
709.837798,470.638792,704.717286,465.111126,704.205235,468.335598
710.349849,470.638792,704.717286,465.111126,704.205235,468.335598
710.349849,471.099430,704.717286,465.111126,704.205235,468.335598
710.349849,471.099430,704.717286,465.111126,705.741388,468.335598
710.349849,471.099430,704.717286,465.111126,705.741388,468.335598
711.373952,471.099430,704.717286,465.111126,706.765491,468.335598
711.373952,471.099430,704.717286,465.111126,706.765491,468.335598
711.373952,471.099430,704.717286,465.111126,707.789593,468.796236
711.373952,471.099430,704.717286,465.111126,708.813696,469.256875
711.373952,471.099430,704.717286,465.111126,708.813696,469.256875
711.373952,471.099430,704.717286,465.111126,708.813696,469.256875
711.373952,471.560069,704.717286,465.111126,708.813696,469.256875
711.373952,471.560069,704.717286,465.111126,708.813696,469.256875
711.373952,471.560069,704.717286,465.111126,708.813696,469.256875
711.886003,471.560069,704.717286,465.111126,708.813696,469.256875
711.886003,471.560069,704.717286,465.111126,708.813696,469.256875
711.886003,471.560069,704.717286,465.111126,708.813696,469.256875
711.886003,471.560069,704.717286,465.111126,708.813696,469.256875
711.886003,471.560069,704.717286,465.111126,708.813696,469.256875
711.886003,471.560069,704.717286,465.111126,708.813696,469.256875
NaN,NaN,704.717286,465.111126,708.813696,469.256875
NaN,NaN,704.717286,465.111126,708.813696,469.256875
NaN,NaN,704.717286,465.111126,708.813696,469.256875
NaN,NaN,704.717286,465.111126,708.813696,469.256875
NaN,NaN,704.717286,465.111126,708.813696,469.256875
NaN,NaN,704.717286,465.111126,708.813696,469.256875
NaN,NaN,704.717286,465.111126,708.813696,469.256875
NaN,NaN,704.717286,465.111126,708.813696,469.256875
NaN,NaN,704.717286,465.111126,708.813696,469.256875
NaN,NaN,704.717286,465.111126,708.813696,469.256875
NaN,NaN,704.717286,465.111126,708.813696,469.256875
NaN,NaN,704.717286,465.111126,NaN,NaN
NaN,NaN,704.717286,465.111126,NaN,NaN
NaN,NaN,704.717286,465.111126,NaN,NaN
NaN,NaN,704.717286,465.111126,NaN,NaN
NaN,NaN,704.717286,465.111126,NaN,NaN
NaN,NaN,704.717286,465.111126,NaN,NaN
NaN,NaN,704.717286,465.111126,NaN,NaN
NaN,NaN,704.717286,465.111126,NaN,NaN
NaN,NaN,704.717286,465.111126,NaN,NaN
NaN,NaN,704.717286,465.111126,NaN,NaN
NaN,NaN,704.717286,465.111126,NaN,NaN
NaN,NaN,704.717286,465.111126,NaN,NaN
NaN,NaN,704.717286,465.111126,NaN,NaN
NaN,NaN,704.717286,465.111126,NaN,NaN
NaN,NaN,704.717286,465.111126,NaN,NaN
NaN,NaN,704.717286,465.111126,NaN,NaN
NaN,NaN,704.717286,465.111126,NaN,NaN
NaN,NaN,704.717286,465.111126,NaN,NaN
NaN,NaN,704.717286,465.111126,NaN,NaN
NaN,NaN,704.717286,465.111126,NaN,NaN
NaN,NaN,704.717286,465.111126,NaN,NaN
NaN,NaN,704.717286,465.111126,NaN,NaN
NaN,NaN,704.717286,465.111126,NaN,NaN
NaN,NaN,704.717286,465.111126,NaN,NaN
NaN,NaN,704.717286,465.111126,NaN,NaN
NaN,NaN,704.717286,465.111126,NaN,NaN
NaN,NaN,704.717286,465.111126,NaN,NaN
NaN,NaN,704.717286,465.111126,NaN,NaN
NaN,NaN,704.717286,465.111126,NaN,NaN
NaN,NaN,704.717286,465.111126,NaN,NaN
NaN,NaN,704.717286,465.111126,NaN,NaN
NaN,NaN,704.717286,465.111126,NaN,NaN
NaN,NaN,704.717286,465.111126,NaN,NaN
NaN,NaN,704.717286,466.032404,NaN,NaN
NaN,NaN,704.717286,466.953681,NaN,NaN
NaN,NaN,703.693184,467.414320,NaN,NaN
NaN,NaN,703.181132,467.874959,NaN,NaN
NaN,NaN,702.669081,468.335598,NaN,NaN
NaN,NaN,702.157030,468.335598,NaN,NaN
NaN,NaN,702.157030,468.335598,NaN,NaN
NaN,NaN,702.157030,468.335598,NaN,NaN
NaN,NaN,702.157030,468.335598,NaN,NaN
NaN,NaN,702.157030,468.335598,NaN,NaN
NaN,NaN,702.157030,468.335598,NaN,NaN
NaN,NaN,702.157030,468.335598,NaN,NaN
NaN,NaN,702.157030,468.335598,NaN,NaN
NaN,NaN,702.157030,468.335598,NaN,NaN
NaN,NaN,702.157030,468.335598,NaN,NaN
NaN,NaN,702.157030,468.335598,NaN,NaN
NaN,NaN,702.157030,468.335598,NaN,NaN
NaN,NaN,702.157030,468.335598,NaN,NaN
NaN,NaN,702.157030,468.335598,NaN,NaN
NaN,NaN,702.157030,468.335598,NaN,NaN
NaN,NaN,702.157030,468.335598,NaN,NaN
NaN,NaN,700.620876,468.796236,NaN,NaN
NaN,NaN,700.620876,468.796236,NaN,NaN
NaN,NaN,700.620876,468.796236,NaN,NaN
NaN,NaN,700.620876,469.256875,NaN,NaN
NaN,NaN,700.620876,469.256875,NaN,NaN
NaN,NaN,699.596774,470.638792,NaN,NaN
NaN,NaN,699.596774,471.099430,NaN,NaN
NaN,NaN,699.596774,471.099430,NaN,NaN
NaN,NaN,699.596774,471.099430,NaN,NaN
NaN,NaN,699.596774,471.099430,NaN,NaN
NaN,NaN,699.596774,471.099430,NaN,NaN
NaN,NaN,699.596774,471.099430,NaN,NaN
NaN,NaN,699.596774,471.560069,NaN,NaN
NaN,NaN,699.596774,472.481347,NaN,NaN
NaN,NaN,699.596774,472.481347,NaN,NaN
NaN,NaN,699.596774,472.481347,NaN,NaN
NaN,NaN,699.596774,472.481347,NaN,NaN
NaN,NaN,699.596774,472.481347,NaN,NaN
NaN,NaN,699.596774,472.481347,NaN,NaN
NaN,NaN,699.596774,472.020708,NaN,NaN
NaN,NaN,700.020000,472.010000,NaN,NaN
NaN,NaN,700.050000,471.990000,NaN,NaN
NaN,NaN,700.110000,471.980000,NaN,NaN
NaN,NaN,700.140000,471.980000,NaN,NaN
NaN,NaN,700.160000,471.970000,NaN,NaN
NaN,NaN,700.200000,471.960000,NaN,NaN
NaN,NaN,700.250000,471.960000,NaN,NaN
NaN,NaN,700.350000,471.950000,NaN,NaN
NaN,NaN,700.400000,471.960000,NaN,NaN
NaN,NaN,700.420000,471.950000,NaN,NaN
NaN,NaN,700.500000,471.960000,NaN,NaN
NaN,NaN,700.760000,471.980000,NaN,NaN
NaN,NaN,700.820000,471.990000,NaN,NaN
NaN,NaN,700.860000,471.980000,NaN,NaN
NaN,NaN,700.910000,471.970000,NaN,NaN
NaN,NaN,700.930000,471.980000,NaN,NaN
NaN,NaN,700.950000,471.970000,NaN,NaN
NaN,NaN,701.010000,471.960000,NaN,NaN
NaN,NaN,701.020000,471.960000,NaN,NaN
NaN,NaN,701.070000,471.970000,NaN,NaN
NaN,NaN,701.060000,471.970000,NaN,NaN
NaN,NaN,701.100000,471.970000,NaN,NaN
NaN,NaN,701.150000,471.980000,NaN,NaN
NaN,NaN,701.170000,471.970000,NaN,NaN
NaN,NaN,701.200000,471.970000,NaN,NaN
NaN,NaN,701.220000,471.980000,NaN,NaN
NaN,NaN,701.250000,471.980000,NaN,NaN
NaN,NaN,701.260000,471.980000,NaN,NaN
NaN,NaN,701.330000,471.980000,NaN,NaN
NaN,NaN,701.380000,472.000000,NaN,NaN
NaN,NaN,701.420000,471.990000,NaN,NaN
NaN,NaN,701.470000,471.990000,NaN,NaN
NaN,NaN,701.770000,472.100000,NaN,NaN
NaN,NaN,701.770000,472.090000,NaN,NaN
NaN,NaN,701.780000,472.090000,NaN,NaN
NaN,NaN,701.850000,472.100000,NaN,NaN
NaN,NaN,701.870000,472.110000,NaN,NaN
NaN,NaN,701.900000,472.110000,NaN,NaN
NaN,NaN,701.910000,472.120000,NaN,NaN
NaN,NaN,701.910000,472.060000,NaN,NaN
NaN,NaN,701.930000,472.060000,NaN,NaN
NaN,NaN,702.010000,472.060000,NaN,NaN
NaN,NaN,702.050000,472.070000,NaN,NaN
NaN,NaN,702.060000,472.060000,NaN,NaN
NaN,NaN,702.070000,472.030000,NaN,NaN
NaN,NaN,702.090000,472.030000,NaN,NaN
NaN,NaN,702.210000,472.070000,NaN,NaN
NaN,NaN,702.350000,472.070000,NaN,NaN
NaN,NaN,702.330000,472.040000,NaN,NaN
NaN,NaN,702.340000,472.010000,NaN,NaN
NaN,NaN,702.330000,472.000000,NaN,NaN
NaN,NaN,702.250000,471.970000,NaN,NaN
NaN,NaN,702.320000,471.960000,NaN,NaN
NaN,NaN,702.480000,472.010000,NaN,NaN
NaN,NaN,702.890000,472.350000,NaN,NaN
NaN,NaN,703.220000,473.290000,NaN,NaN
NaN,NaN,703.650000,474.110000,NaN,NaN
NaN,NaN,703.800000,474.750000,NaN,NaN
NaN,NaN,703.810000,474.770000,NaN,NaN
NaN,NaN,703.820000,474.810000,NaN,NaN
NaN,NaN,703.830000,474.810000,NaN,NaN
NaN,NaN,703.810000,474.830000,NaN,NaN
NaN,NaN,703.810000,474.850000,NaN,NaN
NaN,NaN,703.810000,474.860000,NaN,NaN
NaN,NaN,703.810000,474.890000,NaN,NaN
NaN,NaN,703.830000,474.880000,NaN,NaN
NaN,NaN,703.820000,474.890000,NaN,NaN
NaN,NaN,703.830000,474.890000,NaN,NaN
NaN,NaN,703.840000,474.890000,NaN,NaN
NaN,NaN,703.860000,474.890000,NaN,NaN
NaN,NaN,703.890000,474.900000,NaN,NaN
NaN,NaN,703.890000,474.900000,NaN,NaN
NaN,NaN,703.900000,474.900000,NaN,NaN
NaN,NaN,703.920000,474.890000,NaN,NaN
NaN,NaN,703.930000,474.900000,NaN,NaN
NaN,NaN,703.960000,474.870000,NaN,NaN
NaN,NaN,703.980000,474.890000,NaN,NaN
NaN,NaN,704.010000,474.880000,NaN,NaN
NaN,NaN,704.020000,474.870000,NaN,NaN
NaN,NaN,704.030000,474.860000,NaN,NaN
NaN,NaN,704.060000,474.860000,NaN,NaN
NaN,NaN,704.090000,474.850000,NaN,NaN
NaN,NaN,704.160000,474.850000,NaN,NaN
NaN,NaN,704.210000,474.840000,NaN,NaN
NaN,NaN,704.240000,474.840000,NaN,NaN
NaN,NaN,704.270000,474.820000,NaN,NaN
NaN,NaN,704.400000,474.860000,NaN,NaN
NaN,NaN,704.650000,474.870000,NaN,NaN
NaN,NaN,704.700000,474.880000,NaN,NaN
NaN,NaN,704.750000,474.870000,NaN,NaN
NaN,NaN,704.810000,474.850000,NaN,NaN
NaN,NaN,704.830000,474.830000,NaN,NaN
NaN,NaN,704.960000,474.800000,NaN,NaN
NaN,NaN,705.000000,474.770000,NaN,NaN
NaN,NaN,705.050000,474.750000,NaN,NaN
NaN,NaN,705.130000,474.750000,NaN,NaN
NaN,NaN,705.170000,474.730000,NaN,NaN
NaN,NaN,705.240000,474.760000,NaN,NaN
NaN,NaN,705.340000,474.750000,NaN,NaN
NaN,NaN,705.510000,474.760000,NaN,NaN
NaN,NaN,705.760000,474.810000,NaN,NaN
NaN,NaN,705.890000,474.770000,NaN,NaN
NaN,NaN,705.930000,474.760000,NaN,NaN
NaN,NaN,706.020000,474.710000,NaN,NaN
NaN,NaN,706.040000,474.680000,NaN,NaN
NaN,NaN,706.080000,474.630000,NaN,NaN
NaN,NaN,706.130000,474.600000,NaN,NaN
NaN,NaN,706.250000,474.620000,NaN,NaN
NaN,NaN,706.320000,474.610000,NaN,NaN
NaN,NaN,706.410000,474.600000,NaN,NaN
NaN,NaN,706.520000,474.610000,NaN,NaN
NaN,NaN,706.690000,474.660000,NaN,NaN
NaN,NaN,706.730000,474.660000,NaN,NaN
NaN,NaN,706.790000,474.630000,NaN,NaN
NaN,NaN,706.870000,474.660000,NaN,NaN
NaN,NaN,706.910000,474.630000,NaN,NaN
NaN,NaN,706.940000,474.590000,NaN,NaN
NaN,NaN,706.990000,474.580000,NaN,NaN
NaN,NaN,707.020000,474.560000,NaN,NaN
NaN,NaN,707.080000,474.520000,NaN,NaN
NaN,NaN,707.020000,473.900000,NaN,NaN
NaN,NaN,706.970000,473.200000,NaN,NaN
NaN,NaN,707.010000,473.180000,NaN,NaN
NaN,NaN,707.060000,473.150000,NaN,NaN
NaN,NaN,707.080000,473.160000,NaN,NaN
NaN,NaN,707.130000,473.160000,NaN,NaN
NaN,NaN,707.170000,473.150000,NaN,NaN
NaN,NaN,707.220000,473.130000,NaN,NaN
NaN,NaN,707.280000,473.140000,NaN,NaN
NaN,NaN,707.310000,473.110000,NaN,NaN
NaN,NaN,707.380000,473.120000,NaN,NaN
NaN,NaN,707.440000,473.100000,NaN,NaN
NaN,NaN,707.640000,473.180000,NaN,NaN
NaN,NaN,707.640000,473.180000,NaN,NaN
NaN,NaN,707.670000,473.170000,NaN,NaN
NaN,NaN,707.710000,473.190000,NaN,NaN
NaN,NaN,707.770000,473.190000,NaN,NaN
NaN,NaN,707.830000,473.180000,NaN,NaN
NaN,NaN,707.850000,473.190000,NaN,NaN
NaN,NaN,707.900000,473.220000,NaN,NaN
NaN,NaN,707.940000,473.200000,NaN,NaN
NaN,NaN,708.000000,473.220000,NaN,NaN
NaN,NaN,708.020000,473.190000,NaN,NaN
NaN,NaN,708.040000,473.190000,NaN,NaN
NaN,NaN,708.130000,473.150000,NaN,NaN
NaN,NaN,708.190000,473.140000,NaN,NaN
NaN,NaN,708.270000,473.130000,NaN,NaN
NaN,NaN,708.310000,473.110000,NaN,NaN
NaN,NaN,708.320000,473.130000,NaN,NaN
NaN,NaN,708.430000,473.100000,NaN,NaN
NaN,NaN,708.520000,473.150000,NaN,NaN
NaN,NaN,708.590000,473.160000,NaN,NaN
NaN,NaN,708.720000,473.140000,NaN,NaN
NaN,NaN,708.740000,473.110000,NaN,NaN
NaN,NaN,708.770000,473.120000,NaN,NaN
NaN,NaN,708.810000,473.150000,NaN,NaN
NaN,NaN,708.790000,473.140000,NaN,NaN
NaN,NaN,708.830000,473.120000,NaN,NaN
NaN,NaN,708.820000,473.080000,NaN,NaN
NaN,NaN,708.900000,473.080000,NaN,NaN
NaN,NaN,708.970000,473.080000,NaN,NaN
NaN,NaN,709.010000,473.060000,NaN,NaN
NaN,NaN,709.060000,473.080000,NaN,NaN
NaN,NaN,709.050000,473.050000,NaN,NaN
NaN,NaN,709.120000,473.040000,NaN,NaN
NaN,NaN,709.150000,473.050000,NaN,NaN
NaN,NaN,709.200000,473.070000,NaN,NaN
NaN,NaN,709.230000,472.970000,NaN,NaN
NaN,NaN,709.320000,473.030000,NaN,NaN
NaN,NaN,709.440000,473.040000,NaN,NaN
NaN,NaN,709.540000,473.080000,NaN,NaN
NaN,NaN,709.590000,473.090000,NaN,NaN
NaN,NaN,709.700000,473.050000,NaN,NaN
NaN,NaN,709.690000,473.040000,NaN,NaN
NaN,NaN,709.760000,473.040000,NaN,NaN
NaN,NaN,709.790000,473.040000,NaN,NaN
NaN,NaN,709.780000,473.010000,NaN,NaN
NaN,NaN,709.860000,473.000000,NaN,NaN
NaN,NaN,709.890000,472.980000,NaN,NaN
NaN,NaN,709.930000,473.000000,NaN,NaN
NaN,NaN,709.970000,472.990000,NaN,NaN
NaN,NaN,710.000000,472.990000,NaN,NaN
NaN,NaN,710.080000,472.930000,NaN,NaN
NaN,NaN,710.090000,472.950000,NaN,NaN
NaN,NaN,710.080000,472.970000,NaN,NaN
NaN,NaN,710.110000,472.960000,NaN,NaN
NaN,NaN,710.130000,472.940000,NaN,NaN
NaN,NaN,710.190000,472.930000,NaN,NaN
NaN,NaN,710.210000,472.880000,NaN,NaN
NaN,NaN,710.240000,472.890000,NaN,NaN
NaN,NaN,710.250000,472.910000,NaN,NaN
NaN,NaN,710.280000,472.860000,NaN,NaN
NaN,NaN,710.320000,472.880000,NaN,NaN
NaN,NaN,710.350000,472.900000,NaN,NaN
NaN,NaN,710.380000,472.930000,NaN,NaN
NaN,NaN,710.400000,472.900000,NaN,NaN
NaN,NaN,710.440000,472.880000,NaN,NaN
NaN,NaN,710.550000,472.970000,NaN,NaN
NaN,NaN,710.540000,473.010000,NaN,NaN
NaN,NaN,710.560000,472.990000,NaN,NaN
NaN,NaN,710.630000,472.970000,NaN,NaN
NaN,NaN,710.640000,472.940000,NaN,NaN
NaN,NaN,710.690000,472.970000,NaN,NaN
NaN,NaN,710.720000,472.980000,NaN,NaN
NaN,NaN,710.740000,472.960000,NaN,NaN
NaN,NaN,710.740000,472.980000,NaN,NaN
NaN,NaN,710.810000,473.010000,NaN,NaN
NaN,NaN,710.820000,472.990000,NaN,NaN
NaN,NaN,710.820000,472.970000,NaN,NaN
NaN,NaN,710.840000,472.990000,NaN,NaN
NaN,NaN,710.870000,472.970000,NaN,NaN
NaN,NaN,710.910000,472.970000,NaN,NaN
NaN,NaN,710.890000,472.990000,NaN,NaN
NaN,NaN,710.920000,472.970000,NaN,NaN
NaN,NaN,710.940000,472.960000,NaN,NaN
NaN,NaN,711.000000,472.990000,NaN,NaN
NaN,NaN,711.010000,472.990000,NaN,NaN
NaN,NaN,711.010000,472.940000,NaN,NaN
NaN,NaN,711.050000,472.990000,NaN,NaN
NaN,NaN,711.040000,472.950000,NaN,NaN
NaN,NaN,711.030000,472.940000,NaN,NaN
NaN,NaN,711.040000,472.990000,NaN,NaN
NaN,NaN,711.040000,472.960000,NaN,NaN
NaN,NaN,711.070000,472.940000,NaN,NaN
NaN,NaN,711.080000,472.940000,NaN,NaN
NaN,NaN,711.100000,472.960000,NaN,NaN
NaN,NaN,711.120000,472.950000,NaN,NaN
NaN,NaN,711.130000,472.930000,NaN,NaN
NaN,NaN,711.150000,472.920000,NaN,NaN
NaN,NaN,711.210000,472.980000,NaN,NaN
NaN,NaN,711.230000,472.990000,NaN,NaN
NaN,NaN,711.240000,472.990000,NaN,NaN
NaN,NaN,711.230000,472.980000,NaN,NaN
NaN,NaN,711.230000,472.940000,NaN,NaN
NaN,NaN,711.270000,472.950000,NaN,NaN
NaN,NaN,711.260000,472.920000,NaN,NaN
NaN,NaN,711.270000,472.940000,NaN,NaN
NaN,NaN,711.270000,472.960000,NaN,NaN
NaN,NaN,711.300000,472.960000,NaN,NaN
NaN,NaN,711.330000,473.000000,NaN,NaN
NaN,NaN,711.370000,473.010000,NaN,NaN
NaN,NaN,711.390000,472.990000,NaN,NaN
NaN,NaN,711.380000,472.960000,NaN,NaN
NaN,NaN,711.420000,473.000000,NaN,NaN
NaN,NaN,711.500000,473.000000,NaN,NaN
NaN,NaN,711.490000,473.030000,NaN,NaN
NaN,NaN,711.460000,472.990000,NaN,NaN
NaN,NaN,711.550000,473.000000,NaN,NaN
NaN,NaN,711.530000,473.000000,NaN,NaN
NaN,NaN,711.510000,472.970000,NaN,NaN
NaN,NaN,711.540000,472.970000,NaN,NaN
NaN,NaN,711.530000,472.980000,NaN,NaN
NaN,NaN,711.530000,473.020000,NaN,NaN
NaN,NaN,711.480000,472.950000,NaN,NaN
NaN,NaN,711.540000,472.950000,NaN,NaN
NaN,NaN,711.630000,473.040000,NaN,NaN
NaN,NaN,711.660000,473.040000,NaN,NaN
NaN,NaN,711.690000,473.040000,NaN,NaN
NaN,NaN,711.670000,473.060000,NaN,NaN
NaN,NaN,711.700000,473.060000,NaN,NaN
NaN,NaN,711.730000,473.020000,NaN,NaN
NaN,NaN,711.760000,473.020000,NaN,NaN
NaN,NaN,711.750000,473.000000,NaN,NaN
NaN,NaN,711.690000,472.960000,NaN,NaN
NaN,NaN,711.750000,473.060000,NaN,NaN
NaN,NaN,711.750000,472.990000,NaN,NaN
NaN,NaN,711.770000,472.970000,NaN,NaN
NaN,NaN,711.790000,473.020000,NaN,NaN
NaN,NaN,711.830000,473.030000,NaN,NaN
NaN,NaN,711.840000,472.990000,NaN,NaN
NaN,NaN,711.820000,472.970000,NaN,NaN
NaN,NaN,711.830000,472.950000,NaN,NaN
NaN,NaN,711.850000,472.990000,NaN,NaN
NaN,NaN,711.850000,472.980000,NaN,NaN
NaN,NaN,711.850000,472.970000,NaN,NaN
NaN,NaN,711.900000,472.980000,NaN,NaN
NaN,NaN,711.900000,472.980000,NaN,NaN
NaN,NaN,711.980000,473.050000,NaN,NaN
NaN,NaN,711.950000,473.000000,NaN,NaN
NaN,NaN,711.950000,472.950000,NaN,NaN
NaN,NaN,711.950000,472.970000,NaN,NaN
NaN,NaN,711.950000,472.990000,NaN,NaN
NaN,NaN,711.980000,473.030000,NaN,NaN
NaN,NaN,711.990000,472.990000,NaN,NaN
NaN,NaN,712.000000,473.010000,NaN,NaN
NaN,NaN,712.040000,473.050000,NaN,NaN
NaN,NaN,712.050000,473.020000,NaN,NaN
NaN,NaN,712.070000,472.990000,NaN,NaN
NaN,NaN,712.060000,473.000000,NaN,NaN
NaN,NaN,712.110000,472.990000,NaN,NaN
NaN,NaN,712.110000,473.000000,NaN,NaN
NaN,NaN,712.120000,473.030000,NaN,NaN
NaN,NaN,712.120000,472.990000,NaN,NaN
NaN,NaN,712.090000,472.980000,NaN,NaN
NaN,NaN,712.140000,473.010000,NaN,NaN
NaN,NaN,712.160000,472.960000,NaN,NaN
NaN,NaN,712.230000,472.970000,NaN,NaN
NaN,NaN,712.230000,473.010000,NaN,NaN
NaN,NaN,712.220000,472.980000,NaN,NaN
NaN,NaN,712.210000,472.950000,NaN,NaN
NaN,NaN,712.200000,472.930000,NaN,NaN
NaN,NaN,712.270000,472.970000,NaN,NaN
NaN,NaN,712.260000,473.030000,NaN,NaN
NaN,NaN,712.270000,472.960000,NaN,NaN
NaN,NaN,712.280000,472.980000,NaN,NaN
NaN,NaN,712.310000,472.950000,NaN,NaN
NaN,NaN,712.310000,472.940000,NaN,NaN
NaN,NaN,712.410000,472.980000,NaN,NaN
NaN,NaN,712.490000,473.030000,NaN,NaN
NaN,NaN,712.460000,472.960000,NaN,NaN
NaN,NaN,713.422157,472.941985,NaN,NaN
NaN,NaN,713.040000,473.000000,NaN,NaN
NaN,NaN,713.000000,472.990000,NaN,NaN
NaN,NaN,713.010000,472.990000,NaN,NaN
NaN,NaN,713.010000,473.000000,NaN,NaN
NaN,NaN,713.020000,472.990000,NaN,NaN
NaN,NaN,713.020000,472.990000,NaN,NaN
NaN,NaN,713.040000,473.000000,NaN,NaN
NaN,NaN,713.060000,473.000000,NaN,NaN
NaN,NaN,713.060000,472.990000,NaN,NaN
NaN,NaN,713.060000,472.990000,NaN,NaN
NaN,NaN,713.060000,472.980000,NaN,NaN
NaN,NaN,713.060000,472.970000,NaN,NaN
NaN,NaN,713.070000,472.970000,NaN,NaN
NaN,NaN,713.060000,472.980000,NaN,NaN
NaN,NaN,713.070000,472.970000,NaN,NaN
NaN,NaN,713.090000,472.980000,NaN,NaN
NaN,NaN,713.090000,472.980000,NaN,NaN
NaN,NaN,713.100000,472.980000,NaN,NaN
NaN,NaN,713.110000,472.970000,NaN,NaN
NaN,NaN,713.120000,472.970000,NaN,NaN
NaN,NaN,713.110000,472.970000,NaN,NaN
NaN,NaN,713.140000,472.970000,NaN,NaN
NaN,NaN,713.140000,472.960000,NaN,NaN
NaN,NaN,713.160000,472.970000,NaN,NaN
NaN,NaN,713.160000,472.970000,NaN,NaN
NaN,NaN,713.170000,472.960000,NaN,NaN
NaN,NaN,713.160000,472.950000,NaN,NaN
NaN,NaN,713.150000,472.950000,NaN,NaN
NaN,NaN,713.150000,472.950000,NaN,NaN
NaN,NaN,713.170000,472.950000,NaN,NaN
NaN,NaN,713.190000,472.950000,NaN,NaN
NaN,NaN,713.210000,472.960000,NaN,NaN
NaN,NaN,713.210000,472.960000,NaN,NaN
NaN,NaN,713.220000,472.950000,NaN,NaN
NaN,NaN,713.220000,472.950000,NaN,NaN
NaN,NaN,713.240000,472.950000,NaN,NaN
NaN,NaN,713.260000,472.960000,NaN,NaN
NaN,NaN,713.240000,472.950000,NaN,NaN
NaN,NaN,713.250000,472.960000,NaN,NaN
NaN,NaN,713.240000,472.950000,NaN,NaN
NaN,NaN,713.250000,472.950000,NaN,NaN
NaN,NaN,713.250000,472.970000,NaN,NaN
NaN,NaN,713.260000,472.960000,NaN,NaN
NaN,NaN,713.260000,472.950000,NaN,NaN
NaN,NaN,713.250000,472.950000,NaN,NaN
NaN,NaN,713.270000,472.940000,NaN,NaN
NaN,NaN,713.260000,472.940000,NaN,NaN
NaN,NaN,713.280000,472.940000,NaN,NaN
NaN,NaN,713.280000,472.940000,NaN,NaN
NaN,NaN,713.290000,472.940000,NaN,NaN
NaN,NaN,713.290000,472.930000,NaN,NaN
NaN,NaN,713.310000,472.950000,NaN,NaN
NaN,NaN,713.320000,472.950000,NaN,NaN
NaN,NaN,713.350000,472.950000,NaN,NaN
NaN,NaN,713.360000,472.940000,NaN,NaN
NaN,NaN,713.350000,472.950000,NaN,NaN
NaN,NaN,713.360000,472.950000,NaN,NaN
NaN,NaN,713.370000,472.950000,NaN,NaN
NaN,NaN,713.360000,472.940000,NaN,NaN
NaN,NaN,713.350000,472.940000,NaN,NaN
NaN,NaN,713.350000,472.940000,NaN,NaN
NaN,NaN,713.370000,472.950000,NaN,NaN
NaN,NaN,713.370000,472.940000,NaN,NaN
NaN,NaN,713.380000,472.940000,NaN,NaN
NaN,NaN,713.380000,472.940000,NaN,NaN
NaN,NaN,713.380000,472.930000,NaN,NaN
NaN,NaN,713.390000,472.960000,NaN,NaN
NaN,NaN,714.446259,472.941985,NaN,NaN
NaN,NaN,714.446259,472.941985,NaN,NaN
NaN,NaN,714.446259,472.941985,NaN,NaN
NaN,NaN,714.446259,472.941985,NaN,NaN
NaN,NaN,716.494464,472.941985,NaN,NaN
NaN,NaN,716.494464,472.941985,NaN,NaN
NaN,NaN,716.494464,472.941985,NaN,NaN
NaN,NaN,716.494464,472.941985,NaN,NaN
NaN,NaN,716.494464,472.941985,NaN,NaN
NaN,NaN,716.494464,472.941985,NaN,NaN
NaN,NaN,716.494464,472.941985,NaN,NaN
NaN,NaN,716.494464,472.941985,NaN,NaN
NaN,NaN,716.494464,472.941985,NaN,NaN
NaN,NaN,716.494464,472.941985,NaN,NaN
NaN,NaN,716.494464,472.941985,NaN,NaN
NaN,NaN,716.494464,472.941985,NaN,NaN
NaN,NaN,716.494464,472.941985,NaN,NaN
NaN,NaN,716.494464,472.941985,NaN,NaN
NaN,NaN,716.494464,472.941985,NaN,NaN
NaN,NaN,716.494464,472.941985,NaN,NaN
NaN,NaN,716.494464,472.941985,NaN,NaN
NaN,NaN,716.494464,472.941985,NaN,NaN
NaN,NaN,716.494464,472.941985,NaN,NaN
NaN,NaN,716.494464,472.941985,NaN,NaN
NaN,NaN,716.494464,472.941985,NaN,NaN
NaN,NaN,716.494464,472.941985,NaN,NaN
NaN,NaN,716.494464,472.941985,NaN,NaN
NaN,NaN,716.494464,472.941985,NaN,NaN
NaN,NaN,716.494464,472.941985,NaN,NaN
NaN,NaN,716.494464,472.941985,NaN,NaN
NaN,NaN,716.494464,472.941985,NaN,NaN
NaN,NaN,716.494464,472.941985,NaN,NaN
NaN,NaN,716.494464,472.941985,NaN,NaN
NaN,NaN,716.494464,472.941985,NaN,NaN
NaN,NaN,716.494464,472.941985,NaN,NaN
NaN,NaN,716.494464,472.941985,NaN,NaN
NaN,NaN,716.494464,472.941985,NaN,NaN
NaN,NaN,716.494464,472.941985,NaN,NaN
NaN,NaN,716.494464,472.941985,NaN,NaN
NaN,NaN,716.494464,472.941985,NaN,NaN
NaN,NaN,716.494464,472.941985,NaN,NaN
NaN,NaN,716.494464,472.941985,NaN,NaN
NaN,NaN,716.494464,472.941985,NaN,NaN
NaN,NaN,716.494464,472.941985,NaN,NaN
NaN,NaN,716.494464,472.941985,NaN,NaN
NaN,NaN,716.494464,472.941985,NaN,NaN
NaN,NaN,716.494464,472.941985,NaN,NaN
NaN,NaN,716.494464,472.941985,NaN,NaN
NaN,NaN,716.494464,472.941985,NaN,NaN
NaN,NaN,716.494464,472.941985,NaN,NaN
NaN,NaN,716.494464,472.941985,NaN,NaN
NaN,NaN,716.494464,472.941985,NaN,NaN
NaN,NaN,716.494464,472.941985,NaN,NaN
NaN,NaN,716.494464,472.941985,NaN,NaN
NaN,NaN,716.494464,472.941985,NaN,NaN
NaN,NaN,716.494464,472.941985,NaN,NaN
NaN,NaN,716.494464,472.941985,NaN,NaN
NaN,NaN,716.494464,472.941985,NaN,NaN
NaN,NaN,716.494464,472.941985,NaN,NaN
NaN,NaN,716.494464,472.941985,NaN,NaN
NaN,NaN,716.494464,472.941985,NaN,NaN
NaN,NaN,716.494464,472.941985,NaN,NaN
NaN,NaN,716.494464,472.941985,NaN,NaN
NaN,NaN,716.494464,472.941985,NaN,NaN
NaN,NaN,716.494464,472.941985,NaN,NaN
NaN,NaN,716.494464,472.941985,NaN,NaN
NaN,NaN,716.494464,472.941985,NaN,NaN
NaN,NaN,716.494464,472.941985,NaN,NaN
NaN,NaN,716.494464,472.941985,NaN,NaN
NaN,NaN,716.494464,472.941985,NaN,NaN
NaN,NaN,716.494464,472.941985,NaN,NaN
NaN,NaN,716.494464,472.941985,NaN,NaN
NaN,NaN,716.494464,472.941985,NaN,NaN
NaN,NaN,717.518566,472.481347,NaN,NaN
NaN,NaN,718.020000,472.000000,NaN,NaN
NaN,NaN,718.060000,471.990000,NaN,NaN
NaN,NaN,718.020000,471.990000,NaN,NaN
NaN,NaN,718.030000,472.000000,NaN,NaN
NaN,NaN,718.030000,471.990000,NaN,NaN
NaN,NaN,718.040000,471.990000,NaN,NaN
NaN,NaN,718.050000,471.990000,NaN,NaN
NaN,NaN,718.050000,471.990000,NaN,NaN
NaN,NaN,718.050000,471.990000,NaN,NaN
NaN,NaN,718.060000,471.980000,NaN,NaN
NaN,NaN,718.060000,471.980000,NaN,NaN
NaN,NaN,718.060000,471.990000,NaN,NaN
NaN,NaN,718.080000,471.990000,NaN,NaN
NaN,NaN,718.090000,471.960000,NaN,NaN
NaN,NaN,718.090000,471.960000,NaN,NaN
NaN,NaN,718.100000,471.980000,NaN,NaN
NaN,NaN,718.110000,471.980000,NaN,NaN
NaN,NaN,718.120000,471.980000,NaN,NaN
NaN,NaN,718.140000,471.970000,NaN,NaN
NaN,NaN,718.150000,471.960000,NaN,NaN
NaN,NaN,718.160000,471.960000,NaN,NaN
NaN,NaN,718.160000,471.960000,NaN,NaN
NaN,NaN,718.180000,471.960000,NaN,NaN
NaN,NaN,718.170000,471.960000,NaN,NaN
NaN,NaN,718.200000,471.950000,NaN,NaN
NaN,NaN,718.200000,471.940000,NaN,NaN
NaN,NaN,718.210000,471.940000,NaN,NaN
NaN,NaN,718.220000,471.940000,NaN,NaN
NaN,NaN,718.240000,471.950000,NaN,NaN
NaN,NaN,718.230000,471.940000,NaN,NaN
NaN,NaN,718.230000,471.930000,NaN,NaN
NaN,NaN,718.250000,471.930000,NaN,NaN
NaN,NaN,718.240000,471.920000,NaN,NaN
NaN,NaN,718.260000,471.920000,NaN,NaN
NaN,NaN,718.260000,471.930000,NaN,NaN
NaN,NaN,718.250000,471.950000,NaN,NaN
NaN,NaN,718.260000,471.920000,NaN,NaN
NaN,NaN,718.270000,471.930000,NaN,NaN
NaN,NaN,718.270000,471.940000,NaN,NaN
NaN,NaN,718.310000,471.930000,NaN,NaN
NaN,NaN,718.300000,471.920000,NaN,NaN
NaN,NaN,718.300000,471.920000,NaN,NaN
NaN,NaN,718.290000,471.920000,NaN,NaN
NaN,NaN,718.290000,471.920000,NaN,NaN
NaN,NaN,718.300000,471.920000,NaN,NaN
NaN,NaN,718.280000,471.930000,NaN,NaN
NaN,NaN,718.290000,471.930000,NaN,NaN
NaN,NaN,718.290000,471.930000,NaN,NaN
NaN,NaN,718.280000,471.940000,NaN,NaN
NaN,NaN,718.300000,471.930000,NaN,NaN
NaN,NaN,718.280000,471.940000,NaN,NaN
NaN,NaN,718.260000,471.930000,NaN,NaN
NaN,NaN,718.270000,471.930000,NaN,NaN
NaN,NaN,718.270000,471.930000,NaN,NaN
NaN,NaN,718.270000,471.920000,NaN,NaN
NaN,NaN,718.250000,471.940000,NaN,NaN
NaN,NaN,718.270000,471.940000,NaN,NaN
NaN,NaN,718.280000,471.920000,NaN,NaN
NaN,NaN,718.290000,471.920000,NaN,NaN
NaN,NaN,718.280000,471.930000,NaN,NaN
NaN,NaN,718.290000,471.890000,NaN,NaN
NaN,NaN,718.300000,471.900000,NaN,NaN
NaN,NaN,718.290000,471.900000,NaN,NaN
NaN,NaN,718.280000,471.900000,NaN,NaN
NaN,NaN,718.300000,471.890000,NaN,NaN
NaN,NaN,718.310000,471.880000,NaN,NaN
NaN,NaN,718.340000,471.880000,NaN,NaN
NaN,NaN,718.300000,471.880000,NaN,NaN
NaN,NaN,718.320000,471.880000,NaN,NaN
NaN,NaN,718.330000,471.870000,NaN,NaN
NaN,NaN,718.330000,471.850000,NaN,NaN
NaN,NaN,718.340000,471.860000,NaN,NaN
NaN,NaN,718.350000,471.850000,NaN,NaN
NaN,NaN,718.360000,471.860000,NaN,NaN
NaN,NaN,718.370000,471.850000,NaN,NaN
NaN,NaN,718.390000,471.820000,NaN,NaN
NaN,NaN,718.430000,471.820000,NaN,NaN
NaN,NaN,718.440000,471.830000,NaN,NaN
NaN,NaN,718.450000,471.820000,NaN,NaN
NaN,NaN,718.450000,471.810000,NaN,NaN
NaN,NaN,718.480000,471.820000,NaN,NaN
NaN,NaN,718.770000,471.740000,NaN,NaN
NaN,NaN,718.750000,471.740000,NaN,NaN
NaN,NaN,718.790000,471.730000,NaN,NaN
NaN,NaN,718.790000,471.730000,NaN,NaN
NaN,NaN,718.840000,471.720000,NaN,NaN
NaN,NaN,718.820000,471.720000,NaN,NaN
NaN,NaN,718.840000,471.720000,NaN,NaN
NaN,NaN,718.860000,471.720000,NaN,NaN
NaN,NaN,718.860000,471.720000,NaN,NaN
NaN,NaN,718.910000,471.730000,NaN,NaN
NaN,NaN,718.880000,471.730000,NaN,NaN
NaN,NaN,718.850000,471.740000,NaN,NaN
NaN,NaN,718.830000,471.730000,NaN,NaN
NaN,NaN,718.800000,471.760000,NaN,NaN
NaN,NaN,718.780000,471.770000,NaN,NaN
NaN,NaN,718.770000,471.760000,NaN,NaN
NaN,NaN,718.770000,471.770000,NaN,NaN
NaN,NaN,718.780000,471.750000,NaN,NaN
NaN,NaN,718.790000,471.740000,NaN,NaN
NaN,NaN,718.820000,471.730000,NaN,NaN
NaN,NaN,718.800000,471.750000,NaN,NaN
NaN,NaN,718.780000,471.750000,NaN,NaN
NaN,NaN,718.820000,471.730000,NaN,NaN
NaN,NaN,718.870000,471.720000,NaN,NaN
NaN,NaN,718.920000,471.700000,NaN,NaN
NaN,NaN,718.850000,471.720000,NaN,NaN
NaN,NaN,718.830000,471.740000,NaN,NaN
NaN,NaN,718.830000,471.730000,NaN,NaN
NaN,NaN,718.800000,471.760000,NaN,NaN
NaN,NaN,718.810000,471.750000,NaN,NaN
NaN,NaN,718.760000,471.760000,NaN,NaN
NaN,NaN,718.720000,471.750000,NaN,NaN
NaN,NaN,718.680000,471.750000,NaN,NaN
NaN,NaN,718.630000,471.750000,NaN,NaN
NaN,NaN,718.630000,471.760000,NaN,NaN
NaN,NaN,718.660000,471.760000,NaN,NaN
NaN,NaN,719.566771,472.481347,NaN,NaN
NaN,NaN,719.566771,472.481347,NaN,NaN
NaN,NaN,720.078822,472.481347,NaN,NaN
NaN,NaN,720.078822,472.481347,NaN,NaN
NaN,NaN,721.614976,472.481347,NaN,NaN
NaN,NaN,721.614976,472.481347,NaN,NaN
NaN,NaN,721.614976,472.481347,NaN,NaN
NaN,NaN,721.614976,472.481347,NaN,NaN
NaN,NaN,722.639078,472.481347,NaN,NaN
NaN,NaN,722.639078,472.481347,NaN,NaN
NaN,NaN,722.639078,472.481347,NaN,NaN
NaN,NaN,723.663181,472.481347,NaN,NaN
NaN,NaN,723.663181,472.481347,NaN,NaN
NaN,NaN,723.663181,472.481347,NaN,NaN
NaN,NaN,723.663181,472.481347,NaN,NaN
NaN,NaN,723.663181,472.481347,NaN,NaN
NaN,NaN,723.663181,472.481347,NaN,NaN
NaN,NaN,724.175232,472.481347,NaN,NaN
NaN,NaN,724.175232,472.481347,NaN,NaN
NaN,NaN,724.175232,472.481347,NaN,NaN
NaN,NaN,724.175232,472.481347,NaN,NaN
NaN,NaN,724.175232,472.481347,NaN,NaN
NaN,NaN,724.175232,472.481347,NaN,NaN
NaN,NaN,724.175232,472.481347,NaN,NaN
NaN,NaN,724.175232,472.481347,NaN,NaN
NaN,NaN,724.175232,472.481347,NaN,NaN
NaN,NaN,724.175232,472.481347,NaN,NaN
NaN,NaN,724.175232,472.481347,NaN,NaN
NaN,NaN,724.175232,472.481347,NaN,NaN
NaN,NaN,724.175232,472.481347,NaN,NaN
NaN,NaN,724.175232,472.481347,NaN,NaN
NaN,NaN,724.175232,472.481347,NaN,NaN
NaN,NaN,724.175232,472.481347,NaN,NaN
NaN,NaN,724.175232,472.481347,NaN,NaN
NaN,NaN,724.175232,472.481347,NaN,NaN
NaN,NaN,724.175232,472.481347,NaN,NaN
NaN,NaN,724.175232,472.481347,NaN,NaN
NaN,NaN,724.175232,472.481347,NaN,NaN
NaN,NaN,724.175232,472.481347,NaN,NaN
NaN,NaN,724.175232,472.481347,NaN,NaN
NaN,NaN,724.175232,472.481347,NaN,NaN
NaN,NaN,724.175232,472.481347,NaN,NaN
NaN,NaN,724.175232,472.481347,NaN,NaN
NaN,NaN,724.175232,472.481347,NaN,NaN
NaN,NaN,724.175232,472.481347,NaN,NaN
NaN,NaN,724.175232,472.481347,NaN,NaN
NaN,NaN,724.175232,472.481347,NaN,NaN
NaN,NaN,724.175232,472.481347,NaN,NaN
NaN,NaN,724.175232,472.481347,NaN,NaN
NaN,NaN,724.175232,472.481347,NaN,NaN
NaN,NaN,724.175232,472.481347,NaN,NaN
NaN,NaN,726.735488,472.481347,NaN,NaN
NaN,NaN,726.735488,472.481347,NaN,NaN
NaN,NaN,726.735488,472.481347,NaN,NaN
NaN,NaN,726.735488,472.481347,NaN,NaN
NaN,NaN,726.735488,472.481347,NaN,NaN
NaN,NaN,726.735488,472.481347,NaN,NaN
NaN,NaN,726.735488,472.481347,NaN,NaN
NaN,NaN,726.735488,472.481347,NaN,NaN
NaN,NaN,726.735488,472.481347,NaN,NaN
NaN,NaN,726.735488,472.481347,NaN,NaN
NaN,NaN,726.735488,472.481347,NaN,NaN
NaN,NaN,726.735488,472.481347,NaN,NaN
NaN,NaN,726.735488,472.481347,NaN,NaN
NaN,NaN,726.735488,472.481347,NaN,NaN
NaN,NaN,726.735488,472.481347,NaN,NaN
NaN,NaN,726.735488,472.481347,NaN,NaN
NaN,NaN,726.735488,472.481347,NaN,NaN
NaN,NaN,726.735488,472.481347,NaN,NaN
NaN,NaN,726.735488,472.481347,NaN,NaN
NaN,NaN,726.735488,472.481347,NaN,NaN
NaN,NaN,726.735488,472.481347,NaN,NaN
NaN,NaN,726.735488,472.481347,NaN,NaN
NaN,NaN,726.735488,472.481347,NaN,NaN
NaN,NaN,726.735488,472.481347,NaN,NaN
NaN,NaN,726.735488,472.481347,NaN,NaN
NaN,NaN,726.735488,472.481347,NaN,NaN
NaN,NaN,726.735488,472.481347,NaN,NaN
NaN,NaN,726.735488,472.481347,NaN,NaN
NaN,NaN,726.735488,472.481347,NaN,NaN
NaN,NaN,726.735488,472.481347,NaN,NaN
NaN,NaN,726.735488,472.481347,NaN,NaN
NaN,NaN,726.735488,472.481347,NaN,NaN
NaN,NaN,726.735488,472.481347,NaN,NaN
NaN,NaN,726.735488,472.481347,NaN,NaN
NaN,NaN,726.735488,472.481347,NaN,NaN
NaN,NaN,726.735488,472.481347,NaN,NaN
NaN,NaN,726.735488,472.481347,NaN,NaN
NaN,NaN,726.735488,472.481347,NaN,NaN
NaN,NaN,726.735488,472.481347,NaN,NaN
NaN,NaN,726.735488,472.481347,NaN,NaN
NaN,NaN,726.735488,472.481347,NaN,NaN
NaN,NaN,726.735488,472.481347,NaN,NaN
NaN,NaN,726.735488,472.481347,NaN,NaN
NaN,NaN,726.735488,472.481347,NaN,NaN
NaN,NaN,726.735488,472.481347,NaN,NaN
NaN,NaN,726.735488,472.481347,NaN,NaN
NaN,NaN,726.735488,472.481347,NaN,NaN
NaN,NaN,726.735488,472.481347,NaN,NaN
NaN,NaN,726.735488,472.481347,NaN,NaN
NaN,NaN,726.735488,472.481347,NaN,NaN
NaN,NaN,726.735488,472.481347,NaN,NaN
NaN,NaN,726.735488,472.481347,NaN,NaN
NaN,NaN,726.735488,472.481347,NaN,NaN
NaN,NaN,726.735488,472.481347,NaN,NaN
NaN,NaN,726.735488,472.481347,NaN,NaN
NaN,NaN,726.735488,472.481347,NaN,NaN
NaN,NaN,726.735488,472.481347,NaN,NaN
NaN,NaN,726.735488,472.481347,NaN,NaN
NaN,NaN,726.735488,472.481347,NaN,NaN
NaN,NaN,727.247539,472.481347,NaN,NaN
NaN,NaN,727.247539,472.481347,NaN,NaN
NaN,NaN,727.247539,472.481347,NaN,NaN
NaN,NaN,727.247539,472.481347,NaN,NaN
NaN,NaN,727.759590,472.481347,NaN,NaN
NaN,NaN,728.271642,472.481347,NaN,NaN
NaN,NaN,728.271642,472.481347,NaN,NaN
NaN,NaN,728.271642,472.481347,NaN,NaN
NaN,NaN,728.271642,472.481347,NaN,NaN
NaN,NaN,728.271642,472.481347,NaN,NaN
NaN,NaN,728.271642,472.481347,NaN,NaN
NaN,NaN,728.271642,472.481347,NaN,NaN
NaN,NaN,728.271642,472.481347,NaN,NaN
NaN,NaN,728.271642,472.481347,NaN,NaN
NaN,NaN,728.271642,472.481347,NaN,NaN
NaN,NaN,728.271642,472.481347,NaN,NaN
NaN,NaN,728.271642,472.481347,NaN,NaN
NaN,NaN,728.271642,472.481347,NaN,NaN
NaN,NaN,728.783693,472.481347,NaN,NaN
NaN,NaN,728.783693,472.481347,NaN,NaN
NaN,NaN,728.783693,472.481347,NaN,NaN
NaN,NaN,729.807795,472.481347,NaN,NaN
NaN,NaN,729.807795,472.481347,NaN,NaN
NaN,NaN,730.831898,472.941985,NaN,NaN
NaN,NaN,730.831898,472.941985,NaN,NaN
NaN,NaN,730.831898,472.941985,NaN,NaN
NaN,NaN,730.831898,472.941985,NaN,NaN
NaN,NaN,730.831898,472.941985,NaN,NaN
NaN,NaN,730.831898,472.941985,NaN,NaN
NaN,NaN,730.831898,472.941985,NaN,NaN
NaN,NaN,730.831898,472.941985,NaN,NaN
NaN,NaN,730.831898,472.941985,NaN,NaN
NaN,NaN,730.831898,472.941985,NaN,NaN
NaN,NaN,730.831898,472.941985,NaN,NaN
NaN,NaN,730.831898,472.941985,NaN,NaN
NaN,NaN,730.831898,472.941985,NaN,NaN
NaN,NaN,730.831898,472.941985,NaN,NaN
NaN,NaN,730.831898,472.941985,NaN,NaN
NaN,NaN,730.831898,472.941985,NaN,NaN
NaN,NaN,730.831898,472.941985,NaN,NaN
NaN,NaN,730.831898,472.941985,NaN,NaN
NaN,NaN,730.831898,472.941985,NaN,NaN
NaN,NaN,730.831898,472.941985,NaN,NaN
NaN,NaN,730.831898,472.941985,NaN,NaN
NaN,NaN,730.831898,472.941985,NaN,NaN
NaN,NaN,730.831898,472.941985,NaN,NaN
NaN,NaN,730.831898,472.941985,NaN,NaN
NaN,NaN,730.831898,472.941985,NaN,NaN
NaN,NaN,730.831898,472.941985,NaN,NaN
NaN,NaN,730.831898,472.941985,NaN,NaN
NaN,NaN,730.831898,472.941985,NaN,NaN
NaN,NaN,730.831898,472.941985,NaN,NaN
NaN,NaN,730.831898,472.941985,NaN,NaN
NaN,NaN,730.831898,472.941985,NaN,NaN
NaN,NaN,730.831898,472.941985,NaN,NaN
NaN,NaN,NaN,NaN,NaN,NaN
NaN,NaN,NaN,NaN,NaN,NaN
NaN,NaN,NaN,NaN,NaN,NaN
NaN,NaN,NaN,NaN,NaN,NaN
NaN,NaN,NaN,NaN,NaN,NaN
NaN,NaN,NaN,NaN,NaN,NaN
NaN,NaN,NaN,NaN,NaN,NaN
NaN,NaN,NaN,NaN,NaN,NaN
NaN,NaN,NaN,NaN,NaN,NaN
NaN,NaN,NaN,NaN,NaN,NaN
NaN,NaN,NaN,NaN,NaN,NaN
NaN,NaN,NaN,NaN,NaN,NaN
NaN,NaN,NaN,NaN,NaN,NaN
NaN,NaN,NaN,NaN,NaN,NaN
NaN,NaN,NaN,NaN,NaN,NaN
NaN,NaN,NaN,NaN,NaN,NaN
NaN,NaN,NaN,NaN,NaN,NaN
NaN,NaN,NaN,NaN,NaN,NaN
NaN,NaN,NaN,NaN,NaN,NaN
NaN,NaN,NaN,NaN,NaN,NaN
NaN,NaN,NaN,NaN,NaN,NaN
NaN,NaN,NaN,NaN,NaN,NaN
NaN,NaN,NaN,NaN,NaN,NaN
NaN,NaN,NaN,NaN,NaN,NaN
NaN,NaN,NaN,NaN,NaN,NaN
NaN,NaN,NaN,NaN,NaN,NaN
NaN,NaN,NaN,NaN,NaN,NaN
NaN,NaN,NaN,NaN,NaN,NaN
NaN,NaN,NaN,NaN,NaN,NaN
NaN,NaN,NaN,NaN,NaN,NaN
NaN,NaN,NaN,NaN,NaN,NaN
NaN,NaN,NaN,NaN,NaN,NaN
NaN,NaN,NaN,NaN,NaN,NaN
NaN,NaN,NaN,NaN,NaN,NaN
NaN,NaN,NaN,NaN,NaN,NaN
NaN,NaN,NaN,NaN,NaN,NaN
NaN,NaN,NaN,NaN,NaN,NaN
NaN,NaN,NaN,NaN,NaN,NaN
NaN,NaN,NaN,NaN,NaN,NaN
NaN,NaN,NaN,NaN,NaN,NaN
NaN,NaN,NaN,NaN,NaN,NaN
NaN,NaN,NaN,NaN,NaN,NaN
NaN,NaN,NaN,NaN,NaN,NaN
NaN,NaN,NaN,NaN,NaN,NaN
NaN,NaN,NaN,NaN,NaN,NaN
NaN,NaN,NaN,NaN,NaN,NaN
NaN,NaN,NaN,NaN,NaN,NaN
NaN,NaN,NaN,NaN,NaN,NaN
NaN,NaN,NaN,NaN,NaN,NaN
NaN,NaN,NaN,NaN,NaN,NaN
NaN,NaN,NaN,NaN,NaN,NaN
NaN,NaN,NaN,NaN,NaN,NaN
NaN,NaN,NaN,NaN,NaN,NaN
NaN,NaN,NaN,NaN,NaN,NaN
NaN,NaN,NaN,NaN,NaN,NaN
NaN,NaN,NaN,NaN,NaN,NaN
NaN,NaN,NaN,NaN,NaN,NaN
NaN,NaN,NaN,NaN,NaN,NaN
NaN,NaN,NaN,NaN,NaN,NaN
NaN,NaN,NaN,NaN,NaN,NaN
NaN,NaN,NaN,NaN,NaN,NaN
NaN,NaN,NaN,NaN,NaN,NaN
NaN,NaN,NaN,NaN,NaN,NaN
NaN,NaN,NaN,NaN,NaN,NaN
NaN,NaN,NaN,NaN,NaN,NaN
NaN,NaN,NaN,NaN,NaN,NaN
NaN,NaN,NaN,NaN,NaN,NaN
NaN,NaN,NaN,NaN,NaN,NaN
NaN,NaN,NaN,NaN,NaN,NaN
NaN,NaN,NaN,NaN,NaN,NaN
NaN,NaN,NaN,NaN,NaN,NaN
NaN,NaN,NaN,NaN,NaN,NaN
NaN,NaN,NaN,NaN,NaN,NaN
NaN,NaN,NaN,NaN,NaN,NaN
NaN,NaN,NaN,NaN,NaN,NaN
NaN,NaN,NaN,NaN,NaN,NaN
NaN,NaN,NaN,NaN,NaN,NaN
NaN,NaN,NaN,NaN,NaN,NaN
NaN,NaN,NaN,NaN,NaN,NaN
NaN,NaN,NaN,NaN,NaN,NaN
NaN,NaN,NaN,NaN,NaN,NaN
NaN,NaN,NaN,NaN,NaN,NaN
NaN,NaN,NaN,NaN,NaN,NaN
NaN,NaN,NaN,NaN,NaN,NaN
NaN,NaN,NaN,NaN,NaN,NaN
NaN,NaN,NaN,NaN,NaN,NaN
NaN,NaN,NaN,NaN,NaN,NaN
NaN,NaN,NaN,NaN,NaN,NaN
NaN,NaN,NaN,NaN,NaN,NaN
NaN,NaN,NaN,NaN,NaN,NaN
NaN,NaN,NaN,NaN,NaN,NaN
NaN,NaN,NaN,NaN,NaN,NaN
NaN,NaN,NaN,NaN,NaN,NaN
NaN,NaN,NaN,NaN,NaN,NaN
NaN,NaN,NaN,NaN,NaN,NaN
NaN,NaN,NaN,NaN,NaN,NaN
NaN,NaN,NaN,NaN,NaN,NaN
NaN,NaN,NaN,NaN,NaN,NaN
NaN,NaN,NaN,NaN,NaN,NaN
NaN,NaN,NaN,NaN,NaN,NaN
NaN,NaN,NaN,NaN,NaN,NaN
NaN,NaN,NaN,NaN,NaN,NaN
NaN,NaN,NaN,NaN,NaN,NaN
NaN,NaN,NaN,NaN,NaN,NaN
NaN,NaN,NaN,NaN,NaN,NaN
NaN,NaN,NaN,NaN,NaN,NaN
NaN,NaN,NaN,NaN,NaN,NaN
NaN,NaN,NaN,NaN,NaN,NaN
NaN,NaN,NaN,NaN,NaN,NaN
NaN,NaN,NaN,NaN,NaN,NaN
NaN,NaN,NaN,NaN,NaN,NaN
NaN,NaN,NaN,NaN,NaN,NaN
NaN,NaN,NaN,NaN,NaN,NaN
NaN,NaN,NaN,NaN,NaN,NaN
NaN,NaN,NaN,NaN,NaN,NaN
NaN,NaN,NaN,NaN,NaN,NaN
NaN,NaN,NaN,NaN,NaN,NaN
NaN,NaN,NaN,NaN,NaN,NaN
NaN,NaN,NaN,NaN,NaN,NaN
NaN,NaN,NaN,NaN,NaN,NaN
NaN,NaN,NaN,NaN,NaN,NaN
NaN,NaN,NaN,NaN,NaN,NaN
NaN,NaN,NaN,NaN,NaN,NaN
NaN,NaN,NaN,NaN,NaN,NaN
NaN,NaN,NaN,NaN,NaN,NaN
NaN,NaN,NaN,NaN,NaN,NaN
NaN,NaN,NaN,NaN,NaN,NaN
NaN,NaN,NaN,NaN,NaN,NaN
NaN,NaN,NaN,NaN,NaN,NaN
NaN,NaN,NaN,NaN,NaN,NaN
NaN,NaN,NaN,NaN,NaN,NaN
NaN,NaN,NaN,NaN,NaN,NaN
NaN,NaN,NaN,NaN,NaN,NaN
NaN,NaN,NaN,NaN,NaN,NaN
NaN,NaN,NaN,NaN,NaN,NaN
NaN,NaN,NaN,NaN,NaN,NaN
NaN,NaN,NaN,NaN,NaN,NaN
NaN,NaN,NaN,NaN,NaN,NaN
NaN,NaN,NaN,NaN,NaN,NaN
NaN,NaN,NaN,NaN,NaN,NaN
NaN,NaN,NaN,NaN,NaN,NaN
NaN,NaN,NaN,NaN,NaN,NaN
NaN,NaN,NaN,NaN,NaN,NaN
NaN,NaN,NaN,NaN,NaN,NaN
NaN,NaN,NaN,NaN,NaN,NaN
NaN,NaN,NaN,NaN,NaN,NaN
NaN,NaN,NaN,NaN,NaN,NaN
NaN,NaN,NaN,NaN,NaN,NaN
NaN,NaN,NaN,NaN,NaN,NaN
NaN,NaN,NaN,NaN,NaN,NaN
NaN,NaN,NaN,NaN,NaN,NaN
NaN,NaN,NaN,NaN,NaN,NaN
NaN,NaN,NaN,NaN,NaN,NaN
NaN,NaN,NaN,NaN,NaN,NaN
NaN,NaN,NaN,NaN,NaN,NaN
NaN,NaN,NaN,NaN,NaN,NaN
NaN,NaN,NaN,NaN,NaN,NaN
NaN,NaN,NaN,NaN,NaN,NaN
NaN,NaN,NaN,NaN,NaN,NaN
NaN,NaN,NaN,NaN,NaN,NaN
NaN,NaN,NaN,NaN,NaN,NaN
NaN,NaN,NaN,NaN,NaN,NaN
NaN,NaN,NaN,NaN,NaN,NaN
NaN,NaN,NaN,NaN,NaN,NaN
NaN,NaN,NaN,NaN,NaN,NaN
NaN,NaN,NaN,NaN,NaN,NaN
NaN,NaN,NaN,NaN,NaN,NaN
NaN,NaN,NaN,NaN,NaN,NaN
NaN,NaN,NaN,NaN,NaN,NaN
NaN,NaN,NaN,NaN,NaN,NaN
NaN,NaN,NaN,NaN,NaN,NaN
NaN,NaN,NaN,NaN,NaN,NaN
NaN,NaN,NaN,NaN,NaN,NaN
NaN,NaN,NaN,NaN,NaN,NaN
NaN,NaN,NaN,NaN,NaN,NaN
NaN,NaN,NaN,NaN,NaN,NaN
NaN,NaN,NaN,NaN,NaN,NaN
NaN,NaN,NaN,NaN,NaN,NaN
NaN,NaN,NaN,NaN,NaN,NaN
NaN,NaN,NaN,NaN,NaN,NaN
NaN,NaN,NaN,NaN,NaN,NaN
NaN,NaN,NaN,NaN,NaN,NaN
NaN,NaN,NaN,NaN,NaN,NaN
NaN,NaN,NaN,NaN,NaN,NaN
NaN,NaN,NaN,NaN,NaN,NaN
NaN,NaN,NaN,NaN,NaN,NaN
NaN,NaN,NaN,NaN,NaN,NaN
NaN,NaN,NaN,NaN,NaN,NaN
NaN,NaN,NaN,NaN,NaN,NaN
NaN,NaN,NaN,NaN,NaN,NaN
NaN,NaN,NaN,NaN,NaN,NaN
NaN,NaN,NaN,NaN,NaN,NaN
NaN,NaN,NaN,NaN,NaN,NaN
NaN,NaN,NaN,NaN,NaN,NaN
NaN,NaN,NaN,NaN,NaN,NaN
NaN,NaN,NaN,NaN,NaN,NaN
NaN,NaN,NaN,NaN,NaN,NaN
NaN,NaN,NaN,NaN,NaN,NaN
NaN,NaN,NaN,NaN,NaN,NaN
