pt1_cam1_X,pt1_cam1_Y,pt2_cam1_X,pt2_cam1_Y,pt3_cam1_X,pt3_cam1_Y
NaN,NaN,NaN,NaN,506.851806,361.051492
NaN,NaN,NaN,NaN,507.000000,360.990000
NaN,NaN,NaN,NaN,507.010000,361.000000
NaN,NaN,NaN,NaN,507.010000,361.000000
NaN,NaN,NaN,NaN,507.000000,361.000000
NaN,NaN,NaN,NaN,507.000000,361.000000
NaN,NaN,NaN,NaN,507.010000,360.990000
NaN,NaN,NaN,NaN,507.020000,360.990000
NaN,NaN,NaN,NaN,507.010000,360.990000
NaN,NaN,NaN,NaN,507.020000,360.990000
NaN,NaN,NaN,NaN,507.020000,360.990000
NaN,NaN,NaN,NaN,507.030000,360.980000
NaN,NaN,NaN,NaN,507.040000,360.980000
NaN,NaN,NaN,NaN,507.030000,360.980000
NaN,NaN,NaN,NaN,507.050000,360.980000
NaN,NaN,NaN,NaN,507.050000,360.970000
NaN,NaN,NaN,NaN,507.050000,360.970000
NaN,NaN,NaN,NaN,507.060000,360.970000
NaN,NaN,NaN,NaN,507.070000,360.960000
NaN,NaN,NaN,NaN,507.070000,360.970000
NaN,NaN,NaN,NaN,507.070000,360.960000
NaN,NaN,NaN,NaN,507.070000,360.960000
NaN,NaN,NaN,NaN,507.070000,360.950000
NaN,NaN,NaN,NaN,507.070000,360.960000
NaN,NaN,NaN,NaN,507.070000,360.940000
NaN,NaN,NaN,NaN,507.080000,360.940000
NaN,NaN,NaN,NaN,507.090000,360.950000
NaN,NaN,NaN,NaN,507.080000,360.950000
NaN,NaN,NaN,NaN,507.090000,360.950000
NaN,NaN,NaN,NaN,507.090000,360.940000
NaN,NaN,NaN,NaN,507.120000,360.940000
NaN,NaN,NaN,NaN,507.100000,360.940000
NaN,NaN,NaN,NaN,507.120000,360.940000
NaN,NaN,NaN,NaN,507.100000,360.940000
NaN,NaN,NaN,NaN,507.120000,360.940000
NaN,NaN,NaN,NaN,507.120000,360.940000
NaN,NaN,NaN,NaN,507.120000,360.930000
NaN,NaN,NaN,NaN,507.120000,360.940000
NaN,NaN,NaN,NaN,507.120000,360.930000
NaN,NaN,NaN,NaN,507.120000,360.940000
NaN,NaN,NaN,NaN,507.120000,360.920000
NaN,NaN,NaN,NaN,507.110000,360.930000
NaN,NaN,NaN,NaN,507.120000,360.920000
NaN,NaN,NaN,NaN,507.130000,360.930000
NaN,NaN,NaN,NaN,507.110000,360.930000
NaN,NaN,NaN,NaN,507.130000,360.930000
NaN,NaN,NaN,NaN,507.140000,360.930000
NaN,NaN,NaN,NaN,507.110000,360.930000
NaN,NaN,NaN,NaN,507.120000,360.930000
NaN,NaN,NaN,NaN,507.120000,360.920000
NaN,NaN,NaN,NaN,507.100000,360.920000
NaN,NaN,NaN,NaN,507.110000,360.920000
NaN,NaN,NaN,NaN,507.110000,360.930000
NaN,NaN,NaN,NaN,507.120000,360.930000
NaN,NaN,NaN,NaN,507.120000,360.920000
NaN,NaN,NaN,NaN,507.120000,360.930000
NaN,NaN,NaN,NaN,507.130000,360.930000
NaN,NaN,NaN,NaN,507.130000,360.920000
NaN,NaN,NaN,NaN,507.110000,360.910000
NaN,NaN,NaN,NaN,507.090000,360.910000
NaN,NaN,NaN,NaN,507.090000,360.920000
NaN,NaN,NaN,NaN,507.100000,360.920000
NaN,NaN,NaN,NaN,507.080000,360.910000
NaN,NaN,NaN,NaN,507.080000,360.910000
NaN,NaN,NaN,NaN,507.100000,360.910000
NaN,NaN,NaN,NaN,507.100000,360.910000
NaN,NaN,NaN,NaN,507.100000,360.900000
NaN,NaN,NaN,NaN,507.100000,360.890000
NaN,NaN,NaN,NaN,507.090000,360.890000
NaN,NaN,NaN,NaN,507.090000,360.870000
NaN,NaN,NaN,NaN,507.100000,360.870000
NaN,NaN,NaN,NaN,507.090000,360.880000
NaN,NaN,NaN,NaN,507.090000,360.870000
NaN,NaN,NaN,NaN,507.100000,360.860000
NaN,NaN,NaN,NaN,507.110000,360.870000
NaN,NaN,NaN,NaN,507.120000,360.850000
NaN,NaN,NaN,NaN,507.120000,360.870000
NaN,NaN,NaN,NaN,507.130000,360.860000
NaN,NaN,NaN,NaN,507.120000,360.860000
NaN,NaN,NaN,NaN,507.140000,360.850000
NaN,NaN,NaN,NaN,507.140000,360.840000
NaN,NaN,NaN,NaN,507.140000,360.850000
NaN,NaN,NaN,NaN,507.140000,360.850000
NaN,NaN,NaN,NaN,507.160000,360.850000
NaN,NaN,NaN,NaN,507.170000,360.830000
NaN,NaN,NaN,NaN,507.180000,360.820000
NaN,NaN,NaN,NaN,507.180000,360.820000
NaN,NaN,NaN,NaN,507.200000,360.820000
NaN,NaN,NaN,NaN,507.230000,360.820000
NaN,NaN,NaN,NaN,507.230000,360.810000
NaN,NaN,NaN,NaN,507.270000,360.810000
NaN,NaN,NaN,NaN,507.270000,360.820000
NaN,NaN,NaN,NaN,507.280000,360.810000
NaN,NaN,NaN,NaN,507.310000,360.810000
NaN,NaN,NaN,NaN,507.320000,360.790000
NaN,NaN,NaN,NaN,507.290000,360.780000
NaN,NaN,NaN,NaN,507.320000,360.780000
NaN,NaN,NaN,NaN,507.330000,360.790000
NaN,NaN,NaN,NaN,507.350000,360.790000
NaN,NaN,NaN,NaN,507.370000,360.790000
NaN,NaN,NaN,NaN,507.380000,360.800000
NaN,NaN,NaN,NaN,507.350000,360.810000
NaN,NaN,NaN,NaN,507.370000,360.810000
NaN,NaN,NaN,NaN,507.350000,360.790000
NaN,NaN,NaN,NaN,507.350000,360.810000
NaN,NaN,NaN,NaN,507.390000,360.780000
NaN,NaN,NaN,NaN,507.370000,360.800000
NaN,NaN,NaN,NaN,507.380000,360.800000
NaN,NaN,NaN,NaN,507.390000,360.810000
NaN,NaN,NaN,NaN,507.400000,360.790000
NaN,NaN,NaN,NaN,507.430000,360.800000
NaN,NaN,NaN,NaN,507.430000,360.820000
NaN,NaN,NaN,NaN,507.460000,360.830000
NaN,NaN,NaN,NaN,507.480000,360.830000
NaN,NaN,NaN,NaN,507.730000,360.830000
NaN,NaN,NaN,NaN,507.770000,360.820000
NaN,NaN,NaN,NaN,507.770000,360.810000
NaN,NaN,NaN,NaN,507.780000,360.820000
NaN,NaN,NaN,NaN,507.790000,360.810000
NaN,NaN,NaN,NaN,507.800000,360.830000
NaN,NaN,NaN,NaN,507.810000,360.800000
NaN,NaN,NaN,NaN,507.790000,360.840000
NaN,NaN,NaN,NaN,507.830000,360.830000
NaN,NaN,NaN,NaN,507.800000,360.820000
NaN,NaN,NaN,NaN,507.790000,360.830000
NaN,NaN,NaN,NaN,507.810000,360.840000
NaN,NaN,NaN,NaN,507.830000,360.830000
NaN,NaN,NaN,NaN,507.850000,360.820000
NaN,NaN,NaN,NaN,507.870000,360.820000
NaN,NaN,NaN,NaN,507.870000,360.830000
NaN,NaN,NaN,NaN,507.880000,360.820000
NaN,NaN,NaN,NaN,507.930000,360.800000
NaN,NaN,NaN,NaN,507.920000,360.810000
NaN,NaN,NaN,NaN,507.930000,360.830000
NaN,NaN,NaN,NaN,507.950000,360.820000
NaN,NaN,NaN,NaN,507.960000,360.800000
NaN,NaN,NaN,NaN,507.950000,360.840000
NaN,NaN,NaN,NaN,507.950000,360.850000
NaN,NaN,NaN,NaN,507.980000,360.840000
NaN,NaN,NaN,NaN,508.040000,360.810000
NaN,NaN,NaN,NaN,508.060000,360.830000
NaN,NaN,NaN,NaN,508.080000,360.830000
NaN,NaN,NaN,NaN,508.090000,360.840000
NaN,NaN,NaN,NaN,508.100000,360.850000
NaN,NaN,NaN,NaN,508.140000,360.840000
NaN,NaN,NaN,NaN,508.160000,360.840000
NaN,NaN,NaN,NaN,508.140000,360.840000
NaN,NaN,NaN,NaN,508.190000,360.860000
NaN,NaN,NaN,NaN,508.250000,360.840000
NaN,NaN,NaN,NaN,508.270000,360.850000
NaN,NaN,NaN,NaN,508.260000,360.840000
NaN,NaN,NaN,NaN,508.170000,360.880000
NaN,NaN,NaN,NaN,508.190000,360.880000
NaN,NaN,NaN,NaN,508.180000,360.870000
NaN,NaN,NaN,NaN,508.130000,360.940000
NaN,NaN,NaN,NaN,508.110000,360.950000
NaN,NaN,NaN,NaN,508.100000,360.970000
NaN,NaN,NaN,NaN,508.090000,360.980000
NaN,NaN,NaN,NaN,508.100000,361.010000
NaN,NaN,NaN,NaN,508.090000,361.000000
NaN,NaN,NaN,NaN,508.100000,360.990000
NaN,NaN,NaN,NaN,508.090000,360.990000
NaN,NaN,NaN,NaN,508.090000,360.990000
NaN,NaN,NaN,NaN,508.070000,361.000000
NaN,NaN,NaN,NaN,508.060000,361.020000
NaN,NaN,NaN,NaN,508.000000,360.990000
NaN,NaN,NaN,NaN,508.010000,361.020000
NaN,NaN,NaN,NaN,508.040000,361.010000
NaN,NaN,NaN,NaN,507.990000,361.010000
NaN,NaN,NaN,NaN,507.980000,361.030000
NaN,NaN,NaN,NaN,508.000000,361.040000
NaN,NaN,NaN,NaN,508.000000,361.030000
NaN,NaN,NaN,NaN,508.060000,361.010000
NaN,NaN,NaN,NaN,508.000000,361.040000
NaN,NaN,NaN,NaN,508.020000,361.030000
NaN,NaN,NaN,NaN,508.010000,361.030000
NaN,NaN,NaN,NaN,507.940000,361.090000
NaN,NaN,NaN,NaN,507.910000,361.100000
NaN,NaN,NaN,NaN,508.030000,361.030000
NaN,NaN,NaN,NaN,508.000000,361.070000
NaN,NaN,NaN,NaN,508.100000,361.000000
NaN,NaN,NaN,NaN,508.030000,361.030000
NaN,NaN,NaN,NaN,508.050000,361.020000
NaN,NaN,NaN,NaN,508.030000,361.020000
NaN,NaN,NaN,NaN,508.040000,361.060000
NaN,NaN,NaN,NaN,508.010000,361.050000
NaN,NaN,NaN,NaN,508.030000,361.040000
NaN,NaN,NaN,NaN,508.894495,359.064107
NaN,NaN,NaN,NaN,509.040000,358.880000
NaN,NaN,NaN,NaN,508.990000,358.860000
NaN,NaN,NaN,NaN,509.000000,358.980000
NaN,NaN,NaN,NaN,509.010000,358.970000
NaN,NaN,NaN,NaN,509.010000,358.950000
NaN,NaN,NaN,NaN,509.010000,358.930000
NaN,NaN,NaN,NaN,509.010000,358.920000
NaN,NaN,NaN,NaN,509.010000,358.920000
NaN,NaN,NaN,NaN,509.010000,358.910000
NaN,NaN,NaN,NaN,509.010000,358.910000
NaN,NaN,NaN,NaN,509.010000,358.920000
NaN,NaN,NaN,NaN,509.020000,358.900000
NaN,NaN,NaN,NaN,509.020000,358.880000
NaN,NaN,NaN,NaN,509.020000,358.870000
NaN,NaN,NaN,NaN,509.000000,358.870000
NaN,NaN,NaN,NaN,509.010000,358.860000
NaN,NaN,NaN,NaN,509.000000,358.840000
NaN,NaN,NaN,NaN,509.000000,358.830000
NaN,NaN,NaN,NaN,509.000000,358.820000
NaN,NaN,NaN,NaN,508.990000,358.800000
NaN,NaN,NaN,NaN,508.980000,358.790000
NaN,NaN,NaN,NaN,508.980000,358.780000
NaN,NaN,NaN,NaN,508.990000,358.780000
NaN,NaN,NaN,NaN,508.980000,358.750000
NaN,NaN,NaN,NaN,508.980000,358.720000
NaN,NaN,NaN,NaN,508.970000,358.740000
NaN,NaN,NaN,NaN,508.980000,358.720000
NaN,NaN,NaN,NaN,508.980000,358.700000
NaN,NaN,NaN,NaN,508.970000,358.670000
NaN,NaN,NaN,NaN,508.960000,358.660000
NaN,NaN,NaN,NaN,508.970000,358.660000
NaN,NaN,NaN,NaN,508.980000,358.650000
NaN,NaN,NaN,NaN,508.970000,358.620000
NaN,NaN,NaN,NaN,508.980000,358.610000
NaN,NaN,NaN,NaN,508.970000,358.610000
NaN,NaN,NaN,NaN,508.990000,358.640000
NaN,NaN,NaN,NaN,508.990000,358.610000
NaN,NaN,NaN,NaN,508.980000,358.590000
NaN,NaN,NaN,NaN,508.980000,358.590000
NaN,NaN,NaN,NaN,508.970000,358.600000
NaN,NaN,NaN,NaN,508.980000,358.580000
NaN,NaN,NaN,NaN,508.980000,358.590000
NaN,NaN,NaN,NaN,508.980000,358.570000
NaN,NaN,NaN,NaN,508.980000,358.560000
NaN,NaN,NaN,NaN,508.990000,358.570000
NaN,NaN,NaN,NaN,508.990000,358.600000
NaN,NaN,NaN,NaN,508.990000,358.590000
NaN,NaN,NaN,NaN,508.990000,358.590000
NaN,NaN,NaN,NaN,508.980000,358.570000
NaN,NaN,NaN,NaN,508.990000,358.590000
NaN,NaN,NaN,NaN,509.000000,358.580000
NaN,NaN,NaN,NaN,509.000000,358.560000
NaN,NaN,NaN,NaN,508.980000,358.520000
NaN,NaN,NaN,NaN,508.980000,358.140000
NaN,NaN,NaN,NaN,508.980000,358.170000
NaN,NaN,NaN,NaN,508.980000,358.180000
NaN,NaN,NaN,NaN,508.990000,358.200000
NaN,NaN,NaN,NaN,508.990000,358.200000
NaN,NaN,NaN,NaN,508.980000,358.190000
NaN,NaN,NaN,NaN,508.970000,358.160000
NaN,NaN,NaN,NaN,508.990000,358.230000
NaN,NaN,NaN,NaN,508.980000,358.170000
NaN,NaN,NaN,NaN,508.970000,358.180000
NaN,NaN,NaN,NaN,508.980000,358.170000
NaN,NaN,NaN,NaN,508.970000,358.190000
NaN,NaN,NaN,NaN,508.970000,358.210000
NaN,NaN,NaN,NaN,508.970000,358.180000
NaN,NaN,NaN,NaN,509.000000,358.150000
NaN,NaN,NaN,NaN,508.990000,358.180000
NaN,NaN,NaN,NaN,508.990000,358.190000
NaN,NaN,NaN,NaN,508.980000,358.220000
NaN,NaN,NaN,NaN,508.990000,358.230000
NaN,NaN,NaN,NaN,509.000000,358.180000
NaN,NaN,NaN,NaN,509.000000,358.310000
NaN,NaN,NaN,NaN,509.000000,358.290000
NaN,NaN,NaN,NaN,509.030000,358.320000
NaN,NaN,NaN,NaN,509.020000,358.310000
NaN,NaN,NaN,NaN,509.030000,358.280000
NaN,NaN,NaN,NaN,509.010000,358.300000
NaN,NaN,NaN,NaN,509.020000,358.310000
NaN,NaN,NaN,NaN,509.020000,358.360000
NaN,NaN,NaN,NaN,509.010000,358.350000
NaN,NaN,NaN,NaN,509.010000,358.290000
NaN,NaN,NaN,NaN,509.010000,358.300000
NaN,NaN,NaN,NaN,509.010000,358.330000
NaN,NaN,NaN,NaN,509.010000,358.390000
NaN,NaN,NaN,NaN,509.010000,358.350000
NaN,NaN,NaN,NaN,509.010000,358.370000
NaN,NaN,NaN,NaN,509.010000,358.420000
NaN,NaN,NaN,NaN,509.010000,358.330000
NaN,NaN,NaN,NaN,509.020000,358.400000
NaN,NaN,NaN,NaN,509.020000,358.400000
NaN,NaN,NaN,NaN,509.040000,358.440000
NaN,NaN,NaN,NaN,509.070000,358.470000
NaN,NaN,NaN,NaN,509.070000,358.790000
NaN,NaN,NaN,NaN,509.060000,358.810000
NaN,NaN,NaN,NaN,509.040000,358.800000
NaN,NaN,NaN,NaN,509.050000,358.750000
NaN,NaN,NaN,NaN,509.010000,358.750000
NaN,NaN,NaN,NaN,509.000000,358.770000
NaN,NaN,NaN,NaN,509.020000,358.770000
NaN,NaN,NaN,NaN,509.040000,358.780000
NaN,NaN,NaN,NaN,508.730000,355.080000
NaN,NaN,NaN,NaN,508.430000,354.210000
NaN,NaN,NaN,NaN,508.370000,354.300000
NaN,NaN,NaN,NaN,508.400000,354.380000
NaN,NaN,NaN,NaN,508.420000,354.370000
NaN,NaN,NaN,NaN,508.440000,354.370000
NaN,NaN,NaN,NaN,508.420000,354.340000
NaN,NaN,NaN,NaN,508.430000,354.300000
NaN,NaN,NaN,NaN,508.430000,354.360000
NaN,NaN,NaN,NaN,508.430000,354.310000
NaN,NaN,NaN,NaN,508.320000,354.250000
NaN,NaN,NaN,NaN,508.390000,354.180000
NaN,NaN,NaN,NaN,508.410000,354.170000
NaN,NaN,NaN,NaN,508.370000,354.190000
NaN,NaN,NaN,NaN,508.400000,354.220000
NaN,NaN,NaN,NaN,508.380000,354.190000
NaN,NaN,NaN,NaN,508.400000,354.170000
NaN,NaN,NaN,NaN,508.390000,354.150000
NaN,NaN,NaN,NaN,508.420000,354.110000
NaN,NaN,NaN,NaN,508.410000,354.080000
NaN,NaN,NaN,NaN,508.400000,354.060000
NaN,NaN,NaN,NaN,508.390000,354.070000
NaN,NaN,NaN,NaN,508.420000,354.060000
NaN,NaN,NaN,NaN,508.410000,354.080000
NaN,NaN,NaN,NaN,508.400000,354.080000
NaN,NaN,NaN,NaN,508.440000,354.020000
NaN,NaN,NaN,NaN,508.440000,353.990000
NaN,NaN,NaN,NaN,508.490000,353.920000
NaN,NaN,NaN,NaN,508.700000,353.960000
NaN,NaN,NaN,NaN,508.660000,353.960000
NaN,NaN,NaN,NaN,508.630000,353.950000
NaN,NaN,NaN,NaN,508.660000,353.970000
NaN,NaN,NaN,NaN,508.600000,353.940000
NaN,NaN,NaN,NaN,508.610000,353.940000
NaN,NaN,NaN,NaN,508.630000,353.870000
NaN,NaN,NaN,NaN,508.640000,353.860000
NaN,NaN,NaN,NaN,508.620000,353.850000
NaN,NaN,NaN,NaN,508.570000,353.870000
NaN,NaN,NaN,NaN,508.510000,353.910000
NaN,NaN,NaN,NaN,508.350000,353.880000
NaN,NaN,NaN,NaN,508.410000,353.860000
NaN,NaN,NaN,NaN,508.320000,353.900000
NaN,NaN,NaN,NaN,508.340000,353.820000
NaN,NaN,NaN,NaN,508.330000,353.810000
NaN,NaN,NaN,NaN,508.320000,353.840000
NaN,NaN,NaN,NaN,508.340000,353.800000
NaN,NaN,NaN,NaN,508.370000,353.760000
NaN,NaN,NaN,NaN,508.340000,353.790000
NaN,NaN,NaN,NaN,508.340000,353.780000
NaN,NaN,NaN,NaN,508.350000,353.740000
NaN,NaN,NaN,NaN,508.450000,353.670000
NaN,NaN,NaN,NaN,508.630000,353.620000
NaN,NaN,NaN,NaN,508.530000,353.580000
NaN,NaN,NaN,NaN,508.300000,353.730000
NaN,NaN,NaN,NaN,508.370000,353.640000
NaN,NaN,NaN,NaN,508.350000,353.680000
NaN,NaN,NaN,NaN,508.370000,353.630000
NaN,NaN,NaN,NaN,508.280000,353.700000
NaN,NaN,NaN,NaN,508.340000,353.630000
NaN,NaN,NaN,NaN,508.370000,353.630000
NaN,NaN,NaN,NaN,508.360000,353.570000
NaN,NaN,NaN,NaN,508.340000,353.580000
NaN,NaN,NaN,NaN,508.400000,353.490000
NaN,NaN,NaN,NaN,508.310000,353.360000
NaN,NaN,NaN,NaN,508.360000,353.360000
NaN,NaN,NaN,NaN,508.310000,353.420000
NaN,NaN,NaN,NaN,508.320000,353.410000
NaN,NaN,NaN,NaN,508.310000,353.340000
NaN,NaN,NaN,NaN,508.300000,353.350000
NaN,NaN,NaN,NaN,508.300000,353.390000
NaN,NaN,NaN,NaN,508.260000,353.270000
NaN,NaN,NaN,NaN,508.270000,353.260000
NaN,NaN,NaN,NaN,508.290000,353.310000
NaN,NaN,NaN,NaN,508.330000,353.280000
NaN,NaN,NaN,NaN,508.340000,353.260000
NaN,NaN,NaN,NaN,508.340000,353.310000
NaN,NaN,NaN,NaN,508.220000,353.300000
NaN,NaN,NaN,NaN,508.300000,353.230000
NaN,NaN,NaN,NaN,508.200000,353.300000
NaN,NaN,NaN,NaN,508.260000,353.320000
NaN,NaN,NaN,NaN,508.280000,353.320000
NaN,NaN,NaN,NaN,508.350000,353.270000
NaN,NaN,NaN,NaN,508.240000,353.310000
NaN,NaN,NaN,NaN,508.180000,353.340000
NaN,NaN,NaN,NaN,508.230000,353.240000
NaN,NaN,NaN,NaN,508.130000,353.360000
NaN,NaN,NaN,NaN,508.140000,353.490000
NaN,NaN,NaN,NaN,508.150000,353.610000
NaN,NaN,NaN,NaN,508.150000,353.600000
NaN,NaN,NaN,NaN,508.190000,353.580000
NaN,NaN,NaN,NaN,508.220000,353.260000
NaN,NaN,NaN,NaN,508.200000,353.110000
NaN,NaN,NaN,NaN,508.170000,353.130000
NaN,NaN,NaN,NaN,508.170000,353.130000
NaN,NaN,NaN,NaN,508.150000,353.130000
NaN,NaN,NaN,NaN,508.170000,353.070000
NaN,NaN,NaN,NaN,508.200000,353.030000
NaN,NaN,NaN,NaN,508.260000,352.990000
NaN,NaN,NaN,NaN,508.190000,353.070000
NaN,NaN,NaN,NaN,508.170000,353.030000
NaN,NaN,NaN,NaN,508.080000,353.080000
NaN,NaN,NaN,NaN,508.130000,352.910000
NaN,NaN,NaN,NaN,508.120000,353.090000
NaN,NaN,NaN,NaN,508.100000,353.070000
NaN,NaN,NaN,NaN,508.160000,352.980000
NaN,NaN,NaN,NaN,508.180000,352.910000
NaN,NaN,NaN,NaN,508.160000,352.920000
NaN,NaN,NaN,NaN,508.080000,353.100000
NaN,NaN,NaN,NaN,508.090000,353.020000
NaN,NaN,NaN,NaN,508.030000,353.130000
NaN,NaN,NaN,NaN,508.050000,353.050000
NaN,NaN,NaN,NaN,508.090000,353.060000
NaN,NaN,NaN,NaN,508.130000,352.910000
NaN,NaN,NaN,NaN,508.130000,352.980000
NaN,NaN,NaN,NaN,508.130000,352.890000
NaN,NaN,NaN,NaN,508.090000,352.830000
NaN,NaN,NaN,NaN,508.180000,352.810000
NaN,NaN,NaN,NaN,508.210000,352.730000
NaN,NaN,NaN,NaN,508.120000,352.930000
NaN,NaN,NaN,NaN,508.170000,352.730000
NaN,NaN,NaN,NaN,508.150000,352.660000
NaN,NaN,NaN,NaN,508.100000,352.740000
NaN,NaN,NaN,NaN,508.100000,352.660000
NaN,NaN,NaN,NaN,508.100000,352.720000
NaN,NaN,NaN,NaN,508.100000,352.630000
NaN,NaN,NaN,NaN,508.080000,352.570000
NaN,NaN,NaN,NaN,508.030000,352.620000
NaN,NaN,NaN,NaN,508.010000,352.560000
NaN,NaN,NaN,NaN,508.040000,352.570000
NaN,NaN,NaN,NaN,508.060000,352.630000
NaN,NaN,NaN,NaN,508.040000,352.750000
NaN,NaN,NaN,NaN,508.070000,352.470000
NaN,NaN,NaN,NaN,508.030000,352.000000
NaN,NaN,NaN,NaN,508.010000,352.030000
NaN,NaN,NaN,NaN,508.030000,352.010000
NaN,NaN,NaN,NaN,508.040000,351.940000
NaN,NaN,NaN,NaN,507.970000,351.880000
NaN,NaN,NaN,NaN,507.930000,351.950000
NaN,NaN,NaN,NaN,507.870000,351.880000
NaN,NaN,NaN,NaN,507.920000,351.870000
NaN,NaN,NaN,NaN,507.950000,351.790000
NaN,NaN,NaN,NaN,508.010000,351.780000
NaN,NaN,NaN,NaN,507.930000,351.580000
NaN,NaN,NaN,NaN,508.383823,349.624029
NaN,NaN,NaN,NaN,508.060000,349.910000
NaN,NaN,NaN,NaN,508.010000,349.980000
NaN,NaN,NaN,NaN,508.010000,349.980000
NaN,NaN,NaN,NaN,508.010000,349.980000
NaN,NaN,NaN,NaN,508.000000,349.990000
NaN,NaN,NaN,NaN,508.000000,349.980000
NaN,NaN,NaN,NaN,508.000000,349.980000
NaN,NaN,NaN,NaN,508.000000,349.980000
NaN,NaN,NaN,NaN,508.000000,349.970000
NaN,NaN,NaN,NaN,508.000000,349.970000
NaN,NaN,NaN,NaN,507.990000,349.980000
NaN,NaN,NaN,NaN,508.000000,349.970000
NaN,NaN,NaN,NaN,507.990000,349.980000
NaN,NaN,NaN,NaN,507.990000,349.970000
NaN,NaN,NaN,NaN,507.990000,349.970000
NaN,NaN,NaN,NaN,507.990000,349.970000
NaN,NaN,NaN,NaN,508.000000,349.970000
NaN,NaN,NaN,NaN,507.990000,349.960000
NaN,NaN,NaN,NaN,507.990000,349.950000
NaN,NaN,NaN,NaN,507.980000,349.970000
NaN,NaN,NaN,NaN,507.990000,349.960000
NaN,NaN,NaN,NaN,507.980000,349.960000
NaN,NaN,NaN,NaN,507.980000,349.950000
NaN,NaN,NaN,NaN,507.980000,349.950000
NaN,NaN,NaN,NaN,507.990000,349.950000
NaN,NaN,NaN,NaN,507.990000,349.940000
NaN,NaN,NaN,NaN,507.980000,349.940000
NaN,NaN,NaN,NaN,507.980000,349.940000
NaN,NaN,NaN,NaN,507.990000,349.940000
NaN,NaN,NaN,NaN,507.990000,349.940000
NaN,NaN,NaN,NaN,507.980000,349.930000
NaN,NaN,NaN,NaN,508.000000,349.930000
NaN,NaN,NaN,NaN,507.990000,349.920000
NaN,NaN,NaN,NaN,507.990000,349.920000
NaN,NaN,NaN,NaN,507.980000,349.920000
NaN,NaN,NaN,NaN,507.980000,349.920000
NaN,NaN,NaN,NaN,507.990000,349.920000
NaN,NaN,NaN,NaN,507.980000,349.920000
NaN,NaN,NaN,NaN,507.980000,349.920000
NaN,NaN,NaN,NaN,507.990000,349.920000
NaN,NaN,NaN,NaN,507.980000,349.920000
NaN,NaN,NaN,NaN,507.980000,349.920000
NaN,NaN,NaN,NaN,507.970000,349.930000
NaN,NaN,NaN,NaN,507.980000,349.920000
NaN,NaN,NaN,NaN,507.980000,349.920000
NaN,NaN,NaN,NaN,507.980000,349.920000
NaN,NaN,NaN,NaN,507.980000,349.930000
NaN,NaN,NaN,NaN,507.980000,349.920000
NaN,NaN,NaN,NaN,507.980000,349.920000
NaN,NaN,NaN,NaN,507.990000,349.920000
NaN,NaN,NaN,NaN,508.000000,349.920000
NaN,NaN,NaN,NaN,508.000000,349.920000
NaN,NaN,NaN,NaN,508.000000,349.920000
NaN,NaN,NaN,NaN,508.000000,349.900000
NaN,NaN,NaN,NaN,508.000000,349.910000
NaN,NaN,NaN,NaN,508.000000,349.900000
NaN,NaN,NaN,NaN,508.000000,349.910000
NaN,NaN,NaN,NaN,508.000000,349.900000
NaN,NaN,NaN,NaN,508.000000,349.900000
NaN,NaN,NaN,NaN,508.010000,349.900000
NaN,NaN,NaN,NaN,508.020000,349.890000
NaN,NaN,NaN,NaN,508.040000,349.900000
NaN,NaN,NaN,NaN,508.030000,349.900000
NaN,NaN,NaN,NaN,508.040000,349.890000
NaN,NaN,NaN,NaN,508.030000,349.900000
NaN,NaN,NaN,NaN,508.040000,349.890000
NaN,NaN,NaN,NaN,508.030000,349.890000
NaN,NaN,NaN,NaN,508.040000,349.880000
NaN,NaN,NaN,NaN,508.040000,349.880000
NaN,NaN,NaN,NaN,508.050000,349.880000
NaN,NaN,NaN,NaN,508.030000,349.900000
NaN,NaN,NaN,NaN,508.040000,349.900000
NaN,NaN,NaN,NaN,508.050000,349.890000
NaN,NaN,NaN,NaN,508.050000,349.900000
NaN,NaN,NaN,NaN,508.060000,349.900000
NaN,NaN,NaN,NaN,508.040000,349.910000
NaN,NaN,NaN,NaN,508.050000,349.910000
NaN,NaN,NaN,NaN,508.060000,349.900000
NaN,NaN,NaN,NaN,508.060000,349.900000
NaN,NaN,NaN,NaN,508.060000,349.890000
NaN,NaN,NaN,NaN,508.070000,349.900000
NaN,NaN,NaN,NaN,508.080000,349.900000
NaN,NaN,NaN,NaN,508.070000,349.900000
NaN,NaN,NaN,NaN,508.060000,349.910000
NaN,NaN,NaN,NaN,508.060000,349.910000
NaN,NaN,NaN,NaN,508.070000,349.910000
NaN,NaN,NaN,NaN,508.080000,349.900000
NaN,NaN,NaN,NaN,508.070000,349.910000
NaN,NaN,NaN,NaN,508.080000,349.910000
NaN,NaN,NaN,NaN,508.100000,349.880000
NaN,NaN,NaN,NaN,508.030000,349.900000
NaN,NaN,NaN,NaN,507.980000,349.910000
NaN,NaN,NaN,NaN,507.960000,349.930000
NaN,NaN,NaN,NaN,507.950000,349.930000
NaN,NaN,NaN,NaN,507.950000,349.940000
NaN,NaN,NaN,NaN,507.950000,349.940000
NaN,NaN,NaN,NaN,507.960000,349.950000
NaN,NaN,NaN,NaN,507.960000,349.960000
NaN,NaN,NaN,NaN,507.960000,349.970000
NaN,NaN,NaN,NaN,507.960000,349.970000
NaN,NaN,NaN,NaN,507.960000,349.960000
NaN,NaN,NaN,NaN,507.970000,349.970000
NaN,NaN,NaN,NaN,507.980000,349.960000
NaN,NaN,NaN,NaN,507.990000,349.960000
NaN,NaN,NaN,NaN,508.000000,349.950000
NaN,NaN,NaN,NaN,508.000000,349.960000
NaN,NaN,NaN,NaN,508.010000,349.960000
NaN,NaN,NaN,NaN,508.010000,349.970000
NaN,NaN,NaN,NaN,508.030000,349.960000
NaN,NaN,NaN,NaN,508.010000,349.970000
NaN,NaN,NaN,NaN,508.010000,349.980000
NaN,NaN,NaN,NaN,508.010000,349.980000
NaN,NaN,NaN,NaN,508.020000,349.970000
NaN,NaN,NaN,NaN,508.010000,349.980000
NaN,NaN,NaN,NaN,508.010000,349.990000
NaN,NaN,NaN,NaN,508.010000,350.000000
NaN,NaN,NaN,NaN,508.010000,350.010000
NaN,NaN,NaN,NaN,508.000000,350.010000
NaN,NaN,NaN,NaN,508.010000,350.010000
NaN,NaN,NaN,NaN,508.020000,350.010000
NaN,NaN,NaN,NaN,508.020000,350.010000
NaN,NaN,NaN,NaN,508.040000,350.010000
NaN,NaN,NaN,NaN,508.040000,350.020000
NaN,NaN,NaN,NaN,508.030000,350.010000
NaN,NaN,NaN,NaN,508.030000,350.010000
NaN,NaN,NaN,NaN,508.030000,350.020000
NaN,NaN,NaN,NaN,508.030000,350.020000
NaN,NaN,NaN,NaN,508.030000,350.020000
NaN,NaN,NaN,NaN,508.020000,350.010000
NaN,NaN,NaN,NaN,508.010000,350.020000
NaN,NaN,NaN,NaN,508.010000,350.020000
NaN,NaN,NaN,NaN,508.020000,350.020000
NaN,NaN,NaN,NaN,508.010000,350.020000
NaN,NaN,NaN,NaN,508.020000,350.020000
NaN,NaN,NaN,NaN,508.010000,350.020000
NaN,NaN,NaN,NaN,508.020000,350.020000
NaN,NaN,NaN,NaN,508.050000,350.030000
NaN,NaN,NaN,NaN,508.050000,350.030000
NaN,NaN,NaN,NaN,508.040000,350.020000
NaN,NaN,NaN,NaN,508.040000,350.030000
NaN,NaN,NaN,NaN,508.040000,350.030000
NaN,NaN,NaN,NaN,508.040000,350.030000
NaN,NaN,NaN,NaN,508.050000,350.030000
NaN,NaN,NaN,NaN,508.050000,350.030000
NaN,NaN,NaN,NaN,508.040000,350.030000
NaN,NaN,NaN,NaN,508.040000,350.040000
NaN,NaN,NaN,NaN,508.040000,350.040000
NaN,NaN,NaN,NaN,508.030000,350.040000
NaN,NaN,NaN,NaN,508.020000,350.040000
NaN,NaN,NaN,NaN,508.020000,350.050000
NaN,NaN,NaN,NaN,508.020000,350.050000
NaN,NaN,NaN,NaN,508.040000,350.050000
NaN,NaN,NaN,NaN,508.040000,350.040000
NaN,NaN,NaN,NaN,508.030000,350.050000
NaN,NaN,NaN,NaN,508.030000,350.050000
NaN,NaN,NaN,NaN,508.040000,350.050000
NaN,NaN,NaN,NaN,508.030000,350.060000
NaN,NaN,NaN,NaN,508.030000,350.060000
NaN,NaN,NaN,NaN,508.030000,350.060000
NaN,NaN,NaN,NaN,508.040000,350.060000
NaN,NaN,NaN,NaN,508.050000,350.060000
NaN,NaN,NaN,NaN,508.040000,350.060000
NaN,NaN,NaN,NaN,508.030000,350.060000
NaN,NaN,NaN,NaN,508.040000,350.050000
NaN,NaN,NaN,NaN,508.050000,350.060000
NaN,NaN,NaN,NaN,508.050000,350.060000
NaN,NaN,NaN,NaN,508.050000,350.070000
NaN,NaN,NaN,NaN,508.070000,350.070000
NaN,NaN,NaN,NaN,508.070000,350.060000
NaN,NaN,NaN,NaN,508.070000,350.060000
NaN,NaN,NaN,NaN,508.070000,350.060000
NaN,NaN,NaN,NaN,508.070000,350.050000
NaN,NaN,NaN,NaN,508.070000,350.050000
NaN,NaN,NaN,NaN,508.070000,350.060000
NaN,NaN,NaN,NaN,508.080000,350.050000
NaN,NaN,NaN,NaN,508.070000,350.050000
NaN,NaN,NaN,NaN,508.070000,350.050000
NaN,NaN,NaN,NaN,508.090000,350.060000
NaN,NaN,NaN,NaN,508.090000,350.060000
NaN,NaN,NaN,NaN,508.090000,350.060000
NaN,NaN,NaN,NaN,508.090000,350.050000
NaN,NaN,NaN,NaN,508.120000,350.060000
NaN,NaN,NaN,NaN,508.110000,350.060000
NaN,NaN,NaN,NaN,508.110000,350.060000
NaN,NaN,NaN,NaN,508.100000,350.070000
NaN,NaN,NaN,NaN,508.110000,350.070000
NaN,NaN,NaN,NaN,508.110000,350.070000
NaN,NaN,NaN,NaN,508.120000,350.060000
NaN,NaN,NaN,NaN,508.110000,350.050000
NaN,NaN,NaN,NaN,508.120000,350.050000
NaN,NaN,NaN,NaN,508.130000,350.040000
NaN,NaN,NaN,NaN,508.130000,350.040000
NaN,NaN,NaN,NaN,508.130000,350.040000
NaN,NaN,NaN,NaN,508.140000,350.050000
NaN,NaN,NaN,NaN,508.150000,350.040000
NaN,NaN,NaN,NaN,508.160000,350.040000
NaN,NaN,NaN,NaN,508.170000,350.060000
NaN,NaN,NaN,NaN,508.190000,350.050000
NaN,NaN,NaN,NaN,508.200000,350.040000
NaN,NaN,NaN,NaN,508.190000,350.060000
NaN,NaN,NaN,NaN,508.190000,350.050000
NaN,NaN,NaN,NaN,508.190000,350.040000
NaN,NaN,NaN,NaN,508.190000,350.040000
NaN,NaN,NaN,NaN,508.200000,350.040000
NaN,NaN,NaN,NaN,508.200000,350.050000
NaN,NaN,NaN,NaN,508.200000,350.040000
NaN,NaN,NaN,NaN,508.210000,350.040000
NaN,NaN,NaN,NaN,508.220000,350.030000
NaN,NaN,NaN,NaN,508.220000,350.030000
NaN,NaN,NaN,NaN,508.200000,350.030000
NaN,NaN,NaN,NaN,508.220000,350.030000
NaN,NaN,NaN,NaN,508.240000,350.030000
NaN,NaN,NaN,NaN,508.220000,350.030000
NaN,NaN,NaN,NaN,508.210000,350.020000
NaN,NaN,NaN,NaN,508.230000,350.010000
NaN,NaN,NaN,NaN,508.240000,350.010000
NaN,NaN,NaN,NaN,508.240000,350.010000
NaN,NaN,NaN,NaN,508.250000,350.010000
NaN,NaN,NaN,NaN,508.240000,350.010000
NaN,NaN,NaN,NaN,508.250000,350.010000
NaN,NaN,NaN,NaN,508.250000,350.010000
NaN,NaN,NaN,NaN,508.250000,350.020000
NaN,NaN,NaN,NaN,508.260000,350.010000
NaN,NaN,NaN,NaN,508.280000,350.020000
NaN,NaN,NaN,NaN,508.280000,350.030000
NaN,NaN,NaN,NaN,508.310000,350.020000
NaN,NaN,NaN,NaN,508.310000,350.050000
NaN,NaN,NaN,NaN,508.300000,350.040000
NaN,NaN,NaN,NaN,508.300000,350.040000
NaN,NaN,NaN,NaN,508.300000,350.040000
NaN,NaN,NaN,NaN,508.270000,350.030000
NaN,NaN,NaN,NaN,508.260000,350.030000
NaN,NaN,NaN,NaN,508.300000,350.040000
NaN,NaN,NaN,NaN,508.290000,350.050000
NaN,NaN,NaN,NaN,508.290000,350.040000
NaN,NaN,NaN,NaN,508.290000,350.040000
NaN,NaN,NaN,NaN,508.280000,350.050000
NaN,NaN,NaN,NaN,508.260000,350.040000
NaN,NaN,NaN,NaN,508.270000,350.040000
NaN,NaN,NaN,NaN,508.270000,350.040000
NaN,NaN,NaN,NaN,508.270000,350.040000
NaN,NaN,NaN,NaN,508.300000,350.040000
NaN,NaN,NaN,NaN,508.310000,350.040000
NaN,NaN,NaN,NaN,508.330000,350.030000
NaN,NaN,NaN,NaN,508.330000,350.020000
NaN,NaN,NaN,NaN,508.330000,350.020000
NaN,NaN,NaN,NaN,508.320000,350.020000
NaN,NaN,NaN,NaN,508.300000,350.030000
NaN,NaN,NaN,NaN,508.300000,350.020000
NaN,NaN,NaN,NaN,508.290000,350.020000
NaN,NaN,NaN,NaN,508.300000,350.010000
NaN,NaN,NaN,NaN,508.310000,350.010000
NaN,NaN,NaN,NaN,508.290000,350.010000
NaN,NaN,NaN,NaN,508.320000,350.010000
NaN,NaN,NaN,NaN,508.330000,350.020000
NaN,NaN,NaN,NaN,508.350000,350.010000
NaN,NaN,NaN,NaN,508.350000,350.020000
NaN,NaN,NaN,NaN,508.360000,350.010000
NaN,NaN,NaN,NaN,508.360000,350.000000
NaN,NaN,NaN,NaN,508.380000,349.990000
NaN,NaN,NaN,NaN,508.370000,350.000000
NaN,NaN,NaN,NaN,508.380000,350.000000
NaN,NaN,NaN,NaN,508.390000,349.990000
NaN,NaN,NaN,NaN,508.380000,350.000000
NaN,NaN,NaN,NaN,508.370000,349.990000
NaN,NaN,NaN,NaN,508.380000,349.990000
NaN,NaN,NaN,NaN,508.380000,349.990000
NaN,NaN,NaN,NaN,508.410000,349.990000
NaN,NaN,NaN,NaN,508.410000,349.990000
NaN,NaN,NaN,NaN,508.420000,349.990000
NaN,NaN,NaN,NaN,508.420000,349.990000
NaN,NaN,NaN,NaN,508.460000,349.990000
NaN,NaN,NaN,NaN,508.480000,349.980000
NaN,NaN,NaN,NaN,508.740000,349.930000
NaN,NaN,NaN,NaN,508.760000,349.920000
NaN,NaN,NaN,NaN,508.770000,349.920000
NaN,NaN,NaN,NaN,508.770000,349.910000
NaN,NaN,NaN,NaN,508.770000,349.910000
NaN,NaN,NaN,NaN,508.770000,349.910000
NaN,NaN,NaN,NaN,508.790000,349.910000
NaN,NaN,NaN,NaN,508.780000,349.920000
NaN,NaN,NaN,NaN,508.770000,349.920000
NaN,NaN,NaN,NaN,508.800000,349.900000
NaN,NaN,NaN,NaN,508.800000,349.900000
NaN,NaN,NaN,NaN,508.790000,349.900000
NaN,NaN,NaN,NaN,508.810000,349.890000
NaN,NaN,NaN,NaN,508.810000,349.900000
NaN,NaN,NaN,NaN,508.800000,349.900000
NaN,NaN,NaN,NaN,508.810000,349.880000
NaN,NaN,NaN,NaN,508.810000,349.880000
NaN,NaN,NaN,NaN,508.820000,349.890000
NaN,NaN,NaN,NaN,508.830000,349.890000
NaN,NaN,NaN,NaN,508.820000,349.900000
NaN,NaN,NaN,NaN,508.830000,349.890000
NaN,NaN,NaN,NaN,508.860000,349.880000
NaN,NaN,NaN,NaN,508.860000,349.870000
NaN,NaN,NaN,NaN,508.860000,349.870000
NaN,NaN,NaN,NaN,508.860000,349.860000
NaN,NaN,NaN,NaN,508.860000,349.860000
NaN,NaN,NaN,NaN,508.850000,349.870000
NaN,NaN,NaN,NaN,508.860000,349.860000
NaN,NaN,NaN,NaN,508.870000,349.870000
NaN,NaN,NaN,NaN,508.890000,349.870000
NaN,NaN,NaN,NaN,508.880000,349.870000
NaN,NaN,NaN,NaN,508.860000,349.850000
NaN,NaN,NaN,NaN,508.870000,349.860000
NaN,NaN,NaN,NaN,508.870000,349.870000
NaN,NaN,NaN,NaN,508.870000,349.870000
NaN,NaN,NaN,NaN,508.860000,349.860000
NaN,NaN,NaN,NaN,508.850000,349.850000
NaN,NaN,NaN,NaN,508.850000,349.850000
NaN,NaN,NaN,NaN,508.860000,349.850000
NaN,NaN,NaN,NaN,508.830000,349.860000
NaN,NaN,NaN,NaN,508.830000,349.860000
NaN,NaN,NaN,NaN,508.830000,349.850000
NaN,NaN,NaN,NaN,508.830000,349.850000
NaN,NaN,NaN,NaN,508.860000,349.840000
NaN,NaN,NaN,NaN,508.850000,349.840000
NaN,NaN,NaN,NaN,508.840000,349.830000
NaN,NaN,NaN,NaN,508.850000,349.830000
NaN,NaN,NaN,NaN,508.840000,349.830000
NaN,NaN,NaN,NaN,508.830000,349.830000
NaN,NaN,NaN,NaN,508.840000,349.820000
NaN,NaN,NaN,NaN,508.840000,349.830000
NaN,NaN,NaN,NaN,508.840000,349.820000
NaN,NaN,NaN,NaN,508.850000,349.820000
NaN,NaN,NaN,NaN,508.850000,349.820000
NaN,NaN,NaN,NaN,508.860000,349.820000
NaN,NaN,NaN,NaN,508.840000,349.830000
NaN,NaN,NaN,NaN,508.850000,349.820000
NaN,NaN,NaN,NaN,508.850000,349.820000
NaN,NaN,NaN,NaN,508.870000,349.810000
NaN,NaN,NaN,NaN,508.870000,349.800000
NaN,NaN,NaN,NaN,508.870000,349.790000
NaN,NaN,NaN,NaN,508.880000,349.800000
NaN,NaN,NaN,NaN,508.880000,349.790000
NaN,NaN,NaN,NaN,508.880000,349.790000
NaN,NaN,NaN,NaN,508.860000,349.800000
NaN,NaN,NaN,NaN,508.860000,349.790000
NaN,NaN,NaN,NaN,508.860000,349.800000
NaN,NaN,NaN,NaN,508.850000,349.800000
NaN,NaN,NaN,NaN,508.860000,349.800000
NaN,NaN,NaN,NaN,508.870000,349.790000
NaN,NaN,NaN,NaN,508.880000,349.790000
NaN,NaN,NaN,NaN,508.870000,349.790000
NaN,NaN,NaN,NaN,508.860000,349.790000
NaN,NaN,NaN,NaN,508.870000,349.780000
NaN,NaN,NaN,NaN,508.870000,349.780000
NaN,NaN,NaN,NaN,508.870000,349.790000
NaN,NaN,NaN,NaN,508.870000,349.780000
NaN,NaN,NaN,NaN,508.880000,349.770000
NaN,NaN,NaN,NaN,508.890000,349.760000
NaN,NaN,NaN,NaN,508.890000,349.770000
NaN,NaN,NaN,NaN,508.890000,349.770000
NaN,NaN,NaN,NaN,508.890000,349.760000
NaN,NaN,NaN,NaN,508.910000,349.750000
NaN,NaN,NaN,NaN,508.910000,349.760000
NaN,NaN,NaN,NaN,508.910000,349.750000
NaN,NaN,NaN,NaN,508.910000,349.740000
NaN,NaN,NaN,NaN,508.910000,349.740000
NaN,NaN,NaN,NaN,508.900000,349.740000
NaN,NaN,NaN,NaN,508.930000,349.720000
NaN,NaN,NaN,NaN,508.950000,349.710000
NaN,NaN,NaN,NaN,508.950000,349.710000
NaN,NaN,NaN,NaN,508.940000,349.710000
NaN,NaN,NaN,NaN,508.940000,349.720000
NaN,NaN,NaN,NaN,508.950000,349.720000
NaN,NaN,NaN,NaN,508.930000,349.730000
NaN,NaN,NaN,NaN,508.930000,349.720000
NaN,NaN,NaN,NaN,508.920000,349.730000
NaN,NaN,NaN,NaN,508.920000,349.730000
NaN,NaN,NaN,NaN,508.920000,349.720000
NaN,NaN,NaN,NaN,508.900000,349.740000
NaN,NaN,NaN,NaN,508.910000,349.730000
NaN,NaN,NaN,NaN,508.910000,349.730000
NaN,NaN,NaN,NaN,508.910000,349.730000
NaN,NaN,NaN,NaN,508.910000,349.700000
NaN,NaN,NaN,NaN,508.910000,349.720000
NaN,NaN,NaN,NaN,508.900000,349.720000
NaN,NaN,NaN,NaN,508.910000,349.710000
NaN,NaN,NaN,NaN,508.920000,349.720000
NaN,NaN,NaN,NaN,508.890000,349.730000
NaN,NaN,NaN,NaN,508.880000,349.730000
NaN,NaN,NaN,NaN,508.900000,349.720000
NaN,NaN,NaN,NaN,508.900000,349.730000
NaN,NaN,NaN,NaN,508.910000,349.720000
NaN,NaN,NaN,NaN,508.900000,349.720000
NaN,NaN,NaN,NaN,508.920000,349.710000
NaN,NaN,NaN,NaN,508.920000,349.710000
NaN,NaN,NaN,NaN,508.910000,349.710000
NaN,NaN,NaN,NaN,508.920000,349.700000
NaN,NaN,NaN,NaN,508.890000,349.700000
NaN,NaN,NaN,NaN,508.890000,349.710000
NaN,NaN,NaN,NaN,508.900000,349.700000
NaN,NaN,NaN,NaN,508.900000,349.670000
NaN,NaN,NaN,NaN,508.910000,349.660000
NaN,NaN,NaN,NaN,508.920000,349.670000
NaN,NaN,NaN,NaN,508.920000,349.680000
NaN,NaN,NaN,NaN,508.920000,349.670000
NaN,NaN,NaN,NaN,508.920000,349.660000
NaN,NaN,NaN,NaN,508.910000,349.660000
NaN,NaN,NaN,NaN,508.920000,349.650000
NaN,NaN,NaN,NaN,508.920000,349.660000
NaN,NaN,NaN,NaN,508.920000,349.670000
NaN,NaN,NaN,NaN,508.920000,349.660000
NaN,NaN,NaN,NaN,508.920000,349.650000
NaN,NaN,NaN,NaN,508.940000,349.600000
NaN,NaN,NaN,NaN,508.930000,349.610000
NaN,NaN,NaN,NaN,508.920000,349.610000
NaN,NaN,NaN,NaN,508.910000,349.620000
NaN,NaN,NaN,NaN,508.920000,349.610000
NaN,NaN,NaN,NaN,508.920000,349.580000
NaN,NaN,NaN,NaN,508.940000,349.590000
NaN,NaN,NaN,NaN,508.930000,349.580000
NaN,NaN,NaN,NaN,508.940000,349.590000
NaN,NaN,NaN,NaN,508.930000,349.590000
NaN,NaN,NaN,NaN,508.940000,349.580000
NaN,NaN,NaN,NaN,508.950000,349.590000
NaN,NaN,NaN,NaN,508.950000,349.580000
NaN,NaN,NaN,NaN,508.930000,349.570000
NaN,NaN,NaN,NaN,508.940000,349.570000
NaN,NaN,NaN,NaN,508.920000,349.560000
NaN,NaN,NaN,NaN,508.940000,349.540000
NaN,NaN,NaN,NaN,508.940000,349.530000
NaN,NaN,NaN,NaN,508.950000,349.530000
NaN,NaN,NaN,NaN,508.940000,349.540000
NaN,NaN,NaN,NaN,508.960000,349.500000
NaN,NaN,NaN,NaN,509.080000,349.270000
NaN,NaN,NaN,NaN,509.080000,349.270000
NaN,NaN,NaN,NaN,509.070000,349.270000
NaN,NaN,NaN,NaN,509.080000,349.250000
NaN,NaN,NaN,NaN,509.080000,349.260000
NaN,NaN,NaN,NaN,509.090000,349.250000
NaN,NaN,NaN,NaN,509.080000,349.250000
NaN,NaN,NaN,NaN,509.080000,349.250000
NaN,NaN,NaN,NaN,509.080000,349.240000
NaN,NaN,NaN,NaN,509.050000,349.260000
NaN,NaN,NaN,NaN,509.070000,349.240000
NaN,NaN,NaN,NaN,509.060000,349.240000
NaN,NaN,NaN,NaN,509.060000,349.230000
NaN,NaN,NaN,NaN,509.070000,349.230000
NaN,NaN,NaN,NaN,509.040000,349.240000
NaN,NaN,NaN,NaN,509.060000,349.230000
NaN,NaN,NaN,NaN,509.060000,349.240000
NaN,NaN,NaN,NaN,509.050000,349.250000
NaN,NaN,NaN,NaN,509.050000,349.230000
NaN,NaN,NaN,NaN,509.050000,349.220000
NaN,NaN,NaN,NaN,509.050000,349.220000
NaN,NaN,NaN,NaN,509.040000,349.220000
NaN,NaN,NaN,NaN,509.050000,349.230000
NaN,NaN,NaN,NaN,509.050000,349.220000
NaN,NaN,NaN,NaN,509.050000,349.200000
NaN,NaN,NaN,NaN,509.040000,349.210000
NaN,NaN,NaN,NaN,509.020000,349.210000
NaN,NaN,NaN,NaN,509.020000,349.200000
NaN,NaN,559.961720,249.261099,509.020000,349.210000
NaN,NaN,560.000000,248.990000,509.010000,349.220000
NaN,NaN,559.990000,248.990000,509.010000,349.220000
NaN,NaN,559.990000,248.980000,509.000000,349.210000
NaN,NaN,559.980000,248.980000,509.000000,349.210000
NaN,NaN,559.980000,248.980000,509.000000,349.200000
NaN,NaN,559.980000,248.970000,509.010000,349.210000
NaN,NaN,559.980000,248.970000,509.000000,349.200000
NaN,NaN,559.970000,248.970000,509.000000,349.210000
NaN,NaN,559.970000,248.970000,509.010000,349.210000
NaN,NaN,559.960000,248.980000,508.990000,349.210000
NaN,NaN,559.960000,248.960000,509.000000,349.190000
NaN,NaN,559.950000,248.960000,509.000000,349.190000
NaN,NaN,559.950000,248.960000,509.000000,349.190000
NaN,NaN,559.940000,248.970000,508.990000,349.190000
NaN,NaN,559.940000,248.970000,509.010000,349.180000
NaN,NaN,559.940000,248.960000,508.990000,349.190000
NaN,NaN,559.940000,248.960000,508.970000,349.190000
NaN,NaN,559.920000,248.960000,508.980000,349.180000
NaN,NaN,559.920000,248.960000,508.970000,349.170000
NaN,NaN,559.920000,248.950000,508.980000,349.170000
NaN,NaN,559.910000,248.960000,508.980000,349.170000
NaN,NaN,559.910000,248.950000,508.970000,349.160000
NaN,NaN,559.910000,248.950000,508.970000,349.150000
NaN,NaN,559.900000,248.950000,508.950000,349.160000
NaN,NaN,559.890000,248.940000,508.940000,349.170000
NaN,NaN,559.890000,248.940000,508.960000,349.160000
NaN,NaN,559.880000,248.940000,508.940000,349.160000
NaN,NaN,559.880000,248.940000,508.940000,349.160000
NaN,NaN,559.870000,248.940000,508.930000,349.160000
NaN,NaN,559.870000,248.940000,508.930000,349.160000
NaN,NaN,559.860000,248.940000,508.910000,349.170000
NaN,NaN,559.850000,248.940000,508.900000,349.170000
NaN,NaN,559.850000,248.940000,508.900000,349.160000
NaN,NaN,559.850000,248.930000,508.880000,349.160000
NaN,NaN,559.840000,248.930000,508.900000,349.150000
NaN,NaN,559.840000,248.940000,508.890000,349.150000
NaN,NaN,559.840000,248.930000,508.890000,349.150000
NaN,NaN,559.820000,248.930000,508.880000,349.150000
NaN,NaN,559.810000,248.920000,508.870000,349.150000
NaN,NaN,559.810000,248.920000,508.870000,349.160000
NaN,NaN,559.790000,248.920000,508.850000,349.140000
NaN,NaN,559.790000,248.920000,508.850000,349.140000
NaN,NaN,559.780000,248.920000,508.840000,349.140000
NaN,NaN,559.770000,248.910000,508.850000,349.130000
NaN,NaN,559.770000,248.910000,508.820000,349.140000
NaN,NaN,559.760000,248.910000,508.820000,349.130000
NaN,NaN,559.760000,248.910000,508.810000,349.130000
NaN,NaN,559.740000,248.910000,508.810000,349.120000
NaN,NaN,559.740000,248.910000,508.800000,349.130000
NaN,NaN,559.740000,248.920000,508.790000,349.130000
NaN,NaN,559.730000,248.910000,508.770000,349.120000
NaN,NaN,559.730000,248.900000,508.780000,349.110000
NaN,NaN,559.720000,248.910000,508.760000,349.120000
NaN,NaN,559.720000,248.910000,508.760000,349.120000
NaN,NaN,559.710000,248.900000,508.730000,349.120000
NaN,NaN,559.670000,248.890000,508.700000,349.120000
NaN,NaN,559.670000,248.900000,508.700000,349.120000
NaN,NaN,559.670000,248.900000,508.700000,349.120000
NaN,NaN,559.670000,248.900000,508.700000,349.110000
NaN,NaN,559.660000,248.900000,508.680000,349.130000
NaN,NaN,559.650000,248.910000,508.670000,349.120000
NaN,NaN,559.650000,248.910000,508.670000,349.110000
NaN,NaN,559.640000,248.900000,508.660000,349.110000
NaN,NaN,559.640000,248.900000,508.660000,349.100000
NaN,NaN,559.630000,248.900000,508.640000,349.110000
NaN,NaN,559.630000,248.900000,508.650000,349.110000
NaN,NaN,559.630000,248.900000,508.650000,349.110000
NaN,NaN,559.620000,248.910000,508.640000,349.110000
NaN,NaN,559.610000,248.910000,508.610000,349.110000
NaN,NaN,559.600000,248.900000,508.590000,349.110000
NaN,NaN,559.590000,248.920000,508.600000,349.120000
NaN,NaN,559.580000,248.930000,508.600000,349.110000
NaN,NaN,559.590000,248.920000,508.620000,349.110000
NaN,NaN,559.580000,248.930000,508.610000,349.100000
NaN,NaN,559.570000,248.930000,508.580000,349.120000
NaN,NaN,559.560000,248.930000,508.580000,349.110000
NaN,NaN,559.550000,248.930000,508.590000,349.100000
NaN,NaN,559.560000,248.920000,508.570000,349.110000
NaN,NaN,559.560000,248.930000,508.590000,349.100000
NaN,NaN,559.550000,248.930000,508.570000,349.100000
NaN,NaN,559.540000,248.930000,508.560000,349.100000
NaN,NaN,559.520000,248.940000,508.560000,349.100000
NaN,NaN,559.510000,248.950000,508.560000,349.110000
NaN,NaN,559.130000,249.030000,508.540000,349.100000
NaN,NaN,559.130000,249.040000,508.540000,349.090000
NaN,NaN,559.120000,249.020000,508.540000,349.090000
NaN,NaN,559.110000,249.030000,508.520000,349.090000
NaN,NaN,559.110000,249.030000,508.490000,349.100000
NaN,NaN,559.110000,249.030000,508.280000,349.150000
NaN,NaN,559.100000,249.030000,508.260000,349.160000
NaN,NaN,559.110000,249.030000,508.240000,349.160000
NaN,NaN,559.100000,249.030000,508.250000,349.150000
NaN,NaN,559.090000,249.040000,508.260000,349.140000
NaN,NaN,559.080000,249.030000,508.260000,349.140000
NaN,NaN,559.080000,249.030000,508.260000,349.140000
NaN,NaN,559.070000,249.030000,508.260000,349.130000
NaN,NaN,559.070000,249.040000,508.260000,349.130000
NaN,NaN,559.060000,249.040000,508.240000,349.130000
NaN,NaN,559.070000,249.030000,508.240000,349.130000
NaN,NaN,559.060000,249.040000,508.250000,349.130000
NaN,NaN,559.050000,249.040000,508.220000,349.130000
NaN,NaN,559.050000,249.050000,508.210000,349.130000
NaN,NaN,559.040000,249.040000,508.200000,349.130000
NaN,NaN,559.040000,249.040000,508.210000,349.130000
NaN,NaN,559.030000,249.040000,508.200000,349.130000
NaN,NaN,559.030000,249.050000,508.190000,349.140000
NaN,NaN,559.030000,249.050000,508.180000,349.130000
NaN,NaN,559.020000,249.050000,508.190000,349.130000
NaN,NaN,559.020000,249.050000,508.180000,349.130000
NaN,NaN,559.020000,249.040000,508.180000,349.140000
NaN,NaN,559.010000,249.050000,508.170000,349.130000
NaN,NaN,559.010000,249.040000,508.180000,349.130000
NaN,NaN,559.000000,249.050000,508.180000,349.120000
NaN,NaN,559.000000,249.040000,508.150000,349.110000
NaN,NaN,558.990000,249.050000,508.140000,349.120000
NaN,NaN,558.980000,249.060000,508.160000,349.120000
NaN,NaN,558.970000,249.060000,508.160000,349.120000
NaN,NaN,558.970000,249.060000,508.150000,349.120000
NaN,NaN,558.970000,249.050000,508.160000,349.120000
NaN,NaN,558.960000,249.060000,508.160000,349.110000
NaN,NaN,558.950000,249.050000,508.160000,349.110000
NaN,NaN,558.940000,249.060000,508.170000,349.110000
NaN,NaN,558.940000,249.060000,508.170000,349.110000
NaN,NaN,558.940000,249.050000,508.180000,349.110000
NaN,NaN,558.930000,249.050000,508.160000,349.100000
NaN,NaN,558.920000,249.050000,508.170000,349.100000
NaN,NaN,558.920000,249.050000,508.160000,349.100000
NaN,NaN,558.910000,249.060000,508.150000,349.100000
NaN,NaN,558.910000,249.060000,508.150000,349.100000
NaN,NaN,558.900000,249.060000,508.160000,349.090000
NaN,NaN,558.900000,249.050000,508.140000,349.120000
NaN,NaN,558.890000,249.050000,508.140000,349.110000
NaN,NaN,558.890000,249.050000,508.130000,349.110000
NaN,NaN,558.880000,249.050000,508.110000,349.100000
NaN,NaN,558.870000,249.050000,508.120000,349.090000
NaN,NaN,558.860000,249.060000,508.130000,349.090000
NaN,NaN,558.860000,249.050000,508.120000,349.090000
NaN,NaN,558.860000,249.050000,508.120000,349.090000
NaN,NaN,558.840000,249.050000,508.110000,349.100000
NaN,NaN,558.820000,249.060000,508.100000,349.100000
NaN,NaN,558.820000,249.060000,508.080000,349.100000
NaN,NaN,558.810000,249.060000,508.100000,349.090000
NaN,NaN,558.780000,249.070000,508.090000,349.100000
NaN,NaN,558.770000,249.070000,508.100000,349.110000
NaN,NaN,558.760000,249.070000,508.120000,349.090000
NaN,NaN,558.770000,249.070000,508.070000,349.090000
NaN,NaN,558.750000,249.070000,508.060000,349.100000
NaN,NaN,558.740000,249.070000,508.070000,349.100000
NaN,NaN,558.730000,249.070000,508.060000,349.090000
NaN,NaN,558.730000,249.080000,508.060000,349.100000
NaN,NaN,558.730000,249.080000,508.060000,349.100000
NaN,NaN,558.710000,249.090000,508.060000,349.090000
NaN,NaN,558.710000,249.090000,508.060000,349.090000
NaN,NaN,558.690000,249.100000,508.060000,349.100000
NaN,NaN,558.690000,249.100000,508.050000,349.090000
NaN,NaN,558.670000,249.100000,508.030000,349.090000
NaN,NaN,558.670000,249.090000,508.040000,349.090000
NaN,NaN,558.650000,249.100000,508.040000,349.090000
NaN,NaN,558.650000,249.100000,508.050000,349.090000
NaN,NaN,558.640000,249.110000,508.040000,349.090000
NaN,NaN,558.640000,249.110000,508.050000,349.100000
NaN,NaN,558.650000,249.110000,504.809117,347.139798
NaN,NaN,558.640000,249.120000,504.920000,346.950000
NaN,NaN,558.640000,249.110000,504.810000,346.950000
NaN,NaN,558.640000,249.120000,504.990000,347.000000
NaN,NaN,558.620000,249.130000,504.990000,347.010000
NaN,NaN,558.610000,249.140000,504.990000,347.010000
NaN,NaN,558.610000,249.140000,504.990000,347.000000
NaN,NaN,558.600000,249.140000,504.990000,347.000000
NaN,NaN,558.600000,249.140000,504.980000,347.010000
NaN,NaN,558.600000,249.140000,504.980000,347.010000
NaN,NaN,558.590000,249.150000,504.970000,347.010000
NaN,NaN,558.570000,249.150000,504.980000,347.020000
NaN,NaN,558.560000,249.150000,504.980000,347.030000
NaN,NaN,558.560000,249.160000,504.980000,347.030000
NaN,NaN,558.540000,249.180000,504.980000,347.000000
NaN,NaN,558.540000,249.190000,504.980000,347.010000
NaN,NaN,558.530000,249.190000,504.980000,347.020000
NaN,NaN,558.520000,249.190000,504.970000,347.020000
NaN,NaN,558.520000,249.190000,504.970000,347.020000
NaN,NaN,558.520000,249.190000,504.980000,347.020000
NaN,NaN,558.520000,249.190000,504.970000,347.020000
NaN,NaN,558.500000,249.200000,504.970000,347.020000
NaN,NaN,558.110000,249.330000,504.960000,347.020000
NaN,NaN,558.110000,249.340000,504.960000,347.020000
NaN,NaN,558.100000,249.360000,504.950000,347.020000
NaN,NaN,558.100000,249.360000,504.940000,347.020000
NaN,NaN,558.090000,249.350000,504.940000,347.020000
NaN,NaN,558.090000,249.360000,504.940000,347.020000
NaN,NaN,558.080000,249.380000,504.950000,347.030000
NaN,NaN,558.080000,249.390000,504.940000,347.020000
NaN,NaN,558.080000,249.380000,504.940000,347.030000
NaN,NaN,558.080000,249.370000,504.930000,347.030000
NaN,NaN,558.070000,249.380000,504.930000,347.030000
NaN,NaN,558.070000,249.390000,504.940000,347.030000
NaN,NaN,558.060000,249.400000,504.930000,347.030000
NaN,NaN,558.070000,249.400000,504.920000,347.030000
NaN,NaN,558.060000,249.390000,504.920000,347.030000
NaN,NaN,558.060000,249.410000,504.920000,347.030000
NaN,NaN,558.050000,249.410000,504.900000,347.030000
NaN,NaN,558.060000,249.400000,504.910000,347.030000
NaN,NaN,558.060000,249.410000,504.910000,347.030000
NaN,NaN,558.050000,249.410000,504.900000,347.020000
NaN,NaN,558.050000,249.420000,504.900000,347.020000
NaN,NaN,558.030000,249.440000,504.900000,347.020000
NaN,NaN,558.020000,249.460000,504.900000,347.040000
NaN,NaN,558.020000,249.500000,504.890000,347.020000
NaN,NaN,558.000000,249.640000,504.890000,347.030000
NaN,NaN,558.000000,249.640000,504.890000,347.030000
NaN,NaN,558.000000,249.650000,504.880000,347.040000
NaN,NaN,557.990000,249.660000,504.880000,347.030000
NaN,NaN,558.000000,249.650000,504.890000,347.030000
NaN,NaN,557.990000,249.660000,504.880000,347.030000
NaN,NaN,557.990000,249.670000,504.890000,347.030000
NaN,NaN,557.990000,249.680000,504.880000,347.030000
NaN,NaN,557.980000,249.680000,504.870000,347.020000
NaN,NaN,557.980000,249.680000,504.880000,347.030000
NaN,NaN,557.980000,249.690000,504.870000,347.010000
NaN,NaN,557.980000,249.690000,504.870000,347.020000
NaN,NaN,557.980000,249.700000,504.870000,347.020000
NaN,NaN,557.960000,249.730000,504.870000,347.020000
NaN,NaN,557.960000,249.730000,504.880000,347.010000
NaN,NaN,557.960000,249.730000,504.880000,347.010000
NaN,NaN,557.960000,249.740000,504.880000,347.020000
NaN,NaN,557.950000,249.740000,504.880000,347.020000
NaN,NaN,557.950000,249.740000,504.890000,347.010000
NaN,NaN,557.950000,249.750000,504.880000,347.010000
NaN,NaN,557.950000,249.750000,504.870000,347.010000
NaN,NaN,557.950000,249.770000,504.870000,347.020000
NaN,NaN,557.950000,249.770000,504.870000,347.020000
NaN,NaN,557.950000,249.770000,504.860000,347.020000
NaN,NaN,557.950000,249.770000,504.870000,347.010000
NaN,NaN,557.940000,249.780000,504.850000,347.030000
NaN,NaN,557.950000,249.790000,504.840000,347.020000
NaN,NaN,557.950000,249.790000,504.850000,347.020000
NaN,NaN,557.930000,249.820000,504.850000,347.020000
NaN,NaN,557.930000,249.810000,504.860000,347.020000
NaN,NaN,557.930000,249.820000,504.870000,347.010000
NaN,NaN,557.940000,249.830000,504.870000,347.020000
NaN,NaN,557.930000,249.840000,504.860000,347.020000
NaN,NaN,557.930000,249.850000,504.840000,347.020000
NaN,NaN,557.920000,249.860000,504.820000,347.010000
NaN,NaN,557.920000,249.860000,504.840000,347.020000
NaN,NaN,557.920000,249.870000,504.850000,347.030000
NaN,NaN,557.920000,249.880000,504.840000,347.040000
NaN,NaN,557.920000,249.880000,504.830000,347.050000
NaN,NaN,557.910000,249.900000,504.800000,347.060000
NaN,NaN,557.910000,249.900000,504.800000,347.070000
NaN,NaN,557.900000,249.910000,504.770000,347.070000
NaN,NaN,557.910000,249.920000,504.760000,347.070000
NaN,NaN,557.900000,249.940000,504.690000,347.100000
NaN,NaN,557.910000,249.940000,504.700000,347.080000
NaN,NaN,557.900000,249.940000,504.680000,347.100000
NaN,NaN,557.900000,249.950000,504.690000,347.090000
NaN,NaN,557.910000,249.960000,504.690000,347.090000
NaN,NaN,557.910000,249.970000,504.700000,347.080000
NaN,NaN,557.900000,249.970000,504.730000,347.090000
NaN,NaN,557.910000,249.980000,504.690000,347.110000
NaN,NaN,557.900000,249.990000,504.680000,347.110000
NaN,NaN,557.910000,250.010000,504.630000,347.110000
NaN,NaN,557.900000,250.010000,504.600000,347.120000
NaN,NaN,557.900000,250.010000,504.560000,347.150000
NaN,NaN,557.900000,250.030000,504.510000,347.160000
NaN,NaN,557.900000,250.040000,504.060000,347.280000
NaN,NaN,557.900000,250.050000,504.040000,347.270000
NaN,NaN,557.900000,250.050000,504.020000,347.270000
NaN,NaN,557.900000,250.070000,504.040000,347.280000
NaN,NaN,557.890000,250.080000,504.050000,347.270000
NaN,NaN,557.890000,250.080000,504.020000,347.280000
NaN,NaN,557.900000,250.100000,504.020000,347.290000
NaN,NaN,557.900000,250.120000,504.000000,347.310000
NaN,NaN,557.890000,250.140000,503.980000,347.310000
NaN,NaN,557.900000,250.140000,503.970000,347.330000
NaN,NaN,557.890000,250.150000,503.990000,347.320000
NaN,NaN,557.900000,250.170000,503.980000,347.320000
NaN,NaN,557.880000,250.200000,503.990000,347.330000
NaN,NaN,557.880000,250.220000,503.980000,347.320000
NaN,NaN,557.880000,250.230000,503.970000,347.320000
NaN,NaN,557.880000,250.240000,503.970000,347.290000
NaN,NaN,557.880000,250.270000,503.980000,347.280000
NaN,NaN,557.880000,250.320000,503.980000,347.300000
NaN,NaN,557.870000,250.310000,503.970000,347.290000
NaN,NaN,557.870000,250.320000,503.980000,347.290000
NaN,NaN,557.870000,250.370000,503.990000,347.320000
NaN,NaN,557.870000,250.380000,503.960000,347.310000
NaN,NaN,557.870000,250.410000,503.960000,347.300000
NaN,NaN,557.860000,250.420000,503.970000,347.290000
NaN,NaN,557.860000,250.450000,503.960000,347.280000
NaN,NaN,557.860000,250.480000,503.980000,347.270000
NaN,NaN,557.850000,250.640000,503.970000,347.280000
NaN,NaN,557.840000,250.670000,503.980000,347.260000
NaN,NaN,557.850000,250.690000,503.970000,347.260000
NaN,NaN,557.840000,250.690000,503.970000,347.270000
NaN,NaN,557.840000,250.710000,503.960000,347.270000
NaN,NaN,557.830000,250.740000,503.960000,347.270000
NaN,NaN,557.830000,250.750000,503.940000,347.300000
NaN,NaN,557.830000,250.770000,503.940000,347.290000
NaN,NaN,557.840000,250.780000,503.960000,347.270000
NaN,NaN,557.840000,250.790000,503.960000,347.300000
NaN,NaN,557.840000,250.800000,503.970000,347.280000
NaN,NaN,557.850000,250.800000,503.990000,347.280000
NaN,NaN,557.840000,250.810000,504.000000,347.290000
NaN,NaN,557.840000,250.830000,503.980000,347.280000
NaN,NaN,557.840000,250.840000,503.980000,347.270000
NaN,NaN,557.830000,250.850000,503.960000,347.240000
NaN,NaN,557.850000,250.860000,503.960000,347.220000
NaN,NaN,557.850000,250.870000,503.930000,347.240000
NaN,NaN,557.850000,250.880000,503.920000,347.260000
NaN,NaN,557.850000,250.900000,503.910000,347.240000
NaN,NaN,557.860000,250.900000,503.950000,347.230000
NaN,NaN,557.860000,250.940000,503.890000,347.230000
NaN,NaN,557.860000,250.950000,503.930000,347.230000
NaN,NaN,557.860000,250.950000,503.920000,347.200000
NaN,NaN,557.860000,250.950000,503.880000,347.190000
NaN,NaN,557.850000,250.960000,503.900000,347.180000
NaN,NaN,557.860000,250.960000,503.890000,347.170000
NaN,NaN,557.860000,250.970000,503.890000,347.160000
NaN,NaN,557.870000,250.980000,503.870000,347.190000
NaN,NaN,557.870000,251.000000,503.830000,347.200000
NaN,NaN,557.870000,251.010000,503.900000,347.220000
NaN,NaN,557.880000,251.020000,503.920000,347.190000
NaN,NaN,557.880000,251.030000,503.890000,347.220000
NaN,NaN,557.890000,251.030000,503.870000,347.210000
NaN,NaN,557.890000,251.050000,503.920000,347.220000
NaN,NaN,557.890000,251.070000,503.900000,347.230000
NaN,NaN,557.870000,251.100000,503.860000,347.260000
NaN,NaN,557.880000,251.100000,503.930000,347.300000
NaN,NaN,557.880000,251.100000,503.970000,347.290000
NaN,NaN,557.880000,251.110000,503.980000,347.290000
NaN,NaN,557.890000,251.130000,504.000000,347.270000
NaN,NaN,557.890000,251.140000,503.980000,347.270000
NaN,NaN,557.890000,251.150000,504.010000,347.280000
NaN,NaN,557.890000,251.170000,504.010000,347.300000
NaN,NaN,557.890000,251.170000,504.000000,347.270000
NaN,NaN,557.880000,251.190000,504.010000,347.270000
NaN,NaN,557.880000,251.190000,504.030000,347.260000
NaN,NaN,557.880000,251.200000,504.020000,347.260000
NaN,NaN,557.870000,251.210000,504.020000,347.270000
NaN,NaN,557.870000,251.240000,504.010000,347.260000
NaN,NaN,557.870000,251.260000,504.000000,347.280000
NaN,NaN,557.880000,251.280000,503.970000,347.300000
NaN,NaN,557.870000,251.290000,503.960000,347.300000
NaN,NaN,557.870000,251.300000,503.960000,347.300000
NaN,NaN,557.870000,251.320000,503.980000,347.270000
NaN,NaN,557.870000,251.340000,504.010000,347.240000
NaN,NaN,557.880000,251.350000,504.000000,347.260000
NaN,NaN,557.880000,251.360000,504.000000,347.270000
NaN,NaN,557.870000,251.390000,503.980000,347.280000
NaN,NaN,557.870000,251.410000,504.000000,347.260000
NaN,NaN,557.880000,251.400000,503.980000,347.270000
NaN,NaN,557.880000,251.430000,503.970000,347.270000
NaN,NaN,557.880000,251.450000,503.960000,347.280000
NaN,NaN,557.880000,251.470000,504.000000,347.250000
NaN,NaN,557.880000,251.480000,504.000000,347.270000
NaN,NaN,557.870000,251.500000,504.020000,347.240000
NaN,NaN,557.840000,251.700000,504.010000,347.210000
NaN,NaN,557.840000,251.690000,504.030000,347.220000
NaN,NaN,557.840000,251.710000,504.050000,347.220000
NaN,NaN,557.840000,251.700000,504.040000,347.210000
NaN,NaN,557.850000,251.720000,504.050000,347.220000
NaN,NaN,557.850000,251.740000,504.100000,347.230000
NaN,NaN,557.850000,251.740000,504.090000,347.210000
NaN,NaN,557.840000,251.750000,504.090000,347.210000
NaN,NaN,557.840000,251.760000,504.080000,347.200000
NaN,NaN,557.850000,251.770000,504.110000,347.200000
NaN,NaN,557.840000,251.770000,504.120000,347.220000
NaN,NaN,557.840000,251.780000,504.130000,347.230000
NaN,NaN,557.830000,251.800000,504.110000,347.230000
NaN,NaN,557.820000,251.800000,504.120000,347.240000
NaN,NaN,557.820000,251.810000,504.090000,347.230000
NaN,NaN,557.840000,251.810000,504.110000,347.310000
NaN,NaN,557.840000,251.820000,504.090000,347.320000
NaN,NaN,557.820000,251.830000,504.070000,347.290000
NaN,NaN,557.830000,251.830000,504.080000,347.340000
NaN,NaN,557.820000,251.850000,504.100000,347.320000
NaN,NaN,557.820000,251.860000,504.080000,347.350000
NaN,NaN,557.820000,251.860000,504.070000,347.370000
NaN,NaN,557.820000,251.870000,504.060000,347.360000
NaN,NaN,557.820000,251.880000,504.060000,347.340000
NaN,NaN,557.800000,251.890000,504.090000,347.320000
NaN,NaN,557.800000,251.880000,504.070000,347.350000
NaN,NaN,557.800000,251.890000,504.050000,347.350000
NaN,NaN,557.800000,251.900000,504.050000,347.350000
NaN,NaN,557.810000,251.910000,504.060000,347.340000
NaN,NaN,557.820000,251.910000,504.080000,347.320000
NaN,NaN,557.790000,251.920000,504.050000,347.320000
NaN,NaN,557.780000,251.920000,504.100000,347.320000
NaN,NaN,557.780000,251.920000,504.100000,347.300000
NaN,NaN,557.790000,251.920000,504.100000,347.290000
NaN,NaN,557.790000,251.940000,504.110000,347.310000
NaN,NaN,557.790000,251.940000,504.080000,347.350000
NaN,NaN,557.790000,251.940000,504.080000,347.330000
NaN,NaN,557.780000,251.960000,504.090000,347.320000
NaN,NaN,557.770000,251.960000,504.070000,347.320000
NaN,NaN,557.780000,251.970000,504.080000,347.320000
NaN,NaN,557.770000,251.970000,504.080000,347.350000
NaN,NaN,557.770000,251.970000,504.090000,347.340000
NaN,NaN,557.760000,251.980000,504.080000,347.350000
NaN,NaN,557.760000,251.990000,504.060000,347.370000
NaN,NaN,557.760000,251.990000,504.080000,347.330000
NaN,NaN,557.750000,252.000000,504.070000,347.340000
NaN,NaN,557.750000,252.010000,504.090000,347.340000
NaN,NaN,557.750000,252.000000,504.070000,347.340000
NaN,NaN,557.740000,252.010000,504.080000,347.310000
NaN,NaN,557.750000,252.010000,504.060000,347.330000
NaN,NaN,557.730000,252.020000,504.060000,347.340000
NaN,NaN,557.740000,252.030000,504.080000,347.350000
NaN,NaN,557.740000,252.040000,504.070000,347.400000
NaN,NaN,557.720000,252.050000,504.090000,347.380000
NaN,NaN,557.720000,252.050000,504.090000,347.370000
NaN,NaN,557.720000,252.050000,504.100000,347.360000
NaN,NaN,557.720000,252.070000,504.100000,347.370000
NaN,NaN,557.710000,252.070000,504.130000,347.320000
NaN,NaN,557.710000,252.070000,504.140000,347.320000
NaN,NaN,557.710000,252.070000,504.150000,347.310000
NaN,NaN,557.670000,252.090000,504.140000,347.320000
NaN,NaN,557.660000,252.080000,504.140000,347.320000
NaN,NaN,557.660000,252.090000,504.120000,347.310000
NaN,NaN,557.660000,252.090000,504.150000,347.300000
NaN,NaN,557.660000,252.080000,504.150000,347.260000
NaN,NaN,557.660000,252.090000,504.150000,347.270000
NaN,NaN,557.650000,252.100000,504.110000,347.320000
NaN,NaN,557.660000,252.100000,504.130000,347.310000
NaN,NaN,557.660000,252.110000,504.110000,347.300000
NaN,NaN,557.660000,252.120000,504.090000,347.300000
NaN,NaN,557.640000,252.110000,504.080000,347.330000
NaN,NaN,557.630000,252.120000,504.090000,347.320000
NaN,NaN,557.630000,252.130000,504.110000,347.330000
NaN,NaN,557.630000,252.130000,504.120000,347.330000
NaN,NaN,557.630000,252.150000,504.150000,347.310000
NaN,NaN,557.630000,252.140000,504.120000,347.290000
NaN,NaN,557.630000,252.140000,504.130000,347.280000
NaN,NaN,557.620000,252.160000,504.170000,347.260000
NaN,NaN,557.610000,252.180000,504.230000,347.230000
NaN,NaN,557.600000,252.170000,504.220000,347.230000
NaN,NaN,557.610000,252.180000,504.240000,347.210000
NaN,NaN,557.600000,252.190000,504.210000,347.190000
NaN,NaN,557.600000,252.190000,504.220000,347.200000
NaN,NaN,557.600000,252.190000,504.220000,347.190000
NaN,NaN,557.600000,252.200000,504.230000,347.180000
NaN,NaN,557.610000,252.210000,504.230000,347.190000
NaN,NaN,557.590000,252.220000,504.230000,347.220000
NaN,NaN,557.590000,252.220000,504.240000,347.210000
NaN,NaN,557.580000,252.240000,504.210000,347.200000
NaN,NaN,557.570000,252.250000,504.210000,347.200000
NaN,NaN,557.570000,252.270000,504.200000,347.220000
NaN,NaN,557.570000,252.260000,504.220000,347.220000
NaN,NaN,557.570000,252.270000,504.200000,347.210000
NaN,NaN,557.570000,252.280000,504.250000,347.160000
NaN,NaN,557.570000,252.270000,504.210000,347.180000
NaN,NaN,557.560000,252.300000,504.200000,347.210000
NaN,NaN,557.560000,252.300000,504.220000,347.190000
NaN,NaN,557.560000,252.290000,504.180000,347.190000
NaN,NaN,557.560000,252.310000,504.210000,347.180000
NaN,NaN,557.560000,252.330000,504.190000,347.190000
NaN,NaN,557.560000,252.330000,504.250000,347.160000
NaN,NaN,557.550000,252.350000,504.290000,347.140000
NaN,NaN,557.550000,252.360000,504.310000,347.130000
NaN,NaN,557.550000,252.370000,504.290000,347.150000
NaN,NaN,557.550000,252.380000,504.330000,347.120000
NaN,NaN,557.560000,252.390000,504.310000,347.150000
NaN,NaN,557.540000,252.410000,504.330000,347.140000
NaN,NaN,557.550000,252.410000,504.310000,347.150000
NaN,NaN,557.560000,252.410000,504.330000,347.130000
NaN,NaN,557.560000,252.430000,504.320000,347.130000
NaN,NaN,557.560000,252.450000,504.340000,347.130000
NaN,NaN,557.560000,252.450000,504.350000,347.150000
NaN,NaN,557.560000,252.460000,504.330000,347.160000
NaN,NaN,557.560000,252.480000,504.320000,347.170000
NaN,NaN,557.550000,252.500000,504.330000,347.160000
NaN,NaN,557.500000,252.680000,504.350000,347.170000
NaN,NaN,557.110000,252.780000,504.360000,347.170000
NaN,NaN,557.110000,252.790000,504.370000,347.170000
NaN,NaN,557.110000,252.810000,504.360000,347.160000
NaN,NaN,557.110000,252.820000,504.380000,347.150000
NaN,NaN,557.120000,252.850000,504.350000,347.180000
NaN,NaN,557.130000,252.850000,504.360000,347.170000
NaN,NaN,557.130000,252.850000,504.400000,347.150000
NaN,NaN,557.120000,252.860000,504.360000,347.170000
NaN,NaN,557.130000,252.880000,504.380000,347.180000
NaN,NaN,557.140000,252.870000,504.400000,347.140000
NaN,NaN,557.140000,252.890000,504.450000,347.120000
NaN,NaN,557.140000,252.900000,504.470000,347.120000
NaN,NaN,557.140000,252.920000,504.500000,347.120000
NaN,NaN,557.140000,252.930000,505.020000,347.070000
NaN,NaN,557.150000,252.950000,505.020000,347.070000
NaN,NaN,557.150000,252.950000,505.030000,347.060000
NaN,NaN,557.150000,252.960000,505.020000,347.050000
NaN,NaN,557.140000,252.980000,505.010000,347.060000
NaN,NaN,557.160000,252.980000,505.020000,347.060000
NaN,NaN,557.160000,252.990000,505.020000,347.060000
NaN,NaN,557.160000,253.010000,505.020000,347.050000
NaN,NaN,557.150000,253.020000,505.000000,347.050000
NaN,NaN,557.150000,253.030000,505.000000,347.060000
NaN,NaN,557.150000,253.040000,505.010000,347.060000
NaN,NaN,557.160000,253.050000,505.000000,347.060000
NaN,NaN,557.170000,253.070000,505.010000,347.070000
NaN,NaN,557.170000,253.090000,505.000000,347.080000
NaN,NaN,557.180000,253.090000,505.010000,347.070000
NaN,NaN,557.180000,253.110000,505.020000,347.060000
NaN,NaN,557.180000,253.120000,504.990000,347.060000
NaN,NaN,557.190000,253.130000,505.000000,347.060000
NaN,NaN,557.200000,253.140000,505.000000,347.070000
NaN,NaN,557.200000,253.160000,505.010000,347.060000
NaN,NaN,557.200000,253.170000,505.000000,347.060000
NaN,NaN,557.200000,253.190000,504.990000,347.080000
NaN,NaN,557.210000,253.210000,505.000000,347.060000
NaN,NaN,557.210000,253.210000,504.980000,347.070000
NaN,NaN,557.210000,253.230000,505.000000,347.060000
NaN,NaN,557.210000,253.250000,505.000000,347.060000
NaN,NaN,557.210000,253.280000,504.990000,347.070000
NaN,NaN,557.220000,253.300000,505.010000,347.050000
NaN,NaN,557.230000,253.320000,505.020000,347.050000
NaN,NaN,557.230000,253.340000,505.000000,347.050000
NaN,NaN,557.230000,253.360000,505.000000,347.050000
NaN,NaN,557.220000,253.390000,505.000000,347.050000
NaN,NaN,557.220000,253.410000,505.010000,347.060000
NaN,NaN,557.210000,253.420000,504.980000,347.070000
NaN,NaN,557.220000,253.470000,504.980000,347.060000
NaN,NaN,557.190000,253.670000,504.990000,347.070000
NaN,NaN,557.180000,253.700000,505.000000,347.090000
NaN,NaN,557.180000,253.710000,504.980000,347.100000
NaN,NaN,557.190000,253.730000,504.980000,347.100000
NaN,NaN,557.200000,253.750000,504.980000,347.090000
NaN,NaN,557.210000,253.750000,504.980000,347.090000
NaN,NaN,557.210000,253.760000,504.970000,347.090000
NaN,NaN,557.210000,253.770000,504.950000,347.100000
NaN,NaN,557.220000,253.780000,504.960000,347.100000
NaN,NaN,557.220000,253.800000,504.960000,347.100000
NaN,NaN,557.230000,253.810000,504.970000,347.090000
NaN,NaN,557.230000,253.830000,504.980000,347.100000
NaN,NaN,557.230000,253.840000,504.980000,347.110000
NaN,NaN,557.230000,253.860000,504.960000,347.130000
NaN,NaN,557.240000,253.870000,504.970000,347.120000
NaN,NaN,557.230000,253.880000,504.970000,347.120000
NaN,NaN,557.230000,253.900000,504.980000,347.130000
NaN,NaN,557.220000,253.910000,504.970000,347.130000
NaN,NaN,557.220000,253.930000,504.990000,347.140000
NaN,NaN,557.220000,253.930000,505.000000,347.130000
NaN,NaN,557.230000,253.940000,505.020000,347.110000
NaN,NaN,557.220000,253.950000,505.010000,347.110000
NaN,NaN,557.220000,253.970000,505.020000,347.120000
NaN,NaN,557.220000,253.970000,505.010000,347.120000
NaN,NaN,557.220000,253.990000,505.020000,347.110000
NaN,NaN,557.230000,254.000000,505.020000,347.110000
NaN,NaN,557.220000,254.000000,505.010000,347.120000
NaN,NaN,557.220000,254.000000,505.010000,347.110000
NaN,NaN,557.230000,254.030000,505.010000,347.120000
NaN,NaN,557.230000,254.040000,505.010000,347.100000
NaN,NaN,557.230000,254.040000,505.010000,347.110000
NaN,NaN,557.250000,254.070000,505.030000,347.100000
NaN,NaN,557.240000,254.080000,505.040000,347.100000
NaN,NaN,557.240000,254.080000,505.030000,347.110000
NaN,NaN,557.240000,254.090000,505.010000,347.110000
NaN,NaN,557.240000,254.100000,505.020000,347.100000
NaN,NaN,557.230000,254.110000,505.030000,347.100000
NaN,NaN,557.250000,254.130000,505.030000,347.120000
NaN,NaN,557.250000,254.140000,505.030000,347.090000
NaN,NaN,557.240000,254.180000,505.020000,347.100000
NaN,NaN,557.240000,254.190000,505.020000,347.100000
NaN,NaN,557.240000,254.190000,505.030000,347.100000
NaN,NaN,557.230000,254.190000,505.020000,347.110000
NaN,NaN,557.240000,254.200000,505.040000,347.090000
NaN,NaN,557.230000,254.210000,505.030000,347.100000
NaN,NaN,557.220000,254.230000,505.030000,347.110000
NaN,NaN,557.230000,254.280000,505.040000,347.090000
NaN,NaN,557.230000,254.290000,505.020000,347.100000
NaN,NaN,557.230000,254.300000,505.020000,347.100000
NaN,NaN,557.230000,254.320000,505.040000,347.090000
NaN,NaN,557.230000,254.340000,505.030000,347.100000
NaN,NaN,557.230000,254.350000,505.030000,347.110000
NaN,NaN,557.230000,254.370000,505.040000,347.110000
NaN,NaN,557.230000,254.400000,505.030000,347.100000
NaN,NaN,557.230000,254.410000,505.030000,347.100000
NaN,NaN,557.230000,254.420000,505.040000,347.100000
NaN,NaN,557.230000,254.450000,505.040000,347.090000
NaN,NaN,557.230000,254.480000,505.030000,347.100000
NaN,NaN,557.210000,254.670000,505.030000,347.090000
NaN,NaN,557.210000,254.680000,505.040000,347.100000
NaN,NaN,557.210000,254.710000,505.050000,347.090000
NaN,NaN,557.210000,254.720000,505.040000,347.100000
NaN,NaN,557.200000,254.750000,505.030000,347.090000
NaN,NaN,557.200000,254.760000,505.050000,347.100000
NaN,NaN,557.200000,254.770000,505.020000,347.120000
NaN,NaN,557.200000,254.780000,505.030000,347.100000
NaN,NaN,557.210000,254.800000,505.040000,347.090000
NaN,NaN,557.210000,254.810000,505.060000,347.100000
NaN,NaN,557.210000,254.820000,505.050000,347.090000
NaN,NaN,557.200000,254.840000,505.050000,347.090000
NaN,NaN,557.210000,254.850000,505.050000,347.100000
NaN,NaN,557.210000,254.860000,505.030000,347.100000
NaN,NaN,557.210000,254.880000,505.030000,347.090000
NaN,NaN,557.210000,254.880000,505.040000,347.090000
NaN,NaN,557.200000,254.910000,505.060000,347.090000
NaN,NaN,557.200000,254.910000,505.070000,347.090000
NaN,NaN,557.200000,254.950000,505.050000,347.130000
NaN,NaN,557.200000,254.940000,505.050000,347.110000
NaN,NaN,557.200000,254.960000,505.040000,347.120000
NaN,NaN,557.190000,254.960000,505.030000,347.120000
NaN,NaN,557.200000,254.980000,505.040000,347.120000
NaN,NaN,557.200000,254.980000,505.040000,347.120000
NaN,NaN,557.200000,254.990000,505.040000,347.120000
NaN,NaN,557.190000,255.010000,505.040000,347.120000
NaN,NaN,557.200000,255.020000,505.040000,347.120000
NaN,NaN,557.200000,255.030000,505.050000,347.130000
NaN,NaN,557.210000,255.040000,505.050000,347.120000
NaN,NaN,557.220000,255.050000,505.040000,347.130000
NaN,NaN,557.210000,255.050000,505.050000,347.110000
NaN,NaN,557.210000,255.060000,505.040000,347.120000
NaN,NaN,557.210000,255.080000,505.060000,347.110000
NaN,NaN,557.190000,255.110000,505.060000,347.120000
NaN,NaN,557.210000,255.110000,505.060000,347.120000
NaN,NaN,557.200000,255.140000,505.050000,347.130000
NaN,NaN,557.200000,255.160000,505.050000,347.110000
NaN,NaN,557.200000,255.170000,505.070000,347.110000
NaN,NaN,557.200000,255.190000,505.050000,347.130000
NaN,NaN,557.200000,255.210000,505.070000,347.130000
NaN,NaN,557.210000,255.220000,505.070000,347.130000
NaN,NaN,557.220000,255.240000,505.070000,347.120000
NaN,NaN,557.210000,255.270000,505.070000,347.110000
NaN,NaN,557.220000,255.270000,505.070000,347.120000
NaN,NaN,557.210000,255.320000,505.060000,347.120000
NaN,NaN,557.220000,255.320000,505.060000,347.120000
NaN,NaN,557.220000,255.360000,505.060000,347.120000
NaN,NaN,557.220000,255.400000,505.050000,347.120000
NaN,NaN,557.190000,255.490000,505.070000,347.100000
NaN,NaN,557.170000,255.670000,505.070000,347.110000
NaN,NaN,557.170000,255.680000,505.080000,347.110000
NaN,NaN,557.180000,255.680000,505.080000,347.120000
NaN,NaN,557.180000,255.730000,505.080000,347.100000
NaN,NaN,557.180000,255.730000,505.080000,347.100000
NaN,NaN,557.190000,255.730000,505.070000,347.100000
NaN,NaN,557.180000,255.750000,505.070000,347.100000
NaN,NaN,557.180000,255.780000,505.080000,347.100000
NaN,NaN,557.170000,255.790000,505.080000,347.110000
NaN,NaN,557.180000,255.810000,505.080000,347.100000
NaN,NaN,557.170000,255.840000,505.070000,347.110000
NaN,NaN,557.170000,255.850000,505.070000,347.110000
NaN,NaN,557.170000,255.860000,505.080000,347.110000
NaN,NaN,557.150000,255.880000,505.070000,347.130000
NaN,NaN,557.160000,255.910000,505.070000,347.150000
NaN,NaN,557.150000,255.910000,505.050000,347.130000
NaN,NaN,557.150000,255.930000,505.060000,347.110000
NaN,NaN,557.150000,255.950000,505.319789,343.165029
NaN,NaN,557.140000,255.970000,504.809117,343.165029
NaN,NaN,557.150000,255.980000,504.809117,343.165029
NaN,NaN,557.140000,255.990000,504.809117,343.165029
NaN,NaN,557.140000,256.010000,504.809117,343.165029
NaN,NaN,557.140000,256.040000,504.809117,343.165029
NaN,NaN,557.130000,256.070000,504.809117,343.165029
NaN,NaN,557.140000,256.070000,504.809117,343.165029
NaN,NaN,557.130000,256.100000,504.809117,343.165029
NaN,NaN,557.120000,256.130000,504.809117,343.165029
NaN,NaN,557.110000,256.170000,504.809117,343.165029
NaN,NaN,557.120000,256.180000,504.809117,343.165029
NaN,NaN,557.090000,256.240000,504.809117,343.165029
NaN,NaN,557.100000,256.250000,504.809117,343.165029
NaN,NaN,557.100000,256.280000,504.809117,343.165029
NaN,NaN,557.090000,256.310000,504.809117,343.165029
NaN,NaN,557.080000,256.350000,504.809117,343.165029
NaN,NaN,557.070000,256.380000,504.809117,342.668183
NaN,NaN,557.080000,256.390000,504.809117,342.668183
NaN,NaN,557.080000,256.430000,504.809117,342.668183
NaN,NaN,557.070000,256.490000,504.809117,342.668183
NaN,NaN,557.020000,256.730000,504.809117,342.668183
NaN,NaN,557.030000,256.740000,504.809117,342.668183
NaN,NaN,557.030000,256.750000,504.809117,342.668183
NaN,NaN,557.030000,256.780000,504.809117,342.668183
NaN,NaN,557.020000,256.830000,504.809117,342.668183
NaN,NaN,557.010000,256.840000,504.809117,342.668183
NaN,NaN,557.020000,256.900000,504.809117,342.668183
NaN,NaN,557.010000,256.920000,504.809117,342.668183
NaN,NaN,557.000000,256.960000,504.809117,342.668183
NaN,NaN,557.000000,256.980000,504.809117,342.668183
NaN,NaN,557.010000,257.010000,504.809117,342.668183
NaN,NaN,557.000000,257.070000,504.809117,342.668183
NaN,NaN,557.000000,257.100000,504.809117,342.668183
NaN,NaN,557.010000,257.140000,504.809117,342.668183
NaN,NaN,557.010000,257.180000,504.809117,342.668183
NaN,NaN,557.010000,257.240000,504.809117,342.668183
NaN,NaN,556.990000,257.340000,504.809117,342.668183
NaN,NaN,556.980000,257.380000,504.809117,342.668183
NaN,NaN,556.980000,257.460000,504.809117,341.674490
NaN,NaN,556.940000,257.700000,504.809117,341.177644
NaN,NaN,556.950000,257.730000,504.809117,341.177644
NaN,NaN,556.960000,257.760000,504.809117,341.177644
NaN,NaN,556.950000,257.790000,504.809117,341.177644
NaN,NaN,556.940000,257.830000,504.809117,341.177644
NaN,NaN,556.940000,257.850000,504.809117,341.177644
NaN,NaN,556.940000,257.890000,504.809117,341.177644
NaN,NaN,556.920000,257.930000,504.809117,341.177644
NaN,NaN,556.930000,257.940000,504.809117,338.196567
NaN,NaN,556.930000,257.970000,504.809117,338.196567
NaN,NaN,556.930000,258.000000,504.809117,338.196567
NaN,NaN,556.940000,258.030000,504.809117,338.196567
NaN,NaN,556.930000,258.080000,504.809117,338.196567
NaN,NaN,556.940000,258.110000,504.809117,338.196567
NaN,NaN,556.920000,258.150000,504.809117,338.196567
NaN,NaN,556.920000,258.190000,504.809117,338.196567
NaN,NaN,556.930000,258.230000,504.809117,338.196567
NaN,NaN,556.910000,258.310000,504.809117,338.196567
NaN,NaN,556.900000,258.320000,504.809117,338.196567
NaN,NaN,556.880000,258.360000,504.809117,338.196567
NaN,NaN,556.880000,258.380000,504.809117,338.196567
NaN,NaN,556.890000,258.410000,504.809117,338.196567
NaN,NaN,556.880000,258.470000,504.809117,338.196567
NaN,NaN,556.820000,258.770000,504.809117,338.196567
NaN,NaN,556.800000,258.810000,504.809117,338.196567
NaN,NaN,556.790000,258.840000,504.809117,338.196567
NaN,NaN,556.790000,258.880000,504.809117,338.196567
NaN,NaN,556.790000,258.900000,504.809117,338.196567
NaN,NaN,556.770000,258.930000,504.809117,338.196567
NaN,NaN,556.750000,258.970000,504.809117,338.196567
NaN,NaN,556.770000,259.010000,504.809117,338.196567
NaN,NaN,556.730000,259.060000,504.809117,338.196567
NaN,NaN,556.730000,259.100000,504.809117,338.196567
NaN,NaN,556.720000,259.120000,504.809117,338.196567
NaN,NaN,556.690000,259.170000,504.809117,338.196567
NaN,NaN,556.680000,259.180000,504.809117,338.196567
NaN,NaN,556.660000,259.210000,504.809117,338.196567
NaN,NaN,556.650000,259.250000,504.809117,338.196567
NaN,NaN,556.640000,259.260000,504.809117,338.196567
NaN,NaN,556.590000,259.340000,504.809117,338.196567
NaN,NaN,556.590000,259.370000,504.809117,338.196567
NaN,NaN,556.600000,259.390000,504.809117,338.196567
NaN,NaN,556.560000,259.410000,504.809117,338.196567
NaN,NaN,556.520000,259.460000,504.809117,338.196567
NaN,NaN,556.030000,259.970000,504.809117,338.196567
NaN,NaN,556.020000,260.020000,504.809117,338.196567
NaN,NaN,556.010000,260.040000,504.809117,338.196567
NaN,NaN,555.990000,260.140000,504.809117,338.196567
NaN,NaN,555.990000,260.160000,504.809117,338.196567
NaN,NaN,555.980000,260.200000,504.809117,338.196567
NaN,NaN,555.970000,260.230000,504.809117,338.196567
NaN,NaN,555.940000,260.280000,504.809117,338.196567
NaN,NaN,555.940000,260.300000,504.809117,338.196567
NaN,NaN,555.910000,260.390000,504.809117,338.196567
NaN,NaN,555.880000,260.410000,504.809117,338.196567
NaN,NaN,555.850000,260.450000,504.809117,338.196567
NaN,NaN,555.790000,260.520000,504.809117,338.196567
NaN,NaN,555.720000,260.770000,504.809117,338.196567
NaN,NaN,555.690000,260.820000,504.809117,338.196567
NaN,NaN,555.660000,260.850000,504.809117,338.196567
NaN,NaN,555.630000,260.860000,504.809117,338.196567
NaN,NaN,555.590000,260.880000,504.809117,338.196567
NaN,NaN,555.520000,260.930000,504.809117,338.196567
NaN,NaN,555.070000,261.120000,504.809117,338.196567
NaN,NaN,555.030000,261.170000,504.809117,338.196567
NaN,NaN,555.000000,261.230000,504.809117,338.196567
NaN,NaN,554.980000,261.270000,504.809117,338.196567
NaN,NaN,554.960000,261.300000,504.809117,338.196567
NaN,NaN,554.920000,261.360000,504.809117,338.196567
NaN,NaN,554.890000,261.380000,504.809117,338.196567
NaN,NaN,554.860000,261.420000,504.809117,338.196567
NaN,NaN,554.820000,261.480000,504.809117,338.196567
NaN,NaN,554.730000,261.710000,504.809117,338.196567
NaN,NaN,554.700000,261.750000,504.809117,338.196567
NaN,NaN,554.660000,261.770000,504.809117,338.196567
NaN,NaN,554.610000,261.810000,504.809117,338.196567
NaN,NaN,554.490000,261.880000,504.809117,338.196567
NaN,NaN,554.020000,262.110000,504.809117,338.196567
NaN,NaN,553.990000,262.130000,504.809117,338.196567
NaN,NaN,553.960000,262.170000,504.809117,338.196567
NaN,NaN,553.920000,262.190000,504.809117,338.196567
NaN,NaN,553.880000,262.230000,504.809117,338.196567
NaN,NaN,553.860000,262.250000,504.809117,338.196567
NaN,NaN,553.830000,262.290000,504.809117,338.196567
NaN,NaN,553.760000,262.340000,504.809117,338.196567
NaN,NaN,553.700000,262.340000,504.809117,338.196567
NaN,NaN,553.660000,262.370000,504.809117,338.196567
NaN,NaN,553.570000,262.380000,504.809117,338.196567
NaN,NaN,553.030000,262.740000,504.809117,338.196567
NaN,NaN,552.940000,262.930000,504.809117,338.196567
NaN,NaN,552.910000,262.930000,504.809117,338.196567
NaN,NaN,552.850000,262.970000,504.809117,338.196567
NaN,NaN,552.780000,262.980000,504.809117,338.196567
NaN,NaN,552.740000,262.980000,504.809117,338.196567
NaN,NaN,552.680000,263.000000,504.809117,338.196567
NaN,NaN,552.570000,263.020000,504.809117,338.196567
NaN,NaN,552.050000,263.260000,504.809117,338.196567
NaN,NaN,552.010000,263.270000,504.809117,338.196567
NaN,NaN,551.970000,263.300000,504.809117,338.196567
NaN,NaN,551.930000,263.320000,504.809117,338.196567
NaN,NaN,551.900000,263.310000,504.809117,338.196567
NaN,NaN,551.820000,263.330000,504.809117,338.196567
NaN,NaN,551.750000,263.370000,504.809117,338.196567
NaN,NaN,551.640000,263.430000,504.809117,338.196567
NaN,NaN,551.560000,263.490000,504.809117,338.196567
NaN,NaN,550.980000,263.970000,504.809117,338.196567
NaN,NaN,550.930000,264.000000,504.809117,338.196567
NaN,NaN,550.900000,264.000000,504.809117,338.196567
NaN,NaN,550.840000,264.050000,504.809117,338.196567
NaN,NaN,550.750000,264.150000,504.809117,338.196567
NaN,NaN,550.610000,264.280000,504.809117,338.196567
NaN,NaN,550.010000,264.770000,504.809117,338.196567
NaN,NaN,549.920000,265.030000,504.809117,338.196567
NaN,NaN,549.840000,265.160000,504.809117,338.196567
NaN,NaN,549.740000,265.300000,504.809117,338.196567
NaN,NaN,549.620000,265.460000,504.809117,338.196567
NaN,NaN,549.380000,265.820000,504.809117,338.196567
NaN,NaN,549.020000,265.940000,504.809117,338.196567
NaN,NaN,548.960000,265.980000,504.809117,338.196567
NaN,NaN,548.920000,266.000000,504.809117,338.196567
NaN,NaN,548.870000,266.030000,504.809117,338.196567
NaN,NaN,548.800000,266.080000,504.809117,338.196567
NaN,NaN,548.710000,266.130000,504.809117,338.196567
NaN,NaN,548.610000,266.200000,504.809117,338.196567
NaN,NaN,548.510000,266.300000,504.809117,338.196567
NaN,NaN,548.040000,266.590000,504.809117,338.196567
NaN,NaN,547.990000,266.740000,504.809117,338.196567
NaN,NaN,547.920000,266.770000,504.809117,338.196567
NaN,NaN,547.890000,266.800000,504.809117,338.196567
NaN,NaN,547.830000,266.840000,504.809117,338.196567
NaN,NaN,547.780000,266.910000,504.809117,338.196567
NaN,NaN,547.720000,266.970000,504.809117,338.196567
NaN,NaN,547.640000,267.030000,504.809117,338.196567
NaN,NaN,547.560000,267.110000,504.809117,338.196567
NaN,NaN,547.050000,267.330000,504.809117,338.196567
NaN,NaN,547.000000,267.500000,504.809117,338.196567
NaN,NaN,546.940000,267.500000,504.809117,338.196567
NaN,NaN,546.880000,267.520000,504.809117,338.196567
NaN,NaN,546.820000,267.520000,504.809117,338.196567
550.258948,269.631793,546.730000,267.570000,504.809117,338.196567
549.237603,271.619177,546.700000,267.630000,504.809117,338.196567
548.726931,272.612870,546.640000,267.730000,504.809117,338.196567
548.216259,272.612870,546.620000,267.830000,504.809117,338.196567
547.705586,274.600255,546.590000,267.940000,504.809117,338.196567
546.684242,275.097101,546.550000,268.030000,504.809117,338.196567
544.130881,277.084486,546.560000,268.080000,504.809117,338.196567
543.109536,279.071870,546.480000,268.160000,504.809117,338.196567
541.577519,280.562409,546.000000,268.370000,504.809117,338.196567
540.045503,281.556101,545.920000,268.460000,504.809117,338.196567
538.513486,283.046640,545.840000,268.460000,504.809117,338.196567
535.449452,285.530871,545.790000,268.300000,504.809117,338.196567
530.342730,290.499333,545.750000,268.180000,504.809117,338.196567
528.300041,295.964641,545.660000,268.060000,504.809117,338.196567
524.725335,301.429949,545.510000,268.060000,504.809117,338.196567
521.661301,305.404718,545.000000,268.140000,504.809117,338.196567
521.150629,307.888949,544.820000,268.170000,504.809117,338.196567
517.065251,311.366873,544.790000,268.240000,504.809117,338.196567
514.511890,314.347950,544.770000,268.460000,504.809117,338.196567
512.979873,316.335335,544.720000,268.510000,504.809117,338.196567
509.405167,320.806950,544.510000,268.570000,504.809117,338.196567
506.851806,323.788028,544.130000,268.670000,504.809117,338.196567
503.787773,329.253336,544.050000,268.710000,504.809117,338.196567
503.787773,328.756489,543.950000,268.780000,504.809117,338.196567
503.787773,328.756489,543.850000,268.780000,504.809117,338.196567
503.787773,328.756489,543.730000,268.880000,504.809117,338.196567
503.787773,328.756489,543.640000,268.990000,504.809117,338.196567
503.787773,328.756489,543.490000,269.010000,503.787773,339.687106
503.277100,329.750182,543.070000,269.230000,503.787773,340.183952
503.277100,329.750182,543.000000,269.380000,503.787773,340.183952
504.298445,328.756489,542.870000,269.530000,503.787773,340.680798
504.809117,328.259643,542.750000,269.700000,504.809117,338.196567
504.809117,327.762797,542.730000,269.710000,504.809117,338.196567
505.319789,327.265951,542.660000,269.750000,505.319789,337.202875
505.319789,327.265951,542.530000,269.900000,505.319789,337.202875
505.830462,326.769105,542.230000,270.110000,505.319789,337.202875
505.830462,326.769105,542.220000,270.150000,505.319789,337.202875
506.341134,325.278566,542.230000,270.250000,506.341134,336.706028
506.341134,325.278566,542.230000,270.270000,507.362478,336.706028
506.341134,325.278566,542.170000,270.440000,507.362478,336.209182
506.341134,325.278566,542.130000,270.680000,507.362478,336.209182
507.362478,325.278566,542.050000,270.780000,505.830462,335.215490
507.362478,325.278566,541.950000,270.850000,505.830462,335.215490
507.873151,324.781720,541.770000,271.030000,505.830462,335.215490
507.873151,324.781720,541.680000,271.080000,505.830462,335.215490
507.873151,324.781720,541.470000,271.300000,505.830462,335.215490
507.873151,324.781720,541.120000,271.620000,506.851806,332.731259
507.873151,324.781720,541.040000,271.760000,507.362478,332.731259
507.873151,324.781720,541.000000,271.790000,507.362478,332.234413
508.894495,323.788028,540.960000,271.800000,508.894495,331.737567
508.894495,323.788028,540.970000,271.830000,508.894495,331.737567
508.894495,323.788028,540.980000,271.870000,509.405167,331.240720
508.894495,323.788028,541.010000,271.840000,509.405167,330.247028
508.894495,323.788028,541.010000,271.820000,509.405167,330.247028
508.894495,323.788028,541.000000,271.930000,509.405167,330.247028
509.405167,323.788028,540.990000,271.920000,509.405167,330.247028
509.405167,323.788028,540.940000,272.000000,509.405167,330.247028
509.915840,323.291181,540.920000,272.130000,509.405167,330.247028
509.915840,323.291181,540.830000,272.470000,509.405167,330.247028
509.915840,323.291181,544.641553,270.625485,509.405167,330.247028
509.915840,323.291181,545.010000,271.020000,509.405167,330.247028
509.915840,323.291181,545.030000,271.070000,509.405167,330.247028
509.915840,323.291181,544.950000,271.100000,509.405167,330.247028
509.915840,323.291181,544.940000,271.140000,509.405167,330.247028
509.915840,323.291181,544.950000,271.180000,509.405167,330.247028
509.915840,323.291181,544.940000,271.200000,509.405167,330.247028
509.915840,323.291181,544.950000,271.220000,509.405167,330.247028
509.915840,322.794335,544.940000,271.260000,509.405167,329.750182
509.915840,322.794335,544.940000,271.280000,509.405167,329.750182
509.915840,322.794335,544.950000,271.330000,508.894495,329.750182
509.915840,322.794335,544.960000,271.360000,508.383823,329.750182
509.915840,322.794335,544.970000,271.410000,508.383823,329.750182
509.915840,322.794335,544.980000,271.430000,508.383823,329.750182
509.915840,322.794335,545.000000,271.480000,508.383823,329.750182
510.426512,322.297489,544.980000,271.580000,508.383823,329.750182
510.426512,320.806950,544.990000,271.550000,508.383823,329.750182
510.426512,320.806950,545.000000,271.540000,508.383823,329.750182
510.426512,320.806950,544.980000,271.520000,508.383823,329.750182
510.426512,320.806950,544.970000,271.490000,508.383823,329.750182
510.426512,320.806950,544.960000,271.410000,508.383823,329.750182
510.426512,320.806950,544.940000,271.400000,508.383823,329.750182
511.447856,320.806950,544.920000,271.410000,508.383823,329.750182
511.958529,319.316412,544.910000,271.420000,508.383823,329.750182
511.958529,319.316412,544.880000,271.430000,508.383823,329.750182
511.958529,319.316412,544.870000,271.440000,508.383823,329.750182
511.958529,319.316412,544.840000,271.470000,508.383823,329.750182
511.958529,319.316412,544.830000,271.480000,508.383823,326.272258
511.958529,319.316412,544.820000,271.550000,508.383823,325.775412
511.958529,319.316412,544.770000,271.710000,508.894495,323.291181
511.958529,319.316412,544.770000,271.730000,508.894495,323.291181
511.958529,319.316412,544.760000,271.760000,508.894495,323.291181
512.979873,317.329027,544.730000,271.810000,508.894495,323.291181
512.979873,316.832181,544.730000,271.840000,508.894495,323.291181
513.490545,316.832181,544.700000,271.900000,508.894495,323.291181
514.001218,315.341642,544.700000,271.930000,508.894495,323.291181
514.001218,315.341642,544.670000,271.990000,508.894495,323.291181
514.001218,314.844796,544.660000,272.060000,508.894495,321.800643
516.043907,313.851104,544.660000,272.120000,509.405167,317.825873
516.043907,313.851104,544.650000,272.190000,509.405167,317.825873
517.575923,311.863719,544.650000,272.270000,509.405167,313.354257
517.575923,311.366873,544.620000,272.330000,509.405167,313.354257
517.575923,311.366873,544.640000,272.440000,509.405167,313.354257
519.107940,309.876334,544.690000,272.620000,509.915840,312.857411
519.107940,309.876334,544.690000,272.730000,510.937184,309.876334
519.107940,309.876334,544.700000,272.770000,510.937184,309.876334
519.107940,309.876334,544.730000,272.840000,510.937184,309.876334
519.107940,309.876334,544.750000,272.920000,510.937184,309.876334
519.107940,309.876334,544.760000,273.000000,510.937184,309.876334
519.107940,309.876334,544.800000,273.080000,510.937184,309.876334
519.107940,309.876334,544.840000,273.170000,510.937184,309.876334
519.107940,309.876334,544.860000,273.280000,510.937184,309.876334
519.107940,309.876334,544.900000,273.400000,511.447856,308.385796
519.107940,309.876334,544.940000,273.620000,511.447856,307.888949
519.107940,309.876334,544.970000,273.720000,512.979873,307.392103
519.618612,308.882642,545.020000,273.820000,514.511890,305.901565
519.618612,308.882642,545.030000,273.900000,515.022562,305.404718
519.618612,308.882642,545.090000,274.010000,515.533234,304.907872
520.129285,308.882642,545.120000,274.100000,516.043907,304.411026
520.639957,307.888949,545.130000,274.250000,516.554579,304.411026
521.150629,307.392103,545.170000,274.320000,517.065251,304.411026
522.171974,306.895257,545.200000,274.400000,517.065251,304.411026
523.703991,305.901565,545.220000,274.470000,517.065251,304.411026
523.703991,305.901565,545.230000,274.640000,517.065251,304.411026
523.703991,305.901565,545.220000,274.680000,517.065251,304.411026
523.703991,305.901565,545.250000,274.770000,517.065251,304.411026
523.703991,305.901565,545.240000,274.830000,517.065251,304.411026
523.703991,305.901565,545.260000,274.850000,519.107940,303.914180
523.703991,305.901565,545.270000,274.890000,521.661301,303.417334
523.703991,305.901565,545.300000,274.930000,522.171974,302.920487
525.236007,303.417334,545.300000,274.960000,523.703991,301.926795
526.768024,302.920487,545.290000,274.960000,523.703991,301.926795
527.278696,302.920487,545.280000,274.980000,524.725335,301.429949
529.832058,300.933103,545.270000,274.980000,527.278696,299.939410
530.853402,299.939410,545.290000,274.990000,527.278696,299.939410
530.853402,299.939410,545.310000,274.980000,527.278696,299.939410
530.853402,299.939410,545.320000,275.000000,527.278696,299.939410
530.853402,299.939410,545.300000,274.980000,527.278696,299.939410
530.853402,299.939410,545.300000,274.960000,527.278696,299.939410
530.853402,299.939410,545.340000,274.940000,527.278696,299.939410
530.853402,299.939410,545.340000,274.860000,527.789369,299.939410
530.853402,299.939410,545.360000,274.830000,527.789369,299.939410
530.853402,299.939410,545.410000,274.800000,529.321385,298.448872
530.853402,299.939410,545.440000,274.820000,529.832058,297.455179
530.853402,299.939410,545.440000,274.780000,529.832058,296.461487
532.385419,298.448872,545.460000,274.770000,529.832058,294.970948
533.406763,297.455179,545.500000,274.740000,529.832058,294.970948
533.406763,297.455179,545.680000,274.730000,529.832058,294.970948
534.938780,296.958333,545.750000,274.760000,529.832058,294.970948
535.960125,293.977256,545.820000,274.620000,530.342730,292.983564
536.981469,293.480410,545.850000,274.600000,530.342730,292.983564
538.513486,291.989871,545.880000,274.460000,529.832058,292.983564
538.513486,291.989871,545.830000,274.250000,530.853402,290.002487
539.024158,290.002487,545.840000,274.180000,530.853402,290.002487
539.024158,290.002487,545.880000,274.080000,530.853402,290.002487
539.534830,288.511948,545.910000,274.020000,531.364074,289.505640
539.534830,287.518256,545.920000,273.940000,532.896091,286.524563
539.534830,287.021409,545.920000,273.840000,532.896091,286.524563
540.045503,286.027717,545.950000,273.740000,532.896091,286.524563
540.556175,285.530871,545.920000,273.570000,532.896091,285.034025
541.066847,284.040332,545.800000,273.310000,533.406763,282.549794
541.066847,283.046640,545.720000,273.080000,533.406763,281.556101
541.066847,282.549794,545.670000,272.940000,533.406763,280.562409
541.066847,281.059255,545.630000,272.800000,533.917436,280.065563
541.066847,279.568716,545.580000,272.610000,534.428108,279.568716
541.066847,277.084486,545.370000,272.310000,534.938780,278.078178
541.066847,277.084486,545.070000,271.990000,534.428108,276.587639
541.066847,276.090793,544.940000,271.760000,534.428108,276.090793
541.066847,276.090793,544.860000,271.490000,534.428108,275.593947
541.577519,275.097101,544.810000,271.250000,534.428108,274.103408
541.577519,275.097101,544.750000,271.050000,534.938780,272.612870
542.598864,273.606562,544.730000,270.960000,535.449452,272.116024
542.598864,273.606562,546.173570,272.116024,535.449452,271.619177
542.598864,273.109716,546.173570,272.116024,535.960125,270.128639
543.620208,271.619177,546.173570,272.116024,535.960125,270.128639
543.620208,271.619177,546.684242,272.116024,535.960125,268.141254
543.620208,271.619177,547.194914,271.619177,536.470797,267.644408
544.130881,270.128639,547.194914,271.619177,536.981469,266.153869
544.641553,269.631793,547.194914,271.619177,538.002814,264.663331
545.662897,268.141254,547.194914,271.619177,538.002814,264.166485
546.173570,267.644408,547.194914,271.619177,539.534830,263.172792
546.173570,267.644408,547.194914,270.625485,540.556175,261.185407
547.705586,264.663331,547.194914,269.631793,541.066847,260.191715
548.216259,264.166485,547.194914,269.631793,542.088192,259.198023
548.216259,263.172792,547.194914,269.134946,542.598864,259.198023
549.237603,261.682254,547.194914,269.134946,543.620208,257.707484
549.748275,259.694869,545.152225,268.141254,543.620208,257.707484
549.748275,259.198023,544.641553,267.644408,543.620208,257.210638
549.748275,259.198023,544.641553,267.644408,544.641553,255.720099
550.258948,258.701176,544.641553,267.644408,544.641553,255.720099
550.258948,258.701176,544.641553,267.644408,545.152225,255.223253
550.258948,258.701176,544.641553,267.644408,545.662897,254.229561
550.258948,258.701176,544.641553,267.644408,545.662897,253.732715
550.258948,258.701176,544.641553,267.644408,546.173570,253.732715
550.258948,258.701176,544.641553,267.147562,546.173570,253.732715
550.258948,258.701176,544.641553,265.657023,546.173570,253.732715
550.258948,258.701176,544.641553,265.657023,546.173570,253.732715
550.258948,258.701176,544.641553,265.657023,546.173570,253.732715
550.258948,258.701176,544.641553,263.669638,546.173570,253.732715
550.258948,258.701176,544.130881,263.172792,546.173570,253.732715
550.258948,258.701176,542.598864,262.675946,546.173570,253.732715
550.258948,258.701176,542.598864,262.675946,546.173570,253.732715
550.258948,258.701176,542.598864,262.675946,546.173570,253.732715
550.258948,258.701176,542.598864,262.675946,546.173570,253.732715
NaN,NaN,542.598864,262.675946,546.173570,253.732715
NaN,NaN,542.598864,262.675946,546.173570,253.732715
NaN,NaN,542.598864,262.675946,546.173570,253.732715
NaN,NaN,542.598864,262.675946,546.173570,253.732715
NaN,NaN,542.598864,262.675946,546.173570,253.732715
NaN,NaN,542.598864,262.675946,546.173570,253.732715
NaN,NaN,542.598864,262.675946,546.173570,253.732715
NaN,NaN,542.598864,262.675946,546.173570,253.732715
NaN,NaN,542.598864,262.675946,546.173570,253.732715
NaN,NaN,542.598864,262.675946,NaN,NaN
NaN,NaN,542.598864,262.675946,NaN,NaN
NaN,NaN,542.598864,262.675946,NaN,NaN
NaN,NaN,543.109536,262.675946,NaN,NaN
NaN,NaN,543.109536,262.675946,NaN,NaN
NaN,NaN,543.109536,262.675946,NaN,NaN
NaN,NaN,543.109536,262.675946,NaN,NaN
NaN,NaN,543.109536,262.675946,NaN,NaN
NaN,NaN,543.109536,262.675946,NaN,NaN
NaN,NaN,543.109536,262.675946,NaN,NaN
NaN,NaN,543.109536,262.675946,NaN,NaN
NaN,NaN,543.109536,262.675946,NaN,NaN
NaN,NaN,543.109536,262.675946,NaN,NaN
NaN,NaN,543.109536,262.675946,NaN,NaN
NaN,NaN,543.109536,262.675946,NaN,NaN
NaN,NaN,543.109536,262.675946,NaN,NaN
NaN,NaN,543.109536,262.675946,NaN,NaN
NaN,NaN,543.109536,262.675946,NaN,NaN
NaN,NaN,543.109536,262.675946,NaN,NaN
NaN,NaN,543.109536,262.675946,NaN,NaN
NaN,NaN,543.109536,262.675946,NaN,NaN
NaN,NaN,543.109536,262.675946,NaN,NaN
NaN,NaN,543.109536,262.675946,NaN,NaN
NaN,NaN,543.109536,262.675946,NaN,NaN
NaN,NaN,543.109536,262.675946,NaN,NaN
NaN,NaN,543.109536,262.675946,NaN,NaN
NaN,NaN,543.109536,262.675946,NaN,NaN
NaN,NaN,543.109536,262.675946,NaN,NaN
NaN,NaN,543.109536,262.675946,NaN,NaN
NaN,NaN,543.109536,262.675946,NaN,NaN
NaN,NaN,543.109536,262.675946,NaN,NaN
NaN,NaN,543.109536,262.675946,NaN,NaN
NaN,NaN,543.109536,262.675946,NaN,NaN
NaN,NaN,543.109536,262.675946,NaN,NaN
NaN,NaN,543.109536,262.675946,NaN,NaN
NaN,NaN,543.109536,262.675946,NaN,NaN
NaN,NaN,543.109536,262.675946,NaN,NaN
NaN,NaN,543.109536,262.675946,NaN,NaN
NaN,NaN,543.109536,262.675946,NaN,NaN
NaN,NaN,543.109536,262.675946,NaN,NaN
NaN,NaN,543.109536,262.675946,NaN,NaN
NaN,NaN,543.109536,262.675946,NaN,NaN
NaN,NaN,543.109536,262.675946,NaN,NaN
NaN,NaN,543.109536,262.675946,NaN,NaN
NaN,NaN,543.109536,262.675946,NaN,NaN
NaN,NaN,543.109536,262.675946,NaN,NaN
NaN,NaN,543.109536,262.675946,NaN,NaN
NaN,NaN,543.109536,262.675946,NaN,NaN
NaN,NaN,543.109536,262.675946,NaN,NaN
NaN,NaN,543.109536,262.675946,NaN,NaN
NaN,NaN,543.109536,262.675946,NaN,NaN
NaN,NaN,543.109536,262.675946,NaN,NaN
NaN,NaN,543.109536,262.675946,NaN,NaN
NaN,NaN,543.109536,262.675946,NaN,NaN
NaN,NaN,543.109536,262.675946,NaN,NaN
NaN,NaN,541.577519,263.172792,NaN,NaN
NaN,NaN,541.577519,263.172792,NaN,NaN
NaN,NaN,541.066847,263.172792,NaN,NaN
NaN,NaN,540.556175,263.172792,NaN,NaN
NaN,NaN,540.556175,263.172792,NaN,NaN
NaN,NaN,540.045503,263.172792,NaN,NaN
NaN,NaN,540.045503,263.172792,NaN,NaN
NaN,NaN,535.960125,262.675946,NaN,NaN
NaN,NaN,535.930000,262.880000,NaN,NaN
NaN,NaN,535.900000,263.020000,NaN,NaN
NaN,NaN,535.830000,263.020000,NaN,NaN
NaN,NaN,535.780000,263.010000,NaN,NaN
NaN,NaN,535.760000,263.010000,NaN,NaN
NaN,NaN,535.700000,263.030000,NaN,NaN
NaN,NaN,535.670000,263.030000,NaN,NaN
NaN,NaN,535.640000,263.020000,NaN,NaN
NaN,NaN,535.610000,263.050000,NaN,NaN
NaN,NaN,535.590000,263.050000,NaN,NaN
NaN,NaN,535.540000,263.040000,NaN,NaN
NaN,NaN,535.350000,263.040000,NaN,NaN
NaN,NaN,535.320000,263.000000,NaN,NaN
NaN,NaN,535.360000,262.990000,NaN,NaN
NaN,NaN,535.420000,262.990000,NaN,NaN
NaN,NaN,535.420000,263.000000,NaN,NaN
NaN,NaN,535.400000,262.990000,NaN,NaN
NaN,NaN,535.400000,262.970000,NaN,NaN
NaN,NaN,535.410000,262.970000,NaN,NaN
NaN,NaN,535.420000,262.950000,NaN,NaN
NaN,NaN,535.420000,262.960000,NaN,NaN
NaN,NaN,535.390000,262.970000,NaN,NaN
NaN,NaN,535.350000,262.970000,NaN,NaN
NaN,NaN,535.390000,262.960000,NaN,NaN
NaN,NaN,535.420000,262.970000,NaN,NaN
NaN,NaN,535.430000,262.970000,NaN,NaN
NaN,NaN,535.480000,262.960000,NaN,NaN
NaN,NaN,535.600000,262.930000,NaN,NaN
NaN,NaN,535.590000,262.920000,NaN,NaN
NaN,NaN,535.600000,262.930000,NaN,NaN
NaN,NaN,535.650000,262.940000,NaN,NaN
NaN,NaN,535.700000,262.930000,NaN,NaN
NaN,NaN,535.700000,262.930000,NaN,NaN
NaN,NaN,535.670000,262.940000,NaN,NaN
NaN,NaN,535.690000,262.930000,NaN,NaN
NaN,NaN,535.710000,262.950000,NaN,NaN
NaN,NaN,535.680000,262.980000,NaN,NaN
NaN,NaN,535.710000,262.990000,NaN,NaN
NaN,NaN,535.680000,263.010000,NaN,NaN
NaN,NaN,535.710000,263.000000,NaN,NaN
NaN,NaN,535.700000,263.010000,NaN,NaN
NaN,NaN,535.670000,263.010000,NaN,NaN
NaN,NaN,535.690000,263.020000,NaN,NaN
NaN,NaN,535.700000,263.030000,NaN,NaN
NaN,NaN,535.730000,263.050000,NaN,NaN
NaN,NaN,535.720000,263.060000,NaN,NaN
NaN,NaN,535.740000,263.060000,NaN,NaN
NaN,NaN,535.730000,263.060000,NaN,NaN
NaN,NaN,535.740000,263.050000,NaN,NaN
NaN,NaN,535.760000,263.050000,NaN,NaN
NaN,NaN,535.770000,263.040000,NaN,NaN
NaN,NaN,535.780000,263.050000,NaN,NaN
NaN,NaN,535.790000,263.040000,NaN,NaN
NaN,NaN,535.800000,263.020000,NaN,NaN
NaN,NaN,535.810000,263.020000,NaN,NaN
NaN,NaN,535.830000,263.020000,NaN,NaN
NaN,NaN,535.830000,263.020000,NaN,NaN
NaN,NaN,535.860000,263.010000,NaN,NaN
NaN,NaN,535.880000,263.020000,NaN,NaN
NaN,NaN,535.880000,263.020000,NaN,NaN
NaN,NaN,535.900000,263.020000,NaN,NaN
NaN,NaN,535.910000,263.020000,NaN,NaN
NaN,NaN,535.910000,263.010000,NaN,NaN
NaN,NaN,535.910000,263.030000,NaN,NaN
NaN,NaN,535.900000,263.010000,NaN,NaN
NaN,NaN,535.900000,263.010000,NaN,NaN
NaN,NaN,535.920000,263.010000,NaN,NaN
NaN,NaN,535.900000,263.000000,NaN,NaN
NaN,NaN,535.920000,262.990000,NaN,NaN
NaN,NaN,535.940000,263.000000,NaN,NaN
NaN,NaN,535.940000,262.990000,NaN,NaN
NaN,NaN,535.950000,262.980000,NaN,NaN
NaN,NaN,535.950000,262.980000,NaN,NaN
NaN,NaN,535.970000,262.970000,NaN,NaN
NaN,NaN,535.970000,262.970000,NaN,NaN
NaN,NaN,535.980000,262.960000,NaN,NaN
NaN,NaN,535.980000,262.960000,NaN,NaN
NaN,NaN,536.000000,262.950000,NaN,NaN
NaN,NaN,536.010000,262.950000,NaN,NaN
NaN,NaN,535.990000,262.960000,NaN,NaN
NaN,NaN,536.010000,262.960000,NaN,NaN
NaN,NaN,536.020000,262.950000,NaN,NaN
NaN,NaN,536.040000,262.950000,NaN,NaN
NaN,NaN,536.060000,262.940000,NaN,NaN
NaN,NaN,536.060000,262.940000,NaN,NaN
NaN,NaN,536.050000,262.930000,NaN,NaN
NaN,NaN,536.060000,262.920000,NaN,NaN
NaN,NaN,536.060000,262.920000,NaN,NaN
NaN,NaN,536.080000,262.910000,NaN,NaN
NaN,NaN,536.070000,262.920000,NaN,NaN
NaN,NaN,536.070000,262.900000,NaN,NaN
NaN,NaN,536.060000,262.900000,NaN,NaN
NaN,NaN,536.060000,262.880000,NaN,NaN
NaN,NaN,536.080000,262.880000,NaN,NaN
NaN,NaN,536.100000,262.890000,NaN,NaN
NaN,NaN,536.090000,262.890000,NaN,NaN
NaN,NaN,536.090000,262.880000,NaN,NaN
NaN,NaN,536.090000,262.890000,NaN,NaN
NaN,NaN,536.100000,262.870000,NaN,NaN
NaN,NaN,536.100000,262.870000,NaN,NaN
NaN,NaN,536.120000,262.860000,NaN,NaN
NaN,NaN,536.120000,262.860000,NaN,NaN
NaN,NaN,536.120000,262.870000,NaN,NaN
NaN,NaN,536.140000,262.870000,NaN,NaN
NaN,NaN,536.120000,262.870000,NaN,NaN
NaN,NaN,536.110000,262.860000,NaN,NaN
NaN,NaN,536.110000,262.840000,NaN,NaN
NaN,NaN,536.120000,262.850000,NaN,NaN
NaN,NaN,536.120000,262.850000,NaN,NaN
NaN,NaN,536.110000,262.840000,NaN,NaN
NaN,NaN,536.120000,262.850000,NaN,NaN
NaN,NaN,536.130000,262.860000,NaN,NaN
NaN,NaN,536.130000,262.860000,NaN,NaN
NaN,NaN,536.130000,262.860000,NaN,NaN
NaN,NaN,536.150000,262.870000,NaN,NaN
NaN,NaN,536.140000,262.870000,NaN,NaN
NaN,NaN,536.140000,262.870000,NaN,NaN
NaN,NaN,536.140000,262.870000,NaN,NaN
NaN,NaN,536.160000,262.860000,NaN,NaN
NaN,NaN,536.140000,262.860000,NaN,NaN
NaN,NaN,536.160000,262.860000,NaN,NaN
NaN,NaN,536.160000,262.860000,NaN,NaN
NaN,NaN,536.150000,262.870000,NaN,NaN
NaN,NaN,536.150000,262.870000,NaN,NaN
NaN,NaN,536.170000,262.870000,NaN,NaN
NaN,NaN,536.150000,262.880000,NaN,NaN
NaN,NaN,536.140000,262.890000,NaN,NaN
NaN,NaN,536.140000,262.880000,NaN,NaN
NaN,NaN,536.140000,262.860000,NaN,NaN
NaN,NaN,536.130000,262.870000,NaN,NaN
NaN,NaN,536.150000,262.860000,NaN,NaN
NaN,NaN,536.160000,262.860000,NaN,NaN
NaN,NaN,536.120000,262.880000,NaN,NaN
NaN,NaN,536.130000,262.880000,NaN,NaN
NaN,NaN,536.150000,262.870000,NaN,NaN
NaN,NaN,536.160000,262.890000,NaN,NaN
NaN,NaN,536.150000,262.890000,NaN,NaN
NaN,NaN,536.150000,262.890000,NaN,NaN
NaN,NaN,536.470797,259.198023,NaN,NaN
NaN,NaN,536.090000,258.890000,NaN,NaN
NaN,NaN,535.990000,258.820000,NaN,NaN
NaN,NaN,535.950000,258.920000,NaN,NaN
NaN,NaN,535.950000,258.890000,NaN,NaN
NaN,NaN,535.910000,258.810000,NaN,NaN
NaN,NaN,535.900000,258.790000,NaN,NaN
NaN,NaN,535.890000,258.780000,NaN,NaN
NaN,NaN,535.860000,258.710000,NaN,NaN
NaN,NaN,535.810000,258.660000,NaN,NaN
NaN,NaN,535.800000,258.600000,NaN,NaN
NaN,NaN,535.780000,258.560000,NaN,NaN
NaN,NaN,535.710000,258.440000,NaN,NaN
NaN,NaN,535.680000,258.140000,NaN,NaN
NaN,NaN,535.630000,258.100000,NaN,NaN
NaN,NaN,535.580000,258.050000,NaN,NaN
NaN,NaN,535.560000,258.020000,NaN,NaN
NaN,NaN,535.460000,257.970000,NaN,NaN
NaN,NaN,535.260000,257.880000,NaN,NaN
NaN,NaN,535.250000,257.820000,NaN,NaN
NaN,NaN,535.200000,257.740000,NaN,NaN
NaN,NaN,535.170000,257.710000,NaN,NaN
NaN,NaN,535.180000,257.660000,NaN,NaN
NaN,NaN,535.170000,257.560000,NaN,NaN
NaN,NaN,535.140000,257.200000,NaN,NaN
NaN,NaN,535.090000,257.140000,NaN,NaN
NaN,NaN,535.020000,257.050000,NaN,NaN
NaN,NaN,535.020000,257.010000,NaN,NaN
NaN,NaN,534.980000,256.980000,NaN,NaN
NaN,NaN,534.900000,256.890000,NaN,NaN
NaN,NaN,534.820000,256.810000,NaN,NaN
NaN,NaN,534.820000,256.810000,NaN,NaN
NaN,NaN,534.760000,256.740000,NaN,NaN
NaN,NaN,534.720000,256.660000,NaN,NaN
NaN,NaN,534.670000,256.550000,NaN,NaN
NaN,NaN,534.620000,256.160000,NaN,NaN
NaN,NaN,534.530000,256.060000,NaN,NaN
NaN,NaN,534.350000,255.980000,NaN,NaN
NaN,NaN,534.330000,255.920000,NaN,NaN
NaN,NaN,534.260000,255.890000,NaN,NaN
NaN,NaN,534.280000,255.830000,NaN,NaN
NaN,NaN,534.250000,255.780000,NaN,NaN
NaN,NaN,534.250000,255.750000,NaN,NaN
NaN,NaN,534.220000,255.650000,NaN,NaN
NaN,NaN,534.210000,255.660000,NaN,NaN
NaN,NaN,534.200000,255.620000,NaN,NaN
NaN,NaN,534.180000,255.560000,NaN,NaN
NaN,NaN,534.120000,255.440000,NaN,NaN
NaN,NaN,534.080000,255.130000,NaN,NaN
NaN,NaN,533.990000,255.050000,NaN,NaN
NaN,NaN,533.980000,255.000000,NaN,NaN
NaN,NaN,533.950000,254.920000,NaN,NaN
NaN,NaN,533.900000,254.880000,NaN,NaN
NaN,NaN,533.810000,254.820000,NaN,NaN
NaN,NaN,533.830000,254.790000,NaN,NaN
NaN,NaN,533.830000,254.730000,NaN,NaN
NaN,NaN,533.710000,254.640000,NaN,NaN
NaN,NaN,533.700000,254.590000,NaN,NaN
NaN,NaN,533.630000,254.500000,NaN,NaN
NaN,NaN,533.560000,254.110000,NaN,NaN
NaN,NaN,533.370000,254.030000,NaN,NaN
NaN,NaN,533.340000,253.970000,NaN,NaN
NaN,NaN,533.280000,253.950000,NaN,NaN
NaN,NaN,533.320000,253.920000,NaN,NaN
NaN,NaN,533.260000,253.830000,NaN,NaN
NaN,NaN,533.310000,253.800000,NaN,NaN
NaN,NaN,533.270000,253.780000,NaN,NaN
NaN,NaN,533.200000,253.730000,NaN,NaN
NaN,NaN,533.260000,253.720000,NaN,NaN
NaN,NaN,533.170000,253.550000,NaN,NaN
NaN,NaN,533.090000,253.260000,NaN,NaN
NaN,NaN,532.970000,253.200000,NaN,NaN
NaN,NaN,532.990000,253.160000,NaN,NaN
NaN,NaN,532.930000,253.060000,NaN,NaN
NaN,NaN,531.874747,252.242176,NaN,NaN
NaN,NaN,531.990000,251.950000,NaN,NaN
NaN,NaN,532.020000,251.950000,NaN,NaN
NaN,NaN,532.000000,251.940000,NaN,NaN
NaN,NaN,532.000000,251.910000,NaN,NaN
NaN,NaN,531.990000,251.900000,NaN,NaN
NaN,NaN,532.000000,251.800000,NaN,NaN
NaN,NaN,531.980000,251.820000,NaN,NaN
NaN,NaN,531.950000,251.780000,NaN,NaN
NaN,NaN,531.910000,251.740000,NaN,NaN
NaN,NaN,531.920000,251.710000,NaN,NaN
NaN,NaN,531.920000,251.680000,NaN,NaN
NaN,NaN,531.930000,251.680000,NaN,NaN
NaN,NaN,531.910000,251.680000,NaN,NaN
NaN,NaN,531.930000,251.660000,NaN,NaN
NaN,NaN,531.940000,251.620000,NaN,NaN
NaN,NaN,531.990000,251.620000,NaN,NaN
NaN,NaN,531.990000,251.600000,NaN,NaN
NaN,NaN,531.990000,251.580000,NaN,NaN
NaN,NaN,531.980000,251.580000,NaN,NaN
NaN,NaN,531.980000,251.530000,NaN,NaN
NaN,NaN,531.890000,251.360000,NaN,NaN
NaN,NaN,531.910000,251.390000,NaN,NaN
NaN,NaN,531.880000,251.300000,NaN,NaN
NaN,NaN,531.900000,251.360000,NaN,NaN
NaN,NaN,531.890000,251.310000,NaN,NaN
NaN,NaN,531.940000,251.340000,NaN,NaN
NaN,NaN,531.930000,251.340000,NaN,NaN
NaN,NaN,531.940000,251.300000,NaN,NaN
NaN,NaN,531.950000,251.270000,NaN,NaN
NaN,NaN,531.960000,251.310000,NaN,NaN
NaN,NaN,531.950000,251.270000,NaN,NaN
NaN,NaN,532.000000,251.260000,NaN,NaN
NaN,NaN,531.990000,251.240000,NaN,NaN
NaN,NaN,531.980000,251.230000,NaN,NaN
NaN,NaN,532.000000,251.240000,NaN,NaN
NaN,NaN,532.040000,251.300000,NaN,NaN
NaN,NaN,532.040000,251.290000,NaN,NaN
NaN,NaN,532.060000,251.290000,NaN,NaN
NaN,NaN,532.060000,251.280000,NaN,NaN
NaN,NaN,532.090000,251.290000,NaN,NaN
NaN,NaN,532.090000,251.250000,NaN,NaN
NaN,NaN,532.090000,251.270000,NaN,NaN
NaN,NaN,532.140000,251.300000,NaN,NaN
NaN,NaN,532.170000,251.280000,NaN,NaN
NaN,NaN,532.190000,251.300000,NaN,NaN
NaN,NaN,532.200000,251.330000,NaN,NaN
NaN,NaN,532.190000,251.300000,NaN,NaN
NaN,NaN,532.210000,251.330000,NaN,NaN
NaN,NaN,532.250000,251.390000,NaN,NaN
NaN,NaN,532.270000,251.390000,NaN,NaN
NaN,NaN,532.370000,251.450000,NaN,NaN
NaN,NaN,532.330000,251.420000,NaN,NaN
NaN,NaN,532.340000,251.390000,NaN,NaN
NaN,NaN,532.400000,251.430000,NaN,NaN
NaN,NaN,532.410000,251.530000,NaN,NaN
NaN,NaN,532.480000,251.690000,NaN,NaN
NaN,NaN,532.680000,251.730000,NaN,NaN
NaN,NaN,532.730000,251.770000,NaN,NaN
NaN,NaN,532.740000,251.790000,NaN,NaN
NaN,NaN,532.750000,251.810000,NaN,NaN
NaN,NaN,532.800000,251.770000,NaN,NaN
NaN,NaN,532.850000,251.870000,NaN,NaN
NaN,NaN,532.870000,251.850000,NaN,NaN
NaN,NaN,532.880000,251.840000,NaN,NaN
NaN,NaN,532.900000,251.820000,NaN,NaN
NaN,NaN,532.940000,251.850000,NaN,NaN
NaN,NaN,532.920000,251.860000,NaN,NaN
NaN,NaN,532.960000,251.870000,NaN,NaN
NaN,NaN,532.990000,251.870000,NaN,NaN
NaN,NaN,533.010000,251.890000,NaN,NaN
NaN,NaN,533.020000,251.880000,NaN,NaN
NaN,NaN,533.050000,251.920000,NaN,NaN
NaN,NaN,533.090000,251.920000,NaN,NaN
NaN,NaN,533.110000,251.930000,NaN,NaN
NaN,NaN,533.120000,251.930000,NaN,NaN
NaN,NaN,533.150000,251.920000,NaN,NaN
NaN,NaN,533.180000,251.930000,NaN,NaN
NaN,NaN,533.220000,251.950000,NaN,NaN
NaN,NaN,533.190000,251.940000,NaN,NaN
NaN,NaN,533.210000,251.960000,NaN,NaN
NaN,NaN,533.320000,252.020000,NaN,NaN
NaN,NaN,533.300000,252.000000,NaN,NaN
NaN,NaN,533.330000,252.010000,NaN,NaN
NaN,NaN,533.330000,252.000000,NaN,NaN
NaN,NaN,533.410000,252.000000,NaN,NaN
NaN,NaN,533.390000,252.020000,NaN,NaN
NaN,NaN,533.440000,252.030000,NaN,NaN
NaN,NaN,533.470000,252.030000,NaN,NaN
NaN,NaN,533.660000,252.100000,NaN,NaN
NaN,NaN,533.690000,252.120000,NaN,NaN
NaN,NaN,533.730000,252.120000,NaN,NaN
NaN,NaN,532.896091,251.745330,NaN,NaN
NaN,NaN,532.990000,251.940000,NaN,NaN
NaN,NaN,533.050000,251.990000,NaN,NaN
NaN,NaN,533.050000,252.000000,NaN,NaN
NaN,NaN,533.100000,252.000000,NaN,NaN
NaN,NaN,533.100000,252.020000,NaN,NaN
NaN,NaN,533.100000,252.010000,NaN,NaN
NaN,NaN,533.170000,252.020000,NaN,NaN
NaN,NaN,533.190000,252.010000,NaN,NaN
NaN,NaN,533.140000,251.990000,NaN,NaN
NaN,NaN,533.180000,252.010000,NaN,NaN
NaN,NaN,533.180000,251.990000,NaN,NaN
NaN,NaN,533.210000,251.990000,NaN,NaN
NaN,NaN,533.190000,251.990000,NaN,NaN
NaN,NaN,533.210000,252.000000,NaN,NaN
NaN,NaN,533.230000,252.000000,NaN,NaN
NaN,NaN,533.240000,251.990000,NaN,NaN
NaN,NaN,533.240000,251.970000,NaN,NaN
NaN,NaN,533.240000,251.980000,NaN,NaN
NaN,NaN,533.340000,251.980000,NaN,NaN
NaN,NaN,533.340000,251.970000,NaN,NaN
NaN,NaN,533.430000,251.960000,NaN,NaN
NaN,NaN,533.470000,252.020000,NaN,NaN
NaN,NaN,533.590000,252.000000,NaN,NaN
NaN,NaN,533.590000,252.010000,NaN,NaN
NaN,NaN,533.590000,251.990000,NaN,NaN
NaN,NaN,533.620000,252.000000,NaN,NaN
NaN,NaN,533.610000,251.990000,NaN,NaN
NaN,NaN,533.610000,251.980000,NaN,NaN
NaN,NaN,533.620000,251.960000,NaN,NaN
NaN,NaN,533.610000,251.950000,NaN,NaN
NaN,NaN,533.640000,251.930000,NaN,NaN
NaN,NaN,533.750000,251.920000,NaN,NaN
NaN,NaN,533.750000,251.920000,NaN,NaN
NaN,NaN,533.820000,251.900000,NaN,NaN
NaN,NaN,533.750000,251.900000,NaN,NaN
NaN,NaN,533.760000,251.920000,NaN,NaN
NaN,NaN,533.800000,251.910000,NaN,NaN
NaN,NaN,533.760000,251.860000,NaN,NaN
NaN,NaN,533.770000,251.860000,NaN,NaN
NaN,NaN,533.810000,251.880000,NaN,NaN
NaN,NaN,533.870000,251.820000,NaN,NaN
NaN,NaN,533.860000,251.830000,NaN,NaN
NaN,NaN,533.870000,251.830000,NaN,NaN
NaN,NaN,533.880000,251.810000,NaN,NaN
NaN,NaN,533.880000,251.760000,NaN,NaN
NaN,NaN,533.920000,251.770000,NaN,NaN
NaN,NaN,533.950000,251.780000,NaN,NaN
NaN,NaN,533.970000,251.760000,NaN,NaN
NaN,NaN,534.010000,251.700000,NaN,NaN
NaN,NaN,534.030000,251.710000,NaN,NaN
NaN,NaN,533.970000,251.670000,NaN,NaN
NaN,NaN,533.970000,251.680000,NaN,NaN
NaN,NaN,534.000000,251.670000,NaN,NaN
NaN,NaN,534.070000,251.660000,NaN,NaN
NaN,NaN,534.070000,251.640000,NaN,NaN
NaN,NaN,534.090000,251.660000,NaN,NaN
NaN,NaN,534.070000,251.600000,NaN,NaN
NaN,NaN,534.070000,251.570000,NaN,NaN
NaN,NaN,534.080000,251.600000,NaN,NaN
NaN,NaN,534.070000,251.570000,NaN,NaN
NaN,NaN,534.100000,251.520000,NaN,NaN
NaN,NaN,534.050000,251.360000,NaN,NaN
NaN,NaN,534.070000,251.310000,NaN,NaN
NaN,NaN,534.140000,251.310000,NaN,NaN
NaN,NaN,534.140000,251.290000,NaN,NaN
NaN,NaN,534.120000,251.230000,NaN,NaN
NaN,NaN,534.130000,251.210000,NaN,NaN
NaN,NaN,534.140000,251.220000,NaN,NaN
NaN,NaN,534.170000,251.220000,NaN,NaN
NaN,NaN,534.190000,251.200000,NaN,NaN
NaN,NaN,534.250000,251.180000,NaN,NaN
NaN,NaN,534.240000,251.180000,NaN,NaN
NaN,NaN,534.240000,251.180000,NaN,NaN
NaN,NaN,534.240000,251.130000,NaN,NaN
NaN,NaN,534.280000,251.130000,NaN,NaN
NaN,NaN,534.280000,251.110000,NaN,NaN
NaN,NaN,534.330000,251.110000,NaN,NaN
NaN,NaN,534.440000,251.070000,NaN,NaN
NaN,NaN,534.580000,251.130000,NaN,NaN
NaN,NaN,534.540000,251.110000,NaN,NaN
NaN,NaN,534.580000,251.100000,NaN,NaN
NaN,NaN,534.428108,251.745330,NaN,NaN
NaN,NaN,534.000000,251.990000,NaN,NaN
NaN,NaN,533.990000,251.970000,NaN,NaN
NaN,NaN,534.010000,251.970000,NaN,NaN
NaN,NaN,534.040000,251.990000,NaN,NaN
NaN,NaN,534.060000,251.970000,NaN,NaN
NaN,NaN,534.070000,251.940000,NaN,NaN
NaN,NaN,534.090000,251.940000,NaN,NaN
NaN,NaN,534.130000,251.920000,NaN,NaN
NaN,NaN,534.120000,251.890000,NaN,NaN
NaN,NaN,534.140000,251.880000,NaN,NaN
NaN,NaN,534.140000,251.890000,NaN,NaN
NaN,NaN,534.200000,251.830000,NaN,NaN
NaN,NaN,534.180000,251.820000,NaN,NaN
NaN,NaN,534.190000,251.810000,NaN,NaN
NaN,NaN,534.220000,251.810000,NaN,NaN
NaN,NaN,534.240000,251.820000,NaN,NaN
NaN,NaN,534.210000,251.810000,NaN,NaN
NaN,NaN,534.240000,251.790000,NaN,NaN
NaN,NaN,534.300000,251.780000,NaN,NaN
NaN,NaN,534.310000,251.750000,NaN,NaN
NaN,NaN,534.320000,251.740000,NaN,NaN
NaN,NaN,534.320000,251.720000,NaN,NaN
NaN,NaN,534.310000,251.700000,NaN,NaN
NaN,NaN,534.340000,251.740000,NaN,NaN
NaN,NaN,534.370000,251.710000,NaN,NaN
NaN,NaN,534.470000,251.710000,NaN,NaN
NaN,NaN,534.610000,251.760000,NaN,NaN
NaN,NaN,534.630000,251.700000,NaN,NaN
NaN,NaN,534.610000,251.700000,NaN,NaN
NaN,NaN,534.600000,251.700000,NaN,NaN
NaN,NaN,534.640000,251.670000,NaN,NaN
NaN,NaN,534.610000,251.640000,NaN,NaN
NaN,NaN,534.710000,251.630000,NaN,NaN
NaN,NaN,534.670000,251.600000,NaN,NaN
NaN,NaN,534.700000,251.590000,NaN,NaN
NaN,NaN,534.720000,251.550000,NaN,NaN
NaN,NaN,534.730000,251.570000,NaN,NaN
NaN,NaN,534.740000,251.560000,NaN,NaN
NaN,NaN,534.740000,251.520000,NaN,NaN
NaN,NaN,534.690000,251.330000,NaN,NaN
NaN,NaN,534.680000,251.310000,NaN,NaN
NaN,NaN,534.740000,251.230000,NaN,NaN
NaN,NaN,534.730000,251.230000,NaN,NaN
NaN,NaN,534.810000,251.240000,NaN,NaN
NaN,NaN,534.800000,251.230000,NaN,NaN
NaN,NaN,534.740000,251.210000,NaN,NaN
NaN,NaN,534.750000,251.180000,NaN,NaN
NaN,NaN,534.870000,251.120000,NaN,NaN
NaN,NaN,534.840000,251.130000,NaN,NaN
NaN,NaN,534.890000,251.140000,NaN,NaN
NaN,NaN,534.880000,251.120000,NaN,NaN
NaN,NaN,534.900000,251.120000,NaN,NaN
NaN,NaN,534.970000,251.070000,NaN,NaN
NaN,NaN,534.980000,251.080000,NaN,NaN
NaN,NaN,534.930000,251.050000,NaN,NaN
NaN,NaN,534.920000,251.000000,NaN,NaN
NaN,NaN,535.010000,251.030000,NaN,NaN
NaN,NaN,535.020000,251.010000,NaN,NaN
NaN,NaN,534.990000,250.970000,NaN,NaN
NaN,NaN,535.030000,250.980000,NaN,NaN
NaN,NaN,535.040000,250.970000,NaN,NaN
NaN,NaN,535.000000,250.940000,NaN,NaN
NaN,NaN,534.980000,250.910000,NaN,NaN
NaN,NaN,535.010000,250.910000,NaN,NaN
NaN,NaN,535.050000,250.920000,NaN,NaN
NaN,NaN,535.060000,250.880000,NaN,NaN
NaN,NaN,535.449452,251.745330,NaN,NaN
NaN,NaN,535.040000,252.000000,NaN,NaN
NaN,NaN,535.020000,251.970000,NaN,NaN
NaN,NaN,535.040000,251.960000,NaN,NaN
NaN,NaN,535.030000,251.950000,NaN,NaN
NaN,NaN,535.090000,251.940000,NaN,NaN
NaN,NaN,535.070000,251.930000,NaN,NaN
NaN,NaN,535.120000,251.930000,NaN,NaN
NaN,NaN,535.160000,251.910000,NaN,NaN
NaN,NaN,535.180000,251.930000,NaN,NaN
NaN,NaN,535.270000,251.900000,NaN,NaN
NaN,NaN,535.180000,251.850000,NaN,NaN
NaN,NaN,535.210000,251.870000,NaN,NaN
NaN,NaN,535.200000,251.830000,NaN,NaN
NaN,NaN,535.240000,251.830000,NaN,NaN
NaN,NaN,535.240000,251.840000,NaN,NaN
NaN,NaN,535.270000,251.830000,NaN,NaN
NaN,NaN,535.280000,251.790000,NaN,NaN
NaN,NaN,535.300000,251.770000,NaN,NaN
NaN,NaN,535.310000,251.760000,NaN,NaN
NaN,NaN,535.350000,251.730000,NaN,NaN
NaN,NaN,535.320000,251.710000,NaN,NaN
NaN,NaN,535.320000,251.720000,NaN,NaN
NaN,NaN,535.330000,251.710000,NaN,NaN
NaN,NaN,535.340000,251.680000,NaN,NaN
NaN,NaN,535.410000,251.700000,NaN,NaN
NaN,NaN,535.390000,251.650000,NaN,NaN
NaN,NaN,535.440000,251.670000,NaN,NaN
NaN,NaN,535.420000,251.650000,NaN,NaN
NaN,NaN,536.981469,251.248484,NaN,NaN
NaN,NaN,537.040000,250.990000,NaN,NaN
NaN,NaN,537.010000,250.970000,NaN,NaN
NaN,NaN,537.040000,250.970000,NaN,NaN
NaN,NaN,537.040000,250.950000,NaN,NaN
NaN,NaN,537.030000,250.950000,NaN,NaN
NaN,NaN,537.030000,250.900000,NaN,NaN
NaN,NaN,537.030000,250.900000,NaN,NaN
NaN,NaN,537.060000,250.890000,NaN,NaN
NaN,NaN,537.070000,250.880000,NaN,NaN
NaN,NaN,537.070000,250.880000,NaN,NaN
NaN,NaN,537.070000,250.880000,NaN,NaN
NaN,NaN,537.090000,250.870000,NaN,NaN
NaN,NaN,537.080000,250.880000,NaN,NaN
NaN,NaN,537.170000,250.880000,NaN,NaN
NaN,NaN,537.140000,250.870000,NaN,NaN
NaN,NaN,537.140000,250.860000,NaN,NaN
NaN,NaN,537.140000,250.840000,NaN,NaN
NaN,NaN,537.140000,250.830000,NaN,NaN
NaN,NaN,537.170000,250.810000,NaN,NaN
NaN,NaN,537.180000,250.800000,NaN,NaN
NaN,NaN,537.170000,250.800000,NaN,NaN
NaN,NaN,537.160000,250.790000,NaN,NaN
NaN,NaN,537.200000,250.780000,NaN,NaN
NaN,NaN,537.190000,250.770000,NaN,NaN
NaN,NaN,537.210000,250.790000,NaN,NaN
NaN,NaN,537.240000,250.790000,NaN,NaN
NaN,NaN,537.320000,250.760000,NaN,NaN
NaN,NaN,537.270000,250.740000,NaN,NaN
NaN,NaN,537.270000,250.750000,NaN,NaN
NaN,NaN,537.240000,250.730000,NaN,NaN
NaN,NaN,537.280000,250.720000,NaN,NaN
NaN,NaN,537.280000,250.710000,NaN,NaN
NaN,NaN,537.290000,250.690000,NaN,NaN
NaN,NaN,537.290000,250.670000,NaN,NaN
NaN,NaN,537.310000,250.670000,NaN,NaN
NaN,NaN,537.330000,250.590000,NaN,NaN
NaN,NaN,537.350000,250.600000,NaN,NaN
NaN,NaN,537.330000,250.640000,NaN,NaN
NaN,NaN,537.350000,250.610000,NaN,NaN
NaN,NaN,537.330000,250.580000,NaN,NaN
NaN,NaN,537.350000,250.560000,NaN,NaN
NaN,NaN,537.340000,250.570000,NaN,NaN
NaN,NaN,537.330000,250.580000,NaN,NaN
NaN,NaN,537.340000,250.520000,NaN,NaN
NaN,NaN,537.440000,250.410000,NaN,NaN
NaN,NaN,537.510000,250.470000,NaN,NaN
NaN,NaN,537.560000,250.450000,NaN,NaN
NaN,NaN,537.520000,250.430000,NaN,NaN
NaN,NaN,537.510000,250.400000,NaN,NaN
NaN,NaN,537.390000,250.310000,NaN,NaN
NaN,NaN,537.400000,250.350000,NaN,NaN
NaN,NaN,537.370000,250.320000,NaN,NaN
NaN,NaN,537.430000,250.340000,NaN,NaN
NaN,NaN,537.450000,250.300000,NaN,NaN
NaN,NaN,537.500000,250.320000,NaN,NaN
NaN,NaN,537.720000,250.300000,NaN,NaN
NaN,NaN,537.740000,250.310000,NaN,NaN
NaN,NaN,537.700000,250.330000,NaN,NaN
NaN,NaN,537.720000,250.310000,NaN,NaN
NaN,NaN,537.730000,250.270000,NaN,NaN
NaN,NaN,537.770000,250.360000,NaN,NaN
NaN,NaN,537.770000,250.350000,NaN,NaN
NaN,NaN,537.780000,250.290000,NaN,NaN
NaN,NaN,537.740000,250.230000,NaN,NaN
NaN,NaN,537.780000,250.210000,NaN,NaN
NaN,NaN,537.900000,250.230000,NaN,NaN
NaN,NaN,537.880000,250.200000,NaN,NaN
NaN,NaN,537.870000,250.170000,NaN,NaN
NaN,NaN,537.890000,250.160000,NaN,NaN
NaN,NaN,537.960000,250.180000,NaN,NaN
NaN,NaN,537.980000,250.140000,NaN,NaN
NaN,NaN,537.950000,250.150000,NaN,NaN
NaN,NaN,538.020000,250.110000,NaN,NaN
NaN,NaN,537.980000,250.120000,NaN,NaN
NaN,NaN,538.030000,250.090000,NaN,NaN
NaN,NaN,538.030000,250.110000,NaN,NaN
NaN,NaN,538.040000,250.080000,NaN,NaN
NaN,NaN,538.060000,250.060000,NaN,NaN
NaN,NaN,538.110000,250.000000,NaN,NaN
NaN,NaN,538.120000,249.980000,NaN,NaN
NaN,NaN,538.140000,249.940000,NaN,NaN
NaN,NaN,538.240000,249.960000,NaN,NaN
NaN,NaN,538.270000,250.020000,NaN,NaN
NaN,NaN,538.180000,250.010000,NaN,NaN
NaN,NaN,538.200000,249.970000,NaN,NaN
NaN,NaN,538.320000,249.990000,NaN,NaN
NaN,NaN,538.230000,249.930000,NaN,NaN
NaN,NaN,538.340000,249.970000,NaN,NaN
NaN,NaN,538.240000,249.870000,NaN,NaN
NaN,NaN,538.480000,249.900000,NaN,NaN
NaN,NaN,538.620000,250.020000,NaN,NaN
NaN,NaN,538.620000,249.990000,NaN,NaN
NaN,NaN,538.660000,249.980000,NaN,NaN
NaN,NaN,538.680000,249.980000,NaN,NaN
NaN,NaN,538.670000,250.010000,NaN,NaN
NaN,NaN,538.840000,250.020000,NaN,NaN
NaN,NaN,538.840000,250.000000,NaN,NaN
NaN,NaN,538.770000,249.980000,NaN,NaN
NaN,NaN,538.770000,249.980000,NaN,NaN
NaN,NaN,538.790000,249.940000,NaN,NaN
NaN,NaN,538.790000,249.920000,NaN,NaN
NaN,NaN,538.800000,249.880000,NaN,NaN
NaN,NaN,538.820000,249.870000,NaN,NaN
NaN,NaN,538.880000,249.940000,NaN,NaN
NaN,NaN,538.900000,249.910000,NaN,NaN
NaN,NaN,538.910000,249.920000,NaN,NaN
NaN,NaN,538.880000,249.910000,NaN,NaN
NaN,NaN,538.880000,249.850000,NaN,NaN
NaN,NaN,538.860000,249.850000,NaN,NaN
NaN,NaN,538.930000,249.870000,NaN,NaN
NaN,NaN,539.020000,249.920000,NaN,NaN
NaN,NaN,539.020000,249.870000,NaN,NaN
NaN,NaN,539.040000,249.870000,NaN,NaN
NaN,NaN,539.010000,249.820000,NaN,NaN
NaN,NaN,539.020000,249.800000,NaN,NaN
NaN,NaN,539.060000,249.840000,NaN,NaN
NaN,NaN,539.060000,249.820000,NaN,NaN
NaN,NaN,539.080000,249.770000,NaN,NaN
NaN,NaN,539.060000,249.770000,NaN,NaN
NaN,NaN,539.040000,249.700000,NaN,NaN
NaN,NaN,539.090000,249.750000,NaN,NaN
NaN,NaN,539.080000,249.720000,NaN,NaN
NaN,NaN,539.000000,249.630000,NaN,NaN
NaN,NaN,539.060000,249.680000,NaN,NaN
NaN,NaN,539.520000,250.000000,NaN,NaN
NaN,NaN,539.630000,249.970000,NaN,NaN
NaN,NaN,539.690000,249.980000,NaN,NaN
NaN,NaN,539.530000,249.910000,NaN,NaN
NaN,NaN,539.160000,249.670000,NaN,NaN
NaN,NaN,538.970000,249.420000,NaN,NaN
NaN,NaN,538.950000,249.340000,NaN,NaN
NaN,NaN,539.340000,249.650000,NaN,NaN
NaN,NaN,539.770000,249.920000,NaN,NaN
NaN,NaN,537.790000,248.040000,NaN,NaN
NaN,NaN,537.460000,247.810000,NaN,NaN
NaN,NaN,537.370000,247.630000,NaN,NaN
NaN,NaN,537.420000,247.660000,NaN,NaN
NaN,NaN,537.550000,247.780000,NaN,NaN
NaN,NaN,537.810000,247.950000,NaN,NaN
NaN,NaN,537.790000,247.890000,NaN,NaN
NaN,NaN,537.720000,247.810000,NaN,NaN
NaN,NaN,537.690000,247.800000,NaN,NaN
NaN,NaN,537.750000,247.820000,NaN,NaN
NaN,NaN,537.730000,247.800000,NaN,NaN
NaN,NaN,537.690000,247.750000,NaN,NaN
NaN,NaN,537.690000,247.690000,NaN,NaN
NaN,NaN,537.660000,247.620000,NaN,NaN
NaN,NaN,537.700000,247.650000,NaN,NaN
NaN,NaN,537.720000,247.670000,NaN,NaN
NaN,NaN,537.680000,247.630000,NaN,NaN
NaN,NaN,537.640000,247.570000,NaN,NaN
NaN,NaN,537.710000,247.640000,NaN,NaN
NaN,NaN,537.630000,247.540000,NaN,NaN
NaN,NaN,537.580000,247.380000,NaN,NaN
NaN,NaN,537.510000,247.330000,NaN,NaN
NaN,NaN,537.270000,247.130000,NaN,NaN
NaN,NaN,537.270000,247.150000,NaN,NaN
NaN,NaN,539.024158,249.757945,NaN,NaN
NaN,NaN,539.060000,250.040000,NaN,NaN
NaN,NaN,539.030000,250.030000,NaN,NaN
NaN,NaN,539.010000,250.000000,NaN,NaN
NaN,NaN,539.020000,249.990000,NaN,NaN
NaN,NaN,539.030000,249.990000,NaN,NaN
NaN,NaN,539.040000,249.980000,NaN,NaN
NaN,NaN,539.050000,249.970000,NaN,NaN
NaN,NaN,539.040000,249.960000,NaN,NaN
NaN,NaN,539.050000,249.970000,NaN,NaN
NaN,NaN,539.060000,249.960000,NaN,NaN
NaN,NaN,539.060000,249.950000,NaN,NaN
NaN,NaN,539.070000,249.940000,NaN,NaN
NaN,NaN,539.080000,249.920000,NaN,NaN
NaN,NaN,539.100000,249.920000,NaN,NaN
NaN,NaN,539.110000,249.910000,NaN,NaN
NaN,NaN,539.534830,248.764253,NaN,NaN
NaN,NaN,539.220000,249.880000,NaN,NaN
NaN,NaN,539.110000,249.930000,NaN,NaN
NaN,NaN,539.050000,249.900000,NaN,NaN
NaN,NaN,539.120000,249.870000,NaN,NaN
NaN,NaN,539.120000,249.860000,NaN,NaN
NaN,NaN,539.120000,249.860000,NaN,NaN
NaN,NaN,539.100000,249.870000,NaN,NaN
NaN,NaN,539.100000,249.870000,NaN,NaN
NaN,NaN,539.120000,249.870000,NaN,NaN
NaN,NaN,539.130000,249.860000,NaN,NaN
NaN,NaN,539.120000,249.830000,NaN,NaN
NaN,NaN,539.140000,249.820000,NaN,NaN
NaN,NaN,539.150000,249.830000,NaN,NaN
NaN,NaN,539.140000,249.820000,NaN,NaN
NaN,NaN,539.140000,249.810000,NaN,NaN
NaN,NaN,539.150000,249.810000,NaN,NaN
NaN,NaN,539.120000,249.780000,NaN,NaN
NaN,NaN,540.020000,248.900000,NaN,NaN
NaN,NaN,540.020000,248.890000,NaN,NaN
NaN,NaN,540.020000,248.880000,NaN,NaN
NaN,NaN,540.030000,248.880000,NaN,NaN
NaN,NaN,540.050000,248.870000,NaN,NaN
NaN,NaN,540.040000,248.870000,NaN,NaN
NaN,NaN,540.030000,248.860000,NaN,NaN
NaN,NaN,540.040000,248.840000,NaN,NaN
NaN,NaN,540.040000,248.850000,NaN,NaN
NaN,NaN,540.050000,248.830000,NaN,NaN
NaN,NaN,540.100000,248.810000,NaN,NaN
NaN,NaN,540.070000,248.830000,NaN,NaN
NaN,NaN,540.040000,248.820000,NaN,NaN
NaN,NaN,540.050000,248.800000,NaN,NaN
NaN,NaN,540.060000,248.790000,NaN,NaN
NaN,NaN,540.070000,248.790000,NaN,NaN
NaN,NaN,540.070000,248.780000,NaN,NaN
NaN,NaN,540.060000,248.770000,NaN,NaN
NaN,NaN,540.080000,248.770000,NaN,NaN
NaN,NaN,540.080000,248.800000,NaN,NaN
NaN,NaN,540.090000,248.780000,NaN,NaN
NaN,NaN,540.080000,248.780000,NaN,NaN
NaN,NaN,540.090000,248.780000,NaN,NaN
NaN,NaN,540.080000,248.760000,NaN,NaN
NaN,NaN,540.090000,248.710000,NaN,NaN
NaN,NaN,540.090000,248.730000,NaN,NaN
NaN,NaN,540.100000,248.740000,NaN,NaN
NaN,NaN,540.100000,248.700000,NaN,NaN
NaN,NaN,540.100000,248.700000,NaN,NaN
NaN,NaN,540.070000,248.690000,NaN,NaN
NaN,NaN,540.090000,248.660000,NaN,NaN
NaN,NaN,540.100000,248.660000,NaN,NaN
NaN,NaN,540.090000,248.680000,NaN,NaN
NaN,NaN,540.120000,248.700000,NaN,NaN
NaN,NaN,540.120000,248.680000,NaN,NaN
NaN,NaN,540.110000,248.680000,NaN,NaN
NaN,NaN,540.110000,248.670000,NaN,NaN
NaN,NaN,540.130000,248.640000,NaN,NaN
NaN,NaN,540.110000,248.640000,NaN,NaN
NaN,NaN,540.150000,248.680000,NaN,NaN
NaN,NaN,540.120000,248.630000,NaN,NaN
NaN,NaN,540.110000,248.590000,NaN,NaN
NaN,NaN,540.130000,248.600000,NaN,NaN
NaN,NaN,540.100000,248.570000,NaN,NaN
NaN,NaN,540.090000,248.590000,NaN,NaN
NaN,NaN,540.100000,248.590000,NaN,NaN
NaN,NaN,540.120000,248.590000,NaN,NaN
NaN,NaN,540.130000,248.570000,NaN,NaN
NaN,NaN,540.110000,248.540000,NaN,NaN
NaN,NaN,540.110000,248.570000,NaN,NaN
NaN,NaN,540.130000,248.530000,NaN,NaN
NaN,NaN,540.120000,248.540000,NaN,NaN
NaN,NaN,540.130000,248.520000,NaN,NaN
NaN,NaN,540.140000,248.490000,NaN,NaN
NaN,NaN,540.140000,248.330000,NaN,NaN
NaN,NaN,540.140000,248.350000,NaN,NaN
NaN,NaN,540.130000,248.310000,NaN,NaN
NaN,NaN,540.160000,248.320000,NaN,NaN
NaN,NaN,540.130000,248.300000,NaN,NaN
NaN,NaN,540.160000,248.300000,NaN,NaN
NaN,NaN,540.140000,248.250000,NaN,NaN
NaN,NaN,540.130000,248.250000,NaN,NaN
NaN,NaN,540.160000,248.250000,NaN,NaN
NaN,NaN,540.150000,248.220000,NaN,NaN
NaN,NaN,540.120000,248.220000,NaN,NaN
NaN,NaN,540.170000,248.170000,NaN,NaN
NaN,NaN,540.120000,248.200000,NaN,NaN
NaN,NaN,540.180000,248.190000,NaN,NaN
NaN,NaN,540.180000,248.210000,NaN,NaN
NaN,NaN,540.190000,248.210000,NaN,NaN
NaN,NaN,540.160000,248.170000,NaN,NaN
NaN,NaN,540.140000,248.160000,NaN,NaN
NaN,NaN,540.150000,248.110000,NaN,NaN
NaN,NaN,540.110000,248.110000,NaN,NaN
NaN,NaN,540.130000,248.070000,NaN,NaN
NaN,NaN,540.150000,248.120000,NaN,NaN
NaN,NaN,540.160000,248.140000,NaN,NaN
NaN,NaN,540.140000,248.130000,NaN,NaN
NaN,NaN,540.150000,248.120000,NaN,NaN
NaN,NaN,540.190000,248.130000,NaN,NaN
NaN,NaN,540.190000,248.090000,NaN,NaN
NaN,NaN,540.270000,248.110000,NaN,NaN
NaN,NaN,540.270000,248.010000,NaN,NaN
NaN,NaN,540.210000,248.010000,NaN,NaN
NaN,NaN,540.230000,248.070000,NaN,NaN
NaN,NaN,540.270000,248.100000,NaN,NaN
NaN,NaN,540.230000,248.100000,NaN,NaN
NaN,NaN,540.220000,248.100000,NaN,NaN
NaN,NaN,540.190000,248.020000,NaN,NaN
NaN,NaN,540.220000,248.070000,NaN,NaN
NaN,NaN,540.210000,247.940000,NaN,NaN
NaN,NaN,540.210000,247.940000,NaN,NaN
NaN,NaN,540.230000,247.980000,NaN,NaN
NaN,NaN,540.200000,247.990000,NaN,NaN
NaN,NaN,540.210000,248.000000,NaN,NaN
NaN,NaN,540.180000,247.920000,NaN,NaN
NaN,NaN,540.190000,247.940000,NaN,NaN
NaN,NaN,540.210000,247.950000,NaN,NaN
NaN,NaN,540.240000,247.970000,NaN,NaN
NaN,NaN,540.360000,248.000000,NaN,NaN
NaN,NaN,540.290000,247.960000,NaN,NaN
NaN,NaN,540.250000,247.970000,NaN,NaN
NaN,NaN,540.270000,247.880000,NaN,NaN
NaN,NaN,540.300000,247.840000,NaN,NaN
NaN,NaN,540.270000,247.730000,NaN,NaN
NaN,NaN,540.230000,247.670000,NaN,NaN
NaN,NaN,540.280000,247.860000,NaN,NaN
NaN,NaN,540.240000,247.550000,NaN,NaN
NaN,NaN,540.010000,247.080000,NaN,NaN
NaN,NaN,540.010000,247.030000,NaN,NaN
NaN,NaN,540.060000,247.000000,NaN,NaN
NaN,NaN,540.060000,247.030000,NaN,NaN
NaN,NaN,540.020000,247.010000,NaN,NaN
NaN,NaN,540.030000,247.040000,NaN,NaN
NaN,NaN,540.010000,247.000000,NaN,NaN
NaN,NaN,540.030000,246.940000,NaN,NaN
NaN,NaN,539.950000,246.590000,NaN,NaN
NaN,NaN,539.770000,246.230000,NaN,NaN
NaN,NaN,539.820000,246.240000,NaN,NaN
NaN,NaN,539.740000,246.190000,NaN,NaN
NaN,NaN,539.740000,246.210000,NaN,NaN
NaN,NaN,539.720000,246.160000,NaN,NaN
NaN,NaN,539.670000,246.120000,NaN,NaN
NaN,NaN,539.780000,246.140000,NaN,NaN
NaN,NaN,539.710000,246.110000,NaN,NaN
NaN,NaN,539.620000,246.090000,NaN,NaN
NaN,NaN,539.650000,246.040000,NaN,NaN
NaN,NaN,539.630000,246.040000,NaN,NaN
NaN,NaN,539.580000,245.970000,NaN,NaN
NaN,NaN,539.730000,245.950000,NaN,NaN
NaN,NaN,539.730000,245.980000,NaN,NaN
NaN,NaN,539.760000,245.970000,NaN,NaN
NaN,NaN,539.670000,245.920000,NaN,NaN
NaN,NaN,539.670000,245.880000,NaN,NaN
NaN,NaN,539.680000,245.840000,NaN,NaN
NaN,NaN,539.650000,245.850000,NaN,NaN
NaN,NaN,539.670000,245.830000,NaN,NaN
NaN,NaN,539.610000,245.840000,NaN,NaN
NaN,NaN,539.600000,245.780000,NaN,NaN
NaN,NaN,539.700000,245.790000,NaN,NaN
NaN,NaN,539.700000,245.800000,NaN,NaN
NaN,NaN,539.690000,245.770000,NaN,NaN
NaN,NaN,539.730000,245.790000,NaN,NaN
NaN,NaN,539.720000,245.770000,NaN,NaN
NaN,NaN,539.620000,245.790000,NaN,NaN
NaN,NaN,539.730000,245.750000,NaN,NaN
NaN,NaN,539.720000,245.710000,NaN,NaN
NaN,NaN,539.600000,245.620000,NaN,NaN
NaN,NaN,539.530000,245.550000,NaN,NaN
NaN,NaN,539.180000,245.310000,NaN,NaN
NaN,NaN,539.190000,245.260000,NaN,NaN
NaN,NaN,539.230000,245.240000,NaN,NaN
NaN,NaN,539.230000,245.180000,NaN,NaN
NaN,NaN,539.260000,245.260000,NaN,NaN
NaN,NaN,539.230000,245.210000,NaN,NaN
NaN,NaN,539.210000,245.200000,NaN,NaN
NaN,NaN,539.200000,245.180000,NaN,NaN
NaN,NaN,539.200000,245.140000,NaN,NaN
NaN,NaN,539.140000,245.150000,NaN,NaN
NaN,NaN,539.130000,245.080000,NaN,NaN
NaN,NaN,539.090000,245.110000,NaN,NaN
NaN,NaN,539.120000,245.080000,NaN,NaN
NaN,NaN,539.160000,245.080000,NaN,NaN
NaN,NaN,539.120000,245.070000,NaN,NaN
NaN,NaN,539.100000,245.040000,NaN,NaN
NaN,NaN,539.130000,245.030000,NaN,NaN
NaN,NaN,539.110000,245.010000,NaN,NaN
NaN,NaN,539.130000,245.000000,NaN,NaN
NaN,NaN,539.130000,244.970000,NaN,NaN
NaN,NaN,539.170000,244.990000,NaN,NaN
NaN,NaN,539.140000,244.970000,NaN,NaN
NaN,NaN,539.140000,244.950000,NaN,NaN
NaN,NaN,539.130000,244.970000,NaN,NaN
NaN,NaN,539.070000,244.940000,NaN,NaN
NaN,NaN,539.150000,244.880000,NaN,NaN
NaN,NaN,539.160000,244.870000,NaN,NaN
NaN,NaN,539.150000,244.900000,NaN,NaN
NaN,NaN,539.160000,244.910000,NaN,NaN
NaN,NaN,539.160000,244.870000,NaN,NaN
NaN,NaN,539.210000,244.840000,NaN,NaN
NaN,NaN,539.200000,244.880000,NaN,NaN
NaN,NaN,539.150000,244.860000,NaN,NaN
NaN,NaN,539.130000,244.820000,NaN,NaN
NaN,NaN,539.070000,244.830000,NaN,NaN
NaN,NaN,539.100000,244.790000,NaN,NaN
NaN,NaN,539.120000,244.770000,NaN,NaN
NaN,NaN,539.140000,244.800000,NaN,NaN
NaN,NaN,539.120000,244.780000,NaN,NaN
NaN,NaN,539.090000,244.790000,NaN,NaN
NaN,NaN,539.130000,244.820000,NaN,NaN
NaN,NaN,539.110000,244.800000,NaN,NaN
NaN,NaN,539.120000,244.750000,NaN,NaN
NaN,NaN,539.050000,244.750000,NaN,NaN
NaN,NaN,539.080000,244.760000,NaN,NaN
NaN,NaN,539.040000,244.720000,NaN,NaN
NaN,NaN,539.000000,244.710000,NaN,NaN
NaN,NaN,538.990000,244.750000,NaN,NaN
NaN,NaN,539.040000,244.700000,NaN,NaN
NaN,NaN,539.040000,244.710000,NaN,NaN
NaN,NaN,538.980000,244.730000,NaN,NaN
NaN,NaN,539.000000,244.710000,NaN,NaN
NaN,NaN,538.970000,244.700000,NaN,NaN
NaN,NaN,538.960000,244.640000,NaN,NaN
NaN,NaN,538.940000,244.640000,NaN,NaN
NaN,NaN,539.000000,244.600000,NaN,NaN
NaN,NaN,538.990000,244.620000,NaN,NaN
NaN,NaN,538.970000,244.580000,NaN,NaN
NaN,NaN,538.980000,244.570000,NaN,NaN
NaN,NaN,539.000000,244.570000,NaN,NaN
NaN,NaN,538.960000,244.520000,NaN,NaN
NaN,NaN,538.920000,244.270000,NaN,NaN
NaN,NaN,538.920000,244.250000,NaN,NaN
NaN,NaN,538.920000,244.230000,NaN,NaN
NaN,NaN,538.920000,244.270000,NaN,NaN
NaN,NaN,538.920000,244.230000,NaN,NaN
NaN,NaN,538.910000,244.210000,NaN,NaN
NaN,NaN,538.920000,244.210000,NaN,NaN
NaN,NaN,538.910000,244.220000,NaN,NaN
NaN,NaN,538.940000,244.170000,NaN,NaN
NaN,NaN,538.930000,244.170000,NaN,NaN
NaN,NaN,538.900000,244.160000,NaN,NaN
NaN,NaN,538.930000,244.130000,NaN,NaN
NaN,NaN,538.920000,244.110000,NaN,NaN
NaN,NaN,538.930000,244.110000,NaN,NaN
NaN,NaN,538.940000,244.090000,NaN,NaN
NaN,NaN,538.930000,244.070000,NaN,NaN
NaN,NaN,538.960000,244.080000,NaN,NaN
NaN,NaN,538.930000,244.050000,NaN,NaN
NaN,NaN,538.950000,244.070000,NaN,NaN
NaN,NaN,538.930000,244.050000,NaN,NaN
NaN,NaN,538.930000,244.030000,NaN,NaN
NaN,NaN,538.980000,244.010000,NaN,NaN
NaN,NaN,538.970000,243.980000,NaN,NaN
NaN,NaN,538.940000,243.970000,NaN,NaN
NaN,NaN,538.980000,244.030000,NaN,NaN
NaN,NaN,538.990000,244.000000,NaN,NaN
NaN,NaN,539.020000,243.990000,NaN,NaN
NaN,NaN,539.020000,243.970000,NaN,NaN
NaN,NaN,539.020000,243.960000,NaN,NaN
NaN,NaN,539.040000,243.960000,NaN,NaN
NaN,NaN,538.990000,243.960000,NaN,NaN
NaN,NaN,538.990000,243.960000,NaN,NaN
NaN,NaN,539.050000,243.950000,NaN,NaN
NaN,NaN,539.040000,243.960000,NaN,NaN
NaN,NaN,539.050000,243.950000,NaN,NaN
NaN,NaN,539.090000,243.950000,NaN,NaN
NaN,NaN,539.090000,243.930000,NaN,NaN
NaN,NaN,539.060000,243.920000,NaN,NaN
NaN,NaN,539.070000,243.900000,NaN,NaN
NaN,NaN,539.110000,243.920000,NaN,NaN
NaN,NaN,539.060000,243.910000,NaN,NaN
NaN,NaN,539.120000,243.910000,NaN,NaN
NaN,NaN,539.080000,243.900000,NaN,NaN
NaN,NaN,539.100000,243.890000,NaN,NaN
NaN,NaN,539.080000,243.890000,NaN,NaN
NaN,NaN,539.100000,243.880000,NaN,NaN
NaN,NaN,539.080000,243.890000,NaN,NaN
NaN,NaN,539.110000,243.880000,NaN,NaN
NaN,NaN,539.080000,243.870000,NaN,NaN
NaN,NaN,539.130000,243.890000,NaN,NaN
NaN,NaN,539.110000,243.860000,NaN,NaN
NaN,NaN,539.120000,243.900000,NaN,NaN
NaN,NaN,539.090000,243.890000,NaN,NaN
NaN,NaN,539.140000,243.880000,NaN,NaN
NaN,NaN,539.140000,243.900000,NaN,NaN
NaN,NaN,539.180000,243.850000,NaN,NaN
NaN,NaN,539.150000,243.860000,NaN,NaN
NaN,NaN,539.200000,243.850000,NaN,NaN
NaN,NaN,539.180000,243.840000,NaN,NaN
NaN,NaN,539.150000,243.870000,NaN,NaN
NaN,NaN,539.180000,243.850000,NaN,NaN
NaN,NaN,539.210000,243.860000,NaN,NaN
NaN,NaN,539.170000,243.840000,NaN,NaN
NaN,NaN,539.210000,243.860000,NaN,NaN
NaN,NaN,539.120000,243.860000,NaN,NaN
NaN,NaN,539.140000,243.830000,NaN,NaN
NaN,NaN,539.130000,243.790000,NaN,NaN
NaN,NaN,539.130000,243.790000,NaN,NaN
NaN,NaN,539.090000,243.790000,NaN,NaN
NaN,NaN,539.070000,243.810000,NaN,NaN
NaN,NaN,539.040000,243.800000,NaN,NaN
NaN,NaN,539.090000,243.790000,NaN,NaN
NaN,NaN,539.050000,243.780000,NaN,NaN
NaN,NaN,539.010000,243.760000,NaN,NaN
NaN,NaN,538.940000,243.720000,NaN,NaN
NaN,NaN,538.970000,243.740000,NaN,NaN
NaN,NaN,538.960000,243.760000,NaN,NaN
NaN,NaN,538.950000,243.760000,NaN,NaN
NaN,NaN,538.970000,243.730000,NaN,NaN
NaN,NaN,538.980000,243.720000,NaN,NaN
NaN,NaN,538.980000,243.750000,NaN,NaN
NaN,NaN,538.980000,243.770000,NaN,NaN
NaN,NaN,538.960000,243.750000,NaN,NaN
NaN,NaN,538.980000,243.740000,NaN,NaN
NaN,NaN,538.960000,243.720000,NaN,NaN
NaN,NaN,539.000000,243.700000,NaN,NaN
NaN,NaN,539.020000,243.690000,NaN,NaN
NaN,NaN,539.000000,243.680000,NaN,NaN
NaN,NaN,539.020000,243.650000,NaN,NaN
NaN,NaN,539.010000,243.660000,NaN,NaN
NaN,NaN,538.990000,243.650000,NaN,NaN
NaN,NaN,538.513486,243.795791,NaN,NaN
NaN,NaN,538.920000,244.000000,NaN,NaN
NaN,NaN,538.980000,244.010000,NaN,NaN
NaN,NaN,538.980000,244.000000,NaN,NaN
NaN,NaN,538.970000,244.000000,NaN,NaN
NaN,NaN,538.970000,244.000000,NaN,NaN
NaN,NaN,538.970000,244.000000,NaN,NaN
NaN,NaN,538.960000,244.000000,NaN,NaN
NaN,NaN,538.950000,244.000000,NaN,NaN
NaN,NaN,538.930000,243.990000,NaN,NaN
NaN,NaN,538.920000,243.990000,NaN,NaN
NaN,NaN,538.900000,243.990000,NaN,NaN
NaN,NaN,538.900000,243.990000,NaN,NaN
NaN,NaN,538.880000,244.000000,NaN,NaN
NaN,NaN,538.880000,243.990000,NaN,NaN
NaN,NaN,538.870000,243.990000,NaN,NaN
NaN,NaN,538.860000,243.990000,NaN,NaN
NaN,NaN,538.840000,243.980000,NaN,NaN
NaN,NaN,538.830000,243.980000,NaN,NaN
NaN,NaN,538.830000,243.980000,NaN,NaN
NaN,NaN,538.830000,243.970000,NaN,NaN
NaN,NaN,538.810000,243.970000,NaN,NaN
NaN,NaN,538.800000,243.960000,NaN,NaN
NaN,NaN,538.780000,243.950000,NaN,NaN
NaN,NaN,538.770000,243.940000,NaN,NaN
NaN,NaN,538.750000,243.940000,NaN,NaN
NaN,NaN,538.720000,243.920000,NaN,NaN
NaN,NaN,538.720000,243.920000,NaN,NaN
NaN,NaN,538.720000,243.910000,NaN,NaN
NaN,NaN,538.690000,243.900000,NaN,NaN
NaN,NaN,538.660000,243.890000,NaN,NaN
NaN,NaN,538.640000,243.880000,NaN,NaN
NaN,NaN,538.650000,243.880000,NaN,NaN
NaN,NaN,538.630000,243.880000,NaN,NaN
NaN,NaN,538.590000,243.860000,NaN,NaN
NaN,NaN,538.570000,243.840000,NaN,NaN
NaN,NaN,538.513486,243.795791,NaN,NaN
NaN,NaN,538.300000,243.820000,NaN,NaN
NaN,NaN,538.300000,243.790000,NaN,NaN
