pt1_cam1_X,pt1_cam1_Y,pt2_cam1_X,pt2_cam1_Y,pt3_cam1_X,pt3_cam1_Y
NaN,NaN,NaN,NaN,623.678704,467.864247
NaN,NaN,NaN,NaN,624.000000,468.010000
NaN,NaN,NaN,NaN,624.030000,468.030000
NaN,NaN,NaN,NaN,624.040000,468.050000
NaN,NaN,NaN,NaN,624.060000,468.080000
NaN,NaN,NaN,NaN,624.080000,468.090000
NaN,NaN,NaN,NaN,624.100000,468.120000
NaN,NaN,NaN,NaN,624.110000,468.140000
NaN,NaN,NaN,NaN,624.140000,468.160000
NaN,NaN,NaN,NaN,624.180000,468.170000
NaN,NaN,NaN,NaN,624.190000,468.200000
NaN,NaN,NaN,NaN,624.200000,468.210000
NaN,NaN,481.902320,466.949144,624.210000,468.240000
NaN,NaN,482.010000,467.010000,624.210000,468.260000
NaN,NaN,482.010000,467.000000,624.220000,468.260000
NaN,NaN,482.010000,467.020000,624.280000,468.300000
NaN,NaN,482.010000,467.020000,624.260000,468.320000
NaN,NaN,482.010000,467.030000,624.250000,468.350000
NaN,NaN,482.020000,467.010000,624.250000,468.360000
NaN,NaN,482.020000,467.020000,624.250000,468.360000
NaN,NaN,482.010000,467.020000,624.240000,468.360000
NaN,NaN,482.010000,467.020000,624.250000,468.360000
NaN,NaN,482.010000,467.030000,624.240000,468.360000
NaN,NaN,482.010000,467.030000,624.250000,468.370000
NaN,NaN,482.000000,467.030000,624.250000,468.360000
NaN,NaN,482.000000,467.020000,624.230000,468.360000
NaN,NaN,482.010000,467.020000,624.240000,468.390000
NaN,NaN,482.020000,467.020000,624.250000,468.420000
NaN,NaN,482.010000,467.020000,624.240000,468.400000
NaN,NaN,482.010000,467.030000,624.230000,468.380000
NaN,NaN,482.010000,467.050000,624.250000,468.410000
NaN,NaN,482.010000,467.050000,624.230000,468.380000
NaN,NaN,482.010000,467.040000,624.240000,468.420000
NaN,NaN,482.000000,467.050000,624.230000,468.410000
NaN,NaN,482.010000,467.050000,624.250000,468.420000
NaN,NaN,482.010000,467.050000,624.250000,468.420000
NaN,NaN,482.010000,467.060000,624.250000,468.430000
NaN,NaN,482.020000,467.050000,624.170000,468.400000
NaN,NaN,482.010000,467.050000,625.380000,470.260000
NaN,NaN,482.010000,467.050000,625.590000,470.720000
NaN,NaN,482.010000,467.050000,625.580000,470.690000
NaN,NaN,482.010000,467.050000,625.590000,470.770000
NaN,NaN,482.010000,467.050000,625.630000,470.850000
NaN,NaN,482.000000,467.050000,625.650000,470.870000
NaN,NaN,482.010000,467.040000,625.650000,470.940000
NaN,NaN,482.000000,467.050000,625.700000,470.990000
NaN,NaN,482.000000,467.050000,625.690000,471.010000
NaN,NaN,482.030000,467.060000,625.670000,471.050000
NaN,NaN,482.010000,467.050000,625.690000,471.110000
NaN,NaN,482.010000,467.050000,625.710000,471.150000
NaN,NaN,482.020000,467.050000,625.730000,471.230000
NaN,NaN,482.020000,467.060000,625.730000,471.280000
NaN,NaN,482.030000,467.060000,625.770000,471.310000
NaN,NaN,482.030000,467.060000,625.800000,471.360000
NaN,NaN,482.020000,467.070000,625.830000,471.520000
NaN,NaN,482.020000,467.070000,625.880000,471.830000
NaN,NaN,482.030000,467.070000,625.870000,471.890000
NaN,NaN,482.030000,467.070000,625.910000,471.910000
NaN,NaN,482.030000,467.070000,625.930000,471.950000
NaN,NaN,482.030000,467.070000,625.940000,471.990000
NaN,NaN,482.040000,467.080000,625.940000,472.070000
NaN,NaN,482.040000,467.060000,625.960000,472.060000
NaN,NaN,482.040000,467.070000,625.990000,472.080000
NaN,NaN,482.020000,467.060000,626.010000,472.120000
NaN,NaN,482.030000,467.070000,626.040000,472.140000
NaN,NaN,482.030000,467.070000,626.040000,472.210000
NaN,NaN,482.020000,467.070000,626.090000,472.310000
NaN,NaN,482.040000,467.060000,626.140000,472.310000
NaN,NaN,482.030000,467.080000,626.210000,472.340000
NaN,NaN,482.020000,467.060000,626.250000,472.350000
NaN,NaN,482.050000,467.060000,626.280000,472.370000
NaN,NaN,482.040000,467.070000,626.350000,472.380000
NaN,NaN,482.040000,467.070000,626.380000,472.450000
NaN,NaN,482.040000,467.070000,626.470000,472.830000
NaN,NaN,482.040000,467.070000,626.580000,472.840000
NaN,NaN,482.060000,467.060000,626.640000,472.950000
NaN,NaN,482.060000,467.060000,626.670000,472.990000
NaN,NaN,482.060000,467.070000,626.730000,473.010000
NaN,NaN,482.060000,467.060000,626.720000,473.030000
NaN,NaN,482.060000,467.060000,626.750000,473.060000
NaN,NaN,482.050000,467.060000,626.770000,473.080000
NaN,NaN,482.050000,467.060000,626.790000,473.130000
NaN,NaN,482.050000,467.070000,626.830000,473.130000
NaN,NaN,482.030000,467.070000,626.870000,473.130000
NaN,NaN,482.050000,467.060000,626.880000,473.150000
NaN,NaN,482.050000,467.050000,626.910000,473.170000
NaN,NaN,482.050000,467.060000,626.930000,473.170000
NaN,NaN,482.060000,467.080000,626.920000,473.200000
NaN,NaN,482.060000,467.080000,626.950000,473.190000
NaN,NaN,482.060000,467.070000,626.940000,473.210000
NaN,NaN,482.060000,467.080000,627.010000,473.240000
NaN,NaN,482.040000,467.080000,627.030000,473.270000
NaN,NaN,482.050000,467.080000,627.020000,473.260000
NaN,NaN,482.060000,467.070000,627.030000,473.270000
NaN,NaN,482.060000,467.070000,627.070000,473.290000
NaN,NaN,482.070000,467.070000,627.100000,473.360000
NaN,NaN,482.060000,467.070000,627.060000,473.390000
NaN,NaN,482.080000,467.070000,627.110000,473.380000
NaN,NaN,482.080000,467.070000,627.140000,473.380000
NaN,NaN,482.070000,467.070000,627.160000,473.410000
NaN,NaN,482.080000,467.070000,627.200000,473.380000
NaN,NaN,482.060000,467.080000,627.190000,473.410000
NaN,NaN,482.070000,467.080000,627.210000,473.420000
NaN,NaN,482.060000,467.080000,627.250000,473.410000
NaN,NaN,482.060000,467.080000,627.280000,473.510000
NaN,NaN,482.090000,467.080000,627.260000,473.840000
NaN,NaN,482.070000,467.070000,627.300000,473.860000
NaN,NaN,482.070000,467.070000,627.340000,473.850000
NaN,NaN,482.080000,467.070000,627.320000,473.850000
NaN,NaN,482.080000,467.070000,627.370000,473.870000
NaN,NaN,482.080000,467.070000,627.400000,473.880000
NaN,NaN,482.080000,467.060000,627.390000,473.880000
NaN,NaN,482.090000,467.070000,627.370000,473.900000
NaN,NaN,482.090000,467.070000,627.440000,473.890000
NaN,NaN,482.090000,467.060000,627.440000,473.880000
NaN,NaN,482.080000,467.070000,627.420000,473.900000
NaN,NaN,482.080000,467.070000,627.540000,473.900000
NaN,NaN,482.090000,467.070000,627.610000,473.920000
NaN,NaN,482.080000,467.070000,627.610000,473.940000
NaN,NaN,482.080000,467.070000,627.640000,473.980000
NaN,NaN,482.110000,467.060000,627.590000,473.990000
NaN,NaN,482.110000,467.060000,627.670000,473.980000
NaN,NaN,482.090000,467.060000,627.640000,473.980000
NaN,NaN,482.090000,467.060000,627.670000,473.980000
NaN,NaN,482.090000,467.060000,627.710000,473.970000
NaN,NaN,482.110000,467.060000,627.720000,473.970000
NaN,NaN,482.090000,467.060000,627.720000,473.970000
NaN,NaN,482.100000,467.050000,627.770000,473.980000
NaN,NaN,482.110000,467.060000,627.750000,474.010000
NaN,NaN,482.120000,467.060000,627.760000,474.000000
NaN,NaN,482.110000,467.050000,627.760000,474.010000
NaN,NaN,482.110000,467.060000,627.800000,474.030000
NaN,NaN,482.110000,467.060000,627.800000,474.020000
NaN,NaN,482.100000,467.070000,627.800000,474.040000
NaN,NaN,482.100000,467.060000,627.830000,474.050000
NaN,NaN,482.120000,467.040000,627.830000,474.110000
NaN,NaN,482.120000,467.050000,627.850000,474.100000
NaN,NaN,482.130000,467.030000,627.860000,474.120000
NaN,NaN,482.130000,467.050000,627.860000,474.130000
NaN,NaN,482.120000,467.050000,627.900000,474.150000
NaN,NaN,482.120000,467.050000,627.870000,474.160000
NaN,NaN,482.110000,467.050000,627.920000,474.170000
NaN,NaN,482.110000,467.050000,627.890000,474.160000
NaN,NaN,482.110000,467.040000,627.910000,474.150000
NaN,NaN,482.110000,467.040000,627.920000,474.170000
NaN,NaN,482.120000,467.030000,627.930000,474.180000
NaN,NaN,482.120000,467.030000,627.960000,474.200000
NaN,NaN,482.120000,467.040000,627.980000,474.180000
NaN,NaN,482.130000,467.030000,628.010000,474.180000
NaN,NaN,482.130000,467.030000,628.030000,474.200000
NaN,NaN,482.160000,467.020000,628.020000,474.280000
NaN,NaN,482.150000,467.030000,627.990000,474.280000
NaN,NaN,482.150000,467.030000,628.040000,474.280000
NaN,NaN,482.160000,467.030000,628.060000,474.310000
NaN,NaN,482.160000,467.020000,628.070000,474.310000
NaN,NaN,482.160000,467.020000,628.080000,474.310000
NaN,NaN,482.170000,467.020000,628.080000,474.320000
NaN,NaN,482.170000,467.010000,628.140000,474.370000
NaN,NaN,482.180000,467.020000,628.170000,474.330000
NaN,NaN,482.180000,467.010000,628.180000,474.360000
NaN,NaN,482.170000,467.010000,628.180000,474.390000
NaN,NaN,482.170000,467.010000,628.240000,474.380000
NaN,NaN,482.170000,467.010000,628.270000,474.420000
NaN,NaN,482.180000,467.010000,628.320000,474.520000
NaN,NaN,482.170000,467.010000,628.280000,474.800000
NaN,NaN,482.200000,466.980000,628.370000,474.840000
NaN,NaN,482.200000,466.990000,628.330000,474.850000
NaN,NaN,482.190000,466.980000,628.390000,474.870000
NaN,NaN,482.190000,466.990000,628.430000,474.850000
NaN,NaN,482.190000,466.990000,628.450000,474.830000
NaN,NaN,482.200000,466.990000,628.530000,474.870000
NaN,NaN,482.200000,466.980000,628.670000,474.880000
NaN,NaN,482.200000,466.990000,628.640000,474.910000
NaN,NaN,482.210000,466.980000,628.750000,474.930000
NaN,NaN,482.210000,466.980000,628.780000,474.960000
NaN,NaN,482.200000,466.980000,628.810000,474.960000
NaN,NaN,482.200000,466.980000,628.830000,474.990000
NaN,NaN,482.210000,466.970000,628.810000,474.990000
NaN,NaN,482.200000,466.960000,628.820000,475.020000
NaN,NaN,482.210000,466.970000,628.850000,475.000000
NaN,NaN,482.240000,466.950000,628.880000,475.050000
NaN,NaN,482.230000,466.950000,628.870000,475.070000
NaN,NaN,482.220000,466.960000,628.910000,475.110000
NaN,NaN,482.220000,466.970000,628.920000,475.120000
NaN,NaN,482.210000,466.960000,628.960000,475.110000
NaN,NaN,482.220000,466.950000,629.000000,475.110000
NaN,NaN,482.230000,466.950000,629.030000,475.170000
NaN,NaN,482.230000,466.950000,629.030000,475.200000
NaN,NaN,482.240000,466.950000,629.030000,475.180000
NaN,NaN,482.250000,466.940000,629.070000,475.160000
NaN,NaN,482.240000,466.940000,629.110000,475.200000
NaN,NaN,482.240000,466.940000,629.120000,475.210000
NaN,NaN,482.240000,466.930000,629.140000,475.230000
NaN,NaN,482.230000,466.940000,629.170000,475.230000
NaN,NaN,482.250000,466.930000,629.190000,475.240000
NaN,NaN,482.280000,466.920000,629.240000,475.250000
NaN,NaN,482.280000,466.920000,629.270000,475.270000
NaN,NaN,482.270000,466.930000,629.280000,475.250000
NaN,NaN,482.270000,466.930000,629.340000,475.310000
NaN,NaN,482.290000,466.930000,629.400000,475.320000
NaN,NaN,482.280000,466.930000,629.350000,475.300000
NaN,NaN,482.290000,466.920000,629.400000,475.380000
NaN,NaN,482.280000,466.910000,629.380000,475.390000
NaN,NaN,482.280000,466.910000,629.410000,475.380000
NaN,NaN,482.290000,466.900000,629.440000,475.400000
NaN,NaN,482.290000,466.890000,629.530000,475.390000
NaN,NaN,482.280000,466.910000,629.550000,475.480000
NaN,NaN,482.310000,466.900000,629.540000,475.800000
NaN,NaN,482.290000,466.900000,629.620000,475.800000
NaN,NaN,482.300000,466.900000,629.630000,475.790000
NaN,NaN,482.320000,466.880000,629.690000,475.840000
NaN,NaN,482.330000,466.880000,629.700000,475.840000
NaN,NaN,482.320000,466.890000,629.740000,475.850000
NaN,NaN,482.330000,466.880000,629.740000,475.820000
NaN,NaN,482.340000,466.890000,629.740000,475.850000
NaN,NaN,482.330000,466.870000,629.780000,475.850000
NaN,NaN,482.320000,466.870000,629.770000,475.850000
NaN,NaN,482.340000,466.880000,629.810000,475.880000
NaN,NaN,482.340000,466.870000,629.800000,475.910000
NaN,NaN,482.320000,466.870000,629.820000,475.950000
NaN,NaN,482.340000,466.870000,629.860000,475.960000
NaN,NaN,482.340000,466.870000,629.890000,475.970000
NaN,NaN,482.350000,466.870000,629.910000,475.980000
NaN,NaN,482.360000,466.850000,629.920000,475.990000
NaN,NaN,482.360000,466.850000,629.910000,476.010000
NaN,NaN,482.390000,466.820000,629.980000,476.020000
NaN,NaN,482.380000,466.820000,629.960000,476.000000
NaN,NaN,482.370000,466.830000,629.990000,476.000000
NaN,NaN,482.370000,466.850000,630.010000,476.020000
NaN,NaN,482.360000,466.840000,630.030000,476.040000
NaN,NaN,482.380000,466.830000,630.030000,476.050000
NaN,NaN,482.380000,466.810000,630.040000,476.060000
NaN,NaN,482.370000,466.810000,630.040000,476.070000
NaN,NaN,482.370000,466.810000,630.020000,476.080000
NaN,NaN,482.370000,466.800000,630.070000,476.090000
NaN,NaN,482.380000,466.800000,630.070000,476.080000
NaN,NaN,482.400000,466.790000,630.060000,476.090000
NaN,NaN,482.400000,466.780000,630.070000,476.080000
NaN,NaN,482.390000,466.790000,630.070000,476.100000
NaN,NaN,482.390000,466.790000,630.100000,476.090000
NaN,NaN,482.470000,466.770000,630.080000,476.130000
NaN,NaN,482.480000,466.760000,630.060000,476.120000
NaN,NaN,482.500000,466.740000,630.100000,476.120000
NaN,NaN,482.470000,466.740000,630.140000,476.110000
NaN,NaN,482.440000,466.740000,630.150000,476.130000
NaN,NaN,482.450000,466.740000,630.140000,476.160000
NaN,NaN,482.450000,466.740000,630.160000,476.170000
NaN,NaN,482.450000,466.740000,630.160000,476.160000
NaN,NaN,482.450000,466.730000,630.170000,476.160000
NaN,NaN,482.440000,466.720000,630.170000,476.140000
NaN,NaN,482.460000,466.710000,630.200000,476.150000
NaN,NaN,482.480000,466.720000,630.210000,476.140000
NaN,NaN,482.480000,466.710000,630.250000,476.150000
NaN,NaN,482.470000,466.700000,630.250000,476.180000
NaN,NaN,482.470000,466.700000,630.230000,476.190000
NaN,NaN,482.550000,466.670000,630.220000,476.190000
NaN,NaN,482.560000,466.660000,630.250000,476.180000
NaN,NaN,482.550000,466.660000,630.260000,476.210000
NaN,NaN,482.550000,466.660000,630.230000,476.240000
NaN,NaN,482.590000,466.650000,630.200000,476.240000
NaN,NaN,482.610000,466.650000,630.230000,476.230000
NaN,NaN,482.620000,466.630000,630.230000,476.240000
NaN,NaN,482.610000,466.640000,630.210000,476.240000
NaN,NaN,482.580000,466.620000,630.230000,476.290000
NaN,NaN,482.600000,466.610000,630.250000,476.300000
NaN,NaN,482.610000,466.630000,630.280000,476.320000
NaN,NaN,482.610000,466.630000,630.260000,476.320000
NaN,NaN,482.630000,466.600000,630.240000,476.310000
NaN,NaN,482.620000,466.620000,630.240000,476.310000
NaN,NaN,482.640000,466.600000,630.260000,476.330000
NaN,NaN,482.670000,466.570000,630.280000,476.480000
NaN,NaN,482.680000,466.580000,630.240000,476.800000
NaN,NaN,482.670000,466.580000,630.240000,476.780000
NaN,NaN,482.680000,466.570000,630.250000,476.790000
NaN,NaN,482.670000,466.560000,630.250000,476.810000
NaN,NaN,482.680000,466.550000,630.250000,476.770000
NaN,NaN,482.660000,466.560000,630.240000,476.790000
NaN,NaN,482.680000,466.550000,630.240000,476.800000
NaN,NaN,482.700000,466.500000,630.220000,476.790000
NaN,NaN,482.710000,466.380000,630.270000,476.780000
NaN,NaN,482.720000,466.360000,630.200000,476.780000
NaN,NaN,482.700000,466.370000,630.230000,476.810000
NaN,NaN,482.700000,466.350000,630.260000,476.810000
NaN,NaN,482.720000,466.360000,630.270000,476.780000
NaN,NaN,482.720000,466.340000,630.230000,476.770000
NaN,NaN,482.740000,466.330000,630.200000,476.770000
NaN,NaN,482.750000,466.320000,630.240000,476.790000
NaN,NaN,482.750000,466.320000,630.250000,476.790000
NaN,NaN,482.770000,466.300000,630.240000,476.760000
NaN,NaN,482.770000,466.320000,630.230000,476.770000
NaN,NaN,482.760000,466.310000,630.230000,476.720000
NaN,NaN,482.760000,466.310000,630.210000,476.770000
NaN,NaN,482.800000,466.280000,630.210000,476.790000
NaN,NaN,482.790000,466.290000,630.170000,476.760000
NaN,NaN,482.810000,466.280000,630.240000,476.810000
NaN,NaN,482.800000,466.280000,630.220000,476.800000
NaN,NaN,482.800000,466.280000,630.230000,476.820000
NaN,NaN,482.820000,466.280000,630.260000,476.850000
NaN,NaN,482.820000,466.260000,630.270000,476.910000
NaN,NaN,482.840000,466.270000,630.280000,476.920000
NaN,NaN,482.880000,466.250000,630.340000,477.030000
NaN,NaN,482.870000,466.240000,630.390000,477.020000
NaN,NaN,482.870000,466.250000,630.420000,477.020000
NaN,NaN,482.870000,466.250000,630.470000,477.050000
NaN,NaN,482.850000,466.260000,630.480000,477.100000
NaN,NaN,482.860000,466.240000,630.480000,477.110000
NaN,NaN,482.880000,466.240000,630.610000,477.150000
NaN,NaN,482.870000,466.240000,630.640000,477.190000
NaN,NaN,482.900000,466.240000,630.650000,477.240000
NaN,NaN,482.900000,466.230000,630.720000,477.260000
NaN,NaN,482.890000,466.220000,630.730000,477.290000
NaN,NaN,482.900000,466.220000,630.700000,477.300000
NaN,NaN,482.910000,466.200000,630.770000,477.350000
NaN,NaN,482.910000,466.200000,630.760000,477.350000
NaN,NaN,482.890000,466.200000,630.780000,477.380000
NaN,NaN,482.910000,466.180000,630.780000,477.500000
NaN,NaN,482.910000,466.180000,630.720000,477.840000
NaN,NaN,482.920000,466.180000,630.770000,477.820000
NaN,NaN,482.910000,466.170000,630.770000,477.860000
NaN,NaN,482.920000,466.160000,630.810000,477.870000
NaN,NaN,482.920000,466.160000,630.810000,477.890000
NaN,NaN,482.930000,466.170000,630.840000,477.900000
NaN,NaN,482.930000,466.160000,630.860000,477.930000
NaN,NaN,482.940000,466.170000,630.880000,477.940000
NaN,NaN,482.950000,466.170000,630.860000,477.980000
NaN,NaN,482.950000,466.170000,630.870000,478.000000
NaN,NaN,482.970000,466.170000,630.890000,478.050000
NaN,NaN,482.970000,466.160000,630.900000,478.090000
NaN,NaN,482.980000,466.150000,630.880000,478.080000
NaN,NaN,483.000000,466.130000,630.880000,478.120000
NaN,NaN,483.000000,466.140000,630.870000,478.170000
NaN,NaN,482.990000,466.130000,630.880000,478.170000
NaN,NaN,483.000000,466.130000,630.870000,478.180000
NaN,NaN,482.990000,466.130000,630.890000,478.240000
NaN,NaN,482.990000,466.130000,630.910000,478.250000
NaN,NaN,483.000000,466.120000,630.890000,478.330000
NaN,NaN,483.010000,466.120000,630.890000,478.390000
NaN,NaN,483.030000,466.120000,630.900000,478.410000
NaN,NaN,483.040000,466.120000,630.930000,478.510000
NaN,NaN,483.060000,466.100000,630.950000,478.800000
NaN,NaN,483.040000,466.110000,630.970000,478.840000
NaN,NaN,483.030000,466.100000,630.990000,478.900000
NaN,NaN,483.030000,466.080000,630.980000,478.940000
NaN,NaN,483.050000,466.070000,631.010000,478.950000
NaN,NaN,483.050000,466.070000,631.020000,478.970000
NaN,NaN,483.090000,466.080000,631.040000,478.960000
NaN,NaN,483.090000,466.070000,631.040000,478.980000
NaN,NaN,483.080000,466.080000,631.080000,478.960000
NaN,NaN,483.070000,466.070000,631.090000,478.990000
NaN,NaN,483.080000,466.060000,631.100000,479.010000
NaN,NaN,483.110000,466.070000,631.090000,478.990000
NaN,NaN,483.100000,466.070000,631.110000,478.980000
NaN,NaN,483.110000,466.060000,631.110000,478.980000
NaN,NaN,483.110000,466.060000,631.120000,478.980000
NaN,NaN,483.120000,466.060000,631.140000,479.020000
NaN,NaN,483.120000,466.060000,631.150000,479.030000
NaN,NaN,483.120000,466.040000,631.180000,479.070000
NaN,NaN,483.120000,466.030000,631.210000,479.040000
NaN,NaN,483.130000,466.050000,631.180000,479.060000
NaN,NaN,483.130000,466.040000,631.210000,479.110000
NaN,NaN,483.190000,466.010000,631.230000,479.160000
NaN,NaN,483.170000,466.010000,631.210000,479.190000
NaN,NaN,483.180000,466.020000,631.220000,479.160000
NaN,NaN,483.180000,466.010000,631.250000,479.200000
NaN,NaN,483.200000,466.000000,631.280000,479.240000
NaN,NaN,483.180000,466.000000,631.270000,479.230000
NaN,NaN,483.180000,465.990000,631.280000,479.270000
NaN,NaN,483.190000,465.980000,631.280000,479.280000
NaN,NaN,483.190000,465.970000,631.290000,479.300000
NaN,NaN,483.170000,465.970000,631.320000,479.340000
NaN,NaN,483.180000,465.970000,631.310000,479.390000
NaN,NaN,483.190000,465.960000,631.310000,479.440000
NaN,NaN,483.200000,465.950000,631.310000,479.480000
NaN,NaN,483.210000,465.960000,631.330000,479.750000
NaN,NaN,483.220000,465.950000,631.360000,479.740000
NaN,NaN,483.270000,465.970000,631.410000,479.810000
NaN,NaN,483.290000,465.950000,631.430000,479.830000
NaN,NaN,483.280000,465.950000,631.480000,479.830000
NaN,NaN,483.240000,465.940000,631.480000,479.910000
NaN,NaN,483.250000,465.930000,631.480000,479.900000
NaN,NaN,483.290000,465.940000,631.510000,479.940000
NaN,NaN,483.270000,465.920000,631.570000,479.960000
NaN,NaN,483.300000,465.920000,631.570000,479.980000
NaN,NaN,483.280000,465.900000,631.620000,479.990000
NaN,NaN,483.280000,465.890000,631.630000,480.030000
NaN,NaN,483.290000,465.880000,631.730000,480.090000
NaN,NaN,483.310000,465.880000,631.730000,480.110000
NaN,NaN,483.310000,465.880000,631.770000,480.130000
NaN,NaN,483.350000,465.880000,631.820000,480.170000
NaN,NaN,483.320000,465.880000,631.820000,480.200000
NaN,NaN,483.370000,465.870000,631.820000,480.220000
NaN,NaN,483.340000,465.870000,631.870000,480.230000
NaN,NaN,483.360000,465.870000,631.910000,480.280000
NaN,NaN,483.370000,465.860000,631.910000,480.300000
NaN,NaN,483.340000,465.850000,631.950000,480.330000
NaN,NaN,483.350000,465.850000,632.020000,480.400000
NaN,NaN,483.330000,465.840000,632.010000,480.440000
NaN,NaN,483.350000,465.820000,632.010000,480.570000
NaN,NaN,483.340000,465.820000,632.050000,480.810000
NaN,NaN,483.360000,465.820000,632.080000,480.820000
NaN,NaN,483.370000,465.810000,632.120000,480.840000
NaN,NaN,483.400000,465.810000,632.150000,480.860000
NaN,NaN,483.410000,465.790000,632.180000,480.920000
NaN,NaN,483.430000,465.800000,632.240000,480.920000
NaN,NaN,483.420000,465.800000,632.250000,480.940000
NaN,NaN,483.490000,465.740000,632.300000,480.990000
NaN,NaN,483.540000,465.770000,632.310000,481.020000
NaN,NaN,483.510000,465.740000,632.350000,481.010000
NaN,NaN,483.490000,465.740000,632.380000,481.030000
NaN,NaN,483.480000,465.730000,632.420000,481.040000
NaN,NaN,483.480000,465.710000,632.460000,481.060000
NaN,NaN,483.490000,465.730000,632.520000,481.080000
NaN,NaN,483.500000,465.730000,632.610000,481.100000
NaN,NaN,483.530000,465.710000,632.680000,481.120000
NaN,NaN,483.550000,465.680000,632.680000,481.140000
NaN,NaN,483.550000,465.700000,632.740000,481.200000
NaN,NaN,483.560000,465.670000,632.770000,481.230000
NaN,NaN,483.560000,465.680000,632.820000,481.230000
NaN,NaN,483.600000,465.640000,632.870000,481.240000
NaN,NaN,483.550000,465.640000,632.890000,481.290000
NaN,NaN,483.590000,465.600000,632.940000,481.330000
NaN,NaN,483.570000,465.610000,632.970000,481.350000
NaN,NaN,483.540000,465.590000,633.010000,481.400000
NaN,NaN,483.560000,465.590000,633.030000,481.390000
NaN,NaN,483.570000,465.630000,633.080000,481.400000
NaN,NaN,483.640000,465.600000,633.110000,481.390000
NaN,NaN,483.620000,465.600000,633.140000,481.430000
NaN,NaN,483.620000,465.560000,633.130000,481.460000
NaN,NaN,483.610000,465.550000,633.160000,481.560000
NaN,NaN,483.620000,465.520000,633.200000,481.850000
NaN,NaN,483.600000,465.320000,633.220000,481.890000
NaN,NaN,483.640000,465.320000,633.280000,481.940000
NaN,NaN,483.640000,465.310000,633.260000,481.970000
NaN,NaN,483.660000,465.290000,633.290000,481.950000
NaN,NaN,483.650000,465.290000,633.320000,481.980000
NaN,NaN,483.660000,465.280000,633.320000,482.030000
NaN,NaN,483.650000,465.290000,633.310000,482.000000
NaN,NaN,483.680000,465.270000,633.340000,482.020000
NaN,NaN,483.680000,465.270000,633.400000,482.020000
NaN,NaN,483.690000,465.250000,633.420000,482.030000
NaN,NaN,483.740000,465.260000,633.450000,482.060000
NaN,NaN,483.720000,465.260000,633.460000,482.110000
NaN,NaN,483.680000,465.260000,633.470000,482.090000
NaN,NaN,483.710000,465.220000,633.600000,482.060000
NaN,NaN,483.690000,465.220000,633.640000,482.090000
NaN,NaN,483.720000,465.210000,633.660000,482.090000
NaN,NaN,483.700000,465.210000,633.700000,482.080000
NaN,NaN,483.750000,465.190000,633.740000,482.100000
NaN,NaN,483.750000,465.210000,633.810000,482.130000
NaN,NaN,483.750000,465.190000,633.820000,482.150000
NaN,NaN,483.710000,465.200000,633.820000,482.210000
NaN,NaN,483.730000,465.190000,633.830000,482.250000
NaN,NaN,483.720000,465.180000,633.830000,482.280000
NaN,NaN,483.770000,465.190000,633.870000,482.260000
NaN,NaN,483.810000,465.190000,633.890000,482.300000
NaN,NaN,483.780000,465.170000,633.890000,482.310000
NaN,NaN,483.760000,465.150000,633.950000,482.360000
NaN,NaN,483.770000,465.150000,633.920000,482.410000
NaN,NaN,483.780000,465.160000,633.980000,482.410000
NaN,NaN,483.810000,465.150000,634.010000,482.410000
NaN,NaN,483.810000,465.130000,634.020000,482.440000
NaN,NaN,483.800000,465.140000,634.030000,482.460000
NaN,NaN,483.830000,465.120000,634.030000,482.500000
NaN,NaN,483.800000,465.110000,634.020000,482.920000
NaN,NaN,483.850000,465.100000,634.000000,482.890000
NaN,NaN,483.900000,465.110000,634.030000,482.940000
NaN,NaN,483.830000,465.100000,634.020000,482.940000
NaN,NaN,483.840000,465.070000,634.070000,482.970000
NaN,NaN,483.850000,465.110000,634.100000,482.980000
NaN,NaN,483.850000,465.090000,634.100000,483.020000
NaN,NaN,483.820000,465.070000,634.150000,483.020000
NaN,NaN,483.860000,465.060000,634.130000,483.030000
NaN,NaN,483.860000,465.050000,634.180000,483.060000
NaN,NaN,483.850000,465.050000,634.210000,483.090000
NaN,NaN,483.860000,465.060000,634.250000,483.130000
NaN,NaN,483.840000,465.060000,634.260000,483.150000
NaN,NaN,483.900000,465.050000,634.310000,483.180000
NaN,NaN,483.870000,465.040000,634.320000,483.240000
NaN,NaN,483.880000,465.020000,634.390000,483.240000
NaN,NaN,483.880000,465.010000,634.380000,483.300000
NaN,NaN,484.010000,465.030000,634.430000,483.390000
NaN,NaN,483.960000,465.020000,634.420000,483.380000
NaN,NaN,483.950000,465.030000,634.500000,483.390000
NaN,NaN,483.930000,465.010000,634.480000,483.410000
NaN,NaN,483.920000,465.010000,634.500000,483.490000
NaN,NaN,483.950000,465.010000,634.500000,483.890000
NaN,NaN,483.970000,464.990000,634.490000,483.930000
NaN,NaN,483.960000,464.990000,634.490000,483.940000
NaN,NaN,483.960000,464.990000,634.470000,483.970000
NaN,NaN,483.960000,464.970000,634.470000,484.000000
NaN,NaN,483.980000,464.960000,634.530000,483.980000
NaN,NaN,483.960000,464.950000,634.540000,483.970000
NaN,NaN,483.970000,464.940000,634.560000,484.000000
NaN,NaN,483.970000,464.940000,634.570000,483.990000
NaN,NaN,484.010000,464.910000,634.610000,484.020000
NaN,NaN,484.040000,464.930000,634.630000,484.070000
NaN,NaN,483.980000,464.920000,634.640000,484.040000
NaN,NaN,483.990000,464.890000,634.660000,484.100000
NaN,NaN,483.990000,464.890000,634.660000,484.120000
NaN,NaN,483.990000,464.890000,634.720000,484.120000
NaN,NaN,483.990000,464.910000,634.710000,484.100000
NaN,NaN,484.030000,464.900000,634.740000,484.130000
NaN,NaN,484.030000,464.910000,634.760000,484.130000
NaN,NaN,484.050000,464.910000,634.780000,484.160000
NaN,NaN,484.030000,464.860000,634.820000,484.230000
NaN,NaN,484.050000,464.840000,634.840000,484.190000
NaN,NaN,484.050000,464.870000,634.820000,484.260000
NaN,NaN,484.050000,464.860000,634.840000,484.260000
NaN,NaN,484.070000,464.840000,634.870000,484.270000
NaN,NaN,484.040000,464.820000,634.910000,484.290000
NaN,NaN,484.080000,464.800000,634.890000,484.330000
NaN,NaN,484.090000,464.810000,634.920000,484.360000
NaN,NaN,484.120000,464.800000,634.960000,484.320000
NaN,NaN,484.120000,464.800000,634.940000,484.400000
NaN,NaN,484.150000,464.810000,634.940000,484.380000
NaN,NaN,484.120000,464.820000,634.930000,484.390000
NaN,NaN,484.130000,464.780000,634.940000,484.400000
NaN,NaN,484.140000,464.810000,634.980000,484.370000
NaN,NaN,484.080000,464.780000,635.000000,484.390000
NaN,NaN,484.100000,464.750000,634.980000,484.400000
NaN,NaN,484.110000,464.740000,634.970000,484.400000
NaN,NaN,484.130000,464.740000,634.990000,484.440000
NaN,NaN,484.130000,464.700000,635.020000,484.430000
NaN,NaN,484.160000,464.680000,635.030000,484.470000
NaN,NaN,484.130000,464.700000,635.050000,484.890000
NaN,NaN,484.210000,464.720000,635.080000,484.860000
NaN,NaN,484.160000,464.680000,635.080000,484.900000
NaN,NaN,484.190000,464.670000,635.080000,484.900000
NaN,NaN,484.210000,464.650000,635.090000,484.900000
NaN,NaN,484.200000,464.640000,635.100000,484.910000
NaN,NaN,484.230000,464.650000,635.110000,484.910000
NaN,NaN,484.210000,464.590000,635.120000,484.950000
NaN,NaN,484.190000,464.630000,635.130000,484.970000
NaN,NaN,484.160000,464.630000,635.140000,484.990000
NaN,NaN,484.200000,464.660000,635.170000,484.960000
NaN,NaN,484.220000,464.700000,635.190000,484.990000
NaN,NaN,484.200000,464.650000,635.220000,485.010000
NaN,NaN,484.260000,464.640000,635.190000,485.040000
NaN,NaN,484.220000,464.580000,635.200000,485.030000
NaN,NaN,484.240000,464.580000,635.220000,485.040000
NaN,NaN,484.180000,464.540000,635.240000,484.990000
NaN,NaN,484.250000,464.550000,635.250000,485.040000
NaN,NaN,484.270000,464.560000,635.260000,485.060000
NaN,NaN,484.210000,464.480000,635.280000,485.070000
NaN,NaN,484.210000,464.240000,635.290000,485.090000
NaN,NaN,484.230000,464.250000,635.290000,485.050000
NaN,NaN,484.210000,464.260000,635.340000,485.060000
NaN,NaN,484.210000,464.250000,635.330000,485.080000
NaN,NaN,484.220000,464.240000,635.360000,485.090000
NaN,NaN,484.270000,464.250000,635.410000,485.100000
NaN,NaN,484.270000,464.190000,635.470000,485.060000
NaN,NaN,484.240000,464.200000,635.500000,485.100000
NaN,NaN,484.270000,464.210000,635.530000,485.100000
NaN,NaN,484.240000,464.210000,635.530000,485.120000
NaN,NaN,484.300000,464.190000,635.540000,485.110000
NaN,NaN,484.360000,464.180000,635.590000,485.040000
NaN,NaN,484.260000,464.180000,635.620000,485.060000
NaN,NaN,484.260000,464.170000,635.640000,485.110000
NaN,NaN,484.260000,464.210000,635.660000,485.110000
NaN,NaN,484.300000,464.230000,635.630000,485.120000
NaN,NaN,484.290000,464.210000,635.680000,485.120000
NaN,NaN,484.330000,464.150000,635.680000,485.100000
NaN,NaN,484.370000,464.160000,635.690000,485.130000
NaN,NaN,484.370000,464.180000,635.780000,485.120000
NaN,NaN,484.260000,464.170000,635.730000,485.120000
NaN,NaN,484.320000,464.150000,635.760000,485.130000
NaN,NaN,484.360000,464.130000,635.790000,485.150000
NaN,NaN,484.300000,464.150000,635.800000,485.140000
NaN,NaN,484.350000,464.150000,635.800000,485.140000
NaN,NaN,484.300000,464.160000,635.840000,485.150000
NaN,NaN,484.350000,464.150000,635.800000,485.140000
NaN,NaN,484.390000,464.150000,635.820000,485.170000
NaN,NaN,484.450000,464.160000,635.840000,485.160000
NaN,NaN,484.490000,464.150000,635.870000,485.180000
NaN,NaN,484.530000,464.170000,635.860000,485.170000
NaN,NaN,484.660000,464.150000,635.850000,485.180000
NaN,NaN,484.630000,464.140000,635.900000,485.190000
NaN,NaN,484.560000,464.130000,635.920000,485.170000
NaN,NaN,484.570000,464.140000,635.920000,485.210000
NaN,NaN,484.650000,464.130000,635.910000,485.230000
NaN,NaN,484.710000,464.120000,635.940000,485.170000
NaN,NaN,484.610000,464.140000,635.930000,485.200000
NaN,NaN,484.670000,464.090000,635.970000,485.210000
NaN,NaN,484.700000,464.100000,635.960000,485.210000
NaN,NaN,484.640000,464.090000,636.000000,485.250000
NaN,NaN,484.610000,464.090000,636.030000,485.250000
NaN,NaN,484.620000,464.100000,636.020000,485.270000
NaN,NaN,484.650000,464.090000,636.030000,485.240000
NaN,NaN,484.640000,464.120000,636.040000,485.250000
NaN,NaN,484.640000,464.100000,636.030000,485.270000
NaN,NaN,484.680000,464.120000,636.070000,485.250000
NaN,NaN,484.710000,464.080000,636.110000,485.260000
NaN,NaN,484.700000,464.070000,636.120000,485.230000
NaN,NaN,484.740000,464.060000,636.080000,485.290000
NaN,NaN,484.760000,464.090000,636.110000,485.320000
NaN,NaN,484.700000,464.080000,636.110000,485.350000
NaN,NaN,484.710000,464.070000,636.150000,485.320000
NaN,NaN,484.740000,464.050000,636.150000,485.360000
NaN,NaN,484.760000,464.080000,636.160000,485.380000
NaN,NaN,484.750000,464.070000,636.130000,485.370000
NaN,NaN,484.680000,464.060000,636.160000,485.390000
NaN,NaN,484.700000,464.070000,636.190000,485.440000
NaN,NaN,484.700000,464.020000,636.170000,485.420000
NaN,NaN,484.670000,464.060000,636.170000,485.420000
NaN,NaN,484.700000,464.060000,636.190000,485.450000
NaN,NaN,484.730000,464.030000,636.240000,485.400000
NaN,NaN,484.750000,464.020000,636.210000,485.470000
NaN,NaN,484.720000,464.040000,636.150000,485.850000
NaN,NaN,484.770000,464.070000,636.200000,485.860000
NaN,NaN,484.790000,464.030000,636.210000,485.830000
NaN,NaN,484.790000,464.060000,636.250000,485.850000
NaN,NaN,484.750000,464.040000,636.270000,485.860000
NaN,NaN,484.820000,464.030000,636.260000,485.870000
NaN,NaN,484.850000,464.000000,636.290000,485.880000
NaN,NaN,484.830000,463.990000,636.340000,485.900000
NaN,NaN,484.840000,463.990000,636.400000,485.940000
NaN,NaN,484.860000,463.950000,636.420000,485.910000
NaN,NaN,484.840000,463.990000,636.490000,485.900000
NaN,NaN,484.850000,464.040000,636.510000,485.900000
NaN,NaN,484.880000,464.070000,636.550000,485.900000
NaN,NaN,484.830000,464.040000,636.590000,485.920000
NaN,NaN,484.890000,464.040000,636.590000,485.910000
NaN,NaN,484.870000,464.030000,636.670000,485.900000
NaN,NaN,484.890000,464.020000,636.660000,485.920000
NaN,NaN,484.910000,463.990000,636.670000,485.910000
NaN,NaN,484.920000,463.980000,636.690000,485.930000
NaN,NaN,484.880000,463.980000,636.710000,485.940000
NaN,NaN,484.940000,463.930000,636.710000,485.980000
NaN,NaN,484.930000,463.960000,636.680000,485.980000
NaN,NaN,484.950000,464.000000,636.740000,486.000000
NaN,NaN,485.050000,464.010000,636.710000,485.970000
NaN,NaN,484.960000,464.030000,636.740000,485.970000
NaN,NaN,485.000000,463.990000,636.710000,485.970000
NaN,NaN,484.970000,463.970000,636.780000,485.960000
NaN,NaN,484.960000,463.990000,636.770000,485.990000
NaN,NaN,484.930000,463.990000,636.830000,485.940000
NaN,NaN,485.000000,464.020000,636.810000,485.960000
NaN,NaN,485.050000,464.010000,636.800000,485.980000
NaN,NaN,485.040000,464.000000,636.830000,485.980000
NaN,NaN,485.050000,464.030000,636.850000,485.960000
NaN,NaN,485.010000,464.020000,636.830000,485.970000
NaN,NaN,485.030000,464.030000,636.840000,486.010000
NaN,NaN,485.030000,464.020000,636.850000,486.010000
NaN,NaN,485.050000,463.960000,636.850000,486.030000
NaN,NaN,485.040000,463.980000,636.840000,486.060000
NaN,NaN,485.080000,463.980000,636.860000,486.130000
NaN,NaN,485.070000,463.990000,636.870000,486.140000
NaN,NaN,485.090000,464.020000,636.930000,486.150000
NaN,NaN,485.080000,463.960000,636.970000,486.080000
NaN,NaN,485.070000,463.990000,636.930000,486.110000
NaN,NaN,485.100000,464.010000,636.940000,486.100000
NaN,NaN,485.130000,464.000000,636.950000,486.120000
NaN,NaN,485.120000,463.990000,636.960000,486.120000
NaN,NaN,485.170000,463.990000,637.010000,486.140000
NaN,NaN,485.170000,463.870000,637.020000,486.130000
NaN,NaN,485.200000,463.850000,636.990000,486.140000
NaN,NaN,485.210000,463.870000,636.990000,486.120000
NaN,NaN,485.230000,463.840000,636.980000,486.130000
NaN,NaN,485.230000,463.870000,637.030000,486.140000
NaN,NaN,485.250000,463.810000,637.030000,486.140000
NaN,NaN,485.280000,463.920000,637.090000,486.150000
NaN,NaN,485.290000,463.930000,637.080000,486.190000
NaN,NaN,485.290000,463.880000,637.100000,486.180000
NaN,NaN,485.290000,463.910000,637.110000,486.170000
NaN,NaN,485.350000,463.980000,637.130000,486.160000
NaN,NaN,485.360000,463.930000,637.140000,486.170000
NaN,NaN,485.340000,463.950000,637.130000,486.190000
NaN,NaN,485.380000,463.980000,637.150000,486.220000
NaN,NaN,485.380000,464.000000,637.210000,486.170000
NaN,NaN,485.400000,463.990000,637.210000,486.190000
NaN,NaN,485.400000,463.930000,637.260000,486.210000
NaN,NaN,485.430000,463.910000,637.270000,486.240000
NaN,NaN,485.480000,463.900000,637.300000,486.220000
NaN,NaN,485.570000,463.890000,637.280000,486.230000
NaN,NaN,485.510000,463.890000,637.320000,486.260000
NaN,NaN,485.600000,463.860000,637.350000,486.320000
NaN,NaN,485.610000,463.920000,637.360000,486.330000
NaN,NaN,485.660000,463.900000,637.380000,486.320000
NaN,NaN,485.650000,463.930000,637.400000,486.300000
NaN,NaN,485.670000,463.910000,637.510000,486.260000
NaN,NaN,485.590000,463.910000,637.550000,486.280000
NaN,NaN,485.670000,463.860000,637.590000,486.290000
NaN,NaN,485.720000,463.900000,637.580000,486.300000
NaN,NaN,485.740000,463.830000,637.660000,486.290000
NaN,NaN,485.740000,463.800000,637.690000,486.250000
NaN,NaN,485.710000,463.850000,637.710000,486.250000
NaN,NaN,485.750000,463.880000,637.700000,486.240000
NaN,NaN,485.760000,463.860000,637.750000,486.290000
NaN,NaN,485.790000,463.750000,637.750000,486.300000
NaN,NaN,485.800000,463.700000,637.760000,486.280000
NaN,NaN,485.890000,463.770000,637.800000,486.250000
NaN,NaN,485.870000,463.830000,637.770000,486.280000
NaN,NaN,485.870000,463.820000,637.770000,486.290000
NaN,NaN,485.870000,463.880000,637.740000,486.300000
NaN,NaN,485.870000,463.820000,637.730000,486.330000
NaN,NaN,485.860000,463.850000,637.740000,486.310000
NaN,NaN,485.890000,463.890000,637.780000,486.280000
NaN,NaN,485.930000,463.830000,637.810000,486.280000
NaN,NaN,485.910000,463.740000,637.840000,486.300000
NaN,NaN,485.930000,463.690000,637.800000,486.390000
NaN,NaN,485.960000,463.640000,637.870000,486.290000
NaN,NaN,485.950000,463.720000,637.900000,486.260000
NaN,NaN,485.960000,463.650000,637.890000,486.260000
NaN,NaN,485.980000,463.690000,637.930000,486.230000
NaN,NaN,485.980000,463.710000,637.960000,486.220000
NaN,NaN,485.980000,463.810000,637.940000,486.230000
NaN,NaN,486.000000,463.760000,637.940000,486.260000
NaN,NaN,486.020000,463.810000,637.910000,486.330000
NaN,NaN,486.020000,463.790000,637.930000,486.310000
NaN,NaN,486.030000,463.890000,637.970000,486.310000
NaN,NaN,486.080000,463.830000,637.940000,486.340000
NaN,NaN,486.100000,463.890000,637.980000,486.260000
NaN,NaN,486.120000,463.900000,638.040000,486.260000
NaN,NaN,486.190000,463.810000,638.050000,486.270000
NaN,NaN,486.140000,463.890000,638.080000,486.270000
NaN,NaN,486.170000,463.920000,638.030000,486.390000
NaN,NaN,486.190000,463.930000,638.100000,486.360000
NaN,NaN,486.250000,463.850000,638.110000,486.380000
NaN,NaN,486.250000,463.870000,638.190000,486.240000
NaN,NaN,486.300000,463.910000,638.000000,487.590000
NaN,NaN,486.250000,463.930000,637.980000,488.470000
NaN,NaN,486.260000,463.930000,638.010000,488.500000
NaN,NaN,486.260000,463.940000,638.040000,488.540000
NaN,NaN,486.320000,463.850000,638.090000,488.550000
NaN,NaN,486.300000,463.950000,638.090000,488.520000
NaN,NaN,486.360000,463.930000,638.140000,488.080000
NaN,NaN,486.410000,463.920000,638.130000,488.050000
NaN,NaN,486.420000,463.870000,638.150000,488.090000
NaN,NaN,486.440000,463.950000,638.160000,488.140000
NaN,NaN,486.510000,464.000000,638.160000,488.100000
NaN,NaN,486.590000,463.980000,638.190000,488.120000
NaN,NaN,486.630000,464.020000,638.210000,488.130000
NaN,NaN,486.630000,464.020000,638.210000,488.130000
NaN,NaN,486.610000,463.930000,638.250000,488.140000
NaN,NaN,486.650000,463.970000,638.290000,488.190000
NaN,NaN,486.720000,464.030000,638.330000,488.150000
NaN,NaN,486.790000,464.000000,638.360000,488.160000
NaN,NaN,486.820000,464.010000,638.300000,488.210000
NaN,NaN,486.860000,464.050000,638.300000,488.240000
NaN,NaN,486.850000,464.000000,638.320000,488.250000
NaN,NaN,486.900000,464.020000,638.330000,488.220000
NaN,NaN,486.940000,464.110000,638.320000,488.250000
NaN,NaN,486.930000,464.110000,638.360000,488.270000
NaN,NaN,486.980000,464.100000,638.400000,488.350000
NaN,NaN,487.030000,464.150000,638.480000,488.420000
NaN,NaN,487.000000,464.100000,638.520000,488.350000
NaN,NaN,487.030000,464.080000,638.540000,488.340000
NaN,NaN,487.030000,464.130000,638.560000,488.320000
NaN,NaN,487.040000,464.110000,638.600000,488.300000
NaN,NaN,487.070000,464.100000,638.640000,488.290000
NaN,NaN,487.170000,464.190000,638.650000,488.140000
NaN,NaN,487.190000,464.230000,638.610000,488.190000
NaN,NaN,487.250000,464.230000,638.630000,488.170000
NaN,NaN,487.300000,464.170000,638.660000,488.220000
NaN,NaN,487.320000,464.150000,638.690000,488.200000
NaN,NaN,487.400000,464.130000,638.630000,488.170000
NaN,NaN,487.420000,464.260000,638.520000,488.220000
NaN,NaN,487.440000,464.260000,638.580000,488.160000
NaN,NaN,487.490000,464.230000,638.610000,488.130000
NaN,NaN,487.470000,464.210000,638.640000,488.130000
NaN,NaN,487.480000,464.260000,638.690000,488.130000
NaN,NaN,487.480000,464.250000,638.670000,488.130000
NaN,NaN,487.620000,464.360000,638.710000,488.100000
NaN,NaN,487.720000,464.300000,638.730000,488.050000
NaN,NaN,487.770000,464.310000,638.720000,488.020000
NaN,NaN,487.820000,464.310000,638.830000,488.090000
NaN,NaN,487.850000,464.330000,638.740000,488.070000
NaN,NaN,487.850000,464.300000,638.740000,488.110000
NaN,NaN,487.930000,464.360000,638.820000,488.130000
NaN,NaN,487.970000,464.380000,638.910000,488.100000
NaN,NaN,488.080000,464.480000,638.920000,488.070000
NaN,NaN,488.040000,464.850000,638.970000,488.110000
NaN,NaN,488.080000,464.910000,639.020000,488.070000
NaN,NaN,488.120000,464.910000,639.020000,488.040000
NaN,NaN,488.130000,464.920000,639.070000,488.090000
NaN,NaN,488.180000,464.920000,639.120000,488.070000
NaN,NaN,488.190000,464.930000,639.180000,488.090000
NaN,NaN,488.220000,464.940000,639.280000,488.050000
NaN,NaN,488.230000,464.920000,639.270000,488.090000
NaN,NaN,488.310000,464.930000,639.270000,488.030000
NaN,NaN,488.390000,464.850000,639.410000,488.080000
NaN,NaN,488.520000,464.880000,638.391348,487.538957
NaN,NaN,488.530000,464.890000,638.010000,487.920000
NaN,NaN,488.540000,464.910000,638.030000,488.040000
NaN,NaN,488.620000,464.920000,638.040000,488.050000
NaN,NaN,488.680000,464.920000,638.050000,488.060000
NaN,NaN,488.740000,464.890000,638.070000,488.060000
NaN,NaN,488.750000,464.900000,638.100000,488.080000
NaN,NaN,488.810000,464.860000,638.110000,488.090000
NaN,NaN,488.850000,464.900000,638.130000,488.090000
NaN,NaN,488.920000,464.880000,638.160000,488.110000
NaN,NaN,488.930000,464.880000,638.180000,488.120000
NaN,NaN,488.960000,464.880000,638.200000,488.120000
NaN,NaN,489.030000,464.870000,638.230000,488.120000
NaN,NaN,489.070000,464.900000,638.240000,488.140000
NaN,NaN,489.080000,464.970000,638.320000,488.170000
NaN,NaN,489.100000,464.950000,638.330000,488.190000
NaN,NaN,489.190000,464.900000,638.330000,488.200000
NaN,NaN,489.240000,464.920000,638.340000,488.220000
NaN,NaN,489.340000,464.950000,638.370000,488.230000
NaN,NaN,489.330000,464.920000,638.380000,488.220000
NaN,NaN,489.360000,464.920000,638.390000,488.200000
NaN,NaN,489.440000,464.870000,638.400000,488.220000
NaN,NaN,489.450000,464.900000,638.500000,488.210000
NaN,NaN,489.530000,464.880000,638.760000,488.350000
NaN,NaN,489.590000,464.860000,638.780000,488.310000
NaN,NaN,489.600000,464.860000,638.780000,488.320000
NaN,NaN,489.710000,464.880000,638.810000,488.360000
NaN,NaN,489.740000,464.910000,638.840000,488.350000
NaN,NaN,489.790000,464.890000,638.840000,488.340000
NaN,NaN,489.920000,464.800000,638.970000,488.470000
NaN,NaN,489.990000,464.860000,639.050000,488.900000
NaN,NaN,490.090000,464.880000,639.110000,488.960000
NaN,NaN,490.070000,464.870000,639.150000,488.920000
NaN,NaN,490.150000,464.880000,639.170000,488.960000
NaN,NaN,490.190000,464.840000,639.190000,488.940000
NaN,NaN,490.250000,464.830000,639.230000,488.940000
NaN,NaN,490.270000,464.850000,639.230000,488.930000
NaN,NaN,490.300000,464.810000,639.260000,488.960000
NaN,NaN,490.370000,464.830000,639.350000,489.010000
NaN,NaN,490.440000,464.830000,639.370000,489.020000
NaN,NaN,490.590000,464.830000,639.400000,489.060000
NaN,NaN,490.600000,464.770000,639.440000,489.110000
NaN,NaN,490.680000,464.800000,639.460000,489.110000
NaN,NaN,490.730000,464.790000,639.420000,489.070000
NaN,NaN,490.810000,464.790000,639.400000,488.980000
NaN,NaN,490.830000,464.810000,639.340000,488.980000
NaN,NaN,490.850000,464.780000,639.530000,489.090000
NaN,NaN,490.910000,464.780000,639.940000,489.310000
NaN,NaN,490.910000,464.800000,640.120000,489.950000
NaN,NaN,491.010000,464.800000,640.130000,490.030000
NaN,NaN,491.040000,464.800000,640.100000,490.040000
NaN,NaN,491.070000,464.820000,640.130000,490.070000
NaN,NaN,491.080000,464.800000,640.170000,490.120000
NaN,NaN,491.160000,464.780000,640.210000,490.220000
NaN,NaN,491.170000,464.810000,640.270000,490.250000
NaN,NaN,491.210000,464.810000,640.260000,490.130000
NaN,NaN,491.230000,464.810000,640.280000,490.100000
NaN,NaN,491.320000,464.810000,640.330000,490.090000
NaN,NaN,491.360000,464.830000,640.340000,490.110000
NaN,NaN,491.440000,464.780000,640.290000,490.200000
NaN,NaN,491.560000,464.800000,640.320000,490.200000
NaN,NaN,491.680000,464.860000,640.330000,490.250000
NaN,NaN,491.680000,464.810000,640.270000,490.160000
NaN,NaN,491.670000,464.800000,640.260000,490.240000
NaN,NaN,491.750000,464.800000,640.300000,490.240000
NaN,NaN,491.770000,464.800000,640.340000,490.280000
NaN,NaN,491.840000,464.810000,640.410000,490.300000
NaN,NaN,491.870000,464.750000,640.420000,490.360000
NaN,NaN,491.910000,464.820000,640.360000,490.290000
NaN,NaN,491.950000,464.810000,640.430000,490.420000
NaN,NaN,492.000000,464.800000,640.580000,490.950000
NaN,NaN,492.060000,464.820000,640.880000,491.000000
NaN,NaN,492.100000,464.840000,640.870000,491.000000
NaN,NaN,492.140000,464.820000,640.870000,490.980000
NaN,NaN,492.280000,464.750000,640.960000,490.910000
NaN,NaN,492.340000,464.860000,640.870000,490.980000
NaN,NaN,492.370000,464.870000,640.860000,490.990000
NaN,NaN,492.400000,464.840000,640.880000,491.030000
NaN,NaN,492.440000,464.850000,640.900000,491.090000
NaN,NaN,492.660000,464.890000,640.880000,491.120000
NaN,NaN,492.650000,464.860000,640.810000,491.130000
NaN,NaN,492.670000,464.850000,640.820000,491.070000
NaN,NaN,492.710000,464.880000,640.820000,491.090000
NaN,NaN,492.800000,464.890000,640.850000,491.080000
NaN,NaN,492.890000,464.910000,640.880000,491.040000
NaN,NaN,492.880000,464.920000,640.830000,491.070000
NaN,NaN,492.900000,464.880000,640.810000,491.080000
NaN,NaN,492.970000,464.910000,640.850000,491.210000
NaN,NaN,493.010000,464.930000,640.850000,491.210000
NaN,NaN,493.010000,464.840000,640.830000,491.120000
NaN,NaN,493.050000,464.890000,640.880000,491.200000
NaN,NaN,493.110000,464.930000,640.860000,491.220000
NaN,NaN,493.150000,464.910000,640.920000,491.230000
NaN,NaN,493.300000,464.950000,640.870000,491.180000
NaN,NaN,493.290000,464.950000,640.850000,491.160000
NaN,NaN,493.330000,464.950000,640.810000,491.270000
NaN,NaN,493.360000,464.940000,640.860000,491.190000
NaN,NaN,493.400000,464.950000,640.920000,491.240000
NaN,NaN,493.530000,464.940000,640.830000,491.240000
NaN,NaN,493.590000,464.960000,640.870000,491.280000
NaN,NaN,493.650000,464.960000,640.940000,491.310000
NaN,NaN,493.730000,465.010000,640.890000,491.310000
NaN,NaN,493.790000,465.020000,640.840000,491.310000
NaN,NaN,493.860000,464.950000,640.880000,491.350000
NaN,NaN,493.890000,464.990000,640.910000,491.310000
NaN,NaN,493.970000,465.010000,640.870000,491.280000
NaN,NaN,494.010000,464.990000,640.850000,491.350000
NaN,NaN,494.070000,465.010000,640.870000,491.280000
NaN,NaN,494.140000,465.020000,640.810000,491.290000
NaN,NaN,494.160000,465.000000,640.810000,491.430000
NaN,NaN,494.250000,465.030000,640.960000,491.940000
NaN,NaN,494.350000,465.060000,640.930000,491.940000
NaN,NaN,494.400000,465.070000,640.940000,491.950000
NaN,NaN,494.490000,465.060000,640.960000,491.990000
NaN,NaN,494.600000,465.090000,640.960000,491.980000
NaN,NaN,494.710000,465.140000,640.970000,491.970000
NaN,NaN,494.760000,465.200000,640.950000,491.970000
NaN,NaN,494.860000,465.230000,640.950000,491.950000
NaN,NaN,494.900000,465.180000,640.950000,491.940000
NaN,NaN,495.000000,465.240000,641.050000,492.030000
NaN,NaN,495.040000,465.240000,641.090000,492.030000
NaN,NaN,495.170000,465.290000,641.030000,492.040000
NaN,NaN,495.190000,465.330000,641.020000,492.040000
NaN,NaN,495.250000,465.390000,641.040000,492.020000
NaN,NaN,495.290000,465.430000,641.030000,492.040000
NaN,NaN,495.370000,465.370000,640.990000,492.070000
NaN,NaN,495.420000,465.380000,641.050000,492.060000
NaN,NaN,495.530000,465.430000,641.040000,492.090000
NaN,NaN,495.660000,465.410000,641.000000,492.020000
NaN,NaN,495.780000,465.490000,641.010000,491.990000
NaN,NaN,495.800000,465.890000,641.060000,492.000000
NaN,NaN,495.850000,465.940000,641.080000,491.980000
NaN,NaN,495.890000,465.960000,641.958049,490.741816
NaN,NaN,495.990000,465.940000,642.090000,490.960000
NaN,NaN,496.110000,466.060000,642.000000,491.020000
NaN,NaN,496.140000,466.060000,642.010000,491.030000
NaN,NaN,496.180000,466.070000,642.010000,491.010000
NaN,NaN,496.210000,466.050000,642.020000,491.010000
NaN,NaN,496.270000,466.080000,642.020000,491.040000
NaN,NaN,496.330000,466.110000,642.020000,491.040000
NaN,NaN,496.420000,466.090000,642.010000,491.060000
NaN,NaN,496.550000,466.090000,642.010000,491.070000
NaN,NaN,496.570000,466.090000,642.020000,491.070000
NaN,NaN,496.600000,466.110000,642.020000,491.070000
NaN,NaN,496.670000,466.100000,642.000000,491.090000
NaN,NaN,496.700000,466.100000,642.020000,491.090000
NaN,NaN,496.790000,466.100000,642.030000,491.100000
NaN,NaN,496.830000,466.110000,642.020000,491.110000
NaN,NaN,496.900000,466.070000,642.030000,491.120000
NaN,NaN,496.940000,466.110000,642.050000,491.130000
NaN,NaN,497.000000,466.100000,642.040000,491.130000
NaN,NaN,497.060000,466.080000,642.050000,491.150000
NaN,NaN,497.090000,466.080000,642.050000,491.160000
NaN,NaN,497.140000,466.090000,642.070000,491.160000
NaN,NaN,497.180000,466.150000,642.060000,491.180000
NaN,NaN,497.240000,466.110000,642.060000,491.190000
NaN,NaN,497.320000,466.130000,642.080000,491.180000
NaN,NaN,497.400000,466.140000,642.080000,491.200000
NaN,NaN,497.450000,466.120000,642.090000,491.190000
NaN,NaN,497.610000,466.170000,642.080000,491.210000
NaN,NaN,497.700000,466.150000,642.100000,491.200000
NaN,NaN,497.730000,466.170000,642.090000,491.220000
NaN,NaN,497.830000,466.120000,642.080000,491.200000
NaN,NaN,497.930000,466.160000,642.090000,491.180000
NaN,NaN,498.040000,466.140000,642.160000,491.250000
NaN,NaN,498.080000,466.180000,642.160000,491.260000
NaN,NaN,498.130000,466.170000,642.140000,491.280000
NaN,NaN,498.170000,466.180000,642.150000,491.290000
NaN,NaN,498.260000,466.150000,642.150000,491.260000
NaN,NaN,498.320000,466.140000,642.150000,491.290000
NaN,NaN,498.440000,466.160000,642.140000,491.250000
NaN,NaN,498.540000,466.190000,642.170000,491.260000
NaN,NaN,498.620000,466.240000,642.180000,491.280000
NaN,NaN,498.680000,466.220000,642.180000,491.280000
NaN,NaN,498.750000,466.230000,642.170000,491.280000
NaN,NaN,498.800000,466.210000,642.210000,491.260000
NaN,NaN,498.840000,466.190000,642.210000,491.300000
NaN,NaN,498.940000,466.220000,642.230000,491.310000
NaN,NaN,499.030000,466.250000,642.200000,491.310000
NaN,NaN,499.060000,466.250000,642.230000,491.300000
NaN,NaN,499.140000,466.210000,642.220000,491.270000
NaN,NaN,499.170000,466.340000,642.200000,491.280000
NaN,NaN,499.230000,466.300000,642.220000,491.290000
NaN,NaN,499.280000,466.250000,642.270000,491.240000
NaN,NaN,499.330000,466.250000,642.240000,491.250000
NaN,NaN,499.380000,466.240000,642.220000,491.260000
NaN,NaN,499.480000,466.240000,642.250000,491.250000
NaN,NaN,499.620000,466.240000,642.230000,491.250000
NaN,NaN,499.670000,466.290000,642.220000,491.230000
NaN,NaN,499.750000,466.250000,642.230000,491.220000
NaN,NaN,499.790000,466.250000,642.250000,491.230000
NaN,NaN,499.810000,466.250000,642.250000,491.220000
NaN,NaN,499.890000,466.270000,642.230000,491.220000
NaN,NaN,499.930000,466.310000,642.200000,491.190000
NaN,NaN,499.960000,466.330000,642.160000,491.210000
NaN,NaN,499.960000,466.290000,642.190000,491.220000
NaN,NaN,500.040000,466.310000,642.180000,491.220000
NaN,NaN,500.080000,466.340000,642.160000,491.170000
NaN,NaN,500.120000,466.310000,642.150000,491.200000
NaN,NaN,500.170000,466.290000,642.150000,491.200000
NaN,NaN,500.250000,466.270000,642.160000,491.200000
NaN,NaN,500.300000,466.300000,642.150000,491.190000
NaN,NaN,500.390000,466.350000,642.170000,491.200000
NaN,NaN,500.460000,466.350000,642.170000,491.220000
NaN,NaN,500.550000,466.380000,642.180000,491.230000
NaN,NaN,500.650000,466.390000,642.160000,491.200000
NaN,NaN,500.800000,466.370000,642.160000,491.170000
NaN,NaN,500.860000,466.430000,642.170000,491.200000
NaN,NaN,500.940000,466.400000,642.180000,491.210000
NaN,NaN,501.080000,466.460000,642.180000,491.190000
NaN,NaN,501.180000,466.990000,642.180000,491.200000
NaN,NaN,501.260000,467.110000,642.180000,491.190000
NaN,NaN,501.420000,467.100000,642.190000,491.210000
NaN,NaN,501.640000,467.120000,642.200000,491.240000
NaN,NaN,501.660000,467.120000,642.220000,491.210000
NaN,NaN,501.750000,467.180000,642.230000,491.210000
NaN,NaN,501.920000,467.190000,642.210000,491.200000
NaN,NaN,502.060000,467.220000,642.180000,491.180000
NaN,NaN,502.070000,467.260000,642.210000,491.200000
NaN,NaN,502.180000,467.330000,642.200000,491.200000
NaN,NaN,502.260000,467.350000,642.240000,491.190000
NaN,NaN,502.360000,467.440000,642.220000,491.160000
NaN,NaN,502.430000,467.890000,642.230000,491.200000
NaN,NaN,502.580000,467.900000,642.220000,491.180000
NaN,NaN,502.770000,467.910000,642.250000,491.220000
NaN,NaN,502.770000,467.900000,642.230000,491.180000
NaN,NaN,502.820000,467.920000,642.180000,491.180000
NaN,NaN,502.880000,467.900000,642.160000,491.150000
NaN,NaN,502.920000,467.930000,642.180000,491.140000
NaN,NaN,502.970000,467.950000,642.190000,491.170000
NaN,NaN,503.030000,467.990000,642.190000,491.140000
NaN,NaN,503.020000,467.980000,642.190000,491.170000
NaN,NaN,503.130000,467.990000,642.170000,491.140000
NaN,NaN,503.150000,468.010000,642.190000,491.150000
NaN,NaN,503.200000,468.030000,642.200000,491.150000
NaN,NaN,503.280000,468.070000,642.240000,491.170000
NaN,NaN,503.310000,468.040000,642.190000,491.140000
NaN,NaN,503.350000,468.060000,642.180000,491.150000
NaN,NaN,503.410000,468.110000,642.200000,491.150000
NaN,NaN,503.540000,468.240000,642.230000,491.140000
NaN,NaN,503.600000,468.170000,642.260000,491.150000
NaN,NaN,503.650000,468.160000,642.300000,491.160000
NaN,NaN,503.740000,468.230000,642.250000,491.140000
NaN,NaN,503.790000,468.260000,642.250000,491.140000
NaN,NaN,503.850000,468.290000,642.230000,491.120000
NaN,NaN,503.870000,468.260000,642.220000,491.100000
NaN,NaN,503.920000,468.320000,642.210000,491.110000
NaN,NaN,503.990000,468.340000,642.230000,491.110000
NaN,NaN,504.060000,468.370000,642.250000,491.140000
NaN,NaN,504.110000,468.320000,642.210000,491.120000
NaN,NaN,504.150000,468.350000,642.200000,491.130000
NaN,NaN,504.220000,468.410000,642.190000,491.120000
NaN,NaN,504.300000,468.480000,642.200000,491.130000
NaN,NaN,504.420000,468.940000,642.190000,491.130000
NaN,NaN,504.640000,469.110000,642.240000,491.170000
NaN,NaN,504.690000,469.130000,642.240000,491.150000
NaN,NaN,504.760000,469.200000,642.250000,491.140000
NaN,NaN,504.830000,469.240000,642.240000,491.160000
NaN,NaN,504.910000,469.280000,642.220000,491.120000
NaN,NaN,504.950000,469.310000,642.200000,491.140000
NaN,NaN,504.990000,469.310000,642.190000,491.140000
NaN,NaN,505.050000,469.370000,642.200000,491.140000
NaN,NaN,505.100000,469.350000,642.210000,491.150000
NaN,NaN,505.180000,469.400000,642.230000,491.160000
NaN,NaN,505.300000,469.470000,642.190000,491.150000
NaN,NaN,505.390000,469.890000,642.180000,491.130000
NaN,NaN,505.510000,469.990000,642.150000,491.120000
NaN,NaN,505.620000,470.020000,642.160000,491.130000
NaN,NaN,505.690000,469.970000,642.150000,491.120000
NaN,NaN,505.800000,470.010000,642.240000,491.130000
NaN,NaN,505.850000,470.020000,642.190000,491.110000
NaN,NaN,505.870000,470.030000,642.210000,491.130000
NaN,NaN,505.950000,470.050000,642.210000,491.120000
NaN,NaN,506.000000,470.090000,642.160000,491.130000
NaN,NaN,506.040000,470.110000,642.180000,491.130000
NaN,NaN,506.100000,470.190000,642.220000,491.140000
NaN,NaN,506.140000,470.210000,642.190000,491.170000
NaN,NaN,506.210000,470.240000,642.130000,491.130000
NaN,NaN,506.250000,470.090000,642.130000,491.120000
NaN,NaN,506.290000,470.200000,642.130000,491.080000
NaN,NaN,506.380000,470.150000,642.150000,491.090000
NaN,NaN,506.420000,470.200000,642.180000,491.130000
NaN,NaN,506.520000,470.130000,642.150000,491.110000
NaN,NaN,506.650000,470.180000,642.170000,491.120000
NaN,NaN,506.720000,470.220000,642.190000,491.170000
NaN,NaN,506.780000,470.320000,642.180000,491.140000
NaN,NaN,506.850000,470.390000,642.180000,491.140000
NaN,NaN,506.900000,470.410000,642.200000,491.140000
NaN,NaN,506.960000,470.400000,642.200000,491.160000
NaN,NaN,507.020000,470.450000,641.958049,492.114471
NaN,NaN,507.120000,470.570000,641.958049,492.114471
NaN,NaN,507.190000,471.020000,642.403887,492.114471
NaN,NaN,507.280000,471.020000,642.403887,492.114471
NaN,NaN,507.320000,471.060000,642.403887,492.114471
NaN,NaN,507.520000,471.160000,642.403887,492.114471
NaN,NaN,507.670000,471.270000,642.403887,492.114471
NaN,NaN,507.700000,471.180000,642.403887,492.114471
NaN,NaN,507.820000,471.280000,642.403887,492.114471
NaN,NaN,507.920000,471.210000,642.849725,492.114471
NaN,NaN,508.120000,471.280000,642.849725,492.114471
NaN,NaN,508.110000,471.320000,643.295563,492.114471
NaN,NaN,508.180000,471.330000,643.295563,492.114471
NaN,NaN,508.340000,471.250000,643.295563,492.114471
NaN,NaN,508.520000,471.130000,643.295563,492.114471
NaN,NaN,508.670000,471.160000,643.295563,492.114471
NaN,NaN,508.710000,471.210000,643.295563,492.114471
NaN,NaN,508.720000,471.210000,643.295563,492.114471
NaN,NaN,508.820000,471.170000,643.295563,492.114471
NaN,NaN,508.920000,471.160000,643.295563,492.114471
NaN,NaN,509.040000,471.160000,643.295563,492.114471
NaN,NaN,509.160000,471.140000,643.741400,492.114471
NaN,NaN,509.180000,471.150000,643.741400,492.114471
NaN,NaN,509.300000,471.170000,643.741400,492.114471
NaN,NaN,509.390000,471.130000,643.741400,492.114471
NaN,NaN,509.420000,471.100000,643.741400,492.114471
NaN,NaN,509.580000,471.150000,643.741400,492.114471
NaN,NaN,509.620000,471.190000,643.741400,492.114471
NaN,NaN,509.630000,471.170000,643.741400,492.114471
NaN,NaN,509.730000,471.150000,643.741400,492.114471
NaN,NaN,509.810000,471.180000,643.741400,492.114471
NaN,NaN,509.900000,471.150000,643.741400,492.114471
NaN,NaN,509.990000,471.180000,643.741400,492.114471
NaN,NaN,510.040000,471.170000,643.741400,492.114471
NaN,NaN,510.090000,471.210000,643.741400,492.114471
NaN,NaN,510.130000,471.200000,643.741400,492.114471
NaN,NaN,510.210000,471.250000,643.741400,492.114471
NaN,NaN,510.290000,471.250000,643.741400,492.114471
NaN,NaN,510.310000,471.240000,643.741400,492.114471
NaN,NaN,510.400000,471.260000,643.741400,492.114471
NaN,NaN,510.590000,471.300000,643.741400,492.114471
NaN,NaN,510.640000,471.370000,643.741400,492.114471
NaN,NaN,510.560000,471.360000,643.741400,492.114471
NaN,NaN,510.680000,471.460000,643.741400,492.114471
NaN,NaN,510.910000,471.900000,643.741400,492.114471
NaN,NaN,510.980000,471.890000,643.741400,492.114471
NaN,NaN,511.040000,471.920000,643.741400,492.114471
NaN,NaN,511.110000,471.940000,643.741400,492.114471
NaN,NaN,511.170000,471.960000,643.741400,492.114471
NaN,NaN,511.280000,471.980000,643.741400,492.114471
NaN,NaN,511.300000,471.990000,643.741400,492.114471
NaN,NaN,511.430000,472.060000,643.741400,492.114471
NaN,NaN,511.580000,472.090000,643.741400,492.114471
NaN,NaN,511.630000,472.080000,646.416426,492.114471
NaN,NaN,511.710000,472.100000,646.416426,492.114471
NaN,NaN,511.840000,472.170000,646.416426,492.114471
NaN,NaN,511.920000,472.180000,646.416426,492.114471
NaN,NaN,511.990000,472.170000,646.416426,492.114471
NaN,NaN,512.040000,472.200000,646.416426,492.114471
NaN,NaN,512.080000,472.230000,646.416426,492.114471
NaN,NaN,512.180000,472.250000,646.416426,492.114471
NaN,NaN,512.220000,472.240000,646.416426,492.114471
NaN,NaN,512.320000,472.290000,646.416426,492.114471
NaN,NaN,512.400000,472.320000,646.416426,492.114471
NaN,NaN,512.490000,472.390000,646.416426,492.114471
NaN,NaN,512.630000,472.410000,646.416426,492.114471
NaN,NaN,512.700000,472.490000,646.416426,492.114471
NaN,NaN,512.780000,472.920000,646.416426,492.114471
NaN,NaN,512.860000,472.980000,646.416426,492.114471
NaN,NaN,512.980000,473.060000,646.416426,492.114471
NaN,NaN,513.110000,473.170000,646.416426,492.114471
NaN,NaN,513.140000,473.090000,646.416426,492.114471
NaN,NaN,513.190000,473.120000,646.416426,492.114471
NaN,NaN,513.320000,473.170000,646.416426,492.114471
NaN,NaN,513.520000,473.190000,646.416426,492.114471
NaN,NaN,513.730000,473.280000,646.416426,492.114471
NaN,NaN,513.820000,473.330000,646.416426,492.114471
NaN,NaN,514.090000,473.520000,646.416426,492.114471
NaN,NaN,513.940000,474.630000,646.416426,492.114471
NaN,NaN,513.910000,475.190000,646.416426,492.114471
NaN,NaN,514.030000,475.270000,646.416426,492.114471
NaN,NaN,514.130000,475.000000,646.416426,492.114471
NaN,NaN,514.210000,474.990000,646.416426,492.114471
NaN,NaN,514.390000,474.990000,646.416426,492.114471
NaN,NaN,514.500000,474.940000,646.416426,492.114471
NaN,NaN,514.670000,474.730000,646.416426,492.114471
NaN,NaN,514.850000,474.760000,646.416426,492.114471
NaN,NaN,514.900000,474.880000,646.416426,492.114471
NaN,NaN,515.050000,474.770000,646.416426,492.114471
NaN,NaN,515.130000,474.820000,646.416426,492.114471
NaN,NaN,515.160000,474.850000,646.416426,492.114471
NaN,NaN,515.300000,474.860000,646.416426,492.114471
NaN,NaN,515.320000,474.920000,646.416426,492.114471
NaN,NaN,515.530000,474.880000,646.416426,492.114471
NaN,NaN,515.620000,474.800000,646.416426,492.114471
NaN,NaN,515.810000,474.730000,646.416426,492.114471
NaN,NaN,515.790000,474.740000,646.416426,492.114471
NaN,NaN,515.970000,474.780000,646.416426,492.114471
NaN,NaN,516.030000,474.780000,646.416426,492.114471
NaN,NaN,516.170000,474.680000,646.416426,492.114471
NaN,NaN,516.200000,474.610000,646.416426,492.114471
NaN,NaN,516.280000,474.780000,646.416426,492.114471
NaN,NaN,516.400000,474.820000,646.416426,492.114471
NaN,NaN,516.670000,474.730000,646.416426,492.114471
NaN,NaN,516.790000,474.750000,646.416426,492.114471
NaN,NaN,516.840000,474.720000,646.416426,492.114471
NaN,NaN,516.930000,474.800000,646.416426,492.114471
NaN,NaN,517.030000,474.750000,646.416426,492.114471
NaN,NaN,517.230000,474.830000,646.416426,492.114471
NaN,NaN,517.470000,474.940000,646.416426,492.114471
NaN,NaN,517.720000,474.970000,646.416426,492.114471
NaN,NaN,517.830000,475.060000,646.416426,492.114471
NaN,NaN,517.880000,475.050000,646.416426,492.114471
NaN,NaN,518.010000,475.160000,646.416426,492.114471
NaN,NaN,518.040000,475.110000,646.416426,492.114471
NaN,NaN,518.170000,475.130000,646.416426,492.114471
NaN,NaN,518.210000,475.160000,646.416426,492.114471
NaN,NaN,518.320000,475.260000,646.416426,492.114471
NaN,NaN,518.380000,475.280000,646.416426,492.114471
NaN,NaN,518.510000,475.310000,646.416426,492.114471
NaN,NaN,518.670000,475.360000,646.416426,492.114471
NaN,NaN,518.730000,475.350000,646.416426,492.114471
NaN,NaN,518.800000,475.340000,646.416426,492.114471
NaN,NaN,518.850000,475.330000,646.416426,492.114471
NaN,NaN,518.940000,475.420000,646.416426,492.114471
NaN,NaN,518.990000,475.530000,646.416426,492.114471
NaN,NaN,519.210000,476.170000,646.416426,492.114471
NaN,NaN,519.450000,477.420000,646.416426,492.114471
NaN,NaN,519.400000,478.000000,646.416426,492.114471
NaN,NaN,519.620000,477.960000,646.416426,492.114471
NaN,NaN,519.760000,477.890000,646.416426,492.114471
NaN,NaN,519.880000,477.930000,646.416426,492.114471
NaN,NaN,519.970000,477.870000,646.416426,492.114471
NaN,NaN,520.170000,477.890000,646.416426,492.114471
NaN,NaN,520.270000,477.850000,646.416426,492.114471
NaN,NaN,520.460000,477.880000,646.416426,492.114471
NaN,NaN,520.620000,477.950000,646.416426,492.114471
NaN,NaN,520.830000,477.900000,646.416426,492.114471
NaN,NaN,520.940000,477.860000,646.416426,492.114471
NaN,NaN,521.090000,477.990000,646.416426,492.114471
NaN,NaN,521.220000,478.000000,646.416426,492.114471
NaN,NaN,521.370000,477.940000,646.416426,492.114471
NaN,NaN,521.610000,477.980000,646.416426,492.114471
NaN,NaN,521.680000,477.970000,646.416426,492.114471
NaN,NaN,521.820000,478.010000,646.416426,492.114471
NaN,NaN,522.020000,478.040000,646.416426,492.114471
NaN,NaN,522.030000,478.090000,646.416426,492.114471
NaN,NaN,522.190000,478.130000,646.416426,492.114471
NaN,NaN,522.230000,478.180000,646.416426,492.114471
NaN,NaN,522.400000,478.150000,646.416426,492.114471
NaN,NaN,522.700000,478.200000,646.416426,492.114471
NaN,NaN,522.820000,478.250000,646.416426,492.114471
NaN,NaN,523.090000,478.320000,646.416426,492.114471
NaN,NaN,523.290000,478.330000,646.416426,492.114471
NaN,NaN,523.480000,478.370000,646.416426,492.114471
NaN,NaN,523.620000,478.400000,646.416426,492.114471
NaN,NaN,523.840000,478.430000,646.416426,492.114471
NaN,NaN,524.000000,478.580000,646.416426,492.114471
NaN,NaN,524.020000,478.890000,646.416426,492.114471
NaN,NaN,524.170000,478.910000,646.416426,492.114471
NaN,NaN,524.270000,478.930000,646.416426,492.114471
NaN,NaN,524.400000,478.910000,646.416426,492.114471
NaN,NaN,524.560000,478.880000,646.416426,492.114471
NaN,NaN,524.750000,478.840000,646.416426,492.114471
NaN,NaN,524.900000,478.860000,646.416426,492.114471
NaN,NaN,525.000000,478.880000,646.416426,492.114471
NaN,NaN,525.160000,478.840000,646.416426,492.114471
NaN,NaN,525.330000,478.770000,646.416426,492.114471
NaN,NaN,525.500000,478.840000,646.416426,492.114471
NaN,NaN,525.690000,478.810000,646.416426,492.114471
NaN,NaN,525.930000,478.790000,646.416426,492.114471
NaN,NaN,526.170000,478.820000,646.416426,492.114471
NaN,NaN,526.410000,478.990000,646.416426,492.114471
NaN,NaN,526.880000,479.180000,646.416426,492.114471
NaN,NaN,527.000000,479.180000,646.416426,492.114471
NaN,NaN,527.180000,479.360000,646.416426,492.114471
NaN,NaN,527.310000,479.900000,646.416426,492.114471
NaN,NaN,527.530000,479.900000,646.416426,492.114471
NaN,NaN,527.690000,479.930000,646.416426,492.114471
NaN,NaN,527.890000,479.950000,646.416426,492.114471
NaN,NaN,528.070000,479.970000,646.416426,492.114471
NaN,NaN,528.170000,479.980000,646.416426,492.114471
NaN,NaN,528.330000,480.050000,646.416426,492.114471
NaN,NaN,528.510000,480.140000,646.416426,492.114471
NaN,NaN,528.640000,480.170000,646.416426,492.114471
NaN,NaN,528.840000,480.270000,646.416426,492.114471
NaN,NaN,529.040000,480.270000,646.416426,492.114471
NaN,NaN,529.190000,480.410000,646.416426,492.114471
NaN,NaN,529.380000,481.010000,646.416426,492.114471
NaN,NaN,529.630000,481.510000,646.416426,492.114471
NaN,NaN,529.840000,481.550000,646.416426,492.114471
NaN,NaN,530.020000,481.590000,646.416426,492.114471
NaN,NaN,530.110000,481.610000,646.416426,492.114471
NaN,NaN,530.230000,481.670000,646.416426,492.114471
NaN,NaN,530.480000,481.710000,646.416426,492.114471
NaN,NaN,530.710000,481.730000,646.416426,492.114471
NaN,NaN,530.930000,481.810000,646.416426,492.114471
NaN,NaN,531.100000,481.800000,646.416426,492.114471
NaN,NaN,531.350000,481.870000,646.416426,492.114471
NaN,NaN,531.580000,481.860000,646.416426,492.114471
NaN,NaN,531.840000,481.810000,646.416426,492.114471
NaN,NaN,532.140000,481.850000,646.416426,492.114471
NaN,NaN,532.350000,481.820000,646.416426,492.114471
NaN,NaN,532.710000,481.690000,646.416426,492.114471
NaN,NaN,532.970000,481.700000,646.416426,492.114471
NaN,NaN,533.230000,481.680000,646.416426,492.114471
NaN,NaN,533.530000,481.700000,646.416426,492.114471
NaN,NaN,533.860000,481.760000,646.416426,492.114471
NaN,NaN,534.100000,481.800000,646.416426,492.114471
NaN,NaN,534.290000,481.870000,646.416426,492.114471
NaN,NaN,534.420000,481.890000,646.416426,492.114471
NaN,NaN,534.630000,481.880000,646.416426,492.114471
NaN,NaN,534.820000,481.920000,646.416426,492.114471
NaN,NaN,534.990000,481.920000,646.416426,492.114471
NaN,NaN,535.160000,481.840000,646.416426,492.114471
NaN,NaN,535.310000,481.870000,646.416426,492.114471
NaN,NaN,535.610000,481.830000,646.416426,492.114471
NaN,NaN,535.790000,481.810000,646.416426,492.114471
NaN,NaN,535.930000,481.870000,646.416426,492.114471
NaN,NaN,536.230000,481.920000,646.416426,492.114471
NaN,NaN,536.380000,481.950000,646.416426,492.114471
NaN,NaN,536.780000,481.910000,646.416426,492.114471
NaN,NaN,537.070000,481.800000,646.416426,492.114471
NaN,NaN,537.340000,481.830000,646.416426,492.114471
NaN,NaN,537.680000,481.980000,646.416426,492.114471
NaN,NaN,537.930000,482.040000,646.416426,492.114471
NaN,NaN,538.210000,482.030000,646.416426,492.114471
NaN,NaN,538.523706,482.048340,646.416426,492.114471
NaN,NaN,539.080000,482.010000,646.416426,492.114471
NaN,NaN,539.260000,482.030000,646.416426,492.114471
NaN,NaN,539.360000,482.050000,646.416426,492.114471
NaN,NaN,539.290000,482.070000,646.416426,492.114471
NaN,NaN,539.360000,482.070000,646.416426,492.114471
NaN,NaN,539.400000,482.060000,646.416426,492.114471
NaN,NaN,539.420000,482.050000,646.416426,492.114471
NaN,NaN,539.430000,482.030000,646.416426,492.114471
NaN,NaN,539.410000,482.010000,646.416426,492.114471
NaN,NaN,539.330000,481.980000,646.416426,492.114471
NaN,NaN,539.240000,481.960000,646.416426,492.114471
NaN,NaN,539.160000,481.960000,646.416426,492.114471
NaN,NaN,539.140000,481.960000,646.416426,492.114471
NaN,NaN,539.100000,481.970000,646.416426,492.114471
NaN,NaN,539.090000,481.990000,646.416426,492.114471
NaN,NaN,539.080000,481.990000,646.416426,492.114471
NaN,NaN,539.050000,481.990000,646.416426,492.114471
NaN,NaN,544.020000,482.870000,646.416426,492.114471
NaN,NaN,545.211271,482.048340,646.416426,492.114471
NaN,NaN,546.102947,482.048340,646.416426,492.114471
NaN,NaN,546.102947,482.048340,646.416426,492.114471
NaN,NaN,546.548784,482.048340,646.416426,492.114471
NaN,NaN,546.548784,482.048340,646.416426,492.114471
NaN,NaN,546.548784,482.048340,646.416426,492.114471
NaN,NaN,546.548784,482.048340,646.416426,492.114471
NaN,NaN,546.994622,482.048340,646.416426,492.114471
NaN,NaN,547.886297,482.048340,646.416426,492.114471
NaN,NaN,547.886297,482.048340,646.416426,492.114471
NaN,NaN,549.223811,482.048340,646.416426,492.114471
NaN,NaN,549.223811,482.048340,646.416426,492.114471
NaN,NaN,549.223811,482.048340,646.416426,492.114471
NaN,NaN,549.223811,482.048340,646.416426,492.114471
NaN,NaN,549.223811,482.048340,646.416426,492.114471
NaN,NaN,549.669648,482.048340,646.416426,492.114471
NaN,NaN,550.115486,482.048340,646.416426,492.114471
NaN,NaN,550.115486,482.048340,646.416426,492.114471
NaN,NaN,550.115486,482.048340,646.416426,492.114471
NaN,NaN,550.115486,482.048340,646.416426,492.114471
NaN,NaN,551.007161,482.048340,646.416426,492.114471
NaN,NaN,551.452999,482.048340,646.416426,492.114471
NaN,NaN,551.452999,482.048340,646.416426,492.114471
NaN,NaN,551.898837,482.048340,646.416426,492.114471
NaN,NaN,551.898837,482.048340,646.416426,492.114471
NaN,NaN,552.790512,482.048340,646.416426,492.114471
NaN,NaN,553.236350,482.048340,646.416426,492.114471
NaN,NaN,553.682187,482.048340,646.416426,492.114471
NaN,NaN,554.128025,482.048340,646.416426,492.114471
NaN,NaN,554.573863,482.048340,646.416426,492.114471
NaN,NaN,554.573863,482.048340,646.416426,492.114471
NaN,NaN,555.019700,482.048340,646.416426,492.114471
NaN,NaN,555.465538,482.048340,646.416426,492.114471
NaN,NaN,555.465538,482.048340,646.416426,492.114471
NaN,NaN,556.357213,482.048340,646.416426,492.114471
NaN,NaN,556.357213,482.048340,646.416426,492.114471
NaN,NaN,556.357213,482.048340,646.416426,492.114471
NaN,NaN,556.803051,482.048340,646.416426,492.114471
NaN,NaN,557.248889,482.048340,646.416426,492.114471
NaN,NaN,557.694727,482.048340,646.416426,492.114471
NaN,NaN,559.478077,482.505892,646.416426,492.114471
NaN,NaN,559.478077,482.505892,647.753939,491.656919
NaN,NaN,559.478077,482.505892,647.753939,491.656919
NaN,NaN,559.923915,482.505892,648.645615,491.656919
NaN,NaN,562.153103,482.505892,649.091452,491.656919
NaN,NaN,562.153103,482.505892,649.091452,491.656919
NaN,NaN,562.153103,482.505892,649.091452,491.656919
NaN,NaN,563.044779,482.505892,649.091452,491.656919
NaN,NaN,563.490616,482.505892,649.091452,491.656919
NaN,NaN,563.490616,482.505892,649.091452,491.656919
NaN,NaN,563.936454,482.505892,649.091452,491.656919
NaN,NaN,564.828130,482.505892,649.091452,491.656919
NaN,NaN,565.719805,482.505892,649.091452,491.656919
NaN,NaN,565.719805,482.505892,649.091452,491.656919
NaN,NaN,565.719805,482.505892,649.091452,491.656919
NaN,NaN,565.719805,482.505892,649.091452,491.656919
NaN,NaN,566.165643,482.505892,649.091452,491.656919
NaN,NaN,566.165643,482.505892,649.091452,491.656919
NaN,NaN,566.611480,482.505892,649.091452,491.656919
NaN,NaN,567.503156,482.505892,649.091452,491.656919
NaN,NaN,567.948993,482.505892,649.091452,491.656919
NaN,NaN,567.948993,482.505892,649.091452,491.656919
NaN,NaN,568.394831,482.505892,649.091452,491.656919
NaN,NaN,568.394831,482.505892,649.091452,491.656919
NaN,NaN,568.394831,482.505892,649.091452,491.656919
NaN,NaN,568.394831,482.505892,649.091452,491.656919
NaN,NaN,568.840669,482.505892,649.091452,491.656919
NaN,NaN,572.853208,482.963443,649.091452,491.656919
NaN,NaN,572.853208,482.963443,649.091452,491.656919
NaN,NaN,572.853208,482.963443,649.091452,491.656919
NaN,NaN,572.853208,482.963443,649.091452,491.656919
NaN,NaN,572.853208,482.963443,649.091452,491.656919
NaN,NaN,572.853208,482.963443,649.091452,491.656919
NaN,NaN,572.853208,482.963443,649.091452,491.656919
571.515695,490.741816,572.853208,482.963443,649.091452,491.656919
572.853208,490.741816,572.853208,482.963443,649.091452,491.656919
573.744883,489.826714,572.853208,482.963443,649.091452,491.656919
573.744883,489.826714,572.853208,482.963443,649.091452,491.656919
574.636559,489.826714,572.853208,482.963443,649.091452,491.656919
575.974072,490.284265,572.853208,482.963443,649.091452,491.656919
575.974072,490.284265,572.853208,482.963443,649.091452,491.656919
576.419909,489.369162,572.853208,482.963443,649.091452,491.656919
578.203260,489.369162,572.853208,482.963443,649.091452,491.656919
580.878286,489.369162,572.853208,482.963443,649.091452,491.656919
584.890825,488.454060,572.853208,482.963443,649.091452,491.656919
588.011689,488.454060,572.853208,482.963443,649.091452,491.656919
593.361742,487.538957,572.853208,482.963443,649.091452,491.656919
601.386820,487.538957,572.853208,482.963443,649.091452,491.656919
601.832658,487.538957,572.853208,482.963443,649.091452,491.656919
605.845197,487.081405,572.853208,482.963443,649.091452,491.656919
606.291034,487.081405,572.853208,482.963443,649.091452,491.656919
610.303574,486.623854,572.853208,482.963443,649.091452,491.656919
612.978600,486.623854,572.853208,482.963443,649.091452,491.656919
613.870275,486.623854,572.853208,482.963443,649.091452,491.656919
615.207788,486.623854,572.853208,482.963443,649.091452,491.656919
616.545301,486.623854,572.853208,482.963443,649.091452,491.656919
619.220327,486.623854,572.853208,482.963443,649.091452,491.656919
621.003678,486.623854,572.853208,482.963443,649.091452,491.656919
621.449516,486.623854,572.853208,482.963443,649.091452,491.656919
621.449516,486.623854,572.853208,482.963443,649.091452,491.656919
621.449516,486.623854,572.853208,482.963443,649.091452,491.656919
621.449516,486.623854,572.853208,482.963443,649.091452,491.656919
621.449516,486.623854,572.853208,482.963443,649.091452,491.656919
621.003678,487.996508,572.853208,482.963443,649.091452,491.656919
621.003678,488.454060,572.853208,482.963443,649.091452,491.656919
621.003678,489.369162,572.853208,482.963443,649.091452,491.656919
621.003678,489.369162,572.853208,482.963443,649.091452,491.656919
621.003678,489.369162,572.853208,482.963443,649.091452,491.656919
620.557840,489.826714,572.853208,482.963443,649.091452,491.656919
620.112003,489.826714,572.853208,482.963443,649.091452,491.656919
620.112003,489.826714,572.853208,482.963443,649.091452,491.656919
620.112003,489.826714,572.853208,482.963443,649.091452,491.656919
620.112003,489.826714,572.853208,482.963443,649.091452,491.656919
619.220327,489.826714,572.853208,482.963443,649.091452,491.656919
619.220327,489.826714,572.853208,482.963443,649.091452,491.656919
619.220327,489.826714,572.853208,482.963443,649.091452,491.656919
618.328652,489.826714,572.853208,482.963443,649.091452,491.656919
617.882814,490.284265,572.853208,482.963443,649.091452,491.656919
617.882814,490.284265,572.853208,482.963443,649.091452,491.656919
617.882814,490.284265,574.190721,484.793648,649.091452,491.656919
617.882814,490.284265,574.190721,484.793648,649.091452,491.656919
617.882814,490.284265,574.190721,484.793648,649.091452,491.656919
617.882814,490.284265,574.190721,485.708751,649.091452,491.656919
617.882814,490.284265,575.528234,487.538957,649.091452,491.656919
617.436977,491.656919,576.419909,487.996508,649.091452,491.656919
617.436977,491.656919,576.865747,489.826714,649.091452,491.656919
617.436977,491.656919,577.311585,491.656919,649.091452,491.656919
616.545301,492.114471,577.311585,493.029573,649.091452,491.656919
616.545301,492.114471,577.311585,493.029573,649.091452,491.656919
616.099464,492.114471,577.757422,494.859779,649.091452,491.656919
615.653626,492.114471,577.757422,497.147536,649.091452,491.656919
614.761951,492.572022,577.757422,497.147536,649.091452,491.656919
614.761951,492.572022,578.649098,498.977741,649.091452,491.656919
613.870275,492.572022,578.649098,500.350396,649.091452,491.656919
613.424437,493.487125,578.649098,500.350396,649.091452,491.656919
613.424437,493.487125,578.649098,500.350396,649.091452,491.656919
613.424437,493.487125,579.094936,500.807947,649.091452,491.656919
612.978600,493.487125,579.094936,501.265498,649.091452,491.656919
612.532762,493.487125,579.094936,502.180601,649.091452,491.656919
612.532762,493.487125,579.094936,502.180601,649.091452,491.656919
612.532762,493.487125,579.094936,502.180601,649.091452,491.656919
612.086924,493.487125,579.094936,502.180601,649.091452,491.656919
612.086924,493.487125,579.094936,502.180601,649.091452,491.656919
612.086924,493.487125,579.094936,502.180601,649.091452,491.656919
612.086924,493.487125,579.094936,502.180601,649.091452,491.656919
611.195249,493.487125,579.094936,502.180601,649.091452,491.656919
610.303574,493.487125,579.094936,502.180601,649.091452,491.656919
610.303574,493.487125,579.094936,502.180601,649.091452,491.656919
610.303574,493.487125,579.094936,502.180601,649.091452,491.656919
610.303574,493.487125,579.094936,502.180601,649.091452,491.656919
610.303574,493.487125,578.649098,502.638153,649.091452,491.656919
609.857736,493.487125,578.649098,502.638153,649.091452,491.656919
608.520223,493.487125,578.649098,502.638153,649.091452,491.656919
608.520223,493.487125,578.649098,502.638153,649.091452,491.656919
607.628548,493.029573,578.649098,502.638153,649.000000,491.970000
607.628548,493.029573,578.649098,502.638153,649.030000,491.950000
607.182710,493.029573,578.649098,502.638153,649.030000,491.950000
607.182710,493.029573,578.203260,502.638153,649.000000,491.970000
607.182710,493.029573,577.757422,502.638153,649.010000,491.950000
607.182710,493.029573,577.757422,502.638153,649.010000,491.950000
605.399359,493.029573,577.757422,502.638153,649.030000,491.960000
605.399359,493.029573,577.757422,502.638153,649.020000,491.960000
604.061846,492.572022,577.757422,502.638153,649.060000,491.940000
603.616008,492.114471,577.757422,502.638153,649.050000,491.950000
602.278495,491.656919,577.757422,502.638153,649.060000,491.950000
601.386820,491.199368,577.757422,502.638153,649.070000,491.960000
601.386820,491.199368,577.311585,502.638153,649.050000,491.960000
600.940982,491.199368,577.311585,502.180601,649.070000,491.960000
600.049307,491.199368,577.311585,502.180601,649.070000,491.960000
600.049307,491.199368,577.311585,502.180601,649.040000,491.940000
599.157631,491.199368,577.311585,502.180601,649.060000,491.960000
598.711794,491.199368,577.311585,501.723050,649.020000,491.980000
598.711794,491.199368,576.865747,501.265498,649.030000,491.970000
598.711794,491.199368,576.865747,501.265498,649.030000,491.970000
598.711794,491.199368,576.419909,500.807947,649.020000,491.950000
597.820118,491.199368,576.419909,500.807947,649.020000,491.940000
597.820118,491.199368,576.419909,500.807947,649.020000,491.930000
597.820118,491.199368,576.419909,500.807947,649.020000,491.940000
596.036768,491.199368,576.419909,500.807947,649.010000,491.920000
595.145092,491.199368,576.419909,500.807947,649.020000,491.920000
595.145092,491.199368,576.419909,500.807947,649.030000,491.920000
595.145092,491.199368,576.419909,500.807947,649.040000,491.930000
594.699255,490.741816,576.419909,500.807947,649.050000,491.910000
594.699255,490.741816,576.419909,500.807947,649.040000,491.930000
594.253417,490.741816,576.419909,500.807947,649.030000,491.900000
593.361742,490.284265,576.419909,500.350396,649.030000,491.900000
592.915904,490.284265,575.974072,499.892844,649.050000,491.920000
591.132553,489.826714,575.528234,499.892844,649.040000,491.920000
589.349202,488.911611,575.528234,499.435293,649.030000,491.910000
589.349202,488.911611,575.528234,498.520190,649.030000,491.920000
589.349202,488.911611,575.528234,498.062639,649.040000,491.900000
589.349202,488.911611,575.082396,497.605087,649.060000,491.900000
589.349202,488.911611,575.082396,496.232433,649.030000,491.890000
589.349202,488.911611,575.082396,496.232433,649.040000,491.860000
588.903365,488.911611,575.082396,496.232433,649.030000,491.850000
588.457527,488.911611,575.082396,496.232433,649.040000,491.870000
588.457527,488.911611,575.082396,496.232433,649.060000,491.880000
588.457527,488.911611,575.082396,495.774882,649.060000,491.840000
588.011689,488.911611,575.082396,495.774882,649.070000,491.870000
588.011689,488.911611,575.082396,495.317330,649.070000,491.860000
588.011689,488.911611,575.082396,495.317330,649.060000,491.860000
587.120014,488.454060,575.082396,494.859779,649.060000,491.850000
587.120014,488.454060,574.636559,493.487125,649.080000,491.830000
586.674176,488.454060,574.636559,493.487125,649.100000,491.860000
586.674176,488.454060,574.636559,493.487125,649.090000,491.860000
584.890825,487.996508,574.636559,493.487125,649.120000,491.840000
583.107475,487.996508,574.636559,493.487125,649.100000,491.860000
583.107475,487.996508,574.636559,493.487125,649.100000,491.860000
582.215799,487.996508,574.636559,493.029573,649.120000,491.840000
582.215799,487.996508,574.190721,493.029573,649.120000,491.830000
581.769962,487.996508,574.190721,493.029573,649.130000,491.830000
580.878286,487.996508,574.190721,493.029573,649.130000,491.840000
580.878286,487.996508,574.190721,493.029573,649.120000,491.880000
580.878286,487.996508,571.515695,492.114471,649.120000,491.850000
580.432449,487.996508,571.690000,491.780000,649.140000,491.870000
579.986611,487.996508,571.510000,491.710000,649.100000,491.870000
579.540773,487.996508,571.360000,491.710000,649.090000,491.870000
579.094936,487.996508,571.260000,491.540000,649.110000,491.880000
579.094936,487.996508,571.110000,491.160000,649.100000,491.850000
578.649098,487.996508,571.010000,491.090000,649.110000,491.850000
578.203260,487.996508,570.970000,490.990000,649.100000,491.840000
578.203260,487.996508,570.970000,490.850000,649.100000,491.860000
578.203260,487.996508,570.920000,490.710000,649.090000,491.860000
576.419909,487.996508,570.810000,490.400000,649.090000,491.830000
574.636559,487.538957,570.660000,489.930000,649.110000,491.850000
573.744883,487.538957,570.540000,489.790000,649.130000,491.850000
571.961533,487.538957,570.090000,489.540000,649.130000,491.840000
571.961533,487.538957,569.960000,489.150000,649.150000,491.840000
571.961533,487.538957,569.900000,489.100000,649.120000,491.820000
571.961533,487.538957,569.940000,489.010000,649.120000,491.840000
571.515695,487.538957,569.880000,488.970000,649.150000,491.830000
571.069857,487.538957,567.948993,487.538957,649.150000,491.820000
569.732344,487.538957,567.860000,487.860000,649.140000,491.830000
569.286506,487.538957,567.780000,487.910000,649.160000,491.820000
568.840669,487.081405,567.880000,487.880000,649.150000,491.810000
568.840669,487.081405,567.810000,487.810000,649.160000,491.840000
568.840669,487.081405,567.800000,487.780000,649.150000,491.810000
568.840669,487.081405,567.760000,487.740000,649.110000,491.790000
568.840669,487.081405,567.720000,487.700000,649.130000,491.840000
568.840669,487.081405,567.680000,487.650000,649.140000,491.830000
568.840669,487.081405,567.650000,487.610000,649.130000,491.800000
568.840669,487.081405,567.640000,487.630000,649.150000,491.820000
568.840669,487.081405,567.600000,487.620000,649.150000,491.780000
568.840669,487.081405,567.630000,487.670000,649.130000,491.760000
568.840669,487.081405,567.590000,487.720000,649.150000,491.770000
568.840669,487.081405,567.630000,487.740000,649.150000,491.770000
NaN,NaN,567.610000,487.750000,649.140000,491.770000
NaN,NaN,566.040000,485.770000,649.130000,491.770000
NaN,NaN,565.420000,484.790000,649.140000,491.790000
NaN,NaN,565.360000,484.590000,649.130000,491.760000
NaN,NaN,565.260000,484.440000,649.140000,491.800000
NaN,NaN,565.170000,484.300000,649.160000,491.770000
NaN,NaN,565.130000,484.170000,649.160000,491.790000
NaN,NaN,565.090000,484.010000,649.130000,491.780000
NaN,NaN,565.020000,483.950000,649.150000,491.780000
NaN,NaN,564.980000,483.900000,649.170000,491.740000
NaN,NaN,564.950000,483.730000,649.190000,491.740000
NaN,NaN,564.870000,483.600000,649.180000,491.730000
NaN,NaN,564.810000,483.070000,649.190000,491.750000
NaN,NaN,564.730000,482.990000,649.240000,491.700000
NaN,NaN,564.640000,482.930000,649.280000,491.660000
NaN,NaN,564.600000,482.760000,649.230000,491.680000
NaN,NaN,564.540000,482.720000,649.320000,491.690000
NaN,NaN,564.280000,482.510000,649.300000,491.710000
NaN,NaN,564.170000,481.970000,649.300000,491.660000
NaN,NaN,564.080000,481.830000,649.300000,491.670000
NaN,NaN,564.030000,481.850000,649.340000,491.690000
NaN,NaN,563.990000,481.730000,649.360000,491.700000
NaN,NaN,563.960000,481.630000,649.370000,491.690000
NaN,NaN,563.900000,481.430000,649.420000,491.660000
NaN,NaN,563.780000,481.010000,649.430000,491.740000
NaN,NaN,563.710000,480.920000,649.550000,491.700000
NaN,NaN,563.660000,480.890000,649.810000,491.670000
NaN,NaN,563.630000,480.870000,649.840000,491.650000
NaN,NaN,563.640000,480.840000,649.900000,491.620000
NaN,NaN,563.660000,480.910000,649.900000,491.550000
NaN,NaN,563.600000,480.850000,649.940000,491.200000
NaN,NaN,563.570000,480.890000,649.950000,491.250000
NaN,NaN,563.580000,480.900000,649.950000,491.240000
NaN,NaN,563.520000,480.890000,649.980000,491.210000
NaN,NaN,563.380000,480.790000,650.060000,491.200000
NaN,NaN,563.440000,480.930000,650.080000,491.200000
NaN,NaN,563.490616,479.303032,650.110000,491.220000
NaN,NaN,563.030000,478.890000,650.110000,491.250000
NaN,NaN,562.960000,478.850000,650.190000,491.190000
NaN,NaN,562.930000,478.920000,650.170000,491.210000
NaN,NaN,562.900000,478.900000,650.220000,491.140000
NaN,NaN,562.860000,478.870000,650.220000,491.150000
NaN,NaN,562.840000,478.850000,650.260000,491.130000
NaN,NaN,562.780000,478.830000,650.320000,491.170000
NaN,NaN,562.770000,478.800000,650.430000,491.140000
NaN,NaN,562.750000,478.800000,650.880000,491.160000
NaN,NaN,562.750000,478.770000,650.880000,491.180000
NaN,NaN,562.710000,478.760000,650.910000,491.190000
NaN,NaN,562.700000,478.750000,650.890000,491.190000
NaN,NaN,562.690000,478.750000,650.920000,491.170000
NaN,NaN,562.690000,478.760000,651.000000,491.290000
NaN,NaN,562.690000,478.740000,651.130000,491.230000
NaN,NaN,562.700000,478.740000,651.140000,491.180000
NaN,NaN,562.730000,478.750000,651.200000,491.170000
NaN,NaN,562.750000,478.770000,651.250000,491.220000
NaN,NaN,562.760000,478.780000,651.260000,491.190000
NaN,NaN,562.760000,478.770000,651.320000,491.200000
NaN,NaN,562.780000,478.790000,651.250000,491.180000
NaN,NaN,560.210000,475.120000,651.490000,491.230000
NaN,NaN,560.100000,474.120000,651.910000,491.320000
NaN,NaN,560.100000,474.420000,651.980000,491.340000
NaN,NaN,560.030000,474.320000,651.990000,491.330000
NaN,NaN,559.980000,474.240000,651.980000,491.380000
NaN,NaN,559.890000,474.200000,651.990000,491.420000
NaN,NaN,559.840000,474.150000,651.980000,491.390000
NaN,NaN,559.790000,474.080000,651.980000,491.410000
NaN,NaN,559.720000,474.030000,652.040000,491.390000
NaN,NaN,559.670000,473.990000,652.000000,491.330000
NaN,NaN,559.590000,473.950000,651.990000,491.350000
NaN,NaN,559.500000,473.900000,652.060000,491.380000
NaN,NaN,559.230000,473.890000,652.050000,491.340000
NaN,NaN,559.180000,473.840000,652.050000,491.370000
NaN,NaN,559.130000,473.810000,652.060000,491.390000
NaN,NaN,559.050000,473.760000,652.090000,491.290000
NaN,NaN,559.010000,473.700000,652.130000,491.270000
NaN,NaN,558.980000,473.610000,652.060000,491.250000
NaN,NaN,558.940000,473.570000,652.080000,491.290000
NaN,NaN,558.940000,473.560000,652.080000,491.300000
NaN,NaN,558.860000,473.380000,652.140000,491.330000
NaN,NaN,558.730000,472.820000,652.150000,491.290000
NaN,NaN,558.750000,472.500000,652.140000,491.370000
NaN,NaN,558.500000,472.170000,652.080000,491.320000
NaN,NaN,558.020000,471.720000,652.140000,491.310000
NaN,NaN,557.760000,471.070000,652.140000,491.280000
NaN,NaN,557.310000,470.690000,652.110000,491.310000
NaN,NaN,557.260000,470.590000,652.190000,491.300000
NaN,NaN,557.230000,470.440000,652.220000,491.290000
NaN,NaN,557.180000,470.370000,652.180000,491.240000
NaN,NaN,557.120000,470.260000,652.150000,491.390000
NaN,NaN,557.050000,470.190000,652.120000,491.270000
NaN,NaN,556.990000,470.170000,652.150000,491.260000
NaN,NaN,556.950000,470.040000,652.190000,491.220000
NaN,NaN,556.860000,469.970000,652.180000,491.220000
NaN,NaN,556.700000,469.950000,652.140000,491.230000
NaN,NaN,556.710000,469.900000,652.110000,491.200000
NaN,NaN,556.600000,469.780000,652.040000,491.140000
NaN,NaN,556.530000,469.700000,652.070000,491.180000
NaN,NaN,556.200000,469.490000,652.110000,491.210000
NaN,NaN,556.090000,469.070000,652.060000,491.210000
NaN,NaN,555.970000,469.060000,651.980000,491.180000
NaN,NaN,555.920000,469.030000,652.030000,491.180000
NaN,NaN,555.840000,468.970000,652.070000,491.170000
NaN,NaN,555.780000,468.930000,652.020000,491.170000
NaN,NaN,555.510000,468.770000,651.990000,491.140000
NaN,NaN,555.240000,468.650000,652.050000,491.160000
NaN,NaN,555.160000,468.550000,652.120000,491.190000
NaN,NaN,554.950000,468.060000,652.060000,491.190000
NaN,NaN,554.920000,467.970000,652.110000,491.180000
NaN,NaN,554.740000,467.910000,652.030000,491.150000
NaN,NaN,554.650000,467.660000,652.020000,491.110000
NaN,NaN,554.460000,467.060000,652.060000,491.170000
NaN,NaN,554.110000,467.110000,652.060000,491.140000
NaN,NaN,554.050000,466.980000,652.090000,491.140000
NaN,NaN,553.850000,466.950000,652.070000,491.190000
NaN,NaN,553.670000,466.820000,652.050000,491.170000
NaN,NaN,553.540000,466.730000,651.990000,491.110000
NaN,NaN,553.370000,466.610000,652.080000,491.200000
NaN,NaN,553.210000,466.230000,652.140000,491.300000
NaN,NaN,553.140000,466.140000,652.330000,491.320000
NaN,NaN,553.040000,466.110000,652.270000,491.270000
NaN,NaN,553.000000,466.010000,652.170000,491.210000
NaN,NaN,552.900000,465.970000,652.230000,491.200000
NaN,NaN,552.870000,465.930000,652.260000,491.210000
NaN,NaN,552.780000,465.910000,652.310000,491.270000
NaN,NaN,552.690000,465.840000,652.260000,491.270000
NaN,NaN,552.630000,465.830000,652.260000,491.330000
NaN,NaN,552.500000,465.710000,652.160000,491.290000
NaN,NaN,552.300000,465.700000,652.090000,491.250000
NaN,NaN,552.260000,465.620000,652.190000,491.280000
NaN,NaN,552.130000,465.640000,652.070000,491.260000
NaN,NaN,552.080000,465.550000,652.100000,491.330000
NaN,NaN,552.000000,465.100000,652.080000,491.280000
NaN,NaN,551.930000,464.990000,652.090000,491.230000
NaN,NaN,551.870000,464.870000,652.040000,491.390000
NaN,NaN,551.840000,464.820000,652.270000,491.840000
NaN,NaN,551.760000,464.660000,652.340000,491.850000
NaN,NaN,551.510000,463.000000,652.370000,491.800000
NaN,NaN,551.370000,463.000000,652.350000,491.830000
NaN,NaN,551.340000,463.070000,652.420000,491.800000
NaN,NaN,551.220000,463.020000,652.380000,491.810000
NaN,NaN,551.060000,462.990000,652.410000,491.830000
NaN,NaN,551.020000,462.950000,652.390000,491.770000
NaN,NaN,550.960000,462.930000,652.350000,491.810000
NaN,NaN,550.860000,462.890000,652.240000,491.780000
NaN,NaN,550.780000,462.820000,652.330000,491.870000
NaN,NaN,550.750000,462.760000,652.320000,491.840000
NaN,NaN,550.650000,462.750000,652.630000,492.040000
NaN,NaN,550.590000,462.730000,652.920000,492.110000
NaN,NaN,550.400000,462.730000,652.840000,492.130000
NaN,NaN,550.390000,462.680000,652.820000,492.040000
NaN,NaN,550.340000,462.600000,652.840000,492.040000
NaN,NaN,550.260000,462.580000,652.890000,492.080000
NaN,NaN,550.190000,462.560000,652.890000,492.030000
NaN,NaN,550.100000,462.500000,652.880000,492.100000
NaN,NaN,550.060000,462.120000,652.900000,492.140000
NaN,NaN,550.010000,462.070000,652.890000,492.160000
NaN,NaN,549.880000,462.030000,652.940000,492.180000
NaN,NaN,549.840000,461.970000,652.920000,492.090000
NaN,NaN,549.740000,461.960000,652.960000,492.110000
NaN,NaN,549.680000,461.940000,652.950000,492.030000
NaN,NaN,549.580000,461.910000,652.920000,492.030000
NaN,NaN,549.620000,461.860000,652.940000,492.060000
NaN,NaN,549.540000,461.850000,652.940000,492.050000
NaN,NaN,549.460000,461.860000,652.990000,492.280000
NaN,NaN,549.400000,461.790000,652.970000,492.200000
NaN,NaN,549.300000,461.760000,652.990000,492.130000
NaN,NaN,549.290000,461.790000,653.030000,492.280000
NaN,NaN,549.230000,461.750000,652.950000,492.200000
NaN,NaN,549.210000,461.710000,652.920000,492.130000
NaN,NaN,549.190000,461.670000,652.890000,492.120000
NaN,NaN,549.080000,461.640000,652.950000,492.280000
NaN,NaN,549.060000,461.590000,652.840000,492.000000
NaN,NaN,549.020000,461.550000,652.910000,492.060000
NaN,NaN,548.950000,461.460000,652.810000,492.020000
NaN,NaN,548.850000,460.680000,652.940000,492.040000
NaN,NaN,548.830000,459.930000,653.010000,492.050000
NaN,NaN,548.850000,459.620000,652.970000,492.070000
NaN,NaN,548.840000,459.600000,653.010000,492.040000
NaN,NaN,548.640000,459.910000,653.180000,492.260000
NaN,NaN,548.650000,459.920000,653.030000,492.030000
NaN,NaN,548.650000,459.820000,652.980000,491.980000
NaN,NaN,548.700000,459.750000,652.960000,491.820000
NaN,NaN,548.620000,459.720000,652.990000,491.940000
NaN,NaN,548.510000,459.770000,653.020000,492.030000
NaN,NaN,548.500000,459.740000,653.090000,492.090000
NaN,NaN,548.430000,459.760000,653.000000,491.950000
NaN,NaN,548.350000,459.770000,653.100000,491.930000
NaN,NaN,548.310000,459.770000,653.140000,491.940000
NaN,NaN,548.320000,459.750000,653.060000,491.930000
NaN,NaN,548.240000,459.760000,652.980000,491.920000
NaN,NaN,548.210000,459.740000,653.050000,492.010000
NaN,NaN,548.140000,459.710000,652.950000,491.810000
NaN,NaN,548.060000,459.760000,653.040000,491.910000
NaN,NaN,548.080000,459.670000,653.040000,492.130000
NaN,NaN,548.030000,459.690000,653.070000,491.940000
NaN,NaN,548.000000,459.700000,652.970000,491.970000
NaN,NaN,547.970000,459.690000,653.030000,491.940000
NaN,NaN,547.940000,459.740000,652.970000,491.980000
NaN,NaN,547.960000,459.710000,652.930000,491.930000
NaN,NaN,547.900000,459.710000,652.970000,491.950000
NaN,NaN,547.900000,459.700000,653.010000,492.000000
NaN,NaN,547.920000,459.590000,652.940000,491.970000
NaN,NaN,547.840000,459.640000,653.060000,492.030000
NaN,NaN,547.790000,459.680000,653.100000,492.120000
NaN,NaN,547.780000,459.680000,653.140000,492.040000
NaN,NaN,547.760000,459.690000,653.070000,492.090000
NaN,NaN,547.730000,459.680000,653.120000,492.200000
NaN,NaN,547.720000,459.690000,653.030000,492.260000
NaN,NaN,547.700000,459.770000,653.260000,492.390000
NaN,NaN,547.640000,459.750000,653.350000,492.990000
NaN,NaN,547.590000,459.760000,653.390000,493.020000
NaN,NaN,547.620000,459.740000,653.340000,492.960000
NaN,NaN,547.540000,459.750000,653.350000,492.860000
NaN,NaN,547.370000,459.770000,653.310000,492.850000
NaN,NaN,547.400000,459.760000,653.270000,492.900000
NaN,NaN,547.370000,459.760000,653.290000,492.920000
NaN,NaN,547.350000,459.780000,653.270000,492.950000
NaN,NaN,547.300000,459.770000,653.280000,492.940000
NaN,NaN,547.260000,459.800000,653.220000,492.910000
NaN,NaN,547.210000,459.820000,653.210000,492.940000
NaN,NaN,547.250000,459.790000,653.290000,492.960000
NaN,NaN,547.260000,459.770000,653.270000,492.990000
NaN,NaN,547.180000,459.790000,653.260000,492.950000
NaN,NaN,547.140000,459.800000,653.290000,492.990000
NaN,NaN,547.160000,459.800000,653.250000,492.960000
NaN,NaN,547.110000,459.800000,653.150000,492.960000
NaN,NaN,547.060000,459.840000,653.150000,493.030000
NaN,NaN,547.090000,459.830000,653.160000,493.010000
NaN,NaN,547.100000,459.820000,653.170000,493.010000
NaN,NaN,547.050000,459.830000,653.310000,493.110000
NaN,NaN,547.050000,459.830000,653.340000,493.110000
NaN,NaN,547.050000,459.830000,653.360000,493.170000
NaN,NaN,546.990000,459.870000,653.280000,493.050000
NaN,NaN,546.990000,459.840000,653.300000,493.140000
NaN,NaN,546.990000,459.830000,653.230000,493.030000
NaN,NaN,546.990000,459.830000,653.240000,493.040000
NaN,NaN,546.940000,459.840000,653.170000,493.040000
NaN,NaN,546.920000,459.850000,653.190000,492.970000
NaN,NaN,546.920000,459.880000,653.290000,493.020000
NaN,NaN,546.940000,459.860000,653.200000,493.020000
NaN,NaN,546.910000,459.880000,653.280000,492.990000
NaN,NaN,546.910000,459.880000,653.300000,493.030000
NaN,NaN,546.870000,459.870000,653.290000,493.060000
NaN,NaN,546.810000,459.890000,653.410000,493.050000
NaN,NaN,546.820000,459.870000,653.910000,493.030000
NaN,NaN,546.800000,459.880000,653.840000,493.100000
NaN,NaN,546.780000,459.880000,653.820000,493.060000
NaN,NaN,546.780000,459.880000,653.770000,493.080000
NaN,NaN,546.730000,459.900000,653.850000,493.140000
NaN,NaN,546.730000,459.890000,653.790000,493.060000
NaN,NaN,546.770000,459.890000,653.810000,493.030000
NaN,NaN,546.740000,459.910000,653.850000,493.080000
NaN,NaN,546.790000,459.880000,653.830000,493.150000
NaN,NaN,546.740000,459.910000,653.920000,493.160000
NaN,NaN,546.680000,459.920000,653.940000,493.270000
NaN,NaN,546.680000,459.900000,653.950000,493.180000
NaN,NaN,546.650000,459.880000,653.980000,493.450000
NaN,NaN,546.690000,459.880000,654.030000,494.040000
NaN,NaN,546.600000,459.900000,654.110000,494.780000
NaN,NaN,546.570000,459.900000,654.280000,494.800000
NaN,NaN,546.520000,459.930000,654.220000,494.780000
NaN,NaN,546.270000,459.970000,654.250000,494.880000
NaN,NaN,546.220000,459.960000,654.170000,494.910000
NaN,NaN,546.200000,459.980000,654.150000,494.800000
NaN,NaN,546.170000,459.980000,654.190000,494.630000
NaN,NaN,546.140000,459.980000,654.170000,493.980000
NaN,NaN,546.180000,459.990000,653.960000,493.260000
NaN,NaN,546.150000,459.990000,654.100000,493.380000
NaN,NaN,546.170000,459.990000,653.960000,493.260000
NaN,NaN,546.110000,459.980000,653.990000,493.200000
NaN,NaN,546.110000,460.010000,654.090000,493.510000
NaN,NaN,546.130000,459.990000,654.160000,493.920000
NaN,NaN,546.140000,459.980000,654.170000,493.930000
NaN,NaN,546.050000,459.990000,654.140000,494.000000
NaN,NaN,546.050000,459.990000,654.210000,493.950000
NaN,NaN,546.020000,460.000000,654.320000,493.840000
NaN,NaN,546.030000,460.000000,654.240000,493.750000
NaN,NaN,545.980000,460.000000,654.180000,493.930000
NaN,NaN,546.000000,460.000000,654.270000,493.990000
NaN,NaN,545.970000,459.990000,654.140000,493.890000
NaN,NaN,545.920000,459.990000,654.150000,493.760000
NaN,NaN,545.940000,459.990000,654.250000,493.810000
NaN,NaN,545.910000,460.010000,654.150000,493.490000
NaN,NaN,545.930000,459.950000,654.010000,493.050000
NaN,NaN,545.880000,459.980000,653.980000,493.130000
NaN,NaN,545.850000,459.980000,654.080000,493.200000
NaN,NaN,545.810000,459.990000,654.100000,493.320000
NaN,NaN,545.790000,459.990000,654.140000,493.360000
NaN,NaN,545.780000,459.980000,654.110000,493.390000
NaN,NaN,545.730000,459.970000,654.100000,493.350000
NaN,NaN,545.780000,459.950000,654.090000,493.220000
NaN,NaN,545.810000,459.940000,654.110000,493.320000
NaN,NaN,545.700000,460.000000,654.170000,493.400000
NaN,NaN,545.710000,459.980000,654.140000,493.290000
NaN,NaN,545.740000,459.970000,654.090000,493.240000
NaN,NaN,545.730000,459.960000,654.160000,493.200000
NaN,NaN,545.720000,459.960000,654.210000,493.220000
NaN,NaN,545.720000,459.980000,654.150000,493.340000
NaN,NaN,545.730000,460.000000,654.300000,493.330000
NaN,NaN,545.640000,460.010000,654.190000,493.250000
NaN,NaN,545.630000,460.030000,654.270000,493.330000
NaN,NaN,545.540000,460.040000,654.350000,493.340000
NaN,NaN,545.250000,460.060000,654.310000,493.340000
NaN,NaN,545.210000,460.070000,654.330000,493.420000
NaN,NaN,545.170000,460.090000,654.340000,493.340000
NaN,NaN,545.090000,460.100000,654.380000,493.440000
NaN,NaN,545.110000,460.100000,654.470000,494.070000
NaN,NaN,545.180000,460.080000,654.910000,494.600000
NaN,NaN,545.110000,460.050000,654.950000,494.620000
NaN,NaN,545.050000,460.070000,654.920000,494.640000
NaN,NaN,545.040000,460.070000,654.960000,494.660000
NaN,NaN,545.110000,460.050000,654.900000,494.720000
NaN,NaN,545.130000,460.050000,654.980000,494.780000
NaN,NaN,545.070000,460.050000,654.870000,494.790000
NaN,NaN,545.000000,460.080000,654.850000,494.820000
NaN,NaN,544.990000,460.060000,654.970000,494.780000
NaN,NaN,544.940000,460.060000,655.020000,494.840000
NaN,NaN,544.990000,460.030000,654.980000,494.760000
NaN,NaN,544.960000,460.060000,654.960000,494.760000
NaN,NaN,544.930000,460.070000,655.040000,494.840000
NaN,NaN,544.900000,460.080000,655.070000,494.870000
NaN,NaN,544.900000,460.050000,655.050000,494.770000
NaN,NaN,544.870000,460.050000,655.070000,494.860000
NaN,NaN,544.890000,460.030000,655.010000,494.790000
NaN,NaN,544.880000,460.070000,655.070000,494.820000
NaN,NaN,544.820000,460.080000,655.110000,494.840000
NaN,NaN,544.740000,460.090000,655.110000,494.870000
NaN,NaN,544.730000,460.090000,655.060000,494.800000
NaN,NaN,544.850000,460.080000,655.140000,494.900000
NaN,NaN,544.790000,460.120000,655.100000,494.880000
NaN,NaN,544.840000,460.080000,655.030000,494.860000
NaN,NaN,544.820000,460.110000,655.120000,494.910000
NaN,NaN,544.770000,460.120000,655.130000,494.680000
NaN,NaN,544.750000,460.100000,655.070000,494.740000
NaN,NaN,544.740000,460.130000,655.110000,494.770000
NaN,NaN,544.750000,460.120000,655.170000,494.670000
NaN,NaN,544.760000,460.130000,655.210000,494.810000
NaN,NaN,544.830000,460.130000,655.180000,494.780000
NaN,NaN,544.830000,460.100000,655.110000,494.830000
NaN,NaN,544.770000,460.100000,655.140000,494.800000
NaN,NaN,544.740000,460.110000,655.230000,494.820000
NaN,NaN,544.720000,460.070000,655.220000,494.650000
NaN,NaN,544.740000,460.100000,655.270000,494.720000
NaN,NaN,544.660000,460.080000,655.410000,494.770000
NaN,NaN,544.690000,460.060000,655.730000,494.710000
NaN,NaN,544.580000,460.130000,655.740000,494.810000
NaN,NaN,544.230000,460.060000,655.800000,494.790000
NaN,NaN,544.210000,460.070000,655.770000,494.790000
NaN,NaN,544.230000,460.130000,655.800000,494.800000
NaN,NaN,544.160000,460.100000,655.810000,494.810000
NaN,NaN,544.200000,460.070000,655.840000,494.650000
NaN,NaN,544.190000,460.100000,655.920000,494.790000
NaN,NaN,544.240000,460.090000,655.860000,494.740000
NaN,NaN,544.190000,460.050000,655.840000,494.780000
NaN,NaN,544.170000,460.060000,655.910000,494.810000
NaN,NaN,544.150000,460.050000,655.860000,494.870000
NaN,NaN,544.110000,460.100000,655.900000,494.920000
NaN,NaN,544.060000,460.080000,655.910000,494.840000
NaN,NaN,544.030000,460.080000,655.880000,494.810000
NaN,NaN,544.050000,460.090000,655.930000,494.820000
NaN,NaN,544.000000,460.080000,655.940000,494.770000
NaN,NaN,543.990000,460.100000,655.960000,494.700000
NaN,NaN,NaN,NaN,655.960000,494.730000
NaN,NaN,NaN,NaN,655.850000,494.760000
NaN,NaN,NaN,NaN,655.910000,494.770000
NaN,NaN,NaN,NaN,655.940000,494.850000
NaN,NaN,NaN,NaN,655.980000,494.780000
NaN,NaN,NaN,NaN,656.030000,494.840000
NaN,NaN,NaN,NaN,656.010000,494.820000
NaN,NaN,NaN,NaN,656.050000,494.850000
NaN,NaN,NaN,NaN,656.010000,494.880000
NaN,NaN,NaN,NaN,655.779018,494.859779
NaN,NaN,NaN,NaN,656.010000,495.030000
NaN,NaN,NaN,NaN,656.010000,494.990000
NaN,NaN,NaN,NaN,656.030000,495.010000
NaN,NaN,NaN,NaN,656.030000,495.010000
NaN,NaN,NaN,NaN,656.020000,495.020000
NaN,NaN,NaN,NaN,656.050000,495.010000
NaN,NaN,NaN,NaN,656.030000,495.010000
NaN,NaN,NaN,NaN,656.040000,495.030000
NaN,NaN,NaN,NaN,656.040000,495.010000
NaN,NaN,NaN,NaN,656.060000,495.000000
NaN,NaN,NaN,NaN,656.070000,495.010000
NaN,NaN,NaN,NaN,656.100000,495.010000
NaN,NaN,NaN,NaN,656.130000,495.010000
NaN,NaN,NaN,NaN,656.100000,495.050000
NaN,NaN,NaN,NaN,656.160000,495.020000
NaN,NaN,NaN,NaN,656.130000,495.020000
NaN,NaN,NaN,NaN,656.150000,495.050000
NaN,NaN,NaN,NaN,656.140000,495.020000
NaN,NaN,NaN,NaN,656.160000,495.020000
NaN,NaN,NaN,NaN,656.230000,495.040000
NaN,NaN,NaN,NaN,656.200000,495.050000
NaN,NaN,NaN,NaN,656.180000,495.070000
NaN,NaN,NaN,NaN,656.200000,495.080000
NaN,NaN,NaN,NaN,656.220000,495.130000
NaN,NaN,NaN,NaN,656.220000,495.120000
NaN,NaN,NaN,NaN,656.220000,495.140000
NaN,NaN,NaN,NaN,656.260000,495.130000
NaN,NaN,NaN,NaN,656.240000,495.140000
NaN,NaN,NaN,NaN,656.240000,495.120000
NaN,NaN,NaN,NaN,656.240000,495.120000
NaN,NaN,NaN,NaN,656.240000,495.110000
NaN,NaN,NaN,NaN,656.270000,495.070000
NaN,NaN,NaN,NaN,656.290000,495.090000
NaN,NaN,NaN,NaN,656.300000,495.100000
NaN,NaN,NaN,NaN,656.340000,495.100000
NaN,NaN,NaN,NaN,656.330000,495.100000
NaN,NaN,NaN,NaN,656.330000,495.060000
NaN,NaN,NaN,NaN,656.320000,495.100000
NaN,NaN,NaN,NaN,656.350000,495.100000
NaN,NaN,NaN,NaN,656.380000,495.130000
NaN,NaN,NaN,NaN,656.460000,495.120000
NaN,NaN,NaN,NaN,656.660000,495.130000
NaN,NaN,NaN,NaN,656.700000,495.120000
NaN,NaN,NaN,NaN,656.650000,495.130000
NaN,NaN,NaN,NaN,656.670000,495.160000
NaN,NaN,NaN,NaN,656.710000,495.140000
NaN,NaN,NaN,NaN,656.680000,495.180000
NaN,NaN,NaN,NaN,656.650000,495.160000
NaN,NaN,NaN,NaN,656.610000,495.170000
NaN,NaN,NaN,NaN,656.570000,495.140000
NaN,NaN,NaN,NaN,656.540000,495.170000
NaN,NaN,NaN,NaN,656.630000,495.210000
NaN,NaN,NaN,NaN,656.700000,495.220000
NaN,NaN,NaN,NaN,656.640000,495.170000
NaN,NaN,NaN,NaN,656.590000,495.180000
NaN,NaN,NaN,NaN,656.690000,495.240000
NaN,NaN,NaN,NaN,656.770000,495.200000
NaN,NaN,NaN,NaN,656.800000,495.230000
NaN,NaN,NaN,NaN,656.810000,495.240000
NaN,NaN,NaN,NaN,656.800000,495.210000
NaN,NaN,NaN,NaN,656.830000,495.240000
NaN,NaN,NaN,NaN,656.870000,495.160000
NaN,NaN,NaN,NaN,656.900000,495.190000
NaN,NaN,NaN,NaN,656.960000,495.210000
NaN,NaN,NaN,NaN,656.940000,495.210000
NaN,NaN,NaN,NaN,656.910000,495.150000
NaN,NaN,NaN,NaN,656.890000,495.160000
NaN,NaN,NaN,NaN,656.920000,495.140000
NaN,NaN,NaN,NaN,656.910000,495.140000
NaN,NaN,NaN,NaN,656.870000,495.110000
NaN,NaN,NaN,NaN,656.940000,495.150000
NaN,NaN,NaN,NaN,656.900000,495.120000
NaN,NaN,NaN,NaN,656.850000,495.100000
NaN,NaN,NaN,NaN,656.930000,495.110000
NaN,NaN,NaN,NaN,656.930000,495.100000
NaN,NaN,NaN,NaN,656.830000,495.080000
NaN,NaN,NaN,NaN,656.820000,495.100000
NaN,NaN,NaN,NaN,656.930000,495.100000
NaN,NaN,NaN,NaN,656.930000,495.050000
NaN,NaN,NaN,NaN,656.870000,495.040000
NaN,NaN,NaN,NaN,656.870000,495.070000
NaN,NaN,NaN,NaN,656.860000,495.030000
NaN,NaN,NaN,NaN,656.900000,495.040000
NaN,NaN,NaN,NaN,656.920000,495.050000
NaN,NaN,NaN,NaN,656.840000,495.010000
NaN,NaN,NaN,NaN,656.820000,495.000000
NaN,NaN,NaN,NaN,656.810000,495.010000
NaN,NaN,NaN,NaN,656.940000,494.990000
NaN,NaN,NaN,NaN,656.900000,495.020000
NaN,NaN,NaN,NaN,656.920000,494.990000
NaN,NaN,NaN,NaN,656.860000,495.020000
NaN,NaN,NaN,NaN,656.950000,494.960000
NaN,NaN,NaN,NaN,656.870000,494.960000
NaN,NaN,NaN,NaN,656.910000,494.960000
NaN,NaN,NaN,NaN,656.920000,494.930000
NaN,NaN,NaN,NaN,656.830000,494.970000
NaN,NaN,NaN,NaN,656.870000,494.980000
NaN,NaN,NaN,NaN,656.820000,494.980000
